ISO-10303-21;
HEADER;
FILE_DESCRIPTION (( 'STEP AP214' ),
    '1' );
FILE_NAME ('57步进支架3D图.STEP',
    '2024-06-18T03:00:21',
    ( '' ),
    ( '' ),
    'SwSTEP 2.0',
    'SolidWorks 2018',
    '' );
FILE_SCHEMA (( 'AUTOMOTIVE_DESIGN' ));
ENDSEC;

DATA;
#1 = CARTESIAN_POINT ( 'NONE',  ( 160.7226996524589993, 31.17073774999909830, -3.485024875625820417 ) ) ;
#2 = ORIENTED_EDGE ( 'NONE', *, *, #2414, .F. ) ;
#3 = ORIENTED_EDGE ( 'NONE', *, *, #2214, .F. ) ;
#4 = ORIENTED_EDGE ( 'NONE', *, *, #3559, .T. ) ;
#5 = CARTESIAN_POINT ( 'NONE',  ( 120.7089750124219734, -26.35871799150395134, -48.76682844677697659 ) ) ;
#6 = EDGE_CURVE ( 'NONE', #1803, #3845, #540, .T. ) ;
#7 = CARTESIAN_POINT ( 'NONE',  ( 120.3942725277129995, -26.40177183963159990, -48.82782904339650543 ) ) ;
#8 = CARTESIAN_POINT ( 'NONE',  ( 155.2370161295350215, 32.01072251275289915, -6.756520594324109119 ) ) ;
#9 = PLANE ( 'NONE',  #3060 ) ;
#10 = EDGE_LOOP ( 'NONE', ( #1671 ) ) ;
#11 = CARTESIAN_POINT ( 'NONE',  ( 115.7514849180260086, 21.11010059621239776, -46.45044449451139457 ) ) ;
#12 = CARTESIAN_POINT ( 'NONE',  ( 155.1644350462889861, -32.93067260667869789, 1.185312693931650063 ) ) ;
#13 = DIRECTION ( 'NONE',  ( 0.000000000000000000, -1.000000000000000000, 0.000000000000000000 ) ) ;
#14 = ORIENTED_EDGE ( 'NONE', *, *, #3011, .F. ) ;
#15 = CIRCLE ( 'NONE', #2770, 6.999999999999999112 ) ;
#16 = ADVANCED_FACE ( 'NONE', ( #3279 ), #2436, .F. ) ;
#17 = ORIENTED_EDGE ( 'NONE', *, *, #2894, .F. ) ;
#18 = CIRCLE ( 'NONE', #778, 5.999999999999998224 ) ;
#19 = CYLINDRICAL_SURFACE ( 'NONE', #3843, 1.000000000000000000 ) ;
#20 = CARTESIAN_POINT ( 'NONE',  ( 116.3942725277129995, -23.73466953933320056, -46.45044449451139457 ) ) ;
#21 = CARTESIAN_POINT ( 'NONE',  ( 122.3942725277129995, -50.92926225000089602, 2.014975124374189797 ) ) ;
#22 = AXIS2_PLACEMENT_3D ( 'NONE', #1038, #3393, #761 ) ;
#23 = CARTESIAN_POINT ( 'NONE',  ( 155.8613101201289339, -34.78567469854055361, -5.502679969956895789 ) ) ;
#24 = CARTESIAN_POINT ( 'NONE',  ( 123.3942725277129995, 33.07073774999909688, -14.98502487562580043 ) ) ;
#25 = DIRECTION ( 'NONE',  ( 0.9999619230641714207, 0.000000000000000000, 0.008726535498373723040 ) ) ;
#26 = FACE_OUTER_BOUND ( 'NONE', #2785, .T. ) ;
#27 = EDGE_CURVE ( 'NONE', #1792, #1700, #3243, .T. ) ;
#28 = EDGE_CURVE ( 'NONE', #247, #1242, #3149, .T. ) ;
#29 = EDGE_LOOP ( 'NONE', ( #3797, #412, #2688, #568 ) ) ;
#30 = EDGE_CURVE ( 'NONE', #1804, #3201, #3766, .T. ) ;
#31 = EDGE_LOOP ( 'NONE', ( #1398, #3375, #2284, #212 ) ) ;
#32 = CARTESIAN_POINT ( 'NONE',  ( 177.8942725277130137, -25.02926225000089744, 1.014975124374190019 ) ) ;
#33 = EDGE_CURVE ( 'NONE', #3238, #1163, #2258, .T. ) ;
#34 = CARTESIAN_POINT ( 'NONE',  ( 120.8756634449199936, -27.92926225000089957, -48.98502487562579688 ) ) ;
#35 = CARTESIAN_POINT ( 'NONE',  ( 121.2697261707690330, -26.08675976840657640, -48.76189977213776672 ) ) ;
#36 = DIRECTION ( 'NONE',  ( 0.000000000000000000, 0.000000000000000000, 1.000000000000000000 ) ) ;
#37 = EDGE_LOOP ( 'NONE', ( #1318, #904, #929, #476 ) ) ;
#38 = CARTESIAN_POINT ( 'NONE',  ( 116.3942725277129995, -12.92926225000090135, -22.98502487562580043 ) ) ;
#39 = TOROIDAL_SURFACE ( 'NONE', #2969, 15.00000000000000000, 1.000000000000000000 ) ;
#40 = EDGE_LOOP ( 'NONE', ( #876 ) ) ;
#41 = FACE_OUTER_BOUND ( 'NONE', #2702, .T. ) ;
#42 = AXIS2_PLACEMENT_3D ( 'NONE', #3171, #633, #1227 ) ;
#43 = ORIENTED_EDGE ( 'NONE', *, *, #3334, .F. ) ;
#44 =( BOUNDED_CURVE ( )  B_SPLINE_CURVE ( 3, ( #1968, #2249, #201, #3439 ),
 .UNSPECIFIED., .F., .F. ) 
 B_SPLINE_CURVE_WITH_KNOTS ( ( 4, 4 ),
 ( 0.7671434147529441194, 1.552579654361895267 ),
 .UNSPECIFIED. ) 
 CURVE ( )  GEOMETRIC_REPRESENTATION_ITEM ( )  RATIONAL_B_SPLINE_CURVE ( ( 1.000000000000000000, 0.9492481645174685179, 0.9492481645174685179, 1.000000000000000000 ) ) 
 REPRESENTATION_ITEM ( '' )  );
#45 = VECTOR ( 'NONE', #2705, 1000.000000000000000 ) ;
#46 = CARTESIAN_POINT ( 'NONE',  ( 158.9348091246087051, 30.13020115310313329, -4.074060012323176494 ) ) ;
#47 = DIRECTION ( 'NONE',  ( 0.000000000000000000, 0.000000000000000000, -1.000000000000000000 ) ) ;
#48 = CARTESIAN_POINT ( 'NONE',  ( 121.4496638357740323, -26.58158834716897090, -48.88767752402670652 ) ) ;
#49 = VERTEX_POINT ( 'NONE', #2188 ) ;
#50 = CARTESIAN_POINT ( 'NONE',  ( 122.3942725277129995, 41.07073774999910398, -47.98502487562579688 ) ) ;
#51 = CARTESIAN_POINT ( 'NONE',  ( 115.3942725277129995, 48.07073774999909688, -40.98502487562579688 ) ) ;
#52 = EDGE_CURVE ( 'NONE', #3573, #3811, #3606, .T. ) ;
#53 = VERTEX_POINT ( 'NONE', #2486 ) ;
#54 = EDGE_LOOP ( 'NONE', ( #1027, #3065, #2604, #2510 ) ) ;
#55 = CARTESIAN_POINT ( 'NONE',  ( 122.3942725277129995, -34.92926225000089602, -14.98502487562580043 ) ) ;
#56 = AXIS2_PLACEMENT_3D ( 'NONE', #817, #3824, #496 ) ;
#57 = DIRECTION ( 'NONE',  ( 8.068481283613059492E-17, 1.000000000000000000, 1.008560160451650001E-17 ) ) ;
#58 = ORIENTED_EDGE ( 'NONE', *, *, #1494, .T. ) ;
#59 = CARTESIAN_POINT ( 'NONE',  ( 115.3948106679235650, -30.28749210812510739, 0.04889072892402679393 ) ) ;
#60 = VERTEX_POINT ( 'NONE', #123 ) ;
#61 = VERTEX_POINT ( 'NONE', #1340 ) ;
#62 = DIRECTION ( 'NONE',  ( 0.000000000000000000, -1.000000000000000000, 0.000000000000000000 ) ) ;
#64 = CARTESIAN_POINT ( 'NONE',  ( 116.3942725277129995, -50.92926225000089602, 2.014975124374189797 ) ) ;
#63 = VECTOR ( 'NONE', #2552, 1000.000000000000000 ) ;
#65 = FACE_OUTER_BOUND ( 'NONE', #145, .T. ) ;
#66 = FACE_OUTER_BOUND ( 'NONE', #2062, .T. ) ;
#67 = VECTOR ( 'NONE', #3346, 1000.000000000000000 ) ;
#68 = ADVANCED_FACE ( 'NONE', ( #1876 ), #449, .T. ) ;
#69 = DIRECTION ( 'NONE',  ( 0.000000000000000000, 0.000000000000000000, 1.000000000000000000 ) ) ;
#70 = EDGE_LOOP ( 'NONE', ( #229, #2412, #232, #2452 ) ) ;
#71 = ORIENTED_EDGE ( 'NONE', *, *, #349, .T. ) ;
#72 = CARTESIAN_POINT ( 'NONE',  ( 122.6540212057925459, -34.92904192582462741, 0.9897284744422892855 ) ) ;
#73 = VECTOR ( 'NONE', #2883, 1000.000000000000000 ) ;
#74 = CARTESIAN_POINT ( 'NONE',  ( 115.5683912627982295, -30.93549031294981333, 0.5843401365086793309 ) ) ;
#75 = AXIS2_PLACEMENT_3D ( 'NONE', #1701, #1133, #3486 ) ;
#76 = CARTESIAN_POINT ( 'NONE',  ( 130.2242725277129978, 22.64073774999900124, -4.485024875625809315 ) ) ;
#77 = CARTESIAN_POINT ( 'NONE',  ( 115.3942725277130137, -23.43415334676412698, 1.014975124374167592 ) ) ;
#78 = DIRECTION ( 'NONE',  ( 1.000000000000000000, 0.000000000000000000, 0.000000000000000000 ) ) ;
#79 = VERTEX_POINT ( 'NONE', #718 ) ;
#80 = DIRECTION ( 'NONE',  ( 0.000000000000000000, 0.000000000000000000, -1.000000000000000000 ) ) ;
#81 = ORIENTED_EDGE ( 'NONE', *, *, #3613, .F. ) ;
#82 = CARTESIAN_POINT ( 'NONE',  ( 123.3942725277129995, -34.93920689196819751, 2.154518223450649916 ) ) ;
#83 = DIRECTION ( 'NONE',  ( 0.000000000000000000, 0.000000000000000000, 1.000000000000000000 ) ) ;
#84 = EDGE_CURVE ( 'NONE', #1055, #3175, #3515, .T. ) ;
#85 = CARTESIAN_POINT ( 'NONE',  ( 123.8283461289920098, -33.12296465351950303, -22.07555251709960231 ) ) ;
#86 = EDGE_CURVE ( 'NONE', #3829, #1082, #3692, .T. ) ;
#87 = DIRECTION ( 'NONE',  ( 1.000000000000000000, 0.000000000000000000, 0.000000000000000000 ) ) ;
#88 = VECTOR ( 'NONE', #2102, 1000.000000000000000 ) ;
#89 = EDGE_CURVE ( 'NONE', #194, #2161, #2773, .T. ) ;
#90 = CARTESIAN_POINT ( 'NONE',  ( 116.3942725277129995, -31.02926225000100047, 1.014975124374190019 ) ) ;
#91 =( GEOMETRIC_REPRESENTATION_CONTEXT ( 3 ) GLOBAL_UNCERTAINTY_ASSIGNED_CONTEXT ( ( #2924 ) ) GLOBAL_UNIT_ASSIGNED_CONTEXT ( ( #843, #796, #3470 ) ) REPRESENTATION_CONTEXT ( 'NONE', 'WORKASPACE' ) );
#92 = ORIENTED_EDGE ( 'NONE', *, *, #1691, .F. ) ;
#93 = CIRCLE ( 'NONE', #56, 19.14999999999999858 ) ;
#94 = ADVANCED_FACE ( 'NONE', ( #1228 ), #1140, .T. ) ;
#95 = DIRECTION ( 'NONE',  ( 0.000000000000000000, 1.734723475976809806E-16, -1.000000000000000000 ) ) ;
#96 = ORIENTED_EDGE ( 'NONE', *, *, #3147, .F. ) ;
#97 = FACE_OUTER_BOUND ( 'NONE', #3479, .T. ) ;
#98 = CARTESIAN_POINT ( 'NONE',  ( 157.9103887986369728, 30.12627249855450273, -4.485024875625809315 ) ) ;
#99 = ORIENTED_EDGE ( 'NONE', *, *, #2766, .T. ) ;
#100 =( BOUNDED_SURFACE ( )  B_SPLINE_SURFACE ( 3, 2, ( 
 ( #3496, #244, #802 ),
 ( #2605, #2615, #529 ),
 ( #2027, #847, #3516 ),
 ( #2869, #1727, #2916 ) ),
 .UNSPECIFIED., .F., .F., .F. ) 
 B_SPLINE_SURFACE_WITH_KNOTS ( ( 4, 4 ),
 ( 3, 3 ),
 ( 0.000000000000000000, 1.000000000000000000 ),
 ( 0.000000000000000000, 1.000000000000000000 ),
 .UNSPECIFIED. ) 
 GEOMETRIC_REPRESENTATION_ITEM ( )  RATIONAL_B_SPLINE_SURFACE ( (
 ( 1.000000000000000000, 0.8643914905943190785, 1.000000000000000000),
 ( 1.000000000000000000, 0.8748541971421629482, 1.000000000000000000),
 ( 1.000000000000000000, 0.8843057546780660472, 1.000000000000000000),
 ( 1.000000000000000000, 0.8926845472340819709, 1.000000000000000000) ) ) 
 REPRESENTATION_ITEM ( '' )  SURFACE ( )  );
#101 = CARTESIAN_POINT ( 'NONE',  ( 120.8955624392351638, -26.34362332001890650, -48.67990662449096817 ) ) ;
#102 = ORIENTED_EDGE ( 'NONE', *, *, #2014, .T. ) ;
#103 = CARTESIAN_POINT ( 'NONE',  ( 122.3942725277129995, 33.07073774999909688, -14.98502487562580043 ) ) ;
#104 = ORIENTED_EDGE ( 'NONE', *, *, #556, .F. ) ;
#105 = DIRECTION ( 'NONE',  ( 0.000000000000000000, 0.000000000000000000, 1.000000000000000000 ) ) ;
#106 = CARTESIAN_POINT ( 'NONE',  ( 177.3642725277130126, -24.49926225000089985, -4.485024875625809315 ) ) ;
#107 = DIRECTION ( 'NONE',  ( 0.000000000000000000, 0.000000000000000000, -1.000000000000000000 ) ) ;
#108 = EDGE_CURVE ( 'NONE', #2896, #734, #2910, .T. ) ;
#109 = CARTESIAN_POINT ( 'NONE',  ( 120.5505483103529940, 25.03912241917339898, -48.93162629556159970 ) ) ;
#110 = ORIENTED_EDGE ( 'NONE', *, *, #1305, .T. ) ;
#111 = EDGE_CURVE ( 'NONE', #2781, #585, #2823, .T. ) ;
#112 = AXIS2_PLACEMENT_3D ( 'NONE', #3202, #1417, #3192 ) ;
#113 = CARTESIAN_POINT ( 'NONE',  ( 159.3084860900860065, 29.75652418762600249, 1.014975124374190019 ) ) ;
#114 = CARTESIAN_POINT ( 'NONE',  ( 120.7680096216892593, 25.72914388782474759, -48.98502487562578978 ) ) ;
#115 = ORIENTED_EDGE ( 'NONE', *, *, #1146, .F. ) ;
#116 = ADVANCED_FACE ( 'NONE', ( #495 ), #3430, .T. ) ;
#117 = CYLINDRICAL_SURFACE ( 'NONE', #2345, 1.000000000000000888 ) ;
#118 = CARTESIAN_POINT ( 'NONE',  ( 121.0713005016786639, -26.34075048950588993, -48.54447422365571185 ) ) ;
#119 = CARTESIAN_POINT ( 'NONE',  ( 123.3942725277129995, 30.07073774999890148, -48.57081131325271883 ) ) ;
#120 = VECTOR ( 'NONE', #779, 1000.000000000000114 ) ;
#121 = FACE_OUTER_BOUND ( 'NONE', #3788, .T. ) ;
#122 = CARTESIAN_POINT ( 'NONE',  ( 115.4930757762443818, 28.99664221019841648, 0.4496152448925420653 ) ) ;
#123 = CARTESIAN_POINT ( 'NONE',  ( 115.3942725277129995, -42.92926225000100260, -47.98502487562579688 ) ) ;
#124 = DIRECTION ( 'NONE',  ( 0.000000000000000000, 1.000000000000000000, 0.000000000000000000 ) ) ;
#125 = CARTESIAN_POINT ( 'NONE',  ( 123.3942725277129995, 49.07073774999910398, -48.98502487562579688 ) ) ;
#126 = DIRECTION ( 'NONE',  ( 0.8987874693249316982, -0.003825579047227698707, 0.4383679389844088448 ) ) ;
#127 = VERTEX_POINT ( 'NONE', #3741 ) ;
#128 = CARTESIAN_POINT ( 'NONE',  ( 115.3942725277129995, -34.92926225000089602, -14.98502487562580043 ) ) ;
#129 = LINE ( 'NONE', #2001, #2392 ) ;
#130 = CARTESIAN_POINT ( 'NONE',  ( 121.3942725277129995, 19.57073774999910043, -72.98502487562589636 ) ) ;
#131 = DIRECTION ( 'NONE',  ( 0.000000000000000000, -1.000000000000000000, 0.000000000000000000 ) ) ;
#132 = ORIENTED_EDGE ( 'NONE', *, *, #3427, .T. ) ;
#133 = VERTEX_POINT ( 'NONE', #3146 ) ;
#134 = ADVANCED_FACE ( 'NONE', ( #2108, #3558 ), #2587, .F. ) ;
#135 = PLANE ( 'NONE',  #752 ) ;
#136 = CARTESIAN_POINT ( 'NONE',  ( 157.6309925442640179, -31.97726002285009628, -4.485024875625819973 ) ) ;
#137 = DIRECTION ( 'NONE',  ( 0.000000000000000000, -1.000000000000000000, 0.000000000000000000 ) ) ;
#138 = DIRECTION ( 'NONE',  ( -1.000000000000000000, 0.000000000000000000, 0.000000000000000000 ) ) ;
#139 = ORIENTED_EDGE ( 'NONE', *, *, #1443, .T. ) ;
#140 = CARTESIAN_POINT ( 'NONE',  ( 122.3942725277129995, 33.07073774999909688, -14.98502487562580043 ) ) ;
#141 = AXIS2_PLACEMENT_3D ( 'NONE', #1521, #331, #3029 ) ;
#142 = DIRECTION ( 'NONE',  ( 0.000000000000000000, 1.000000000000000000, 0.000000000000000000 ) ) ;
#143 = CIRCLE ( 'NONE', #382, 1.000000000000000222 ) ;
#144 = CARTESIAN_POINT ( 'NONE',  ( 121.3942725277129995, 24.57073774999910043, -72.98502487562589636 ) ) ;
#145 = EDGE_LOOP ( 'NONE', ( #1838, #345, #808, #2850 ) ) ;
#146 = CARTESIAN_POINT ( 'NONE',  ( 120.0805640287281477, 29.17073774999909830, 1.600761562001096205 ) ) ;
#147 = CARTESIAN_POINT ( 'NONE',  ( 116.3942725277129995, 11.07073774999899918, -14.48502487562580043 ) ) ;
#148 = ORIENTED_EDGE ( 'NONE', *, *, #2293, .F. ) ;
#149 = CARTESIAN_POINT ( 'NONE',  ( 115.4058343290564039, 28.70019511617260477, 0.1666168169542283084 ) ) ;
#150 = TOROIDAL_SURFACE ( 'NONE', #1462, 7.000000000000000000, 1.000000000000000000 ) ;
#151 = CARTESIAN_POINT ( 'NONE',  ( 121.1779104703247469, 24.48434031082777196, -48.44356093297502497 ) ) ;
#152 = DIRECTION ( 'NONE',  ( 0.000000000000000000, 0.000000000000000000, 1.000000000000000000 ) ) ;
#153 = CARTESIAN_POINT ( 'NONE',  ( 158.7346154313376019, -31.98936402641162147, -4.139419163996414852 ) ) ;
#154 = EDGE_LOOP ( 'NONE', ( #3121, #2440, #2460, #4 ) ) ;
#155 = DIRECTION ( 'NONE',  ( -0.6427876096865442479, -0.7660444431189739056, 0.000000000000000000 ) ) ;
#156 = PLANE ( 'NONE',  #2389 ) ;
#157 = ADVANCED_FACE ( 'NONE', ( #2722 ), #2256, .F. ) ;
#158 = ORIENTED_EDGE ( 'NONE', *, *, #488, .F. ) ;
#159 = EDGE_LOOP ( 'NONE', ( #2870, #180, #651, #1257, #102, #2380, #784, #2562, #187 ) ) ;
#160 = CARTESIAN_POINT ( 'NONE',  ( 182.8942725277130137, -25.02926225000089744, -3.485024875625820417 ) ) ;
#161 = ORIENTED_EDGE ( 'NONE', *, *, #1956, .T. ) ;
#162 = CARTESIAN_POINT ( 'NONE',  ( 115.3944753136952386, 28.39506808963059115, 0.03961019011164076259 ) ) ;
#163 = EDGE_CURVE ( 'NONE', #2130, #3016, #3661, .T. ) ;
#164 = CARTESIAN_POINT ( 'NONE',  ( 121.0610492128743516, 24.48207916770269676, -48.55399876712640861 ) ) ;
#165 = ORIENTED_EDGE ( 'NONE', *, *, #235, .F. ) ;
#166 = DIRECTION ( 'NONE',  ( 0.000000000000000000, 0.000000000000000000, -1.000000000000000000 ) ) ;
#167 = EDGE_CURVE ( 'NONE', #3531, #319, #2812, .T. ) ;
#168 = EDGE_LOOP ( 'NONE', ( #451, #3217, #3304, #2418, #3406 ) ) ;
#169 = CIRCLE ( 'NONE', #3720, 1.000000000000000888 ) ;
#170 = CIRCLE ( 'NONE', #3154, 0.9999999999999982236 ) ;
#171 = DIRECTION ( 'NONE',  ( -0.1240347345892110487, 0.000000000000000000, 0.9922778767136674061 ) ) ;
#172 = DIRECTION ( 'NONE',  ( 0.000000000000000000, 0.000000000000000000, -1.000000000000000000 ) ) ;
#173 = EDGE_CURVE ( 'NONE', #60, #1308, #2446, .T. ) ;
#174 = DIRECTION ( 'NONE',  ( 0.000000000000000000, 0.000000000000000000, -1.000000000000000000 ) ) ;
#175 = EDGE_CURVE ( 'NONE', #2524, #2825, #2866, .T. ) ;
#176 = VECTOR ( 'NONE', #107, 1000.000000000000000 ) ;
#177 = VECTOR ( 'NONE', #2000, 1000.000000000000000 ) ;
#178 = DIRECTION ( 'NONE',  ( -0.7071067811865441310, 0.7071067811865510144, 0.000000000000000000 ) ) ;
#179 = EDGE_LOOP ( 'NONE', ( #1296, #870, #324, #3599 ) ) ;
#180 = ORIENTED_EDGE ( 'NONE', *, *, #1421, .T. ) ;
#181 = ADVANCED_FACE ( 'NONE', ( #874 ), #1738, .T. ) ;
#182 = LINE ( 'NONE', #953, #2998 ) ;
#183 = CARTESIAN_POINT ( 'NONE',  ( 177.8942725277130137, 23.17073774999909830, -3.485024875625820417 ) ) ;
#184 = ORIENTED_EDGE ( 'NONE', *, *, #553, .T. ) ;
#185 = DIRECTION ( 'NONE',  ( -0.3417430630866939434, 0.9397934234884408600, 0.000000000000000000 ) ) ;
#186 = CARTESIAN_POINT ( 'NONE',  ( 116.3942725277129995, 49.07073774999910398, -47.98502487562579688 ) ) ;
#187 = ORIENTED_EDGE ( 'NONE', *, *, #3089, .T. ) ;
#188 = AXIS2_PLACEMENT_3D ( 'NONE', #2166, #2787, #2180 ) ;
#189 = DIRECTION ( 'NONE',  ( 0.000000000000000000, 0.000000000000000000, 1.000000000000000000 ) ) ;
#190 = CARTESIAN_POINT ( 'NONE',  ( 160.7226996524589993, 28.17073774999909830, -4.485024875625819973 ) ) ;
#191 = SHAPE_DEFINITION_REPRESENTATION ( #335, #609 ) ;
#192 = EDGE_CURVE ( 'NONE', #241, #3388, #304, .T. ) ;
#193 = CARTESIAN_POINT ( 'NONE',  ( 123.3942725277129995, -34.73554006152370732, -21.18338895330299820 ) ) ;
#194 = VERTEX_POINT ( 'NONE', #1651 ) ;
#195 = FACE_OUTER_BOUND ( 'NONE', #444, .T. ) ;
#196 = CARTESIAN_POINT ( 'NONE',  ( 99.39427252771260157, 40.32073774999909688, -13.53502487562580114 ) ) ;
#197 = AXIS2_PLACEMENT_3D ( 'NONE', #395, #689, #3357 ) ;
#198 = ORIENTED_EDGE ( 'NONE', *, *, #3514, .T. ) ;
#199 = CARTESIAN_POINT ( 'NONE',  ( 116.3942725277129995, -21.42926225000089957, -41.48502487562579688 ) ) ;
#200 = CARTESIAN_POINT ( 'NONE',  ( 156.1812072131130265, 31.90796064894489703, -6.296007833029450218 ) ) ;
#201 = CARTESIAN_POINT ( 'NONE',  ( 155.9300290490801331, -33.87219673757292071, -6.418515609164572311 ) ) ;
#202 = ADVANCED_FACE ( 'NONE', ( #1782 ), #3378, .T. ) ;
#203 = LINE ( 'NONE', #1451, #1625 ) ;
#204 = CARTESIAN_POINT ( 'NONE',  ( 156.8026248756969494, -34.12090990201669172, -5.992922187876995821 ) ) ;
#205 = FILL_AREA_STYLE_COLOUR ( '', #3205 ) ;
#206 = ORIENTED_EDGE ( 'NONE', *, *, #3842, .T. ) ;
#207 = ORIENTED_EDGE ( 'NONE', *, *, #505, .F. ) ;
#208 = DIRECTION ( 'NONE',  ( 0.000000000000000000, -1.000000000000000000, 0.000000000000000000 ) ) ;
#209 = ORIENTED_EDGE ( 'NONE', *, *, #3366, .F. ) ;
#210 = CARTESIAN_POINT ( 'NONE',  ( 115.3942725277129995, -50.92926225000089602, -40.98502487562579688 ) ) ;
#211 = CARTESIAN_POINT ( 'NONE',  ( 0.000000000000000000, 0.000000000000000000, 0.000000000000000000 ) ) ;
#212 = ORIENTED_EDGE ( 'NONE', *, *, #905, .T. ) ;
#213 = LINE ( 'NONE', #3742, #289 ) ;
#214 = AXIS2_PLACEMENT_3D ( 'NONE', #991, #3665, #105 ) ;
#215 = ADVANCED_FACE ( 'NONE', ( #1335 ), #1184, .T. ) ;
#216 = CIRCLE ( 'NONE', #545, 1.000000000000000888 ) ;
#217 = LINE ( 'NONE', #130, #255 ) ;
#218 = CARTESIAN_POINT ( 'NONE',  ( 115.3942725277129995, 49.07073774999910398, 0.01497512437418700021 ) ) ;
#219 = CARTESIAN_POINT ( 'NONE',  ( 177.8942725277130137, 28.17073774999909830, 2.014975124374189797 ) ) ;
#220 = CARTESIAN_POINT ( 'NONE',  ( 156.2636708459469901, 32.80133943176449662, -5.400500069411699577 ) ) ;
#221 = CARTESIAN_POINT ( 'NONE',  ( 116.3942725277129995, 20.57073774999910043, -22.86520669096299940 ) ) ;
#222 = FILL_AREA_STYLE ('',( #205 ) ) ;
#223 = ORIENTED_EDGE ( 'NONE', *, *, #3675, .T. ) ;
#224 = UNCERTAINTY_MEASURE_WITH_UNIT (LENGTH_MEASURE( 1.000000000000000082E-05 ), #3743, 'distance_accuracy_value', 'NONE');
#225 = ORIENTED_EDGE ( 'NONE', *, *, #1211, .F. ) ;
#226 = DIRECTION ( 'NONE',  ( -1.000000000000000000, 0.000000000000000000, 0.000000000000000000 ) ) ;
#227 = AXIS2_PLACEMENT_3D ( 'NONE', #493, #2573, #1964 ) ;
#228 = VERTEX_POINT ( 'NONE', #3070 ) ;
#229 = ORIENTED_EDGE ( 'NONE', *, *, #3475, .F. ) ;
#230 = CARTESIAN_POINT ( 'NONE',  ( 177.3642725277130126, 20.14073774999910071, 2.014975124374189797 ) ) ;
#231 = EDGE_CURVE ( 'NONE', #986, #1700, #262, .T. ) ;
#232 = ORIENTED_EDGE ( 'NONE', *, *, #1217, .F. ) ;
#233 = EDGE_CURVE ( 'NONE', #3175, #3845, #2023, .T. ) ;
#234 = VECTOR ( 'NONE', #1283, 1000.000000000000114 ) ;
#235 = EDGE_CURVE ( 'NONE', #3327, #2609, #2233, .T. ) ;
#236 = ORIENTED_EDGE ( 'NONE', *, *, #3064, .T. ) ;
#237 = EDGE_CURVE ( 'NONE', #3457, #355, #2206, .T. ) ;
#238 = DIRECTION ( 'NONE',  ( 0.000000000000000000, -1.000000000000000000, 0.000000000000000000 ) ) ;
#239 = EDGE_LOOP ( 'NONE', ( #1858, #3072, #839, #2828 ) ) ;
#240 = CARTESIAN_POINT ( 'NONE',  ( 116.3942725277129995, -23.08934758384589969, -47.21435520510920014 ) ) ;
#241 = VERTEX_POINT ( 'NONE', #1620 ) ;
#242 = ORIENTED_EDGE ( 'NONE', *, *, #253, .T. ) ;
#243 = CARTESIAN_POINT ( 'NONE',  ( 155.7033393767599705, -34.92926225000083917, 1.014975124374190019 ) ) ;
#244 = CARTESIAN_POINT ( 'NONE',  ( 115.9641258872160847, 20.93167363739178555, -46.96164542752740800 ) ) ;
#245 = AXIS2_PLACEMENT_3D ( 'NONE', #3259, #1762, #587 ) ;
#246 = CARTESIAN_POINT ( 'NONE',  ( 123.3942725277129995, -34.92926225000089602, -14.98502487562580043 ) ) ;
#247 = VERTEX_POINT ( 'NONE', #747 ) ;
#248 = CARTESIAN_POINT ( 'NONE',  ( 116.3942725277129995, 26.07073774999909688, -47.98502487562579688 ) ) ;
#249 = CARTESIAN_POINT ( 'NONE',  ( 120.0805640287281477, -31.02926225000089744, 1.600761562001097094 ) ) ;
#250 = ORIENTED_EDGE ( 'NONE', *, *, #1144, .F. ) ;
#251 = VECTOR ( 'NONE', #1315, 1000.000000000000000 ) ;
#252 = VECTOR ( 'NONE', #2312, 1000.000000000000000 ) ;
#253 = EDGE_CURVE ( 'NONE', #1926, #1584, #182, .T. ) ;
#254 = VECTOR ( 'NONE', #390, 1000.000000000000000 ) ;
#255 = VECTOR ( 'NONE', #647, 1000.000000000000000 ) ;
#256 = DIRECTION ( 'NONE',  ( 0.000000000000000000, -1.000000000000000000, 0.000000000000000000 ) ) ;
#257 = CARTESIAN_POINT ( 'NONE',  ( 116.3942725277129995, 41.07073774999910398, -40.98502487562579688 ) ) ;
#258 = AXIS2_PLACEMENT_3D ( 'NONE', #248, #3478, #2323 ) ;
#259 = VECTOR ( 'NONE', #2548, 1000.000000000000227 ) ;
#260 = CARTESIAN_POINT ( 'NONE',  ( 183.8942725277130137, -25.02926225000089744, 1.014975124374190019 ) ) ;
#261 = CARTESIAN_POINT ( 'NONE',  ( 120.3942725277129995, 18.57073774999909688, -22.98502487562580043 ) ) ;
#262 = CIRCLE ( 'NONE', #2660, 16.00000000000000000 ) ;
#263 = VERTEX_POINT ( 'NONE', #3718 ) ;
#264 = DIRECTION ( 'NONE',  ( 1.000000000000000000, 0.000000000000000000, 0.000000000000000000 ) ) ;
#265 = CARTESIAN_POINT ( 'NONE',  ( 116.3942725277129995, -22.42926225000089957, -44.94912649076359656 ) ) ;
#266 = CIRCLE ( 'NONE', #766, 1.000000000000000222 ) ;
#267 = CARTESIAN_POINT ( 'NONE',  ( 122.3942725277129995, 33.07073774999909688, 1.014975124374190019 ) ) ;
#268 = ORIENTED_EDGE ( 'NONE', *, *, #3616, .T. ) ;
#269 = AXIS2_PLACEMENT_3D ( 'NONE', #3755, #788, #1383 ) ;
#270 = FACE_BOUND ( 'NONE', #2120, .T. ) ;
#271 = ORIENTED_EDGE ( 'NONE', *, *, #1040, .F. ) ;
#272 = ORIENTED_EDGE ( 'NONE', *, *, #1741, .T. ) ;
#273 = FACE_OUTER_BOUND ( 'NONE', #54, .T. ) ;
#274 = EDGE_CURVE ( 'NONE', #1389, #3815, #2626, .T. ) ;
#275 = ORIENTED_EDGE ( 'NONE', *, *, #3176, .F. ) ;
#276 = DIRECTION ( 'NONE',  ( 1.000000000000000000, 0.000000000000000000, 0.000000000000000000 ) ) ;
#277 = EDGE_CURVE ( 'NONE', #3457, #3826, #3197, .T. ) ;
#278 = EDGE_CURVE ( 'NONE', #133, #1229, #1225, .T. ) ;
#279 =( BOUNDED_SURFACE ( )  B_SPLINE_SURFACE ( 3, 2, ( 
 ( #2439, #3624, #686 ),
 ( #2146, #1251, #1523 ),
 ( #2118, #3332, #109 ),
 ( #3059, #3607, #2408 ) ),
 .UNSPECIFIED., .F., .F., .T. ) 
 B_SPLINE_SURFACE_WITH_KNOTS ( ( 4, 4 ),
 ( 3, 3 ),
 ( 0.000000000000000000, 1.000000000000000000 ),
 ( 0.000000000000000000, 1.000000000000000000 ),
 .UNSPECIFIED. ) 
 GEOMETRIC_REPRESENTATION_ITEM ( )  RATIONAL_B_SPLINE_SURFACE ( (
 ( 1.000000000000000000, 0.7071067811865480168, 1.000000000000000000),
 ( 1.000000000000000000, 0.7154171250764459478, 1.000000000000000000),
 ( 1.000000000000000000, 0.7235786884719640488, 1.000000000000000000),
 ( 1.000000000000000000, 0.7314413564851310889, 1.000000000000000000) ) ) 
 REPRESENTATION_ITEM ( '' )  SURFACE ( )  );
#280 = PLANE ( 'NONE',  #1650 ) ;
#281 = B_SPLINE_CURVE_WITH_KNOTS ( 'NONE', 3,
 ( #3251, #2971, #1148, #3836, #3261, #2359, #578, #2043, #3240, #267 ),
 .UNSPECIFIED., .F., .F.,
 ( 4, 2, 2, 2, 4 ),
 ( 0.000000000000000000, 0.2500000000000000555, 0.5000000000000001110, 0.7500000000000002220, 1.000000000000000000 ),
 .UNSPECIFIED. ) ;
#282 = ORIENTED_EDGE ( 'NONE', *, *, #2365, .F. ) ;
#283 = CARTESIAN_POINT ( 'NONE',  ( 116.3942725277129995, 20.57073774999910043, -72.98502487562589636 ) ) ;
#284 = EDGE_LOOP ( 'NONE', ( #3751 ) ) ;
#285 = VERTEX_POINT ( 'NONE', #1907 ) ;
#286 = CARTESIAN_POINT ( 'NONE',  ( 159.8942725277129853, 29.17073774999909830, 2.014975124374189797 ) ) ;
#287 = VERTEX_POINT ( 'NONE', #2519 ) ;
#288 = CARTESIAN_POINT ( 'NONE',  ( 177.8942725277130137, -30.02926225000090099, 2.014975124374189797 ) ) ;
#289 = VECTOR ( 'NONE', #2030, 1000.000000000000000 ) ;
#290 = DIRECTION ( 'NONE',  ( 0.000000000000000000, 0.000000000000000000, 1.000000000000000000 ) ) ;
#291 = CARTESIAN_POINT ( 'NONE',  ( 155.2240120403679953, -34.87101945872739606, -5.658987707418269508 ) ) ;
#292 = DIRECTION ( 'NONE',  ( 0.000000000000000000, -1.000000000000000000, 0.000000000000000000 ) ) ;
#293 = FACE_OUTER_BOUND ( 'NONE', #3560, .T. ) ;
#294 = CARTESIAN_POINT ( 'NONE',  ( 116.9963773583988456, -21.92403630864168562, -45.98829987182708123 ) ) ;
#295 = CIRCLE ( 'NONE', #2957, 8.000000000000000000 ) ;
#296 = EDGE_CURVE ( 'NONE', #3236, #1530, #3041, .T. ) ;
#297 = VECTOR ( 'NONE', #2955, 1000.000000000000114 ) ;
#298 = EDGE_CURVE ( 'NONE', #3327, #346, #2254, .T. ) ;
#299 = AXIS2_PLACEMENT_3D ( 'NONE', #2813, #3410, #178 ) ;
#300 = DIRECTION ( 'NONE',  ( 0.000000000000000000, 0.000000000000000000, -1.000000000000000000 ) ) ;
#301 = LINE ( 'NONE', #323, #1546 ) ;
#302 = EDGE_CURVE ( 'NONE', #2277, #1403, #3655, .T. ) ;
#303 = CARTESIAN_POINT ( 'NONE',  ( 120.7188986475166246, -26.35770970145954095, -48.76319037885782848 ) ) ;
#304 = CIRCLE ( 'NONE', #2934, 1.000000000000000000 ) ;
#305 = DIRECTION ( 'NONE',  ( 0.000000000000000000, -1.000000000000000000, 0.000000000000000000 ) ) ;
#306 = DIRECTION ( 'NONE',  ( 1.000000000000000000, 0.000000000000000000, 0.000000000000000000 ) ) ;
#307 = MECHANICAL_DESIGN_GEOMETRIC_PRESENTATION_REPRESENTATION (  '', ( #838 ), #91 ) ;
#308 = DIRECTION ( 'NONE',  ( 0.000000000000000000, -1.000000000000000000, 0.000000000000000000 ) ) ;
#309 = CARTESIAN_POINT ( 'NONE',  ( 116.0519290109300101, 20.85799806866702610, -46.23747811794150664 ) ) ;
#310 = DIRECTION ( 'NONE',  ( -0.008726203243944016114, -0.008726203243943965807, 0.9999238504775705971 ) ) ;
#311 = CARTESIAN_POINT ( 'NONE',  ( 117.0971340065910056, -22.40884280574069720, -46.58305610015999321 ) ) ;
#312 = EDGE_LOOP ( 'NONE', ( #3124 ) ) ;
#313 = VECTOR ( 'NONE', #3859, 1000.000000000000114 ) ;
#314 = ORIENTED_EDGE ( 'NONE', *, *, #1941, .F. ) ;
#315 = CARTESIAN_POINT ( 'NONE',  ( 159.3033221036839961, -31.62021267402940339, -3.490188836207420042 ) ) ;
#316 = LINE ( 'NONE', #3274, #2592 ) ;
#317 = CARTESIAN_POINT ( 'NONE',  ( 120.5136031612376257, -26.77990078416037889, -48.90086579712369996 ) ) ;
#318 = DIRECTION ( 'NONE',  ( 0.000000000000000000, 0.000000000000000000, -1.000000000000000000 ) ) ;
#319 = VERTEX_POINT ( 'NONE', #3454 ) ;
#320 = CARTESIAN_POINT ( 'NONE',  ( 116.3942725277129995, -22.42926225000089957, -14.48502487562580043 ) ) ;
#321 = FACE_OUTER_BOUND ( 'NONE', #1096, .T. ) ;
#322 = CARTESIAN_POINT ( 'NONE',  ( 122.9593129248700052, 32.87516420911679660, -21.39553292631910253 ) ) ;
#323 = CARTESIAN_POINT ( 'NONE',  ( 123.3942725277129995, 49.07073774999910398, -40.98502487562579688 ) ) ;
#324 = ORIENTED_EDGE ( 'NONE', *, *, #2689, .F. ) ;
#325 = AXIS2_PLACEMENT_3D ( 'NONE', #3152, #3480, #1686 ) ;
#326 = VERTEX_POINT ( 'NONE', #793 ) ;
#327 = AXIS2_PLACEMENT_3D ( 'NONE', #2255, #478, #2560 ) ;
#328 = CARTESIAN_POINT ( 'NONE',  ( 120.3942725277129995, -26.40177183963159990, -48.82782904339650543 ) ) ;
#329 = DIRECTION ( 'NONE',  ( 1.000000000000000000, 0.000000000000000000, 0.000000000000000000 ) ) ;
#330 = CARTESIAN_POINT ( 'NONE',  ( 121.8154568684080061, -27.58751918691429950, -47.98502487562579688 ) ) ;
#331 = DIRECTION ( 'NONE',  ( 3.020974290740247889E-48, 1.000000000000000000, 2.089767734795265069E-32 ) ) ;
#332 = CARTESIAN_POINT ( 'NONE',  ( 116.3942725277129995, -21.42926225000089957, -72.98502487562589636 ) ) ;
#333 = CARTESIAN_POINT ( 'NONE',  ( 116.3358582996849577, -22.47827760717148848, -46.66683582551767984 ) ) ;
#334 = ORIENTED_EDGE ( 'NONE', *, *, #274, .T. ) ;
#335 = PRODUCT_DEFINITION_SHAPE ( 'NONE', 'NONE',  #3350 ) ;
#336 = EDGE_LOOP ( 'NONE', ( #2095, #3856, #3048, #1411, #14, #1350, #798, #534, #3179, #3228 ) ) ;
#337 = CIRCLE ( 'NONE', #445, 6.499999999999999112 ) ;
#338 = LINE ( 'NONE', #82, #2097 ) ;
#339 = CARTESIAN_POINT ( 'NONE',  ( 120.6062326401972484, -26.37036819308973179, -48.79874172076067396 ) ) ;
#340 = CARTESIAN_POINT ( 'NONE',  ( 158.9018954967939692, 30.16311478091790121, -4.201316574054550834 ) ) ;
#341 = CARTESIAN_POINT ( 'NONE',  ( 159.3084860900860065, 29.75652418762600249, -3.485024875625820417 ) ) ;
#342 = FACE_OUTER_BOUND ( 'NONE', #2852, .T. ) ;
#343 = FACE_OUTER_BOUND ( 'NONE', #2775, .T. ) ;
#344 = CARTESIAN_POINT ( 'NONE',  ( 115.3942725277129995, 41.07073774999910398, -40.98502487562579688 ) ) ;
#345 = ORIENTED_EDGE ( 'NONE', *, *, #2571, .T. ) ;
#346 = VERTEX_POINT ( 'NONE', #2260 ) ;
#347 = LINE ( 'NONE', #2356, #1056 ) ;
#348 = EDGE_CURVE ( 'NONE', #1760, #986, #3714, .T. ) ;
#350 = VERTEX_POINT ( 'NONE', #199 ) ;
#349 = EDGE_CURVE ( 'NONE', #228, #228, #1333, .T. ) ;
#351 = CARTESIAN_POINT ( 'NONE',  ( 115.3942725277129995, -23.73466953933320056, 2.014975124374189797 ) ) ;
#352 = FACE_OUTER_BOUND ( 'NONE', #680, .T. ) ;
#353 = ORIENTED_EDGE ( 'NONE', *, *, #1381, .T. ) ;
#354 = EDGE_CURVE ( 'NONE', #3719, #520, #129, .T. ) ;
#355 = VERTEX_POINT ( 'NONE', #1424 ) ;
#356 = DIRECTION ( 'NONE',  ( 0.000000000000000000, 1.000000000000000000, 0.000000000000000000 ) ) ;
#357 = EDGE_CURVE ( 'NONE', #263, #3055, #3144, .T. ) ;
#358 = CARTESIAN_POINT ( 'NONE',  ( 158.9516286070808349, 30.11338167063098226, -3.950351177424977767 ) ) ;
#359 = DIRECTION ( 'NONE',  ( 0.000000000000000000, -1.000000000000000000, 0.000000000000000000 ) ) ;
#360 = DIRECTION ( 'NONE',  ( 0.000000000000000000, 0.000000000000000000, 1.000000000000000000 ) ) ;
#361 = CARTESIAN_POINT ( 'NONE',  ( 115.5212761586414416, -23.16179318130814480, 1.030850578240220417 ) ) ;
#362 = ADVANCED_FACE ( 'NONE', ( #1551, #1822 ), #625, .F. ) ;
#363 = CARTESIAN_POINT ( 'NONE',  ( 116.3942725277129995, 29.17073774999909830, 1.014975124374190019 ) ) ;
#364 = CARTESIAN_POINT ( 'NONE',  ( 115.7514849180260086, -22.96862509621429993, -46.45044449451139457 ) ) ;
#365 = VERTEX_POINT ( 'NONE', #1416 ) ;
#366 = LINE ( 'NONE', #1460, #1791 ) ;
#367 = CARTESIAN_POINT ( 'NONE',  ( 182.8942725277130137, 23.17073774999909830, -4.485024875625819973 ) ) ;
#368 = VERTEX_POINT ( 'NONE', #1395 ) ;
#369 = AXIS2_PLACEMENT_3D ( 'NONE', #128, #1923, #3722 ) ;
#370 = CARTESIAN_POINT ( 'NONE',  ( 137.6442725277129853, 33.07073774999889793, 1.014975124374190019 ) ) ;
#371 = VERTEX_POINT ( 'NONE', #1693 ) ;
#372 = CIRCLE ( 'NONE', #1059, 6.499999999999999112 ) ;
#373 = CARTESIAN_POINT ( 'NONE',  ( 115.4301574107530115, -30.70759287420345274, 0.2801460054083580453 ) ) ;
#374 = ORIENTED_EDGE ( 'NONE', *, *, #2550, .T. ) ;
#375 = DIRECTION ( 'NONE',  ( -1.000000000000000000, 0.000000000000000000, 0.000000000000000000 ) ) ;
#376 = CARTESIAN_POINT ( 'NONE',  ( 157.9103887986369728, -31.98479699855640135, -4.485024875625819973 ) ) ;
#377 = EDGE_CURVE ( 'NONE', #2515, #425, #1380, .T. ) ;
#378 = CARTESIAN_POINT ( 'NONE',  ( 158.1252231483997548, 30.13914474587873116, -4.469073541680883999 ) ) ;
#379 = ORIENTED_EDGE ( 'NONE', *, *, #1039, .T. ) ;
#380 = DIRECTION ( 'NONE',  ( 0.000000000000000000, 0.000000000000000000, -1.000000000000000000 ) ) ;
#381 = ADVANCED_FACE ( 'NONE', ( #446 ), #3601, .T. ) ;
#382 = AXIS2_PLACEMENT_3D ( 'NONE', #2547, #2836, #1948 ) ;
#383 = CARTESIAN_POINT ( 'NONE',  ( 123.3942725277129995, 48.07073774999909688, -40.98502487562579688 ) ) ;
#384 = ORIENTED_EDGE ( 'NONE', *, *, #1144, .T. ) ;
#385 = CARTESIAN_POINT ( 'NONE',  ( 115.4377800020904488, -30.73508005664371368, 0.3064878707189758744 ) ) ;
#386 = ORIENTED_EDGE ( 'NONE', *, *, #1031, .T. ) ;
#387 = CARTESIAN_POINT ( 'NONE',  ( 121.3942725277129995, 19.57073774999910043, -22.98502487562580043 ) ) ;
#388 = EDGE_LOOP ( 'NONE', ( #3385, #2737, #1477, #2731 ) ) ;
#389 = CARTESIAN_POINT ( 'NONE',  ( 156.3665688434589924, 31.72259901866919662, -6.205600925240370103 ) ) ;
#390 = DIRECTION ( 'NONE',  ( 0.000000000000000000, 1.000000000000000000, 0.000000000000000000 ) ) ;
#391 = DIRECTION ( 'NONE',  ( 0.000000000000000000, -1.000000000000000000, -1.734723475976809806E-16 ) ) ;
#392 = LINE ( 'NONE', #1047, #1974 ) ;
#393 = CARTESIAN_POINT ( 'NONE',  ( 116.6713072663666395, -22.19680250297336599, -45.84827379539933645 ) ) ;
#394 = CIRCLE ( 'NONE', #3437, 1.000000000000000888 ) ;
#395 = CARTESIAN_POINT ( 'NONE',  ( 177.8942725277130137, -25.02926225000089744, 2.014975124374189797 ) ) ;
#396 = DIRECTION ( 'NONE',  ( -1.000000000000000000, 0.000000000000000000, 0.000000000000000000 ) ) ;
#397 = CARTESIAN_POINT ( 'NONE',  ( 121.1680861138756455, -26.34462028030453240, -48.44336950741141834 ) ) ;
#398 = FACE_BOUND ( 'NONE', #497, .T. ) ;
#399 = EDGE_LOOP ( 'NONE', ( #1596, #3286, #3296, #139, #2927, #2540, #2369 ) ) ;
#400 = DIRECTION ( 'NONE',  ( 0.000000000000000000, 0.000000000000000000, -1.000000000000000000 ) ) ;
#401 = DIRECTION ( 'NONE',  ( 0.000000000000000000, -1.000000000000000000, 0.000000000000000000 ) ) ;
#402 = ADVANCED_FACE ( 'NONE', ( #962 ), #3241, .T. ) ;
#403 = ORIENTED_EDGE ( 'NONE', *, *, #2011, .T. ) ;
#404 = CARTESIAN_POINT ( 'NONE',  ( 116.3942725277129995, -34.92926225000089602, -14.98502487562580043 ) ) ;
#405 = EDGE_LOOP ( 'NONE', ( #1758, #379, #621, #3739 ) ) ;
#406 = DIRECTION ( 'NONE',  ( -0.7071067811865480168, 0.7071067811865470176, 0.000000000000000000 ) ) ;
#407 = CARTESIAN_POINT ( 'NONE',  ( 159.3084860900860065, 29.75652418762600249, -21.98502487562580043 ) ) ;
#408 = VERTEX_POINT ( 'NONE', #552 ) ;
#409 = DIRECTION ( 'NONE',  ( 0.000000000000000000, 0.000000000000000000, -1.000000000000000000 ) ) ;
#410 = CARTESIAN_POINT ( 'NONE',  ( 121.2923674707296158, -26.36375627730059179, -48.24601859172241092 ) ) ;
#411 = DIRECTION ( 'NONE',  ( 0.8987874693249331415, -0.003825579047224350691, 0.4383679389844061247 ) ) ;
#412 = ORIENTED_EDGE ( 'NONE', *, *, #1945, .T. ) ;
#413 = LINE ( 'NONE', #2606, #3487 ) ;
#414 = CARTESIAN_POINT ( 'NONE',  ( 115.3950250555481176, 28.44731656346689519, 0.05397806625523408897 ) ) ;
#415 = CARTESIAN_POINT ( 'NONE',  ( 99.39427252771260157, 40.32073774999909688, -40.03502487562579404 ) ) ;
#416 = EDGE_LOOP ( 'NONE', ( #3747, #2499, #3267, #2125, #2429, #1713 ) ) ;
#417 = DIRECTION ( 'NONE',  ( 0.000000000000000000, 0.000000000000000000, 1.000000000000000000 ) ) ;
#418 = DIRECTION ( 'NONE',  ( 0.000000000000000000, -0.008726535498373710897, 0.9999619230641713097 ) ) ;
#419 = ORIENTED_EDGE ( 'NONE', *, *, #831, .T. ) ;
#420 = CARTESIAN_POINT ( 'NONE',  ( 153.7942725277129910, -0.9292622500009990461, 2.014975124374189797 ) ) ;
#421 = ADVANCED_FACE ( 'NONE', ( #537 ), #100, .T. ) ;
#422 = AXIS2_PLACEMENT_3D ( 'NONE', #186, #1359, #3744 ) ;
#423 = ORIENTED_EDGE ( 'NONE', *, *, #1209, .T. ) ;
#424 = CARTESIAN_POINT ( 'NONE',  ( 116.3942725277129995, -34.92926225000089602, -14.98502487562580043 ) ) ;
#425 = VERTEX_POINT ( 'NONE', #833 ) ;
#426 = CARTESIAN_POINT ( 'NONE',  ( 159.3084860900860065, 29.75652418762600249, -3.485024875625820417 ) ) ;
#427 = EDGE_CURVE ( 'NONE', #2456, #1792, #1504, .T. ) ;
#428 = CARTESIAN_POINT ( 'NONE',  ( 177.8942725277130137, 23.17073774999909830, 2.014975124374189797 ) ) ;
#429 = EDGE_CURVE ( 'NONE', #2333, #2326, #2862, .T. ) ;
#430 = CARTESIAN_POINT ( 'NONE',  ( 117.1890203046148287, -22.09145686460789904, -46.16449137813869896 ) ) ;
#431 = DIRECTION ( 'NONE',  ( 0.9397934234884426363, 0.3417430630866890584, 0.000000000000000000 ) ) ;
#432 = VERTEX_POINT ( 'NONE', #2905 ) ;
#433 = EDGE_CURVE ( 'NONE', #1790, #1700, #579, .T. ) ;
#434 = ORIENTED_EDGE ( 'NONE', *, *, #3696, .T. ) ;
#435 = CARTESIAN_POINT ( 'NONE',  ( 123.3942725277129995, 28.17073774999909830, 2.014975124374189797 ) ) ;
#436 = FACE_OUTER_BOUND ( 'NONE', #3342, .T. ) ;
#437 = CIRCLE ( 'NONE', #1382, 1.000000000000000000 ) ;
#438 = ADVANCED_FACE ( 'NONE', ( #3513 ), #2348, .T. ) ;
#439 = CARTESIAN_POINT ( 'NONE',  ( 115.4461684611462715, 28.90220143456975421, 0.3330037734343667677 ) ) ;
#440 = CARTESIAN_POINT ( 'NONE',  ( 121.3918294805900047, 24.56401937041070127, -47.87977526261850159 ) ) ;
#441 = FACE_OUTER_BOUND ( 'NONE', #1888, .T. ) ;
#442 = CARTESIAN_POINT ( 'NONE',  ( 158.4300438193790228, -32.00549895170099290, -4.362718525040609308 ) ) ;
#443 = DIRECTION ( 'NONE',  ( 0.000000000000000000, 0.000000000000000000, -1.000000000000000000 ) ) ;
#444 = EDGE_LOOP ( 'NONE', ( #2390, #3582, #3684, #2482 ) ) ;
#445 = AXIS2_PLACEMENT_3D ( 'NONE', #971, #396, #380 ) ;
#446 = FACE_OUTER_BOUND ( 'NONE', #2464, .T. ) ;
#447 = CARTESIAN_POINT ( 'NONE',  ( 155.2240120403679953, -34.87101945872739606, -5.658987707418489777 ) ) ;
#448 = ORIENTED_EDGE ( 'NONE', *, *, #1674, .F. ) ;
#449 = CYLINDRICAL_SURFACE ( 'NONE', #982, 7.500000000000000000 ) ;
#450 = ORIENTED_EDGE ( 'NONE', *, *, #2410, .F. ) ;
#451 = ORIENTED_EDGE ( 'NONE', *, *, #643, .F. ) ;
#452 = DIRECTION ( 'NONE',  ( 1.000000000000000000, 0.000000000000000000, 0.000000000000000000 ) ) ;
#453 = EDGE_CURVE ( 'NONE', #3658, #1808, #1654, .T. ) ;
#454 = CARTESIAN_POINT ( 'NONE',  ( 177.8942725277130137, 23.17073774999909830, -3.485024875625820417 ) ) ;
#455 = DIRECTION ( 'NONE',  ( 0.000000000000000000, 1.000000000000000000, 0.000000000000000000 ) ) ;
#456 = DIRECTION ( 'NONE',  ( 0.000000000000000000, 0.000000000000000000, 1.000000000000000000 ) ) ;
#457 = DIRECTION ( 'NONE',  ( 0.4383711467890740732, 0.000000000000000000, -0.8987940462991685919 ) ) ;
#458 = AXIS2_PLACEMENT_3D ( 'NONE', #675, #2465, #3674 ) ;
#459 = CARTESIAN_POINT ( 'NONE',  ( 123.3942725277129853, -31.92926225000110207, -48.57081131325268331 ) ) ;
#460 = VERTEX_POINT ( 'NONE', #3136 ) ;
#461 = PLANE ( 'NONE',  #2231 ) ;
#462 = ADVANCED_FACE ( 'NONE', ( #1599 ), #781, .T. ) ;
#463 = ORIENTED_EDGE ( 'NONE', *, *, #3311, .T. ) ;
#464 = VECTOR ( 'NONE', #3556, 1000.000000000000000 ) ;
#465 = VERTEX_POINT ( 'NONE', #3237 ) ;
#466 = CIRCLE ( 'NONE', #2058, 2.499999999999998668 ) ;
#467 = CARTESIAN_POINT ( 'NONE',  ( 158.1237248113548617, -31.99684610530226792, -4.465358814638690887 ) ) ;
#468 = VERTEX_POINT ( 'NONE', #1776 ) ;
#469 = CARTESIAN_POINT ( 'NONE',  ( 120.3942725277129995, -21.42926225000089957, -55.48502487562579688 ) ) ;
#470 = CARTESIAN_POINT ( 'NONE',  ( 121.3942725277129995, -31.02926225000100047, -4.485024875625819973 ) ) ;
#471 = CARTESIAN_POINT ( 'NONE',  ( 177.8942725277130137, 23.17073774999909830, -4.485024875625819973 ) ) ;
#472 = CARTESIAN_POINT ( 'NONE',  ( 155.6623831871569905, 32.01253303566130626, -6.549055218219089980 ) ) ;
#473 = EDGE_LOOP ( 'NONE', ( #2124, #887, #2177, #3644, #2189, #584 ) ) ;
#474 = VERTEX_POINT ( 'NONE', #2089 ) ;
#475 = DIRECTION ( 'NONE',  ( 0.000000000000000000, 0.000000000000000000, -1.000000000000000000 ) ) ;
#476 = ORIENTED_EDGE ( 'NONE', *, *, #834, .F. ) ;
#477 = ADVANCED_FACE ( 'NONE', ( #26 ), #2951, .F. ) ;
#478 = DIRECTION ( 'NONE',  ( -1.000000000000000000, 0.000000000000000000, 0.000000000000000000 ) ) ;
#479 = ORIENTED_EDGE ( 'NONE', *, *, #956, .F. ) ;
#480 = EDGE_CURVE ( 'NONE', #2814, #285, #1023, .T. ) ;
#481 = DIRECTION ( 'NONE',  ( -1.000000000000000000, 0.000000000000000000, 0.000000000000000000 ) ) ;
#482 = EDGE_LOOP ( 'NONE', ( #2419, #554, #968, #2306 ) ) ;
#483 = LINE ( 'NONE', #370, #1818 ) ;
#484 = LINE ( 'NONE', #2769, #1543 ) ;
#485 = CARTESIAN_POINT ( 'NONE',  ( 158.9516286070808064, -31.97190617063289864, -3.950351177425025728 ) ) ;
#486 = DIRECTION ( 'NONE',  ( 0.000000000000000000, 0.000000000000000000, 1.000000000000000000 ) ) ;
#487 = EDGE_CURVE ( 'NONE', #1831, #1803, #872, .T. ) ;
#488 = EDGE_CURVE ( 'NONE', #3589, #2781, #3764, .T. ) ;
#489 = LINE ( 'NONE', #3071, #2012 ) ;
#490 = FACE_OUTER_BOUND ( 'NONE', #1657, .T. ) ;
#491 = PLANE ( 'NONE',  #787 ) ;
#492 = FACE_OUTER_BOUND ( 'NONE', #1856, .T. ) ;
#493 = CARTESIAN_POINT ( 'NONE',  ( 177.3642725277130126, 22.64073774999909716, -28.48502487562580043 ) ) ;
#494 = CARTESIAN_POINT ( 'NONE',  ( 117.3942725277129853, -12.92926225000090135, -22.98502487562580043 ) ) ;
#495 = FACE_OUTER_BOUND ( 'NONE', #2364, .T. ) ;
#496 = DIRECTION ( 'NONE',  ( 0.000000000000000000, -1.000000000000000000, 0.000000000000000000 ) ) ;
#497 = EDGE_LOOP ( 'NONE', ( #917 ) ) ;
#498 = CARTESIAN_POINT ( 'NONE',  ( 155.9245848851759888, 32.01364906510070085, -6.421170905317899802 ) ) ;
#499 = EDGE_LOOP ( 'NONE', ( #374 ) ) ;
#500 = ADVANCED_FACE ( 'NONE', ( #2484 ), #2021, .T. ) ;
#501 = ORIENTED_EDGE ( 'NONE', *, *, #2296, .F. ) ;
#502 =( BOUNDED_SURFACE ( )  B_SPLINE_SURFACE ( 3, 2, ( 
 ( #1365, #204, #1626 ),
 ( #3458, #2235, #782 ),
 ( #2832, #2538, #768 ),
 ( #447, #2555, #3441 ) ),
 .UNSPECIFIED., .F., .F., .T. ) 
 B_SPLINE_SURFACE_WITH_KNOTS ( ( 4, 4 ),
 ( 3, 3 ),
 ( 0.000000000000000000, 1.000000000000000000 ),
 ( 0.000000000000000000, 1.000000000000000000 ),
 .UNSPECIFIED. ) 
 GEOMETRIC_REPRESENTATION_ITEM ( )  RATIONAL_B_SPLINE_SURFACE ( (
 ( 1.000000000000000000, 0.8093130452955380472, 1.000000000000000000),
 ( 1.000000000000000000, 0.7880813472825709542, 1.000000000000000000),
 ( 1.000000000000000000, 0.7523631792381680894, 1.000000000000000000),
 ( 1.000000000000000000, 0.7098744107765069256, 1.000000000000000000) ) ) 
 REPRESENTATION_ITEM ( '' )  SURFACE ( )  );
#503 = EDGE_CURVE ( 'NONE', #945, #1115, #1734, .T. ) ;
#504 = VERTEX_POINT ( 'NONE', #2617 ) ;
#505 = EDGE_CURVE ( 'NONE', #1393, #1393, #2153, .T. ) ;
#506 = AXIS2_PLACEMENT_3D ( 'NONE', #2308, #2907, #835 ) ;
#507 = EDGE_LOOP ( 'NONE', ( #1972 ) ) ;
#508 = CARTESIAN_POINT ( 'NONE',  ( 123.3942725277129995, 33.07073774999909688, 1.014975124374190019 ) ) ;
#509 = CIRCLE ( 'NONE', #258, 1.000000000000000888 ) ;
#510 = EDGE_CURVE ( 'NONE', #1403, #1229, #1695, .T. ) ;
#511 = DIRECTION ( 'NONE',  ( -0.6684690492821153684, 0.6684690492821142582, -0.3260341397825251009 ) ) ;
#512 = ORIENTED_EDGE ( 'NONE', *, *, #785, .T. ) ;
#513 = DIRECTION ( 'NONE',  ( 0.9999619230641714207, 0.000000000000000000, 0.008726535498373615488 ) ) ;
#514 = FACE_OUTER_BOUND ( 'NONE', #1437, .T. ) ;
#515 = DIRECTION ( 'NONE',  ( 0.000000000000000000, 1.000000000000000000, 0.000000000000000000 ) ) ;
#516 = SURFACE_SIDE_STYLE ('',( #3333 ) ) ;
#517 = ORIENTED_EDGE ( 'NONE', *, *, #2082, .T. ) ;
#518 = ADVANCED_FACE ( 'NONE', ( #3324 ), #3428, .T. ) ;
#519 = ORIENTED_EDGE ( 'NONE', *, *, #2687, .T. ) ;
#520 = VERTEX_POINT ( 'NONE', #3281 ) ;
#521 = DIRECTION ( 'NONE',  ( 0.000000000000000000, -1.000000000000000000, 0.000000000000000000 ) ) ;
#522 = CARTESIAN_POINT ( 'NONE',  ( 115.5212761586414558, 21.30326868130629947, 1.030850578240222859 ) ) ;
#523 =( LENGTH_UNIT ( ) NAMED_UNIT ( * ) SI_UNIT ( .MILLI., .METRE. ) );
#524 = ORIENTED_EDGE ( 'NONE', *, *, #2711, .F. ) ;
#525 = AXIS2_PLACEMENT_3D ( 'NONE', #3772, #3424, #486 ) ;
#526 = ORIENTED_EDGE ( 'NONE', *, *, #3532, .T. ) ;
#527 = LINE ( 'NONE', #1188, #2621 ) ;
#528 = FACE_OUTER_BOUND ( 'NONE', #1680, .T. ) ;
#529 = CARTESIAN_POINT ( 'NONE',  ( 116.1173073297200062, 20.80313914548390031, -46.19113544058659926 ) ) ;
#530 = AXIS2_PLACEMENT_3D ( 'NONE', #722, #2796, #431 ) ;
#531 = CARTESIAN_POINT ( 'NONE',  ( 117.3942725277129853, 20.26263120171639898, -46.23011690042320510 ) ) ;
#532 = CIRCLE ( 'NONE', #2888, 1.000000000000000444 ) ;
#533 = DIRECTION ( 'NONE',  ( 0.000000000000000000, 0.000000000000000000, -1.000000000000000000 ) ) ;
#534 = ORIENTED_EDGE ( 'NONE', *, *, #2018, .T. ) ;
#535 = VERTEX_POINT ( 'NONE', #265 ) ;
#536 = CARTESIAN_POINT ( 'NONE',  ( 177.3642725277130126, -26.99926225000089630, 2.014975124374189797 ) ) ;
#537 = FACE_OUTER_BOUND ( 'NONE', #3518, .T. ) ;
#538 = CARTESIAN_POINT ( 'NONE',  ( 116.3942725277129995, 26.07073774999909688, -41.48502487562579688 ) ) ;
#539 = ORIENTED_EDGE ( 'NONE', *, *, #2314, .F. ) ;
#540 = CIRCLE ( 'NONE', #2237, 1.000000000000000888 ) ;
#541 = ORIENTED_EDGE ( 'NONE', *, *, #2545, .F. ) ;
#542 = ORIENTED_EDGE ( 'NONE', *, *, #1297, .F. ) ;
#543 = CARTESIAN_POINT ( 'NONE',  ( 116.5907126930059974, -22.26442937975479808, -45.75724583740269935 ) ) ;
#544 = CARTESIAN_POINT ( 'NONE',  ( 147.3942725277130137, 18.57073774999909688, -15.48502487562579866 ) ) ;
#545 = AXIS2_PLACEMENT_3D ( 'NONE', #2449, #966, #3353 ) ;
#546 = FACE_OUTER_BOUND ( 'NONE', #2085, .T. ) ;
#547 = EDGE_CURVE ( 'NONE', #1900, #1831, #1136, .T. ) ;
#548 = ORIENTED_EDGE ( 'NONE', *, *, #2768, .T. ) ;
#549 = DIRECTION ( 'NONE',  ( 0.000000000000000000, 0.000000000000000000, 1.000000000000000000 ) ) ;
#550 = EDGE_CURVE ( 'NONE', #408, #1409, #347, .T. ) ;
#551 = FACE_OUTER_BOUND ( 'NONE', #604, .T. ) ;
#552 = CARTESIAN_POINT ( 'NONE',  ( 121.8154568684080061, 25.72899468691240088, -47.98502487562579688 ) ) ;
#553 = EDGE_CURVE ( 'NONE', #1584, #3608, #2442, .T. ) ;
#554 = ORIENTED_EDGE ( 'NONE', *, *, #278, .F. ) ;
#555 = CARTESIAN_POINT ( 'NONE',  ( 115.3942725277129995, -42.92926225000100260, -40.98502487562579688 ) ) ;
#556 = EDGE_CURVE ( 'NONE', #1045, #569, #2767, .T. ) ;
#557 = CARTESIAN_POINT ( 'NONE',  ( 123.3942725277129995, -31.02926225000100047, 1.014975124374190019 ) ) ;
#558 = ORIENTED_EDGE ( 'NONE', *, *, #913, .F. ) ;
#559 = DIRECTION ( 'NONE',  ( 0.000000000000000000, 0.000000000000000000, 1.000000000000000000 ) ) ;
#560 = ORIENTED_EDGE ( 'NONE', *, *, #27, .F. ) ;
#561 = ORIENTED_EDGE ( 'NONE', *, *, #2131, .F. ) ;
#562 = CARTESIAN_POINT ( 'NONE',  ( 120.4470823435511733, -26.56934144758052341, -48.86268779263760109 ) ) ;
#563 = CARTESIAN_POINT ( 'NONE',  ( 121.3934713305749966, -26.42705895787230119, -47.85675180281699426 ) ) ;
#564 = AXIS2_PLACEMENT_3D ( 'NONE', #599, #3588, #2654 ) ;
#565 = ORIENTED_EDGE ( 'NONE', *, *, #1488, .F. ) ;
#566 = CARTESIAN_POINT ( 'NONE',  ( 155.2240120403679953, 33.01249495872549744, -5.658987707418269508 ) ) ;
#567 = CARTESIAN_POINT ( 'NONE',  ( 116.9126079199808430, 20.25551935506096157, -46.02326692504930605 ) ) ;
#568 = ORIENTED_EDGE ( 'NONE', *, *, #907, .T. ) ;
#569 = VERTEX_POINT ( 'NONE', #1172 ) ;
#570 = FACE_OUTER_BOUND ( 'NONE', #2044, .T. ) ;
#571 = FACE_BOUND ( 'NONE', #1463, .T. ) ;
#572 = AXIS2_PLACEMENT_3D ( 'NONE', #650, #2730, #3597 ) ;
#573 = FACE_OUTER_BOUND ( 'NONE', #388, .T. ) ;
#574 = AXIS2_PLACEMENT_3D ( 'NONE', #2624, #559, #2603 ) ;
#575 = TOROIDAL_SURFACE ( 'NONE', #1230, 5.000000000000000000, 1.000000000000000000 ) ;
#576 = CARTESIAN_POINT ( 'NONE',  ( 160.7226996524589993, 29.17073774999909830, -3.485024875625820417 ) ) ;
#577 = AXIS2_PLACEMENT_3D ( 'NONE', #557, #3242, #292 ) ;
#578 = CARTESIAN_POINT ( 'NONE',  ( 122.9005111429338086, 33.06962411965558601, 0.8873657265964759455 ) ) ;
#579 = LINE ( 'NONE', #508, #2818 ) ;
#580 = CARTESIAN_POINT ( 'NONE',  ( 122.3942725277129995, -50.92926225000089602, -47.98502487562579688 ) ) ;
#581 = B_SPLINE_CURVE_WITH_KNOTS ( 'NONE', 3,
 ( #2588, #3543, #2673, #3285, #592, #2350, #2700, #567, #903, #1780, #2975, #605, #1501, #3594, #878, #1801, #2093 ),
 .UNSPECIFIED., .F., .F.,
 ( 4, 2, 2, 1, 1, 1, 2, 2, 2, 4 ),
 ( 0.000000000000000000, 0.2500000000000311418, 0.3750000000000513478, 0.4375000000000444089, 0.4687500000000418554, 0.4843750000000304201, 0.4921875000000206501, 0.5000000000000108802, 0.7500000000000054401, 1.000000000000000000 ),
 .UNSPECIFIED. ) ;
#582 = ORIENTED_EDGE ( 'NONE', *, *, #3220, .F. ) ;
#583 = ORIENTED_EDGE ( 'NONE', *, *, #3493, .F. ) ;
#584 = ORIENTED_EDGE ( 'NONE', *, *, #1544, .T. ) ;
#585 = VERTEX_POINT ( 'NONE', #1497 ) ;
#586 = CARTESIAN_POINT ( 'NONE',  ( 183.8942725277130137, 28.17073774999909830, -4.485024875625819973 ) ) ;
#587 = DIRECTION ( 'NONE',  ( 0.000000000000000000, 0.000000000000000000, 1.000000000000000000 ) ) ;
#588 = FACE_OUTER_BOUND ( 'NONE', #1540, .T. ) ;
#589 = CARTESIAN_POINT ( 'NONE',  ( 156.3312837684141243, -34.55783941130140136, -5.384997369626113972 ) ) ;
#590 = DIRECTION ( 'NONE',  ( -1.000000000000000000, 0.000000000000000000, 0.000000000000000000 ) ) ;
#591 = EDGE_LOOP ( 'NONE', ( #2311, #268, #3699, #631, #3132, #2749, #2685, #3820, #542 ) ) ;
#592 = CARTESIAN_POINT ( 'NONE',  ( 116.8007096695103542, 20.28661923777930554, -45.94819136064344889 ) ) ;
#593 = VECTOR ( 'NONE', #3166, 1000.000000000000000 ) ;
#594 = AXIS2_PLACEMENT_3D ( 'NONE', #818, #2301, #1707 ) ;
#595 = VERTEX_POINT ( 'NONE', #1763 ) ;
#596 = LINE ( 'NONE', #1069, #744 ) ;
#597 = CARTESIAN_POINT ( 'NONE',  ( 120.7390466979491634, -26.35574145926142364, -48.75544226062906006 ) ) ;
#598 = EDGE_LOOP ( 'NONE', ( #3069, #2, #2489, #2557 ) ) ;
#599 = CARTESIAN_POINT ( 'NONE',  ( 115.3942725277129995, -30.02926225000090099, 1.014975124374190019 ) ) ;
#600 = CARTESIAN_POINT ( 'NONE',  ( 115.3942725277129995, -42.17926225000089602, -40.03502487562579404 ) ) ;
#601 = ORIENTED_EDGE ( 'NONE', *, *, #3289, .F. ) ;
#602 = CARTESIAN_POINT ( 'NONE',  ( 120.3942725277129995, 19.57073774999910043, -15.48502487562579866 ) ) ;
#603 = DIRECTION ( 'NONE',  ( 1.000000000000000000, 0.000000000000000000, 0.000000000000000000 ) ) ;
#604 = EDGE_LOOP ( 'NONE', ( #3380, #314, #3323, #1571 ) ) ;
#605 = CARTESIAN_POINT ( 'NONE',  ( 116.9455741927227450, 20.24917090055035729, -46.04308664092755521 ) ) ;
#606 = ORIENTED_EDGE ( 'NONE', *, *, #1039, .F. ) ;
#607 = DIRECTION ( 'NONE',  ( 0.000000000000000000, 0.000000000000000000, -1.000000000000000000 ) ) ;
#608 = EDGE_LOOP ( 'NONE', ( #3222, #99, #3112, #2900 ) ) ;
#609 = ADVANCED_BREP_SHAPE_REPRESENTATION ( '57步进支架3D图', ( #3382, #2696 ), #2748 ) ;
#610 = CIRCLE ( 'NONE', #3762, 5.000000000000000888 ) ;
#611 = DIRECTION ( 'NONE',  ( 0.000000000000000000, 0.000000000000000000, 1.000000000000000000 ) ) ;
#612 = ORIENTED_EDGE ( 'NONE', *, *, #6, .F. ) ;
#613 = AXIS2_PLACEMENT_3D ( 'NONE', #257, #3191, #1681 ) ;
#614 = CARTESIAN_POINT ( 'NONE',  ( 120.3942725277129995, -12.92926225000090135, -15.48502487562579866 ) ) ;
#616 = DIRECTION ( 'NONE',  ( 0.000000000000000000, -1.000000000000000000, 0.000000000000000000 ) ) ;
#615 = VECTOR ( 'NONE', #1607, 1000.000000000000000 ) ;
#617 = CARTESIAN_POINT ( 'NONE',  ( 116.3942725277129995, -31.02926225000100047, 1.014975124374190019 ) ) ;
#618 = CIRCLE ( 'NONE', #1274, 8.500000000000000000 ) ;
#619 = EDGE_CURVE ( 'NONE', #3443, #918, #2671, .T. ) ;
#620 = EDGE_CURVE ( 'NONE', #365, #3734, #1984, .T. ) ;
#621 = ORIENTED_EDGE ( 'NONE', *, *, #1886, .F. ) ;
#622 = EDGE_CURVE ( 'NONE', #61, #2590, #1277, .T. ) ;
#623 = DIRECTION ( 'NONE',  ( -0.9397934234884398608, 0.3417430630866965524, 0.000000000000000000 ) ) ;
#624 = EDGE_CURVE ( 'NONE', #2164, #3301, #3373, .T. ) ;
#625 = CYLINDRICAL_SURFACE ( 'NONE', #3140, 2.499999999999998668 ) ;
#626 = CARTESIAN_POINT ( 'NONE',  ( 115.3942725277129995, -30.02926524607769920, 0.01497512437418700021 ) ) ;
#627 = CARTESIAN_POINT ( 'NONE',  ( 120.3942725277129995, 11.07073774999899918, -14.48502487562580043 ) ) ;
#628 = AXIS2_PLACEMENT_3D ( 'NONE', #1222, #2706, #2396 ) ;
#629 = DIRECTION ( 'NONE',  ( 0.000000000000000000, 1.000000000000000000, 0.000000000000000000 ) ) ;
#630 = CARTESIAN_POINT ( 'NONE',  ( 121.3942725277129995, 24.57073774999910043, -4.485024875625819973 ) ) ;
#631 = ORIENTED_EDGE ( 'NONE', *, *, #1428, .T. ) ;
#632 = ORIENTED_EDGE ( 'NONE', *, *, #3311, .F. ) ;
#633 = DIRECTION ( 'NONE',  ( 1.000000000000000000, -0.000000000000000000, 0.000000000000000000 ) ) ;
#634 = AXIS2_PLACEMENT_3D ( 'NONE', #2772, #2152, #2444 ) ;
#635 = CARTESIAN_POINT ( 'NONE',  ( 159.0708286057320038, -31.85270617198130694, -3.722581003331379979 ) ) ;
#636 = LINE ( 'NONE', #791, #3058 ) ;
#637 = DIRECTION ( 'NONE',  ( 0.000000000000000000, -1.000000000000000000, 0.000000000000000000 ) ) ;
#638 = VERTEX_POINT ( 'NONE', #936 ) ;
#639 = VECTOR ( 'NONE', #3704, 1000.000000000000227 ) ;
#640 = CARTESIAN_POINT ( 'NONE',  ( 116.5907126930059974, 20.40590487975300249, -45.75724583740259988 ) ) ;
#641 = DIRECTION ( 'NONE',  ( 0.000000000000000000, -1.000000000000000000, 0.000000000000000000 ) ) ;
#642 = ORIENTED_EDGE ( 'NONE', *, *, #624, .F. ) ;
#643 = EDGE_CURVE ( 'NONE', #1535, #1093, #3409, .T. ) ;
#644 = AXIS2_PLACEMENT_3D ( 'NONE', #2395, #3043, #653 ) ;
#645 = ORIENTED_EDGE ( 'NONE', *, *, #1735, .F. ) ;
#646 = ADVANCED_FACE ( 'NONE', ( #2584 ), #1103, .T. ) ;
#647 = DIRECTION ( 'NONE',  ( 0.000000000000000000, 6.071532165918830747E-16, -1.000000000000000000 ) ) ;
#648 = CARTESIAN_POINT ( 'NONE',  ( 115.4212449226977668, -30.66845224372665513, 0.2456141614816675645 ) ) ;
#649 = CARTESIAN_POINT ( 'NONE',  ( 116.3942725277129995, -49.92926225000089602, -14.98502487562580043 ) ) ;
#650 = CARTESIAN_POINT ( 'NONE',  ( 123.3942725277129995, -31.02926225000100047, 1.014975124374190019 ) ) ;
#651 = ORIENTED_EDGE ( 'NONE', *, *, #2740, .T. ) ;
#652 = VERTEX_POINT ( 'NONE', #1219 ) ;
#653 = DIRECTION ( 'NONE',  ( 0.000000000000000000, 0.000000000000000000, -1.000000000000000000 ) ) ;
#654 = CARTESIAN_POINT ( 'NONE',  ( 157.9103887986369728, -31.98479699855640135, -4.485024875625819973 ) ) ;
#655 = CARTESIAN_POINT ( 'NONE',  ( 183.8942725277130137, -25.02926225000089744, 2.014975124374189797 ) ) ;
#656 = CARTESIAN_POINT ( 'NONE',  ( 116.3942725277129995, -23.08934758384589969, -47.21435520510920014 ) ) ;
#657 = ORIENTED_EDGE ( 'NONE', *, *, #952, .F. ) ;
#658 = ORIENTED_EDGE ( 'NONE', *, *, #3343, .F. ) ;
#659 = CARTESIAN_POINT ( 'NONE',  ( 116.3942725277129995, -50.92926225000089602, -14.98502487562580043 ) ) ;
#660 = ORIENTED_EDGE ( 'NONE', *, *, #237, .F. ) ;
#661 = CYLINDRICAL_SURFACE ( 'NONE', #2098, 1.000000000000000888 ) ;
#662 = CYLINDRICAL_SURFACE ( 'NONE', #1491, 1.999999999999998224 ) ;
#663 = CARTESIAN_POINT ( 'NONE',  ( 155.1644350462889861, -34.93059645280710157, 1.167859622934909858 ) ) ;
#664 = CARTESIAN_POINT ( 'NONE',  ( 115.3945289121309088, -30.23956134894787340, 0.03720794123497700445 ) ) ;
#665 = FACE_OUTER_BOUND ( 'NONE', #2472, .T. ) ;
#666 = VECTOR ( 'NONE', #1320, 1000.000000000000000 ) ;
#667 = AXIS2_PLACEMENT_3D ( 'NONE', #1198, #290, #3260 ) ;
#668 = CARTESIAN_POINT ( 'NONE',  ( 116.3942725277129995, -23.73466953933320056, -46.45044449451139457 ) ) ;
#669 = CARTESIAN_POINT ( 'NONE',  ( 115.3942725277129995, 49.07073774999910398, 0.01497512437418700021 ) ) ;
#670 = ADVANCED_FACE ( 'NONE', ( #1778, #492, #398 ), #2100, .F. ) ;
#671 = DIRECTION ( 'NONE',  ( 0.000000000000000000, 0.000000000000000000, -1.000000000000000000 ) ) ;
#672 = DIRECTION ( 'NONE',  ( 0.000000000000000000, 1.734723475976809806E-16, -1.000000000000000000 ) ) ;
#673 = VECTOR ( 'NONE', #3092, 1000.000000000000114 ) ;
#674 = DIRECTION ( 'NONE',  ( 0.000000000000000000, 0.000000000000000000, 1.000000000000000000 ) ) ;
#675 = CARTESIAN_POINT ( 'NONE',  ( 123.4765343670359954, 31.87740377592580288, -21.13454063797130189 ) ) ;
#676 = DIRECTION ( 'NONE',  ( 1.000000000000000000, 0.000000000000000000, 0.000000000000000000 ) ) ;
#677 = EDGE_CURVE ( 'NONE', #350, #465, #3554, .T. ) ;
#678 = CARTESIAN_POINT ( 'NONE',  ( 123.3942725277129995, 30.07073774999909688, -47.98502487562579688 ) ) ;
#679 = LINE ( 'NONE', #3276, #1928 ) ;
#680 = EDGE_LOOP ( 'NONE', ( #1453, #2400, #1842, #1752 ) ) ;
#681 = EDGE_CURVE ( 'NONE', #1804, #326, #3472, .T. ) ;
#682 = AXIS2_PLACEMENT_3D ( 'NONE', #823, #2895, #3212 ) ;
#683 = EDGE_CURVE ( 'NONE', #2335, #1118, #2576, .T. ) ;
#684 = ORIENTED_EDGE ( 'NONE', *, *, #2892, .T. ) ;
#685 = CARTESIAN_POINT ( 'NONE',  ( 156.1773074330418751, 31.91186042908591247, -6.297909882858522046 ) ) ;
#686 = CARTESIAN_POINT ( 'NONE',  ( 120.8756634449199936, 26.07073774999909688, -48.98502487562579688 ) ) ;
#687 = CARTESIAN_POINT ( 'NONE',  ( 158.4311244189379693, 30.14697401008839250, -4.362209683966433715 ) ) ;
#688 = ORIENTED_EDGE ( 'NONE', *, *, #1276, .T. ) ;
#689 = DIRECTION ( 'NONE',  ( 0.000000000000000000, 0.000000000000000000, 1.000000000000000000 ) ) ;
#690 = LINE ( 'NONE', #1113, #1431 ) ;
#691 = CARTESIAN_POINT ( 'NONE',  ( 160.7226996524589993, 31.17073774999909830, 1.014975124374190019 ) ) ;
#692 = ADVANCED_FACE ( 'NONE', ( #352 ), #1181, .F. ) ;
#693 = ORIENTED_EDGE ( 'NONE', *, *, #2271, .T. ) ;
#694 = DIRECTION ( 'NONE',  ( 0.000000000000000000, 0.000000000000000000, 1.000000000000000000 ) ) ;
#695 = FACE_OUTER_BOUND ( 'NONE', #2884, .T. ) ;
#696 = DIRECTION ( 'NONE',  ( 0.000000000000000000, 1.000000000000000000, 0.000000000000000000 ) ) ;
#697 = CARTESIAN_POINT ( 'NONE',  ( 160.7226996524589993, -31.02926225000090099, 2.014975124374189797 ) ) ;
#698 = EDGE_LOOP ( 'NONE', ( #1811, #794, #642, #209 ) ) ;
#699 = CARTESIAN_POINT ( 'NONE',  ( 130.2242725277129978, 20.14073774999900124, 2.014975124374189797 ) ) ;
#700 = DIRECTION ( 'NONE',  ( 0.000000000000000000, 0.000000000000000000, 1.000000000000000000 ) ) ;
#701 = EDGE_CURVE ( 'NONE', #976, #1308, #679, .T. ) ;
#702 = CARTESIAN_POINT ( 'NONE',  ( 120.9878440400278237, 24.48241201042067061, -48.61545943304027162 ) ) ;
#703 = EDGE_CURVE ( 'NONE', #2236, #1760, #301, .T. ) ;
#704 = EDGE_LOOP ( 'NONE', ( #582, #1678, #2212, #804 ) ) ;
#705 = AXIS2_PLACEMENT_3D ( 'NONE', #3857, #2683, #2982 ) ;
#706 = ORIENTED_EDGE ( 'NONE', *, *, #3514, .F. ) ;
#707 = CARTESIAN_POINT ( 'NONE',  ( 120.6740668003067043, 25.43046461943695746, -48.96204157150137348 ) ) ;
#708 = EDGE_CURVE ( 'NONE', #2072, #2072, #2149, .T. ) ;
#709 = CARTESIAN_POINT ( 'NONE',  ( 121.0660663449707783, -26.34066147833354776, -48.54934694091965497 ) ) ;
#710 = ORIENTED_EDGE ( 'NONE', *, *, #959, .T. ) ;
#711 = ORIENTED_EDGE ( 'NONE', *, *, #2014, .F. ) ;
#712 = ADVANCED_FACE ( 'NONE', ( #1377, #3649 ), #3138, .F. ) ;
#713 = CARTESIAN_POINT ( 'NONE',  ( 156.2000011651395539, 32.86500911257210333, 1.014975124374190019 ) ) ;
#714 = DIRECTION ( 'NONE',  ( 0.000000000000000000, 1.000000000000000000, 0.000000000000000000 ) ) ;
#715 = DIRECTION ( 'NONE',  ( 0.6684690492821179220, 0.6684690492821109276, 0.3260341397825269327 ) ) ;
#716 = CYLINDRICAL_SURFACE ( 'NONE', #909, 2.499999999999998668 ) ;
#717 = ORIENTED_EDGE ( 'NONE', *, *, #3616, .F. ) ;
#718 = CARTESIAN_POINT ( 'NONE',  ( 123.3942725277129995, -30.02926225000090099, 2.014975124374189797 ) ) ;
#719 = CARTESIAN_POINT ( 'NONE',  ( 158.3341050709605042, 30.14657058065121831, -4.406426341898074028 ) ) ;
#720 = CIRCLE ( 'NONE', #1101, 1.000000000000000888 ) ;
#721 = LINE ( 'NONE', #983, #3412 ) ;
#722 = CARTESIAN_POINT ( 'NONE',  ( 120.8756634449199936, -27.92926225000089957, -47.98502487562579688 ) ) ;
#723 = DIRECTION ( 'NONE',  ( 1.000000000000000000, 0.000000000000000000, 0.000000000000000000 ) ) ;
#724 = B_SPLINE_CURVE_WITH_KNOTS ( 'NONE', 3,
 ( #2391, #635, #2692, #315, #2112, #944, #2099 ),
 .UNSPECIFIED., .F., .F.,
 ( 4, 3, 4 ),
 ( 0.000000000000000000, 0.9854038126139450515, 1.000000000000000000 ),
 .UNSPECIFIED. ) ;
#725 = DIRECTION ( 'NONE',  ( 1.000000000000000000, 0.000000000000000000, 0.000000000000000000 ) ) ;
#726 = CARTESIAN_POINT ( 'NONE',  ( 123.3942725277129995, -4.929262250000720158, -22.28726435827980268 ) ) ;
#727 = VECTOR ( 'NONE', #306, 1000.000000000000000 ) ;
#728 = CARTESIAN_POINT ( 'NONE',  ( 121.3841580240602980, 24.54292286497128828, -47.98735115107405846 ) ) ;
#729 = CARTESIAN_POINT ( 'NONE',  ( 116.7880825066738879, -22.13534364292621248, -45.95057370235191740 ) ) ;
#730 = PLANE ( 'NONE',  #1921 ) ;
#731 = AXIS2_PLACEMENT_3D ( 'NONE', #1085, #1648, #1037 ) ;
#732 = CARTESIAN_POINT ( 'NONE',  ( 116.3942725277129995, 33.07073774999909688, -14.98502487562580043 ) ) ;
#733 = ORIENTED_EDGE ( 'NONE', *, *, #3425, .F. ) ;
#734 = VERTEX_POINT ( 'NONE', #2117 ) ;
#735 = DIRECTION ( 'NONE',  ( 0.000000000000000000, 0.000000000000000000, -1.000000000000000000 ) ) ;
#736 = ADVANCED_FACE ( 'NONE', ( #66 ), #3596, .T. ) ;
#737 = CARTESIAN_POINT ( 'NONE',  ( 115.3942725277129995, 33.07073774999909688, 0.01497512437418529845 ) ) ;
#738 = VECTOR ( 'NONE', #3717, 1000.000000000000000 ) ;
#739 = CARTESIAN_POINT ( 'NONE',  ( 115.4073414650807621, 28.71552636318310192, 0.1762511546772676518 ) ) ;
#740 =( BOUNDED_CURVE ( )  B_SPLINE_CURVE ( 3, ( #435, #1066, #146, #1080 ),
 .UNSPECIFIED., .F., .T. ) 
 B_SPLINE_CURVE_WITH_KNOTS ( ( 4, 4 ),
 ( 0.000000000000000000, 1.570796326794897002 ),
 .UNSPECIFIED. ) 
 CURVE ( )  GEOMETRIC_REPRESENTATION_ITEM ( )  RATIONAL_B_SPLINE_CURVE ( ( 1.000000000000000000, 0.8047378541243649375, 0.8047378541243649375, 1.000000000000000000 ) ) 
 REPRESENTATION_ITEM ( '' )  );
#741 = PLANE ( 'NONE',  #1764 ) ;
#742 = ORIENTED_EDGE ( 'NONE', *, *, #1832, .F. ) ;
#743 = CARTESIAN_POINT ( 'NONE',  ( 128.5566688852460118, 47.19350271089610516, -48.98502487562579688 ) ) ;
#744 = VECTOR ( 'NONE', #786, 1000.000000000000000 ) ;
#745 = CARTESIAN_POINT ( 'NONE',  ( 116.3942725277129995, -27.92926225000089957, -41.48502487562579688 ) ) ;
#746 = SURFACE_SIDE_STYLE ('',( #885 ) ) ;
#747 = CARTESIAN_POINT ( 'NONE',  ( 123.3942725277129995, -49.92926225000089602, -40.98502487562579688 ) ) ;
#748 = CARTESIAN_POINT ( 'NONE',  ( 120.3942725277129995, -20.42926225000089957, -22.98502487562580043 ) ) ;
#749 = EDGE_LOOP ( 'NONE', ( #1142, #115, #1356, #1010 ) ) ;
#750 = CARTESIAN_POINT ( 'NONE',  ( 121.5316961483955112, -26.80717720687988503, -47.94984654230422194 ) ) ;
#751 = FACE_BOUND ( 'NONE', #3545, .T. ) ;
#752 = AXIS2_PLACEMENT_3D ( 'NONE', #1323, #3101, #452 ) ;
#753 = CARTESIAN_POINT ( 'NONE',  ( 116.3942725277129995, -42.92926225000100260, -40.98502487562579688 ) ) ;
#754 = ORIENTED_EDGE ( 'NONE', *, *, #1108, .F. ) ;
#755 = ADVANCED_FACE ( 'NONE', ( #293 ), #1456, .T. ) ;
#756 = EDGE_CURVE ( 'NONE', #1808, #1962, #532, .T. ) ;
#757 = ORIENTED_EDGE ( 'NONE', *, *, #30, .T. ) ;
#758 = VERTEX_POINT ( 'NONE', #3308 ) ;
#759 = EDGE_CURVE ( 'NONE', #3712, #2651, #2619, .T. ) ;
#760 = DIRECTION ( 'NONE',  ( 0.000000000000000000, 0.000000000000000000, -1.000000000000000000 ) ) ;
#761 = DIRECTION ( 'NONE',  ( 0.000000000000000000, 0.000000000000000000, 1.000000000000000000 ) ) ;
#762 = CARTESIAN_POINT ( 'NONE',  ( 156.8026248756969210, 32.26238540201482863, -5.992922187876965623 ) ) ;
#763 = CARTESIAN_POINT ( 'NONE',  ( 121.6732881697532918, -27.19655526561374614, -47.98502487562579688 ) ) ;
#764 = ORIENTED_EDGE ( 'NONE', *, *, #1302, .T. ) ;
#765 = EDGE_CURVE ( 'NONE', #127, #350, #1729, .T. ) ;
#766 = AXIS2_PLACEMENT_3D ( 'NONE', #1854, #939, #36 ) ;
#767 = ORIENTED_EDGE ( 'NONE', *, *, #3817, .F. ) ;
#768 = CARTESIAN_POINT ( 'NONE',  ( 155.9443002328030161, -33.87225747886700589, -6.411555087785409945 ) ) ;
#769 = ORIENTED_EDGE ( 'NONE', *, *, #3418, .F. ) ;
#770 = VECTOR ( 'NONE', #1255, 1000.000000000000000 ) ;
#771 = CIRCLE ( 'NONE', #2278, 1.000000000000000888 ) ;
#772 = FACE_OUTER_BOUND ( 'NONE', #1309, .T. ) ;
#773 = LINE ( 'NONE', #586, #1169 ) ;
#774 = CARTESIAN_POINT ( 'NONE',  ( 116.3942725277129995, -22.42926225000089957, -44.94912649076359656 ) ) ;
#775 = CARTESIAN_POINT ( 'NONE',  ( 158.9018954967939692, -32.02163928091979983, -4.201316574054550834 ) ) ;
#776 = ORIENTED_EDGE ( 'NONE', *, *, #2819, .T. ) ;
#777 = DIRECTION ( 'NONE',  ( 0.000000000000000000, 0.000000000000000000, -1.000000000000000000 ) ) ;
#778 = AXIS2_PLACEMENT_3D ( 'NONE', #3248, #2370, #305 ) ;
#779 = DIRECTION ( 'NONE',  ( -0.6684690492821153684, -0.6684690492821142582, -0.3260341397825251009 ) ) ;
#780 = ADVANCED_FACE ( 'NONE', ( #573 ), #954, .T. ) ;
#781 = CYLINDRICAL_SURFACE ( 'NONE', #1852, 5.999999999999998224 ) ;
#782 = CARTESIAN_POINT ( 'NONE',  ( 156.2002908182720091, -33.74740167164669913, -6.286700136886380186 ) ) ;
#783 = ORIENTED_EDGE ( 'NONE', *, *, #1381, .F. ) ;
#784 = ORIENTED_EDGE ( 'NONE', *, *, #3227, .T. ) ;
#785 = EDGE_CURVE ( 'NONE', #368, #3531, #2948, .T. ) ;
#786 = DIRECTION ( 'NONE',  ( 0.000000000000000000, 0.000000000000000000, 1.000000000000000000 ) ) ;
#787 = AXIS2_PLACEMENT_3D ( 'NONE', #1094, #3196, #1709 ) ;
#788 = DIRECTION ( 'NONE',  ( -0.4383711467890770708, 1.679527478707481540E-15, 0.8987940462991672597 ) ) ;
#789 = ORIENTED_EDGE ( 'NONE', *, *, #2947, .F. ) ;
#790 = DIRECTION ( 'NONE',  ( 0.000000000000000000, 1.000000000000000000, 0.000000000000000000 ) ) ;
#791 = CARTESIAN_POINT ( 'NONE',  ( 182.8942725277130137, 23.17073774999909830, 2.014975124374189797 ) ) ;
#792 = AXIS2_PLACEMENT_3D ( 'NONE', #1313, #1301, #3391 ) ;
#793 = CARTESIAN_POINT ( 'NONE',  ( 156.5801351221109883, -34.34339965560249652, 1.014975124374190019 ) ) ;
#794 = ORIENTED_EDGE ( 'NONE', *, *, #836, .F. ) ;
#795 = DIRECTION ( 'NONE',  ( 0.000000000000000000, 0.000000000000000000, -1.000000000000000000 ) ) ;
#796 =( NAMED_UNIT ( * ) PLANE_ANGLE_UNIT ( ) SI_UNIT ( $, .RADIAN. ) );
#797 =( BOUNDED_CURVE ( )  B_SPLINE_CURVE ( 3, ( #1280, #1583, #2413, #3786 ),
 .UNSPECIFIED., .F., .F. ) 
 B_SPLINE_CURVE_WITH_KNOTS ( ( 4, 4 ),
 ( 1.570796326794880349, 2.826425694958081269 ),
 .UNSPECIFIED. ) 
 CURVE ( )  GEOMETRIC_REPRESENTATION_ITEM ( )  RATIONAL_B_SPLINE_CURVE ( ( 1.000000000000000000, 0.8728753635303873049, 0.8728753635303873049, 1.000000000000000000 ) ) 
 REPRESENTATION_ITEM ( '' )  );
#798 = ORIENTED_EDGE ( 'NONE', *, *, #487, .T. ) ;
#799 = VERTEX_POINT ( 'NONE', #1814 ) ;
#800 = ADVANCED_FACE ( 'NONE', ( #3415 ), #1207, .F. ) ;
#801 = LINE ( 'NONE', #2873, #3858 ) ;
#802 = CARTESIAN_POINT ( 'NONE',  ( 115.7514849180260086, 21.11010059621239776, -46.45044449451139457 ) ) ;
#803 = CARTESIAN_POINT ( 'NONE',  ( 121.3942725277129995, 24.57073774999910043, -47.83309957918950062 ) ) ;
#804 = ORIENTED_EDGE ( 'NONE', *, *, #30, .F. ) ;
#805 = DIRECTION ( 'NONE',  ( 1.000000000000000000, 0.000000000000000000, 0.000000000000000000 ) ) ;
#806 = DIRECTION ( 'NONE',  ( 0.7071067811865470176, 0.7071067811865480168, 0.000000000000000000 ) ) ;
#807 = CARTESIAN_POINT ( 'NONE',  ( 117.3942725277129853, -20.42926225000089957, -15.48502487562579866 ) ) ;
#808 = ORIENTED_EDGE ( 'NONE', *, *, #888, .T. ) ;
#809 = ORIENTED_EDGE ( 'NONE', *, *, #108, .T. ) ;
#810 = CARTESIAN_POINT ( 'NONE',  ( 115.3942725277129995, 21.87614503933139787, 1.014975124374170035 ) ) ;
#811 = APPLICATION_CONTEXT ( 'automotive_design' ) ;
#812 = ORIENTED_EDGE ( 'NONE', *, *, #2411, .F. ) ;
#813 = DIRECTION ( 'NONE',  ( 0.000000000000000000, 0.000000000000000000, -1.000000000000000000 ) ) ;
#814 = CARTESIAN_POINT ( 'NONE',  ( 130.2242725277129978, 22.64073774999900124, 2.014975124374189797 ) ) ;
#815 = ORIENTED_EDGE ( 'NONE', *, *, #2616, .F. ) ;
#816 = FACE_OUTER_BOUND ( 'NONE', #2997, .T. ) ;
#817 = CARTESIAN_POINT ( 'NONE',  ( 153.7942725277129910, -0.9292622500009990461, -4.485024875625809315 ) ) ;
#818 = CARTESIAN_POINT ( 'NONE',  ( 123.3942725277129995, 49.07073774999910398, 2.014975124374189797 ) ) ;
#819 = ORIENTED_EDGE ( 'NONE', *, *, #3756, .F. ) ;
#820 = LINE ( 'NONE', #2342, #3082 ) ;
#821 = LINE ( 'NONE', #210, #3799 ) ;
#822 = CARTESIAN_POINT ( 'NONE',  ( 115.7514849180260086, -22.96862509621429993, -46.45044449451139457 ) ) ;
#823 = CARTESIAN_POINT ( 'NONE',  ( 177.8942725277130137, 23.17073774999909830, 1.014975124374190019 ) ) ;
#824 = VECTOR ( 'NONE', #2371, 1000.000000000000000 ) ;
#825 = CARTESIAN_POINT ( 'NONE',  ( 160.7226996524589993, -33.02926225000089744, -3.485024875625820417 ) ) ;
#826 = AXIS2_PLACEMENT_3D ( 'NONE', #2729, #611, #359 ) ;
#827 = CARTESIAN_POINT ( 'NONE',  ( 96.43988056407890497, 39.26914067231439986, -47.98502487562579688 ) ) ;
#828 = VERTEX_POINT ( 'NONE', #630 ) ;
#829 = ORIENTED_EDGE ( 'NONE', *, *, #1809, .F. ) ;
#830 = EDGE_CURVE ( 'NONE', #3263, #828, #1643, .T. ) ;
#831 = EDGE_CURVE ( 'NONE', #2921, #3114, #216, .T. ) ;
#832 = ORIENTED_EDGE ( 'NONE', *, *, #3157, .T. ) ;
#833 = CARTESIAN_POINT ( 'NONE',  ( 115.7514849180260086, 21.11010059621239776, -46.45044449451139457 ) ) ;
#834 = EDGE_CURVE ( 'NONE', #3712, #194, #3754, .T. ) ;
#835 = DIRECTION ( 'NONE',  ( 0.000000000000000000, 1.000000000000000000, 0.000000000000000000 ) ) ;
#836 = EDGE_CURVE ( 'NONE', #3301, #1204, #1817, .T. ) ;
#837 = CARTESIAN_POINT ( 'NONE',  ( 121.3942725277129995, 24.57073774999910043, -47.80958019596259589 ) ) ;
#838 = STYLED_ITEM ( 'NONE', ( #923 ), #609 ) ;
#839 = ORIENTED_EDGE ( 'NONE', *, *, #620, .F. ) ;
#840 = CARTESIAN_POINT ( 'NONE',  ( 115.3942725277129995, -42.17926225000089602, -13.53502487562580114 ) ) ;
#841 = LINE ( 'NONE', #617, #1071 ) ;
#842 = PLANE ( 'NONE',  #2640 ) ;
#843 =( LENGTH_UNIT ( ) NAMED_UNIT ( * ) SI_UNIT ( .MILLI., .METRE. ) );
#844 = ORIENTED_EDGE ( 'NONE', *, *, #3153, .F. ) ;
#845 = DIRECTION ( 'NONE',  ( 1.000000000000000000, 0.000000000000000000, 0.000000000000000000 ) ) ;
#846 = ORIENTED_EDGE ( 'NONE', *, *, #1617, .F. ) ;
#847 = CARTESIAN_POINT ( 'NONE',  ( 116.6833124530740093, 20.32820445523312358, -46.34056276821148401 ) ) ;
#848 = AXIS2_PLACEMENT_3D ( 'NONE', #2715, #3600, #1774 ) ;
#849 = DIRECTION ( 'NONE',  ( 1.000000000000000000, 0.000000000000000000, 0.000000000000000000 ) ) ;
#850 = DIRECTION ( 'NONE',  ( -0.3417430630866918340, -0.9397934234884415261, 0.000000000000000000 ) ) ;
#851 = ORIENTED_EDGE ( 'NONE', *, *, #3338, .F. ) ;
#852 = ORIENTED_EDGE ( 'NONE', *, *, #1691, .T. ) ;
#853 = CARTESIAN_POINT ( 'NONE',  ( 116.5176077439124072, 20.46724721557498583, -45.67467707429617718 ) ) ;
#854 = EDGE_LOOP ( 'NONE', ( #717, #3557, #2755, #3540 ) ) ;
#855 = DIRECTION ( 'NONE',  ( 0.000000000000000000, 0.000000000000000000, 1.000000000000000000 ) ) ;
#856 = EDGE_CURVE ( 'NONE', #2825, #918, #1052, .T. ) ;
#857 = CARTESIAN_POINT ( 'NONE',  ( 123.3942725277129995, -42.92926225000100260, -40.98502487562579688 ) ) ;
#858 = VERTEX_POINT ( 'NONE', #2995 ) ;
#859 = DIRECTION ( 'NONE',  ( 0.000000000000000000, 0.000000000000000000, -1.000000000000000000 ) ) ;
#860 = ORIENTED_EDGE ( 'NONE', *, *, #3611, .T. ) ;
#861 = FACE_OUTER_BOUND ( 'NONE', #591, .T. ) ;
#862 = CYLINDRICAL_SURFACE ( 'NONE', #574, 2.000000000000001776 ) ;
#863 = DIRECTION ( 'NONE',  ( 0.000000000000000000, 0.000000000000000000, -1.000000000000000000 ) ) ;
#864 = AXIS2_PLACEMENT_3D ( 'NONE', #3018, #3636, #2513 ) ;
#865 = DIRECTION ( 'NONE',  ( 0.000000000000000000, 0.000000000000000000, -1.000000000000000000 ) ) ;
#866 = CARTESIAN_POINT ( 'NONE',  ( 156.7813272340530091, 32.28368304365920238, -22.03935739966109963 ) ) ;
#867 = FACE_OUTER_BOUND ( 'NONE', #2631, .T. ) ;
#868 = CARTESIAN_POINT ( 'NONE',  ( 123.4646080963390062, -32.12268506372389965, -21.14908400434849867 ) ) ;
#869 = VECTOR ( 'NONE', #3659, 1000.000000000000000 ) ;
#870 = ORIENTED_EDGE ( 'NONE', *, *, #683, .T. ) ;
#871 = ORIENTED_EDGE ( 'NONE', *, *, #111, .F. ) ;
#872 = LINE ( 'NONE', #1739, #824 ) ;
#873 = DIRECTION ( 'NONE',  ( 0.000000000000000000, 0.000000000000000000, 1.000000000000000000 ) ) ;
#874 = FACE_OUTER_BOUND ( 'NONE', #482, .T. ) ;
#875 = CARTESIAN_POINT ( 'NONE',  ( 121.3942725277129995, -26.42926225000089957, -47.83309957918950062 ) ) ;
#876 = ORIENTED_EDGE ( 'NONE', *, *, #3245, .F. ) ;
#877 = CARTESIAN_POINT ( 'NONE',  ( 157.9103887986369728, 30.12627249855450273, -4.485024875625809315 ) ) ;
#878 = CARTESIAN_POINT ( 'NONE',  ( 117.1889921381961273, 20.23293077346016133, -46.16448023280394608 ) ) ;
#879 = AXIS2_PLACEMENT_3D ( 'NONE', #3565, #2655, #886 ) ;
#880 = ADVANCED_FACE ( 'NONE', ( #867 ), #3318, .T. ) ;
#881 = FACE_OUTER_BOUND ( 'NONE', #3305, .T. ) ;
#882 = ORIENTED_EDGE ( 'NONE', *, *, #3178, .T. ) ;
#883 = DIRECTION ( 'NONE',  ( 0.7071067811865470176, -0.7071067811865480168, 0.000000000000000000 ) ) ;
#884 = EDGE_CURVE ( 'NONE', #3423, #133, #1130, .T. ) ;
#885 = SURFACE_STYLE_FILL_AREA ( #3135 ) ;
#886 = DIRECTION ( 'NONE',  ( 0.000000000000000000, -1.000000000000000000, 0.000000000000000000 ) ) ;
#887 = ORIENTED_EDGE ( 'NONE', *, *, #3418, .T. ) ;
#888 = EDGE_CURVE ( 'NONE', #1962, #1224, #2856, .T. ) ;
#889 = DIRECTION ( 'NONE',  ( 0.000000000000000000, 0.000000000000000000, 1.000000000000000000 ) ) ;
#890 = EDGE_CURVE ( 'NONE', #2330, #1926, #1870, .T. ) ;
#891 = VECTOR ( 'NONE', #2636, 1000.000000000000114 ) ;
#892 = DIRECTION ( 'NONE',  ( 0.000000000000000000, 0.008726535498373710897, -0.9999619230641713097 ) ) ;
#893 = CARTESIAN_POINT ( 'NONE',  ( 121.3942725277129995, 26.07073774999909688, -41.48502487562579688 ) ) ;
#894 = DIRECTION ( 'NONE',  ( 0.000000000000000000, 0.000000000000000000, 1.000000000000000000 ) ) ;
#895 = ORIENTED_EDGE ( 'NONE', *, *, #2338, .T. ) ;
#896 = ORIENTED_EDGE ( 'NONE', *, *, #3817, .T. ) ;
#897 = ORIENTED_EDGE ( 'NONE', *, *, #2338, .F. ) ;
#898 = CARTESIAN_POINT ( 'NONE',  ( 120.6607980643764932, -26.36391904249238749, -48.78305340156828152 ) ) ;
#899 = DIRECTION ( 'NONE',  ( 0.8987874693249316982, 0.003825579047224448703, 0.4383679389844088448 ) ) ;
#900 = CARTESIAN_POINT ( 'NONE',  ( 121.3942725277129995, -26.42926225000089957, -47.80958019596259589 ) ) ;
#901 = AXIS2_PLACEMENT_3D ( 'NONE', #1026, #411, #3398 ) ;
#902 = ORIENTED_EDGE ( 'NONE', *, *, #911, .F. ) ;
#903 = CARTESIAN_POINT ( 'NONE',  ( 116.9295562629634446, 20.25212426289794365, -46.03356304094328522 ) ) ;
#904 = ORIENTED_EDGE ( 'NONE', *, *, #3675, .F. ) ;
#905 = EDGE_CURVE ( 'NONE', #2236, #3712, #3838, .T. ) ;
#906 = TOROIDAL_SURFACE ( 'NONE', #1588, 6.500000000000000000, 1.000000000000000000 ) ;
#907 = EDGE_CURVE ( 'NONE', #2781, #1210, #2055, .T. ) ;
#908 = CIRCLE ( 'NONE', #634, 0.9999999999999994449 ) ;
#909 = AXIS2_PLACEMENT_3D ( 'NONE', #1483, #889, #2078 ) ;
#910 = FACE_OUTER_BOUND ( 'NONE', #3127, .T. ) ;
#911 = EDGE_CURVE ( 'NONE', #2047, #2456, #1609, .T. ) ;
#912 = CARTESIAN_POINT ( 'NONE',  ( 120.7505006057643300, -26.35467131755995140, -48.75081449479117879 ) ) ;
#913 = EDGE_CURVE ( 'NONE', #535, #3608, #489, .T. ) ;
#914 =( BOUNDED_CURVE ( )  B_SPLINE_CURVE ( 3, ( #3307, #361, #77, #1812 ),
 .UNSPECIFIED., .F., .T. ) 
 B_SPLINE_CURVE_WITH_KNOTS ( ( 4, 4 ),
 ( 2.268928027593026808, 3.141592653589793116 ),
 .UNSPECIFIED. ) 
 CURVE ( )  GEOMETRIC_REPRESENTATION_ITEM ( )  RATIONAL_B_SPLINE_CURVE ( ( 1.000000000000000000, 0.9375385246911560611, 0.9375385246911560611, 1.000000000000000000 ) ) 
 REPRESENTATION_ITEM ( '' )  );
#915 = DIRECTION ( 'NONE',  ( 0.000000000000000000, 0.000000000000000000, -1.000000000000000000 ) ) ;
#916 = CARTESIAN_POINT ( 'NONE',  ( 123.3942725277129995, -50.92926225000089602, -47.98502487562579688 ) ) ;
#917 = ORIENTED_EDGE ( 'NONE', *, *, #2892, .F. ) ;
#918 = VERTEX_POINT ( 'NONE', #1029 ) ;
#919 = EDGE_LOOP ( 'NONE', ( #3737 ) ) ;
#920 = DIRECTION ( 'NONE',  ( 0.000000000000000000, -1.000000000000000000, 0.000000000000000000 ) ) ;
#921 = DIRECTION ( 'NONE',  ( -1.000000000000000000, 0.000000000000000000, 0.000000000000000000 ) ) ;
#922 = CARTESIAN_POINT ( 'NONE',  ( 159.3050434382220146, 29.75996683948940102, -3.488467527489090170 ) ) ;
#923 = PRESENTATION_STYLE_ASSIGNMENT (( #1410 ) ) ;
#924 = CARTESIAN_POINT ( 'NONE',  ( 115.7514849180260086, 21.11010059621239776, 1.059626673163350130 ) ) ;
#925 = ORIENTED_EDGE ( 'NONE', *, *, #1951, .T. ) ;
#926 = DIRECTION ( 'NONE',  ( 1.000000000000000000, 0.000000000000000000, 0.000000000000000000 ) ) ;
#927 = VECTOR ( 'NONE', #1577, 1000.000000000000114 ) ;
#928 = AXIS2_PLACEMENT_3D ( 'NONE', #1757, #1178, #2387 ) ;
#929 = ORIENTED_EDGE ( 'NONE', *, *, #1034, .F. ) ;
#930 = LINE ( 'NONE', #283, #1025 ) ;
#931 = AXIS2_PLACEMENT_3D ( 'NONE', #2218, #2824, #185 ) ;
#932 = DIRECTION ( 'NONE',  ( 0.000000000000000000, 1.000000000000000000, 0.000000000000000000 ) ) ;
#933 = EDGE_LOOP ( 'NONE', ( #1162 ) ) ;
#934 = FACE_OUTER_BOUND ( 'NONE', #2041, .T. ) ;
#935 = CARTESIAN_POINT ( 'NONE',  ( 115.3944678682219234, -30.22089636928160417, 0.03325786604774188387 ) ) ;
#936 = CARTESIAN_POINT ( 'NONE',  ( 159.3084860900860065, -31.61504868762780163, -3.485024875625820417 ) ) ;
#937 = CARTESIAN_POINT ( 'NONE',  ( 123.3942725277129995, 26.07073774999909688, -48.98502487562579688 ) ) ;
#938 = VERTEX_POINT ( 'NONE', #1250 ) ;
#939 = DIRECTION ( 'NONE',  ( 0.000000000000000000, 1.000000000000000000, 0.000000000000000000 ) ) ;
#940 = CARTESIAN_POINT ( 'NONE',  ( 157.8177124851562496, -31.97977551080956360, -4.485024875625819085 ) ) ;
#941 = EDGE_LOOP ( 'NONE', ( #3488, #3226, #2344, #1828, #1606, #3310, #1371, #501, #561 ) ) ;
#942 = ORIENTED_EDGE ( 'NONE', *, *, #2618, .F. ) ;
#943 = DIRECTION ( 'NONE',  ( 0.000000000000000000, -1.000000000000000000, 0.000000000000000000 ) ) ;
#944 = CARTESIAN_POINT ( 'NONE',  ( 159.3067647612849953, -31.61677001642840423, -3.486746195819679706 ) ) ;
#945 = VERTEX_POINT ( 'NONE', #2803 ) ;
#946 = ORIENTED_EDGE ( 'NONE', *, *, #163, .F. ) ;
#947 = AXIS2_PLACEMENT_3D ( 'NONE', #2145, #375, #700 ) ;
#948 = ORIENTED_EDGE ( 'NONE', *, *, #3535, .F. ) ;
#949 = ADVANCED_FACE ( 'NONE', ( #1924, #1325, #1269, #2530, #2435, #2580 ), #135, .F. ) ;
#950 = CARTESIAN_POINT ( 'NONE',  ( 110.8366082941360133, -4.462838892337650520, -4.485024875625819973 ) ) ;
#951 = VECTOR ( 'NONE', #406, 1000.000000000000000 ) ;
#952 = EDGE_CURVE ( 'NONE', #2904, #2242, #2106, .T. ) ;
#953 = CARTESIAN_POINT ( 'NONE',  ( 115.7514849180260086, -22.96862509621429993, -22.86520669096299940 ) ) ;
#954 = CYLINDRICAL_SURFACE ( 'NONE', #1668, 2.000000000000005773 ) ;
#955 = LINE ( 'NONE', #1697, #177 ) ;
#956 = EDGE_CURVE ( 'NONE', #1093, #2335, #1185, .T. ) ;
#957 = ORIENTED_EDGE ( 'NONE', *, *, #961, .T. ) ;
#958 = ORIENTED_EDGE ( 'NONE', *, *, #2020, .T. ) ;
#959 = EDGE_CURVE ( 'NONE', #1403, #858, #2664, .T. ) ;
#960 = CARTESIAN_POINT ( 'NONE',  ( 122.3942725277129995, -50.92926225000089602, -47.98502487562579688 ) ) ;
#961 = EDGE_CURVE ( 'NONE', #49, #1649, #2508, .T. ) ;
#962 = FACE_OUTER_BOUND ( 'NONE', #239, .T. ) ;
#963 = CARTESIAN_POINT ( 'NONE',  ( 115.4927701771647435, -30.85321034663231288, 0.4479646753757675071 ) ) ;
#964 = DIRECTION ( 'NONE',  ( 0.000000000000000000, -1.000000000000000000, 0.000000000000000000 ) ) ;
#965 = PLANE ( 'NONE',  #3158 ) ;
#966 = DIRECTION ( 'NONE',  ( 0.000000000000000000, -1.000000000000000000, 0.000000000000000000 ) ) ;
#967 = VECTOR ( 'NONE', #3621, 1000.000000000000000 ) ;
#968 = ORIENTED_EDGE ( 'NONE', *, *, #1737, .F. ) ;
#969 = PRODUCT_DEFINITION_CONTEXT ( 'detailed design', #1095, 'design' ) ;
#970 = DIRECTION ( 'NONE',  ( 1.000000000000000000, 0.000000000000000000, 0.000000000000000000 ) ) ;
#971 = CARTESIAN_POINT ( 'NONE',  ( 115.3942725277129995, 26.07073774999909688, -41.48502487562579688 ) ) ;
#972 = ADVANCED_FACE ( 'NONE', ( #772 ), #1976, .T. ) ;
#973 = AXIS2_PLACEMENT_3D ( 'NONE', #3081, #2801, #3098 ) ;
#974 = VERTEX_POINT ( 'NONE', #536 ) ;
#975 = CARTESIAN_POINT ( 'NONE',  ( 115.4246142142884537, -30.68465359982631213, 0.2594043084882806105 ) ) ;
#976 = VERTEX_POINT ( 'NONE', #989 ) ;
#977 = DIRECTION ( 'NONE',  ( 0.000000000000000000, -0.7639107105977788192, -0.6453219554873338426 ) ) ;
#978 = CYLINDRICAL_SURFACE ( 'NONE', #458, 0.9999999999999986677 ) ;
#979 = CARTESIAN_POINT ( 'NONE',  ( 115.7416158842404315, 29.14433426525857129, 0.7775060159079318911 ) ) ;
#980 = DIRECTION ( 'NONE',  ( 0.000000000000000000, -1.000000000000000000, 0.000000000000000000 ) ) ;
#981 = ORIENTED_EDGE ( 'NONE', *, *, #348, .F. ) ;
#982 = AXIS2_PLACEMENT_3D ( 'NONE', #3449, #1616, #417 ) ;
#983 = CARTESIAN_POINT ( 'NONE',  ( 116.3942725277129995, 49.07073774999910398, -48.98502487562579688 ) ) ;
#984 = AXIS2_PLACEMENT_3D ( 'NONE', #1433, #1723, #549 ) ;
#985 = CARTESIAN_POINT ( 'NONE',  ( 122.3942725277129995, -49.92926225000089602, -14.98502487562580043 ) ) ;
#986 = VERTEX_POINT ( 'NONE', #3664 ) ;
#987 = DIRECTION ( 'NONE',  ( 0.000000000000000000, 0.000000000000000000, -1.000000000000000000 ) ) ;
#988 = AXIS2_PLACEMENT_3D ( 'NONE', #2022, #1407, #2886 ) ;
#989 = CARTESIAN_POINT ( 'NONE',  ( 122.3942725277129995, -42.92926225000100260, -48.98502487562579688 ) ) ;
#990 = ORIENTED_EDGE ( 'NONE', *, *, #2897, .T. ) ;
#991 = CARTESIAN_POINT ( 'NONE',  ( 116.3942725277129995, -22.42926225000089957, -72.98502487562589636 ) ) ;
#992 = ADVANCED_FACE ( 'NONE', ( #2810 ), #2761, .T. ) ;
#993 = CARTESIAN_POINT ( 'NONE',  ( 115.6220669932733358, 29.10302725493115261, 0.6514512983054738804 ) ) ;
#994 = ORIENTED_EDGE ( 'NONE', *, *, #888, .F. ) ;
#995 = DIRECTION ( 'NONE',  ( 0.000000000000000000, 0.000000000000000000, 1.000000000000000000 ) ) ;
#996 = CARTESIAN_POINT ( 'NONE',  ( 123.3942725277129995, -31.92926225000100615, -47.98502487562579688 ) ) ;
#997 = ORIENTED_EDGE ( 'NONE', *, *, #296, .F. ) ;
#998 = CIRCLE ( 'NONE', #3345, 2.500000000000002220 ) ;
#999 = CARTESIAN_POINT ( 'NONE',  ( 121.0703043680698556, -26.34073357778552449, -48.54540125862106947 ) ) ;
#1000 = CARTESIAN_POINT ( 'NONE',  ( 122.9800589653398930, 30.14371181510469455, -48.98502487562581820 ) ) ;
#1001 = CYLINDRICAL_SURFACE ( 'NONE', #1687, 19.14999999999999858 ) ;
#1002 = FACE_OUTER_BOUND ( 'NONE', #608, .T. ) ;
#1003 = CARTESIAN_POINT ( 'NONE',  ( 115.3942725277129995, 26.07073774999909688, -47.98502487562579688 ) ) ;
#1004 = CARTESIAN_POINT ( 'NONE',  ( 116.0416074316739810, 29.17381913927679449, 0.9675211451783649608 ) ) ;
#1005 = AXIS2_PLACEMENT_3D ( 'NONE', #1, #2397, #2658 ) ;
#1006 = PLANE ( 'NONE',  #1977 ) ;
#1007 = DIRECTION ( 'NONE',  ( 0.000000000000000000, 0.000000000000000000, 1.000000000000000000 ) ) ;
#1008 = ORIENTED_EDGE ( 'NONE', *, *, #167, .F. ) ;
#1009 = ADVANCED_FACE ( 'NONE', ( #441, #665 ), #1001, .F. ) ;
#1010 = ORIENTED_EDGE ( 'NONE', *, *, #2487, .F. ) ;
#1011 = CARTESIAN_POINT ( 'NONE',  ( 122.3942725277129995, -34.92926225000069707, 1.014975124374190019 ) ) ;
#1012 = DIRECTION ( 'NONE',  ( 0.000000000000000000, 0.000000000000000000, -1.000000000000000000 ) ) ;
#1013 = ORIENTED_EDGE ( 'NONE', *, *, #1087, .T. ) ;
#1014 = CARTESIAN_POINT ( 'NONE',  ( 115.3972033148108665, 28.55326527263568437, 0.09076370795053921581 ) ) ;
#1015 = DIRECTION ( 'NONE',  ( 0.7071067811865441310, -0.7071067811865510144, 0.000000000000000000 ) ) ;
#1016 = LINE ( 'NONE', #322, #1470 ) ;
#1017 = CARTESIAN_POINT ( 'NONE',  ( 116.9554536901116677, -22.10599769294179495, -46.04886383551762918 ) ) ;
#1018 = ORIENTED_EDGE ( 'NONE', *, *, #3294, .F. ) ;
#1019 = CARTESIAN_POINT ( 'NONE',  ( 177.8942725277130137, -30.02926225000090099, -4.485024875625819973 ) ) ;
#1020 = DIRECTION ( 'NONE',  ( 1.000000000000000000, 0.000000000000000000, 0.000000000000000000 ) ) ;
#1021 = ORIENTED_EDGE ( 'NONE', *, *, #3559, .F. ) ;
#1022 = AXIS2_PLACEMENT_3D ( 'NONE', #2361, #2684, #1509 ) ;
#1023 = B_SPLINE_CURVE_WITH_KNOTS ( 'NONE', 3,
 ( #1750, #563, #875, #900 ),
 .UNSPECIFIED., .F., .F.,
 ( 4, 4 ),
 ( 0.000000000000000000, 1.000000000000000000 ),
 .UNSPECIFIED. ) ;
#1024 = CARTESIAN_POINT ( 'NONE',  ( 156.5801351221109883, -34.34339965560249652, 1.014975124374190019 ) ) ;
#1025 = VECTOR ( 'NONE', #894, 1000.000000000000000 ) ;
#1026 = CARTESIAN_POINT ( 'NONE',  ( 123.6725221701380093, 31.26323752593449612, -21.03895099943709823 ) ) ;
#1027 = ORIENTED_EDGE ( 'NONE', *, *, #429, .T. ) ;
#1028 = ADVANCED_FACE ( 'NONE', ( #342 ), #3034, .T. ) ;
#1029 = CARTESIAN_POINT ( 'NONE',  ( 121.3942725277129995, 11.07073774999899918, -14.48502487562580043 ) ) ;
#1031 = EDGE_CURVE ( 'NONE', #1635, #2025, #1176, .T. ) ;
#1030 = FACE_BOUND ( 'NONE', #3620, .T. ) ;
#1032 = CARTESIAN_POINT ( 'NONE',  ( 123.3942725277129995, -34.92926225000089602, -14.98502487562580043 ) ) ;
#1033 = CARTESIAN_POINT ( 'NONE',  ( 123.3942725277129995, 28.17073774999909830, 2.014975124374189797 ) ) ;
#1034 = EDGE_CURVE ( 'NONE', #194, #1409, #1536, .T. ) ;
#1035 = EDGE_LOOP ( 'NONE', ( #1337, #1963, #2535, #1770, #3626, #896, #2181, #3806, #1904, #272 ) ) ;
#1036 = CARTESIAN_POINT ( 'NONE',  ( 116.9729841294390837, -22.10325097762738977, -46.05891832600002544 ) ) ;
#1037 = DIRECTION ( 'NONE',  ( 0.000000000000000000, 0.000000000000000000, 1.000000000000000000 ) ) ;
#1038 = CARTESIAN_POINT ( 'NONE',  ( 182.8942725277130137, -31.02926225000090099, -3.485024875625820417 ) ) ;
#1039 = EDGE_CURVE ( 'NONE', #61, #3301, #3275, .T. ) ;
#1040 = EDGE_CURVE ( 'NONE', #1581, #595, #1098, .T. ) ;
#1041 = EDGE_LOOP ( 'NONE', ( #902, #450, #560, #1830 ) ) ;
#1042 = PLANE ( 'NONE',  #3035 ) ;
#1043 = ORIENTED_EDGE ( 'NONE', *, *, #86, .T. ) ;
#1044 = CARTESIAN_POINT ( 'NONE',  ( 115.3994752149569791, 28.61429601857615523, 0.1176277815542014910 ) ) ;
#1045 = VERTEX_POINT ( 'NONE', #1595 ) ;
#1046 = CARTESIAN_POINT ( 'NONE',  ( 158.9519399921630054, -31.97159478555090217, -3.833234724604080323 ) ) ;
#1047 = CARTESIAN_POINT ( 'NONE',  ( 115.0443058806339991, -8.966853970532630669, -26.35981520549830037 ) ) ;
#1048 = LINE ( 'NONE', #3095, #251 ) ;
#1049 = CYLINDRICAL_SURFACE ( 'NONE', #2162, 8.000000000000000000 ) ;
#1050 = CARTESIAN_POINT ( 'NONE',  ( 115.3942725277129995, 40.32073774999909688, -13.53502487562580114 ) ) ;
#1051 = AXIS2_PLACEMENT_3D ( 'NONE', #2381, #2052, #2210 ) ;
#1052 = LINE ( 'NONE', #2172, #254 ) ;
#1053 = LINE ( 'NONE', #3586, #1865 ) ;
#1054 = EDGE_LOOP ( 'NONE', ( #2575, #645, #942, #812 ) ) ;
#1055 = VERTEX_POINT ( 'NONE', #147 ) ;
#1056 = VECTOR ( 'NONE', #2064, 1000.000000000000114 ) ;
#1057 = EDGE_CURVE ( 'NONE', #1790, #2333, #1454, .T. ) ;
#1058 = CARTESIAN_POINT ( 'NONE',  ( 120.7061083058181339, 24.49923662797510104, -48.77589075493333581 ) ) ;
#1059 = AXIS2_PLACEMENT_3D ( 'NONE', #3376, #3683, #400 ) ;
#1060 = CARTESIAN_POINT ( 'NONE',  ( 157.9103887986369728, -31.98479699855640135, -4.485024875625819973 ) ) ;
#1061 = ORIENTED_EDGE ( 'NONE', *, *, #253, .F. ) ;
#1062 = AXIS2_PLACEMENT_3D ( 'NONE', #415, #1310, #1902 ) ;
#1063 = EDGE_LOOP ( 'NONE', ( #1766, #832, #860, #2953 ) ) ;
#1064 = DIRECTION ( 'NONE',  ( 1.000000000000000000, 0.000000000000000000, 0.000000000000000000 ) ) ;
#1065 = ORIENTED_EDGE ( 'NONE', *, *, #3541, .F. ) ;
#1066 = CARTESIAN_POINT ( 'NONE',  ( 123.3942725277128574, 28.75652418762599538, 2.014975124374193349 ) ) ;
#1067 = VERTEX_POINT ( 'NONE', #1679 ) ;
#1068 = ADVANCED_FACE ( 'NONE', ( #2243 ), #3133, .T. ) ;
#1069 = CARTESIAN_POINT ( 'NONE',  ( 159.3084860900860065, -31.61504868762780163, -21.98502487562580043 ) ) ;
#1070 = ORIENTED_EDGE ( 'NONE', *, *, #2571, .F. ) ;
#1071 = VECTOR ( 'NONE', #2996, 1000.000000000000000 ) ;
#1072 = DIRECTION ( 'NONE',  ( 1.000000000000000000, 0.000000000000000000, 0.000000000000000000 ) ) ;
#1073 = CARTESIAN_POINT ( 'NONE',  ( 158.9348091246086767, -31.98872565310504612, -4.074060012323201363 ) ) ;
#1074 = ORIENTED_EDGE ( 'NONE', *, *, #277, .F. ) ;
#1075 = CARTESIAN_POINT ( 'NONE',  ( 121.3942725277129995, -26.42926225000089957, -47.98502487562579688 ) ) ;
#1076 = DIRECTION ( 'NONE',  ( -1.000000000000000000, 0.000000000000000000, 0.000000000000000000 ) ) ;
#1077 = CARTESIAN_POINT ( 'NONE',  ( 156.2059198659520121, -33.74177249617730467, -6.283954666890010365 ) ) ;
#1078 = FACE_OUTER_BOUND ( 'NONE', #3504, .T. ) ;
#1079 = AXIS2_PLACEMENT_3D ( 'NONE', #2703, #637, #1506 ) ;
#1080 = CARTESIAN_POINT ( 'NONE',  ( 115.3942725277129995, 29.17073774999909830, 1.014975124374170035 ) ) ;
#1081 = CARTESIAN_POINT ( 'NONE',  ( 115.3942725277129995, 40.32073774999909688, -16.03502487562580114 ) ) ;
#1082 = VERTEX_POINT ( 'NONE', #3564 ) ;
#1083 = ORIENTED_EDGE ( 'NONE', *, *, #1802, .T. ) ;
#1084 = EDGE_CURVE ( 'NONE', #3826, #1926, #720, .T. ) ;
#1085 = CARTESIAN_POINT ( 'NONE',  ( 177.8942725277130137, -30.02926225000090099, -3.485024875625820417 ) ) ;
#1086 = CARTESIAN_POINT ( 'NONE',  ( 155.7496186830420015, 33.01363127087549998, -5.528779232023480539 ) ) ;
#1087 = EDGE_CURVE ( 'NONE', #2242, #3598, #3832, .T. ) ;
#1088 = AXIS2_PLACEMENT_3D ( 'NONE', #1104, #515, #3805 ) ;
#1089 = DIRECTION ( 'NONE',  ( -1.000000000000000000, 0.000000000000000000, 0.000000000000000000 ) ) ;
#1090 = ORIENTED_EDGE ( 'NONE', *, *, #2691, .F. ) ;
#1091 = ADVANCED_FACE ( 'NONE', ( #3702 ), #661, .T. ) ;
#1092 = EDGE_CURVE ( 'NONE', #49, #3016, #2527, .T. ) ;
#1093 = VERTEX_POINT ( 'NONE', #3536 ) ;
#1094 = CARTESIAN_POINT ( 'NONE',  ( 123.3942725277129995, 49.07073774999910398, 2.014975124374189797 ) ) ;
#1095 = APPLICATION_CONTEXT ( 'automotive_design' ) ;
#1096 = EDGE_LOOP ( 'NONE', ( #1155, #2822, #1158, #1552, #434 ) ) ;
#1097 = CYLINDRICAL_SURFACE ( 'NONE', #506, 1.000000000000000888 ) ;
#1098 = LINE ( 'NONE', #726, #1688 ) ;
#1099 = FACE_OUTER_BOUND ( 'NONE', #1166, .T. ) ;
#1100 = DIRECTION ( 'NONE',  ( 0.000000000000000000, 0.000000000000000000, -1.000000000000000000 ) ) ;
#1101 = AXIS2_PLACEMENT_3D ( 'NONE', #20, #3853, #2695 ) ;
#1102 = DIRECTION ( 'NONE',  ( 1.000000000000000000, 0.000000000000000000, 0.000000000000000000 ) ) ;
#1103 = CYLINDRICAL_SURFACE ( 'NONE', #826, 1.000000000000000888 ) ;
#1104 = CARTESIAN_POINT ( 'NONE',  ( 182.8942725277130137, 23.17073774999909830, 1.014975124374190019 ) ) ;
#1105 = VECTOR ( 'NONE', #2835, 1000.000000000000114 ) ;
#1106 = EDGE_CURVE ( 'NONE', #79, #241, #3752, .T. ) ;
#1107 = ADVANCED_FACE ( 'NONE', ( #1499 ), #1638, .T. ) ;
#1108 = EDGE_CURVE ( 'NONE', #799, #938, #820, .T. ) ;
#1109 = AXIS2_PLACEMENT_3D ( 'NONE', #286, #3844, #1736 ) ;
#1110 = ORIENTED_EDGE ( 'NONE', *, *, #834, .T. ) ;
#1111 = DIRECTION ( 'NONE',  ( -1.000000000000000000, 0.000000000000000000, 0.000000000000000000 ) ) ;
#1112 = EDGE_CURVE ( 'NONE', #432, #355, #1877, .T. ) ;
#1113 = CARTESIAN_POINT ( 'NONE',  ( 156.4746555003499964, 32.59035477736210140, -5.385160620590839997 ) ) ;
#1114 = LINE ( 'NONE', #916, #1344 ) ;
#1115 = VERTEX_POINT ( 'NONE', #2076 ) ;
#1116 = ORIENTED_EDGE ( 'NONE', *, *, #1805, .T. ) ;
#1117 = CIRCLE ( 'NONE', #3039, 1.000000000000000888 ) ;
#1118 = VERTEX_POINT ( 'NONE', #2943 ) ;
#1119 = CARTESIAN_POINT ( 'NONE',  ( 182.8942725277130137, 23.17073774999909830, 2.014975124374189797 ) ) ;
#1120 = EDGE_LOOP ( 'NONE', ( #3006, #1526, #2320, #1952 ) ) ;
#1121 = DIRECTION ( 'NONE',  ( 1.000000000000000000, 0.000000000000000000, 0.000000000000000000 ) ) ;
#1122 = AXIS2_PLACEMENT_3D ( 'NONE', #3031, #3309, #1266 ) ;
#1123 = DIRECTION ( 'NONE',  ( 1.000000000000000000, -1.445602896647369978E-16, 0.000000000000000000 ) ) ;
#1124 = ORIENTED_EDGE ( 'NONE', *, *, #3842, .F. ) ;
#1125 = DIRECTION ( 'NONE',  ( 1.000000000000000000, 0.000000000000000000, 0.000000000000000000 ) ) ;
#1126 = CARTESIAN_POINT ( 'NONE',  ( 123.3942725277129995, 32.87701556152190108, -21.18338895330289873 ) ) ;
#1127 = ORIENTED_EDGE ( 'NONE', *, *, #2512, .T. ) ;
#1128 = FACE_OUTER_BOUND ( 'NONE', #3855, .T. ) ;
#1129 = CARTESIAN_POINT ( 'NONE',  ( 115.3942725277129995, -50.92926225000089602, -14.98502487562580043 ) ) ;
#1130 = LINE ( 'NONE', #655, #3368 ) ;
#1131 = FACE_BOUND ( 'NONE', #2203, .T. ) ;
#1132 = ORIENTED_EDGE ( 'NONE', *, *, #831, .F. ) ;
#1133 = DIRECTION ( 'NONE',  ( -0.6684690492821149244, 0.6684690492821149244, -0.3260341397825249343 ) ) ;
#1134 = ORIENTED_EDGE ( 'NONE', *, *, #756, .T. ) ;
#1135 = CARTESIAN_POINT ( 'NONE',  ( 122.3942725277129995, -34.92926225000089602, -14.98502487562580043 ) ) ;
#1136 = CIRCLE ( 'NONE', #879, 6.499999999999999112 ) ;
#1137 =( BOUNDED_CURVE ( )  B_SPLINE_CURVE ( 3, ( #11, #309, #3330, #640 ),
 .UNSPECIFIED., .F., .F. ) 
 B_SPLINE_CURVE_WITH_KNOTS ( ( 4, 4 ),
 ( 2.272240991997659609, 2.424408934983319774 ),
 .UNSPECIFIED. ) 
 CURVE ( )  GEOMETRIC_REPRESENTATION_ITEM ( )  RATIONAL_B_SPLINE_CURVE ( ( 1.000000000000000000, 0.9980713404106555942, 0.9980713404106555942, 1.000000000000000000 ) ) 
 REPRESENTATION_ITEM ( '' )  );
#1138 = CARTESIAN_POINT ( 'NONE',  ( 123.3942725277129995, 31.87518776523249997, -22.28726435827980268 ) ) ;
#1139 = VERTEX_POINT ( 'NONE', #2644 ) ;
#1140 = CYLINDRICAL_SURFACE ( 'NONE', #3781, 6.000000000000001776 ) ;
#1141 = CARTESIAN_POINT ( 'NONE',  ( 116.4242976801713354, 20.54554365564526464, -45.35177083642857809 ) ) ;
#1142 = ORIENTED_EDGE ( 'NONE', *, *, #1737, .T. ) ;
#1143 = ORIENTED_EDGE ( 'NONE', *, *, #2711, .T. ) ;
#1144 = EDGE_CURVE ( 'NONE', #2661, #3734, #3508, .T. ) ;
#1145 = EDGE_CURVE ( 'NONE', #3734, #1760, #3798, .T. ) ;
#1146 = EDGE_CURVE ( 'NONE', #520, #133, #18, .T. ) ;
#1147 = VERTEX_POINT ( 'NONE', #2010 ) ;
#1148 = CARTESIAN_POINT ( 'NONE',  ( 123.3690290068690558, 33.06427755166154725, 0.2747097173353049149 ) ) ;
#1149 = EDGE_CURVE ( 'NONE', #2932, #3845, #2707, .T. ) ;
#1150 = PLANE ( 'NONE',  #577 ) ;
#1151 = ORIENTED_EDGE ( 'NONE', *, *, #2827, .F. ) ;
#1152 = CARTESIAN_POINT ( 'NONE',  ( 121.3942725277129995, -12.92926225000090135, -14.48502487562580043 ) ) ;
#1153 = CIRCLE ( 'NONE', #2591, 8.499999999999998224 ) ;
#1154 = CARTESIAN_POINT ( 'NONE',  ( 117.3942725277129853, -22.12115570171819812, -46.23011690042320510 ) ) ;
#1155 = ORIENTED_EDGE ( 'NONE', *, *, #701, .T. ) ;
#1156 = CIRCLE ( 'NONE', #3584, 1.000000000000000888 ) ;
#1157 = PLANE ( 'NONE',  #1109 ) ;
#1158 = ORIENTED_EDGE ( 'NONE', *, *, #237, .T. ) ;
#1159 = ADVANCED_FACE ( 'NONE', ( #1725 ), #2988, .T. ) ;
#1160 = PLANE ( 'NONE',  #2712 ) ;
#1161 = DIRECTION ( 'NONE',  ( -3.831145228760987466E-15, -0.9999619230641713097, -0.008726535498373710897 ) ) ;
#1162 = ORIENTED_EDGE ( 'NONE', *, *, #3005, .F. ) ;
#1163 = VERTEX_POINT ( 'NONE', #2980 ) ;
#1164 = AXIS2_PLACEMENT_3D ( 'NONE', #1930, #2532, #2516 ) ;
#1165 = AXIS2_PLACEMENT_3D ( 'NONE', #827, #1402, #2264 ) ;
#1166 = EDGE_LOOP ( 'NONE', ( #2657, #3142, #275, #1985 ) ) ;
#1167 = DIRECTION ( 'NONE',  ( 1.000000000000000000, 0.000000000000000000, 0.000000000000000000 ) ) ;
#1168 = ORIENTED_EDGE ( 'NONE', *, *, #2616, .T. ) ;
#1169 = VECTOR ( 'NONE', #1479, 1000.000000000000000 ) ;
#1170 = CARTESIAN_POINT ( 'NONE',  ( 116.3942725277129995, 49.07073774999910398, -48.98502487562579688 ) ) ;
#1171 = VECTOR ( 'NONE', #3519, 1000.000000000000000 ) ;
#1172 = CARTESIAN_POINT ( 'NONE',  ( 155.6623831871569905, 32.01253303566130626, -6.549055218219070440 ) ) ;
#1173 = AXIS2_PLACEMENT_3D ( 'NONE', #1508, #3633, #2720 ) ;
#1174 = CARTESIAN_POINT ( 'NONE',  ( 123.3942725277129995, -50.92926225000089602, -47.98502487562579688 ) ) ;
#1175 = B_SPLINE_CURVE_WITH_KNOTS ( 'NONE', 3,
 ( #1929, #2498, #1058, #3433, #1339, #702, #1642, #3728, #2173, #164, #3379, #2792, #1353, #151, #2529, #3129, #728, #440 ),
 .UNSPECIFIED., .F., .F.,
 ( 4, 2, 2, 2, 1, 1, 2, 2, 2, 4 ),
 ( 0.000000000000000000, 0.2500000000000615064, 0.3750000000001073586, 0.4375000000001437739, 0.4687500000001477707, 0.4843750000001497136, 0.4921875000001506018, 0.5000000000001515454, 0.7500000000000758282, 1.000000000000000000 ),
 .UNSPECIFIED. ) ;
#1177 = CARTESIAN_POINT ( 'NONE',  ( 156.9657731177790083, 31.12339474434829967, -5.913349473446140259 ) ) ;
#1176 = CIRCLE ( 'NONE', #3170, 1.000000000000001110 ) ;
#1178 = DIRECTION ( 'NONE',  ( 0.000000000000000000, 0.000000000000000000, -1.000000000000000000 ) ) ;
#1179 = FACE_OUTER_BOUND ( 'NONE', #3679, .T. ) ;
#1180 = ADVANCED_FACE ( 'NONE', ( #2613 ), #3230, .T. ) ;
#1181 = CYLINDRICAL_SURFACE ( 'NONE', #2863, 7.500000000000000000 ) ;
#1182 = EDGE_LOOP ( 'NONE', ( #2629 ) ) ;
#1183 = DIRECTION ( 'NONE',  ( 0.008726203243943984889, 0.008726203243943964072, -0.9999238504775704861 ) ) ;
#1184 = CYLINDRICAL_SURFACE ( 'NONE', #1418, 7.500000000000000000 ) ;
#1185 =( BOUNDED_CURVE ( )  B_SPLINE_CURVE ( 3, ( #1529, #358, #46, #340 ),
 .UNSPECIFIED., .F., .F. ) 
 B_SPLINE_CURVE_WITH_KNOTS ( ( 4, 4 ),
 ( 0.4129668776634570215, 0.7270503375234710353 ),
 .UNSPECIFIED. ) 
 CURVE ( )  GEOMETRIC_REPRESENTATION_ITEM ( )  RATIONAL_B_SPLINE_CURVE ( ( 1.000000000000000000, 0.9917961794546729104, 0.9917961794546729104, 1.000000000000000000 ) ) 
 REPRESENTATION_ITEM ( '' )  );
#1186 = CARTESIAN_POINT ( 'NONE',  ( 177.8942725277130137, -25.02926225000089744, 2.014975124374189797 ) ) ;
#1187 = EDGE_LOOP ( 'NONE', ( #1538 ) ) ;
#1188 = CARTESIAN_POINT ( 'NONE',  ( 147.3942725277130137, -20.42926225000089957, -41.48502487562579688 ) ) ;
#1189 = CARTESIAN_POINT ( 'NONE',  ( 121.3918294805900047, 24.56401937041070127, -47.87977526261850159 ) ) ;
#1190 = DIRECTION ( 'NONE',  ( 0.000000000000000000, 0.000000000000000000, 1.000000000000000000 ) ) ;
#1191 = CARTESIAN_POINT ( 'NONE',  ( 116.7569020486979952, -22.12497995268830309, -45.59186786319789775 ) ) ;
#1192 = ORIENTED_EDGE ( 'NONE', *, *, #6, .T. ) ;
#1193 = AXIS2_PLACEMENT_3D ( 'NONE', #3351, #1531, #629 ) ;
#1194 = VERTEX_POINT ( 'NONE', #2843 ) ;
#1195 = ORIENTED_EDGE ( 'NONE', *, *, #2830, .F. ) ;
#1196 = CARTESIAN_POINT ( 'NONE',  ( 177.8942725277130137, -25.02926225000089744, -3.485024875625820417 ) ) ;
#1197 = DIRECTION ( 'NONE',  ( 0.008726203243944203464, -0.008726203243944184382, -0.9999238504775704861 ) ) ;
#1198 = CARTESIAN_POINT ( 'NONE',  ( 177.8942725277130137, 23.17073774999909830, 1.014975124374190019 ) ) ;
#1199 = EDGE_LOOP ( 'NONE', ( #776, #895, #548, #3641, #3046, #1931, #3200 ) ) ;
#1200 = DIRECTION ( 'NONE',  ( 0.000000000000000000, 0.008726535498373931207, -0.9999619230641713097 ) ) ;
#1201 = VECTOR ( 'NONE', #2070, 1000.000000000000000 ) ;
#1202 = CARTESIAN_POINT ( 'NONE',  ( 157.8177124851562212, 30.12125101080766854, -4.485024875625809315 ) ) ;
#1203 = ORIENTED_EDGE ( 'NONE', *, *, #1057, .F. ) ;
#1204 = VERTEX_POINT ( 'NONE', #2954 ) ;
#1205 = CARTESIAN_POINT ( 'NONE',  ( 123.3942725277129995, -31.92926225000100615, -22.28726435827980268 ) ) ;
#1206 = CARTESIAN_POINT ( 'NONE',  ( 116.3942725277129995, -23.73466953933320056, -46.45044449451139457 ) ) ;
#1207 = PLANE ( 'NONE',  #3264 ) ;
#1208 = EDGE_LOOP ( 'NONE', ( #1630, #3050, #2026, #2224 ) ) ;
#1209 = EDGE_CURVE ( 'NONE', #2277, #1819, #2051, .T. ) ;
#1210 = VERTEX_POINT ( 'NONE', #1936 ) ;
#1211 = EDGE_CURVE ( 'NONE', #520, #3388, #1048, .T. ) ;
#1212 = CIRCLE ( 'NONE', #1314, 0.9999999999999988898 ) ;
#1213 = DIRECTION ( 'NONE',  ( 0.000000000000000000, -1.000000000000000000, 0.000000000000000000 ) ) ;
#1214 = CYLINDRICAL_SURFACE ( 'NONE', #2467, 1.000000000000000888 ) ;
#1215 = EDGE_CURVE ( 'NONE', #2164, #3312, #2386, .T. ) ;
#1216 = CARTESIAN_POINT ( 'NONE',  ( 120.4318676797666399, -26.39539041566384725, -48.82650149947240692 ) ) ;
#1217 = EDGE_CURVE ( 'NONE', #3562, #1819, #1264, .T. ) ;
#1218 = CARTESIAN_POINT ( 'NONE',  ( 115.3946983089785334, -30.27334758603572595, 0.04518592518464865926 ) ) ;
#1219 = CARTESIAN_POINT ( 'NONE',  ( 155.6623831871569905, -33.87105753566320487, -6.549055218219059782 ) ) ;
#1220 = VECTOR ( 'NONE', #1869, 1000.000000000000114 ) ;
#1221 = CARTESIAN_POINT ( 'NONE',  ( 116.3942725277129995, -49.92926225000089602, -40.98502487562579688 ) ) ;
#1222 = CARTESIAN_POINT ( 'NONE',  ( 120.3942725277129995, 11.07073774999899918, -22.98502487562580043 ) ) ;
#1223 = ORIENTED_EDGE ( 'NONE', *, *, #2416, .F. ) ;
#1224 = VERTEX_POINT ( 'NONE', #1875 ) ;
#1225 = LINE ( 'NONE', #1633, #1420 ) ;
#1226 = ORIENTED_EDGE ( 'NONE', *, *, #1092, .F. ) ;
#1227 = DIRECTION ( 'NONE',  ( 0.000000000000000000, 1.000000000000000000, 0.000000000000000000 ) ) ;
#1228 = FACE_OUTER_BOUND ( 'NONE', #70, .T. ) ;
#1229 = VERTEX_POINT ( 'NONE', #1345 ) ;
#1230 = AXIS2_PLACEMENT_3D ( 'NONE', #1196, #2966, #920 ) ;
#1231 = VERTEX_POINT ( 'NONE', #3075 ) ;
#1232 = CARTESIAN_POINT ( 'NONE',  ( 115.3948246051113102, -30.28915841641083162, 0.04933266165432310946 ) ) ;
#1233 = CARTESIAN_POINT ( 'NONE',  ( 159.3067647612849953, 29.75824551642649851, -3.486746195819689920 ) ) ;
#1234 = DIRECTION ( 'NONE',  ( 0.8987874693249316982, -0.003825579047224348522, 0.4383679389844088448 ) ) ;
#1235 = CARTESIAN_POINT ( 'NONE',  ( 120.3942725277129995, -20.42926225000089957, -14.48502487562580043 ) ) ;
#1236 = VERTEX_POINT ( 'NONE', #2282 ) ;
#1237 = EDGE_CURVE ( 'NONE', #346, #2814, #1429, .T. ) ;
#1238 = CARTESIAN_POINT ( 'NONE',  ( 154.7986449827450031, -34.86920893581890368, -5.866453083523310852 ) ) ;
#1239 = ORIENTED_EDGE ( 'NONE', *, *, #624, .T. ) ;
#1240 = VECTOR ( 'NONE', #3687, 1000.000000000000000 ) ;
#1241 = CARTESIAN_POINT ( 'NONE',  ( 123.3942725277129995, -34.73554006152370732, -21.18338895330299820 ) ) ;
#1242 = VERTEX_POINT ( 'NONE', #1304 ) ;
#1243 = CARTESIAN_POINT ( 'NONE',  ( 121.1246403046804971, -26.34181498955787859, -48.49398553113640276 ) ) ;
#1244 = FACE_OUTER_BOUND ( 'NONE', #336, .T. ) ;
#1245 = CARTESIAN_POINT ( 'NONE',  ( 115.5093669195275936, -30.87498982575155893, 0.4809936800984219163 ) ) ;
#1246 = CARTESIAN_POINT ( 'NONE',  ( 120.3914251619900000, -26.39273692916680147, -48.82594375124590158 ) ) ;
#1247 = EDGE_LOOP ( 'NONE', ( #519, #3322, #2211, #2961 ) ) ;
#1248 = CARTESIAN_POINT ( 'NONE',  ( 155.2240120403679953, -34.87101945872739606, -5.658987707418269508 ) ) ;
#1249 = ADVANCED_FACE ( 'NONE', ( #2901 ), #461, .F. ) ;
#1250 = CARTESIAN_POINT ( 'NONE',  ( 156.9657731177790083, -32.98191924435019473, -5.913349473446140259 ) ) ;
#1251 = CARTESIAN_POINT ( 'NONE',  ( 121.6329404597089479, 25.22707456298958562, -48.96179274699059647 ) ) ;
#1252 = ORIENTED_EDGE ( 'NONE', *, *, #3347, .T. ) ;
#1253 = ORIENTED_EDGE ( 'NONE', *, *, #3268, .T. ) ;
#1254 = CARTESIAN_POINT ( 'NONE',  ( 122.3942725277129995, 49.07073774999910398, 2.014975124374189797 ) ) ;
#1255 = DIRECTION ( 'NONE',  ( 0.000000000000000000, 0.000000000000000000, 1.000000000000000000 ) ) ;
#1256 = CARTESIAN_POINT ( 'NONE',  ( 177.8942725277130137, 29.17073774999909830, 1.014975124374190019 ) ) ;
#1257 = ORIENTED_EDGE ( 'NONE', *, *, #1490, .F. ) ;
#1258 = CARTESIAN_POINT ( 'NONE',  ( 115.4507529400600987, -30.77545340017320896, 0.3476474659781690346 ) ) ;
#1259 = ORIENTED_EDGE ( 'NONE', *, *, #3033, .T. ) ;
#1260 = AXIS2_PLACEMENT_3D ( 'NONE', #2563, #777, #3131 ) ;
#1261 = CARTESIAN_POINT ( 'NONE',  ( 122.3942725277129995, -32.10543722768080244, -48.98502487562579688 ) ) ;
#1262 = ORIENTED_EDGE ( 'NONE', *, *, #233, .F. ) ;
#1263 = CARTESIAN_POINT ( 'NONE',  ( 123.3942725277129995, 29.17073774999909830, 1.014975124374190019 ) ) ;
#1265 = CARTESIAN_POINT ( 'NONE',  ( 120.3942725277129995, -20.42926225000089957, -55.48502487562579688 ) ) ;
#1264 = LINE ( 'NONE', #3677, #1414 ) ;
#1266 = DIRECTION ( 'NONE',  ( 0.000000000000000000, -1.000000000000000000, 0.000000000000000000 ) ) ;
#1267 = FACE_OUTER_BOUND ( 'NONE', #3440, .T. ) ;
#1268 = DIRECTION ( 'NONE',  ( 0.000000000000000000, -1.000000000000000000, 0.000000000000000000 ) ) ;
#1269 = FACE_BOUND ( 'NONE', #40, .T. ) ;
#1270 = CYLINDRICAL_SURFACE ( 'NONE', #299, 1.000000000000001332 ) ;
#1271 = CARTESIAN_POINT ( 'NONE',  ( 156.6353044778560104, -34.28823029985760229, -5.306806878941199734 ) ) ;
#1272 = EDGE_CURVE ( 'NONE', #2290, #1464, #1212, .T. ) ;
#1273 = ADVANCED_FACE ( 'NONE', ( #570 ), #3707, .T. ) ;
#1274 = AXIS2_PLACEMENT_3D ( 'NONE', #2952, #1167, #256 ) ;
#1275 = CARTESIAN_POINT ( 'NONE',  ( 120.9738625525744169, -26.34096445245496909, -48.62601393014766415 ) ) ;
#1276 = EDGE_CURVE ( 'NONE', #3523, #3523, #2196, .T. ) ;
#1277 = LINE ( 'NONE', #1795, #1872 ) ;
#1278 = CARTESIAN_POINT ( 'NONE',  ( 115.4073340192157247, -30.57883098396169075, 0.1780907416787724795 ) ) ;
#1279 = EDGE_LOOP ( 'NONE', ( #1518, #334, #1751, #2261, #1291 ) ) ;
#1280 = CARTESIAN_POINT ( 'NONE',  ( 156.9657731177790083, -32.98191924435019473, -5.913349473446140259 ) ) ;
#1281 = CARTESIAN_POINT ( 'NONE',  ( 122.3942725277129995, 49.07073774999910398, -48.98502487562579688 ) ) ;
#1282 = VECTOR ( 'NONE', #1632, 1000.000000000000000 ) ;
#1283 = DIRECTION ( 'NONE',  ( -0.3370925942239769157, -0.9270046341159676739, -0.1644110435672439252 ) ) ;
#1284 = ORIENTED_EDGE ( 'NONE', *, *, #302, .F. ) ;
#1285 = CARTESIAN_POINT ( 'NONE',  ( 159.8942725277129853, 29.17073774999909830, 1.014975124374190019 ) ) ;
#1286 = CARTESIAN_POINT ( 'NONE',  ( 115.3942725277129995, 33.07073774999909688, -14.98502487562580043 ) ) ;
#1287 = ORIENTED_EDGE ( 'NONE', *, *, #1621, .F. ) ;
#1288 = CARTESIAN_POINT ( 'NONE',  ( 122.3942725277129995, 33.07073774999909688, 1.014975124374190019 ) ) ;
#1289 = VERTEX_POINT ( 'NONE', #699 ) ;
#1290 = CARTESIAN_POINT ( 'NONE',  ( 153.7942725277129910, -0.9292622500009990461, 16.51497512437419957 ) ) ;
#1291 = ORIENTED_EDGE ( 'NONE', *, *, #1641, .T. ) ;
#1292 = VECTOR ( 'NONE', #521, 1000.000000000000000 ) ;
#1293 = ADVANCED_FACE ( 'NONE', ( #2297 ), #1918, .T. ) ;
#1294 = CARTESIAN_POINT ( 'NONE',  ( 115.8096912260040483, 29.15477121799908744, 0.8311704120567370291 ) ) ;
#1295 = EDGE_CURVE ( 'NONE', #2161, #1406, #3723, .T. ) ;
#1296 = ORIENTED_EDGE ( 'NONE', *, *, #3446, .F. ) ;
#1297 = EDGE_CURVE ( 'NONE', #3531, #828, #1372, .T. ) ;
#1298 = CIRCLE ( 'NONE', #1122, 7.500000000000000000 ) ;
#1299 = CARTESIAN_POINT ( 'NONE',  ( 158.0188859519331857, 30.13215120806915692, -4.485024875625834184 ) ) ;
#1300 = AXIS2_PLACEMENT_3D ( 'NONE', #183, #2257, #3419 ) ;
#1301 = DIRECTION ( 'NONE',  ( 0.000000000000000000, 0.000000000000000000, -1.000000000000000000 ) ) ;
#1302 = EDGE_CURVE ( 'NONE', #2025, #425, #2144, .T. ) ;
#1303 = EDGE_LOOP ( 'NONE', ( #132, #81, #3767, #2003 ) ) ;
#1304 = CARTESIAN_POINT ( 'NONE',  ( 123.3942725277129995, -42.92926225000100260, -47.98502487562579688 ) ) ;
#1305 = EDGE_CURVE ( 'NONE', #938, #2384, #2096, .T. ) ;
#1306 = PRODUCT_RELATED_PRODUCT_CATEGORY ( 'part', '', ( #2375 ) ) ;
#1307 = CARTESIAN_POINT ( 'NONE',  ( 121.3918294805900047, -26.42254387041250041, -47.87977526261850159 ) ) ;
#1308 = VERTEX_POINT ( 'NONE', #3746 ) ;
#1309 = EDGE_LOOP ( 'NONE', ( #3162, #17, #2719, #1511 ) ) ;
#1310 = DIRECTION ( 'NONE',  ( 1.000000000000000000, 0.000000000000000000, 0.000000000000000000 ) ) ;
#1311 = CARTESIAN_POINT ( 'NONE',  ( 123.3944160200870073, -31.92965685403129683, 0.9697579812025429735 ) ) ;
#1312 = CARTESIAN_POINT ( 'NONE',  ( 116.9516919404438084, -22.10663433929562771, -46.04667108251302210 ) ) ;
#1313 = CARTESIAN_POINT ( 'NONE',  ( 177.3642725277130126, 22.64073774999909716, -4.485024875625809315 ) ) ;
#1314 = AXIS2_PLACEMENT_3D ( 'NONE', #3110, #2838, #2520 ) ;
#1315 = DIRECTION ( 'NONE',  ( 0.000000000000000000, 0.000000000000000000, 1.000000000000000000 ) ) ;
#1316 = ORIENTED_EDGE ( 'NONE', *, *, #302, .T. ) ;
#1317 = ADVANCED_FACE ( 'NONE', ( #861 ), #3456, .F. ) ;
#1318 = ORIENTED_EDGE ( 'NONE', *, *, #759, .T. ) ;
#1319 = B_SPLINE_CURVE_WITH_KNOTS ( 'NONE', 3,
 ( #240, #2569, #1690, #1154 ),
 .UNSPECIFIED., .F., .F.,
 ( 4, 4 ),
 ( 0.000000000000000000, 1.000000000000000000 ),
 .UNSPECIFIED. ) ;
#1320 = DIRECTION ( 'NONE',  ( 1.000000000000000000, 0.000000000000000000, 0.000000000000000000 ) ) ;
#1321 = VECTOR ( 'NONE', #1102, 1000.000000000000000 ) ;
#1322 = CIRCLE ( 'NONE', #1862, 1.000000000000000888 ) ;
#1323 = CARTESIAN_POINT ( 'NONE',  ( 183.8942725277130137, -31.02926225000100047, -4.485024875625819973 ) ) ;
#1324 = CARTESIAN_POINT ( 'NONE',  ( 117.3942725277129853, 11.07073774999899918, -15.48502487562579866 ) ) ;
#1325 = FACE_BOUND ( 'NONE', #1955, .T. ) ;
#1326 = AXIS2_PLACEMENT_3D ( 'NONE', #2160, #391, #672 ) ;
#1327 = DIRECTION ( 'NONE',  ( 1.000000000000000000, 0.000000000000000000, 0.000000000000000000 ) ) ;
#1328 = DIRECTION ( 'NONE',  ( -1.000000000000000000, 1.445602896647369978E-16, 0.000000000000000000 ) ) ;
#1329 = ORIENTED_EDGE ( 'NONE', *, *, #547, .F. ) ;
#1330 = AXIS2_PLACEMENT_3D ( 'NONE', #1286, #1906, #1889 ) ;
#1331 = CARTESIAN_POINT ( 'NONE',  ( 123.3942725277129995, -31.92926225000100615, -47.98502487562579688 ) ) ;
#1332 = DIRECTION ( 'NONE',  ( 0.000000000000000000, 0.000000000000000000, 1.000000000000000000 ) ) ;
#1333 = CIRCLE ( 'NONE', #3750, 2.500000000000002220 ) ;
#1334 = CARTESIAN_POINT ( 'NONE',  ( 159.3084860900860065, -31.61504868762780163, 1.014975124374190019 ) ) ;
#1335 = FACE_OUTER_BOUND ( 'NONE', #2983, .T. ) ;
#1336 = ORIENTED_EDGE ( 'NONE', *, *, #2821, .T. ) ;
#1337 = ORIENTED_EDGE ( 'NONE', *, *, #1490, .T. ) ;
#1338 = DIRECTION ( 'NONE',  ( 0.000000000000000000, -1.000000000000000000, 0.000000000000000000 ) ) ;
#1339 = CARTESIAN_POINT ( 'NONE',  ( 120.9244284172733899, 24.48427375554017615, -48.66122512975016434 ) ) ;
#1340 = CARTESIAN_POINT ( 'NONE',  ( 116.3942725277129995, -34.92926225000089602, 1.014975124374190019 ) ) ;
#1341 = CARTESIAN_POINT ( 'NONE',  ( 115.3942725277129995, -49.92926225000089602, -14.98502487562580043 ) ) ;
#1342 = DIRECTION ( 'NONE',  ( 0.000000000000000000, -1.000000000000000000, 0.000000000000000000 ) ) ;
#1343 = DIRECTION ( 'NONE',  ( -1.000000000000000000, 0.000000000000000000, 0.000000000000000000 ) ) ;
#1344 = VECTOR ( 'NONE', #2360, 1000.000000000000000 ) ;
#1345 = CARTESIAN_POINT ( 'NONE',  ( 183.8942725277130137, 23.17073774999909830, -3.485024875625820417 ) ) ;
#1346 = VERTEX_POINT ( 'NONE', #2579 ) ;
#1347 = AXIS2_PLACEMENT_3D ( 'NONE', #2202, #1922, #443 ) ;
#1348 = CARTESIAN_POINT ( 'NONE',  ( 116.3942725277129995, 19.57073774999910043, -22.98502487562580043 ) ) ;
#1349 = CIRCLE ( 'NONE', #2793, 1.999999999999998224 ) ;
#1350 = ORIENTED_EDGE ( 'NONE', *, *, #547, .T. ) ;
#1351 = ORIENTED_EDGE ( 'NONE', *, *, #1428, .F. ) ;
#1352 = EDGE_CURVE ( 'NONE', #2384, #652, #44, .T. ) ;
#1353 = CARTESIAN_POINT ( 'NONE',  ( 121.0712079917094144, 24.48223520874988424, -48.54456881041182470 ) ) ;
#1354 = CARTESIAN_POINT ( 'NONE',  ( 158.8514057212792352, -31.97871575912197173, -4.015879945697450104 ) ) ;
#1355 = EDGE_CURVE ( 'NONE', #1649, #3201, #3314, .T. ) ;
#1356 = ORIENTED_EDGE ( 'NONE', *, *, #3347, .F. ) ;
#1357 = DIRECTION ( 'NONE',  ( 0.6731999267545306642, -0.5648818102483078585, 0.4771901078902297533 ) ) ;
#1358 = FILL_AREA_STYLE_COLOUR ( '', #1789 ) ;
#1359 = DIRECTION ( 'NONE',  ( 0.000000000000000000, -1.000000000000000000, 0.000000000000000000 ) ) ;
#1360 = EDGE_CURVE ( 'NONE', #285, #3474, #2430, .T. ) ;
#1361 = CARTESIAN_POINT ( 'NONE',  ( 120.8756634449199936, 26.07073774999909688, -48.98502487562579688 ) ) ;
#1362 = ADVANCED_FACE ( 'NONE', ( #2336 ), #1591, .T. ) ;
#1363 = EDGE_CURVE ( 'NONE', #2409, #2447, #3265, .T. ) ;
#1364 = ORIENTED_EDGE ( 'NONE', *, *, #856, .F. ) ;
#1365 = CARTESIAN_POINT ( 'NONE',  ( 156.6353044778560104, -34.28823029985769466, -5.306806878941239702 ) ) ;
#1366 = ORIENTED_EDGE ( 'NONE', *, *, #192, .F. ) ;
#1367 = CARTESIAN_POINT ( 'NONE',  ( 123.3942725277129995, -33.73371226523440214, -22.28726435827980268 ) ) ;
#1368 = EDGE_LOOP ( 'NONE', ( #3694 ) ) ;
#1369 = CARTESIAN_POINT ( 'NONE',  ( 158.7535453154366110, -31.98769724717550389, -4.120453634969845957 ) ) ;
#1370 = CARTESIAN_POINT ( 'NONE',  ( 116.5907126930059974, -22.26442937975479808, -45.75724583740269935 ) ) ;
#1371 = ORIENTED_EDGE ( 'NONE', *, *, #1488, .T. ) ;
#1372 = LINE ( 'NONE', #2798, #615 ) ;
#1373 = CIRCLE ( 'NONE', #2669, 1.000000000000000000 ) ;
#1374 = CARTESIAN_POINT ( 'NONE',  ( 155.2240120403679953, 32.01253303566130626, -5.650261171919900072 ) ) ;
#1375 = DIRECTION ( 'NONE',  ( 0.000000000000000000, -1.000000000000000000, 0.000000000000000000 ) ) ;
#1376 = AXIS2_PLACEMENT_3D ( 'NONE', #55, #2107, #2122 ) ;
#1377 = FACE_OUTER_BOUND ( 'NONE', #933, .T. ) ;
#1378 = FACE_OUTER_BOUND ( 'NONE', #749, .T. ) ;
#1379 = ADVANCED_FACE ( 'NONE', ( #2853 ), #3411, .T. ) ;
#1380 = LINE ( 'NONE', #3809, #2104 ) ;
#1381 = EDGE_CURVE ( 'NONE', #1831, #1346, #169, .T. ) ;
#1382 = AXIS2_PLACEMENT_3D ( 'NONE', #2148, #138, #2753 ) ;
#1383 = DIRECTION ( 'NONE',  ( 3.831291112586815896E-15, 1.000000000000000000, 0.000000000000000000 ) ) ;
#1384 = CARTESIAN_POINT ( 'NONE',  ( 122.3942725277129995, -42.92926225000100260, -47.98502487562579688 ) ) ;
#1385 = VERTEX_POINT ( 'NONE', #3022 ) ;
#1386 = CARTESIAN_POINT ( 'NONE',  ( 177.8942725277130137, -31.02926225000090099, 1.014975124374190019 ) ) ;
#1387 = AXIS2_PLACEMENT_3D ( 'NONE', #3044, #3652, #3017 ) ;
#1388 = DIRECTION ( 'NONE',  ( 0.000000000000000000, 0.000000000000000000, -1.000000000000000000 ) ) ;
#1389 = VERTEX_POINT ( 'NONE', #1241 ) ;
#1390 = DIRECTION ( 'NONE',  ( 1.000000000000000000, 0.000000000000000000, 0.000000000000000000 ) ) ;
#1391 = CARTESIAN_POINT ( 'NONE',  ( 123.4646080963390062, 30.26416056372200103, -21.14908400434849867 ) ) ;
#1392 = ORIENTED_EDGE ( 'NONE', *, *, #1040, .T. ) ;
#1393 = VERTEX_POINT ( 'NONE', #1867 ) ;
#1394 = ORIENTED_EDGE ( 'NONE', *, *, #3475, .T. ) ;
#1395 = CARTESIAN_POINT ( 'NONE',  ( 121.3942725277129995, 19.57073774999910043, -41.48502487562579688 ) ) ;
#1396 = CIRCLE ( 'NONE', #3316, 15.00000000000000000 ) ;
#1397 = CARTESIAN_POINT ( 'NONE',  ( 120.3942725277129995, 18.57073774999909688, -15.48502487562579866 ) ) ;
#1398 = ORIENTED_EDGE ( 'NONE', *, *, #1805, .F. ) ;
#1399 = DIRECTION ( 'NONE',  ( 0.000000000000000000, 0.000000000000000000, 1.000000000000000000 ) ) ;
#1400 = ADVANCED_FACE ( 'NONE', ( #436 ), #1542, .T. ) ;
#1401 = FACE_OUTER_BOUND ( 'NONE', #405, .T. ) ;
#1402 = DIRECTION ( 'NONE',  ( 0.3417430630866918895, -0.9397934234884416371, 0.000000000000000000 ) ) ;
#1403 = VERTEX_POINT ( 'NONE', #367 ) ;
#1404 = AXIS2_PLACEMENT_3D ( 'NONE', #840, #1440, #533 ) ;
#1405 = EDGE_LOOP ( 'NONE', ( #1987, #386, #3791, #1615 ) ) ;
#1406 = VERTEX_POINT ( 'NONE', #2428 ) ;
#1407 = DIRECTION ( 'NONE',  ( 0.000000000000000000, 0.000000000000000000, -1.000000000000000000 ) ) ;
#1408 = DIRECTION ( 'NONE',  ( 0.000000000000000000, 1.000000000000000000, 0.000000000000000000 ) ) ;
#1409 = VERTEX_POINT ( 'NONE', #678 ) ;
#1410 = SURFACE_STYLE_USAGE ( .BOTH. , #516 ) ;
#1411 = ORIENTED_EDGE ( 'NONE', *, *, #1562, .T. ) ;
#1412 = LINE ( 'NONE', #1397, #2382 ) ;
#1413 = ORIENTED_EDGE ( 'NONE', *, *, #2610, .T. ) ;
#1414 = VECTOR ( 'NONE', #735, 1000.000000000000000 ) ;
#1415 = FACE_OUTER_BOUND ( 'NONE', #473, .T. ) ;
#1416 = CARTESIAN_POINT ( 'NONE',  ( 115.3942725277129995, 41.07073774999910398, -47.98502487562579688 ) ) ;
#1417 = DIRECTION ( 'NONE',  ( -0.000000000000000000, 1.000000000000000000, 0.000000000000000000 ) ) ;
#1418 = AXIS2_PLACEMENT_3D ( 'NONE', #3325, #2426, #2503 ) ;
#1419 = CARTESIAN_POINT ( 'NONE',  ( 123.3942725277129995, -50.92926225000089602, 2.014975124374189797 ) ) ;
#1420 = VECTOR ( 'NONE', #142, 1000.000000000000000 ) ;
#1421 = EDGE_CURVE ( 'NONE', #3831, #2025, #337, .T. ) ;
#1422 = DIRECTION ( 'NONE',  ( 0.000000000000000000, 0.000000000000000000, -1.000000000000000000 ) ) ;
#1423 = EDGE_CURVE ( 'NONE', #3815, #652, #908, .T. ) ;
#1424 = CARTESIAN_POINT ( 'NONE',  ( 120.8756634449199936, -27.92926225000089957, -48.98502487562579688 ) ) ;
#1425 = EDGE_LOOP ( 'NONE', ( #3336 ) ) ;
#1426 = ORIENTED_EDGE ( 'NONE', *, *, #453, .T. ) ;
#1427 = CARTESIAN_POINT ( 'NONE',  ( 115.3942725277129995, 28.17074074606119893, 0.01497512437418700021 ) ) ;
#1428 = EDGE_CURVE ( 'NONE', #1409, #371, #1813, .T. ) ;
#1429 =( BOUNDED_CURVE ( )  B_SPLINE_CURVE ( 3, ( #2232, #763, #750, #2204 ),
 .UNSPECIFIED., .F., .F. ) 
 B_SPLINE_CURVE_WITH_KNOTS ( ( 4, 4 ),
 ( 1.570796326794895004, 1.750996970403300157 ),
 .UNSPECIFIED. ) 
 CURVE ( )  GEOMETRIC_REPRESENTATION_ITEM ( )  RATIONAL_B_SPLINE_CURVE ( ( 1.000000000000000000, 0.9972958074812862117, 0.9972958074812862117, 1.000000000000000000 ) ) 
 REPRESENTATION_ITEM ( '' )  );
#1430 = CARTESIAN_POINT ( 'NONE',  ( 116.3942725277129995, -22.42926225000089957, 1.139975124374180027 ) ) ;
#1431 = VECTOR ( 'NONE', #511, 1000.000000000000114 ) ;
#1432 = EDGE_LOOP ( 'NONE', ( #3711, #1622, #1450, #2194 ) ) ;
#1433 = CARTESIAN_POINT ( 'NONE',  ( 121.3942725277129995, 11.07073774999899918, -22.98502487562580043 ) ) ;
#1434 = VECTOR ( 'NONE', #2804, 1000.000000000000114 ) ;
#1435 = CARTESIAN_POINT ( 'NONE',  ( 115.3942725277129995, 48.07073774999909688, 2.014975124374189797 ) ) ;
#1436 = AXIS2_PLACEMENT_3D ( 'NONE', #3026, #1850, #2760 ) ;
#1437 = EDGE_LOOP ( 'NONE', ( #71 ) ) ;
#1438 = CYLINDRICAL_SURFACE ( 'NONE', #644, 2.500000000000002220 ) ;
#1439 = DIRECTION ( 'NONE',  ( -0.9397934234884426363, 0.3417430630866890584, 0.000000000000000000 ) ) ;
#1440 = DIRECTION ( 'NONE',  ( -1.000000000000000000, 0.000000000000000000, 0.000000000000000000 ) ) ;
#1441 = ORIENTED_EDGE ( 'NONE', *, *, #3727, .F. ) ;
#1442 = CARTESIAN_POINT ( 'NONE',  ( 116.4174096143731134, 20.55132342911611687, -45.30918840231147726 ) ) ;
#1443 = EDGE_CURVE ( 'NONE', #1224, #3362, #3592, .T. ) ;
#1444 = CARTESIAN_POINT ( 'NONE',  ( 160.7226996524589993, -33.02926225000089744, 1.014975124374190019 ) ) ;
#1445 = VERTEX_POINT ( 'NONE', #1834 ) ;
#1446 = ORIENTED_EDGE ( 'NONE', *, *, #2020, .F. ) ;
#1447 = CARTESIAN_POINT ( 'NONE',  ( 147.3942725277130137, -12.92926225000090135, -22.98502487562580043 ) ) ;
#1448 = AXIS2_PLACEMENT_3D ( 'NONE', #544, #2004, #3203 ) ;
#1449 = DIRECTION ( 'NONE',  ( 0.000000000000000000, -0.9999619230641713097, -0.008726535498373931207 ) ) ;
#1450 = ORIENTED_EDGE ( 'NONE', *, *, #433, .F. ) ;
#1451 = CARTESIAN_POINT ( 'NONE',  ( 123.3976840716589862, -33.73372678605439745, -22.28560043711990346 ) ) ;
#1452 = ORIENTED_EDGE ( 'NONE', *, *, #622, .T. ) ;
#1453 = ORIENTED_EDGE ( 'NONE', *, *, #1759, .F. ) ;
#1454 = CIRCLE ( 'NONE', #1702, 16.00000000000000000 ) ;
#1455 = LINE ( 'NONE', #3790, #2298 ) ;
#1456 = CYLINDRICAL_SURFACE ( 'NONE', #2057, 1.000000000000000888 ) ;
#1457 = VECTOR ( 'NONE', #725, 1000.000000000000000 ) ;
#1458 = DIRECTION ( 'NONE',  ( -1.000000000000000000, 0.000000000000000000, 0.000000000000000000 ) ) ;
#1459 = DIRECTION ( 'NONE',  ( 0.000000000000000000, -1.000000000000000000, 0.000000000000000000 ) ) ;
#1460 = CARTESIAN_POINT ( 'NONE',  ( 123.0331461253049952, -32.12452152888660351, -21.35952206834869926 ) ) ;
#1461 = ORIENTED_EDGE ( 'NONE', *, *, #3007, .T. ) ;
#1462 = AXIS2_PLACEMENT_3D ( 'NONE', #2248, #1076, #3184 ) ;
#1463 = EDGE_LOOP ( 'NONE', ( #207 ) ) ;
#1464 = VERTEX_POINT ( 'NONE', #3340 ) ;
#1465 = EDGE_CURVE ( 'NONE', #2130, #2568, #1978, .T. ) ;
#1466 =( BOUNDED_SURFACE ( )  B_SPLINE_SURFACE ( 3, 2, ( 
 ( #1475, #294, #1191 ),
 ( #311, #3354, #2709 ),
 ( #1561, #333, #3654 ),
 ( #656, #3047, #364 ) ),
 .UNSPECIFIED., .F., .F., .F. ) 
 B_SPLINE_SURFACE_WITH_KNOTS ( ( 4, 4 ),
 ( 3, 3 ),
 ( 0.000000000000000000, 1.000000000000000000 ),
 ( 0.000000000000000000, 1.000000000000000000 ),
 .UNSPECIFIED. ) 
 GEOMETRIC_REPRESENTATION_ITEM ( )  RATIONAL_B_SPLINE_SURFACE ( (
 ( 1.000000000000000000, 0.8926845472340829701, 1.000000000000000000),
 ( 1.000000000000000000, 0.8843057546780710432, 1.000000000000000000),
 ( 1.000000000000000000, 0.8748541971421619490, 1.000000000000000000),
 ( 1.000000000000000000, 0.8643914905943200777, 1.000000000000000000) ) ) 
 REPRESENTATION_ITEM ( '' )  SURFACE ( )  );
#1467 = DIRECTION ( 'NONE',  ( 0.000000000000000000, 0.000000000000000000, 1.000000000000000000 ) ) ;
#1468 = ADVANCED_FACE ( 'NONE', ( #3030 ), #3319, .T. ) ;
#1469 = AXIS2_PLACEMENT_3D ( 'NONE', #2891, #795, #3814 ) ;
#1470 = VECTOR ( 'NONE', #1549, 1000.000000000000114 ) ;
#1471 = CARTESIAN_POINT ( 'NONE',  ( 120.3942725277129995, -27.92926225000089957, -41.48502487562579688 ) ) ;
#1472 = DIRECTION ( 'NONE',  ( 0.000000000000000000, -1.734723475976809806E-16, 1.000000000000000000 ) ) ;
#1473 = DIRECTION ( 'NONE',  ( 0.000000000000000000, 1.000000000000000000, 0.000000000000000000 ) ) ;
#1474 = EDGE_LOOP ( 'NONE', ( #2015, #3794, #3517, #783, #1329 ) ) ;
#1475 = CARTESIAN_POINT ( 'NONE',  ( 117.3996896583840055, -22.11591087977739889, -46.22368986128590507 ) ) ;
#1476 = CIRCLE ( 'NONE', #2645, 0.9999999999999994449 ) ;
#1477 = ORIENTED_EDGE ( 'NONE', *, *, #1544, .F. ) ;
#1478 = VECTOR ( 'NONE', #2718, 1000.000000000000000 ) ;
#1479 = DIRECTION ( 'NONE',  ( 1.000000000000000000, 0.000000000000000000, 0.000000000000000000 ) ) ;
#1480 = ORIENTED_EDGE ( 'NONE', *, *, #3763, .F. ) ;
#1481 = DIRECTION ( 'NONE',  ( 1.000000000000000000, -1.445602896647369978E-16, 0.000000000000000000 ) ) ;
#1482 = AXIS2_PLACEMENT_3D ( 'NONE', #2154, #329, #1582 ) ;
#1483 = CARTESIAN_POINT ( 'NONE',  ( 177.3642725277130126, -24.49926225000089985, -28.48502487562580043 ) ) ;
#1484 = ORIENTED_EDGE ( 'NONE', *, *, #3535, .T. ) ;
#1485 = CARTESIAN_POINT ( 'NONE',  ( 137.6442725277129853, -34.92926225000080365, 1.014975124374190019 ) ) ;
#1486 = DIRECTION ( 'NONE',  ( 0.000000000000000000, 0.000000000000000000, -1.000000000000000000 ) ) ;
#1487 = ORIENTED_EDGE ( 'NONE', *, *, #1355, .T. ) ;
#1488 = EDGE_CURVE ( 'NONE', #2896, #799, #2860, .T. ) ;
#1489 = ORIENTED_EDGE ( 'NONE', *, *, #1882, .F. ) ;
#1490 = EDGE_CURVE ( 'NONE', #1880, #287, #3234, .T. ) ;
#1491 = AXIS2_PLACEMENT_3D ( 'NONE', #2451, #674, #1268 ) ;
#1492 = CARTESIAN_POINT ( 'NONE',  ( 115.7514849180260086, -22.96862509621429993, 1.059626673163350130 ) ) ;
#1493 = ORIENTED_EDGE ( 'NONE', *, *, #1882, .T. ) ;
#1494 = EDGE_CURVE ( 'NONE', #3589, #3114, #3036, .T. ) ;
#1495 = DIRECTION ( 'NONE',  ( 0.000000000000000000, 0.000000000000000000, -1.000000000000000000 ) ) ;
#1496 = CIRCLE ( 'NONE', #2874, 16.00000000000000000 ) ;
#1497 = CARTESIAN_POINT ( 'NONE',  ( 121.3942725277129995, -21.42926225000089957, -22.98502487562580043 ) ) ;
#1498 = ORIENTED_EDGE ( 'NONE', *, *, #1360, .F. ) ;
#1500 = DIRECTION ( 'NONE',  ( 1.399658389816310109E-32, 1.734723475976809806E-16, -1.000000000000000000 ) ) ;
#1499 = FACE_OUTER_BOUND ( 'NONE', #1553, .T. ) ;
#1501 = CARTESIAN_POINT ( 'NONE',  ( 116.9853355372857493, 20.24218999427595733, -46.06644319018948863 ) ) ;
#1502 = CYLINDRICAL_SURFACE ( 'NONE', #3246, 2.499999999999998668 ) ;
#1503 = AXIS2_PLACEMENT_3D ( 'NONE', #2829, #3735, #1332 ) ;
#1504 = LINE ( 'NONE', #218, #73 ) ;
#1505 = CARTESIAN_POINT ( 'NONE',  ( 120.7680096216893446, -27.58766838782666397, -48.98502487562580399 ) ) ;
#1506 = DIRECTION ( 'NONE',  ( 0.000000000000000000, 0.000000000000000000, -1.000000000000000000 ) ) ;
#1507 = DIRECTION ( 'NONE',  ( 0.000000000000000000, -1.000000000000000000, 0.000000000000000000 ) ) ;
#1508 = CARTESIAN_POINT ( 'NONE',  ( 120.3942725277129995, 19.57073774999910043, -22.98502487562580043 ) ) ;
#1509 = DIRECTION ( 'NONE',  ( 0.000000000000000000, -1.000000000000000000, 0.000000000000000000 ) ) ;
#1510 = ORIENTED_EDGE ( 'NONE', *, *, #1539, .F. ) ;
#1511 = ORIENTED_EDGE ( 'NONE', *, *, #274, .F. ) ;
#1512 = ORIENTED_EDGE ( 'NONE', *, *, #2962, .F. ) ;
#1513 = PRESENTATION_LAYER_ASSIGNMENT (  '', '', ( #2518 ) ) ;
#1514 = PLANE ( 'NONE',  #188 ) ;
#1515 = FACE_OUTER_BOUND ( 'NONE', #2976, .T. ) ;
#1516 = CARTESIAN_POINT ( 'NONE',  ( 115.4320866860875867, -30.71501231645630625, 0.2870695343946704781 ) ) ;
#1517 = DIRECTION ( 'NONE',  ( 0.000000000000000000, 1.000000000000000000, 0.000000000000000000 ) ) ;
#1518 = ORIENTED_EDGE ( 'NONE', *, *, #2083, .F. ) ;
#1519 = CARTESIAN_POINT ( 'NONE',  ( 121.3312185854790073, -26.25586390885800014, -47.84715456782990373 ) ) ;
#1520 = CIRCLE ( 'NONE', #1330, 15.00000000000000000 ) ;
#1521 = CARTESIAN_POINT ( 'NONE',  ( 159.8942725277129853, -31.02926225000090099, 2.014975124374189797 ) ) ;
#1522 = CARTESIAN_POINT ( 'NONE',  ( 158.9018954967939692, 30.16311478091790121, -4.201316574054550834 ) ) ;
#1523 = CARTESIAN_POINT ( 'NONE',  ( 120.7130918038550078, 25.55488542737069935, -48.98502487562579688 ) ) ;
#1524 = ORIENTED_EDGE ( 'NONE', *, *, #3145, .F. ) ;
#1525 = FACE_OUTER_BOUND ( 'NONE', #1303, .T. ) ;
#1526 = ORIENTED_EDGE ( 'NONE', *, *, #836, .T. ) ;
#1527 = CARTESIAN_POINT ( 'NONE',  ( 115.3942725277129995, 73.07073774999909688, 1.014975124374170035 ) ) ;
#1528 = DIRECTION ( 'NONE',  ( 0.000000000000000000, 0.000000000000000000, 1.000000000000000000 ) ) ;
#1529 = CARTESIAN_POINT ( 'NONE',  ( 158.9519399921630054, 30.11307028554909948, -3.833234724604039911 ) ) ;
#1530 = VERTEX_POINT ( 'NONE', #1564 ) ;
#1531 = DIRECTION ( 'NONE',  ( 0.000000000000000000, 0.000000000000000000, -1.000000000000000000 ) ) ;
#1532 = DIRECTION ( 'NONE',  ( -3.831145228760979577E-15, 0.9999619230641713097, -0.008726535498373931207 ) ) ;
#1533 = CARTESIAN_POINT ( 'NONE',  ( 115.4608168570146205, 28.93907931534198852, 0.3742804689895537495 ) ) ;
#1534 = CARTESIAN_POINT ( 'NONE',  ( 115.0443058806329901, 7.108329470530800442, -26.35981520549830037 ) ) ;
#1535 = VERTEX_POINT ( 'NONE', #426 ) ;
#1536 =( BOUNDED_CURVE ( )  B_SPLINE_CURVE ( 3, ( #3682, #1000, #119, #2470 ),
 .UNSPECIFIED., .F., .F. ) 
 B_SPLINE_CURVE_WITH_KNOTS ( ( 4, 4 ),
 ( 1.570796326794862141, 3.141592653589793116 ),
 .UNSPECIFIED. ) 
 CURVE ( )  GEOMETRIC_REPRESENTATION_ITEM ( )  RATIONAL_B_SPLINE_CURVE ( ( 1.000000000000000000, 0.8047378541243569439, 0.8047378541243569439, 1.000000000000000000 ) ) 
 REPRESENTATION_ITEM ( '' )  );
#1537 = EDGE_CURVE ( 'NONE', #3312, #61, #3370, .T. ) ;
#1538 = ORIENTED_EDGE ( 'NONE', *, *, #3245, .T. ) ;
#1539 = EDGE_CURVE ( 'NONE', #1210, #1996, #2477, .T. ) ;
#1540 = EDGE_LOOP ( 'NONE', ( #990, #448, #819, #282 ) ) ;
#1541 = ADVANCED_FACE ( 'NONE', ( #3549 ), #3139, .T. ) ;
#1542 = TOROIDAL_SURFACE ( 'NONE', #1376, 15.00000000000000000, 1.000000000000000000 ) ;
#1543 = VECTOR ( 'NONE', #995, 1000.000000000000000 ) ;
#1544 = EDGE_CURVE ( 'NONE', #326, #3236, #1053, .T. ) ;
#1545 = EDGE_CURVE ( 'NONE', #1082, #638, #724, .T. ) ;
#1546 = VECTOR ( 'NONE', #1800, 1000.000000000000000 ) ;
#1547 = VECTOR ( 'NONE', #943, 1000.000000000000000 ) ;
#1548 = DIRECTION ( 'NONE',  ( 0.000000000000000000, -1.000000000000000000, 0.000000000000000000 ) ) ;
#1549 = DIRECTION ( 'NONE',  ( -0.8987874693249316982, -0.003825579047227788479, -0.4383679389844088448 ) ) ;
#1550 = CARTESIAN_POINT ( 'NONE',  ( 123.3942725277129995, -49.92926225000089602, 2.014975124374189797 ) ) ;
#1551 = FACE_OUTER_BOUND ( 'NONE', #2469, .T. ) ;
#1552 = ORIENTED_EDGE ( 'NONE', *, *, #3287, .T. ) ;
#1553 = EDGE_LOOP ( 'NONE', ( #2111, #92, #2723, #2295 ) ) ;
#1554 = AXIS2_PLACEMENT_3D ( 'NONE', #2087, #3575, #1528 ) ;
#1555 = DIRECTION ( 'NONE',  ( -0.008726203243943984889, -0.008726203243943964072, 0.9999238504775704861 ) ) ;
#1556 = CARTESIAN_POINT ( 'NONE',  ( 116.0395483577187576, -31.03228902342646123, 0.9666963992861481447 ) ) ;
#1557 = EDGE_LOOP ( 'NONE', ( #1413, #384, #1116, #1110, #3673 ) ) ;
#1558 = DIRECTION ( 'NONE',  ( -1.000000000000000000, 0.000000000000000000, 4.390224768437440308E-13 ) ) ;
#1559 = ADVANCED_FACE ( 'NONE', ( #1378 ), #575, .T. ) ;
#1560 = CARTESIAN_POINT ( 'NONE',  ( 115.6499585745711727, 29.11489902995197809, 0.6838710388693001185 ) ) ;
#1561 = CARTESIAN_POINT ( 'NONE',  ( 116.7600942689669949, -22.73516194365409859, -46.91515299893080027 ) ) ;
#1562 = EDGE_CURVE ( 'NONE', #3608, #1385, #3650, .T. ) ;
#1563 = ORIENTED_EDGE ( 'NONE', *, *, #173, .F. ) ;
#1564 = CARTESIAN_POINT ( 'NONE',  ( 158.9018954967939692, -32.02163928091979983, -4.201316574054550834 ) ) ;
#1565 = AXIS2_PLACEMENT_3D ( 'NONE', #454, #2475, #2215 ) ;
#1566 = ORIENTED_EDGE ( 'NONE', *, *, #1031, .F. ) ;
#1567 = EDGE_LOOP ( 'NONE', ( #2505, #1999, #2048, #148, #2017 ) ) ;
#1568 = CARTESIAN_POINT ( 'NONE',  ( 121.0596045791989184, -26.34056105447193019, -48.55531342917937820 ) ) ;
#1569 = CIRCLE ( 'NONE', #1855, 2.499999999999998668 ) ;
#1570 = CARTESIAN_POINT ( 'NONE',  ( 115.3946387911671678, -30.26286701395613576, 0.04261078518959715566 ) ) ;
#1571 = ORIENTED_EDGE ( 'NONE', *, *, #890, .F. ) ;
#1572 = DIRECTION ( 'NONE',  ( 0.000000000000000000, 1.000000000000000000, 0.000000000000000000 ) ) ;
#1573 = DIRECTION ( 'NONE',  ( 0.000000000000000000, -1.000000000000000000, 0.000000000000000000 ) ) ;
#1574 = VERTEX_POINT ( 'NONE', #3292 ) ;
#1575 = DIRECTION ( 'NONE',  ( 0.000000000000000000, -1.000000000000000000, 0.000000000000000000 ) ) ;
#1576 = ORIENTED_EDGE ( 'NONE', *, *, #2612, .T. ) ;
#1577 = DIRECTION ( 'NONE',  ( 0.000000000000000000, 0.008726535498373931207, 0.9999619230641713097 ) ) ;
#1578 = CARTESIAN_POINT ( 'NONE',  ( 177.8942725277130137, 28.17073774999909830, -3.485024875625820417 ) ) ;
#1579 = ADVANCED_FACE ( 'NONE', ( #490 ), #2339, .T. ) ;
#1580 = CARTESIAN_POINT ( 'NONE',  ( 121.0289155061958155, -26.34036310267953951, -48.58225155705302001 ) ) ;
#1581 = VERTEX_POINT ( 'NONE', #1205 ) ;
#1582 = DIRECTION ( 'NONE',  ( 0.000000000000000000, -1.000000000000000000, 0.000000000000000000 ) ) ;
#1583 = CARTESIAN_POINT ( 'NONE',  ( 158.0220755490656757, -32.52880487410255483, -5.398156354326363981 ) ) ;
#1584 = VERTEX_POINT ( 'NONE', #1492 ) ;
#1585 = CARTESIAN_POINT ( 'NONE',  ( 115.5482585367822423, 29.05660554919160177, 0.5494666031401018724 ) ) ;
#1586 =( BOUNDED_SURFACE ( )  B_SPLINE_SURFACE ( 3, 2, ( 
 ( #1966, #762, #1653 ),
 ( #200, #2861, #220 ),
 ( #498, #1663, #1086 ),
 ( #472, #2276, #2549 ) ),
 .UNSPECIFIED., .F., .F., .T. ) 
 B_SPLINE_SURFACE_WITH_KNOTS ( ( 4, 4 ),
 ( 3, 3 ),
 ( 0.000000000000000000, 1.000000000000000000 ),
 ( 0.000000000000000000, 1.000000000000000000 ),
 .UNSPECIFIED. ) 
 GEOMETRIC_REPRESENTATION_ITEM ( )  RATIONAL_B_SPLINE_SURFACE ( (
 ( 1.000000000000000000, 0.8093130452955370480, 1.000000000000000000),
 ( 1.000000000000000000, 0.7852454362220179229, 1.000000000000000000),
 ( 1.000000000000000000, 0.7496772386551139311, 1.000000000000000000),
 ( 1.000000000000000000, 0.7098744107765689870, 1.000000000000000000) ) ) 
 REPRESENTATION_ITEM ( '' )  SURFACE ( )  );
#1587 = FACE_OUTER_BOUND ( 'NONE', #416, .T. ) ;
#1588 = AXIS2_PLACEMENT_3D ( 'NONE', #1471, #1765, #2067 ) ;
#1589 = ORIENTED_EDGE ( 'NONE', *, *, #235, .T. ) ;
#1590 = CARTESIAN_POINT ( 'NONE',  ( 117.3942725277129853, -22.12115570171819812, -46.23011690042320510 ) ) ;
#1591 = TOROIDAL_SURFACE ( 'NONE', #3773, 3.000000000000000000, 1.000000000000000000 ) ;
#1592 = TOROIDAL_SURFACE ( 'NONE', #1953, 6.500000000000000000, 1.000000000000000000 ) ;
#1593 = DIRECTION ( 'NONE',  ( 0.3417430630866939434, -0.9397934234884408600, 0.000000000000000000 ) ) ;
#1594 = DIRECTION ( 'NONE',  ( 0.000000000000000000, -1.000000000000000000, 0.000000000000000000 ) ) ;
#1595 = CARTESIAN_POINT ( 'NONE',  ( 123.3942725277129995, 31.87518776523249997, -22.28726435827980268 ) ) ;
#1596 = ORIENTED_EDGE ( 'NONE', *, *, #433, .T. ) ;
#1597 = ADVANCED_FACE ( 'NONE', ( #1179 ), #2762, .T. ) ;
#1598 = CARTESIAN_POINT ( 'NONE',  ( 115.4126633308110144, 28.75905667148324696, 0.2060097553300766215 ) ) ;
#1599 = FACE_OUTER_BOUND ( 'NONE', #3721, .T. ) ;
#1600 = DIRECTION ( 'NONE',  ( 1.000000000000000000, 0.000000000000000000, 0.000000000000000000 ) ) ;
#1601 = CARTESIAN_POINT ( 'NONE',  ( 158.0175502345720986, -31.99096379859671302, -4.481066409976754983 ) ) ;
#1602 = CARTESIAN_POINT ( 'NONE',  ( 116.9492165728065487, -22.10705846095239124, -46.04522444253417746 ) ) ;
#1603 = CARTESIAN_POINT ( 'NONE',  ( 123.4117262632939998, 30.11873552284830069, -4.485024875625819973 ) ) ;
#1604 = DIRECTION ( 'NONE',  ( -1.000000000000000000, 0.000000000000000000, 0.000000000000000000 ) ) ;
#1605 = ORIENTED_EDGE ( 'NONE', *, *, #3414, .T. ) ;
#1606 = ORIENTED_EDGE ( 'NONE', *, *, #3338, .T. ) ;
#1607 = DIRECTION ( 'NONE',  ( 0.000000000000000000, 0.000000000000000000, 1.000000000000000000 ) ) ;
#1608 = AXIS2_PLACEMENT_3D ( 'NONE', #3473, #3792, #2286 ) ;
#1609 = B_SPLINE_CURVE_WITH_KNOTS ( 'NONE', 3,
 ( #363, #2462, #1004, #1294, #979, #1560, #993, #3377, #1585, #1881, #122, #2721, #1533, #1927, #439, #3400, #1628, #1612, #2198, #1598, #1913, #739, #149, #3713, #3413, #2511, #1044, #1014, #2184, #3086, #2817, #2213, #414, #3726, #3695, #162, #2226, #3115 ),
 .UNSPECIFIED., .F., .F.,
 ( 4, 2, 2, 2, 2, 2, 1, 2, 2, 2, 2, 1, 2, 2, 2, 2, 1, 1, 2, 2, 4 ),
 ( 0.000000000000000000, 0.2500000000000236478, 0.3750000000000437983, 0.4375000000000538458, 0.5000000000000638378, 0.5625000000000738298, 0.5937500000000788258, 0.6093750000000827116, 0.6250000000000867084, 0.6875000000000999201, 0.7187500000001064704, 0.7343750000001116884, 0.7421875000001153522, 0.7500000000001191269, 0.8125000000001451061, 0.8437500000001577627, 0.8593750000001617595, 0.8671875000001639799, 0.8710937500001630918, 0.8750000000001623146, 1.000000000000000000 ),
 .UNSPECIFIED. ) ;
#1610 = DIRECTION ( 'NONE',  ( 0.000000000000000000, -1.000000000000000000, 0.000000000000000000 ) ) ;
#1611 = ORIENTED_EDGE ( 'NONE', *, *, #3157, .F. ) ;
#1612 = CARTESIAN_POINT ( 'NONE',  ( 115.4246421042267912, 28.82887518366419144, 0.2607901581289915893 ) ) ;
#1613 = EDGE_CURVE ( 'NONE', #1808, #2277, #773, .T. ) ;
#1614 = DIRECTION ( 'NONE',  ( 1.000000000000000000, 0.000000000000000000, 0.000000000000000000 ) ) ;
#1615 = ORIENTED_EDGE ( 'NONE', *, *, #3541, .T. ) ;
#1616 = DIRECTION ( 'NONE',  ( -1.000000000000000000, 0.000000000000000000, 0.000000000000000000 ) ) ;
#1617 = EDGE_CURVE ( 'NONE', #3055, #1760, #394, .T. ) ;
#1618 = CIRCLE ( 'NONE', #928, 2.499999999999998668 ) ;
#1619 = DIRECTION ( 'NONE',  ( 0.000000000000000000, -1.000000000000000000, 0.000000000000000000 ) ) ;
#1620 = CARTESIAN_POINT ( 'NONE',  ( 177.8942725277130137, -30.02926225000090099, 2.014975124374189797 ) ) ;
#1621 = EDGE_CURVE ( 'NONE', #432, #2814, #2179, .T. ) ;
#1622 = ORIENTED_EDGE ( 'NONE', *, *, #231, .T. ) ;
#1623 = ADVANCED_FACE ( 'NONE', ( #1002 ), #1514, .F. ) ;
#1624 = EDGE_CURVE ( 'NONE', #3815, #3313, #2437, .T. ) ;
#1625 = VECTOR ( 'NONE', #3204, 1000.000000000000114 ) ;
#1626 = CARTESIAN_POINT ( 'NONE',  ( 156.3665688434579693, -33.58112351867109879, -6.205600925240410071 ) ) ;
#1627 = ORIENTED_EDGE ( 'NONE', *, *, #111, .T. ) ;
#1628 = CARTESIAN_POINT ( 'NONE',  ( 115.4321092589167108, 28.85943680121623345, 0.2888890245217630159 ) ) ;
#1629 = CARTESIAN_POINT ( 'NONE',  ( 123.6290843589199966, 30.71647028581869776, -72.97864449977329571 ) ) ;
#1630 = ORIENTED_EDGE ( 'NONE', *, *, #1975, .T. ) ;
#1631 = ORIENTED_EDGE ( 'NONE', *, *, #1465, .F. ) ;
#1632 = DIRECTION ( 'NONE',  ( -1.000000000000000000, 0.000000000000000000, 0.000000000000000000 ) ) ;
#1633 = CARTESIAN_POINT ( 'NONE',  ( 183.8942725277130137, -31.02926225000090099, -3.485024875625820417 ) ) ;
#1634 = AXIS2_PLACEMENT_3D ( 'NONE', #1578, #2219, #174 ) ;
#1635 = VERTEX_POINT ( 'NONE', #3278 ) ;
#1636 = ORIENTED_EDGE ( 'NONE', *, *, #2131, .T. ) ;
#1637 = ORIENTED_EDGE ( 'NONE', *, *, #2411, .T. ) ;
#1638 = TOROIDAL_SURFACE ( 'NONE', #2632, 7.000000000000000000, 1.000000000000000000 ) ;
#1639 = FACE_OUTER_BOUND ( 'NONE', #704, .T. ) ;
#1640 = ADVANCED_FACE ( 'NONE', ( #910 ), #2056, .T. ) ;
#1641 = EDGE_CURVE ( 'NONE', #2590, #1139, #2786, .T. ) ;
#1642 = CARTESIAN_POINT ( 'NONE',  ( 121.0073062148537559, 24.48208342779722457, -48.60022225920316430 ) ) ;
#1643 = LINE ( 'NONE', #950, #1220 ) ;
#1644 = AXIS2_PLACEMENT_3D ( 'NONE', #1950, #1990, #1343 ) ;
#1645 = LINE ( 'NONE', #2209, #1457 ) ;
#1646 = DIRECTION ( 'NONE',  ( -0.3417430630866947761, -0.9397934234884404159, 0.000000000000000000 ) ) ;
#1647 = DIRECTION ( 'NONE',  ( 1.000000000000000000, 0.000000000000000000, 0.000000000000000000 ) ) ;
#1648 = DIRECTION ( 'NONE',  ( -1.000000000000000000, 0.000000000000000000, 0.000000000000000000 ) ) ;
#1649 = VERTEX_POINT ( 'NONE', #1849 ) ;
#1650 = AXIS2_PLACEMENT_3D ( 'NONE', #2091, #2930, #2672 ) ;
#1651 = CARTESIAN_POINT ( 'NONE',  ( 122.3942725277129995, 30.24691272767899974, -48.98502487562579688 ) ) ;
#1652 = ORIENTED_EDGE ( 'NONE', *, *, #349, .F. ) ;
#1653 = CARTESIAN_POINT ( 'NONE',  ( 156.6353044778560104, 32.42970579985569657, -5.306806878941199734 ) ) ;
#1654 = CIRCLE ( 'NONE', #1731, 2.999999999999999112 ) ;
#1655 = CARTESIAN_POINT ( 'NONE',  ( 116.3942725277129995, -12.92926225000090135, -15.48502487562579866 ) ) ;
#1656 = VERTEX_POINT ( 'NONE', #383 ) ;
#1657 = EDGE_LOOP ( 'NONE', ( #1784, #1732, #2598, #1874 ) ) ;
#1658 = CARTESIAN_POINT ( 'NONE',  ( 123.3942725277129995, -34.31586643273805493, -22.28726435827978491 ) ) ;
#1659 = CARTESIAN_POINT ( 'NONE',  ( 117.3942725277129853, 11.07073774999899918, -14.48502487562580043 ) ) ;
#1660 = CARTESIAN_POINT ( 'NONE',  ( 116.3942725277129995, -22.42926225000089957, -45.33995914761640478 ) ) ;
#1661 = DIRECTION ( 'NONE',  ( 0.000000000000000000, 1.000000000000000000, 0.000000000000000000 ) ) ;
#1662 = CARTESIAN_POINT ( 'NONE',  ( 116.3942725277129995, 49.07073774999910398, 2.014975124374189797 ) ) ;
#1663 = CARTESIAN_POINT ( 'NONE',  ( 156.1064352941310744, 32.90055352405882871, -6.332476534632210274 ) ) ;
#1664 = FACE_OUTER_BOUND ( 'NONE', #399, .T. ) ;
#1665 = CARTESIAN_POINT ( 'NONE',  ( 123.3942725277129995, -31.02926225000100047, 1.014975124374190019 ) ) ;
#1666 =( BOUNDED_CURVE ( )  B_SPLINE_CURVE ( 3, ( #2926, #243, #2060, #1024 ),
 .UNSPECIFIED., .F., .T. ) 
 B_SPLINE_CURVE_WITH_KNOTS ( ( 4, 4 ),
 ( 0.7853600871865817901, 1.570796326794865472 ),
 .UNSPECIFIED. ) 
 CURVE ( )  GEOMETRIC_REPRESENTATION_ITEM ( )  RATIONAL_B_SPLINE_CURVE ( ( 1.000000000000000000, 0.9492481645175534499, 0.9492481645175534499, 1.000000000000000000 ) ) 
 REPRESENTATION_ITEM ( '' )  );
#1667 = ORIENTED_EDGE ( 'NONE', *, *, #2962, .T. ) ;
#1668 = AXIS2_PLACEMENT_3D ( 'NONE', #12, #310, #25 ) ;
#1669 = FACE_OUTER_BOUND ( 'NONE', #3460, .T. ) ;
#1670 = AXIS2_PLACEMENT_3D ( 'NONE', #1696, #2310, #513 ) ;
#1671 = ORIENTED_EDGE ( 'NONE', *, *, #2550, .F. ) ;
#1672 = LINE ( 'NONE', #3057, #1755 ) ;
#1673 = CARTESIAN_POINT ( 'NONE',  ( 121.3942725277129995, 24.57073774999910043, -47.80958019596259589 ) ) ;
#1674 = EDGE_CURVE ( 'NONE', #2652, #368, #217, .T. ) ;
#1675 = ORIENTED_EDGE ( 'NONE', *, *, #1956, .F. ) ;
#1676 = DIRECTION ( 'NONE',  ( 0.000000000000000000, 1.000000000000000000, 0.000000000000000000 ) ) ;
#1677 = ORIENTED_EDGE ( 'NONE', *, *, #3821, .F. ) ;
#1678 = ORIENTED_EDGE ( 'NONE', *, *, #2830, .T. ) ;
#1679 = CARTESIAN_POINT ( 'NONE',  ( 115.3942725277129995, -42.17926225000089602, -16.03502487562580114 ) ) ;
#1680 = EDGE_LOOP ( 'NONE', ( #526 ) ) ;
#1681 = DIRECTION ( 'NONE',  ( 0.000000000000000000, 0.000000000000000000, -1.000000000000000000 ) ) ;
#1682 = CARTESIAN_POINT ( 'NONE',  ( 116.3942725277129995, -31.02926225000100047, 1.014975124374190019 ) ) ;
#1683 = ORIENTED_EDGE ( 'NONE', *, *, #3425, .T. ) ;
#1684 = CIRCLE ( 'NONE', #705, 6.499999999999999112 ) ;
#1685 = CARTESIAN_POINT ( 'NONE',  ( 117.3942725277129853, -20.42926225000089957, -22.98502487562580043 ) ) ;
#1686 = DIRECTION ( 'NONE',  ( 0.000000000000000000, 0.000000000000000000, -1.000000000000000000 ) ) ;
#1687 = AXIS2_PLACEMENT_3D ( 'NONE', #1290, #1012, #696 ) ;
#1688 = VECTOR ( 'NONE', #1899, 1000.000000000000000 ) ;
#1689 = LINE ( 'NONE', #1655, #1973 ) ;
#1690 = CARTESIAN_POINT ( 'NONE',  ( 117.1022239174592130, -22.40391479535232122, -46.57622081890153964 ) ) ;
#1691 = EDGE_CURVE ( 'NONE', #2651, #1656, #3468, .T. ) ;
#1692 = EDGE_CURVE ( 'NONE', #2242, #1790, #483, .T. ) ;
#1693 = CARTESIAN_POINT ( 'NONE',  ( 123.3942725277129995, 30.07073774999909688, -22.28726435827980268 ) ) ;
#1694 = EDGE_CURVE ( 'NONE', #1224, #3562, #2665, .T. ) ;
#1695 = CIRCLE ( 'NONE', #3691, 1.000000000000000444 ) ;
#1696 = CARTESIAN_POINT ( 'NONE',  ( 155.3671136716789931, 30.86946948128599644, -22.03935739966109963 ) ) ;
#1697 = CARTESIAN_POINT ( 'NONE',  ( 137.6442725277129853, -31.97726002285009628, -4.485024875625819973 ) ) ;
#1698 = APPLICATION_PROTOCOL_DEFINITION ( 'draft international standard', 'automotive_design', 1998, #811 ) ;
#1699 = ORIENTED_EDGE ( 'NONE', *, *, #1276, .F. ) ;
#1700 = VERTEX_POINT ( 'NONE', #2136 ) ;
#1701 = CARTESIAN_POINT ( 'NONE',  ( 150.8354867876809919, 36.81530992765789989, -7.790687953399869414 ) ) ;
#1702 = AXIS2_PLACEMENT_3D ( 'NONE', #103, #2168, #2393 ) ;
#1703 = CIRCLE ( 'NONE', #731, 1.000000000000000000 ) ;
#1704 =( BOUNDED_CURVE ( )  B_SPLINE_CURVE ( 3, ( #1367, #1658, #1961, #193 ),
 .UNSPECIFIED., .F., .T. ) 
 B_SPLINE_CURVE_WITH_KNOTS ( ( 4, 4 ),
 ( 0.007843438571293515418, 1.570796326794880571 ),
 .UNSPECIFIED. ) 
 CURVE ( )  GEOMETRIC_REPRESENTATION_ITEM ( )  RATIONAL_B_SPLINE_CURVE ( ( 1.000000000000000000, 0.8065829405177176170, 0.8065829405177176170, 1.000000000000000000 ) ) 
 REPRESENTATION_ITEM ( '' )  );
#1705 = DIRECTION ( 'NONE',  ( 1.000000000000000000, 0.000000000000000000, 0.000000000000000000 ) ) ;
#1706 = ORIENTED_EDGE ( 'NONE', *, *, #1146, .T. ) ;
#1707 = DIRECTION ( 'NONE',  ( 1.000000000000000000, 0.000000000000000000, 0.000000000000000000 ) ) ;
#1708 = LINE ( 'NONE', #2228, #3297 ) ;
#1709 = DIRECTION ( 'NONE',  ( 0.000000000000000000, 0.000000000000000000, -1.000000000000000000 ) ) ;
#1710 = ORIENTED_EDGE ( 'NONE', *, *, #3087, .T. ) ;
#1711 = FACE_OUTER_BOUND ( 'NONE', #2965, .T. ) ;
#1712 = AXIS2_PLACEMENT_3D ( 'NONE', #246, #849, #3358 ) ;
#1713 = ORIENTED_EDGE ( 'NONE', *, *, #3823, .T. ) ;
#1714 = DIRECTION ( 'NONE',  ( 0.000000000000000000, 0.000000000000000000, 1.000000000000000000 ) ) ;
#1715 = MECHANICAL_DESIGN_GEOMETRIC_PRESENTATION_REPRESENTATION (  '', ( #2518 ), #2774 ) ;
#1716 = CARTESIAN_POINT ( 'NONE',  ( 116.7688905841258702, 20.86812092272641550, -46.90795857442334693 ) ) ;
#1717 = PLANE ( 'NONE',  #1448 ) ;
#1718 = EDGE_LOOP ( 'NONE', ( #1721, #764, #2142, #742 ) ) ;
#1719 = ORIENTED_EDGE ( 'NONE', *, *, #2667, .T. ) ;
#1720 = ADVANCED_FACE ( 'NONE', ( #1099 ), #502, .T. ) ;
#1721 = ORIENTED_EDGE ( 'NONE', *, *, #2740, .F. ) ;
#1722 = ORIENTED_EDGE ( 'NONE', *, *, #3334, .T. ) ;
#1723 = DIRECTION ( 'NONE',  ( -1.000000000000000000, 0.000000000000000000, 0.000000000000000000 ) ) ;
#1724 = ORIENTED_EDGE ( 'NONE', *, *, #1537, .T. ) ;
#1725 = FACE_OUTER_BOUND ( 'NONE', #2771, .T. ) ;
#1726 = FACE_OUTER_BOUND ( 'NONE', #3579, .T. ) ;
#1727 = CARTESIAN_POINT ( 'NONE',  ( 116.9963773583989877, 20.06551180863980122, -45.98829987182708123 ) ) ;
#1728 = CARTESIAN_POINT ( 'NONE',  ( 159.8942725277129853, 29.17073774999909830, -21.98502487562580043 ) ) ;
#1729 = LINE ( 'NONE', #332, #2251 ) ;
#1730 = FACE_OUTER_BOUND ( 'NONE', #2378, .T. ) ;
#1731 = AXIS2_PLACEMENT_3D ( 'NONE', #2945, #2928, #2981 ) ;
#1732 = ORIENTED_EDGE ( 'NONE', *, *, #550, .F. ) ;
#1733 = CARTESIAN_POINT ( 'NONE',  ( 116.3985471776498173, 20.56715089281367881, -45.14603077492555627 ) ) ;
#1734 = LINE ( 'NONE', #21, #3803 ) ;
#1735 = EDGE_CURVE ( 'NONE', #1204, #1308, #295, .T. ) ;
#1736 = DIRECTION ( 'NONE',  ( 0.000000000000000000, 0.000000000000000000, -1.000000000000000000 ) ) ;
#1737 = EDGE_CURVE ( 'NONE', #858, #133, #3277, .T. ) ;
#1738 = CYLINDRICAL_SURFACE ( 'NONE', #22, 1.000000000000000000 ) ;
#1739 = CARTESIAN_POINT ( 'NONE',  ( 116.3942725277129995, 19.57073774999910043, -72.98502487562579688 ) ) ;
#1740 = ORIENTED_EDGE ( 'NONE', *, *, #1106, .T. ) ;
#1741 = EDGE_CURVE ( 'NONE', #3811, #1880, #740, .T. ) ;
#1742 = AXIS2_PLACEMENT_3D ( 'NONE', #3235, #264, #873 ) ;
#1743 = EDGE_CURVE ( 'NONE', #1656, #2326, #3546, .T. ) ;
#1744 = DIRECTION ( 'NONE',  ( 0.000000000000000000, 0.000000000000000000, 1.000000000000000000 ) ) ;
#1745 = DIRECTION ( 'NONE',  ( 0.000000000000000000, -1.000000000000000000, 0.000000000000000000 ) ) ;
#1746 = VERTEX_POINT ( 'NONE', #3502 ) ;
#1747 = ORIENTED_EDGE ( 'NONE', *, *, #2694, .F. ) ;
#1748 = DIRECTION ( 'NONE',  ( 0.000000000000000000, 0.000000000000000000, 1.000000000000000000 ) ) ;
#1749 = LINE ( 'NONE', #470, #3109 ) ;
#1750 = CARTESIAN_POINT ( 'NONE',  ( 121.3918294805900047, -26.42254387041250041, -47.87977526261850159 ) ) ;
#1751 = ORIENTED_EDGE ( 'NONE', *, *, #1624, .T. ) ;
#1752 = ORIENTED_EDGE ( 'NONE', *, *, #2220, .T. ) ;
#1753 = AXIS2_PLACEMENT_3D ( 'NONE', #32, #2074, #3009 ) ;
#1754 = DIRECTION ( 'NONE',  ( 0.000000000000000000, 0.000000000000000000, -1.000000000000000000 ) ) ;
#1755 = VECTOR ( 'NONE', #1866, 1000.000000000000114 ) ;
#1756 = CARTESIAN_POINT ( 'NONE',  ( 121.5316961483955112, 24.94865270687807879, -47.94984654230422905 ) ) ;
#1757 = CARTESIAN_POINT ( 'NONE',  ( 130.2242725277129978, -24.49926225000099933, 2.014975124374189797 ) ) ;
#1758 = ORIENTED_EDGE ( 'NONE', *, *, #622, .F. ) ;
#1759 = EDGE_CURVE ( 'NONE', #3175, #3443, #1645, .T. ) ;
#1760 = VERTEX_POINT ( 'NONE', #2800 ) ;
#1761 = CARTESIAN_POINT ( 'NONE',  ( 116.3942725277129995, 29.17073774999909830, 1.014975124374190019 ) ) ;
#1762 = DIRECTION ( 'NONE',  ( -1.000000000000000000, 0.000000000000000000, 0.000000000000000000 ) ) ;
#1763 = CARTESIAN_POINT ( 'NONE',  ( 123.3942725277129995, -33.73371226523440214, -22.28726435827980268 ) ) ;
#1764 = AXIS2_PLACEMENT_3D ( 'NONE', #3118, #2238, #3753 ) ;
#1765 = DIRECTION ( 'NONE',  ( -1.000000000000000000, 0.000000000000000000, 0.000000000000000000 ) ) ;
#1766 = ORIENTED_EDGE ( 'NONE', *, *, #1149, .T. ) ;
#1767 = CARTESIAN_POINT ( 'NONE',  ( 122.3942725277129995, 49.07073774999910398, -48.98502487562579688 ) ) ;
#1768 = B_SPLINE_CURVE_WITH_KNOTS ( 'NONE', 3,
 ( #2331, #3284, #3542, #3567, #2349, #566 ),
 .UNSPECIFIED., .F., .F.,
 ( 4, 2, 4 ),
 ( 0.000000000000000000, 0.5000000000000000000, 1.000000000000000000 ),
 .UNSPECIFIED. ) ;
#1769 = CARTESIAN_POINT ( 'NONE',  ( 157.6309925442640179, 30.11873552284830069, -4.485024875625819973 ) ) ;
#1770 = ORIENTED_EDGE ( 'NONE', *, *, #1562, .F. ) ;
#1771 = FACE_OUTER_BOUND ( 'NONE', #2913, .T. ) ;
#1772 = VECTOR ( 'NONE', #3329, 1000.000000000000000 ) ;
#1773 = VECTOR ( 'NONE', #57, 1000.000000000000000 ) ;
#1774 = DIRECTION ( 'NONE',  ( 0.000000000000000000, -1.000000000000000000, 0.000000000000000000 ) ) ;
#1775 = DIRECTION ( 'NONE',  ( 0.000000000000000000, 0.000000000000000000, 1.000000000000000000 ) ) ;
#1776 = CARTESIAN_POINT ( 'NONE',  ( 116.5907126930059974, 20.40590487975300249, -45.75724583740259988 ) ) ;
#1777 = DIRECTION ( 'NONE',  ( -1.000000000000000000, 0.000000000000000000, 0.000000000000000000 ) ) ;
#1778 = FACE_BOUND ( 'NONE', #312, .T. ) ;
#1779 = CARTESIAN_POINT ( 'NONE',  ( 122.3942725277129995, 41.07073774999910398, -48.98502487562579688 ) ) ;
#1780 = CARTESIAN_POINT ( 'NONE',  ( 116.9369081286527319, 20.25074289476284761, -46.03795511357390069 ) ) ;
#1781 = EDGE_LOOP ( 'NONE', ( #2674, #1994, #1710, #1970, #3010, #1636, #1392, #3105 ) ) ;
#1782 = FACE_OUTER_BOUND ( 'NONE', #3506, .T. ) ;
#1783 = AXIS2_PLACEMENT_3D ( 'NONE', #2933, #2332, #2033 ) ;
#1784 = ORIENTED_EDGE ( 'NONE', *, *, #1034, .T. ) ;
#1785 = CARTESIAN_POINT ( 'NONE',  ( 115.3942725277129995, 40.32073774999909688, -40.03502487562579404 ) ) ;
#1786 = FACE_OUTER_BOUND ( 'NONE', #1247, .T. ) ;
#1787 = DIRECTION ( 'NONE',  ( 0.000000000000000000, 0.000000000000000000, -1.000000000000000000 ) ) ;
#1788 = ORIENTED_EDGE ( 'NONE', *, *, #2416, .T. ) ;
#1789 = COLOUR_RGB ( '',0.2549019607843137081, 0.3764705882352941124, 1.000000000000000000 ) ;
#1790 = VERTEX_POINT ( 'NONE', #1288 ) ;
#1791 = VECTOR ( 'NONE', #2650, 1000.000000000000114 ) ;
#1792 = VERTEX_POINT ( 'NONE', #737 ) ;
#1793 = CYLINDRICAL_SURFACE ( 'NONE', #1993, 1.000000000000000888 ) ;
#1794 = DIRECTION ( 'NONE',  ( 0.000000000000000000, 0.000000000000000000, -1.000000000000000000 ) ) ;
#1795 = CARTESIAN_POINT ( 'NONE',  ( 123.3942725277129995, -34.92926225000089602, 1.014975124374190019 ) ) ;
#1796 = AXIS2_PLACEMENT_3D ( 'NONE', #649, #3619, #3295 ) ;
#1797 = CARTESIAN_POINT ( 'NONE',  ( 115.3942725277129995, -23.73466953933320056, -46.45044449451139457 ) ) ;
#1798 = ORIENTED_EDGE ( 'NONE', *, *, #2296, .T. ) ;
#1799 = CARTESIAN_POINT ( 'NONE',  ( 116.3942725277129995, 41.07073774999910398, -48.98502487562579688 ) ) ;
#1800 = DIRECTION ( 'NONE',  ( -1.000000000000000000, 0.000000000000000000, 0.000000000000000000 ) ) ;
#1801 = CARTESIAN_POINT ( 'NONE',  ( 117.2827331975314422, 20.23867873486502234, -46.20079850599793758 ) ) ;
#1802 = EDGE_CURVE ( 'NONE', #2845, #3573, #2531, .T. ) ;
#1803 = VERTEX_POINT ( 'NONE', #1348 ) ;
#1804 = VERTEX_POINT ( 'NONE', #1334 ) ;
#1805 = EDGE_CURVE ( 'NONE', #3734, #3712, #3840, .T. ) ;
#1806 = CARTESIAN_POINT ( 'NONE',  ( 123.4646080963390062, -32.12268506372389965, -21.14908400434849867 ) ) ;
#1807 = EDGE_CURVE ( 'NONE', #986, #2333, #3463, .T. ) ;
#1808 = VERTEX_POINT ( 'NONE', #190 ) ;
#1809 = EDGE_CURVE ( 'NONE', #2524, #3114, #1689, .T. ) ;
#1810 = CARTESIAN_POINT ( 'NONE',  ( 115.4632040877648791, -30.80393182106346472, 0.3812321614252172641 ) ) ;
#1811 = ORIENTED_EDGE ( 'NONE', *, *, #2618, .T. ) ;
#1812 = CARTESIAN_POINT ( 'NONE',  ( 115.3942725277129995, -23.73466953933320056, 1.014975124374170035 ) ) ;
#1814 = CARTESIAN_POINT ( 'NONE',  ( 123.8283461289920098, -33.12296465351950303, -22.07555251709960231 ) ) ;
#1813 = LINE ( 'NONE', #3038, #770 ) ;
#1815 = TOROIDAL_SURFACE ( 'NONE', #1300, 5.000000000000000000, 1.000000000000000000 ) ;
#1816 =( BOUNDED_CURVE ( )  B_SPLINE_CURVE ( 3, ( #775, #1073, #485, #1980 ),
 .UNSPECIFIED., .F., .T. ) 
 B_SPLINE_CURVE_WITH_KNOTS ( ( 4, 4 ),
 ( 5.556134969656119971, 5.870218429516079972 ),
 .UNSPECIFIED. ) 
 CURVE ( )  GEOMETRIC_REPRESENTATION_ITEM ( )  RATIONAL_B_SPLINE_CURVE ( ( 1.000000000000000000, 0.9917961794546759080, 0.9917961794546759080, 1.000000000000000000 ) ) 
 REPRESENTATION_ITEM ( '' )  );
#1817 = LINE ( 'NONE', #64, #176 ) ;
#1818 = VECTOR ( 'NONE', #3040, 1000.000000000000000 ) ;
#1819 = VERTEX_POINT ( 'NONE', #1939 ) ;
#1820 = AXIS2_PLACEMENT_3D ( 'NONE', #160, #3159, #2253 ) ;
#1821 = CARTESIAN_POINT ( 'NONE',  ( 120.4809481074517805, -26.38752829338783457, -48.82297409727323156 ) ) ;
#1822 = FACE_OUTER_BOUND ( 'NONE', #2724, .T. ) ;
#1823 = CARTESIAN_POINT ( 'NONE',  ( 182.8942725277130137, -31.02926225000100047, -4.485024875625819973 ) ) ;
#1824 = CARTESIAN_POINT ( 'NONE',  ( 159.1871130162080021, 29.87789726150370129, -3.606396180555409892 ) ) ;
#1825 = CARTESIAN_POINT ( 'NONE',  ( 122.3942725277129995, -34.92926225000069707, 1.014975124374190019 ) ) ;
#1826 = ADVANCED_FACE ( 'NONE', ( #2950 ), #1270, .T. ) ;
#1827 = DIRECTION ( 'NONE',  ( 0.000000000000000000, 0.000000000000000000, -1.000000000000000000 ) ) ;
#1828 = ORIENTED_EDGE ( 'NONE', *, *, #1360, .T. ) ;
#1829 = CARTESIAN_POINT ( 'NONE',  ( 157.7244631579497707, -31.97726002285016023, -4.485024875625819085 ) ) ;
#1830 = ORIENTED_EDGE ( 'NONE', *, *, #427, .F. ) ;
#1831 = VERTEX_POINT ( 'NONE', #2608 ) ;
#1832 = EDGE_CURVE ( 'NONE', #287, #2515, #2977, .T. ) ;
#1833 = AXIS2_PLACEMENT_3D ( 'NONE', #76, #3651, #2129 ) ;
#1834 = CARTESIAN_POINT ( 'NONE',  ( 123.3942725277129995, 33.06201086005389556, 0.01497258575369930095 ) ) ;
#1835 = DIRECTION ( 'NONE',  ( 0.000000000000000000, 1.000000000000000000, 0.000000000000000000 ) ) ;
#1836 = CIRCLE ( 'NONE', #1387, 2.499999999999998668 ) ;
#1837 = CARTESIAN_POINT ( 'NONE',  ( 115.5173000091595270, -30.88420142452765660, 0.4958436429192167316 ) ) ;
#1838 = ORIENTED_EDGE ( 'NONE', *, *, #1217, .T. ) ;
#1839 = CARTESIAN_POINT ( 'NONE',  ( 123.3942725277129995, 41.07073774999910398, -47.98502487562579688 ) ) ;
#1840 = FACE_OUTER_BOUND ( 'NONE', #3431, .T. ) ;
#1841 = EDGE_LOOP ( 'NONE', ( #2676 ) ) ;
#1842 = ORIENTED_EDGE ( 'NONE', *, *, #1149, .F. ) ;
#1843 = FACE_BOUND ( 'NONE', #1425, .T. ) ;
#1844 = CARTESIAN_POINT ( 'NONE',  ( 116.5907126930059974, -22.26442937975479808, -45.75724583740269935 ) ) ;
#1845 = DIRECTION ( 'NONE',  ( -1.000000000000000000, 0.000000000000000000, 0.000000000000000000 ) ) ;
#1846 = ORIENTED_EDGE ( 'NONE', *, *, #33, .T. ) ;
#1847 = DIRECTION ( 'NONE',  ( 1.000000000000000000, -0.000000000000000000, 0.000000000000000000 ) ) ;
#1848 = ADVANCED_FACE ( 'NONE', ( #2150, #1925, #1131 ), #842, .F. ) ;
#1849 = CARTESIAN_POINT ( 'NONE',  ( 116.3942725277129995, -31.02926225000100047, 1.014975124374190019 ) ) ;
#1850 = DIRECTION ( 'NONE',  ( -0.8987874693249331415, 0.003825579047227700875, -0.4383679389844061247 ) ) ;
#1851 = ORIENTED_EDGE ( 'NONE', *, *, #3613, .T. ) ;
#1852 = AXIS2_PLACEMENT_3D ( 'NONE', #1186, #318, #2630 ) ;
#1853 = DIRECTION ( 'NONE',  ( 0.000000000000000000, -0.6453219554873317332, 0.7639107105977807066 ) ) ;
#1854 = CARTESIAN_POINT ( 'NONE',  ( 182.8942725277130137, -25.02926225000089744, 1.014975124374190019 ) ) ;
#1855 = AXIS2_PLACEMENT_3D ( 'NONE', #3530, #2909, #2620 ) ;
#1856 = EDGE_LOOP ( 'NONE', ( #206, #3525, #946, #2979, #1719, #2275, #1637, #3206, #3780 ) ) ;
#1857 = CARTESIAN_POINT ( 'NONE',  ( 116.9645737086436270, -22.10451228380441435, -46.05413737253065420 ) ) ;
#1858 = ORIENTED_EDGE ( 'NONE', *, *, #1617, .T. ) ;
#1859 = EDGE_CURVE ( 'NONE', #2524, #2781, #3416, .T. ) ;
#1860 = ORIENTED_EDGE ( 'NONE', *, *, #3005, .T. ) ;
#1861 = CIRCLE ( 'NONE', #2946, 2.499999999999998668 ) ;
#1862 = AXIS2_PLACEMENT_3D ( 'NONE', #3830, #1422, #2327 ) ;
#1863 = CARTESIAN_POINT ( 'NONE',  ( 121.2399261193205859, -26.35327243617680537, -48.34075537587420968 ) ) ;
#1864 = VECTOR ( 'NONE', #2474, 1000.000000000000000 ) ;
#1865 = VECTOR ( 'NONE', #1183, 1000.000000000000114 ) ;
#1866 = DIRECTION ( 'NONE',  ( 0.6684690492821153684, -0.6684690492821142582, 0.3260341397825251009 ) ) ;
#1867 = CARTESIAN_POINT ( 'NONE',  ( 115.3942725277129995, 40.32073774999909688, -42.53502487562580114 ) ) ;
#1868 = ADVANCED_FACE ( 'NONE', ( #1730 ), #1042, .T. ) ;
#1869 = DIRECTION ( 'NONE',  ( -0.3417430630866947761, -0.9397934234884404159, 0.000000000000000000 ) ) ;
#1870 =( BOUNDED_CURVE ( )  B_SPLINE_CURVE ( 3, ( #3635, #2750, #3653, #2765 ),
 .UNSPECIFIED., .F., .T. ) 
 B_SPLINE_CURVE_WITH_KNOTS ( ( 4, 4 ),
 ( 0.7171837186064849989, 0.8693516615921380586 ),
 .UNSPECIFIED. ) 
 CURVE ( )  GEOMETRIC_REPRESENTATION_ITEM ( )  RATIONAL_B_SPLINE_CURVE ( ( 1.000000000000000000, 0.9980713404106558162, 0.9980713404106558162, 1.000000000000000000 ) ) 
 REPRESENTATION_ITEM ( '' )  );
#1871 = DIRECTION ( 'NONE',  ( 0.000000000000000000, 0.000000000000000000, -1.000000000000000000 ) ) ;
#1872 = VECTOR ( 'NONE', #2404, 1000.000000000000000 ) ;
#1873 = CARTESIAN_POINT ( 'NONE',  ( 117.0776556079093069, -22.09279645072229670, -46.11411928047309772 ) ) ;
#1874 = ORIENTED_EDGE ( 'NONE', *, *, #89, .F. ) ;
#1875 = CARTESIAN_POINT ( 'NONE',  ( 160.7226996524589993, 29.17073774999909830, 1.014975124374190019 ) ) ;
#1876 = FACE_OUTER_BOUND ( 'NONE', #1199, .T. ) ;
#1877 = B_SPLINE_CURVE_WITH_KNOTS ( 'NONE', 3,
 ( #7, #562, #317, #2355, #1505, #34 ),
 .UNSPECIFIED., .F., .F.,
 ( 4, 2, 4 ),
 ( 0.000000000000000000, 0.5000000000000000000, 1.000000000000000000 ),
 .UNSPECIFIED. ) ;
#1878 = CARTESIAN_POINT ( 'NONE',  ( 121.2833565615179481, -26.36161778226104246, -48.26391431191154879 ) ) ;
#1879 = PLANE ( 'NONE',  #214 ) ;
#1880 = VERTEX_POINT ( 'NONE', #2878 ) ;
#1881 = CARTESIAN_POINT ( 'NONE',  ( 115.5099947730016652, 29.01850115764128546, 0.4832259864805560357 ) ) ;
#1882 = EDGE_CURVE ( 'NONE', #734, #758, #955, .T. ) ;
#1883 = DIRECTION ( 'NONE',  ( 0.000000000000000000, 0.000000000000000000, -1.000000000000000000 ) ) ;
#1884 = LINE ( 'NONE', #866, #3438 ) ;
#1885 = CARTESIAN_POINT ( 'NONE',  ( 158.6132096738598989, -31.99843988298356479, -4.244816963818762723 ) ) ;
#1886 = EDGE_CURVE ( 'NONE', #1115, #3301, #2009, .T. ) ;
#1887 = DIRECTION ( 'NONE',  ( 1.000000000000000000, 0.000000000000000000, 0.000000000000000000 ) ) ;
#1888 = EDGE_LOOP ( 'NONE', ( #688 ) ) ;
#1889 = DIRECTION ( 'NONE',  ( 0.000000000000000000, 0.000000000000000000, -1.000000000000000000 ) ) ;
#1890 = DIRECTION ( 'NONE',  ( 0.000000000000000000, -1.000000000000000000, 0.000000000000000000 ) ) ;
#1891 = EDGE_CURVE ( 'NONE', #2845, #1896, #3134, .T. ) ;
#1892 = CIRCLE ( 'NONE', #2594, 8.000000000000000000 ) ;
#1893 = CARTESIAN_POINT ( 'NONE',  ( 120.3942725277129995, 24.54324733962970129, -48.82782904339650543 ) ) ;
#1894 = ADVANCED_FACE ( 'NONE', ( #343 ), #3084, .T. ) ;
#1895 = EDGE_CURVE ( 'NONE', #1204, #945, #821, .T. ) ;
#1896 = VERTEX_POINT ( 'NONE', #2589 ) ;
#1897 = CARTESIAN_POINT ( 'NONE',  ( 121.2897923588427744, -26.36312930831903145, -48.25120905873399124 ) ) ;
#1898 = FACE_OUTER_BOUND ( 'NONE', #2373, .T. ) ;
#1899 = DIRECTION ( 'NONE',  ( 0.000000000000000000, -1.000000000000000000, 1.868645531891350147E-15 ) ) ;
#1900 = VERTEX_POINT ( 'NONE', #2302 ) ;
#1901 = CARTESIAN_POINT ( 'NONE',  ( 155.7033393767599421, 33.07073774999892635, 1.014975124374190019 ) ) ;
#1902 = DIRECTION ( 'NONE',  ( 0.000000000000000000, 0.000000000000000000, -1.000000000000000000 ) ) ;
#1903 = CARTESIAN_POINT ( 'NONE',  ( 158.5692295164991492, -32.00078970067944795, -4.276202585752628238 ) ) ;
#1904 = ORIENTED_EDGE ( 'NONE', *, *, #3145, .T. ) ;
#1905 = CARTESIAN_POINT ( 'NONE',  ( 117.2827516275117290, -22.09720719260678479, -46.20080335036666241 ) ) ;
#1906 = DIRECTION ( 'NONE',  ( -1.000000000000000000, 0.000000000000000000, 0.000000000000000000 ) ) ;
#1907 = CARTESIAN_POINT ( 'NONE',  ( 121.3942725277129995, -26.42926225000089957, -47.80958019596259589 ) ) ;
#1908 = CARTESIAN_POINT ( 'NONE',  ( 120.4470823435511306, 24.71081694757859282, -48.86268779263756556 ) ) ;
#1909 = B_SPLINE_CURVE_WITH_KNOTS ( 'NONE', 3,
 ( #1590, #1905, #430, #1873, #3689, #2488, #3090, #1036, #1857, #1017, #1312, #1602, #2502, #729, #393, #1844 ),
 .UNSPECIFIED., .F., .F.,
 ( 4, 2, 2, 2, 1, 1, 2, 2, 4 ),
 ( 0.000000000000000000, 0.2500000000005104805, 0.3750000000007657208, 0.4375000000009180434, 0.4687500000009665602, 0.4843750000010206835, 0.4921875000010061951, 0.5000000000009916512, 1.000000000000000000 ),
 .UNSPECIFIED. ) ;
#1910 = DIRECTION ( 'NONE',  ( 0.000000000000000000, 0.000000000000000000, -1.000000000000000000 ) ) ;
#1911 = ORIENTED_EDGE ( 'NONE', *, *, #2739, .T. ) ;
#1912 = ADVANCED_FACE ( 'NONE', ( #3833, #3231 ), #1502, .F. ) ;
#1913 = CARTESIAN_POINT ( 'NONE',  ( 115.4090333221029567, 28.73028675595448078, 0.1860957963917793945 ) ) ;
#1914 = EDGE_CURVE ( 'NONE', #2236, #1656, #2244, .T. ) ;
#1915 = AXIS2_PLACEMENT_3D ( 'NONE', #1235, #641, #2463 ) ;
#1916 = EDGE_LOOP ( 'NONE', ( #2938, #815, #3850 ) ) ;
#1917 = CARTESIAN_POINT ( 'NONE',  ( 158.6755191949356174, -31.99416148470163179, -4.193836311945503326 ) ) ;
#1918 = CYLINDRICAL_SURFACE ( 'NONE', #2504, 1.000000000000000000 ) ;
#1919 = VECTOR ( 'NONE', #1328, 1000.000000000000000 ) ;
#1920 = CARTESIAN_POINT ( 'NONE',  ( 183.8942725277130137, 23.17073774999909830, 2.014975124374189797 ) ) ;
#1921 = AXIS2_PLACEMENT_3D ( 'NONE', #1933, #171, #1661 ) ;
#1922 = DIRECTION ( 'NONE',  ( 1.000000000000000000, 0.000000000000000000, 0.000000000000000000 ) ) ;
#1923 = DIRECTION ( 'NONE',  ( -1.000000000000000000, 0.000000000000000000, 0.000000000000000000 ) ) ;
#1924 = FACE_BOUND ( 'NONE', #507, .T. ) ;
#1925 = FACE_OUTER_BOUND ( 'NONE', #2890, .T. ) ;
#1926 = VERTEX_POINT ( 'NONE', #822 ) ;
#1927 = CARTESIAN_POINT ( 'NONE',  ( 115.4518618531086247, 28.91720910374857212, 0.3494643706069850975 ) ) ;
#1928 = VECTOR ( 'NONE', #590, 1000.000000000000000 ) ;
#1929 = CARTESIAN_POINT ( 'NONE',  ( 120.3942725277129995, 24.54324733962970129, -48.82782904339650543 ) ) ;
#1930 = CARTESIAN_POINT ( 'NONE',  ( 120.3942725277129995, -21.42926225000089957, -22.98502487562580043 ) ) ;
#1931 = ORIENTED_EDGE ( 'NONE', *, *, #2314, .T. ) ;
#1932 = VECTOR ( 'NONE', #1646, 1000.000000000000114 ) ;
#1933 = CARTESIAN_POINT ( 'NONE',  ( 123.3942725277129995, 73.07073774999909688, 2.014975124374189797 ) ) ;
#1934 = ORIENTED_EDGE ( 'NONE', *, *, #2086, .T. ) ;
#1935 = ORIENTED_EDGE ( 'NONE', *, *, #2088, .F. ) ;
#1936 = CARTESIAN_POINT ( 'NONE',  ( 120.3942725277129995, -20.42926225000089957, -41.48502487562579688 ) ) ;
#1937 = ADVANCED_FACE ( 'NONE', ( #2197 ), #491, .F. ) ;
#1938 = AXIS2_PLACEMENT_3D ( 'NONE', #893, #3686, #2736 ) ;
#1939 = CARTESIAN_POINT ( 'NONE',  ( 177.8942725277130137, 29.17073774999909830, -3.485024875625820417 ) ) ;
#1940 = VERTEX_POINT ( 'NONE', #2304 ) ;
#1941 = EDGE_CURVE ( 'NONE', #3826, #1986, #1319, .T. ) ;
#1942 = DIRECTION ( 'NONE',  ( 0.000000000000000000, 1.000000000000000000, 0.000000000000000000 ) ) ;
#1943 = ORIENTED_EDGE ( 'NONE', *, *, #785, .F. ) ;
#1944 = CARTESIAN_POINT ( 'NONE',  ( 183.8942725277130137, -30.02926225000090099, -4.485024875625819973 ) ) ;
#1945 = EDGE_CURVE ( 'NONE', #465, #3589, #1455, .T. ) ;
#1946 = LINE ( 'NONE', #3583, #464 ) ;
#1947 = CARTESIAN_POINT ( 'NONE',  ( 177.8942725277130137, 28.17073774999909830, -4.485024875625819973 ) ) ;
#1948 = DIRECTION ( 'NONE',  ( 0.000000000000000000, 0.000000000000000000, 1.000000000000000000 ) ) ;
#1949 = DIRECTION ( 'NONE',  ( 0.000000000000000000, 0.000000000000000000, 1.000000000000000000 ) ) ;
#1950 = CARTESIAN_POINT ( 'NONE',  ( 137.6442725277129853, -31.92926225000100615, 1.014975124374190019 ) ) ;
#1951 = EDGE_CURVE ( 'NONE', #468, #1900, #2480, .T. ) ;
#1952 = ORIENTED_EDGE ( 'NONE', *, *, #503, .T. ) ;
#1953 = AXIS2_PLACEMENT_3D ( 'NONE', #538, #3818, #859 ) ;
#1954 = CARTESIAN_POINT ( 'NONE',  ( 123.4666602757200025, 30.26980405701978327, -21.79576428335278848 ) ) ;
#1955 = EDGE_LOOP ( 'NONE', ( #2752 ) ) ;
#1956 = EDGE_CURVE ( 'NONE', #1194, #1194, #2431, .T. ) ;
#1957 =( BOUNDED_CURVE ( )  B_SPLINE_CURVE ( 3, ( #376, #940, #1829, #136 ),
 .UNSPECIFIED., .F., .F. ) 
 B_SPLINE_CURVE_WITH_KNOTS ( ( 4, 4 ),
 ( 1.438236107009868148, 1.561087030817434940 ),
 .UNSPECIFIED. ) 
 CURVE ( )  GEOMETRIC_REPRESENTATION_ITEM ( )  RATIONAL_B_SPLINE_CURVE ( ( 1.000000000000000000, 0.9987426996099117993, 0.9987426996099117993, 1.000000000000000000 ) ) 
 REPRESENTATION_ITEM ( '' )  );
#1958 = FACE_OUTER_BOUND ( 'NONE', #3740, .T. ) ;
#1959 = ORIENTED_EDGE ( 'NONE', *, *, #3709, .F. ) ;
#1960 = ADVANCED_FACE ( 'NONE', ( #1639 ), #862, .F. ) ;
#1961 = CARTESIAN_POINT ( 'NONE',  ( 123.3942725277129995, -34.72988783337510199, -21.83107014706894944 ) ) ;
#1962 = VERTEX_POINT ( 'NONE', #576 ) ;
#1963 = ORIENTED_EDGE ( 'NONE', *, *, #1832, .T. ) ;
#1964 = DIRECTION ( 'NONE',  ( 0.000000000000000000, -1.000000000000000000, 0.000000000000000000 ) ) ;
#1965 = CARTESIAN_POINT ( 'NONE',  ( 115.3942725277129995, -27.92926225000089957, -47.98502487562579688 ) ) ;
#1966 = CARTESIAN_POINT ( 'NONE',  ( 156.3665688434589924, 31.72259901866909715, -6.205600925240370103 ) ) ;
#1967 = AXIS2_PLACEMENT_3D ( 'NONE', #2725, #1089, #1338 ) ;
#1968 = CARTESIAN_POINT ( 'NONE',  ( 156.3665688434589924, -33.58112351867099932, -6.205600925240370103 ) ) ;
#1969 = ORIENTED_EDGE ( 'NONE', *, *, #856, .T. ) ;
#1970 = ORIENTED_EDGE ( 'NONE', *, *, #28, .T. ) ;
#1971 = CARTESIAN_POINT ( 'NONE',  ( 123.3942725277129995, 41.07073774999910398, -48.98502487562579688 ) ) ;
#1972 = ORIENTED_EDGE ( 'NONE', *, *, #3499, .T. ) ;
#1973 = VECTOR ( 'NONE', #2525, 1000.000000000000000 ) ;
#1974 = VECTOR ( 'NONE', #3435, 1000.000000000000114 ) ;
#1975 = EDGE_CURVE ( 'NONE', #127, #3589, #1322, .T. ) ;
#1976 = CYLINDRICAL_SURFACE ( 'NONE', #1436, 0.9999999999999986677 ) ;
#1977 = AXIS2_PLACEMENT_3D ( 'NONE', #3073, #1887, #124 ) ;
#1978 = LINE ( 'NONE', #351, #869 ) ;
#1979 = CARTESIAN_POINT ( 'NONE',  ( 121.3918294805900047, 24.56401937041070127, -47.87977526261850159 ) ) ;
#1980 = CARTESIAN_POINT ( 'NONE',  ( 158.9519399921630054, -31.97159478555090217, -3.833234724604080323 ) ) ;
#1981 = AXIS2_PLACEMENT_3D ( 'NONE', #140, #1845, #83 ) ;
#1982 = DIRECTION ( 'NONE',  ( 0.000000000000000000, 0.000000000000000000, 1.000000000000000000 ) ) ;
#1983 = ADVANCED_FACE ( 'NONE', ( #65 ), #1157, .F. ) ;
#1984 = CIRCLE ( 'NONE', #1079, 1.000000000000000888 ) ;
#1985 = ORIENTED_EDGE ( 'NONE', *, *, #2542, .F. ) ;
#1986 = VERTEX_POINT ( 'NONE', #3851 ) ;
#1987 = ORIENTED_EDGE ( 'NONE', *, *, #2768, .F. ) ;
#1988 = ORIENTED_EDGE ( 'NONE', *, *, #84, .T. ) ;
#1989 = CARTESIAN_POINT ( 'NONE',  ( 122.3942725277129995, 49.07073774999910398, -14.98502487562580043 ) ) ;
#1990 = DIRECTION ( 'NONE',  ( 0.000000000000000000, 0.9999619230641713097, -0.008726535498374163660 ) ) ;
#1991 = TOROIDAL_SURFACE ( 'NONE', #628, 8.500000000000000000, 1.000000000000000000 ) ;
#1992 = ORIENTED_EDGE ( 'NONE', *, *, #175, .F. ) ;
#1993 = AXIS2_PLACEMENT_3D ( 'NONE', #3812, #226, #1408 ) ;
#1994 = ORIENTED_EDGE ( 'NONE', *, *, #2694, .T. ) ;
#1995 = ADVANCED_FACE ( 'NONE', ( #1415 ), #2642, .T. ) ;
#1996 = VERTEX_POINT ( 'NONE', #2368 ) ;
#1997 = PLANE ( 'NONE',  #112 ) ;
#1998 = DIRECTION ( 'NONE',  ( 0.000000000000000000, 0.000000000000000000, 1.000000000000000000 ) ) ;
#1999 = ORIENTED_EDGE ( 'NONE', *, *, #3064, .F. ) ;
#2000 = DIRECTION ( 'NONE',  ( 1.000000000000000000, 0.000000000000000000, 0.000000000000000000 ) ) ;
#2001 = CARTESIAN_POINT ( 'NONE',  ( 159.8942725277129853, -31.02926225000090099, -3.485024875625820417 ) ) ;
#2002 = CARTESIAN_POINT ( 'NONE',  ( 120.3942725277129995, 26.07073774999909688, -41.48502487562579688 ) ) ;
#2003 = ORIENTED_EDGE ( 'NONE', *, *, #3823, .F. ) ;
#2004 = DIRECTION ( 'NONE',  ( -0.000000000000000000, 1.000000000000000000, 6.071532165918830747E-16 ) ) ;
#2005 = DIRECTION ( 'NONE',  ( 0.000000000000000000, 0.000000000000000000, 1.000000000000000000 ) ) ;
#2006 = ORIENTED_EDGE ( 'NONE', *, *, #3761, .F. ) ;
#2007 = AXIS2_PLACEMENT_3D ( 'NONE', #2809, #1604, #1890 ) ;
#2008 = VECTOR ( 'NONE', #2990, 1000.000000000000000 ) ;
#2009 = LINE ( 'NONE', #1129, #252 ) ;
#2010 = CARTESIAN_POINT ( 'NONE',  ( 177.3642725277130126, 20.14073774999910071, -4.485024875625809315 ) ) ;
#2011 = EDGE_CURVE ( 'NONE', #2167, #2167, #2388, .T. ) ;
#2012 = VECTOR ( 'NONE', #2791, 1000.000000000000000 ) ;
#2013 = CARTESIAN_POINT ( 'NONE',  ( 160.7226996524589993, -33.02926225000089744, -4.485024875625819973 ) ) ;
#2014 = EDGE_CURVE ( 'NONE', #1880, #2456, #1373, .T. ) ;
#2015 = ORIENTED_EDGE ( 'NONE', *, *, #1951, .F. ) ;
#2016 = ADVANCED_FACE ( 'NONE', ( #2337 ), #1592, .T. ) ;
#2017 = ORIENTED_EDGE ( 'NONE', *, *, #2466, .F. ) ;
#2018 = EDGE_CURVE ( 'NONE', #1803, #1055, #618, .T. ) ;
#2019 = CARTESIAN_POINT ( 'NONE',  ( 156.3665688434589924, -33.58112351867099932, -6.205600925240370103 ) ) ;
#2020 = EDGE_CURVE ( 'NONE', #1163, #3829, #2807, .T. ) ;
#2021 = TOROIDAL_SURFACE ( 'NONE', #667, 5.000000000000000000, 1.000000000000000000 ) ;
#2022 = CARTESIAN_POINT ( 'NONE',  ( 122.3942725277129995, -49.92926225000089602, -40.98502487562579688 ) ) ;
#2023 = CIRCLE ( 'NONE', #2007, 7.500000000000000000 ) ;
#2024 = DIRECTION ( 'NONE',  ( -0.6427876096865391409, -0.7660444431189782355, 0.000000000000000000 ) ) ;
#2025 = VERTEX_POINT ( 'NONE', #2915 ) ;
#2026 = ORIENTED_EDGE ( 'NONE', *, *, #677, .F. ) ;
#2027 = CARTESIAN_POINT ( 'NONE',  ( 117.0971340065800064, 20.55031830573580010, -46.58305610015619891 ) ) ;
#2028 = AXIS2_PLACEMENT_3D ( 'NONE', #424, #2493, #1910 ) ;
#2029 = VECTOR ( 'NONE', #1572, 1000.000000000000000 ) ;
#2030 = DIRECTION ( 'NONE',  ( 0.000000000000000000, 1.000000000000000000, 1.868645531891350147E-15 ) ) ;
#2031 = DIRECTION ( 'NONE',  ( -1.000000000000000000, 0.000000000000000000, 0.000000000000000000 ) ) ;
#2032 = ORIENTED_EDGE ( 'NONE', *, *, #956, .T. ) ;
#2033 = DIRECTION ( 'NONE',  ( 0.000000000000000000, 1.000000000000000000, 0.000000000000000000 ) ) ;
#2034 = LINE ( 'NONE', #1629, #1434 ) ;
#2035 = ADVANCED_FACE ( 'NONE', ( #2147 ), #19, .T. ) ;
#2036 = CARTESIAN_POINT ( 'NONE',  ( 116.3942725277129995, 20.57073774999910043, -44.94912649076359656 ) ) ;
#2037 = ORIENTED_EDGE ( 'NONE', *, *, #84, .F. ) ;
#2038 = EDGE_CURVE ( 'NONE', #918, #2652, #3315, .T. ) ;
#2039 = CIRCLE ( 'NONE', #3387, 1.000000000000001110 ) ;
#2040 = CARTESIAN_POINT ( 'NONE',  ( 159.8942725277129853, -31.02926225000100047, -21.98502487562580043 ) ) ;
#2041 = EDGE_LOOP ( 'NONE', ( #1493, #1667, #809 ) ) ;
#2042 = DIRECTION ( 'NONE',  ( 0.000000000000000000, -1.000000000000000000, 0.000000000000000000 ) ) ;
#2043 = CARTESIAN_POINT ( 'NONE',  ( 122.6550219668117734, 33.07051502393019859, 0.9894532448185787699 ) ) ;
#2044 = EDGE_LOOP ( 'NONE', ( #3769, #3326, #242, #184, #558 ) ) ;
#2045 = ORIENTED_EDGE ( 'NONE', *, *, #2485, .T. ) ;
#2046 = DIRECTION ( 'NONE',  ( 0.000000000000000000, 0.000000000000000000, -1.000000000000000000 ) ) ;
#2047 = VERTEX_POINT ( 'NONE', #1761 ) ;
#2048 = ORIENTED_EDGE ( 'NONE', *, *, #2105, .T. ) ;
#2049 = DIRECTION ( 'NONE',  ( 0.000000000000000000, -1.000000000000000000, 0.000000000000000000 ) ) ;
#2050 = ORIENTED_EDGE ( 'NONE', *, *, #1112, .F. ) ;
#2051 = CIRCLE ( 'NONE', #1634, 1.000000000000000444 ) ;
#2052 = DIRECTION ( 'NONE',  ( 1.000000000000000000, 0.000000000000000000, 0.000000000000000000 ) ) ;
#2053 = CIRCLE ( 'NONE', #2743, 7.500000000000000000 ) ;
#2054 = DIRECTION ( 'NONE',  ( 0.000000000000000000, 1.000000000000000000, 0.000000000000000000 ) ) ;
#2055 = LINE ( 'NONE', #1265, #3548 ) ;
#2056 = CYLINDRICAL_SURFACE ( 'NONE', #2565, 1.000000000000000888 ) ;
#2057 = AXIS2_PLACEMENT_3D ( 'NONE', #3569, #1486, #2699 ) ;
#2058 = AXIS2_PLACEMENT_3D ( 'NONE', #1050, #3168, #3436 ) ;
#2059 = VECTOR ( 'NONE', #3593, 1000.000000000000000 ) ;
#2060 = CARTESIAN_POINT ( 'NONE',  ( 156.2000011651395539, -34.72353361257401616, 1.014975124374190019 ) ) ;
#2061 = EDGE_CURVE ( 'NONE', #3313, #326, #1666, .T. ) ;
#2062 = EDGE_LOOP ( 'NONE', ( #1336, #981, #846, #2834 ) ) ;
#2063 = CARTESIAN_POINT ( 'NONE',  ( 155.1644350462889861, 33.07207195280519585, 1.167859622934909858 ) ) ;
#2064 = DIRECTION ( 'NONE',  ( 0.3417430630866947761, 0.9397934234884404159, 0.000000000000000000 ) ) ;
#2065 = ORIENTED_EDGE ( 'NONE', *, *, #1941, .T. ) ;
#2066 = AXIS2_PLACEMENT_3D ( 'NONE', #745, #1072, #2241 ) ;
#2067 = DIRECTION ( 'NONE',  ( 0.000000000000000000, 0.000000000000000000, 1.000000000000000000 ) ) ;
#2068 = DIRECTION ( 'NONE',  ( 0.000000000000000000, 1.000000000000000000, 0.000000000000000000 ) ) ;
#2069 = DIRECTION ( 'NONE',  ( 0.000000000000000000, 0.000000000000000000, -1.000000000000000000 ) ) ;
#2070 = DIRECTION ( 'NONE',  ( -1.000000000000000000, 0.000000000000000000, 0.000000000000000000 ) ) ;
#2071 = VERTEX_POINT ( 'NONE', #3223 ) ;
#2072 = VERTEX_POINT ( 'NONE', #2473 ) ;
#2073 = VERTEX_POINT ( 'NONE', #2627 ) ;
#2074 = DIRECTION ( 'NONE',  ( 0.000000000000000000, 0.000000000000000000, 1.000000000000000000 ) ) ;
#2075 = CIRCLE ( 'NONE', #3250, 8.500000000000000000 ) ;
#2076 = CARTESIAN_POINT ( 'NONE',  ( 122.3942725277129995, -50.92926225000089602, -14.98502487562580043 ) ) ;
#2077 = ORIENTED_EDGE ( 'NONE', *, *, #2341, .F. ) ;
#2078 = DIRECTION ( 'NONE',  ( 0.000000000000000000, -1.000000000000000000, 0.000000000000000000 ) ) ;
#2079 = TOROIDAL_SURFACE ( 'NONE', #1005, 3.000000000000000000, 1.000000000000000000 ) ;
#2080 = DIRECTION ( 'NONE',  ( -0.008726203243944203464, 0.008726203243944184382, 0.9999238504775704861 ) ) ;
#2081 = ORIENTED_EDGE ( 'NONE', *, *, #2138, .F. ) ;
#2082 = EDGE_CURVE ( 'NONE', #1093, #3658, #3080, .T. ) ;
#2083 = EDGE_CURVE ( 'NONE', #1389, #1139, #338, .T. ) ;
#2084 = ORIENTED_EDGE ( 'NONE', *, *, #2038, .F. ) ;
#2085 = EDGE_LOOP ( 'NONE', ( #1013, #2790, #1722, #1127, #2494 ) ) ;
#2086 = EDGE_CURVE ( 'NONE', #1163, #3719, #437, .T. ) ;
#2087 = CARTESIAN_POINT ( 'NONE',  ( 116.3942725277129995, -34.92926225000089602, 0.01497512437418529845 ) ) ;
#2088 = EDGE_CURVE ( 'NONE', #1308, #3457, #721, .T. ) ;
#2089 = CARTESIAN_POINT ( 'NONE',  ( 117.3942725277129853, 20.26263120171639898, -46.23011690042320510 ) ) ;
#2090 = DIRECTION ( 'NONE',  ( -1.000000000000000000, 0.000000000000000000, 0.000000000000000000 ) ) ;
#2091 = CARTESIAN_POINT ( 'NONE',  ( 183.8942725277130137, -31.02926225000090099, 2.014975124374189797 ) ) ;
#2092 = CARTESIAN_POINT ( 'NONE',  ( 123.3942725277129995, 49.07073774999910398, -48.98502487562579688 ) ) ;
#2093 = CARTESIAN_POINT ( 'NONE',  ( 117.3942725277129853, 20.26263120171639898, -46.23011690042320510 ) ) ;
#2094 = ORIENTED_EDGE ( 'NONE', *, *, #884, .F. ) ;
#2095 = ORIENTED_EDGE ( 'NONE', *, *, #765, .T. ) ;
#2096 = LINE ( 'NONE', #1077, #120 ) ;
#2097 = VECTOR ( 'NONE', #418, 1000.000000000000114 ) ;
#2098 = AXIS2_PLACEMENT_3D ( 'NONE', #3577, #2679, #1794 ) ;
#2099 = CARTESIAN_POINT ( 'NONE',  ( 159.3084860900860065, -31.61504868762780163, -3.485024875625820417 ) ) ;
#2100 = PLANE ( 'NONE',  #3216 ) ;
#2101 = DIRECTION ( 'NONE',  ( 0.000000000000000000, 0.000000000000000000, 1.000000000000000000 ) ) ;
#2102 = DIRECTION ( 'NONE',  ( 1.000000000000000000, 0.000000000000000000, 0.000000000000000000 ) ) ;
#2103 = CARTESIAN_POINT ( 'NONE',  ( 160.7226996524589993, 28.17073774999909830, -3.485024875625820417 ) ) ;
#2104 = VECTOR ( 'NONE', #1100, 1000.000000000000000 ) ;
#2105 = EDGE_CURVE ( 'NONE', #1986, #2330, #1909, .T. ) ;
#2106 =( BOUNDED_CURVE ( )  B_SPLINE_CURVE ( 3, ( #2483, #713, #1901, #2497 ),
 .UNSPECIFIED., .F., .F. ) 
 B_SPLINE_CURVE_WITH_KNOTS ( ( 4, 4 ),
 ( 4.712388980384721648, 5.497825219993003998 ),
 .UNSPECIFIED. ) 
 CURVE ( )  GEOMETRIC_REPRESENTATION_ITEM ( )  RATIONAL_B_SPLINE_CURVE ( ( 1.000000000000000000, 0.9492481645175537830, 0.9492481645175537830, 1.000000000000000000 ) ) 
 REPRESENTATION_ITEM ( '' )  );
#2107 = DIRECTION ( 'NONE',  ( -1.000000000000000000, 0.000000000000000000, 0.000000000000000000 ) ) ;
#2108 = FACE_OUTER_BOUND ( 'NONE', #1182, .T. ) ;
#2109 = AXIS2_PLACEMENT_3D ( 'NONE', #2309, #850, #1439 ) ;
#2110 = EDGE_LOOP ( 'NONE', ( #1846, #958, #2611, #1489, #851, #2659, #3061, #2222, #3848, #1426, #2956, #1316, #710, #2570 ) ) ;
#2111 = ORIENTED_EDGE ( 'NONE', *, *, #1914, .T. ) ;
#2112 = CARTESIAN_POINT ( 'NONE',  ( 159.3050434382220146, -31.61849133949120372, -3.488467527489070186 ) ) ;
#2113 = CARTESIAN_POINT ( 'NONE',  ( 115.4026663169003228, -30.52128647227922542, 0.1443820937582584452 ) ) ;
#2114 = CARTESIAN_POINT ( 'NONE',  ( 159.0708286057320038, 29.99418167197949714, -3.722581003331359994 ) ) ;
#2115 = CARTESIAN_POINT ( 'NONE',  ( 159.8942725277129853, -30.02926225000090099, -3.485024875625820417 ) ) ;
#2116 = CARTESIAN_POINT ( 'NONE',  ( 157.5272491430129946, 30.11917709396010068, -4.535623913264399398 ) ) ;
#2117 = CARTESIAN_POINT ( 'NONE',  ( 123.4117262632939998, -31.97726002285009628, -4.485024875625819973 ) ) ;
#2118 = CARTESIAN_POINT ( 'NONE',  ( 121.4903414932360022, 24.83492740518820341, -47.93874596774240615 ) ) ;
#2119 = FACE_OUTER_BOUND ( 'NONE', #1279, .T. ) ;
#2120 = EDGE_LOOP ( 'NONE', ( #1675 ) ) ;
#2121 = CYLINDRICAL_SURFACE ( 'NONE', #1915, 1.000000000000000888 ) ;
#2122 = DIRECTION ( 'NONE',  ( 0.000000000000000000, 0.000000000000000000, 1.000000000000000000 ) ) ;
#2123 = ADVANCED_FACE ( 'NONE', ( #1267 ), #662, .F. ) ;
#2124 = ORIENTED_EDGE ( 'NONE', *, *, #296, .T. ) ;
#2125 = ORIENTED_EDGE ( 'NONE', *, *, #2300, .T. ) ;
#2126 = CIRCLE ( 'NONE', #2315, 2.000000000000001776 ) ;
#2127 = CARTESIAN_POINT ( 'NONE',  ( 115.3986727463154409, -30.45155577830512783, 0.1082453782245806490 ) ) ;
#2128 = CARTESIAN_POINT ( 'NONE',  ( 158.9519399921630054, 30.11307028554909948, -3.833234724604039911 ) ) ;
#2129 = DIRECTION ( 'NONE',  ( 0.000000000000000000, -1.000000000000000000, 0.000000000000000000 ) ) ;
#2130 = VERTEX_POINT ( 'NONE', #3355 ) ;
#2131 = EDGE_CURVE ( 'NONE', #3327, #1581, #484, .T. ) ;
#2132 = ORIENTED_EDGE ( 'NONE', *, *, #503, .F. ) ;
#2133 = EDGE_CURVE ( 'NONE', #3313, #2590, #2902, .T. ) ;
#2134 = DIRECTION ( 'NONE',  ( 0.000000000000000000, -1.000000000000000000, 0.000000000000000000 ) ) ;
#2135 = AXIS2_PLACEMENT_3D ( 'NONE', #494, #805, #1619 ) ;
#2136 = CARTESIAN_POINT ( 'NONE',  ( 116.3942725277129995, 33.07073774999909688, 1.014975124374190019 ) ) ;
#2137 = ORIENTED_EDGE ( 'NONE', *, *, #1355, .F. ) ;
#2138 = EDGE_CURVE ( 'NONE', #3362, #2904, #2989, .T. ) ;
#2139 = CARTESIAN_POINT ( 'NONE',  ( 115.6186782142856941, -30.96341578436548048, 0.6523574444852349163 ) ) ;
#2140 = ORIENTED_EDGE ( 'NONE', *, *, #1545, .F. ) ;
#2141 = CARTESIAN_POINT ( 'NONE',  ( 120.5505483103559925, -26.89764691917429928, -48.93162629556140075 ) ) ;
#2142 = ORIENTED_EDGE ( 'NONE', *, *, #377, .F. ) ;
#2143 = ADVANCED_FACE ( 'NONE', ( #3703, #3646, #571 ), #1006, .F. ) ;
#2145 = CARTESIAN_POINT ( 'NONE',  ( 122.3942725277129995, 41.07073774999910398, -40.98502487562579688 ) ) ;
#2144 = CIRCLE ( 'NONE', #3108, 1.000000000000000888 ) ;
#2146 = CARTESIAN_POINT ( 'NONE',  ( 121.6528854080480073, 25.28192317092129926, -47.98502487562910090 ) ) ;
#2147 = FACE_OUTER_BOUND ( 'NONE', #1041, .T. ) ;
#2148 = CARTESIAN_POINT ( 'NONE',  ( 160.7226996524589993, -30.02926225000090099, -3.485024875625820417 ) ) ;
#2149 = CIRCLE ( 'NONE', #1022, 2.499999999999998668 ) ;
#2150 = FACE_BOUND ( 'NONE', #3394, .T. ) ;
#2151 = CARTESIAN_POINT ( 'NONE',  ( 155.1657692490950069, -34.92926225000080365, 1.014975124374190019 ) ) ;
#2152 = DIRECTION ( 'NONE',  ( 0.8987874693249329194, -0.003825579047227349594, 0.4383679389844065133 ) ) ;
#2153 = CIRCLE ( 'NONE', #3408, 2.500000000000002220 ) ;
#2154 = CARTESIAN_POINT ( 'NONE',  ( 117.3942725277129853, -27.92926225000089957, -41.48502487562579688 ) ) ;
#2155 = DIRECTION ( 'NONE',  ( 1.000000000000000000, 0.000000000000000000, 0.000000000000000000 ) ) ;
#2156 = CARTESIAN_POINT ( 'NONE',  ( 117.3942725277129853, 18.57073774999909688, -22.98502487562580043 ) ) ;
#2157 = CARTESIAN_POINT ( 'NONE',  ( 123.3942725277129995, 28.17073774999909830, 1.014975124374190019 ) ) ;
#2158 = ORIENTED_EDGE ( 'NONE', *, *, #3343, .T. ) ;
#2159 =( BOUNDED_CURVE ( )  B_SPLINE_CURVE ( 3, ( #2607, #249, #2377, #3571 ),
 .UNSPECIFIED., .F., .F. ) 
 B_SPLINE_CURVE_WITH_KNOTS ( ( 4, 4 ),
 ( 1.570796326794896558, 3.141592653589794004 ),
 .UNSPECIFIED. ) 
 CURVE ( )  GEOMETRIC_REPRESENTATION_ITEM ( )  RATIONAL_B_SPLINE_CURVE ( ( 1.000000000000000000, 0.8047378541243648264, 0.8047378541243648264, 1.000000000000000000 ) ) 
 REPRESENTATION_ITEM ( '' )  );
#2160 = CARTESIAN_POINT ( 'NONE',  ( 147.3942725277130137, -20.42926225000089957, -55.48502487562579688 ) ) ;
#2161 = VERTEX_POINT ( 'NONE', #3672 ) ;
#2162 = AXIS2_PLACEMENT_3D ( 'NONE', #2533, #481, #2574 ) ;
#2163 = CARTESIAN_POINT ( 'NONE',  ( 123.3942725277129995, 33.07073774999889793, 1.014975124374190019 ) ) ;
#2164 = VERTEX_POINT ( 'NONE', #1341 ) ;
#2165 = ADVANCED_FACE ( 'NONE', ( #3032, #528 ), #2614, .F. ) ;
#2166 = CARTESIAN_POINT ( 'NONE',  ( 147.3942725277130137, -20.42926225000089957, -15.48502487562579866 ) ) ;
#2167 = VERTEX_POINT ( 'NONE', #2764 ) ;
#2168 = DIRECTION ( 'NONE',  ( -1.000000000000000000, 0.000000000000000000, 0.000000000000000000 ) ) ;
#2169 = ORIENTED_EDGE ( 'NONE', *, *, #1674, .T. ) ;
#2170 = CIRCLE ( 'NONE', #197, 5.000000000000000888 ) ;
#2171 = CARTESIAN_POINT ( 'NONE',  ( 153.7942725277129910, -20.07926225000100118, 2.014975124374189797 ) ) ;
#2172 = CARTESIAN_POINT ( 'NONE',  ( 121.3942725277129995, 24.57073774999910043, -14.48502487562580043 ) ) ;
#2173 = CARTESIAN_POINT ( 'NONE',  ( 121.0470264263949218, 24.48193914275678296, -48.56669191557025300 ) ) ;
#2174 = ORIENTED_EDGE ( 'NONE', *, *, #3291, .F. ) ;
#2175 = FACE_OUTER_BOUND ( 'NONE', #854, .T. ) ;
#2176 = DIRECTION ( 'NONE',  ( -1.000000000000000000, 3.831291112586820629E-15, 0.000000000000000000 ) ) ;
#2177 = ORIENTED_EDGE ( 'NONE', *, *, #1545, .T. ) ;
#2178 = DIRECTION ( 'NONE',  ( 0.000000000000000000, 0.000000000000000000, 1.000000000000000000 ) ) ;
#2179 = B_SPLINE_CURVE_WITH_KNOTS ( 'NONE', 3,
 ( #328, #1216, #1821, #2666, #339, #898, #3563, #5, #303, #597, #912, #2481, #101, #1275, #3630, #1580, #2468, #1568, #709, #999, #118, #1243, #397, #3663, #1863, #2726, #2195, #1878, #1897, #410, #2458, #2432, #1307 ),
 .UNSPECIFIED., .F., .F.,
 ( 4, 2, 2, 2, 2, 2, 2, 2, 1, 1, 2, 2, 2, 2, 1, 2, 2, 4 ),
 ( 0.000000000000000000, 0.1249999999997692401, 0.1874999999996526390, 0.2187499999995940192, 0.2343749999995644318, 0.2499999999995348721, 0.3749999999993508526, 0.4374999999992587041, 0.4687499999992177369, 0.4843749999992160715, 0.4921874999992152389, 0.4999999999992144062, 0.6249999999994065858, 0.6874999999995027311, 0.7187499999995435873, 0.7343749999995647926, 0.7499999999995859978, 1.000000000000000000 ),
 .UNSPECIFIED. ) ;
#2180 = DIRECTION ( 'NONE',  ( 1.000000000000000000, 0.000000000000000000, 0.000000000000000000 ) ) ;
#2181 = ORIENTED_EDGE ( 'NONE', *, *, #163, .T. ) ;
#2182 = ORIENTED_EDGE ( 'NONE', *, *, #2691, .T. ) ;
#2183 = ADVANCED_FACE ( 'NONE', ( #2944 ), #1815, .T. ) ;
#2184 = CARTESIAN_POINT ( 'NONE',  ( 115.3965680206864874, 28.53151576150246882, 0.08199790880503204926 ) ) ;
#2185 = CARTESIAN_POINT ( 'NONE',  ( 116.3942725277129995, 33.07073774999909688, 0.01497512437418700021 ) ) ;
#2186 = CARTESIAN_POINT ( 'NONE',  ( 160.7226996524589993, -31.02926225000090099, 1.014975124374190019 ) ) ;
#2187 = AXIS2_PLACEMENT_3D ( 'NONE', #3500, #2005, #238 ) ;
#2188 = CARTESIAN_POINT ( 'NONE',  ( 115.3942725277129995, -30.02926524607769920, 0.01497512437418700021 ) ) ;
#2189 = ORIENTED_EDGE ( 'NONE', *, *, #681, .T. ) ;
#2190 = CARTESIAN_POINT ( 'NONE',  ( 116.3942725277129995, -27.92926225000089957, -47.98502487562579688 ) ) ;
#2191 = DIRECTION ( 'NONE',  ( 0.000000000000000000, 0.000000000000000000, -1.000000000000000000 ) ) ;
#2192 = ORIENTED_EDGE ( 'NONE', *, *, #3819, .F. ) ;
#2193 = CIRCLE ( 'NONE', #2367, 7.500000000000000000 ) ;
#2194 = ORIENTED_EDGE ( 'NONE', *, *, #1057, .T. ) ;
#2195 = CARTESIAN_POINT ( 'NONE',  ( 121.2734270048042191, -26.35938863115352149, -48.28302012532466847 ) ) ;
#2196 = CIRCLE ( 'NONE', #3835, 19.14999999999999858 ) ;
#2197 = FACE_OUTER_BOUND ( 'NONE', #3078, .T. ) ;
#2198 = CARTESIAN_POINT ( 'NONE',  ( 115.4154117295013009, 28.77723472023498630, 0.2195844113783186058 ) ) ;
#2199 = CARTESIAN_POINT ( 'NONE',  ( 158.7620884230111926, -31.98692582180188282, -4.111627985274635577 ) ) ;
#2200 = CARTESIAN_POINT ( 'NONE',  ( 158.6151516322389909, 30.14069877671921560, -4.247601246882904746 ) ) ;
#2201 = CARTESIAN_POINT ( 'NONE',  ( 115.3942725277129995, -42.92926225000100260, -40.98502487562579688 ) ) ;
#2202 = CARTESIAN_POINT ( 'NONE',  ( 116.3942725277129995, -27.92926225000089957, -41.48502487562579688 ) ) ;
#2203 = EDGE_LOOP ( 'NONE', ( #1652 ) ) ;
#2204 = CARTESIAN_POINT ( 'NONE',  ( 121.3918294805900047, -26.42254387041250041, -47.87977526261850159 ) ) ;
#2205 = ADVANCED_FACE ( 'NONE', ( #2528 ), #2710, .T. ) ;
#2206 = LINE ( 'NONE', #2797, #3097 ) ;
#2207 = AXIS2_PLACEMENT_3D ( 'NONE', #2820, #3434, #3103 ) ;
#2208 = B_SPLINE_CURVE_WITH_KNOTS ( 'NONE', 3,
 ( #531, #3182, #1716, #2586 ),
 .UNSPECIFIED., .F., .F.,
 ( 4, 4 ),
 ( 0.000000000000000000, 1.000000000000000000 ),
 .UNSPECIFIED. ) ;
#2209 = CARTESIAN_POINT ( 'NONE',  ( 121.3942725277129995, 11.07073774999899918, -15.48502487562579866 ) ) ;
#2210 = DIRECTION ( 'NONE',  ( 0.000000000000000000, -1.000000000000000000, 0.000000000000000000 ) ) ;
#2211 = ORIENTED_EDGE ( 'NONE', *, *, #1211, .T. ) ;
#2212 = ORIENTED_EDGE ( 'NONE', *, *, #2687, .F. ) ;
#2213 = CARTESIAN_POINT ( 'NONE',  ( 115.3951431912629602, 28.45689972737247686, 0.05675379738659466766 ) ) ;
#2214 = EDGE_CURVE ( 'NONE', #1242, #976, #771, .T. ) ;
#2215 = DIRECTION ( 'NONE',  ( 0.000000000000000000, -1.000000000000000000, 0.000000000000000000 ) ) ;
#2216 = EDGE_CURVE ( 'NONE', #3388, #3201, #2854, .T. ) ;
#2217 = DIRECTION ( 'NONE',  ( 0.000000000000000000, 1.000000000000000000, 0.000000000000000000 ) ) ;
#2218 = CARTESIAN_POINT ( 'NONE',  ( 121.3942725277129995, -26.42926225000089957, -72.98502487562589636 ) ) ;
#2219 = DIRECTION ( 'NONE',  ( 1.000000000000000000, 0.000000000000000000, 0.000000000000000000 ) ) ;
#2220 = EDGE_CURVE ( 'NONE', #2932, #3443, #2053, .T. ) ;
#2221 = PRODUCT_DEFINITION_FORMATION_WITH_SPECIFIED_SOURCE ( '任何', '', #2375, .NOT_KNOWN. ) ;
#2222 = ORIENTED_EDGE ( 'NONE', *, *, #3225, .F. ) ;
#2223 = LINE ( 'NONE', #3102, #1240 ) ;
#2224 = ORIENTED_EDGE ( 'NONE', *, *, #765, .F. ) ;
#2225 = ADVANCED_FACE ( 'NONE', ( #3190 ), #1049, .T. ) ;
#2226 = CARTESIAN_POINT ( 'NONE',  ( 115.3942725277130563, 28.30784811363201570, 0.01497512437418994750 ) ) ;
#2227 = CYLINDRICAL_SURFACE ( 'NONE', #3670, 1.000000000000000888 ) ;
#2228 = CARTESIAN_POINT ( 'NONE',  ( 123.3942725277129995, 49.07073774999910398, 2.014975124374189797 ) ) ;
#2229 = ORIENTED_EDGE ( 'NONE', *, *, #3096, .F. ) ;
#2230 = CARTESIAN_POINT ( 'NONE',  ( 116.3942725277129995, -27.92926225000089957, -48.98502487562579688 ) ) ;
#2231 = AXIS2_PLACEMENT_3D ( 'NONE', #144, #2506, #3426 ) ;
#2232 = CARTESIAN_POINT ( 'NONE',  ( 121.8154568684080061, -27.58751918691420002, -47.98502487562579688 ) ) ;
#2233 =( BOUNDED_CURVE ( )  B_SPLINE_CURVE ( 3, ( #1331, #459, #3405, #3705 ),
 .UNSPECIFIED., .F., .F. ) 
 B_SPLINE_CURVE_WITH_KNOTS ( ( 4, 4 ),
 ( 0.000000000000000000, 1.570796326794862141 ),
 .UNSPECIFIED. ) 
 CURVE ( )  GEOMETRIC_REPRESENTATION_ITEM ( )  RATIONAL_B_SPLINE_CURVE ( ( 1.000000000000000000, 0.8047378541243730421, 0.8047378541243730421, 1.000000000000000000 ) ) 
 REPRESENTATION_ITEM ( '' )  );
#2234 = ORIENTED_EDGE ( 'NONE', *, *, #86, .F. ) ;
#2235 = CARTESIAN_POINT ( 'NONE',  ( 156.5515472827929955, -34.44955065671102545, -6.115380912202127206 ) ) ;
#2236 = VERTEX_POINT ( 'NONE', #3403 ) ;
#2237 = AXIS2_PLACEMENT_3D ( 'NONE', #3083, #69, #1213 ) ;
#2238 = DIRECTION ( 'NONE',  ( -1.000000000000000000, 0.000000000000000000, 0.000000000000000000 ) ) ;
#2239 = AXIS2_PLACEMENT_3D ( 'NONE', #1221, #2101, #1507 ) ;
#2240 = ORIENTED_EDGE ( 'NONE', *, *, #1859, .T. ) ;
#2241 = DIRECTION ( 'NONE',  ( 0.000000000000000000, 0.000000000000000000, -1.000000000000000000 ) ) ;
#2242 = VERTEX_POINT ( 'NONE', #3770 ) ;
#2243 = FACE_OUTER_BOUND ( 'NONE', #1718, .T. ) ;
#2244 = CIRCLE ( 'NONE', #1469, 1.000000000000000888 ) ;
#2245 =( NAMED_UNIT ( * ) PLANE_ANGLE_UNIT ( ) SI_UNIT ( $, .RADIAN. ) );
#2246 = AXIS2_PLACEMENT_3D ( 'NONE', #580, #2068, #2959 ) ;
#2247 = CARTESIAN_POINT ( 'NONE',  ( 177.8942725277130137, -30.02926225000090099, 1.014975124374190019 ) ) ;
#2248 = CARTESIAN_POINT ( 'NONE',  ( 122.3942725277129995, -42.92926225000100260, -40.98502487562579688 ) ) ;
#2249 = CARTESIAN_POINT ( 'NONE',  ( 156.1773074330418751, -33.77038492908771872, -6.297909882858523822 ) ) ;
#2250 = ADVANCED_FACE ( 'NONE', ( #121 ), #3509, .T. ) ;
#2251 = VECTOR ( 'NONE', #1500, 1000.000000000000000 ) ;
#2252 = VECTOR ( 'NONE', #3765, 1000.000000000000000 ) ;
#2253 = DIRECTION ( 'NONE',  ( 0.000000000000000000, 0.000000000000000000, -1.000000000000000000 ) ) ;
#2254 = LINE ( 'NONE', #1075, #259 ) ;
#2255 = CARTESIAN_POINT ( 'NONE',  ( 120.3942725277129995, -27.92926225000089957, -41.48502487562579688 ) ) ;
#2256 = PLANE ( 'NONE',  #269 ) ;
#2257 = DIRECTION ( 'NONE',  ( 0.000000000000000000, 0.000000000000000000, 1.000000000000000000 ) ) ;
#2258 = LINE ( 'NONE', #1944, #3477 ) ;
#2259 =( NAMED_UNIT ( * ) SI_UNIT ( $, .STERADIAN. ) SOLID_ANGLE_UNIT ( ) );
#2260 = CARTESIAN_POINT ( 'NONE',  ( 121.8154568684080061, -27.58751918691420002, -47.98502487562579688 ) ) ;
#2261 = ORIENTED_EDGE ( 'NONE', *, *, #2133, .T. ) ;
#2262 = CARTESIAN_POINT ( 'NONE',  ( 123.8283461289920098, 31.26444015351769679, -22.07555251709960231 ) ) ;
#2263 = AXIS2_PLACEMENT_3D ( 'NONE', #3051, #131, #300 ) ;
#2264 = DIRECTION ( 'NONE',  ( -0.9397934234884415261, -0.3417430630866921115, 0.000000000000000000 ) ) ;
#2265 = ORIENTED_EDGE ( 'NONE', *, *, #683, .F. ) ;
#2266 = AXIS2_PLACEMENT_3D ( 'NONE', #3521, #2887, #1745 ) ;
#2267 = CYLINDRICAL_SURFACE ( 'NONE', #2319, 1.000000000000000888 ) ;
#2268 = ADVANCED_FACE ( 'NONE', ( #1726 ), #117, .T. ) ;
#2269 = ORIENTED_EDGE ( 'NONE', *, *, #2871, .T. ) ;
#2270 = CARTESIAN_POINT ( 'NONE',  ( 123.3942725277129995, 40.32073774999909688, -40.03502487562579404 ) ) ;
#2271 = EDGE_CURVE ( 'NONE', #425, #1635, #170, .T. ) ;
#2272 = FACE_OUTER_BOUND ( 'NONE', #1035, .T. ) ;
#2273 = CARTESIAN_POINT ( 'NONE',  ( 116.3942725277129995, 21.87614503933139787, -46.45044449451139457 ) ) ;
#2274 = DIRECTION ( 'NONE',  ( 0.8987874693249331415, 0.003825579047228090755, 0.4383679389844061247 ) ) ;
#2275 = ORIENTED_EDGE ( 'NONE', *, *, #3537, .T. ) ;
#2276 = CARTESIAN_POINT ( 'NONE',  ( 155.6589716432109185, 33.00471293641387405, -6.550719139378971434 ) ) ;
#2277 = VERTEX_POINT ( 'NONE', #1947 ) ;
#2278 = AXIS2_PLACEMENT_3D ( 'NONE', #1384, #2847, #2546 ) ;
#2279 = CARTESIAN_POINT ( 'NONE',  ( 123.6169808500759757, 30.68318563649860664, -22.17864225171831905 ) ) ;
#2280 = CIRCLE ( 'NONE', #2266, 7.500000000000000000 ) ;
#2281 = CARTESIAN_POINT ( 'NONE',  ( 120.3942725277129995, -12.92926225000090135, -22.98502487562580043 ) ) ;
#2282 = CARTESIAN_POINT ( 'NONE',  ( 130.2242725277129978, -26.99926225000099933, 2.014975124374189797 ) ) ;
#2283 = ORIENTED_EDGE ( 'NONE', *, *, #3701, .T. ) ;
#2284 = ORIENTED_EDGE ( 'NONE', *, *, #703, .F. ) ;
#2285 = EDGE_LOOP ( 'NONE', ( #2045 ) ) ;
#2286 = DIRECTION ( 'NONE',  ( 0.000000000000000000, 1.000000000000000000, 0.000000000000000000 ) ) ;
#2287 =( BOUNDED_SURFACE ( )  B_SPLINE_SURFACE ( 3, 2, ( 
 ( #1519, #35, #1246 ),
 ( #2993, #48, #2141 ),
 ( #2438, #3306, #2420 ),
 ( #330, #3015, #2763 ) ),
 .UNSPECIFIED., .F., .F., .T. ) 
 B_SPLINE_SURFACE_WITH_KNOTS ( ( 4, 4 ),
 ( 3, 3 ),
 ( 0.000000000000000000, 1.000000000000000000 ),
 ( 0.000000000000000000, 1.000000000000000000 ),
 .UNSPECIFIED. ) 
 GEOMETRIC_REPRESENTATION_ITEM ( )  RATIONAL_B_SPLINE_SURFACE ( (
 ( 1.000000000000000000, 0.7314413564851310889, 1.000000000000000000),
 ( 1.000000000000000000, 0.7235786884719690448, 1.000000000000000000),
 ( 1.000000000000000000, 0.7154171250764349566, 1.000000000000000000),
 ( 1.000000000000000000, 0.7071067811865510144, 1.000000000000000000) ) ) 
 REPRESENTATION_ITEM ( '' )  SURFACE ( )  );
#2288 = DIRECTION ( 'NONE',  ( 0.000000000000000000, 0.000000000000000000, -1.000000000000000000 ) ) ;
#2289 = AXIS2_PLACEMENT_3D ( 'NONE', #3551, #276, #1495 ) ;
#2290 = VERTEX_POINT ( 'NONE', #3716 ) ;
#2291 = ADVANCED_FACE ( 'NONE', ( #3188 ), #1214, .T. ) ;
#2292 = ORIENTED_EDGE ( 'NONE', *, *, #3821, .T. ) ;
#2293 = EDGE_CURVE ( 'NONE', #535, #2330, #3383, .T. ) ;
#2294 = CIRCLE ( 'NONE', #682, 6.000000000000001776 ) ;
#2295 = ORIENTED_EDGE ( 'NONE', *, *, #905, .F. ) ;
#2296 = EDGE_CURVE ( 'NONE', #1581, #799, #392, .T. ) ;
#2297 = FACE_OUTER_BOUND ( 'NONE', #3181, .T. ) ;
#2298 = VECTOR ( 'NONE', #2637, 1000.000000000000000 ) ;
#2299 = DIRECTION ( 'NONE',  ( 0.000000000000000000, 0.000000000000000000, -1.000000000000000000 ) ) ;
#2300 = EDGE_CURVE ( 'NONE', #371, #1045, #213, .T. ) ;
#2301 = DIRECTION ( 'NONE',  ( 0.000000000000000000, 0.000000000000000000, 1.000000000000000000 ) ) ;
#2302 = CARTESIAN_POINT ( 'NONE',  ( 116.3942725277129995, 20.57073774999910043, -44.94912649076359656 ) ) ;
#2303 = ORIENTED_EDGE ( 'NONE', *, *, #620, .T. ) ;
#2304 = CARTESIAN_POINT ( 'NONE',  ( 153.7942725277129910, -20.07926225000100118, -4.485024875625809315 ) ) ;
#2305 = VECTOR ( 'NONE', #2328, 1000.000000000000000 ) ;
#2306 = ORIENTED_EDGE ( 'NONE', *, *, #959, .F. ) ;
#2307 = ORIENTED_EDGE ( 'NONE', *, *, #2739, .F. ) ;
#2308 = CARTESIAN_POINT ( 'NONE',  ( 117.3942725277129853, 19.57073774999910043, -15.48502487562579866 ) ) ;
#2309 = CARTESIAN_POINT ( 'NONE',  ( 120.8756634449199936, 26.07073774999909688, -47.98502487562579688 ) ) ;
#2310 = DIRECTION ( 'NONE',  ( -0.008726203243943906826, 0.008726203243944186116, 0.9999238504775705971 ) ) ;
#2311 = ORIENTED_EDGE ( 'NONE', *, *, #167, .T. ) ;
#2312 = DIRECTION ( 'NONE',  ( -1.000000000000000000, 0.000000000000000000, 0.000000000000000000 ) ) ;
#2313 = LINE ( 'NONE', #1920, #2967 ) ;
#2314 = EDGE_CURVE ( 'NONE', #1406, #53, #2193, .T. ) ;
#2315 = AXIS2_PLACEMENT_3D ( 'NONE', #825, #2046, #2899 ) ;
#2316 = VERTEX_POINT ( 'NONE', #1965 ) ;
#2317 = CIRCLE ( 'NONE', #327, 7.500000000000000000 ) ;
#2318 = CARTESIAN_POINT ( 'NONE',  ( 120.3942725277129995, 26.07073774999909688, -41.48502487562579688 ) ) ;
#2319 = AXIS2_PLACEMENT_3D ( 'NONE', #602, #2421, #62 ) ;
#2320 = ORIENTED_EDGE ( 'NONE', *, *, #1895, .T. ) ;
#2321 = DIRECTION ( 'NONE',  ( 0.000000000000000000, 0.000000000000000000, 1.000000000000000000 ) ) ;
#2322 = CIRCLE ( 'NONE', #2239, 1.000000000000000888 ) ;
#2323 = DIRECTION ( 'NONE',  ( 0.000000000000000000, 0.000000000000000000, -1.000000000000000000 ) ) ;
#2324 = EDGE_LOOP ( 'NONE', ( #2747, #1124, #1724, #2343 ) ) ;
#2325 = CARTESIAN_POINT ( 'NONE',  ( 116.3942725277130137, 20.57073774999910398, -45.03132964129516580 ) ) ;
#2326 = VERTEX_POINT ( 'NONE', #3498 ) ;
#2327 = DIRECTION ( 'NONE',  ( 0.000000000000000000, 1.000000000000000000, 0.000000000000000000 ) ) ;
#2328 = DIRECTION ( 'NONE',  ( 0.000000000000000000, 0.000000000000000000, -1.000000000000000000 ) ) ;
#2329 = CARTESIAN_POINT ( 'NONE',  ( 177.8942725277130137, -25.02926225000089744, 1.014975124374190019 ) ) ;
#2330 = VERTEX_POINT ( 'NONE', #543 ) ;
#2331 = CARTESIAN_POINT ( 'NONE',  ( 156.6353044778560104, 32.42970579985569657, -5.306806878941209504 ) ) ;
#2332 = DIRECTION ( 'NONE',  ( 0.000000000000000000, 0.000000000000000000, -1.000000000000000000 ) ) ;
#2333 = VERTEX_POINT ( 'NONE', #1989 ) ;
#2334 = AXIS2_PLACEMENT_3D ( 'NONE', #1447, #2680, #915 ) ;
#2335 = VERTEX_POINT ( 'NONE', #3810 ) ;
#2336 = FACE_OUTER_BOUND ( 'NONE', #3076, .T. ) ;
#2337 = FACE_OUTER_BOUND ( 'NONE', #1405, .T. ) ;
#2338 = EDGE_CURVE ( 'NONE', #474, #1635, #2208, .T. ) ;
#2339 = CYLINDRICAL_SURFACE ( 'NONE', #3629, 0.9999999999999927836 ) ;
#2340 = DIRECTION ( 'NONE',  ( -1.000000000000000000, 0.000000000000000000, 0.000000000000000000 ) ) ;
#2341 = EDGE_CURVE ( 'NONE', #1115, #2590, #1496, .T. ) ;
#2342 = CARTESIAN_POINT ( 'NONE',  ( 157.9656202898019899, -32.97766351702610166, -5.425691424065189672 ) ) ;
#2343 = ORIENTED_EDGE ( 'NONE', *, *, #3007, .F. ) ;
#2344 = ORIENTED_EDGE ( 'NONE', *, *, #480, .T. ) ;
#2345 = AXIS2_PLACEMENT_3D ( 'NONE', #469, #2517, #790 ) ;
#2346 = CARTESIAN_POINT ( 'NONE',  ( 156.6353044778560104, -34.28823029985760229, -5.306806878941199734 ) ) ;
#2347 = EDGE_CURVE ( 'NONE', #1289, #1289, #1861, .T. ) ;
#2348 = CYLINDRICAL_SURFACE ( 'NONE', #75, 0.9999999999999964473 ) ;
#2349 = CARTESIAN_POINT ( 'NONE',  ( 155.5645752732196172, 33.01323122441904445, -5.574620015447208310 ) ) ;
#2350 = CARTESIAN_POINT ( 'NONE',  ( 116.8526241138920767, 20.27044132881298921, -45.98445673753392526 ) ) ;
#2351 = ORIENTED_EDGE ( 'NONE', *, *, #1237, .F. ) ;
#2352 = ORIENTED_EDGE ( 'NONE', *, *, #377, .T. ) ;
#2353 = EDGE_LOOP ( 'NONE', ( #353, #1611, #612, #3729 ) ) ;
#2354 = CARTESIAN_POINT ( 'NONE',  ( 116.3942725277129995, -31.02926225000100047, 0.01497512437418700021 ) ) ;
#2355 = CARTESIAN_POINT ( 'NONE',  ( 120.6740668003066759, -27.28898911943890582, -48.96204157150136638 ) ) ;
#2356 = CARTESIAN_POINT ( 'NONE',  ( 123.3942725277129995, 30.07073774999909688, -47.98502487562579688 ) ) ;
#2357 = AXIS2_PLACEMENT_3D ( 'NONE', #3053, #87, #2744 ) ;
#2358 = VECTOR ( 'NONE', #1459, 1000.000000000000000 ) ;
#2359 = CARTESIAN_POINT ( 'NONE',  ( 123.0082809283446039, 33.06899408521150008, 0.8151709301139706820 ) ) ;
#2360 = DIRECTION ( 'NONE',  ( 0.000000000000000000, 1.000000000000000000, 0.000000000000000000 ) ) ;
#2361 = CARTESIAN_POINT ( 'NONE',  ( 130.2242725277129978, -24.49926225000099933, -4.485024875625809315 ) ) ;
#2362 = EDGE_LOOP ( 'NONE', ( #3255, #1143, #997, #3485 ) ) ;
#2363 = VECTOR ( 'NONE', #1593, 1000.000000000000227 ) ;
#2364 = EDGE_LOOP ( 'NONE', ( #524, #754, #565, #1512, #2229, #1043, #769 ) ) ;
#2365 = EDGE_CURVE ( 'NONE', #53, #2932, #1412, .T. ) ;
#2366 = CYLINDRICAL_SURFACE ( 'NONE', #3266, 1.000000000000000888 ) ;
#2367 = AXIS2_PLACEMENT_3D ( 'NONE', #2002, #3784, #3793 ) ;
#2368 = CARTESIAN_POINT ( 'NONE',  ( 121.3942725277129995, -21.42926225000089957, -41.48502487562579688 ) ) ;
#2369 = ORIENTED_EDGE ( 'NONE', *, *, #1692, .T. ) ;
#2370 = DIRECTION ( 'NONE',  ( 0.000000000000000000, 0.000000000000000000, 1.000000000000000000 ) ) ;
#2371 = DIRECTION ( 'NONE',  ( -4.898804364357069646E-32, -6.071532165918830747E-16, 1.000000000000000000 ) ) ;
#2372 = CARTESIAN_POINT ( 'NONE',  ( 155.5645752732193898, -34.87175572442111360, -5.574620015447248278 ) ) ;
#2373 = EDGE_LOOP ( 'NONE', ( #3421, #706, #3459, #1203 ) ) ;
#2374 = CARTESIAN_POINT ( 'NONE',  ( 155.2240120403679953, 33.01249495872549744, -5.658987707418269508 ) ) ;
#2375 = PRODUCT ( '57步进支架3D图', '57步进支架3D图', '', ( #2879 ) ) ;
#2376 = ORIENTED_EDGE ( 'NONE', *, *, #1613, .F. ) ;
#2377 = CARTESIAN_POINT ( 'NONE',  ( 123.3942725277128574, -30.61504868762780518, 2.014975124374193793 ) ) ;
#2378 = EDGE_LOOP ( 'NONE', ( #2352, #3253, #925, #3258, #2741 ) ) ;
#2379 = CARTESIAN_POINT ( 'NONE',  ( 128.5566688852460118, 47.19350271089610516, -47.98502487562579688 ) ) ;
#2380 = ORIENTED_EDGE ( 'NONE', *, *, #427, .T. ) ;
#2381 = CARTESIAN_POINT ( 'NONE',  ( 117.3942725277129853, 26.07073774999909688, -41.48502487562579688 ) ) ;
#2382 = VECTOR ( 'NONE', #2919, 1000.000000000000000 ) ;
#2383 = CARTESIAN_POINT ( 'NONE',  ( 182.8942725277130137, 23.17073774999909830, -3.485024875625820417 ) ) ;
#2384 = VERTEX_POINT ( 'NONE', #2019 ) ;
#2385 = CARTESIAN_POINT ( 'NONE',  ( 159.8942725277129853, 28.17073774999909830, -3.485024875625820417 ) ) ;
#2386 = CIRCLE ( 'NONE', #369, 15.00000000000000000 ) ;
#2387 = DIRECTION ( 'NONE',  ( 0.000000000000000000, -1.000000000000000000, 0.000000000000000000 ) ) ;
#2388 = CIRCLE ( 'NONE', #3180, 2.500000000000002220 ) ;
#2389 = AXIS2_PLACEMENT_3D ( 'NONE', #1728, #806, #2288 ) ;
#2390 = ORIENTED_EDGE ( 'NONE', *, *, #27, .T. ) ;
#2391 = CARTESIAN_POINT ( 'NONE',  ( 158.9519399921630054, -31.97159478555090217, -3.833234724604080323 ) ) ;
#2392 = VECTOR ( 'NONE', #1123, 1000.000000000000000 ) ;
#2393 = DIRECTION ( 'NONE',  ( 0.000000000000000000, 0.000000000000000000, 1.000000000000000000 ) ) ;
#2394 = CARTESIAN_POINT ( 'NONE',  ( 116.3942725277129995, -31.02926225000100047, 0.01497512437418700021 ) ) ;
#2395 = CARTESIAN_POINT ( 'NONE',  ( 99.39427252771260157, -42.17926225000089602, -40.03502487562579404 ) ) ;
#2396 = DIRECTION ( 'NONE',  ( 0.000000000000000000, 0.000000000000000000, 1.000000000000000000 ) ) ;
#2397 = DIRECTION ( 'NONE',  ( 0.000000000000000000, 0.000000000000000000, 1.000000000000000000 ) ) ;
#2398 = ORIENTED_EDGE ( 'NONE', *, *, #2964, .F. ) ;
#2399 = ORIENTED_EDGE ( 'NONE', *, *, #681, .F. ) ;
#2400 = ORIENTED_EDGE ( 'NONE', *, *, #233, .T. ) ;
#2401 = CARTESIAN_POINT ( 'NONE',  ( 116.3942725277129995, 48.07073774999909688, -40.98502487562579688 ) ) ;
#2402 = TOROIDAL_SURFACE ( 'NONE', #1981, 15.00000000000000000, 1.000000000000000000 ) ;
#2403 = CARTESIAN_POINT ( 'NONE',  ( 115.4121155660828748, -30.61698135656186892, 0.2047240466264560466 ) ) ;
#2404 = DIRECTION ( 'NONE',  ( 1.000000000000000000, 0.000000000000000000, 0.000000000000000000 ) ) ;
#2405 = ORIENTED_EDGE ( 'NONE', *, *, #1106, .F. ) ;
#2406 = LINE ( 'NONE', #1534, #234 ) ;
#2407 = CARTESIAN_POINT ( 'NONE',  ( 147.3942725277130137, 11.07073774999899918, -22.98502487562580043 ) ) ;
#2408 = CARTESIAN_POINT ( 'NONE',  ( 120.3914251619900000, 24.53421242916490286, -48.82594375124590158 ) ) ;
#2409 = VERTEX_POINT ( 'NONE', #3802 ) ;
#2410 = EDGE_CURVE ( 'NONE', #1700, #2047, #3077, .T. ) ;
#2411 = EDGE_CURVE ( 'NONE', #60, #1231, #15, .T. ) ;
#2412 = ORIENTED_EDGE ( 'NONE', *, *, #3153, .T. ) ;
#2413 = CARTESIAN_POINT ( 'NONE',  ( 158.7614412744630101, -32.16209350325021177, -4.744365839696255804 ) ) ;
#2414 = EDGE_CURVE ( 'NONE', #3562, #1896, #2294, .T. ) ;
#2415 = CARTESIAN_POINT ( 'NONE',  ( 120.3942725277129995, -21.42926225000089957, -41.48502487562579688 ) ) ;
#2416 = EDGE_CURVE ( 'NONE', #3423, #3388, #2986, .T. ) ;
#2417 = CARTESIAN_POINT ( 'NONE',  ( 115.3942725277130279, -30.09861064917791396, 0.01497533214283142296 ) ) ;
#2418 = ORIENTED_EDGE ( 'NONE', *, *, #453, .F. ) ;
#2419 = ORIENTED_EDGE ( 'NONE', *, *, #510, .T. ) ;
#2420 = CARTESIAN_POINT ( 'NONE',  ( 120.7130918038550078, -27.41340992737270099, -48.98502487562579688 ) ) ;
#2421 = DIRECTION ( 'NONE',  ( 0.000000000000000000, 0.000000000000000000, 1.000000000000000000 ) ) ;
#2422 = ADVANCED_FACE ( 'NONE', ( #3698 ), #1997, .F. ) ;
#2423 = DIRECTION ( 'NONE',  ( 1.000000000000000000, 0.000000000000000000, 0.000000000000000000 ) ) ;
#2424 = DIRECTION ( 'NONE',  ( 0.000000000000000000, 0.000000000000000000, -1.000000000000000000 ) ) ;
#2425 = ORIENTED_EDGE ( 'NONE', *, *, #2827, .T. ) ;
#2426 = DIRECTION ( 'NONE',  ( 1.000000000000000000, 0.000000000000000000, 0.000000000000000000 ) ) ;
#2427 = ORIENTED_EDGE ( 'NONE', *, *, #703, .T. ) ;
#2428 = CARTESIAN_POINT ( 'NONE',  ( 120.3942725277129995, 24.54324733962970129, -48.82782904339650543 ) ) ;
#2429 = ORIENTED_EDGE ( 'NONE', *, *, #556, .T. ) ;
#2430 = LINE ( 'NONE', #3481, #63 ) ;
#2431 = CIRCLE ( 'NONE', #1742, 2.500000000000000444 ) ;
#2432 = CARTESIAN_POINT ( 'NONE',  ( 121.3836075845291020, -26.39993561429367830, -47.99506107834424995 ) ) ;
#2433 = CARTESIAN_POINT ( 'NONE',  ( 115.4032505291686874, -30.52906511987102434, 0.1488243571660669839 ) ) ;
#2434 = DIRECTION ( 'NONE',  ( 1.000000000000000000, 0.000000000000000000, 0.000000000000000000 ) ) ;
#2436 = PLANE ( 'NONE',  #572 ) ;
#2435 = FACE_BOUND ( 'NONE', #10, .T. ) ;
#2437 = LINE ( 'NONE', #663, #2857 ) ;
#2438 = CARTESIAN_POINT ( 'NONE',  ( 121.6528854080480073, -27.14044767092249799, -47.98502487562419816 ) ) ;
#2439 = CARTESIAN_POINT ( 'NONE',  ( 121.8154568684080061, 25.72899468691240088, -47.98502487562579688 ) ) ;
#2440 = ORIENTED_EDGE ( 'NONE', *, *, #1735, .T. ) ;
#2441 = VERTEX_POINT ( 'NONE', #2929 ) ;
#2442 = LINE ( 'NONE', #3552, #2536 ) ;
#2443 = AXIS2_PLACEMENT_3D ( 'NONE', #2281, #1121, #3511 ) ;
#2444 = DIRECTION ( 'NONE',  ( 0.4383711467890740732, 0.000000000000000000, -0.8987940462991685919 ) ) ;
#2445 = ADVANCED_FACE ( 'NONE', ( #3271 ), #1097, .T. ) ;
#2446 = CIRCLE ( 'NONE', #2263, 1.000000000000000888 ) ;
#2447 = VERTEX_POINT ( 'NONE', #2634 ) ;
#2448 = CARTESIAN_POINT ( 'NONE',  ( 159.8942725277129853, 29.17073774999909830, -3.485024875625820417 ) ) ;
#2449 = CARTESIAN_POINT ( 'NONE',  ( 117.3942725277129853, -12.92926225000090135, -14.48502487562580043 ) ) ;
#2450 = LINE ( 'NONE', #2973, #2551 ) ;
#2451 = CARTESIAN_POINT ( 'NONE',  ( 160.7226996524589993, 31.17073774999909830, 2.014975124374189797 ) ) ;
#2452 = ORIENTED_EDGE ( 'NONE', *, *, #2414, .T. ) ;
#2453 = CARTESIAN_POINT ( 'NONE',  ( 130.1709148634789983, -50.56502867335809981, -4.485024875625819973 ) ) ;
#2454 = CIRCLE ( 'NONE', #2109, 1.000000000000004663 ) ;
#2455 = DIRECTION ( 'NONE',  ( 0.000000000000000000, 1.000000000000000000, 0.000000000000000000 ) ) ;
#2456 = VERTEX_POINT ( 'NONE', #1427 ) ;
#2457 = ORIENTED_EDGE ( 'NONE', *, *, #3493, .T. ) ;
#2458 = CARTESIAN_POINT ( 'NONE',  ( 121.3533447125583962, -26.37942179753187233, -48.11913488712239229 ) ) ;
#2459 = CARTESIAN_POINT ( 'NONE',  ( 115.4849900053156091, -30.84152924702069498, 0.4313158938236583695 ) ) ;
#2460 = ORIENTED_EDGE ( 'NONE', *, *, #701, .F. ) ;
#2461 = ADVANCED_FACE ( 'NONE', ( #816, #1771 ), #716, .F. ) ;
#2462 = CARTESIAN_POINT ( 'NONE',  ( 116.2161358732960394, 29.17073774999909830, 1.014886697244401947 ) ) ;
#2463 = DIRECTION ( 'NONE',  ( 0.000000000000000000, 0.000000000000000000, -1.000000000000000000 ) ) ;
#2464 = EDGE_LOOP ( 'NONE', ( #1008, #1943, #3187, #539, #2647 ) ) ;
#2465 = DIRECTION ( 'NONE',  ( -0.8987874693249331415, -0.003825579047227790647, -0.4383679389844061247 ) ) ;
#2466 = EDGE_CURVE ( 'NONE', #350, #535, #1684, .T. ) ;
#2467 = AXIS2_PLACEMENT_3D ( 'NONE', #3451, #3165, #2217 ) ;
#2468 = CARTESIAN_POINT ( 'NONE',  ( 121.0437840444843118, -26.34038705401927771, -48.56955472115425465 ) ) ;
#2469 = EDGE_LOOP ( 'NONE', ( #684 ) ) ;
#2470 = CARTESIAN_POINT ( 'NONE',  ( 123.3942725277129995, 30.07073774999909688, -47.98502487562579688 ) ) ;
#2471 = DIRECTION ( 'NONE',  ( 0.000000000000000000, 0.000000000000000000, -1.000000000000000000 ) ) ;
#2472 = EDGE_LOOP ( 'NONE', ( #3776 ) ) ;
#2473 = CARTESIAN_POINT ( 'NONE',  ( 130.2242725277129978, -26.99926225000099933, -4.485024875625809315 ) ) ;
#2474 = DIRECTION ( 'NONE',  ( 0.000000000000000000, 0.000000000000000000, 1.000000000000000000 ) ) ;
#2475 = DIRECTION ( 'NONE',  ( 0.000000000000000000, 0.000000000000000000, 1.000000000000000000 ) ) ;
#2476 = FACE_OUTER_BOUND ( 'NONE', #2978, .T. ) ;
#2477 = CIRCLE ( 'NONE', #3239, 1.000000000000000888 ) ;
#2478 = ADVANCED_FACE ( 'NONE', ( #2476 ), #2577, .T. ) ;
#2479 = AXIS2_PLACEMENT_3D ( 'NONE', #2974, #1190, #616 ) ;
#2480 = B_SPLINE_CURVE_WITH_KNOTS ( 'NONE', 3,
 ( #2935, #853, #3827, #1141, #1442, #3522, #3232, #1733, #2325, #2036 ),
 .UNSPECIFIED., .F., .F.,
 ( 4, 1, 2, 2, 1, 4 ),
 ( 0.000000000000000000, 0.5000000000000789369, 0.5625000000000737188, 0.6250000000000685008, 0.7500000000000388578, 1.000000000000000000 ),
 .UNSPECIFIED. ) ;
#2481 = CARTESIAN_POINT ( 'NONE',  ( 120.8327052356983415, -26.34730396756159365, -48.71620032051606586 ) ) ;
#2482 = ORIENTED_EDGE ( 'NONE', *, *, #3227, .F. ) ;
#2483 = CARTESIAN_POINT ( 'NONE',  ( 156.5801351221109883, 32.48487515560059791, 1.014975124374190019 ) ) ;
#2484 = FACE_OUTER_BOUND ( 'NONE', #598, .T. ) ;
#2485 = EDGE_CURVE ( 'NONE', #460, #460, #998, .T. ) ;
#2486 = CARTESIAN_POINT ( 'NONE',  ( 120.3942725277129995, 18.57073774999909688, -41.48502487562579688 ) ) ;
#2487 = EDGE_CURVE ( 'NONE', #858, #3238, #610, .T. ) ;
#2488 = CARTESIAN_POINT ( 'NONE',  ( 117.0034401720003387, -22.09919576460292134, -46.07582338226921337 ) ) ;
#2489 = ORIENTED_EDGE ( 'NONE', *, *, #3364, .F. ) ;
#2490 = CARTESIAN_POINT ( 'NONE',  ( 182.8942725277130137, 49.07073774999910398, 1.014975124374190019 ) ) ;
#2491 = EDGE_CURVE ( 'NONE', #1242, #3327, #3464, .T. ) ;
#2492 = VERTEX_POINT ( 'NONE', #1081 ) ;
#2493 = DIRECTION ( 'NONE',  ( 1.000000000000000000, 0.000000000000000000, 0.000000000000000000 ) ) ;
#2494 = ORIENTED_EDGE ( 'NONE', *, *, #1692, .F. ) ;
#2495 = PRESENTATION_STYLE_ASSIGNMENT (( #3452 ) ) ;
#2496 = ADVANCED_FACE ( 'NONE', ( #1587 ), #1160, .F. ) ;
#2497 = CARTESIAN_POINT ( 'NONE',  ( 155.1657692490950069, 33.07073774999899740, 1.014975124374190019 ) ) ;
#2498 = CARTESIAN_POINT ( 'NONE',  ( 120.5620271554759881, 24.51477252786571626, -48.82190555682197441 ) ) ;
#2499 = ORIENTED_EDGE ( 'NONE', *, *, #2893, .T. ) ;
#2500 = CARTESIAN_POINT ( 'NONE',  ( 158.9113404625434782, -31.97196249823150538, -3.926561207068196335 ) ) ;
#2501 = CIRCLE ( 'NONE', #1565, 6.000000000000001776 ) ;
#2502 = CARTESIAN_POINT ( 'NONE',  ( 116.9492696237967380, -22.10704662268710052, -46.04525738205904162 ) ) ;
#2503 = DIRECTION ( 'NONE',  ( 0.000000000000000000, 0.000000000000000000, -1.000000000000000000 ) ) ;
#2504 = AXIS2_PLACEMENT_3D ( 'NONE', #2490, #3137, #409 ) ;
#2505 = ORIENTED_EDGE ( 'NONE', *, *, #677, .T. ) ;
#2506 = DIRECTION ( 'NONE',  ( -1.000000000000000000, 0.000000000000000000, 0.000000000000000000 ) ) ;
#2507 = CYLINDRICAL_SURFACE ( 'NONE', #1193, 1.000000000000000888 ) ;
#2508 = B_SPLINE_CURVE_WITH_KNOTS ( 'NONE', 3,
 ( #626, #2417, #3618, #935, #664, #1570, #1218, #3013, #59, #3001, #1232, #3631, #3302, #2127, #3361, #3317, #2746, #2113, #2433, #2717, #1278, #2403, #648, #975, #373, #1516, #2728, #385, #1258, #1810, #2459, #963, #1245, #1837, #74, #2139, #3042, #3349, #1556, #3648, #90 ),
 .UNSPECIFIED., .F., .F.,
 ( 4, 2, 2, 1, 1, 2, 2, 2, 2, 1, 2, 2, 2, 2, 2, 2, 2, 2, 2, 2, 2, 4 ),
 ( 0.000000000000000000, 0.06249999999989944155, 0.09374999999984919008, 0.1093749999998240019, 0.1171874999998112898, 0.1210937499998095829, 0.1249999999998078759, 0.1874999999998183953, 0.2187499999998233080, 0.2343749999998258060, 0.2421874999998263334, 0.2499999999998268607, 0.3124999999998374633, 0.3437499999998422373, 0.3593749999998446243, 0.3749999999998470113, 0.4374999999998606115, 0.4687499999998661071, 0.4999999999998715472, 0.6249999999998994138, 0.7499999999999273914, 1.000000000000000000 ),
 .UNSPECIFIED. ) ;
#2509 = CARTESIAN_POINT ( 'NONE',  ( 123.3942725277129995, 48.07073774999909688, 2.014975124374189797 ) ) ;
#2510 = ORIENTED_EDGE ( 'NONE', *, *, #3268, .F. ) ;
#2511 = CARTESIAN_POINT ( 'NONE',  ( 115.4014778387519300, 28.64934969675922716, 0.1362595081293828669 ) ) ;
#2512 = EDGE_CURVE ( 'NONE', #1445, #1790, #281, .T. ) ;
#2513 = DIRECTION ( 'NONE',  ( 0.000000000000000000, 0.000000000000000000, -1.000000000000000000 ) ) ;
#2514 = EDGE_LOOP ( 'NONE', ( #2677, #1226, #957, #1487, #2889, #1366, #2405 ) ) ;
#2515 = VERTEX_POINT ( 'NONE', #924 ) ;
#2516 = DIRECTION ( 'NONE',  ( 0.000000000000000000, 1.000000000000000000, 0.000000000000000000 ) ) ;
#2517 = DIRECTION ( 'NONE',  ( 0.000000000000000000, 0.000000000000000000, -1.000000000000000000 ) ) ;
#2518 = STYLED_ITEM ( 'NONE', ( #2495 ), #3382 ) ;
#2519 = CARTESIAN_POINT ( 'NONE',  ( 115.3942725277129995, 21.87614503933139787, 1.014975124374170035 ) ) ;
#2520 = DIRECTION ( 'NONE',  ( -0.7071067811865457964, -0.7071067811865492381, 0.000000000000000000 ) ) ;
#2521 = ORIENTED_EDGE ( 'NONE', *, *, #3696, .F. ) ;
#2522 = ADVANCED_FACE ( 'NONE', ( #3795 ), #906, .T. ) ;
#2523 =( BOUNDED_CURVE ( )  B_SPLINE_CURVE ( 3, ( #1769, #3254, #1202, #2686 ),
 .UNSPECIFIED., .F., .F. ) 
 B_SPLINE_CURVE_WITH_KNOTS ( ( 4, 4 ),
 ( 4.722098276362149960, 4.844949200169720527 ),
 .UNSPECIFIED. ) 
 CURVE ( )  GEOMETRIC_REPRESENTATION_ITEM ( )  RATIONAL_B_SPLINE_CURVE ( ( 1.000000000000000000, 0.9987426996099115772, 0.9987426996099115772, 1.000000000000000000 ) ) 
 REPRESENTATION_ITEM ( '' )  );
#2524 = VERTEX_POINT ( 'NONE', #614 ) ;
#2525 = DIRECTION ( 'NONE',  ( -1.000000000000000000, 0.000000000000000000, 0.000000000000000000 ) ) ;
#2526 = ORIENTED_EDGE ( 'NONE', *, *, #277, .T. ) ;
#2527 = CIRCLE ( 'NONE', #564, 1.000000000000000000 ) ;
#2528 = FACE_OUTER_BOUND ( 'NONE', #3208, .T. ) ;
#2529 = CARTESIAN_POINT ( 'NONE',  ( 121.2546978525630976, 24.49442173641857323, -48.33069205504116894 ) ) ;
#2530 = FACE_OUTER_BOUND ( 'NONE', #2110, .T. ) ;
#2531 = CIRCLE ( 'NONE', #2844, 5.000000000000000888 ) ;
#2532 = DIRECTION ( 'NONE',  ( 0.000000000000000000, 0.000000000000000000, -1.000000000000000000 ) ) ;
#2533 = CARTESIAN_POINT ( 'NONE',  ( 123.3942725277129995, 41.07073774999910398, -40.98502487562579688 ) ) ;
#2534 = CARTESIAN_POINT ( 'NONE',  ( 115.3942725277129995, -49.92926225000089602, 2.014975124374189797 ) ) ;
#2535 = ORIENTED_EDGE ( 'NONE', *, *, #3706, .F. ) ;
#2536 = VECTOR ( 'NONE', #2668, 1000.000000000000114 ) ;
#2537 = AXIS2_PLACEMENT_3D ( 'NONE', #50, #3262, #1787 ) ;
#2538 = CARTESIAN_POINT ( 'NONE',  ( 156.1363542690098711, -34.75211356008041719, -6.317884075562995250 ) ) ;
#2539 = EDGE_LOOP ( 'NONE', ( #1252, #2987, #3632, #2923 ) ) ;
#2540 = ORIENTED_EDGE ( 'NONE', *, *, #952, .T. ) ;
#2541 = ADVANCED_FACE ( 'NONE', ( #3547 ), #9, .T. ) ;
#2542 = EDGE_CURVE ( 'NONE', #3815, #3236, #3568, .T. ) ;
#2543 = CARTESIAN_POINT ( 'NONE',  ( 137.6442725277129853, 30.11873552284830069, -4.485024875625819973 ) ) ;
#2544 = CARTESIAN_POINT ( 'NONE',  ( 158.1779418987100883, -31.99952710167352521, -4.453183810179065283 ) ) ;
#2545 = EDGE_CURVE ( 'NONE', #1210, #465, #527, .T. ) ;
#2546 = DIRECTION ( 'NONE',  ( 0.000000000000000000, 0.000000000000000000, 1.000000000000000000 ) ) ;
#2547 = CARTESIAN_POINT ( 'NONE',  ( 177.8942725277130137, 28.17073774999909830, 1.014975124374190019 ) ) ;
#2548 = DIRECTION ( 'NONE',  ( -0.3417430630866939434, 0.9397934234884408600, 0.000000000000000000 ) ) ;
#2549 = CARTESIAN_POINT ( 'NONE',  ( 155.2240120403679953, 33.01249495872549744, -5.658987707418289936 ) ) ;
#2550 = EDGE_CURVE ( 'NONE', #504, #504, #2758, .T. ) ;
#2551 = VECTOR ( 'NONE', #3580, 1000.000000000000000 ) ;
#2552 = DIRECTION ( 'NONE',  ( 0.000000000000000000, 0.000000000000000000, 1.000000000000000000 ) ) ;
#2553 = EDGE_CURVE ( 'NONE', #1055, #2921, #2662, .T. ) ;
#2554 = EDGE_LOOP ( 'NONE', ( #2628, #2084, #3221, #3637 ) ) ;
#2555 = CARTESIAN_POINT ( 'NONE',  ( 155.6589716432098385, -34.86323743641597872, -6.550719139379316935 ) ) ;
#2556 = LINE ( 'NONE', #407, #738 ) ;
#2557 = ORIENTED_EDGE ( 'NONE', *, *, #1802, .F. ) ;
#2558 = ORIENTED_EDGE ( 'NONE', *, *, #1297, .T. ) ;
#2559 = LINE ( 'NONE', #2448, #1478 ) ;
#2560 = DIRECTION ( 'NONE',  ( 0.000000000000000000, 0.000000000000000000, 1.000000000000000000 ) ) ;
#2561 = CARTESIAN_POINT ( 'NONE',  ( 121.3934713305749966, 24.56853445787070100, -47.85675180281710084 ) ) ;
#2562 = ORIENTED_EDGE ( 'NONE', *, *, #357, .T. ) ;
#2563 = CARTESIAN_POINT ( 'NONE',  ( 117.3942725277129853, -21.42926225000089957, -41.48502487562579688 ) ) ;
#2564 = CARTESIAN_POINT ( 'NONE',  ( 117.3942725277129853, 11.07073774999899918, -22.98502487562580043 ) ) ;
#2565 = AXIS2_PLACEMENT_3D ( 'NONE', #960, #1835, #694 ) ;
#2566 = CARTESIAN_POINT ( 'NONE',  ( 160.7226996524589993, -33.02926225000089744, -3.485024875625820417 ) ) ;
#2567 = ADVANCED_FACE ( 'NONE', ( #2716, #1128 ), #1438, .F. ) ;
#2568 = VERTEX_POINT ( 'NONE', #1797 ) ;
#2569 = CARTESIAN_POINT ( 'NONE',  ( 116.7688905841258702, -22.72664542272820398, -46.90795857442333272 ) ) ;
#2570 = ORIENTED_EDGE ( 'NONE', *, *, #2487, .T. ) ;
#2571 = EDGE_CURVE ( 'NONE', #1819, #1962, #2559, .T. ) ;
#2572 = AXIS2_PLACEMENT_3D ( 'NONE', #196, #3122, #3461 ) ;
#2573 = DIRECTION ( 'NONE',  ( 0.000000000000000000, 0.000000000000000000, 1.000000000000000000 ) ) ;
#2574 = DIRECTION ( 'NONE',  ( 0.000000000000000000, 0.000000000000000000, 1.000000000000000000 ) ) ;
#2575 = ORIENTED_EDGE ( 'NONE', *, *, #173, .T. ) ;
#2576 =( BOUNDED_CURVE ( )  B_SPLINE_CURVE ( 3, ( #1522, #2960, #3581, #1177 ),
 .UNSPECIFIED., .F., .F. ) 
 B_SPLINE_CURVE_WITH_KNOTS ( ( 4, 4 ),
 ( 3.456759612221504963, 4.712388980384705661 ),
 .UNSPECIFIED. ) 
 CURVE ( )  GEOMETRIC_REPRESENTATION_ITEM ( )  RATIONAL_B_SPLINE_CURVE ( ( 1.000000000000000000, 0.8728753635303873049, 0.8728753635303873049, 1.000000000000000000 ) ) 
 REPRESENTATION_ITEM ( '' )  );
#2577 = CYLINDRICAL_SURFACE ( 'NONE', #3538, 1.000000000000000000 ) ;
#2578 = CARTESIAN_POINT ( 'NONE',  ( 123.3942725277129995, 40.32073774999909688, -13.53502487562580114 ) ) ;
#2579 = CARTESIAN_POINT ( 'NONE',  ( 117.3942725277129853, 18.57073774999909688, -41.48502487562579688 ) ) ;
#2580 = FACE_BOUND ( 'NONE', #3512, .T. ) ;
#2581 = CARTESIAN_POINT ( 'NONE',  ( 115.7514849180260086, 21.11010059621239776, 1.059626673163350130 ) ) ;
#2582 = DIRECTION ( 'NONE',  ( 0.000000000000000000, 0.000000000000000000, 1.000000000000000000 ) ) ;
#2583 = ADVANCED_FACE ( 'NONE', ( #2925 ), #2287, .T. ) ;
#2584 = FACE_OUTER_BOUND ( 'NONE', #3299, .T. ) ;
#2585 = DIRECTION ( 'NONE',  ( -1.000000000000000000, 0.000000000000000000, 0.000000000000000000 ) ) ;
#2586 = CARTESIAN_POINT ( 'NONE',  ( 116.3942725277129995, 21.23082308384409700, -47.21435520510920014 ) ) ;
#2587 = CYLINDRICAL_SURFACE ( 'NONE', #227, 2.499999999999998668 ) ;
#2588 = CARTESIAN_POINT ( 'NONE',  ( 116.5907126930059974, 20.40590487975300249, -45.75724583740259988 ) ) ;
#2589 = CARTESIAN_POINT ( 'NONE',  ( 183.8942725277130137, 23.17073774999909830, 1.014975124374190019 ) ) ;
#2590 = VERTEX_POINT ( 'NONE', #1825 ) ;
#2591 = AXIS2_PLACEMENT_3D ( 'NONE', #38, #926, #13 ) ;
#2592 = VECTOR ( 'NONE', #1472, 1000.000000000000000 ) ;
#2593 = ORIENTED_EDGE ( 'NONE', *, *, #3497, .T. ) ;
#2594 = AXIS2_PLACEMENT_3D ( 'NONE', #2872, #3183, #1744 ) ;
#2595 = FACE_OUTER_BOUND ( 'NONE', #154, .T. ) ;
#2596 = DIRECTION ( 'NONE',  ( 0.000000000000000000, -1.000000000000000000, 0.000000000000000000 ) ) ;
#2597 = CARTESIAN_POINT ( 'NONE',  ( 123.3942725277129995, 33.07073774999909688, -14.98502487562580043 ) ) ;
#2598 = ORIENTED_EDGE ( 'NONE', *, *, #3494, .F. ) ;
#2599 = CARTESIAN_POINT ( 'NONE',  ( 123.3942725277129995, 32.45734193273624157, -22.28726435827985597 ) ) ;
#2600 = LINE ( 'NONE', #3371, #639 ) ;
#2601 = ORIENTED_EDGE ( 'NONE', *, *, #3294, .T. ) ;
#2602 = FACE_OUTER_BOUND ( 'NONE', #2539, .T. ) ;
#2603 = DIRECTION ( 'NONE',  ( 0.000000000000000000, -1.000000000000000000, 0.000000000000000000 ) ) ;
#2604 = ORIENTED_EDGE ( 'NONE', *, *, #1914, .F. ) ;
#2605 = CARTESIAN_POINT ( 'NONE',  ( 116.7600942689660002, 20.87663744364980190, -46.91515299892880364 ) ) ;
#2606 = CARTESIAN_POINT ( 'NONE',  ( 115.3942725277129995, 49.07073774999910398, -47.98502487562579688 ) ) ;
#2607 = CARTESIAN_POINT ( 'NONE',  ( 115.3942725277129995, -31.02926225000090099, 1.014975124374190019 ) ) ;
#2608 = CARTESIAN_POINT ( 'NONE',  ( 116.3942725277129995, 19.57073774999910043, -41.48502487562579688 ) ) ;
#2609 = VERTEX_POINT ( 'NONE', #1261 ) ;
#2610 = EDGE_CURVE ( 'NONE', #2161, #2661, #3395, .T. ) ;
#2611 = ORIENTED_EDGE ( 'NONE', *, *, #3096, .T. ) ;
#2612 = EDGE_CURVE ( 'NONE', #1926, #2568, #3172, .T. ) ;
#2613 = FACE_OUTER_BOUND ( 'NONE', #1474, .T. ) ;
#2614 = CYLINDRICAL_SURFACE ( 'NONE', #2572, 2.499999999999998668 ) ;
#2615 = CARTESIAN_POINT ( 'NONE',  ( 116.3358582996978470, 20.61975310717402365, -46.66683582552288101 ) ) ;
#2616 = EDGE_CURVE ( 'NONE', #2568, #3826, #2039, .T. ) ;
#2617 = CARTESIAN_POINT ( 'NONE',  ( 130.2242725277129978, 20.14073774999900124, -4.485024875625809315 ) ) ;
#2618 = EDGE_CURVE ( 'NONE', #1231, #1204, #2322, .T. ) ;
#2619 = CIRCLE ( 'NONE', #2537, 1.000000000000000888 ) ;
#2620 = DIRECTION ( 'NONE',  ( 0.000000000000000000, -1.000000000000000000, 0.000000000000000000 ) ) ;
#2621 = VECTOR ( 'NONE', #2090, 1000.000000000000000 ) ;
#2622 = ORIENTED_EDGE ( 'NONE', *, *, #2491, .F. ) ;
#2623 = ADVANCED_FACE ( 'NONE', ( #2602 ), #2227, .T. ) ;
#2624 = CARTESIAN_POINT ( 'NONE',  ( 160.7226996524589993, -33.02926225000089744, -21.98502487562580043 ) ) ;
#2625 = ORIENTED_EDGE ( 'NONE', *, *, #510, .F. ) ;
#2626 = LINE ( 'NONE', #1238, #3841 ) ;
#2627 = CARTESIAN_POINT ( 'NONE',  ( 157.6309925442640179, 30.11873552284830069, -4.485024875625819973 ) ) ;
#2628 = ORIENTED_EDGE ( 'NONE', *, *, #3756, .T. ) ;
#2629 = ORIENTED_EDGE ( 'NONE', *, *, #2871, .F. ) ;
#2630 = DIRECTION ( 'NONE',  ( 0.000000000000000000, 1.000000000000000000, 0.000000000000000000 ) ) ;
#2631 = EDGE_LOOP ( 'NONE', ( #3688, #1441, #3093, #711, #3603, #2704, #2802 ) ) ;
#2632 = AXIS2_PLACEMENT_3D ( 'NONE', #3270, #921, #1775 ) ;
#2633 = EDGE_LOOP ( 'NONE', ( #2936 ) ) ;
#2634 = CARTESIAN_POINT ( 'NONE',  ( 123.4646080963390062, 30.26416056372200103, -21.14908400434849867 ) ) ;
#2635 = DIRECTION ( 'NONE',  ( 0.000000000000000000, 0.000000000000000000, 1.000000000000000000 ) ) ;
#2636 = DIRECTION ( 'NONE',  ( -0.8987874693249316982, 0.003825579047224348522, -0.4383679389844088448 ) ) ;
#2637 = DIRECTION ( 'NONE',  ( -1.399658389816310109E-32, -1.734723475976809806E-16, 1.000000000000000000 ) ) ;
#2638 = FACE_OUTER_BOUND ( 'NONE', #1432, .T. ) ;
#2639 = AXIS2_PLACEMENT_3D ( 'NONE', #857, #1327, #152 ) ;
#2640 = AXIS2_PLACEMENT_3D ( 'NONE', #1419, #3469, #2911 ) ;
#2641 = ORIENTED_EDGE ( 'NONE', *, *, #1807, .T. ) ;
#2642 = PLANE ( 'NONE',  #3448 ) ;
#2643 = TOROIDAL_SURFACE ( 'NONE', #864, 7.000000000000000000, 1.000000000000000000 ) ;
#2644 = CARTESIAN_POINT ( 'NONE',  ( 123.3942725277129995, -34.92053536005580128, 0.01497258575369930095 ) ) ;
#2645 = AXIS2_PLACEMENT_3D ( 'NONE', #1374, #2274, #457 ) ;
#2646 = ORIENTED_EDGE ( 'NONE', *, *, #2667, .F. ) ;
#2647 = ORIENTED_EDGE ( 'NONE', *, *, #3116, .T. ) ;
#2648 = CIRCLE ( 'NONE', #325, 7.500000000000000000 ) ;
#2649 = PLANE ( 'NONE',  #3453 ) ;
#2650 = DIRECTION ( 'NONE',  ( -0.8987874693249316982, -0.003825579047224448703, -0.4383679389844088448 ) ) ;
#2651 = VERTEX_POINT ( 'NONE', #1839 ) ;
#2652 = VERTEX_POINT ( 'NONE', #387 ) ;
#2653 = DIRECTION ( 'NONE',  ( 0.000000000000000000, -1.000000000000000000, 0.000000000000000000 ) ) ;
#2654 = DIRECTION ( 'NONE',  ( 0.000000000000000000, 0.000000000000000000, -1.000000000000000000 ) ) ;
#2655 = DIRECTION ( 'NONE',  ( -1.000000000000000000, 0.000000000000000000, 0.000000000000000000 ) ) ;
#2656 = DIRECTION ( 'NONE',  ( -3.831291112586815896E-15, 1.000000000000000000, 0.000000000000000000 ) ) ;
#2657 = ORIENTED_EDGE ( 'NONE', *, *, #1423, .T. ) ;
#2658 = DIRECTION ( 'NONE',  ( 0.000000000000000000, -1.000000000000000000, 0.000000000000000000 ) ) ;
#2659 = ORIENTED_EDGE ( 'NONE', *, *, #3414, .F. ) ;
#2660 = AXIS2_PLACEMENT_3D ( 'NONE', #732, #3107, #172 ) ;
#2661 = VERTEX_POINT ( 'NONE', #3590 ) ;
#2662 = LINE ( 'NONE', #320, #967 ) ;
#2663 = ADVANCED_FACE ( 'NONE', ( #273 ), #2507, .T. ) ;
#2664 = LINE ( 'NONE', #1823, #1772 ) ;
#2665 = LINE ( 'NONE', #1256, #67 ) ;
#2666 = CARTESIAN_POINT ( 'NONE',  ( 120.5726621645382579, -26.37476773618992354, -48.80626640722613274 ) ) ;
#2667 = EDGE_CURVE ( 'NONE', #2568, #2316, #372, .T. ) ;
#2668 = DIRECTION ( 'NONE',  ( 0.7625564322252261773, 0.6398608210320489986, 0.09531955402815503464 ) ) ;
#2669 = AXIS2_PLACEMENT_3D ( 'NONE', #3550, #2340, #3507 ) ;
#2670 = CARTESIAN_POINT ( 'NONE',  ( 156.5066455344741883, -34.41688924323969445, -5.339243305169457443 ) ) ;
#2671 = CIRCLE ( 'NONE', #3079, 1.000000000000000888 ) ;
#2672 = DIRECTION ( 'NONE',  ( 0.000000000000000000, 0.000000000000000000, 1.000000000000000000 ) ) ;
#2673 = CARTESIAN_POINT ( 'NONE',  ( 116.6800231961224483, 20.34002414780956158, -45.85086911402589038 ) ) ;
#2674 = ORIENTED_EDGE ( 'NONE', *, *, #2083, .T. ) ;
#2675 = VECTOR ( 'NONE', #3163, 1000.000000000000000 ) ;
#2676 = ORIENTED_EDGE ( 'NONE', *, *, #2347, .T. ) ;
#2677 = ORIENTED_EDGE ( 'NONE', *, *, #2914, .F. ) ;
#2678 = DIRECTION ( 'NONE',  ( -0.3417430630866964969, -0.9397934234884399718, 0.000000000000000000 ) ) ;
#2679 = DIRECTION ( 'NONE',  ( 0.000000000000000000, -1.000000000000000000, 0.000000000000000000 ) ) ;
#2680 = DIRECTION ( 'NONE',  ( 1.000000000000000000, 0.000000000000000000, 0.000000000000000000 ) ) ;
#2681 = ADVANCED_FACE ( 'NONE', ( #1244 ), #1879, .F. ) ;
#2682 = LINE ( 'NONE', #1263, #88 ) ;
#2683 = DIRECTION ( 'NONE',  ( -1.000000000000000000, 0.000000000000000000, 0.000000000000000000 ) ) ;
#2684 = DIRECTION ( 'NONE',  ( 0.000000000000000000, 0.000000000000000000, -1.000000000000000000 ) ) ;
#2685 = ORIENTED_EDGE ( 'NONE', *, *, #3147, .T. ) ;
#2686 = CARTESIAN_POINT ( 'NONE',  ( 157.9103887986369728, 30.12627249855450273, -4.485024875625809315 ) ) ;
#2687 = EDGE_CURVE ( 'NONE', #3201, #3719, #3117, .T. ) ;
#2688 = ORIENTED_EDGE ( 'NONE', *, *, #488, .T. ) ;
#2689 = EDGE_CURVE ( 'NONE', #2290, #1118, #1672, .T. ) ;
#2690 = FACE_BOUND ( 'NONE', #1368, .T. ) ;
#2691 = EDGE_CURVE ( 'NONE', #2316, #3457, #1156, .T. ) ;
#2692 = CARTESIAN_POINT ( 'NONE',  ( 159.1871130162080021, -31.73642176150550398, -3.606396180555670128 ) ) ;
#2693 = ORIENTED_EDGE ( 'NONE', *, *, #1743, .T. ) ;
#2694 = EDGE_CURVE ( 'NONE', #1139, #2071, #2738, .T. ) ;
#2695 = DIRECTION ( 'NONE',  ( 0.6427876096865425826, -0.7660444431189753489, 0.000000000000000000 ) ) ;
#2696 = AXIS2_PLACEMENT_3D ( 'NONE', #211, #2582, #3491 ) ;
#2697 = CARTESIAN_POINT ( 'NONE',  ( 137.6442725277129853, 30.07073774999909688, 1.014975124374190019 ) ) ;
#2698 = ORIENTED_EDGE ( 'NONE', *, *, #1443, .F. ) ;
#2699 = DIRECTION ( 'NONE',  ( 0.000000000000000000, 1.000000000000000000, 0.000000000000000000 ) ) ;
#2700 = CARTESIAN_POINT ( 'NONE',  ( 116.8795390157586240, 20.26297652136688754, -46.00249977733690798 ) ) ;
#2701 = DIRECTION ( 'NONE',  ( 0.000000000000000000, 0.000000000000000000, -1.000000000000000000 ) ) ;
#2702 = EDGE_LOOP ( 'NONE', ( #3570, #1364, #1992, #601 ) ) ;
#2703 = CARTESIAN_POINT ( 'NONE',  ( 116.3942725277129995, 41.07073774999910398, -47.98502487562579688 ) ) ;
#2704 = ORIENTED_EDGE ( 'NONE', *, *, #52, .F. ) ;
#2705 = DIRECTION ( 'NONE',  ( -1.000000000000000000, 0.000000000000000000, 0.000000000000000000 ) ) ;
#2706 = DIRECTION ( 'NONE',  ( -1.000000000000000000, 0.000000000000000000, 0.000000000000000000 ) ) ;
#2708 = DIRECTION ( 'NONE',  ( 1.000000000000000000, 0.000000000000000000, 0.000000000000000000 ) ) ;
#2707 = LINE ( 'NONE', #2968, #2008 ) ;
#2709 = CARTESIAN_POINT ( 'NONE',  ( 116.4543481224630028, -22.37885284060280000, -45.90331682725920359 ) ) ;
#2710 = TOROIDAL_SURFACE ( 'NONE', #2066, 6.500000000000000000, 1.000000000000000000 ) ;
#2711 = EDGE_CURVE ( 'NONE', #938, #1530, #797, .T. ) ;
#2712 = AXIS2_PLACEMENT_3D ( 'NONE', #3283, #3578, #2656 ) ;
#2713 = CARTESIAN_POINT ( 'NONE',  ( 123.4666602757200451, -32.12832855702168189, -21.79576428335273874 ) ) ;
#2714 = ORIENTED_EDGE ( 'NONE', *, *, #1112, .T. ) ;
#2715 = CARTESIAN_POINT ( 'NONE',  ( 117.3942725277129853, -21.42926225000089957, -55.48502487562579688 ) ) ;
#2716 = FACE_OUTER_BOUND ( 'NONE', #2285, .T. ) ;
#2717 = CARTESIAN_POINT ( 'NONE',  ( 115.4034225562258342, -30.53132466096635156, 0.1501220413390773056 ) ) ;
#2718 = DIRECTION ( 'NONE',  ( -1.000000000000000000, 0.000000000000000000, 0.000000000000000000 ) ) ;
#2719 = ORIENTED_EDGE ( 'NONE', *, *, #1423, .F. ) ;
#2720 = DIRECTION ( 'NONE',  ( 0.000000000000000000, -1.000000000000000000, 0.000000000000000000 ) ) ;
#2721 = CARTESIAN_POINT ( 'NONE',  ( 115.4710166088079859, 28.95906425366312575, 0.3993625706547148657 ) ) ;
#2722 = FACE_OUTER_BOUND ( 'NONE', #3360, .T. ) ;
#2723 = ORIENTED_EDGE ( 'NONE', *, *, #759, .F. ) ;
#2724 = EDGE_LOOP ( 'NONE', ( #161 ) ) ;
#2725 = CARTESIAN_POINT ( 'NONE',  ( 117.3942725277129853, -12.92926225000090135, -22.98502487562580043 ) ) ;
#2726 = CARTESIAN_POINT ( 'NONE',  ( 121.2626510961092094, -26.35728471228491543, -48.30224159122629146 ) ) ;
#2727 = FACE_OUTER_BOUND ( 'NONE', #37, .T. ) ;
#2728 = CARTESIAN_POINT ( 'NONE',  ( 115.4361083231163434, -30.72941051268678336, 0.3009078223465973534 ) ) ;
#2729 = CARTESIAN_POINT ( 'NONE',  ( 116.3942725277129995, -23.73466953933320056, 2.014975124374189797 ) ) ;
#2730 = DIRECTION ( 'NONE',  ( 0.000000000000000000, 0.000000000000000000, -1.000000000000000000 ) ) ;
#2731 = ORIENTED_EDGE ( 'NONE', *, *, #2061, .F. ) ;
#2732 = AXIS2_PLACEMENT_3D ( 'NONE', #3605, #2069, #1473 ) ;
#2733 = CYLINDRICAL_SURFACE ( 'NONE', #1062, 2.500000000000002220 ) ;
#2734 = CARTESIAN_POINT ( 'NONE',  ( 155.6623831871569905, 32.01253303566130626, -6.549055218219070440 ) ) ;
#2735 = ADVANCED_FACE ( 'NONE', ( #1525 ), #1586, .T. ) ;
#2736 = DIRECTION ( 'NONE',  ( 0.000000000000000000, 0.000000000000000000, 1.000000000000000000 ) ) ;
#2737 = ORIENTED_EDGE ( 'NONE', *, *, #2542, .T. ) ;
#2739 = EDGE_CURVE ( 'NONE', #285, #1996, #3736, .T. ) ;
#2738 = CIRCLE ( 'NONE', #1712, 15.00000000000000000 ) ;
#2740 = EDGE_CURVE ( 'NONE', #2025, #287, #801, .T. ) ;
#2741 = ORIENTED_EDGE ( 'NONE', *, *, #3706, .T. ) ;
#2742 = DIRECTION ( 'NONE',  ( 0.000000000000000000, 0.000000000000000000, 1.000000000000000000 ) ) ;
#2743 = AXIS2_PLACEMENT_3D ( 'NONE', #3730, #1647, #456 ) ;
#2744 = DIRECTION ( 'NONE',  ( 0.000000000000000000, 0.000000000000000000, 1.000000000000000000 ) ) ;
#2745 = EDGE_CURVE ( 'NONE', #2492, #2492, #466, .T. ) ;
#2746 = CARTESIAN_POINT ( 'NONE',  ( 115.4018124202856797, -30.50937672148560509, 0.1376846023626178694 ) ) ;
#2747 = ORIENTED_EDGE ( 'NONE', *, *, #961, .F. ) ;
#2748 =( GEOMETRIC_REPRESENTATION_CONTEXT ( 3 ) GLOBAL_UNCERTAINTY_ASSIGNED_CONTEXT ( ( #3505 ) ) GLOBAL_UNIT_ASSIGNED_CONTEXT ( ( #523, #3777, #3807 ) ) REPRESENTATION_CONTEXT ( 'NONE', 'WORKASPACE' ) );
#2749 = ORIENTED_EDGE ( 'NONE', *, *, #1363, .T. ) ;
#2750 = CARTESIAN_POINT ( 'NONE',  ( 116.3322121733990002, -22.48133707041589702, -46.00596538966185278 ) ) ;
#2751 = CARTESIAN_POINT ( 'NONE',  ( 160.7226996524589993, 31.17073774999909830, -3.485024875625820417 ) ) ;
#2752 = ORIENTED_EDGE ( 'NONE', *, *, #708, .F. ) ;
#2753 = DIRECTION ( 'NONE',  ( 0.000000000000000000, 0.000000000000000000, 1.000000000000000000 ) ) ;
#2754 = ORIENTED_EDGE ( 'NONE', *, *, #480, .F. ) ;
#2755 = ORIENTED_EDGE ( 'NONE', *, *, #1295, .F. ) ;
#2756 = ADVANCED_FACE ( 'NONE', ( #1711 ), #2366, .T. ) ;
#2757 = VECTOR ( 'NONE', #3429, 1000.000000000000000 ) ;
#2758 = CIRCLE ( 'NONE', #1833, 2.499999999999998668 ) ;
#2759 = CARTESIAN_POINT ( 'NONE',  ( 123.2666732143535171, -34.92495308781254693, 0.5211940460395726449 ) ) ;
#2760 = DIRECTION ( 'NONE',  ( -0.4383711467890744617, 0.000000000000000000, 0.8987940462991684809 ) ) ;
#2761 = TOROIDAL_SURFACE ( 'NONE', #1482, 6.500000000000000000, 1.000000000000000000 ) ;
#2762 = TOROIDAL_SURFACE ( 'NONE', #1753, 5.000000000000000000, 1.000000000000000000 ) ;
#2763 = CARTESIAN_POINT ( 'NONE',  ( 120.8756634449199936, -27.92926225000099905, -48.98502487562579688 ) ) ;
#2764 = CARTESIAN_POINT ( 'NONE',  ( 123.3942725277129995, -42.17926225000089602, -37.53502487562579404 ) ) ;
#2765 = CARTESIAN_POINT ( 'NONE',  ( 115.7514849180260086, -22.96862509621429993, -46.45044449451139457 ) ) ;
#2766 = EDGE_CURVE ( 'NONE', #3114, #3175, #3529, .T. ) ;
#2767 = LINE ( 'NONE', #8, #297 ) ;
#2768 = EDGE_CURVE ( 'NONE', #1635, #2661, #2648, .T. ) ;
#2769 = CARTESIAN_POINT ( 'NONE',  ( 123.3942725277129995, -31.92926225000100615, -72.98502487562589636 ) ) ;
#2770 = AXIS2_PLACEMENT_3D ( 'NONE', #555, #1111, #2299 ) ;
#2771 = EDGE_LOOP ( 'NONE', ( #2841, #2877, #871, #3244 ) ) ;
#2772 = CARTESIAN_POINT ( 'NONE',  ( 155.2240120403679953, -33.87105753566320487, -5.650261171919900072 ) ) ;
#2773 = LINE ( 'NONE', #743, #1932 ) ;
#2774 =( GEOMETRIC_REPRESENTATION_CONTEXT ( 3 ) GLOBAL_UNCERTAINTY_ASSIGNED_CONTEXT ( ( #224 ) ) GLOBAL_UNIT_ASSIGNED_CONTEXT ( ( #3743, #2245, #2259 ) ) REPRESENTATION_CONTEXT ( 'NONE', 'WORKASPACE' ) );
#2775 = EDGE_LOOP ( 'NONE', ( #1589, #3125, #1018, #3100 ) ) ;
#2776 = CARTESIAN_POINT ( 'NONE',  ( 123.3942725277130279, -34.92169528114125399, 0.1478863771946293537 ) ) ;
#2777 = EDGE_LOOP ( 'NONE', ( #423, #844, #2625, #1284 ) ) ;
#2778 = DIRECTION ( 'NONE',  ( 0.000000000000000000, 0.000000000000000000, -1.000000000000000000 ) ) ;
#2779 = ADVANCED_FACE ( 'NONE', ( #1958 ), #3447, .T. ) ;
#2780 = CARTESIAN_POINT ( 'NONE',  ( 158.9519399921630054, 30.11307028554909948, -3.833234724604039911 ) ) ;
#2781 = VERTEX_POINT ( 'NONE', #748 ) ;
#2782 = DIRECTION ( 'NONE',  ( 0.000000000000000000, 1.000000000000000000, 0.000000000000000000 ) ) ;
#2783 = LINE ( 'NONE', #2453, #2363 ) ;
#2784 = CARTESIAN_POINT ( 'NONE',  ( 120.5136031612375689, 24.92137628415839856, -48.90086579712366444 ) ) ;
#2785 = EDGE_LOOP ( 'NONE', ( #158, #58, #829, #2240 ) ) ;
#2786 = B_SPLINE_CURVE_WITH_KNOTS ( 'NONE', 3,
 ( #1011, #3680, #72, #3384, #3328, #3359, #2759, #3647, #2776, #3693 ),
 .UNSPECIFIED., .F., .F.,
 ( 4, 2, 2, 2, 4 ),
 ( 0.000000000000000000, 0.2500000000000000000, 0.5000000000000000000, 0.7500000000000000000, 1.000000000000000000 ),
 .UNSPECIFIED. ) ;
#2787 = DIRECTION ( 'NONE',  ( 0.000000000000000000, 0.000000000000000000, 1.000000000000000000 ) ) ;
#2788 = LINE ( 'NONE', #2543, #1201 ) ;
#2789 = CARTESIAN_POINT ( 'NONE',  ( 116.3942725277129995, 21.87614503933139787, -46.45044449451139457 ) ) ;
#2790 = ORIENTED_EDGE ( 'NONE', *, *, #3761, .T. ) ;
#2791 = DIRECTION ( 'NONE',  ( 0.000000000000000000, 0.000000000000000000, 1.000000000000000000 ) ) ;
#2792 = CARTESIAN_POINT ( 'NONE',  ( 121.0706818465802286, 24.48222793701073030, -48.54505391922769775 ) ) ;
#2793 = AXIS2_PLACEMENT_3D ( 'NONE', #2751, #80, #980 ) ;
#2794 = ORIENTED_EDGE ( 'NONE', *, *, #1641, .F. ) ;
#2795 = CARTESIAN_POINT ( 'NONE',  ( 158.8618873771395670, 30.11900366600850276, -3.991949926838170182 ) ) ;
#2796 = DIRECTION ( 'NONE',  ( -0.3417430630866918340, 0.9397934234884415261, 0.000000000000000000 ) ) ;
#2797 = CARTESIAN_POINT ( 'NONE',  ( 123.3942725277129995, -27.92926225000089957, -48.98502487562579688 ) ) ;
#2798 = CARTESIAN_POINT ( 'NONE',  ( 121.3942725277129995, 24.57073774999910043, -72.98502487562589636 ) ) ;
#2799 = ADVANCED_FACE ( 'NONE', ( #934 ), #2848, .T. ) ;
#2800 = CARTESIAN_POINT ( 'NONE',  ( 116.3942725277129995, 49.07073774999910398, -40.98502487562579688 ) ) ;
#2801 = DIRECTION ( 'NONE',  ( 0.000000000000000000, 0.000000000000000000, -1.000000000000000000 ) ) ;
#2802 = ORIENTED_EDGE ( 'NONE', *, *, #3364, .T. ) ;
#2803 = CARTESIAN_POINT ( 'NONE',  ( 122.3942725277129995, -50.92926225000089602, -40.98502487562579688 ) ) ;
#2804 = DIRECTION ( 'NONE',  ( -0.003173269658809508512, -0.008726491561726437349, 0.9999568884230437549 ) ) ;
#2805 = EDGE_LOOP ( 'NONE', ( #2269 ) ) ;
#2806 = CARTESIAN_POINT ( 'NONE',  ( 158.8457304330685531, 30.12052797952714300, -4.013957139333585111 ) ) ;
#2807 = CIRCLE ( 'NONE', #3640, 3.000000000000002665 ) ;
#2808 = DIRECTION ( 'NONE',  ( 1.000000000000000000, 0.000000000000000000, 0.000000000000000000 ) ) ;
#2809 = CARTESIAN_POINT ( 'NONE',  ( 117.3942725277129853, 11.07073774999899918, -22.98502487562580043 ) ) ;
#2810 = FACE_OUTER_BOUND ( 'NONE', #1567, .T. ) ;
#2811 = AXIS2_PLACEMENT_3D ( 'NONE', #471, #1388, #1375 ) ;
#2812 = B_SPLINE_CURVE_WITH_KNOTS ( 'NONE', 3,
 ( #1673, #803, #2561, #1979 ),
 .UNSPECIFIED., .F., .F.,
 ( 4, 4 ),
 ( 0.000000000000000000, 1.000000000000000000 ),
 .UNSPECIFIED. ) ;
#2813 = CARTESIAN_POINT ( 'NONE',  ( 155.2058300482409834, -34.30349116709929547, -5.659129122005349899 ) ) ;
#2814 = VERTEX_POINT ( 'NONE', #3733 ) ;
#2815 = ORIENTED_EDGE ( 'NONE', *, *, #1975, .F. ) ;
#2816 = ADVANCED_FACE ( 'NONE', ( #97 ), #150, .T. ) ;
#2817 = CARTESIAN_POINT ( 'NONE',  ( 115.3954588744581429, 28.47878290173831317, 0.06344876140178651314 ) ) ;
#2818 = VECTOR ( 'NONE', #2585, 1000.000000000000000 ) ;
#2819 = EDGE_CURVE ( 'NONE', #1346, #474, #2280, .T. ) ;
#2820 = CARTESIAN_POINT ( 'NONE',  ( 143.6525049582990050, -33.03671967039960577, -11.29406227466600043 ) ) ;
#2822 = ORIENTED_EDGE ( 'NONE', *, *, #2088, .T. ) ;
#2821 = EDGE_CURVE ( 'NONE', #263, #986, #3062, .T. ) ;
#2823 = CIRCLE ( 'NONE', #1164, 1.000000000000000888 ) ;
#2824 = DIRECTION ( 'NONE',  ( -0.9397934234884408600, -0.3417430630866939434, 0.000000000000000000 ) ) ;
#2825 = VERTEX_POINT ( 'NONE', #1152 ) ;
#2826 = DIRECTION ( 'NONE',  ( 0.000000000000000000, -1.000000000000000000, 0.000000000000000000 ) ) ;
#2827 = EDGE_CURVE ( 'NONE', #2441, #1045, #3219, .T. ) ;
#2828 = ORIENTED_EDGE ( 'NONE', *, *, #3089, .F. ) ;
#2829 = CARTESIAN_POINT ( 'NONE',  ( 116.3942725277129995, -22.42926225000089957, -22.86520669096299940 ) ) ;
#2830 = EDGE_CURVE ( 'NONE', #638, #3719, #2126, .T. ) ;
#2831 = AXIS2_PLACEMENT_3D ( 'NONE', #106, #2778, #401 ) ;
#2832 = CARTESIAN_POINT ( 'NONE',  ( 155.7893202457089785, -34.87224160192369737, -5.518943968312850501 ) ) ;
#2833 = LINE ( 'NONE', #2116, #3288 ) ;
#2834 = ORIENTED_EDGE ( 'NONE', *, *, #357, .F. ) ;
#2835 = DIRECTION ( 'NONE',  ( -0.003173269658809578335, 0.008726491561726657659, 0.9999568884230437549 ) ) ;
#2836 = DIRECTION ( 'NONE',  ( -1.000000000000000000, 0.000000000000000000, 0.000000000000000000 ) ) ;
#2837 = AXIS2_PLACEMENT_3D ( 'NONE', #691, #987, #3372 ) ;
#2838 = DIRECTION ( 'NONE',  ( 0.6684690492821149244, -0.6684690492821149244, 0.3260341397825249343 ) ) ;
#2839 = ADVANCED_FACE ( 'NONE', ( #695 ), #3627, .T. ) ;
#2840 = FACE_OUTER_BOUND ( 'NONE', #2514, .T. ) ;
#2841 = ORIENTED_EDGE ( 'NONE', *, *, #175, .T. ) ;
#2842 = AXIS2_PLACEMENT_3D ( 'NONE', #1444, #3503, #3402 ) ;
#2843 = CARTESIAN_POINT ( 'NONE',  ( 123.3942725277129995, -42.17926225000089602, -11.03502487562579937 ) ) ;
#2844 = AXIS2_PLACEMENT_3D ( 'NONE', #3126, #3396, #1610 ) ;
#2845 = VERTEX_POINT ( 'NONE', #1119 ) ;
#2846 = CARTESIAN_POINT ( 'NONE',  ( 158.7249964277818037, -31.99018880690428190, -4.148735996650028568 ) ) ;
#2847 = DIRECTION ( 'NONE',  ( 0.000000000000000000, 1.000000000000000000, 0.000000000000000000 ) ) ;
#2848 = PLANE ( 'NONE',  #1644 ) ;
#2849 = EDGE_LOOP ( 'NONE', ( #3544 ) ) ;
#2850 = ORIENTED_EDGE ( 'NONE', *, *, #1694, .T. ) ;
#2851 = DIRECTION ( 'NONE',  ( 1.000000000000000000, 0.000000000000000000, 0.000000000000000000 ) ) ;
#2852 = EDGE_LOOP ( 'NONE', ( #3167, #2192, #3749, #3130, #2265, #479, #517 ) ) ;
#2853 = FACE_OUTER_BOUND ( 'NONE', #3021, .T. ) ;
#2854 = LINE ( 'NONE', #2859, #1919 ) ;
#2855 = ADVANCED_FACE ( 'NONE', ( #2840 ), #1793, .T. ) ;
#2856 = LINE ( 'NONE', #3331, #1864 ) ;
#2857 = VECTOR ( 'NONE', #1555, 1000.000000000000114 ) ;
#2858 = CARTESIAN_POINT ( 'NONE',  ( 115.3942725277129995, 73.07073774999909688, 1.014975124374170035 ) ) ;
#2859 = CARTESIAN_POINT ( 'NONE',  ( 123.3942725277129995, -31.02926225000090099, 1.014975124374190019 ) ) ;
#2860 =( BOUNDED_CURVE ( )  B_SPLINE_CURVE ( 3, ( #1806, #2713, #3052, #85 ),
 .UNSPECIFIED., .F., .T. ) 
 B_SPLINE_CURVE_WITH_KNOTS ( ( 4, 4 ),
 ( 2.266453630549452036, 3.829406518773022405 ),
 .UNSPECIFIED. ) 
 CURVE ( )  GEOMETRIC_REPRESENTATION_ITEM ( )  RATIONAL_B_SPLINE_CURVE ( ( 1.000000000000000000, 0.8065829405177213918, 0.8065829405177213918, 1.000000000000000000 ) ) 
 REPRESENTATION_ITEM ( '' )  );
#2861 = CARTESIAN_POINT ( 'NONE',  ( 156.5211622818120816, 32.63079747943913134, -6.130200667378684187 ) ) ;
#2862 = CIRCLE ( 'NONE', #1608, 1.000000000000000888 ) ;
#2863 = AXIS2_PLACEMENT_3D ( 'NONE', #2407, #2708, #3860 ) ;
#2864 = DIRECTION ( 'NONE',  ( -0.7660444431189782355, 0.6427876096865391409, 0.000000000000000000 ) ) ;
#2865 = ORIENTED_EDGE ( 'NONE', *, *, #2894, .T. ) ;
#2866 = CIRCLE ( 'NONE', #3056, 1.000000000000000888 ) ;
#2867 = AXIS2_PLACEMENT_3D ( 'NONE', #1206, #360, #964 ) ;
#2868 = ORIENTED_EDGE ( 'NONE', *, *, #1087, .F. ) ;
#2869 = CARTESIAN_POINT ( 'NONE',  ( 117.3996896583840055, 20.25738637977560330, -46.22368986128590507 ) ) ;
#2870 = ORIENTED_EDGE ( 'NONE', *, *, #2937, .T. ) ;
#2871 = EDGE_CURVE ( 'NONE', #2963, #2963, #1569, .T. ) ;
#2872 = CARTESIAN_POINT ( 'NONE',  ( 122.3942725277129995, -42.92926225000100260, -40.98502487562579688 ) ) ;
#2873 = CARTESIAN_POINT ( 'NONE',  ( 115.3942725277129995, 21.87614503933139787, 2.014975124374189797 ) ) ;
#2874 = AXIS2_PLACEMENT_3D ( 'NONE', #1135, #3822, #2321 ) ;
#2875 = LINE ( 'NONE', #3837, #313 ) ;
#2876 = ADVANCED_FACE ( 'NONE', ( #751, #1030, #3782, #1078, #3816, #1843 ), #3839, .T. ) ;
#2877 = ORIENTED_EDGE ( 'NONE', *, *, #3497, .F. ) ;
#2878 = CARTESIAN_POINT ( 'NONE',  ( 115.3942725277129995, 29.17073774999909830, 1.014975124374170035 ) ) ;
#2879 = PRODUCT_CONTEXT ( 'NONE', #811, 'mechanical' ) ;
#2880 = CIRCLE ( 'NONE', #988, 1.000000000000000888 ) ;
#2881 = ORIENTED_EDGE ( 'NONE', *, *, #2018, .F. ) ;
#2882 = FACE_OUTER_BOUND ( 'NONE', #919, .T. ) ;
#2883 = DIRECTION ( 'NONE',  ( 0.000000000000000000, 1.000000000000000000, 0.000000000000000000 ) ) ;
#2884 = EDGE_LOOP ( 'NONE', ( #3628, #1851, #2868, #657 ) ) ;
#2885 = DIRECTION ( 'NONE',  ( 0.000000000000000000, -1.000000000000000000, 0.000000000000000000 ) ) ;
#2886 = DIRECTION ( 'NONE',  ( 0.000000000000000000, 1.000000000000000000, 0.000000000000000000 ) ) ;
#2887 = DIRECTION ( 'NONE',  ( 1.000000000000000000, 0.000000000000000000, 0.000000000000000000 ) ) ;
#2888 = AXIS2_PLACEMENT_3D ( 'NONE', #2103, #603, #3004 ) ;
#2889 = ORIENTED_EDGE ( 'NONE', *, *, #2216, .F. ) ;
#2890 = EDGE_LOOP ( 'NONE', ( #2693, #198, #43, #2425, #3662, #1351, #223, #852 ) ) ;
#2891 = CARTESIAN_POINT ( 'NONE',  ( 122.3942725277129995, 48.07073774999909688, -40.98502487562579688 ) ) ;
#2892 = EDGE_CURVE ( 'NONE', #1067, #1067, #3213, .T. ) ;
#2893 = EDGE_CURVE ( 'NONE', #1118, #2409, #3300, .T. ) ;
#2894 = EDGE_CURVE ( 'NONE', #652, #595, #203, .T. ) ;
#2895 = DIRECTION ( 'NONE',  ( 0.000000000000000000, 0.000000000000000000, -1.000000000000000000 ) ) ;
#2896 = VERTEX_POINT ( 'NONE', #868 ) ;
#2897 = EDGE_CURVE ( 'NONE', #53, #368, #3012, .T. ) ;
#2898 = DIRECTION ( 'NONE',  ( 0.000000000000000000, 0.000000000000000000, 1.000000000000000000 ) ) ;
#2899 = DIRECTION ( 'NONE',  ( 0.000000000000000000, -1.000000000000000000, 0.000000000000000000 ) ) ;
#2900 = ORIENTED_EDGE ( 'NONE', *, *, #3289, .T. ) ;
#2901 = FACE_OUTER_BOUND ( 'NONE', #3666, .T. ) ;
#2902 = LINE ( 'NONE', #3063, #3595 ) ;
#2903 = DIRECTION ( 'NONE',  ( 0.000000000000000000, 0.000000000000000000, 1.000000000000000000 ) ) ;
#2904 = VERTEX_POINT ( 'NONE', #3489 ) ;
#2905 = CARTESIAN_POINT ( 'NONE',  ( 120.3942725277129995, -26.40177183963159990, -48.82782904339650543 ) ) ;
#2906 = AXIS2_PLACEMENT_3D ( 'NONE', #3155, #3775, #1399 ) ;
#2907 = DIRECTION ( 'NONE',  ( 4.898804364357069646E-32, 0.000000000000000000, -1.000000000000000000 ) ) ;
#2908 = VECTOR ( 'NONE', #3759, 1000.000000000000000 ) ;
#2909 = DIRECTION ( 'NONE',  ( 0.000000000000000000, 0.000000000000000000, -1.000000000000000000 ) ) ;
#2910 = LINE ( 'NONE', #1311, #1105 ) ;
#2911 = DIRECTION ( 'NONE',  ( 0.000000000000000000, 0.000000000000000000, 1.000000000000000000 ) ) ;
#2912 = ORIENTED_EDGE ( 'NONE', *, *, #3225, .T. ) ;
#2913 = EDGE_LOOP ( 'NONE', ( #2292 ) ) ;
#2914 = EDGE_CURVE ( 'NONE', #3016, #79, #2159, .T. ) ;
#2915 = CARTESIAN_POINT ( 'NONE',  ( 115.3942725277129995, 21.87614503933139787, -46.45044449451139457 ) ) ;
#2916 = CARTESIAN_POINT ( 'NONE',  ( 116.7569020486979952, 20.26645545268640092, -45.59186786319789775 ) ) ;
#2917 = AXIS2_PLACEMENT_3D ( 'NONE', #2201, #3049, #760 ) ;
#2918 = CYLINDRICAL_SURFACE ( 'NONE', #2917, 8.000000000000000000 ) ;
#2919 = DIRECTION ( 'NONE',  ( 0.000000000000000000, -6.071532165918830747E-16, 1.000000000000000000 ) ) ;
#2920 = DIRECTION ( 'NONE',  ( 0.000000000000000000, 0.000000000000000000, 1.000000000000000000 ) ) ;
#2921 = VERTEX_POINT ( 'NONE', #3194 ) ;
#2922 = VECTOR ( 'NONE', #3037, 1000.000000000000000 ) ;
#2923 = ORIENTED_EDGE ( 'NONE', *, *, #33, .F. ) ;
#2924 = UNCERTAINTY_MEASURE_WITH_UNIT (LENGTH_MEASURE( 1.000000000000000082E-05 ), #843, 'distance_accuracy_value', 'NONE');
#2925 = FACE_OUTER_BOUND ( 'NONE', #3690, .T. ) ;
#2926 = CARTESIAN_POINT ( 'NONE',  ( 155.1657692490950069, -34.92926225000080365, 1.014975124374190019 ) ) ;
#2927 = ORIENTED_EDGE ( 'NONE', *, *, #2138, .T. ) ;
#2928 = DIRECTION ( 'NONE',  ( 0.000000000000000000, 0.000000000000000000, 1.000000000000000000 ) ) ;
#2929 = CARTESIAN_POINT ( 'NONE',  ( 123.3942725277129995, 32.87701556152190108, -21.18338895330289873 ) ) ;
#2930 = DIRECTION ( 'NONE',  ( -1.000000000000000000, 0.000000000000000000, 0.000000000000000000 ) ) ;
#2931 = ORIENTED_EDGE ( 'NONE', *, *, #2271, .F. ) ;
#2932 = VERTEX_POINT ( 'NONE', #261 ) ;
#2933 = CARTESIAN_POINT ( 'NONE',  ( 116.3942725277129995, 48.07073774999909688, -14.98502487562580043 ) ) ;
#2934 = AXIS2_PLACEMENT_3D ( 'NONE', #2247, #723, #3422 ) ;
#2935 = CARTESIAN_POINT ( 'NONE',  ( 116.5907126930059974, 20.40590487975300249, -45.75724583740259988 ) ) ;
#2936 = ORIENTED_EDGE ( 'NONE', *, *, #2745, .F. ) ;
#2937 = EDGE_CURVE ( 'NONE', #365, #3831, #1946, .T. ) ;
#2938 = ORIENTED_EDGE ( 'NONE', *, *, #1084, .F. ) ;
#2939 = CARTESIAN_POINT ( 'NONE',  ( 123.3942725277129995, -42.17926225000089602, -40.03502487562579404 ) ) ;
#2940 = EDGE_CURVE ( 'NONE', #2073, #3658, #2523, .T. ) ;
#2941 = ORIENTED_EDGE ( 'NONE', *, *, #1494, .F. ) ;
#2942 = VECTOR ( 'NONE', #1481, 1000.000000000000000 ) ;
#2943 = CARTESIAN_POINT ( 'NONE',  ( 156.9657731177790083, 31.12339474434829967, -5.913349473446140259 ) ) ;
#2944 = FACE_OUTER_BOUND ( 'NONE', #2777, .T. ) ;
#2945 = CARTESIAN_POINT ( 'NONE',  ( 160.7226996524589993, 31.17073774999909830, -4.485024875625819973 ) ) ;
#2946 = AXIS2_PLACEMENT_3D ( 'NONE', #814, #3476, #2885 ) ;
#2947 = EDGE_CURVE ( 'NONE', #468, #474, #581, .T. ) ;
#2948 = CIRCLE ( 'NONE', #1938, 6.499999999999999112 ) ;
#2949 = CARTESIAN_POINT ( 'NONE',  ( 115.3942725277129995, -31.02926225000090099, 1.014975124374190019 ) ) ;
#2950 = FACE_OUTER_BOUND ( 'NONE', #2362, .T. ) ;
#2951 = CYLINDRICAL_SURFACE ( 'NONE', #2334, 7.500000000000000000 ) ;
#2952 = CARTESIAN_POINT ( 'NONE',  ( 116.3942725277129995, 11.07073774999899918, -22.98502487562580043 ) ) ;
#2953 = ORIENTED_EDGE ( 'NONE', *, *, #2365, .T. ) ;
#2954 = CARTESIAN_POINT ( 'NONE',  ( 116.3942725277129995, -50.92926225000089602, -40.98502487562579688 ) ) ;
#2955 = DIRECTION ( 'NONE',  ( 0.8987874693249316982, 0.003825579047227788479, 0.4383679389844088448 ) ) ;
#2956 = ORIENTED_EDGE ( 'NONE', *, *, #1613, .T. ) ;
#2957 = AXIS2_PLACEMENT_3D ( 'NONE', #753, #2851, #475 ) ;
#2958 = DIRECTION ( 'NONE',  ( 0.000000000000000000, 0.000000000000000000, 1.000000000000000000 ) ) ;
#2959 = DIRECTION ( 'NONE',  ( 0.000000000000000000, 0.000000000000000000, 1.000000000000000000 ) ) ;
#2960 = CARTESIAN_POINT ( 'NONE',  ( 158.7614412744630101, 30.30356900324832736, -4.744365839696255804 ) ) ;
#2961 = ORIENTED_EDGE ( 'NONE', *, *, #2216, .T. ) ;
#2962 = EDGE_CURVE ( 'NONE', #758, #2896, #366, .T. ) ;
#2963 = VERTEX_POINT ( 'NONE', #230 ) ;
#2964 = EDGE_CURVE ( 'NONE', #2921, #127, #1153, .T. ) ;
#2965 = EDGE_LOOP ( 'NONE', ( #1988, #3229, #1132, #3151 ) ) ;
#2966 = DIRECTION ( 'NONE',  ( 0.000000000000000000, 0.000000000000000000, 1.000000000000000000 ) ) ;
#2967 = VECTOR ( 'NONE', #3510, 1000.000000000000000 ) ;
#2968 = CARTESIAN_POINT ( 'NONE',  ( 116.3942725277129995, 18.57073774999909688, -22.98502487562580043 ) ) ;
#2969 = AXIS2_PLACEMENT_3D ( 'NONE', #3771, #2808, #3420 ) ;
#2970 = ORIENTED_EDGE ( 'NONE', *, *, #3610, .F. ) ;
#2971 = CARTESIAN_POINT ( 'NONE',  ( 123.3942725277130279, 33.06316730483501232, 0.1474880321730719646 ) ) ;
#2972 = FACE_OUTER_BOUND ( 'NONE', #168, .T. ) ;
#2973 = CARTESIAN_POINT ( 'NONE',  ( 147.3942725277130137, 18.57073774999909688, -41.48502487562579688 ) ) ;
#2974 = CARTESIAN_POINT ( 'NONE',  ( 130.2242725277129978, -24.49926225000099933, -28.48502487562580043 ) ) ;
#2975 = CARTESIAN_POINT ( 'NONE',  ( 116.9418289416249763, 20.24983860089355048, -46.04087839247279135 ) ) ;
#2976 = EDGE_LOOP ( 'NONE', ( #1151, #2006, #3534, #104 ) ) ;
#2977 =( BOUNDED_CURVE ( )  B_SPLINE_CURVE ( 3, ( #810, #3173, #522, #2581 ),
 .UNSPECIFIED., .F., .T. ) 
 B_SPLINE_CURVE_WITH_KNOTS ( ( 4, 4 ),
 ( 0.000000000000000000, 0.8726646259968310337 ),
 .UNSPECIFIED. ) 
 CURVE ( )  GEOMETRIC_REPRESENTATION_ITEM ( )  RATIONAL_B_SPLINE_CURVE ( ( 1.000000000000000000, 0.9375385246911469572, 0.9375385246911469572, 1.000000000000000000 ) ) 
 REPRESENTATION_ITEM ( '' )  );
#2978 = EDGE_LOOP ( 'NONE', ( #1134, #1070, #3143, #2376 ) ) ;
#2979 = ORIENTED_EDGE ( 'NONE', *, *, #1465, .T. ) ;
#2980 = CARTESIAN_POINT ( 'NONE',  ( 160.7226996524589993, -30.02926225000090099, -4.485024875625819973 ) ) ;
#2981 = DIRECTION ( 'NONE',  ( 0.000000000000000000, -1.000000000000000000, 0.000000000000000000 ) ) ;
#2982 = DIRECTION ( 'NONE',  ( 0.000000000000000000, -1.000000000000000000, 0.000000000000000000 ) ) ;
#2983 = EDGE_LOOP ( 'NONE', ( #2526, #2065, #236, #541, #882, #2714, #660 ) ) ;
#2984 = CARTESIAN_POINT ( 'NONE',  ( 121.8154568684080061, 25.72899468691240088, -47.98502487562579688 ) ) ;
#2985 = ORIENTED_EDGE ( 'NONE', *, *, #1537, .F. ) ;
#2986 = CIRCLE ( 'NONE', #3369, 5.999999999999998224 ) ;
#2987 = ORIENTED_EDGE ( 'NONE', *, *, #354, .F. ) ;
#2988 = TOROIDAL_SURFACE ( 'NONE', #245, 8.500000000000000000, 1.000000000000000000 ) ;
#2989 = LINE ( 'NONE', #1285, #951 ) ;
#2990 = DIRECTION ( 'NONE',  ( -1.000000000000000000, 0.000000000000000000, 0.000000000000000000 ) ) ;
#2991 = CARTESIAN_POINT ( 'NONE',  ( 159.3033221036839961, 29.76168817402760070, -3.490188836207430256 ) ) ;
#2992 = ADVANCED_FACE ( 'NONE', ( #2972 ), #2079, .T. ) ;
#2993 = CARTESIAN_POINT ( 'NONE',  ( 121.4903414932360022, -26.69345190519100086, -47.93874596774410435 ) ) ;
#2994 = CARTESIAN_POINT ( 'NONE',  ( 160.7226996524589993, -31.02926225000090099, -3.485024875625820417 ) ) ;
#2995 = CARTESIAN_POINT ( 'NONE',  ( 182.8942725277130137, -25.02926225000089744, -4.485024875625819973 ) ) ;
#2996 = DIRECTION ( 'NONE',  ( 0.000000000000000000, -1.000000000000000000, 0.000000000000000000 ) ) ;
#2997 = EDGE_LOOP ( 'NONE', ( #1480 ) ) ;
#2998 = VECTOR ( 'NONE', #1949, 1000.000000000000000 ) ;
#2999 = ORIENTED_EDGE ( 'NONE', *, *, #3291, .T. ) ;
#3000 = ORIENTED_EDGE ( 'NONE', *, *, #3779, .T. ) ;
#3001 = CARTESIAN_POINT ( 'NONE',  ( 115.3948343224383279, -30.29002431750235402, 0.04957113489024355529 ) ) ;
#3002 = AXIS2_PLACEMENT_3D ( 'NONE', #2157, #2423, #671 ) ;
#3003 = CARTESIAN_POINT ( 'NONE',  ( 116.3942725277129995, -23.08934758384589969, -47.21435520510920014 ) ) ;
#3004 = DIRECTION ( 'NONE',  ( 0.000000000000000000, 0.000000000000000000, -1.000000000000000000 ) ) ;
#3005 = EDGE_CURVE ( 'NONE', #1236, #1236, #1618, .T. ) ;
#3006 = ORIENTED_EDGE ( 'NONE', *, *, #1886, .T. ) ;
#3007 = EDGE_CURVE ( 'NONE', #1649, #61, #841, .T. ) ;
#3008 = CYLINDRICAL_SURFACE ( 'NONE', #3585, 16.00000000000000000 ) ;
#3009 = DIRECTION ( 'NONE',  ( 0.000000000000000000, -1.000000000000000000, 0.000000000000000000 ) ) ;
#3010 = ORIENTED_EDGE ( 'NONE', *, *, #2491, .T. ) ;
#3011 = EDGE_CURVE ( 'NONE', #1900, #1385, #930, .T. ) ;
#3012 = CIRCLE ( 'NONE', #2187, 1.000000000000000888 ) ;
#3013 = CARTESIAN_POINT ( 'NONE',  ( 115.3947757584380724, -30.28355051934566333, 0.04783964177269039303 ) ) ;
#3014 = DIRECTION ( 'NONE',  ( 0.000000000000000000, -1.000000000000000000, 0.000000000000000000 ) ) ;
#3015 = CARTESIAN_POINT ( 'NONE',  ( 121.8154568684079777, -27.58751918691431015, -48.98502487562580399 ) ) ;
#3016 = VERTEX_POINT ( 'NONE', #2949 ) ;
#3017 = DIRECTION ( 'NONE',  ( 0.000000000000000000, -1.000000000000000000, 0.000000000000000000 ) ) ;
#3018 = CARTESIAN_POINT ( 'NONE',  ( 116.3942725277129995, -42.92926225000100260, -40.98502487562579688 ) ) ;
#3019 = CARTESIAN_POINT ( 'NONE',  ( 158.7749020722759781, -32.14863270543749962, -4.263255405725449698 ) ) ;
#3020 = ORIENTED_EDGE ( 'NONE', *, *, #2937, .F. ) ;
#3021 = EDGE_LOOP ( 'NONE', ( #3352, #1566, #2931 ) ) ;
#3022 = CARTESIAN_POINT ( 'NONE',  ( 116.3942725277129995, 20.57073774999910043, 1.139975124374180027 ) ) ;
#3023 = ADVANCED_FACE ( 'NONE', ( #551 ), #1466, .T. ) ;
#3024 = AXIS2_PLACEMENT_3D ( 'NONE', #3643, #1847, #2455 ) ;
#3025 = ORIENTED_EDGE ( 'NONE', *, *, #2061, .T. ) ;
#3026 = CARTESIAN_POINT ( 'NONE',  ( 143.6525049582990050, -33.82180482960210099, -11.29406227466600043 ) ) ;
#3027 = ORIENTED_EDGE ( 'NONE', *, *, #3819, .T. ) ;
#3028 = ORIENTED_EDGE ( 'NONE', *, *, #2133, .F. ) ;
#3029 = DIRECTION ( 'NONE',  ( 1.000000000000000000, 0.000000000000000000, -1.445602896647369978E-16 ) ) ;
#3030 = FACE_OUTER_BOUND ( 'NONE', #1916, .T. ) ;
#3031 = CARTESIAN_POINT ( 'NONE',  ( 117.3942725277129853, -27.92926225000089957, -41.48502487562579688 ) ) ;
#3032 = FACE_OUTER_BOUND ( 'NONE', #2849, .T. ) ;
#3033 = EDGE_CURVE ( 'NONE', #1962, #1535, #1349, .T. ) ;
#3034 = CYLINDRICAL_SURFACE ( 'NONE', #901, 0.9999999999999986677 ) ;
#3035 = AXIS2_PLACEMENT_3D ( 'NONE', #221, #2024, #2864 ) ;
#3036 = CIRCLE ( 'NONE', #1967, 7.499999999999998224 ) ;
#3037 = DIRECTION ( 'NONE',  ( 0.000000000000000000, 0.000000000000000000, -1.000000000000000000 ) ) ;
#3038 = CARTESIAN_POINT ( 'NONE',  ( 123.3942725277129995, 30.07073774999909688, -72.98502487562589636 ) ) ;
#3039 = AXIS2_PLACEMENT_3D ( 'NONE', #985, #3074, #2782 ) ;
#3040 = DIRECTION ( 'NONE',  ( -1.000000000000000000, -3.831291112586820629E-15, 0.000000000000000000 ) ) ;
#3041 = LINE ( 'NONE', #3019, #673 ) ;
#3042 = CARTESIAN_POINT ( 'NONE',  ( 115.7380800144135549, -31.00216341162931144, 0.7749798385122727007 ) ) ;
#3043 = DIRECTION ( 'NONE',  ( 1.000000000000000000, 0.000000000000000000, 0.000000000000000000 ) ) ;
#3044 = CARTESIAN_POINT ( 'NONE',  ( 177.3642725277130126, -24.49926225000089985, 2.014975124374189797 ) ) ;
#3045 = ADVANCED_FACE ( 'NONE', ( #3622 ), #3669, .F. ) ;
#3046 = ORIENTED_EDGE ( 'NONE', *, *, #1295, .T. ) ;
#3047 = CARTESIAN_POINT ( 'NONE',  ( 115.9641258872159710, -22.79019813739371969, -46.96164542752740800 ) ) ;
#3048 = ORIENTED_EDGE ( 'NONE', *, *, #913, .T. ) ;
#3049 = DIRECTION ( 'NONE',  ( 1.000000000000000000, 0.000000000000000000, 0.000000000000000000 ) ) ;
#3050 = ORIENTED_EDGE ( 'NONE', *, *, #1945, .F. ) ;
#3051 = CARTESIAN_POINT ( 'NONE',  ( 116.3942725277129995, -42.92926225000100260, -47.98502487562579688 ) ) ;
#3052 = CARTESIAN_POINT ( 'NONE',  ( 123.6169808500759757, -32.54171013650046973, -22.17864225171827286 ) ) ;
#3053 = CARTESIAN_POINT ( 'NONE',  ( 123.3942725277129995, 41.07073774999910398, -40.98502487562579688 ) ) ;
#3054 = CYLINDRICAL_SURFACE ( 'NONE', #2246, 1.000000000000000888 ) ;
#3055 = VERTEX_POINT ( 'NONE', #51 ) ;
#3056 = AXIS2_PLACEMENT_3D ( 'NONE', #3732, #1342, #2191 ) ;
#3057 = CARTESIAN_POINT ( 'NONE',  ( 158.5061664378790169, 29.58300142424909751, -5.162049452024609408 ) ) ;
#3058 = VECTOR ( 'NONE', #3465, 1000.000000000000000 ) ;
#3059 = CARTESIAN_POINT ( 'NONE',  ( 121.3312185854790073, 24.39733940885609798, -47.84715456782990373 ) ) ;
#3060 = AXIS2_PLACEMENT_3D ( 'NONE', #2697, #1449, #1200 ) ;
#3061 = ORIENTED_EDGE ( 'NONE', *, *, #830, .F. ) ;
#3062 = CIRCLE ( 'NONE', #1783, 1.000000000000000888 ) ;
#3063 = CARTESIAN_POINT ( 'NONE',  ( 123.3942725277129995, -34.92926225000069707, 1.014975124374190019 ) ) ;
#3064 = EDGE_CURVE ( 'NONE', #1986, #465, #1298, .T. ) ;
#3065 = ORIENTED_EDGE ( 'NONE', *, *, #1743, .F. ) ;
#3066 = CARTESIAN_POINT ( 'NONE',  ( 117.3942725277129853, 19.57073774999910043, -41.48502487562579688 ) ) ;
#3067 = ADVANCED_FACE ( 'NONE', ( #41 ), #2121, .T. ) ;
#3068 = ORIENTED_EDGE ( 'NONE', *, *, #2214, .T. ) ;
#3069 = ORIENTED_EDGE ( 'NONE', *, *, #1891, .T. ) ;
#3070 = CARTESIAN_POINT ( 'NONE',  ( 123.3942725277129995, 40.32073774999909688, -37.53502487562579404 ) ) ;
#3071 = CARTESIAN_POINT ( 'NONE',  ( 116.3942725277129995, -22.42926225000089957, -22.86520669096299940 ) ) ;
#3072 = ORIENTED_EDGE ( 'NONE', *, *, #1145, .F. ) ;
#3073 = CARTESIAN_POINT ( 'NONE',  ( 115.3942725277129995, 49.07073774999910398, 2.014975124374189797 ) ) ;
#3074 = DIRECTION ( 'NONE',  ( 0.000000000000000000, 0.000000000000000000, -1.000000000000000000 ) ) ;
#3075 = CARTESIAN_POINT ( 'NONE',  ( 115.3942725277129995, -49.92926225000089602, -40.98502487562579688 ) ) ;
#3076 = EDGE_LOOP ( 'NONE', ( #1934, #1195, #2140, #2234, #1446 ) ) ;
#3077 = LINE ( 'NONE', #1682, #1171 ) ;
#3078 = EDGE_LOOP ( 'NONE', ( #2427, #3462, #2641, #1253 ) ) ;
#3079 = AXIS2_PLACEMENT_3D ( 'NONE', #627, #3014, #47 ) ;
#3080 = B_SPLINE_CURVE_WITH_KNOTS ( 'NONE', 3,
 ( #2780, #3639, #3104, #2795, #2806, #3390, #3367, #3335, #2200, #687, #719, #378, #1299, #98 ),
 .UNSPECIFIED., .F., .F.,
 ( 4, 2, 2, 2, 2, 2, 4 ),
 ( 0.000000000000000000, 0.1249999999999485134, 0.1874999999999235889, 0.2499999999998986921, 0.4999999999999323874, 0.7499999999999661382, 1.000000000000000000 ),
 .UNSPECIFIED. ) ;
#3081 = CARTESIAN_POINT ( 'NONE',  ( 116.3942725277129995, 21.87614503933139787, 2.014975124374189797 ) ) ;
#3082 = VECTOR ( 'NONE', #899, 1000.000000000000114 ) ;
#3083 = CARTESIAN_POINT ( 'NONE',  ( 117.3942725277129853, 19.57073774999910043, -22.98502487562580043 ) ) ;
#3084 = CYLINDRICAL_SURFACE ( 'NONE', #1165, 1.000000000000005773 ) ;
#3085 = ADVANCED_FACE ( 'NONE', ( #2175 ), #279, .T. ) ;
#3086 = CARTESIAN_POINT ( 'NONE',  ( 115.3957980883865275, 28.49672176812794078, 0.06951955454901150022 ) ) ;
#3087 = EDGE_CURVE ( 'NONE', #2071, #247, #3113, .T. ) ;
#3088 = DIRECTION ( 'NONE',  ( -1.000000000000000000, 1.445602896647369978E-16, 0.000000000000000000 ) ) ;
#3089 = EDGE_CURVE ( 'NONE', #3055, #365, #3442, .T. ) ;
#3090 = CARTESIAN_POINT ( 'NONE',  ( 116.9906120149814370, -22.10077845162349419, -46.06880276862059276 ) ) ;
#3091 = PLANE ( 'NONE',  #3846 ) ;
#3092 = DIRECTION ( 'NONE',  ( 0.6684690492821153684, 0.6684690492821142582, 0.3260341397825251009 ) ) ;
#3093 = ORIENTED_EDGE ( 'NONE', *, *, #911, .T. ) ;
#3094 = EDGE_CURVE ( 'NONE', #2409, #371, #2406, .T. ) ;
#3095 = CARTESIAN_POINT ( 'NONE',  ( 177.8942725277130137, -31.02926225000090099, 2.014975124374189797 ) ) ;
#3096 = EDGE_CURVE ( 'NONE', #3829, #758, #1957, .T. ) ;
#3097 = VECTOR ( 'NONE', #1020, 1000.000000000000000 ) ;
#3098 = DIRECTION ( 'NONE',  ( 0.000000000000000000, 1.000000000000000000, 0.000000000000000000 ) ) ;
#3099 = ORIENTED_EDGE ( 'NONE', *, *, #1108, .T. ) ;
#3100 = ORIENTED_EDGE ( 'NONE', *, *, #298, .F. ) ;
#3101 = DIRECTION ( 'NONE',  ( 0.000000000000000000, 0.000000000000000000, 1.000000000000000000 ) ) ;
#3102 = CARTESIAN_POINT ( 'NONE',  ( 117.3942725277129853, 18.57073774999909688, -15.48502487562579866 ) ) ;
#3103 = DIRECTION ( 'NONE',  ( 0.4383711467890744617, 0.000000000000000000, -0.8987940462991684809 ) ) ;
#3104 = CARTESIAN_POINT ( 'NONE',  ( 158.9067149438269837, 30.11505755981138677, -3.925183740653916953 ) ) ;
#3105 = ORIENTED_EDGE ( 'NONE', *, *, #3224, .T. ) ;
#3106 = DIRECTION ( 'NONE',  ( 0.000000000000000000, -1.000000000000000000, 0.000000000000000000 ) ) ;
#3107 = DIRECTION ( 'NONE',  ( 1.000000000000000000, 0.000000000000000000, 0.000000000000000000 ) ) ;
#3108 = AXIS2_PLACEMENT_3D ( 'NONE', #3185, #1982, #1676 ) ;
#3109 = VECTOR ( 'NONE', #3106, 1000.000000000000000 ) ;
#3110 = CARTESIAN_POINT ( 'NONE',  ( 155.9281976966690308, 31.72259901866919662, -5.306806878941199734 ) ) ;
#3111 = ADVANCED_FACE ( 'NONE', ( #3527 ), #2643, .T. ) ;
#3112 = ORIENTED_EDGE ( 'NONE', *, *, #1759, .T. ) ;
#3113 = LINE ( 'NONE', #1550, #3490 ) ;
#3114 = VERTEX_POINT ( 'NONE', #3738 ) ;
#3115 = CARTESIAN_POINT ( 'NONE',  ( 115.3942725277129995, 28.17074074606119893, 0.01497512437418700021 ) ) ;
#3116 = EDGE_CURVE ( 'NONE', #1406, #319, #1175, .T. ) ;
#3117 = LINE ( 'NONE', #697, #3348 ) ;
#3118 = CARTESIAN_POINT ( 'NONE',  ( 123.3942725277129995, -50.92926225000089602, 2.014975124374189797 ) ) ;
#3119 = AXIS2_PLACEMENT_3D ( 'NONE', #344, #3321, #2424 ) ;
#3120 = CARTESIAN_POINT ( 'NONE',  ( 158.6956786753596589, -31.99261302026656750, -4.176191869206792973 ) ) ;
#3121 = ORIENTED_EDGE ( 'NONE', *, *, #1895, .F. ) ;
#3122 = DIRECTION ( 'NONE',  ( 1.000000000000000000, 0.000000000000000000, 0.000000000000000000 ) ) ;
#3123 = AXIS2_PLACEMENT_3D ( 'NONE', #2578, #1125, #2920 ) ;
#3124 = ORIENTED_EDGE ( 'NONE', *, *, #2485, .F. ) ;
#3125 = ORIENTED_EDGE ( 'NONE', *, *, #3287, .F. ) ;
#3126 = CARTESIAN_POINT ( 'NONE',  ( 177.8942725277130137, 23.17073774999909830, 2.014975124374189797 ) ) ;
#3127 = EDGE_LOOP ( 'NONE', ( #3068, #2521, #165, #2622 ) ) ;
#3128 = ADVANCED_FACE ( 'NONE', ( #1840 ), #3339, .T. ) ;
#3129 = CARTESIAN_POINT ( 'NONE',  ( 121.3576854608732702, 24.52373659592267074, -48.10255722965887060 ) ) ;
#3130 = ORIENTED_EDGE ( 'NONE', *, *, #2893, .F. ) ;
#3131 = DIRECTION ( 'NONE',  ( 0.000000000000000000, 1.000000000000000000, 0.000000000000000000 ) ) ;
#3132 = ORIENTED_EDGE ( 'NONE', *, *, #3094, .F. ) ;
#3133 = CYLINDRICAL_SURFACE ( 'NONE', #973, 1.000000000000000888 ) ;
#3134 = CIRCLE ( 'NONE', #1088, 1.000000000000000222 ) ;
#3135 = FILL_AREA_STYLE ('',( #1358 ) ) ;
#3136 = CARTESIAN_POINT ( 'NONE',  ( 115.3942725277129995, -42.17926225000089602, -42.53502487562580114 ) ) ;
#3137 = DIRECTION ( 'NONE',  ( 0.000000000000000000, -1.000000000000000000, 0.000000000000000000 ) ) ;
#3138 = CYLINDRICAL_SURFACE ( 'NONE', #2479, 2.499999999999998668 ) ;
#3139 = CYLINDRICAL_SURFACE ( 'NONE', #848, 1.000000000000000888 ) ;
#3140 = AXIS2_PLACEMENT_3D ( 'NONE', #3801, #3210, #813 ) ;
#3141 = CARTESIAN_POINT ( 'NONE',  ( 123.3942725277129995, 49.07073774999910398, -14.98502487562580043 ) ) ;
#3142 = ORIENTED_EDGE ( 'NONE', *, *, #1352, .F. ) ;
#3143 = ORIENTED_EDGE ( 'NONE', *, *, #1209, .F. ) ;
#3144 = LINE ( 'NONE', #1435, #2305 ) ;
#3145 = EDGE_CURVE ( 'NONE', #79, #3811, #1708, .T. ) ;
#3146 = CARTESIAN_POINT ( 'NONE',  ( 183.8942725277130137, -25.02926225000089744, -3.485024875625820417 ) ) ;
#3147 = EDGE_CURVE ( 'NONE', #2447, #3263, #2034, .T. ) ;
#3148 = CARTESIAN_POINT ( 'NONE',  ( 116.4597525828107365, -22.37431795991893324, -45.60933226316277000 ) ) ;
#3149 = CIRCLE ( 'NONE', #2639, 6.999999999999999112 ) ;
#3150 = CARTESIAN_POINT ( 'NONE',  ( 183.8942725277130137, -25.02926225000089744, 1.014975124374190019 ) ) ;
#3151 = ORIENTED_EDGE ( 'NONE', *, *, #2553, .F. ) ;
#3152 = CARTESIAN_POINT ( 'NONE',  ( 116.3942725277129995, 26.07073774999909688, -41.48502487562579688 ) ) ;
#3153 = EDGE_CURVE ( 'NONE', #1229, #1819, #2501, .T. ) ;
#3154 = AXIS2_PLACEMENT_3D ( 'NONE', #2273, #1357, #155 ) ;
#3155 = CARTESIAN_POINT ( 'NONE',  ( 123.3942725277129995, 30.07073774999909688, -72.98502487562589636 ) ) ;
#3156 = ADVANCED_FACE ( 'NONE', ( #2882, #514 ), #2733, .F. ) ;
#3157 = EDGE_CURVE ( 'NONE', #3845, #1346, #2223, .T. ) ;
#3158 = AXIS2_PLACEMENT_3D ( 'NONE', #3604, #1532, #1558 ) ;
#3159 = DIRECTION ( 'NONE',  ( 0.000000000000000000, -1.000000000000000000, 0.000000000000000000 ) ) ;
#3160 = CLOSED_SHELL ( 'NONE', ( #949, #2876, #3195, #670, #1848, #2143, #3634, #16, #1937, #2422, #3725, #3612, #1983, #3272, #800, #2799, #1995, #3660, #157, #2541, #3467, #3768, #2496, #1623, #3045, #3484, #3445, #3685, #3177, #1273, #2681, #1868, #3381, #1317, #1249, #2165, #3156, #2567, #362, #134, #1912, #712, #2461, #94, #462, #1009, #477, #692, #3363, #2225, #215, #68, #780, #1960, #2123, #2839, #2855, #1597, #1293, #500, #880, #972, #1720, #1826, #3341, #2735, #438, #3320, #2663, #1107, #3708, #1579, #3085, #381, #3748, #1400, #3787, #755, #3067, #2816, #1159, #1640, #2268, #1894, #2522, #2583, #1068, #646, #1180, #2445, #2779, #2756, #2250, #1541, #992, #2205, #202, #3111, #2291, #3128, #518, #2035, #3399, #736, #402, #1091, #2016, #1468, #3023, #1379, #421, #1028, #116, #2992, #2478, #2183, #181, #1559, #2623, #1362 ) ) ;
#3161 = FACE_OUTER_BOUND ( 'NONE', #2554, .T. ) ;
#3162 = ORIENTED_EDGE ( 'NONE', *, *, #3224, .F. ) ;
#3163 = DIRECTION ( 'NONE',  ( 0.000000000000000000, -1.000000000000000000, 0.000000000000000000 ) ) ;
#3164 = FACE_OUTER_BOUND ( 'NONE', #941, .T. ) ;
#3165 = DIRECTION ( 'NONE',  ( 0.000000000000000000, 0.000000000000000000, -1.000000000000000000 ) ) ;
#3166 = DIRECTION ( 'NONE',  ( 0.000000000000000000, 0.000000000000000000, 1.000000000000000000 ) ) ;
#3167 = ORIENTED_EDGE ( 'NONE', *, *, #2940, .F. ) ;
#3168 = DIRECTION ( 'NONE',  ( -1.000000000000000000, 0.000000000000000000, 0.000000000000000000 ) ) ;
#3169 = ORIENTED_EDGE ( 'NONE', *, *, #1539, .T. ) ;
#3170 = AXIS2_PLACEMENT_3D ( 'NONE', #2789, #3374, #3710 ) ;
#3171 = CARTESIAN_POINT ( 'NONE',  ( 116.3942725277129995, 21.87614503933139787, -46.45044449451139457 ) ) ;
#3172 = CIRCLE ( 'NONE', #2867, 1.000000000000000888 ) ;
#3173 = CARTESIAN_POINT ( 'NONE',  ( 115.3942725277129995, 21.57562884676230297, 1.014975124374167370 ) ) ;
#3174 = CARTESIAN_POINT ( 'NONE',  ( 177.3642725277130126, -26.99926225000089630, -4.485024875625809315 ) ) ;
#3175 = VERTEX_POINT ( 'NONE', #1324 ) ;
#3176 = EDGE_CURVE ( 'NONE', #3236, #2384, #3209, .T. ) ;
#3177 = ADVANCED_FACE ( 'NONE', ( #1401 ), #3008, .T. ) ;
#3178 = EDGE_CURVE ( 'NONE', #1210, #432, #2317, .T. ) ;
#3179 = ORIENTED_EDGE ( 'NONE', *, *, #2553, .T. ) ;
#3180 = AXIS2_PLACEMENT_3D ( 'NONE', #2939, #845, #3526 ) ;
#3181 = EDGE_LOOP ( 'NONE', ( #3000, #948, #3444, #733 ) ) ;
#3182 = CARTESIAN_POINT ( 'NONE',  ( 117.1022239174592130, 20.54539029535052919, -46.57622081890155386 ) ) ;
#3183 = DIRECTION ( 'NONE',  ( -1.000000000000000000, 0.000000000000000000, 0.000000000000000000 ) ) ;
#3184 = DIRECTION ( 'NONE',  ( 0.000000000000000000, 0.000000000000000000, 1.000000000000000000 ) ) ;
#3185 = CARTESIAN_POINT ( 'NONE',  ( 116.3942725277129995, 21.87614503933139787, -46.45044449451139457 ) ) ;
#3186 = EDGE_LOOP ( 'NONE', ( #2307, #2754, #1287, #3587, #3169 ) ) ;
#3187 = ORIENTED_EDGE ( 'NONE', *, *, #2897, .F. ) ;
#3188 = FACE_OUTER_BOUND ( 'NONE', #698, .T. ) ;
#3189 = VECTOR ( 'NONE', #3280, 1000.000000000000000 ) ;
#3190 = FACE_OUTER_BOUND ( 'NONE', #31, .T. ) ;
#3191 = DIRECTION ( 'NONE',  ( 1.000000000000000000, 0.000000000000000000, 0.000000000000000000 ) ) ;
#3192 = DIRECTION ( 'NONE',  ( 1.000000000000000000, 0.000000000000000000, 0.000000000000000000 ) ) ;
#3193 = CARTESIAN_POINT ( 'NONE',  ( 121.3942725277129995, -26.42926225000089957, -4.485024875625819973 ) ) ;
#3194 = CARTESIAN_POINT ( 'NONE',  ( 116.3942725277129995, -12.92926225000090135, -14.48502487562580043 ) ) ;
#3195 = ADVANCED_FACE ( 'NONE', ( #3389, #2690, #270 ), #741, .F. ) ;
#3196 = DIRECTION ( 'NONE',  ( 0.000000000000000000, -1.000000000000000000, 0.000000000000000000 ) ) ;
#3197 = CIRCLE ( 'NONE', #1347, 7.500000000000000000 ) ;
#3198 = DIRECTION ( 'NONE',  ( -1.000000000000000000, 0.000000000000000000, 0.000000000000000000 ) ) ;
#3199 = AXIS2_PLACEMENT_3D ( 'NONE', #24, #3252, #2635 ) ;
#3200 = ORIENTED_EDGE ( 'NONE', *, *, #3611, .F. ) ;
#3201 = VERTEX_POINT ( 'NONE', #2186 ) ;
#3202 = CARTESIAN_POINT ( 'NONE',  ( 115.3942725277129995, -50.92926225000089602, 2.014975124374189797 ) ) ;
#3203 = DIRECTION ( 'NONE',  ( 1.000000000000000000, 0.000000000000000000, 0.000000000000000000 ) ) ;
#3204 = DIRECTION ( 'NONE',  ( -0.8987874693249316982, 0.003825579047227698707, -0.4383679389844088448 ) ) ;
#3205 = COLOUR_RGB ( '',1.000000000000000000, 1.000000000000000000, 1.000000000000000000 ) ;
#3206 = ORIENTED_EDGE ( 'NONE', *, *, #3366, .T. ) ;
#3207 = DIRECTION ( 'NONE',  ( 0.000000000000000000, -1.000000000000000000, 0.000000000000000000 ) ) ;
#3208 = EDGE_LOOP ( 'NONE', ( #2646, #1168, #1074, #1090 ) ) ;
#3209 = CIRCLE ( 'NONE', #3392, 1.000000000000001332 ) ;
#3210 = DIRECTION ( 'NONE',  ( 1.000000000000000000, 0.000000000000000000, 0.000000000000000000 ) ) ;
#3211 = ORIENTED_EDGE ( 'NONE', *, *, #3087, .F. ) ;
#3212 = DIRECTION ( 'NONE',  ( 0.000000000000000000, -1.000000000000000000, 0.000000000000000000 ) ) ;
#3213 = CIRCLE ( 'NONE', #1404, 2.499999999999998668 ) ;
#3214 = DIRECTION ( 'NONE',  ( 0.000000000000000000, -1.000000000000000000, 0.000000000000000000 ) ) ;
#3215 = CARTESIAN_POINT ( 'NONE',  ( 123.3942725277129995, 32.87136333337335969, -21.83107014706895299 ) ) ;
#3216 = AXIS2_PLACEMENT_3D ( 'NONE', #3303, #2434, #1517 ) ;
#3217 = ORIENTED_EDGE ( 'NONE', *, *, #3033, .F. ) ;
#3218 = DIRECTION ( 'NONE',  ( 1.000000000000000000, 0.000000000000000000, 0.000000000000000000 ) ) ;
#3219 =( BOUNDED_CURVE ( )  B_SPLINE_CURVE ( 3, ( #1126, #3215, #2599, #1138 ),
 .UNSPECIFIED., .F., .T. ) 
 B_SPLINE_CURVE_WITH_KNOTS ( ( 4, 4 ),
 ( 4.712388980384615067, 6.275341868608396823 ),
 .UNSPECIFIED. ) 
 CURVE ( )  GEOMETRIC_REPRESENTATION_ITEM ( )  RATIONAL_B_SPLINE_CURVE ( ( 1.000000000000000000, 0.8065829405176718758, 0.8065829405176718758, 1.000000000000000000 ) ) 
 REPRESENTATION_ITEM ( '' )  );
#3220 = EDGE_CURVE ( 'NONE', #638, #1804, #596, .T. ) ;
#3221 = ORIENTED_EDGE ( 'NONE', *, *, #619, .F. ) ;
#3222 = ORIENTED_EDGE ( 'NONE', *, *, #1809, .T. ) ;
#3223 = CARTESIAN_POINT ( 'NONE',  ( 123.3942725277129995, -49.92926225000089602, -14.98502487562580043 ) ) ;
#3224 = EDGE_CURVE ( 'NONE', #595, #1389, #1704, .T. ) ;
#3225 = EDGE_CURVE ( 'NONE', #2073, #3263, #2788, .T. ) ;
#3226 = ORIENTED_EDGE ( 'NONE', *, *, #1237, .T. ) ;
#3227 = EDGE_CURVE ( 'NONE', #1792, #263, #1520, .T. ) ;
#3228 = ORIENTED_EDGE ( 'NONE', *, *, #2964, .T. ) ;
#3229 = ORIENTED_EDGE ( 'NONE', *, *, #2766, .F. ) ;
#3230 = TOROIDAL_SURFACE ( 'NONE', #1051, 6.500000000000000000, 1.000000000000000000 ) ;
#3231 = FACE_OUTER_BOUND ( 'NONE', #499, .T. ) ;
#3232 = CARTESIAN_POINT ( 'NONE',  ( 116.4092338024919542, 20.55818374985015495, -45.24782652030553010 ) ) ;
#3233 = VECTOR ( 'NONE', #1573, 1000.000000000000000 ) ;
#3234 = LINE ( 'NONE', #1527, #1547 ) ;
#3235 = CARTESIAN_POINT ( 'NONE',  ( 123.3942725277129995, -42.17926225000089602, -13.53502487562580114 ) ) ;
#3236 = VERTEX_POINT ( 'NONE', #1271 ) ;
#3237 = CARTESIAN_POINT ( 'NONE',  ( 117.3942725277129853, -20.42926225000089957, -41.48502487562579688 ) ) ;
#3238 = VERTEX_POINT ( 'NONE', #1019 ) ;
#3239 = AXIS2_PLACEMENT_3D ( 'NONE', #2415, #607, #356 ) ;
#3240 = CARTESIAN_POINT ( 'NONE',  ( 122.5271906244251880, 33.07073774999884108, 1.014975124374134063 ) ) ;
#3241 = TOROIDAL_SURFACE ( 'NONE', #613, 7.000000000000000000, 1.000000000000000000 ) ;
#3242 = DIRECTION ( 'NONE',  ( 0.000000000000000000, 0.000000000000000000, -1.000000000000000000 ) ) ;
#3243 = CIRCLE ( 'NONE', #3561, 1.000000000000000000 ) ;
#3244 = ORIENTED_EDGE ( 'NONE', *, *, #1859, .F. ) ;
#3245 = EDGE_CURVE ( 'NONE', #1147, #1147, #3813, .T. ) ;
#3246 = AXIS2_PLACEMENT_3D ( 'NONE', #3501, #2903, #3207 ) ;
#3247 = DIRECTION ( 'NONE',  ( 0.000000000000000000, 0.000000000000000000, -1.000000000000000000 ) ) ;
#3248 = CARTESIAN_POINT ( 'NONE',  ( 177.8942725277130137, -25.02926225000089744, -3.485024875625820417 ) ) ;
#3249 = CARTESIAN_POINT ( 'NONE',  ( 121.3942725277129995, -20.42926225000089957, -22.98502487562580043 ) ) ;
#3250 = AXIS2_PLACEMENT_3D ( 'NONE', #3796, #2031, #1998 ) ;
#3251 = CARTESIAN_POINT ( 'NONE',  ( 123.3942725277129995, 33.06201086005389556, 0.01497258575369930095 ) ) ;
#3252 = DIRECTION ( 'NONE',  ( -1.000000000000000000, 0.000000000000000000, 0.000000000000000000 ) ) ;
#3253 = ORIENTED_EDGE ( 'NONE', *, *, #3709, .T. ) ;
#3254 = CARTESIAN_POINT ( 'NONE',  ( 157.7244631579497423, 30.11873552284825806, -4.485024875625809315 ) ) ;
#3255 = ORIENTED_EDGE ( 'NONE', *, *, #1305, .F. ) ;
#3256 = VECTOR ( 'NONE', #3466, 1000.000000000000000 ) ;
#3257 = DIRECTION ( 'NONE',  ( 0.000000000000000000, 0.000000000000000000, -1.000000000000000000 ) ) ;
#3258 = ORIENTED_EDGE ( 'NONE', *, *, #3011, .T. ) ;
#3259 = CARTESIAN_POINT ( 'NONE',  ( 120.3942725277129995, -12.92926225000090135, -22.98502487562580043 ) ) ;
#3260 = DIRECTION ( 'NONE',  ( 0.000000000000000000, -1.000000000000000000, 0.000000000000000000 ) ) ;
#3261 = CARTESIAN_POINT ( 'NONE',  ( 123.1954102817871615, 33.06735926512016732, 0.6278391026443050915 ) ) ;
#3262 = DIRECTION ( 'NONE',  ( 0.000000000000000000, -1.000000000000000000, 0.000000000000000000 ) ) ;
#3263 = VERTEX_POINT ( 'NONE', #1603 ) ;
#3264 = AXIS2_PLACEMENT_3D ( 'NONE', #2092, #3668, #78 ) ;
#3265 =( BOUNDED_CURVE ( )  B_SPLINE_CURVE ( 3, ( #2262, #2279, #1954, #1391 ),
 .UNSPECIFIED., .F., .T. ) 
 B_SPLINE_CURVE_WITH_KNOTS ( ( 4, 4 ),
 ( 2.453778788406476341, 4.016731676630132419 ),
 .UNSPECIFIED. ) 
 CURVE ( )  GEOMETRIC_REPRESENTATION_ITEM ( )  RATIONAL_B_SPLINE_CURVE ( ( 1.000000000000000000, 0.8065829405177012967, 0.8065829405177012967, 1.000000000000000000 ) ) 
 REPRESENTATION_ITEM ( '' )  );
#3266 = AXIS2_PLACEMENT_3D ( 'NONE', #3745, #3760, #1064 ) ;
#3267 = ORIENTED_EDGE ( 'NONE', *, *, #3094, .T. ) ;
#3268 = EDGE_CURVE ( 'NONE', #2333, #2236, #3574, .T. ) ;
#3269 = ORIENTED_EDGE ( 'NONE', *, *, #1352, .T. ) ;
#3270 = CARTESIAN_POINT ( 'NONE',  ( 122.3942725277129995, 41.07073774999910398, -40.98502487562579688 ) ) ;
#3271 = FACE_OUTER_BOUND ( 'NONE', #2353, .T. ) ;
#3272 = ADVANCED_FACE ( 'NONE', ( #321 ), #3091, .F. ) ;
#3273 = DIRECTION ( 'NONE',  ( 0.000000000000000000, 0.000000000000000000, -1.000000000000000000 ) ) ;
#3274 = CARTESIAN_POINT ( 'NONE',  ( 121.3942725277129995, -21.42926225000089957, -72.98502487562589636 ) ) ;
#3276 = CARTESIAN_POINT ( 'NONE',  ( 123.3942725277129995, -42.92926225000100260, -48.98502487562579688 ) ) ;
#3275 = CIRCLE ( 'NONE', #2028, 16.00000000000000000 ) ;
#3277 = CIRCLE ( 'NONE', #1820, 1.000000000000000444 ) ;
#3278 = CARTESIAN_POINT ( 'NONE',  ( 116.3942725277129995, 21.23082308384409700, -47.21435520510920014 ) ) ;
#3279 = FACE_OUTER_BOUND ( 'NONE', #3825, .T. ) ;
#3280 = DIRECTION ( 'NONE',  ( 0.000000000000000000, 1.000000000000000000, 0.000000000000000000 ) ) ;
#3281 = CARTESIAN_POINT ( 'NONE',  ( 177.8942725277130137, -31.02926225000090099, -3.485024875625820417 ) ) ;
#3282 = AXIS2_PLACEMENT_3D ( 'NONE', #2318, #3198, #1714 ) ;
#3283 = CARTESIAN_POINT ( 'NONE',  ( 124.0139553000749970, 3.070737749998859734, -21.98502487562580043 ) ) ;
#3284 = CARTESIAN_POINT ( 'NONE',  ( 156.5066455344739893, 32.55836474323719187, -5.339243305169395271 ) ) ;
#3285 = CARTESIAN_POINT ( 'NONE',  ( 116.7686596290239862, 20.29906600392042293, -45.92377875089268002 ) ) ;
#3286 = ORIENTED_EDGE ( 'NONE', *, *, #2410, .T. ) ;
#3287 = EDGE_CURVE ( 'NONE', #355, #2609, #2600, .T. ) ;
#3288 = VECTOR ( 'NONE', #1234, 1000.000000000000114 ) ;
#3289 = EDGE_CURVE ( 'NONE', #3443, #2524, #3681, .T. ) ;
#3290 = ORIENTED_EDGE ( 'NONE', *, *, #643, .T. ) ;
#3291 = EDGE_CURVE ( 'NONE', #241, #1574, #2170, .T. ) ;
#3292 = CARTESIAN_POINT ( 'NONE',  ( 182.8942725277130137, -25.02926225000089744, 2.014975124374189797 ) ) ;
#3293 = LINE ( 'NONE', #2534, #593 ) ;
#3294 = EDGE_CURVE ( 'NONE', #346, #355, #3572, .T. ) ;
#3295 = DIRECTION ( 'NONE',  ( 0.000000000000000000, -1.000000000000000000, 0.000000000000000000 ) ) ;
#3296 = ORIENTED_EDGE ( 'NONE', *, *, #3727, .T. ) ;
#3297 = VECTOR ( 'NONE', #1942, 1000.000000000000000 ) ;
#3298 = CARTESIAN_POINT ( 'NONE',  ( 159.8942725277129853, -31.02926225000100047, 1.014975124374190019 ) ) ;
#3299 = EDGE_LOOP ( 'NONE', ( #1061, #1576, #1631, #767 ) ) ;
#3300 = LINE ( 'NONE', #3804, #891 ) ;
#3301 = VERTEX_POINT ( 'NONE', #659 ) ;
#3302 = CARTESIAN_POINT ( 'NONE',  ( 115.3964230928192052, -30.39070974401710501, 0.08153078459271181910 ) ) ;
#3303 = CARTESIAN_POINT ( 'NONE',  ( 115.3942725277129995, 49.07073774999910398, 2.014975124374189797 ) ) ;
#3304 = ORIENTED_EDGE ( 'NONE', *, *, #756, .F. ) ;
#3305 = EDGE_LOOP ( 'NONE', ( #3492, #3808, #1394, #1484 ) ) ;
#3306 = CARTESIAN_POINT ( 'NONE',  ( 121.6329404597130548, -27.08559906299261044, -48.96179274700582340 ) ) ;
#3307 = CARTESIAN_POINT ( 'NONE',  ( 115.7514849180260086, -22.96862509621429993, 1.059626673163350130 ) ) ;
#3308 = CARTESIAN_POINT ( 'NONE',  ( 157.6309925442640179, -31.97726002285009628, -4.485024875625819973 ) ) ;
#3309 = DIRECTION ( 'NONE',  ( 1.000000000000000000, 0.000000000000000000, 0.000000000000000000 ) ) ;
#3310 = ORIENTED_EDGE ( 'NONE', *, *, #108, .F. ) ;
#3311 = EDGE_CURVE ( 'NONE', #2071, #1115, #1117, .T. ) ;
#3312 = VERTEX_POINT ( 'NONE', #3657 ) ;
#3313 = VERTEX_POINT ( 'NONE', #2151 ) ;
#3314 = LINE ( 'NONE', #1665, #1321 ) ;
#3315 = CIRCLE ( 'NONE', #984, 8.500000000000000000 ) ;
#3316 = AXIS2_PLACEMENT_3D ( 'NONE', #2597, #1705, #2898 ) ;
#3317 = CARTESIAN_POINT ( 'NONE',  ( 115.4010257890341791, -30.49673116251812743, 0.1309105679146838341 ) ) ;
#3318 = CYLINDRICAL_SURFACE ( 'NONE', #3002, 1.000000000000000000 ) ;
#3319 = SPHERICAL_SURFACE ( 'NONE', #3024, 1.000000000000000000 ) ;
#3320 = ADVANCED_FACE ( 'NONE', ( #1898 ), #2402, .T. ) ;
#3321 = DIRECTION ( 'NONE',  ( -1.000000000000000000, 0.000000000000000000, 0.000000000000000000 ) ) ;
#3322 = ORIENTED_EDGE ( 'NONE', *, *, #354, .T. ) ;
#3323 = ORIENTED_EDGE ( 'NONE', *, *, #1084, .T. ) ;
#3324 = FACE_OUTER_BOUND ( 'NONE', #2324, .T. ) ;
#3325 = CARTESIAN_POINT ( 'NONE',  ( 123.3942725277129995, -27.92926225000089957, -41.48502487562579688 ) ) ;
#3326 = ORIENTED_EDGE ( 'NONE', *, *, #890, .T. ) ;
#3327 = VERTEX_POINT ( 'NONE', #996 ) ;
#3328 = CARTESIAN_POINT ( 'NONE',  ( 123.0071558136206420, -34.92752667293937918, 0.8160976917161953947 ) ) ;
#3329 = DIRECTION ( 'NONE',  ( 0.000000000000000000, -1.000000000000000000, 0.000000000000000000 ) ) ;
#3330 = CARTESIAN_POINT ( 'NONE',  ( 116.3322121733990286, 20.62281257041405880, -46.00596538966181015 ) ) ;
#3331 = CARTESIAN_POINT ( 'NONE',  ( 160.7226996524589993, 29.17073774999909830, 2.014975124374189797 ) ) ;
#3332 = CARTESIAN_POINT ( 'NONE',  ( 121.4496638357719434, 24.72306384717262517, -48.88767752402870315 ) ) ;
#3333 = SURFACE_STYLE_FILL_AREA ( #222 ) ;
#3334 = EDGE_CURVE ( 'NONE', #2441, #1445, #3852, .T. ) ;
#3335 = CARTESIAN_POINT ( 'NONE',  ( 158.6993166637662398, 30.13416302362291077, -4.178971441341245985 ) ) ;
#3336 = ORIENTED_EDGE ( 'NONE', *, *, #3763, .T. ) ;
#3337 = CARTESIAN_POINT ( 'NONE',  ( 120.3942725277129995, -20.42926225000089957, -15.48502487562579866 ) ) ;
#3338 = EDGE_CURVE ( 'NONE', #3474, #734, #2783, .T. ) ;
#3339 = TOROIDAL_SURFACE ( 'NONE', #3731, 15.00000000000000000, 1.000000000000000000 ) ;
#3340 = CARTESIAN_POINT ( 'NONE',  ( 156.6353044778560104, 32.42970579985569657, -5.306806878941209504 ) ) ;
#3341 = ADVANCED_FACE ( 'NONE', ( #1515 ), #978, .T. ) ;
#3342 = EDGE_LOOP ( 'NONE', ( #2794, #2077, #632, #1747 ) ) ;
#3343 = EDGE_CURVE ( 'NONE', #3362, #1535, #2556, .T. ) ;
#3344 = ORIENTED_EDGE ( 'NONE', *, *, #3532, .F. ) ;
#3345 = AXIS2_PLACEMENT_3D ( 'NONE', #600, #3539, #1754 ) ;
#3346 = DIRECTION ( 'NONE',  ( 1.000000000000000000, 0.000000000000000000, 0.000000000000000000 ) ) ;
#3347 = EDGE_CURVE ( 'NONE', #3238, #520, #1703, .T. ) ;
#3348 = VECTOR ( 'NONE', #2471, 1000.000000000000000 ) ;
#3349 = CARTESIAN_POINT ( 'NONE',  ( 115.8088113115469895, -31.01318626389365107, 0.8306061444417363049 ) ) ;
#3350 = PRODUCT_DEFINITION ( '未知', '', #2221, #969 ) ;
#3351 = CARTESIAN_POINT ( 'NONE',  ( 122.3942725277129995, 48.07073774999909688, 2.014975124374189797 ) ) ;
#3352 = ORIENTED_EDGE ( 'NONE', *, *, #1302, .F. ) ;
#3353 = DIRECTION ( 'NONE',  ( 0.000000000000000000, 0.000000000000000000, -1.000000000000000000 ) ) ;
#3354 = CARTESIAN_POINT ( 'NONE',  ( 116.6833124530910055, -22.18672895523398836, -46.34056276822501275 ) ) ;
#3355 = CARTESIAN_POINT ( 'NONE',  ( 115.3942725277129995, -23.73466953933320056, 1.014975124374170035 ) ) ;
#3356 = ORIENTED_EDGE ( 'NONE', *, *, #708, .T. ) ;
#3357 = DIRECTION ( 'NONE',  ( 0.000000000000000000, -1.000000000000000000, 0.000000000000000000 ) ) ;
#3358 = DIRECTION ( 'NONE',  ( 0.000000000000000000, 0.000000000000000000, 1.000000000000000000 ) ) ;
#3359 = CARTESIAN_POINT ( 'NONE',  ( 123.1944798734880351, -34.92589361531874914, 0.6289678233839500754 ) ) ;
#3360 = EDGE_LOOP ( 'NONE', ( #1798, #3099, #110, #3269, #2865, #271 ) ) ;
#3361 = CARTESIAN_POINT ( 'NONE',  ( 115.3995422136821674, -30.47043254587926242, 0.1173348475001210894 ) ) ;
#3362 = VERTEX_POINT ( 'NONE', #113 ) ;
#3363 = ADVANCED_FACE ( 'NONE', ( #2595 ), #2918, .T. ) ;
#3364 = EDGE_CURVE ( 'NONE', #3573, #3562, #143, .T. ) ;
#3365 = VECTOR ( 'NONE', #2054, 1000.000000000000000 ) ;
#3366 = EDGE_CURVE ( 'NONE', #1231, #2164, #3293, .T. ) ;
#3367 = CARTESIAN_POINT ( 'NONE',  ( 158.7909224664379622, 30.12573347768347176, -4.080574297900238179 ) ) ;
#3368 = VECTOR ( 'NONE', #1827, 1000.000000000000000 ) ;
#3369 = AXIS2_PLACEMENT_3D ( 'NONE', #2329, #865, #2596 ) ;
#3370 = CIRCLE ( 'NONE', #1554, 1.000000000000000000 ) ;
#3371 = CARTESIAN_POINT ( 'NONE',  ( 96.43988056407890497, 39.26914067231439986, -48.98502487562579688 ) ) ;
#3372 = DIRECTION ( 'NONE',  ( 0.000000000000000000, 1.000000000000000000, 0.000000000000000000 ) ) ;
#3373 = CIRCLE ( 'NONE', #1796, 1.000000000000000888 ) ;
#3374 = DIRECTION ( 'NONE',  ( 0.000000000000000000, 0.7639107105977807066, -0.6453219554873316222 ) ) ;
#3375 = ORIENTED_EDGE ( 'NONE', *, *, #1145, .T. ) ;
#3376 = CARTESIAN_POINT ( 'NONE',  ( 115.3942725277129995, -27.92926225000089957, -41.48502487562579688 ) ) ;
#3377 = CARTESIAN_POINT ( 'NONE',  ( 115.5716055411947565, 29.07426852398676331, 0.5849222978710605370 ) ) ;
#3378 = CYLINDRICAL_SURFACE ( 'NONE', #422, 1.000000000000000888 ) ;
#3379 = CARTESIAN_POINT ( 'NONE',  ( 121.0668555853127089, 24.48216509838855615, -48.54862283517537946 ) ) ;
#3380 = ORIENTED_EDGE ( 'NONE', *, *, #2105, .F. ) ;
#3381 = ADVANCED_FACE ( 'NONE', ( #3164 ), #3758, .F. ) ;
#3382 = MANIFOLD_SOLID_BREP ( '输入2', #3160 ) ;
#3383 = B_SPLINE_CURVE_WITH_KNOTS ( 'NONE', 3,
 ( #774, #1660, #3148, #1370 ),
 .UNSPECIFIED., .F., .F.,
 ( 4, 4 ),
 ( 0.000000000000000000, 1.000000000000000000 ),
 .UNSPECIFIED. ) ;
#3384 = CARTESIAN_POINT ( 'NONE',  ( 122.8990498058162331, -34.92815645948104475, 0.8882640813955844372 ) ) ;
#3385 = ORIENTED_EDGE ( 'NONE', *, *, #1624, .F. ) ;
#3386 = VECTOR ( 'NONE', #3642, 1000.000000000000000 ) ;
#3387 = AXIS2_PLACEMENT_3D ( 'NONE', #668, #977, #1853 ) ;
#3388 = VERTEX_POINT ( 'NONE', #1386 ) ;
#3389 = FACE_OUTER_BOUND ( 'NONE', #1781, .T. ) ;
#3390 = CARTESIAN_POINT ( 'NONE',  ( 158.8109870615544708, 30.12382487670490860, -4.057475367216815343 ) ) ;
#3391 = DIRECTION ( 'NONE',  ( 0.000000000000000000, -1.000000000000000000, 0.000000000000000000 ) ) ;
#3392 = AXIS2_PLACEMENT_3D ( 'NONE', #3401, #715, #1015 ) ;
#3393 = DIRECTION ( 'NONE',  ( 0.000000000000000000, 1.000000000000000000, 0.000000000000000000 ) ) ;
#3394 = EDGE_LOOP ( 'NONE', ( #3344 ) ) ;
#3395 = LINE ( 'NONE', #937, #45 ) ;
#3396 = DIRECTION ( 'NONE',  ( 0.000000000000000000, 0.000000000000000000, 1.000000000000000000 ) ) ;
#3397 = ORIENTED_EDGE ( 'NONE', *, *, #1215, .F. ) ;
#3398 = DIRECTION ( 'NONE',  ( 0.4383711467890744617, 0.000000000000000000, -0.8987940462991684809 ) ) ;
#3399 = ADVANCED_FACE ( 'NONE', ( #195 ), #39, .T. ) ;
#3400 = CARTESIAN_POINT ( 'NONE',  ( 115.4430851667037246, 28.89332620908345817, 0.3236285168250240263 ) ) ;
#3401 = CARTESIAN_POINT ( 'NONE',  ( 155.9281976966690308, -33.58112351867099932, -5.306806878941199734 ) ) ;
#3402 = DIRECTION ( 'NONE',  ( 0.000000000000000000, 1.000000000000000000, 0.000000000000000000 ) ) ;
#3403 = CARTESIAN_POINT ( 'NONE',  ( 122.3942725277129995, 49.07073774999910398, -40.98502487562579688 ) ) ;
#3404 = CARTESIAN_POINT ( 'NONE',  ( 120.3942725277129995, 11.07073774999899918, -15.48502487562579866 ) ) ;
#3405 = CARTESIAN_POINT ( 'NONE',  ( 122.9800589653399214, -32.00223631510689870, -48.98502487562577556 ) ) ;
#3406 = ORIENTED_EDGE ( 'NONE', *, *, #2082, .F. ) ;
#3407 = EDGE_LOOP ( 'NONE', ( #3356 ) ) ;
#3408 = AXIS2_PLACEMENT_3D ( 'NONE', #1785, #1458, #3834 ) ;
#3409 = B_SPLINE_CURVE_WITH_KNOTS ( 'NONE', 3,
 ( #341, #1233, #922, #2991, #1824, #2114, #2128 ),
 .UNSPECIFIED., .F., .F.,
 ( 4, 3, 4 ),
 ( 0.000000000000000000, 0.01459618738609250004, 1.000000000000000000 ),
 .UNSPECIFIED. ) ;
#3410 = DIRECTION ( 'NONE',  ( -0.6684690492821179220, -0.6684690492821119268, -0.3260341397825249343 ) ) ;
#3411 = SPHERICAL_SURFACE ( 'NONE', #42, 1.000000000000000000 ) ;
#3412 = VECTOR ( 'NONE', #3656, 1000.000000000000000 ) ;
#3413 = CARTESIAN_POINT ( 'NONE',  ( 115.4042798171808215, 28.68305157309685072, 0.1561657967633952870 ) ) ;
#3414 = EDGE_CURVE ( 'NONE', #828, #3474, #1749, .T. ) ;
#3415 = FACE_OUTER_BOUND ( 'NONE', #1557, .T. ) ;
#3416 = CIRCLE ( 'NONE', #2443, 7.500000000000000000 ) ;
#3417 = CARTESIAN_POINT ( 'NONE',  ( 157.9641433283708238, -31.98770958433211931, -4.485024875625824414 ) ) ;
#3418 = EDGE_CURVE ( 'NONE', #1530, #1082, #1816, .T. ) ;
#3419 = DIRECTION ( 'NONE',  ( 0.000000000000000000, -1.000000000000000000, 0.000000000000000000 ) ) ;
#3420 = DIRECTION ( 'NONE',  ( 0.000000000000000000, 0.000000000000000000, -1.000000000000000000 ) ) ;
#3421 = ORIENTED_EDGE ( 'NONE', *, *, #2512, .F. ) ;
#3422 = DIRECTION ( 'NONE',  ( 0.000000000000000000, 0.000000000000000000, -1.000000000000000000 ) ) ;
#3423 = VERTEX_POINT ( 'NONE', #3150 ) ;
#3424 = DIRECTION ( 'NONE',  ( 1.000000000000000000, 0.000000000000000000, 0.000000000000000000 ) ) ;
#3425 = EDGE_CURVE ( 'NONE', #1574, #2845, #636, .T. ) ;
#3426 = DIRECTION ( 'NONE',  ( 0.000000000000000000, 0.000000000000000000, 1.000000000000000000 ) ) ;
#3427 = EDGE_CURVE ( 'NONE', #569, #3598, #1476, .T. ) ;
#3428 = CYLINDRICAL_SURFACE ( 'NONE', #3602, 1.000000000000000000 ) ;
#3429 = DIRECTION ( 'NONE',  ( 1.000000000000000000, 0.000000000000000000, 0.000000000000000000 ) ) ;
#3430 = CYLINDRICAL_SURFACE ( 'NONE', #2207, 0.9999999999999986677 ) ;
#3431 = EDGE_LOOP ( 'NONE', ( #1239, #606, #2985, #3397 ) ) ;
#3432 = EDGE_LOOP ( 'NONE', ( #96, #3027, #2912 ) ) ;
#3433 = CARTESIAN_POINT ( 'NONE',  ( 120.8754042253519998, 24.48667516565422630, -48.69185810189084407 ) ) ;
#3434 = DIRECTION ( 'NONE',  ( 0.8987874693249331415, 0.003825579047224450871, 0.4383679389844061247 ) ) ;
#3435 = DIRECTION ( 'NONE',  ( 0.3370925942239760831, -0.9270046341159681180, 0.1644110435672429815 ) ) ;
#3436 = DIRECTION ( 'NONE',  ( 0.000000000000000000, 0.000000000000000000, -1.000000000000000000 ) ) ;
#3437 = AXIS2_PLACEMENT_3D ( 'NONE', #2401, #2701, #932 ) ;
#3438 = VECTOR ( 'NONE', #2080, 1000.000000000000114 ) ;
#3439 = CARTESIAN_POINT ( 'NONE',  ( 155.6623831871569905, -33.87105753566320487, -6.549055218219059782 ) ) ;
#3440 = EDGE_LOOP ( 'NONE', ( #994, #1259, #658, #2698 ) ) ;
#3441 = CARTESIAN_POINT ( 'NONE',  ( 155.6623831871569905, -33.87105753566320487, -6.549055218219280050 ) ) ;
#3442 = CIRCLE ( 'NONE', #3119, 6.999999999999999112 ) ;
#3443 = VERTEX_POINT ( 'NONE', #3404 ) ;
#3444 = ORIENTED_EDGE ( 'NONE', *, *, #1891, .F. ) ;
#3445 = ADVANCED_FACE ( 'NONE', ( #2272 ), #730, .T. ) ;
#3446 = EDGE_CURVE ( 'NONE', #2335, #1464, #690, .T. ) ;
#3447 = TOROIDAL_SURFACE ( 'NONE', #3471, 8.500000000000000000, 1.000000000000000000 ) ;
#3448 = AXIS2_PLACEMENT_3D ( 'NONE', #2040, #883, #3247 ) ;
#3449 = CARTESIAN_POINT ( 'NONE',  ( 123.3942725277129995, 26.07073774999909688, -41.48502487562579688 ) ) ;
#3450 = ORIENTED_EDGE ( 'NONE', *, *, #28, .F. ) ;
#3451 = CARTESIAN_POINT ( 'NONE',  ( 116.3942725277129995, -49.92926225000089602, 2.014975124374189797 ) ) ;
#3452 = SURFACE_STYLE_USAGE ( .BOTH. , #746 ) ;
#3453 = AXIS2_PLACEMENT_3D ( 'NONE', #1485, #1161, #892 ) ;
#3454 = CARTESIAN_POINT ( 'NONE',  ( 121.3918294805900047, 24.56401937041070127, -47.87977526261850159 ) ) ;
#3455 = DIRECTION ( 'NONE',  ( 0.000000000000000000, 0.000000000000000000, 1.000000000000000000 ) ) ;
#3456 = PLANE ( 'NONE',  #2906 ) ;
#3457 = VERTEX_POINT ( 'NONE', #2230 ) ;
#3458 = CARTESIAN_POINT ( 'NONE',  ( 156.3016548353969881, -34.62187994231680221, -5.390923829721749883 ) ) ;
#3459 = ORIENTED_EDGE ( 'NONE', *, *, #429, .F. ) ;
#3460 = EDGE_LOOP ( 'NONE', ( #2032, #3783, #2283, #2081, #2158, #3290 ) ) ;
#3461 = DIRECTION ( 'NONE',  ( 0.000000000000000000, 0.000000000000000000, -1.000000000000000000 ) ) ;
#3462 = ORIENTED_EDGE ( 'NONE', *, *, #348, .T. ) ;
#3463 = LINE ( 'NONE', #3141, #666 ) ;
#3464 = LINE ( 'NONE', #1174, #3365 ) ;
#3465 = DIRECTION ( 'NONE',  ( 0.000000000000000000, 1.000000000000000000, 0.000000000000000000 ) ) ;
#3466 = DIRECTION ( 'NONE',  ( 8.068481283613059492E-17, 1.000000000000000000, 0.000000000000000000 ) ) ;
#3467 = ADVANCED_FACE ( 'NONE', ( #1669 ), #156, .T. ) ;
#3468 = CIRCLE ( 'NONE', #2357, 6.999999999999999112 ) ;
#3469 = DIRECTION ( 'NONE',  ( -1.000000000000000000, 0.000000000000000000, 0.000000000000000000 ) ) ;
#3470 =( NAMED_UNIT ( * ) SI_UNIT ( $, .STERADIAN. ) SOLID_ANGLE_UNIT ( ) );
#3471 = AXIS2_PLACEMENT_3D ( 'NONE', #2564, #1390, #2826 ) ;
#3472 = LINE ( 'NONE', #3298, #2059 ) ;
#3473 = CARTESIAN_POINT ( 'NONE',  ( 122.3942725277129995, 48.07073774999909688, -14.98502487562580043 ) ) ;
#3474 = VERTEX_POINT ( 'NONE', #3193 ) ;
#3475 = EDGE_CURVE ( 'NONE', #1229, #1896, #2313, .T. ) ;
#3476 = DIRECTION ( 'NONE',  ( 0.000000000000000000, 0.000000000000000000, -1.000000000000000000 ) ) ;
#3477 = VECTOR ( 'NONE', #3088, 1000.000000000000000 ) ;
#3478 = DIRECTION ( 'NONE',  ( 0.000000000000000000, -1.000000000000000000, 0.000000000000000000 ) ) ;
#3479 = EDGE_LOOP ( 'NONE', ( #2457, #1021, #3, #3450 ) ) ;
#3480 = DIRECTION ( 'NONE',  ( 1.000000000000000000, 0.000000000000000000, 0.000000000000000000 ) ) ;
#3481 = CARTESIAN_POINT ( 'NONE',  ( 121.3942725277129995, -26.42926225000089957, -72.98502487562589636 ) ) ;
#3482 = ORIENTED_EDGE ( 'NONE', *, *, #192, .T. ) ;
#3483 = CYLINDRICAL_SURFACE ( 'NONE', #3199, 16.00000000000000000 ) ;
#3484 = ADVANCED_FACE ( 'NONE', ( #3724 ), #1717, .F. ) ;
#3485 = ORIENTED_EDGE ( 'NONE', *, *, #3176, .T. ) ;
#3486 = DIRECTION ( 'NONE',  ( 0.7071067811865475727, 0.7071067811865475727, 0.000000000000000000 ) ) ;
#3487 = VECTOR ( 'NONE', #3214, 1000.000000000000000 ) ;
#3488 = ORIENTED_EDGE ( 'NONE', *, *, #298, .T. ) ;
#3489 = CARTESIAN_POINT ( 'NONE',  ( 156.5801351221109883, 32.48487515560059791, 1.014975124374190019 ) ) ;
#3490 = VECTOR ( 'NONE', #1871, 1000.000000000000000 ) ;
#3491 = DIRECTION ( 'NONE',  ( 1.000000000000000000, 0.000000000000000000, 0.000000000000000000 ) ) ;
#3492 = ORIENTED_EDGE ( 'NONE', *, *, #884, .T. ) ;
#3493 = EDGE_CURVE ( 'NONE', #247, #945, #2880, .T. ) ;
#3494 = EDGE_CURVE ( 'NONE', #2161, #408, #2454, .T. ) ;
#3495 = ORIENTED_EDGE ( 'NONE', *, *, #52, .T. ) ;
#3496 = CARTESIAN_POINT ( 'NONE',  ( 116.3942725277129995, 21.23082308384409700, -47.21435520510920014 ) ) ;
#3497 = EDGE_CURVE ( 'NONE', #585, #2825, #2075, .T. ) ;
#3498 = CARTESIAN_POINT ( 'NONE',  ( 123.3942725277129995, 48.07073774999909688, -14.98502487562580043 ) ) ;
#3499 = EDGE_CURVE ( 'NONE', #1940, #1940, #93, .T. ) ;
#3500 = CARTESIAN_POINT ( 'NONE',  ( 120.3942725277129995, 19.57073774999910043, -41.48502487562579688 ) ) ;
#3501 = CARTESIAN_POINT ( 'NONE',  ( 130.2242725277129978, 22.64073774999900124, -28.48502487562580043 ) ) ;
#3502 = CARTESIAN_POINT ( 'NONE',  ( 123.3942725277129995, 40.32073774999909688, -11.03502487562579937 ) ) ;
#3503 = DIRECTION ( 'NONE',  ( 0.000000000000000000, 0.000000000000000000, -1.000000000000000000 ) ) ;
#3504 = EDGE_LOOP ( 'NONE', ( #1083, #3495, #1524, #1740, #2999, #1683 ) ) ;
#3505 = UNCERTAINTY_MEASURE_WITH_UNIT (LENGTH_MEASURE( 1.000000000000000082E-05 ), #523, 'distance_accuracy_value', 'NONE');
#3506 = EDGE_LOOP ( 'NONE', ( #2182, #1935, #1563, #3789 ) ) ;
#3507 = DIRECTION ( 'NONE',  ( 0.000000000000000000, 0.000000000000000000, -1.000000000000000000 ) ) ;
#3508 = LINE ( 'NONE', #1170, #3189 ) ;
#3509 = TOROIDAL_SURFACE ( 'NONE', #2135, 8.500000000000000000, 1.000000000000000000 ) ;
#3510 = DIRECTION ( 'NONE',  ( 0.000000000000000000, 0.000000000000000000, 1.000000000000000000 ) ) ;
#3511 = DIRECTION ( 'NONE',  ( 0.000000000000000000, 0.000000000000000000, 1.000000000000000000 ) ) ;
#3512 = EDGE_LOOP ( 'NONE', ( #1677 ) ) ;
#3513 = FACE_OUTER_BOUND ( 'NONE', #179, .T. ) ;
#3514 = EDGE_CURVE ( 'NONE', #2326, #1445, #1396, .T. ) ;
#3515 = CIRCLE ( 'NONE', #3638, 1.000000000000000888 ) ;
#3516 = CARTESIAN_POINT ( 'NONE',  ( 116.4543481224600043, 20.52032834060360145, -45.90331682725610563 ) ) ;
#3517 = ORIENTED_EDGE ( 'NONE', *, *, #2819, .F. ) ;
#3518 = EDGE_LOOP ( 'NONE', ( #789, #1959, #693, #897 ) ) ;
#3519 = DIRECTION ( 'NONE',  ( 0.000000000000000000, -1.000000000000000000, 0.000000000000000000 ) ) ;
#3520 = CARTESIAN_POINT ( 'NONE',  ( 177.8942725277130137, 29.17073774999909830, 1.014975124374190019 ) ) ;
#3521 = CARTESIAN_POINT ( 'NONE',  ( 117.3942725277129853, 26.07073774999909688, -41.48502487562579688 ) ) ;
#3522 = CARTESIAN_POINT ( 'NONE',  ( 116.4156457773972306, 20.55280346407204206, -45.29657349495379748 ) ) ;
#3523 = VERTEX_POINT ( 'NONE', #2171 ) ;
#3524 = DIRECTION ( 'NONE',  ( 0.000000000000000000, 0.000000000000000000, 1.000000000000000000 ) ) ;
#3525 = ORIENTED_EDGE ( 'NONE', *, *, #1092, .T. ) ;
#3526 = DIRECTION ( 'NONE',  ( 0.000000000000000000, 0.000000000000000000, 1.000000000000000000 ) ) ;
#3527 = FACE_OUTER_BOUND ( 'NONE', #1054, .T. ) ;
#3528 = DIRECTION ( 'NONE',  ( 0.000000000000000000, -1.000000000000000000, 0.000000000000000000 ) ) ;
#3529 = LINE ( 'NONE', #807, #3256 ) ;
#3530 = CARTESIAN_POINT ( 'NONE',  ( 177.3642725277130126, 22.64073774999909716, 2.014975124374189797 ) ) ;
#3531 = VERTEX_POINT ( 'NONE', #837 ) ;
#3532 = EDGE_CURVE ( 'NONE', #1746, #1746, #3676, .T. ) ;
#3533 = EDGE_LOOP ( 'NONE', ( #2303, #250, #1065, #3020 ) ) ;
#3534 = ORIENTED_EDGE ( 'NONE', *, *, #3427, .F. ) ;
#3535 = EDGE_CURVE ( 'NONE', #1896, #3423, #3778, .T. ) ;
#3536 = CARTESIAN_POINT ( 'NONE',  ( 158.9519399921630054, 30.11307028554909948, -3.833234724604039911 ) ) ;
#3537 = EDGE_CURVE ( 'NONE', #2316, #60, #413, .T. ) ;
#3538 = AXIS2_PLACEMENT_3D ( 'NONE', #2385, #1777, #2958 ) ;
#3539 = DIRECTION ( 'NONE',  ( -1.000000000000000000, 0.000000000000000000, 0.000000000000000000 ) ) ;
#3540 = ORIENTED_EDGE ( 'NONE', *, *, #3494, .T. ) ;
#3541 = EDGE_CURVE ( 'NONE', #3831, #2661, #509, .T. ) ;
#3542 = CARTESIAN_POINT ( 'NONE',  ( 156.3312837684142949, 32.69931491129891299, -5.384997369626036701 ) ) ;
#3543 = CARTESIAN_POINT ( 'NONE',  ( 116.6310041460538969, 20.37209633636119221, -45.80275322757443490 ) ) ;
#3544 = ORIENTED_EDGE ( 'NONE', *, *, #2745, .T. ) ;
#3545 = EDGE_LOOP ( 'NONE', ( #1699 ) ) ;
#3546 = LINE ( 'NONE', #2509, #2252 ) ;
#3547 = FACE_OUTER_BOUND ( 'NONE', #3432, .T. ) ;
#3548 = VECTOR ( 'NONE', #95, 1000.000000000000000 ) ;
#3549 = FACE_OUTER_BOUND ( 'NONE', #1208, .T. ) ;
#3550 = CARTESIAN_POINT ( 'NONE',  ( 115.3942725277129995, 28.17073774999909830, 1.014975124374190019 ) ) ;
#3551 = CARTESIAN_POINT ( 'NONE',  ( 116.3942725277129995, 41.07073774999910398, -40.98502487562579688 ) ) ;
#3552 = CARTESIAN_POINT ( 'NONE',  ( 167.1256329847289805, 20.13940359860329821, 7.481395181501370395 ) ) ;
#3553 = CARTESIAN_POINT ( 'NONE',  ( 177.8942725277130137, -25.02926225000089744, -4.485024875625819973 ) ) ;
#3554 = CIRCLE ( 'NONE', #1260, 1.000000000000000888 ) ;
#3555 = CARTESIAN_POINT ( 'NONE',  ( 121.6732881697533060, 25.33803076561193279, -47.98502487562580399 ) ) ;
#3556 = DIRECTION ( 'NONE',  ( 0.000000000000000000, -1.000000000000000000, 0.000000000000000000 ) ) ;
#3557 = ORIENTED_EDGE ( 'NONE', *, *, #3116, .F. ) ;
#3558 = FACE_OUTER_BOUND ( 'NONE', #1187, .T. ) ;
#3559 = EDGE_CURVE ( 'NONE', #976, #945, #1892, .T. ) ;
#3560 = EDGE_LOOP ( 'NONE', ( #463, #2132, #583, #3211 ) ) ;
#3561 = AXIS2_PLACEMENT_3D ( 'NONE', #2185, #714, #855 ) ;
#3562 = VERTEX_POINT ( 'NONE', #3520 ) ;
#3563 = CARTESIAN_POINT ( 'NONE',  ( 120.6796839957604419, -26.36179625729992182, -48.77708736772411413 ) ) ;
#3564 = CARTESIAN_POINT ( 'NONE',  ( 158.9519399921630054, -31.97159478555090217, -3.833234724604080323 ) ) ;
#3565 = CARTESIAN_POINT ( 'NONE',  ( 116.3942725277129995, 26.07073774999909688, -41.48502487562579688 ) ) ;
#3566 = VERTEX_POINT ( 'NONE', #3174 ) ;
#3567 = CARTESIAN_POINT ( 'NONE',  ( 155.8613101201291329, 32.92715019853825709, -5.502679969956830952 ) ) ;
#3568 = B_SPLINE_CURVE_WITH_KNOTS ( 'NONE', 3,
 ( #291, #2372, #23, #589, #2670, #2346 ),
 .UNSPECIFIED., .F., .F.,
 ( 4, 2, 4 ),
 ( 0.000000000000000000, 0.5000000000000000000, 1.000000000000000000 ),
 .UNSPECIFIED. ) ;
#3569 = CARTESIAN_POINT ( 'NONE',  ( 122.3942725277129995, -49.92926225000089602, 2.014975124374189797 ) ) ;
#3570 = ORIENTED_EDGE ( 'NONE', *, *, #619, .T. ) ;
#3571 = CARTESIAN_POINT ( 'NONE',  ( 123.3942725277129995, -30.02926225000090099, 2.014975124374189797 ) ) ;
#3572 = CIRCLE ( 'NONE', #530, 1.000000000000004663 ) ;
#3573 = VERTEX_POINT ( 'NONE', #219 ) ;
#3574 = LINE ( 'NONE', #1254, #2922 ) ;
#3575 = DIRECTION ( 'NONE',  ( 0.000000000000000000, 1.000000000000000000, 0.000000000000000000 ) ) ;
#3576 = ORIENTED_EDGE ( 'NONE', *, *, #907, .F. ) ;
#3577 = CARTESIAN_POINT ( 'NONE',  ( 116.3942725277129995, 49.07073774999910398, -47.98502487562579688 ) ) ;
#3578 = DIRECTION ( 'NONE',  ( -0.4383711467890770708, -1.679527478707481540E-15, 0.8987940462991672597 ) ) ;
#3579 = EDGE_LOOP ( 'NONE', ( #1627, #2970, #1510, #3576 ) ) ;
#3580 = DIRECTION ( 'NONE',  ( 1.000000000000000000, 0.000000000000000000, 0.000000000000000000 ) ) ;
#3581 = CARTESIAN_POINT ( 'NONE',  ( 158.0220755490656757, 30.67028037410065622, -5.398156354326363981 ) ) ;
#3582 = ORIENTED_EDGE ( 'NONE', *, *, #231, .F. ) ;
#3583 = CARTESIAN_POINT ( 'NONE',  ( 115.3942725277129995, 49.07073774999910398, -47.98502487562579688 ) ) ;
#3584 = AXIS2_PLACEMENT_3D ( 'NONE', #2190, #1575, #3757 ) ;
#3585 = AXIS2_PLACEMENT_3D ( 'NONE', #1032, #1614, #3697 ) ;
#3586 = CARTESIAN_POINT ( 'NONE',  ( 156.7813272340530091, -34.14220754366100152, -22.03935739966109963 ) ) ;
#3587 = ORIENTED_EDGE ( 'NONE', *, *, #3178, .F. ) ;
#3588 = DIRECTION ( 'NONE',  ( -1.000000000000000000, 0.000000000000000000, 0.000000000000000000 ) ) ;
#3589 = VERTEX_POINT ( 'NONE', #1685 ) ;
#3590 = CARTESIAN_POINT ( 'NONE',  ( 116.3942725277129995, 26.07073774999909688, -48.98502487562579688 ) ) ;
#3591 = PLANE ( 'NONE',  #141 ) ;
#3593 = DIRECTION ( 'NONE',  ( -0.7071067811865480168, -0.7071067811865470176, 0.000000000000000000 ) ) ;
#3592 = CIRCLE ( 'NONE', #2837, 1.999999999999998224 ) ;
#3594 = CARTESIAN_POINT ( 'NONE',  ( 117.0405033570691273, 20.23472066059903085, -46.09731295728676770 ) ) ;
#3595 = VECTOR ( 'NONE', #2176, 1000.000000000000000 ) ;
#3596 = CYLINDRICAL_SURFACE ( 'NONE', #2732, 1.000000000000000888 ) ;
#3597 = DIRECTION ( 'NONE',  ( 0.000000000000000000, -1.000000000000000000, 0.000000000000000000 ) ) ;
#3598 = VERTEX_POINT ( 'NONE', #2374 ) ;
#3599 = ORIENTED_EDGE ( 'NONE', *, *, #1272, .T. ) ;
#3600 = DIRECTION ( 'NONE',  ( -1.399658389816310109E-32, 0.000000000000000000, 1.000000000000000000 ) ) ;
#3601 = TOROIDAL_SURFACE ( 'NONE', #3282, 6.500000000000000000, 1.000000000000000000 ) ;
#3602 = AXIS2_PLACEMENT_3D ( 'NONE', #2394, #3528, #3854 ) ;
#3603 = ORIENTED_EDGE ( 'NONE', *, *, #1741, .F. ) ;
#3604 = CARTESIAN_POINT ( 'NONE',  ( 137.6442725277129853, 33.07073774999889793, 1.014975124374190019 ) ) ;
#3605 = CARTESIAN_POINT ( 'NONE',  ( 116.3942725277129995, 48.07073774999909688, 2.014975124374189797 ) ) ;
#3606 = LINE ( 'NONE', #1033, #1282 ) ;
#3607 = CARTESIAN_POINT ( 'NONE',  ( 121.2697261707690330, 24.22823526840472752, -48.76189977213776672 ) ) ;
#3608 = VERTEX_POINT ( 'NONE', #1430 ) ;
#3609 = ORIENTED_EDGE ( 'NONE', *, *, #2038, .T. ) ;
#3610 = EDGE_CURVE ( 'NONE', #1996, #585, #316, .T. ) ;
#3611 = EDGE_CURVE ( 'NONE', #1346, #53, #2450, .T. ) ;
#3612 = ADVANCED_FACE ( 'NONE', ( #881 ), #280, .F. ) ;
#3613 = EDGE_CURVE ( 'NONE', #1464, #3598, #1768, .T. ) ;
#3614 = CARTESIAN_POINT ( 'NONE',  ( 116.3942725277129995, 73.07073774999909688, 1.139975124374180027 ) ) ;
#3615 = LINE ( 'NONE', #1767, #2358 ) ;
#3616 = EDGE_CURVE ( 'NONE', #319, #408, #3678, .T. ) ;
#3617 =( BOUNDED_CURVE ( )  B_SPLINE_CURVE ( 3, ( #2734, #3667, #685, #389 ),
 .UNSPECIFIED., .F., .T. ) 
 B_SPLINE_CURVE_WITH_KNOTS ( ( 4, 4 ),
 ( 4.730605652817686746, 5.516041892426649440 ),
 .UNSPECIFIED. ) 
 CURVE ( )  GEOMETRIC_REPRESENTATION_ITEM ( )  RATIONAL_B_SPLINE_CURVE ( ( 1.000000000000000000, 0.9492481645174670746, 0.9492481645174670746, 1.000000000000000000 ) ) 
 REPRESENTATION_ITEM ( '' )  );
#3618 = CARTESIAN_POINT ( 'NONE',  ( 115.3943213628402447, -30.15529168093903678, 0.02195638013450829096 ) ) ;
#3619 = DIRECTION ( 'NONE',  ( 0.000000000000000000, 0.000000000000000000, 1.000000000000000000 ) ) ;
#3620 = EDGE_LOOP ( 'NONE', ( #1860 ) ) ;
#3621 = DIRECTION ( 'NONE',  ( -8.068481283613059492E-17, -1.000000000000000000, 0.000000000000000000 ) ) ;
#3622 = FACE_OUTER_BOUND ( 'NONE', #29, .T. ) ;
#3623 = CARTESIAN_POINT ( 'NONE',  ( 123.3942725277129995, 28.17073774999909830, 2.014975124374189797 ) ) ;
#3624 = CARTESIAN_POINT ( 'NONE',  ( 121.8154568684080630, 25.72899468691243285, -48.98502487562580399 ) ) ;
#3625 = ORIENTED_EDGE ( 'NONE', *, *, #1621, .T. ) ;
#3626 = ORIENTED_EDGE ( 'NONE', *, *, #553, .F. ) ;
#3627 = CYLINDRICAL_SURFACE ( 'NONE', #1670, 2.000000000000005773 ) ;
#3628 = ORIENTED_EDGE ( 'NONE', *, *, #3701, .F. ) ;
#3629 = AXIS2_PLACEMENT_3D ( 'NONE', #2379, #2678, #623 ) ;
#3630 = CARTESIAN_POINT ( 'NONE',  ( 120.9973501779317075, -26.34054209862735974, -48.60812230097966591 ) ) ;
#3631 = CARTESIAN_POINT ( 'NONE',  ( 115.3954016552935400, -30.34449297995940498, 0.06442598509180716415 ) ) ;
#3632 = ORIENTED_EDGE ( 'NONE', *, *, #2086, .F. ) ;
#3633 = DIRECTION ( 'NONE',  ( 0.000000000000000000, 0.000000000000000000, 1.000000000000000000 ) ) ;
#3634 = ADVANCED_FACE ( 'NONE', ( #1664 ), #1150, .F. ) ;
#3635 = CARTESIAN_POINT ( 'NONE',  ( 116.5907126930059974, -22.26442937975479808, -45.75724583740269935 ) ) ;
#3636 = DIRECTION ( 'NONE',  ( 1.000000000000000000, 0.000000000000000000, 0.000000000000000000 ) ) ;
#3637 = ORIENTED_EDGE ( 'NONE', *, *, #2220, .F. ) ;
#3638 = AXIS2_PLACEMENT_3D ( 'NONE', #1659, #137, #3715 ) ;
#3639 = CARTESIAN_POINT ( 'NONE',  ( 158.9317383985646188, 30.11325325274607678, -3.879672298842979927 ) ) ;
#3640 = AXIS2_PLACEMENT_3D ( 'NONE', #2013, #1748, #2049 ) ;
#3641 = ORIENTED_EDGE ( 'NONE', *, *, #2610, .F. ) ;
#3642 = DIRECTION ( 'NONE',  ( 0.000000000000000000, -1.000000000000000000, 0.000000000000000000 ) ) ;
#3643 = CARTESIAN_POINT ( 'NONE',  ( 116.3942725277129995, -23.73466953933320056, -46.45044449451139457 ) ) ;
#3644 = ORIENTED_EDGE ( 'NONE', *, *, #3220, .T. ) ;
#3645 = VECTOR ( 'NONE', #1197, 1000.000000000000114 ) ;
#3646 = FACE_OUTER_BOUND ( 'NONE', #159, .T. ) ;
#3647 = CARTESIAN_POINT ( 'NONE',  ( 123.3687526650411002, -34.92281081090970218, 0.2757134275399896195 ) ) ;
#3648 = CARTESIAN_POINT ( 'NONE',  ( 116.2154832929842883, -31.02926225000089744, 1.014886426519738594 ) ) ;
#3649 = FACE_OUTER_BOUND ( 'NONE', #3407, .T. ) ;
#3650 = LINE ( 'NONE', #3614, #1773 ) ;
#3651 = DIRECTION ( 'NONE',  ( 0.000000000000000000, 0.000000000000000000, -1.000000000000000000 ) ) ;
#3652 = DIRECTION ( 'NONE',  ( 0.000000000000000000, 0.000000000000000000, -1.000000000000000000 ) ) ;
#3653 = CARTESIAN_POINT ( 'NONE',  ( 116.0519290109299675, -22.71652256866885722, -46.23747811794154217 ) ) ;
#3654 = CARTESIAN_POINT ( 'NONE',  ( 116.1173073297190115, -22.66166364548629986, -46.19113544058839693 ) ) ;
#3655 = CIRCLE ( 'NONE', #2811, 5.000000000000000888 ) ;
#3656 = DIRECTION ( 'NONE',  ( 0.000000000000000000, 1.000000000000000000, 0.000000000000000000 ) ) ;
#3657 = CARTESIAN_POINT ( 'NONE',  ( 115.3942725277129995, -34.92926225000089602, 0.01497512437418529845 ) ) ;
#3658 = VERTEX_POINT ( 'NONE', #877 ) ;
#3659 = DIRECTION ( 'NONE',  ( 0.000000000000000000, 0.000000000000000000, -1.000000000000000000 ) ) ;
#3660 = ADVANCED_FACE ( 'NONE', ( #2119 ), #2649, .T. ) ;
#3661 = LINE ( 'NONE', #2858, #2675 ) ;
#3662 = ORIENTED_EDGE ( 'NONE', *, *, #2300, .F. ) ;
#3663 = CARTESIAN_POINT ( 'NONE',  ( 121.2232091013900970, -26.35085875497202679, -48.36652842470439140 ) ) ;
#3664 = CARTESIAN_POINT ( 'NONE',  ( 116.3942725277129995, 49.07073774999910398, -14.98502487562580043 ) ) ;
#3665 = DIRECTION ( 'NONE',  ( 1.000000000000000000, -8.068481283613059492E-17, 0.000000000000000000 ) ) ;
#3666 = EDGE_LOOP ( 'NONE', ( #1498, #1911, #3847, #2593, #1969, #3609, #2169, #512, #2558, #1605 ) ) ;
#3667 = CARTESIAN_POINT ( 'NONE',  ( 155.9300290490801331, 32.01367223757112157, -6.418515609164572311 ) ) ;
#3668 = DIRECTION ( 'NONE',  ( 0.000000000000000000, 0.000000000000000000, 1.000000000000000000 ) ) ;
#3669 = PLANE ( 'NONE',  #1326 ) ;
#3670 = AXIS2_PLACEMENT_3D ( 'NONE', #2115, #2155, #1548 ) ;
#3671 = CIRCLE ( 'NONE', #2831, 2.499999999999998668 ) ;
#3672 = CARTESIAN_POINT ( 'NONE',  ( 120.8756634449199936, 26.07073774999909688, -48.98502487562579688 ) ) ;
#3673 = ORIENTED_EDGE ( 'NONE', *, *, #89, .T. ) ;
#3674 = DIRECTION ( 'NONE',  ( -0.4383711467890744617, 0.000000000000000000, 0.8987940462991684809 ) ) ;
#3675 = EDGE_CURVE ( 'NONE', #1409, #2651, #1114, .T. ) ;
#3676 = CIRCLE ( 'NONE', #3123, 2.500000000000000444 ) ;
#3677 = CARTESIAN_POINT ( 'NONE',  ( 177.8942725277130137, 29.17073774999909830, 2.014975124374189797 ) ) ;
#3678 =( BOUNDED_CURVE ( )  B_SPLINE_CURVE ( 3, ( #1189, #1756, #3555, #2984 ),
 .UNSPECIFIED., .F., .F. ) 
 B_SPLINE_CURVE_WITH_KNOTS ( ( 4, 4 ),
 ( 1.390595683186493847, 1.570796326794895004 ),
 .UNSPECIFIED. ) 
 CURVE ( )  GEOMETRIC_REPRESENTATION_ITEM ( )  RATIONAL_B_SPLINE_CURVE ( ( 1.000000000000000000, 0.9972958074812862117, 0.9972958074812862117, 1.000000000000000000 ) ) 
 REPRESENTATION_ITEM ( '' )  );
#3679 = EDGE_LOOP ( 'NONE', ( #3482, #1223, #3828, #2174 ) ) ;
#3680 = CARTESIAN_POINT ( 'NONE',  ( 122.5267925186989686, -34.92926225000073970, 1.014975124374189352 ) ) ;
#3681 = LINE ( 'NONE', #3337, #3386 ) ;
#3682 = CARTESIAN_POINT ( 'NONE',  ( 122.3942725277129995, 30.24691272767899974, -48.98502487562579688 ) ) ;
#3683 = DIRECTION ( 'NONE',  ( -1.000000000000000000, 0.000000000000000000, 0.000000000000000000 ) ) ;
#3684 = ORIENTED_EDGE ( 'NONE', *, *, #2821, .F. ) ;
#3685 = ADVANCED_FACE ( 'NONE', ( #2638 ), #3483, .T. ) ;
#3686 = DIRECTION ( 'NONE',  ( 1.000000000000000000, 0.000000000000000000, 0.000000000000000000 ) ) ;
#3687 = DIRECTION ( 'NONE',  ( 4.898804364357069646E-32, 6.071532165918830747E-16, -1.000000000000000000 ) ) ;
#3688 = ORIENTED_EDGE ( 'NONE', *, *, #1694, .F. ) ;
#3689 = CARTESIAN_POINT ( 'NONE',  ( 117.0452793277893591, -22.09495843641877144, -46.09794398218848244 ) ) ;
#3690 = EDGE_LOOP ( 'NONE', ( #2601, #2050, #3625, #2351 ) ) ;
#3691 = AXIS2_PLACEMENT_3D ( 'NONE', #2383, #2042, #863 ) ;
#3692 = B_SPLINE_CURVE_WITH_KNOTS ( 'NONE', 3,
 ( #1060, #3417, #1601, #467, #2544, #3700, #442, #1903, #1885, #1917, #3120, #2846, #153, #1369, #2199, #1354, #2500, #1046 ),
 .UNSPECIFIED., .F., .F.,
 ( 4, 2, 2, 2, 2, 2, 2, 2, 4 ),
 ( 0.000000000000000000, 0.1250000000000065503, 0.2500000000000131006, 0.4999999999999643618, 0.6249999999999404920, 0.6874999999999285016, 0.7187499999999230615, 0.7499999999999176215, 1.000000000000000000 ),
 .UNSPECIFIED. ) ;
#3693 = CARTESIAN_POINT ( 'NONE',  ( 123.3942725277129995, -34.92053536005580128, 0.01497258575369930095 ) ) ;
#3694 = ORIENTED_EDGE ( 'NONE', *, *, #2011, .F. ) ;
#3695 = CARTESIAN_POINT ( 'NONE',  ( 115.3948935597835401, 28.43560834728019771, 0.05069031757388595127 ) ) ;
#3696 = EDGE_CURVE ( 'NONE', #2609, #976, #3615, .T. ) ;
#3697 = DIRECTION ( 'NONE',  ( 0.000000000000000000, 0.000000000000000000, -1.000000000000000000 ) ) ;
#3698 = FACE_OUTER_BOUND ( 'NONE', #1120, .T. ) ;
#3699 = ORIENTED_EDGE ( 'NONE', *, *, #550, .T. ) ;
#3700 = CARTESIAN_POINT ( 'NONE',  ( 158.3310520818124019, -32.00507728929886753, -4.407773136167207895 ) ) ;
#3701 = EDGE_CURVE ( 'NONE', #1464, #2904, #1884, .T. ) ;
#3702 = FACE_OUTER_BOUND ( 'NONE', #3533, .T. ) ;
#3703 = FACE_BOUND ( 'NONE', #2633, .T. ) ;
#3704 = DIRECTION ( 'NONE',  ( 0.3417430630866939434, -0.9397934234884408600, 0.000000000000000000 ) ) ;
#3705 = CARTESIAN_POINT ( 'NONE',  ( 122.3942725277129995, -32.10543722768080244, -48.98502487562579688 ) ) ;
#3706 = EDGE_CURVE ( 'NONE', #1385, #2515, #2875, .T. ) ;
#3707 = PLANE ( 'NONE',  #1503 ) ;
#3708 = ADVANCED_FACE ( 'NONE', ( #2727 ), #3054, .T. ) ;
#3709 = EDGE_CURVE ( 'NONE', #425, #468, #1137, .T. ) ;
#3710 = DIRECTION ( 'NONE',  ( 0.000000000000000000, 0.6453219554873317332, 0.7639107105977807066 ) ) ;
#3711 = ORIENTED_EDGE ( 'NONE', *, *, #1807, .F. ) ;
#3712 = VERTEX_POINT ( 'NONE', #1779 ) ;
#3713 = CARTESIAN_POINT ( 'NONE',  ( 115.4048706208173485, 28.68984679124705295, 0.1602455041676114356 ) ) ;
#3714 = LINE ( 'NONE', #1662, #2908 ) ;
#3715 = DIRECTION ( 'NONE',  ( 0.000000000000000000, 0.000000000000000000, -1.000000000000000000 ) ) ;
#3716 = CARTESIAN_POINT ( 'NONE',  ( 156.3665688434589924, 31.72259901866919662, -6.205600925240370103 ) ) ;
#3717 = DIRECTION ( 'NONE',  ( 0.000000000000000000, 0.000000000000000000, -1.000000000000000000 ) ) ;
#3718 = CARTESIAN_POINT ( 'NONE',  ( 115.3942725277129995, 48.07073774999909688, -14.98502487562580043 ) ) ;
#3719 = VERTEX_POINT ( 'NONE', #2994 ) ;
#3720 = AXIS2_PLACEMENT_3D ( 'NONE', #3066, #2742, #2134 ) ;
#3721 = EDGE_LOOP ( 'NONE', ( #225, #1706, #2094, #1788 ) ) ;
#3722 = DIRECTION ( 'NONE',  ( 0.000000000000000000, 0.000000000000000000, -1.000000000000000000 ) ) ;
#3723 = B_SPLINE_CURVE_WITH_KNOTS ( 'NONE', 3,
 ( #1361, #114, #707, #2784, #1908, #1893 ),
 .UNSPECIFIED., .F., .F.,
 ( 4, 2, 4 ),
 ( 0.000000000000000000, 0.5000000000000000000, 1.000000000000000000 ),
 .UNSPECIFIED. ) ;
#3724 = FACE_OUTER_BOUND ( 'NONE', #1063, .T. ) ;
#3725 = ADVANCED_FACE ( 'NONE', ( #1786 ), #3591, .F. ) ;
#3726 = CARTESIAN_POINT ( 'NONE',  ( 115.3949501110900115, 28.44088231210378126, 0.05214954238241346907 ) ) ;
#3727 = EDGE_CURVE ( 'NONE', #2047, #1224, #2682, .T. ) ;
#3728 = CARTESIAN_POINT ( 'NONE',  ( 121.0341736902117304, 24.48193044713488220, -48.57779759832902755 ) ) ;
#3729 = ORIENTED_EDGE ( 'NONE', *, *, #487, .F. ) ;
#3730 = CARTESIAN_POINT ( 'NONE',  ( 120.3942725277129995, 11.07073774999899918, -22.98502487562580043 ) ) ;
#3731 = AXIS2_PLACEMENT_3D ( 'NONE', #404, #1600, #1883 ) ;
#3732 = CARTESIAN_POINT ( 'NONE',  ( 120.3942725277129995, -12.92926225000090135, -14.48502487562580043 ) ) ;
#3733 = CARTESIAN_POINT ( 'NONE',  ( 121.3918294805900047, -26.42254387041250041, -47.87977526261850159 ) ) ;
#3734 = VERTEX_POINT ( 'NONE', #1799 ) ;
#3735 = DIRECTION ( 'NONE',  ( -0.6427876096865391409, 0.7660444431189782355, 0.000000000000000000 ) ) ;
#3736 = CIRCLE ( 'NONE', #525, 6.499999999999999112 ) ;
#3737 = ORIENTED_EDGE ( 'NONE', *, *, #505, .T. ) ;
#3738 = CARTESIAN_POINT ( 'NONE',  ( 117.3942725277129853, -12.92926225000090135, -15.48502487562579866 ) ) ;
#3739 = ORIENTED_EDGE ( 'NONE', *, *, #2341, .T. ) ;
#3740 = EDGE_LOOP ( 'NONE', ( #1192, #1262, #2037, #2881 ) ) ;
#3741 = CARTESIAN_POINT ( 'NONE',  ( 116.3942725277129995, -21.42926225000089957, -22.98502487562580043 ) ) ;
#3742 = CARTESIAN_POINT ( 'NONE',  ( 123.3942725277129995, -50.92926225000089602, -22.28726435827989860 ) ) ;
#3743 =( LENGTH_UNIT ( ) NAMED_UNIT ( * ) SI_UNIT ( .MILLI., .METRE. ) );
#3744 = DIRECTION ( 'NONE',  ( 0.000000000000000000, 0.000000000000000000, -1.000000000000000000 ) ) ;
#3745 = CARTESIAN_POINT ( 'NONE',  ( 117.3942725277129853, -20.42926225000089957, -14.48502487562580043 ) ) ;
#3746 = CARTESIAN_POINT ( 'NONE',  ( 116.3942725277129995, -42.92926225000100260, -48.98502487562579688 ) ) ;
#3747 = ORIENTED_EDGE ( 'NONE', *, *, #2689, .T. ) ;
#3748 = ADVANCED_FACE ( 'NONE', ( #588 ), #2267, .T. ) ;
#3749 = ORIENTED_EDGE ( 'NONE', *, *, #1363, .F. ) ;
#3750 = AXIS2_PLACEMENT_3D ( 'NONE', #2270, #676, #3524 ) ;
#3751 = ORIENTED_EDGE ( 'NONE', *, *, #2347, .F. ) ;
#3752 = LINE ( 'NONE', #288, #2942 ) ;
#3753 = DIRECTION ( 'NONE',  ( 0.000000000000000000, 0.000000000000000000, 1.000000000000000000 ) ) ;
#3754 = LINE ( 'NONE', #1281, #3233 ) ;
#3755 = CARTESIAN_POINT ( 'NONE',  ( 124.0139553000749970, -4.929262250000720158, -21.98502487562580043 ) ) ;
#3756 = EDGE_CURVE ( 'NONE', #2932, #2652, #3849, .T. ) ;
#3757 = DIRECTION ( 'NONE',  ( 0.000000000000000000, 0.000000000000000000, -1.000000000000000000 ) ) ;
#3758 = PLANE ( 'NONE',  #931 ) ;
#3759 = DIRECTION ( 'NONE',  ( 0.000000000000000000, 0.000000000000000000, 1.000000000000000000 ) ) ;
#3760 = DIRECTION ( 'NONE',  ( 0.000000000000000000, 1.000000000000000000, 0.000000000000000000 ) ) ;
#3761 = EDGE_CURVE ( 'NONE', #3598, #2441, #1016, .T. ) ;
#3762 = AXIS2_PLACEMENT_3D ( 'NONE', #3553, #3273, #308 ) ;
#3763 = EDGE_CURVE ( 'NONE', #974, #974, #1836, .T. ) ;
#3764 = LINE ( 'NONE', #3249, #727 ) ;
#3765 = DIRECTION ( 'NONE',  ( 0.000000000000000000, 0.000000000000000000, 1.000000000000000000 ) ) ;
#3766 = CIRCLE ( 'NONE', #2842, 2.000000000000001776 ) ;
#3767 = ORIENTED_EDGE ( 'NONE', *, *, #1272, .F. ) ;
#3768 = ADVANCED_FACE ( 'NONE', ( #546 ), #965, .T. ) ;
#3769 = ORIENTED_EDGE ( 'NONE', *, *, #2293, .T. ) ;
#3770 = CARTESIAN_POINT ( 'NONE',  ( 155.1657692490950069, 33.07073774999899740, 1.014975124374190019 ) ) ;
#3771 = CARTESIAN_POINT ( 'NONE',  ( 116.3942725277129995, 33.07073774999909688, -14.98502487562580043 ) ) ;
#3772 = CARTESIAN_POINT ( 'NONE',  ( 121.3942725277129995, -27.92926225000089957, -41.48502487562579688 ) ) ;
#3773 = AXIS2_PLACEMENT_3D ( 'NONE', #2566, #189, #208 ) ;
#3774 = LINE ( 'NONE', #669, #2029 ) ;
#3775 = DIRECTION ( 'NONE',  ( -0.9397934234884405269, 0.3417430630866947761, 0.000000000000000000 ) ) ;
#3776 = ORIENTED_EDGE ( 'NONE', *, *, #3499, .F. ) ;
#3777 =( NAMED_UNIT ( * ) PLANE_ANGLE_UNIT ( ) SI_UNIT ( $, .RADIAN. ) );
#3778 = LINE ( 'NONE', #260, #1292 ) ;
#3779 = EDGE_CURVE ( 'NONE', #1574, #3423, #266, .T. ) ;
#3780 = ORIENTED_EDGE ( 'NONE', *, *, #1215, .T. ) ;
#3781 = AXIS2_PLACEMENT_3D ( 'NONE', #428, #166, #455 ) ;
#3782 = FACE_BOUND ( 'NONE', #2805, .T. ) ;
#3783 = ORIENTED_EDGE ( 'NONE', *, *, #3446, .T. ) ;
#3784 = DIRECTION ( 'NONE',  ( -1.000000000000000000, 0.000000000000000000, 0.000000000000000000 ) ) ;
#3785 = PRESENTATION_LAYER_ASSIGNMENT (  '', '', ( #838 ) ) ;
#3786 = CARTESIAN_POINT ( 'NONE',  ( 158.9018954967939692, -32.02163928091979983, -4.201316574054550834 ) ) ;
#3787 = ADVANCED_FACE ( 'NONE', ( #3161 ), #1991, .T. ) ;
#3788 = EDGE_LOOP ( 'NONE', ( #419, #2941, #2815, #2398 ) ) ;
#3789 = ORIENTED_EDGE ( 'NONE', *, *, #3537, .F. ) ;
#3790 = CARTESIAN_POINT ( 'NONE',  ( 117.3942725277129853, -20.42926225000089957, -55.48502487562579688 ) ) ;
#3791 = ORIENTED_EDGE ( 'NONE', *, *, #1421, .F. ) ;
#3792 = DIRECTION ( 'NONE',  ( 0.000000000000000000, 0.000000000000000000, -1.000000000000000000 ) ) ;
#3793 = DIRECTION ( 'NONE',  ( 0.000000000000000000, 0.000000000000000000, 1.000000000000000000 ) ) ;
#3794 = ORIENTED_EDGE ( 'NONE', *, *, #2947, .T. ) ;
#3795 = FACE_OUTER_BOUND ( 'NONE', #3186, .T. ) ;
#3796 = CARTESIAN_POINT ( 'NONE',  ( 121.3942725277129995, -12.92926225000090135, -22.98502487562580043 ) ) ;
#3797 = ORIENTED_EDGE ( 'NONE', *, *, #2545, .T. ) ;
#3798 = CIRCLE ( 'NONE', #2289, 8.000000000000000000 ) ;
#3799 = VECTOR ( 'NONE', #3218, 1000.000000000000000 ) ;
#3800 = APPLICATION_PROTOCOL_DEFINITION ( 'draft international standard', 'automotive_design', 1998, #1095 ) ;
#3801 = CARTESIAN_POINT ( 'NONE',  ( 99.39427252771260157, -42.17926225000089602, -13.53502487562580114 ) ) ;
#3802 = CARTESIAN_POINT ( 'NONE',  ( 123.8283461289920098, 31.26444015351769679, -22.07555251709960231 ) ) ;
#3803 = VECTOR ( 'NONE', #1467, 1000.000000000000000 ) ;
#3804 = CARTESIAN_POINT ( 'NONE',  ( 123.4715172720940046, 31.26595895194889962, -22.24958957914939717 ) ) ;
#3805 = DIRECTION ( 'NONE',  ( 0.000000000000000000, 0.000000000000000000, 1.000000000000000000 ) ) ;
#3806 = ORIENTED_EDGE ( 'NONE', *, *, #2914, .T. ) ;
#3807 =( NAMED_UNIT ( * ) SI_UNIT ( $, .STERADIAN. ) SOLID_ANGLE_UNIT ( ) );
#3808 = ORIENTED_EDGE ( 'NONE', *, *, #278, .T. ) ;
#3809 = CARTESIAN_POINT ( 'NONE',  ( 115.7514849180260086, 21.11010059621239776, -22.86520669096299940 ) ) ;
#3810 = CARTESIAN_POINT ( 'NONE',  ( 158.9018954967939692, 30.16311478091790121, -4.201316574054550834 ) ) ;
#3811 = VERTEX_POINT ( 'NONE', #3623 ) ;
#3812 = CARTESIAN_POINT ( 'NONE',  ( 123.3942725277129995, -30.02926225000090099, 1.014975124374190019 ) ) ;
#3813 = CIRCLE ( 'NONE', #792, 2.499999999999998668 ) ;
#3814 = DIRECTION ( 'NONE',  ( 0.000000000000000000, 1.000000000000000000, 0.000000000000000000 ) ) ;
#3815 = VERTEX_POINT ( 'NONE', #1248 ) ;
#3817 = EDGE_CURVE ( 'NONE', #1584, #2130, #914, .T. ) ;
#3816 = FACE_BOUND ( 'NONE', #1841, .T. ) ;
#3818 = DIRECTION ( 'NONE',  ( 1.000000000000000000, 0.000000000000000000, 0.000000000000000000 ) ) ;
#3819 = EDGE_CURVE ( 'NONE', #2447, #2073, #2833, .T. ) ;
#3820 = ORIENTED_EDGE ( 'NONE', *, *, #830, .T. ) ;
#3821 = EDGE_CURVE ( 'NONE', #3566, #3566, #3671, .T. ) ;
#3822 = DIRECTION ( 'NONE',  ( -1.000000000000000000, 0.000000000000000000, 0.000000000000000000 ) ) ;
#3823 = EDGE_CURVE ( 'NONE', #569, #2290, #3617, .T. ) ;
#3824 = DIRECTION ( 'NONE',  ( 0.000000000000000000, 0.000000000000000000, 1.000000000000000000 ) ) ;
#3825 = EDGE_LOOP ( 'NONE', ( #2137, #1461, #1452, #3028, #3025, #2399, #757 ) ) ;
#3826 = VERTEX_POINT ( 'NONE', #3003 ) ;
#3827 = CARTESIAN_POINT ( 'NONE',  ( 116.4581410191323556, 20.51714572240530643, -45.53790672912046489 ) ) ;
#3828 = ORIENTED_EDGE ( 'NONE', *, *, #3779, .F. ) ;
#3829 = VERTEX_POINT ( 'NONE', #654 ) ;
#3830 = CARTESIAN_POINT ( 'NONE',  ( 117.3942725277129853, -21.42926225000089957, -22.98502487562580043 ) ) ;
#3831 = VERTEX_POINT ( 'NONE', #1003 ) ;
#3832 = LINE ( 'NONE', #2063, #3645 ) ;
#3833 = FACE_OUTER_BOUND ( 'NONE', #284, .T. ) ;
#3834 = DIRECTION ( 'NONE',  ( 0.000000000000000000, 0.000000000000000000, -1.000000000000000000 ) ) ;
#3835 = AXIS2_PLACEMENT_3D ( 'NONE', #420, #2178, #1594 ) ;
#3836 = CARTESIAN_POINT ( 'NONE',  ( 123.2675699471233628, 33.06641587061347565, 0.5197367995835369126 ) ) ;
#3837 = CARTESIAN_POINT ( 'NONE',  ( 94.91199523330760712, 38.59650870458249727, -1.545309537426510005 ) ) ;
#3838 = CIRCLE ( 'NONE', #947, 8.000000000000000000 ) ;
#3839 = PLANE ( 'NONE',  #594 ) ;
#3840 = LINE ( 'NONE', #1971, #2757 ) ;
#3841 = VECTOR ( 'NONE', #126, 1000.000000000000114 ) ;
#3842 = EDGE_CURVE ( 'NONE', #3312, #49, #3774, .T. ) ;
#3843 = AXIS2_PLACEMENT_3D ( 'NONE', #2354, #2653, #3257 ) ;
#3844 = DIRECTION ( 'NONE',  ( 0.000000000000000000, -1.000000000000000000, 0.000000000000000000 ) ) ;
#3845 = VERTEX_POINT ( 'NONE', #2156 ) ;
#3846 = AXIS2_PLACEMENT_3D ( 'NONE', #125, #1007, #970 ) ;
#3847 = ORIENTED_EDGE ( 'NONE', *, *, #3610, .T. ) ;
#3848 = ORIENTED_EDGE ( 'NONE', *, *, #2940, .T. ) ;
#3849 = CIRCLE ( 'NONE', #1173, 1.000000000000000888 ) ;
#3850 = ORIENTED_EDGE ( 'NONE', *, *, #2612, .F. ) ;
#3851 = CARTESIAN_POINT ( 'NONE',  ( 117.3942725277129853, -22.12115570171819812, -46.23011690042320510 ) ) ;
#3852 = LINE ( 'NONE', #2163, #927 ) ;
#3853 = DIRECTION ( 'NONE',  ( 0.6731999267545311083, 0.5648818102483031955, 0.4771901078902350823 ) ) ;
#3854 = DIRECTION ( 'NONE',  ( 0.000000000000000000, 0.000000000000000000, -1.000000000000000000 ) ) ;
#3855 = EDGE_LOOP ( 'NONE', ( #403 ) ) ;
#3856 = ORIENTED_EDGE ( 'NONE', *, *, #2466, .T. ) ;
#3857 = CARTESIAN_POINT ( 'NONE',  ( 116.3942725277129995, -27.92926225000089957, -41.48502487562579688 ) ) ;
#3858 = VECTOR ( 'NONE', #3455, 1000.000000000000000 ) ;
#3859 = DIRECTION ( 'NONE',  ( -0.7625564322252261773, 0.6398608210320489986, -0.09531955402815503464 ) ) ;
#3860 = DIRECTION ( 'NONE',  ( 0.000000000000000000, 0.000000000000000000, -1.000000000000000000 ) ) ;
ENDSEC;
END-ISO-10303-21;
