ISO-10303-21;
HEADER;
FILE_DESCRIPTION (( 'STEP AP214' ),
    '1' );
FILE_NAME ('duojizhijia.STEP',
    '2026-05-27T21:13:09',
    ( '' ),
    ( '' ),
    'SwSTEP 2.0',
    'SolidWorks 2020',
    '' );
FILE_SCHEMA (( 'AUTOMOTIVE_DESIGN' ));
ENDSEC;

DATA;
#1 = CARTESIAN_POINT ( 'NONE',  ( 0.9999999999999997780, -1.000000000000000000, 49.00000000000000000 ) ) ;
#2 = VERTEX_POINT ( 'NONE', #2129 ) ;
#3 = EDGE_CURVE ( 'NONE', #402, #2269, #1774, .T. ) ;
#4 = DIRECTION ( 'NONE',  ( -0.000000000000000000, -0.000000000000000000, -1.000000000000000000 ) ) ;
#5 = LINE ( 'NONE', #1418, #1703 ) ;
#6 = AXIS2_PLACEMENT_3D ( 'NONE', #726, #547, #2177 ) ;
#7 = AXIS2_PLACEMENT_3D ( 'NONE', #1593, #372, #1804 ) ;
#8 = CARTESIAN_POINT ( 'NONE',  ( 56.99999999999999289, -1.000000000000000000, 1.000000000000000000 ) ) ;
#9 = CIRCLE ( 'NONE', #270, 1.000000000000000888 ) ;
#10 = DIRECTION ( 'NONE',  ( -1.000000000000000000, 0.000000000000000000, 0.000000000000000000 ) ) ;
#11 = ORIENTED_EDGE ( 'NONE', *, *, #1258, .T. ) ;
#12 = CARTESIAN_POINT ( 'NONE',  ( 0.000000000000000000, 0.000000000000000000, 50.00000000000000000 ) ) ;
#13 = VECTOR ( 'NONE', #1260, 1000.000000000000000 ) ;
#14 = VECTOR ( 'NONE', #350, 1000.000000000000000 ) ;
#15 = PLANE ( 'NONE',  #1782 ) ;
#16 = CIRCLE ( 'NONE', #563, 1.000000000000000888 ) ;
#17 = EDGE_LOOP ( 'NONE', ( #62, #1118, #1156, #2310 ) ) ;
#18 = AXIS2_PLACEMENT_3D ( 'NONE', #787, #2232, #2215 ) ;
#19 = ORIENTED_EDGE ( 'NONE', *, *, #1586, .F. ) ;
#20 = CARTESIAN_POINT ( 'NONE',  ( 18.06809969032249796, -3.908059915973653098, 8.000000000000000000 ) ) ;
#21 = DIRECTION ( 'NONE',  ( 0.000000000000000000, 0.000000000000000000, 1.000000000000000000 ) ) ;
#22 = EDGE_CURVE ( 'NONE', #1438, #26, #492, .T. ) ;
#23 = ORIENTED_EDGE ( 'NONE', *, *, #177, .F. ) ;
#24 = CARTESIAN_POINT ( 'NONE',  ( 56.99999999999999289, -26.59079423964294975, 49.00000000000000000 ) ) ;
#25 = EDGE_CURVE ( 'NONE', #548, #730, #2306, .T. ) ;
#26 = VERTEX_POINT ( 'NONE', #1228 ) ;
#27 = CARTESIAN_POINT ( 'NONE',  ( 0.000000000000000000, -26.03579054588323061, 2.761379333656534207 ) ) ;
#28 = DIRECTION ( 'NONE',  ( -0.000000000000000000, -0.000000000000000000, 1.000000000000000000 ) ) ;
#29 = ORIENTED_EDGE ( 'NONE', *, *, #1539, .F. ) ;
#30 = CARTESIAN_POINT ( 'NONE',  ( 15.32999999999999652, -14.00000000000000000, 0.000000000000000000 ) ) ;
#31 = DIRECTION ( 'NONE',  ( 0.000000000000000000, 0.000000000000000000, 1.000000000000000000 ) ) ;
#32 = DIRECTION ( 'NONE',  ( -0.000000000000000000, 0.000000000000000000, 1.000000000000000000 ) ) ;
#33 = APPLICATION_CONTEXT ( 'automotive_design' ) ;
#34 = ADVANCED_FACE ( 'NONE', ( #511 ), #355, .F. ) ;
#35 = DIRECTION ( 'NONE',  ( 1.000000000000000000, -5.981805089575198662E-17, -0.000000000000000000 ) ) ;
#36 = FACE_OUTER_BOUND ( 'NONE', #1558, .T. ) ;
#37 = ORIENTED_EDGE ( 'NONE', *, *, #103, .T. ) ;
#38 = CARTESIAN_POINT ( 'NONE',  ( 57.99999999999999289, -1.671921842938518532, 47.45453983889436245 ) ) ;
#39 = CARTESIAN_POINT ( 'NONE',  ( 0.000000000000000000, -1.671921842938518532, 2.761379333656534207 ) ) ;
#40 = VERTEX_POINT ( 'NONE', #333 ) ;
#41 = CARTESIAN_POINT ( 'NONE',  ( 5.741097321911706963, -10.36271593621965259, 47.45453983889436245 ) ) ;
#42 = DIRECTION ( 'NONE',  ( -1.000000000000000000, -0.000000000000000000, -0.000000000000000000 ) ) ;
#43 = LINE ( 'NONE', #1313, #2146 ) ;
#44 = CARTESIAN_POINT ( 'NONE',  ( 0.9999999999999997780, -26.59079423964294620, 0.000000000000000000 ) ) ;
#45 = ORIENTED_EDGE ( 'NONE', *, *, #188, .T. ) ;
#46 = STYLED_ITEM ( 'NONE', ( #140 ), #503 ) ;
#47 = ORIENTED_EDGE ( 'NONE', *, *, #515, .T. ) ;
#48 = LINE ( 'NONE', #888, #1205 ) ;
#49 = ORIENTED_EDGE ( 'NONE', *, *, #1882, .T. ) ;
#50 = EDGE_CURVE ( 'NONE', #449, #870, #744, .T. ) ;
#51 = EDGE_CURVE ( 'NONE', #1214, #2057, #875, .T. ) ;
#52 = AXIS2_PLACEMENT_3D ( 'NONE', #995, #1031, #1759 ) ;
#53 = VECTOR ( 'NONE', #1463, 1000.000000000000000 ) ;
#54 = VECTOR ( 'NONE', #1973, 1000.000000000000000 ) ;
#55 = CARTESIAN_POINT ( 'NONE',  ( 0.000000000000000000, -1.671921842938518532, 2.761379333656534207 ) ) ;
#56 = PRODUCT_DEFINITION_FORMATION_WITH_SPECIFIED_SOURCE ( 'ÈÎºÎ', '', #1447, .NOT_KNOWN. ) ;
#57 = CARTESIAN_POINT ( 'NONE',  ( 0.000000000000000000, -1.000000000000000000, 8.000000000000000000 ) ) ;
#58 = CARTESIAN_POINT ( 'NONE',  ( 16.00665146708350406, -5.910000000000000142, 50.00000000000000000 ) ) ;
#59 = LINE ( 'NONE', #2213, #378 ) ;
#60 = CARTESIAN_POINT ( 'NONE',  ( 55.84735485676164757, -10.36271593621965259, -0.001000000000001000089 ) ) ;
#61 = CARTESIAN_POINT ( 'NONE',  ( 57.99999999999999289, -1.671921842938518532, 2.761379333656534207 ) ) ;
#62 = ORIENTED_EDGE ( 'NONE', *, *, #430, .F. ) ;
#63 = VERTEX_POINT ( 'NONE', #1602 ) ;
#64 = VERTEX_POINT ( 'NONE', #538 ) ;
#65 = CARTESIAN_POINT ( 'NONE',  ( 44.37097701186070964, 0.000000000000000000, 9.000000000000001776 ) ) ;
#66 = ORIENTED_EDGE ( 'NONE', *, *, #50, .T. ) ;
#67 = CARTESIAN_POINT ( 'NONE',  ( 0.9999999999999997780, 0.000000000000000000, 49.00000000000000000 ) ) ;
#68 = CARTESIAN_POINT ( 'NONE',  ( 16.00665146708350406, -1.000000000000000000, 49.00000000000000000 ) ) ;
#69 = EDGE_CURVE ( 'NONE', #1561, #992, #210, .T. ) ;
#70 = CARTESIAN_POINT ( 'NONE',  ( 0.000000000000000000, -1.000000000000000000, 9.000000000000001776 ) ) ;
#71 = CARTESIAN_POINT ( 'NONE',  ( 17.00665146708350051, -4.910000000000003695, 49.58578643762691485 ) ) ;
#72 = DIRECTION ( 'NONE',  ( 1.000000000000000000, 0.000000000000000000, 0.000000000000000000 ) ) ;
#73 = LINE ( 'NONE', #60, #1462 ) ;
#74 = DIRECTION ( 'NONE',  ( -1.000000000000000000, 0.000000000000000000, 0.000000000000000000 ) ) ;
#75 = ORIENTED_EDGE ( 'NONE', *, *, #25, .T. ) ;
#76 = VERTEX_POINT ( 'NONE', #1946 ) ;
#77 = CARTESIAN_POINT ( 'NONE',  ( 16.00665146708350406, 0.000000000000000000, 40.01233501934770942 ) ) ;
#78 = ORIENTED_EDGE ( 'NONE', *, *, #617, .F. ) ;
#79 = FACE_OUTER_BOUND ( 'NONE', #1682, .T. ) ;
#80 = CARTESIAN_POINT ( 'NONE',  ( 16.06809969032249441, -1.000000000000000000, 0.9999999999999991118 ) ) ;
#81 = CARTESIAN_POINT ( 'NONE',  ( 55.84735485676164046, -20.36437231950669613, -0.001000000000001000089 ) ) ;
#82 = LINE ( 'NONE', #1865, #1655 ) ;
#83 = DIRECTION ( 'NONE',  ( 0.000000000000000000, 0.000000000000000000, 1.000000000000000000 ) ) ;
#84 = EDGE_LOOP ( 'NONE', ( #2303, #1650, #625, #1858 ) ) ;
#85 = ORIENTED_EDGE ( 'NONE', *, *, #1045, .F. ) ;
#86 = CARTESIAN_POINT ( 'NONE',  ( 21.33000000000000185, -14.00000000000000000, 2.761379333656534207 ) ) ;
#87 = ORIENTED_EDGE ( 'NONE', *, *, #288, .T. ) ;
#88 = AXIS2_PLACEMENT_3D ( 'NONE', #943, #1668, #2087 ) ;
#89 = VECTOR ( 'NONE', #1827, 1000.000000000000000 ) ;
#90 = CIRCLE ( 'NONE', #375, 1.000000000000000888 ) ;
#91 = CARTESIAN_POINT ( 'NONE',  ( 44.34129504891360085, -1.000000000000000000, 49.00000000000000711 ) ) ;
#92 = CARTESIAN_POINT ( 'NONE',  ( 42.37097701186070964, -3.908059915973653098, 1.000000000000000000 ) ) ;
#93 = VECTOR ( 'NONE', #1182, 1000.000000000000000 ) ;
#94 = AXIS2_PLACEMENT_3D ( 'NONE', #389, #1849, #238 ) ;
#95 = PLANE ( 'NONE',  #1090 ) ;
#96 = VECTOR ( 'NONE', #107, 1000.000000000000000 ) ;
#97 = AXIS2_PLACEMENT_3D ( 'NONE', #1806, #876, #734 ) ;
#98 = DIRECTION ( 'NONE',  ( 0.000000000000000000, 0.000000000000000000, 1.000000000000000000 ) ) ;
#99 = EDGE_CURVE ( 'NONE', #1108, #2024, #1123, .T. ) ;
#100 = PRODUCT_RELATED_PRODUCT_CATEGORY ( 'part', '', ( #1447 ) ) ;
#101 = DIRECTION ( 'NONE',  ( -0.000000000000000000, -0.000000000000000000, -1.000000000000000000 ) ) ;
#102 = ORIENTED_EDGE ( 'NONE', *, *, #707, .T. ) ;
#103 = EDGE_CURVE ( 'NONE', #1781, #335, #1411, .T. ) ;
#104 = ORIENTED_EDGE ( 'NONE', *, *, #1227, .T. ) ;
#105 = CARTESIAN_POINT ( 'NONE',  ( 17.00665146708350406, -4.910000000000000142, 41.01233501934770942 ) ) ;
#106 = EDGE_LOOP ( 'NONE', ( #1596, #415, #390, #400 ) ) ;
#107 = DIRECTION ( 'NONE',  ( -0.000000000000000000, -0.000000000000000000, -1.000000000000000000 ) ) ;
#108 = DIRECTION ( 'NONE',  ( 0.000000000000000000, 1.000000000000000000, 0.000000000000000000 ) ) ;
#109 = CARTESIAN_POINT ( 'NONE',  ( 35.16400000000000148, -14.50600790507669302, 0.000000000000000000 ) ) ;
#110 = FACE_BOUND ( 'NONE', #767, .T. ) ;
#111 = DIRECTION ( 'NONE',  ( 1.000000000000000000, 0.000000000000000000, -0.000000000000000000 ) ) ;
#112 = ORIENTED_EDGE ( 'NONE', *, *, #2075, .T. ) ;
#113 = EDGE_CURVE ( 'NONE', #1388, #967, #1049, .T. ) ;
#114 = EDGE_LOOP ( 'NONE', ( #702, #186 ) ) ;
#115 = FACE_OUTER_BOUND ( 'NONE', #1319, .T. ) ;
#116 = ORIENTED_EDGE ( 'NONE', *, *, #2060, .T. ) ;
#117 = EDGE_CURVE ( 'NONE', #1034, #1552, #2137, .T. ) ;
#118 = SURFACE_SIDE_STYLE ('',( #1573 ) ) ;
#119 = DIRECTION ( 'NONE',  ( -0.000000000000000000, 1.000000000000000000, 0.000000000000000000 ) ) ;
#120 = LINE ( 'NONE', #2102, #455 ) ;
#121 = PLANE ( 'NONE',  #1459 ) ;
#122 = VERTEX_POINT ( 'NONE', #2166 ) ;
#123 = FACE_OUTER_BOUND ( 'NONE', #337, .T. ) ;
#124 = ORIENTED_EDGE ( 'NONE', *, *, #1005, .F. ) ;
#125 = EDGE_CURVE ( 'NONE', #1855, #2243, #2315, .T. ) ;
#126 = ORIENTED_EDGE ( 'NONE', *, *, #1788, .F. ) ;
#127 = CARTESIAN_POINT ( 'NONE',  ( 56.99999999999999289, -1.000000000000000000, 1.000000000000000000 ) ) ;
#128 = AXIS2_PLACEMENT_3D ( 'NONE', #1070, #689, #530 ) ;
#129 = AXIS2_PLACEMENT_3D ( 'NONE', #2128, #1987, #2165 ) ;
#130 = AXIS2_PLACEMENT_3D ( 'NONE', #1695, #1519, #621 ) ;
#131 = DIRECTION ( 'NONE',  ( 0.000000000000000000, 0.000000000000000000, -1.000000000000000000 ) ) ;
#132 = VECTOR ( 'NONE', #1609, 1000.000000000000000 ) ;
#133 = VECTOR ( 'NONE', #635, 1000.000000000000000 ) ;
#134 = AXIS2_PLACEMENT_3D ( 'NONE', #2288, #328, #854 ) ;
#135 = LINE ( 'NONE', #1194, #2258 ) ;
#136 = ORIENTED_EDGE ( 'NONE', *, *, #218, .T. ) ;
#137 = ORIENTED_EDGE ( 'NONE', *, *, #1998, .T. ) ;
#138 = CARTESIAN_POINT ( 'NONE',  ( 42.37097701186070964, -3.908059915973653098, 0.000000000000000000 ) ) ;
#139 = ORIENTED_EDGE ( 'NONE', *, *, #1720, .F. ) ;
#140 = PRESENTATION_STYLE_ASSIGNMENT (( #2286 ) ) ;
#141 = ORIENTED_EDGE ( 'NONE', *, *, #144, .F. ) ;
#142 = DIRECTION ( 'NONE',  ( -0.000000000000000000, -0.000000000000000000, -1.000000000000000000 ) ) ;
#143 = LINE ( 'NONE', #1036, #1461 ) ;
#144 = EDGE_CURVE ( 'NONE', #967, #1781, #1241, .T. ) ;
#145 = DIRECTION ( 'NONE',  ( 1.000000000000000000, 0.000000000000000000, 0.000000000000000000 ) ) ;
#146 = ORIENTED_EDGE ( 'NONE', *, *, #51, .T. ) ;
#147 = ORIENTED_EDGE ( 'NONE', *, *, #657, .T. ) ;
#148 = LINE ( 'NONE', #1775, #891 ) ;
#149 = ORIENTED_EDGE ( 'NONE', *, *, #430, .T. ) ;
#150 = LINE ( 'NONE', #487, #1812 ) ;
#151 = ORIENTED_EDGE ( 'NONE', *, *, #505, .F. ) ;
#152 = DIRECTION ( 'NONE',  ( 0.000000000000000000, 0.000000000000000000, 1.000000000000000000 ) ) ;
#153 = SPHERICAL_SURFACE ( 'NONE', #2182, 1.000000000000000000 ) ;
#154 = EDGE_CURVE ( 'NONE', #2, #1041, #546, .T. ) ;
#155 = DIRECTION ( 'NONE',  ( -0.000000000000000000, -0.000000000000000000, 1.000000000000000000 ) ) ;
#156 = FACE_OUTER_BOUND ( 'NONE', #1880, .T. ) ;
#157 = ORIENTED_EDGE ( 'NONE', *, *, #880, .T. ) ;
#158 = ORIENTED_EDGE ( 'NONE', *, *, #1799, .F. ) ;
#159 = CARTESIAN_POINT ( 'NONE',  ( 57.99999999999999289, 0.000000000000000000, 49.00000000000000000 ) ) ;
#160 = CIRCLE ( 'NONE', #1126, 1.999999999999994893 ) ;
#161 = CARTESIAN_POINT ( 'NONE',  ( 51.84735485676165467, -20.36437231950669613, 47.45453983889436245 ) ) ;
#162 = VECTOR ( 'NONE', #353, 1000.000000000000000 ) ;
#163 = AXIS2_PLACEMENT_3D ( 'NONE', #68, #2209, #969 ) ;
#164 = EDGE_CURVE ( 'NONE', #2024, #1570, #1820, .T. ) ;
#165 = VECTOR ( 'NONE', #142, 1000.000000000000000 ) ;
#166 = ORIENTED_EDGE ( 'NONE', *, *, #707, .F. ) ;
#167 = CARTESIAN_POINT ( 'NONE',  ( 53.84735485676164757, -10.36271593621965259, 50.00000000000000000 ) ) ;
#168 = VERTEX_POINT ( 'NONE', #1402 ) ;
#169 = EDGE_CURVE ( 'NONE', #297, #1454, #2028, .T. ) ;
#170 = SHAPE_DEFINITION_REPRESENTATION ( #1340, #1487 ) ;
#171 = ORIENTED_EDGE ( 'NONE', *, *, #2027, .T. ) ;
#172 = CARTESIAN_POINT ( 'NONE',  ( 0.000000000000000000, 0.000000000000000000, 8.000000000000000000 ) ) ;
#173 = CARTESIAN_POINT ( 'NONE',  ( 56.99999999999999289, -26.59079423964294975, 50.00000000000000000 ) ) ;
#174 = CARTESIAN_POINT ( 'NONE',  ( 43.37097701186070964, -3.908059915973653098, 8.000000000000000000 ) ) ;
#175 = CARTESIAN_POINT ( 'NONE',  ( 18.32999999999999829, -14.00000000000000000, 50.00000000000000000 ) ) ;
#176 = ORIENTED_EDGE ( 'NONE', *, *, #2027, .F. ) ;
#177 = EDGE_CURVE ( 'NONE', #2162, #1380, #82, .T. ) ;
#178 = DIRECTION ( 'NONE',  ( 0.000000000000000000, 0.000000000000000000, -1.000000000000000000 ) ) ;
#179 = ORIENTED_EDGE ( 'NONE', *, *, #695, .T. ) ;
#180 = LINE ( 'NONE', #1055, #1705 ) ;
#181 = FACE_OUTER_BOUND ( 'NONE', #1809, .T. ) ;
#182 = DIRECTION ( 'NONE',  ( -0.000000000000000000, -0.000000000000000000, -1.000000000000000000 ) ) ;
#183 = CARTESIAN_POINT ( 'NONE',  ( 0.000000000000000000, -5.908059915973653098, 0.000000000000000000 ) ) ;
#184 = ORIENTED_EDGE ( 'NONE', *, *, #1597, .F. ) ;
#185 = CARTESIAN_POINT ( 'NONE',  ( 0.000000000000000000, -4.908059915973653098, 2.761379333656534207 ) ) ;
#186 = ORIENTED_EDGE ( 'NONE', *, *, #300, .T. ) ;
#187 = EDGE_LOOP ( 'NONE', ( #112, #1822, #75, #2139 ) ) ;
#188 = EDGE_CURVE ( 'NONE', #361, #1289, #73, .T. ) ;
#189 = EDGE_CURVE ( 'NONE', #242, #40, #1015, .T. ) ;
#190 = FACE_OUTER_BOUND ( 'NONE', #1760, .T. ) ;
#191 = EDGE_CURVE ( 'NONE', #76, #1711, #219, .T. ) ;
#192 = DIRECTION ( 'NONE',  ( 0.000000000000000000, -1.000000000000000000, 0.000000000000000000 ) ) ;
#193 = CIRCLE ( 'NONE', #900, 1.000000000000000888 ) ;
#194 = AXIS2_PLACEMENT_3D ( 'NONE', #2237, #385, #395 ) ;
#195 = EDGE_LOOP ( 'NONE', ( #916, #2148, #304 ) ) ;
#196 = CIRCLE ( 'NONE', #1958, 1.000000000000000000 ) ;
#197 = DIRECTION ( 'NONE',  ( 1.000000000000000000, 0.000000000000000000, 0.000000000000000000 ) ) ;
#198 = ORIENTED_EDGE ( 'NONE', *, *, #1981, .T. ) ;
#199 = CIRCLE ( 'NONE', #1813, 1.000000000000000000 ) ;
#200 = CIRCLE ( 'NONE', #2040, 1.000000000000000000 ) ;
#201 = DIRECTION ( 'NONE',  ( -0.000000000000000000, 0.000000000000000000, -1.000000000000000000 ) ) ;
#202 = AXIS2_PLACEMENT_3D ( 'NONE', #590, #247, #393 ) ;
#203 = EDGE_LOOP ( 'NONE', ( #944, #2061, #1728 ) ) ;
#204 = CIRCLE ( 'NONE', #1392, 2.000000000000001776 ) ;
#205 = EDGE_LOOP ( 'NONE', ( #66, #1878 ) ) ;
#206 = CARTESIAN_POINT ( 'NONE',  ( 0.000000000000000000, -1.671921842938518532, 41.01233501934770942 ) ) ;
#207 = EDGE_CURVE ( 'NONE', #64, #2251, #2018, .T. ) ;
#208 = CARTESIAN_POINT ( 'NONE',  ( -4.814824860968089633E-32, -27.59079423964294620, 49.00000000000000000 ) ) ;
#209 = EDGE_CURVE ( 'NONE', #1867, #522, #43, .T. ) ;
#210 = LINE ( 'NONE', #1611, #1088 ) ;
#211 = CYLINDRICAL_SURFACE ( 'NONE', #1662, 1.000000000000000000 ) ;
#212 = ORIENTED_EDGE ( 'NONE', *, *, #1981, .F. ) ;
#213 = DIRECTION ( 'NONE',  ( 1.000000000000000000, 0.000000000000000000, -0.000000000000000000 ) ) ;
#214 = DIRECTION ( 'NONE',  ( 1.000000000000000000, -0.000000000000000000, 0.000000000000000000 ) ) ;
#215 = EDGE_LOOP ( 'NONE', ( #1791, #1278 ) ) ;
#216 = DIRECTION ( 'NONE',  ( -0.000000000000000000, -0.000000000000000000, -1.000000000000000000 ) ) ;
#217 = FACE_OUTER_BOUND ( 'NONE', #17, .T. ) ;
#218 = EDGE_CURVE ( 'NONE', #2, #1330, #1127, .T. ) ;
#219 = LINE ( 'NONE', #775, #863 ) ;
#220 = DIRECTION ( 'NONE',  ( -1.000000000000000000, 0.000000000000000000, 0.000000000000000000 ) ) ;
#221 = ORIENTED_EDGE ( 'NONE', *, *, #1719, .F. ) ;
#222 = VERTEX_POINT ( 'NONE', #2055 ) ;
#223 = ORIENTED_EDGE ( 'NONE', *, *, #910, .T. ) ;
#224 = DIRECTION ( 'NONE',  ( 0.000000000000000000, 1.000000000000000000, 0.000000000000000000 ) ) ;
#225 = CARTESIAN_POINT ( 'NONE',  ( 57.99999999999999289, 0.000000000000000000, 50.00000000000000000 ) ) ;
#226 = LINE ( 'NONE', #81, #1992 ) ;
#227 = CARTESIAN_POINT ( 'NONE',  ( 53.84735485676164757, -20.36437231950669613, -0.001000000000001000089 ) ) ;
#228 = DIRECTION ( 'NONE',  ( 1.000000000000000000, 0.000000000000000000, 0.000000000000000000 ) ) ;
#229 = EDGE_LOOP ( 'NONE', ( #1665, #1304, #1000, #1769 ) ) ;
#230 = ORIENTED_EDGE ( 'NONE', *, *, #164, .T. ) ;
#231 = ORIENTED_EDGE ( 'NONE', *, *, #1944, .F. ) ;
#232 = CIRCLE ( 'NONE', #310, 1.000000000000000888 ) ;
#233 = AXIS2_PLACEMENT_3D ( 'NONE', #1692, #1722, #619 ) ;
#234 = EDGE_CURVE ( 'NONE', #1034, #1938, #1505, .T. ) ;
#235 = AXIS2_PLACEMENT_3D ( 'NONE', #799, #321, #1917 ) ;
#236 = AXIS2_PLACEMENT_3D ( 'NONE', #1708, #83, #1690 ) ;
#237 = LINE ( 'NONE', #2025, #527 ) ;
#238 = DIRECTION ( 'NONE',  ( 0.000000000000000000, 0.000000000000000000, -1.000000000000000000 ) ) ;
#239 = CARTESIAN_POINT ( 'NONE',  ( 16.06809969032249441, -1.000000000000000000, 8.000000000000000000 ) ) ;
#240 = CARTESIAN_POINT ( 'NONE',  ( 0.9999999999999997780, 0.000000000000000000, 50.00000000000000000 ) ) ;
#241 = DIRECTION ( 'NONE',  ( -1.000000000000000000, 0.000000000000000000, 0.000000000000000000 ) ) ;
#242 = VERTEX_POINT ( 'NONE', #597 ) ;
#243 = VERTEX_POINT ( 'NONE', #1509 ) ;
#244 = CYLINDRICAL_SURFACE ( 'NONE', #937, 1.000000000000000000 ) ;
#245 = ORIENTED_EDGE ( 'NONE', *, *, #1267, .T. ) ;
#246 = EDGE_CURVE ( 'NONE', #1108, #2100, #1647, .T. ) ;
#247 = DIRECTION ( 'NONE',  ( -0.000000000000000000, -0.000000000000000000, -1.000000000000000000 ) ) ;
#248 = DIRECTION ( 'NONE',  ( -0.000000000000000000, -0.000000000000000000, -1.000000000000000000 ) ) ;
#249 = CYLINDRICAL_SURFACE ( 'NONE', #865, 1.000000000000000888 ) ;
#250 = DIRECTION ( 'NONE',  ( 0.000000000000000000, 0.000000000000000000, 1.000000000000000000 ) ) ;
#251 = DIRECTION ( 'NONE',  ( 0.000000000000000000, 1.000000000000000000, 0.000000000000000000 ) ) ;
#252 = DIRECTION ( 'NONE',  ( -0.000000000000000000, -0.000000000000000000, -1.000000000000000000 ) ) ;
#253 = FACE_OUTER_BOUND ( 'NONE', #763, .T. ) ;
#254 = EDGE_LOOP ( 'NONE', ( #1158, #2152, #561, #634 ) ) ;
#255 = ORIENTED_EDGE ( 'NONE', *, *, #1556, .F. ) ;
#256 = DIRECTION ( 'NONE',  ( -0.000000000000000000, 1.000000000000000000, 0.000000000000000000 ) ) ;
#257 = ORIENTED_EDGE ( 'NONE', *, *, #694, .F. ) ;
#258 = DIRECTION ( 'NONE',  ( -0.000000000000000000, 1.000000000000000000, 0.000000000000000000 ) ) ;
#259 = DIRECTION ( 'NONE',  ( 0.000000000000000000, 0.000000000000000000, -1.000000000000000000 ) ) ;
#260 = ADVANCED_FACE ( 'NONE', ( #397 ), #950, .T. ) ;
#261 = CARTESIAN_POINT ( 'NONE',  ( 1.000000000000000222, -1.000000000000000000, 1.000000000000000000 ) ) ;
#262 = FACE_OUTER_BOUND ( 'NONE', #1512, .T. ) ;
#263 = CARTESIAN_POINT ( 'NONE',  ( 56.99999999999999289, -1.000000000000000000, 49.00000000000000711 ) ) ;
#264 = DIRECTION ( 'NONE',  ( -0.000000000000000000, -0.000000000000000000, -1.000000000000000000 ) ) ;
#265 = VERTEX_POINT ( 'NONE', #1853 ) ;
#266 = EDGE_LOOP ( 'NONE', ( #651, #2203, #720, #534 ) ) ;
#267 = CARTESIAN_POINT ( 'NONE',  ( 21.33000000000000185, -14.00000000000000000, 50.00000000000000000 ) ) ;
#268 = ORIENTED_EDGE ( 'NONE', *, *, #871, .F. ) ;
#269 = AXIS2_PLACEMENT_3D ( 'NONE', #776, #111, #1945 ) ;
#270 = AXIS2_PLACEMENT_3D ( 'NONE', #92, #1295, #630 ) ;
#271 = DIRECTION ( 'NONE',  ( 0.000000000000000000, 1.000000000000000000, 0.000000000000000000 ) ) ;
#272 = DIRECTION ( 'NONE',  ( -1.000000000000000000, 0.000000000000000000, 0.000000000000000000 ) ) ;
#273 = VECTOR ( 'NONE', #271, 1000.000000000000000 ) ;
#274 = DIRECTION ( 'NONE',  ( 0.000000000000000000, 0.000000000000000000, 1.000000000000000000 ) ) ;
#275 = DIRECTION ( 'NONE',  ( 0.000000000000000000, 0.000000000000000000, 1.000000000000000000 ) ) ;
#276 = ORIENTED_EDGE ( 'NONE', *, *, #526, .T. ) ;
#277 = ORIENTED_EDGE ( 'NONE', *, *, #2311, .F. ) ;
#278 = DIRECTION ( 'NONE',  ( 0.000000000000000000, 0.000000000000000000, -1.000000000000000000 ) ) ;
#279 = EDGE_LOOP ( 'NONE', ( #1680, #1145, #1787, #1709 ) ) ;
#280 =( BOUNDED_CURVE ( )  B_SPLINE_CURVE ( 3, ( #560, #365, #922, #1420 ),
 .UNSPECIFIED., .F., .F. ) 
 B_SPLINE_CURVE_WITH_KNOTS ( ( 4, 4 ),
 ( 4.712388980384689674, 6.283185307179579127 ),
 .UNSPECIFIED. ) 
 CURVE ( )  GEOMETRIC_REPRESENTATION_ITEM ( )  RATIONAL_B_SPLINE_CURVE ( ( 1.000000000000000000, 0.8047378541243649375, 0.8047378541243649375, 1.000000000000000000 ) ) 
 REPRESENTATION_ITEM ( '' )  );
#281 = CARTESIAN_POINT ( 'NONE',  ( 17.06809969032249796, -1.671921842938518310, 8.000000000000000000 ) ) ;
#282 = DIRECTION ( 'NONE',  ( 0.000000000000000000, 0.000000000000000000, -1.000000000000000000 ) ) ;
#283 = CARTESIAN_POINT ( 'NONE',  ( 16.00665146708350406, -1.000000000000000000, 49.00000000000000000 ) ) ;
#284 = FACE_OUTER_BOUND ( 'NONE', #2071, .T. ) ;
#285 = DIRECTION ( 'NONE',  ( -0.000000000000000000, 0.000000000000000000, -1.000000000000000000 ) ) ;
#286 = ORIENTED_EDGE ( 'NONE', *, *, #695, .F. ) ;
#287 = ADVANCED_FACE ( 'NONE', ( #1467 ), #786, .F. ) ;
#288 = EDGE_CURVE ( 'NONE', #1012, #1644, #1153, .T. ) ;
#289 = EDGE_LOOP ( 'NONE', ( #857, #1048 ) ) ;
#290 = ORIENTED_EDGE ( 'NONE', *, *, #669, .T. ) ;
#291 = EDGE_LOOP ( 'NONE', ( #1328, #1951, #368, #1188, #1617, #1484 ) ) ;
#292 =( BOUNDED_CURVE ( )  B_SPLINE_CURVE ( 3, ( #2047, #2205, #766, #65 ),
 .UNSPECIFIED., .F., .T. ) 
 B_SPLINE_CURVE_WITH_KNOTS ( ( 4, 4 ),
 ( 0.000000000000000000, 1.570796326794896558 ),
 .UNSPECIFIED. ) 
 CURVE ( )  GEOMETRIC_REPRESENTATION_ITEM ( )  RATIONAL_B_SPLINE_CURVE ( ( 1.000000000000000000, 0.8047378541243649375, 0.8047378541243649375, 1.000000000000000000 ) ) 
 REPRESENTATION_ITEM ( '' )  );
#293 = DIRECTION ( 'NONE',  ( 0.000000000000000000, -1.000000000000000000, 0.000000000000000000 ) ) ;
#294 = CARTESIAN_POINT ( 'NONE',  ( 18.06809969032249796, -3.908059915973653098, 1.000000000000000000 ) ) ;
#295 = LINE ( 'NONE', #314, #708 ) ;
#296 = ORIENTED_EDGE ( 'NONE', *, *, #2254, .T. ) ;
#297 = VERTEX_POINT ( 'NONE', #2231 ) ;
#298 = CARTESIAN_POINT ( 'NONE',  ( 17.00665146708350406, -1.000000000000000000, 40.01233501934770942 ) ) ;
#299 = ORIENTED_EDGE ( 'NONE', *, *, #552, .T. ) ;
#300 = EDGE_CURVE ( 'NONE', #465, #2243, #1585, .T. ) ;
#301 = FILL_AREA_STYLE ('',( #2302 ) ) ;
#302 = ORIENTED_EDGE ( 'NONE', *, *, #1476, .T. ) ;
#303 = DIRECTION ( 'NONE',  ( 0.000000000000000000, -1.000000000000000000, 0.000000000000000000 ) ) ;
#304 = ORIENTED_EDGE ( 'NONE', *, *, #1300, .F. ) ;
#305 = EDGE_CURVE ( 'NONE', #1376, #1034, #1618, .T. ) ;
#306 = AXIS2_PLACEMENT_3D ( 'NONE', #398, #749, #951 ) ;
#307 = VECTOR ( 'NONE', #1125, 1000.000000000000000 ) ;
#308 = AXIS2_PLACEMENT_3D ( 'NONE', #1493, #408, #1129 ) ;
#309 = CARTESIAN_POINT ( 'NONE',  ( 53.84735485676164757, -20.36437231950669613, 50.00000000000000000 ) ) ;
#310 = AXIS2_PLACEMENT_3D ( 'NONE', #322, #1023, #131 ) ;
#311 = AXIS2_PLACEMENT_3D ( 'NONE', #533, #201, #1291 ) ;
#312 = CIRCLE ( 'NONE', #1133, 4.499999999999997335 ) ;
#313 = AXIS2_PLACEMENT_3D ( 'NONE', #466, #1766, #1378 ) ;
#314 = CARTESIAN_POINT ( 'NONE',  ( 16.06809969032249441, 0.000000000000000000, 0.000000000000000000 ) ) ;
#315 = ORIENTED_EDGE ( 'NONE', *, *, #1669, .T. ) ;
#316 = EDGE_LOOP ( 'NONE', ( #1691, #636, #45, #1964 ) ) ;
#317 = DIRECTION ( 'NONE',  ( 1.000000000000000000, 0.000000000000000000, 0.000000000000000000 ) ) ;
#318 = VERTEX_POINT ( 'NONE', #1876 ) ;
#319 = EDGE_CURVE ( 'NONE', #513, #2022, #748, .T. ) ;
#320 = ORIENTED_EDGE ( 'NONE', *, *, #2105, .F. ) ;
#321 = DIRECTION ( 'NONE',  ( -0.000000000000000000, -0.000000000000000000, 1.000000000000000000 ) ) ;
#322 = CARTESIAN_POINT ( 'NONE',  ( 56.99999999999999289, -26.59079423964294975, 49.00000000000000000 ) ) ;
#323 = DIRECTION ( 'NONE',  ( 0.000000000000000000, 1.000000000000000000, 0.000000000000000000 ) ) ;
#324 = ORIENTED_EDGE ( 'NONE', *, *, #1061, .F. ) ;
#325 = DIRECTION ( 'NONE',  ( 1.000000000000000000, 0.000000000000000000, 0.000000000000000000 ) ) ;
#326 = EDGE_LOOP ( 'NONE', ( #1148, #1563, #872, #847 ) ) ;
#327 = EDGE_LOOP ( 'NONE', ( #223, #116 ) ) ;
#328 = DIRECTION ( 'NONE',  ( 0.000000000000000000, 0.000000000000000000, 1.000000000000000000 ) ) ;
#329 = CARTESIAN_POINT ( 'NONE',  ( 43.34129504891359375, -1.000000000000000000, 49.00000000000000711 ) ) ;
#330 = EDGE_CURVE ( 'NONE', #2022, #1570, #2222, .T. ) ;
#331 = CARTESIAN_POINT ( 'NONE',  ( 0.9999999999999997780, -1.000000000000000000, 1.000000000000000000 ) ) ;
#332 = ADVANCED_FACE ( 'NONE', ( #761 ), #1480, .T. ) ;
#333 = CARTESIAN_POINT ( 'NONE',  ( 17.06809969032249796, -3.908059915973653098, 1.000000000000000000 ) ) ;
#334 = DIRECTION ( 'NONE',  ( 0.000000000000000000, 0.000000000000000000, 1.000000000000000000 ) ) ;
#335 = VERTEX_POINT ( 'NONE', #1025 ) ;
#336 = ORIENTED_EDGE ( 'NONE', *, *, #2017, .T. ) ;
#337 = EDGE_LOOP ( 'NONE', ( #633, #618, #2160 ) ) ;
#338 = CARTESIAN_POINT ( 'NONE',  ( 56.99999999999999289, -27.59079423964294975, 1.000000000000000888 ) ) ;
#339 = AXIS2_PLACEMENT_3D ( 'NONE', #510, #500, #2249 ) ;
#340 = PRESENTATION_LAYER_ASSIGNMENT (  '', '', ( #46 ) ) ;
#341 = ADVANCED_FACE ( 'NONE', ( #1384 ), #1790, .F. ) ;
#342 = DIRECTION ( 'NONE',  ( 0.000000000000000000, 0.000000000000000000, 1.000000000000000000 ) ) ;
#343 = VECTOR ( 'NONE', #811, 1000.000000000000000 ) ;
#344 = AXIS2_PLACEMENT_3D ( 'NONE', #12, #1991, #213 ) ;
#345 = VECTOR ( 'NONE', #2279, 1000.000000000000000 ) ;
#346 = ADVANCED_FACE ( 'NONE', ( #1259 ), #742, .F. ) ;
#347 = CARTESIAN_POINT ( 'NONE',  ( 0.000000000000000000, -4.910000000000000142, 49.00000000000000000 ) ) ;
#348 = CARTESIAN_POINT ( 'NONE',  ( 18.32999999999999829, -14.00000000000000000, 2.761379333656534207 ) ) ;
#349 = EDGE_LOOP ( 'NONE', ( #1971, #276, #257, #1444 ) ) ;
#350 = DIRECTION ( 'NONE',  ( -0.000000000000000000, -0.000000000000000000, 1.000000000000000000 ) ) ;
#351 = CARTESIAN_POINT ( 'NONE',  ( 17.00665146708350406, -4.910000000000000142, 50.00000000000000000 ) ) ;
#352 = ORIENTED_EDGE ( 'NONE', *, *, #1538, .F. ) ;
#353 = DIRECTION ( 'NONE',  ( -1.000000000000000000, 0.000000000000000000, 0.000000000000000000 ) ) ;
#354 = CARTESIAN_POINT ( 'NONE',  ( 43.34129504891359375, -1.000000000000000000, 41.01233501934770942 ) ) ;
#355 = CYLINDRICAL_SURFACE ( 'NONE', #128, 2.000000000000001776 ) ;
#356 = DIRECTION ( 'NONE',  ( -1.000000000000000000, 0.000000000000000000, 0.000000000000000000 ) ) ;
#357 = ORIENTED_EDGE ( 'NONE', *, *, #1887, .T. ) ;
#358 = EDGE_CURVE ( 'NONE', #222, #967, #1091, .T. ) ;
#359 = FACE_OUTER_BOUND ( 'NONE', #814, .T. ) ;
#360 = ORIENTED_EDGE ( 'NONE', *, *, #288, .F. ) ;
#361 = VERTEX_POINT ( 'NONE', #2195 ) ;
#362 = CYLINDRICAL_SURFACE ( 'NONE', #377, 1.000000000000000888 ) ;
#363 = CARTESIAN_POINT ( 'NONE',  ( 1.000000000000000000, -1.000000000000000000, 49.00000000000000711 ) ) ;
#364 = ORIENTED_EDGE ( 'NONE', *, *, #207, .F. ) ;
#365 = CARTESIAN_POINT ( 'NONE',  ( 43.75550861128669311, -5.324213562373094177, 50.00000000000000000 ) ) ;
#366 = EDGE_LOOP ( 'NONE', ( #780, #1421 ) ) ;
#367 = CARTESIAN_POINT ( 'NONE',  ( 17.00665146708350406, -1.671921842938518532, 47.45453983889436245 ) ) ;
#368 = ORIENTED_EDGE ( 'NONE', *, *, #3, .T. ) ;
#369 = ORIENTED_EDGE ( 'NONE', *, *, #1065, .T. ) ;
#370 = ADVANCED_FACE ( 'NONE', ( #1715 ), #1684, .T. ) ;
#371 = DIRECTION ( 'NONE',  ( 1.000000000000000000, 0.000000000000000000, 0.000000000000000000 ) ) ;
#372 = DIRECTION ( 'NONE',  ( 1.000000000000000000, 0.000000000000000000, -0.000000000000000000 ) ) ;
#373 = VECTOR ( 'NONE', #356, 1000.000000000000000 ) ;
#374 = CARTESIAN_POINT ( 'NONE',  ( 43.37097701186070964, 0.000000000000000000, 8.000000000000000000 ) ) ;
#375 = AXIS2_PLACEMENT_3D ( 'NONE', #997, #1323, #1897 ) ;
#376 = EDGE_LOOP ( 'NONE', ( #861, #927, #925, #1169, #650, #245, #1895, #514, #147, #1749 ) ) ;
#377 = AXIS2_PLACEMENT_3D ( 'NONE', #20, #873, #722 ) ;
#378 = VECTOR ( 'NONE', #1899, 1000.000000000000000 ) ;
#379 = DIRECTION ( 'NONE',  ( -1.000000000000000000, 0.000000000000000000, 0.000000000000000000 ) ) ;
#380 = CIRCLE ( 'NONE', #1889, 4.499999999999997335 ) ;
#381 = CIRCLE ( 'NONE', #704, 3.000000000000002665 ) ;
#382 = ORIENTED_EDGE ( 'NONE', *, *, #1506, .F. ) ;
#383 = CARTESIAN_POINT ( 'NONE',  ( 44.37097701186070964, -3.908059915973653098, 0.9999999999999991118 ) ) ;
#384 = ADVANCED_FACE ( 'NONE', ( #957 ), #800, .F. ) ;
#385 = DIRECTION ( 'NONE',  ( -0.000000000000000000, 0.000000000000000000, -1.000000000000000000 ) ) ;
#386 = CARTESIAN_POINT ( 'NONE',  ( 56.99999999999999289, -1.000000000000000000, 49.00000000000000000 ) ) ;
#387 = DIRECTION ( 'NONE',  ( -0.000000000000000000, 0.000000000000000000, -1.000000000000000000 ) ) ;
#388 = ORIENTED_EDGE ( 'NONE', *, *, #2244, .T. ) ;
#389 = CARTESIAN_POINT ( 'NONE',  ( 56.99999999999999289, -1.000000000000000000, 1.000000000000000000 ) ) ;
#390 = ORIENTED_EDGE ( 'NONE', *, *, #2217, .F. ) ;
#391 = DIRECTION ( 'NONE',  ( -0.000000000000000000, -0.000000000000000000, -1.000000000000000000 ) ) ;
#392 = ORIENTED_EDGE ( 'NONE', *, *, #1765, .F. ) ;
#393 = DIRECTION ( 'NONE',  ( -1.000000000000000000, 0.000000000000000000, 0.000000000000000000 ) ) ;
#394 = DIRECTION ( 'NONE',  ( 0.000000000000000000, 0.000000000000000000, -1.000000000000000000 ) ) ;
#395 = DIRECTION ( 'NONE',  ( 1.000000000000000000, 0.000000000000000000, 0.000000000000000000 ) ) ;
#396 = EDGE_CURVE ( 'NONE', #1469, #2178, #1053, .T. ) ;
#397 = FACE_OUTER_BOUND ( 'NONE', #1290, .T. ) ;
#398 = CARTESIAN_POINT ( 'NONE',  ( 5.741097321911706963, -10.36271593621965259, 50.00000000000000000 ) ) ;
#399 = ADVANCED_FACE ( 'NONE', ( #769 ), #2074, .T. ) ;
#400 = ORIENTED_EDGE ( 'NONE', *, *, #2049, .F. ) ;
#401 = PLANE ( 'NONE',  #2118 ) ;
#402 = VERTEX_POINT ( 'NONE', #782 ) ;
#403 = CARTESIAN_POINT ( 'NONE',  ( 57.99999999999999289, -1.000000000000000000, 1.000000000000000888 ) ) ;
#404 = DIRECTION ( 'NONE',  ( 0.000000000000000000, 1.000000000000000000, 0.000000000000000000 ) ) ;
#405 = CARTESIAN_POINT ( 'NONE',  ( 0.000000000000000000, -4.910000000000001030, 47.45453983889436245 ) ) ;
#406 = DIRECTION ( 'NONE',  ( 1.000000000000000000, 0.000000000000000000, 0.000000000000000000 ) ) ;
#407 = EDGE_CURVE ( 'NONE', #522, #2057, #90, .T. ) ;
#408 = DIRECTION ( 'NONE',  ( -0.000000000000000000, 0.000000000000000000, -1.000000000000000000 ) ) ;
#409 = PLANE ( 'NONE',  #236 ) ;
#410 = ORIENTED_EDGE ( 'NONE', *, *, #1702, .T. ) ;
#411 = ADVANCED_FACE ( 'NONE', ( #611 ), #1475, .T. ) ;
#412 = CIRCLE ( 'NONE', #1426, 2.000000000000001776 ) ;
#413 = AXIS2_PLACEMENT_3D ( 'NONE', #386, #558, #1663 ) ;
#414 = CARTESIAN_POINT ( 'NONE',  ( 39.66399999999999437, -14.50600790507669302, 50.00000000000000000 ) ) ;
#415 = ORIENTED_EDGE ( 'NONE', *, *, #1016, .T. ) ;
#416 = AXIS2_PLACEMENT_3D ( 'NONE', #417, #1860, #1450 ) ;
#417 = CARTESIAN_POINT ( 'NONE',  ( 0.9999999999999997780, -1.000000000000000000, 1.000000000000000000 ) ) ;
#418 = DIRECTION ( 'NONE',  ( 0.000000000000000000, 0.000000000000000000, -1.000000000000000000 ) ) ;
#419 = CYLINDRICAL_SURFACE ( 'NONE', #1962, 3.000000000000000888 ) ;
#420 = FACE_OUTER_BOUND ( 'NONE', #1572, .T. ) ;
#421 = DIRECTION ( 'NONE',  ( 0.000000000000000000, -0.000000000000000000, -1.000000000000000000 ) ) ;
#422 = DIRECTION ( 'NONE',  ( -1.000000000000000000, 0.000000000000000000, 0.000000000000000000 ) ) ;
#423 = DIRECTION ( 'NONE',  ( -0.000000000000000000, -0.000000000000000000, 1.000000000000000000 ) ) ;
#424 = DIRECTION ( 'NONE',  ( 0.000000000000000000, 0.000000000000000000, 1.000000000000000000 ) ) ;
#425 = ORIENTED_EDGE ( 'NONE', *, *, #1508, .F. ) ;
#426 =( BOUNDED_CURVE ( )  B_SPLINE_CURVE ( 3, ( #1174, #1693, #1099, #2013 ),
 .UNSPECIFIED., .F., .T. ) 
 B_SPLINE_CURVE_WITH_KNOTS ( ( 4, 4 ),
 ( 3.141592653589793116, 4.712388980384689674 ),
 .UNSPECIFIED. ) 
 CURVE ( )  GEOMETRIC_REPRESENTATION_ITEM ( )  RATIONAL_B_SPLINE_CURVE ( ( 1.000000000000000000, 0.8047378541243649375, 0.8047378541243649375, 1.000000000000000000 ) ) 
 REPRESENTATION_ITEM ( '' )  );
#427 = ORIENTED_EDGE ( 'NONE', *, *, #2309, .T. ) ;
#428 = CARTESIAN_POINT ( 'NONE',  ( 57.99999999999999289, -26.59079423964295330, 1.000000000000000888 ) ) ;
#429 = ORIENTED_EDGE ( 'NONE', *, *, #154, .T. ) ;
#430 = EDGE_CURVE ( 'NONE', #955, #242, #196, .T. ) ;
#431 = DIRECTION ( 'NONE',  ( 0.000000000000000000, 0.000000000000000000, 1.000000000000000000 ) ) ;
#432 = EDGE_CURVE ( 'NONE', #616, #889, #1697, .T. ) ;
#433 = DIRECTION ( 'NONE',  ( 1.000000000000000000, -0.000000000000000000, 0.000000000000000000 ) ) ;
#434 = SURFACE_STYLE_FILL_AREA ( #1501 ) ;
#435 = LINE ( 'NONE', #961, #307 ) ;
#436 = DIRECTION ( 'NONE',  ( 0.000000000000000000, 0.000000000000000000, -1.000000000000000000 ) ) ;
#437 = DIRECTION ( 'NONE',  ( -0.000000000000000000, -0.000000000000000000, -1.000000000000000000 ) ) ;
#438 = ORIENTED_EDGE ( 'NONE', *, *, #1944, .T. ) ;
#439 = ORIENTED_EDGE ( 'NONE', *, *, #1933, .T. ) ;
#440 = FACE_OUTER_BOUND ( 'NONE', #106, .T. ) ;
#441 = ORIENTED_EDGE ( 'NONE', *, *, #1258, .F. ) ;
#442 =( BOUNDED_CURVE ( )  B_SPLINE_CURVE ( 3, ( #1517, #2234, #1526, #2059 ),
 .UNSPECIFIED., .F., .T. ) 
 B_SPLINE_CURVE_WITH_KNOTS ( ( 4, 4 ),
 ( 3.141592653589793116, 4.712388980384689674 ),
 .UNSPECIFIED. ) 
 CURVE ( )  GEOMETRIC_REPRESENTATION_ITEM ( )  RATIONAL_B_SPLINE_CURVE ( ( 1.000000000000000000, 0.8047378541243649375, 0.8047378541243649375, 1.000000000000000000 ) ) 
 REPRESENTATION_ITEM ( '' )  );
#443 = EDGE_CURVE ( 'NONE', #402, #506, #9, .T. ) ;
#444 = DIRECTION ( 'NONE',  ( 1.000000000000000000, 0.000000000000000000, 0.000000000000000000 ) ) ;
#445 = DIRECTION ( 'NONE',  ( 1.000000000000000000, 0.000000000000000000, -0.000000000000000000 ) ) ;
#446 = EDGE_CURVE ( 'NONE', #1718, #1439, #426, .T. ) ;
#447 = DIRECTION ( 'NONE',  ( 1.000000000000000000, 0.000000000000000000, 0.000000000000000000 ) ) ;
#448 = CARTESIAN_POINT ( 'NONE',  ( 18.32999999999999829, -14.00000000000000000, 50.00000000000000000 ) ) ;
#449 = VERTEX_POINT ( 'NONE', #457 ) ;
#450 = ORIENTED_EDGE ( 'NONE', *, *, #2109, .F. ) ;
#451 = CARTESIAN_POINT ( 'NONE',  ( 57.99999999999999289, -26.03579054588323061, 47.45453983889436245 ) ) ;
#452 = VERTEX_POINT ( 'NONE', #882 ) ;
#453 = AXIS2_PLACEMENT_3D ( 'NONE', #1660, #773, #759 ) ;
#454 = AXIS2_PLACEMENT_3D ( 'NONE', #901, #1988, #1969 ) ;
#455 = VECTOR ( 'NONE', #1934, 1000.000000000000000 ) ;
#456 = DIRECTION ( 'NONE',  ( 1.000000000000000000, -0.000000000000000000, -0.000000000000000000 ) ) ;
#457 = CARTESIAN_POINT ( 'NONE',  ( 15.32999999999999829, -14.00000000000000000, 2.761379333656534207 ) ) ;
#458 = ADVANCED_FACE ( 'NONE', ( #1248 ), #521, .T. ) ;
#459 = AXIS2_PLACEMENT_3D ( 'NONE', #2090, #119, #819 ) ;
#460 = VECTOR ( 'NONE', #1562, 1000.000000000000000 ) ;
#461 = DIRECTION ( 'NONE',  ( 1.000000000000000000, 0.000000000000000000, 0.000000000000000000 ) ) ;
#462 = ADVANCED_FACE ( 'NONE', ( #2050 ), #1872, .F. ) ;
#463 = DIRECTION ( 'NONE',  ( -1.000000000000000000, 0.000000000000000000, 0.000000000000000000 ) ) ;
#464 = EDGE_LOOP ( 'NONE', ( #268, #853, #2133, #764 ) ) ;
#465 = VERTEX_POINT ( 'NONE', #1332 ) ;
#466 = CARTESIAN_POINT ( 'NONE',  ( 0.9999999999999997780, -1.000000000000000000, 49.00000000000000000 ) ) ;
#467 = ORIENTED_EDGE ( 'NONE', *, *, #827, .T. ) ;
#468 = FACE_OUTER_BOUND ( 'NONE', #195, .T. ) ;
#469 = LINE ( 'NONE', #1206, #1588 ) ;
#470 = CARTESIAN_POINT ( 'NONE',  ( 0.9999999999999997780, -1.000000000000000000, 49.00000000000000000 ) ) ;
#471 = CARTESIAN_POINT ( 'NONE',  ( 0.9999999999999997780, -26.59079423964294620, 49.00000000000000000 ) ) ;
#472 = CARTESIAN_POINT ( 'NONE',  ( 43.34129504891359375, -1.000000000000000000, 41.01233501934770942 ) ) ;
#473 = ORIENTED_EDGE ( 'NONE', *, *, #2157, .T. ) ;
#474 = ADVANCED_FACE ( 'NONE', ( #840 ), #1202, .F. ) ;
#475 = DIRECTION ( 'NONE',  ( -1.000000000000000000, 0.000000000000000000, 0.000000000000000000 ) ) ;
#476 = ORIENTED_EDGE ( 'NONE', *, *, #871, .T. ) ;
#477 = ORIENTED_EDGE ( 'NONE', *, *, #2081, .T. ) ;
#478 = DIRECTION ( 'NONE',  ( 0.000000000000000000, -1.000000000000000000, 0.000000000000000000 ) ) ;
#479 = LINE ( 'NONE', #688, #460 ) ;
#480 = CARTESIAN_POINT ( 'NONE',  ( 0.9999999999999997780, 0.000000000000000000, 49.00000000000000000 ) ) ;
#481 = CARTESIAN_POINT ( 'NONE',  ( 3.741097321911704299, -10.36271593621965259, -0.001000000000001000089 ) ) ;
#482 = ORIENTED_EDGE ( 'NONE', *, *, #432, .F. ) ;
#483 = CARTESIAN_POINT ( 'NONE',  ( 57.99999999999999289, 0.000000000000000000, 1.000000000000000888 ) ) ;
#484 = UNCERTAINTY_MEASURE_WITH_UNIT (LENGTH_MEASURE( 1.000000000000000082E-05 ), #1124, 'distance_accuracy_value', 'NONE');
#485 = ORIENTED_EDGE ( 'NONE', *, *, #1586, .T. ) ;
#486 = EDGE_CURVE ( 'NONE', #1321, #2022, #150, .T. ) ;
#487 = CARTESIAN_POINT ( 'NONE',  ( 0.000000000000000000, 0.000000000000000000, 49.00000000000000000 ) ) ;
#488 = VERTEX_POINT ( 'NONE', #281 ) ;
#489 = DIRECTION ( 'NONE',  ( 0.000000000000000000, 0.000000000000000000, -1.000000000000000000 ) ) ;
#490 = ORIENTED_EDGE ( 'NONE', *, *, #486, .T. ) ;
#491 = VECTOR ( 'NONE', #2189, 1000.000000000000000 ) ;
#492 = CIRCLE ( 'NONE', #454, 1.999999999999994893 ) ;
#493 = AXIS2_PLACEMENT_3D ( 'NONE', #2103, #2093, #1220 ) ;
#494 = DIRECTION ( 'NONE',  ( 0.000000000000000000, 0.000000000000000000, 1.000000000000000000 ) ) ;
#495 = AXIS2_PLACEMENT_3D ( 'NONE', #172, #1225, #696 ) ;
#496 = AXIS2_PLACEMENT_3D ( 'NONE', #2238, #1339, #422 ) ;
#497 = DIRECTION ( 'NONE',  ( -1.000000000000000000, 0.000000000000000000, 0.000000000000000000 ) ) ;
#498 = AXIS2_PLACEMENT_3D ( 'NONE', #67, #2037, #431 ) ;
#499 = VECTOR ( 'NONE', #1013, 1000.000000000000000 ) ;
#500 = DIRECTION ( 'NONE',  ( -0.000000000000000000, 1.000000000000000000, -0.000000000000000000 ) ) ;
#501 = ORIENTED_EDGE ( 'NONE', *, *, #579, .T. ) ;
#502 = DIRECTION ( 'NONE',  ( 0.000000000000000000, 0.000000000000000000, 1.000000000000000000 ) ) ;
#503 = MANIFOLD_SOLID_BREP ( 'Ô²½Ç13', #1198 ) ;
#504 = ORIENTED_EDGE ( 'NONE', *, *, #1882, .F. ) ;
#505 = EDGE_CURVE ( 'NONE', #297, #1214, #1427, .T. ) ;
#506 = VERTEX_POINT ( 'NONE', #1360 ) ;
#507 = CARTESIAN_POINT ( 'NONE',  ( 16.06809969032249441, 0.000000000000000000, 1.000000000000000888 ) ) ;
#508 = ADVANCED_FACE ( 'NONE', ( #468 ), #2099, .T. ) ;
#509 = LINE ( 'NONE', #2155, #1507 ) ;
#510 = CARTESIAN_POINT ( 'NONE',  ( 56.99999999999999289, -26.59079423964294975, 1.000000000000000000 ) ) ;
#511 = FACE_OUTER_BOUND ( 'NONE', #2048, .T. ) ;
#512 = DIRECTION ( 'NONE',  ( -0.000000000000000000, 1.000000000000000000, -0.000000000000000000 ) ) ;
#513 = VERTEX_POINT ( 'NONE', #2313 ) ;
#514 = ORIENTED_EDGE ( 'NONE', *, *, #970, .T. ) ;
#515 = EDGE_CURVE ( 'NONE', #76, #1214, #898, .T. ) ;
#516 = DIRECTION ( 'NONE',  ( 0.000000000000000000, 0.000000000000000000, 1.000000000000000000 ) ) ;
#517 = DIRECTION ( 'NONE',  ( 0.000000000000000000, 0.000000000000000000, 1.000000000000000000 ) ) ;
#518 = DIRECTION ( 'NONE',  ( 0.000000000000000000, -1.000000000000000000, 0.000000000000000000 ) ) ;
#519 = LINE ( 'NONE', #1251, #1698 ) ;
#520 = ORIENTED_EDGE ( 'NONE', *, *, #2180, .T. ) ;
#521 = CYLINDRICAL_SURFACE ( 'NONE', #2259, 1.000000000000000888 ) ;
#522 = VERTEX_POINT ( 'NONE', #802 ) ;
#523 = CARTESIAN_POINT ( 'NONE',  ( 43.37097701186070964, 0.000000000000000000, 8.000000000000000000 ) ) ;
#524 = DIRECTION ( 'NONE',  ( 1.000000000000000000, 0.000000000000000000, 0.000000000000000000 ) ) ;
#525 = VECTOR ( 'NONE', #192, 1000.000000000000000 ) ;
#526 = EDGE_CURVE ( 'NONE', #2178, #2218, #866, .T. ) ;
#527 = VECTOR ( 'NONE', #768, 1000.000000000000000 ) ;
#528 = AXIS2_PLACEMENT_3D ( 'NONE', #1157, #2242, #1869 ) ;
#529 = AXIS2_PLACEMENT_3D ( 'NONE', #2227, #612, #394 ) ;
#530 = DIRECTION ( 'NONE',  ( 1.000000000000000000, 0.000000000000000000, 0.000000000000000000 ) ) ;
#531 = DIRECTION ( 'NONE',  ( 0.000000000000000000, -1.000000000000000000, 0.000000000000000000 ) ) ;
#532 = EDGE_LOOP ( 'NONE', ( #2163, #1936 ) ) ;
#533 = CARTESIAN_POINT ( 'NONE',  ( 53.84735485676164757, -10.36271593621965259, 47.45453983889436245 ) ) ;
#534 = ORIENTED_EDGE ( 'NONE', *, *, #2196, .F. ) ;
#535 = ORIENTED_EDGE ( 'NONE', *, *, #1348, .T. ) ;
#536 = FACE_OUTER_BOUND ( 'NONE', #540, .T. ) ;
#537 = DIRECTION ( 'NONE',  ( -1.000000000000000000, 5.981805089575198662E-17, 0.000000000000000000 ) ) ;
#538 = CARTESIAN_POINT ( 'NONE',  ( 35.16400000000000148, -14.50600790507669302, 50.00000000000000000 ) ) ;
#539 = DIRECTION ( 'NONE',  ( 0.000000000000000000, 0.000000000000000000, 1.000000000000000000 ) ) ;
#540 = EDGE_LOOP ( 'NONE', ( #2108, #2140, #1018, #603 ) ) ;
#541 = FACE_BOUND ( 'NONE', #114, .T. ) ;
#542 = ORIENTED_EDGE ( 'NONE', *, *, #1473, .F. ) ;
#543 = ORIENTED_EDGE ( 'NONE', *, *, #22, .F. ) ;
#544 = CARTESIAN_POINT ( 'NONE',  ( 18.06809969032249796, -4.908059915973653098, 8.000000000000000000 ) ) ;
#545 = CYLINDRICAL_SURFACE ( 'NONE', #7, 1.000000000000000000 ) ;
#546 = LINE ( 'NONE', #1262, #2291 ) ;
#547 = DIRECTION ( 'NONE',  ( 1.000000000000000000, -0.000000000000000000, 0.000000000000000000 ) ) ;
#548 = VERTEX_POINT ( 'NONE', #1142 ) ;
#549 = EDGE_CURVE ( 'NONE', #222, #823, #59, .T. ) ;
#550 = CARTESIAN_POINT ( 'NONE',  ( 0.9999999999999997780, -26.59079423964294620, 50.00000000000000000 ) ) ;
#551 = ORIENTED_EDGE ( 'NONE', *, *, #945, .F. ) ;
#552 = EDGE_CURVE ( 'NONE', #1438, #1756, #1350, .T. ) ;
#553 = FACE_OUTER_BOUND ( 'NONE', #574, .T. ) ;
#554 = SURFACE_STYLE_USAGE ( .BOTH. , #1826 ) ;
#555 = CARTESIAN_POINT ( 'NONE',  ( 53.84735485676164757, -20.36437231950669613, 50.00000000000000000 ) ) ;
#556 = AXIS2_PLACEMENT_3D ( 'NONE', #1664, #584, #1298 ) ;
#557 = CIRCLE ( 'NONE', #1886, 1.000000000000000888 ) ;
#558 = DIRECTION ( 'NONE',  ( -0.000000000000000000, -0.000000000000000000, -1.000000000000000000 ) ) ;
#559 = VECTOR ( 'NONE', #252, 1000.000000000000000 ) ;
#560 = CARTESIAN_POINT ( 'NONE',  ( 44.34129504891360085, -5.910000000000000142, 50.00000000000000000 ) ) ;
#561 = ORIENTED_EDGE ( 'NONE', *, *, #407, .T. ) ;
#562 = CARTESIAN_POINT ( 'NONE',  ( 55.84735485676164046, -20.36437231950669613, 50.00000000000000000 ) ) ;
#563 = AXIS2_PLACEMENT_3D ( 'NONE', #91, #478, #2256 ) ;
#564 = CIRCLE ( 'NONE', #1510, 3.000000000000002665 ) ;
#565 = LINE ( 'NONE', #1265, #54 ) ;
#566 = ORIENTED_EDGE ( 'NONE', *, *, #1446, .F. ) ;
#567 = EDGE_CURVE ( 'NONE', #2121, #616, #2078, .T. ) ;
#568 = ADVANCED_FACE ( 'NONE', ( #1310 ), #1676, .T. ) ;
#569 = CARTESIAN_POINT ( 'NONE',  ( 0.000000000000000000, 0.000000000000000000, 49.00000000000000000 ) ) ;
#570 = EDGE_CURVE ( 'NONE', #1376, #1938, #200, .T. ) ;
#571 = CARTESIAN_POINT ( 'NONE',  ( 17.00665146708350406, -4.910000000000000142, 49.00000000000000711 ) ) ;
#572 = DIRECTION ( 'NONE',  ( -0.000000000000000000, -0.000000000000000000, -1.000000000000000000 ) ) ;
#573 = DIRECTION ( 'NONE',  ( 1.000000000000000000, 0.000000000000000000, 0.000000000000000000 ) ) ;
#574 = EDGE_LOOP ( 'NONE', ( #1547, #1369, #1266, #1200 ) ) ;
#575 = ORIENTED_EDGE ( 'NONE', *, *, #1114, .F. ) ;
#576 = FACE_BOUND ( 'NONE', #327, .T. ) ;
#577 = EDGE_LOOP ( 'NONE', ( #49, #520, #815, #230 ) ) ;
#578 = CARTESIAN_POINT ( 'NONE',  ( 18.06809969032249796, -5.908059915973653098, 1.000000000000000000 ) ) ;
#579 = EDGE_CURVE ( 'NONE', #1855, #63, #678, .T. ) ;
#580 = DIRECTION ( 'NONE',  ( 0.000000000000000000, 0.000000000000000000, 1.000000000000000000 ) ) ;
#581 = CARTESIAN_POINT ( 'NONE',  ( 16.59243790471040469, -5.324213562373098618, 50.00000000000000000 ) ) ;
#582 = ADVANCED_FACE ( 'NONE', ( #774, #986, #110, #1082, #2021, #887, #1797 ), #904, .T. ) ;
#583 = DIRECTION ( 'NONE',  ( 0.000000000000000000, 0.000000000000000000, 1.000000000000000000 ) ) ;
#584 = DIRECTION ( 'NONE',  ( 1.000000000000000000, 0.000000000000000000, -0.000000000000000000 ) ) ;
#585 = ORIENTED_EDGE ( 'NONE', *, *, #1147, .T. ) ;
#586 = VERTEX_POINT ( 'NONE', #1253 ) ;
#587 = VERTEX_POINT ( 'NONE', #562 ) ;
#588 = LINE ( 'NONE', #1303, #1130 ) ;
#589 = ORIENTED_EDGE ( 'NONE', *, *, #234, .F. ) ;
#590 = CARTESIAN_POINT ( 'NONE',  ( 39.66399999999999437, -14.50600790507669302, 50.00000000000000000 ) ) ;
#591 = DIRECTION ( 'NONE',  ( -0.000000000000000000, -0.000000000000000000, -1.000000000000000000 ) ) ;
#592 = DIRECTION ( 'NONE',  ( 0.000000000000000000, -1.000000000000000000, 0.000000000000000000 ) ) ;
#593 = CARTESIAN_POINT ( 'NONE',  ( 44.16399999999999437, -14.50600790507669302, 47.45453983889436245 ) ) ;
#594 = DIRECTION ( 'NONE',  ( 1.000000000000000000, -0.000000000000000000, -0.000000000000000000 ) ) ;
#595 = EDGE_CURVE ( 'NONE', #1598, #1191, #1470, .T. ) ;
#596 = EDGE_CURVE ( 'NONE', #890, #616, #1279, .T. ) ;
#597 = CARTESIAN_POINT ( 'NONE',  ( 18.06809969032249796, -4.908059915973653098, 1.000000000000000000 ) ) ;
#598 = CARTESIAN_POINT ( 'NONE',  ( 0.000000000000000000, -26.03579054588323061, 2.761379333656534207 ) ) ;
#599 = ORIENTED_EDGE ( 'NONE', *, *, #209, .F. ) ;
#600 = AXIS2_PLACEMENT_3D ( 'NONE', #1840, #1143, #228 ) ;
#601 = VECTOR ( 'NONE', #1875, 1000.000000000000000 ) ;
#602 = AXIS2_PLACEMENT_3D ( 'NONE', #227, #423, #733 ) ;
#603 = ORIENTED_EDGE ( 'NONE', *, *, #443, .F. ) ;
#604 = CARTESIAN_POINT ( 'NONE',  ( 18.32999999999999829, -14.00000000000000000, 0.000000000000000000 ) ) ;
#605 = ORIENTED_EDGE ( 'NONE', *, *, #2295, .F. ) ;
#606 = AXIS2_PLACEMENT_3D ( 'NONE', #2260, #645, #1362 ) ;
#607 = CIRCLE ( 'NONE', #796, 1.000000000000000888 ) ;
#608 = MECHANICAL_DESIGN_GEOMETRIC_PRESENTATION_REPRESENTATION (  '', ( #1746 ), #1059 ) ;
#609 = AXIS2_PLACEMENT_3D ( 'NONE', #2056, #437, #1154 ) ;
#610 = DIRECTION ( 'NONE',  ( 0.000000000000000000, -0.000000000000000000, 1.000000000000000000 ) ) ;
#611 = FACE_OUTER_BOUND ( 'NONE', #1723, .T. ) ;
#612 = DIRECTION ( 'NONE',  ( 1.000000000000000000, 0.000000000000000000, 0.000000000000000000 ) ) ;
#613 = CARTESIAN_POINT ( 'NONE',  ( 0.000000000000000000, -26.03579054588323061, 47.45453983889436245 ) ) ;
#614 = CARTESIAN_POINT ( 'NONE',  ( 44.37097701186070964, -1.000000000000000000, 1.000000000000000888 ) ) ;
#615 = DIRECTION ( 'NONE',  ( 0.000000000000000000, 0.000000000000000000, 1.000000000000000000 ) ) ;
#616 = VERTEX_POINT ( 'NONE', #38 ) ;
#617 = EDGE_CURVE ( 'NONE', #318, #1641, #728, .T. ) ;
#618 = ORIENTED_EDGE ( 'NONE', *, *, #1240, .T. ) ;
#619 = DIRECTION ( 'NONE',  ( -1.000000000000000000, 0.000000000000000000, 0.000000000000000000 ) ) ;
#620 = ORIENTED_EDGE ( 'NONE', *, *, #988, .T. ) ;
#621 = DIRECTION ( 'NONE',  ( 1.000000000000000000, 0.000000000000000000, 0.000000000000000000 ) ) ;
#622 = CARTESIAN_POINT ( 'NONE',  ( 56.99999999999999289, 0.000000000000000000, 50.00000000000000000 ) ) ;
#623 = CARTESIAN_POINT ( 'NONE',  ( 43.37097701186070964, -4.908059915973653098, 1.000000000000000000 ) ) ;
#624 = CARTESIAN_POINT ( 'NONE',  ( 5.981805089575198662E-17, -26.59079423964294620, 49.00000000000000000 ) ) ;
#625 = ORIENTED_EDGE ( 'NONE', *, *, #785, .T. ) ;
#626 = DIRECTION ( 'NONE',  ( -0.000000000000000000, 1.000000000000000000, -0.000000000000000000 ) ) ;
#627 = ORIENTED_EDGE ( 'NONE', *, *, #1106, .F. ) ;
#628 = ADVANCED_FACE ( 'NONE', ( #2169 ), #2008, .T. ) ;
#629 = DIRECTION ( 'NONE',  ( -1.000000000000000000, 0.000000000000000000, 0.000000000000000000 ) ) ;
#630 = DIRECTION ( 'NONE',  ( 1.000000000000000000, 0.000000000000000000, 0.000000000000000000 ) ) ;
#631 = CARTESIAN_POINT ( 'NONE',  ( 5.741097321911706963, -10.36271593621965259, 50.00000000000000000 ) ) ;
#632 = DIRECTION ( 'NONE',  ( 1.000000000000000000, 0.000000000000000000, 0.000000000000000000 ) ) ;
#633 = ORIENTED_EDGE ( 'NONE', *, *, #2142, .F. ) ;
#634 = ORIENTED_EDGE ( 'NONE', *, *, #51, .F. ) ;
#635 = DIRECTION ( 'NONE',  ( -0.000000000000000000, -0.000000000000000000, -1.000000000000000000 ) ) ;
#636 = ORIENTED_EDGE ( 'NONE', *, *, #737, .T. ) ;
#637 = CIRCLE ( 'NONE', #2076, 3.000000000000002665 ) ;
#638 = MECHANICAL_DESIGN_GEOMETRIC_PRESENTATION_REPRESENTATION (  '', ( #46 ), #1847 ) ;
#639 = DIRECTION ( 'NONE',  ( 0.000000000000000000, 0.000000000000000000, 1.000000000000000000 ) ) ;
#640 = VECTOR ( 'NONE', #864, 1000.000000000000000 ) ;
#641 = AXIS2_PLACEMENT_3D ( 'NONE', #1, #379, #701 ) ;
#642 = CARTESIAN_POINT ( 'NONE',  ( 16.06809969032249441, -3.908059915973653098, 1.000000000000000000 ) ) ;
#643 = VECTOR ( 'NONE', #1397, 1000.000000000000000 ) ;
#644 = AXIS2_PLACEMENT_3D ( 'NONE', #138, #502, #325 ) ;
#645 = DIRECTION ( 'NONE',  ( 0.000000000000000000, -1.000000000000000000, 0.000000000000000000 ) ) ;
#646 = SPHERICAL_SURFACE ( 'NONE', #1353, 1.000000000000000000 ) ;
#647 = ORIENTED_EDGE ( 'NONE', *, *, #789, .F. ) ;
#648 = ORIENTED_EDGE ( 'NONE', *, *, #1763, .T. ) ;
#649 = DIRECTION ( 'NONE',  ( 0.000000000000000000, -1.000000000000000000, 0.000000000000000000 ) ) ;
#650 = ORIENTED_EDGE ( 'NONE', *, *, #1318, .T. ) ;
#651 = ORIENTED_EDGE ( 'NONE', *, *, #2143, .F. ) ;
#652 = CARTESIAN_POINT ( 'NONE',  ( 1.000000000000000222, -1.000000000000000000, 0.000000000000000000 ) ) ;
#653 = CARTESIAN_POINT ( 'NONE',  ( 17.06809969032249796, -1.000000000000000000, 8.000000000000000000 ) ) ;
#654 = ADVANCED_FACE ( 'NONE', ( #1336 ), #419, .F. ) ;
#655 = CARTESIAN_POINT ( 'NONE',  ( 3.741097321911709184, -20.36437231950669613, 47.45453983889436245 ) ) ;
#656 = VERTEX_POINT ( 'NONE', #1371 ) ;
#657 = EDGE_CURVE ( 'NONE', #168, #1376, #479, .T. ) ;
#658 = LINE ( 'NONE', #483, #1196 ) ;
#659 = EDGE_LOOP ( 'NONE', ( #1178, #2204, #166, #566, #1666, #157 ) ) ;
#660 = ORIENTED_EDGE ( 'NONE', *, *, #596, .T. ) ;
#661 = DIRECTION ( 'NONE',  ( -0.000000000000000000, -0.000000000000000000, -1.000000000000000000 ) ) ;
#662 = DIRECTION ( 'NONE',  ( 1.000000000000000000, 0.000000000000000000, 0.000000000000000000 ) ) ;
#663 = DIRECTION ( 'NONE',  ( -1.000000000000000000, -0.000000000000000000, -0.000000000000000000 ) ) ;
#664 = EDGE_CURVE ( 'NONE', #1549, #506, #1658, .T. ) ;
#665 = EDGE_CURVE ( 'NONE', #1561, #40, #1437, .T. ) ;
#666 = ORIENTED_EDGE ( 'NONE', *, *, #1599, .T. ) ;
#667 = DIRECTION ( 'NONE',  ( -0.000000000000000000, -0.000000000000000000, -1.000000000000000000 ) ) ;
#668 = ORIENTED_EDGE ( 'NONE', *, *, #2230, .F. ) ;
#669 = EDGE_CURVE ( 'NONE', #452, #586, #719, .T. ) ;
#670 = ORIENTED_EDGE ( 'NONE', *, *, #669, .F. ) ;
#671 = LINE ( 'NONE', #1216, #643 ) ;
#672 = VECTOR ( 'NONE', #1628, 1000.000000000000000 ) ;
#673 = VECTOR ( 'NONE', #1079, 1000.000000000000000 ) ;
#674 = VECTOR ( 'NONE', #874, 1000.000000000000000 ) ;
#675 = AXIS2_PLACEMENT_3D ( 'NONE', #2188, #572, #1297 ) ;
#676 = DIRECTION ( 'NONE',  ( 1.000000000000000000, 0.000000000000000000, 0.000000000000000000 ) ) ;
#677 = AXIS2_PLACEMENT_3D ( 'NONE', #1600, #1815, #1409 ) ;
#678 = CIRCLE ( 'NONE', #1057, 3.000000000000002665 ) ;
#679 = CIRCLE ( 'NONE', #1056, 1.000000000000000888 ) ;
#680 = FACE_OUTER_BOUND ( 'NONE', #1224, .T. ) ;
#681 = VERTEX_POINT ( 'NONE', #755 ) ;
#682 = DIRECTION ( 'NONE',  ( -0.000000000000000000, -0.000000000000000000, -1.000000000000000000 ) ) ;
#683 = ORIENTED_EDGE ( 'NONE', *, *, #234, .T. ) ;
#684 = ADVANCED_FACE ( 'NONE', ( #1244, #1631, #2150, #1651, #1101, #576, #541 ), #15, .F. ) ;
#685 = ORIENTED_EDGE ( 'NONE', *, *, #1363, .F. ) ;
#686 = CARTESIAN_POINT ( 'NONE',  ( 39.66399999999999437, -14.50600790507669302, 2.761379333656534207 ) ) ;
#687 = CARTESIAN_POINT ( 'NONE',  ( 43.75550861128669311, -3.244476573706588632E-16, 40.59812145697461006 ) ) ;
#688 = CARTESIAN_POINT ( 'NONE',  ( 44.37097701186070964, 0.000000000000000000, 0.000000000000000000 ) ) ;
#689 = DIRECTION ( 'NONE',  ( -0.000000000000000000, -0.000000000000000000, 1.000000000000000000 ) ) ;
#690 = CARTESIAN_POINT ( 'NONE',  ( 56.99999999999999289, -1.000000000000000000, 1.000000000000000000 ) ) ;
#691 = ORIENTED_EDGE ( 'NONE', *, *, #1763, .F. ) ;
#692 =( NAMED_UNIT ( * ) SI_UNIT ( $, .STERADIAN. ) SOLID_ANGLE_UNIT ( ) );
#693 = ORIENTED_EDGE ( 'NONE', *, *, #113, .T. ) ;
#694 = EDGE_CURVE ( 'NONE', #1439, #2218, #565, .T. ) ;
#695 = EDGE_CURVE ( 'NONE', #965, #1388, #48, .T. ) ;
#696 = DIRECTION ( 'NONE',  ( -1.000000000000000000, 0.000000000000000000, -0.000000000000000000 ) ) ;
#697 = CARTESIAN_POINT ( 'NONE',  ( 17.00665146708350406, -4.910000000000000142, 50.00000000000000000 ) ) ;
#698 = VERTEX_POINT ( 'NONE', #367 ) ;
#699 = FACE_OUTER_BOUND ( 'NONE', #1457, .T. ) ;
#700 = ORIENTED_EDGE ( 'NONE', *, *, #2157, .F. ) ;
#701 = DIRECTION ( 'NONE',  ( 0.000000000000000000, 0.000000000000000000, 1.000000000000000000 ) ) ;
#702 = ORIENTED_EDGE ( 'NONE', *, *, #845, .T. ) ;
#703 = ORIENTED_EDGE ( 'NONE', *, *, #988, .F. ) ;
#704 = AXIS2_PLACEMENT_3D ( 'NONE', #175, #539, #2167 ) ;
#705 = VECTOR ( 'NONE', #1594, 1000.000000000000000 ) ;
#706 = CARTESIAN_POINT ( 'NONE',  ( 43.34129504891359375, -4.910000000000000142, 41.01233501934770942 ) ) ;
#707 = EDGE_CURVE ( 'NONE', #964, #1781, #1789, .T. ) ;
#708 = VECTOR ( 'NONE', #1009, 1000.000000000000000 ) ;
#709 = AXIS2_PLACEMENT_3D ( 'NONE', #283, #108, #1122 ) ;
#710 = FACE_OUTER_BOUND ( 'NONE', #1807, .T. ) ;
#711 = CIRCLE ( 'NONE', #1312, 1.000000000000000000 ) ;
#712 = VECTOR ( 'NONE', #626, 1000.000000000000000 ) ;
#713 = ADVANCED_FACE ( 'NONE', ( #359 ), #1982, .T. ) ;
#714 = CIRCLE ( 'NONE', #1236, 1.000000000000000000 ) ;
#715 = VECTOR ( 'NONE', #1905, 1000.000000000000000 ) ;
#716 = DIRECTION ( 'NONE',  ( 1.000000000000000000, 0.000000000000000000, -0.000000000000000000 ) ) ;
#717 = DIRECTION ( 'NONE',  ( -0.000000000000000000, -0.000000000000000000, 1.000000000000000000 ) ) ;
#718 = ORIENTED_EDGE ( 'NONE', *, *, #617, .T. ) ;
#719 = LINE ( 'NONE', #185, #1620 ) ;
#720 = ORIENTED_EDGE ( 'NONE', *, *, #396, .T. ) ;
#721 = ORIENTED_EDGE ( 'NONE', *, *, #1346, .T. ) ;
#722 = DIRECTION ( 'NONE',  ( 1.000000000000000000, 0.000000000000000000, 0.000000000000000000 ) ) ;
#723 = DIRECTION ( 'NONE',  ( -1.000000000000000000, 0.000000000000000000, 0.000000000000000000 ) ) ;
#724 = ADVANCED_FACE ( 'NONE', ( #1255 ), #1280, .F. ) ;
#725 = ORIENTED_EDGE ( 'NONE', *, *, #1300, .T. ) ;
#726 = CARTESIAN_POINT ( 'NONE',  ( 16.06809969032249441, -1.000000000000000000, 1.000000000000000888 ) ) ;
#727 = ORIENTED_EDGE ( 'NONE', *, *, #446, .T. ) ;
#728 = LINE ( 'NONE', #2318, #830 ) ;
#729 = DIRECTION ( 'NONE',  ( 0.000000000000000000, 0.000000000000000000, -1.000000000000000000 ) ) ;
#730 = VERTEX_POINT ( 'NONE', #1423 ) ;
#731 = CARTESIAN_POINT ( 'NONE',  ( 39.66399999999999437, -14.50600790507669302, 50.00000000000000000 ) ) ;
#732 = DIRECTION ( 'NONE',  ( 0.000000000000000000, -0.000000000000000000, -1.000000000000000000 ) ) ;
#733 = DIRECTION ( 'NONE',  ( 1.000000000000000000, 0.000000000000000000, 0.000000000000000000 ) ) ;
#734 = DIRECTION ( 'NONE',  ( -1.000000000000000000, 0.000000000000000000, -0.000000000000000000 ) ) ;
#735 = ORIENTED_EDGE ( 'NONE', *, *, #443, .T. ) ;
#736 = CARTESIAN_POINT ( 'NONE',  ( 42.37097701186070964, -5.908059915973653098, 0.9999999999999991118 ) ) ;
#737 = EDGE_CURVE ( 'NONE', #1990, #361, #2185, .T. ) ;
#738 = PRODUCT_DEFINITION ( 'Î´Öª', '', #56, #1948 ) ;
#739 = CARTESIAN_POINT ( 'NONE',  ( 17.06809969032249796, -3.908059915973653098, 8.000000000000000000 ) ) ;
#740 = ORIENTED_EDGE ( 'NONE', *, *, #103, .F. ) ;
#741 = EDGE_CURVE ( 'NONE', #452, #506, #1448, .T. ) ;
#742 = PLANE ( 'NONE',  #1393 ) ;
#743 = SPHERICAL_SURFACE ( 'NONE', #416, 1.000000000000000000 ) ;
#744 = CIRCLE ( 'NONE', #2073, 3.000000000000000888 ) ;
#745 = LINE ( 'NONE', #1141, #791 ) ;
#746 = CIRCLE ( 'NONE', #1052, 2.000000000000002665 ) ;
#747 = DIRECTION ( 'NONE',  ( 0.000000000000000000, -1.000000000000000000, 0.000000000000000000 ) ) ;
#748 = CIRCLE ( 'NONE', #1888, 1.000000000000000888 ) ;
#749 = DIRECTION ( 'NONE',  ( 0.000000000000000000, 0.000000000000000000, 1.000000000000000000 ) ) ;
#750 = ORIENTED_EDGE ( 'NONE', *, *, #3, .F. ) ;
#751 = VECTOR ( 'NONE', #661, 1000.000000000000000 ) ;
#752 =( BOUNDED_CURVE ( )  B_SPLINE_CURVE ( 3, ( #354, #1410, #687, #2136 ),
 .UNSPECIFIED., .F., .T. ) 
 B_SPLINE_CURVE_WITH_KNOTS ( ( 4, 4 ),
 ( 3.141592653589793116, 4.712388980384689674 ),
 .UNSPECIFIED. ) 
 CURVE ( )  GEOMETRIC_REPRESENTATION_ITEM ( )  RATIONAL_B_SPLINE_CURVE ( ( 1.000000000000000000, 0.8047378541243649375, 0.8047378541243649375, 1.000000000000000000 ) ) 
 REPRESENTATION_ITEM ( '' )  );
#753 = AXIS2_PLACEMENT_3D ( 'NONE', #1163, #2199, #406 ) ;
#754 = EDGE_LOOP ( 'NONE', ( #542, #1404, #1533, #382 ) ) ;
#755 = CARTESIAN_POINT ( 'NONE',  ( 43.37097701186070964, -1.671921842938518532, 2.761379333656534207 ) ) ;
#756 = ORIENTED_EDGE ( 'NONE', *, *, #924, .F. ) ;
#757 = ADVANCED_FACE ( 'NONE', ( #1994 ), #2171, .T. ) ;
#758 = LINE ( 'NONE', #2001, #897 ) ;
#759 = DIRECTION ( 'NONE',  ( 1.000000000000000000, 0.000000000000000000, 0.000000000000000000 ) ) ;
#760 = CARTESIAN_POINT ( 'NONE',  ( 44.37097701186070964, -1.000000000000000000, 1.000000000000000000 ) ) ;
#761 = FACE_OUTER_BOUND ( 'NONE', #990, .T. ) ;
#762 = CARTESIAN_POINT ( 'NONE',  ( 0.000000000000000000, -1.671921842938518532, 47.45453983889436245 ) ) ;
#763 = EDGE_LOOP ( 'NONE', ( #575, #1495, #1064, #756 ) ) ;
#764 = ORIENTED_EDGE ( 'NONE', *, *, #300, .F. ) ;
#765 = ORIENTED_EDGE ( 'NONE', *, *, #848, .T. ) ;
#766 = CARTESIAN_POINT ( 'NONE',  ( 43.78519057423380900, -2.527095087882868789E-16, 8.414213562373095812 ) ) ;
#767 = EDGE_LOOP ( 'NONE', ( #1382, #1166 ) ) ;
#768 = DIRECTION ( 'NONE',  ( 1.000000000000000000, -5.981805089575198662E-17, 0.000000000000000000 ) ) ;
#769 = FACE_OUTER_BOUND ( 'NONE', #1212, .T. ) ;
#770 = EDGE_CURVE ( 'NONE', #1483, #1644, #1396, .T. ) ;
#771 = EDGE_CURVE ( 'NONE', #730, #681, #1798, .T. ) ;
#772 = CARTESIAN_POINT ( 'NONE',  ( 43.37097701186070964, 0.000000000000000000, 1.000000000000000000 ) ) ;
#773 = DIRECTION ( 'NONE',  ( 0.000000000000000000, 0.000000000000000000, 1.000000000000000000 ) ) ;
#774 = FACE_BOUND ( 'NONE', #1616, .T. ) ;
#775 = CARTESIAN_POINT ( 'NONE',  ( 0.9999999999999997780, -27.59079423964294620, 50.00000000000000000 ) ) ;
#776 = CARTESIAN_POINT ( 'NONE',  ( 0.000000000000000000, -1.000000000000000000, 1.000000000000000000 ) ) ;
#777 = ORIENTED_EDGE ( 'NONE', *, *, #1719, .T. ) ;
#778 = VERTEX_POINT ( 'NONE', #915 ) ;
#779 = FACE_OUTER_BOUND ( 'NONE', #2181, .T. ) ;
#780 = ORIENTED_EDGE ( 'NONE', *, *, #834, .T. ) ;
#781 = DIRECTION ( 'NONE',  ( -0.000000000000000000, 0.000000000000000000, -1.000000000000000000 ) ) ;
#782 = CARTESIAN_POINT ( 'NONE',  ( 43.37097701186070964, -3.908059915973653098, 0.9999999999999991118 ) ) ;
#783 = FILL_AREA_STYLE_COLOUR ( '', #1623 ) ;
#784 = CARTESIAN_POINT ( 'NONE',  ( 42.37097701186070964, -5.908059915973653098, 0.000000000000000000 ) ) ;
#785 = EDGE_CURVE ( 'NONE', #1191, #1910, #2179, .T. ) ;
#786 = CYLINDRICAL_SURFACE ( 'NONE', #602, 1.999999999999994893 ) ;
#787 = CARTESIAN_POINT ( 'NONE',  ( 16.06809969032249441, 0.000000000000000000, 1.000000000000000000 ) ) ;
#788 = ORIENTED_EDGE ( 'NONE', *, *, #2134, .T. ) ;
#789 = EDGE_CURVE ( 'NONE', #548, #1552, #292, .T. ) ;
#790 = CIRCLE ( 'NONE', #88, 4.499999999999997335 ) ;
#791 = VECTOR ( 'NONE', #1286, 1000.000000000000000 ) ;
#792 = ORIENTED_EDGE ( 'NONE', *, *, #1955, .T. ) ;
#793 = LINE ( 'NONE', #2219, #2261 ) ;
#794 = VERTEX_POINT ( 'NONE', #926 ) ;
#795 = AXIS2_PLACEMENT_3D ( 'NONE', #1530, #2271, #2280 ) ;
#796 = AXIS2_PLACEMENT_3D ( 'NONE', #1170, #278, #993 ) ;
#797 = AXIS2_PLACEMENT_3D ( 'NONE', #1063, #717, #2316 ) ;
#798 = DIRECTION ( 'NONE',  ( 0.000000000000000000, -1.000000000000000000, 0.000000000000000000 ) ) ;
#799 = CARTESIAN_POINT ( 'NONE',  ( 5.741097321911706963, -20.36437231950669613, -0.001000000000001000089 ) ) ;
#800 = CYLINDRICAL_SURFACE ( 'NONE', #1778, 3.000000000000000888 ) ;
#801 = DIRECTION ( 'NONE',  ( 0.000000000000000000, -1.000000000000000000, 0.000000000000000000 ) ) ;
#802 = CARTESIAN_POINT ( 'NONE',  ( 56.99999999999999289, -27.59079423964294975, 49.00000000000000000 ) ) ;
#803 = EDGE_CURVE ( 'NONE', #2100, #1257, #588, .T. ) ;
#804 = FACE_OUTER_BOUND ( 'NONE', #2131, .T. ) ;
#805 = ORIENTED_EDGE ( 'NONE', *, *, #1406, .F. ) ;
#806 = ADVANCED_FACE ( 'NONE', ( #779 ), #2031, .F. ) ;
#807 = ADVANCED_FACE ( 'NONE', ( #440 ), #966, .F. ) ;
#808 = DIRECTION ( 'NONE',  ( 1.000000000000000000, 0.000000000000000000, 0.000000000000000000 ) ) ;
#809 = EDGE_LOOP ( 'NONE', ( #1868, #1144, #940, #1833 ) ) ;
#810 = LINE ( 'NONE', #1361, #273 ) ;
#811 = DIRECTION ( 'NONE',  ( 1.000000000000000000, -0.000000000000000000, -0.000000000000000000 ) ) ;
#812 = DIRECTION ( 'NONE',  ( 0.000000000000000000, 0.000000000000000000, -1.000000000000000000 ) ) ;
#813 = CARTESIAN_POINT ( 'NONE',  ( 44.34129504891360085, 0.000000000000000000, 49.00000000000000711 ) ) ;
#814 = EDGE_LOOP ( 'NONE', ( #450, #2046, #1190, #1980 ) ) ;
#815 = ORIENTED_EDGE ( 'NONE', *, *, #991, .T. ) ;
#816 = CARTESIAN_POINT ( 'NONE',  ( 57.99999999999999289, -1.671921842938518532, 2.761379333656534207 ) ) ;
#817 = ORIENTED_EDGE ( 'NONE', *, *, #2173, .F. ) ;
#818 = ADVANCED_FACE ( 'NONE', ( #2070 ), #244, .T. ) ;
#819 = DIRECTION ( 'NONE',  ( 0.000000000000000000, 0.000000000000000000, 1.000000000000000000 ) ) ;
#820 = EDGE_CURVE ( 'NONE', #1330, #2, #1742, .T. ) ;
#821 = CARTESIAN_POINT ( 'NONE',  ( 56.99999999999999289, -26.59079423964295330, 1.000000000000000000 ) ) ;
#822 = CARTESIAN_POINT ( 'NONE',  ( 0.000000000000000000, 0.000000000000000000, 50.00000000000000000 ) ) ;
#823 = VERTEX_POINT ( 'NONE', #77 ) ;
#824 = ORIENTED_EDGE ( 'NONE', *, *, #1828, .T. ) ;
#825 = ORIENTED_EDGE ( 'NONE', *, *, #741, .T. ) ;
#826 = AXIS2_PLACEMENT_3D ( 'NONE', #363, #2305, #1078 ) ;
#827 = EDGE_CURVE ( 'NONE', #778, #265, #793, .T. ) ;
#828 = CIRCLE ( 'NONE', #1094, 1.999999999999994893 ) ;
#829 = ORIENTED_EDGE ( 'NONE', *, *, #1734, .T. ) ;
#830 = VECTOR ( 'NONE', #1445, 1000.000000000000000 ) ;
#831 = LINE ( 'NONE', #1159, #165 ) ;
#832 =( GEOMETRIC_REPRESENTATION_CONTEXT ( 3 ) GLOBAL_UNCERTAINTY_ASSIGNED_CONTEXT ( ( #484 ) ) GLOBAL_UNIT_ASSIGNED_CONTEXT ( ( #1124, #1140, #1308 ) ) REPRESENTATION_CONTEXT ( 'NONE', 'WORKASPACE' ) );
#833 = AXIS2_PLACEMENT_3D ( 'NONE', #2006, #387, #220 ) ;
#834 = EDGE_CURVE ( 'NONE', #1893, #1368, #564, .T. ) ;
#835 = DIRECTION ( 'NONE',  ( 0.000000000000000000, 0.000000000000000000, -1.000000000000000000 ) ) ;
#836 = FACE_OUTER_BOUND ( 'NONE', #1132, .T. ) ;
#837 = VERTEX_POINT ( 'NONE', #428 ) ;
#838 = CYLINDRICAL_SURFACE ( 'NONE', #1965, 1.000000000000000888 ) ;
#839 = ORIENTED_EDGE ( 'NONE', *, *, #2212, .T. ) ;
#840 = FACE_OUTER_BOUND ( 'NONE', #2202, .T. ) ;
#841 = ORIENTED_EDGE ( 'NONE', *, *, #1238, .F. ) ;
#842 = CARTESIAN_POINT ( 'NONE',  ( 17.06809969032249796, -4.908059915973653098, 1.000000000000000000 ) ) ;
#843 = CARTESIAN_POINT ( 'NONE',  ( 56.99999999999999289, 0.000000000000000000, 1.000000000000000888 ) ) ;
#844 = EDGE_CURVE ( 'NONE', #823, #1906, #2023, .T. ) ;
#845 = EDGE_CURVE ( 'NONE', #2243, #465, #1546, .T. ) ;
#846 = FACE_OUTER_BOUND ( 'NONE', #2268, .T. ) ;
#847 = ORIENTED_EDGE ( 'NONE', *, *, #1489, .T. ) ;
#848 = EDGE_CURVE ( 'NONE', #2287, #823, #442, .T. ) ;
#849 = ORIENTED_EDGE ( 'NONE', *, *, #1524, .F. ) ;
#850 = CARTESIAN_POINT ( 'NONE',  ( 44.34129504891360085, 0.000000000000000000, 50.00000000000000000 ) ) ;
#851 = EDGE_LOOP ( 'NONE', ( #1245, #824, #2058, #23, #2216, #1604 ) ) ;
#852 = DIRECTION ( 'NONE',  ( 1.000000000000000000, -0.000000000000000000, -0.000000000000000000 ) ) ;
#853 = ORIENTED_EDGE ( 'NONE', *, *, #1076, .T. ) ;
#854 = DIRECTION ( 'NONE',  ( -1.000000000000000000, 0.000000000000000000, 0.000000000000000000 ) ) ;
#855 = DIRECTION ( 'NONE',  ( 1.000000000000000000, 0.000000000000000000, -0.000000000000000000 ) ) ;
#856 = CARTESIAN_POINT ( 'NONE',  ( 18.32999999999999829, -14.00000000000000000, 0.000000000000000000 ) ) ;
#857 = ORIENTED_EDGE ( 'NONE', *, *, #218, .F. ) ;
#858 = DIRECTION ( 'NONE',  ( 0.000000000000000000, 0.000000000000000000, 1.000000000000000000 ) ) ;
#859 = UNCERTAINTY_MEASURE_WITH_UNIT (LENGTH_MEASURE( 1.000000000000000082E-05 ), #918, 'distance_accuracy_value', 'NONE');
#860 = ORIENTED_EDGE ( 'NONE', *, *, #1942, .F. ) ;
#861 = ORIENTED_EDGE ( 'NONE', *, *, #246, .T. ) ;
#862 = AXIS2_PLACEMENT_3D ( 'NONE', #1464, #801, #421 ) ;
#863 = VECTOR ( 'NONE', #2214, 1000.000000000000000 ) ;
#864 = DIRECTION ( 'NONE',  ( -0.000000000000000000, -1.000000000000000000, -0.000000000000000000 ) ) ;
#865 = AXIS2_PLACEMENT_3D ( 'NONE', #70, #1863, #2015 ) ;
#866 = CIRCLE ( 'NONE', #753, 1.000000000000000888 ) ;
#867 = CARTESIAN_POINT ( 'NONE',  ( 3.741097321911709184, -20.36437231950669613, -0.001000000000001000089 ) ) ;
#868 = DIRECTION ( 'NONE',  ( 0.000000000000000000, 0.000000000000000000, 1.000000000000000000 ) ) ;
#869 = DIRECTION ( 'NONE',  ( 1.000000000000000000, 0.000000000000000000, 0.000000000000000000 ) ) ;
#870 = VERTEX_POINT ( 'NONE', #86 ) ;
#871 = EDGE_CURVE ( 'NONE', #63, #465, #1879, .T. ) ;
#872 = ORIENTED_EDGE ( 'NONE', *, *, #1104, .F. ) ;
#873 = DIRECTION ( 'NONE',  ( 0.000000000000000000, 0.000000000000000000, 1.000000000000000000 ) ) ;
#874 = DIRECTION ( 'NONE',  ( 0.000000000000000000, 0.000000000000000000, -1.000000000000000000 ) ) ;
#875 = LINE ( 'NONE', #884, #2034 ) ;
#876 = DIRECTION ( 'NONE',  ( 0.000000000000000000, 0.000000000000000000, -1.000000000000000000 ) ) ;
#877 = VERTEX_POINT ( 'NONE', #1712 ) ;
#878 = DIRECTION ( 'NONE',  ( 0.000000000000000000, -0.000000000000000000, 1.000000000000000000 ) ) ;
#879 = ORIENTED_EDGE ( 'NONE', *, *, #1348, .F. ) ;
#880 = EDGE_CURVE ( 'NONE', #1925, #2287, #1894, .T. ) ;
#881 = CARTESIAN_POINT ( 'NONE',  ( 0.000000000000000000, -1.671921842938518532, 2.761379333656534207 ) ) ;
#882 = CARTESIAN_POINT ( 'NONE',  ( 42.37097701186070964, -4.908059915973653098, 2.761379333656534207 ) ) ;
#883 = FACE_OUTER_BOUND ( 'NONE', #659, .T. ) ;
#884 = CARTESIAN_POINT ( 'NONE',  ( 5.981805089575198662E-17, -26.59079423964294620, 50.00000000000000000 ) ) ;
#885 = DIRECTION ( 'NONE',  ( 1.000000000000000000, 0.000000000000000000, -0.000000000000000000 ) ) ;
#886 = ORIENTED_EDGE ( 'NONE', *, *, #1186, .T. ) ;
#887 = FACE_BOUND ( 'NONE', #1074, .T. ) ;
#888 = CARTESIAN_POINT ( 'NONE',  ( 16.00665146708350406, 0.000000000000000000, 50.00000000000000000 ) ) ;
#889 = VERTEX_POINT ( 'NONE', #451 ) ;
#890 = VERTEX_POINT ( 'NONE', #816 ) ;
#891 = VECTOR ( 'NONE', #667, 1000.000000000000000 ) ;
#892 = DIRECTION ( 'NONE',  ( -0.000000000000000000, -0.000000000000000000, -1.000000000000000000 ) ) ;
#893 = EDGE_CURVE ( 'NONE', #1832, #1321, #607, .T. ) ;
#894 = AXIS2_PLACEMENT_3D ( 'NONE', #239, #1864, #2016 ) ;
#895 = AXIS2_PLACEMENT_3D ( 'NONE', #1452, #1287, #1706 ) ;
#896 = CARTESIAN_POINT ( 'NONE',  ( 0.000000000000000000, -1.000000000000000000, 50.00000000000000000 ) ) ;
#897 = VECTOR ( 'NONE', #1499, 1000.000000000000000 ) ;
#898 = CIRCLE ( 'NONE', #1172, 1.000000000000000888 ) ;
#899 = CIRCLE ( 'NONE', #1358, 1.000000000000000000 ) ;
#900 = AXIS2_PLACEMENT_3D ( 'NONE', #989, #74, #275 ) ;
#901 = CARTESIAN_POINT ( 'NONE',  ( 53.84735485676164757, -20.36437231950669613, 47.45453983889436245 ) ) ;
#902 = DIRECTION ( 'NONE',  ( 0.000000000000000000, 0.000000000000000000, -1.000000000000000000 ) ) ;
#903 = ORIENTED_EDGE ( 'NONE', *, *, #1637, .T. ) ;
#904 = PLANE ( 'NONE',  #344 ) ;
#905 = DIRECTION ( 'NONE',  ( 0.000000000000000000, 0.000000000000000000, -1.000000000000000000 ) ) ;
#906 = EDGE_LOOP ( 'NONE', ( #2085, #146, #1914, #1525, #1424, #485, #179, #1281 ) ) ;
#907 = DIRECTION ( 'NONE',  ( 1.000000000000000000, 0.000000000000000000, -0.000000000000000000 ) ) ;
#908 = CARTESIAN_POINT ( 'NONE',  ( 0.000000000000000000, -1.000000000000000000, 49.00000000000000711 ) ) ;
#909 = ADVANCED_FACE ( 'NONE', ( #115 ), #401, .F. ) ;
#910 = EDGE_CURVE ( 'NONE', #2251, #1641, #790, .T. ) ;
#911 = CARTESIAN_POINT ( 'NONE',  ( 57.99999999999999289, -1.000000000000000000, 50.00000000000000000 ) ) ;
#912 = FACE_BOUND ( 'NONE', #1731, .T. ) ;
#913 = ADVANCED_FACE ( 'NONE', ( #156 ), #1571, .T. ) ;
#914 = ORIENTED_EDGE ( 'NONE', *, *, #1903, .F. ) ;
#915 = CARTESIAN_POINT ( 'NONE',  ( 7.741097321911709628, -10.36271593621965259, 47.45453983889436245 ) ) ;
#916 = ORIENTED_EDGE ( 'NONE', *, *, #1752, .F. ) ;
#917 = DIRECTION ( 'NONE',  ( 1.000000000000000000, 0.000000000000000000, 0.000000000000000000 ) ) ;
#918 =( LENGTH_UNIT ( ) NAMED_UNIT ( * ) SI_UNIT ( .MILLI., .METRE. ) );
#919 = DIRECTION ( 'NONE',  ( 1.000000000000000000, 0.000000000000000000, 0.000000000000000000 ) ) ;
#920 = ADVANCED_FACE ( 'NONE', ( #1003 ), #838, .T. ) ;
#921 = CARTESIAN_POINT ( 'NONE',  ( 35.16400000000000148, -14.50600790507669302, 50.00000000000000000 ) ) ;
#922 = CARTESIAN_POINT ( 'NONE',  ( 43.34129504891359375, -4.910000000000000142, 49.58578643762690774 ) ) ;
#923 = EDGE_LOOP ( 'NONE', ( #740, #2088, #19, #369 ) ) ;
#924 = EDGE_CURVE ( 'NONE', #449, #1893, #1730, .T. ) ;
#925 = ORIENTED_EDGE ( 'NONE', *, *, #1539, .T. ) ;
#926 = CARTESIAN_POINT ( 'NONE',  ( 0.000000000000000000, -26.59079423964294620, 1.000000000000000888 ) ) ;
#927 = ORIENTED_EDGE ( 'NONE', *, *, #803, .T. ) ;
#928 = DIRECTION ( 'NONE',  ( 0.000000000000000000, -0.000000000000000000, -1.000000000000000000 ) ) ;
#929 = DIRECTION ( 'NONE',  ( -0.000000000000000000, 1.000000000000000000, 0.000000000000000000 ) ) ;
#930 = VECTOR ( 'NONE', #1062, 1000.000000000000000 ) ;
#931 = CARTESIAN_POINT ( 'NONE',  ( 17.00665146708350406, -1.000000000000000000, 41.01233501934770942 ) ) ;
#932 = CYLINDRICAL_SURFACE ( 'NONE', #453, 1.000000000000000222 ) ;
#933 = CIRCLE ( 'NONE', #1996, 1.000000000000000000 ) ;
#934 = COLOUR_RGB ( '',0.7921568627450980005, 0.8196078431372548767, 0.9333333333333333481 ) ;
#935 = CIRCLE ( 'NONE', #1923, 4.499999999999997335 ) ;
#936 = DIRECTION ( 'NONE',  ( 1.000000000000000000, -0.000000000000000000, 0.000000000000000000 ) ) ;
#937 = AXIS2_PLACEMENT_3D ( 'NONE', #954, #256, #1681 ) ;
#938 = CYLINDRICAL_SURFACE ( 'NONE', #1500, 1.000000000000000888 ) ;
#939 = ORIENTED_EDGE ( 'NONE', *, *, #246, .F. ) ;
#940 = ORIENTED_EDGE ( 'NONE', *, *, #164, .F. ) ;
#941 = CIRCLE ( 'NONE', #1591, 1.000000000000000000 ) ;
#942 = AXIS2_PLACEMENT_3D ( 'NONE', #690, #1098, #2159 ) ;
#943 = CARTESIAN_POINT ( 'NONE',  ( 39.66399999999999437, -14.50600790507669302, 47.45453983889436245 ) ) ;
#944 = ORIENTED_EDGE ( 'NONE', *, *, #1087, .F. ) ;
#945 = EDGE_CURVE ( 'NONE', #1454, #656, #1582, .T. ) ;
#946 = CARTESIAN_POINT ( 'NONE',  ( 39.66399999999999437, -14.50600790507669302, 47.45453983889436245 ) ) ;
#947 = CARTESIAN_POINT ( 'NONE',  ( 18.32999999999999829, -14.00000000000000000, 50.00000000000000000 ) ) ;
#948 = LINE ( 'NONE', #772, #53 ) ;
#949 = CARTESIAN_POINT ( 'NONE',  ( 44.37097701186070964, 0.000000000000000000, 9.000000000000001776 ) ) ;
#950 = SPHERICAL_SURFACE ( 'NONE', #2183, 1.000000000000000000 ) ;
#951 = DIRECTION ( 'NONE',  ( 1.000000000000000000, 0.000000000000000000, 0.000000000000000000 ) ) ;
#952 = ORIENTED_EDGE ( 'NONE', *, *, #1799, .T. ) ;
#953 = ORIENTED_EDGE ( 'NONE', *, *, #1998, .F. ) ;
#954 = CARTESIAN_POINT ( 'NONE',  ( 0.9999999999999997780, 0.000000000000000000, 1.000000000000000000 ) ) ;
#955 = VERTEX_POINT ( 'NONE', #1189 ) ;
#956 = LINE ( 'NONE', #55, #2079 ) ;
#957 = FACE_OUTER_BOUND ( 'NONE', #2265, .T. ) ;
#958 = DIRECTION ( 'NONE',  ( -1.000000000000000000, 0.000000000000000000, 0.000000000000000000 ) ) ;
#959 = ADVANCED_FACE ( 'NONE', ( #2120 ), #2307, .T. ) ;
#960 = FACE_OUTER_BOUND ( 'NONE', #1180, .T. ) ;
#961 = CARTESIAN_POINT ( 'NONE',  ( 0.9999999999999997780, 0.000000000000000000, 0.000000000000000000 ) ) ;
#962 = DIRECTION ( 'NONE',  ( 1.000000000000000000, 0.000000000000000000, 0.000000000000000000 ) ) ;
#963 = FACE_OUTER_BOUND ( 'NONE', #376, .T. ) ;
#964 = VERTEX_POINT ( 'NONE', #1039 ) ;
#965 = VERTEX_POINT ( 'NONE', #1913 ) ;
#966 = CYLINDRICAL_SURFACE ( 'NONE', #233, 4.499999999999997335 ) ;
#967 = VERTEX_POINT ( 'NONE', #1744 ) ;
#968 = DIRECTION ( 'NONE',  ( 1.000000000000000000, 0.000000000000000000, 0.000000000000000000 ) ) ;
#969 = DIRECTION ( 'NONE',  ( 1.000000000000000000, 0.000000000000000000, 0.000000000000000000 ) ) ;
#970 = EDGE_CURVE ( 'NONE', #1549, #168, #1208, .T. ) ;
#971 = CARTESIAN_POINT ( 'NONE',  ( 0.000000000000000000, -5.910000000000000142, 50.00000000000000000 ) ) ;
#972 = CARTESIAN_POINT ( 'NONE',  ( 4.336808689942017736E-16, 0.000000000000000000, 49.00000000000000000 ) ) ;
#973 = CYLINDRICAL_SURFACE ( 'NONE', #1317, 4.499999999999997335 ) ;
#974 = VERTEX_POINT ( 'NONE', #1403 ) ;
#975 = AXIS2_PLACEMENT_3D ( 'NONE', #173, #1601, #1954 ) ;
#976 = VECTOR ( 'NONE', #1967, 1000.000000000000000 ) ;
#977 = AXIS2_PLACEMENT_3D ( 'NONE', #1689, #1276, #962 ) ;
#978 = EDGE_LOOP ( 'NONE', ( #136, #302, #1315, #1568 ) ) ;
#979 = CARTESIAN_POINT ( 'NONE',  ( 5.741097321911706963, -20.36437231950669613, 47.45453983889436245 ) ) ;
#980 = ORIENTED_EDGE ( 'NONE', *, *, #789, .T. ) ;
#981 = AXIS2_PLACEMENT_3D ( 'NONE', #1416, #2141, #524 ) ;
#982 = VECTOR ( 'NONE', #1823, 1000.000000000000000 ) ;
#983 = VECTOR ( 'NONE', #293, 1000.000000000000000 ) ;
#984 = CARTESIAN_POINT ( 'NONE',  ( 21.33000000000000185, -14.00000000000000000, 50.00000000000000000 ) ) ;
#985 = DIRECTION ( 'NONE',  ( 0.000000000000000000, 0.000000000000000000, 1.000000000000000000 ) ) ;
#986 = FACE_BOUND ( 'NONE', #532, .T. ) ;
#987 = ADVANCED_FACE ( 'NONE', ( #2107 ), #1926, .T. ) ;
#988 = EDGE_CURVE ( 'NONE', #522, #122, #2033, .T. ) ;
#989 = CARTESIAN_POINT ( 'NONE',  ( 44.34129504891360085, -1.000000000000000000, 49.00000000000000711 ) ) ;
#990 = EDGE_LOOP ( 'NONE', ( #1185, #85, #1482, #1230 ) ) ;
#991 = EDGE_CURVE ( 'NONE', #837, #2024, #658, .T. ) ;
#992 = VERTEX_POINT ( 'NONE', #1222 ) ;
#993 = DIRECTION ( 'NONE',  ( -1.000000000000000000, 0.000000000000000000, 0.000000000000000000 ) ) ;
#994 = EDGE_LOOP ( 'NONE', ( #473, #158, #1379, #477 ) ) ;
#995 = CARTESIAN_POINT ( 'NONE',  ( 5.741097321911706963, -10.36271593621965259, -0.001000000000001000089 ) ) ;
#996 = CARTESIAN_POINT ( 'NONE',  ( 43.34129504891359375, -1.671921842938518532, 47.45453983889436245 ) ) ;
#997 = CARTESIAN_POINT ( 'NONE',  ( 56.99999999999999289, -26.59079423964295330, 49.00000000000000000 ) ) ;
#998 = CYLINDRICAL_SURFACE ( 'NONE', #606, 1.000000000000000888 ) ;
#999 = CARTESIAN_POINT ( 'NONE',  ( 44.37097701186070964, -1.000000000000000000, 0.000000000000000000 ) ) ;
#1000 = ORIENTED_EDGE ( 'NONE', *, *, #1671, .T. ) ;
#1001 = ADVANCED_FACE ( 'NONE', ( #123 ), #1199, .T. ) ;
#1002 = ORIENTED_EDGE ( 'NONE', *, *, #665, .F. ) ;
#1003 = FACE_OUTER_BOUND ( 'NONE', #923, .T. ) ;
#1004 = VERTEX_POINT ( 'NONE', #1029 ) ;
#1005 = EDGE_CURVE ( 'NONE', #1552, #1439, #1179, .T. ) ;
#1006 = ORIENTED_EDGE ( 'NONE', *, *, #2246, .T. ) ;
#1007 = LINE ( 'NONE', #984, #751 ) ;
#1008 = DIRECTION ( 'NONE',  ( 0.000000000000000000, 1.000000000000000000, 0.000000000000000000 ) ) ;
#1009 = DIRECTION ( 'NONE',  ( 0.000000000000000000, -1.000000000000000000, 0.000000000000000000 ) ) ;
#1010 = ORIENTED_EDGE ( 'NONE', *, *, #2217, .T. ) ;
#1011 = CIRCLE ( 'NONE', #942, 1.000000000000000888 ) ;
#1012 = VERTEX_POINT ( 'NONE', #2284 ) ;
#1013 = DIRECTION ( 'NONE',  ( -0.000000000000000000, -0.000000000000000000, -1.000000000000000000 ) ) ;
#1014 = EDGE_LOOP ( 'NONE', ( #825, #903, #1067, #670 ) ) ;
#1015 = CIRCLE ( 'NONE', #675, 1.000000000000000888 ) ;
#1016 = EDGE_CURVE ( 'NONE', #2068, #1223, #148, .T. ) ;
#1017 = VECTOR ( 'NONE', #2248, 1000.000000000000000 ) ;
#1018 = ORIENTED_EDGE ( 'NONE', *, *, #664, .T. ) ;
#1019 = VECTOR ( 'NONE', #594, 1000.000000000000000 ) ;
#1020 = LINE ( 'NONE', #1907, #983 ) ;
#1021 = PRESENTATION_LAYER_ASSIGNMENT (  '', '', ( #1746 ) ) ;
#1022 = CIRCLE ( 'NONE', #1387, 2.000000000000001776 ) ;
#1023 = DIRECTION ( 'NONE',  ( -0.000000000000000000, 1.000000000000000000, -0.000000000000000000 ) ) ;
#1024 = DIRECTION ( 'NONE',  ( -1.000000000000000000, 0.000000000000000000, 0.000000000000000000 ) ) ;
#1025 = CARTESIAN_POINT ( 'NONE',  ( 43.34129504891359375, -4.910000000000000142, 49.00000000000000711 ) ) ;
#1026 = FACE_OUTER_BOUND ( 'NONE', #2119, .T. ) ;
#1027 = ORIENTED_EDGE ( 'NONE', *, *, #2173, .T. ) ;
#1028 = ORIENTED_EDGE ( 'NONE', *, *, #771, .T. ) ;
#1029 = CARTESIAN_POINT ( 'NONE',  ( 3.741097321911704299, -10.36271593621965259, 50.00000000000000000 ) ) ;
#1030 = ORIENTED_EDGE ( 'NONE', *, *, #1016, .F. ) ;
#1031 = DIRECTION ( 'NONE',  ( -0.000000000000000000, -0.000000000000000000, 1.000000000000000000 ) ) ;
#1032 = EDGE_LOOP ( 'NONE', ( #1498, #693, #2282 ) ) ;
#1033 = CARTESIAN_POINT ( 'NONE',  ( 43.37097701186070964, -1.000000000000000000, 8.000000000000000000 ) ) ;
#1034 = VERTEX_POINT ( 'NONE', #1548 ) ;
#1035 = EDGE_CURVE ( 'NONE', #243, #1800, #2267, .T. ) ;
#1036 = CARTESIAN_POINT ( 'NONE',  ( 0.000000000000000000, -1.000000000000000000, 0.000000000000000000 ) ) ;
#1037 = EDGE_CURVE ( 'NONE', #1289, #1751, #1022, .T. ) ;
#1038 = CARTESIAN_POINT ( 'NONE',  ( 0.000000000000000000, -1.671921842938518532, 47.45453983889436245 ) ) ;
#1039 = CARTESIAN_POINT ( 'NONE',  ( 17.00665146708350406, -4.910000000000000142, 47.45453983889436245 ) ) ;
#1040 = ORIENTED_EDGE ( 'NONE', *, *, #803, .F. ) ;
#1041 = VERTEX_POINT ( 'NONE', #1821 ) ;
#1042 = FACE_OUTER_BOUND ( 'NONE', #187, .T. ) ;
#1043 = ADVANCED_FACE ( 'NONE', ( #36 ), #1786, .F. ) ;
#1044 = CARTESIAN_POINT ( 'NONE',  ( 43.34129504891359375, -1.000000000000000000, 41.01233501934770942 ) ) ;
#1045 = EDGE_CURVE ( 'NONE', #1388, #1483, #1979, .T. ) ;
#1046 = DIRECTION ( 'NONE',  ( 0.000000000000000000, 1.000000000000000000, 0.000000000000000000 ) ) ;
#1047 = DIRECTION ( 'NONE',  ( 0.000000000000000000, 1.000000000000000000, 0.000000000000000000 ) ) ;
#1048 = ORIENTED_EDGE ( 'NONE', *, *, #820, .F. ) ;
#1049 = CIRCLE ( 'NONE', #1653, 1.000000000000000888 ) ;
#1050 = ORIENTED_EDGE ( 'NONE', *, *, #820, .T. ) ;
#1051 = ORIENTED_EDGE ( 'NONE', *, *, #117, .F. ) ;
#1052 = AXIS2_PLACEMENT_3D ( 'NONE', #2264, #285, #632 ) ;
#1053 = CIRCLE ( 'NONE', #1997, 1.000000000000000000 ) ;
#1054 = CIRCLE ( 'NONE', #1584, 2.000000000000002665 ) ;
#1055 = CARTESIAN_POINT ( 'NONE',  ( 17.00665146708350406, -1.000000000000000000, 50.00000000000000000 ) ) ;
#1056 = AXIS2_PLACEMENT_3D ( 'NONE', #1381, #1733, #629 ) ;
#1057 = AXIS2_PLACEMENT_3D ( 'NONE', #2066, #274, #72 ) ;
#1058 = DIRECTION ( 'NONE',  ( 0.000000000000000000, 0.000000000000000000, 1.000000000000000000 ) ) ;
#1059 =( GEOMETRIC_REPRESENTATION_CONTEXT ( 3 ) GLOBAL_UNCERTAINTY_ASSIGNED_CONTEXT ( ( #859 ) ) GLOBAL_UNIT_ASSIGNED_CONTEXT ( ( #918, #1405, #692 ) ) REPRESENTATION_CONTEXT ( 'NONE', 'WORKASPACE' ) );
#1060 = LINE ( 'NONE', #896, #976 ) ;
#1061 = EDGE_CURVE ( 'NONE', #730, #488, #519, .T. ) ;
#1062 = DIRECTION ( 'NONE',  ( -0.000000000000000000, -0.000000000000000000, 1.000000000000000000 ) ) ;
#1063 = CARTESIAN_POINT ( 'NONE',  ( 53.84735485676164757, -10.36271593621965259, -0.001000000000001000089 ) ) ;
#1064 = ORIENTED_EDGE ( 'NONE', *, *, #834, .F. ) ;
#1065 = EDGE_CURVE ( 'NONE', #1800, #335, #280, .T. ) ;
#1066 = DIRECTION ( 'NONE',  ( -1.000000000000000000, 0.000000000000000000, 0.000000000000000000 ) ) ;
#1067 = ORIENTED_EDGE ( 'NONE', *, *, #1903, .T. ) ;
#1068 = CARTESIAN_POINT ( 'NONE',  ( 44.34129504891360085, 0.000000000000000000, 40.01233501934770942 ) ) ;
#1069 = CARTESIAN_POINT ( 'NONE',  ( 5.741097321911706963, -20.36437231950669613, 50.00000000000000000 ) ) ;
#1070 = CARTESIAN_POINT ( 'NONE',  ( 53.84735485676164757, -10.36271593621965259, -0.001000000000001000089 ) ) ;
#1071 = CARTESIAN_POINT ( 'NONE',  ( 0.000000000000000000, -1.000000000000000000, 50.00000000000000000 ) ) ;
#1072 = ORIENTED_EDGE ( 'NONE', *, *, #694, .T. ) ;
#1073 = CARTESIAN_POINT ( 'NONE',  ( 42.37097701186070964, -4.908059915973653098, 8.000000000000000000 ) ) ;
#1074 = EDGE_LOOP ( 'NONE', ( #860, #2020 ) ) ;
#1075 = ORIENTED_EDGE ( 'NONE', *, *, #2126, .T. ) ;
#1076 = EDGE_CURVE ( 'NONE', #63, #1855, #381, .T. ) ;
#1077 = LINE ( 'NONE', #206, #162 ) ;
#1078 = DIRECTION ( 'NONE',  ( 0.000000000000000000, 0.000000000000000000, -1.000000000000000000 ) ) ;
#1079 = DIRECTION ( 'NONE',  ( -0.000000000000000000, -1.000000000000000000, -0.000000000000000000 ) ) ;
#1080 = CYLINDRICAL_SURFACE ( 'NONE', #2153, 1.999999999999994893 ) ;
#1081 = ORIENTED_EDGE ( 'NONE', *, *, #1930, .T. ) ;
#1082 = FACE_BOUND ( 'NONE', #1518, .T. ) ;
#1083 = CARTESIAN_POINT ( 'NONE',  ( 18.32999999999999829, -14.00000000000000000, 50.00000000000000000 ) ) ;
#1084 = ORIENTED_EDGE ( 'NONE', *, *, #2230, .T. ) ;
#1085 = EDGE_LOOP ( 'NONE', ( #1343, #1931, #2030, #648 ) ) ;
#1086 = ADVANCED_FACE ( 'NONE', ( #1640 ), #1080, .F. ) ;
#1087 = EDGE_CURVE ( 'NONE', #2024, #1713, #1011, .T. ) ;
#1088 = VECTOR ( 'NONE', #1221, 1000.000000000000000 ) ;
#1089 = CYLINDRICAL_SURFACE ( 'NONE', #677, 1.000000000000000888 ) ;
#1090 = AXIS2_PLACEMENT_3D ( 'NONE', #1309, #2042, #250 ) ;
#1091 = CIRCLE ( 'NONE', #163, 1.000000000000000888 ) ;
#1092 = ADVANCED_FACE ( 'NONE', ( #1263 ), #211, .T. ) ;
#1093 = LINE ( 'NONE', #1044, #674 ) ;
#1094 = AXIS2_PLACEMENT_3D ( 'NONE', #309, #1349, #461 ) ;
#1095 = AXIS2_PLACEMENT_3D ( 'NONE', #1537, #2255, #639 ) ;
#1096 = VECTOR ( 'NONE', #1111, 1000.000000000000000 ) ;
#1097 = DIRECTION ( 'NONE',  ( -0.000000000000000000, -0.000000000000000000, 1.000000000000000000 ) ) ;
#1098 = DIRECTION ( 'NONE',  ( -8.673617379884026597E-16, 0.000000000000000000, 1.000000000000000000 ) ) ;
#1099 = CARTESIAN_POINT ( 'NONE',  ( 16.65388612794940215, -3.244476573706588632E-16, 8.414213562373095812 ) ) ;
#1100 = ORIENTED_EDGE ( 'NONE', *, *, #549, .F. ) ;
#1101 = FACE_OUTER_BOUND ( 'NONE', #1436, .T. ) ;
#1102 = EDGE_LOOP ( 'NONE', ( #953, #879, #2069 ) ) ;
#1103 = CARTESIAN_POINT ( 'NONE',  ( 56.99999999999999289, 0.000000000000000000, 49.00000000000000711 ) ) ;
#1104 = EDGE_CURVE ( 'NONE', #1483, #1214, #1603, .T. ) ;
#1105 = CARTESIAN_POINT ( 'NONE',  ( 57.99999999999999289, -1.000000000000000000, 49.00000000000000000 ) ) ;
#1106 = EDGE_CURVE ( 'NONE', #955, #1549, #1648, .T. ) ;
#1107 = CARTESIAN_POINT ( 'NONE',  ( 56.99999999999999289, -1.000000000000000000, 49.00000000000000000 ) ) ;
#1108 = VERTEX_POINT ( 'NONE', #1612 ) ;
#1109 = DIRECTION ( 'NONE',  ( 0.000000000000000000, 0.000000000000000000, -1.000000000000000000 ) ) ;
#1110 = ORIENTED_EDGE ( 'NONE', *, *, #844, .F. ) ;
#1111 = DIRECTION ( 'NONE',  ( 1.000000000000000000, -0.000000000000000000, -0.000000000000000000 ) ) ;
#1112 = DIRECTION ( 'NONE',  ( 1.000000000000000000, 0.000000000000000000, 0.000000000000000000 ) ) ;
#1113 = LINE ( 'NONE', #1837, #89 ) ;
#1114 = EDGE_CURVE ( 'NONE', #870, #449, #1514, .T. ) ;
#1115 = DIRECTION ( 'NONE',  ( 1.000000000000000000, 0.000000000000000000, 0.000000000000000000 ) ) ;
#1116 = DIRECTION ( 'NONE',  ( -1.000000000000000000, 0.000000000000000000, 0.000000000000000000 ) ) ;
#1117 = ORIENTED_EDGE ( 'NONE', *, *, #1524, .T. ) ;
#1118 = ORIENTED_EDGE ( 'NONE', *, *, #1267, .F. ) ;
#1119 = DIRECTION ( 'NONE',  ( 5.981805089575198662E-17, 1.000000000000000000, -0.000000000000000000 ) ) ;
#1120 = ORIENTED_EDGE ( 'NONE', *, *, #2049, .T. ) ;
#1121 = DIRECTION ( 'NONE',  ( -0.000000000000000000, -0.000000000000000000, -1.000000000000000000 ) ) ;
#1122 = DIRECTION ( 'NONE',  ( 1.000000000000000000, 0.000000000000000000, 0.000000000000000000 ) ) ;
#1123 = CIRCLE ( 'NONE', #1389, 1.000000000000000000 ) ;
#1124 =( LENGTH_UNIT ( ) NAMED_UNIT ( * ) SI_UNIT ( .MILLI., .METRE. ) );
#1125 = DIRECTION ( 'NONE',  ( -0.000000000000000000, 1.000000000000000000, 0.000000000000000000 ) ) ;
#1126 = AXIS2_PLACEMENT_3D ( 'NONE', #555, #517, #1226 ) ;
#1127 = CIRCLE ( 'NONE', #308, 1.999999999999997335 ) ;
#1128 = TOROIDAL_SURFACE ( 'NONE', #1741, 2.000000000000000000, 1.000000000000000000 ) ;
#1129 = DIRECTION ( 'NONE',  ( 1.000000000000000000, 0.000000000000000000, 0.000000000000000000 ) ) ;
#1130 = VECTOR ( 'NONE', #1135, 1000.000000000000000 ) ;
#1131 = FACE_BOUND ( 'NONE', #1721, .T. ) ;
#1132 = EDGE_LOOP ( 'NONE', ( #1527, #1136, #1607, #2124 ) ) ;
#1133 = AXIS2_PLACEMENT_3D ( 'NONE', #1333, #2063, #444 ) ;
#1134 = CIRCLE ( 'NONE', #306, 2.000000000000002665 ) ;
#1135 = DIRECTION ( 'NONE',  ( -1.000000000000000000, 5.981805089575198662E-17, -0.000000000000000000 ) ) ;
#1136 = ORIENTED_EDGE ( 'NONE', *, *, #2003, .T. ) ;
#1137 = ADVANCED_FACE ( 'NONE', ( #2147 ), #2138, .T. ) ;
#1138 = CARTESIAN_POINT ( 'NONE',  ( 44.37097701186070964, 0.000000000000000000, 1.000000000000000000 ) ) ;
#1139 = DIRECTION ( 'NONE',  ( -1.000000000000000000, 0.000000000000000000, 0.000000000000000000 ) ) ;
#1140 =( NAMED_UNIT ( * ) PLANE_ANGLE_UNIT ( ) SI_UNIT ( $, .RADIAN. ) );
#1141 = CARTESIAN_POINT ( 'NONE',  ( 0.000000000000000000, -26.03579054588323061, 47.45453983889436245 ) ) ;
#1142 = CARTESIAN_POINT ( 'NONE',  ( 43.37097701186070964, -1.000000000000000000, 8.000000000000000000 ) ) ;
#1143 = DIRECTION ( 'NONE',  ( -0.000000000000000000, 0.000000000000000000, -1.000000000000000000 ) ) ;
#1144 = ORIENTED_EDGE ( 'NONE', *, *, #330, .T. ) ;
#1145 = ORIENTED_EDGE ( 'NONE', *, *, #1528, .F. ) ;
#1146 = DIRECTION ( 'NONE',  ( 1.000000000000000000, -0.000000000000000000, -0.000000000000000000 ) ) ;
#1147 = EDGE_CURVE ( 'NONE', #1469, #2218, #1237, .T. ) ;
#1148 = ORIENTED_EDGE ( 'NONE', *, *, #169, .F. ) ;
#1149 = ADVANCED_FACE ( 'NONE', ( #1970 ), #1989, .F. ) ;
#1150 = DIRECTION ( 'NONE',  ( 0.000000000000000000, 0.000000000000000000, 1.000000000000000000 ) ) ;
#1151 = CARTESIAN_POINT ( 'NONE',  ( 43.34129504891359375, -26.03579054588323061, 47.45453983889436245 ) ) ;
#1152 = PLANE ( 'NONE',  #862 ) ;
#1153 = LINE ( 'NONE', #240, #1168 ) ;
#1154 = DIRECTION ( 'NONE',  ( -1.000000000000000000, 0.000000000000000000, 0.000000000000000000 ) ) ;
#1155 = ORIENTED_EDGE ( 'NONE', *, *, #1734, .F. ) ;
#1156 = ORIENTED_EDGE ( 'NONE', *, *, #2143, .T. ) ;
#1157 = CARTESIAN_POINT ( 'NONE',  ( 18.32999999999999829, -14.00000000000000000, 47.45453983889436245 ) ) ;
#1158 = ORIENTED_EDGE ( 'NONE', *, *, #515, .F. ) ;
#1159 = CARTESIAN_POINT ( 'NONE',  ( 57.99999999999999289, -26.59079423964294975, 50.00000000000000000 ) ) ;
#1160 = CARTESIAN_POINT ( 'NONE',  ( 5.981805089575198662E-17, -26.59079423964294620, 1.000000000000000888 ) ) ;
#1161 = ADVANCED_FACE ( 'NONE', ( #699, #912, #1435 ), #1277, .F. ) ;
#1162 = LINE ( 'NONE', #2065, #1203 ) ;
#1163 = CARTESIAN_POINT ( 'NONE',  ( 16.06809969032249441, -1.000000000000000000, 1.000000000000000000 ) ) ;
#1164 = ADVANCED_FACE ( 'NONE', ( #253 ), #1165, .F. ) ;
#1165 = CYLINDRICAL_SURFACE ( 'NONE', #1551, 3.000000000000000888 ) ;
#1166 = ORIENTED_EDGE ( 'NONE', *, *, #1515, .F. ) ;
#1167 = AXIS2_PLACEMENT_3D ( 'NONE', #1247, #907, #2312 ) ;
#1168 = VECTOR ( 'NONE', #583, 1000.000000000000000 ) ;
#1169 = ORIENTED_EDGE ( 'NONE', *, *, #1765, .T. ) ;
#1170 = CARTESIAN_POINT ( 'NONE',  ( 44.34129504891360085, -1.000000000000000000, 49.00000000000000000 ) ) ;
#1171 = ORIENTED_EDGE ( 'NONE', *, *, #1217, .T. ) ;
#1172 = AXIS2_PLACEMENT_3D ( 'NONE', #471, #1024, #1210 ) ;
#1173 = LINE ( 'NONE', #1033, #1710 ) ;
#1174 = CARTESIAN_POINT ( 'NONE',  ( 17.06809969032249796, -1.000000000000000000, 8.000000000000000000 ) ) ;
#1175 = CARTESIAN_POINT ( 'NONE',  ( 44.34129504891360085, -5.910000000000000142, 50.00000000000000000 ) ) ;
#1176 = ADVANCED_FACE ( 'NONE', ( #963, #1131, #1494 ), #409, .F. ) ;
#1177 = ORIENTED_EDGE ( 'NONE', *, *, #191, .F. ) ;
#1178 = ORIENTED_EDGE ( 'NONE', *, *, #1911, .T. ) ;
#1179 = LINE ( 'NONE', #1757, #715 ) ;
#1180 = EDGE_LOOP ( 'NONE', ( #647, #277, #727, #124 ) ) ;
#1181 = CARTESIAN_POINT ( 'NONE',  ( 57.99999999999999289, -26.03579054588323061, 2.761379333656534207 ) ) ;
#1182 = DIRECTION ( 'NONE',  ( -0.000000000000000000, -1.000000000000000000, -0.000000000000000000 ) ) ;
#1183 = CARTESIAN_POINT ( 'NONE',  ( 0.000000000000000000, -1.000000000000000000, 49.00000000000000000 ) ) ;
#1184 = DIRECTION ( 'NONE',  ( -0.000000000000000000, -0.000000000000000000, 1.000000000000000000 ) ) ;
#1185 = ORIENTED_EDGE ( 'NONE', *, *, #770, .F. ) ;
#1186 = EDGE_CURVE ( 'NONE', #265, #1004, #1134, .T. ) ;
#1187 = ADVANCED_FACE ( 'NONE', ( #1327 ), #1854, .T. ) ;
#1188 = ORIENTED_EDGE ( 'NONE', *, *, #2170, .F. ) ;
#1189 = CARTESIAN_POINT ( 'NONE',  ( 18.06809969032249796, -5.908059915973653098, 0.000000000000000000 ) ) ;
#1190 = ORIENTED_EDGE ( 'NONE', *, *, #305, .T. ) ;
#1191 = VERTEX_POINT ( 'NONE', #598 ) ;
#1192 = CARTESIAN_POINT ( 'NONE',  ( 43.37097701186070964, -4.908059915973653098, 8.000000000000000000 ) ) ;
#1193 = CARTESIAN_POINT ( 'NONE',  ( 51.84735485676165467, -20.36437231950669613, 50.00000000000000000 ) ) ;
#1194 = CARTESIAN_POINT ( 'NONE',  ( 0.000000000000000000, 0.000000000000000000, 1.000000000000000888 ) ) ;
#1195 = ORIENTED_EDGE ( 'NONE', *, *, #2300, .F. ) ;
#1196 = VECTOR ( 'NONE', #512, 1000.000000000000000 ) ;
#1197 = ORIENTED_EDGE ( 'NONE', *, *, #1752, .T. ) ;
#1198 = CLOSED_SHELL ( 'NONE', ( #287, #462, #1408, #34, #1164, #807, #384, #2014, #1254, #1137, #1455, #508, #411, #568, #757, #1535, #920, #987, #332, #370, #458, #2062, #1001, #1282, #260, #1802, #1968, #1985, #818, #1626, #628, #713, #1334, #1953, #1838, #1441, #1638, #1187, #1688, #1284, #1915, #1373, #1885, #913, #1635, #959, #2272, #1578, #399, #1092, #1218, #724, #582, #1176, #1377, #909, #2257, #1566, #806, #654, #341, #684, #1417, #1161, #1831, #1622, #2122, #346, #2301, #1458, #1043, #1871, #1149, #2132, #474, #1086 ) ) ;
#1199 = SPHERICAL_SURFACE ( 'NONE', #1736, 1.000000000000000000 ) ;
#1200 = ORIENTED_EDGE ( 'NONE', *, *, #2283, .F. ) ;
#1201 = CIRCLE ( 'NONE', #194, 2.000000000000001776 ) ;
#1202 = CYLINDRICAL_SURFACE ( 'NONE', #52, 2.000000000000002665 ) ;
#1203 = VECTOR ( 'NONE', #1735, 1000.000000000000000 ) ;
#1204 = EDGE_LOOP ( 'NONE', ( #1916, #1667 ) ) ;
#1205 = VECTOR ( 'NONE', #2161, 1000.000000000000000 ) ;
#1206 = CARTESIAN_POINT ( 'NONE',  ( 17.06809969032249796, -1.671921842938518532, 47.45453983889436245 ) ) ;
#1207 = EDGE_CURVE ( 'NONE', #26, #1438, #1614, .T. ) ;
#1208 = CIRCLE ( 'NONE', #644, 2.000000000000001776 ) ;
#1209 = CARTESIAN_POINT ( 'NONE',  ( 0.9999999999999997780, -27.59079423964294620, 1.000000000000000000 ) ) ;
#1210 = DIRECTION ( 'NONE',  ( 0.000000000000000000, 0.000000000000000000, 1.000000000000000000 ) ) ;
#1211 = CARTESIAN_POINT ( 'NONE',  ( 5.741097321911706963, -20.36437231950669613, -0.001000000000001000089 ) ) ;
#1212 = EDGE_LOOP ( 'NONE', ( #1051, #683, #320, #980 ) ) ;
#1213 = DIRECTION ( 'NONE',  ( 0.000000000000000000, 0.000000000000000000, 1.000000000000000000 ) ) ;
#1214 = VERTEX_POINT ( 'NONE', #1314 ) ;
#1215 = EDGE_LOOP ( 'NONE', ( #1523, #1892, #1171, #1407, #2168, #1870 ) ) ;
#1216 = CARTESIAN_POINT ( 'NONE',  ( 43.34129504891359375, -1.671921842938518532, 47.45453983889436245 ) ) ;
#1217 = EDGE_CURVE ( 'NONE', #2178, #1718, #1891, .T. ) ;
#1218 = ADVANCED_FACE ( 'NONE', ( #804 ), #973, .F. ) ;
#1219 = CARTESIAN_POINT ( 'NONE',  ( 15.32999999999999652, -14.00000000000000000, 50.00000000000000000 ) ) ;
#1220 = DIRECTION ( 'NONE',  ( -1.000000000000000000, 0.000000000000000000, 0.000000000000000000 ) ) ;
#1221 = DIRECTION ( 'NONE',  ( 0.000000000000000000, 1.000000000000000000, 0.000000000000000000 ) ) ;
#1222 = CARTESIAN_POINT ( 'NONE',  ( 17.06809969032249796, -1.671921842938518532, 2.761379333656534207 ) ) ;
#1223 = VERTEX_POINT ( 'NONE', #1866 ) ;
#1224 = EDGE_LOOP ( 'NONE', ( #357, #427, #441, #2111, #438, #788, #324, #1028, #439, #660, #2274, #1006 ) ) ;
#1225 = DIRECTION ( 'NONE',  ( 0.000000000000000000, 0.000000000000000000, -1.000000000000000000 ) ) ;
#1226 = DIRECTION ( 'NONE',  ( 1.000000000000000000, 0.000000000000000000, 0.000000000000000000 ) ) ;
#1227 = EDGE_CURVE ( 'NONE', #1395, #2068, #1624, .T. ) ;
#1228 = CARTESIAN_POINT ( 'NONE',  ( 55.84735485676164046, -20.36437231950669613, 47.45453983889436245 ) ) ;
#1229 = DIRECTION ( 'NONE',  ( 0.000000000000000000, 0.000000000000000000, 1.000000000000000000 ) ) ;
#1230 = ORIENTED_EDGE ( 'NONE', *, *, #2017, .F. ) ;
#1231 = EDGE_LOOP ( 'NONE', ( #1195, #171, #1743 ) ) ;
#1232 = VECTOR ( 'NONE', #2247, 1000.000000000000000 ) ;
#1233 = CIRCLE ( 'NONE', #1428, 1.000000000000000000 ) ;
#1234 = VECTOR ( 'NONE', #391, 1000.000000000000000 ) ;
#1235 = CARTESIAN_POINT ( 'NONE',  ( 0.000000000000000000, -1.671921842938518532, 2.761379333656534207 ) ) ;
#1236 = AXIS2_PLACEMENT_3D ( 'NONE', #127, #1896, #282 ) ;
#1237 = CIRCLE ( 'NONE', #6, 1.000000000000000000 ) ;
#1238 = EDGE_CURVE ( 'NONE', #1801, #890, #1877, .T. ) ;
#1239 = DIRECTION ( 'NONE',  ( -0.000000000000000000, -0.000000000000000000, 1.000000000000000000 ) ) ;
#1240 = EDGE_CURVE ( 'NONE', #243, #1321, #193, .T. ) ;
#1241 = LINE ( 'NONE', #1978, #673 ) ;
#1242 = DIRECTION ( 'NONE',  ( -1.000000000000000000, 0.000000000000000000, 0.000000000000000000 ) ) ;
#1243 = ORIENTED_EDGE ( 'NONE', *, *, #1363, .T. ) ;
#1244 = FACE_BOUND ( 'NONE', #1559, .T. ) ;
#1245 = ORIENTED_EDGE ( 'NONE', *, *, #1859, .F. ) ;
#1246 = EDGE_LOOP ( 'NONE', ( #685, #47, #151 ) ) ;
#1247 = CARTESIAN_POINT ( 'NONE',  ( 43.34129504891359375, -4.910000000000000142, 41.01233501934770942 ) ) ;
#1248 = FACE_OUTER_BOUND ( 'NONE', #1729, .T. ) ;
#1249 = CARTESIAN_POINT ( 'NONE',  ( 1.000000000000000000, -1.000000000000000000, 50.00000000000000000 ) ) ;
#1250 = CARTESIAN_POINT ( 'NONE',  ( 15.32999999999999829, -14.00000000000000000, 50.00000000000000000 ) ) ;
#1251 = CARTESIAN_POINT ( 'NONE',  ( 0.000000000000000000, -1.671921842938518532, 8.000000000000000000 ) ) ;
#1252 = VERTEX_POINT ( 'NONE', #2239 ) ;
#1253 = CARTESIAN_POINT ( 'NONE',  ( 18.06809969032249796, -4.908059915973653098, 2.761379333656534207 ) ) ;
#1254 = ADVANCED_FACE ( 'NONE', ( #1468 ), #938, .T. ) ;
#1255 = FACE_OUTER_BOUND ( 'NONE', #464, .T. ) ;
#1256 = ORIENTED_EDGE ( 'NONE', *, *, #2003, .F. ) ;
#1257 = VERTEX_POINT ( 'NONE', #44 ) ;
#1258 = EDGE_CURVE ( 'NONE', #1413, #698, #1481, .T. ) ;
#1259 = FACE_OUTER_BOUND ( 'NONE', #291, .T. ) ;
#1260 = DIRECTION ( 'NONE',  ( -0.000000000000000000, -0.000000000000000000, 1.000000000000000000 ) ) ;
#1261 = CARTESIAN_POINT ( 'NONE',  ( 16.06809969032249441, -1.000000000000000000, 0.000000000000000000 ) ) ;
#1262 = CARTESIAN_POINT ( 'NONE',  ( 7.741097321911704299, -20.36437231950669613, -0.001000000000001000089 ) ) ;
#1263 = FACE_OUTER_BOUND ( 'NONE', #1613, .T. ) ;
#1264 = EDGE_LOOP ( 'NONE', ( #2011, #585, #1920 ) ) ;
#1265 = CARTESIAN_POINT ( 'NONE',  ( 16.06809969032249441, 0.000000000000000000, 50.00000000000000000 ) ) ;
#1266 = ORIENTED_EDGE ( 'NONE', *, *, #1972, .T. ) ;
#1267 = EDGE_CURVE ( 'NONE', #974, #955, #204, .T. ) ;
#1268 = DIRECTION ( 'NONE',  ( 0.000000000000000000, -8.673617379884035472E-16, 1.000000000000000000 ) ) ;
#1269 = AXIS2_PLACEMENT_3D ( 'NONE', #1138, #929, #2194 ) ;
#1270 = AXIS2_PLACEMENT_3D ( 'NONE', #2010, #2098, #928 ) ;
#1271 = PRESENTATION_STYLE_ASSIGNMENT (( #554 ) ) ;
#1272 = LINE ( 'NONE', #867, #1846 ) ;
#1273 = AXIS2_PLACEMENT_3D ( 'NONE', #631, #985, #662 ) ;
#1274 = VECTOR ( 'NONE', #28, 1000.000000000000000 ) ;
#1275 = AXIS2_PLACEMENT_3D ( 'NONE', #1192, #2072, #1724 ) ;
#1276 = DIRECTION ( 'NONE',  ( 0.000000000000000000, -0.000000000000000000, 1.000000000000000000 ) ) ;
#1277 = PLANE ( 'NONE',  #833 ) ;
#1278 = ORIENTED_EDGE ( 'NONE', *, *, #1076, .F. ) ;
#1279 = LINE ( 'NONE', #1630, #14 ) ;
#1280 = CYLINDRICAL_SURFACE ( 'NONE', #1590, 3.000000000000000888 ) ;
#1281 = ORIENTED_EDGE ( 'NONE', *, *, #1045, .T. ) ;
#1282 = ADVANCED_FACE ( 'NONE', ( #1288 ), #2019, .T. ) ;
#1283 = CARTESIAN_POINT ( 'NONE',  ( 35.16400000000000148, -14.50600790507669302, 50.00000000000000000 ) ) ;
#1284 = ADVANCED_FACE ( 'NONE', ( #2029 ), #1678, .T. ) ;
#1285 = DIRECTION ( 'NONE',  ( 0.000000000000000000, 1.000000000000000000, 0.000000000000000000 ) ) ;
#1286 = DIRECTION ( 'NONE',  ( -0.000000000000000000, -1.000000000000000000, -0.000000000000000000 ) ) ;
#1287 = DIRECTION ( 'NONE',  ( -0.000000000000000000, -0.000000000000000000, 1.000000000000000000 ) ) ;
#1288 = FACE_OUTER_BOUND ( 'NONE', #279, .T. ) ;
#1289 = VERTEX_POINT ( 'NONE', #1717 ) ;
#1290 = EDGE_LOOP ( 'NONE', ( #1606, #829, #1856 ) ) ;
#1291 = DIRECTION ( 'NONE',  ( 1.000000000000000000, 0.000000000000000000, 0.000000000000000000 ) ) ;
#1292 = ORIENTED_EDGE ( 'NONE', *, *, #2300, .T. ) ;
#1293 = APPLICATION_CONTEXT ( 'automotive_design' ) ;
#1294 = DIRECTION ( 'NONE',  ( 0.000000000000000000, 0.000000000000000000, 1.000000000000000000 ) ) ;
#1295 = DIRECTION ( 'NONE',  ( -0.000000000000000000, -0.000000000000000000, -1.000000000000000000 ) ) ;
#1296 = LINE ( 'NONE', #1151, #1963 ) ;
#1297 = DIRECTION ( 'NONE',  ( 1.000000000000000000, 0.000000000000000000, 0.000000000000000000 ) ) ;
#1298 = DIRECTION ( 'NONE',  ( 0.000000000000000000, 0.000000000000000000, -1.000000000000000000 ) ) ;
#1299 = VERTEX_POINT ( 'NONE', #2273 ) ;
#1300 = EDGE_CURVE ( 'NONE', #837, #2100, #1956, .T. ) ;
#1301 = ORIENTED_EDGE ( 'NONE', *, *, #1569, .F. ) ;
#1302 = ORIENTED_EDGE ( 'NONE', *, *, #1900, .T. ) ;
#1303 = CARTESIAN_POINT ( 'NONE',  ( -1.590609483185430315E-15, -26.59079423964294620, 0.000000000000000000 ) ) ;
#1304 = ORIENTED_EDGE ( 'NONE', *, *, #1386, .T. ) ;
#1305 = DIRECTION ( 'NONE',  ( 0.000000000000000000, 0.000000000000000000, -1.000000000000000000 ) ) ;
#1306 = CYLINDRICAL_SURFACE ( 'NONE', #1545, 1.000000000000000888 ) ;
#1307 = DIRECTION ( 'NONE',  ( 0.000000000000000000, -1.000000000000000000, 0.000000000000000000 ) ) ;
#1308 =( NAMED_UNIT ( * ) SI_UNIT ( $, .STERADIAN. ) SOLID_ANGLE_UNIT ( ) );
#1309 = CARTESIAN_POINT ( 'NONE',  ( 17.06809969032249796, -4.908059915973653098, 8.000000000000000000 ) ) ;
#1310 = FACE_OUTER_BOUND ( 'NONE', #1231, .T. ) ;
#1311 = VECTOR ( 'NONE', #537, 1000.000000000000000 ) ;
#1312 = AXIS2_PLACEMENT_3D ( 'NONE', #2174, #1268, #2208 ) ;
#1313 = CARTESIAN_POINT ( 'NONE',  ( 56.99999999999999289, -27.59079423964294975, 50.00000000000000000 ) ) ;
#1314 = CARTESIAN_POINT ( 'NONE',  ( 0.9999999999999997780, -26.59079423964294620, 50.00000000000000000 ) ) ;
#1315 = ORIENTED_EDGE ( 'NONE', *, *, #1515, .T. ) ;
#1316 = CIRCLE ( 'NONE', #529, 1.000000000000000000 ) ;
#1317 = AXIS2_PLACEMENT_3D ( 'NONE', #1511, #264, #241 ) ;
#1318 = EDGE_CURVE ( 'NONE', #1469, #974, #295, .T. ) ;
#1319 = EDGE_LOOP ( 'NONE', ( #1738, #1841, #198, #2308 ) ) ;
#1320 = CARTESIAN_POINT ( 'NONE',  ( 0.000000000000000000, 0.000000000000000000, 40.01233501934770942 ) ) ;
#1321 = VERTEX_POINT ( 'NONE', #813 ) ;
#1322 = CARTESIAN_POINT ( 'NONE',  ( 51.84735485676164757, -10.36271593621965259, 47.45453983889436245 ) ) ;
#1323 = DIRECTION ( 'NONE',  ( -1.000000000000000000, 0.000000000000000000, 0.000000000000000000 ) ) ;
#1324 = FACE_BOUND ( 'NONE', #2235, .T. ) ;
#1325 = CYLINDRICAL_SURFACE ( 'NONE', #2039, 1.000000000000000888 ) ;
#1326 = CARTESIAN_POINT ( 'NONE',  ( 56.99999999999999289, 0.000000000000000000, 0.000000000000000000 ) ) ;
#1327 = FACE_OUTER_BOUND ( 'NONE', #266, .T. ) ;
#1328 = ORIENTED_EDGE ( 'NONE', *, *, #2105, .T. ) ;
#1329 = DIRECTION ( 'NONE',  ( -0.000000000000000000, 0.000000000000000000, -1.000000000000000000 ) ) ;
#1330 = VERTEX_POINT ( 'NONE', #655 ) ;
#1331 = EDGE_CURVE ( 'NONE', #778, #877, #746, .T. ) ;
#1332 = CARTESIAN_POINT ( 'NONE',  ( 21.33000000000000185, -14.00000000000000000, 47.45453983889436245 ) ) ;
#1333 = CARTESIAN_POINT ( 'NONE',  ( 39.66399999999999437, -14.50600790507669302, 0.000000000000000000 ) ) ;
#1334 = ADVANCED_FACE ( 'NONE', ( #1026 ), #646, .T. ) ;
#1335 = CARTESIAN_POINT ( 'NONE',  ( 57.99999999999999289, -26.03579054588323061, 47.45453983889436245 ) ) ;
#1336 = FACE_OUTER_BOUND ( 'NONE', #1758, .T. ) ;
#1337 = CARTESIAN_POINT ( 'NONE',  ( 0.000000000000000000, 0.000000000000000000, 0.000000000000000000 ) ) ;
#1338 = FACE_OUTER_BOUND ( 'NONE', #349, .T. ) ;
#1339 = DIRECTION ( 'NONE',  ( 0.000000000000000000, 0.000000000000000000, 1.000000000000000000 ) ) ;
#1340 = PRODUCT_DEFINITION_SHAPE ( 'NONE', 'NONE',  #738 ) ;
#1341 = DIRECTION ( 'NONE',  ( 1.000000000000000000, -5.981805089575198662E-17, 0.000000000000000000 ) ) ;
#1342 = ORIENTED_EDGE ( 'NONE', *, *, #596, .F. ) ;
#1343 = ORIENTED_EDGE ( 'NONE', *, *, #552, .F. ) ;
#1344 = DIRECTION ( 'NONE',  ( -0.000000000000000000, -0.000000000000000000, 1.000000000000000000 ) ) ;
#1345 = ORIENTED_EDGE ( 'NONE', *, *, #664, .F. ) ;
#1346 = EDGE_CURVE ( 'NONE', #1223, #1796, #1580, .T. ) ;
#1347 = LINE ( 'NONE', #1370, #1398 ) ;
#1348 = EDGE_CURVE ( 'NONE', #2104, #1012, #933, .T. ) ;
#1349 = DIRECTION ( 'NONE',  ( 0.000000000000000000, 0.000000000000000000, 1.000000000000000000 ) ) ;
#1350 = LINE ( 'NONE', #1479, #1707 ) ;
#1351 = DIRECTION ( 'NONE',  ( 1.000000000000000000, 0.000000000000000000, 0.000000000000000000 ) ) ;
#1352 = EDGE_LOOP ( 'NONE', ( #1496, #718, #1543, #364 ) ) ;
#1353 = AXIS2_PLACEMENT_3D ( 'NONE', #1557, #323, #1351 ) ;
#1354 = AXIS2_PLACEMENT_3D ( 'NONE', #1183, #1374, #812 ) ;
#1355 = CIRCLE ( 'NONE', #1273, 2.000000000000002665 ) ;
#1356 = DIRECTION ( 'NONE',  ( -0.000000000000000000, 0.000000000000000000, 1.000000000000000000 ) ) ;
#1357 = ORIENTED_EDGE ( 'NONE', *, *, #845, .F. ) ;
#1358 = AXIS2_PLACEMENT_3D ( 'NONE', #261, #404, #1659 ) ;
#1359 = VECTOR ( 'NONE', #1834, 1000.000000000000000 ) ;
#1360 = CARTESIAN_POINT ( 'NONE',  ( 42.37097701186070964, -4.908059915973653098, 0.9999999999999991118 ) ) ;
#1361 = CARTESIAN_POINT ( 'NONE',  ( 17.06809969032249796, -4.908059915973653098, 8.000000000000000000 ) ) ;
#1362 = DIRECTION ( 'NONE',  ( 0.000000000000000000, 0.000000000000000000, -1.000000000000000000 ) ) ;
#1363 = EDGE_CURVE ( 'NONE', #76, #297, #1544, .T. ) ;
#1364 = DIRECTION ( 'NONE',  ( -0.000000000000000000, 0.000000000000000000, -1.000000000000000000 ) ) ;
#1365 = ORIENTED_EDGE ( 'NONE', *, *, #549, .T. ) ;
#1366 = ORIENTED_EDGE ( 'NONE', *, *, #1599, .F. ) ;
#1367 = DIRECTION ( 'NONE',  ( 0.000000000000000000, 0.000000000000000000, 1.000000000000000000 ) ) ;
#1368 = VERTEX_POINT ( 'NONE', #1737 ) ;
#1369 = ORIENTED_EDGE ( 'NONE', *, *, #657, .F. ) ;
#1370 = CARTESIAN_POINT ( 'NONE',  ( 0.000000000000000000, -26.03579054588323061, 47.45453983889436245 ) ) ;
#1371 = CARTESIAN_POINT ( 'NONE',  ( 4.336808689942017736E-16, -1.000000000000000000, 1.000000000000000888 ) ) ;
#1372 = CARTESIAN_POINT ( 'NONE',  ( 51.84735485676164757, -10.36271593621965259, 50.00000000000000000 ) ) ;
#1373 = ADVANCED_FACE ( 'NONE', ( #846 ), #1901, .F. ) ;
#1374 = DIRECTION ( 'NONE',  ( 1.000000000000000000, 0.000000000000000000, -0.000000000000000000 ) ) ;
#1375 = DIRECTION ( 'NONE',  ( 1.000000000000000000, 0.000000000000000000, -0.000000000000000000 ) ) ;
#1376 = VERTEX_POINT ( 'NONE', #999 ) ;
#1377 = ADVANCED_FACE ( 'NONE', ( #1727, #836 ), #121, .F. ) ;
#1378 = DIRECTION ( 'NONE',  ( 1.000000000000000000, 0.000000000000000000, 0.000000000000000000 ) ) ;
#1379 = ORIENTED_EDGE ( 'NONE', *, *, #595, .F. ) ;
#1380 = VERTEX_POINT ( 'NONE', #472 ) ;
#1381 = CARTESIAN_POINT ( 'NONE',  ( 18.06809969032249796, -3.908059915973653098, 2.761379333656534207 ) ) ;
#1382 = ORIENTED_EDGE ( 'NONE', *, *, #1930, .F. ) ;
#1383 = LINE ( 'NONE', #1725, #1017 ) ;
#1384 = FACE_OUTER_BOUND ( 'NONE', #994, .T. ) ;
#1385 = FACE_OUTER_BOUND ( 'NONE', #978, .T. ) ;
#1386 = EDGE_CURVE ( 'NONE', #877, #1004, #2115, .T. ) ;
#1387 = AXIS2_PLACEMENT_3D ( 'NONE', #167, #1367, #869 ) ;
#1388 = VERTEX_POINT ( 'NONE', #1909 ) ;
#1389 = AXIS2_PLACEMENT_3D ( 'NONE', #8, #518, #1957 ) ;
#1390 = CARTESIAN_POINT ( 'NONE',  ( 0.000000000000000000, -1.000000000000000000, 50.00000000000000000 ) ) ;
#1391 = ORIENTED_EDGE ( 'NONE', *, *, #1227, .F. ) ;
#1392 = AXIS2_PLACEMENT_3D ( 'NONE', #2201, #424, #573 ) ;
#1393 = AXIS2_PLACEMENT_3D ( 'NONE', #523, #445, #2052 ) ;
#1394 = VECTOR ( 'NONE', #2304, 1000.000000000000000 ) ;
#1395 = VERTEX_POINT ( 'NONE', #1567 ) ;
#1396 = CIRCLE ( 'NONE', #641, 1.000000000000000888 ) ;
#1397 = DIRECTION ( 'NONE',  ( -0.000000000000000000, 0.000000000000000000, -1.000000000000000000 ) ) ;
#1398 = VECTOR ( 'NONE', #456, 1000.000000000000000 ) ;
#1399 = VECTOR ( 'NONE', #682, 1000.000000000000000 ) ;
#1400 = DIRECTION ( 'NONE',  ( 1.000000000000000000, 0.000000000000000000, 0.000000000000000000 ) ) ;
#1401 = PLANE ( 'NONE',  #129 ) ;
#1402 = CARTESIAN_POINT ( 'NONE',  ( 44.37097701186070964, -3.908059915973653098, 0.000000000000000000 ) ) ;
#1403 = CARTESIAN_POINT ( 'NONE',  ( 16.06809969032249441, -3.908059915973653098, 0.000000000000000000 ) ) ;
#1404 = ORIENTED_EDGE ( 'NONE', *, *, #893, .T. ) ;
#1405 =( NAMED_UNIT ( * ) PLANE_ANGLE_UNIT ( ) SI_UNIT ( $, .RADIAN. ) );
#1406 = EDGE_CURVE ( 'NONE', #2218, #1012, #135, .T. ) ;
#1407 = ORIENTED_EDGE ( 'NONE', *, *, #2075, .F. ) ;
#1408 = ADVANCED_FACE ( 'NONE', ( #1385 ), #1919, .F. ) ;
#1409 = DIRECTION ( 'NONE',  ( 1.000000000000000000, 0.000000000000000000, 0.000000000000000000 ) ) ;
#1410 = CARTESIAN_POINT ( 'NONE',  ( 43.34129504891359375, -0.4142135623730954230, 41.01233501934770942 ) ) ;
#1411 = LINE ( 'NONE', #347, #1993 ) ;
#1412 = DIRECTION ( 'NONE',  ( -0.000000000000000000, -0.000000000000000000, -1.000000000000000000 ) ) ;
#1413 = VERTEX_POINT ( 'NONE', #1038 ) ;
#1414 = ORIENTED_EDGE ( 'NONE', *, *, #2170, .T. ) ;
#1415 = EDGE_CURVE ( 'NONE', #1368, #1893, #637, .T. ) ;
#1416 = CARTESIAN_POINT ( 'NONE',  ( 5.741097321911706963, -20.36437231950669613, 50.00000000000000000 ) ) ;
#1417 = ADVANCED_FACE ( 'NONE', ( #680 ), #1401, .F. ) ;
#1418 = CARTESIAN_POINT ( 'NONE',  ( 0.000000000000000000, -1.000000000000000000, 0.000000000000000000 ) ) ;
#1419 = CARTESIAN_POINT ( 'NONE',  ( 44.37097701186070964, 0.000000000000000000, 50.00000000000000000 ) ) ;
#1420 = CARTESIAN_POINT ( 'NONE',  ( 43.34129504891359375, -4.910000000000000142, 49.00000000000000711 ) ) ;
#1421 = ORIENTED_EDGE ( 'NONE', *, *, #1415, .T. ) ;
#1422 = VECTOR ( 'NONE', #1434, 1000.000000000000000 ) ;
#1423 = CARTESIAN_POINT ( 'NONE',  ( 43.37097701186070964, -1.671921842938518532, 8.000000000000000000 ) ) ;
#1424 = ORIENTED_EDGE ( 'NONE', *, *, #1035, .T. ) ;
#1425 = ORIENTED_EDGE ( 'NONE', *, *, #1828, .F. ) ;
#1426 = AXIS2_PLACEMENT_3D ( 'NONE', #2314, #1451, #2175 ) ;
#1427 = CIRCLE ( 'NONE', #1095, 1.000000000000000888 ) ;
#1428 = AXIS2_PLACEMENT_3D ( 'NONE', #383, #224, #1150 ) ;
#1429 = AXIS2_PLACEMENT_3D ( 'NONE', #414, #1857, #1497 ) ;
#1430 = LINE ( 'NONE', #544, #13 ) ;
#1431 = VECTOR ( 'NONE', #615, 1000.000000000000000 ) ;
#1432 = PLANE ( 'NONE',  #1504 ) ;
#1433 = EDGE_CURVE ( 'NONE', #1376, #1108, #5, .T. ) ;
#1434 = DIRECTION ( 'NONE',  ( 0.000000000000000000, 0.000000000000000000, 1.000000000000000000 ) ) ;
#1435 = FACE_BOUND ( 'NONE', #205, .T. ) ;
#1436 = EDGE_LOOP ( 'NONE', ( #11, #1632, #1845, #296, #1449, #1732, #2266, #255 ) ) ;
#1437 = LINE ( 'NONE', #739, #2226 ) ;
#1438 = VERTEX_POINT ( 'NONE', #161 ) ;
#1439 = VERTEX_POINT ( 'NONE', #1440 ) ;
#1440 = CARTESIAN_POINT ( 'NONE',  ( 16.06809969032249441, 0.000000000000000000, 9.000000000000001776 ) ) ;
#1441 = ADVANCED_FACE ( 'NONE', ( #181 ), #545, .T. ) ;
#1442 = DIRECTION ( 'NONE',  ( -1.000000000000000000, 0.000000000000000000, 0.000000000000000000 ) ) ;
#1443 = CARTESIAN_POINT ( 'NONE',  ( 0.9999999999999997780, 0.000000000000000000, 50.00000000000000000 ) ) ;
#1444 = ORIENTED_EDGE ( 'NONE', *, *, #446, .F. ) ;
#1445 = DIRECTION ( 'NONE',  ( -0.000000000000000000, -0.000000000000000000, -1.000000000000000000 ) ) ;
#1446 = EDGE_CURVE ( 'NONE', #698, #964, #1772, .T. ) ;
#1447 = PRODUCT ( 'duojizhijia', 'duojizhijia', '', ( #1779 ) ) ;
#1448 = LINE ( 'NONE', #1073, #1234 ) ;
#1449 = ORIENTED_EDGE ( 'NONE', *, *, #567, .T. ) ;
#1450 = DIRECTION ( 'NONE',  ( 0.000000000000000000, 0.000000000000000000, -1.000000000000000000 ) ) ;
#1451 = DIRECTION ( 'NONE',  ( 0.000000000000000000, 0.000000000000000000, 1.000000000000000000 ) ) ;
#1452 = CARTESIAN_POINT ( 'NONE',  ( 44.37097701186070964, -1.000000000000000000, 1.000000000000000000 ) ) ;
#1453 = DIRECTION ( 'NONE',  ( -0.000000000000000000, -0.000000000000000000, 1.000000000000000000 ) ) ;
#1454 = VERTEX_POINT ( 'NONE', #908 ) ;
#1455 = ADVANCED_FACE ( 'NONE', ( #710 ), #1610, .T. ) ;
#1456 = DIRECTION ( 'NONE',  ( -1.000000000000000000, 0.000000000000000000, 0.000000000000000000 ) ) ;
#1457 = EDGE_LOOP ( 'NONE', ( #668, #290, #817, #1940, #231, #2154, #952, #1581, #2299, #1414 ) ) ;
#1458 = ADVANCED_FACE ( 'NONE', ( #883 ), #1432, .F. ) ;
#1459 = AXIS2_PLACEMENT_3D ( 'NONE', #822, #2281, #1364 ) ;
#1460 = FACE_OUTER_BOUND ( 'NONE', #1352, .T. ) ;
#1461 = VECTOR ( 'NONE', #855, 1000.000000000000000 ) ;
#1462 = VECTOR ( 'NONE', #1829, 1000.000000000000000 ) ;
#1463 = DIRECTION ( 'NONE',  ( -0.000000000000000000, -1.000000000000000000, -0.000000000000000000 ) ) ;
#1464 = CARTESIAN_POINT ( 'NONE',  ( 0.000000000000000000, 0.000000000000000000, 50.00000000000000000 ) ) ;
#1465 = VECTOR ( 'NONE', #1112, 1000.000000000000000 ) ;
#1466 = AXIS2_PLACEMENT_3D ( 'NONE', #550, #178, #1456 ) ;
#1467 = FACE_OUTER_BOUND ( 'NONE', #1776, .T. ) ;
#1468 = FACE_OUTER_BOUND ( 'NONE', #254, .T. ) ;
#1469 = VERTEX_POINT ( 'NONE', #1261 ) ;
#1470 = LINE ( 'NONE', #27, #1890 ) ;
#1471 = CARTESIAN_POINT ( 'NONE',  ( 0.000000000000000000, -26.03579054588323061, 47.45453983889436245 ) ) ;
#1472 = ORIENTED_EDGE ( 'NONE', *, *, #1207, .T. ) ;
#1473 = EDGE_CURVE ( 'NONE', #1832, #1380, #1093, .T. ) ;
#1474 = LINE ( 'NONE', #1283, #2082 ) ;
#1475 = CYLINDRICAL_SURFACE ( 'NONE', #2036, 1.000000000000000888 ) ;
#1476 = EDGE_CURVE ( 'NONE', #1330, #1252, #1272, .T. ) ;
#1477 = APPLICATION_PROTOCOL_DEFINITION ( 'draft international standard', 'automotive_design', 1998, #1293 ) ;
#1478 = CARTESIAN_POINT ( 'NONE',  ( 44.34129504891360085, -1.000000000000000000, 41.01233501934770942 ) ) ;
#1479 = CARTESIAN_POINT ( 'NONE',  ( 51.84735485676165467, -20.36437231950669613, -0.001000000000001000089 ) ) ;
#1480 = CYLINDRICAL_SURFACE ( 'NONE', #1354, 1.000000000000000888 ) ;
#1481 = LINE ( 'NONE', #762, #491 ) ;
#1482 = ORIENTED_EDGE ( 'NONE', *, *, #1771, .T. ) ;
#1483 = VERTEX_POINT ( 'NONE', #1249 ) ;
#1484 = ORIENTED_EDGE ( 'NONE', *, *, #25, .F. ) ;
#1485 = DIRECTION ( 'NONE',  ( 1.000000000000000000, 0.000000000000000000, 0.000000000000000000 ) ) ;
#1486 = ORIENTED_EDGE ( 'NONE', *, *, #207, .T. ) ;
#1487 = ADVANCED_BREP_SHAPE_REPRESENTATION ( 'duojizhijia', ( #503, #1748 ), #832 ) ;
#1488 = CARTESIAN_POINT ( 'NONE',  ( 44.34129504891360085, 0.000000000000000000, 49.00000000000000000 ) ) ;
#1489 = EDGE_CURVE ( 'NONE', #1483, #1454, #1883, .T. ) ;
#1490 = DIRECTION ( 'NONE',  ( -1.000000000000000000, 0.000000000000000000, 0.000000000000000000 ) ) ;
#1491 = FACE_OUTER_BOUND ( 'NONE', #754, .T. ) ;
#1492 = EDGE_CURVE ( 'NONE', #522, #76, #1819, .T. ) ;
#1493 = CARTESIAN_POINT ( 'NONE',  ( 5.741097321911706963, -20.36437231950669613, 47.45453983889436245 ) ) ;
#1494 = FACE_BOUND ( 'NONE', #366, .T. ) ;
#1495 = ORIENTED_EDGE ( 'NONE', *, *, #2092, .T. ) ;
#1496 = ORIENTED_EDGE ( 'NONE', *, *, #1942, .T. ) ;
#1497 = DIRECTION ( 'NONE',  ( -1.000000000000000000, 0.000000000000000000, 0.000000000000000000 ) ) ;
#1498 = ORIENTED_EDGE ( 'NONE', *, *, #1771, .F. ) ;
#1499 = DIRECTION ( 'NONE',  ( -0.000000000000000000, -0.000000000000000000, 1.000000000000000000 ) ) ;
#1500 = AXIS2_PLACEMENT_3D ( 'NONE', #624, #1341, #2067 ) ;
#1501 = FILL_AREA_STYLE ('',( #783 ) ) ;
#1502 = DIRECTION ( 'NONE',  ( -0.000000000000000000, -0.000000000000000000, 1.000000000000000000 ) ) ;
#1503 = DIRECTION ( 'NONE',  ( -0.000000000000000000, -0.000000000000000000, 1.000000000000000000 ) ) ;
#1504 = AXIS2_PLACEMENT_3D ( 'NONE', #697, #1977, #32 ) ;
#1505 = CIRCLE ( 'NONE', #895, 1.000000000000000888 ) ;
#1506 = EDGE_CURVE ( 'NONE', #1380, #1906, #752, .T. ) ;
#1507 = VECTOR ( 'NONE', #1783, 1000.000000000000000 ) ;
#1508 = EDGE_CURVE ( 'NONE', #1751, #1289, #412, .T. ) ;
#1509 = CARTESIAN_POINT ( 'NONE',  ( 44.34129504891360085, -1.000000000000000000, 50.00000000000000000 ) ) ;
#1510 = AXIS2_PLACEMENT_3D ( 'NONE', #604, #2252, #808 ) ;
#1511 = CARTESIAN_POINT ( 'NONE',  ( 39.66399999999999437, -14.50600790507669302, 50.00000000000000000 ) ) ;
#1512 = EDGE_LOOP ( 'NONE', ( #551, #1768, #360, #137 ) ) ;
#1513 = AXIS2_PLACEMENT_3D ( 'NONE', #946, #610, #1683 ) ;
#1514 = CIRCLE ( 'NONE', #1918, 3.000000000000000888 ) ;
#1515 = EDGE_CURVE ( 'NONE', #1252, #1041, #2144, .T. ) ;
#1516 = EDGE_LOOP ( 'NONE', ( #184, #2277 ) ) ;
#1517 = CARTESIAN_POINT ( 'NONE',  ( 17.00665146708350406, -1.000000000000000000, 41.01233501934770942 ) ) ;
#1518 = EDGE_LOOP ( 'NONE', ( #2193, #425 ) ) ;
#1519 = DIRECTION ( 'NONE',  ( -0.000000000000000000, -0.000000000000000000, 1.000000000000000000 ) ) ;
#1520 = DIRECTION ( 'NONE',  ( 0.000000000000000000, 0.000000000000000000, -1.000000000000000000 ) ) ;
#1521 = LINE ( 'NONE', #971, #601 ) ;
#1522 = DIRECTION ( 'NONE',  ( -0.000000000000000000, 1.000000000000000000, -0.000000000000000000 ) ) ;
#1523 = ORIENTED_EDGE ( 'NONE', *, *, #665, .T. ) ;
#1524 = EDGE_CURVE ( 'NONE', #1756, #587, #160, .T. ) ;
#1525 = ORIENTED_EDGE ( 'NONE', *, *, #1528, .T. ) ;
#1526 = CARTESIAN_POINT ( 'NONE',  ( 16.59243790471040825, -3.244476573706588632E-16, 40.59812145697461006 ) ) ;
#1527 = ORIENTED_EDGE ( 'NONE', *, *, #1788, .T. ) ;
#1528 = EDGE_CURVE ( 'NONE', #513, #243, #1060, .T. ) ;
#1529 = FACE_OUTER_BOUND ( 'NONE', #1014, .T. ) ;
#1530 = CARTESIAN_POINT ( 'NONE',  ( 56.99999999999999289, -1.000000000000000000, 49.00000000000000000 ) ) ;
#1531 = CARTESIAN_POINT ( 'NONE',  ( 39.66399999999999437, -14.50600790507669302, 0.000000000000000000 ) ) ;
#1532 = ORIENTED_EDGE ( 'NONE', *, *, #50, .F. ) ;
#1533 = ORIENTED_EDGE ( 'NONE', *, *, #1669, .F. ) ;
#1534 = CARTESIAN_POINT ( 'NONE',  ( 0.000000000000000000, -27.59079423964294620, 50.00000000000000000 ) ) ;
#1535 = ADVANCED_FACE ( 'NONE', ( #1784 ), #1793, .T. ) ;
#1536 = ORIENTED_EDGE ( 'NONE', *, *, #1386, .F. ) ;
#1537 = CARTESIAN_POINT ( 'NONE',  ( 0.9999999999999997780, -26.59079423964294620, 49.00000000000000000 ) ) ;
#1538 = EDGE_CURVE ( 'NONE', #1781, #965, #1726, .T. ) ;
#1539 = EDGE_CURVE ( 'NONE', #1257, #2104, #435, .T. ) ;
#1540 = FACE_OUTER_BOUND ( 'NONE', #2241, .T. ) ;
#1541 = CARTESIAN_POINT ( 'NONE',  ( 0.000000000000000000, -26.03579054588323061, 2.761379333656534207 ) ) ;
#1542 = DIRECTION ( 'NONE',  ( 0.000000000000000000, 0.000000000000000000, 1.000000000000000000 ) ) ;
#1543 = ORIENTED_EDGE ( 'NONE', *, *, #910, .F. ) ;
#1544 = CIRCLE ( 'NONE', #1654, 1.000000000000000000 ) ;
#1545 = AXIS2_PLACEMENT_3D ( 'NONE', #1488, #258, #1656 ) ;
#1546 = CIRCLE ( 'NONE', #528, 3.000000000000002665 ) ;
#1547 = ORIENTED_EDGE ( 'NONE', *, *, #570, .F. ) ;
#1548 = CARTESIAN_POINT ( 'NONE',  ( 44.37097701186070964, 0.000000000000000000, 1.000000000000000888 ) ) ;
#1549 = VERTEX_POINT ( 'NONE', #784 ) ;
#1550 = AXIS2_PLACEMENT_3D ( 'NONE', #642, #303, #1520 ) ;
#1551 = AXIS2_PLACEMENT_3D ( 'NONE', #448, #101, #1116 ) ;
#1552 = VERTEX_POINT ( 'NONE', #949 ) ;
#1553 = PLANE ( 'NONE',  #1275 ) ;
#1554 = FACE_OUTER_BOUND ( 'NONE', #1264, .T. ) ;
#1555 = CARTESIAN_POINT ( 'NONE',  ( 56.99999999999999289, -26.59079423964294975, 1.000000000000000000 ) ) ;
#1556 = EDGE_CURVE ( 'NONE', #1413, #1598, #745, .T. ) ;
#1557 = CARTESIAN_POINT ( 'NONE',  ( 44.37097701186070964, -1.000000000000000000, 1.000000000000000000 ) ) ;
#1558 = EDGE_LOOP ( 'NONE', ( #1950, #666, #1745, #1984 ) ) ;
#1559 = EDGE_LOOP ( 'NONE', ( #1755, #543 ) ) ;
#1560 = CARTESIAN_POINT ( 'NONE',  ( 56.99999999999999289, -26.59079423964294975, 49.00000000000000000 ) ) ;
#1561 = VERTEX_POINT ( 'NONE', #2026 ) ;
#1562 = DIRECTION ( 'NONE',  ( -0.000000000000000000, 1.000000000000000000, 0.000000000000000000 ) ) ;
#1563 = ORIENTED_EDGE ( 'NONE', *, *, #505, .T. ) ;
#1564 = LINE ( 'NONE', #622, #2043 ) ;
#1565 = DIRECTION ( 'NONE',  ( 1.000000000000000000, 0.000000000000000000, 0.000000000000000000 ) ) ;
#1566 = ADVANCED_FACE ( 'NONE', ( #1687 ), #1152, .F. ) ;
#1567 = CARTESIAN_POINT ( 'NONE',  ( 35.16400000000000148, -14.50600790507669302, 2.761379333656534207 ) ) ;
#1568 = ORIENTED_EDGE ( 'NONE', *, *, #154, .F. ) ;
#1569 = EDGE_CURVE ( 'NONE', #26, #587, #226, .T. ) ;
#1570 = VERTEX_POINT ( 'NONE', #1105 ) ;
#1571 = CYLINDRICAL_SURFACE ( 'NONE', #2123, 1.000000000000000888 ) ;
#1572 = EDGE_LOOP ( 'NONE', ( #102, #37, #2095, #1975 ) ) ;
#1573 = SURFACE_STYLE_FILL_AREA ( #301 ) ;
#1574 = ORIENTED_EDGE ( 'NONE', *, *, #358, .T. ) ;
#1575 = DIRECTION ( 'NONE',  ( 1.000000000000000000, 0.000000000000000000, 0.000000000000000000 ) ) ;
#1576 = CARTESIAN_POINT ( 'NONE',  ( 16.00665146708350406, -1.000000000000000000, 49.00000000000000711 ) ) ;
#1577 = DIRECTION ( 'NONE',  ( 0.000000000000000000, 0.000000000000000000, 1.000000000000000000 ) ) ;
#1578 = ADVANCED_FACE ( 'NONE', ( #1338 ), #2187, .T. ) ;
#1579 = EDGE_CURVE ( 'NONE', #964, #1299, #1675, .T. ) ;
#1580 = CIRCLE ( 'NONE', #2035, 4.499999999999997335 ) ;
#1581 = ORIENTED_EDGE ( 'NONE', *, *, #1238, .T. ) ;
#1582 = LINE ( 'NONE', #1390, #1399 ) ;
#1583 = ORIENTED_EDGE ( 'NONE', *, *, #117, .T. ) ;
#1584 = AXIS2_PLACEMENT_3D ( 'NONE', #41, #781, #917 ) ;
#1585 = CIRCLE ( 'NONE', #977, 3.000000000000002665 ) ;
#1586 = EDGE_CURVE ( 'NONE', #1800, #965, #1521, .T. ) ;
#1587 =( NAMED_UNIT ( * ) SI_UNIT ( $, .STERADIAN. ) SOLID_ANGLE_UNIT ( ) );
#1588 = VECTOR ( 'NONE', #1714, 1000.000000000000000 ) ;
#1589 = EDGE_LOOP ( 'NONE', ( #1100, #1574, #1949, #765 ) ) ;
#1590 = AXIS2_PLACEMENT_3D ( 'NONE', #1083, #2192, #1605 ) ;
#1591 = AXIS2_PLACEMENT_3D ( 'NONE', #1825, #216, #2223 ) ;
#1592 = FACE_OUTER_BOUND ( 'NONE', #809, .T. ) ;
#1593 = CARTESIAN_POINT ( 'NONE',  ( 0.000000000000000000, -5.908059915973653098, 1.000000000000000000 ) ) ;
#1594 = DIRECTION ( 'NONE',  ( 0.000000000000000000, -1.000000000000000000, 0.000000000000000000 ) ) ;
#1595 = CARTESIAN_POINT ( 'NONE',  ( 0.000000000000000000, -5.910000000000000142, 49.00000000000000000 ) ) ;
#1596 = ORIENTED_EDGE ( 'NONE', *, *, #1900, .F. ) ;
#1597 = EDGE_CURVE ( 'NONE', #361, #1990, #1201, .T. ) ;
#1598 = VERTEX_POINT ( 'NONE', #613 ) ;
#1599 = EDGE_CURVE ( 'NONE', #1380, #2287, #2228, .T. ) ;
#1600 = CARTESIAN_POINT ( 'NONE',  ( 56.99999999999999289, -1.000000000000000000, 50.00000000000000000 ) ) ;
#1601 = DIRECTION ( 'NONE',  ( 0.000000000000000000, 0.000000000000000000, 1.000000000000000000 ) ) ;
#1602 = CARTESIAN_POINT ( 'NONE',  ( 21.33000000000000185, -14.00000000000000000, 50.00000000000000000 ) ) ;
#1603 = LINE ( 'NONE', #1443, #672 ) ;
#1604 = ORIENTED_EDGE ( 'NONE', *, *, #2254, .F. ) ;
#1605 = DIRECTION ( 'NONE',  ( -1.000000000000000000, 0.000000000000000000, 0.000000000000000000 ) ) ;
#1606 = ORIENTED_EDGE ( 'NONE', *, *, #319, .F. ) ;
#1607 = ORIENTED_EDGE ( 'NONE', *, *, #169, .T. ) ;
#1608 = EDGE_CURVE ( 'NONE', #1910, #1413, #1113, .T. ) ;
#1609 = DIRECTION ( 'NONE',  ( 1.000000000000000000, -0.000000000000000000, -0.000000000000000000 ) ) ;
#1610 = CYLINDRICAL_SURFACE ( 'NONE', #975, 1.000000000000000888 ) ;
#1611 = CARTESIAN_POINT ( 'NONE',  ( 17.06809969032249796, -1.671921842938518532, 2.761379333656534207 ) ) ;
#1612 = CARTESIAN_POINT ( 'NONE',  ( 56.99999999999999289, -1.000000000000000000, 0.000000000000000000 ) ) ;
#1613 = EDGE_LOOP ( 'NONE', ( #2086, #725, #939, #2106 ) ) ;
#1614 = CIRCLE ( 'NONE', #600, 1.999999999999994893 ) ;
#1615 = CARTESIAN_POINT ( 'NONE',  ( 43.37097701186070964, -1.671921842938518532, 47.45453983889436245 ) ) ;
#1616 = EDGE_LOOP ( 'NONE', ( #691, #849 ) ) ;
#1617 = ORIENTED_EDGE ( 'NONE', *, *, #771, .F. ) ;
#1618 = CIRCLE ( 'NONE', #1922, 1.000000000000000000 ) ;
#1619 = CIRCLE ( 'NONE', #795, 1.000000000000000888 ) ;
#1620 = VECTOR ( 'NONE', #1066, 1000.000000000000000 ) ;
#1621 = LINE ( 'NONE', #706, #1394 ) ;
#1622 = ADVANCED_FACE ( 'NONE', ( #1851 ), #95, .F. ) ;
#1623 = COLOUR_RGB ( '',0.7921568627450980005, 0.8196078431372548767, 0.9333333333333333481 ) ;
#1624 = CIRCLE ( 'NONE', #609, 4.499999999999997335 ) ;
#1625 = CARTESIAN_POINT ( 'NONE',  ( 0.9999999999999997780, -26.59079423964294620, 49.00000000000000000 ) ) ;
#1626 = ADVANCED_FACE ( 'NONE', ( #262 ), #932, .T. ) ;
#1627 = ORIENTED_EDGE ( 'NONE', *, *, #1508, .T. ) ;
#1628 = DIRECTION ( 'NONE',  ( 0.000000000000000000, -1.000000000000000000, 0.000000000000000000 ) ) ;
#1629 = EDGE_LOOP ( 'NONE', ( #87, #336, #1365, #1652, #315, #490, #839, #410, #1583, #1810, #1072, #2191 ) ) ;
#1630 = CARTESIAN_POINT ( 'NONE',  ( 57.99999999999999289, -1.671921842938518532, 47.45453983889436245 ) ) ;
#1631 = FACE_BOUND ( 'NONE', #1204, .T. ) ;
#1632 = ORIENTED_EDGE ( 'NONE', *, *, #1446, .T. ) ;
#1633 = CARTESIAN_POINT ( 'NONE',  ( 42.37097701186070964, -3.908059915973653098, 1.000000000000000000 ) ) ;
#1634 = CARTESIAN_POINT ( 'NONE',  ( 43.37097701186070964, -3.908059915973653098, 2.761379333656534207 ) ) ;
#1635 = ADVANCED_FACE ( 'NONE', ( #1491 ), #1325, .T. ) ;
#1636 = DIRECTION ( 'NONE',  ( 1.000000000000000000, 0.000000000000000000, -0.000000000000000000 ) ) ;
#1637 = EDGE_CURVE ( 'NONE', #506, #242, #2054, .T. ) ;
#1638 = ADVANCED_FACE ( 'NONE', ( #217 ), #1961, .T. ) ;
#1639 = DIRECTION ( 'NONE',  ( 0.000000000000000000, 0.000000000000000000, 1.000000000000000000 ) ) ;
#1640 = FACE_OUTER_BOUND ( 'NONE', #1085, .T. ) ;
#1641 = VERTEX_POINT ( 'NONE', #593 ) ;
#1642 = DIRECTION ( 'NONE',  ( -0.000000000000000000, -0.000000000000000000, -1.000000000000000000 ) ) ;
#1643 = DIRECTION ( 'NONE',  ( 1.000000000000000000, 0.000000000000000000, -0.000000000000000000 ) ) ;
#1644 = VERTEX_POINT ( 'NONE', #480 ) ;
#1645 = CARTESIAN_POINT ( 'NONE',  ( 43.37097701186070964, -1.000000000000000000, 1.000000000000000000 ) ) ;
#1646 = DIRECTION ( 'NONE',  ( -1.000000000000000000, 0.000000000000000000, 0.000000000000000000 ) ) ;
#1647 = LINE ( 'NONE', #1326, #1740 ) ;
#1648 = LINE ( 'NONE', #183, #2263 ) ;
#1649 = ORIENTED_EDGE ( 'NONE', *, *, #2092, .F. ) ;
#1650 = ORIENTED_EDGE ( 'NONE', *, *, #595, .T. ) ;
#1651 = FACE_BOUND ( 'NONE', #1516, .T. ) ;
#1652 = ORIENTED_EDGE ( 'NONE', *, *, #844, .T. ) ;
#1653 = AXIS2_PLACEMENT_3D ( 'NONE', #1805, #1046, #868 ) ;
#1654 = AXIS2_PLACEMENT_3D ( 'NONE', #2084, #1754, #463 ) ;
#1655 = VECTOR ( 'NONE', #1677, 1000.000000000000000 ) ;
#1656 = DIRECTION ( 'NONE',  ( 0.000000000000000000, 0.000000000000000000, 1.000000000000000000 ) ) ;
#1657 = VECTOR ( 'NONE', #1952, 1000.000000000000000 ) ;
#1658 = CIRCLE ( 'NONE', #1924, 1.000000000000000000 ) ;
#1659 = DIRECTION ( 'NONE',  ( 0.000000000000000000, 0.000000000000000000, 1.000000000000000000 ) ) ;
#1660 = CARTESIAN_POINT ( 'NONE',  ( 0.9999999999999997780, -1.000000000000000000, 50.00000000000000000 ) ) ;
#1661 = CIRCLE ( 'NONE', #134, 1.000000000000000888 ) ;
#1662 = AXIS2_PLACEMENT_3D ( 'NONE', #1959, #531, #902 ) ;
#1663 = DIRECTION ( 'NONE',  ( 1.000000000000000000, 0.000000000000000000, 0.000000000000000000 ) ) ;
#1664 = CARTESIAN_POINT ( 'NONE',  ( 0.000000000000000000, -1.000000000000000000, 49.00000000000000000 ) ) ;
#1665 = ORIENTED_EDGE ( 'NONE', *, *, #1331, .T. ) ;
#1666 = ORIENTED_EDGE ( 'NONE', *, *, #2309, .F. ) ;
#1667 = ORIENTED_EDGE ( 'NONE', *, *, #1955, .F. ) ;
#1668 = DIRECTION ( 'NONE',  ( 0.000000000000000000, -0.000000000000000000, 1.000000000000000000 ) ) ;
#1669 = EDGE_CURVE ( 'NONE', #1906, #1321, #120, .T. ) ;
#1670 = ORIENTED_EDGE ( 'NONE', *, *, #1415, .F. ) ;
#1671 = EDGE_CURVE ( 'NONE', #1004, #265, #1355, .T. ) ;
#1672 = CYLINDRICAL_SURFACE ( 'NONE', #498, 1.000000000000000888 ) ;
#1673 = DIRECTION ( 'NONE',  ( -1.000000000000000000, 0.000000000000000000, 0.000000000000000000 ) ) ;
#1674 = PLANE ( 'NONE',  #2002 ) ;
#1675 = LINE ( 'NONE', #405, #2221 ) ;
#1676 = SPHERICAL_SURFACE ( 'NONE', #496, 1.000000000000000000 ) ;
#1677 = DIRECTION ( 'NONE',  ( -0.000000000000000000, 1.000000000000000000, -0.000000000000000000 ) ) ;
#1678 = CYLINDRICAL_SURFACE ( 'NONE', #269, 1.000000000000000000 ) ;
#1679 = ORIENTED_EDGE ( 'NONE', *, *, #924, .T. ) ;
#1680 = ORIENTED_EDGE ( 'NONE', *, *, #1240, .F. ) ;
#1681 = DIRECTION ( 'NONE',  ( 0.000000000000000000, 0.000000000000000000, 1.000000000000000000 ) ) ;
#1682 = EDGE_LOOP ( 'NONE', ( #1927, #2317, #1425, #1974 ) ) ;
#1683 = DIRECTION ( 'NONE',  ( 1.000000000000000000, 0.000000000000000000, 0.000000000000000000 ) ) ;
#1684 = SPHERICAL_SURFACE ( 'NONE', #709, 1.000000000000000000 ) ;
#1685 = EDGE_CURVE ( 'NONE', #1990, #1751, #1383, .T. ) ;
#1686 = LINE ( 'NONE', #57, #1465 ) ;
#1687 = FACE_OUTER_BOUND ( 'NONE', #1629, .T. ) ;
#1688 = ADVANCED_FACE ( 'NONE', ( #1554 ), #153, .T. ) ;
#1689 = CARTESIAN_POINT ( 'NONE',  ( 18.32999999999999829, -14.00000000000000000, 47.45453983889436245 ) ) ;
#1690 = DIRECTION ( 'NONE',  ( 1.000000000000000000, 0.000000000000000000, -0.000000000000000000 ) ) ;
#1691 = ORIENTED_EDGE ( 'NONE', *, *, #1685, .F. ) ;
#1692 = CARTESIAN_POINT ( 'NONE',  ( 39.66399999999999437, -14.50600790507669302, 50.00000000000000000 ) ) ;
#1693 = CARTESIAN_POINT ( 'NONE',  ( 17.06809969032249796, -0.4142135623730954230, 8.000000000000001776 ) ) ;
#1694 = EDGE_LOOP ( 'NONE', ( #392, #535, #805, #2220 ) ) ;
#1695 = CARTESIAN_POINT ( 'NONE',  ( 5.741097321911706963, -10.36271593621965259, -0.001000000000001000089 ) ) ;
#1696 = CYLINDRICAL_SURFACE ( 'NONE', #1269, 1.000000000000000000 ) ;
#1697 = LINE ( 'NONE', #1335, #1232 ) ;
#1698 = VECTOR ( 'NONE', #1795, 1000.000000000000000 ) ;
#1699 = VECTOR ( 'NONE', #2145, 1000.000000000000000 ) ;
#1700 = DIRECTION ( 'NONE',  ( 0.000000000000000000, 0.000000000000000000, 1.000000000000000000 ) ) ;
#1701 = DIRECTION ( 'NONE',  ( -1.000000000000000000, 0.000000000000000000, 0.000000000000000000 ) ) ;
#1702 = EDGE_CURVE ( 'NONE', #1713, #1034, #1162, .T. ) ;
#1703 = VECTOR ( 'NONE', #1636, 1000.000000000000000 ) ;
#1704 = VECTOR ( 'NONE', #1639, 1000.000000000000000 ) ;
#1705 = VECTOR ( 'NONE', #1986, 1000.000000000000000 ) ;
#1706 = DIRECTION ( 'NONE',  ( -1.000000000000000000, 0.000000000000000000, 0.000000000000000000 ) ) ;
#1707 = VECTOR ( 'NONE', #1503, 1000.000000000000000 ) ;
#1708 = CARTESIAN_POINT ( 'NONE',  ( 0.000000000000000000, 0.000000000000000000, 0.000000000000000000 ) ) ;
#1709 = ORIENTED_EDGE ( 'NONE', *, *, #486, .F. ) ;
#1710 = VECTOR ( 'NONE', #489, 1000.000000000000000 ) ;
#1711 = VERTEX_POINT ( 'NONE', #1209 ) ;
#1712 = CARTESIAN_POINT ( 'NONE',  ( 3.741097321911704299, -10.36271593621965259, 47.45453983889436245 ) ) ;
#1713 = VERTEX_POINT ( 'NONE', #843 ) ;
#1714 = DIRECTION ( 'NONE',  ( 0.000000000000000000, -0.000000000000000000, 1.000000000000000000 ) ) ;
#1715 = FACE_OUTER_BOUND ( 'NONE', #1032, .T. ) ;
#1716 = CARTESIAN_POINT ( 'NONE',  ( 0.000000000000000000, 0.000000000000000000, 1.000000000000000888 ) ) ;
#1717 = CARTESIAN_POINT ( 'NONE',  ( 55.84735485676164757, -10.36271593621965259, 50.00000000000000000 ) ) ;
#1718 = VERTEX_POINT ( 'NONE', #653 ) ;
#1719 = EDGE_CURVE ( 'NONE', #2057, #122, #232, .T. ) ;
#1720 = EDGE_CURVE ( 'NONE', #1867, #2100, #199, .T. ) ;
#1721 = EDGE_LOOP ( 'NONE', ( #1010, #721 ) ) ;
#1722 = DIRECTION ( 'NONE',  ( -0.000000000000000000, -0.000000000000000000, -1.000000000000000000 ) ) ;
#1723 = EDGE_LOOP ( 'NONE', ( #139, #212, #1292, #1040 ) ) ;
#1724 = DIRECTION ( 'NONE',  ( 0.000000000000000000, -0.000000000000000000, -1.000000000000000000 ) ) ;
#1725 = CARTESIAN_POINT ( 'NONE',  ( 51.84735485676164757, -10.36271593621965259, -0.001000000000001000089 ) ) ;
#1726 =( BOUNDED_CURVE ( )  B_SPLINE_CURVE ( 3, ( #571, #71, #581, #58 ),
 .UNSPECIFIED., .F., .F. ) 
 B_SPLINE_CURVE_WITH_KNOTS ( ( 4, 4 ),
 ( 3.141592653589799777, 4.712388980384689674 ),
 .UNSPECIFIED. ) 
 CURVE ( )  GEOMETRIC_REPRESENTATION_ITEM ( )  RATIONAL_B_SPLINE_CURVE ( ( 1.000000000000000000, 0.8047378541243666028, 0.8047378541243666028, 1.000000000000000000 ) ) 
 REPRESENTATION_ITEM ( '' )  );
#1727 = FACE_BOUND ( 'NONE', #84, .T. ) ;
#1728 = ORIENTED_EDGE ( 'NONE', *, *, #2109, .T. ) ;
#1729 = EDGE_LOOP ( 'NONE', ( #2275, #286, #352, #141 ) ) ;
#1730 = LINE ( 'NONE', #1937, #499 ) ;
#1731 = EDGE_LOOP ( 'NONE', ( #104, #1302 ) ) ;
#1732 = ORIENTED_EDGE ( 'NONE', *, *, #432, .T. ) ;
#1733 = DIRECTION ( 'NONE',  ( 0.000000000000000000, 0.000000000000000000, 1.000000000000000000 ) ) ;
#1734 = EDGE_CURVE ( 'NONE', #513, #1570, #1619, .T. ) ;
#1735 = DIRECTION ( 'NONE',  ( -1.000000000000000000, -0.000000000000000000, -0.000000000000000000 ) ) ;
#1736 = AXIS2_PLACEMENT_3D ( 'NONE', #1947, #1047, #317 ) ;
#1737 = CARTESIAN_POINT ( 'NONE',  ( 21.33000000000000185, -14.00000000000000000, 0.000000000000000000 ) ) ;
#1738 = ORIENTED_EDGE ( 'NONE', *, *, #1492, .T. ) ;
#1739 = AXIS2_PLACEMENT_3D ( 'NONE', #1625, #21, #723 ) ;
#1740 = VECTOR ( 'NONE', #747, 1000.000000000000000 ) ;
#1741 = AXIS2_PLACEMENT_3D ( 'NONE', #1633, #516, #371 ) ;
#1742 = CIRCLE ( 'NONE', #2297, 1.999999999999997335 ) ;
#1743 = ORIENTED_EDGE ( 'NONE', *, *, #2126, .F. ) ;
#1744 = CARTESIAN_POINT ( 'NONE',  ( 17.00665146708350406, -1.000000000000000000, 49.00000000000000000 ) ) ;
#1745 = ORIENTED_EDGE ( 'NONE', *, *, #880, .F. ) ;
#1746 = STYLED_ITEM ( 'NONE', ( #1271 ), #1487 ) ;
#1747 = AXIS2_PLACEMENT_3D ( 'NONE', #24, #1229, #10 ) ;
#1748 = AXIS2_PLACEMENT_3D ( 'NONE', #1337, #1700, #1929 ) ;
#1749 = ORIENTED_EDGE ( 'NONE', *, *, #1433, .T. ) ;
#1750 = LINE ( 'NONE', #842, #345 ) ;
#1751 = VERTEX_POINT ( 'NONE', #1372 ) ;
#1752 = EDGE_CURVE ( 'NONE', #1867, #837, #2117, .T. ) ;
#1753 = DIRECTION ( 'NONE',  ( -8.673617379884028570E-16, 0.000000000000000000, 1.000000000000000000 ) ) ;
#1754 = DIRECTION ( 'NONE',  ( -0.000000000000000000, -0.000000000000000000, -1.000000000000000000 ) ) ;
#1755 = ORIENTED_EDGE ( 'NONE', *, *, #1207, .F. ) ;
#1756 = VERTEX_POINT ( 'NONE', #1193 ) ;
#1757 = CARTESIAN_POINT ( 'NONE',  ( 0.000000000000000000, 0.000000000000000000, 9.000000000000001776 ) ) ;
#1758 = EDGE_LOOP ( 'NONE', ( #1649, #1532, #1679, #1670 ) ) ;
#1759 = DIRECTION ( 'NONE',  ( 1.000000000000000000, 0.000000000000000000, 0.000000000000000000 ) ) ;
#1760 = EDGE_LOOP ( 'NONE', ( #914, #2158, #1002, #1027 ) ) ;
#1761 = CARTESIAN_POINT ( 'NONE',  ( 15.32999999999999652, -14.00000000000000000, 47.45453983889436245 ) ) ;
#1762 = CARTESIAN_POINT ( 'NONE',  ( 56.99999999999999289, -26.59079423964295330, 1.000000000000000000 ) ) ;
#1763 = EDGE_CURVE ( 'NONE', #587, #1756, #828, .T. ) ;
#1764 = DIRECTION ( 'NONE',  ( 0.000000000000000000, 0.000000000000000000, -1.000000000000000000 ) ) ;
#1765 = EDGE_CURVE ( 'NONE', #2104, #1469, #143, .T. ) ;
#1766 = DIRECTION ( 'NONE',  ( 0.000000000000000000, 1.000000000000000000, 0.000000000000000000 ) ) ;
#1767 = UNCERTAINTY_MEASURE_WITH_UNIT (LENGTH_MEASURE( 1.000000000000000082E-05 ), #1939, 'distance_accuracy_value', 'NONE');
#1768 = ORIENTED_EDGE ( 'NONE', *, *, #1818, .T. ) ;
#1769 = ORIENTED_EDGE ( 'NONE', *, *, #827, .F. ) ;
#1770 = FACE_OUTER_BOUND ( 'NONE', #851, .T. ) ;
#1771 = EDGE_CURVE ( 'NONE', #1388, #222, #557, .T. ) ;
#1772 = LINE ( 'NONE', #2004, #525 ) ;
#1773 = VECTOR ( 'NONE', #42, 1000.000000000000000 ) ;
#1774 = LINE ( 'NONE', #174, #1422 ) ;
#1775 = CARTESIAN_POINT ( 'NONE',  ( 44.16399999999999437, -14.50600790507669302, 50.00000000000000000 ) ) ;
#1776 = EDGE_LOOP ( 'NONE', ( #1472, #299, #1117, #1301 ) ) ;
#1777 = AXIS2_PLACEMENT_3D ( 'NONE', #470, #4, #1400 ) ;
#1778 = AXIS2_PLACEMENT_3D ( 'NONE', #947, #591, #1673 ) ;
#1779 = PRODUCT_CONTEXT ( 'NONE', #1293, 'mechanical' ) ;
#1780 = CIRCLE ( 'NONE', #459, 1.000000000000000000 ) ;
#1781 = VERTEX_POINT ( 'NONE', #2077 ) ;
#1782 = AXIS2_PLACEMENT_3D ( 'NONE', #1471, #878, #1808 ) ;
#1783 = DIRECTION ( 'NONE',  ( -0.000000000000000000, 1.000000000000000000, -0.000000000000000000 ) ) ;
#1784 = FACE_OUTER_BOUND ( 'NONE', #1246, .T. ) ;
#1785 = EDGE_LOOP ( 'NONE', ( #29, #1075, #126, #605 ) ) ;
#1786 = PLANE ( 'NONE',  #97 ) ;
#1787 = ORIENTED_EDGE ( 'NONE', *, *, #319, .T. ) ;
#1788 = EDGE_CURVE ( 'NONE', #656, #794, #2289, .T. ) ;
#1789 = LINE ( 'NONE', #351, #1274 ) ;
#1790 = PLANE ( 'NONE',  #1270 ) ;
#1791 = ORIENTED_EDGE ( 'NONE', *, *, #579, .F. ) ;
#1792 = LINE ( 'NONE', #881, #132 ) ;
#1793 = SPHERICAL_SURFACE ( 'NONE', #1739, 1.000000000000000000 ) ;
#1794 = CARTESIAN_POINT ( 'NONE',  ( 18.32999999999999829, -14.00000000000000000, 2.761379333656534207 ) ) ;
#1795 = DIRECTION ( 'NONE',  ( -1.000000000000000000, 0.000000000000000000, 0.000000000000000000 ) ) ;
#1796 = VERTEX_POINT ( 'NONE', #109 ) ;
#1797 = FACE_BOUND ( 'NONE', #215, .T. ) ;
#1798 = LINE ( 'NONE', #1615, #982 ) ;
#1799 = EDGE_CURVE ( 'NONE', #1191, #1801, #1908, .T. ) ;
#1800 = VERTEX_POINT ( 'NONE', #1175 ) ;
#1801 = VERTEX_POINT ( 'NONE', #1898 ) ;
#1802 = ADVANCED_FACE ( 'NONE', ( #284 ), #998, .T. ) ;
#1803 = PLANE ( 'NONE',  #495 ) ;
#1804 = DIRECTION ( 'NONE',  ( 0.000000000000000000, 0.000000000000000000, -1.000000000000000000 ) ) ;
#1805 = CARTESIAN_POINT ( 'NONE',  ( 16.00665146708350406, -1.000000000000000000, 49.00000000000000000 ) ) ;
#1806 = CARTESIAN_POINT ( 'NONE',  ( 17.00665146708350406, -4.910000000000000142, 41.01233501934770942 ) ) ;
#1807 = EDGE_LOOP ( 'NONE', ( #703, #599, #1197, #1902 ) ) ;
#1808 = DIRECTION ( 'NONE',  ( 1.000000000000000000, 0.000000000000000000, -0.000000000000000000 ) ) ;
#1809 = EDGE_LOOP ( 'NONE', ( #1345, #627, #149, #2233 ) ) ;
#1810 = ORIENTED_EDGE ( 'NONE', *, *, #1005, .T. ) ;
#1811 = VECTOR ( 'NONE', #1184, 1000.000000000000000 ) ;
#1812 = VECTOR ( 'NONE', #852, 1000.000000000000000 ) ;
#1813 = AXIS2_PLACEMENT_3D ( 'NONE', #1762, #447, #835 ) ;
#1814 = VECTOR ( 'NONE', #1146, 1000.000000000000000 ) ;
#1815 = DIRECTION ( 'NONE',  ( 0.000000000000000000, 0.000000000000000000, 1.000000000000000000 ) ) ;
#1816 = CIRCLE ( 'NONE', #1550, 1.000000000000000000 ) ;
#1817 = AXIS2_PLACEMENT_3D ( 'NONE', #1560, #1356, #2130 ) ;
#1818 = EDGE_CURVE ( 'NONE', #1454, #1644, #2149, .T. ) ;
#1819 = LINE ( 'NONE', #208, #1311 ) ;
#1820 = LINE ( 'NONE', #911, #1704 ) ;
#1821 = CARTESIAN_POINT ( 'NONE',  ( 7.741097321911704299, -20.36437231950669613, 50.00000000000000000 ) ) ;
#1822 = ORIENTED_EDGE ( 'NONE', *, *, #2311, .T. ) ;
#1823 = DIRECTION ( 'NONE',  ( -0.000000000000000000, 0.000000000000000000, -1.000000000000000000 ) ) ;
#1824 = EDGE_LOOP ( 'NONE', ( #2206, #620, #221 ) ) ;
#1825 = CARTESIAN_POINT ( 'NONE',  ( 1.000000000000000000, -26.59079423964294620, 1.000000000000000888 ) ) ;
#1826 = SURFACE_SIDE_STYLE ('',( #434 ) ) ;
#1827 = DIRECTION ( 'NONE',  ( -0.000000000000000000, -0.000000000000000000, 1.000000000000000000 ) ) ;
#1828 = EDGE_CURVE ( 'NONE', #335, #1832, #509, .T. ) ;
#1829 = DIRECTION ( 'NONE',  ( -0.000000000000000000, -0.000000000000000000, 1.000000000000000000 ) ) ;
#1830 = CARTESIAN_POINT ( 'NONE',  ( 53.84735485676164757, -20.36437231950669613, -0.001000000000001000089 ) ) ;
#1831 = ADVANCED_FACE ( 'NONE', ( #1042 ), #1803, .T. ) ;
#1832 = VERTEX_POINT ( 'NONE', #329 ) ;
#1833 = ORIENTED_EDGE ( 'NONE', *, *, #1087, .T. ) ;
#1834 = DIRECTION ( 'NONE',  ( -0.000000000000000000, 1.000000000000000000, -0.000000000000000000 ) ) ;
#1835 = ORIENTED_EDGE ( 'NONE', *, *, #848, .F. ) ;
#1836 = DIRECTION ( 'NONE',  ( 1.000000000000000000, -0.000000000000000000, -0.000000000000000000 ) ) ;
#1837 = CARTESIAN_POINT ( 'NONE',  ( 0.000000000000000000, -1.671921842938518532, 47.45453983889436245 ) ) ;
#1838 = ADVANCED_FACE ( 'NONE', ( #536 ), #1128, .T. ) ;
#1839 = DIRECTION ( 'NONE',  ( 0.000000000000000000, 0.000000000000000000, 1.000000000000000000 ) ) ;
#1840 = CARTESIAN_POINT ( 'NONE',  ( 53.84735485676164757, -20.36437231950669613, 47.45453983889436245 ) ) ;
#1841 = ORIENTED_EDGE ( 'NONE', *, *, #191, .T. ) ;
#1842 = EDGE_CURVE ( 'NONE', #2057, #513, #1966, .T. ) ;
#1843 = ORIENTED_EDGE ( 'NONE', *, *, #1685, .T. ) ;
#1844 = DIRECTION ( 'NONE',  ( -1.000000000000000000, 5.981805089575198662E-17, 0.000000000000000000 ) ) ;
#1845 = ORIENTED_EDGE ( 'NONE', *, *, #1579, .T. ) ;
#1846 = VECTOR ( 'NONE', #1239, 1000.000000000000000 ) ;
#1847 =( GEOMETRIC_REPRESENTATION_CONTEXT ( 3 ) GLOBAL_UNCERTAINTY_ASSIGNED_CONTEXT ( ( #1767 ) ) GLOBAL_UNIT_ASSIGNED_CONTEXT ( ( #1939, #2089, #1587 ) ) REPRESENTATION_CONTEXT ( 'NONE', 'WORKASPACE' ) );
#1848 = CARTESIAN_POINT ( 'NONE',  ( 56.99999999999999289, -26.59079423964295330, 50.00000000000000000 ) ) ;
#1849 = DIRECTION ( 'NONE',  ( 1.000000000000000000, 0.000000000000000000, 0.000000000000000000 ) ) ;
#1850 = AXIS2_PLACEMENT_3D ( 'NONE', #821, #1753, #1884 ) ;
#1851 = FACE_OUTER_BOUND ( 'NONE', #1215, .T. ) ;
#1852 = AXIS2_PLACEMENT_3D ( 'NONE', #2096, #334, #2276 ) ;
#1853 = CARTESIAN_POINT ( 'NONE',  ( 7.741097321911709628, -10.36271593621965259, 50.00000000000000000 ) ) ;
#1854 = CYLINDRICAL_SURFACE ( 'NONE', #18, 1.000000000000000000 ) ;
#1855 = VERTEX_POINT ( 'NONE', #1219 ) ;
#1856 = ORIENTED_EDGE ( 'NONE', *, *, #330, .F. ) ;
#1857 = DIRECTION ( 'NONE',  ( -0.000000000000000000, -0.000000000000000000, -1.000000000000000000 ) ) ;
#1858 = ORIENTED_EDGE ( 'NONE', *, *, #1608, .T. ) ;
#1859 = EDGE_CURVE ( 'NONE', #335, #1299, #1621, .T. ) ;
#1860 = DIRECTION ( 'NONE',  ( -0.000000000000000000, 1.000000000000000000, 0.000000000000000000 ) ) ;
#1861 = CARTESIAN_POINT ( 'NONE',  ( 44.37097701186070964, -1.000000000000000000, 8.000000000000000000 ) ) ;
#1862 = CARTESIAN_POINT ( 'NONE',  ( 18.32999999999999829, -14.00000000000000000, 50.00000000000000000 ) ) ;
#1863 = DIRECTION ( 'NONE',  ( -1.000000000000000000, 0.000000000000000000, 0.000000000000000000 ) ) ;
#1864 = DIRECTION ( 'NONE',  ( 0.000000000000000000, 0.000000000000000000, 1.000000000000000000 ) ) ;
#1865 = CARTESIAN_POINT ( 'NONE',  ( 43.34129504891359375, -4.910000000000000142, 41.01233501934770942 ) ) ;
#1866 = CARTESIAN_POINT ( 'NONE',  ( 44.16399999999999437, -14.50600790507669302, 0.000000000000000000 ) ) ;
#1867 = VERTEX_POINT ( 'NONE', #338 ) ;
#1868 = ORIENTED_EDGE ( 'NONE', *, *, #2212, .F. ) ;
#1869 = DIRECTION ( 'NONE',  ( 1.000000000000000000, 0.000000000000000000, 0.000000000000000000 ) ) ;
#1870 = ORIENTED_EDGE ( 'NONE', *, *, #69, .F. ) ;
#1871 = ADVANCED_FACE ( 'NONE', ( #1770 ), #1976, .F. ) ;
#1872 = CYLINDRICAL_SURFACE ( 'NONE', #130, 2.000000000000002665 ) ;
#1873 = FACE_OUTER_BOUND ( 'NONE', #1102, .T. ) ;
#1874 = PLANE ( 'NONE',  #2151 ) ;
#1875 = DIRECTION ( 'NONE',  ( -1.000000000000000000, 0.000000000000000000, -0.000000000000000000 ) ) ;
#1876 = CARTESIAN_POINT ( 'NONE',  ( 44.16399999999999437, -14.50600790507669302, 50.00000000000000000 ) ) ;
#1877 = LINE ( 'NONE', #61, #1928 ) ;
#1878 = ORIENTED_EDGE ( 'NONE', *, *, #1114, .T. ) ;
#1879 = LINE ( 'NONE', #267, #133 ) ;
#1880 = EDGE_LOOP ( 'NONE', ( #1835, #1366, #1904, #1110 ) ) ;
#1881 = CARTESIAN_POINT ( 'NONE',  ( 44.16399999999999437, -14.50600790507669302, 2.761379333656534207 ) ) ;
#1882 = EDGE_CURVE ( 'NONE', #1570, #122, #1943, .T. ) ;
#1883 = CIRCLE ( 'NONE', #826, 1.000000000000000888 ) ;
#1884 = DIRECTION ( 'NONE',  ( 1.000000000000000000, 0.000000000000000000, 8.673617379884027583E-16 ) ) ;
#1885 = ADVANCED_FACE ( 'NONE', ( #190 ), #362, .F. ) ;
#1886 = AXIS2_PLACEMENT_3D ( 'NONE', #1576, #272, #2091 ) ;
#1887 = EDGE_CURVE ( 'NONE', #2162, #1925, #1077, .T. ) ;
#1888 = AXIS2_PLACEMENT_3D ( 'NONE', #263, #2005, #2176 ) ;
#1889 = AXIS2_PLACEMENT_3D ( 'NONE', #1941, #152, #1575 ) ;
#1890 = VECTOR ( 'NONE', #1642, 1000.000000000000000 ) ;
#1891 = LINE ( 'NONE', #2045, #1431 ) ;
#1892 = ORIENTED_EDGE ( 'NONE', *, *, #2196, .T. ) ;
#1893 = VERTEX_POINT ( 'NONE', #30 ) ;
#1894 = LINE ( 'NONE', #105, #712 ) ;
#1895 = ORIENTED_EDGE ( 'NONE', *, *, #1106, .T. ) ;
#1896 = DIRECTION ( 'NONE',  ( 1.000000000000000000, -0.000000000000000000, 0.000000000000000000 ) ) ;
#1897 = DIRECTION ( 'NONE',  ( 0.000000000000000000, 0.000000000000000000, 1.000000000000000000 ) ) ;
#1898 = CARTESIAN_POINT ( 'NONE',  ( 57.99999999999999289, -26.03579054588323061, 2.761379333656534207 ) ) ;
#1899 = DIRECTION ( 'NONE',  ( -0.000000000000000000, -0.000000000000000000, -1.000000000000000000 ) ) ;
#1900 = EDGE_CURVE ( 'NONE', #2068, #1395, #935, .T. ) ;
#1901 = CYLINDRICAL_SURFACE ( 'NONE', #493, 1.000000000000000888 ) ;
#1902 = ORIENTED_EDGE ( 'NONE', *, *, #2180, .F. ) ;
#1903 = EDGE_CURVE ( 'NONE', #242, #586, #1430, .T. ) ;
#1904 = ORIENTED_EDGE ( 'NONE', *, *, #1506, .T. ) ;
#1905 = DIRECTION ( 'NONE',  ( -1.000000000000000000, -0.000000000000000000, 0.000000000000000000 ) ) ;
#1906 = VERTEX_POINT ( 'NONE', #1068 ) ;
#1907 = CARTESIAN_POINT ( 'NONE',  ( 43.37097701186070964, -1.671921842938518532, 2.761379333656534207 ) ) ;
#1908 = LINE ( 'NONE', #1541, #343 ) ;
#1909 = CARTESIAN_POINT ( 'NONE',  ( 16.00665146708350406, -1.000000000000000000, 50.00000000000000000 ) ) ;
#1910 = VERTEX_POINT ( 'NONE', #1235 ) ;
#1911 = EDGE_CURVE ( 'NONE', #2287, #967, #180, .T. ) ;
#1912 = ORIENTED_EDGE ( 'NONE', *, *, #125, .F. ) ;
#1913 = CARTESIAN_POINT ( 'NONE',  ( 16.00665146708350406, -5.910000000000000142, 50.00000000000000000 ) ) ;
#1914 = ORIENTED_EDGE ( 'NONE', *, *, #1842, .T. ) ;
#1915 = ADVANCED_FACE ( 'NONE', ( #1592 ), #1089, .T. ) ;
#1916 = ORIENTED_EDGE ( 'NONE', *, *, #1331, .F. ) ;
#1917 = DIRECTION ( 'NONE',  ( 1.000000000000000000, 0.000000000000000000, 0.000000000000000000 ) ) ;
#1918 = AXIS2_PLACEMENT_3D ( 'NONE', #348, #1412, #1242 ) ;
#1919 = CYLINDRICAL_SURFACE ( 'NONE', #1921, 1.999999999999997335 ) ;
#1920 = ORIENTED_EDGE ( 'NONE', *, *, #526, .F. ) ;
#1921 = AXIS2_PLACEMENT_3D ( 'NONE', #1211, #155, #1935 ) ;
#1922 = AXIS2_PLACEMENT_3D ( 'NONE', #614, #936, #436 ) ;
#1923 = AXIS2_PLACEMENT_3D ( 'NONE', #686, #892, #2164 ) ;
#1924 = AXIS2_PLACEMENT_3D ( 'NONE', #736, #214, #905 ) ;
#1925 = VERTEX_POINT ( 'NONE', #2135 ) ;
#1926 = SPHERICAL_SURFACE ( 'NONE', #313, 1.000000000000000000 ) ;
#1927 = ORIENTED_EDGE ( 'NONE', *, *, #1035, .F. ) ;
#1928 = VECTOR ( 'NONE', #1522, 1000.000000000000000 ) ;
#1929 = DIRECTION ( 'NONE',  ( 1.000000000000000000, 0.000000000000000000, 0.000000000000000000 ) ) ;
#1930 = EDGE_CURVE ( 'NONE', #1041, #1252, #1999, .T. ) ;
#1931 = ORIENTED_EDGE ( 'NONE', *, *, #22, .T. ) ;
#1932 = LINE ( 'NONE', #1181, #96 ) ;
#1933 = EDGE_CURVE ( 'NONE', #681, #890, #1792, .T. ) ;
#1934 = DIRECTION ( 'NONE',  ( -0.000000000000000000, -0.000000000000000000, 1.000000000000000000 ) ) ;
#1935 = DIRECTION ( 'NONE',  ( 1.000000000000000000, 0.000000000000000000, 0.000000000000000000 ) ) ;
#1936 = ORIENTED_EDGE ( 'NONE', *, *, #1671, .F. ) ;
#1937 = CARTESIAN_POINT ( 'NONE',  ( 15.32999999999999829, -14.00000000000000000, 50.00000000000000000 ) ) ;
#1938 = VERTEX_POINT ( 'NONE', #1645 ) ;
#1939 =( LENGTH_UNIT ( ) NAMED_UNIT ( * ) SI_UNIT ( .MILLI., .METRE. ) );
#1940 = ORIENTED_EDGE ( 'NONE', *, *, #69, .T. ) ;
#1941 = CARTESIAN_POINT ( 'NONE',  ( 39.66399999999999437, -14.50600790507669302, 50.00000000000000000 ) ) ;
#1942 = EDGE_CURVE ( 'NONE', #64, #318, #2296, .T. ) ;
#1943 = LINE ( 'NONE', #159, #640 ) ;
#1944 = EDGE_CURVE ( 'NONE', #1910, #992, #956, .T. ) ;
#1945 = DIRECTION ( 'NONE',  ( 0.000000000000000000, 0.000000000000000000, -1.000000000000000000 ) ) ;
#1946 = CARTESIAN_POINT ( 'NONE',  ( 0.9999999999999997780, -27.59079423964294620, 49.00000000000000000 ) ) ;
#1947 = CARTESIAN_POINT ( 'NONE',  ( 44.34129504891360085, -1.000000000000000000, 49.00000000000000000 ) ) ;
#1948 = PRODUCT_DEFINITION_CONTEXT ( 'detailed design', #33, 'design' ) ;
#1949 = ORIENTED_EDGE ( 'NONE', *, *, #1911, .F. ) ;
#1950 = ORIENTED_EDGE ( 'NONE', *, *, #177, .T. ) ;
#1951 = ORIENTED_EDGE ( 'NONE', *, *, #2283, .T. ) ;
#1952 = DIRECTION ( 'NONE',  ( 0.000000000000000000, 1.000000000000000000, -0.000000000000000000 ) ) ;
#1953 = ADVANCED_FACE ( 'NONE', ( #553 ), #1696, .T. ) ;
#1954 = DIRECTION ( 'NONE',  ( 1.000000000000000000, 0.000000000000000000, 0.000000000000000000 ) ) ;
#1955 = EDGE_CURVE ( 'NONE', #877, #778, #1054, .T. ) ;
#1956 = CIRCLE ( 'NONE', #339, 1.000000000000000000 ) ;
#1957 = DIRECTION ( 'NONE',  ( 0.000000000000000000, 0.000000000000000000, -1.000000000000000000 ) ) ;
#1958 = AXIS2_PLACEMENT_3D ( 'NONE', #578, #433, #259 ) ;
#1959 = CARTESIAN_POINT ( 'NONE',  ( 56.99999999999999289, 0.000000000000000000, 1.000000000000000000 ) ) ;
#1960 = EDGE_LOOP ( 'NONE', ( #2253, #2285, #2278 ) ) ;
#1961 = TOROIDAL_SURFACE ( 'NONE', #2225, 2.000000000000000000, 1.000000000000000000 ) ;
#1962 = AXIS2_PLACEMENT_3D ( 'NONE', #1862, #248, #958 ) ;
#1963 = VECTOR ( 'NONE', #1285, 1000.000000000000000 ) ;
#1964 = ORIENTED_EDGE ( 'NONE', *, *, #1037, .T. ) ;
#1965 = AXIS2_PLACEMENT_3D ( 'NONE', #1595, #475, #1213 ) ;
#1966 = LINE ( 'NONE', #2127, #1657 ) ;
#1967 = DIRECTION ( 'NONE',  ( -1.000000000000000000, 0.000000000000000000, 0.000000000000000000 ) ) ;
#1968 = ADVANCED_FACE ( 'NONE', ( #79 ), #1306, .T. ) ;
#1969 = DIRECTION ( 'NONE',  ( 1.000000000000000000, 0.000000000000000000, 0.000000000000000000 ) ) ;
#1970 = FACE_OUTER_BOUND ( 'NONE', #316, .T. ) ;
#1971 = ORIENTED_EDGE ( 'NONE', *, *, #1217, .F. ) ;
#1972 = EDGE_CURVE ( 'NONE', #168, #402, #1233, .T. ) ;
#1973 = DIRECTION ( 'NONE',  ( -0.000000000000000000, -0.000000000000000000, -1.000000000000000000 ) ) ;
#1974 = ORIENTED_EDGE ( 'NONE', *, *, #1065, .F. ) ;
#1975 = ORIENTED_EDGE ( 'NONE', *, *, #1579, .F. ) ;
#1976 = PLANE ( 'NONE',  #1167 ) ;
#1977 = DIRECTION ( 'NONE',  ( -1.000000000000000000, 0.000000000000000000, -0.000000000000000000 ) ) ;
#1978 = CARTESIAN_POINT ( 'NONE',  ( 17.00665146708350406, 0.000000000000000000, 49.00000000000000000 ) ) ;
#1979 = LINE ( 'NONE', #1071, #373 ) ;
#1980 = ORIENTED_EDGE ( 'NONE', *, *, #1702, .F. ) ;
#1981 = EDGE_CURVE ( 'NONE', #1711, #1867, #237, .T. ) ;
#1982 = CYLINDRICAL_SURFACE ( 'NONE', #2000, 1.000000000000000000 ) ;
#1983 = ORIENTED_EDGE ( 'NONE', *, *, #570, .T. ) ;
#1984 = ORIENTED_EDGE ( 'NONE', *, *, #1887, .F. ) ;
#1985 = ADVANCED_FACE ( 'NONE', ( #1873 ), #743, .T. ) ;
#1986 = DIRECTION ( 'NONE',  ( 0.000000000000000000, 0.000000000000000000, 1.000000000000000000 ) ) ;
#1987 = DIRECTION ( 'NONE',  ( 0.000000000000000000, 1.000000000000000000, 0.000000000000000000 ) ) ;
#1988 = DIRECTION ( 'NONE',  ( -0.000000000000000000, 0.000000000000000000, -1.000000000000000000 ) ) ;
#1989 = CYLINDRICAL_SURFACE ( 'NONE', #797, 2.000000000000001776 ) ;
#1990 = VERTEX_POINT ( 'NONE', #1322 ) ;
#1991 = DIRECTION ( 'NONE',  ( 0.000000000000000000, 0.000000000000000000, 1.000000000000000000 ) ) ;
#1992 = VECTOR ( 'NONE', #1502, 1000.000000000000000 ) ;
#1993 = VECTOR ( 'NONE', #716, 1000.000000000000000 ) ;
#1994 = FACE_OUTER_BOUND ( 'NONE', #2172, .T. ) ;
#1995 = ORIENTED_EDGE ( 'NONE', *, *, #1476, .F. ) ;
#1996 = AXIS2_PLACEMENT_3D ( 'NONE', #331, #1375, #1764 ) ;
#1997 = AXIS2_PLACEMENT_3D ( 'NONE', #80, #1307, #2038 ) ;
#1998 = EDGE_CURVE ( 'NONE', #1012, #656, #711, .T. ) ;
#1999 = CIRCLE ( 'NONE', #981, 1.999999999999997335 ) ;
#2000 = AXIS2_PLACEMENT_3D ( 'NONE', #2009, #1643, #729 ) ;
#2001 = CARTESIAN_POINT ( 'NONE',  ( 0.000000000000000000, -26.59079423964294620, 50.00000000000000000 ) ) ;
#2002 = AXIS2_PLACEMENT_3D ( 'NONE', #2210, #592, #732 ) ;
#2003 = EDGE_CURVE ( 'NONE', #794, #297, #758, .T. ) ;
#2004 = CARTESIAN_POINT ( 'NONE',  ( 17.00665146708350406, -26.03579054588323061, 47.45453983889436245 ) ) ;
#2005 = DIRECTION ( 'NONE',  ( -1.000000000000000000, 0.000000000000000000, 0.000000000000000000 ) ) ;
#2006 = CARTESIAN_POINT ( 'NONE',  ( 0.000000000000000000, -1.671921842938518532, 2.761379333656534207 ) ) ;
#2007 = ORIENTED_EDGE ( 'NONE', *, *, #1346, .F. ) ;
#2008 = SPHERICAL_SURFACE ( 'NONE', #94, 1.000000000000000000 ) ;
#2009 = CARTESIAN_POINT ( 'NONE',  ( 0.000000000000000000, -1.000000000000000000, 1.000000000000000000 ) ) ;
#2010 = CARTESIAN_POINT ( 'NONE',  ( 0.000000000000000000, -26.03579054588323061, 2.761379333656534207 ) ) ;
#2011 = ORIENTED_EDGE ( 'NONE', *, *, #396, .F. ) ;
#2012 = FACE_OUTER_BOUND ( 'NONE', #326, .T. ) ;
#2013 = CARTESIAN_POINT ( 'NONE',  ( 16.06809969032249441, 0.000000000000000000, 9.000000000000001776 ) ) ;
#2014 = ADVANCED_FACE ( 'NONE', ( #1460 ), #2186, .F. ) ;
#2015 = DIRECTION ( 'NONE',  ( 0.000000000000000000, 0.000000000000000000, 1.000000000000000000 ) ) ;
#2016 = DIRECTION ( 'NONE',  ( 1.000000000000000000, 0.000000000000000000, 0.000000000000000000 ) ) ;
#2017 = EDGE_CURVE ( 'NONE', #1644, #222, #2051, .T. ) ;
#2018 = LINE ( 'NONE', #921, #559 ) ;
#2019 = CYLINDRICAL_SURFACE ( 'NONE', #556, 1.000000000000000888 ) ;
#2020 = ORIENTED_EDGE ( 'NONE', *, *, #2244, .F. ) ;
#2021 = FACE_OUTER_BOUND ( 'NONE', #906, .T. ) ;
#2022 = VERTEX_POINT ( 'NONE', #1103 ) ;
#2023 = LINE ( 'NONE', #1320, #1814 ) ;
#2024 = VERTEX_POINT ( 'NONE', #403 ) ;
#2025 = CARTESIAN_POINT ( 'NONE',  ( 0.000000000000000000, -27.59079423964294620, 1.000000000000000888 ) ) ;
#2026 = CARTESIAN_POINT ( 'NONE',  ( 17.06809969032249796, -3.908059915973653098, 2.761379333656534207 ) ) ;
#2027 = EDGE_CURVE ( 'NONE', #1711, #794, #941, .T. ) ;
#2028 = LINE ( 'NONE', #972, #2294 ) ;
#2029 = FACE_OUTER_BOUND ( 'NONE', #1694, .T. ) ;
#2030 = ORIENTED_EDGE ( 'NONE', *, *, #1569, .T. ) ;
#2031 = CYLINDRICAL_SURFACE ( 'NONE', #1429, 4.499999999999997335 ) ;
#2032 = ORIENTED_EDGE ( 'NONE', *, *, #2060, .F. ) ;
#2033 = CIRCLE ( 'NONE', #1817, 1.000000000000000888 ) ;
#2034 = VECTOR ( 'NONE', #35, 1000.000000000000000 ) ;
#2035 = AXIS2_PLACEMENT_3D ( 'NONE', #1531, #1542, #145 ) ;
#2036 = AXIS2_PLACEMENT_3D ( 'NONE', #1160, #2224, #2064 ) ;
#2037 = DIRECTION ( 'NONE',  ( -0.000000000000000000, 1.000000000000000000, 0.000000000000000000 ) ) ;
#2038 = DIRECTION ( 'NONE',  ( 0.000000000000000000, 0.000000000000000000, -1.000000000000000000 ) ) ;
#2039 = AXIS2_PLACEMENT_3D ( 'NONE', #1478, #2198, #1701 ) ;
#2040 = AXIS2_PLACEMENT_3D ( 'NONE', #760, #251, #98 ) ;
#2041 = CARTESIAN_POINT ( 'NONE',  ( 17.00665146708350406, -1.671921842938518532, 47.45453983889436245 ) ) ;
#2042 = DIRECTION ( 'NONE',  ( -1.000000000000000000, 0.000000000000000000, 0.000000000000000000 ) ) ;
#2043 = VECTOR ( 'NONE', #2112, 1000.000000000000000 ) ;
#2044 = DIRECTION ( 'NONE',  ( 0.000000000000000000, 1.000000000000000000, 0.000000000000000000 ) ) ;
#2045 = CARTESIAN_POINT ( 'NONE',  ( 17.06809969032249796, -1.000000000000000000, 8.000000000000000000 ) ) ;
#2046 = ORIENTED_EDGE ( 'NONE', *, *, #1433, .F. ) ;
#2047 = CARTESIAN_POINT ( 'NONE',  ( 43.37097701186070964, -1.000000000000000000, 8.000000000000000000 ) ) ;
#2048 = EDGE_LOOP ( 'NONE', ( #2190, #1843, #1627, #2240 ) ) ;
#2049 = EDGE_CURVE ( 'NONE', #1395, #1796, #1474, .T. ) ;
#2050 = FACE_OUTER_BOUND ( 'NONE', #229, .T. ) ;
#2051 = LINE ( 'NONE', #569, #1096 ) ;
#2052 = DIRECTION ( 'NONE',  ( -0.000000000000000000, 0.000000000000000000, -1.000000000000000000 ) ) ;
#2053 = LINE ( 'NONE', #2041, #2184 ) ;
#2054 = LINE ( 'NONE', #623, #1773 ) ;
#2055 = CARTESIAN_POINT ( 'NONE',  ( 16.00665146708350406, 0.000000000000000000, 49.00000000000000711 ) ) ;
#2056 = CARTESIAN_POINT ( 'NONE',  ( 39.66399999999999437, -14.50600790507669302, 2.761379333656534207 ) ) ;
#2057 = VERTEX_POINT ( 'NONE', #1848 ) ;
#2058 = ORIENTED_EDGE ( 'NONE', *, *, #1473, .T. ) ;
#2059 = CARTESIAN_POINT ( 'NONE',  ( 16.00665146708350406, 0.000000000000000000, 40.01233501934770942 ) ) ;
#2060 = EDGE_CURVE ( 'NONE', #1641, #2251, #2262, .T. ) ;
#2061 = ORIENTED_EDGE ( 'NONE', *, *, #99, .F. ) ;
#2062 = ADVANCED_FACE ( 'NONE', ( #2012 ), #1672, .T. ) ;
#2063 = DIRECTION ( 'NONE',  ( 0.000000000000000000, 0.000000000000000000, 1.000000000000000000 ) ) ;
#2064 = DIRECTION ( 'NONE',  ( 5.981805089575193732E-17, 1.000000000000000000, 0.000000000000000000 ) ) ;
#2065 = CARTESIAN_POINT ( 'NONE',  ( 0.000000000000000000, 0.000000000000000000, 1.000000000000000888 ) ) ;
#2066 = CARTESIAN_POINT ( 'NONE',  ( 18.32999999999999829, -14.00000000000000000, 50.00000000000000000 ) ) ;
#2067 = DIRECTION ( 'NONE',  ( 5.981805089575193732E-17, 1.000000000000000000, 0.000000000000000000 ) ) ;
#2068 = VERTEX_POINT ( 'NONE', #1881 ) ;
#2069 = ORIENTED_EDGE ( 'NONE', *, *, #2295, .T. ) ;
#2070 = FACE_OUTER_BOUND ( 'NONE', #1785, .T. ) ;
#2071 = EDGE_LOOP ( 'NONE', ( #2094, #777, #504, #1155 ) ) ;
#2072 = DIRECTION ( 'NONE',  ( 0.000000000000000000, -1.000000000000000000, 0.000000000000000000 ) ) ;
#2073 = AXIS2_PLACEMENT_3D ( 'NONE', #1794, #182, #1442 ) ;
#2074 = CYLINDRICAL_SURFACE ( 'NONE', #2080, 1.000000000000000888 ) ;
#2075 = EDGE_CURVE ( 'NONE', #488, #1718, #810, .T. ) ;
#2076 = AXIS2_PLACEMENT_3D ( 'NONE', #856, #1577, #2292 ) ;
#2077 = CARTESIAN_POINT ( 'NONE',  ( 17.00665146708350406, -4.910000000000000142, 49.00000000000000711 ) ) ;
#2078 = LINE ( 'NONE', #2229, #1019 ) ;
#2079 = VECTOR ( 'NONE', #1836, 1000.000000000000000 ) ;
#2080 = AXIS2_PLACEMENT_3D ( 'NONE', #1861, #418, #1139 ) ;
#2081 = EDGE_CURVE ( 'NONE', #1598, #889, #1347, .T. ) ;
#2082 = VECTOR ( 'NONE', #1121, 1000.000000000000000 ) ;
#2083 = AXIS2_PLACEMENT_3D ( 'NONE', #1555, #1058, #497 ) ;
#2084 = CARTESIAN_POINT ( 'NONE',  ( 1.000000000000000444, -26.59079423964294620, 49.00000000000000000 ) ) ;
#2085 = ORIENTED_EDGE ( 'NONE', *, *, #1104, .T. ) ;
#2086 = ORIENTED_EDGE ( 'NONE', *, *, #991, .F. ) ;
#2087 = DIRECTION ( 'NONE',  ( 1.000000000000000000, 0.000000000000000000, 0.000000000000000000 ) ) ;
#2088 = ORIENTED_EDGE ( 'NONE', *, *, #1538, .T. ) ;
#2089 =( NAMED_UNIT ( * ) PLANE_ANGLE_UNIT ( ) SI_UNIT ( $, .RADIAN. ) );
#2090 = CARTESIAN_POINT ( 'NONE',  ( 0.9999999999999997780, -26.59079423964294620, 1.000000000000000000 ) ) ;
#2091 = DIRECTION ( 'NONE',  ( 0.000000000000000000, 0.000000000000000000, 1.000000000000000000 ) ) ;
#2092 = EDGE_CURVE ( 'NONE', #870, #1368, #1007, .T. ) ;
#2093 = DIRECTION ( 'NONE',  ( 0.000000000000000000, 0.000000000000000000, -1.000000000000000000 ) ) ;
#2094 = ORIENTED_EDGE ( 'NONE', *, *, #1842, .F. ) ;
#2095 = ORIENTED_EDGE ( 'NONE', *, *, #1859, .T. ) ;
#2096 = CARTESIAN_POINT ( 'NONE',  ( 16.00665146708350406, -1.000000000000000000, 50.00000000000000000 ) ) ;
#2097 = ORIENTED_EDGE ( 'NONE', *, *, #305, .F. ) ;
#2098 = DIRECTION ( 'NONE',  ( 0.000000000000000000, -1.000000000000000000, 0.000000000000000000 ) ) ;
#2099 = SPHERICAL_SURFACE ( 'NONE', #2083, 1.000000000000000000 ) ;
#2100 = VERTEX_POINT ( 'NONE', #2245 ) ;
#2101 = CARTESIAN_POINT ( 'NONE',  ( 43.34129504891359375, -1.671921842938518532, 41.01233501934770942 ) ) ;
#2102 = CARTESIAN_POINT ( 'NONE',  ( 44.34129504891360085, 0.000000000000000000, 50.00000000000000000 ) ) ;
#2103 = CARTESIAN_POINT ( 'NONE',  ( 42.37097701186070964, -3.908059915973653098, 8.000000000000000000 ) ) ;
#2104 = VERTEX_POINT ( 'NONE', #652 ) ;
#2105 = EDGE_CURVE ( 'NONE', #548, #1938, #1173, .T. ) ;
#2106 = ORIENTED_EDGE ( 'NONE', *, *, #99, .T. ) ;
#2107 = FACE_OUTER_BOUND ( 'NONE', #1960, .T. ) ;
#2108 = ORIENTED_EDGE ( 'NONE', *, *, #1972, .F. ) ;
#2109 = EDGE_CURVE ( 'NONE', #1108, #1713, #714, .T. ) ;
#2110 = APPLICATION_PROTOCOL_DEFINITION ( 'draft international standard', 'automotive_design', 1998, #33 ) ;
#2111 = ORIENTED_EDGE ( 'NONE', *, *, #1608, .F. ) ;
#2112 = DIRECTION ( 'NONE',  ( -0.000000000000000000, -0.000000000000000000, -1.000000000000000000 ) ) ;
#2113 = CARTESIAN_POINT ( 'NONE',  ( 16.06809969032249441, -1.000000000000000000, 1.000000000000000000 ) ) ;
#2114 = VECTOR ( 'NONE', #649, 1000.000000000000000 ) ;
#2115 = LINE ( 'NONE', #481, #1811 ) ;
#2116 = VECTOR ( 'NONE', #1646, 1000.000000000000000 ) ;
#2117 = CIRCLE ( 'NONE', #1850, 1.000000000000000888 ) ;
#2118 = AXIS2_PLACEMENT_3D ( 'NONE', #1534, #1119, #1844 ) ;
#2119 = EDGE_LOOP ( 'NONE', ( #2097, #1983, #589 ) ) ;
#2120 = FACE_OUTER_BOUND ( 'NONE', #1589, .T. ) ;
#2121 = VERTEX_POINT ( 'NONE', #996 ) ;
#2122 = ADVANCED_FACE ( 'NONE', ( #1529 ), #1553, .F. ) ;
#2123 = AXIS2_PLACEMENT_3D ( 'NONE', #298, #2298, #858 ) ;
#2124 = ORIENTED_EDGE ( 'NONE', *, *, #945, .T. ) ;
#2125 = CARTESIAN_POINT ( 'NONE',  ( 35.16400000000000148, -14.50600790507669302, 47.45453983889436245 ) ) ;
#2126 = EDGE_CURVE ( 'NONE', #1257, #794, #1780, .T. ) ;
#2127 = CARTESIAN_POINT ( 'NONE',  ( 56.99999999999999289, 0.000000000000000000, 50.00000000000000000 ) ) ;
#2128 = CARTESIAN_POINT ( 'NONE',  ( 0.000000000000000000, -1.671921842938518532, 47.45453983889436245 ) ) ;
#2129 = CARTESIAN_POINT ( 'NONE',  ( 7.741097321911704299, -20.36437231950669613, 47.45453983889436245 ) ) ;
#2130 = DIRECTION ( 'NONE',  ( 1.000000000000000000, 0.000000000000000000, 0.000000000000000000 ) ) ;
#2131 = EDGE_LOOP ( 'NONE', ( #78, #388, #1486, #2032 ) ) ;
#2132 = ADVANCED_FACE ( 'NONE', ( #1540 ), #2270, .F. ) ;
#2133 = ORIENTED_EDGE ( 'NONE', *, *, #125, .T. ) ;
#2134 = EDGE_CURVE ( 'NONE', #992, #488, #469, .T. ) ;
#2135 = CARTESIAN_POINT ( 'NONE',  ( 17.00665146708350406, -1.671921842938518310, 41.01233501934770942 ) ) ;
#2136 = CARTESIAN_POINT ( 'NONE',  ( 44.34129504891360085, 0.000000000000000000, 40.01233501934770942 ) ) ;
#2137 = LINE ( 'NONE', #1419, #930 ) ;
#2138 = SPHERICAL_SURFACE ( 'NONE', #1747, 1.000000000000000000 ) ;
#2139 = ORIENTED_EDGE ( 'NONE', *, *, #1061, .T. ) ;
#2140 = ORIENTED_EDGE ( 'NONE', *, *, #970, .F. ) ;
#2141 = DIRECTION ( 'NONE',  ( 0.000000000000000000, 0.000000000000000000, 1.000000000000000000 ) ) ;
#2142 = EDGE_CURVE ( 'NONE', #243, #1832, #16, .T. ) ;
#2143 = EDGE_CURVE ( 'NONE', #974, #40, #1816, .T. ) ;
#2144 = CIRCLE ( 'NONE', #2290, 1.999999999999997335 ) ;
#2145 = DIRECTION ( 'NONE',  ( -0.000000000000000000, -0.000000000000000000, -1.000000000000000000 ) ) ;
#2146 = VECTOR ( 'NONE', #1839, 1000.000000000000000 ) ;
#2147 = FACE_OUTER_BOUND ( 'NONE', #1824, .T. ) ;
#2148 = ORIENTED_EDGE ( 'NONE', *, *, #1720, .T. ) ;
#2149 = CIRCLE ( 'NONE', #1777, 1.000000000000000222 ) ;
#2150 = FACE_BOUND ( 'NONE', #289, .T. ) ;
#2151 = AXIS2_PLACEMENT_3D ( 'NONE', #225, #1490, #31 ) ;
#2152 = ORIENTED_EDGE ( 'NONE', *, *, #1492, .F. ) ;
#2153 = AXIS2_PLACEMENT_3D ( 'NONE', #1830, #1453, #197 ) ;
#2154 = ORIENTED_EDGE ( 'NONE', *, *, #785, .F. ) ;
#2155 = CARTESIAN_POINT ( 'NONE',  ( 43.34129504891359375, 0.000000000000000000, 49.00000000000000000 ) ) ;
#2156 = DIRECTION ( 'NONE',  ( 1.000000000000000000, 0.000000000000000000, 0.000000000000000000 ) ) ;
#2157 = EDGE_CURVE ( 'NONE', #889, #1801, #1932, .T. ) ;
#2158 = ORIENTED_EDGE ( 'NONE', *, *, #189, .T. ) ;
#2159 = DIRECTION ( 'NONE',  ( 1.000000000000000000, 0.000000000000000000, 8.673617379884027583E-16 ) ) ;
#2160 = ORIENTED_EDGE ( 'NONE', *, *, #893, .F. ) ;
#2161 = DIRECTION ( 'NONE',  ( 0.000000000000000000, 1.000000000000000000, -0.000000000000000000 ) ) ;
#2162 = VERTEX_POINT ( 'NONE', #2101 ) ;
#2163 = ORIENTED_EDGE ( 'NONE', *, *, #1186, .F. ) ;
#2164 = DIRECTION ( 'NONE',  ( -1.000000000000000000, 0.000000000000000000, 0.000000000000000000 ) ) ;
#2165 = DIRECTION ( 'NONE',  ( 0.000000000000000000, -0.000000000000000000, 1.000000000000000000 ) ) ;
#2166 = CARTESIAN_POINT ( 'NONE',  ( 57.99999999999999289, -26.59079423964294975, 49.00000000000000000 ) ) ;
#2167 = DIRECTION ( 'NONE',  ( 1.000000000000000000, 0.000000000000000000, 0.000000000000000000 ) ) ;
#2168 = ORIENTED_EDGE ( 'NONE', *, *, #2134, .F. ) ;
#2169 = FACE_OUTER_BOUND ( 'NONE', #203, .T. ) ;
#2170 = EDGE_CURVE ( 'NONE', #681, #2269, #1020, .T. ) ;
#2171 = CYLINDRICAL_SURFACE ( 'NONE', #1466, 1.000000000000000000 ) ;
#2172 = EDGE_LOOP ( 'NONE', ( #176, #1177, #1243, #1256 ) ) ;
#2173 = EDGE_CURVE ( 'NONE', #1561, #586, #679, .T. ) ;
#2174 = CARTESIAN_POINT ( 'NONE',  ( 1.000000000000000222, -1.000000000000000000, 1.000000000000000000 ) ) ;
#2175 = DIRECTION ( 'NONE',  ( 1.000000000000000000, 0.000000000000000000, 0.000000000000000000 ) ) ;
#2176 = DIRECTION ( 'NONE',  ( 0.000000000000000000, 0.000000000000000000, 1.000000000000000000 ) ) ;
#2177 = DIRECTION ( 'NONE',  ( 0.000000000000000000, 0.000000000000000000, -1.000000000000000000 ) ) ;
#2178 = VERTEX_POINT ( 'NONE', #2236 ) ;
#2179 = LINE ( 'NONE', #39, #1359 ) ;
#2180 = EDGE_CURVE ( 'NONE', #122, #837, #831, .T. ) ;
#2181 = EDGE_LOOP ( 'NONE', ( #1030, #1391, #1120, #2007 ) ) ;
#2182 = AXIS2_PLACEMENT_3D ( 'NONE', #2113, #1008, #676 ) ;
#2183 = AXIS2_PLACEMENT_3D ( 'NONE', #1107, #2044, #1115 ) ;
#2184 = VECTOR ( 'NONE', #580, 1000.000000000000000 ) ;
#2185 = CIRCLE ( 'NONE', #311, 2.000000000000001776 ) ;
#2186 = CYLINDRICAL_SURFACE ( 'NONE', #202, 4.499999999999997335 ) ;
#2187 = CYLINDRICAL_SURFACE ( 'NONE', #894, 1.000000000000000888 ) ;
#2188 = CARTESIAN_POINT ( 'NONE',  ( 18.06809969032249796, -3.908059915973653098, 1.000000000000000000 ) ) ;
#2189 = DIRECTION ( 'NONE',  ( 1.000000000000000000, -0.000000000000000000, -0.000000000000000000 ) ) ;
#2190 = ORIENTED_EDGE ( 'NONE', *, *, #1597, .T. ) ;
#2191 = ORIENTED_EDGE ( 'NONE', *, *, #1406, .T. ) ;
#2192 = DIRECTION ( 'NONE',  ( -0.000000000000000000, -0.000000000000000000, -1.000000000000000000 ) ) ;
#2193 = ORIENTED_EDGE ( 'NONE', *, *, #1037, .F. ) ;
#2194 = DIRECTION ( 'NONE',  ( 0.000000000000000000, 0.000000000000000000, 1.000000000000000000 ) ) ;
#2195 = CARTESIAN_POINT ( 'NONE',  ( 55.84735485676164757, -10.36271593621965259, 47.45453983889436245 ) ) ;
#2196 = EDGE_CURVE ( 'NONE', #40, #2178, #1750, .T. ) ;
#2197 = FACE_OUTER_BOUND ( 'NONE', #577, .T. ) ;
#2198 = DIRECTION ( 'NONE',  ( 0.000000000000000000, 0.000000000000000000, -1.000000000000000000 ) ) ;
#2199 = DIRECTION ( 'NONE',  ( 0.000000000000000000, 0.000000000000000000, 1.000000000000000000 ) ) ;
#2200 = DIRECTION ( 'NONE',  ( -0.000000000000000000, 1.000000000000000000, -0.000000000000000000 ) ) ;
#2201 = CARTESIAN_POINT ( 'NONE',  ( 18.06809969032249796, -3.908059915973653098, 0.000000000000000000 ) ) ;
#2202 = EDGE_LOOP ( 'NONE', ( #1536, #792, #467, #886 ) ) ;
#2203 = ORIENTED_EDGE ( 'NONE', *, *, #1318, .F. ) ;
#2204 = ORIENTED_EDGE ( 'NONE', *, *, #144, .T. ) ;
#2205 = CARTESIAN_POINT ( 'NONE',  ( 43.37097701186070964, -0.4142135623730951455, 8.000000000000001776 ) ) ;
#2206 = ORIENTED_EDGE ( 'NONE', *, *, #407, .F. ) ;
#2207 = CARTESIAN_POINT ( 'NONE',  ( 16.00665146708350406, 0.000000000000000000, 49.00000000000000000 ) ) ;
#2208 = DIRECTION ( 'NONE',  ( 0.000000000000000000, -1.000000000000000000, -8.673617379884035472E-16 ) ) ;
#2209 = DIRECTION ( 'NONE',  ( -0.000000000000000000, -0.000000000000000000, -1.000000000000000000 ) ) ;
#2210 = CARTESIAN_POINT ( 'NONE',  ( 0.000000000000000000, -4.910000000000000142, 0.000000000000000000 ) ) ;
#2211 = CARTESIAN_POINT ( 'NONE',  ( 17.00665146708350406, -1.000000000000000000, 41.01233501934770942 ) ) ;
#2212 = EDGE_CURVE ( 'NONE', #2022, #1713, #1564, .T. ) ;
#2213 = CARTESIAN_POINT ( 'NONE',  ( 16.00665146708350406, 0.000000000000000000, 50.00000000000000000 ) ) ;
#2214 = DIRECTION ( 'NONE',  ( 0.000000000000000000, 0.000000000000000000, -1.000000000000000000 ) ) ;
#2215 = DIRECTION ( 'NONE',  ( 0.000000000000000000, 0.000000000000000000, -1.000000000000000000 ) ) ;
#2216 = ORIENTED_EDGE ( 'NONE', *, *, #2246, .F. ) ;
#2217 = EDGE_CURVE ( 'NONE', #1796, #1223, #312, .T. ) ;
#2218 = VERTEX_POINT ( 'NONE', #507 ) ;
#2219 = CARTESIAN_POINT ( 'NONE',  ( 7.741097321911709628, -10.36271593621965259, -0.001000000000001000089 ) ) ;
#2220 = ORIENTED_EDGE ( 'NONE', *, *, #1147, .F. ) ;
#2221 = VECTOR ( 'NONE', #919, 1000.000000000000000 ) ;
#2222 = CIRCLE ( 'NONE', #413, 1.000000000000000888 ) ;
#2223 = DIRECTION ( 'NONE',  ( -1.000000000000000000, 0.000000000000000000, 0.000000000000000000 ) ) ;
#2224 = DIRECTION ( 'NONE',  ( 1.000000000000000000, -5.981805089575198662E-17, 0.000000000000000000 ) ) ;
#2225 = AXIS2_PLACEMENT_3D ( 'NONE', #294, #494, #1565 ) ;
#2226 = VECTOR ( 'NONE', #1109, 1000.000000000000000 ) ;
#2227 = CARTESIAN_POINT ( 'NONE',  ( 0.9999999999999997780, -26.59079423964294620, 1.000000000000000000 ) ) ;
#2228 = LINE ( 'NONE', #2211, #2116 ) ;
#2229 = CARTESIAN_POINT ( 'NONE',  ( 0.000000000000000000, -1.671921842938518532, 47.45453983889436245 ) ) ;
#2230 = EDGE_CURVE ( 'NONE', #452, #2269, #1661, .T. ) ;
#2231 = CARTESIAN_POINT ( 'NONE',  ( 4.336808689942017736E-16, -26.59079423964294620, 49.00000000000000000 ) ) ;
#2232 = DIRECTION ( 'NONE',  ( 0.000000000000000000, -1.000000000000000000, 0.000000000000000000 ) ) ;
#2233 = ORIENTED_EDGE ( 'NONE', *, *, #1637, .F. ) ;
#2234 = CARTESIAN_POINT ( 'NONE',  ( 17.00665146708350406, -0.4142135623730954230, 41.01233501934770942 ) ) ;
#2235 = EDGE_LOOP ( 'NONE', ( #841, #700, #482, #1342 ) ) ;
#2236 = CARTESIAN_POINT ( 'NONE',  ( 17.06809969032249796, -1.000000000000000000, 0.9999999999999991118 ) ) ;
#2237 = CARTESIAN_POINT ( 'NONE',  ( 53.84735485676164757, -10.36271593621965259, 47.45453983889436245 ) ) ;
#2238 = CARTESIAN_POINT ( 'NONE',  ( 0.9999999999999997780, -26.59079423964294620, 1.000000000000000000 ) ) ;
#2239 = CARTESIAN_POINT ( 'NONE',  ( 3.741097321911709184, -20.36437231950669613, 50.00000000000000000 ) ) ;
#2240 = ORIENTED_EDGE ( 'NONE', *, *, #188, .F. ) ;
#2241 = EDGE_LOOP ( 'NONE', ( #1995, #1050, #429, #1081 ) ) ;
#2242 = DIRECTION ( 'NONE',  ( 0.000000000000000000, -0.000000000000000000, 1.000000000000000000 ) ) ;
#2243 = VERTEX_POINT ( 'NONE', #1761 ) ;
#2244 = EDGE_CURVE ( 'NONE', #318, #64, #380, .T. ) ;
#2245 = CARTESIAN_POINT ( 'NONE',  ( 56.99999999999999289, -26.59079423964295330, 0.000000000000000000 ) ) ;
#2246 = EDGE_CURVE ( 'NONE', #2121, #2162, #671, .T. ) ;
#2247 = DIRECTION ( 'NONE',  ( -0.000000000000000000, -1.000000000000000000, -0.000000000000000000 ) ) ;
#2248 = DIRECTION ( 'NONE',  ( -0.000000000000000000, -0.000000000000000000, 1.000000000000000000 ) ) ;
#2249 = DIRECTION ( 'NONE',  ( 0.000000000000000000, 0.000000000000000000, -1.000000000000000000 ) ) ;
#2250 = ORIENTED_EDGE ( 'NONE', *, *, #741, .F. ) ;
#2251 = VERTEX_POINT ( 'NONE', #2125 ) ;
#2252 = DIRECTION ( 'NONE',  ( 0.000000000000000000, 0.000000000000000000, 1.000000000000000000 ) ) ;
#2253 = ORIENTED_EDGE ( 'NONE', *, *, #1489, .F. ) ;
#2254 = EDGE_CURVE ( 'NONE', #1299, #2121, #1296, .T. ) ;
#2255 = DIRECTION ( 'NONE',  ( -0.000000000000000000, 1.000000000000000000, 0.000000000000000000 ) ) ;
#2256 = DIRECTION ( 'NONE',  ( 0.000000000000000000, 0.000000000000000000, -1.000000000000000000 ) ) ;
#2257 = ADVANCED_FACE ( 'NONE', ( #1324, #2197 ), #1874, .F. ) ;
#2258 = VECTOR ( 'NONE', #663, 1000.000000000000000 ) ;
#2259 = AXIS2_PLACEMENT_3D ( 'NONE', #2207, #798, #1305 ) ;
#2260 = CARTESIAN_POINT ( 'NONE',  ( 56.99999999999999289, 0.000000000000000000, 49.00000000000000000 ) ) ;
#2261 = VECTOR ( 'NONE', #1344, 1000.000000000000000 ) ;
#2262 = CIRCLE ( 'NONE', #1513, 4.499999999999997335 ) ;
#2263 = VECTOR ( 'NONE', #885, 1000.000000000000000 ) ;
#2264 = CARTESIAN_POINT ( 'NONE',  ( 5.741097321911706963, -10.36271593621965259, 47.45453983889436245 ) ) ;
#2265 = EDGE_LOOP ( 'NONE', ( #501, #476, #1357, #1912 ) ) ;
#2266 = ORIENTED_EDGE ( 'NONE', *, *, #2081, .F. ) ;
#2267 = LINE ( 'NONE', #850, #2114 ) ;
#2268 = EDGE_LOOP ( 'NONE', ( #750, #735, #2250, #1084 ) ) ;
#2269 = VERTEX_POINT ( 'NONE', #1634 ) ;
#2270 = CYLINDRICAL_SURFACE ( 'NONE', #235, 1.999999999999997335 ) ;
#2271 = DIRECTION ( 'NONE',  ( 0.000000000000000000, 1.000000000000000000, 0.000000000000000000 ) ) ;
#2272 = ADVANCED_FACE ( 'NONE', ( #960 ), #249, .T. ) ;
#2273 = CARTESIAN_POINT ( 'NONE',  ( 43.34129504891359375, -4.910000000000000142, 47.45453983889436245 ) ) ;
#2274 = ORIENTED_EDGE ( 'NONE', *, *, #567, .F. ) ;
#2275 = ORIENTED_EDGE ( 'NONE', *, *, #113, .F. ) ;
#2276 = DIRECTION ( 'NONE',  ( 1.000000000000000000, 0.000000000000000000, 0.000000000000000000 ) ) ;
#2277 = ORIENTED_EDGE ( 'NONE', *, *, #737, .F. ) ;
#2278 = ORIENTED_EDGE ( 'NONE', *, *, #1818, .F. ) ;
#2279 = DIRECTION ( 'NONE',  ( -0.000000000000000000, 1.000000000000000000, -0.000000000000000000 ) ) ;
#2280 = DIRECTION ( 'NONE',  ( 0.000000000000000000, 0.000000000000000000, 1.000000000000000000 ) ) ;
#2281 = DIRECTION ( 'NONE',  ( 1.000000000000000000, 0.000000000000000000, -0.000000000000000000 ) ) ;
#2282 = ORIENTED_EDGE ( 'NONE', *, *, #358, .F. ) ;
#2283 = EDGE_CURVE ( 'NONE', #1938, #402, #948, .T. ) ;
#2284 = CARTESIAN_POINT ( 'NONE',  ( 1.000000000000000222, 0.000000000000000000, 1.000000000000000888 ) ) ;
#2285 = ORIENTED_EDGE ( 'NONE', *, *, #770, .T. ) ;
#2286 = SURFACE_STYLE_USAGE ( .BOTH. , #118 ) ;
#2287 = VERTEX_POINT ( 'NONE', #931 ) ;
#2288 = CARTESIAN_POINT ( 'NONE',  ( 42.37097701186070964, -3.908059915973653098, 2.761379333656534207 ) ) ;
#2289 = LINE ( 'NONE', #1716, #93 ) ;
#2290 = AXIS2_PLACEMENT_3D ( 'NONE', #1069, #342, #2156 ) ;
#2291 = VECTOR ( 'NONE', #1097, 1000.000000000000000 ) ;
#2292 = DIRECTION ( 'NONE',  ( 1.000000000000000000, 0.000000000000000000, 0.000000000000000000 ) ) ;
#2293 = AXIS2_PLACEMENT_3D ( 'NONE', #731, #1294, #968 ) ;
#2294 = VECTOR ( 'NONE', #2200, 1000.000000000000000 ) ;
#2295 = EDGE_CURVE ( 'NONE', #2104, #656, #899, .T. ) ;
#2296 = CIRCLE ( 'NONE', #2293, 4.499999999999997335 ) ;
#2297 = AXIS2_PLACEMENT_3D ( 'NONE', #979, #1329, #1485 ) ;
#2298 = DIRECTION ( 'NONE',  ( -1.000000000000000000, 0.000000000000000000, 0.000000000000000000 ) ) ;
#2299 = ORIENTED_EDGE ( 'NONE', *, *, #1933, .F. ) ;
#2300 = EDGE_CURVE ( 'NONE', #1711, #1257, #1316, .T. ) ;
#2301 = ADVANCED_FACE ( 'NONE', ( #420 ), #1674, .F. ) ;
#2302 = FILL_AREA_STYLE_COLOUR ( '', #934 ) ;
#2303 = ORIENTED_EDGE ( 'NONE', *, *, #1556, .T. ) ;
#2304 = DIRECTION ( 'NONE',  ( -0.000000000000000000, -0.000000000000000000, -1.000000000000000000 ) ) ;
#2305 = DIRECTION ( 'NONE',  ( 0.000000000000000000, -1.000000000000000000, 0.000000000000000000 ) ) ;
#2306 = LINE ( 'NONE', #374, #705 ) ;
#2307 = CYLINDRICAL_SURFACE ( 'NONE', #1852, 1.000000000000000888 ) ;
#2308 = ORIENTED_EDGE ( 'NONE', *, *, #209, .T. ) ;
#2309 = EDGE_CURVE ( 'NONE', #1925, #698, #2053, .T. ) ;
#2310 = ORIENTED_EDGE ( 'NONE', *, *, #189, .F. ) ;
#2311 = EDGE_CURVE ( 'NONE', #1718, #548, #1686, .T. ) ;
#2312 = DIRECTION ( 'NONE',  ( -0.000000000000000000, 0.000000000000000000, -1.000000000000000000 ) ) ;
#2313 = CARTESIAN_POINT ( 'NONE',  ( 56.99999999999999289, -1.000000000000000000, 50.00000000000000000 ) ) ;
#2314 = CARTESIAN_POINT ( 'NONE',  ( 53.84735485676164757, -10.36271593621965259, 50.00000000000000000 ) ) ;
#2315 = LINE ( 'NONE', #1250, #1699 ) ;
#2316 = DIRECTION ( 'NONE',  ( 1.000000000000000000, 0.000000000000000000, 0.000000000000000000 ) ) ;
#2317 = ORIENTED_EDGE ( 'NONE', *, *, #2142, .T. ) ;
#2318 = CARTESIAN_POINT ( 'NONE',  ( 44.16399999999999437, -14.50600790507669302, 50.00000000000000000 ) ) ;
ENDSEC;
END-ISO-10303-21;
