ISO-10303-21;
HEADER;
FILE_DESCRIPTION (( 'STEP AP214' ),
    '1' );
FILE_NAME ('jiaqiang.STEP',
    '2026-05-29T22:25:17',
    ( '' ),
    ( '' ),
    'SwSTEP 2.0',
    'SolidWorks 2020',
    '' );
FILE_SCHEMA (( 'AUTOMOTIVE_DESIGN' ));
ENDSEC;

DATA;
#1 = ORIENTED_EDGE ( 'NONE', *, *, #559, .F. ) ;
#2 = FACE_OUTER_BOUND ( 'NONE', #211, .T. ) ;
#3 = AXIS2_PLACEMENT_3D ( 'NONE', #109, #1198, #70 ) ;
#4 = VECTOR ( 'NONE', #548, 1000.000000000000000 ) ;
#5 = ORIENTED_EDGE ( 'NONE', *, *, #333, .T. ) ;
#6 = LINE ( 'NONE', #1094, #414 ) ;
#7 = DIRECTION ( 'NONE',  ( -0.000000000000000000, 1.000000000000000000, 0.000000000000000000 ) ) ;
#8 = AXIS2_PLACEMENT_3D ( 'NONE', #191, #704, #295 ) ;
#9 = EDGE_CURVE ( 'NONE', #324, #801, #311, .T. ) ;
#10 = DIRECTION ( 'NONE',  ( -1.000000000000000000, 0.000000000000000000, 0.000000000000000000 ) ) ;
#11 = ORIENTED_EDGE ( 'NONE', *, *, #1193, .T. ) ;
#12 = DIRECTION ( 'NONE',  ( 1.000000000000000000, 0.000000000000000000, 0.000000000000000000 ) ) ;
#13 = DIRECTION ( 'NONE',  ( 1.000000000000000000, 1.156482317317871725E-16, 0.000000000000000000 ) ) ;
#14 = CIRCLE ( 'NONE', #144, 2.000000000000000000 ) ;
#15 = DIRECTION ( 'NONE',  ( -0.000000000000000000, -1.000000000000000000, 0.000000000000000000 ) ) ;
#16 = FACE_OUTER_BOUND ( 'NONE', #52, .T. ) ;
#17 = MANIFOLD_SOLID_BREP ( 'Ô²½Ç7', #629 ) ;
#18 = CARTESIAN_POINT ( 'NONE',  ( 5.648555048841227055, -4.294147221649164514, 4.112135489894178875 ) ) ;
#19 = VERTEX_POINT ( 'NONE', #702 ) ;
#20 = DIRECTION ( 'NONE',  ( -0.000000000000000000, -0.000000000000000000, 1.000000000000000000 ) ) ;
#21 = CIRCLE ( 'NONE', #471, 3.073058506498573372 ) ;
#22 = DIRECTION ( 'NONE',  ( -1.156482317317871725E-16, 1.000000000000000000, 0.000000000000000000 ) ) ;
#23 = DIRECTION ( 'NONE',  ( 0.000000000000000000, -1.000000000000000000, 0.000000000000000000 ) ) ;
#24 = COLOUR_RGB ( '',1.000000000000000000, 1.000000000000000000, 1.000000000000000000 ) ;
#25 = DIRECTION ( 'NONE',  ( 1.000000000000000000, 1.156482317317871725E-16, 0.000000000000000000 ) ) ;
#26 = ORIENTED_EDGE ( 'NONE', *, *, #613, .F. ) ;
#27 = CARTESIAN_POINT ( 'NONE',  ( 6.313047325569980828, -2.295612366210465272, 40.99999999999999289 ) ) ;
#28 = EDGE_CURVE ( 'NONE', #979, #1258, #923, .T. ) ;
#29 = LINE ( 'NONE', #638, #685 ) ;
#30 = ORIENTED_EDGE ( 'NONE', *, *, #512, .F. ) ;
#31 = CARTESIAN_POINT ( 'NONE',  ( 15.00000000000000178, -12.99999999999999289, 0.000000000000000000 ) ) ;
#32 = DIRECTION ( 'NONE',  ( -1.156482317317871725E-16, 1.000000000000000000, 0.000000000000000000 ) ) ;
#33 = ORIENTED_EDGE ( 'NONE', *, *, #666, .T. ) ;
#34 = FACE_OUTER_BOUND ( 'NONE', #479, .T. ) ;
#35 = EDGE_CURVE ( 'NONE', #725, #301, #1096, .T. ) ;
#36 = CARTESIAN_POINT ( 'NONE',  ( 6.077974832543901584, -9.217948677041224670, 40.98875444247112654 ) ) ;
#37 = EDGE_LOOP ( 'NONE', ( #708, #1005, #572, #584, #11, #1155, #363, #153, #269, #379 ) ) ;
#38 = CARTESIAN_POINT ( 'NONE',  ( 6.313047325569980828, -1.004630715935550958E-15, 38.99999999999999289 ) ) ;
#39 = CARTESIAN_POINT ( 'NONE',  ( 15.00000000000000178, -12.99999999999999822, 43.00000000000000000 ) ) ;
#40 = CARTESIAN_POINT ( 'NONE',  ( 2.000000000000000444, -1.999999999999999556, 45.00000000000000000 ) ) ;
#41 = DIRECTION ( 'NONE',  ( -1.156482317317871725E-16, 1.000000000000000000, 0.000000000000000000 ) ) ;
#42 = EDGE_CURVE ( 'NONE', #186, #19, #583, .T. ) ;
#43 = LINE ( 'NONE', #1004, #1291 ) ;
#44 = ORIENTED_EDGE ( 'NONE', *, *, #105, .F. ) ;
#45 = AXIS2_PLACEMENT_3D ( 'NONE', #631, #388, #190 ) ;
#46 = VECTOR ( 'NONE', #228, 1000.000000000000000 ) ;
#47 = DIRECTION ( 'NONE',  ( -1.156482317317871725E-16, 1.000000000000000000, -0.000000000000000000 ) ) ;
#48 = VECTOR ( 'NONE', #1024, 1000.000000000000000 ) ;
#49 = CARTESIAN_POINT ( 'NONE',  ( 4.313047325569980828, -7.436498017713874198, 31.97058571661719739 ) ) ;
#50 = DIRECTION ( 'NONE',  ( -1.000000000000000000, -1.156482317317871725E-16, -0.000000000000000000 ) ) ;
#51 = CARTESIAN_POINT ( 'NONE',  ( 15.00000000000000178, -14.99999999999999822, 45.00000000000000000 ) ) ;
#52 = EDGE_LOOP ( 'NONE', ( #780, #587, #686 ) ) ;
#53 = ADVANCED_FACE ( 'NONE', ( #197 ), #1148, .T. ) ;
#54 = DIRECTION ( 'NONE',  ( 1.000000000000000000, 1.156482317317871725E-16, 0.000000000000000000 ) ) ;
#55 = VERTEX_POINT ( 'NONE', #353 ) ;
#56 = SURFACE_STYLE_FILL_AREA ( #1002 ) ;
#57 = LINE ( 'NONE', #1274, #999 ) ;
#58 = LINE ( 'NONE', #1090, #131 ) ;
#59 = ORIENTED_EDGE ( 'NONE', *, *, #162, .F. ) ;
#60 = AXIS2_PLACEMENT_3D ( 'NONE', #874, #869, #669 ) ;
#61 =( LENGTH_UNIT ( ) NAMED_UNIT ( * ) SI_UNIT ( .MILLI., .METRE. ) );
#62 = DIRECTION ( 'NONE',  ( -1.000000000000000000, -0.000000000000000000, -0.000000000000000000 ) ) ;
#63 = CARTESIAN_POINT ( 'NONE',  ( 15.00000000000000000, 0.000000000000000000, 0.000000000000000000 ) ) ;
#64 = EDGE_CURVE ( 'NONE', #787, #1119, #793, .T. ) ;
#65 = ORIENTED_EDGE ( 'NONE', *, *, #138, .T. ) ;
#66 = CYLINDRICAL_SURFACE ( 'NONE', #415, 2.000000000000000000 ) ;
#67 = ORIENTED_EDGE ( 'NONE', *, *, #9, .F. ) ;
#68 = AXIS2_PLACEMENT_3D ( 'NONE', #712, #214, #890 ) ;
#69 = CIRCLE ( 'NONE', #885, 2.000000000000000000 ) ;
#70 = DIRECTION ( 'NONE',  ( 0.000000000000000000, 0.000000000000000000, 1.000000000000000000 ) ) ;
#71 = ORIENTED_EDGE ( 'NONE', *, *, #1184, .F. ) ;
#72 = AXIS2_PLACEMENT_3D ( 'NONE', #274, #171, #589 ) ;
#73 = VERTEX_POINT ( 'NONE', #251 ) ;
#74 =( NAMED_UNIT ( * ) PLANE_ANGLE_UNIT ( ) SI_UNIT ( $, .RADIAN. ) );
#75 = DIRECTION ( 'NONE',  ( 1.000000000000000000, 0.000000000000000000, 0.000000000000000000 ) ) ;
#76 = ORIENTED_EDGE ( 'NONE', *, *, #105, .T. ) ;
#77 = DIRECTION ( 'NONE',  ( -1.000000000000000000, 0.000000000000000000, 0.000000000000000000 ) ) ;
#78 = VECTOR ( 'NONE', #210, 1000.000000000000000 ) ;
#79 = EDGE_LOOP ( 'NONE', ( #345, #371, #376, #390 ) ) ;
#80 = ORIENTED_EDGE ( 'NONE', *, *, #989, .T. ) ;
#81 =( LENGTH_UNIT ( ) NAMED_UNIT ( * ) SI_UNIT ( .MILLI., .METRE. ) );
#82 = FACE_OUTER_BOUND ( 'NONE', #1256, .T. ) ;
#83 = VERTEX_POINT ( 'NONE', #762 ) ;
#84 = ORIENTED_EDGE ( 'NONE', *, *, #1294, .T. ) ;
#85 = ORIENTED_EDGE ( 'NONE', *, *, #434, .T. ) ;
#86 = AXIS2_PLACEMENT_3D ( 'NONE', #1327, #508, #413 ) ;
#87 = DIRECTION ( 'NONE',  ( -1.000000000000000000, -0.000000000000000000, -0.000000000000000000 ) ) ;
#88 = ORIENTED_EDGE ( 'NONE', *, *, #183, .T. ) ;
#89 = CARTESIAN_POINT ( 'NONE',  ( 4.313047325569980828, 4.987962965776820874E-16, 3.795470048060433808E-32 ) ) ;
#90 = EDGE_CURVE ( 'NONE', #1105, #511, #29, .T. ) ;
#91 = ORIENTED_EDGE ( 'NONE', *, *, #478, .F. ) ;
#92 = CARTESIAN_POINT ( 'NONE',  ( 7.000000000000000888, -3.629065036196706728, 0.000000000000000000 ) ) ;
#93 = ORIENTED_EDGE ( 'NONE', *, *, #411, .F. ) ;
#94 = CYLINDRICAL_SURFACE ( 'NONE', #387, 2.000000000000000000 ) ;
#95 = DIRECTION ( 'NONE',  ( -1.000000000000000000, 0.000000000000000000, 0.000000000000000000 ) ) ;
#96 = ORIENTED_EDGE ( 'NONE', *, *, #97, .T. ) ;
#97 = EDGE_CURVE ( 'NONE', #725, #399, #943, .T. ) ;
#98 = DIRECTION ( 'NONE',  ( -1.000000000000000000, 0.000000000000000000, 0.000000000000000000 ) ) ;
#99 = DIRECTION ( 'NONE',  ( 1.156482317317871725E-16, -1.000000000000000000, -0.000000000000000000 ) ) ;
#100 = DIRECTION ( 'NONE',  ( -0.000000000000000000, 0.000000000000000000, -1.000000000000000000 ) ) ;
#101 = CARTESIAN_POINT ( 'NONE',  ( 0.000000000000000000, -15.00000000000000000, 45.00000000000000000 ) ) ;
#102 = FACE_OUTER_BOUND ( 'NONE', #554, .T. ) ;
#103 = EDGE_LOOP ( 'NONE', ( #1204, #952, #112, #1144, #1062, #919, #972, #968, #1093, #842 ) ) ;
#104 = CARTESIAN_POINT ( 'NONE',  ( 0.000000000000000000, 0.000000000000000000, 43.00000000000000000 ) ) ;
#105 = EDGE_CURVE ( 'NONE', #495, #1026, #212, .T. ) ;
#106 =( NAMED_UNIT ( * ) SI_UNIT ( $, .STERADIAN. ) SOLID_ANGLE_UNIT ( ) );
#107 = VECTOR ( 'NONE', #22, 1000.000000000000000 ) ;
#108 = VECTOR ( 'NONE', #253, 1000.000000000000000 ) ;
#109 = CARTESIAN_POINT ( 'NONE',  ( 2.000000000000000444, -1.999999999999999556, 2.000000000000000000 ) ) ;
#110 = CARTESIAN_POINT ( 'NONE',  ( 15.00000000000000000, -1.999999999999999556, 2.000000000000001776 ) ) ;
#111 = DIRECTION ( 'NONE',  ( -0.000000000000000000, 0.000000000000000000, -1.000000000000000000 ) ) ;
#112 = ORIENTED_EDGE ( 'NONE', *, *, #265, .T. ) ;
#113 = DIRECTION ( 'NONE',  ( 0.000000000000000000, 1.000000000000000000, 0.000000000000000000 ) ) ;
#114 = CARTESIAN_POINT ( 'NONE',  ( 2.000000000000000444, -13.00000000000000000, 0.000000000000000000 ) ) ;
#115 = LINE ( 'NONE', #1101, #308 ) ;
#116 = DIRECTION ( 'NONE',  ( -1.000000000000000000, 0.000000000000000000, 0.000000000000000000 ) ) ;
#117 = AXIS2_PLACEMENT_3D ( 'NONE', #513, #906, #1125 ) ;
#118 = DIRECTION ( 'NONE',  ( -0.000000000000000000, 1.000000000000000000, 0.000000000000000000 ) ) ;
#119 = CARTESIAN_POINT ( 'NONE',  ( 7.000000000000000888, -3.629065036196706728, 4.000000000000003553 ) ) ;
#120 = VERTEX_POINT ( 'NONE', #114 ) ;
#121 = CARTESIAN_POINT ( 'NONE',  ( 7.000000000000000888, -3.629065036196706728, 0.000000000000000000 ) ) ;
#122 = LINE ( 'NONE', #454, #426 ) ;
#123 = VERTEX_POINT ( 'NONE', #532 ) ;
#124 = DIRECTION ( 'NONE',  ( 0.000000000000000000, 0.000000000000000000, -1.000000000000000000 ) ) ;
#125 = LINE ( 'NONE', #939, #496 ) ;
#126 = EDGE_CURVE ( 'NONE', #739, #705, #639, .T. ) ;
#127 = B_SPLINE_CURVE_WITH_KNOTS ( 'NONE', 3,
 ( #218, #1129, #1037, #1216, #18, #1250, #1046, #194, #208, #402 ),
 .UNSPECIFIED., .F., .F.,
 ( 4, 2, 2, 2, 4 ),
 ( 0.001644712539763679713, 0.002056129841260804364, 0.002467547142757928365, 0.002878964444255051498, 0.003290381745752175065 ),
 .UNSPECIFIED. ) ;
#128 = PRODUCT_DEFINITION_CONTEXT ( 'detailed design', #514, 'design' ) ;
#129 = ORIENTED_EDGE ( 'NONE', *, *, #1255, .T. ) ;
#130 = CARTESIAN_POINT ( 'NONE',  ( 15.00000000000000178, -4.363439511215299937, 28.89752721011862491 ) ) ;
#131 = VECTOR ( 'NONE', #163, 1000.000000000000000 ) ;
#132 = DIRECTION ( 'NONE',  ( -0.000000000000000000, -0.000000000000000000, -1.000000000000000000 ) ) ;
#133 = CARTESIAN_POINT ( 'NONE',  ( 8.673617379884035472E-16, -13.00000000000000000, 43.00000000000000000 ) ) ;
#134 = FACE_BOUND ( 'NONE', #236, .T. ) ;
#135 = EDGE_CURVE ( 'NONE', #1230, #867, #1072, .T. ) ;
#136 = ORIENTED_EDGE ( 'NONE', *, *, #1184, .T. ) ;
#137 = CARTESIAN_POINT ( 'NONE',  ( 6.999999999999999112, -10.40906503619670787, 0.000000000000000000 ) ) ;
#138 = EDGE_CURVE ( 'NONE', #1009, #782, #1265, .T. ) ;
#139 = DIRECTION ( 'NONE',  ( 1.000000000000000000, 0.000000000000000000, 0.000000000000000000 ) ) ;
#140 = VECTOR ( 'NONE', #1126, 1000.000000000000000 ) ;
#141 = CARTESIAN_POINT ( 'NONE',  ( 0.000000000000000000, -13.00000000000000000, 45.00000000000000000 ) ) ;
#142 = DIRECTION ( 'NONE',  ( 0.000000000000000000, -1.000000000000000000, 0.000000000000000000 ) ) ;
#143 = DIRECTION ( 'NONE',  ( -1.000000000000000000, -0.000000000000000000, -0.000000000000000000 ) ) ;
#144 = AXIS2_PLACEMENT_3D ( 'NONE', #865, #13, #546 ) ;
#145 = CARTESIAN_POINT ( 'NONE',  ( 4.313047325569986157, -4.363439511215302602, 16.10000000000000142 ) ) ;
#146 = FACE_OUTER_BOUND ( 'NONE', #492, .T. ) ;
#147 = DIRECTION ( 'NONE',  ( 0.000000000000000000, 0.000000000000000000, -1.000000000000000000 ) ) ;
#148 = DIRECTION ( 'NONE',  ( -1.156482317317871478E-16, 1.000000000000000000, 0.000000000000000000 ) ) ;
#149 = EDGE_CURVE ( 'NONE', #301, #83, #1154, .T. ) ;
#150 = ORIENTED_EDGE ( 'NONE', *, *, #574, .F. ) ;
#151 = LINE ( 'NONE', #349, #300 ) ;
#152 = CARTESIAN_POINT ( 'NONE',  ( 8.500000000000001776, -10.40906503619670787, 4.000000000000003553 ) ) ;
#153 = ORIENTED_EDGE ( 'NONE', *, *, #222, .T. ) ;
#154 = CARTESIAN_POINT ( 'NONE',  ( 6.313047325569981716, -11.74251770618295510, 40.99999999999999289 ) ) ;
#155 = AXIS2_PLACEMENT_3D ( 'NONE', #946, #95, #1054 ) ;
#156 = DIRECTION ( 'NONE',  ( 1.000000000000000000, 0.000000000000000000, 0.000000000000000000 ) ) ;
#157 = PLANE ( 'NONE',  #713 ) ;
#158 = EDGE_CURVE ( 'NONE', #1109, #725, #1174, .T. ) ;
#159 = B_SPLINE_CURVE_WITH_KNOTS ( 'NONE', 3,
 ( #154, #1284, #884, #1188, #1173, #249, #878, #988, #255, #781 ),
 .UNSPECIFIED., .F., .F.,
 ( 4, 2, 2, 2, 4 ),
 ( 0.000000000000000000, 0.0004111781349409230723, 0.0008223562698818461447, 0.001233534404822769163, 0.001644712539763692289 ),
 .UNSPECIFIED. ) ;
#160 = PLANE ( 'NONE',  #60 ) ;
#161 = EDGE_LOOP ( 'NONE', ( #225, #773, #393, #1087 ) ) ;
#162 = EDGE_CURVE ( 'NONE', #857, #979, #122, .T. ) ;
#163 = DIRECTION ( 'NONE',  ( 1.156482317317871725E-16, -1.000000000000000000, 0.000000000000000000 ) ) ;
#164 = EDGE_LOOP ( 'NONE', ( #850, #291 ) ) ;
#165 = CARTESIAN_POINT ( 'NONE',  ( 6.077974832543904249, -2.437948677041232415, 40.98875444247112654 ) ) ;
#166 = ORIENTED_EDGE ( 'NONE', *, *, #1244, .T. ) ;
#167 = DIRECTION ( 'NONE',  ( -1.000000000000000000, 0.000000000000000000, 0.000000000000000000 ) ) ;
#168 = COLOUR_RGB ( '',1.000000000000000000, 1.000000000000000000, 1.000000000000000000 ) ;
#169 = EDGE_CURVE ( 'NONE', #324, #120, #14, .T. ) ;
#170 = ORIENTED_EDGE ( 'NONE', *, *, #670, .T. ) ;
#171 = DIRECTION ( 'NONE',  ( 0.000000000000000000, -1.000000000000000000, -1.355514583008827634E-16 ) ) ;
#172 = EDGE_LOOP ( 'NONE', ( #949, #904, #1110 ) ) ;
#173 = CIRCLE ( 'NONE', #1102, 1.500000000000002220 ) ;
#174 = CARTESIAN_POINT ( 'NONE',  ( 15.00000000000000000, 0.000000000000000000, 40.99999999999999289 ) ) ;
#175 = EDGE_LOOP ( 'NONE', ( #219, #926, #910, #789, #817 ) ) ;
#176 = CIRCLE ( 'NONE', #826, 2.000000000000000000 ) ;
#177 = EDGE_CURVE ( 'NONE', #992, #19, #271, .T. ) ;
#178 = ORIENTED_EDGE ( 'NONE', *, *, #501, .F. ) ;
#179 = CARTESIAN_POINT ( 'NONE',  ( 6.313047325569980828, -2.295612366210465272, 40.99999999999999289 ) ) ;
#180 = EDGE_LOOP ( 'NONE', ( #178, #523, #1315, #746, #499 ) ) ;
#181 = AXIS2_PLACEMENT_3D ( 'NONE', #741, #935, #658 ) ;
#182 = ORIENTED_EDGE ( 'NONE', *, *, #790, .F. ) ;
#183 = EDGE_CURVE ( 'NONE', #787, #1298, #517, .T. ) ;
#184 = VECTOR ( 'NONE', #1259, 1000.000000000000000 ) ;
#185 = LINE ( 'NONE', #895, #887 ) ;
#186 = VERTEX_POINT ( 'NONE', #859 ) ;
#187 = CARTESIAN_POINT ( 'NONE',  ( 4.313047325569982604, -15.00000000000000000, 39.00000000000000000 ) ) ;
#188 = ORIENTED_EDGE ( 'NONE', *, *, #717, .F. ) ;
#189 = AXIS2_PLACEMENT_3D ( 'NONE', #451, #561, #1059 ) ;
#190 = DIRECTION ( 'NONE',  ( -1.000000000000000000, 0.000000000000000000, 0.000000000000000000 ) ) ;
#191 = CARTESIAN_POINT ( 'NONE',  ( 6.313047325569980828, 0.000000000000000000, 6.000000000000003553 ) ) ;
#192 = ORIENTED_EDGE ( 'NONE', *, *, #790, .T. ) ;
#193 = PLANE ( 'NONE',  #846 ) ;
#194 = CARTESIAN_POINT ( 'NONE',  ( 6.077974832543905137, -4.820181395352181930, 4.011245557528888561 ) ) ;
#195 = VECTOR ( 'NONE', #882, 1000.000000000000000 ) ;
#196 = VERTEX_POINT ( 'NONE', #49 ) ;
#197 = FACE_OUTER_BOUND ( 'NONE', #1016, .T. ) ;
#198 = DIRECTION ( 'NONE',  ( 1.000000000000000000, 0.000000000000000000, 0.000000000000000000 ) ) ;
#199 = LINE ( 'NONE', #1325, #245 ) ;
#200 = LINE ( 'NONE', #1035, #1146 ) ;
#201 = CARTESIAN_POINT ( 'NONE',  ( 6.313047325569981716, -9.075612366210460635, 4.000000000000003553 ) ) ;
#202 = CARTESIAN_POINT ( 'NONE',  ( 1.503427012513233341E-15, -13.00000000000000000, 45.00000000000000000 ) ) ;
#203 = EDGE_CURVE ( 'NONE', #83, #627, #1077, .T. ) ;
#204 = AXIS2_PLACEMENT_3D ( 'NONE', #418, #243, #540 ) ;
#205 = ORIENTED_EDGE ( 'NONE', *, *, #552, .F. ) ;
#206 = CARTESIAN_POINT ( 'NONE',  ( 5.648840489056716763, -2.963617088829862301, 4.112059223142732201 ) ) ;
#207 = CARTESIAN_POINT ( 'NONE',  ( 5.790369901602929303, -9.511708908609024959, 4.068084005691098959 ) ) ;
#208 = CARTESIAN_POINT ( 'NONE',  ( 6.191070184078824923, -4.899678937734162076, 4.000000000000003553 ) ) ;
#209 = ORIENTED_EDGE ( 'NONE', *, *, #1301, .T. ) ;
#210 = DIRECTION ( 'NONE',  ( 1.000000000000000000, 0.000000000000000000, 0.000000000000000000 ) ) ;
#211 = EDGE_LOOP ( 'NONE', ( #1263, #608, #1303, #386, #827, #809 ) ) ;
#212 = CIRCLE ( 'NONE', #863, 1.499999999999996891 ) ;
#213 = CIRCLE ( 'NONE', #1221, 3.073058506498573372 ) ;
#214 = DIRECTION ( 'NONE',  ( -0.000000000000000000, -0.000000000000000000, -1.000000000000000000 ) ) ;
#215 = CARTESIAN_POINT ( 'NONE',  ( 5.499999999999998224, -10.27181712245176470, 4.172719494334961254 ) ) ;
#216 = VECTOR ( 'NONE', #924, 1000.000000000000000 ) ;
#217 = CARTESIAN_POINT ( 'NONE',  ( 6.999999999999999112, -10.40906503619670787, 40.99999999999999289 ) ) ;
#218 = CARTESIAN_POINT ( 'NONE',  ( 5.500000000000004441, -3.629065036196706728, 4.172719494334957702 ) ) ;
#219 = ORIENTED_EDGE ( 'NONE', *, *, #333, .F. ) ;
#220 = CARTESIAN_POINT ( 'NONE',  ( 6.313047325569980828, -1.004630715935550958E-15, 40.99999999999999289 ) ) ;
#221 = DIRECTION ( 'NONE',  ( 0.000000000000000000, -4.688441826964344914E-17, -1.000000000000000000 ) ) ;
#222 = EDGE_CURVE ( 'NONE', #463, #301, #566, .T. ) ;
#223 = FACE_OUTER_BOUND ( 'NONE', #442, .T. ) ;
#224 = CARTESIAN_POINT ( 'NONE',  ( 15.00000000000000178, -14.99999999999999822, 40.99999999999999289 ) ) ;
#225 = ORIENTED_EDGE ( 'NONE', *, *, #778, .T. ) ;
#226 = FACE_OUTER_BOUND ( 'NONE', #688, .T. ) ;
#227 = CARTESIAN_POINT ( 'NONE',  ( 6.313047325569981716, -9.075612366210460635, 40.99999999999999289 ) ) ;
#228 = DIRECTION ( 'NONE',  ( -0.000000000000000000, -0.000000000000000000, 1.000000000000000000 ) ) ;
#229 = ADVANCED_FACE ( 'NONE', ( #2 ), #1161, .F. ) ;
#230 = CARTESIAN_POINT ( 'NONE',  ( 5.877164386150932174, -9.405067322570381805, 4.045429884583443325 ) ) ;
#231 = DIRECTION ( 'NONE',  ( -1.000000000000000000, 0.000000000000000000, -1.040834085586084257E-14 ) ) ;
#232 = ORIENTED_EDGE ( 'NONE', *, *, #1157, .T. ) ;
#233 = CYLINDRICAL_SURFACE ( 'NONE', #1075, 1.500000000000003109 ) ;
#234 = VECTOR ( 'NONE', #443, 1000.000000000000000 ) ;
#235 = CARTESIAN_POINT ( 'NONE',  ( 7.000000000000000888, -3.629065036196706728, 45.00000000000000000 ) ) ;
#236 = EDGE_LOOP ( 'NONE', ( #319, #1227 ) ) ;
#237 = CYLINDRICAL_SURFACE ( 'NONE', #1183, 2.000000000000000000 ) ;
#238 = AXIS2_PLACEMENT_3D ( 'NONE', #618, #7, #431 ) ;
#239 = APPLICATION_CONTEXT ( 'automotive_design' ) ;
#240 = DIRECTION ( 'NONE',  ( -0.000000000000000000, 1.000000000000000000, -0.000000000000000000 ) ) ;
#241 = EDGE_CURVE ( 'NONE', #406, #636, #892, .T. ) ;
#242 = ORIENTED_EDGE ( 'NONE', *, *, #1275, .F. ) ;
#243 = DIRECTION ( 'NONE',  ( 0.000000000000000000, 0.000000000000000000, 1.000000000000000000 ) ) ;
#244 = DIRECTION ( 'NONE',  ( 0.000000000000000000, 0.000000000000000000, -1.000000000000000000 ) ) ;
#245 = VECTOR ( 'NONE', #15, 1000.000000000000000 ) ;
#246 = CIRCLE ( 'NONE', #1229, 3.073058506498575593 ) ;
#247 = DIRECTION ( 'NONE',  ( 1.000000000000000000, 0.000000000000000000, 0.000000000000000000 ) ) ;
#248 = VECTOR ( 'NONE', #25, 1000.000000000000000 ) ;
#249 = CARTESIAN_POINT ( 'NONE',  ( 5.648840489056711434, -11.07451298356355096, 40.88794077685726336 ) ) ;
#250 = EDGE_CURVE ( 'NONE', #284, #933, #1137, .T. ) ;
#251 = CARTESIAN_POINT ( 'NONE',  ( 6.313047325569980828, -2.295612366210465272, 4.000000000000003553 ) ) ;
#252 = VECTOR ( 'NONE', #1264, 1000.000000000000000 ) ;
#253 = DIRECTION ( 'NONE',  ( 1.000000000000000000, 1.156482317317871725E-16, -0.000000000000000000 ) ) ;
#254 = CARTESIAN_POINT ( 'NONE',  ( 2.000000000000000444, -1.999999999999999556, 0.000000000000000000 ) ) ;
#255 = CARTESIAN_POINT ( 'NONE',  ( 5.499999999999998224, -10.54631294994165103, 40.82728050566503697 ) ) ;
#256 = VECTOR ( 'NONE', #1292, 1000.000000000000000 ) ;
#257 = ADVANCED_FACE ( 'NONE', ( #942, #828, #226 ), #530, .T. ) ;
#258 = ORIENTED_EDGE ( 'NONE', *, *, #990, .F. ) ;
#259 = CARTESIAN_POINT ( 'NONE',  ( 5.499999999999996447, -10.40906503619670787, 0.000000000000000000 ) ) ;
#260 = VECTOR ( 'NONE', #736, 1000.000000000000000 ) ;
#261 = DIRECTION ( 'NONE',  ( -0.000000000000000000, 1.000000000000000000, 0.000000000000000000 ) ) ;
#262 = CIRCLE ( 'NONE', #155, 3.073058506498575593 ) ;
#263 = ORIENTED_EDGE ( 'NONE', *, *, #680, .F. ) ;
#264 = SHAPE_DEFINITION_REPRESENTATION ( #916, #893 ) ;
#265 = EDGE_CURVE ( 'NONE', #1320, #1105, #428, .T. ) ;
#266 = CARTESIAN_POINT ( 'NONE',  ( 5.593717393958253403, -10.94871972967983176, 4.133401851973021124 ) ) ;
#267 = DIRECTION ( 'NONE',  ( -0.000000000000000000, 0.000000000000000000, 1.000000000000000000 ) ) ;
#268 = CARTESIAN_POINT ( 'NONE',  ( 7.000000000000000888, -3.629065036196706728, 40.99999999999999289 ) ) ;
#269 = ORIENTED_EDGE ( 'NONE', *, *, #149, .T. ) ;
#270 = ADVANCED_FACE ( 'NONE', ( #628 ), #233, .F. ) ;
#271 = B_SPLINE_CURVE_WITH_KNOTS ( 'NONE', 3,
 ( #838, #1248, #326, #1271, #541, #438, #845, #36, #1254, #227 ),
 .UNSPECIFIED., .F., .F.,
 ( 4, 2, 2, 2, 4 ),
 ( 0.001644712539763692289, 0.002056129841260819543, 0.002467547142757946579, 0.002878964444255073616, 0.003290381745752200653 ),
 .UNSPECIFIED. ) ;
#272 = LINE ( 'NONE', #623, #689 ) ;
#273 = VERTEX_POINT ( 'NONE', #649 ) ;
#274 = CARTESIAN_POINT ( 'NONE',  ( 15.00000000000000178, -10.50955652421244579, 16.10000000000000142 ) ) ;
#275 = ORIENTED_EDGE ( 'NONE', *, *, #965, .T. ) ;
#276 = CARTESIAN_POINT ( 'NONE',  ( 7.000000000000000888, -3.629065036196706728, 0.000000000000000000 ) ) ;
#277 = STYLED_ITEM ( 'NONE', ( #1131 ), #17 ) ;
#278 = EDGE_CURVE ( 'NONE', #698, #961, #934, .T. ) ;
#279 = ORIENTED_EDGE ( 'NONE', *, *, #552, .T. ) ;
#280 = VECTOR ( 'NONE', #930, 1000.000000000000000 ) ;
#281 = ORIENTED_EDGE ( 'NONE', *, *, #965, .F. ) ;
#282 = FACE_OUTER_BOUND ( 'NONE', #397, .T. ) ;
#283 = EDGE_LOOP ( 'NONE', ( #941, #84, #807, #642 ) ) ;
#284 = VERTEX_POINT ( 'NONE', #27 ) ;
#285 = AXIS2_PLACEMENT_3D ( 'NONE', #92, #302, #198 ) ;
#286 = EDGE_CURVE ( 'NONE', #682, #1205, #1008, .T. ) ;
#287 = FILL_AREA_STYLE ('',( #1307 ) ) ;
#288 = DIRECTION ( 'NONE',  ( 0.000000000000000000, 0.000000000000000000, 1.000000000000000000 ) ) ;
#289 = ORIENTED_EDGE ( 'NONE', *, *, #931, .T. ) ;
#290 = CARTESIAN_POINT ( 'NONE',  ( 4.313047325569980828, -4.263895572766151939E-16, 4.000000000000003553 ) ) ;
#291 = ORIENTED_EDGE ( 'NONE', *, *, #760, .T. ) ;
#292 = SURFACE_STYLE_FILL_AREA ( #287 ) ;
#293 = EDGE_CURVE ( 'NONE', #857, #1219, #374, .T. ) ;
#294 = CIRCLE ( 'NONE', #1180, 3.073058506498572484 ) ;
#295 = DIRECTION ( 'NONE',  ( 0.000000000000000000, 0.000000000000000000, -1.000000000000000000 ) ) ;
#296 = ORIENTED_EDGE ( 'NONE', *, *, #470, .F. ) ;
#297 = PLANE ( 'NONE',  #458 ) ;
#298 = CYLINDRICAL_SURFACE ( 'NONE', #903, 2.000000000000001776 ) ;
#299 = ORIENTED_EDGE ( 'NONE', *, *, #450, .F. ) ;
#300 = VECTOR ( 'NONE', #461, 1000.000000000000000 ) ;
#301 = VERTEX_POINT ( 'NONE', #1239 ) ;
#302 = DIRECTION ( 'NONE',  ( 0.000000000000000000, 0.000000000000000000, 1.000000000000000000 ) ) ;
#303 = DIRECTION ( 'NONE',  ( 0.000000000000000000, -1.355514583008827634E-16, 1.000000000000000000 ) ) ;
#304 = FACE_OUTER_BOUND ( 'NONE', #331, .T. ) ;
#305 = EDGE_CURVE ( 'NONE', #1320, #439, #595, .T. ) ;
#306 = CARTESIAN_POINT ( 'NONE',  ( 5.500000000000004441, -3.629065036196706728, 0.000000000000000000 ) ) ;
#307 = CARTESIAN_POINT ( 'NONE',  ( 15.00000000000000178, -14.99999999999999822, 45.00000000000000000 ) ) ;
#308 = VECTOR ( 'NONE', #303, 1000.000000000000000 ) ;
#309 = EDGE_LOOP ( 'NONE', ( #675, #5, #365, #1167, #93 ) ) ;
#310 = AXIS2_PLACEMENT_3D ( 'NONE', #820, #498, #1318 ) ;
#311 = LINE ( 'NONE', #719, #1321 ) ;
#312 = CARTESIAN_POINT ( 'NONE',  ( 15.00000000000000000, 0.000000000000000000, 2.000000000000001776 ) ) ;
#313 = DIRECTION ( 'NONE',  ( -0.000000000000000000, 0.000000000000000000, -1.000000000000000000 ) ) ;
#314 = LINE ( 'NONE', #1141, #1143 ) ;
#315 = CARTESIAN_POINT ( 'NONE',  ( 4.313047325569980828, -1.235927179399125303E-15, 40.99999999999999289 ) ) ;
#316 = AXIS2_PLACEMENT_3D ( 'NONE', #318, #643, #1032 ) ;
#317 = ORIENTED_EDGE ( 'NONE', *, *, #126, .F. ) ;
#318 = CARTESIAN_POINT ( 'NONE',  ( 15.00000000000000000, 0.000000000000000000, 45.00000000000000000 ) ) ;
#319 = ORIENTED_EDGE ( 'NONE', *, *, #1323, .T. ) ;
#320 = EDGE_CURVE ( 'NONE', #818, #196, #21, .T. ) ;
#321 = CARTESIAN_POINT ( 'NONE',  ( 5.877164386150934838, -2.625067322570389106, 4.045429884583443325 ) ) ;
#322 = DIRECTION ( 'NONE',  ( -1.156482317317871725E-16, 1.000000000000000000, 0.000000000000000000 ) ) ;
#323 = FACE_OUTER_BOUND ( 'NONE', #871, .T. ) ;
#324 = VERTEX_POINT ( 'NONE', #837 ) ;
#325 = CARTESIAN_POINT ( 'NONE',  ( 15.00000000000000178, -14.99999999999999822, 45.00000000000000000 ) ) ;
#326 = CARTESIAN_POINT ( 'NONE',  ( 5.519105479657675950, -10.13373001141053642, 40.83610471979123702 ) ) ;
#327 = ORIENTED_EDGE ( 'NONE', *, *, #1305, .F. ) ;
#328 = CARTESIAN_POINT ( 'NONE',  ( 4.313047325569980828, -1.235927179399125303E-15, 40.99999999999999289 ) ) ;
#329 = VECTOR ( 'NONE', #744, 1000.000000000000000 ) ;
#330 = CARTESIAN_POINT ( 'NONE',  ( 6.313047325569980828, -1.004630715935550958E-15, 40.99999999999999289 ) ) ;
#331 = EDGE_LOOP ( 'NONE', ( #907, #576, #620, #529 ) ) ;
#332 = DIRECTION ( 'NONE',  ( 1.000000000000000000, 1.156482317317871725E-16, 2.530313365373622858E-33 ) ) ;
#333 = EDGE_CURVE ( 'NONE', #636, #1055, #1168, .T. ) ;
#334 = DIRECTION ( 'NONE',  ( -1.000000000000000000, -0.000000000000000000, -0.000000000000000000 ) ) ;
#335 = ORIENTED_EDGE ( 'NONE', *, *, #183, .F. ) ;
#336 = CARTESIAN_POINT ( 'NONE',  ( 15.00000000000000178, -14.99999999999999822, 43.00000000000000000 ) ) ;
#337 = PLANE ( 'NONE',  #954 ) ;
#338 = ORIENTED_EDGE ( 'NONE', *, *, #574, .T. ) ;
#339 = FACE_OUTER_BOUND ( 'NONE', #309, .T. ) ;
#340 = DIRECTION ( 'NONE',  ( -0.000000000000000000, 1.000000000000000000, 0.000000000000000000 ) ) ;
#341 = VERTEX_POINT ( 'NONE', #1153 ) ;
#342 = CARTESIAN_POINT ( 'NONE',  ( 6.313047325569980828, -4.962517706182947741, 4.000000000000003553 ) ) ;
#343 = EDGE_CURVE ( 'NONE', #818, #435, #1056, .T. ) ;
#344 = CYLINDRICAL_SURFACE ( 'NONE', #1068, 1.500000000000003109 ) ;
#345 = ORIENTED_EDGE ( 'NONE', *, *, #977, .F. ) ;
#346 = LINE ( 'NONE', #545, #184 ) ;
#347 = CARTESIAN_POINT ( 'NONE',  ( 6.313047325569980828, -4.962517706182947741, 40.99999999999999289 ) ) ;
#348 = AXIS2_PLACEMENT_3D ( 'NONE', #606, #503, #709 ) ;
#349 = CARTESIAN_POINT ( 'NONE',  ( 1.999999999999999556, 0.000000000000000000, 0.000000000000000000 ) ) ;
#350 = DIRECTION ( 'NONE',  ( 1.000000000000000000, 0.000000000000000000, 0.000000000000000000 ) ) ;
#351 = EDGE_CURVE ( 'NONE', #1130, #1109, #346, .T. ) ;
#352 = CARTESIAN_POINT ( 'NONE',  ( 5.500000000000004441, -3.629065036196706728, 0.000000000000000000 ) ) ;
#353 = CARTESIAN_POINT ( 'NONE',  ( 2.000000000000000000, -15.00000000000000000, 43.00000000000000000 ) ) ;
#354 = FACE_OUTER_BOUND ( 'NONE', #420, .T. ) ;
#355 = DIRECTION ( 'NONE',  ( -0.000000000000000000, -0.000000000000000000, 1.000000000000000000 ) ) ;
#356 = AXIS2_PLACEMENT_3D ( 'NONE', #582, #1111, #596 ) ;
#357 = DIRECTION ( 'NONE',  ( -0.000000000000000000, -0.000000000000000000, 1.000000000000000000 ) ) ;
#358 = EDGE_LOOP ( 'NONE', ( #660, #505, #829, #889, #875 ) ) ;
#359 = CARTESIAN_POINT ( 'NONE',  ( 8.500000000000001776, -10.40906503619670787, 45.00000000000000000 ) ) ;
#360 = LINE ( 'NONE', #978, #987 ) ;
#361 = AXIS2_PLACEMENT_3D ( 'NONE', #1270, #261, #655 ) ;
#362 = ADVANCED_FACE ( 'NONE', ( #339 ), #747, .F. ) ;
#363 = ORIENTED_EDGE ( 'NONE', *, *, #603, .T. ) ;
#364 = CARTESIAN_POINT ( 'NONE',  ( 15.00000000000000178, -7.436498017713874198, 16.10000000000000142 ) ) ;
#365 = ORIENTED_EDGE ( 'NONE', *, *, #803, .T. ) ;
#366 = AXIS2_PLACEMENT_3D ( 'NONE', #373, #1083, #156 ) ;
#367 = DIRECTION ( 'NONE',  ( -0.000000000000000000, 1.000000000000000000, -0.000000000000000000 ) ) ;
#368 = ADVANCED_FACE ( 'NONE', ( #34 ), #858, .T. ) ;
#369 = PRESENTATION_STYLE_ASSIGNMENT (( #683 ) ) ;
#370 = CARTESIAN_POINT ( 'NONE',  ( 5.648555048841226167, -2.963982850744250719, 40.88786451010581402 ) ) ;
#371 = ORIENTED_EDGE ( 'NONE', *, *, #286, .T. ) ;
#372 = FACE_OUTER_BOUND ( 'NONE', #1295, .T. ) ;
#373 = CARTESIAN_POINT ( 'NONE',  ( 0.000000000000000000, 0.000000000000000000, 0.000000000000000000 ) ) ;
#374 = CIRCLE ( 'NONE', #1177, 1.499999999999996225 ) ;
#375 = CARTESIAN_POINT ( 'NONE',  ( 6.077974832543901584, -11.60018139535219106, 4.011245557528888561 ) ) ;
#376 = ORIENTED_EDGE ( 'NONE', *, *, #959, .F. ) ;
#377 = EDGE_CURVE ( 'NONE', #1026, #495, #877, .T. ) ;
#378 = DIRECTION ( 'NONE',  ( 1.000000000000000000, 1.156482317317871725E-16, 0.000000000000000000 ) ) ;
#379 = ORIENTED_EDGE ( 'NONE', *, *, #203, .T. ) ;
#380 = ORIENTED_EDGE ( 'NONE', *, *, #487, .F. ) ;
#381 = CARTESIAN_POINT ( 'NONE',  ( 6.313047325569982604, -15.00000000000000000, 40.99999999999999289 ) ) ;
#382 = ORIENTED_EDGE ( 'NONE', *, *, #487, .T. ) ;
#383 = ADVANCED_FACE ( 'NONE', ( #469 ), #776, .T. ) ;
#384 =( GEOMETRIC_REPRESENTATION_CONTEXT ( 3 ) GLOBAL_UNCERTAINTY_ASSIGNED_CONTEXT ( ( #962 ) ) GLOBAL_UNIT_ASSIGNED_CONTEXT ( ( #1139, #622, #106 ) ) REPRESENTATION_CONTEXT ( 'NONE', 'WORKASPACE' ) );
#385 = AXIS2_PLACEMENT_3D ( 'NONE', #633, #1044, #116 ) ;
#386 = ORIENTED_EDGE ( 'NONE', *, *, #1138, .T. ) ;
#387 = AXIS2_PLACEMENT_3D ( 'NONE', #1127, #1120, #516 ) ;
#388 = DIRECTION ( 'NONE',  ( 1.156482317317871725E-16, -1.000000000000000000, -0.000000000000000000 ) ) ;
#389 = ORIENTED_EDGE ( 'NONE', *, *, #1033, .T. ) ;
#390 = ORIENTED_EDGE ( 'NONE', *, *, #1138, .F. ) ;
#391 = ORIENTED_EDGE ( 'NONE', *, *, #42, .T. ) ;
#392 = FACE_OUTER_BOUND ( 'NONE', #573, .T. ) ;
#393 = ORIENTED_EDGE ( 'NONE', *, *, #902, .T. ) ;
#394 = CARTESIAN_POINT ( 'NONE',  ( 15.00000000000000000, 0.000000000000000000, 45.00000000000000000 ) ) ;
#395 = ORIENTED_EDGE ( 'NONE', *, *, #1071, .F. ) ;
#396 = EDGE_CURVE ( 'NONE', #1205, #1320, #360, .T. ) ;
#397 = EDGE_LOOP ( 'NONE', ( #1098, #494, #597, #497 ) ) ;
#398 = FACE_OUTER_BOUND ( 'NONE', #784, .T. ) ;
#399 = VERTEX_POINT ( 'NONE', #1080 ) ;
#400 = CARTESIAN_POINT ( 'NONE',  ( 5.519425706300093992, -3.352617319141520724, 4.163764817608384128 ) ) ;
#401 = CARTESIAN_POINT ( 'NONE',  ( 4.313047325569980828, -7.436498017713874198, 16.10000000000000142 ) ) ;
#402 = CARTESIAN_POINT ( 'NONE',  ( 6.313047325569980828, -4.962517706182947741, 4.000000000000003553 ) ) ;
#403 = ORIENTED_EDGE ( 'NONE', *, *, #320, .T. ) ;
#404 = MECHANICAL_DESIGN_GEOMETRIC_PRESENTATION_REPRESENTATION (  '', ( #277 ), #384 ) ;
#405 = VECTOR ( 'NONE', #1272, 1000.000000000000000 ) ;
#406 = VERTEX_POINT ( 'NONE', #1280 ) ;
#407 = EDGE_CURVE ( 'NONE', #341, #992, #159, .T. ) ;
#408 = FACE_OUTER_BOUND ( 'NONE', #1100, .T. ) ;
#409 = DIRECTION ( 'NONE',  ( 1.000000000000000000, 0.000000000000000000, 0.000000000000000000 ) ) ;
#410 = FACE_OUTER_BOUND ( 'NONE', #79, .T. ) ;
#411 = EDGE_CURVE ( 'NONE', #406, #692, #465, .T. ) ;
#412 = CARTESIAN_POINT ( 'NONE',  ( 8.499999999999998224, -3.629065036196706728, 45.00000000000000000 ) ) ;
#413 = DIRECTION ( 'NONE',  ( 0.000000000000000000, 2.033271874513241574E-16, 1.000000000000000000 ) ) ;
#414 = VECTOR ( 'NONE', #515, 1000.000000000000000 ) ;
#415 = AXIS2_PLACEMENT_3D ( 'NONE', #684, #577, #986 ) ;
#416 = ADVANCED_FACE ( 'NONE', ( #372 ), #160, .F. ) ;
#417 = ORIENTED_EDGE ( 'NONE', *, *, #824, .F. ) ;
#418 = CARTESIAN_POINT ( 'NONE',  ( 6.999999999999999112, -10.40906503619670787, 0.000000000000000000 ) ) ;
#419 = AXIS2_PLACEMENT_3D ( 'NONE', #119, #111, #543 ) ;
#420 = EDGE_LOOP ( 'NONE', ( #519, #192, #1038, #1115, #44 ) ) ;
#421 = CARTESIAN_POINT ( 'NONE',  ( 5.500000000000004441, -3.629065036196706728, 4.172719494334957702 ) ) ;
#422 = CARTESIAN_POINT ( 'NONE',  ( 5.499999999999997335, -10.40906503619670787, 4.172719494334961254 ) ) ;
#423 = DIRECTION ( 'NONE',  ( -0.000000000000000000, -0.000000000000000000, 1.000000000000000000 ) ) ;
#424 = DIRECTION ( 'NONE',  ( 1.000000000000000000, 0.000000000000000000, -0.000000000000000000 ) ) ;
#425 = EDGE_CURVE ( 'NONE', #1130, #933, #1114, .T. ) ;
#426 = VECTOR ( 'NONE', #429, 1000.000000000000000 ) ;
#427 = ORIENTED_EDGE ( 'NONE', *, *, #835, .T. ) ;
#428 = LINE ( 'NONE', #104, #78 ) ;
#429 = DIRECTION ( 'NONE',  ( -0.000000000000000000, -0.000000000000000000, 1.000000000000000000 ) ) ;
#430 = DIRECTION ( 'NONE',  ( -1.000000000000000000, -0.000000000000000000, -0.000000000000000000 ) ) ;
#431 = DIRECTION ( 'NONE',  ( 0.000000000000000000, 0.000000000000000000, -1.000000000000000000 ) ) ;
#432 = VECTOR ( 'NONE', #1182, 1000.000000000000000 ) ;
#433 = LINE ( 'NONE', #834, #1235 ) ;
#434 = EDGE_CURVE ( 'NONE', #1200, #120, #674, .T. ) ;
#435 = VERTEX_POINT ( 'NONE', #1194 ) ;
#436 = DIRECTION ( 'NONE',  ( 0.000000000000000000, 0.000000000000000000, -1.000000000000000000 ) ) ;
#437 =( GEOMETRIC_REPRESENTATION_CONTEXT ( 3 ) GLOBAL_UNCERTAINTY_ASSIGNED_CONTEXT ( ( #1245 ) ) GLOBAL_UNIT_ASSIGNED_CONTEXT ( ( #61, #993, #980 ) ) REPRESENTATION_CONTEXT ( 'NONE', 'WORKASPACE' ) );
#438 = CARTESIAN_POINT ( 'NONE',  ( 5.791263208861260559, -9.510347539334429001, 40.93218108103245356 ) ) ;
#439 = VERTEX_POINT ( 'NONE', #40 ) ;
#440 = DIRECTION ( 'NONE',  ( 1.000000000000000000, 1.156482317317871725E-16, 2.530313365373622858E-33 ) ) ;
#441 = DIRECTION ( 'NONE',  ( 1.000000000000000000, -0.000000000000000000, -0.000000000000000000 ) ) ;
#442 = EDGE_LOOP ( 'NONE', ( #335, #651, #690, #601, #205, #1212, #590, #1238, #1304, #182 ) ) ;
#443 = DIRECTION ( 'NONE',  ( -1.000000000000000000, -0.000000000000000000, -0.000000000000000000 ) ) ;
#444 = CARTESIAN_POINT ( 'NONE',  ( 5.877164386150935727, -4.633062749823023019, 40.95457011541654424 ) ) ;
#445 = DIRECTION ( 'NONE',  ( -0.000000000000000000, -0.000000000000000000, 1.000000000000000000 ) ) ;
#446 = CARTESIAN_POINT ( 'NONE',  ( 4.313047325569981716, -10.50955652421244402, -1.424585712952553452E-15 ) ) ;
#447 = VERTEX_POINT ( 'NONE', #1178 ) ;
#448 = DIRECTION ( 'NONE',  ( 0.000000000000000000, 0.000000000000000000, -1.000000000000000000 ) ) ;
#449 = CARTESIAN_POINT ( 'NONE',  ( 5.593361812160630109, -4.167481778081628896, 40.86645323579619316 ) ) ;
#450 = EDGE_CURVE ( 'NONE', #1320, #896, #770, .T. ) ;
#451 = CARTESIAN_POINT ( 'NONE',  ( 7.000000000000000888, -3.629065036196706728, 0.000000000000000000 ) ) ;
#452 = DIRECTION ( 'NONE',  ( 1.000000000000000000, 1.156482317317871725E-16, -0.000000000000000000 ) ) ;
#453 = DIRECTION ( 'NONE',  ( 0.000000000000000000, 0.000000000000000000, -1.000000000000000000 ) ) ;
#454 = CARTESIAN_POINT ( 'NONE',  ( 8.499999999999996447, -3.629065036196706728, 0.000000000000000000 ) ) ;
#455 = CARTESIAN_POINT ( 'NONE',  ( 4.313047325569980828, -7.436498017713874198, 28.89752721011862491 ) ) ;
#456 = AXIS2_PLACEMENT_3D ( 'NONE', #1170, #848, #23 ) ;
#457 = CARTESIAN_POINT ( 'NONE',  ( 4.313047325569981716, -4.363439511215306155, 8.872058834293890069E-16 ) ) ;
#458 = AXIS2_PLACEMENT_3D ( 'NONE', #101, #1310, #1023 ) ;
#459 = DIRECTION ( 'NONE',  ( -1.000000000000000000, 0.000000000000000000, 0.000000000000000000 ) ) ;
#460 = CARTESIAN_POINT ( 'NONE',  ( 15.00000000000000178, -15.00000000000000000, 4.000000000000003553 ) ) ;
#461 = DIRECTION ( 'NONE',  ( -0.000000000000000000, 1.000000000000000000, 0.000000000000000000 ) ) ;
#462 = CARTESIAN_POINT ( 'NONE',  ( 7.000000000000000888, -3.629065036196706728, 0.000000000000000000 ) ) ;
#463 = VERTEX_POINT ( 'NONE', #983 ) ;
#464 = EDGE_CURVE ( 'NONE', #511, #961, #58, .T. ) ;
#465 = LINE ( 'NONE', #663, #256 ) ;
#466 = ORIENTED_EDGE ( 'NONE', *, *, #343, .F. ) ;
#467 = DIRECTION ( 'NONE',  ( 0.000000000000000000, 0.000000000000000000, 1.000000000000000000 ) ) ;
#468 = ORIENTED_EDGE ( 'NONE', *, *, #1025, .F. ) ;
#469 = FACE_OUTER_BOUND ( 'NONE', #172, .T. ) ;
#470 = EDGE_CURVE ( 'NONE', #867, #1300, #294, .T. ) ;
#471 = AXIS2_PLACEMENT_3D ( 'NONE', #1039, #332, #113 ) ;
#472 = ORIENTED_EDGE ( 'NONE', *, *, #803, .F. ) ;
#473 = CARTESIAN_POINT ( 'NONE',  ( 0.000000000000000000, -1.999999999999999556, 45.00000000000000000 ) ) ;
#474 = ORIENTED_EDGE ( 'NONE', *, *, #343, .T. ) ;
#475 = STYLED_ITEM ( 'NONE', ( #369 ), #893 ) ;
#476 = LINE ( 'NONE', #63, #1217 ) ;
#477 = AXIS2_PLACEMENT_3D ( 'NONE', #1070, #142, #453 ) ;
#478 = EDGE_CURVE ( 'NONE', #1200, #799, #476, .T. ) ;
#479 = EDGE_LOOP ( 'NONE', ( #901, #1282, #984, #482 ) ) ;
#480 = CIRCLE ( 'NONE', #1172, 1.500000000000003109 ) ;
#481 = CARTESIAN_POINT ( 'NONE',  ( 5.499999999999996447, -10.54639278179087647, 4.172719494334961254 ) ) ;
#482 = ORIENTED_EDGE ( 'NONE', *, *, #647, .F. ) ;
#483 = VECTOR ( 'NONE', #635, 1000.000000000000000 ) ;
#484 = CARTESIAN_POINT ( 'NONE',  ( 15.00000000000000178, -7.436498017713874198, 28.89752721011862491 ) ) ;
#485 = ORIENTED_EDGE ( 'NONE', *, *, #169, .T. ) ;
#486 = ORIENTED_EDGE ( 'NONE', *, *, #1294, .F. ) ;
#487 = EDGE_CURVE ( 'NONE', #439, #896, #646, .T. ) ;
#488 = VECTOR ( 'NONE', #637, 1000.000000000000000 ) ;
#489 = DIRECTION ( 'NONE',  ( 0.000000000000000000, 0.000000000000000000, 1.000000000000000000 ) ) ;
#490 = ORIENTED_EDGE ( 'NONE', *, *, #158, .F. ) ;
#491 = VERTEX_POINT ( 'NONE', #557 ) ;
#492 = EDGE_LOOP ( 'NONE', ( #88, #1287, #502, #1313, #956 ) ) ;
#493 = CARTESIAN_POINT ( 'NONE',  ( 5.500000000000005329, -3.491737290602532795, 40.82728050566503697 ) ) ;
#494 = ORIENTED_EDGE ( 'NONE', *, *, #135, .T. ) ;
#495 = VERTEX_POINT ( 'NONE', #862 ) ;
#496 = VECTOR ( 'NONE', #441, 1000.000000000000000 ) ;
#497 = ORIENTED_EDGE ( 'NONE', *, *, #989, .F. ) ;
#498 = DIRECTION ( 'NONE',  ( 0.000000000000000000, 0.000000000000000000, -1.000000000000000000 ) ) ;
#499 = ORIENTED_EDGE ( 'NONE', *, *, #512, .T. ) ;
#500 = CARTESIAN_POINT ( 'NONE',  ( 2.000000000000000444, -13.00000000000000000, 45.00000000000000000 ) ) ;
#501 = EDGE_CURVE ( 'NONE', #1219, #1311, #1276, .T. ) ;
#502 = ORIENTED_EDGE ( 'NONE', *, *, #377, .F. ) ;
#503 = DIRECTION ( 'NONE',  ( 0.000000000000000000, 0.000000000000000000, 1.000000000000000000 ) ) ;
#504 = CARTESIAN_POINT ( 'NONE',  ( 15.00000000000000178, -7.436498017713874198, 28.89752721011862491 ) ) ;
#505 = ORIENTED_EDGE ( 'NONE', *, *, #666, .F. ) ;
#506 = CARTESIAN_POINT ( 'NONE',  ( 6.999999999999999112, -10.40906503619670787, 4.000000000000003553 ) ) ;
#507 = CARTESIAN_POINT ( 'NONE',  ( 15.00000000000000000, 0.000000000000000000, 43.00000000000000000 ) ) ;
#508 = DIRECTION ( 'NONE',  ( 0.000000000000000000, 1.000000000000000000, -2.033271874513241574E-16 ) ) ;
#509 = ORIENTED_EDGE ( 'NONE', *, *, #158, .T. ) ;
#510 = ADVANCED_FACE ( 'NONE', ( #617 ), #592, .F. ) ;
#511 = VERTEX_POINT ( 'NONE', #174 ) ;
#512 = EDGE_CURVE ( 'NONE', #73, #1311, #798, .T. ) ;
#513 = CARTESIAN_POINT ( 'NONE',  ( 6.313047325569980828, 7.300927600412565310E-16, 6.000000000000003553 ) ) ;
#514 = APPLICATION_CONTEXT ( 'automotive_design' ) ;
#515 = DIRECTION ( 'NONE',  ( 0.000000000000000000, -1.000000000000000000, 0.000000000000000000 ) ) ;
#516 = DIRECTION ( 'NONE',  ( 0.000000000000000000, 0.000000000000000000, -1.000000000000000000 ) ) ;
#517 = B_SPLINE_CURVE_WITH_KNOTS ( 'NONE', 3,
 ( #347, #644, #951, #444, #1169, #853, #449, #748, #650, #553 ),
 .UNSPECIFIED., .F., .F.,
 ( 4, 2, 2, 2, 4 ),
 ( 0.000000000000000000, 0.0004111781349409207413, 0.0008223562698818414826, 0.001233534404822762224, 0.001644712539763681881 ),
 .UNSPECIFIED. ) ;
#518 = DIRECTION ( 'NONE',  ( 0.000000000000000000, 0.000000000000000000, -1.000000000000000000 ) ) ;
#519 = ORIENTED_EDGE ( 'NONE', *, *, #1042, .F. ) ;
#520 = DIRECTION ( 'NONE',  ( 1.000000000000000000, 0.000000000000000000, 0.000000000000000000 ) ) ;
#521 = AXIS2_PLACEMENT_3D ( 'NONE', #665, #340, #958 ) ;
#522 = AXIS2_PLACEMENT_3D ( 'NONE', #728, #806, #1234 ) ;
#523 = ORIENTED_EDGE ( 'NONE', *, *, #293, .F. ) ;
#524 = EDGE_CURVE ( 'NONE', #1119, #1026, #585, .T. ) ;
#525 = CARTESIAN_POINT ( 'NONE',  ( 6.313047325569981716, -9.075612366210460635, 4.000000000000003553 ) ) ;
#526 = DIRECTION ( 'NONE',  ( 0.000000000000000000, 1.000000000000000000, 0.000000000000000000 ) ) ;
#527 = LINE ( 'NONE', #707, #216 ) ;
#528 = AXIS2_PLACEMENT_3D ( 'NONE', #484, #430, #929 ) ;
#529 = ORIENTED_EDGE ( 'NONE', *, *, #1211, .F. ) ;
#530 = PLANE ( 'NONE',  #664 ) ;
#531 = VECTOR ( 'NONE', #99, 1000.000000000000000 ) ;
#532 = CARTESIAN_POINT ( 'NONE',  ( 6.313047325569980828, -1.950930938130408243E-16, 4.000000000000003553 ) ) ;
#533 = B_SPLINE_CURVE_WITH_KNOTS ( 'NONE', 3,
 ( #201, #1053, #737, #230, #207, #706, #714, #699, #215, #422 ),
 .UNSPECIFIED., .F., .F.,
 ( 4, 2, 2, 2, 4 ),
 ( 0.000000000000000000, 0.0004111781349409228013, 0.0008223562698818456026, 0.001233534404822768295, 0.001644712539763691205 ),
 .UNSPECIFIED. ) ;
#534 = CARTESIAN_POINT ( 'NONE',  ( 5.593361812160629221, -3.090648294311784117, 4.133546764203814838 ) ) ;
#535 = LINE ( 'NONE', #394, #280 ) ;
#536 = ADVANCED_FACE ( 'NONE', ( #687 ), #727, .T. ) ;
#537 = DIRECTION ( 'NONE',  ( 0.000000000000000000, 0.000000000000000000, -1.000000000000000000 ) ) ;
#538 = PLANE ( 'NONE',  #86 ) ;
#539 = ORIENTED_EDGE ( 'NONE', *, *, #501, .T. ) ;
#540 = DIRECTION ( 'NONE',  ( 1.000000000000000000, 0.000000000000000000, 0.000000000000000000 ) ) ;
#541 = CARTESIAN_POINT ( 'NONE',  ( 5.648555048841222614, -9.743982850744243862, 40.88786451010581402 ) ) ;
#542 = DIRECTION ( 'NONE',  ( -1.000000000000000000, -1.156482317317872218E-16, 0.000000000000000000 ) ) ;
#543 = DIRECTION ( 'NONE',  ( -1.000000000000000000, 0.000000000000000000, 0.000000000000000000 ) ) ;
#544 = EDGE_LOOP ( 'NONE', ( #150, #296, #700, #281, #797 ) ) ;
#545 = CARTESIAN_POINT ( 'NONE',  ( 4.313047325569980828, 4.987962965776820874E-16, 38.99999999999999289 ) ) ;
#546 = DIRECTION ( 'NONE',  ( -2.168404344971008868E-16, 1.000000000000000000, 0.000000000000000000 ) ) ;
#547 = DIRECTION ( 'NONE',  ( 0.000000000000000000, -0.000000000000000000, -1.000000000000000000 ) ) ;
#548 = DIRECTION ( 'NONE',  ( -1.314597309578855240E-32, 1.355514583008827634E-16, -1.000000000000000000 ) ) ;
#549 = ORIENTED_EDGE ( 'NONE', *, *, #1128, .T. ) ;
#550 = DIRECTION ( 'NONE',  ( -0.000000000000000000, -0.000000000000000000, 1.000000000000000000 ) ) ;
#551 = VECTOR ( 'NONE', #981, 1000.000000000000000 ) ;
#552 = EDGE_CURVE ( 'NONE', #752, #341, #272, .T. ) ;
#553 = CARTESIAN_POINT ( 'NONE',  ( 5.500000000000004441, -3.629065036196706728, 40.82728050566503697 ) ) ;
#554 = EDGE_LOOP ( 'NONE', ( #71, #1246, #382, #263 ) ) ;
#555 = CARTESIAN_POINT ( 'NONE',  ( 2.000000000000000444, -2.000000000000000888, 2.000000000000001776 ) ) ;
#556 = CARTESIAN_POINT ( 'NONE',  ( 4.313047325569980828, -4.263895572766151939E-16, 4.000000000000003553 ) ) ;
#557 = CARTESIAN_POINT ( 'NONE',  ( 4.313047325569986157, -10.50955652421244579, 16.10000000000000142 ) ) ;
#558 = VECTOR ( 'NONE', #143, 1000.000000000000000 ) ;
#559 = EDGE_CURVE ( 'NONE', #682, #1293, #1067, .T. ) ;
#560 = CARTESIAN_POINT ( 'NONE',  ( 4.313047325569982604, -15.00000000000000178, 4.000000000000003553 ) ) ;
#561 = DIRECTION ( 'NONE',  ( -0.000000000000000000, -0.000000000000000000, 1.000000000000000000 ) ) ;
#562 = CYLINDRICAL_SURFACE ( 'NONE', #656, 1.499999999999996225 ) ;
#563 = ORIENTED_EDGE ( 'NONE', *, *, #90, .F. ) ;
#564 = DIRECTION ( 'NONE',  ( 0.000000000000000000, -0.000000000000000000, 1.000000000000000000 ) ) ;
#565 = EDGE_CURVE ( 'NONE', #439, #1185, #6, .T. ) ;
#566 = LINE ( 'NONE', #971, #252 ) ;
#567 = DIRECTION ( 'NONE',  ( 1.000000000000000000, 0.000000000000000000, 0.000000000000000000 ) ) ;
#568 = DIRECTION ( 'NONE',  ( 1.000000000000000000, 1.156482317317871725E-16, -0.000000000000000000 ) ) ;
#569 = ORIENTED_EDGE ( 'NONE', *, *, #351, .T. ) ;
#570 = CIRCLE ( 'NONE', #734, 1.500000000000003109 ) ;
#571 = DIRECTION ( 'NONE',  ( 0.000000000000000000, 0.000000000000000000, -1.000000000000000000 ) ) ;
#572 = ORIENTED_EDGE ( 'NONE', *, *, #940, .T. ) ;
#573 = EDGE_LOOP ( 'NONE', ( #1020, #1019, #65, #836 ) ) ;
#574 = EDGE_CURVE ( 'NONE', #1300, #782, #115, .T. ) ;
#575 = DIRECTION ( 'NONE',  ( 1.000000000000000000, 0.000000000000000000, 0.000000000000000000 ) ) ;
#576 = ORIENTED_EDGE ( 'NONE', *, *, #788, .F. ) ;
#577 = DIRECTION ( 'NONE',  ( -0.000000000000000000, 0.000000000000000000, 1.000000000000000000 ) ) ;
#578 = DIRECTION ( 'NONE',  ( -1.000000000000000000, 0.000000000000000000, 0.000000000000000000 ) ) ;
#579 = EDGE_CURVE ( 'NONE', #324, #1122, #1171, .T. ) ;
#580 = ORIENTED_EDGE ( 'NONE', *, *, #868, .T. ) ;
#581 = PRODUCT_CONTEXT ( 'NONE', #239, 'mechanical' ) ;
#582 = CARTESIAN_POINT ( 'NONE',  ( 15.00000000000000178, -12.99999999999999822, 2.000000000000000000 ) ) ;
#583 = CIRCLE ( 'NONE', #348, 1.500000000000003109 ) ;
#584 = ORIENTED_EDGE ( 'NONE', *, *, #28, .T. ) ;
#585 = LINE ( 'NONE', #681, #140 ) ;
#586 = ADVANCED_FACE ( 'NONE', ( #786 ), #632, .T. ) ;
#587 = ORIENTED_EDGE ( 'NONE', *, *, #169, .F. ) ;
#588 = CIRCLE ( 'NONE', #777, 1.499999999999996225 ) ;
#589 = DIRECTION ( 'NONE',  ( 0.000000000000000000, 1.355514583008827634E-16, -1.000000000000000000 ) ) ;
#590 = ORIENTED_EDGE ( 'NONE', *, *, #351, .F. ) ;
#591 = AXIS2_PLACEMENT_3D ( 'NONE', #738, #1150, #641 ) ;
#592 = CYLINDRICAL_SURFACE ( 'NONE', #710, 1.499999999999996225 ) ;
#593 = EDGE_LOOP ( 'NONE', ( #170, #474, #289, #912 ) ) ;
#594 = ORIENTED_EDGE ( 'NONE', *, *, #1033, .F. ) ;
#595 = CIRCLE ( 'NONE', #1132, 2.000000000000001776 ) ;
#596 = DIRECTION ( 'NONE',  ( 0.000000000000000000, -1.000000000000000000, 0.000000000000000000 ) ) ;
#597 = ORIENTED_EDGE ( 'NONE', *, *, #470, .T. ) ;
#598 = ORIENTED_EDGE ( 'NONE', *, *, #1207, .T. ) ;
#599 = ORIENTED_EDGE ( 'NONE', *, *, #407, .T. ) ;
#600 = CARTESIAN_POINT ( 'NONE',  ( 6.191070184078824923, -2.358451134659250492, 40.99999999999998579 ) ) ;
#601 = ORIENTED_EDGE ( 'NONE', *, *, #407, .F. ) ;
#602 = DIRECTION ( 'NONE',  ( 1.000000000000000000, 1.156482317317871725E-16, 2.530313365373622858E-33 ) ) ;
#603 = EDGE_CURVE ( 'NONE', #692, #463, #173, .T. ) ;
#604 = AXIS2_PLACEMENT_3D ( 'NONE', #555, #945, #247 ) ;
#605 = VERTEX_POINT ( 'NONE', #525 ) ;
#606 = CARTESIAN_POINT ( 'NONE',  ( 6.999999999999999112, -10.40906503619670787, 40.99999999999999289 ) ) ;
#607 = CARTESIAN_POINT ( 'NONE',  ( 0.000000000000000000, -4.363439511215302602, 16.10000000000000142 ) ) ;
#608 = ORIENTED_EDGE ( 'NONE', *, *, #785, .T. ) ;
#609 = AXIS2_PLACEMENT_3D ( 'NONE', #364, #62, #467 ) ;
#610 = DIRECTION ( 'NONE',  ( -1.156482317317871725E-16, 1.000000000000000000, 0.000000000000000000 ) ) ;
#611 = EDGE_CURVE ( 'NONE', #605, #692, #928, .T. ) ;
#612 = CARTESIAN_POINT ( 'NONE',  ( 0.000000000000000000, -8.673617379884035472E-16, 2.000000000000001776 ) ) ;
#613 = EDGE_CURVE ( 'NONE', #1293, #1122, #199, .T. ) ;
#614 = ORIENTED_EDGE ( 'NONE', *, *, #293, .T. ) ;
#615 = ORIENTED_EDGE ( 'NONE', *, *, #947, .F. ) ;
#616 = DIRECTION ( 'NONE',  ( 0.000000000000000000, 0.000000000000000000, 1.000000000000000000 ) ) ;
#617 = FACE_OUTER_BOUND ( 'NONE', #180, .T. ) ;
#618 = CARTESIAN_POINT ( 'NONE',  ( 1.999999999999999556, -13.00000000000000000, 2.000000000000000000 ) ) ;
#619 = LINE ( 'NONE', #612, #48 ) ;
#620 = ORIENTED_EDGE ( 'NONE', *, *, #990, .T. ) ;
#621 = ADVANCED_FACE ( 'NONE', ( #1223 ), #913, .F. ) ;
#622 =( NAMED_UNIT ( * ) PLANE_ANGLE_UNIT ( ) SI_UNIT ( $, .RADIAN. ) );
#623 = CARTESIAN_POINT ( 'NONE',  ( 6.313047325569980828, -1.004630715935550958E-15, 40.99999999999999289 ) ) ;
#624 = FACE_OUTER_BOUND ( 'NONE', #1319, .T. ) ;
#625 = DIRECTION ( 'NONE',  ( 1.000000000000000000, 0.000000000000000000, 0.000000000000000000 ) ) ;
#626 = LINE ( 'NONE', #307, #483 ) ;
#627 = VERTEX_POINT ( 'NONE', #1316 ) ;
#628 = FACE_OUTER_BOUND ( 'NONE', #175, .T. ) ;
#629 = CLOSED_SHELL ( 'NONE', ( #621, #1281, #362, #733, #1267, #861, #1159, #1197, #53, #982, #1052, #750, #383, #586, #1095, #368, #852, #1237, #536, #229, #1089, #703, #416, #630, #724, #257, #886, #1010, #1084, #695, #1286, #270, #510, #766, #1000, #879, #810 ) ) ;
#630 = ADVANCED_FACE ( 'NONE', ( #813 ), #830, .F. ) ;
#631 = CARTESIAN_POINT ( 'NONE',  ( 6.313047325569982604, -15.00000000000000000, 6.000000000000003553 ) ) ;
#632 = CYLINDRICAL_SURFACE ( 'NONE', #1228, 2.000000000000000000 ) ;
#633 = CARTESIAN_POINT ( 'NONE',  ( 2.000000000000000000, -13.00000000000000000, 45.00000000000000000 ) ) ;
#634 = CARTESIAN_POINT ( 'NONE',  ( 5.499999999999997335, -10.40906503619670787, 4.172719494334961254 ) ) ;
#635 = DIRECTION ( 'NONE',  ( -0.000000000000000000, -0.000000000000000000, -1.000000000000000000 ) ) ;
#636 = VERTEX_POINT ( 'NONE', #259 ) ;
#637 = DIRECTION ( 'NONE',  ( -0.000000000000000000, -0.000000000000000000, -1.000000000000000000 ) ) ;
#638 = CARTESIAN_POINT ( 'NONE',  ( 15.00000000000000000, 0.000000000000000000, 45.00000000000000000 ) ) ;
#639 = CIRCLE ( 'NONE', #181, 1.500000000000002220 ) ;
#640 = CYLINDRICAL_SURFACE ( 'NONE', #755, 1.500000000000003109 ) ;
#641 = DIRECTION ( 'NONE',  ( -2.168404344971008868E-16, 1.000000000000000000, 0.000000000000000000 ) ) ;
#642 = ORIENTED_EDGE ( 'NONE', *, *, #1211, .T. ) ;
#643 = DIRECTION ( 'NONE',  ( -1.000000000000000000, -1.156482317317871725E-16, 0.000000000000000000 ) ) ;
#644 = CARTESIAN_POINT ( 'NONE',  ( 6.189211498225606789, -4.898721401522693419, 40.99999999999998579 ) ) ;
#645 = CYLINDRICAL_SURFACE ( 'NONE', #970, 1.499999999999996225 ) ;
#646 = CIRCLE ( 'NONE', #477, 2.000000000000001776 ) ;
#647 = EDGE_CURVE ( 'NONE', #273, #698, #998, .T. ) ;
#648 = ORIENTED_EDGE ( 'NONE', *, *, #1207, .F. ) ;
#649 = CARTESIAN_POINT ( 'NONE',  ( 15.00000000000000178, -12.99999999999999289, 45.00000000000000000 ) ) ;
#650 = CARTESIAN_POINT ( 'NONE',  ( 5.500000000000003553, -3.766312949941645449, 40.82728050566502276 ) ) ;
#651 = ORIENTED_EDGE ( 'NONE', *, *, #1164, .F. ) ;
#652 = CARTESIAN_POINT ( 'NONE',  ( 0.000000000000000000, -10.50955652421244757, 16.10000000000000142 ) ) ;
#653 = CARTESIAN_POINT ( 'NONE',  ( 15.00000000000000178, -14.99999999999999822, 43.00000000000000000 ) ) ;
#654 = EDGE_CURVE ( 'NONE', #782, #447, #246, .T. ) ;
#655 = DIRECTION ( 'NONE',  ( 0.000000000000000000, 0.000000000000000000, -1.000000000000000000 ) ) ;
#656 = AXIS2_PLACEMENT_3D ( 'NONE', #462, #355, #1279 ) ;
#657 = EDGE_CURVE ( 'NONE', #123, #627, #751, .T. ) ;
#658 = DIRECTION ( 'NONE',  ( -1.000000000000000000, 0.000000000000000000, 0.000000000000000000 ) ) ;
#659 = CIRCLE ( 'NONE', #356, 2.000000000000000000 ) ;
#660 = ORIENTED_EDGE ( 'NONE', *, *, #1147, .F. ) ;
#661 = CARTESIAN_POINT ( 'NONE',  ( 6.999999999999999112, -10.40906503619670787, 0.000000000000000000 ) ) ;
#662 = DIRECTION ( 'NONE',  ( 1.156482317317871725E-16, -1.000000000000000000, -0.000000000000000000 ) ) ;
#663 = CARTESIAN_POINT ( 'NONE',  ( 8.500000000000001776, -10.40906503619670787, 0.000000000000000000 ) ) ;
#664 = AXIS2_PLACEMENT_3D ( 'NONE', #851, #1063, #1247 ) ;
#665 = CARTESIAN_POINT ( 'NONE',  ( 1.999999999999999556, -13.00000000000000000, 43.00000000000000000 ) ) ;
#666 = EDGE_CURVE ( 'NONE', #1009, #491, #769, .T. ) ;
#667 = LINE ( 'NONE', #336, #925 ) ;
#668 = CARTESIAN_POINT ( 'NONE',  ( 6.999999999999999112, -10.40906503619670787, 0.000000000000000000 ) ) ;
#669 = DIRECTION ( 'NONE',  ( 1.156482317317871725E-16, -1.000000000000000000, 0.000000000000000000 ) ) ;
#670 = EDGE_CURVE ( 'NONE', #1230, #818, #672, .T. ) ;
#671 = ORIENTED_EDGE ( 'NONE', *, *, #35, .T. ) ;
#672 = LINE ( 'NONE', #457, #551 ) ;
#673 = AXIS2_PLACEMENT_3D ( 'NONE', #110, #1317, #922 ) ;
#674 = LINE ( 'NONE', #677, #432 ) ;
#675 = ORIENTED_EDGE ( 'NONE', *, *, #760, .F. ) ;
#676 = CARTESIAN_POINT ( 'NONE',  ( 5.648555048841220838, -11.07414722164916476, 4.112135489894180651 ) ) ;
#677 = CARTESIAN_POINT ( 'NONE',  ( 1.503427012513233341E-15, -13.00000000000000000, 0.000000000000000000 ) ) ;
#678 = CARTESIAN_POINT ( 'NONE',  ( 0.000000000000000000, -10.50955652421244757, 28.89752721011862491 ) ) ;
#679 = ORIENTED_EDGE ( 'NONE', *, *, #1323, .F. ) ;
#680 = EDGE_CURVE ( 'NONE', #1289, #896, #57, .T. ) ;
#681 = CARTESIAN_POINT ( 'NONE',  ( 8.499999999999996447, -3.629065036196706728, 0.000000000000000000 ) ) ;
#682 = VERTEX_POINT ( 'NONE', #254 ) ;
#683 = SURFACE_STYLE_USAGE ( .BOTH. , #985 ) ;
#684 = CARTESIAN_POINT ( 'NONE',  ( 1.999999999999999112, -1.999999999999999556, 45.00000000000000000 ) ) ;
#685 = VECTOR ( 'NONE', #132, 1000.000000000000000 ) ;
#686 = ORIENTED_EDGE ( 'NONE', *, *, #579, .T. ) ;
#687 = FACE_OUTER_BOUND ( 'NONE', #1050, .T. ) ;
#688 = EDGE_LOOP ( 'NONE', ( #85, #802, #1189, #91 ) ) ;
#689 = VECTOR ( 'NONE', #1034, 1000.000000000000000 ) ;
#690 = ORIENTED_EDGE ( 'NONE', *, *, #177, .F. ) ;
#691 = CARTESIAN_POINT ( 'NONE',  ( 5.500000000000004441, -3.629065036196706728, 40.82728050566503697 ) ) ;
#692 = VERTEX_POINT ( 'NONE', #152 ) ;
#693 = CIRCLE ( 'NONE', #8, 2.000000000000000000 ) ;
#694 = ORIENTED_EDGE ( 'NONE', *, *, #177, .T. ) ;
#695 = ADVANCED_FACE ( 'NONE', ( #1158 ), #344, .F. ) ;
#696 = SURFACE_SIDE_STYLE ('',( #292 ) ) ;
#697 = DIRECTION ( 'NONE',  ( 1.000000000000000000, 0.000000000000000000, 0.000000000000000000 ) ) ;
#698 = VERTEX_POINT ( 'NONE', #653 ) ;
#699 = CARTESIAN_POINT ( 'NONE',  ( 5.519425706300085999, -10.13261731914152008, 4.163764817608387681 ) ) ;
#700 = ORIENTED_EDGE ( 'NONE', *, *, #931, .F. ) ;
#701 = AXIS2_PLACEMENT_3D ( 'NONE', #1076, #564, #575 ) ;
#702 = CARTESIAN_POINT ( 'NONE',  ( 6.313047325569981716, -9.075612366210460635, 40.99999999999999289 ) ) ;
#703 = ADVANCED_FACE ( 'NONE', ( #758 ), #157, .F. ) ;
#704 = DIRECTION ( 'NONE',  ( -0.000000000000000000, 1.000000000000000000, -0.000000000000000000 ) ) ;
#705 = VERTEX_POINT ( 'NONE', #359 ) ;
#706 = CARTESIAN_POINT ( 'NONE',  ( 5.648840489056710545, -9.743617088829861217, 4.112059223142735753 ) ) ;
#707 = CARTESIAN_POINT ( 'NONE',  ( 15.00000000000000178, -10.50955652421244579, 16.10000000000000142 ) ) ;
#708 = ORIENTED_EDGE ( 'NONE', *, *, #657, .F. ) ;
#709 = DIRECTION ( 'NONE',  ( 1.000000000000000000, 0.000000000000000000, 0.000000000000000000 ) ) ;
#710 = AXIS2_PLACEMENT_3D ( 'NONE', #276, #821, #409 ) ;
#711 = CYLINDRICAL_SURFACE ( 'NONE', #117, 2.000000000000000000 ) ;
#712 = CARTESIAN_POINT ( 'NONE',  ( 2.000000000000000444, -13.00000000000000000, 2.000000000000000000 ) ) ;
#713 = AXIS2_PLACEMENT_3D ( 'NONE', #51, #32, #856 ) ;
#714 = CARTESIAN_POINT ( 'NONE',  ( 5.593361812160623003, -9.870648294311783033, 4.133546764203817503 ) ) ;
#715 = SPHERICAL_SURFACE ( 'NONE', #1082, 2.000000000000000000 ) ;
#716 = DIRECTION ( 'NONE',  ( -0.000000000000000000, -2.033271874513241328E-16, -1.000000000000000000 ) ) ;
#717 = EDGE_CURVE ( 'NONE', #752, #1109, #69, .T. ) ;
#718 = EDGE_LOOP ( 'NONE', ( #380, #1209, #1251 ) ) ;
#719 = CARTESIAN_POINT ( 'NONE',  ( 1.734723475976807489E-15, -15.00000000000000000, 2.000000000000000000 ) ) ;
#720 = CARTESIAN_POINT ( 'NONE',  ( 6.313047325569980828, -2.295612366210465272, 4.000000000000003553 ) ) ;
#721 = SPHERICAL_SURFACE ( 'NONE', #238, 2.000000000000000000 ) ;
#722 = VECTOR ( 'NONE', #221, 1000.000000000000000 ) ;
#723 = DIRECTION ( 'NONE',  ( 0.000000000000000000, 0.000000000000000000, 1.000000000000000000 ) ) ;
#724 = ADVANCED_FACE ( 'NONE', ( #975, #134, #849 ), #337, .F. ) ;
#725 = VERTEX_POINT ( 'NONE', #1074 ) ;
#726 = CARTESIAN_POINT ( 'NONE',  ( 1.999999999999999556, -1.999999999999999556, 43.00000000000000000 ) ) ;
#727 = CYLINDRICAL_SURFACE ( 'NONE', #759, 2.000000000000001776 ) ;
#728 = CARTESIAN_POINT ( 'NONE',  ( 2.000000000000000444, -13.00000000000000000, 43.00000000000000000 ) ) ;
#729 = CARTESIAN_POINT ( 'NONE',  ( 5.499999999999997335, -10.40906503619670787, 0.000000000000000000 ) ) ;
#730 = ORIENTED_EDGE ( 'NONE', *, *, #1193, .F. ) ;
#731 = CARTESIAN_POINT ( 'NONE',  ( 5.499999999999997335, -10.40906503619670787, 0.000000000000000000 ) ) ;
#732 = DIRECTION ( 'NONE',  ( -1.000000000000000000, 0.000000000000000000, 0.000000000000000000 ) ) ;
#733 = ADVANCED_FACE ( 'NONE', ( #146 ), #562, .F. ) ;
#734 = AXIS2_PLACEMENT_3D ( 'NONE', #217, #1225, #625 ) ;
#735 = ORIENTED_EDGE ( 'NONE', *, *, #464, .T. ) ;
#736 = DIRECTION ( 'NONE',  ( 1.000000000000000000, 1.156482317317871725E-16, -0.000000000000000000 ) ) ;
#737 = CARTESIAN_POINT ( 'NONE',  ( 6.077634803431418931, -9.218261245115364488, 4.011302130192611948 ) ) ;
#738 = CARTESIAN_POINT ( 'NONE',  ( 1.999999999999999556, -13.00000000000000000, 43.00000000000000000 ) ) ;
#739 = VERTEX_POINT ( 'NONE', #967 ) ;
#740 = CARTESIAN_POINT ( 'NONE',  ( 1.999999999999999556, -1.999999999999999556, 2.000000000000001776 ) ) ;
#741 = CARTESIAN_POINT ( 'NONE',  ( 6.999999999999999112, -10.40906503619670787, 45.00000000000000000 ) ) ;
#742 = EDGE_CURVE ( 'NONE', #627, #883, #43, .T. ) ;
#743 = LINE ( 'NONE', #141, #405 ) ;
#744 = DIRECTION ( 'NONE',  ( -0.000000000000000000, -0.000000000000000000, 1.000000000000000000 ) ) ;
#745 = CARTESIAN_POINT ( 'NONE',  ( 0.000000000000000000, 0.000000000000000000, 45.00000000000000000 ) ) ;
#746 = ORIENTED_EDGE ( 'NONE', *, *, #940, .F. ) ;
#747 = CYLINDRICAL_SURFACE ( 'NONE', #944, 1.500000000000003109 ) ;
#748 = CARTESIAN_POINT ( 'NONE',  ( 5.519425706300091328, -3.905512753251892732, 40.83623518239161143 ) ) ;
#749 = DIRECTION ( 'NONE',  ( 1.000000000000000000, 0.000000000000000000, 0.000000000000000000 ) ) ;
#750 = ADVANCED_FACE ( 'NONE', ( #82 ), #66, .T. ) ;
#751 = LINE ( 'NONE', #556, #1123 ) ;
#752 = VERTEX_POINT ( 'NONE', #381 ) ;
#753 = CARTESIAN_POINT ( 'NONE',  ( 1.503427012513233341E-15, -13.00000000000000000, 43.00000000000000000 ) ) ;
#754 = PRESENTATION_LAYER_ASSIGNMENT (  '', '', ( #277 ) ) ;
#755 = AXIS2_PLACEMENT_3D ( 'NONE', #661, #445, #567 ) ;
#756 = CARTESIAN_POINT ( 'NONE',  ( 4.313047325569982604, -15.00000000000000000, 40.99999999999999289 ) ) ;
#757 = CARTESIAN_POINT ( 'NONE',  ( 5.500000000000004441, -3.629065036196706728, 0.000000000000000000 ) ) ;
#758 = FACE_OUTER_BOUND ( 'NONE', #1013, .T. ) ;
#759 = AXIS2_PLACEMENT_3D ( 'NONE', #1242, #936, #1140 ) ;
#760 = EDGE_CURVE ( 'NONE', #636, #406, #480, .T. ) ;
#761 = CARTESIAN_POINT ( 'NONE',  ( 0.000000000000000000, -7.436498017713874198, 16.10000000000000142 ) ) ;
#762 = CARTESIAN_POINT ( 'NONE',  ( 15.00000000000000178, -15.00000000000000000, 4.000000000000003553 ) ) ;
#763 = AXIS2_PLACEMENT_3D ( 'NONE', #1222, #1231, #1118 ) ;
#764 = LINE ( 'NONE', #328, #260 ) ;
#765 = DIRECTION ( 'NONE',  ( -1.000000000000000000, 0.000000000000000000, 0.000000000000000000 ) ) ;
#766 = ADVANCED_FACE ( 'NONE', ( #282 ), #1191, .F. ) ;
#767 = AXIS2_PLACEMENT_3D ( 'NONE', #740, #1048, #436 ) ;
#768 = ORIENTED_EDGE ( 'NONE', *, *, #278, .F. ) ;
#769 = LINE ( 'NONE', #446, #4 ) ;
#770 = CIRCLE ( 'NONE', #701, 1.999999999999999556 ) ;
#771 = CARTESIAN_POINT ( 'NONE',  ( 6.313047325569980828, 0.000000000000000000, 38.99999999999999289 ) ) ;
#772 = EDGE_CURVE ( 'NONE', #1119, #284, #588, .T. ) ;
#773 = ORIENTED_EDGE ( 'NONE', *, *, #565, .T. ) ;
#774 = PRODUCT_RELATED_PRODUCT_CATEGORY ( 'part', '', ( #1187 ) ) ;
#775 = DIRECTION ( 'NONE',  ( 0.000000000000000000, 0.000000000000000000, -1.000000000000000000 ) ) ;
#776 = SPHERICAL_SURFACE ( 'NONE', #361, 2.000000000000000000 ) ;
#777 = AXIS2_PLACEMENT_3D ( 'NONE', #268, #489, #75 ) ;
#778 = EDGE_CURVE ( 'NONE', #1214, #439, #1099, .T. ) ;
#779 = CARTESIAN_POINT ( 'NONE',  ( 5.791263208861264111, -2.730347539334437190, 40.93218108103245356 ) ) ;
#780 = ORIENTED_EDGE ( 'NONE', *, *, #868, .F. ) ;
#781 = CARTESIAN_POINT ( 'NONE',  ( 5.499999999999997335, -10.40906503619670787, 40.82728050566503697 ) ) ;
#782 = VERTEX_POINT ( 'NONE', #678 ) ;
#783 = FACE_OUTER_BOUND ( 'NONE', #805, .T. ) ;
#784 = EDGE_LOOP ( 'NONE', ( #30, #891, #427, #909, #671, #1192, #472, #395, #730, #898 ) ) ;
#785 = EDGE_CURVE ( 'NONE', #801, #1200, #659, .T. ) ;
#786 = FACE_OUTER_BOUND ( 'NONE', #1306, .T. ) ;
#787 = VERTEX_POINT ( 'NONE', #876 ) ;
#788 = EDGE_CURVE ( 'NONE', #55, #324, #185, .T. ) ;
#789 = ORIENTED_EDGE ( 'NONE', *, *, #611, .F. ) ;
#790 = EDGE_CURVE ( 'NONE', #1298, #284, #996, .T. ) ;
#791 = APPLICATION_PROTOCOL_DEFINITION ( 'draft international standard', 'automotive_design', 1998, #239 ) ;
#792 = CARTESIAN_POINT ( 'NONE',  ( 6.191070184078823146, -11.67967893773417032, 4.000000000000003553 ) ) ;
#793 = CIRCLE ( 'NONE', #1165, 1.499999999999996225 ) ;
#794 = ORIENTED_EDGE ( 'NONE', *, *, #278, .T. ) ;
#795 = MECHANICAL_DESIGN_GEOMETRIC_PRESENTATION_REPRESENTATION (  '', ( #475 ), #816 ) ;
#796 = AXIS2_PLACEMENT_3D ( 'NONE', #315, #723, #424 ) ;
#797 = ORIENTED_EDGE ( 'NONE', *, *, #654, .F. ) ;
#798 = B_SPLINE_CURVE_WITH_KNOTS ( 'NONE', 3,
 ( #720, #1043, #1133, #321, #997, #206, #534, #400, #1232, #421 ),
 .UNSPECIFIED., .F., .F.,
 ( 4, 2, 2, 2, 4 ),
 ( 0.000000000000000000, 0.0004111781349409199282, 0.0008223562698818398563, 0.001233534404822759839, 0.001644712539763679713 ),
 .UNSPECIFIED. ) ;
#799 = VERTEX_POINT ( 'NONE', #1015 ) ;
#800 = DIRECTION ( 'NONE',  ( -0.000000000000000000, -0.000000000000000000, -1.000000000000000000 ) ) ;
#801 = VERTEX_POINT ( 'NONE', #1107 ) ;
#802 = ORIENTED_EDGE ( 'NONE', *, *, #1305, .T. ) ;
#803 = EDGE_CURVE ( 'NONE', #1055, #463, #1233, .T. ) ;
#804 = CARTESIAN_POINT ( 'NONE',  ( 2.000000000000000444, -13.00000000000000000, 2.000000000000000000 ) ) ;
#805 = EDGE_LOOP ( 'NONE', ( #33, #80, #338, #1309 ) ) ;
#806 = DIRECTION ( 'NONE',  ( 0.000000000000000000, -1.000000000000000000, 0.000000000000000000 ) ) ;
#807 = ORIENTED_EDGE ( 'NONE', *, *, #613, .T. ) ;
#808 = AXIS2_PLACEMENT_3D ( 'NONE', #1086, #571, #459 ) ;
#809 = ORIENTED_EDGE ( 'NONE', *, *, #203, .F. ) ;
#810 = ADVANCED_FACE ( 'NONE', ( #783 ), #1195, .F. ) ;
#811 = CYLINDRICAL_SURFACE ( 'NONE', #763, 2.000000000000000000 ) ;
#812 = ORIENTED_EDGE ( 'NONE', *, *, #250, .T. ) ;
#813 = FACE_OUTER_BOUND ( 'NONE', #103, .T. ) ;
#814 = LINE ( 'NONE', #290, #1014 ) ;
#815 = CARTESIAN_POINT ( 'NONE',  ( 8.673617379884035472E-16, -1.999999999999999556, 43.00000000000000000 ) ) ;
#816 =( GEOMETRIC_REPRESENTATION_CONTEXT ( 3 ) GLOBAL_UNCERTAINTY_ASSIGNED_CONTEXT ( ( #1151 ) ) GLOBAL_UNIT_ASSIGNED_CONTEXT ( ( #81, #74, #894 ) ) REPRESENTATION_CONTEXT ( 'NONE', 'WORKASPACE' ) );
#817 = ORIENTED_EDGE ( 'NONE', *, *, #1071, .T. ) ;
#818 = VERTEX_POINT ( 'NONE', #1299 ) ;
#819 = AXIS2_PLACEMENT_3D ( 'NONE', #506, #313, #167 ) ;
#820 = CARTESIAN_POINT ( 'NONE',  ( 4.313047325569982604, -15.00000000000000178, 4.000000000000003553 ) ) ;
#821 = DIRECTION ( 'NONE',  ( -0.000000000000000000, -0.000000000000000000, 1.000000000000000000 ) ) ;
#822 = AXIS2_PLACEMENT_3D ( 'NONE', #39, #568, #1079 ) ;
#823 = LINE ( 'NONE', #1224, #1097 ) ;
#824 = EDGE_CURVE ( 'NONE', #1219, #857, #1277, .T. ) ;
#825 = DIRECTION ( 'NONE',  ( -0.000000000000000000, -0.000000000000000000, -1.000000000000000000 ) ) ;
#826 = AXIS2_PLACEMENT_3D ( 'NONE', #804, #1213, #616 ) ;
#827 = ORIENTED_EDGE ( 'NONE', *, *, #742, .F. ) ;
#828 = FACE_BOUND ( 'NONE', #164, .T. ) ;
#829 = ORIENTED_EDGE ( 'NONE', *, *, #1220, .F. ) ;
#830 = PLANE ( 'NONE',  #1290 ) ;
#831 = CARTESIAN_POINT ( 'NONE',  ( 4.313047325569980828, -1.192168389014124730E-15, 38.99999999999999289 ) ) ;
#832 = VECTOR ( 'NONE', #148, 1000.000000000000000 ) ;
#833 = FACE_OUTER_BOUND ( 'NONE', #718, .T. ) ;
#834 = CARTESIAN_POINT ( 'NONE',  ( 0.000000000000000000, -4.363439511215302602, 16.10000000000000142 ) ) ;
#835 = EDGE_CURVE ( 'NONE', #123, #399, #693, .T. ) ;
#836 = ORIENTED_EDGE ( 'NONE', *, *, #654, .T. ) ;
#837 = CARTESIAN_POINT ( 'NONE',  ( 2.000000000000000888, -15.00000000000000000, 2.000000000000000000 ) ) ;
#838 = CARTESIAN_POINT ( 'NONE',  ( 5.499999999999997335, -10.40906503619670787, 40.82728050566503697 ) ) ;
#839 = DIRECTION ( 'NONE',  ( -1.156482317317872218E-16, 1.000000000000000000, 0.000000000000000000 ) ) ;
#840 = DIRECTION ( 'NONE',  ( 0.000000000000000000, -2.187939519250028038E-17, 1.000000000000000000 ) ) ;
#841 = DIRECTION ( 'NONE',  ( 0.000000000000000000, -1.000000000000000000, 0.000000000000000000 ) ) ;
#842 = ORIENTED_EDGE ( 'NONE', *, *, #742, .T. ) ;
#843 = DIRECTION ( 'NONE',  ( 0.000000000000000000, 0.000000000000000000, 1.000000000000000000 ) ) ;
#844 = EDGE_CURVE ( 'NONE', #123, #73, #1314, .T. ) ;
#845 = CARTESIAN_POINT ( 'NONE',  ( 5.876874405221936826, -9.405333254880265059, 40.95452206254652339 ) ) ;
#846 = AXIS2_PLACEMENT_3D ( 'NONE', #89, #1113, #610 ) ;
#847 = ORIENTED_EDGE ( 'NONE', *, *, #265, .F. ) ;
#848 = DIRECTION ( 'NONE',  ( 1.000000000000000000, 1.156482317317871725E-16, -0.000000000000000000 ) ) ;
#849 = FACE_OUTER_BOUND ( 'NONE', #161, .T. ) ;
#850 = ORIENTED_EDGE ( 'NONE', *, *, #241, .T. ) ;
#851 = CARTESIAN_POINT ( 'NONE',  ( 0.000000000000000000, 0.000000000000000000, 0.000000000000000000 ) ) ;
#852 = ADVANCED_FACE ( 'NONE', ( #398 ), #711, .F. ) ;
#853 = CARTESIAN_POINT ( 'NONE',  ( 5.648840489056717651, -4.294512983563551600, 40.88794077685728467 ) ) ;
#854 = DIRECTION ( 'NONE',  ( -0.000000000000000000, -0.000000000000000000, 1.000000000000000000 ) ) ;
#855 = PRODUCT_DEFINITION ( 'Î´Öª', '', #1166, #128 ) ;
#856 = DIRECTION ( 'NONE',  ( -1.000000000000000000, -1.156482317317871725E-16, 0.000000000000000000 ) ) ;
#857 = VERTEX_POINT ( 'NONE', #1308 ) ;
#858 = CYLINDRICAL_SURFACE ( 'NONE', #1283, 2.000000000000000000 ) ;
#859 = CARTESIAN_POINT ( 'NONE',  ( 8.500000000000001776, -10.40906503619670787, 40.99999999999999289 ) ) ;
#860 = LINE ( 'NONE', #1266, #108 ) ;
#861 = ADVANCED_FACE ( 'NONE', ( #408 ), #811, .T. ) ;
#862 = CARTESIAN_POINT ( 'NONE',  ( 5.500000000000004441, -3.629065036196706728, 45.00000000000000000 ) ) ;
#863 = AXIS2_PLACEMENT_3D ( 'NONE', #235, #244, #732 ) ;
#864 = AXIS2_PLACEMENT_3D ( 'NONE', #1051, #124, #1181 ) ;
#865 = CARTESIAN_POINT ( 'NONE',  ( 1.999999999999999556, -13.00000000000000000, 2.000000000000000000 ) ) ;
#866 = CARTESIAN_POINT ( 'NONE',  ( 5.500000000000004441, -3.629065036196706728, 4.172719494334957702 ) ) ;
#867 = VERTEX_POINT ( 'NONE', #607 ) ;
#868 = EDGE_CURVE ( 'NONE', #120, #1122, #176, .T. ) ;
#869 = DIRECTION ( 'NONE',  ( -1.000000000000000000, -1.156482317317871725E-16, 0.000000000000000000 ) ) ;
#870 = AXIS2_PLACEMENT_3D ( 'NONE', #504, #87, #1027 ) ;
#871 = EDGE_LOOP ( 'NONE', ( #1069, #279, #389, #391, #1108, #1210, #1218, #812, #1031, #735 ) ) ;
#872 = DIRECTION ( 'NONE',  ( -0.000000000000000000, -0.000000000000000000, 1.000000000000000000 ) ) ;
#873 = ORIENTED_EDGE ( 'NONE', *, *, #785, .F. ) ;
#874 = CARTESIAN_POINT ( 'NONE',  ( 15.00000000000000000, 0.000000000000000000, 45.00000000000000000 ) ) ;
#875 = ORIENTED_EDGE ( 'NONE', *, *, #670, .F. ) ;
#876 = CARTESIAN_POINT ( 'NONE',  ( 6.313047325569980828, -4.962517706182947741, 40.99999999999999289 ) ) ;
#877 = CIRCLE ( 'NONE', #808, 1.499999999999996891 ) ;
#878 = CARTESIAN_POINT ( 'NONE',  ( 5.593361812160622115, -10.94748177808163270, 40.86645323579618605 ) ) ;
#879 = ADVANCED_FACE ( 'NONE', ( #392 ), #1021, .F. ) ;
#880 = VECTOR ( 'NONE', #547, 1000.000000000000000 ) ;
#881 = ORIENTED_EDGE ( 'NONE', *, *, #149, .F. ) ;
#882 = DIRECTION ( 'NONE',  ( -1.000000000000000000, -0.000000000000000000, -0.000000000000000000 ) ) ;
#883 = VERTEX_POINT ( 'NONE', #312 ) ;
#884 = CARTESIAN_POINT ( 'NONE',  ( 6.077634803431421595, -11.59986882727805302, 40.98869786980738184 ) ) ;
#885 = AXIS2_PLACEMENT_3D ( 'NONE', #1262, #662, #231 ) ;
#886 = ADVANCED_FACE ( 'NONE', ( #920 ), #1324, .F. ) ;
#887 = VECTOR ( 'NONE', #775, 1000.000000000000000 ) ;
#888 = CARTESIAN_POINT ( 'NONE',  ( 5.876874405221936826, -11.41279681751315067, 4.045477937453471284 ) ) ;
#889 = ORIENTED_EDGE ( 'NONE', *, *, #320, .F. ) ;
#890 = DIRECTION ( 'NONE',  ( -1.000000000000000000, 0.000000000000000000, 0.000000000000000000 ) ) ;
#891 = ORIENTED_EDGE ( 'NONE', *, *, #844, .F. ) ;
#892 = CIRCLE ( 'NONE', #204, 1.500000000000003109 ) ;
#893 = ADVANCED_BREP_SHAPE_REPRESENTATION ( 'jiaqiang', ( #17, #366 ), #437 ) ;
#894 =( NAMED_UNIT ( * ) SI_UNIT ( $, .STERADIAN. ) SOLID_ANGLE_UNIT ( ) );
#895 = CARTESIAN_POINT ( 'NONE',  ( 2.000000000000000000, -15.00000000000000000, 45.00000000000000000 ) ) ;
#896 = VERTEX_POINT ( 'NONE', #815 ) ;
#897 = EDGE_CURVE ( 'NONE', #1311, #1258, #127, .T. ) ;
#898 = ORIENTED_EDGE ( 'NONE', *, *, #897, .F. ) ;
#899 = DIRECTION ( 'NONE',  ( 1.000000000000000000, 1.156482317317871725E-16, -0.000000000000000000 ) ) ;
#900 = CARTESIAN_POINT ( 'NONE',  ( 5.876874405221941267, -2.625333254880270584, 40.95452206254652339 ) ) ;
#901 = ORIENTED_EDGE ( 'NONE', *, *, #902, .F. ) ;
#902 = EDGE_CURVE ( 'NONE', #1185, #273, #1226, .T. ) ;
#903 = AXIS2_PLACEMENT_3D ( 'NONE', #1142, #841, #518 ) ;
#904 = ORIENTED_EDGE ( 'NONE', *, *, #559, .T. ) ;
#905 = EDGE_LOOP ( 'NONE', ( #599, #1136, #679, #242, #594 ) ) ;
#906 = DIRECTION ( 'NONE',  ( -1.156482317317871725E-16, 1.000000000000000000, 0.000000000000000000 ) ) ;
#907 = ORIENTED_EDGE ( 'NONE', *, *, #579, .F. ) ;
#908 = DIRECTION ( 'NONE',  ( -1.000000000000000000, -0.000000000000000000, -0.000000000000000000 ) ) ;
#909 = ORIENTED_EDGE ( 'NONE', *, *, #97, .F. ) ;
#910 = ORIENTED_EDGE ( 'NONE', *, *, #411, .T. ) ;
#911 = CARTESIAN_POINT ( 'NONE',  ( 6.313047325569982604, -15.00000000000000178, 4.000000000000003553 ) ) ;
#912 = ORIENTED_EDGE ( 'NONE', *, *, #135, .F. ) ;
#913 = CYLINDRICAL_SURFACE ( 'NONE', #528, 3.073058506498575593 ) ;
#914 = CARTESIAN_POINT ( 'NONE',  ( 8.499999999999998224, -3.629065036196706728, 40.99999999999999289 ) ) ;
#915 = PLANE ( 'NONE',  #796 ) ;
#916 = PRODUCT_DEFINITION_SHAPE ( 'NONE', 'NONE',  #855 ) ;
#917 = ORIENTED_EDGE ( 'NONE', *, *, #824, .T. ) ;
#918 = EDGE_CURVE ( 'NONE', #83, #801, #626, .T. ) ;
#919 = ORIENTED_EDGE ( 'NONE', *, *, #425, .F. ) ;
#920 = FACE_OUTER_BOUND ( 'NONE', #37, .T. ) ;
#921 = DIRECTION ( 'NONE',  ( 0.000000000000000000, -1.000000000000000000, 0.000000000000000000 ) ) ;
#922 = DIRECTION ( 'NONE',  ( 0.000000000000000000, -1.000000000000000000, 0.000000000000000000 ) ) ;
#923 = CIRCLE ( 'NONE', #991, 1.499999999999996891 ) ;
#924 = DIRECTION ( 'NONE',  ( -1.000000000000000000, -0.000000000000000000, -0.000000000000000000 ) ) ;
#925 = VECTOR ( 'NONE', #50, 1000.000000000000000 ) ;
#926 = ORIENTED_EDGE ( 'NONE', *, *, #241, .F. ) ;
#927 = DIRECTION ( 'NONE',  ( 1.000000000000000000, 0.000000000000000000, 0.000000000000000000 ) ) ;
#928 = CIRCLE ( 'NONE', #819, 1.500000000000002220 ) ;
#929 = DIRECTION ( 'NONE',  ( 0.000000000000000000, 0.000000000000000000, 1.000000000000000000 ) ) ;
#930 = DIRECTION ( 'NONE',  ( -1.156482317317871725E-16, 1.000000000000000000, -0.000000000000000000 ) ) ;
#931 = EDGE_CURVE ( 'NONE', #435, #867, #433, .T. ) ;
#932 = CARTESIAN_POINT ( 'NONE',  ( 1.999999999999999556, -13.00000000000000000, 43.00000000000000000 ) ) ;
#933 = VERTEX_POINT ( 'NONE', #330 ) ;
#934 = LINE ( 'NONE', #325, #488 ) ;
#935 = DIRECTION ( 'NONE',  ( 0.000000000000000000, 0.000000000000000000, -1.000000000000000000 ) ) ;
#936 = DIRECTION ( 'NONE',  ( 1.000000000000000000, 0.000000000000000000, 0.000000000000000000 ) ) ;
#937 = FACE_BOUND ( 'NONE', #544, .T. ) ;
#938 = VECTOR ( 'NONE', #950, 1000.000000000000000 ) ;
#939 = CARTESIAN_POINT ( 'NONE',  ( 0.000000000000000000, -1.999999999999999556, 0.000000000000000000 ) ) ;
#940 = EDGE_CURVE ( 'NONE', #73, #979, #1106, .T. ) ;
#941 = ORIENTED_EDGE ( 'NONE', *, *, #680, .T. ) ;
#942 = FACE_BOUND ( 'NONE', #995, .T. ) ;
#943 = LINE ( 'NONE', #1162, #107 ) ;
#944 = AXIS2_PLACEMENT_3D ( 'NONE', #137, #550, #957 ) ;
#945 = DIRECTION ( 'NONE',  ( 0.000000000000000000, -0.000000000000000000, 1.000000000000000000 ) ) ;
#946 = CARTESIAN_POINT ( 'NONE',  ( 0.000000000000000000, -7.436498017713874198, 28.89752721011862491 ) ) ;
#947 = EDGE_CURVE ( 'NONE', #1185, #55, #1003, .T. ) ;
#948 = PRESENTATION_LAYER_ASSIGNMENT (  '', '', ( #475 ) ) ;
#949 = ORIENTED_EDGE ( 'NONE', *, *, #286, .F. ) ;
#950 = DIRECTION ( 'NONE',  ( -1.156482317317871725E-16, 1.000000000000000000, 0.000000000000000000 ) ) ;
#951 = CARTESIAN_POINT ( 'NONE',  ( 6.077634803431418931, -4.819868827278043000, 40.98869786980738184 ) ) ;
#952 = ORIENTED_EDGE ( 'NONE', *, *, #396, .T. ) ;
#953 = CARTESIAN_POINT ( 'NONE',  ( 5.500000000000004441, -3.629065036196706728, 40.82728050566503697 ) ) ;
#954 = AXIS2_PLACEMENT_3D ( 'NONE', #745, #1060, #955 ) ;
#955 = DIRECTION ( 'NONE',  ( -1.000000000000000000, 0.000000000000000000, -0.000000000000000000 ) ) ;
#956 = ORIENTED_EDGE ( 'NONE', *, *, #64, .F. ) ;
#957 = DIRECTION ( 'NONE',  ( 1.000000000000000000, 0.000000000000000000, 0.000000000000000000 ) ) ;
#958 = DIRECTION ( 'NONE',  ( 0.000000000000000000, 0.000000000000000000, -1.000000000000000000 ) ) ;
#959 = EDGE_CURVE ( 'NONE', #883, #1205, #619, .T. ) ;
#960 = FACE_OUTER_BOUND ( 'NONE', #1081, .T. ) ;
#961 = VERTEX_POINT ( 'NONE', #224 ) ;
#962 = UNCERTAINTY_MEASURE_WITH_UNIT (LENGTH_MEASURE( 1.000000000000000082E-05 ), #1139, 'distance_accuracy_value', 'NONE');
#963 = DIRECTION ( 'NONE',  ( -1.156482317317872218E-16, 1.000000000000000000, 0.000000000000000000 ) ) ;
#964 = DIRECTION ( 'NONE',  ( 0.000000000000000000, 0.000000000000000000, 1.000000000000000000 ) ) ;
#965 = EDGE_CURVE ( 'NONE', #447, #435, #262, .T. ) ;
#966 = LINE ( 'NONE', #1249, #880 ) ;
#967 = CARTESIAN_POINT ( 'NONE',  ( 5.499999999999996447, -10.40906503619670787, 45.00000000000000000 ) ) ;
#968 = ORIENTED_EDGE ( 'NONE', *, *, #835, .F. ) ;
#969 = DIRECTION ( 'NONE',  ( 0.000000000000000000, 0.000000000000000000, 1.000000000000000000 ) ) ;
#970 = AXIS2_PLACEMENT_3D ( 'NONE', #1073, #854, #749 ) ;
#971 = CARTESIAN_POINT ( 'NONE',  ( 6.313047325569982604, -15.00000000000000178, 4.000000000000003553 ) ) ;
#972 = ORIENTED_EDGE ( 'NONE', *, *, #1157, .F. ) ;
#973 = CIRCLE ( 'NONE', #1253, 2.000000000000000000 ) ;
#974 = CARTESIAN_POINT ( 'NONE',  ( 15.00000000000000000, -1.999999999999999556, 45.00000000000000000 ) ) ;
#975 = FACE_BOUND ( 'NONE', #1152, .T. ) ;
#976 = ORIENTED_EDGE ( 'NONE', *, *, #778, .F. ) ;
#977 = EDGE_CURVE ( 'NONE', #682, #799, #125, .T. ) ;
#978 = CARTESIAN_POINT ( 'NONE',  ( 1.999999999999999112, 0.000000000000000000, 45.00000000000000000 ) ) ;
#979 = VERTEX_POINT ( 'NONE', #1030 ) ;
#980 =( NAMED_UNIT ( * ) SI_UNIT ( $, .STERADIAN. ) SOLID_ANGLE_UNIT ( ) );
#981 = DIRECTION ( 'NONE',  ( -2.604474305711688951E-32, 2.033271874513241574E-16, 1.000000000000000000 ) ) ;
#982 = ADVANCED_FACE ( 'NONE', ( #102 ), #298, .T. ) ;
#983 = CARTESIAN_POINT ( 'NONE',  ( 6.313047325569981716, -11.74251770618295510, 4.000000000000003553 ) ) ;
#984 = ORIENTED_EDGE ( 'NONE', *, *, #1244, .F. ) ;
#985 = SURFACE_SIDE_STYLE ('',( #56 ) ) ;
#986 = DIRECTION ( 'NONE',  ( 1.000000000000000000, 0.000000000000000000, 0.000000000000000000 ) ) ;
#987 = VECTOR ( 'NONE', #267, 1000.000000000000000 ) ;
#988 = CARTESIAN_POINT ( 'NONE',  ( 5.519425706300085110, -10.68551275325189742, 40.83623518239160433 ) ) ;
#989 = EDGE_CURVE ( 'NONE', #491, #1300, #527, .T. ) ;
#990 = EDGE_CURVE ( 'NONE', #55, #1289, #973, .T. ) ;
#991 = AXIS2_PLACEMENT_3D ( 'NONE', #1240, #1116, #98 ) ;
#992 = VERTEX_POINT ( 'NONE', #1121 ) ;
#993 =( NAMED_UNIT ( * ) PLANE_ANGLE_UNIT ( ) SI_UNIT ( $, .RADIAN. ) );
#994 = CARTESIAN_POINT ( 'NONE',  ( 5.499999999999997335, -10.40906503619670787, 4.172719494334961254 ) ) ;
#995 = EDGE_LOOP ( 'NONE', ( #614, #917 ) ) ;
#996 = B_SPLINE_CURVE_WITH_KNOTS ( 'NONE', 3,
 ( #691, #493, #1092, #1288, #370, #779, #900, #165, #600, #179 ),
 .UNSPECIFIED., .F., .F.,
 ( 4, 2, 2, 2, 4 ),
 ( 0.001644712539763681881, 0.002056129841260806099, 0.002467547142757930100, 0.002878964444255054100, 0.003290381745752178535 ),
 .UNSPECIFIED. ) ;
#997 = CARTESIAN_POINT ( 'NONE',  ( 5.790369901602934632, -2.731708908609032260, 4.068084005691097182 ) ) ;
#998 = CIRCLE ( 'NONE', #822, 2.000000000000000000 ) ;
#999 = VECTOR ( 'NONE', #240, 1000.000000000000000 ) ;
#1000 = ADVANCED_FACE ( 'NONE', ( #1243 ), #538, .F. ) ;
#1001 = ORIENTED_EDGE ( 'NONE', *, *, #42, .F. ) ;
#1002 = FILL_AREA_STYLE ('',( #1190 ) ) ;
#1003 = CIRCLE ( 'NONE', #591, 2.000000000000000000 ) ;
#1004 = CARTESIAN_POINT ( 'NONE',  ( 15.00000000000000000, 0.000000000000000000, 45.00000000000000000 ) ) ;
#1005 = ORIENTED_EDGE ( 'NONE', *, *, #844, .T. ) ;
#1006 = CARTESIAN_POINT ( 'NONE',  ( 6.999999999999999112, -10.40906503619670787, 4.000000000000003553 ) ) ;
#1007 = ORIENTED_EDGE ( 'NONE', *, *, #897, .T. ) ;
#1008 = CIRCLE ( 'NONE', #767, 2.000000000000000000 ) ;
#1009 = VERTEX_POINT ( 'NONE', #1236 ) ;
#1010 = ADVANCED_FACE ( 'NONE', ( #323 ), #915, .F. ) ;
#1011 = ORIENTED_EDGE ( 'NONE', *, *, #918, .F. ) ;
#1012 = VECTOR ( 'NONE', #1252, 1000.000000000000000 ) ;
#1013 = EDGE_LOOP ( 'NONE', ( #166, #1206, #1160, #1011, #881, #1278, #490, #188, #209, #768 ) ) ;
#1014 = VECTOR ( 'NONE', #840, 1000.000000000000000 ) ;
#1015 = CARTESIAN_POINT ( 'NONE',  ( 15.00000000000000000, -1.999999999999999556, 0.000000000000000000 ) ) ;
#1016 = EDGE_LOOP ( 'NONE', ( #258, #615, #136 ) ) ;
#1017 = FACE_BOUND ( 'NONE', #358, .T. ) ;
#1018 = CIRCLE ( 'NONE', #1285, 3.073058506498571596 ) ;
#1019 = ORIENTED_EDGE ( 'NONE', *, *, #1220, .T. ) ;
#1020 = ORIENTED_EDGE ( 'NONE', *, *, #1128, .F. ) ;
#1021 = CYLINDRICAL_SURFACE ( 'NONE', #870, 3.073058506498575593 ) ;
#1022 = EDGE_LOOP ( 'NONE', ( #403, #549, #275, #466 ) ) ;
#1023 = DIRECTION ( 'NONE',  ( 0.000000000000000000, 0.000000000000000000, -1.000000000000000000 ) ) ;
#1024 = DIRECTION ( 'NONE',  ( -1.000000000000000000, 0.000000000000000000, 0.000000000000000000 ) ) ;
#1025 = EDGE_CURVE ( 'NONE', #992, #739, #1135, .T. ) ;
#1026 = VERTEX_POINT ( 'NONE', #412 ) ;
#1027 = DIRECTION ( 'NONE',  ( 0.000000000000000000, 0.000000000000000000, 1.000000000000000000 ) ) ;
#1028 = CARTESIAN_POINT ( 'NONE',  ( 0.000000000000000000, 0.000000000000000000, 45.00000000000000000 ) ) ;
#1029 = DIRECTION ( 'NONE',  ( 1.156482317317871725E-16, -1.000000000000000000, -0.000000000000000000 ) ) ;
#1030 = CARTESIAN_POINT ( 'NONE',  ( 8.499999999999998224, -3.629065036196706728, 4.000000000000003553 ) ) ;
#1031 = ORIENTED_EDGE ( 'NONE', *, *, #1312, .T. ) ;
#1032 = DIRECTION ( 'NONE',  ( 1.156482317317871725E-16, -1.000000000000000000, 0.000000000000000000 ) ) ;
#1033 = EDGE_CURVE ( 'NONE', #341, #186, #570, .T. ) ;
#1034 = DIRECTION ( 'NONE',  ( -1.156482317317871725E-16, 1.000000000000000000, 0.000000000000000000 ) ) ;
#1035 = CARTESIAN_POINT ( 'NONE',  ( 15.00000000000000178, -7.436498017713874198, 31.97058571661719739 ) ) ;
#1036 = LINE ( 'NONE', #306, #1040 ) ;
#1037 = CARTESIAN_POINT ( 'NONE',  ( 5.519105479657681279, -3.904400060982875509, 4.163895280208764760 ) ) ;
#1038 = ORIENTED_EDGE ( 'NONE', *, *, #772, .F. ) ;
#1039 = CARTESIAN_POINT ( 'NONE',  ( 4.313047325569980828, -7.436498017713874198, 28.89752721011862491 ) ) ;
#1040 = VECTOR ( 'NONE', #423, 1000.000000000000000 ) ;
#1041 = ORIENTED_EDGE ( 'NONE', *, *, #464, .F. ) ;
#1042 = EDGE_CURVE ( 'NONE', #1298, #495, #1036, .T. ) ;
#1043 = CARTESIAN_POINT ( 'NONE',  ( 6.189211498225606789, -2.359408670870720037, 4.000000000000003553 ) ) ;
#1044 = DIRECTION ( 'NONE',  ( 0.000000000000000000, 0.000000000000000000, -1.000000000000000000 ) ) ;
#1045 = CARTESIAN_POINT ( 'NONE',  ( 1.999999999999999556, -1.999999999999999556, 43.00000000000000000 ) ) ;
#1046 = CARTESIAN_POINT ( 'NONE',  ( 5.876874405221941267, -4.632796817513144205, 4.045477937453470396 ) ) ;
#1047 = ORIENTED_EDGE ( 'NONE', *, *, #1104, .F. ) ;
#1048 = DIRECTION ( 'NONE',  ( 1.000000000000000000, 0.000000000000000000, 0.000000000000000000 ) ) ;
#1049 = CARTESIAN_POINT ( 'NONE',  ( 15.00000000000000178, -4.363439511215302602, 16.10000000000000142 ) ) ;
#1050 = EDGE_LOOP ( 'NONE', ( #847, #1112, #976, #648 ) ) ;
#1051 = CARTESIAN_POINT ( 'NONE',  ( 6.999999999999999112, -10.40906503619670787, 45.00000000000000000 ) ) ;
#1052 = ADVANCED_FACE ( 'NONE', ( #833 ), #715, .T. ) ;
#1053 = CARTESIAN_POINT ( 'NONE',  ( 6.189211498225607677, -9.139408670870714957, 4.000000000000003553 ) ) ;
#1054 = DIRECTION ( 'NONE',  ( 0.000000000000000000, 0.000000000000000000, 1.000000000000000000 ) ) ;
#1055 = VERTEX_POINT ( 'NONE', #634 ) ;
#1056 = LINE ( 'NONE', #130, #234 ) ;
#1057 = DIRECTION ( 'NONE',  ( 1.000000000000000000, 1.156482317317871725E-16, -0.000000000000000000 ) ) ;
#1058 = AXIS2_PLACEMENT_3D ( 'NONE', #771, #367, #147 ) ;
#1059 = DIRECTION ( 'NONE',  ( 1.000000000000000000, 0.000000000000000000, 0.000000000000000000 ) ) ;
#1060 = DIRECTION ( 'NONE',  ( 0.000000000000000000, 0.000000000000000000, -1.000000000000000000 ) ) ;
#1061 = CIRCLE ( 'NONE', #864, 1.500000000000002220 ) ;
#1062 = ORIENTED_EDGE ( 'NONE', *, *, #1312, .F. ) ;
#1063 = DIRECTION ( 'NONE',  ( 0.000000000000000000, 0.000000000000000000, -1.000000000000000000 ) ) ;
#1064 = CARTESIAN_POINT ( 'NONE',  ( 7.000000000000000888, -3.629065036196706728, 40.99999999999999289 ) ) ;
#1065 = ORIENTED_EDGE ( 'NONE', *, *, #434, .F. ) ;
#1066 = CARTESIAN_POINT ( 'NONE',  ( 2.000000000000000444, -8.673617379884035472E-16, 2.000000000000001776 ) ) ;
#1067 = CIRCLE ( 'NONE', #3, 2.000000000000000000 ) ;
#1068 = AXIS2_PLACEMENT_3D ( 'NONE', #668, #872, #350 ) ;
#1069 = ORIENTED_EDGE ( 'NONE', *, *, #1301, .F. ) ;
#1070 = CARTESIAN_POINT ( 'NONE',  ( 2.000000000000000444, -1.999999999999999556, 43.00000000000000000 ) ) ;
#1071 = EDGE_CURVE ( 'NONE', #605, #1055, #533, .T. ) ;
#1072 = LINE ( 'NONE', #1049, #558 ) ;
#1073 = CARTESIAN_POINT ( 'NONE',  ( 7.000000000000000888, -3.629065036196706728, 0.000000000000000000 ) ) ;
#1074 = CARTESIAN_POINT ( 'NONE',  ( 4.313047325569982604, -15.00000000000000178, 6.000000000000005329 ) ) ;
#1075 = AXIS2_PLACEMENT_3D ( 'NONE', #1145, #20, #520 ) ;
#1076 = CARTESIAN_POINT ( 'NONE',  ( 2.000000000000000444, -2.000000000000000000, 43.00000000000000000 ) ) ;
#1077 = LINE ( 'NONE', #460, #832 ) ;
#1078 = LINE ( 'NONE', #1156, #46 ) ;
#1079 = DIRECTION ( 'NONE',  ( 0.000000000000000000, -1.000000000000000000, -1.040834085586084257E-14 ) ) ;
#1080 = CARTESIAN_POINT ( 'NONE',  ( 4.313047325569980828, -4.701483476616157670E-16, 6.000000000000003553 ) ) ;
#1081 = EDGE_LOOP ( 'NONE', ( #417, #539, #1007, #1199, #59 ) ) ;
#1082 = AXIS2_PLACEMENT_3D ( 'NONE', #1045, #118, #537 ) ;
#1083 = DIRECTION ( 'NONE',  ( 0.000000000000000000, 0.000000000000000000, 1.000000000000000000 ) ) ;
#1084 = ADVANCED_FACE ( 'NONE', ( #1017, #624 ), #193, .T. ) ;
#1085 = CARTESIAN_POINT ( 'NONE',  ( 0.000000000000000000, -7.436498017713874198, 28.89752721011862491 ) ) ;
#1086 = CARTESIAN_POINT ( 'NONE',  ( 7.000000000000000888, -3.629065036196706728, 45.00000000000000000 ) ) ;
#1087 = ORIENTED_EDGE ( 'NONE', *, *, #1104, .T. ) ;
#1088 = CARTESIAN_POINT ( 'NONE',  ( 5.791263208861259670, -11.30778253305898673, 4.067818918967544661 ) ) ;
#1089 = ADVANCED_FACE ( 'NONE', ( #1326, #937 ), #297, .F. ) ;
#1090 = CARTESIAN_POINT ( 'NONE',  ( 15.00000000000000000, 0.000000000000000000, 40.99999999999999289 ) ) ;
#1091 = ORIENTED_EDGE ( 'NONE', *, *, #647, .T. ) ;
#1092 = CARTESIAN_POINT ( 'NONE',  ( 5.519105479657683055, -3.353730011410537504, 40.83610471979123702 ) ) ;
#1093 = ORIENTED_EDGE ( 'NONE', *, *, #657, .T. ) ;
#1094 = CARTESIAN_POINT ( 'NONE',  ( 1.999999999999999556, 0.000000000000000000, 45.00000000000000000 ) ) ;
#1095 = ADVANCED_FACE ( 'NONE', ( #410 ), #94, .T. ) ;
#1096 = CIRCLE ( 'NONE', #45, 2.000000000000000000 ) ;
#1097 = VECTOR ( 'NONE', #322, 1000.000000000000000 ) ;
#1098 = ORIENTED_EDGE ( 'NONE', *, *, #1147, .T. ) ;
#1099 = LINE ( 'NONE', #473, #195 ) ;
#1100 = EDGE_LOOP ( 'NONE', ( #1, #327, #580, #26 ) ) ;
#1101 = CARTESIAN_POINT ( 'NONE',  ( 0.000000000000000000, -10.50955652421244579, 16.10000000000000142 ) ) ;
#1102 = AXIS2_PLACEMENT_3D ( 'NONE', #1006, #100, #77 ) ;
#1103 = ORIENTED_EDGE ( 'NONE', *, *, #396, .F. ) ;
#1104 = EDGE_CURVE ( 'NONE', #273, #1214, #535, .T. ) ;
#1105 = VERTEX_POINT ( 'NONE', #507 ) ;
#1106 = CIRCLE ( 'NONE', #419, 1.499999999999996891 ) ;
#1107 = CARTESIAN_POINT ( 'NONE',  ( 15.00000000000000178, -14.99999999999999822, 2.000000000000001776 ) ) ;
#1108 = ORIENTED_EDGE ( 'NONE', *, *, #1164, .T. ) ;
#1109 = VERTEX_POINT ( 'NONE', #187 ) ;
#1110 = ORIENTED_EDGE ( 'NONE', *, *, #1255, .F. ) ;
#1111 = DIRECTION ( 'NONE',  ( 1.000000000000000000, 1.156482317317871725E-16, -0.000000000000000000 ) ) ;
#1112 = ORIENTED_EDGE ( 'NONE', *, *, #305, .T. ) ;
#1113 = DIRECTION ( 'NONE',  ( 1.000000000000000000, 1.156482317317871725E-16, 2.530313365373622858E-33 ) ) ;
#1114 = CIRCLE ( 'NONE', #1058, 2.000000000000001776 ) ;
#1115 = ORIENTED_EDGE ( 'NONE', *, *, #524, .T. ) ;
#1116 = DIRECTION ( 'NONE',  ( -0.000000000000000000, 0.000000000000000000, -1.000000000000000000 ) ) ;
#1117 = CIRCLE ( 'NONE', #604, 1.999999999999999556 ) ;
#1118 = DIRECTION ( 'NONE',  ( 0.000000000000000000, 0.000000000000000000, -1.000000000000000000 ) ) ;
#1119 = VERTEX_POINT ( 'NONE', #914 ) ;
#1120 = DIRECTION ( 'NONE',  ( 1.000000000000000000, 0.000000000000000000, 0.000000000000000000 ) ) ;
#1121 = CARTESIAN_POINT ( 'NONE',  ( 5.499999999999997335, -10.40906503619670787, 40.82728050566503697 ) ) ;
#1122 = VERTEX_POINT ( 'NONE', #1215 ) ;
#1123 = VECTOR ( 'NONE', #452, 1000.000000000000000 ) ;
#1124 = SURFACE_STYLE_USAGE ( .BOTH. , #696 ) ;
#1125 = DIRECTION ( 'NONE',  ( -1.000000000000000000, -1.156482317317872218E-16, 0.000000000000000000 ) ) ;
#1126 = DIRECTION ( 'NONE',  ( -0.000000000000000000, -0.000000000000000000, 1.000000000000000000 ) ) ;
#1127 = CARTESIAN_POINT ( 'NONE',  ( 0.000000000000000000, -1.999999999999999556, 2.000000000000001776 ) ) ;
#1128 = EDGE_CURVE ( 'NONE', #196, #447, #200, .T. ) ;
#1129 = CARTESIAN_POINT ( 'NONE',  ( 5.500000000000005329, -3.766392781790881550, 4.172719494334959478 ) ) ;
#1130 = VERTEX_POINT ( 'NONE', #831 ) ;
#1131 = PRESENTATION_STYLE_ASSIGNMENT (( #1124 ) ) ;
#1132 = AXIS2_PLACEMENT_3D ( 'NONE', #726, #12, #448 ) ;
#1133 = CARTESIAN_POINT ( 'NONE',  ( 6.077634803431420707, -2.438261245115370901, 4.011302130192611948 ) ) ;
#1134 = CYLINDRICAL_SURFACE ( 'NONE', #385, 2.000000000000000000 ) ;
#1135 = LINE ( 'NONE', #729, #329 ) ;
#1136 = ORIENTED_EDGE ( 'NONE', *, *, #1025, .T. ) ;
#1137 = LINE ( 'NONE', #220, #938 ) ;
#1138 = EDGE_CURVE ( 'NONE', #799, #883, #1202, .T. ) ;
#1139 =( LENGTH_UNIT ( ) NAMED_UNIT ( * ) SI_UNIT ( .MILLI., .METRE. ) );
#1140 = DIRECTION ( 'NONE',  ( 0.000000000000000000, 0.000000000000000000, -1.000000000000000000 ) ) ;
#1141 = CARTESIAN_POINT ( 'NONE',  ( 6.313047325569982604, -15.00000000000000178, 4.000000000000003553 ) ) ;
#1142 = CARTESIAN_POINT ( 'NONE',  ( 1.999999999999999556, 0.000000000000000000, 43.00000000000000000 ) ) ;
#1143 = VECTOR ( 'NONE', #1029, 1000.000000000000000 ) ;
#1144 = ORIENTED_EDGE ( 'NONE', *, *, #90, .T. ) ;
#1145 = CARTESIAN_POINT ( 'NONE',  ( 6.999999999999999112, -10.40906503619670787, 0.000000000000000000 ) ) ;
#1146 = VECTOR ( 'NONE', #908, 1000.000000000000000 ) ;
#1147 = EDGE_CURVE ( 'NONE', #491, #1230, #1018, .T. ) ;
#1148 = SPHERICAL_SURFACE ( 'NONE', #521, 2.000000000000000000 ) ;
#1149 = CARTESIAN_POINT ( 'NONE',  ( 2.000000000000000444, 0.000000000000000000, 43.00000000000000000 ) ) ;
#1150 = DIRECTION ( 'NONE',  ( 1.000000000000000000, 1.156482317317871725E-16, 0.000000000000000000 ) ) ;
#1151 = UNCERTAINTY_MEASURE_WITH_UNIT (LENGTH_MEASURE( 1.000000000000000082E-05 ), #81, 'distance_accuracy_value', 'NONE');
#1152 = EDGE_LOOP ( 'NONE', ( #1196, #76 ) ) ;
#1153 = CARTESIAN_POINT ( 'NONE',  ( 6.313047325569981716, -11.74251770618295510, 40.99999999999999289 ) ) ;
#1154 = LINE ( 'NONE', #560, #1297 ) ;
#1155 = ORIENTED_EDGE ( 'NONE', *, *, #611, .T. ) ;
#1156 = CARTESIAN_POINT ( 'NONE',  ( 8.500000000000001776, -10.40906503619670787, 0.000000000000000000 ) ) ;
#1157 = EDGE_CURVE ( 'NONE', #399, #1130, #814, .T. ) ;
#1158 = FACE_OUTER_BOUND ( 'NONE', #1302, .T. ) ;
#1159 = ADVANCED_FACE ( 'NONE', ( #16 ), #721, .T. ) ;
#1160 = ORIENTED_EDGE ( 'NONE', *, *, #9, .T. ) ;
#1161 = PLANE ( 'NONE',  #316 ) ;
#1162 = CARTESIAN_POINT ( 'NONE',  ( 4.313047325569980828, 4.987962965776820874E-16, 6.000000000000003553 ) ) ;
#1163 = CARTESIAN_POINT ( 'NONE',  ( 8.673617379884035472E-16, -1.999999999999999556, 2.000000000000000000 ) ) ;
#1164 = EDGE_CURVE ( 'NONE', #19, #787, #823, .T. ) ;
#1165 = AXIS2_PLACEMENT_3D ( 'NONE', #1064, #964, #139 ) ;
#1166 = PRODUCT_DEFINITION_FORMATION_WITH_SPECIFIED_SOURCE ( 'ÈÎºÎ', '', #1187, .NOT_KNOWN. ) ;
#1167 = ORIENTED_EDGE ( 'NONE', *, *, #603, .F. ) ;
#1168 = LINE ( 'NONE', #731, #1012 ) ;
#1169 = CARTESIAN_POINT ( 'NONE',  ( 5.790369901602934632, -4.526421163784381640, 40.93191599430889482 ) ) ;
#1170 = CARTESIAN_POINT ( 'NONE',  ( 15.00000000000000000, -1.999999999999999556, 43.00000000000000000 ) ) ;
#1171 = CIRCLE ( 'NONE', #68, 2.000000000000000000 ) ;
#1172 = AXIS2_PLACEMENT_3D ( 'NONE', #1208, #288, #697 ) ;
#1173 = CARTESIAN_POINT ( 'NONE',  ( 5.790369901602931968, -11.30642116378438722, 40.93191599430889482 ) ) ;
#1174 = LINE ( 'NONE', #756, #722 ) ;
#1175 = FACE_OUTER_BOUND ( 'NONE', #905, .T. ) ;
#1176 = DIRECTION ( 'NONE',  ( 0.000000000000000000, 0.000000000000000000, 1.000000000000000000 ) ) ;
#1177 = AXIS2_PLACEMENT_3D ( 'NONE', #121, #843, #927 ) ;
#1178 = CARTESIAN_POINT ( 'NONE',  ( 0.000000000000000000, -7.436498017713874198, 31.97058571661719739 ) ) ;
#1179 = ORIENTED_EDGE ( 'NONE', *, *, #1275, .T. ) ;
#1180 = AXIS2_PLACEMENT_3D ( 'NONE', #761, #578, #969 ) ;
#1181 = DIRECTION ( 'NONE',  ( -1.000000000000000000, 0.000000000000000000, 0.000000000000000000 ) ) ;
#1182 = DIRECTION ( 'NONE',  ( -1.000000000000000000, -1.156482317317871725E-16, 0.000000000000000000 ) ) ;
#1183 = AXIS2_PLACEMENT_3D ( 'NONE', #38, #41, #542 ) ;
#1184 = EDGE_CURVE ( 'NONE', #1185, #1289, #1322, .T. ) ;
#1185 = VERTEX_POINT ( 'NONE', #500 ) ;
#1186 = CARTESIAN_POINT ( 'NONE',  ( 5.519105479657675062, -10.68440006098287931, 4.163895280208767424 ) ) ;
#1187 = PRODUCT ( 'jiaqiang', 'jiaqiang', '', ( #581 ) ) ;
#1188 = CARTESIAN_POINT ( 'NONE',  ( 5.877164386150932174, -11.41306274982303215, 40.95457011541653003 ) ) ;
#1189 = ORIENTED_EDGE ( 'NONE', *, *, #977, .T. ) ;
#1190 = FILL_AREA_STYLE_COLOUR ( '', #24 ) ;
#1191 = CYLINDRICAL_SURFACE ( 'NONE', #609, 3.073058506498572484 ) ;
#1192 = ORIENTED_EDGE ( 'NONE', *, *, #222, .F. ) ;
#1193 = EDGE_CURVE ( 'NONE', #1258, #605, #314, .T. ) ;
#1194 = CARTESIAN_POINT ( 'NONE',  ( 0.000000000000000000, -4.363439511215299937, 28.89752721011862491 ) ) ;
#1195 = PLANE ( 'NONE',  #72 ) ;
#1196 = ORIENTED_EDGE ( 'NONE', *, *, #377, .T. ) ;
#1197 = ADVANCED_FACE ( 'NONE', ( #304 ), #1134, .T. ) ;
#1198 = DIRECTION ( 'NONE',  ( 0.000000000000000000, 1.000000000000000000, 0.000000000000000000 ) ) ;
#1199 = ORIENTED_EDGE ( 'NONE', *, *, #28, .F. ) ;
#1200 = VERTEX_POINT ( 'NONE', #31 ) ;
#1201 = APPLICATION_PROTOCOL_DEFINITION ( 'draft international standard', 'automotive_design', 1998, #514 ) ;
#1202 = CIRCLE ( 'NONE', #673, 2.000000000000000444 ) ;
#1203 = CARTESIAN_POINT ( 'NONE',  ( 6.313047325569981716, -11.74251770618295510, 4.000000000000003553 ) ) ;
#1204 = ORIENTED_EDGE ( 'NONE', *, *, #959, .T. ) ;
#1205 = VERTEX_POINT ( 'NONE', #1066 ) ;
#1206 = ORIENTED_EDGE ( 'NONE', *, *, #788, .T. ) ;
#1207 = EDGE_CURVE ( 'NONE', #1105, #1214, #1269, .T. ) ;
#1208 = CARTESIAN_POINT ( 'NONE',  ( 6.999999999999999112, -10.40906503619670787, 0.000000000000000000 ) ) ;
#1209 = ORIENTED_EDGE ( 'NONE', *, *, #305, .F. ) ;
#1210 = ORIENTED_EDGE ( 'NONE', *, *, #64, .T. ) ;
#1211 = EDGE_CURVE ( 'NONE', #1122, #1289, #743, .T. ) ;
#1212 = ORIENTED_EDGE ( 'NONE', *, *, #717, .T. ) ;
#1213 = DIRECTION ( 'NONE',  ( 0.000000000000000000, 1.000000000000000000, 0.000000000000000000 ) ) ;
#1214 = VERTEX_POINT ( 'NONE', #974 ) ;
#1215 = CARTESIAN_POINT ( 'NONE',  ( 8.673617379884035472E-16, -13.00000000000000000, 2.000000000000000000 ) ) ;
#1216 = CARTESIAN_POINT ( 'NONE',  ( 5.593717393958259620, -4.168719729679824404, 4.133401851973019347 ) ) ;
#1217 = VECTOR ( 'NONE', #47, 1000.000000000000000 ) ;
#1218 = ORIENTED_EDGE ( 'NONE', *, *, #772, .T. ) ;
#1219 = VERTEX_POINT ( 'NONE', #757 ) ;
#1220 = EDGE_CURVE ( 'NONE', #196, #1009, #213, .T. ) ;
#1221 = AXIS2_PLACEMENT_3D ( 'NONE', #455, #440, #1257 ) ;
#1222 = CARTESIAN_POINT ( 'NONE',  ( 1.999999999999999556, 0.000000000000000000, 2.000000000000000000 ) ) ;
#1223 = FACE_OUTER_BOUND ( 'NONE', #1022, .T. ) ;
#1224 = CARTESIAN_POINT ( 'NONE',  ( 6.313047325569980828, -1.004630715935550958E-15, 40.99999999999999289 ) ) ;
#1225 = DIRECTION ( 'NONE',  ( 0.000000000000000000, 0.000000000000000000, 1.000000000000000000 ) ) ;
#1226 = LINE ( 'NONE', #202, #248 ) ;
#1227 = ORIENTED_EDGE ( 'NONE', *, *, #126, .T. ) ;
#1228 = AXIS2_PLACEMENT_3D ( 'NONE', #1296, #378, #839 ) ;
#1229 = AXIS2_PLACEMENT_3D ( 'NONE', #1085, #765, #1176 ) ;
#1230 = VERTEX_POINT ( 'NONE', #145 ) ;
#1231 = DIRECTION ( 'NONE',  ( 0.000000000000000000, -1.000000000000000000, 0.000000000000000000 ) ) ;
#1232 = CARTESIAN_POINT ( 'NONE',  ( 5.500000000000005329, -3.491817122451767119, 4.172719494334958590 ) ) ;
#1233 = B_SPLINE_CURVE_WITH_KNOTS ( 'NONE', 3,
 ( #994, #481, #1186, #266, #676, #1088, #888, #375, #792, #1203 ),
 .UNSPECIFIED., .F., .F.,
 ( 4, 2, 2, 2, 4 ),
 ( 0.001644712539763691205, 0.002056129841260817808, 0.002467547142757943977, 0.002878964444255070580, 0.003290381745752197183 ),
 .UNSPECIFIED. ) ;
#1234 = DIRECTION ( 'NONE',  ( 0.000000000000000000, 0.000000000000000000, -1.000000000000000000 ) ) ;
#1235 = VECTOR ( 'NONE', #716, 1000.000000000000000 ) ;
#1236 = CARTESIAN_POINT ( 'NONE',  ( 4.313047325569981716, -10.50955652421244757, 28.89752721011862491 ) ) ;
#1237 = ADVANCED_FACE ( 'NONE', ( #223 ), #237, .F. ) ;
#1238 = ORIENTED_EDGE ( 'NONE', *, *, #425, .T. ) ;
#1239 = CARTESIAN_POINT ( 'NONE',  ( 6.313047325569982604, -15.00000000000000178, 4.000000000000003553 ) ) ;
#1240 = CARTESIAN_POINT ( 'NONE',  ( 7.000000000000000888, -3.629065036196706728, 4.000000000000003553 ) ) ;
#1241 = VECTOR ( 'NONE', #334, 1000.000000000000000 ) ;
#1242 = CARTESIAN_POINT ( 'NONE',  ( 0.000000000000000000, -1.999999999999999556, 43.00000000000000000 ) ) ;
#1243 = FACE_OUTER_BOUND ( 'NONE', #593, .T. ) ;
#1244 = EDGE_CURVE ( 'NONE', #698, #55, #667, .T. ) ;
#1245 = UNCERTAINTY_MEASURE_WITH_UNIT (LENGTH_MEASURE( 1.000000000000000082E-05 ), #61, 'distance_accuracy_value', 'NONE');
#1246 = ORIENTED_EDGE ( 'NONE', *, *, #565, .F. ) ;
#1247 = DIRECTION ( 'NONE',  ( -1.000000000000000000, 0.000000000000000000, -0.000000000000000000 ) ) ;
#1248 = CARTESIAN_POINT ( 'NONE',  ( 5.499999999999996447, -10.27173729060253393, 40.82728050566503697 ) ) ;
#1249 = CARTESIAN_POINT ( 'NONE',  ( 0.000000000000000000, -2.000000000000000000, 45.00000000000000000 ) ) ;
#1250 = CARTESIAN_POINT ( 'NONE',  ( 5.791263208861264999, -4.527782533058979375, 4.067818918967541997 ) ) ;
#1251 = ORIENTED_EDGE ( 'NONE', *, *, #450, .T. ) ;
#1252 = DIRECTION ( 'NONE',  ( -0.000000000000000000, -0.000000000000000000, 1.000000000000000000 ) ) ;
#1253 = AXIS2_PLACEMENT_3D ( 'NONE', #932, #825, #10 ) ;
#1254 = CARTESIAN_POINT ( 'NONE',  ( 6.191070184078824923, -9.138451134659243635, 40.99999999999998579 ) ) ;
#1255 = EDGE_CURVE ( 'NONE', #1205, #1293, #1117, .T. ) ;
#1256 = EDGE_LOOP ( 'NONE', ( #299, #1103, #129, #486 ) ) ;
#1257 = DIRECTION ( 'NONE',  ( 0.000000000000000000, 1.000000000000000000, 0.000000000000000000 ) ) ;
#1258 = VERTEX_POINT ( 'NONE', #342 ) ;
#1259 = DIRECTION ( 'NONE',  ( 1.156482317317871725E-16, -1.000000000000000000, -0.000000000000000000 ) ) ;
#1260 = CARTESIAN_POINT ( 'NONE',  ( 15.00000000000000178, -10.50955652421244757, 28.89752721011862491 ) ) ;
#1261 = CYLINDRICAL_SURFACE ( 'NONE', #189, 1.499999999999996225 ) ;
#1262 = CARTESIAN_POINT ( 'NONE',  ( 6.313047325569982604, -15.00000000000000000, 38.99999999999999289 ) ) ;
#1263 = ORIENTED_EDGE ( 'NONE', *, *, #918, .T. ) ;
#1264 = DIRECTION ( 'NONE',  ( 1.156482317317871725E-16, -1.000000000000000000, -0.000000000000000000 ) ) ;
#1265 = LINE ( 'NONE', #1260, #1241 ) ;
#1266 = CARTESIAN_POINT ( 'NONE',  ( 4.313047325569982604, -15.00000000000000000, 40.99999999999999289 ) ) ;
#1267 = ADVANCED_FACE ( 'NONE', ( #1175 ), #640, .F. ) ;
#1268 = DIRECTION ( 'NONE',  ( 0.000000000000000000, -0.000000000000000000, -1.000000000000000000 ) ) ;
#1269 = CIRCLE ( 'NONE', #456, 2.000000000000000444 ) ;
#1270 = CARTESIAN_POINT ( 'NONE',  ( 1.999999999999999556, -1.999999999999999556, 2.000000000000001776 ) ) ;
#1271 = CARTESIAN_POINT ( 'NONE',  ( 5.593717393958255180, -9.869410342713587525, 40.86659814802697355 ) ) ;
#1272 = DIRECTION ( 'NONE',  ( -0.000000000000000000, -0.000000000000000000, 1.000000000000000000 ) ) ;
#1273 = VECTOR ( 'NONE', #357, 1000.000000000000000 ) ;
#1274 = CARTESIAN_POINT ( 'NONE',  ( 0.000000000000000000, -15.00000000000000000, 43.00000000000000000 ) ) ;
#1275 = EDGE_CURVE ( 'NONE', #186, #705, #1078, .T. ) ;
#1276 = LINE ( 'NONE', #352, #1273 ) ;
#1277 = CIRCLE ( 'NONE', #285, 1.499999999999996225 ) ;
#1278 = ORIENTED_EDGE ( 'NONE', *, *, #35, .F. ) ;
#1279 = DIRECTION ( 'NONE',  ( 1.000000000000000000, 0.000000000000000000, 0.000000000000000000 ) ) ;
#1280 = CARTESIAN_POINT ( 'NONE',  ( 8.500000000000001776, -10.40906503619670787, 0.000000000000000000 ) ) ;
#1281 = ADVANCED_FACE ( 'NONE', ( #960 ), #645, .F. ) ;
#1282 = ORIENTED_EDGE ( 'NONE', *, *, #947, .T. ) ;
#1283 = AXIS2_PLACEMENT_3D ( 'NONE', #753, #54, #963 ) ;
#1284 = CARTESIAN_POINT ( 'NONE',  ( 6.189211498225606789, -11.67872140152270255, 40.99999999999998579 ) ) ;
#1285 = AXIS2_PLACEMENT_3D ( 'NONE', #401, #602, #526 ) ;
#1286 = ADVANCED_FACE ( 'NONE', ( #354 ), #1261, .F. ) ;
#1287 = ORIENTED_EDGE ( 'NONE', *, *, #1042, .T. ) ;
#1288 = CARTESIAN_POINT ( 'NONE',  ( 5.593717393958259620, -3.089410342713587720, 40.86659814802697355 ) ) ;
#1289 = VERTEX_POINT ( 'NONE', #133 ) ;
#1290 = AXIS2_PLACEMENT_3D ( 'NONE', #1028, #921, #1268 ) ;
#1291 = VECTOR ( 'NONE', #800, 1000.000000000000000 ) ;
#1292 = DIRECTION ( 'NONE',  ( -0.000000000000000000, -0.000000000000000000, 1.000000000000000000 ) ) ;
#1293 = VERTEX_POINT ( 'NONE', #1163 ) ;
#1294 = EDGE_CURVE ( 'NONE', #896, #1293, #966, .T. ) ;
#1295 = EDGE_LOOP ( 'NONE', ( #1047, #1091, #794, #1041, #563, #598 ) ) ;
#1296 = CARTESIAN_POINT ( 'NONE',  ( 1.503427012513233341E-15, -13.00000000000000000, 2.000000000000000000 ) ) ;
#1297 = VECTOR ( 'NONE', #1057, 1000.000000000000000 ) ;
#1298 = VERTEX_POINT ( 'NONE', #953 ) ;
#1299 = CARTESIAN_POINT ( 'NONE',  ( 4.313047325569984380, -4.363439511215299937, 28.89752721011862491 ) ) ;
#1300 = VERTEX_POINT ( 'NONE', #652 ) ;
#1301 = EDGE_CURVE ( 'NONE', #752, #961, #860, .T. ) ;
#1302 = EDGE_LOOP ( 'NONE', ( #468, #694, #1001, #1179, #317 ) ) ;
#1303 = ORIENTED_EDGE ( 'NONE', *, *, #478, .T. ) ;
#1304 = ORIENTED_EDGE ( 'NONE', *, *, #250, .F. ) ;
#1305 = EDGE_CURVE ( 'NONE', #120, #682, #151, .T. ) ;
#1306 = EDGE_LOOP ( 'NONE', ( #67, #485, #1065, #873 ) ) ;
#1307 = FILL_AREA_STYLE_COLOUR ( '', #168 ) ;
#1308 = CARTESIAN_POINT ( 'NONE',  ( 8.499999999999996447, -3.629065036196706728, 0.000000000000000000 ) ) ;
#1309 = ORIENTED_EDGE ( 'NONE', *, *, #138, .F. ) ;
#1310 = DIRECTION ( 'NONE',  ( 1.000000000000000000, 0.000000000000000000, 0.000000000000000000 ) ) ;
#1311 = VERTEX_POINT ( 'NONE', #866 ) ;
#1312 = EDGE_CURVE ( 'NONE', #933, #511, #764, .T. ) ;
#1313 = ORIENTED_EDGE ( 'NONE', *, *, #524, .F. ) ;
#1314 = LINE ( 'NONE', #911, #531 ) ;
#1315 = ORIENTED_EDGE ( 'NONE', *, *, #162, .T. ) ;
#1316 = CARTESIAN_POINT ( 'NONE',  ( 15.00000000000000000, 8.095376221225102075E-16, 4.000000000000003553 ) ) ;
#1317 = DIRECTION ( 'NONE',  ( 1.000000000000000000, 1.156482317317871725E-16, -0.000000000000000000 ) ) ;
#1318 = DIRECTION ( 'NONE',  ( -1.000000000000000000, 0.000000000000000000, 0.000000000000000000 ) ) ;
#1319 = EDGE_LOOP ( 'NONE', ( #509, #96, #232, #569 ) ) ;
#1320 = VERTEX_POINT ( 'NONE', #1149 ) ;
#1321 = VECTOR ( 'NONE', #899, 1000.000000000000000 ) ;
#1322 = CIRCLE ( 'NONE', #522, 2.000000000000001776 ) ;
#1323 = EDGE_CURVE ( 'NONE', #705, #739, #1061, .T. ) ;
#1324 = PLANE ( 'NONE',  #310 ) ;
#1325 = CARTESIAN_POINT ( 'NONE',  ( 8.673617379884035472E-16, 0.000000000000000000, 2.000000000000000000 ) ) ;
#1326 = FACE_OUTER_BOUND ( 'NONE', #283, .T. ) ;
#1327 = CARTESIAN_POINT ( 'NONE',  ( 15.00000000000000178, -4.363439511215302602, 16.10000000000000142 ) ) ;
ENDSEC;
END-ISO-10303-21;
