ISO-10303-21;
HEADER;
FILE_DESCRIPTION (( 'STEP AP214' ),
    '1' );
FILE_NAME ('xuanzhuangai.STEP',
    '2026-07-18T04:02:29',
    ( '' ),
    ( '' ),
    'SwSTEP 2.0',
    'SolidWorks 2020',
    '' );
FILE_SCHEMA (( 'AUTOMOTIVE_DESIGN' ));
ENDSEC;

DATA;
#1 = ORIENTED_EDGE ( 'NONE', *, *, #317, .F. ) ;
#2 = ADVANCED_FACE ( 'NONE', ( #619 ), #2097, .F. ) ;
#3 = ORIENTED_EDGE ( 'NONE', *, *, #556, .F. ) ;
#4 = CARTESIAN_POINT ( 'NONE',  ( -39.50000000000000000, 14.00000000000000533, -12.50761889323825926 ) ) ;
#5 = FACE_OUTER_BOUND ( 'NONE', #1704, .T. ) ;
#6 = ORIENTED_EDGE ( 'NONE', *, *, #2133, .F. ) ;
#7 = DIRECTION ( 'NONE',  ( 1.000000000000000000, 0.000000000000000000, 0.000000000000000000 ) ) ;
#8 = VECTOR ( 'NONE', #1211, 1000.000000000000000 ) ;
#9 = EDGE_CURVE ( 'NONE', #1253, #491, #1579, .T. ) ;
#10 = VERTEX_POINT ( 'NONE', #956 ) ;
#11 = DIRECTION ( 'NONE',  ( -0.000000000000000000, -1.000000000000000000, -2.081668171172168513E-16 ) ) ;
#12 = EDGE_LOOP ( 'NONE', ( #1918, #3 ) ) ;
#13 = DIRECTION ( 'NONE',  ( 0.000000000000000000, 1.000000000000000000, 0.000000000000000000 ) ) ;
#14 = CARTESIAN_POINT ( 'NONE',  ( -0.5000000000000000000, 25.50000000000000000, 21.81483215369439321 ) ) ;
#15 = FACE_BOUND ( 'NONE', #1357, .T. ) ;
#16 = VECTOR ( 'NONE', #91, 1000.000000000000000 ) ;
#17 = CARTESIAN_POINT ( 'NONE',  ( 9.799999999999998934, 13.00000000000000000, 24.50000000000000000 ) ) ;
#18 = EDGE_CURVE ( 'NONE', #1595, #671, #1765, .T. ) ;
#19 = DIRECTION ( 'NONE',  ( 0.000000000000000000, 0.000000000000000000, 1.000000000000000000 ) ) ;
#20 = EDGE_LOOP ( 'NONE', ( #1010, #927, #1172, #643 ) ) ;
#21 = DIRECTION ( 'NONE',  ( -1.000000000000000000, -0.000000000000000000, 8.545435842250282219E-17 ) ) ;
#22 = VERTEX_POINT ( 'NONE', #1438 ) ;
#23 = ORIENTED_EDGE ( 'NONE', *, *, #1314, .T. ) ;
#24 = LINE ( 'NONE', #1337, #1025 ) ;
#25 = DIRECTION ( 'NONE',  ( 1.000000000000000000, 0.000000000000000000, 0.000000000000000000 ) ) ;
#26 = DIRECTION ( 'NONE',  ( 1.000000000000000000, -0.000000000000000000, -0.000000000000000000 ) ) ;
#27 = EDGE_CURVE ( 'NONE', #342, #1292, #731, .T. ) ;
#28 = CARTESIAN_POINT ( 'NONE',  ( -34.35999999999999943, 33.43999999999999773, 4.787836793695986003E-15 ) ) ;
#29 = EDGE_LOOP ( 'NONE', ( #180, #928, #269, #1883 ) ) ;
#30 = CARTESIAN_POINT ( 'NONE',  ( -18.90000000000001279, 25.50000000000000000, 24.81483215369439677 ) ) ;
#31 = DIRECTION ( 'NONE',  ( 0.000000000000000000, 4.857225732735060850E-16, 1.000000000000000000 ) ) ;
#32 = ORIENTED_EDGE ( 'NONE', *, *, #1505, .T. ) ;
#33 = ORIENTED_EDGE ( 'NONE', *, *, #1189, .F. ) ;
#34 = CARTESIAN_POINT ( 'NONE',  ( 9.799999999999998934, 13.99999999999999112, 22.86360392632332861 ) ) ;
#35 = LINE ( 'NONE', #1551, #1390 ) ;
#36 = CARTESIAN_POINT ( 'NONE',  ( -30.80000000000000782, -0.000000000000000000, -12.49999999999999822 ) ) ;
#37 = ADVANCED_FACE ( 'NONE', ( #2094 ), #290, .T. ) ;
#38 = CARTESIAN_POINT ( 'NONE',  ( -36.49999999999999289, 20.50000000000000000, -12.45503811362010005 ) ) ;
#39 = CYLINDRICAL_SURFACE ( 'NONE', #288, 1.599999999999986766 ) ;
#40 = DIRECTION ( 'NONE',  ( 1.000000000000000000, 0.000000000000000000, 0.000000000000000000 ) ) ;
#41 = VERTEX_POINT ( 'NONE', #2083 ) ;
#42 = CARTESIAN_POINT ( 'NONE',  ( -0.5000000000000000000, 18.50000000000000000, 24.81483215369439677 ) ) ;
#43 = EDGE_LOOP ( 'NONE', ( #2029, #121, #1889, #971 ) ) ;
#44 = DIRECTION ( 'NONE',  ( -0.000000000000000000, -0.000000000000000000, 1.000000000000000000 ) ) ;
#45 = CIRCLE ( 'NONE', #434, 1.999999999999991340 ) ;
#46 = LINE ( 'NONE', #724, #2132 ) ;
#47 = DIRECTION ( 'NONE',  ( -8.545435842250282219E-17, 0.000000000000000000, -1.000000000000000000 ) ) ;
#48 = AXIS2_PLACEMENT_3D ( 'NONE', #1389, #913, #1565 ) ;
#49 = ORIENTED_EDGE ( 'NONE', *, *, #1635, .F. ) ;
#50 = VERTEX_POINT ( 'NONE', #797 ) ;
#51 = EDGE_LOOP ( 'NONE', ( #234, #717 ) ) ;
#52 = CARTESIAN_POINT ( 'NONE',  ( -5.900000000000009237, 25.50000000000000000, 21.81483215369439321 ) ) ;
#53 = CARTESIAN_POINT ( 'NONE',  ( -39.50000000000000000, 37.00000000000000000, -12.45503811362009472 ) ) ;
#54 = DIRECTION ( 'NONE',  ( 0.000000000000000000, 2.081668171172168513E-16, -1.000000000000000000 ) ) ;
#55 = CARTESIAN_POINT ( 'NONE',  ( -0.5000000000000000000, 18.50000000000000000, 24.81483215369439677 ) ) ;
#56 = VECTOR ( 'NONE', #918, 1000.000000000000000 ) ;
#57 = VECTOR ( 'NONE', #703, 1000.000000000000000 ) ;
#58 = AXIS2_PLACEMENT_3D ( 'NONE', #1458, #1793, #298 ) ;
#59 = EDGE_CURVE ( 'NONE', #980, #500, #1752, .T. ) ;
#60 = VERTEX_POINT ( 'NONE', #2063 ) ;
#61 = VERTEX_POINT ( 'NONE', #764 ) ;
#62 = CARTESIAN_POINT ( 'NONE',  ( -29.09999999999998721, 25.50000000000000000, 24.81483215369439677 ) ) ;
#63 = EDGE_LOOP ( 'NONE', ( #49, #277, #2062, #1960 ) ) ;
#64 = EDGE_CURVE ( 'NONE', #1077, #1603, #1520, .T. ) ;
#65 = VERTEX_POINT ( 'NONE', #1446 ) ;
#66 = LINE ( 'NONE', #745, #1973 ) ;
#67 = DIRECTION ( 'NONE',  ( 1.993935029858399143E-16, -2.081668171172168513E-16, 1.000000000000000000 ) ) ;
#68 = ADVANCED_FACE ( 'NONE', ( #2054 ), #1251, .F. ) ;
#69 = VERTEX_POINT ( 'NONE', #1092 ) ;
#70 = ORIENTED_EDGE ( 'NONE', *, *, #330, .F. ) ;
#71 = DIRECTION ( 'NONE',  ( 1.000000000000000000, 0.000000000000000000, -0.000000000000000000 ) ) ;
#72 = EDGE_CURVE ( 'NONE', #937, #2089, #1659, .T. ) ;
#73 = DIRECTION ( 'NONE',  ( -0.000000000000000000, -4.857225732735060850E-16, -1.000000000000000000 ) ) ;
#74 = PLANE ( 'NONE',  #966 ) ;
#75 = ORIENTED_EDGE ( 'NONE', *, *, #398, .F. ) ;
#76 = AXIS2_PLACEMENT_3D ( 'NONE', #1990, #1670, #864 ) ;
#77 = VERTEX_POINT ( 'NONE', #1897 ) ;
#78 = CARTESIAN_POINT ( 'NONE',  ( -30.80000000000000071, 11.99999999999999822, 24.50000000000000000 ) ) ;
#79 = DIRECTION ( 'NONE',  ( 1.000000000000000000, 0.000000000000000000, 0.000000000000000000 ) ) ;
#80 = EDGE_CURVE ( 'NONE', #65, #768, #416, .T. ) ;
#81 = CYLINDRICAL_SURFACE ( 'NONE', #738, 1.599999999999989431 ) ;
#82 = CIRCLE ( 'NONE', #1506, 3.559999999999997389 ) ;
#83 = ORIENTED_EDGE ( 'NONE', *, *, #9, .T. ) ;
#84 = VERTEX_POINT ( 'NONE', #1084 ) ;
#85 = CARTESIAN_POINT ( 'NONE',  ( -20.50000000000000000, 32.50000000000000000, 24.81483215369439677 ) ) ;
#86 = VERTEX_POINT ( 'NONE', #267 ) ;
#87 = EDGE_LOOP ( 'NONE', ( #1243, #1884 ) ) ;
#88 = EDGE_CURVE ( 'NONE', #1948, #65, #1741, .T. ) ;
#89 = ORIENTED_EDGE ( 'NONE', *, *, #1816, .F. ) ;
#90 = CARTESIAN_POINT ( 'NONE',  ( -28.69333333333333869, 12.00000000000000000, 24.50000000000000000 ) ) ;
#91 = DIRECTION ( 'NONE',  ( 1.000000000000000000, -0.000000000000000000, -0.000000000000000000 ) ) ;
#92 = AXIS2_PLACEMENT_3D ( 'NONE', #492, #131, #7 ) ;
#93 = DIRECTION ( 'NONE',  ( 1.000000000000000000, 0.000000000000000000, 0.000000000000000000 ) ) ;
#94 = VECTOR ( 'NONE', #26, 1000.000000000000000 ) ;
#95 = EDGE_CURVE ( 'NONE', #1462, #114, #513, .T. ) ;
#96 = ORIENTED_EDGE ( 'NONE', *, *, #1461, .T. ) ;
#97 = EDGE_LOOP ( 'NONE', ( #1, #1861, #1124, #1688 ) ) ;
#98 = DIRECTION ( 'NONE',  ( 0.000000000000000000, 4.857225732735060850E-16, 1.000000000000000000 ) ) ;
#99 = CARTESIAN_POINT ( 'NONE',  ( -30.80000000000000071, 13.99999999999999822, 23.59081177897000359 ) ) ;
#100 = ORIENTED_EDGE ( 'NONE', *, *, #80, .F. ) ;
#101 = AXIS2_PLACEMENT_3D ( 'NONE', #1970, #1658, #839 ) ;
#102 = FACE_BOUND ( 'NONE', #1899, .T. ) ;
#103 = CIRCLE ( 'NONE', #1312, 1.599999999999989875 ) ;
#104 = VERTEX_POINT ( 'NONE', #1965 ) ;
#105 = DIRECTION ( 'NONE',  ( 1.000000000000000000, -0.000000000000000000, -0.000000000000000000 ) ) ;
#106 = PLANE ( 'NONE',  #582 ) ;
#107 = EDGE_CURVE ( 'NONE', #1768, #86, #1496, .T. ) ;
#108 = ORIENTED_EDGE ( 'NONE', *, *, #2069, .F. ) ;
#109 = DIRECTION ( 'NONE',  ( -0.000000000000000000, -0.000000000000000000, 1.000000000000000000 ) ) ;
#110 = DIRECTION ( 'NONE',  ( -0.000000000000000000, -0.000000000000000000, -1.000000000000000000 ) ) ;
#111 = DIRECTION ( 'NONE',  ( 1.000000000000000000, 0.000000000000000000, 0.000000000000000000 ) ) ;
#112 = PRODUCT_DEFINITION_SHAPE ( 'NONE', 'NONE',  #849 ) ;
#113 = ORIENTED_EDGE ( 'NONE', *, *, #869, .F. ) ;
#114 = VERTEX_POINT ( 'NONE', #832 ) ;
#115 = VERTEX_POINT ( 'NONE', #475 ) ;
#116 = FACE_BOUND ( 'NONE', #259, .T. ) ;
#117 = ORIENTED_EDGE ( 'NONE', *, *, #270, .F. ) ;
#118 = DIRECTION ( 'NONE',  ( -0.000000000000000000, -0.000000000000000000, -1.000000000000000000 ) ) ;
#119 = DIRECTION ( 'NONE',  ( -0.000000000000000000, -0.000000000000000000, -1.000000000000000000 ) ) ;
#120 = AXIS2_PLACEMENT_3D ( 'NONE', #656, #1453, #332 ) ;
#121 = ORIENTED_EDGE ( 'NONE', *, *, #1426, .F. ) ;
#122 = DIRECTION ( 'NONE',  ( 1.000000000000000000, 0.000000000000000000, 0.000000000000000000 ) ) ;
#123 = CIRCLE ( 'NONE', #48, 1.599999999999990319 ) ;
#124 = DIRECTION ( 'NONE',  ( -0.000000000000000000, -0.000000000000000000, -1.000000000000000000 ) ) ;
#125 = AXIS2_PLACEMENT_3D ( 'NONE', #133, #1429, #641 ) ;
#126 = EDGE_CURVE ( 'NONE', #300, #938, #484, .T. ) ;
#127 = ORIENTED_EDGE ( 'NONE', *, *, #625, .F. ) ;
#128 = DIRECTION ( 'NONE',  ( -0.000000000000000000, -0.000000000000000000, 1.000000000000000000 ) ) ;
#129 = DIRECTION ( 'NONE',  ( -0.000000000000000000, -0.000000000000000000, 1.000000000000000000 ) ) ;
#130 = CARTESIAN_POINT ( 'NONE',  ( 6.500000000000000000, 25.50000000000000000, 24.81483215369439677 ) ) ;
#131 = DIRECTION ( 'NONE',  ( -0.000000000000000000, 0.000000000000000000, 1.000000000000000000 ) ) ;
#132 = EDGE_CURVE ( 'NONE', #1411, #598, #1149, .T. ) ;
#133 = CARTESIAN_POINT ( 'NONE',  ( 18.50000000000000000, 14.00000000000000000, 18.50000000000000000 ) ) ;
#134 = SURFACE_SIDE_STYLE ('',( #1781 ) ) ;
#135 = VECTOR ( 'NONE', #228, 1000.000000000000000 ) ;
#136 = ORIENTED_EDGE ( 'NONE', *, *, #126, .T. ) ;
#137 = ORIENTED_EDGE ( 'NONE', *, *, #1717, .F. ) ;
#138 = DIRECTION ( 'NONE',  ( 1.000000000000000000, -0.000000000000000000, -0.000000000000000000 ) ) ;
#139 = FACE_OUTER_BOUND ( 'NONE', #763, .T. ) ;
#140 = EDGE_CURVE ( 'NONE', #1292, #342, #626, .T. ) ;
#141 = EDGE_CURVE ( 'NONE', #1105, #1404, #1304, .T. ) ;
#142 = DIRECTION ( 'NONE',  ( -0.000000000000000000, -0.000000000000000000, 1.000000000000000000 ) ) ;
#143 = ORIENTED_EDGE ( 'NONE', *, *, #1300, .T. ) ;
#144 = DIRECTION ( 'NONE',  ( 0.000000000000000000, 0.000000000000000000, 1.000000000000000000 ) ) ;
#145 = FACE_OUTER_BOUND ( 'NONE', #43, .T. ) ;
#146 = CARTESIAN_POINT ( 'NONE',  ( 18.50000000000000000, 14.00000000000000000, 18.50000000000000000 ) ) ;
#147 = EDGE_CURVE ( 'NONE', #478, #741, #1729, .T. ) ;
#148 = EDGE_LOOP ( 'NONE', ( #1427, #562, #1165, #785, #1872, #777, #1280, #403, #824, #1431 ) ) ;
#149 = CARTESIAN_POINT ( 'NONE',  ( -25.90000000000001279, 25.50000000000000000, 24.81483215369439677 ) ) ;
#150 = CARTESIAN_POINT ( 'NONE',  ( -13.50000000000000000, 25.50000000000000000, 24.81483215369439677 ) ) ;
#151 = DIRECTION ( 'NONE',  ( -0.000000000000000000, -0.000000000000000000, 1.000000000000000000 ) ) ;
#152 = APPLICATION_CONTEXT ( 'automotive_design' ) ;
#153 = ADVANCED_FACE ( 'NONE', ( #1002, #2104, #156 ), #1650, .F. ) ;
#154 = ORIENTED_EDGE ( 'NONE', *, *, #817, .T. ) ;
#155 = VECTOR ( 'NONE', #845, 1000.000000000000000 ) ;
#156 = FACE_OUTER_BOUND ( 'NONE', #407, .T. ) ;
#157 = DIRECTION ( 'NONE',  ( 0.000000000000000000, 1.000000000000000000, -4.336808689942019215E-16 ) ) ;
#158 = DIRECTION ( 'NONE',  ( -1.000000000000000000, 0.000000000000000000, 0.000000000000000000 ) ) ;
#159 = CARTESIAN_POINT ( 'NONE',  ( -36.49999999999999289, 20.50000000000000000, -8.455038113620098272 ) ) ;
#160 = ORIENTED_EDGE ( 'NONE', *, *, #27, .F. ) ;
#161 = LINE ( 'NONE', #4, #892 ) ;
#162 = AXIS2_PLACEMENT_3D ( 'NONE', #55, #1891, #746 ) ;
#163 = CARTESIAN_POINT ( 'NONE',  ( -35.93999999999999773, 37.00000000000000000, -8.455038113620094720 ) ) ;
#164 = EDGE_CURVE ( 'NONE', #1054, #766, #1133, .T. ) ;
#165 = CYLINDRICAL_SURFACE ( 'NONE', #1624, 3.559999999999993836 ) ;
#166 = EDGE_CURVE ( 'NONE', #2087, #1301, #2060, .T. ) ;
#167 = CARTESIAN_POINT ( 'NONE',  ( -2.099999999999990319, 25.50000000000000000, 21.81483215369439321 ) ) ;
#168 = CARTESIAN_POINT ( 'NONE',  ( -40.66000000000000369, 12.00000000000000000, 24.21999999999999886 ) ) ;
#169 = AXIS2_PLACEMENT_3D ( 'NONE', #985, #993, #661 ) ;
#170 = ORIENTED_EDGE ( 'NONE', *, *, #2056, .T. ) ;
#171 = DIRECTION ( 'NONE',  ( 0.000000000000000000, 1.000000000000000000, -4.872818752743839266E-16 ) ) ;
#172 = AXIS2_PLACEMENT_3D ( 'NONE', #1386, #1372, #1065 ) ;
#173 = VERTEX_POINT ( 'NONE', #1809 ) ;
#174 = DIRECTION ( 'NONE',  ( -0.000000000000000000, -0.000000000000000000, -1.000000000000000000 ) ) ;
#175 = FACE_OUTER_BOUND ( 'NONE', #321, .T. ) ;
#176 = EDGE_CURVE ( 'NONE', #660, #22, #1485, .T. ) ;
#177 = AXIS2_PLACEMENT_3D ( 'NONE', #1853, #541, #1668 ) ;
#178 = VECTOR ( 'NONE', #865, 1000.000000000000000 ) ;
#179 = AXIS2_PLACEMENT_3D ( 'NONE', #638, #1952, #1141 ) ;
#180 = ORIENTED_EDGE ( 'NONE', *, *, #545, .F. ) ;
#181 = CARTESIAN_POINT ( 'NONE',  ( 6.500000000000000000, 25.50000000000000000, 21.81483215369439321 ) ) ;
#182 = PRODUCT_DEFINITION_CONTEXT ( 'detailed design', #152, 'design' ) ;
#183 = CARTESIAN_POINT ( 'NONE',  ( 9.799999999999991829, 14.00000000000000000, 18.50000000000000000 ) ) ;
#184 = CARTESIAN_POINT ( 'NONE',  ( -30.80000000000000071, 12.00000000000000000, 18.50000000000000000 ) ) ;
#185 = ORIENTED_EDGE ( 'NONE', *, *, #80, .T. ) ;
#186 = CARTESIAN_POINT ( 'NONE',  ( -10.49999999999999822, 14.00000000000000000, 21.81483215369439677 ) ) ;
#187 = DIRECTION ( 'NONE',  ( -8.545435842250282219E-17, 0.000000000000000000, -1.000000000000000000 ) ) ;
#188 = ORIENTED_EDGE ( 'NONE', *, *, #1794, .T. ) ;
#189 = CARTESIAN_POINT ( 'NONE',  ( -39.50000000000000000, 12.00000000000000000, -12.50761889323825926 ) ) ;
#190 = CARTESIAN_POINT ( 'NONE',  ( -22.09999999999998721, 25.50000000000000000, 24.81483215369439677 ) ) ;
#191 = FACE_OUTER_BOUND ( 'NONE', #574, .T. ) ;
#192 = CARTESIAN_POINT ( 'NONE',  ( -35.93999999999999773, 37.00000000000000000, 4.787836793695986003E-15 ) ) ;
#193 = B_SPLINE_CURVE_WITH_KNOTS ( 'NONE', 3,
 ( #1527, #34, #1350, #1011, #710, #2000, #1183 ),
 .UNSPECIFIED., .F., .F.,
 ( 4, 3, 4 ),
 ( 0.0005454058894849983519, 0.001636217668454995056, 0.002545405889485000128 ),
 .UNSPECIFIED. ) ;
#194 = VERTEX_POINT ( 'NONE', #1143 ) ;
#195 = LINE ( 'NONE', #681, #1206 ) ;
#196 = DIRECTION ( 'NONE',  ( -8.545435842250282219E-17, 0.000000000000000000, -1.000000000000000000 ) ) ;
#197 = ORIENTED_EDGE ( 'NONE', *, *, #1505, .F. ) ;
#198 = ORIENTED_EDGE ( 'NONE', *, *, #176, .F. ) ;
#199 = FACE_OUTER_BOUND ( 'NONE', #700, .T. ) ;
#200 = FACE_BOUND ( 'NONE', #87, .T. ) ;
#201 = VECTOR ( 'NONE', #780, 1000.000000000000000 ) ;
#202 = CARTESIAN_POINT ( 'NONE',  ( 15.49999999999999112, 20.50000000000000000, -12.50761889323825926 ) ) ;
#203 = CIRCLE ( 'NONE', #688, 3.560000000000000497 ) ;
#204 = DIRECTION ( 'NONE',  ( -1.000000000000000000, -0.000000000000000000, 1.993935029858399143E-16 ) ) ;
#205 = ORIENTED_EDGE ( 'NONE', *, *, #1477, .T. ) ;
#206 = DIRECTION ( 'NONE',  ( -0.000000000000000000, 0.000000000000000000, -1.000000000000000000 ) ) ;
#207 = FACE_OUTER_BOUND ( 'NONE', #1480, .T. ) ;
#208 = ORIENTED_EDGE ( 'NONE', *, *, #1612, .T. ) ;
#209 = DIRECTION ( 'NONE',  ( -0.000000000000000000, -4.336808689942017736E-16, -1.000000000000000000 ) ) ;
#210 = LINE ( 'NONE', #1503, #517 ) ;
#211 = LINE ( 'NONE', #1175, #1732 ) ;
#212 = FACE_OUTER_BOUND ( 'NONE', #1398, .T. ) ;
#213 = MECHANICAL_DESIGN_GEOMETRIC_PRESENTATION_REPRESENTATION (  '', ( #278 ), #771 ) ;
#214 = EDGE_CURVE ( 'NONE', #173, #937, #1289, .T. ) ;
#215 = ORIENTED_EDGE ( 'NONE', *, *, #1982, .T. ) ;
#216 = LINE ( 'NONE', #885, #275 ) ;
#217 = ORIENTED_EDGE ( 'NONE', *, *, #1892, .T. ) ;
#218 = CYLINDRICAL_SURFACE ( 'NONE', #1827, 1.599999999999990097 ) ;
#219 = CIRCLE ( 'NONE', #1780, 1.599999999999986766 ) ;
#220 = CARTESIAN_POINT ( 'NONE',  ( 18.50000000000000000, 13.99999999999998757, -12.50000000004547474 ) ) ;
#221 = DIRECTION ( 'NONE',  ( 0.000000000000000000, 1.000000000000000000, 0.000000000000000000 ) ) ;
#222 = EDGE_LOOP ( 'NONE', ( #796, #1521 ) ) ;
#223 = EDGE_LOOP ( 'NONE', ( #1817, #1536, #217, #1469 ) ) ;
#224 = CARTESIAN_POINT ( 'NONE',  ( 11.50000000000000888, 20.50000000000000000, -12.50761889323825926 ) ) ;
#225 = VECTOR ( 'NONE', #1285, 1000.000000000000000 ) ;
#226 = ORIENTED_EDGE ( 'NONE', *, *, #377, .F. ) ;
#227 = DIRECTION ( 'NONE',  ( 1.000000000000000000, 0.000000000000000000, 0.000000000000000000 ) ) ;
#228 = DIRECTION ( 'NONE',  ( -1.000000000000000000, -0.000000000000000000, -0.000000000000000000 ) ) ;
#229 = DIRECTION ( 'NONE',  ( 0.000000000000000000, 0.000000000000000000, -1.000000000000000000 ) ) ;
#230 = LINE ( 'NONE', #935, #16 ) ;
#231 = ADVANCED_FACE ( 'NONE', ( #650 ), #977, .T. ) ;
#232 = LINE ( 'NONE', #901, #694 ) ;
#233 = ORIENTED_EDGE ( 'NONE', *, *, #1826, .T. ) ;
#234 = ORIENTED_EDGE ( 'NONE', *, *, #817, .F. ) ;
#235 = CARTESIAN_POINT ( 'NONE',  ( -2.099999999999988542, 32.50000000000000000, 24.81483215369439677 ) ) ;
#236 = EDGE_CURVE ( 'NONE', #1866, #1405, #825, .T. ) ;
#237 = CYLINDRICAL_SURFACE ( 'NONE', #1235, 1.999999999999988010 ) ;
#238 = VERTEX_POINT ( 'NONE', #1476 ) ;
#239 = CARTESIAN_POINT ( 'NONE',  ( -0.5000000000000000000, 32.50000000000000000, 24.81483215369439677 ) ) ;
#240 = FACE_BOUND ( 'NONE', #1498, .T. ) ;
#241 = CARTESIAN_POINT ( 'NONE',  ( 9.799999999999993605, 14.00000000000000000, -2.499999999999998668 ) ) ;
#242 = DIRECTION ( 'NONE',  ( -0.000000000000000000, -4.857225732735060850E-16, -1.000000000000000000 ) ) ;
#243 = VECTOR ( 'NONE', #1642, 1000.000000000000000 ) ;
#244 = AXIS2_PLACEMENT_3D ( 'NONE', #991, #1021, #1361 ) ;
#245 = EDGE_CURVE ( 'NONE', #2089, #937, #1419, .T. ) ;
#246 = AXIS2_PLACEMENT_3D ( 'NONE', #964, #142, #822 ) ;
#247 = ORIENTED_EDGE ( 'NONE', *, *, #1142, .F. ) ;
#248 = ORIENTED_EDGE ( 'NONE', *, *, #386, .F. ) ;
#249 = FACE_OUTER_BOUND ( 'NONE', #628, .T. ) ;
#250 = FACE_OUTER_BOUND ( 'NONE', #148, .T. ) ;
#251 = EDGE_LOOP ( 'NONE', ( #1571, #2116, #932, #1420 ) ) ;
#252 = CARTESIAN_POINT ( 'NONE',  ( 13.50000000000000000, 30.50000000000000000, -12.50761889323825926 ) ) ;
#253 = DIRECTION ( 'NONE',  ( -0.000000000000000000, -2.081668171172168513E-16, 1.000000000000000000 ) ) ;
#254 = LINE ( 'NONE', #1785, #1661 ) ;
#255 = ORIENTED_EDGE ( 'NONE', *, *, #719, .F. ) ;
#256 = ORIENTED_EDGE ( 'NONE', *, *, #781, .T. ) ;
#257 = ADVANCED_FACE ( 'NONE', ( #1299 ), #1803, .F. ) ;
#258 = AXIS2_PLACEMENT_3D ( 'NONE', #2126, #196, #836 ) ;
#259 = EDGE_LOOP ( 'NONE', ( #753, #70 ) ) ;
#260 = ORIENTED_EDGE ( 'NONE', *, *, #1586, .T. ) ;
#261 = ORIENTED_EDGE ( 'NONE', *, *, #1036, .F. ) ;
#262 = CARTESIAN_POINT ( 'NONE',  ( 9.800000000000002487, 11.99999999999999822, 24.50000000000000000 ) ) ;
#263 = DIRECTION ( 'NONE',  ( -0.000000000000000000, 0.000000000000000000, 1.000000000000000000 ) ) ;
#264 = ADVANCED_FACE ( 'NONE', ( #1308 ), #165, .T. ) ;
#265 = EDGE_LOOP ( 'NONE', ( #1091, #1771, #338, #1721 ) ) ;
#266 = EDGE_LOOP ( 'NONE', ( #1459, #1750 ) ) ;
#267 = CARTESIAN_POINT ( 'NONE',  ( 18.50000000000000000, 33.44000000000000483, -8.499999999988647303 ) ) ;
#268 = CARTESIAN_POINT ( 'NONE',  ( -30.80000000000000071, 13.99999999999999822, 23.40900981580833218 ) ) ;
#269 = ORIENTED_EDGE ( 'NONE', *, *, #2080, .F. ) ;
#270 = EDGE_CURVE ( 'NONE', #948, #1714, #524, .T. ) ;
#271 = FACE_BOUND ( 'NONE', #1905, .T. ) ;
#272 = ORIENTED_EDGE ( 'NONE', *, *, #1447, .T. ) ;
#273 = FACE_OUTER_BOUND ( 'NONE', #940, .T. ) ;
#274 = DIRECTION ( 'NONE',  ( -0.000000000000000000, -0.000000000000000000, 1.000000000000000000 ) ) ;
#275 = VECTOR ( 'NONE', #1713, 1000.000000000000000 ) ;
#276 = AXIS2_PLACEMENT_3D ( 'NONE', #953, #793, #1444 ) ;
#277 = ORIENTED_EDGE ( 'NONE', *, *, #705, .F. ) ;
#278 = STYLED_ITEM ( 'NONE', ( #1399 ), #1672 ) ;
#279 = DIRECTION ( 'NONE',  ( 0.000000000000000000, 0.000000000000000000, 1.000000000000000000 ) ) ;
#280 = DIRECTION ( 'NONE',  ( -0.000000000000000000, -0.000000000000000000, 1.000000000000000000 ) ) ;
#281 = DIRECTION ( 'NONE',  ( -8.545435842250282219E-17, 0.000000000000000000, -1.000000000000000000 ) ) ;
#282 = ORIENTED_EDGE ( 'NONE', *, *, #1472, .T. ) ;
#283 = DIRECTION ( 'NONE',  ( 1.000000000000000000, 0.000000000000000000, 0.000000000000000000 ) ) ;
#284 = CIRCLE ( 'NONE', #1665, 3.559999999999998721 ) ;
#285 = EDGE_LOOP ( 'NONE', ( #453, #1086, #1370, #1001, #1592, #510 ) ) ;
#286 = CARTESIAN_POINT ( 'NONE',  ( -20.50000000000000000, 25.50000000000000000, 21.81483215369439677 ) ) ;
#287 = DIRECTION ( 'NONE',  ( -1.000000000000000000, 0.000000000000000000, 0.000000000000000000 ) ) ;
#288 = AXIS2_PLACEMENT_3D ( 'NONE', #855, #2018, #1201 ) ;
#289 = EDGE_LOOP ( 'NONE', ( #528, #89 ) ) ;
#290 = CYLINDRICAL_SURFACE ( 'NONE', #445, 3.559999999999997389 ) ;
#291 = EDGE_CURVE ( 'NONE', #1852, #311, #232, .T. ) ;
#292 = ORIENTED_EDGE ( 'NONE', *, *, #1353, .F. ) ;
#293 = ORIENTED_EDGE ( 'NONE', *, *, #1717, .T. ) ;
#294 = CARTESIAN_POINT ( 'NONE',  ( 9.799999999999993605, 14.00000000000000000, 16.00000000000000000 ) ) ;
#295 = CARTESIAN_POINT ( 'NONE',  ( -25.90000000000001279, 25.50000000000000000, 21.81483215369439677 ) ) ;
#296 = CIRCLE ( 'NONE', #607, 1.599999999999986766 ) ;
#297 = EDGE_CURVE ( 'NONE', #238, #10, #219, .T. ) ;
#298 = DIRECTION ( 'NONE',  ( 1.000000000000000000, 0.000000000000000000, 0.000000000000000000 ) ) ;
#299 = ORIENTED_EDGE ( 'NONE', *, *, #1924, .T. ) ;
#300 = VERTEX_POINT ( 'NONE', #2005 ) ;
#301 = DIRECTION ( 'NONE',  ( 1.000000000000000000, 0.000000000000000000, 0.000000000000000000 ) ) ;
#302 = AXIS2_PLACEMENT_3D ( 'NONE', #150, #129, #944 ) ;
#303 = LINE ( 'NONE', #146, #449 ) ;
#304 = ADVANCED_FACE ( 'NONE', ( #191 ), #39, .F. ) ;
#305 = VERTEX_POINT ( 'NONE', #1544 ) ;
#306 = VERTEX_POINT ( 'NONE', #1150 ) ;
#307 = DIRECTION ( 'NONE',  ( 1.000000000000000000, 0.000000000000000000, 0.000000000000000000 ) ) ;
#308 = LINE ( 'NONE', #973, #1129 ) ;
#309 = DIRECTION ( 'NONE',  ( -0.000000000000000000, -0.000000000000000000, 1.000000000000000000 ) ) ;
#310 = EDGE_CURVE ( 'NONE', #1182, #1154, #2124, .T. ) ;
#311 = VERTEX_POINT ( 'NONE', #183 ) ;
#312 = DIRECTION ( 'NONE',  ( -8.545435842250282219E-17, 0.000000000000000000, -1.000000000000000000 ) ) ;
#313 = CARTESIAN_POINT ( 'NONE',  ( 13.50000000000000000, 20.50000000000000000, -12.50761889323825926 ) ) ;
#314 = ORIENTED_EDGE ( 'NONE', *, *, #1555, .F. ) ;
#315 = DIRECTION ( 'NONE',  ( -1.000000000000000000, 0.000000000000000000, 0.000000000000000000 ) ) ;
#316 = DIRECTION ( 'NONE',  ( -0.000000000000000000, -0.000000000000000000, 1.000000000000000000 ) ) ;
#317 = EDGE_CURVE ( 'NONE', #1975, #311, #1643, .T. ) ;
#318 = CARTESIAN_POINT ( 'NONE',  ( -18.90000000000001279, 18.50000000000000000, 24.81483215369439677 ) ) ;
#319 = CARTESIAN_POINT ( 'NONE',  ( 13.50000000000000000, 20.50000000000000000, -8.499999999988641974 ) ) ;
#320 = FACE_OUTER_BOUND ( 'NONE', #835, .T. ) ;
#321 = EDGE_LOOP ( 'NONE', ( #606, #588, #1384, #2033 ) ) ;
#322 = CYLINDRICAL_SURFACE ( 'NONE', #1403, 1.599999999999986766 ) ;
#323 = DIRECTION ( 'NONE',  ( 1.000000000000000000, 0.000000000000000000, 0.000000000000000000 ) ) ;
#324 = AXIS2_PLACEMENT_3D ( 'NONE', #838, #972, #636 ) ;
#325 = EDGE_CURVE ( 'NONE', #2011, #1452, #476, .T. ) ;
#326 = EDGE_LOOP ( 'NONE', ( #1578, #931, #469, #917, #1233, #1739 ) ) ;
#327 = COLOUR_RGB ( '',0.7921568627450980005, 0.8196078431372548767, 0.9333333333333333481 ) ;
#328 = DIRECTION ( 'NONE',  ( -1.000000000000000000, 0.000000000000000000, 0.000000000000000000 ) ) ;
#329 = CARTESIAN_POINT ( 'NONE',  ( -30.80000000000000071, 37.00000000000000000, 21.81483215369439677 ) ) ;
#330 = EDGE_CURVE ( 'NONE', #1301, #2087, #1430, .T. ) ;
#331 = VERTEX_POINT ( 'NONE', #167 ) ;
#332 = DIRECTION ( 'NONE',  ( -1.000000000000000000, 0.000000000000000000, 0.000000000000000000 ) ) ;
#333 = CARTESIAN_POINT ( 'NONE',  ( -39.50000000000000000, 14.00000000000000533, -12.45503811362010005 ) ) ;
#334 = CARTESIAN_POINT ( 'NONE',  ( -30.80000000000000782, 33.43999999999999773, -8.455038113620094720 ) ) ;
#335 = AXIS2_PLACEMENT_3D ( 'NONE', #2042, #750, #2030 ) ;
#336 = LINE ( 'NONE', #1486, #951 ) ;
#337 = VECTOR ( 'NONE', #1621, 1000.000000000000000 ) ;
#338 = ORIENTED_EDGE ( 'NONE', *, *, #869, .T. ) ;
#339 = CARTESIAN_POINT ( 'NONE',  ( -34.50000000000000000, 30.50000000000000000, -8.455038113620096496 ) ) ;
#340 = DIRECTION ( 'NONE',  ( 1.000000000000000000, -0.000000000000000000, -0.000000000000000000 ) ) ;
#341 = CIRCLE ( 'NONE', #244, 1.599999999999986766 ) ;
#342 = VERTEX_POINT ( 'NONE', #1321 ) ;
#343 = LINE ( 'NONE', #189, #1291 ) ;
#344 = CARTESIAN_POINT ( 'NONE',  ( -18.90000000000001279, 25.50000000000000000, 21.81483215369439677 ) ) ;
#345 = CIRCLE ( 'NONE', #58, 1.599999999999988542 ) ;
#346 = CARTESIAN_POINT ( 'NONE',  ( -20.50000000000000000, 32.50000000000000000, 21.81483215369439677 ) ) ;
#347 = CARTESIAN_POINT ( 'NONE',  ( 9.799999999999998934, 12.00000000000000000, 18.50000000000000000 ) ) ;
#348 = VERTEX_POINT ( 'NONE', #1797 ) ;
#349 = DIRECTION ( 'NONE',  ( 0.000000000000000000, 1.000000000000000000, 0.000000000000000000 ) ) ;
#350 = EDGE_LOOP ( 'NONE', ( #1701, #743, #614, #765 ) ) ;
#351 = DIRECTION ( 'NONE',  ( -0.000000000000000000, -1.000000000000000000, -0.000000000000000000 ) ) ;
#352 = CARTESIAN_POINT ( 'NONE',  ( -30.80000000000000782, 12.00000000000000000, 18.50000000000000000 ) ) ;
#353 = DIRECTION ( 'NONE',  ( -0.000000000000000000, -0.000000000000000000, 1.000000000000000000 ) ) ;
#354 = FACE_OUTER_BOUND ( 'NONE', #1755, .T. ) ;
#355 = EDGE_CURVE ( 'NONE', #1117, #1844, #652, .T. ) ;
#356 = CIRCLE ( 'NONE', #1575, 1.999999999999991340 ) ;
#357 = CARTESIAN_POINT ( 'NONE',  ( -30.80000000000000782, 14.00000000000000000, 18.50000000000000000 ) ) ;
#358 = ORIENTED_EDGE ( 'NONE', *, *, #1113, .T. ) ;
#359 = CARTESIAN_POINT ( 'NONE',  ( -0.5000000000000000000, 32.50000000000000000, 24.81483215369439677 ) ) ;
#360 = DIRECTION ( 'NONE',  ( 0.000000000000000000, 0.000000000000000000, -1.000000000000000000 ) ) ;
#361 = DIRECTION ( 'NONE',  ( -0.000000000000000000, -0.000000000000000000, 1.000000000000000000 ) ) ;
#362 = ADVANCED_FACE ( 'NONE', ( #145 ), #1974, .T. ) ;
#363 = ORIENTED_EDGE ( 'NONE', *, *, #774, .T. ) ;
#364 = DIRECTION ( 'NONE',  ( 0.000000000000000000, 0.000000000000000000, -1.000000000000000000 ) ) ;
#365 = CARTESIAN_POINT ( 'NONE',  ( 9.800000000000002487, 11.99999999999999822, 24.81483215369439677 ) ) ;
#366 = CIRCLE ( 'NONE', #1329, 1.999999999999991340 ) ;
#367 = FACE_BOUND ( 'NONE', #1208, .T. ) ;
#368 = EDGE_CURVE ( 'NONE', #10, #1292, #336, .T. ) ;
#369 = DIRECTION ( 'NONE',  ( 1.000000000000000000, -0.000000000000000000, -0.000000000000000000 ) ) ;
#370 = EDGE_LOOP ( 'NONE', ( #1921, #1873, #862, #732 ) ) ;
#371 = VERTEX_POINT ( 'NONE', #1664 ) ;
#372 = LINE ( 'NONE', #352, #1115 ) ;
#373 = FACE_BOUND ( 'NONE', #1216, .T. ) ;
#374 = AXIS2_PLACEMENT_3D ( 'NONE', #181, #679, #2114 ) ;
#375 = CIRCLE ( 'NONE', #1041, 3.559999999999997389 ) ;
#376 = CARTESIAN_POINT ( 'NONE',  ( 9.799999999999998934, 14.00000000000000000, 22.50000000000000000 ) ) ;
#377 = EDGE_CURVE ( 'NONE', #1841, #1117, #2006, .T. ) ;
#378 = AXIS2_PLACEMENT_3D ( 'NONE', #339, #1499, #349 ) ;
#379 = CIRCLE ( 'NONE', #1777, 1.599999999999986766 ) ;
#380 = CARTESIAN_POINT ( 'NONE',  ( 9.800000000000014921, 13.99999999999999822, -8.499999999988638422 ) ) ;
#381 = EDGE_LOOP ( 'NONE', ( #2066, #2081, #1570, #1860, #1758, #1561, #1932 ) ) ;
#382 = ORIENTED_EDGE ( 'NONE', *, *, #141, .F. ) ;
#383 = FACE_OUTER_BOUND ( 'NONE', #1043, .T. ) ;
#384 = ORIENTED_EDGE ( 'NONE', *, *, #368, .T. ) ;
#385 = DIRECTION ( 'NONE',  ( 0.000000000000000000, -1.000000000000000000, -2.081668171172168513E-16 ) ) ;
#386 = EDGE_CURVE ( 'NONE', #1577, #419, #1202, .T. ) ;
#387 = VECTOR ( 'NONE', #1144, 1000.000000000000000 ) ;
#388 = FACE_BOUND ( 'NONE', #266, .T. ) ;
#389 = CARTESIAN_POINT ( 'NONE',  ( 11.50000000000000888, 30.50000000000000000, -8.499999999988645527 ) ) ;
#390 = EDGE_CURVE ( 'NONE', #1714, #671, #1967, .T. ) ;
#391 = VERTEX_POINT ( 'NONE', #1191 ) ;
#392 = ORIENTED_EDGE ( 'NONE', *, *, #1804, .F. ) ;
#393 = DIRECTION ( 'NONE',  ( 0.000000000000000000, -0.000000000000000000, 1.000000000000000000 ) ) ;
#394 = VECTOR ( 'NONE', #2129, 1000.000000000000000 ) ;
#395 = ORIENTED_EDGE ( 'NONE', *, *, #1353, .T. ) ;
#396 = CYLINDRICAL_SURFACE ( 'NONE', #1488, 1.599999999999990097 ) ;
#397 = CARTESIAN_POINT ( 'NONE',  ( -30.80000000000000071, 13.99999999999999822, 24.50000000000000000 ) ) ;
#398 = EDGE_CURVE ( 'NONE', #1844, #678, #1850, .T. ) ;
#399 = DIRECTION ( 'NONE',  ( -0.000000000000000000, -1.000000000000000000, -2.081668171172168513E-16 ) ) ;
#400 = DIRECTION ( 'NONE',  ( 1.000000000000000000, 0.000000000000000000, 0.000000000000000000 ) ) ;
#401 = AXIS2_PLACEMENT_3D ( 'NONE', #1762, #1127, #1950 ) ;
#402 = AXIS2_PLACEMENT_3D ( 'NONE', #2084, #1271, #1610 ) ;
#403 = ORIENTED_EDGE ( 'NONE', *, *, #1387, .F. ) ;
#404 = ORIENTED_EDGE ( 'NONE', *, *, #915, .F. ) ;
#405 = CARTESIAN_POINT ( 'NONE',  ( -30.80000000000000071, 33.43999999999999773, -12.45503811362009650 ) ) ;
#406 = DIRECTION ( 'NONE',  ( -0.000000000000000000, -0.000000000000000000, -1.000000000000000000 ) ) ;
#407 = EDGE_LOOP ( 'NONE', ( #113, #1359, #1513, #1662, #618, #1806 ) ) ;
#408 = EDGE_LOOP ( 'NONE', ( #1613, #439, #1822, #1367, #942, #1179 ) ) ;
#409 = CARTESIAN_POINT ( 'NONE',  ( -11.00000000000000355, 12.00000000000000000, 24.50000000000000000 ) ) ;
#410 = CARTESIAN_POINT ( 'NONE',  ( 13.50000000000000000, 20.50000000000000000, -12.50000000004547474 ) ) ;
#411 = AXIS2_PLACEMENT_3D ( 'NONE', #85, #463, #2071 ) ;
#412 = ADVANCED_FACE ( 'NONE', ( #1365 ), #870, .F. ) ;
#413 = AXIS2_PLACEMENT_3D ( 'NONE', #1611, #124, #798 ) ;
#414 = ORIENTED_EDGE ( 'NONE', *, *, #2044, .F. ) ;
#415 = ORIENTED_EDGE ( 'NONE', *, *, #1833, .T. ) ;
#416 = LINE ( 'NONE', #947, #1556 ) ;
#417 = CARTESIAN_POINT ( 'NONE',  ( -30.80000000000000071, 13.99999999999999822, 22.86360392632332861 ) ) ;
#418 = EDGE_LOOP ( 'NONE', ( #188, #1740, #1237, #577 ) ) ;
#419 = VERTEX_POINT ( 'NONE', #380 ) ;
#420 = ORIENTED_EDGE ( 'NONE', *, *, #1816, .T. ) ;
#421 = CARTESIAN_POINT ( 'NONE',  ( -2.680000000000003713, 12.00000000000000000, 24.50000000000000000 ) ) ;
#422 = DIRECTION ( 'NONE',  ( -0.000000000000000000, -0.000000000000000000, 1.000000000000000000 ) ) ;
#423 = AXIS2_PLACEMENT_3D ( 'NONE', #1151, #664, #1966 ) ;
#424 = ADVANCED_FACE ( 'NONE', ( #1048 ), #782, .T. ) ;
#425 = ORIENTED_EDGE ( 'NONE', *, *, #1723, .F. ) ;
#426 = VERTEX_POINT ( 'NONE', #1886 ) ;
#427 = DIRECTION ( 'NONE',  ( 1.000000000000000000, 0.000000000000000000, 0.000000000000000000 ) ) ;
#428 = ORIENTED_EDGE ( 'NONE', *, *, #1519, .T. ) ;
#429 = SURFACE_STYLE_FILL_AREA ( #1769 ) ;
#430 = ADVANCED_FACE ( 'NONE', ( #250 ), #74, .F. ) ;
#431 = ORIENTED_EDGE ( 'NONE', *, *, #64, .T. ) ;
#432 = CARTESIAN_POINT ( 'NONE',  ( 9.799999999999998934, 11.57000000000000028, 24.62000000000000099 ) ) ;
#433 = CARTESIAN_POINT ( 'NONE',  ( 9.799999999999993605, 14.00000000000000000, -12.49999999999999822 ) ) ;
#434 = AXIS2_PLACEMENT_3D ( 'NONE', #512, #995, #857 ) ;
#435 = VECTOR ( 'NONE', #1402, 1000.000000000000000 ) ;
#436 = ORIENTED_EDGE ( 'NONE', *, *, #310, .T. ) ;
#437 = CARTESIAN_POINT ( 'NONE',  ( -30.80000000000000071, 13.99999999999999822, 24.50000000000000000 ) ) ;
#438 = SURFACE_STYLE_USAGE ( .BOTH. , #134 ) ;
#439 = ORIENTED_EDGE ( 'NONE', *, *, #882, .T. ) ;
#440 = CARTESIAN_POINT ( 'NONE',  ( 0.000000000000000000, 0.000000000000000000, 0.000000000000000000 ) ) ;
#441 = DIRECTION ( 'NONE',  ( -0.000000000000000000, -1.000000000000000000, -2.081668171172168513E-16 ) ) ;
#442 = EDGE_LOOP ( 'NONE', ( #1590, #514 ) ) ;
#443 = DIRECTION ( 'NONE',  ( 0.000000000000000000, 4.336808689942017736E-16, 1.000000000000000000 ) ) ;
#444 = CYLINDRICAL_SURFACE ( 'NONE', #276, 1.599999999999986766 ) ;
#445 = AXIS2_PLACEMENT_3D ( 'NONE', #1609, #279, #122 ) ;
#446 = ADVANCED_FACE ( 'NONE', ( #752 ), #237, .F. ) ;
#447 = AXIS2_PLACEMENT_3D ( 'NONE', #1346, #1334, #515 ) ;
#448 = EDGE_LOOP ( 'NONE', ( #2076, #415, #272, #1417 ) ) ;
#449 = VECTOR ( 'NONE', #816, 1000.000000000000000 ) ;
#450 = CARTESIAN_POINT ( 'NONE',  ( 19.66000000000000014, 14.00000000000000000, 23.19999999999999929 ) ) ;
#451 = DIRECTION ( 'NONE',  ( 0.000000000000000000, 0.000000000000000000, -1.000000000000000000 ) ) ;
#452 = ORIENTED_EDGE ( 'NONE', *, *, #1161, .T. ) ;
#453 = ORIENTED_EDGE ( 'NONE', *, *, #2016, .F. ) ;
#454 = CIRCLE ( 'NONE', #2027, 1.599999999999990319 ) ;
#455 = DIRECTION ( 'NONE',  ( -1.000000000000000000, 0.000000000000000000, 8.545435842250282219E-17 ) ) ;
#456 = VECTOR ( 'NONE', #229, 1000.000000000000000 ) ;
#457 = EDGE_CURVE ( 'NONE', #50, #84, #1195, .T. ) ;
#458 = VERTEX_POINT ( 'NONE', #2022 ) ;
#459 = DIRECTION ( 'NONE',  ( -1.000000000000000000, 0.000000000000000000, 0.000000000000000000 ) ) ;
#460 = CARTESIAN_POINT ( 'NONE',  ( 9.799999999999993605, 0.000000000000000000, 0.000000000000000000 ) ) ;
#461 = EDGE_CURVE ( 'NONE', #86, #1411, #1053, .T. ) ;
#462 = ORIENTED_EDGE ( 'NONE', *, *, #1477, .F. ) ;
#463 = DIRECTION ( 'NONE',  ( -0.000000000000000000, -0.000000000000000000, 1.000000000000000000 ) ) ;
#464 = PLANE ( 'NONE',  #125 ) ;
#465 = DIRECTION ( 'NONE',  ( -8.545435842250282219E-17, 0.000000000000000000, -1.000000000000000000 ) ) ;
#466 = EDGE_CURVE ( 'NONE', #1603, #938, #1448, .T. ) ;
#467 = EDGE_LOOP ( 'NONE', ( #1087, #2082, #1345, #1072 ) ) ;
#468 = CIRCLE ( 'NONE', #258, 1.599999999999986766 ) ;
#469 = ORIENTED_EDGE ( 'NONE', *, *, #1794, .F. ) ;
#470 = CARTESIAN_POINT ( 'NONE',  ( 9.799999999999998934, 37.00000000000000000, 18.37999999999999901 ) ) ;
#471 = CARTESIAN_POINT ( 'NONE',  ( 9.799999999999993605, 33.44000000000000483, -12.50000000004547474 ) ) ;
#472 = EDGE_CURVE ( 'NONE', #1534, #1114, #583, .T. ) ;
#473 = DIRECTION ( 'NONE',  ( -0.000000000000000000, -0.000000000000000000, 1.000000000000000000 ) ) ;
#474 = ORIENTED_EDGE ( 'NONE', *, *, #1839, .F. ) ;
#475 = CARTESIAN_POINT ( 'NONE',  ( -30.80000000000000782, 12.00000000000000000, 18.50000000000000000 ) ) ;
#476 = LINE ( 'NONE', #1633, #1871 ) ;
#477 = CARTESIAN_POINT ( 'NONE',  ( -27.24000000000000554, 33.43999999999999773, 21.81483215369439677 ) ) ;
#478 = VERTEX_POINT ( 'NONE', #631 ) ;
#479 = CARTESIAN_POINT ( 'NONE',  ( 6.500000000000000000, 25.50000000000000000, 24.81483215369439677 ) ) ;
#480 = CARTESIAN_POINT ( 'NONE',  ( 18.50000000000000000, 13.99999999999998757, -12.50000000004547474 ) ) ;
#481 = CARTESIAN_POINT ( 'NONE',  ( -11.90000000000000924, 25.50000000000000000, 21.81483215369439677 ) ) ;
#482 = EDGE_CURVE ( 'NONE', #938, #300, #867, .T. ) ;
#483 = EDGE_LOOP ( 'NONE', ( #503, #762, #1349, #1219 ) ) ;
#484 = CIRCLE ( 'NONE', #92, 1.999999999999991340 ) ;
#485 = CARTESIAN_POINT ( 'NONE',  ( -20.50000000000000000, 32.50000000000000000, 24.81483215369439677 ) ) ;
#486 = CARTESIAN_POINT ( 'NONE',  ( -30.80000000000000071, 12.00000000000000000, 18.50000000000000000 ) ) ;
#487 = ADVANCED_FACE ( 'NONE', ( #968 ), #624, .T. ) ;
#488 = ORIENTED_EDGE ( 'NONE', *, *, #214, .T. ) ;
#489 = DIRECTION ( 'NONE',  ( 0.000000000000000000, 0.000000000000000000, -1.000000000000000000 ) ) ;
#490 = CARTESIAN_POINT ( 'NONE',  ( -30.80000000000000071, 14.00000000000000000, 18.50000000000000000 ) ) ;
#491 = VERTEX_POINT ( 'NONE', #1252 ) ;
#492 = CARTESIAN_POINT ( 'NONE',  ( 13.50000000000000000, 30.50000000000000000, -12.50000000004547474 ) ) ;
#493 = ADVANCED_FACE ( 'NONE', ( #1938 ), #464, .F. ) ;
#494 = FACE_OUTER_BOUND ( 'NONE', #575, .T. ) ;
#495 = CARTESIAN_POINT ( 'NONE',  ( 9.800000000000002487, 33.43999999999999773, 24.81483215369439677 ) ) ;
#496 = ORIENTED_EDGE ( 'NONE', *, *, #1679, .T. ) ;
#497 = LINE ( 'NONE', #1293, #1878 ) ;
#498 = CARTESIAN_POINT ( 'NONE',  ( 9.800000000000002487, 37.00000000000000000, 24.81483215369439677 ) ) ;
#499 = VECTOR ( 'NONE', #443, 1000.000000000000000 ) ;
#500 = VERTEX_POINT ( 'NONE', #1907 ) ;
#501 = CARTESIAN_POINT ( 'NONE',  ( -30.80000000000000071, 11.99999999999999822, 24.81483215369439677 ) ) ;
#502 = UNCERTAINTY_MEASURE_WITH_UNIT (LENGTH_MEASURE( 1.000000000000000082E-05 ), #909, 'distance_accuracy_value', 'NONE');
#503 = ORIENTED_EDGE ( 'NONE', *, *, #1574, .F. ) ;
#504 = CARTESIAN_POINT ( 'NONE',  ( -30.80000000000000071, 13.99999999999999822, -8.455038113620100049 ) ) ;
#505 = ORIENTED_EDGE ( 'NONE', *, *, #1222, .F. ) ;
#506 = DIRECTION ( 'NONE',  ( 1.000000000000000000, 0.000000000000000000, 0.000000000000000000 ) ) ;
#507 = DIRECTION ( 'NONE',  ( -0.000000000000000000, -0.000000000000000000, 1.000000000000000000 ) ) ;
#508 = B_SPLINE_CURVE_WITH_KNOTS ( 'NONE', 3,
 ( #1898, #1766, #417, #1094, #1753, #268, #99, #1262, #1917, #437 ),
 .UNSPECIFIED., .F., .F.,
 ( 4, 3, 3, 4 ),
 ( 0.004363247115880000693, 0.004908653005364995575, 0.005454058894850004335, 0.006363247115880002469 ),
 .UNSPECIFIED. ) ;
#509 = EDGE_CURVE ( 'NONE', #1405, #1914, #508, .T. ) ;
#510 = ORIENTED_EDGE ( 'NONE', *, *, #1735, .T. ) ;
#511 = DIRECTION ( 'NONE',  ( -0.000000000000000000, -4.857225732735060850E-16, -1.000000000000000000 ) ) ;
#512 = CARTESIAN_POINT ( 'NONE',  ( -34.50000000000000000, 20.50000000000000000, -8.455038113620098272 ) ) ;
#513 = CIRCLE ( 'NONE', #1038, 3.560000000000000497 ) ;
#514 = ORIENTED_EDGE ( 'NONE', *, *, #1619, .F. ) ;
#515 = DIRECTION ( 'NONE',  ( 1.000000000000000000, 0.000000000000000000, 0.000000000000000000 ) ) ;
#516 = DIRECTION ( 'NONE',  ( 0.000000000000000000, 0.000000000000000000, 1.000000000000000000 ) ) ;
#517 = VECTOR ( 'NONE', #1725, 1000.000000000000000 ) ;
#518 = ORIENTED_EDGE ( 'NONE', *, *, #983, .T. ) ;
#519 = LINE ( 'NONE', #1173, #646 ) ;
#520 = DIRECTION ( 'NONE',  ( -0.000000000000000000, -0.000000000000000000, 1.000000000000000000 ) ) ;
#521 = FACE_OUTER_BOUND ( 'NONE', #326, .T. ) ;
#522 = EDGE_CURVE ( 'NONE', #2072, #1749, #1617, .T. ) ;
#523 = CARTESIAN_POINT ( 'NONE',  ( -0.5000000000000000000, 32.50000000000000000, 21.81483215369439321 ) ) ;
#524 = LINE ( 'NONE', #1190, #1074 ) ;
#525 = EDGE_CURVE ( 'NONE', #86, #41, #203, .T. ) ;
#526 = DIRECTION ( 'NONE',  ( 0.000000000000000000, 0.000000000000000000, 1.000000000000000000 ) ) ;
#527 = CARTESIAN_POINT ( 'NONE',  ( 19.66000000000000014, 12.00000000000000000, 24.21999999999999886 ) ) ;
#528 = ORIENTED_EDGE ( 'NONE', *, *, #921, .F. ) ;
#529 = LINE ( 'NONE', #1820, #1112 ) ;
#530 = DIRECTION ( 'NONE',  ( -0.000000000000000000, -0.000000000000000000, 1.000000000000000000 ) ) ;
#531 = ORIENTED_EDGE ( 'NONE', *, *, #1881, .T. ) ;
#532 = ORIENTED_EDGE ( 'NONE', *, *, #72, .T. ) ;
#533 = CARTESIAN_POINT ( 'NONE',  ( 13.35999999999999233, 37.00000000000000000, -8.499999999988649080 ) ) ;
#534 = LINE ( 'NONE', #2012, #178 ) ;
#535 = FACE_BOUND ( 'NONE', #1742, .T. ) ;
#536 = DIRECTION ( 'NONE',  ( -0.000000000000000000, -0.000000000000000000, 1.000000000000000000 ) ) ;
#537 = EDGE_CURVE ( 'NONE', #1442, #1333, #1987, .T. ) ;
#538 = CARTESIAN_POINT ( 'NONE',  ( -13.50000000000000000, 25.50000000000000000, 24.81483215369439677 ) ) ;
#539 = VECTOR ( 'NONE', #979, 1000.000000000000000 ) ;
#540 = VERTEX_POINT ( 'NONE', #504 ) ;
#541 = DIRECTION ( 'NONE',  ( -0.000000000000000000, -0.000000000000000000, 1.000000000000000000 ) ) ;
#542 = ORIENTED_EDGE ( 'NONE', *, *, #1555, .T. ) ;
#543 = DIRECTION ( 'NONE',  ( -0.000000000000000000, -0.000000000000000000, 1.000000000000000000 ) ) ;
#544 = LINE ( 'NONE', #1856, #1959 ) ;
#545 = EDGE_CURVE ( 'NONE', #114, #419, #672, .T. ) ;
#546 = AXIS2_PLACEMENT_3D ( 'NONE', #1375, #1089, #1728 ) ;
#547 = LINE ( 'NONE', #1374, #1865 ) ;
#548 = CARTESIAN_POINT ( 'NONE',  ( -39.50000000000000000, 37.00000000000000000, -12.45503811362009472 ) ) ;
#549 = EDGE_CURVE ( 'NONE', #69, #115, #1655, .T. ) ;
#550 = ORIENTED_EDGE ( 'NONE', *, *, #1784, .F. ) ;
#551 = ORIENTED_EDGE ( 'NONE', *, *, #1951, .T. ) ;
#552 = CARTESIAN_POINT ( 'NONE',  ( 9.800000000000002487, 11.99999999999999822, 21.81483215369439321 ) ) ;
#553 = ORIENTED_EDGE ( 'NONE', *, *, #781, .F. ) ;
#554 = PLANE ( 'NONE',  #627 ) ;
#555 = AXIS2_PLACEMENT_3D ( 'NONE', #1836, #543, #227 ) ;
#556 = EDGE_CURVE ( 'NONE', #50, #1691, #468, .T. ) ;
#557 = CARTESIAN_POINT ( 'NONE',  ( -32.50000000000001421, 30.50000000000000000, -12.50761889323825926 ) ) ;
#558 = DIRECTION ( 'NONE',  ( 0.000000000000000000, 1.000000000000000000, 0.000000000000000000 ) ) ;
#559 = PRESENTATION_LAYER_ASSIGNMENT (  '', '', ( #278 ) ) ;
#560 = CIRCLE ( 'NONE', #2031, 1.999999999999991340 ) ;
#561 = VECTOR ( 'NONE', #1340, 1000.000000000000000 ) ;
#562 = ORIENTED_EDGE ( 'NONE', *, *, #59, .F. ) ;
#563 = EDGE_LOOP ( 'NONE', ( #1230, #800, #1641, #1888, #1245, #1854 ) ) ;
#564 = LINE ( 'NONE', #1395, #1381 ) ;
#565 = ADVANCED_FACE ( 'NONE', ( #207 ), #1040, .F. ) ;
#566 = CARTESIAN_POINT ( 'NONE',  ( 18.50000000000000000, 37.00000000000000000, -8.499999999988649080 ) ) ;
#567 = ORIENTED_EDGE ( 'NONE', *, *, #691, .F. ) ;
#568 = EDGE_LOOP ( 'NONE', ( #695, #358, #789, #2028 ) ) ;
#569 = CARTESIAN_POINT ( 'NONE',  ( -22.09999999999998721, 18.50000000000000000, 24.81483215369439677 ) ) ;
#570 = LINE ( 'NONE', #888, #662 ) ;
#571 = AXIS2_PLACEMENT_3D ( 'NONE', #844, #1134, #1652 ) ;
#572 = DIRECTION ( 'NONE',  ( -1.000000000000000000, 0.000000000000000000, 0.000000000000000000 ) ) ;
#573 = CARTESIAN_POINT ( 'NONE',  ( 18.50000000000000000, 12.00000000000000000, 18.50000000000000000 ) ) ;
#574 = EDGE_LOOP ( 'NONE', ( #1075, #384, #1255, #404 ) ) ;
#575 = EDGE_LOOP ( 'NONE', ( #261, #462, #1475, #850, #684, #1039 ) ) ;
#576 = AXIS2_PLACEMENT_3D ( 'NONE', #1463, #128, #2109 ) ;
#577 = ORIENTED_EDGE ( 'NONE', *, *, #1606, .T. ) ;
#578 = VERTEX_POINT ( 'NONE', #682 ) ;
#579 = ORIENTED_EDGE ( 'NONE', *, *, #377, .T. ) ;
#580 = CARTESIAN_POINT ( 'NONE',  ( 1.479999999999998650, 12.00000000000000000, 24.50000000000000000 ) ) ;
#581 = DIRECTION ( 'NONE',  ( 0.000000000000000000, -1.000000000000000000, 0.000000000000000000 ) ) ;
#582 = AXIS2_PLACEMENT_3D ( 'NONE', #2110, #1962, #962 ) ;
#583 = CIRCLE ( 'NONE', #1068, 1.999999999999991340 ) ;
#584 = ORIENTED_EDGE ( 'NONE', *, *, #472, .T. ) ;
#585 = EDGE_LOOP ( 'NONE', ( #32, #2122 ) ) ;
#586 = DIRECTION ( 'NONE',  ( -0.000000000000000000, 0.000000000000000000, -1.000000000000000000 ) ) ;
#587 = DIRECTION ( 'NONE',  ( 1.000000000000000000, 0.000000000000000000, 0.000000000000000000 ) ) ;
#588 = ORIENTED_EDGE ( 'NONE', *, *, #1128, .T. ) ;
#589 = DIRECTION ( 'NONE',  ( 0.000000000000000000, 0.000000000000000000, -1.000000000000000000 ) ) ;
#590 = CARTESIAN_POINT ( 'NONE',  ( -34.35999999999999943, 33.43999999999999773, -8.455038113620094720 ) ) ;
#591 = VECTOR ( 'NONE', #605, 1000.000000000000000 ) ;
#592 = EDGE_CURVE ( 'NONE', #1266, #1096, #1491, .T. ) ;
#593 =( GEOMETRIC_REPRESENTATION_CONTEXT ( 3 ) GLOBAL_UNCERTAINTY_ASSIGNED_CONTEXT ( ( #2135 ) ) GLOBAL_UNIT_ASSIGNED_CONTEXT ( ( #1209, #1044, #878 ) ) REPRESENTATION_CONTEXT ( 'NONE', 'WORKASPACE' ) );
#594 = ORIENTED_EDGE ( 'NONE', *, *, #2049, .F. ) ;
#595 = VERTEX_POINT ( 'NONE', #697 ) ;
#596 = EDGE_CURVE ( 'NONE', #1404, #77, #1976, .T. ) ;
#597 = CARTESIAN_POINT ( 'NONE',  ( 19.66000000000000014, 14.00000000000000000, -13.19999999999999929 ) ) ;
#598 = VERTEX_POINT ( 'NONE', #1018 ) ;
#599 =( NAMED_UNIT ( * ) SI_UNIT ( $, .STERADIAN. ) SOLID_ANGLE_UNIT ( ) );
#600 = VERTEX_POINT ( 'NONE', #860 ) ;
#601 = VECTOR ( 'NONE', #204, 1000.000000000000000 ) ;
#602 = CARTESIAN_POINT ( 'NONE',  ( -35.93999999999999773, 33.43999999999999773, 4.787836793695986003E-15 ) ) ;
#603 = DIRECTION ( 'NONE',  ( -0.000000000000000000, -0.000000000000000000, -1.000000000000000000 ) ) ;
#604 = ORIENTED_EDGE ( 'NONE', *, *, #59, .T. ) ;
#605 = DIRECTION ( 'NONE',  ( -0.000000000000000000, 1.000000000000000000, -0.000000000000000000 ) ) ;
#606 = ORIENTED_EDGE ( 'NONE', *, *, #2009, .F. ) ;
#607 = AXIS2_PLACEMENT_3D ( 'NONE', #286, #952, #2047 ) ;
#608 = FACE_BOUND ( 'NONE', #12, .T. ) ;
#609 = ADVANCED_FACE ( 'NONE', ( #1347 ), #1160, .T. ) ;
#610 = ORIENTED_EDGE ( 'NONE', *, *, #1673, .F. ) ;
#611 = CARTESIAN_POINT ( 'NONE',  ( -39.50000000000000000, 12.00000000000000000, 18.50000000000000000 ) ) ;
#612 = CARTESIAN_POINT ( 'NONE',  ( 1.099999999999990097, 25.50000000000000000, 24.81483215369439677 ) ) ;
#613 = PRESENTATION_LAYER_ASSIGNMENT (  '', '', ( #1543 ) ) ;
#614 = ORIENTED_EDGE ( 'NONE', *, *, #719, .T. ) ;
#615 = DIRECTION ( 'NONE',  ( -0.000000000000000000, -0.000000000000000000, 1.000000000000000000 ) ) ;
#616 = EDGE_CURVE ( 'NONE', #1106, #1577, #1523, .T. ) ;
#617 = DIRECTION ( 'NONE',  ( 0.000000000000000000, -1.000000000000000000, 0.000000000000000000 ) ) ;
#618 = ORIENTED_EDGE ( 'NONE', *, *, #461, .F. ) ;
#619 = FACE_OUTER_BOUND ( 'NONE', #2041, .T. ) ;
#620 = FACE_BOUND ( 'NONE', #442, .T. ) ;
#621 = ORIENTED_EDGE ( 'NONE', *, *, #2101, .T. ) ;
#622 = FACE_OUTER_BOUND ( 'NONE', #965, .T. ) ;
#623 = FACE_OUTER_BOUND ( 'NONE', #29, .T. ) ;
#624 = B_SPLINE_SURFACE_WITH_KNOTS ( 'NONE', 1, 1, ( 
 ( #2065, #1622 ),
 ( #450, #597 ) ),
 .UNSPECIFIED., .F., .F., .F.,
 ( 2, 2 ),
 ( 2, 2 ),
 ( -1.159999999999999920, 59.15999999999999659 ),
 ( 1.300000000000000044, 37.70000000000000284 ),
 .UNSPECIFIED. ) ;
#625 = EDGE_CURVE ( 'NONE', #1154, #1452, #1821, .T. ) ;
#626 = CIRCLE ( 'NONE', #1242, 1.599999999999986766 ) ;
#627 = AXIS2_PLACEMENT_3D ( 'NONE', #2024, #2036, #1221 ) ;
#628 = EDGE_LOOP ( 'NONE', ( #108, #744, #6, #127 ) ) ;
#629 = DIRECTION ( 'NONE',  ( 0.000000000000000000, 1.000000000000000000, -8.673617379884087734E-16 ) ) ;
#630 = CIRCLE ( 'NONE', #1009, 1.599999999999989875 ) ;
#631 = CARTESIAN_POINT ( 'NONE',  ( 15.49999999999999112, 20.50000000000000000, -8.499999999988641974 ) ) ;
#632 = DIRECTION ( 'NONE',  ( -8.545435842250282219E-17, 0.000000000000000000, -1.000000000000000000 ) ) ;
#633 = ADVANCED_FACE ( 'NONE', ( #1008 ), #1193, .F. ) ;
#634 = VERTEX_POINT ( 'NONE', #159 ) ;
#635 = ORIENTED_EDGE ( 'NONE', *, *, #107, .T. ) ;
#636 = DIRECTION ( 'NONE',  ( 0.000000000000000000, -4.336808689942017736E-16, -1.000000000000000000 ) ) ;
#637 = CARTESIAN_POINT ( 'NONE',  ( -11.90000000000001101, 25.50000000000000000, 24.81483215369439677 ) ) ;
#638 = CARTESIAN_POINT ( 'NONE',  ( -34.50000000000000000, 20.50000000000000000, -12.50761889323825926 ) ) ;
#639 = EDGE_CURVE ( 'NONE', #1253, #933, #1487, .T. ) ;
#640 = DIRECTION ( 'NONE',  ( -1.000000000000000000, 0.000000000000000000, 0.000000000000000000 ) ) ;
#641 = DIRECTION ( 'NONE',  ( 0.000000000000000000, -4.857225732735060850E-16, -1.000000000000000000 ) ) ;
#642 = VECTOR ( 'NONE', #340, 1000.000000000000000 ) ;
#643 = ORIENTED_EDGE ( 'NONE', *, *, #390, .T. ) ;
#644 = LINE ( 'NONE', #1481, #394 ) ;
#645 = DIRECTION ( 'NONE',  ( 0.000000000000000000, -1.000000000000000000, 0.000000000000000000 ) ) ;
#646 = VECTOR ( 'NONE', #364, 1000.000000000000000 ) ;
#647 = EDGE_CURVE ( 'NONE', #1603, #1077, #1710, .T. ) ;
#648 = MECHANICAL_DESIGN_GEOMETRIC_PRESENTATION_REPRESENTATION (  '', ( #1543 ), #1188 ) ;
#649 = DIRECTION ( 'NONE',  ( -8.545435842250282219E-17, 0.000000000000000000, -1.000000000000000000 ) ) ;
#650 = FACE_OUTER_BOUND ( 'NONE', #1563, .T. ) ;
#651 = EDGE_CURVE ( 'NONE', #1096, #578, #1812, .T. ) ;
#652 = LINE ( 'NONE', #192, #1049 ) ;
#653 = VECTOR ( 'NONE', #274, 1000.000000000000000 ) ;
#654 = CARTESIAN_POINT ( 'NONE',  ( -30.80000000000000782, 14.00000000000000000, 0.000000000000000000 ) ) ;
#655 = ORIENTED_EDGE ( 'NONE', *, *, #1977, .F. ) ;
#656 = CARTESIAN_POINT ( 'NONE',  ( -13.50000000000000000, 25.50000000000000000, 21.81483215369439677 ) ) ;
#657 = LINE ( 'NONE', #490, #201 ) ;
#658 = EDGE_CURVE ( 'NONE', #1336, #980, #216, .T. ) ;
#659 = CARTESIAN_POINT ( 'NONE',  ( -2.099999999999990319, 18.50000000000000000, 21.81483215369439321 ) ) ;
#660 = VERTEX_POINT ( 'NONE', #405 ) ;
#661 = DIRECTION ( 'NONE',  ( -0.000000000000000000, 0.000000000000000000, -1.000000000000000000 ) ) ;
#662 = VECTOR ( 'NONE', #44, 1000.000000000000000 ) ;
#663 = DIRECTION ( 'NONE',  ( -1.000000000000000000, 0.000000000000000000, 0.000000000000000000 ) ) ;
#664 = DIRECTION ( 'NONE',  ( -0.000000000000000000, -4.857225732735060850E-16, -1.000000000000000000 ) ) ;
#665 = VERTEX_POINT ( 'NONE', #1380 ) ;
#666 = PLANE ( 'NONE',  #324 ) ;
#667 = CARTESIAN_POINT ( 'NONE',  ( -34.35999999999999943, 37.00000000000000000, -12.45503811362009650 ) ) ;
#668 = VECTOR ( 'NONE', #21, 1000.000000000000000 ) ;
#669 = ORIENTED_EDGE ( 'NONE', *, *, #2049, .T. ) ;
#670 = CARTESIAN_POINT ( 'NONE',  ( -30.80000000000000071, 11.99999999999999822, 24.81483215369439677 ) ) ;
#671 = VERTEX_POINT ( 'NONE', #1702 ) ;
#672 = LINE ( 'NONE', #996, #760 ) ;
#673 = ORIENTED_EDGE ( 'NONE', *, *, #1387, .T. ) ;
#674 = DIRECTION ( 'NONE',  ( -0.000000000000000000, -0.000000000000000000, 1.000000000000000000 ) ) ;
#675 = LINE ( 'NONE', #1327, #1076 ) ;
#676 = ADVANCED_FACE ( 'NONE', ( #249 ), #1885, .T. ) ;
#677 = VECTOR ( 'NONE', #589, 1000.000000000000000 ) ;
#678 = VERTEX_POINT ( 'NONE', #1406 ) ;
#679 = DIRECTION ( 'NONE',  ( -8.545435842250282219E-17, 0.000000000000000000, -1.000000000000000000 ) ) ;
#680 = EDGE_LOOP ( 'NONE', ( #208, #1940 ) ) ;
#681 = CARTESIAN_POINT ( 'NONE',  ( -39.50000000000000000, 14.00000000000000533, -12.50761889323825926 ) ) ;
#682 = CARTESIAN_POINT ( 'NONE',  ( -27.24000000000000554, 37.00000000000000000, 21.81483215369439677 ) ) ;
#683 = CIRCLE ( 'NONE', #1849, 1.599999999999988542 ) ;
#684 = ORIENTED_EDGE ( 'NONE', *, *, #549, .F. ) ;
#685 = CARTESIAN_POINT ( 'NONE',  ( 8.099999999999988987, 25.50000000000000000, 21.81483215369439321 ) ) ;
#686 = CARTESIAN_POINT ( 'NONE',  ( -39.50000000000000000, 33.43999999999999773, -12.45503811362009472 ) ) ;
#687 = CYLINDRICAL_SURFACE ( 'NONE', #2127, 1.999999999999988010 ) ;
#688 = AXIS2_PLACEMENT_3D ( 'NONE', #1998, #31, #171 ) ;
#689 = LINE ( 'NONE', #376, #561 ) ;
#690 = ADVANCED_FACE ( 'NONE', ( #383 ), #1535, .F. ) ;
#691 = EDGE_CURVE ( 'NONE', #933, #709, #564, .T. ) ;
#692 = CARTESIAN_POINT ( 'NONE',  ( -30.80000000000000071, 11.57120000000000104, 18.37999999999999901 ) ) ;
#693 = CARTESIAN_POINT ( 'NONE',  ( 19.66000000000000014, 12.00000000000000000, 24.59440000000000026 ) ) ;
#694 = VECTOR ( 'NONE', #1699, 1000.000000000000000 ) ;
#695 = ORIENTED_EDGE ( 'NONE', *, *, #1142, .T. ) ;
#696 = LINE ( 'NONE', #897, #1305 ) ;
#697 = CARTESIAN_POINT ( 'NONE',  ( 9.800000000000002487, 11.99999999999999822, 24.81483215369439677 ) ) ;
#698 = EDGE_CURVE ( 'NONE', #491, #709, #1095, .T. ) ;
#699 = ORIENTED_EDGE ( 'NONE', *, *, #166, .T. ) ;
#700 = EDGE_LOOP ( 'NONE', ( #143, #2074, #1264, #117 ) ) ;
#701 = CARTESIAN_POINT ( 'NONE',  ( 1.099999999999988542, 32.50000000000000000, 24.81483215369439677 ) ) ;
#702 = DIRECTION ( 'NONE',  ( 0.000000000000000000, -1.000000000000000000, -0.000000000000000000 ) ) ;
#703 = DIRECTION ( 'NONE',  ( -0.000000000000000000, -0.000000000000000000, 1.000000000000000000 ) ) ;
#704 = LINE ( 'NONE', #1718, #1047 ) ;
#705 = EDGE_CURVE ( 'NONE', #104, #2103, #718, .T. ) ;
#706 = EDGE_LOOP ( 'NONE', ( #1608, #1925 ) ) ;
#707 = CARTESIAN_POINT ( 'NONE',  ( 12.25000000000875211, 14.00000000000000000, -12.49999999999999822 ) ) ;
#708 = DIRECTION ( 'NONE',  ( 0.000000000000000000, 1.000000000000000000, 0.000000000000000000 ) ) ;
#709 = VERTEX_POINT ( 'NONE', #1874 ) ;
#710 = CARTESIAN_POINT ( 'NONE',  ( 9.799999999999998934, 13.99999999999999822, 23.89387451931333217 ) ) ;
#711 = FACE_OUTER_BOUND ( 'NONE', #418, .T. ) ;
#712 = DIRECTION ( 'NONE',  ( -1.000000000000000000, -0.000000000000000000, 1.993935029858399143E-16 ) ) ;
#713 = DIRECTION ( 'NONE',  ( -0.000000000000000000, 0.000000000000000000, 1.000000000000000000 ) ) ;
#714 = ADVANCED_FACE ( 'NONE', ( #2021 ), #1368, .T. ) ;
#715 = DIRECTION ( 'NONE',  ( -0.000000000000000000, -0.000000000000000000, 1.000000000000000000 ) ) ;
#716 = AXIS2_PLACEMENT_3D ( 'NONE', #1722, #1559, #742 ) ;
#717 = ORIENTED_EDGE ( 'NONE', *, *, #2107, .F. ) ;
#718 = LINE ( 'NONE', #1862, #1576 ) ;
#719 = EDGE_CURVE ( 'NONE', #741, #1016, #1073, .T. ) ;
#720 = ORIENTED_EDGE ( 'NONE', *, *, #1070, .F. ) ;
#721 = LINE ( 'NONE', #1528, #1455 ) ;
#722 = LINE ( 'NONE', #1055, #135 ) ;
#723 = AXIS2_PLACEMENT_3D ( 'NONE', #410, #263, #79 ) ;
#724 = CARTESIAN_POINT ( 'NONE',  ( 9.800000000000002487, 11.99999999999999822, 21.81483215369439321 ) ) ;
#725 = CARTESIAN_POINT ( 'NONE',  ( -35.93999999999999773, 33.43999999999999773, -8.455038113620094720 ) ) ;
#726 = EDGE_CURVE ( 'NONE', #1566, #194, #2014, .T. ) ;
#727 = EDGE_LOOP ( 'NONE', ( #1071, #1908, #1601, #1423 ) ) ;
#728 = VERTEX_POINT ( 'NONE', #235 ) ;
#729 = CARTESIAN_POINT ( 'NONE',  ( -30.80000000000000782, 0.000000000000000000, 0.000000000000000000 ) ) ;
#730 = DIRECTION ( 'NONE',  ( 0.000000000000000000, -0.000000000000000000, 1.000000000000000000 ) ) ;
#731 = CIRCLE ( 'NONE', #411, 1.599999999999986766 ) ;
#732 = ORIENTED_EDGE ( 'NONE', *, *, #930, .T. ) ;
#733 = CARTESIAN_POINT ( 'NONE',  ( 14.94000000000000128, 33.44000000000000483, -12.50000000004547474 ) ) ;
#734 = PLANE ( 'NONE',  #1213 ) ;
#735 = AXIS2_PLACEMENT_3D ( 'NONE', #365, #2013, #1012 ) ;
#736 = CARTESIAN_POINT ( 'NONE',  ( -27.50000000000000000, 25.50000000000000000, 21.81483215369439677 ) ) ;
#737 = DIRECTION ( 'NONE',  ( 0.000000000000000000, 1.000000000000000000, -8.673617379884072943E-16 ) ) ;
#738 = AXIS2_PLACEMENT_3D ( 'NONE', #761, #1415, #93 ) ;
#739 = AXIS2_PLACEMENT_3D ( 'NONE', #1265, #1920, #283 ) ;
#740 = ORIENTED_EDGE ( 'NONE', *, *, #1342, .F. ) ;
#741 = VERTEX_POINT ( 'NONE', #1062 ) ;
#742 = DIRECTION ( 'NONE',  ( 0.000000000000000000, 1.000000000000000000, 0.000000000000000000 ) ) ;
#743 = ORIENTED_EDGE ( 'NONE', *, *, #1612, .F. ) ;
#744 = ORIENTED_EDGE ( 'NONE', *, *, #1784, .T. ) ;
#745 = CARTESIAN_POINT ( 'NONE',  ( -36.49999999999999289, 30.50000000000000000, -12.50761889323825926 ) ) ;
#746 = DIRECTION ( 'NONE',  ( 1.000000000000000000, 0.000000000000000000, 0.000000000000000000 ) ) ;
#747 = EDGE_CURVE ( 'NONE', #1666, #306, #1364, .T. ) ;
#748 = ORIENTED_EDGE ( 'NONE', *, *, #616, .F. ) ;
#749 = ORIENTED_EDGE ( 'NONE', *, *, #355, .T. ) ;
#750 = DIRECTION ( 'NONE',  ( -1.000000000000000000, 0.000000000000000000, -0.000000000000000000 ) ) ;
#751 = VECTOR ( 'NONE', #1234, 1000.000000000000000 ) ;
#752 = FACE_OUTER_BOUND ( 'NONE', #919, .T. ) ;
#753 = ORIENTED_EDGE ( 'NONE', *, *, #166, .F. ) ;
#754 =( NAMED_UNIT ( * ) PLANE_ANGLE_UNIT ( ) SI_UNIT ( $, .RADIAN. ) );
#755 = EDGE_CURVE ( 'NONE', #115, #1054, #1811, .T. ) ;
#756 = ORIENTED_EDGE ( 'NONE', *, *, #823, .F. ) ;
#757 = DIRECTION ( 'NONE',  ( -0.000000000000000000, -0.000000000000000000, 1.000000000000000000 ) ) ;
#758 = CARTESIAN_POINT ( 'NONE',  ( -0.5000000000000000000, 18.50000000000000000, 24.81483215369439677 ) ) ;
#759 = EDGE_CURVE ( 'NONE', #634, #305, #45, .T. ) ;
#760 = VECTOR ( 'NONE', #1500, 1000.000000000000000 ) ;
#761 = CARTESIAN_POINT ( 'NONE',  ( 6.500000000000000000, 25.50000000000000000, 24.81483215369439677 ) ) ;
#762 = ORIENTED_EDGE ( 'NONE', *, *, #537, .F. ) ;
#763 = EDGE_LOOP ( 'NONE', ( #474, #1795, #1625, #1875 ) ) ;
#764 = CARTESIAN_POINT ( 'NONE',  ( -39.50000000000000000, 14.00000000000000533, -12.45503811362010183 ) ) ;
#765 = ORIENTED_EDGE ( 'NONE', *, *, #1903, .F. ) ;
#766 = VERTEX_POINT ( 'NONE', #871 ) ;
#767 = ADVANCED_FACE ( 'NONE', ( #494 ), #1397, .F. ) ;
#768 = VERTEX_POINT ( 'NONE', #357 ) ;
#769 = CARTESIAN_POINT ( 'NONE',  ( 5.640000000000000568, 12.00000000000000000, 24.50000000000000000 ) ) ;
#770 = CYLINDRICAL_SURFACE ( 'NONE', #1685, 1.999999999999991340 ) ;
#771 =( GEOMETRIC_REPRESENTATION_CONTEXT ( 3 ) GLOBAL_UNCERTAINTY_ASSIGNED_CONTEXT ( ( #502 ) ) GLOBAL_UNIT_ASSIGNED_CONTEXT ( ( #909, #754, #599 ) ) REPRESENTATION_CONTEXT ( 'NONE', 'WORKASPACE' ) );
#772 = ORIENTED_EDGE ( 'NONE', *, *, #310, .F. ) ;
#773 = CARTESIAN_POINT ( 'NONE',  ( -39.50000000000000000, 14.00000000000000000, 18.50000000000000000 ) ) ;
#774 = EDGE_CURVE ( 'NONE', #115, #768, #2085, .T. ) ;
#775 = ORIENTED_EDGE ( 'NONE', *, *, #325, .F. ) ;
#776 = CYLINDRICAL_SURFACE ( 'NONE', #739, 1.599999999999986766 ) ;
#777 = ORIENTED_EDGE ( 'NONE', *, *, #1363, .T. ) ;
#778 = VECTOR ( 'NONE', #369, 1000.000000000000000 ) ;
#779 = CARTESIAN_POINT ( 'NONE',  ( 9.799999999999998934, 33.92999999999999972, 24.62000000000000099 ) ) ;
#780 = DIRECTION ( 'NONE',  ( 0.000000000000000000, 0.000000000000000000, 1.000000000000000000 ) ) ;
#781 = EDGE_CURVE ( 'NONE', #933, #1253, #821, .T. ) ;
#782 = B_SPLINE_SURFACE_WITH_KNOTS ( 'NONE', 1, 1, ( 
 ( #692, #1995, #1177 ),
 ( #1549, #886, #1569 ) ),
 .UNSPECIFIED., .F., .F., .F.,
 ( 2, 2 ),
 ( 2, 1, 2 ),
 ( -0.1199999999999999956, 6.120000000000000107 ),
 ( -0.4288000000000000145, 21.86880000000000024, 25.00000000000000000 ),
 .UNSPECIFIED. ) ;
#783 = ORIENTED_EDGE ( 'NONE', *, *, #1222, .T. ) ;
#784 = DIRECTION ( 'NONE',  ( 1.000000000000000000, 0.000000000000000000, 0.000000000000000000 ) ) ;
#785 = ORIENTED_EDGE ( 'NONE', *, *, #1929, .T. ) ;
#786 = CIRCLE ( 'NONE', #76, 1.599999999999986766 ) ;
#787 = PRODUCT_CONTEXT ( 'NONE', #1524, 'mechanical' ) ;
#788 = EDGE_CURVE ( 'NONE', #540, #1275, #1634, .T. ) ;
#789 = ORIENTED_EDGE ( 'NONE', *, *, #1706, .T. ) ;
#790 = FACE_OUTER_BOUND ( 'NONE', #408, .T. ) ;
#791 = EDGE_LOOP ( 'NONE', ( #873, #23, #579, #749 ) ) ;
#792 = CARTESIAN_POINT ( 'NONE',  ( 9.800000000000014921, 37.00000000000000000, -12.49999999998864730 ) ) ;
#793 = DIRECTION ( 'NONE',  ( -0.000000000000000000, -0.000000000000000000, 1.000000000000000000 ) ) ;
#794 = MANIFOLD_SOLID_BREP ( 'Ô²½Ç3', #974 ) ;
#795 = ADVANCED_FACE ( 'NONE', ( #1145 ), #1290, .F. ) ;
#796 = ORIENTED_EDGE ( 'NONE', *, *, #1951, .F. ) ;
#797 = CARTESIAN_POINT ( 'NONE',  ( -29.09999999999998721, 25.50000000000000000, 21.81483215369439677 ) ) ;
#798 = DIRECTION ( 'NONE',  ( -1.000000000000000000, 0.000000000000000000, 0.000000000000000000 ) ) ;
#799 = VERTEX_POINT ( 'NONE', #986 ) ;
#800 = ORIENTED_EDGE ( 'NONE', *, *, #2056, .F. ) ;
#801 = CARTESIAN_POINT ( 'NONE',  ( 9.800000000000002487, 33.43999999999999773, 24.81483215369439677 ) ) ;
#802 = DIRECTION ( 'NONE',  ( -0.000000000000000000, 1.000000000000000000, -0.000000000000000000 ) ) ;
#803 = AXIS2_PLACEMENT_3D ( 'NONE', #1954, #1984, #301 ) ;
#804 = CARTESIAN_POINT ( 'NONE',  ( 13.35999999999999233, 33.44000000000000483, -12.50000000004547474 ) ) ;
#805 = CIRCLE ( 'NONE', #378, 1.999999999999988010 ) ;
#806 = DIRECTION ( 'NONE',  ( 0.000000000000000000, 1.000000000000000000, -8.673617379884072943E-16 ) ) ;
#807 = CIRCLE ( 'NONE', #1828, 1.599999999999989431 ) ;
#808 = PRESENTATION_STYLE_ASSIGNMENT (( #438 ) ) ;
#809 = EDGE_LOOP ( 'NONE', ( #2061, #903, #1394, #740 ) ) ;
#810 = DIRECTION ( 'NONE',  ( -0.000000000000000000, -0.000000000000000000, -1.000000000000000000 ) ) ;
#811 = DIRECTION ( 'NONE',  ( 0.000000000000000000, -1.000000000000000000, 0.000000000000000000 ) ) ;
#812 = ADVANCED_FACE ( 'NONE', ( #320 ), #827, .F. ) ;
#813 = LINE ( 'NONE', #1465, #1456 ) ;
#814 = EDGE_LOOP ( 'NONE', ( #1744, #1393, #299, #669 ) ) ;
#815 = DIRECTION ( 'NONE',  ( -0.000000000000000000, -0.000000000000000000, 1.000000000000000000 ) ) ;
#816 = DIRECTION ( 'NONE',  ( -1.000000000000000000, -0.000000000000000000, -0.000000000000000000 ) ) ;
#817 = EDGE_CURVE ( 'NONE', #458, #331, #630, .T. ) ;
#818 = EDGE_LOOP ( 'NONE', ( #1366, #1379, #655, #392 ) ) ;
#819 = FACE_OUTER_BOUND ( 'NONE', #837, .T. ) ;
#820 = FACE_OUTER_BOUND ( 'NONE', #20, .T. ) ;
#821 = CIRCLE ( 'NONE', #1644, 1.599999999999989875 ) ;
#822 = DIRECTION ( 'NONE',  ( 1.000000000000000000, 0.000000000000000000, 0.000000000000000000 ) ) ;
#823 = EDGE_CURVE ( 'NONE', #1819, #578, #1080, .T. ) ;
#824 = ORIENTED_EDGE ( 'NONE', *, *, #1161, .F. ) ;
#825 = LINE ( 'NONE', #1663, #2093 ) ;
#826 = CIRCLE ( 'NONE', #546, 3.559999999999997389 ) ;
#827 = CYLINDRICAL_SURFACE ( 'NONE', #1171, 1.999999999999991340 ) ;
#828 = CARTESIAN_POINT ( 'NONE',  ( -0.5000000000000000000, 18.50000000000000000, 21.81483215369439321 ) ) ;
#829 = ORIENTED_EDGE ( 'NONE', *, *, #141, .T. ) ;
#830 = CARTESIAN_POINT ( 'NONE',  ( -39.50000000000000000, 12.00000000000000000, 18.50000000000000000 ) ) ;
#831 = FACE_BOUND ( 'NONE', #1238, .T. ) ;
#832 = CARTESIAN_POINT ( 'NONE',  ( 9.800000000000014921, 33.44000000000000483, -8.499999999988647303 ) ) ;
#833 = AXIS2_PLACEMENT_3D ( 'NONE', #14, #1855, #1338 ) ;
#834 = DIRECTION ( 'NONE',  ( 0.000000000000000000, -4.336808689942017736E-16, -1.000000000000000000 ) ) ;
#835 = EDGE_LOOP ( 'NONE', ( #1227, #1019, #197, #255 ) ) ;
#836 = DIRECTION ( 'NONE',  ( -1.000000000000000000, 0.000000000000000000, 0.000000000000000000 ) ) ;
#837 = EDGE_LOOP ( 'NONE', ( #1307, #1162, #420, #908 ) ) ;
#838 = CARTESIAN_POINT ( 'NONE',  ( -1.210624067053759669E-30, 37.00000000000000711, -1.724315135120946567E-14 ) ) ;
#839 = DIRECTION ( 'NONE',  ( -1.000000000000000000, 0.000000000000000000, -0.000000000000000000 ) ) ;
#840 = VECTOR ( 'NONE', #1352, 1000.000000000000000 ) ;
#841 = VECTOR ( 'NONE', #868, 1000.000000000000000 ) ;
#842 = ADVANCED_FACE ( 'NONE', ( #1135 ), #1767, .F. ) ;
#843 = DIRECTION ( 'NONE',  ( -0.000000000000000000, -0.000000000000000000, 1.000000000000000000 ) ) ;
#844 = CARTESIAN_POINT ( 'NONE',  ( -7.500000000000000000, 25.50000000000000000, 21.81483215369439321 ) ) ;
#845 = DIRECTION ( 'NONE',  ( 0.000000000000000000, 0.000000000000000000, 1.000000000000000000 ) ) ;
#846 = ORIENTED_EDGE ( 'NONE', *, *, #625, .T. ) ;
#847 = CARTESIAN_POINT ( 'NONE',  ( -22.09999999999998721, 25.50000000000000000, 21.81483215369439677 ) ) ;
#848 = DIRECTION ( 'NONE',  ( -1.000000000000000000, -0.000000000000000000, 8.545435842250280986E-17 ) ) ;
#849 = PRODUCT_DEFINITION ( 'Î´Öª', '', #1963, #182 ) ;
#850 = ORIENTED_EDGE ( 'NONE', *, *, #755, .F. ) ;
#851 = CYLINDRICAL_SURFACE ( 'NONE', #929, 1.599999999999990319 ) ;
#852 = DIRECTION ( 'NONE',  ( -1.000000000000000000, 0.000000000000000000, 0.000000000000000000 ) ) ;
#853 = EDGE_CURVE ( 'NONE', #194, #1819, #1449, .T. ) ;
#854 = AXIS2_PLACEMENT_3D ( 'NONE', #1147, #1316, #1493 ) ;
#855 = CARTESIAN_POINT ( 'NONE',  ( -20.50000000000000000, 32.50000000000000000, 24.81483215369439677 ) ) ;
#856 = EDGE_CURVE ( 'NONE', #598, #311, #303, .T. ) ;
#857 = DIRECTION ( 'NONE',  ( 0.000000000000000000, 1.000000000000000000, 0.000000000000000000 ) ) ;
#858 = ORIENTED_EDGE ( 'NONE', *, *, #509, .T. ) ;
#859 = CARTESIAN_POINT ( 'NONE',  ( -39.50000000000000000, 14.00000000000000000, 18.50000000000000000 ) ) ;
#860 = CARTESIAN_POINT ( 'NONE',  ( 14.94000000000000128, 37.00000000000000000, -12.49999999998864908 ) ) ;
#861 = CIRCLE ( 'NONE', #1231, 1.599999999999988542 ) ;
#862 = ORIENTED_EDGE ( 'NONE', *, *, #1320, .T. ) ;
#863 = ORIENTED_EDGE ( 'NONE', *, *, #853, .T. ) ;
#864 = DIRECTION ( 'NONE',  ( 1.000000000000000000, 0.000000000000000000, 0.000000000000000000 ) ) ;
#865 = DIRECTION ( 'NONE',  ( 0.000000000000000000, 1.000000000000000000, 0.000000000000000000 ) ) ;
#866 = PLANE ( 'NONE',  #101 ) ;
#867 = CIRCLE ( 'NONE', #402, 1.999999999999991340 ) ;
#868 = DIRECTION ( 'NONE',  ( -0.000000000000000000, -0.000000000000000000, -1.000000000000000000 ) ) ;
#869 = EDGE_CURVE ( 'NONE', #1462, #41, #254, .T. ) ;
#870 = CYLINDRICAL_SURFACE ( 'NONE', #1887, 1.599999999999990319 ) ;
#871 = CARTESIAN_POINT ( 'NONE',  ( -30.80000000000000071, 11.99999999999999822, 24.81483215369439677 ) ) ;
#872 = VECTOR ( 'NONE', #815, 1000.000000000000000 ) ;
#873 = ORIENTED_EDGE ( 'NONE', *, *, #398, .T. ) ;
#874 = DIRECTION ( 'NONE',  ( 1.993935029858399143E-16, -2.081668171172168513E-16, 1.000000000000000000 ) ) ;
#875 = DIRECTION ( 'NONE',  ( 0.000000000000000000, 0.000000000000000000, -1.000000000000000000 ) ) ;
#876 = ORIENTED_EDGE ( 'NONE', *, *, #1977, .T. ) ;
#877 = CARTESIAN_POINT ( 'NONE',  ( -13.50000000000000000, 25.50000000000000000, 24.81483215369439677 ) ) ;
#878 =( NAMED_UNIT ( * ) SI_UNIT ( $, .STERADIAN. ) SOLID_ANGLE_UNIT ( ) );
#879 = LINE ( 'NONE', #36, #1560 ) ;
#880 = ADVANCED_FACE ( 'NONE', ( #1587 ), #81, .F. ) ;
#881 = DIRECTION ( 'NONE',  ( 0.000000000000000000, 0.000000000000000000, 1.000000000000000000 ) ) ;
#882 = EDGE_CURVE ( 'NONE', #1096, #1442, #1931, .T. ) ;
#883 = VECTOR ( 'NONE', #526, 1000.000000000000000 ) ;
#884 = ORIENTED_EDGE ( 'NONE', *, *, #1396, .T. ) ;
#885 = CARTESIAN_POINT ( 'NONE',  ( 18.50000000000000000, 12.00000000000000000, -12.50000000004547474 ) ) ;
#886 = CARTESIAN_POINT ( 'NONE',  ( -30.80000000000000071, 33.86880000000000024, 24.62000000000000099 ) ) ;
#887 = ORIENTED_EDGE ( 'NONE', *, *, #291, .F. ) ;
#888 = CARTESIAN_POINT ( 'NONE',  ( -5.900000000000009237, 25.50000000000000000, 24.81483215369439677 ) ) ;
#889 = EDGE_CURVE ( 'NONE', #1749, #2072, #345, .T. ) ;
#890 = DIRECTION ( 'NONE',  ( 0.000000000000000000, 1.000000000000000000, 2.081668171172168513E-16 ) ) ;
#891 = CARTESIAN_POINT ( 'NONE',  ( 13.50000000000000000, 20.50000000000000000, -12.50761889323825926 ) ) ;
#892 = VECTOR ( 'NONE', #174, 1000.000000000000000 ) ;
#893 = ORIENTED_EDGE ( 'NONE', *, *, #140, .F. ) ;
#894 = ORIENTED_EDGE ( 'NONE', *, *, #1635, .T. ) ;
#895 = DIRECTION ( 'NONE',  ( -0.000000000000000000, -0.000000000000000000, -1.000000000000000000 ) ) ;
#896 = ORIENTED_EDGE ( 'NONE', *, *, #1128, .F. ) ;
#897 = CARTESIAN_POINT ( 'NONE',  ( 9.800000000000002487, 11.99999999999999822, 24.81483215369439677 ) ) ;
#898 = DIRECTION ( 'NONE',  ( 1.000000000000000000, 0.000000000000000000, 0.000000000000000000 ) ) ;
#899 = CARTESIAN_POINT ( 'NONE',  ( 4.900000000000009237, 25.50000000000000000, 21.81483215369439321 ) ) ;
#900 = CYLINDRICAL_SURFACE ( 'NONE', #162, 1.599999999999990097 ) ;
#901 = CARTESIAN_POINT ( 'NONE',  ( 9.799999999999998934, 14.00000000000000000, 22.50000000000000000 ) ) ;
#902 = PRODUCT ( 'xuanzhuangai', 'xuanzhuangai', '', ( #787 ) ) ;
#903 = ORIENTED_EDGE ( 'NONE', *, *, #107, .F. ) ;
#904 = ORIENTED_EDGE ( 'NONE', *, *, #658, .T. ) ;
#905 = DIRECTION ( 'NONE',  ( -0.000000000000000000, -0.000000000000000000, -1.000000000000000000 ) ) ;
#906 = DIRECTION ( 'NONE',  ( -0.000000000000000000, -1.000000000000000000, 4.857225732735060850E-16 ) ) ;
#907 = AXIS2_PLACEMENT_3D ( 'NONE', #670, #328, #144 ) ;
#908 = ORIENTED_EDGE ( 'NONE', *, *, #596, .F. ) ;
#909 =( LENGTH_UNIT ( ) NAMED_UNIT ( * ) SI_UNIT ( .MILLI., .METRE. ) );
#910 = FACE_OUTER_BOUND ( 'NONE', #791, .T. ) ;
#911 = CIRCLE ( 'NONE', #1928, 1.599999999999988542 ) ;
#912 = FACE_BOUND ( 'NONE', #1168, .T. ) ;
#913 = DIRECTION ( 'NONE',  ( -8.545435842250282219E-17, 0.000000000000000000, -1.000000000000000000 ) ) ;
#914 = CIRCLE ( 'NONE', #246, 1.599999999999986766 ) ;
#915 = EDGE_CURVE ( 'NONE', #238, #342, #1618, .T. ) ;
#916 = ORIENTED_EDGE ( 'NONE', *, *, #1988, .T. ) ;
#917 = ORIENTED_EDGE ( 'NONE', *, *, #726, .T. ) ;
#918 = DIRECTION ( 'NONE',  ( -1.000000000000000000, -0.000000000000000000, -0.000000000000000000 ) ) ;
#919 = EDGE_LOOP ( 'NONE', ( #896, #1654, #1006, #1159 ) ) ;
#920 = SURFACE_STYLE_USAGE ( .BOTH. , #1421 ) ;
#921 = EDGE_CURVE ( 'NONE', #77, #1378, #807, .T. ) ;
#922 = ORIENTED_EDGE ( 'NONE', *, *, #132, .T. ) ;
#923 = CARTESIAN_POINT ( 'NONE',  ( 9.800000000000002487, 11.99999999999999822, 24.81483215369439677 ) ) ;
#924 = DIRECTION ( 'NONE',  ( 1.000000000000000000, 0.000000000000000000, 0.000000000000000000 ) ) ;
#925 = B_SPLINE_SURFACE_WITH_KNOTS ( 'NONE', 1, 1, ( 
 ( #432, #779, #1657 ),
 ( #1942, #1637, #470 ) ),
 .UNSPECIFIED., .F., .F., .F.,
 ( 2, 2 ),
 ( 2, 1, 2 ),
 ( -0.1199999999999999956, 6.120000000000000107 ),
 ( -0.4299999999999999933, 21.92999999999999972, 24.99999999999999645 ),
 .UNSPECIFIED. ) ;
#926 = VECTOR ( 'NONE', #2008, 1000.000000000000000 ) ;
#927 = ORIENTED_EDGE ( 'NONE', *, *, #1619, .T. ) ;
#928 = ORIENTED_EDGE ( 'NONE', *, *, #1426, .T. ) ;
#929 = AXIS2_PLACEMENT_3D ( 'NONE', #877, #1692, #1515 ) ;
#930 = EDGE_CURVE ( 'NONE', #665, #84, #914, .T. ) ;
#931 = ORIENTED_EDGE ( 'NONE', *, *, #1574, .T. ) ;
#932 = ORIENTED_EDGE ( 'NONE', *, *, #1581, .T. ) ;
#933 = VERTEX_POINT ( 'NONE', #659 ) ;
#934 = DIRECTION ( 'NONE',  ( 1.000000000000000000, 0.000000000000000000, 0.000000000000000000 ) ) ;
#935 = CARTESIAN_POINT ( 'NONE',  ( 18.50000000000000000, 13.99999999999998757, -8.499999999988638422 ) ) ;
#936 = CIRCLE ( 'NONE', #1101, 3.559999999999997389 ) ;
#937 = VERTEX_POINT ( 'NONE', #318 ) ;
#938 = VERTEX_POINT ( 'NONE', #1130 ) ;
#939 = ORIENTED_EDGE ( 'NONE', *, *, #1396, .F. ) ;
#940 = EDGE_LOOP ( 'NONE', ( #887, #1743, #1720, #1983, #205, #1999 ) ) ;
#941 = CARTESIAN_POINT ( 'NONE',  ( 18.50000000000000000, 12.00000000000000000, -12.50000000004547474 ) ) ;
#942 = ORIENTED_EDGE ( 'NONE', *, *, #2064, .T. ) ;
#943 = CARTESIAN_POINT ( 'NONE',  ( 9.800000000000002487, 11.99999999999999822, 21.81483215369439321 ) ) ;
#944 = DIRECTION ( 'NONE',  ( 1.000000000000000000, 0.000000000000000000, 0.000000000000000000 ) ) ;
#945 = CIRCLE ( 'NONE', #1770, 1.599999999999989431 ) ;
#946 = EDGE_CURVE ( 'NONE', #348, #768, #813, .T. ) ;
#947 = CARTESIAN_POINT ( 'NONE',  ( -39.50000000000000000, 14.00000000000000000, 18.50000000000000000 ) ) ;
#948 = VERTEX_POINT ( 'NONE', #481 ) ;
#949 = FACE_BOUND ( 'NONE', #1620, .T. ) ;
#950 = ORIENTED_EDGE ( 'NONE', *, *, #236, .T. ) ;
#951 = VECTOR ( 'NONE', #1005, 1000.000000000000000 ) ;
#952 = DIRECTION ( 'NONE',  ( -8.545435842250282219E-17, 0.000000000000000000, -1.000000000000000000 ) ) ;
#953 = CARTESIAN_POINT ( 'NONE',  ( -27.50000000000000000, 25.50000000000000000, 24.81483215369439677 ) ) ;
#954 = EDGE_CURVE ( 'NONE', #1105, #1378, #1640, .T. ) ;
#955 = ORIENTED_EDGE ( 'NONE', *, *, #978, .T. ) ;
#956 = CARTESIAN_POINT ( 'NONE',  ( -22.09999999999998721, 32.50000000000000000, 21.81483215369439677 ) ) ;
#957 = DIRECTION ( 'NONE',  ( -1.000000000000000000, 0.000000000000000000, 0.000000000000000000 ) ) ;
#958 = EDGE_CURVE ( 'NONE', #1646, #371, #284, .T. ) ;
#959 = CARTESIAN_POINT ( 'NONE',  ( -0.5000000000000000000, 25.50000000000000000, 24.81483215369439677 ) ) ;
#960 = ORIENTED_EDGE ( 'NONE', *, *, #1957, .F. ) ;
#961 = LINE ( 'NONE', #1969, #1258 ) ;
#962 = DIRECTION ( 'NONE',  ( -0.000000000000000000, 0.000000000000000000, -1.000000000000000000 ) ) ;
#963 = AXIS2_PLACEMENT_3D ( 'NONE', #1286, #1792, #811 ) ;
#964 = CARTESIAN_POINT ( 'NONE',  ( -27.50000000000000000, 25.50000000000000000, 24.81483215369439677 ) ) ;
#965 = EDGE_LOOP ( 'NONE', ( #1203, #1546, #2046, #1789 ) ) ;
#966 = AXIS2_PLACEMENT_3D ( 'NONE', #1703, #708, #730 ) ;
#967 = DIRECTION ( 'NONE',  ( -0.000000000000000000, -0.000000000000000000, 1.000000000000000000 ) ) ;
#968 = FACE_OUTER_BOUND ( 'NONE', #285, .T. ) ;
#969 = FILL_AREA_STYLE ('',( #2106 ) ) ;
#970 = ADVANCED_FACE ( 'NONE', ( #2102 ), #1945, .F. ) ;
#971 = ORIENTED_EDGE ( 'NONE', *, *, #1157, .F. ) ;
#972 = DIRECTION ( 'NONE',  ( 8.647314764669717239E-32, -1.000000000000000000, 4.336808689942017736E-16 ) ) ;
#973 = CARTESIAN_POINT ( 'NONE',  ( -29.25000000000000000, 14.00000000000000000, -2.500000000000000000 ) ) ;
#974 = CLOSED_SHELL ( 'NONE', ( #1773, #812, #1738, #842, #304, #1410, #1000, #1745, #2, #1916, #412, #68, #1288, #1306, #1751, #1709, #676, #493, #487, #767, #1283, #424, #1851, #430, #1004, #690, #565, #1971, #257, #153, #1328, #1896, #1027, #1863, #1847, #231, #987, #714, #609, #2120, #1857, #880, #1484, #633, #2113, #1645, #1373, #795, #1686, #1152, #970, #1232, #1525, #446, #1100, #362, #37, #264, #1259, #1377 ) ) ;
#975 = DIRECTION ( 'NONE',  ( 1.000000000000000000, 0.000000000000000000, 0.000000000000000000 ) ) ;
#976 = ORIENTED_EDGE ( 'NONE', *, *, #457, .T. ) ;
#977 = PLANE ( 'NONE',  #907 ) ;
#978 = EDGE_CURVE ( 'NONE', #660, #1275, #1287, .T. ) ;
#979 = DIRECTION ( 'NONE',  ( 0.000000000000000000, 1.000000000000000000, 0.000000000000000000 ) ) ;
#980 = VERTEX_POINT ( 'NONE', #941 ) ;
#981 = CARTESIAN_POINT ( 'NONE',  ( -9.099999999999990763, 25.50000000000000000, 21.81483215369439321 ) ) ;
#982 = CARTESIAN_POINT ( 'NONE',  ( -7.500000000000000000, 25.50000000000000000, 24.81483215369439677 ) ) ;
#983 = EDGE_CURVE ( 'NONE', #1301, #799, #1274, .T. ) ;
#984 = DIRECTION ( 'NONE',  ( -1.000000000000000000, 0.000000000000000000, 0.000000000000000000 ) ) ;
#985 = CARTESIAN_POINT ( 'NONE',  ( -39.50000000000000000, 0.000000000000000000, 0.000000000000000000 ) ) ;
#986 = CARTESIAN_POINT ( 'NONE',  ( -9.099999999999988987, 25.50000000000000000, 24.81483215369439677 ) ) ;
#987 = ADVANCED_FACE ( 'NONE', ( #1116, #620, #1441, #608, #1602, #102, #116, #949, #1434, #271, #790 ), #1930, .T. ) ;
#988 = VECTOR ( 'NONE', #757, 1000.000000000000000 ) ;
#989 = ORIENTED_EDGE ( 'NONE', *, *, #1314, .F. ) ;
#990 = CARTESIAN_POINT ( 'NONE',  ( 4.900000000000010125, 25.50000000000000000, 24.81483215369439677 ) ) ;
#991 = CARTESIAN_POINT ( 'NONE',  ( -20.50000000000000000, 25.50000000000000000, 21.81483215369439677 ) ) ;
#992 = VECTOR ( 'NONE', #895, 1000.000000000000000 ) ;
#993 = DIRECTION ( 'NONE',  ( 1.000000000000000000, 0.000000000000000000, -0.000000000000000000 ) ) ;
#994 = CIRCLE ( 'NONE', #1031, 3.559999999999993836 ) ;
#995 = DIRECTION ( 'NONE',  ( 0.000000000000000000, 2.081668171172168513E-16, -1.000000000000000000 ) ) ;
#996 = CARTESIAN_POINT ( 'NONE',  ( 9.800000000000014921, 37.00000000000000000, -8.499999999988649080 ) ) ;
#997 = ORIENTED_EDGE ( 'NONE', *, *, #1519, .F. ) ;
#998 = LINE ( 'NONE', #149, #225 ) ;
#999 = FACE_BOUND ( 'NONE', #1593, .T. ) ;
#1000 = ADVANCED_FACE ( 'NONE', ( #2075 ), #776, .F. ) ;
#1001 = ORIENTED_EDGE ( 'NONE', *, *, #1723, .T. ) ;
#1002 = FACE_BOUND ( 'NONE', #680, .T. ) ;
#1003 = CIRCLE ( 'NONE', #1864, 1.599999999999986766 ) ;
#1004 = ADVANCED_FACE ( 'NONE', ( #2025, #912, #212 ), #1879, .F. ) ;
#1005 = DIRECTION ( 'NONE',  ( -0.000000000000000000, -0.000000000000000000, 1.000000000000000000 ) ) ;
#1006 = ORIENTED_EDGE ( 'NONE', *, *, #1136, .T. ) ;
#1007 = DIRECTION ( 'NONE',  ( 0.000000000000000000, -1.000000000000000000, 0.000000000000000000 ) ) ;
#1008 = FACE_OUTER_BOUND ( 'NONE', #814, .T. ) ;
#1009 = AXIS2_PLACEMENT_3D ( 'NONE', #1310, #465, #663 ) ;
#1010 = ORIENTED_EDGE ( 'NONE', *, *, #18, .F. ) ;
#1011 = CARTESIAN_POINT ( 'NONE',  ( 9.799999999999998934, 13.99999999999999822, 23.59081177896999648 ) ) ;
#1012 = DIRECTION ( 'NONE',  ( 1.000000000000000000, 0.000000000000000000, -0.000000000000000000 ) ) ;
#1013 = AXIS2_PLACEMENT_3D ( 'NONE', #828, #187, #1479 ) ;
#1014 = AXIS2_PLACEMENT_3D ( 'NONE', #220, #713, #1869 ) ;
#1015 = EDGE_CURVE ( 'NONE', #1676, #1270, #1362, .T. ) ;
#1016 = VERTEX_POINT ( 'NONE', #1024 ) ;
#1017 = DIRECTION ( 'NONE',  ( 1.000000000000000000, 0.000000000000000000, 0.000000000000000000 ) ) ;
#1018 = CARTESIAN_POINT ( 'NONE',  ( 18.50000000000000000, 14.00000000000000000, 18.50000000000000000 ) ) ;
#1019 = ORIENTED_EDGE ( 'NONE', *, *, #1108, .T. ) ;
#1020 = DIRECTION ( 'NONE',  ( 0.000000000000000000, 2.081668171172168513E-16, -1.000000000000000000 ) ) ;
#1021 = DIRECTION ( 'NONE',  ( -8.545435842250282219E-17, 0.000000000000000000, -1.000000000000000000 ) ) ;
#1022 = EDGE_CURVE ( 'NONE', #104, #60, #704, .T. ) ;
#1023 = VECTOR ( 'NONE', #516, 1000.000000000000000 ) ;
#1024 = CARTESIAN_POINT ( 'NONE',  ( 11.50000000000000888, 20.50000000000000000, -12.50000000004547474 ) ) ;
#1025 = VECTOR ( 'NONE', #209, 1000.000000000000000 ) ;
#1026 = CARTESIAN_POINT ( 'NONE',  ( -30.80000000000000071, 37.00000000000000000, -8.455038113620094720 ) ) ;
#1027 = ADVANCED_FACE ( 'NONE', ( #388, #367, #1200 ), #2015, .F. ) ;
#1028 = ORIENTED_EDGE ( 'NONE', *, *, #705, .T. ) ;
#1029 = PLANE ( 'NONE',  #1311 ) ;
#1030 = CARTESIAN_POINT ( 'NONE',  ( 0.000000000000000000, 11.99999999999999822, 0.000000000000000000 ) ) ;
#1031 = AXIS2_PLACEMENT_3D ( 'NONE', #725, #2026, #558 ) ;
#1032 = ORIENTED_EDGE ( 'NONE', *, *, #1542, .T. ) ;
#1033 = CARTESIAN_POINT ( 'NONE',  ( 18.50000000000000000, 13.99999999999998757, -8.499999999988638422 ) ) ;
#1034 = DIRECTION ( 'NONE',  ( 0.000000000000000000, 1.000000000000000000, 0.000000000000000000 ) ) ;
#1035 = CARTESIAN_POINT ( 'NONE',  ( -22.09999999999998721, 18.50000000000000000, 24.81483215369439677 ) ) ;
#1036 = EDGE_CURVE ( 'NONE', #1975, #1712, #1695, .T. ) ;
#1037 = DIRECTION ( 'NONE',  ( -8.545435842250282219E-17, 0.000000000000000000, -1.000000000000000000 ) ) ;
#1038 = AXIS2_PLACEMENT_3D ( 'NONE', #1591, #98, #1319 ) ;
#1039 = ORIENTED_EDGE ( 'NONE', *, *, #1363, .F. ) ;
#1040 = PLANE ( 'NONE',  #1185 ) ;
#1041 = AXIS2_PLACEMENT_3D ( 'NONE', #733, #2035, #1220 ) ;
#1042 = EDGE_CURVE ( 'NONE', #1097, #1852, #689, .T. ) ;
#1043 = EDGE_LOOP ( 'NONE', ( #1760, #635, #1909, #922, #1032, #904 ) ) ;
#1044 =( NAMED_UNIT ( * ) PLANE_ANGLE_UNIT ( ) SI_UNIT ( $, .RADIAN. ) );
#1045 = DIRECTION ( 'NONE',  ( 1.993935029858399143E-16, -2.081668171172168513E-16, 1.000000000000000000 ) ) ;
#1046 = CARTESIAN_POINT ( 'NONE',  ( -18.90000000000001279, 25.50000000000000000, 24.81483215369439677 ) ) ;
#1047 = VECTOR ( 'NONE', #399, 1000.000000000000000 ) ;
#1048 = FACE_OUTER_BOUND ( 'NONE', #563, .T. ) ;
#1049 = VECTOR ( 'NONE', #19, 1000.000000000000000 ) ;
#1050 = ORIENTED_EDGE ( 'NONE', *, *, #1461, .F. ) ;
#1051 = EDGE_LOOP ( 'NONE', ( #1215, #382 ) ) ;
#1052 = DIRECTION ( 'NONE',  ( 1.000000000000000000, 0.000000000000000000, 0.000000000000000000 ) ) ;
#1053 = LINE ( 'NONE', #566, #1508 ) ;
#1054 = VERTEX_POINT ( 'NONE', #2037 ) ;
#1055 = CARTESIAN_POINT ( 'NONE',  ( 18.50000000000000000, 12.00000000000000000, 18.50000000000000000 ) ) ;
#1056 = DIRECTION ( 'NONE',  ( -8.545435842250282219E-17, 0.000000000000000000, -1.000000000000000000 ) ) ;
#1057 = CARTESIAN_POINT ( 'NONE',  ( -27.24000000000000554, 37.00000000000000000, 24.81483215369439677 ) ) ;
#1058 = AXIS2_PLACEMENT_3D ( 'NONE', #1823, #1614, #315 ) ;
#1059 = DIRECTION ( 'NONE',  ( 0.000000000000000000, -4.336808689942017736E-16, -1.000000000000000000 ) ) ;
#1060 = VERTEX_POINT ( 'NONE', #241 ) ;
#1061 = ORIENTED_EDGE ( 'NONE', *, *, #1778, .F. ) ;
#1062 = CARTESIAN_POINT ( 'NONE',  ( 11.50000000000000888, 20.50000000000000000, -8.499999999988641974 ) ) ;
#1063 = EDGE_LOOP ( 'NONE', ( #2057, #1580, #1558, #551 ) ) ;
#1064 = DIRECTION ( 'NONE',  ( -1.000000000000000000, 0.000000000000000000, 0.000000000000000000 ) ) ;
#1065 = DIRECTION ( 'NONE',  ( 1.000000000000000000, 0.000000000000000000, 0.000000000000000000 ) ) ;
#1066 = CIRCLE ( 'NONE', #1649, 1.599999999999988542 ) ;
#1067 = DIRECTION ( 'NONE',  ( 0.000000000000000000, 1.000000000000000000, 0.000000000000000000 ) ) ;
#1068 = AXIS2_PLACEMENT_3D ( 'NONE', #2095, #2105, #617 ) ;
#1069 = CARTESIAN_POINT ( 'NONE',  ( -2.099999999999990319, 32.50000000000000000, 21.81483215369439321 ) ) ;
#1070 = EDGE_CURVE ( 'NONE', #1588, #426, #103, .T. ) ;
#1071 = ORIENTED_EDGE ( 'NONE', *, *, #64, .F. ) ;
#1072 = ORIENTED_EDGE ( 'NONE', *, *, #126, .F. ) ;
#1073 = LINE ( 'NONE', #224, #992 ) ;
#1074 = VECTOR ( 'NONE', #1355, 1000.000000000000000 ) ;
#1075 = ORIENTED_EDGE ( 'NONE', *, *, #297, .T. ) ;
#1076 = VECTOR ( 'NONE', #1648, 1000.000000000000000 ) ;
#1077 = VERTEX_POINT ( 'NONE', #1993 ) ;
#1078 = CARTESIAN_POINT ( 'NONE',  ( -27.64000000000000412, 12.00000000000000000, 24.50000000000000000 ) ) ;
#1079 = DIRECTION ( 'NONE',  ( -1.000000000000000000, 0.000000000000000000, 0.000000000000000000 ) ) ;
#1080 = CIRCLE ( 'NONE', #1348, 3.559999999999997389 ) ;
#1081 = EDGE_CURVE ( 'NONE', #1852, #1442, #46, .T. ) ;
#1082 = EDGE_LOOP ( 'NONE', ( #363, #100, #1325, #673 ) ) ;
#1083 = EDGE_LOOP ( 'NONE', ( #226, #2040, #955, #233, #960, #894 ) ) ;
#1084 = CARTESIAN_POINT ( 'NONE',  ( -29.09999999999998721, 25.50000000000000000, 24.81483215369439677 ) ) ;
#1085 = ORIENTED_EDGE ( 'NONE', *, *, #245, .T. ) ;
#1086 = ORIENTED_EDGE ( 'NONE', *, *, #291, .T. ) ;
#1087 = ORIENTED_EDGE ( 'NONE', *, *, #1532, .F. ) ;
#1088 = FACE_OUTER_BOUND ( 'NONE', #63, .T. ) ;
#1089 = DIRECTION ( 'NONE',  ( -1.993935029858399143E-16, 2.081668171172168513E-16, -1.000000000000000000 ) ) ;
#1090 = ORIENTED_EDGE ( 'NONE', *, *, #958, .T. ) ;
#1091 = ORIENTED_EDGE ( 'NONE', *, *, #1189, .T. ) ;
#1092 = CARTESIAN_POINT ( 'NONE',  ( -30.80000000000000782, 12.00000000000000000, -2.499999999999998668 ) ) ;
#1093 = EDGE_CURVE ( 'NONE', #1691, #50, #379, .T. ) ;
#1094 = CARTESIAN_POINT ( 'NONE',  ( -30.80000000000000071, 13.99999999999999822, 23.04540588948499291 ) ) ;
#1095 = CIRCLE ( 'NONE', #1748, 1.599999999999988542 ) ;
#1096 = VERTEX_POINT ( 'NONE', #1530 ) ;
#1097 = VERTEX_POINT ( 'NONE', #1838 ) ;
#1098 = CARTESIAN_POINT ( 'NONE',  ( -23.48000000000000398, 12.00000000000000000, 24.50000000000000000 ) ) ;
#1099 = CARTESIAN_POINT ( 'NONE',  ( -20.50000000000000000, 18.50000000000000000, 21.81483215369439677 ) ) ;
#1100 = ADVANCED_FACE ( 'NONE', ( #354 ), #1354, .T. ) ;
#1101 = AXIS2_PLACEMENT_3D ( 'NONE', #1236, #2059, #645 ) ;
#1102 = EDGE_LOOP ( 'NONE', ( #756, #1567, #1204, #1131 ) ) ;
#1103 = DIRECTION ( 'NONE',  ( -0.000000000000000000, -0.000000000000000000, 1.000000000000000000 ) ) ;
#1104 = CARTESIAN_POINT ( 'NONE',  ( -0.5000000000000000000, 25.50000000000000000, 24.81483215369439677 ) ) ;
#1105 = VERTEX_POINT ( 'NONE', #899 ) ;
#1106 = VERTEX_POINT ( 'NONE', #1223 ) ;
#1107 = SHAPE_DEFINITION_REPRESENTATION ( #112, #1672 ) ;
#1108 = EDGE_CURVE ( 'NONE', #478, #391, #1684, .T. ) ;
#1109 = CARTESIAN_POINT ( 'NONE',  ( -30.80000000000000071, 11.99999999999999822, 21.81483215369439677 ) ) ;
#1110 = DIRECTION ( 'NONE',  ( 1.000000000000000000, 0.000000000000000000, 0.000000000000000000 ) ) ;
#1111 = CARTESIAN_POINT ( 'NONE',  ( -36.49999999999999289, 30.50000000000000000, -8.455038113620096496 ) ) ;
#1112 = VECTOR ( 'NONE', #11, 1000.000000000000000 ) ;
#1113 = EDGE_CURVE ( 'NONE', #1588, #728, #1518, .T. ) ;
#1114 = VERTEX_POINT ( 'NONE', #38 ) ;
#1115 = VECTOR ( 'NONE', #2001, 1000.000000000000000 ) ;
#1116 = FACE_BOUND ( 'NONE', #1416, .T. ) ;
#1117 = VERTEX_POINT ( 'NONE', #1186 ) ;
#1118 = LINE ( 'NONE', #923, #1810 ) ;
#1119 = DIRECTION ( 'NONE',  ( -1.000000000000000000, 0.000000000000000000, -0.000000000000000000 ) ) ;
#1120 = VERTEX_POINT ( 'NONE', #1848 ) ;
#1121 = EDGE_CURVE ( 'NONE', #426, #1445, #547, .T. ) ;
#1122 = CARTESIAN_POINT ( 'NONE',  ( -30.80000000000000071, 33.43999999999999773, 21.81483215369439677 ) ) ;
#1123 = VECTOR ( 'NONE', #138, 1000.000000000000000 ) ;
#1124 = ORIENTED_EDGE ( 'NONE', *, *, #1542, .F. ) ;
#1125 = VERTEX_POINT ( 'NONE', #1046 ) ;
#1126 = CARTESIAN_POINT ( 'NONE',  ( -22.09999999999998721, 32.50000000000000000, 24.81483215369439677 ) ) ;
#1127 = DIRECTION ( 'NONE',  ( -0.000000000000000000, -0.000000000000000000, 1.000000000000000000 ) ) ;
#1128 = EDGE_CURVE ( 'NONE', #306, #1550, #1707, .T. ) ;
#1129 = VECTOR ( 'NONE', #287, 1000.000000000000000 ) ;
#1130 = CARTESIAN_POINT ( 'NONE',  ( 11.50000000000000888, 30.50000000000000000, -12.50000000004547474 ) ) ;
#1131 = ORIENTED_EDGE ( 'NONE', *, *, #1606, .F. ) ;
#1132 = AXIS2_PLACEMENT_3D ( 'NONE', #1104, #280, #1323 ) ;
#1133 = LINE ( 'NONE', #501, #872 ) ;
#1134 = DIRECTION ( 'NONE',  ( -8.545435842250282219E-17, 0.000000000000000000, -1.000000000000000000 ) ) ;
#1135 = FACE_OUTER_BOUND ( 'NONE', #818, .T. ) ;
#1136 = EDGE_CURVE ( 'NONE', #1666, #1120, #66, .T. ) ;
#1137 = ORIENTED_EDGE ( 'NONE', *, *, #245, .F. ) ;
#1138 = FACE_OUTER_BOUND ( 'NONE', #448, .T. ) ;
#1139 = CARTESIAN_POINT ( 'NONE',  ( -13.50000000000000000, 25.50000000000000000, 24.81483215369439677 ) ) ;
#1140 = AXIS2_PLACEMENT_3D ( 'NONE', #1158, #312, #640 ) ;
#1141 = DIRECTION ( 'NONE',  ( -1.000000000000000000, 0.000000000000000000, 0.000000000000000000 ) ) ;
#1142 = EDGE_CURVE ( 'NONE', #426, #1588, #1225, .T. ) ;
#1143 = CARTESIAN_POINT ( 'NONE',  ( -30.80000000000000071, 33.43999999999999773, 24.81483215369439677 ) ) ;
#1144 = DIRECTION ( 'NONE',  ( 1.000000000000000000, -0.000000000000000000, -0.000000000000000000 ) ) ;
#1145 = FACE_OUTER_BOUND ( 'NONE', #1315, .T. ) ;
#1146 = ORIENTED_EDGE ( 'NONE', *, *, #1022, .T. ) ;
#1147 = CARTESIAN_POINT ( 'NONE',  ( -20.50000000000000000, 18.50000000000000000, 21.81483215369439677 ) ) ;
#1148 = LINE ( 'NONE', #1035, #840 ) ;
#1149 = LINE ( 'NONE', #1818, #243 ) ;
#1150 = CARTESIAN_POINT ( 'NONE',  ( -32.50000000000001421, 30.50000000000000000, -8.455038113620096496 ) ) ;
#1151 = CARTESIAN_POINT ( 'NONE',  ( 13.50000000000000000, 30.50000000000000000, -8.499999999988645527 ) ) ;
#1152 = ADVANCED_FACE ( 'NONE', ( #622 ), #1782, .F. ) ;
#1153 = AXIS2_PLACEMENT_3D ( 'NONE', #602, #1910, #934 ) ;
#1154 = VERTEX_POINT ( 'NONE', #1564 ) ;
#1155 = CYLINDRICAL_SURFACE ( 'NONE', #576, 1.599999999999986766 ) ;
#1156 = CARTESIAN_POINT ( 'NONE',  ( -34.50000000000000000, 30.50000000000000000, -12.50761889323825926 ) ) ;
#1157 = EDGE_CURVE ( 'NONE', #371, #1462, #1761, .T. ) ;
#1158 = CARTESIAN_POINT ( 'NONE',  ( -7.500000000000000000, 25.50000000000000000, 21.81483215369439321 ) ) ;
#1159 = ORIENTED_EDGE ( 'NONE', *, *, #1628, .F. ) ;
#1160 = PLANE ( 'NONE',  #1466 ) ;
#1161 = EDGE_CURVE ( 'NONE', #2011, #1948, #1596, .T. ) ;
#1162 = ORIENTED_EDGE ( 'NONE', *, *, #954, .T. ) ;
#1163 = FACE_OUTER_BOUND ( 'NONE', #1102, .T. ) ;
#1164 = CARTESIAN_POINT ( 'NONE',  ( -20.50000000000000000, 25.50000000000000000, 24.81483215369439677 ) ) ;
#1165 = ORIENTED_EDGE ( 'NONE', *, *, #658, .F. ) ;
#1166 = CARTESIAN_POINT ( 'NONE',  ( -18.90000000000001279, 18.50000000000000000, 24.81483215369439677 ) ) ;
#1167 = CIRCLE ( 'NONE', #555, 1.599999999999988542 ) ;
#1168 = EDGE_LOOP ( 'NONE', ( #1260, #136 ) ) ;
#1169 = LINE ( 'NONE', #30, #2096 ) ;
#1170 = DIRECTION ( 'NONE',  ( 0.000000000000000000, -0.000000000000000000, 1.000000000000000000 ) ) ;
#1171 = AXIS2_PLACEMENT_3D ( 'NONE', #313, #1478, #957 ) ;
#1172 = ORIENTED_EDGE ( 'NONE', *, *, #270, .T. ) ;
#1173 = CARTESIAN_POINT ( 'NONE',  ( 9.799999999999998934, 12.00000000000000000, 23.50000000000000000 ) ) ;
#1174 = DIRECTION ( 'NONE',  ( -1.000000000000000000, 0.000000000000000000, 0.000000000000000000 ) ) ;
#1175 = CARTESIAN_POINT ( 'NONE',  ( -2.099999999999989875, 25.50000000000000000, 24.81483215369439677 ) ) ;
#1176 = DIRECTION ( 'NONE',  ( 0.000000000000000000, 1.000000000000000000, 0.000000000000000000 ) ) ;
#1177 = CARTESIAN_POINT ( 'NONE',  ( -30.80000000000000071, 37.00000000000000000, 18.37999999999999901 ) ) ;
#1178 = CARTESIAN_POINT ( 'NONE',  ( 19.66000000000000014, 12.00000000000000000, -13.22000000000000064 ) ) ;
#1179 = ORIENTED_EDGE ( 'NONE', *, *, #823, .T. ) ;
#1180 = DIRECTION ( 'NONE',  ( -1.000000000000000000, 0.000000000000000000, 0.000000000000000000 ) ) ;
#1181 = CARTESIAN_POINT ( 'NONE',  ( -39.50000000000000000, 12.00000000000000000, -12.50761889323825926 ) ) ;
#1182 = VERTEX_POINT ( 'NONE', #1246 ) ;
#1183 = CARTESIAN_POINT ( 'NONE',  ( 9.799999999999997158, 13.99999999999999822, 24.50000000000000000 ) ) ;
#1184 = LINE ( 'NONE', #190, #57 ) ;
#1185 = AXIS2_PLACEMENT_3D ( 'NONE', #1181, #1170, #1843 ) ;
#1186 = CARTESIAN_POINT ( 'NONE',  ( -35.93999999999999773, 37.00000000000000000, -12.45503811362009472 ) ) ;
#1187 = AXIS2_PLACEMENT_3D ( 'NONE', #1584, #1746, #1110 ) ;
#1188 =( GEOMETRIC_REPRESENTATION_CONTEXT ( 3 ) GLOBAL_UNCERTAINTY_ASSIGNED_CONTEXT ( ( #1651 ) ) GLOBAL_UNIT_ASSIGNED_CONTEXT ( ( #1956, #1939, #2115 ) ) REPRESENTATION_CONTEXT ( 'NONE', 'WORKASPACE' ) );
#1189 = EDGE_CURVE ( 'NONE', #600, #371, #2058, .T. ) ;
#1190 = CARTESIAN_POINT ( 'NONE',  ( -11.90000000000000924, 25.50000000000000000, 24.81483215369439677 ) ) ;
#1191 = CARTESIAN_POINT ( 'NONE',  ( 15.49999999999999112, 20.50000000000000000, -12.50000000004547474 ) ) ;
#1192 = ORIENTED_EDGE ( 'NONE', *, *, #1586, .F. ) ;
#1193 = CYLINDRICAL_SURFACE ( 'NONE', #177, 1.599999999999990319 ) ;
#1194 = CIRCLE ( 'NONE', #1757, 3.559999999999993836 ) ;
#1195 = LINE ( 'NONE', #62, #1413 ) ;
#1196 = EDGE_CURVE ( 'NONE', #595, #1676, #1443, .T. ) ;
#1197 = ORIENTED_EDGE ( 'NONE', *, *, #1833, .F. ) ;
#1198 = DIRECTION ( 'NONE',  ( 0.000000000000000000, -1.000000000000000000, 0.000000000000000000 ) ) ;
#1199 = CARTESIAN_POINT ( 'NONE',  ( -30.80000000000000071, 14.00000000000000000, 21.81483215369439677 ) ) ;
#1200 = FACE_OUTER_BOUND ( 'NONE', #1834, .T. ) ;
#1201 = DIRECTION ( 'NONE',  ( 1.000000000000000000, 0.000000000000000000, 0.000000000000000000 ) ) ;
#1202 = LINE ( 'NONE', #1700, #883 ) ;
#1203 = ORIENTED_EDGE ( 'NONE', *, *, #368, .F. ) ;
#1204 = ORIENTED_EDGE ( 'NONE', *, *, #726, .F. ) ;
#1205 = DIRECTION ( 'NONE',  ( 0.000000000000000000, 0.000000000000000000, -1.000000000000000000 ) ) ;
#1206 = VECTOR ( 'NONE', #1522, 1000.000000000000000 ) ;
#1207 = COLOUR_RGB ( '',0.7921568627450980005, 0.8196078431372548767, 0.9333333333333333481 ) ;
#1208 = EDGE_LOOP ( 'NONE', ( #1733, #282 ) ) ;
#1209 =( LENGTH_UNIT ( ) NAMED_UNIT ( * ) SI_UNIT ( .MILLI., .METRE. ) );
#1210 = CARTESIAN_POINT ( 'NONE',  ( -30.80000000000000071, 11.99999999999999822, 24.81483215369439677 ) ) ;
#1211 = DIRECTION ( 'NONE',  ( -0.000000000000000000, -0.000000000000000000, -1.000000000000000000 ) ) ;
#1212 = CARTESIAN_POINT ( 'NONE',  ( -15.09999999999999076, 25.50000000000000000, 21.81483215369439677 ) ) ;
#1213 = AXIS2_PLACEMENT_3D ( 'NONE', #53, #1045, #385 ) ;
#1214 = AXIS2_PLACEMENT_3D ( 'NONE', #28, #881, #1388 ) ;
#1215 = ORIENTED_EDGE ( 'NONE', *, *, #2073, .F. ) ;
#1216 = EDGE_LOOP ( 'NONE', ( #496, #1996 ) ) ;
#1217 = DIRECTION ( 'NONE',  ( 1.000000000000000000, 0.000000000000000000, 0.000000000000000000 ) ) ;
#1218 = ORIENTED_EDGE ( 'NONE', *, *, #1839, .T. ) ;
#1219 = ORIENTED_EDGE ( 'NONE', *, *, #592, .F. ) ;
#1220 = DIRECTION ( 'NONE',  ( 1.000000000000000000, 0.000000000000000000, 0.000000000000000000 ) ) ;
#1221 = DIRECTION ( 'NONE',  ( 0.000000000000000000, -0.000000000000000000, -1.000000000000000000 ) ) ;
#1222 = EDGE_CURVE ( 'NONE', #1989, #1787, #296, .T. ) ;
#1223 = CARTESIAN_POINT ( 'NONE',  ( -30.80000000000000782, 14.00000000000000000, -12.49999999999999822 ) ) ;
#1224 = DIRECTION ( 'NONE',  ( -0.000000000000000000, -0.000000000000000000, 1.000000000000000000 ) ) ;
#1225 = CIRCLE ( 'NONE', #1539, 1.599999999999989875 ) ;
#1226 = EDGE_CURVE ( 'NONE', #1676, #1054, #1533, .T. ) ;
#1227 = ORIENTED_EDGE ( 'NONE', *, *, #147, .F. ) ;
#1228 = ORIENTED_EDGE ( 'NONE', *, *, #1248, .F. ) ;
#1229 = CARTESIAN_POINT ( 'NONE',  ( -27.24000000000000554, 33.43999999999999773, 24.81483215369439677 ) ) ;
#1230 = ORIENTED_EDGE ( 'NONE', *, *, #755, .T. ) ;
#1231 = AXIS2_PLACEMENT_3D ( 'NONE', #2100, #316, #1294 ) ;
#1232 = ADVANCED_FACE ( 'NONE', ( #1933 ), #1901, .F. ) ;
#1233 = ORIENTED_EDGE ( 'NONE', *, *, #1881, .F. ) ;
#1234 = DIRECTION ( 'NONE',  ( -0.000000000000000000, -0.000000000000000000, -1.000000000000000000 ) ) ;
#1235 = AXIS2_PLACEMENT_3D ( 'NONE', #1383, #406, #1241 ) ;
#1236 = CARTESIAN_POINT ( 'NONE',  ( -35.93999999999999773, 33.43999999999999773, -12.45503811362009650 ) ) ;
#1237 = ORIENTED_EDGE ( 'NONE', *, *, #651, .T. ) ;
#1238 = EDGE_LOOP ( 'NONE', ( #314, #2070 ) ) ;
#1239 = DIRECTION ( 'NONE',  ( -0.000000000000000000, -0.000000000000000000, 1.000000000000000000 ) ) ;
#1240 = DIRECTION ( 'NONE',  ( -0.000000000000000000, -0.000000000000000000, 1.000000000000000000 ) ) ;
#1241 = DIRECTION ( 'NONE',  ( -1.000000000000000000, 0.000000000000000000, 0.000000000000000000 ) ) ;
#1242 = AXIS2_PLACEMENT_3D ( 'NONE', #485, #967, #1632 ) ;
#1243 = ORIENTED_EDGE ( 'NONE', *, *, #930, .F. ) ;
#1244 = APPLICATION_PROTOCOL_DEFINITION ( 'draft international standard', 'automotive_design', 1998, #152 ) ;
#1245 = ORIENTED_EDGE ( 'NONE', *, *, #1735, .F. ) ;
#1246 = CARTESIAN_POINT ( 'NONE',  ( -39.50000000000000000, 14.00000000000000533, -12.50761889323825926 ) ) ;
#1247 = CARTESIAN_POINT ( 'NONE',  ( -32.50000000000001421, 20.50000000000000000, -12.45503811362010005 ) ) ;
#1248 = EDGE_CURVE ( 'NONE', #766, #595, #1118, .T. ) ;
#1249 = EDGE_LOOP ( 'NONE', ( #699, #518, #293, #2086 ) ) ;
#1250 = ORIENTED_EDGE ( 'NONE', *, *, #72, .F. ) ;
#1251 = CYLINDRICAL_SURFACE ( 'NONE', #1273, 1.599999999999990097 ) ;
#1252 = CARTESIAN_POINT ( 'NONE',  ( 1.099999999999988542, 18.50000000000000000, 24.81483215369439677 ) ) ;
#1253 = VERTEX_POINT ( 'NONE', #1572 ) ;
#1254 = EDGE_CURVE ( 'NONE', #311, #1060, #1412, .T. ) ;
#1255 = ORIENTED_EDGE ( 'NONE', *, *, #140, .T. ) ;
#1256 = CARTESIAN_POINT ( 'NONE',  ( 9.799999999999997158, 13.99999999999999822, 24.50000000000000000 ) ) ;
#1257 = LINE ( 'NONE', #573, #435 ) ;
#1258 = VECTOR ( 'NONE', #489, 1000.000000000000000 ) ;
#1259 = ADVANCED_FACE ( 'NONE', ( #1088 ), #2067, .T. ) ;
#1260 = ORIENTED_EDGE ( 'NONE', *, *, #482, .T. ) ;
#1261 = CARTESIAN_POINT ( 'NONE',  ( -15.09999999999999076, 25.50000000000000000, 24.81483215369439677 ) ) ;
#1262 = CARTESIAN_POINT ( 'NONE',  ( -30.80000000000000071, 13.99999999999999822, 23.89387451931333572 ) ) ;
#1263 = AXIS2_PLACEMENT_3D ( 'NONE', #552, #1052, #1205 ) ;
#1264 = ORIENTED_EDGE ( 'NONE', *, *, #1673, .T. ) ;
#1265 = CARTESIAN_POINT ( 'NONE',  ( -20.50000000000000000, 18.50000000000000000, 24.81483215369439677 ) ) ;
#1266 = VERTEX_POINT ( 'NONE', #1424 ) ;
#1267 = CARTESIAN_POINT ( 'NONE',  ( -0.5000000000000000000, 32.50000000000000000, 21.81483215369439321 ) ) ;
#1268 = DIRECTION ( 'NONE',  ( -1.000000000000000000, 0.000000000000000000, 0.000000000000000000 ) ) ;
#1269 = VECTOR ( 'NONE', #1719, 1000.000000000000000 ) ;
#1270 = VERTEX_POINT ( 'NONE', #1256 ) ;
#1271 = DIRECTION ( 'NONE',  ( -0.000000000000000000, 0.000000000000000000, 1.000000000000000000 ) ) ;
#1272 = ORIENTED_EDGE ( 'NONE', *, *, #946, .F. ) ;
#1273 = AXIS2_PLACEMENT_3D ( 'NONE', #1281, #1937, #587 ) ;
#1274 = LINE ( 'NONE', #1594, #1964 ) ;
#1275 = VERTEX_POINT ( 'NONE', #2077 ) ;
#1276 = CARTESIAN_POINT ( 'NONE',  ( -15.16000000000000369, 12.00000000000000000, 24.50000000000000000 ) ) ;
#1277 = CARTESIAN_POINT ( 'NONE',  ( -22.09999999999998721, 18.50000000000000000, 21.81483215369439677 ) ) ;
#1278 = AXIS2_PLACEMENT_3D ( 'NONE', #460, #1119, #1671 ) ;
#1279 = AXIS2_PLACEMENT_3D ( 'NONE', #1802, #649, #984 ) ;
#1280 = ORIENTED_EDGE ( 'NONE', *, *, #549, .T. ) ;
#1281 = CARTESIAN_POINT ( 'NONE',  ( -0.5000000000000000000, 18.50000000000000000, 24.81483215369439677 ) ) ;
#1282 = ORIENTED_EDGE ( 'NONE', *, *, #1639, .F. ) ;
#1283 = ADVANCED_FACE ( 'NONE', ( #273 ), #925, .T. ) ;
#1284 = ORIENTED_EDGE ( 'NONE', *, *, #164, .T. ) ;
#1285 = DIRECTION ( 'NONE',  ( -0.000000000000000000, -0.000000000000000000, 1.000000000000000000 ) ) ;
#1286 = CARTESIAN_POINT ( 'NONE',  ( -34.50000000000000000, 30.50000000000000000, -12.45503811362009650 ) ) ;
#1287 = LINE ( 'NONE', #1759, #1489 ) ;
#1288 = ADVANCED_FACE ( 'NONE', ( #819 ), #2117, .F. ) ;
#1289 = LINE ( 'NONE', #1166, #1697 ) ;
#1290 = CYLINDRICAL_SURFACE ( 'NONE', #1562, 1.599999999999986766 ) ;
#1291 = VECTOR ( 'NONE', #351, 1000.000000000000000 ) ;
#1292 = VERTEX_POINT ( 'NONE', #1126 ) ;
#1293 = CARTESIAN_POINT ( 'NONE',  ( -32.50000000000001421, 20.50000000000000000, -12.50761889323825926 ) ) ;
#1294 = DIRECTION ( 'NONE',  ( 1.000000000000000000, 0.000000000000000000, 0.000000000000000000 ) ) ;
#1295 = EDGE_CURVE ( 'NONE', #305, #1534, #497, .T. ) ;
#1296 = AXIS2_PLACEMENT_3D ( 'NONE', #1099, #47, #1870 ) ;
#1297 = DIRECTION ( 'NONE',  ( 0.000000000000000000, -0.000000000000000000, -1.000000000000000000 ) ) ;
#1298 = ORIENTED_EDGE ( 'NONE', *, *, #1763, .T. ) ;
#1299 = FACE_OUTER_BOUND ( 'NONE', #1968, .T. ) ;
#1300 = EDGE_CURVE ( 'NONE', #948, #1595, #1912, .T. ) ;
#1301 = VERTEX_POINT ( 'NONE', #981 ) ;
#1302 = DIRECTION ( 'NONE',  ( 0.000000000000000000, -4.336808689942017736E-16, -1.000000000000000000 ) ) ;
#1303 = CYLINDRICAL_SURFACE ( 'NONE', #401, 1.599999999999990097 ) ;
#1304 = CIRCLE ( 'NONE', #374, 1.599999999999990319 ) ;
#1305 = VECTOR ( 'NONE', #1034, 1000.000000000000000 ) ;
#1306 = ADVANCED_FACE ( 'NONE', ( #1138 ), #1155, .F. ) ;
#1307 = ORIENTED_EDGE ( 'NONE', *, *, #2073, .T. ) ;
#1308 = FACE_OUTER_BOUND ( 'NONE', #809, .T. ) ;
#1309 = DIRECTION ( 'NONE',  ( 1.000000000000000000, -0.000000000000000000, -0.000000000000000000 ) ) ;
#1310 = CARTESIAN_POINT ( 'NONE',  ( -0.5000000000000000000, 25.50000000000000000, 21.81483215369439321 ) ) ;
#1311 = AXIS2_PLACEMENT_3D ( 'NONE', #859, #206, #1180 ) ;
#1312 = AXIS2_PLACEMENT_3D ( 'NONE', #523, #1037, #1727 ) ;
#1313 = CARTESIAN_POINT ( 'NONE',  ( -30.80000000000000782, 12.00000000000000000, -7.500000000000000000 ) ) ;
#1314 = EDGE_CURVE ( 'NONE', #678, #1841, #961, .T. ) ;
#1315 = EDGE_LOOP ( 'NONE', ( #2051, #260, #488, #532 ) ) ;
#1316 = DIRECTION ( 'NONE',  ( -8.545435842250282219E-17, 0.000000000000000000, -1.000000000000000000 ) ) ;
#1317 = FACE_BOUND ( 'NONE', #1318, .T. ) ;
#1318 = EDGE_LOOP ( 'NONE', ( #160, #893 ) ) ;
#1319 = DIRECTION ( 'NONE',  ( 0.000000000000000000, 1.000000000000000000, -4.872818752743839266E-16 ) ) ;
#1320 = EDGE_CURVE ( 'NONE', #1691, #665, #998, .T. ) ;
#1321 = CARTESIAN_POINT ( 'NONE',  ( -18.90000000000001279, 32.50000000000000000, 24.81483215369439677 ) ) ;
#1322 = ORIENTED_EDGE ( 'NONE', *, *, #2080, .T. ) ;
#1323 = DIRECTION ( 'NONE',  ( 1.000000000000000000, 0.000000000000000000, 0.000000000000000000 ) ) ;
#1324 = AXIS2_PLACEMENT_3D ( 'NONE', #479, #674, #506 ) ;
#1325 = ORIENTED_EDGE ( 'NONE', *, *, #88, .F. ) ;
#1326 = LINE ( 'NONE', #2099, #2079 ) ;
#1327 = CARTESIAN_POINT ( 'NONE',  ( -36.49999999999999289, 20.50000000000000000, -12.50761889323825926 ) ) ;
#1328 = ADVANCED_FACE ( 'NONE', ( #1470 ), #666, .F. ) ;
#1329 = AXIS2_PLACEMENT_3D ( 'NONE', #1554, #242, #737 ) ;
#1330 = DIRECTION ( 'NONE',  ( 0.000000000000000000, 0.000000000000000000, 1.000000000000000000 ) ) ;
#1331 = CARTESIAN_POINT ( 'NONE',  ( -39.50000000000000000, 14.00000000000000533, -12.50761889323825926 ) ) ;
#1332 = VECTOR ( 'NONE', #110, 1000.000000000000000 ) ;
#1333 = VERTEX_POINT ( 'NONE', #801 ) ;
#1334 = DIRECTION ( 'NONE',  ( -0.000000000000000000, -0.000000000000000000, 1.000000000000000000 ) ) ;
#1335 = DIRECTION ( 'NONE',  ( -0.000000000000000000, -0.000000000000000000, 1.000000000000000000 ) ) ;
#1336 = VERTEX_POINT ( 'NONE', #1814 ) ;
#1337 = CARTESIAN_POINT ( 'NONE',  ( 9.799999999999993605, 33.44000000000000483, -12.49999999998864553 ) ) ;
#1338 = DIRECTION ( 'NONE',  ( -1.000000000000000000, 0.000000000000000000, 0.000000000000000000 ) ) ;
#1339 = LINE ( 'NONE', #498, #94 ) ;
#1340 = DIRECTION ( 'NONE',  ( 0.000000000000000000, 0.000000000000000000, -1.000000000000000000 ) ) ;
#1341 = VECTOR ( 'NONE', #615, 1000.000000000000000 ) ;
#1342 = EDGE_CURVE ( 'NONE', #41, #600, #1800, .T. ) ;
#1343 = CIRCLE ( 'NONE', #833, 1.599999999999989875 ) ;
#1344 = DIRECTION ( 'NONE',  ( -0.000000000000000000, -0.000000000000000000, 1.000000000000000000 ) ) ;
#1345 = ORIENTED_EDGE ( 'NONE', *, *, #466, .T. ) ;
#1346 = CARTESIAN_POINT ( 'NONE',  ( -27.50000000000000000, 25.50000000000000000, 24.81483215369439677 ) ) ;
#1347 = FACE_OUTER_BOUND ( 'NONE', #1799, .T. ) ;
#1348 = AXIS2_PLACEMENT_3D ( 'NONE', #477, #281, #2125 ) ;
#1349 = ORIENTED_EDGE ( 'NONE', *, *, #882, .F. ) ;
#1350 = CARTESIAN_POINT ( 'NONE',  ( 9.799999999999998934, 13.99999999999999822, 23.22720785264666432 ) ) ;
#1351 = DIRECTION ( 'NONE',  ( 0.000000000000000000, 0.000000000000000000, -1.000000000000000000 ) ) ;
#1352 = DIRECTION ( 'NONE',  ( -0.000000000000000000, -0.000000000000000000, 1.000000000000000000 ) ) ;
#1353 = EDGE_CURVE ( 'NONE', #65, #60, #161, .T. ) ;
#1354 = CYLINDRICAL_SURFACE ( 'NONE', #1214, 3.559999999999997389 ) ;
#1355 = DIRECTION ( 'NONE',  ( -0.000000000000000000, -0.000000000000000000, 1.000000000000000000 ) ) ;
#1356 = EDGE_CURVE ( 'NONE', #173, #1711, #1786, .T. ) ;
#1357 = EDGE_LOOP ( 'NONE', ( #594, #137 ) ) ;
#1358 = CARTESIAN_POINT ( 'NONE',  ( -30.80000000000000782, 12.00000000000000000, -12.50761889323825926 ) ) ;
#1359 = ORIENTED_EDGE ( 'NONE', *, *, #95, .T. ) ;
#1360 = DIRECTION ( 'NONE',  ( -0.000000000000000000, 1.000000000000000000, -0.000000000000000000 ) ) ;
#1361 = DIRECTION ( 'NONE',  ( -1.000000000000000000, 0.000000000000000000, 0.000000000000000000 ) ) ;
#1362 = LINE ( 'NONE', #17, #1935 ) ;
#1363 = EDGE_CURVE ( 'NONE', #1712, #69, #1326, .T. ) ;
#1364 = CIRCLE ( 'NONE', #716, 1.999999999999988010 ) ;
#1365 = FACE_OUTER_BOUND ( 'NONE', #1249, .T. ) ;
#1366 = ORIENTED_EDGE ( 'NONE', *, *, #1472, .F. ) ;
#1367 = ORIENTED_EDGE ( 'NONE', *, *, #2016, .T. ) ;
#1368 = PLANE ( 'NONE',  #1263 ) ;
#1369 = VECTOR ( 'NONE', #603, 1000.000000000000000 ) ;
#1370 = ORIENTED_EDGE ( 'NONE', *, *, #1254, .T. ) ;
#1371 = CARTESIAN_POINT ( 'NONE',  ( 1.099999999999988542, 25.50000000000000000, 24.81483215369439677 ) ) ;
#1372 = DIRECTION ( 'NONE',  ( -0.000000000000000000, 0.000000000000000000, 1.000000000000000000 ) ) ;
#1373 = ADVANCED_FACE ( 'NONE', ( #1961 ), #322, .F. ) ;
#1374 = CARTESIAN_POINT ( 'NONE',  ( 1.099999999999990097, 32.50000000000000000, 24.81483215369439677 ) ) ;
#1375 = CARTESIAN_POINT ( 'NONE',  ( -34.35999999999999943, 33.43999999999999773, -12.45503811362009650 ) ) ;
#1376 = VECTOR ( 'NONE', #109, 1000.000000000000000 ) ;
#1377 = ADVANCED_FACE ( 'NONE', ( #1163 ), #1949, .T. ) ;
#1378 = VERTEX_POINT ( 'NONE', #990 ) ;
#1379 = ORIENTED_EDGE ( 'NONE', *, *, #1295, .T. ) ;
#1380 = CARTESIAN_POINT ( 'NONE',  ( -25.90000000000001279, 25.50000000000000000, 24.81483215369439677 ) ) ;
#1381 = VECTOR ( 'NONE', #2053, 1000.000000000000000 ) ;
#1382 = CIRCLE ( 'NONE', #172, 1.999999999999991340 ) ;
#1383 = CARTESIAN_POINT ( 'NONE',  ( -34.50000000000000000, 30.50000000000000000, -12.50761889323825926 ) ) ;
#1384 = ORIENTED_EDGE ( 'NONE', *, *, #1679, .F. ) ;
#1385 = CARTESIAN_POINT ( 'NONE',  ( -20.50000000000000000, 32.50000000000000000, 21.81483215369439677 ) ) ;
#1386 = CARTESIAN_POINT ( 'NONE',  ( 13.50000000000000000, 20.50000000000000000, -12.50000000004547474 ) ) ;
#1387 = EDGE_CURVE ( 'NONE', #1948, #115, #1647, .T. ) ;
#1388 = DIRECTION ( 'NONE',  ( 1.000000000000000000, 0.000000000000000000, 0.000000000000000000 ) ) ;
#1389 = CARTESIAN_POINT ( 'NONE',  ( -13.50000000000000000, 25.50000000000000000, 21.81483215369439677 ) ) ;
#1390 = VECTOR ( 'NONE', #1360, 1000.000000000000000 ) ;
#1391 = AXIS2_PLACEMENT_3D ( 'NONE', #1109, #2088, #455 ) ;
#1392 = DIRECTION ( 'NONE',  ( -1.000000000000000000, 0.000000000000000000, 0.000000000000000000 ) ) ;
#1393 = ORIENTED_EDGE ( 'NONE', *, *, #330, .T. ) ;
#1394 = ORIENTED_EDGE ( 'NONE', *, *, #2101, .F. ) ;
#1395 = CARTESIAN_POINT ( 'NONE',  ( -2.099999999999989875, 18.50000000000000000, 24.81483215369439677 ) ) ;
#1396 = EDGE_CURVE ( 'NONE', #60, #540, #644, .T. ) ;
#1397 = B_SPLINE_SURFACE_WITH_KNOTS ( 'NONE', 1, 1, ( 
 ( #1653, #168, #1507 ),
 ( #693, #527, #1178 ) ),
 .UNSPECIFIED., .F., .F., .F.,
 ( 2, 2 ),
 ( 2, 1, 2 ),
 ( -1.159999999999999920, 59.15999999999999659 ),
 ( -0.09439999999999998392, 0.2800000000000000266, 37.71999999999999886 ),
 .UNSPECIFIED. ) ;
#1398 = EDGE_LOOP ( 'NONE', ( #1322, #1090, #33, #621, #1774, #604, #550, #1492 ) ) ;
#1399 = PRESENTATION_STYLE_ASSIGNMENT (( #920 ) ) ;
#1400 = ORIENTED_EDGE ( 'NONE', *, *, #214, .F. ) ;
#1401 = DIRECTION ( 'NONE',  ( -1.000000000000000000, 0.000000000000000000, 0.000000000000000000 ) ) ;
#1402 = DIRECTION ( 'NONE',  ( -0.000000000000000000, -1.000000000000000000, -0.000000000000000000 ) ) ;
#1403 = AXIS2_PLACEMENT_3D ( 'NONE', #1790, #1979, #307 ) ;
#1404 = VERTEX_POINT ( 'NONE', #685 ) ;
#1405 = VERTEX_POINT ( 'NONE', #1681 ) ;
#1406 = CARTESIAN_POINT ( 'NONE',  ( -34.35999999999999943, 37.00000000000000000, -8.455038113620094720 ) ) ;
#1407 = CARTESIAN_POINT ( 'NONE',  ( 1.099999999999990097, 18.50000000000000000, 24.81483215369439677 ) ) ;
#1408 = ORIENTED_EDGE ( 'NONE', *, *, #1826, .F. ) ;
#1409 = AXIS2_PLACEMENT_3D ( 'NONE', #729, #71, #586 ) ;
#1410 = ADVANCED_FACE ( 'NONE', ( #199 ), #851, .F. ) ;
#1411 = VERTEX_POINT ( 'NONE', #1033 ) ;
#1412 = LINE ( 'NONE', #294, #677 ) ;
#1413 = VECTOR ( 'NONE', #361, 1000.000000000000000 ) ;
#1414 = LINE ( 'NONE', #1057, #1269 ) ;
#1415 = DIRECTION ( 'NONE',  ( -0.000000000000000000, -0.000000000000000000, 1.000000000000000000 ) ) ;
#1416 = EDGE_LOOP ( 'NONE', ( #1985, #414 ) ) ;
#1417 = ORIENTED_EDGE ( 'NONE', *, *, #2004, .F. ) ;
#1418 = CARTESIAN_POINT ( 'NONE',  ( 18.50000000000000000, 12.00000000000000000, -12.50000000004547474 ) ) ;
#1419 = CIRCLE ( 'NONE', #803, 1.599999999999986766 ) ;
#1420 = ORIENTED_EDGE ( 'NONE', *, *, #9, .F. ) ;
#1421 = SURFACE_SIDE_STYLE ('',( #429 ) ) ;
#1422 = AXIS2_PLACEMENT_3D ( 'NONE', #440, #1756, #1432 ) ;
#1423 = ORIENTED_EDGE ( 'NONE', *, *, #466, .F. ) ;
#1424 = CARTESIAN_POINT ( 'NONE',  ( 6.240000000000005542, 37.00000000000000000, 24.81483215369439677 ) ) ;
#1425 = DIRECTION ( 'NONE',  ( -0.000000000000000000, -0.000000000000000000, -1.000000000000000000 ) ) ;
#1426 = EDGE_CURVE ( 'NONE', #114, #1646, #24, .T. ) ;
#1427 = ORIENTED_EDGE ( 'NONE', *, *, #2133, .T. ) ;
#1428 = DIRECTION ( 'NONE',  ( 1.000000000000000000, -0.000000000000000000, -0.000000000000000000 ) ) ;
#1429 = DIRECTION ( 'NONE',  ( 0.000000000000000000, -1.000000000000000000, 4.857225732735060850E-16 ) ) ;
#1430 = CIRCLE ( 'NONE', #571, 1.599999999999990319 ) ;
#1431 = ORIENTED_EDGE ( 'NONE', *, *, #325, .T. ) ;
#1432 = DIRECTION ( 'NONE',  ( 1.000000000000000000, 0.000000000000000000, 0.000000000000000000 ) ) ;
#1433 = ORIENTED_EDGE ( 'NONE', *, *, #596, .T. ) ;
#1434 = FACE_BOUND ( 'NONE', #1051, .T. ) ;
#1435 = EDGE_LOOP ( 'NONE', ( #1545, #1192 ) ) ;
#1436 = DIRECTION ( 'NONE',  ( -1.000000000000000000, -0.000000000000000000, 1.993935029858402595E-16 ) ) ;
#1437 = FACE_OUTER_BOUND ( 'NONE', #727, .T. ) ;
#1438 = CARTESIAN_POINT ( 'NONE',  ( -30.80000000000000071, 33.43999999999999773, -8.455038113620094720 ) ) ;
#1439 = CARTESIAN_POINT ( 'NONE',  ( 11.50000000000000888, 30.50000000000000000, -12.50761889323825926 ) ) ;
#1440 = ORIENTED_EDGE ( 'NONE', *, *, #856, .F. ) ;
#1441 = FACE_BOUND ( 'NONE', #1435, .T. ) ;
#1442 = VERTEX_POINT ( 'NONE', #1502 ) ;
#1443 = LINE ( 'NONE', #943, #751 ) ;
#1444 = DIRECTION ( 'NONE',  ( 1.000000000000000000, 0.000000000000000000, 0.000000000000000000 ) ) ;
#1445 = VERTEX_POINT ( 'NONE', #701 ) ;
#1446 = CARTESIAN_POINT ( 'NONE',  ( -39.50000000000000000, 14.00000000000000000, 18.50000000000000000 ) ) ;
#1447 = EDGE_CURVE ( 'NONE', #1669, #1125, #786, .T. ) ;
#1448 = LINE ( 'NONE', #1439, #1332 ) ;
#1449 = LINE ( 'NONE', #1122, #1629 ) ;
#1450 = ORIENTED_EDGE ( 'NONE', *, *, #1254, .F. ) ;
#1451 = AXIS2_PLACEMENT_3D ( 'NONE', #1946, #1460, #1972 ) ;
#1452 = VERTEX_POINT ( 'NONE', #1835 ) ;
#1453 = DIRECTION ( 'NONE',  ( -8.545435842250282219E-17, 0.000000000000000000, -1.000000000000000000 ) ) ;
#1454 = DIRECTION ( 'NONE',  ( -0.000000000000000000, -0.000000000000000000, 1.000000000000000000 ) ) ;
#1455 = VECTOR ( 'NONE', #1198, 1000.000000000000000 ) ;
#1456 = VECTOR ( 'NONE', #2111, 1000.000000000000000 ) ;
#1457 = EDGE_CURVE ( 'NONE', #1097, #1270, #193, .T. ) ;
#1458 = CARTESIAN_POINT ( 'NONE',  ( -0.5000000000000000000, 25.50000000000000000, 24.81483215369439677 ) ) ;
#1459 = ORIENTED_EDGE ( 'NONE', *, *, #747, .T. ) ;
#1460 = DIRECTION ( 'NONE',  ( 0.000000000000000000, -4.857225732735060850E-16, -1.000000000000000000 ) ) ;
#1461 = EDGE_CURVE ( 'NONE', #1182, #2011, #343, .T. ) ;
#1462 = VERTEX_POINT ( 'NONE', #533 ) ;
#1463 = CARTESIAN_POINT ( 'NONE',  ( -20.50000000000000000, 25.50000000000000000, 24.81483215369439677 ) ) ;
#1464 = CYLINDRICAL_SURFACE ( 'NONE', #302, 1.599999999999990319 ) ;
#1465 = CARTESIAN_POINT ( 'NONE',  ( -30.80000000000000782, 14.00000000000000000, -6.500000000000000000 ) ) ;
#1466 = AXIS2_PLACEMENT_3D ( 'NONE', #1030, #1690, #875 ) ;
#1467 = CARTESIAN_POINT ( 'NONE',  ( 18.50000000000000000, 33.44000000000001194, -1.450228825916611362E-14 ) ) ;
#1468 = AXIS2_PLACEMENT_3D ( 'NONE', #1229, #393, #1547 ) ;
#1469 = ORIENTED_EDGE ( 'NONE', *, *, #788, .T. ) ;
#1470 = FACE_OUTER_BOUND ( 'NONE', #265, .T. ) ;
#1471 = CARTESIAN_POINT ( 'NONE',  ( -5.900000000000011013, 25.50000000000000000, 24.81483215369439677 ) ) ;
#1472 = EDGE_CURVE ( 'NONE', #305, #634, #356, .T. ) ;
#1473 = VECTOR ( 'NONE', #802, 1000.000000000000000 ) ;
#1474 = CARTESIAN_POINT ( 'NONE',  ( 4.900000000000009237, 25.50000000000000000, 24.81483215369439677 ) ) ;
#1475 = ORIENTED_EDGE ( 'NONE', *, *, #1226, .T. ) ;
#1476 = CARTESIAN_POINT ( 'NONE',  ( -18.90000000000001279, 32.50000000000000000, 21.81483215369439677 ) ) ;
#1477 = EDGE_CURVE ( 'NONE', #1676, #1975, #519, .T. ) ;
#1478 = DIRECTION ( 'NONE',  ( -0.000000000000000000, -0.000000000000000000, -1.000000000000000000 ) ) ;
#1479 = DIRECTION ( 'NONE',  ( -1.000000000000000000, 0.000000000000000000, 0.000000000000000000 ) ) ;
#1480 = EDGE_LOOP ( 'NONE', ( #846, #775, #1050, #436 ) ) ;
#1481 = CARTESIAN_POINT ( 'NONE',  ( -30.80000000000000071, 14.00000000000000533, -8.455038113620100049 ) ) ;
#1482 = LINE ( 'NONE', #333, #1698 ) ;
#1483 = AXIS2_PLACEMENT_3D ( 'NONE', #1164, #353, #1683 ) ;
#1484 = ADVANCED_FACE ( 'NONE', ( #1585 ), #900, .F. ) ;
#1485 = LINE ( 'NONE', #334, #1825 ) ;
#1486 = CARTESIAN_POINT ( 'NONE',  ( -22.09999999999998721, 32.50000000000000000, 24.81483215369439677 ) ) ;
#1487 = CIRCLE ( 'NONE', #1013, 1.599999999999989875 ) ;
#1488 = AXIS2_PLACEMENT_3D ( 'NONE', #239, #520, #25 ) ;
#1489 = VECTOR ( 'NONE', #441, 1000.000000000000000 ) ;
#1490 = ORIENTED_EDGE ( 'NONE', *, *, #1548, .F. ) ;
#1491 = LINE ( 'NONE', #1511, #1675 ) ;
#1492 = ORIENTED_EDGE ( 'NONE', *, *, #616, .T. ) ;
#1493 = DIRECTION ( 'NONE',  ( -1.000000000000000000, 0.000000000000000000, 0.000000000000000000 ) ) ;
#1494 = CARTESIAN_POINT ( 'NONE',  ( 9.800000000000002487, 14.00000000000000000, 21.81483215369439321 ) ) ;
#1495 = VECTOR ( 'NONE', #1497, 1000.000000000000000 ) ;
#1496 = LINE ( 'NONE', #1467, #337 ) ;
#1497 = DIRECTION ( 'NONE',  ( 0.000000000000000000, 1.000000000000000000, 0.000000000000000000 ) ) ;
#1498 = EDGE_LOOP ( 'NONE', ( #876, #584 ) ) ;
#1499 = DIRECTION ( 'NONE',  ( 0.000000000000000000, 2.081668171172168513E-16, -1.000000000000000000 ) ) ;
#1500 = DIRECTION ( 'NONE',  ( -0.000000000000000000, -1.000000000000000000, 4.857225732735060850E-16 ) ) ;
#1501 = ORIENTED_EDGE ( 'NONE', *, *, #1589, .T. ) ;
#1502 = CARTESIAN_POINT ( 'NONE',  ( 9.800000000000002487, 33.43999999999999773, 21.81483215369439321 ) ) ;
#1503 = CARTESIAN_POINT ( 'NONE',  ( -30.80000000000000782, 14.00000000000000533, -6.500000000000000888 ) ) ;
#1504 = FACE_BOUND ( 'NONE', #222, .T. ) ;
#1505 = EDGE_CURVE ( 'NONE', #1016, #391, #2118, .T. ) ;
#1506 = AXIS2_PLACEMENT_3D ( 'NONE', #1541, #1911, #924 ) ;
#1507 = CARTESIAN_POINT ( 'NONE',  ( -40.66000000000000369, 12.00000000000000000, -13.22000000000000064 ) ) ;
#1508 = VECTOR ( 'NONE', #906, 1000.000000000000000 ) ;
#1509 = ORIENTED_EDGE ( 'NONE', *, *, #954, .F. ) ;
#1510 = CARTESIAN_POINT ( 'NONE',  ( -39.50000000000000000, 12.00000000000000000, -12.50761889323825926 ) ) ;
#1511 = CARTESIAN_POINT ( 'NONE',  ( 6.240000000000005542, 37.00000000000000000, 21.81483215369439321 ) ) ;
#1512 = EDGE_CURVE ( 'NONE', #419, #1411, #230, .T. ) ;
#1513 = ORIENTED_EDGE ( 'NONE', *, *, #545, .T. ) ;
#1514 = ORIENTED_EDGE ( 'NONE', *, *, #889, .F. ) ;
#1515 = DIRECTION ( 'NONE',  ( 1.000000000000000000, 0.000000000000000000, 0.000000000000000000 ) ) ;
#1516 = DIRECTION ( 'NONE',  ( -8.545435842250282219E-17, 0.000000000000000000, -1.000000000000000000 ) ) ;
#1517 = CARTESIAN_POINT ( 'NONE',  ( 6.500000000000000000, 25.50000000000000000, 24.81483215369439677 ) ) ;
#1518 = LINE ( 'NONE', #2003, #2032 ) ;
#1519 = EDGE_CURVE ( 'NONE', #22, #678, #1194, .T. ) ;
#1520 = CIRCLE ( 'NONE', #1893, 1.999999999999988010 ) ;
#1521 = ORIENTED_EDGE ( 'NONE', *, *, #1706, .F. ) ;
#1522 = DIRECTION ( 'NONE',  ( -0.000000000000000000, -0.000000000000000000, -1.000000000000000000 ) ) ;
#1523 = LINE ( 'NONE', #707, #642 ) ;
#1524 = APPLICATION_CONTEXT ( 'automotive_design' ) ;
#1525 = ADVANCED_FACE ( 'NONE', ( #1747 ), #770, .F. ) ;
#1526 = ORIENTED_EDGE ( 'NONE', *, *, #889, .T. ) ;
#1527 = CARTESIAN_POINT ( 'NONE',  ( 9.800000000000002487, 13.99999999999999822, 22.50000000000000000 ) ) ;
#1528 = CARTESIAN_POINT ( 'NONE',  ( -30.80000000000000071, 33.43999999999999773, 24.50000000000000000 ) ) ;
#1529 = FACE_BOUND ( 'NONE', #706, .T. ) ;
#1530 = CARTESIAN_POINT ( 'NONE',  ( 6.240000000000002878, 37.00000000000000000, 21.81483215369439321 ) ) ;
#1531 = DIRECTION ( 'NONE',  ( 0.000000000000000000, 1.000000000000000000, -4.336808689942019215E-16 ) ) ;
#1532 = EDGE_CURVE ( 'NONE', #1077, #300, #1573, .T. ) ;
#1533 = B_SPLINE_CURVE_WITH_KNOTS ( 'NONE', 3,
 ( #262, #769, #580, #421, #1604, #409, #1276, #2090, #1098, #1078, #90, #1736, #78 ),
 .UNSPECIFIED., .F., .F.,
 ( 4, 3, 3, 3, 4 ),
 ( 0.01247999999999999804, 0.02496000000000000302, 0.03744000000000000106, 0.04991999999999999910, 0.05307999999999999524 ),
 .UNSPECIFIED. ) ;
#1534 = VERTEX_POINT ( 'NONE', #1247 ) ;
#1535 = PLANE ( 'NONE',  #335 ) ;
#1536 = ORIENTED_EDGE ( 'NONE', *, *, #176, .T. ) ;
#1537 = CARTESIAN_POINT ( 'NONE',  ( 0.000000000000000000, 37.00000000000000000, 0.000000000000000000 ) ) ;
#1538 = CARTESIAN_POINT ( 'NONE',  ( -0.5000000000000000000, 32.50000000000000000, 24.81483215369439677 ) ) ;
#1539 = AXIS2_PLACEMENT_3D ( 'NONE', #1267, #1922, #1401 ) ;
#1540 = CARTESIAN_POINT ( 'NONE',  ( 9.799999999999993605, 12.00000000000000000, 16.00000000000000000 ) ) ;
#1541 = CARTESIAN_POINT ( 'NONE',  ( 6.240000000000005542, 33.43999999999999773, 24.81483215369439677 ) ) ;
#1542 = EDGE_CURVE ( 'NONE', #598, #1336, #1257, .T. ) ;
#1543 = STYLED_ITEM ( 'NONE', ( #808 ), #794 ) ;
#1544 = CARTESIAN_POINT ( 'NONE',  ( -32.50000000000001421, 20.50000000000000000, -8.455038113620098272 ) ) ;
#1545 = ORIENTED_EDGE ( 'NONE', *, *, #1356, .F. ) ;
#1546 = ORIENTED_EDGE ( 'NONE', *, *, #2044, .T. ) ;
#1547 = DIRECTION ( 'NONE',  ( 1.000000000000000000, 0.000000000000000000, 0.000000000000000000 ) ) ;
#1548 = EDGE_CURVE ( 'NONE', #1841, #660, #826, .T. ) ;
#1549 = CARTESIAN_POINT ( 'NONE',  ( -30.80000000000000071, 11.57120000000000104, 24.62000000000000099 ) ) ;
#1550 = VERTEX_POINT ( 'NONE', #2048 ) ;
#1551 = CARTESIAN_POINT ( 'NONE',  ( 9.799999999999993605, 13.99999999999998757, -12.50000000004547474 ) ) ;
#1552 = DIRECTION ( 'NONE',  ( -0.000000000000000000, -0.000000000000000000, 1.000000000000000000 ) ) ;
#1553 = CARTESIAN_POINT ( 'NONE',  ( -30.80000000000000071, 37.00000000000000000, -8.455038113620094720 ) ) ;
#1554 = CARTESIAN_POINT ( 'NONE',  ( 13.50000000000000000, 20.50000000000000000, -8.499999999988641974 ) ) ;
#1555 = EDGE_CURVE ( 'NONE', #1125, #1669, #1981, .T. ) ;
#1556 = VECTOR ( 'NONE', #1428, 1000.000000000000000 ) ;
#1557 = ORIENTED_EDGE ( 'NONE', *, *, #1957, .T. ) ;
#1558 = ORIENTED_EDGE ( 'NONE', *, *, #1121, .T. ) ;
#1559 = DIRECTION ( 'NONE',  ( 0.000000000000000000, 2.081668171172168513E-16, -1.000000000000000000 ) ) ;
#1560 = VECTOR ( 'NONE', #1824, 1000.000000000000000 ) ;
#1561 = ORIENTED_EDGE ( 'NONE', *, *, #1457, .F. ) ;
#1562 = AXIS2_PLACEMENT_3D ( 'NONE', #1805, #1947, #111 ) ;
#1563 = EDGE_LOOP ( 'NONE', ( #531, #863, #2023, #950, #858, #170, #1284 ) ) ;
#1564 = CARTESIAN_POINT ( 'NONE',  ( -30.80000000000000782, 14.00000000000000533, -12.50761889323825926 ) ) ;
#1565 = DIRECTION ( 'NONE',  ( -1.000000000000000000, 0.000000000000000000, 0.000000000000000000 ) ) ;
#1566 = VERTEX_POINT ( 'NONE', #1737 ) ;
#1567 = ORIENTED_EDGE ( 'NONE', *, *, #853, .F. ) ;
#1568 = CARTESIAN_POINT ( 'NONE',  ( 13.50000000000000000, 30.50000000000000000, -8.499999999988645527 ) ) ;
#1569 = CARTESIAN_POINT ( 'NONE',  ( -30.80000000000000071, 37.00000000000000000, 24.62000000000000099 ) ) ;
#1570 = ORIENTED_EDGE ( 'NONE', *, *, #2039, .F. ) ;
#1571 = ORIENTED_EDGE ( 'NONE', *, *, #639, .T. ) ;
#1572 = CARTESIAN_POINT ( 'NONE',  ( 1.099999999999990097, 18.50000000000000000, 21.81483215369439321 ) ) ;
#1573 = LINE ( 'NONE', #2068, #1369 ) ;
#1574 = EDGE_CURVE ( 'NONE', #1333, #1266, #82, .T. ) ;
#1575 = AXIS2_PLACEMENT_3D ( 'NONE', #1845, #1020, #13 ) ;
#1576 = VECTOR ( 'NONE', #905, 1000.000000000000000 ) ;
#1577 = VERTEX_POINT ( 'NONE', #433 ) ;
#1578 = ORIENTED_EDGE ( 'NONE', *, *, #2039, .T. ) ;
#1579 = LINE ( 'NONE', #1407, #1341 ) ;
#1580 = ORIENTED_EDGE ( 'NONE', *, *, #1070, .T. ) ;
#1581 = EDGE_CURVE ( 'NONE', #709, #491, #1066, .T. ) ;
#1582 = AXIS2_PLACEMENT_3D ( 'NONE', #2038, #67, #581 ) ;
#1583 = ORIENTED_EDGE ( 'NONE', *, *, #164, .F. ) ;
#1584 = CARTESIAN_POINT ( 'NONE',  ( -20.50000000000000000, 32.50000000000000000, 24.81483215369439677 ) ) ;
#1585 = FACE_OUTER_BOUND ( 'NONE', #2020, .T. ) ;
#1586 = EDGE_CURVE ( 'NONE', #1711, #173, #2017, .T. ) ;
#1587 = FACE_OUTER_BOUND ( 'NONE', #2055, .T. ) ;
#1588 = VERTEX_POINT ( 'NONE', #1069 ) ;
#1589 = EDGE_CURVE ( 'NONE', #1844, #104, #994, .T. ) ;
#1590 = ORIENTED_EDGE ( 'NONE', *, *, #1300, .F. ) ;
#1591 = CARTESIAN_POINT ( 'NONE',  ( 13.35999999999999233, 33.44000000000000483, -8.499999999988647303 ) ) ;
#1592 = ORIENTED_EDGE ( 'NONE', *, *, #946, .T. ) ;
#1593 = EDGE_LOOP ( 'NONE', ( #1250, #1137 ) ) ;
#1594 = CARTESIAN_POINT ( 'NONE',  ( -9.099999999999990763, 25.50000000000000000, 24.81483215369439677 ) ) ;
#1595 = VERTEX_POINT ( 'NONE', #1212 ) ;
#1596 = LINE ( 'NONE', #611, #988 ) ;
#1597 = FACE_OUTER_BOUND ( 'NONE', #223, .T. ) ;
#1598 = CIRCLE ( 'NONE', #447, 1.599999999999986766 ) ;
#1599 = AXIS2_PLACEMENT_3D ( 'NONE', #1553, #54, #890 ) ;
#1600 = AXIS2_PLACEMENT_3D ( 'NONE', #1955, #834, #157 ) ;
#1601 = ORIENTED_EDGE ( 'NONE', *, *, #482, .F. ) ;
#1602 = FACE_BOUND ( 'NONE', #51, .T. ) ;
#1603 = VERTEX_POINT ( 'NONE', #389 ) ;
#1604 = CARTESIAN_POINT ( 'NONE',  ( -6.840000000000003411, 12.00000000000000000, 24.50000000000000000 ) ) ;
#1605 = CARTESIAN_POINT ( 'NONE',  ( -22.09999999999998721, 25.50000000000000000, 24.81483215369439677 ) ) ;
#1606 = EDGE_CURVE ( 'NONE', #578, #1566, #1414, .T. ) ;
#1607 = AXIS2_PLACEMENT_3D ( 'NONE', #252, #1890, #459 ) ;
#1608 = ORIENTED_EDGE ( 'NONE', *, *, #698, .F. ) ;
#1609 = CARTESIAN_POINT ( 'NONE',  ( 6.240000000000005542, 33.43999999999999773, 0.000000000000000000 ) ) ;
#1610 = DIRECTION ( 'NONE',  ( 1.000000000000000000, 0.000000000000000000, 0.000000000000000000 ) ) ;
#1611 = CARTESIAN_POINT ( 'NONE',  ( -34.50000000000000000, 20.50000000000000000, -12.50761889323825926 ) ) ;
#1612 = EDGE_CURVE ( 'NONE', #741, #478, #366, .T. ) ;
#1613 = ORIENTED_EDGE ( 'NONE', *, *, #651, .F. ) ;
#1614 = DIRECTION ( 'NONE',  ( 0.000000000000000000, 0.000000000000000000, -1.000000000000000000 ) ) ;
#1615 = CIRCLE ( 'NONE', #1582, 1.999999999999991340 ) ;
#1616 = CYLINDRICAL_SURFACE ( 'NONE', #2112, 1.999999999999991340 ) ;
#1617 = CIRCLE ( 'NONE', #1132, 1.599999999999988542 ) ;
#1618 = LINE ( 'NONE', #2121, #1734 ) ;
#1619 = EDGE_CURVE ( 'NONE', #1595, #948, #123, .T. ) ;
#1620 = EDGE_LOOP ( 'NONE', ( #2092, #553 ) ) ;
#1621 = DIRECTION ( 'NONE',  ( -0.000000000000000000, 4.336808689942017736E-16, 1.000000000000000000 ) ) ;
#1622 = CARTESIAN_POINT ( 'NONE',  ( -40.66000000000000369, 14.00000000000000000, -13.19999999999999929 ) ) ;
#1623 = CARTESIAN_POINT ( 'NONE',  ( -0.5000000000000000000, 18.50000000000000000, 21.81483215369439321 ) ) ;
#1624 = AXIS2_PLACEMENT_3D ( 'NONE', #2134, #1059, #1531 ) ;
#1625 = ORIENTED_EDGE ( 'NONE', *, *, #1639, .T. ) ;
#1626 = CARTESIAN_POINT ( 'NONE',  ( 14.94000000000000128, 37.00000000000000711, -1.724315135120946567E-14 ) ) ;
#1627 = LINE ( 'NONE', #612, #653 ) ;
#1628 = EDGE_CURVE ( 'NONE', #1550, #1120, #1615, .T. ) ;
#1629 = VECTOR ( 'NONE', #1788, 1000.000000000000000 ) ;
#1630 = DIRECTION ( 'NONE',  ( 1.000000000000000000, 0.000000000000000000, 0.000000000000000000 ) ) ;
#1631 = ORIENTED_EDGE ( 'NONE', *, *, #88, .T. ) ;
#1632 = DIRECTION ( 'NONE',  ( 1.000000000000000000, 0.000000000000000000, 0.000000000000000000 ) ) ;
#1633 = CARTESIAN_POINT ( 'NONE',  ( -39.50000000000000000, 12.00000000000000000, -12.50761889323825926 ) ) ;
#1634 = LINE ( 'NONE', #654, #1913 ) ;
#1635 = EDGE_CURVE ( 'NONE', #2103, #1117, #936, .T. ) ;
#1636 = ORIENTED_EDGE ( 'NONE', *, *, #1356, .T. ) ;
#1637 = CARTESIAN_POINT ( 'NONE',  ( 9.799999999999998934, 33.92999999999999972, 18.37999999999999901 ) ) ;
#1638 = DIRECTION ( 'NONE',  ( 1.000000000000000000, 0.000000000000000000, 0.000000000000000000 ) ) ;
#1639 = EDGE_CURVE ( 'NONE', #458, #2072, #1627, .T. ) ;
#1640 = LINE ( 'NONE', #1474, #1994 ) ;
#1641 = ORIENTED_EDGE ( 'NONE', *, *, #509, .F. ) ;
#1642 = DIRECTION ( 'NONE',  ( -0.000000000000000000, -0.000000000000000000, 1.000000000000000000 ) ) ;
#1643 = LINE ( 'NONE', #347, #1495 ) ;
#1644 = AXIS2_PLACEMENT_3D ( 'NONE', #1623, #632, #158 ) ;
#1645 = ADVANCED_FACE ( 'NONE', ( #139 ), #1303, .F. ) ;
#1646 = VERTEX_POINT ( 'NONE', #471 ) ;
#1647 = LINE ( 'NONE', #830, #1123 ) ;
#1648 = DIRECTION ( 'NONE',  ( -0.000000000000000000, -0.000000000000000000, -1.000000000000000000 ) ) ;
#1649 = AXIS2_PLACEMENT_3D ( 'NONE', #758, #422, #400 ) ;
#1650 = PLANE ( 'NONE',  #1451 ) ;
#1651 = UNCERTAINTY_MEASURE_WITH_UNIT (LENGTH_MEASURE( 1.000000000000000082E-05 ), #1956, 'distance_accuracy_value', 'NONE');
#1652 = DIRECTION ( 'NONE',  ( -1.000000000000000000, 0.000000000000000000, 0.000000000000000000 ) ) ;
#1653 = CARTESIAN_POINT ( 'NONE',  ( -40.66000000000000369, 12.00000000000000000, 24.59440000000000026 ) ) ;
#1654 = ORIENTED_EDGE ( 'NONE', *, *, #747, .F. ) ;
#1655 = LINE ( 'NONE', #1313, #1023 ) ;
#1656 = ORIENTED_EDGE ( 'NONE', *, *, #2069, .T. ) ;
#1657 = CARTESIAN_POINT ( 'NONE',  ( 9.799999999999998934, 37.00000000000000000, 24.62000000000000099 ) ) ;
#1658 = DIRECTION ( 'NONE',  ( 0.000000000000000000, 0.000000000000000000, -1.000000000000000000 ) ) ;
#1659 = CIRCLE ( 'NONE', #1958, 1.599999999999986766 ) ;
#1660 = AXIS2_PLACEMENT_3D ( 'NONE', #1537, #702, #1351 ) ;
#1661 = VECTOR ( 'NONE', #1904, 1000.000000000000000 ) ;
#1662 = ORIENTED_EDGE ( 'NONE', *, *, #1512, .T. ) ;
#1663 = CARTESIAN_POINT ( 'NONE',  ( -30.80000000000000071, 14.00000000000000000, 5.000000000000002665 ) ) ;
#1664 = CARTESIAN_POINT ( 'NONE',  ( 13.35999999999999233, 37.00000000000000000, -12.49999999998864730 ) ) ;
#1665 = AXIS2_PLACEMENT_3D ( 'NONE', #804, #1297, #975 ) ;
#1666 = VERTEX_POINT ( 'NONE', #1111 ) ;
#1667 = LINE ( 'NONE', #186, #668 ) ;
#1668 = DIRECTION ( 'NONE',  ( 1.000000000000000000, 0.000000000000000000, 0.000000000000000000 ) ) ;
#1669 = VERTEX_POINT ( 'NONE', #1605 ) ;
#1670 = DIRECTION ( 'NONE',  ( -0.000000000000000000, -0.000000000000000000, 1.000000000000000000 ) ) ;
#1671 = DIRECTION ( 'NONE',  ( -0.000000000000000000, 0.000000000000000000, 1.000000000000000000 ) ) ;
#1672 = ADVANCED_BREP_SHAPE_REPRESENTATION ( 'xuanzhuangai', ( #794, #1422 ), #593 ) ;
#1673 = EDGE_CURVE ( 'NONE', #671, #1714, #683, .T. ) ;
#1674 = DIRECTION ( 'NONE',  ( -8.545435842250282219E-17, 0.000000000000000000, -1.000000000000000000 ) ) ;
#1675 = VECTOR ( 'NONE', #360, 1000.000000000000000 ) ;
#1676 = VERTEX_POINT ( 'NONE', #1783 ) ;
#1677 = CARTESIAN_POINT ( 'NONE',  ( -34.50000000000000000, 20.50000000000000000, -12.45503811362010005 ) ) ;
#1678 = VECTOR ( 'NONE', #1436, 1000.000000000000000 ) ;
#1679 = EDGE_CURVE ( 'NONE', #1120, #1550, #1882, .T. ) ;
#1680 = EDGE_LOOP ( 'NONE', ( #1636, #1298, #1085, #1400 ) ) ;
#1681 = CARTESIAN_POINT ( 'NONE',  ( -30.80000000000000071, 13.99999999999999822, 22.50000000000000000 ) ) ;
#1682 = CARTESIAN_POINT ( 'NONE',  ( 6.500000000000000000, 25.50000000000000000, 21.81483215369439321 ) ) ;
#1683 = DIRECTION ( 'NONE',  ( 1.000000000000000000, 0.000000000000000000, 0.000000000000000000 ) ) ;
#1684 = LINE ( 'NONE', #202, #841 ) ;
#1685 = AXIS2_PLACEMENT_3D ( 'NONE', #891, #1425, #1079 ) ;
#1686 = ADVANCED_FACE ( 'NONE', ( #820 ), #1464, .F. ) ;
#1687 = VECTOR ( 'NONE', #530, 1000.000000000000000 ) ;
#1688 = ORIENTED_EDGE ( 'NONE', *, *, #856, .T. ) ;
#1689 = DIRECTION ( 'NONE',  ( -0.000000000000000000, -0.000000000000000000, 1.000000000000000000 ) ) ;
#1690 = DIRECTION ( 'NONE',  ( 0.000000000000000000, -1.000000000000000000, -0.000000000000000000 ) ) ;
#1691 = VERTEX_POINT ( 'NONE', #295 ) ;
#1692 = DIRECTION ( 'NONE',  ( -0.000000000000000000, -0.000000000000000000, 1.000000000000000000 ) ) ;
#1693 = DIRECTION ( 'NONE',  ( -8.545435842250282219E-17, 0.000000000000000000, -1.000000000000000000 ) ) ;
#1694 = DIRECTION ( 'NONE',  ( -0.000000000000000000, -0.000000000000000000, 1.000000000000000000 ) ) ;
#1695 = LINE ( 'NONE', #1540, #456 ) ;
#1696 = EDGE_CURVE ( 'NONE', #980, #1768, #1776, .T. ) ;
#1697 = VECTOR ( 'NONE', #843, 1000.000000000000000 ) ;
#1698 = VECTOR ( 'NONE', #712, 1000.000000000000000 ) ;
#1699 = DIRECTION ( 'NONE',  ( 0.000000000000000000, 0.000000000000000000, -1.000000000000000000 ) ) ;
#1700 = CARTESIAN_POINT ( 'NONE',  ( 9.799999999999993605, 14.00000000000000000, 0.000000000000000000 ) ) ;
#1701 = ORIENTED_EDGE ( 'NONE', *, *, #1108, .F. ) ;
#1702 = CARTESIAN_POINT ( 'NONE',  ( -15.09999999999998899, 25.50000000000000000, 24.81483215369439677 ) ) ;
#1703 = CARTESIAN_POINT ( 'NONE',  ( 18.50000000000000000, 12.00000000000000000, -12.50000000004547474 ) ) ;
#1704 = EDGE_LOOP ( 'NONE', ( #1197, #783, #2043, #542 ) ) ;
#1705 = FACE_OUTER_BOUND ( 'NONE', #568, .T. ) ;
#1706 = EDGE_CURVE ( 'NONE', #728, #1445, #861, .T. ) ;
#1707 = LINE ( 'NONE', #557, #8 ) ;
#1708 = AXIS2_PLACEMENT_3D ( 'NONE', #538, #715, #40 ) ;
#1709 = ADVANCED_FACE ( 'NONE', ( #1597 ), #106, .T. ) ;
#1710 = CIRCLE ( 'NONE', #423, 1.999999999999988010 ) ;
#1711 = VERTEX_POINT ( 'NONE', #1277 ) ;
#1712 = VERTEX_POINT ( 'NONE', #2119 ) ;
#1713 = DIRECTION ( 'NONE',  ( -0.000000000000000000, -0.000000000000000000, -1.000000000000000000 ) ) ;
#1714 = VERTEX_POINT ( 'NONE', #637 ) ;
#1715 = FILL_AREA_STYLE_COLOUR ( '', #1207 ) ;
#1716 = DIRECTION ( 'NONE',  ( 0.000000000000000000, 1.000000000000000000, 0.000000000000000000 ) ) ;
#1717 = EDGE_CURVE ( 'NONE', #799, #1730, #1791, .T. ) ;
#1718 = CARTESIAN_POINT ( 'NONE',  ( -39.50000000000000000, 37.00000000000000000, -8.455038113620094720 ) ) ;
#1719 = DIRECTION ( 'NONE',  ( 0.000000000000000000, 0.000000000000000000, 1.000000000000000000 ) ) ;
#1720 = ORIENTED_EDGE ( 'NONE', *, *, #1457, .T. ) ;
#1721 = ORIENTED_EDGE ( 'NONE', *, *, #1342, .T. ) ;
#1722 = CARTESIAN_POINT ( 'NONE',  ( -34.50000000000000000, 30.50000000000000000, -8.455038113620096496 ) ) ;
#1723 = EDGE_CURVE ( 'NONE', #1060, #348, #308, .T. ) ;
#1724 = ORIENTED_EDGE ( 'NONE', *, *, #1196, .F. ) ;
#1725 = DIRECTION ( 'NONE',  ( -0.000000000000000000, 2.081668171172168513E-16, -1.000000000000000000 ) ) ;
#1726 = DIRECTION ( 'NONE',  ( -0.000000000000000000, -1.000000000000000000, -2.081668171172168513E-16 ) ) ;
#1727 = DIRECTION ( 'NONE',  ( -1.000000000000000000, 0.000000000000000000, 0.000000000000000000 ) ) ;
#1728 = DIRECTION ( 'NONE',  ( 0.000000000000000000, -1.000000000000000000, 0.000000000000000000 ) ) ;
#1729 = CIRCLE ( 'NONE', #1798, 1.999999999999991340 ) ;
#1730 = VERTEX_POINT ( 'NONE', #1471 ) ;
#1731 = ORIENTED_EDGE ( 'NONE', *, *, #1022, .F. ) ;
#1732 = VECTOR ( 'NONE', #507, 1000.000000000000000 ) ;
#1733 = ORIENTED_EDGE ( 'NONE', *, *, #759, .T. ) ;
#1734 = VECTOR ( 'NONE', #151, 1000.000000000000000 ) ;
#1735 = EDGE_CURVE ( 'NONE', #768, #1866, #657, .T. ) ;
#1736 = CARTESIAN_POINT ( 'NONE',  ( -29.74666666666666615, 12.00000000000000000, 24.50000000000000000 ) ) ;
#1737 = CARTESIAN_POINT ( 'NONE',  ( -27.24000000000000199, 37.00000000000000000, 24.81483215369439677 ) ) ;
#1738 = ADVANCED_FACE ( 'NONE', ( #1437 ), #1616, .F. ) ;
#1739 = ORIENTED_EDGE ( 'NONE', *, *, #1248, .T. ) ;
#1740 = ORIENTED_EDGE ( 'NONE', *, *, #592, .T. ) ;
#1741 = LINE ( 'NONE', #773, #591 ) ;
#1742 = EDGE_LOOP ( 'NONE', ( #2034, #610 ) ) ;
#1743 = ORIENTED_EDGE ( 'NONE', *, *, #1042, .F. ) ;
#1744 = ORIENTED_EDGE ( 'NONE', *, *, #983, .F. ) ;
#1745 = ADVANCED_FACE ( 'NONE', ( #1923 ), #444, .F. ) ;
#1746 = DIRECTION ( 'NONE',  ( -0.000000000000000000, -0.000000000000000000, 1.000000000000000000 ) ) ;
#1747 = FACE_OUTER_BOUND ( 'NONE', #350, .T. ) ;
#1748 = AXIS2_PLACEMENT_3D ( 'NONE', #42, #1239, #1217 ) ;
#1749 = VERTEX_POINT ( 'NONE', #2091 ) ;
#1750 = ORIENTED_EDGE ( 'NONE', *, *, #2009, .T. ) ;
#1751 = ADVANCED_FACE ( 'NONE', ( #623 ), #1934, .T. ) ;
#1752 = LINE ( 'NONE', #1418, #56 ) ;
#1753 = CARTESIAN_POINT ( 'NONE',  ( -30.80000000000000071, 13.99999999999999822, 23.22720785264666432 ) ) ;
#1754 = ORIENTED_EDGE ( 'NONE', *, *, #1226, .F. ) ;
#1755 = EDGE_LOOP ( 'NONE', ( #997, #198, #1490, #989 ) ) ;
#1756 = DIRECTION ( 'NONE',  ( 0.000000000000000000, 0.000000000000000000, 1.000000000000000000 ) ) ;
#1757 = AXIS2_PLACEMENT_3D ( 'NONE', #590, #253, #221 ) ;
#1758 = ORIENTED_EDGE ( 'NONE', *, *, #1015, .T. ) ;
#1759 = CARTESIAN_POINT ( 'NONE',  ( -30.80000000000000071, 37.00000000000000000, -12.45503811362009650 ) ) ;
#1760 = ORIENTED_EDGE ( 'NONE', *, *, #1696, .T. ) ;
#1761 = LINE ( 'NONE', #1775, #499 ) ;
#1762 = CARTESIAN_POINT ( 'NONE',  ( -0.5000000000000000000, 25.50000000000000000, 24.81483215369439677 ) ) ;
#1763 = EDGE_CURVE ( 'NONE', #1711, #2089, #1148, .T. ) ;
#1764 = ORIENTED_EDGE ( 'NONE', *, *, #1093, .T. ) ;
#1765 = LINE ( 'NONE', #1261, #1376 ) ;
#1766 = CARTESIAN_POINT ( 'NONE',  ( -30.80000000000000071, 13.99999999999999822, 22.68180196316166430 ) ) ;
#1767 = CYLINDRICAL_SURFACE ( 'NONE', #413, 1.999999999999988010 ) ;
#1768 = VERTEX_POINT ( 'NONE', #2130 ) ;
#1769 = FILL_AREA_STYLE ('',( #1715 ) ) ;
#1770 = AXIS2_PLACEMENT_3D ( 'NONE', #1517, #1694, #323 ) ;
#1771 = ORIENTED_EDGE ( 'NONE', *, *, #1157, .T. ) ;
#1772 = DIRECTION ( 'NONE',  ( -0.000000000000000000, -0.000000000000000000, 1.000000000000000000 ) ) ;
#1773 = ADVANCED_FACE ( 'NONE', ( #175 ), #687, .F. ) ;
#1774 = ORIENTED_EDGE ( 'NONE', *, *, #1696, .F. ) ;
#1775 = CARTESIAN_POINT ( 'NONE',  ( 13.35999999999999233, 37.00000000000000711, -8.499999999988649080 ) ) ;
#1776 = LINE ( 'NONE', #480, #1473 ) ;
#1777 = AXIS2_PLACEMENT_3D ( 'NONE', #736, #1056, #572 ) ;
#1778 = EDGE_CURVE ( 'NONE', #1787, #1989, #341, .T. ) ;
#1779 = EDGE_LOOP ( 'NONE', ( #2128, #431 ) ) ;
#1780 = AXIS2_PLACEMENT_3D ( 'NONE', #346, #1674, #1392 ) ;
#1781 = SURFACE_STYLE_FILL_AREA ( #969 ) ;
#1782 = CYLINDRICAL_SURFACE ( 'NONE', #1187, 1.599999999999986766 ) ;
#1783 = CARTESIAN_POINT ( 'NONE',  ( 9.800000000000002487, 11.99999999999999822, 24.50000000000000000 ) ) ;
#1784 = EDGE_CURVE ( 'NONE', #1106, #500, #879, .T. ) ;
#1785 = CARTESIAN_POINT ( 'NONE',  ( 18.50000000000000000, 37.00000000000000000, -8.499999999988649080 ) ) ;
#1786 = CIRCLE ( 'NONE', #854, 1.599999999999986766 ) ;
#1787 = VERTEX_POINT ( 'NONE', #344 ) ;
#1788 = DIRECTION ( 'NONE',  ( -0.000000000000000000, 0.000000000000000000, -1.000000000000000000 ) ) ;
#1789 = ORIENTED_EDGE ( 'NONE', *, *, #27, .T. ) ;
#1790 = CARTESIAN_POINT ( 'NONE',  ( -27.50000000000000000, 25.50000000000000000, 24.81483215369439677 ) ) ;
#1791 = CIRCLE ( 'NONE', #2050, 1.599999999999988542 ) ;
#1792 = DIRECTION ( 'NONE',  ( 1.993935029858399143E-16, -2.081668171172168513E-16, 1.000000000000000000 ) ) ;
#1793 = DIRECTION ( 'NONE',  ( -0.000000000000000000, -0.000000000000000000, 1.000000000000000000 ) ) ;
#1794 = EDGE_CURVE ( 'NONE', #1566, #1266, #1339, .T. ) ;
#1795 = ORIENTED_EDGE ( 'NONE', *, *, #2107, .T. ) ;
#1796 = DIRECTION ( 'NONE',  ( -0.000000000000000000, -0.000000000000000000, 1.000000000000000000 ) ) ;
#1797 = CARTESIAN_POINT ( 'NONE',  ( -30.80000000000000782, 14.00000000000000000, -2.499999999999998668 ) ) ;
#1798 = AXIS2_PLACEMENT_3D ( 'NONE', #319, #511, #806 ) ;
#1799 = EDGE_LOOP ( 'NONE', ( #1583, #1754, #1724, #1228 ) ) ;
#1800 = LINE ( 'NONE', #1626, #2045 ) ;
#1801 = DIRECTION ( 'NONE',  ( 1.000000000000000000, 0.000000000000000000, 0.000000000000000000 ) ) ;
#1802 = CARTESIAN_POINT ( 'NONE',  ( 6.240000000000005542, 33.43999999999999773, 21.81483215369439321 ) ) ;
#1803 = PLANE ( 'NONE',  #169 ) ;
#1804 = EDGE_CURVE ( 'NONE', #634, #1114, #675, .T. ) ;
#1805 = CARTESIAN_POINT ( 'NONE',  ( -20.50000000000000000, 18.50000000000000000, 24.81483215369439677 ) ) ;
#1806 = ORIENTED_EDGE ( 'NONE', *, *, #525, .T. ) ;
#1807 = DIRECTION ( 'NONE',  ( -1.000000000000000000, 0.000000000000000000, 0.000000000000000000 ) ) ;
#1808 = DIRECTION ( 'NONE',  ( -0.000000000000000000, -0.000000000000000000, -1.000000000000000000 ) ) ;
#1809 = CARTESIAN_POINT ( 'NONE',  ( -18.90000000000001279, 18.50000000000000000, 21.81483215369439677 ) ) ;
#1810 = VECTOR ( 'NONE', #105, 1000.000000000000000 ) ;
#1811 = LINE ( 'NONE', #184, #155 ) ;
#1812 = LINE ( 'NONE', #329, #2123 ) ;
#1813 = EDGE_LOOP ( 'NONE', ( #1941, #1895, #2052, #2108 ) ) ;
#1814 = CARTESIAN_POINT ( 'NONE',  ( 18.50000000000000000, 12.00000000000000000, 18.50000000000000000 ) ) ;
#1815 = CARTESIAN_POINT ( 'NONE',  ( -30.80000000000000071, 33.43999999999999773, 21.81483215369439677 ) ) ;
#1816 = EDGE_CURVE ( 'NONE', #1378, #77, #945, .T. ) ;
#1817 = ORIENTED_EDGE ( 'NONE', *, *, #978, .F. ) ;
#1818 = CARTESIAN_POINT ( 'NONE',  ( 18.50000000000000000, 13.99999999999998757, -6.500000000000000000 ) ) ;
#1819 = VERTEX_POINT ( 'NONE', #1815 ) ;
#1820 = CARTESIAN_POINT ( 'NONE',  ( -39.50000000000000000, 37.00000000000000000, -12.45503811362009472 ) ) ;
#1821 = LINE ( 'NONE', #1358, #926 ) ;
#1822 = ORIENTED_EDGE ( 'NONE', *, *, #1081, .F. ) ;
#1823 = CARTESIAN_POINT ( 'NONE',  ( -27.24000000000000554, 33.43999999999999773, 0.000000000000000000 ) ) ;
#1824 = DIRECTION ( 'NONE',  ( 0.000000000000000000, -1.000000000000000000, 0.000000000000000000 ) ) ;
#1825 = VECTOR ( 'NONE', #1796, 1000.000000000000000 ) ;
#1826 = EDGE_CURVE ( 'NONE', #1275, #61, #1482, .T. ) ;
#1827 = AXIS2_PLACEMENT_3D ( 'NONE', #1538, #1552, #898 ) ;
#1828 = AXIS2_PLACEMENT_3D ( 'NONE', #130, #473, #1630 ) ;
#1829 = PRODUCT_RELATED_PRODUCT_CATEGORY ( 'part', '', ( #902 ) ) ;
#1830 = EDGE_LOOP ( 'NONE', ( #1764, #976, #916, #2007 ) ) ;
#1831 = DIRECTION ( 'NONE',  ( -0.000000000000000000, -0.000000000000000000, 1.000000000000000000 ) ) ;
#1832 = CARTESIAN_POINT ( 'NONE',  ( 8.099999999999988987, 25.50000000000000000, 24.81483215369439677 ) ) ;
#1833 = EDGE_CURVE ( 'NONE', #1989, #1669, #1184, .T. ) ;
#1834 = EDGE_LOOP ( 'NONE', ( #1894, #428, #75, #1501, #1146, #884 ) ) ;
#1835 = CARTESIAN_POINT ( 'NONE',  ( -30.80000000000000782, 12.00000000000000000, -12.50761889323825926 ) ) ;
#1836 = CARTESIAN_POINT ( 'NONE',  ( -7.500000000000000000, 25.50000000000000000, 24.81483215369439677 ) ) ;
#1837 = FACE_OUTER_BOUND ( 'NONE', #97, .T. ) ;
#1838 = CARTESIAN_POINT ( 'NONE',  ( 9.800000000000002487, 13.99999999999999822, 22.50000000000000000 ) ) ;
#1839 = EDGE_CURVE ( 'NONE', #331, #1749, #211, .T. ) ;
#1840 = CARTESIAN_POINT ( 'NONE',  ( -7.500000000000000000, 25.50000000000000000, 24.81483215369439677 ) ) ;
#1841 = VERTEX_POINT ( 'NONE', #667 ) ;
#1842 = CARTESIAN_POINT ( 'NONE',  ( 9.799999999999991829, 12.00000000000000000, 18.50000000000000000 ) ) ;
#1843 = DIRECTION ( 'NONE',  ( 1.000000000000000000, 0.000000000000000000, -0.000000000000000000 ) ) ;
#1844 = VERTEX_POINT ( 'NONE', #163 ) ;
#1845 = CARTESIAN_POINT ( 'NONE',  ( -34.50000000000000000, 20.50000000000000000, -8.455038113620098272 ) ) ;
#1846 = PLANE ( 'NONE',  #735 ) ;
#1847 = ADVANCED_FACE ( 'NONE', ( #1317, #535, #999, #200, #1992, #1504, #15, #1529, #2002, #831, #521 ), #1846, .T. ) ;
#1848 = CARTESIAN_POINT ( 'NONE',  ( -36.49999999999999289, 30.50000000000000000, -12.45503811362009650 ) ) ;
#1849 = AXIS2_PLACEMENT_3D ( 'NONE', #1139, #1454, #1801 ) ;
#1850 = LINE ( 'NONE', #1026, #778 ) ;
#1851 = ADVANCED_FACE ( 'NONE', ( #1837 ), #866, .F. ) ;
#1852 = VERTEX_POINT ( 'NONE', #1494 ) ;
#1853 = CARTESIAN_POINT ( 'NONE',  ( -7.500000000000000000, 25.50000000000000000, 24.81483215369439677 ) ) ;
#1854 = ORIENTED_EDGE ( 'NONE', *, *, #774, .F. ) ;
#1855 = DIRECTION ( 'NONE',  ( -8.545435842250282219E-17, 0.000000000000000000, -1.000000000000000000 ) ) ;
#1856 = CARTESIAN_POINT ( 'NONE',  ( -30.80000000000000071, 37.00000000000000000, -8.455038113620094720 ) ) ;
#1857 = ADVANCED_FACE ( 'NONE', ( #5 ), #1980, .F. ) ;
#1858 = DIRECTION ( 'NONE',  ( -0.000000000000000000, -0.000000000000000000, 1.000000000000000000 ) ) ;
#1859 = DIRECTION ( 'NONE',  ( 1.000000000000000000, 0.000000000000000000, 0.000000000000000000 ) ) ;
#1860 = ORIENTED_EDGE ( 'NONE', *, *, #1196, .T. ) ;
#1861 = ORIENTED_EDGE ( 'NONE', *, *, #1929, .F. ) ;
#1862 = CARTESIAN_POINT ( 'NONE',  ( -39.50000000000000000, 33.43999999999999773, 0.000000000000000000 ) ) ;
#1863 = ADVANCED_FACE ( 'NONE', ( #910 ), #554, .F. ) ;
#1864 = AXIS2_PLACEMENT_3D ( 'NONE', #1385, #1516, #1174 ) ;
#1865 = VECTOR ( 'NONE', #1858, 1000.000000000000000 ) ;
#1866 = VERTEX_POINT ( 'NONE', #1199 ) ;
#1867 = APPLICATION_PROTOCOL_DEFINITION ( 'draft international standard', 'automotive_design', 1998, #1524 ) ;
#1868 = FACE_OUTER_BOUND ( 'NONE', #1083, .T. ) ;
#1869 = DIRECTION ( 'NONE',  ( 1.000000000000000000, 0.000000000000000000, 0.000000000000000000 ) ) ;
#1870 = DIRECTION ( 'NONE',  ( -1.000000000000000000, 0.000000000000000000, 0.000000000000000000 ) ) ;
#1871 = VECTOR ( 'NONE', #1309, 1000.000000000000000 ) ;
#1872 = ORIENTED_EDGE ( 'NONE', *, *, #1036, .T. ) ;
#1873 = ORIENTED_EDGE ( 'NONE', *, *, #556, .T. ) ;
#1874 = CARTESIAN_POINT ( 'NONE',  ( -2.099999999999988542, 18.50000000000000000, 24.81483215369439677 ) ) ;
#1875 = ORIENTED_EDGE ( 'NONE', *, *, #522, .T. ) ;
#1876 = FACE_OUTER_BOUND ( 'NONE', #1063, .T. ) ;
#1877 = LINE ( 'NONE', #1210, #2131 ) ;
#1878 = VECTOR ( 'NONE', #810, 1000.000000000000000 ) ;
#1879 = PLANE ( 'NONE',  #1014 ) ;
#1880 = DIRECTION ( 'NONE',  ( 1.000000000000000000, 0.000000000000000000, 0.000000000000000000 ) ) ;
#1881 = EDGE_CURVE ( 'NONE', #766, #194, #1877, .T. ) ;
#1882 = CIRCLE ( 'NONE', #963, 1.999999999999991340 ) ;
#1883 = ORIENTED_EDGE ( 'NONE', *, *, #386, .T. ) ;
#1884 = ORIENTED_EDGE ( 'NONE', *, *, #1988, .F. ) ;
#1885 = PLANE ( 'NONE',  #1409 ) ;
#1886 = CARTESIAN_POINT ( 'NONE',  ( 1.099999999999990097, 32.50000000000000000, 21.81483215369439321 ) ) ;
#1887 = AXIS2_PLACEMENT_3D ( 'NONE', #1840, #1344, #1859 ) ;
#1888 = ORIENTED_EDGE ( 'NONE', *, *, #236, .F. ) ;
#1889 = ORIENTED_EDGE ( 'NONE', *, *, #95, .F. ) ;
#1890 = DIRECTION ( 'NONE',  ( -0.000000000000000000, -0.000000000000000000, -1.000000000000000000 ) ) ;
#1891 = DIRECTION ( 'NONE',  ( -0.000000000000000000, -0.000000000000000000, 1.000000000000000000 ) ) ;
#1892 = EDGE_CURVE ( 'NONE', #22, #540, #544, .T. ) ;
#1893 = AXIS2_PLACEMENT_3D ( 'NONE', #1568, #73, #629 ) ;
#1894 = ORIENTED_EDGE ( 'NONE', *, *, #1892, .F. ) ;
#1895 = ORIENTED_EDGE ( 'NONE', *, *, #759, .F. ) ;
#1896 = ADVANCED_FACE ( 'NONE', ( #373, #240, #1868 ), #734, .F. ) ;
#1897 = CARTESIAN_POINT ( 'NONE',  ( 8.099999999999988987, 25.50000000000000000, 24.81483215369439677 ) ) ;
#1898 = CARTESIAN_POINT ( 'NONE',  ( -30.80000000000000071, 13.99999999999999822, 22.50000000000000000 ) ) ;
#1899 = EDGE_LOOP ( 'NONE', ( #247, #720 ) ) ;
#1900 = ORIENTED_EDGE ( 'NONE', *, *, #1512, .F. ) ;
#1901 = CYLINDRICAL_SURFACE ( 'NONE', #1607, 1.999999999999991340 ) ;
#1902 = CARTESIAN_POINT ( 'NONE',  ( -20.50000000000000000, 25.50000000000000000, 24.81483215369439677 ) ) ;
#1903 = EDGE_CURVE ( 'NONE', #391, #1016, #1382, .T. ) ;
#1904 = DIRECTION ( 'NONE',  ( 1.000000000000000000, -0.000000000000000000, -0.000000000000000000 ) ) ;
#1905 = EDGE_LOOP ( 'NONE', ( #1061, #505 ) ) ;
#1906 = ORIENTED_EDGE ( 'NONE', *, *, #788, .F. ) ;
#1907 = CARTESIAN_POINT ( 'NONE',  ( -30.80000000000000782, 12.00000000000000000, -12.50000000000000000 ) ) ;
#1908 = ORIENTED_EDGE ( 'NONE', *, *, #1532, .T. ) ;
#1909 = ORIENTED_EDGE ( 'NONE', *, *, #461, .T. ) ;
#1910 = DIRECTION ( 'NONE',  ( 0.000000000000000000, 0.000000000000000000, 1.000000000000000000 ) ) ;
#1911 = DIRECTION ( 'NONE',  ( 0.000000000000000000, -0.000000000000000000, 1.000000000000000000 ) ) ;
#1912 = CIRCLE ( 'NONE', #120, 1.599999999999990319 ) ;
#1913 = VECTOR ( 'NONE', #451, 1000.000000000000000 ) ;
#1914 = VERTEX_POINT ( 'NONE', #397 ) ;
#1915 = CARTESIAN_POINT ( 'NONE',  ( -20.50000000000000000, 18.50000000000000000, 24.81483215369439677 ) ) ;
#1916 = ADVANCED_FACE ( 'NONE', ( #1705 ), #218, .F. ) ;
#1917 = CARTESIAN_POINT ( 'NONE',  ( -30.80000000000000071, 13.99999999999999822, 24.19693725965666786 ) ) ;
#1918 = ORIENTED_EDGE ( 'NONE', *, *, #1093, .F. ) ;
#1919 = AXIS2_PLACEMENT_3D ( 'NONE', #1902, #1224, #1880 ) ;
#1920 = DIRECTION ( 'NONE',  ( -0.000000000000000000, -0.000000000000000000, 1.000000000000000000 ) ) ;
#1921 = ORIENTED_EDGE ( 'NONE', *, *, #457, .F. ) ;
#1922 = DIRECTION ( 'NONE',  ( -8.545435842250282219E-17, 0.000000000000000000, -1.000000000000000000 ) ) ;
#1923 = FACE_OUTER_BOUND ( 'NONE', #1830, .T. ) ;
#1924 = EDGE_CURVE ( 'NONE', #2087, #1730, #570, .T. ) ;
#1925 = ORIENTED_EDGE ( 'NONE', *, *, #1581, .F. ) ;
#1926 = AXIS2_PLACEMENT_3D ( 'NONE', #959, #1103, #784 ) ;
#1927 = EDGE_LOOP ( 'NONE', ( #1978, #1514 ) ) ;
#1928 = AXIS2_PLACEMENT_3D ( 'NONE', #359, #1689, #1017 ) ;
#1929 = EDGE_CURVE ( 'NONE', #1336, #1975, #722, .T. ) ;
#1930 = PLANE ( 'NONE',  #1391 ) ;
#1931 = CIRCLE ( 'NONE', #1279, 3.559999999999997389 ) ;
#1932 = ORIENTED_EDGE ( 'NONE', *, *, #1042, .T. ) ;
#1933 = FACE_OUTER_BOUND ( 'NONE', #467, .T. ) ;
#1934 = PLANE ( 'NONE',  #1278 ) ;
#1935 = VECTOR ( 'NONE', #1067, 1000.000000000000000 ) ;
#1936 = ORIENTED_EDGE ( 'NONE', *, *, #921, .T. ) ;
#1937 = DIRECTION ( 'NONE',  ( -0.000000000000000000, -0.000000000000000000, 1.000000000000000000 ) ) ;
#1938 = FACE_OUTER_BOUND ( 'NONE', #2019, .T. ) ;
#1939 =( NAMED_UNIT ( * ) PLANE_ANGLE_UNIT ( ) SI_UNIT ( $, .RADIAN. ) );
#1940 = ORIENTED_EDGE ( 'NONE', *, *, #147, .T. ) ;
#1941 = ORIENTED_EDGE ( 'NONE', *, *, #1295, .F. ) ;
#1942 = CARTESIAN_POINT ( 'NONE',  ( 9.799999999999998934, 11.57000000000000028, 18.37999999999999901 ) ) ;
#1943 = DIRECTION ( 'NONE',  ( -0.000000000000000000, -0.000000000000000000, 1.000000000000000000 ) ) ;
#1944 = VECTOR ( 'NONE', #1335, 1000.000000000000000 ) ;
#1945 = CYLINDRICAL_SURFACE ( 'NONE', #179, 1.999999999999988010 ) ;
#1946 = CARTESIAN_POINT ( 'NONE',  ( 18.50000000000000000, 37.00000000000000000, -8.499999999988649080 ) ) ;
#1947 = DIRECTION ( 'NONE',  ( -0.000000000000000000, -0.000000000000000000, 1.000000000000000000 ) ) ;
#1948 = VERTEX_POINT ( 'NONE', #1997 ) ;
#1949 = CYLINDRICAL_SURFACE ( 'NONE', #1058, 3.559999999999997389 ) ;
#1950 = DIRECTION ( 'NONE',  ( 1.000000000000000000, 0.000000000000000000, 0.000000000000000000 ) ) ;
#1951 = EDGE_CURVE ( 'NONE', #1445, #728, #911, .T. ) ;
#1952 = DIRECTION ( 'NONE',  ( -0.000000000000000000, -0.000000000000000000, -1.000000000000000000 ) ) ;
#1953 = ORIENTED_EDGE ( 'NONE', *, *, #1982, .F. ) ;
#1954 = CARTESIAN_POINT ( 'NONE',  ( -20.50000000000000000, 18.50000000000000000, 24.81483215369439677 ) ) ;
#1955 = CARTESIAN_POINT ( 'NONE',  ( 13.35999999999999233, 33.44000000000001194, -1.569924745759010736E-14 ) ) ;
#1956 =( LENGTH_UNIT ( ) NAMED_UNIT ( * ) SI_UNIT ( .MILLI., .METRE. ) );
#1957 = EDGE_CURVE ( 'NONE', #2103, #61, #529, .T. ) ;
#1958 = AXIS2_PLACEMENT_3D ( 'NONE', #1915, #1240, #427 ) ;
#1959 = VECTOR ( 'NONE', #1726, 1000.000000000000000 ) ;
#1960 = ORIENTED_EDGE ( 'NONE', *, *, #355, .F. ) ;
#1961 = FACE_OUTER_BOUND ( 'NONE', #370, .T. ) ;
#1962 = DIRECTION ( 'NONE',  ( 1.000000000000000000, 0.000000000000000000, -0.000000000000000000 ) ) ;
#1963 = PRODUCT_DEFINITION_FORMATION_WITH_SPECIFIED_SOURCE ( 'ÈÎºÎ', '', #902, .NOT_KNOWN. ) ;
#1964 = VECTOR ( 'NONE', #1772, 1000.000000000000000 ) ;
#1965 = CARTESIAN_POINT ( 'NONE',  ( -39.50000000000000000, 33.43999999999999773, -8.455038113620094720 ) ) ;
#1966 = DIRECTION ( 'NONE',  ( 0.000000000000000000, 1.000000000000000000, -8.673617379884087734E-16 ) ) ;
#1967 = CIRCLE ( 'NONE', #1708, 1.599999999999988542 ) ;
#1968 = EDGE_LOOP ( 'NONE', ( #1731, #1028, #1557, #215, #96, #452, #1631, #395 ) ) ;
#1969 = CARTESIAN_POINT ( 'NONE',  ( -34.35999999999999943, 37.00000000000000000, -12.45503811362009650 ) ) ;
#1970 = CARTESIAN_POINT ( 'NONE',  ( 18.50000000000000000, 12.00000000000000000, 18.50000000000000000 ) ) ;
#1971 = ADVANCED_FACE ( 'NONE', ( #1986 ), #1029, .F. ) ;
#1972 = DIRECTION ( 'NONE',  ( 0.000000000000000000, 1.000000000000000000, -4.857225732735060850E-16 ) ) ;
#1973 = VECTOR ( 'NONE', #118, 1000.000000000000000 ) ;
#1974 = CYLINDRICAL_SURFACE ( 'NONE', #1600, 3.559999999999993836 ) ;
#1975 = VERTEX_POINT ( 'NONE', #1842 ) ;
#1976 = LINE ( 'NONE', #1832, #1944 ) ;
#1977 = EDGE_CURVE ( 'NONE', #1114, #1534, #560, .T. ) ;
#1978 = ORIENTED_EDGE ( 'NONE', *, *, #522, .F. ) ;
#1979 = DIRECTION ( 'NONE',  ( -0.000000000000000000, -0.000000000000000000, 1.000000000000000000 ) ) ;
#1980 = CYLINDRICAL_SURFACE ( 'NONE', #1483, 1.599999999999986766 ) ;
#1981 = CIRCLE ( 'NONE', #1919, 1.599999999999986766 ) ;
#1982 = EDGE_CURVE ( 'NONE', #61, #1182, #195, .T. ) ;
#1983 = ORIENTED_EDGE ( 'NONE', *, *, #1015, .F. ) ;
#1984 = DIRECTION ( 'NONE',  ( -0.000000000000000000, -0.000000000000000000, 1.000000000000000000 ) ) ;
#1985 = ORIENTED_EDGE ( 'NONE', *, *, #297, .F. ) ;
#1986 = FACE_OUTER_BOUND ( 'NONE', #1082, .T. ) ;
#1987 = LINE ( 'NONE', #495, #1687 ) ;
#1988 = EDGE_CURVE ( 'NONE', #84, #665, #1598, .T. ) ;
#1989 = VERTEX_POINT ( 'NONE', #847 ) ;
#1990 = CARTESIAN_POINT ( 'NONE',  ( -20.50000000000000000, 25.50000000000000000, 24.81483215369439677 ) ) ;
#1991 = PLANE ( 'NONE',  #1660 ) ;
#1992 = FACE_BOUND ( 'NONE', #1927, .T. ) ;
#1993 = CARTESIAN_POINT ( 'NONE',  ( 15.49999999999999112, 30.50000000000000000, -8.499999999988645527 ) ) ;
#1994 = VECTOR ( 'NONE', #309, 1000.000000000000000 ) ;
#1995 = CARTESIAN_POINT ( 'NONE',  ( -30.80000000000000071, 33.86880000000000024, 18.37999999999999901 ) ) ;
#1996 = ORIENTED_EDGE ( 'NONE', *, *, #1628, .T. ) ;
#1997 = CARTESIAN_POINT ( 'NONE',  ( -39.50000000000000000, 12.00000000000000000, 18.50000000000000000 ) ) ;
#1998 = CARTESIAN_POINT ( 'NONE',  ( 14.94000000000000128, 33.44000000000000483, -8.499999999988647303 ) ) ;
#1999 = ORIENTED_EDGE ( 'NONE', *, *, #317, .T. ) ;
#2000 = CARTESIAN_POINT ( 'NONE',  ( 9.799999999999998934, 13.99999999999999822, 24.19693725965666786 ) ) ;
#2001 = DIRECTION ( 'NONE',  ( -0.000000000000000000, -0.000000000000000000, 1.000000000000000000 ) ) ;
#2002 = FACE_BOUND ( 'NONE', #289, .T. ) ;
#2003 = CARTESIAN_POINT ( 'NONE',  ( -2.099999999999989875, 32.50000000000000000, 24.81483215369439677 ) ) ;
#2004 = EDGE_CURVE ( 'NONE', #1787, #1125, #1169, .T. ) ;
#2005 = CARTESIAN_POINT ( 'NONE',  ( 15.49999999999999112, 30.50000000000000000, -12.50000000004547474 ) ) ;
#2006 = LINE ( 'NONE', #548, #601 ) ;
#2007 = ORIENTED_EDGE ( 'NONE', *, *, #1320, .F. ) ;
#2008 = DIRECTION ( 'NONE',  ( -0.000000000000000000, -1.000000000000000000, -0.000000000000000000 ) ) ;
#2009 = EDGE_CURVE ( 'NONE', #306, #1666, #805, .T. ) ;
#2010 = ORIENTED_EDGE ( 'NONE', *, *, #698, .T. ) ;
#2011 = VERTEX_POINT ( 'NONE', #1510 ) ;
#2012 = CARTESIAN_POINT ( 'NONE',  ( -30.80000000000000071, 11.99999999999999822, 21.81483215369439677 ) ) ;
#2013 = DIRECTION ( 'NONE',  ( 0.000000000000000000, -0.000000000000000000, 1.000000000000000000 ) ) ;
#2014 = CIRCLE ( 'NONE', #1468, 3.559999999999997389 ) ;
#2015 = PLANE ( 'NONE',  #1599 ) ;
#2016 = EDGE_CURVE ( 'NONE', #1852, #1866, #1667, .T. ) ;
#2017 = CIRCLE ( 'NONE', #1296, 1.599999999999986766 ) ;
#2018 = DIRECTION ( 'NONE',  ( -0.000000000000000000, -0.000000000000000000, 1.000000000000000000 ) ) ;
#2019 = EDGE_LOOP ( 'NONE', ( #1953, #1408, #1906, #939, #292, #185, #1272, #425, #1450, #1440, #2098, #1900, #248, #748, #1656, #772 ) ) ;
#2020 = EDGE_LOOP ( 'NONE', ( #567, #256, #83, #2010 ) ) ;
#2021 = FACE_OUTER_BOUND ( 'NONE', #381, .T. ) ;
#2022 = CARTESIAN_POINT ( 'NONE',  ( 1.099999999999990097, 25.50000000000000000, 21.81483215369439321 ) ) ;
#2023 = ORIENTED_EDGE ( 'NONE', *, *, #2064, .F. ) ;
#2024 = CARTESIAN_POINT ( 'NONE',  ( 0.000000000000000000, 37.00000000000000000, 4.787836793695986003E-15 ) ) ;
#2025 = FACE_BOUND ( 'NONE', #585, .T. ) ;
#2026 = DIRECTION ( 'NONE',  ( -0.000000000000000000, -2.081668171172168513E-16, 1.000000000000000000 ) ) ;
#2027 = AXIS2_PLACEMENT_3D ( 'NONE', #1682, #1693, #1064 ) ;
#2028 = ORIENTED_EDGE ( 'NONE', *, *, #1121, .F. ) ;
#2029 = ORIENTED_EDGE ( 'NONE', *, *, #958, .F. ) ;
#2030 = DIRECTION ( 'NONE',  ( -0.000000000000000000, 0.000000000000000000, 1.000000000000000000 ) ) ;
#2031 = AXIS2_PLACEMENT_3D ( 'NONE', #1677, #874, #1007 ) ;
#2032 = VECTOR ( 'NONE', #536, 1000.000000000000000 ) ;
#2033 = ORIENTED_EDGE ( 'NONE', *, *, #1136, .F. ) ;
#2034 = ORIENTED_EDGE ( 'NONE', *, *, #390, .F. ) ;
#2035 = DIRECTION ( 'NONE',  ( 0.000000000000000000, -0.000000000000000000, -1.000000000000000000 ) ) ;
#2036 = DIRECTION ( 'NONE',  ( 0.000000000000000000, -1.000000000000000000, 0.000000000000000000 ) ) ;
#2037 = CARTESIAN_POINT ( 'NONE',  ( -30.80000000000000071, 11.99999999999999822, 24.50000000000000000 ) ) ;
#2038 = CARTESIAN_POINT ( 'NONE',  ( -34.50000000000000000, 30.50000000000000000, -12.45503811362009650 ) ) ;
#2039 = EDGE_CURVE ( 'NONE', #595, #1333, #696, .T. ) ;
#2040 = ORIENTED_EDGE ( 'NONE', *, *, #1548, .T. ) ;
#2041 = EDGE_LOOP ( 'NONE', ( #154, #1218, #1526, #1282 ) ) ;
#2042 = CARTESIAN_POINT ( 'NONE',  ( 18.50000000000000000, 0.000000000000000000, 0.000000000000000000 ) ) ;
#2043 = ORIENTED_EDGE ( 'NONE', *, *, #2004, .T. ) ;
#2044 = EDGE_CURVE ( 'NONE', #10, #238, #1003, .T. ) ;
#2045 = VECTOR ( 'NONE', #1302, 1000.000000000000000 ) ;
#2046 = ORIENTED_EDGE ( 'NONE', *, *, #915, .T. ) ;
#2047 = DIRECTION ( 'NONE',  ( -1.000000000000000000, 0.000000000000000000, 0.000000000000000000 ) ) ;
#2048 = CARTESIAN_POINT ( 'NONE',  ( -32.50000000000001421, 30.50000000000000000, -12.45503811362009650 ) ) ;
#2049 = EDGE_CURVE ( 'NONE', #1730, #799, #1167, .T. ) ;
#2050 = AXIS2_PLACEMENT_3D ( 'NONE', #982, #1943, #1638 ) ;
#2051 = ORIENTED_EDGE ( 'NONE', *, *, #1763, .F. ) ;
#2052 = ORIENTED_EDGE ( 'NONE', *, *, #1804, .T. ) ;
#2053 = DIRECTION ( 'NONE',  ( -0.000000000000000000, -0.000000000000000000, 1.000000000000000000 ) ) ;
#2054 = FACE_OUTER_BOUND ( 'NONE', #251, .T. ) ;
#2055 = EDGE_LOOP ( 'NONE', ( #1509, #829, #1433, #1936 ) ) ;
#2056 = EDGE_CURVE ( 'NONE', #1914, #1054, #721, .T. ) ;
#2057 = ORIENTED_EDGE ( 'NONE', *, *, #1113, .F. ) ;
#2058 = LINE ( 'NONE', #792, #1678 ) ;
#2059 = DIRECTION ( 'NONE',  ( -1.993935029858399143E-16, 2.081668171172168513E-16, -1.000000000000000000 ) ) ;
#2060 = CIRCLE ( 'NONE', #1140, 1.599999999999990319 ) ;
#2061 = ORIENTED_EDGE ( 'NONE', *, *, #525, .F. ) ;
#2062 = ORIENTED_EDGE ( 'NONE', *, *, #1589, .F. ) ;
#2063 = CARTESIAN_POINT ( 'NONE',  ( -39.50000000000000000, 14.00000000000000533, -8.455038113620100049 ) ) ;
#2064 = EDGE_CURVE ( 'NONE', #1866, #1819, #534, .T. ) ;
#2065 = CARTESIAN_POINT ( 'NONE',  ( -40.66000000000000369, 14.00000000000000000, 23.19999999999999929 ) ) ;
#2066 = ORIENTED_EDGE ( 'NONE', *, *, #1081, .T. ) ;
#2067 = CYLINDRICAL_SURFACE ( 'NONE', #1153, 3.559999999999993836 ) ;
#2068 = CARTESIAN_POINT ( 'NONE',  ( 15.49999999999999112, 30.50000000000000000, -12.50761889323825926 ) ) ;
#2069 = EDGE_CURVE ( 'NONE', #1106, #1154, #210, .T. ) ;
#2070 = ORIENTED_EDGE ( 'NONE', *, *, #1447, .F. ) ;
#2071 = DIRECTION ( 'NONE',  ( 1.000000000000000000, 0.000000000000000000, 0.000000000000000000 ) ) ;
#2072 = VERTEX_POINT ( 'NONE', #1371 ) ;
#2073 = EDGE_CURVE ( 'NONE', #1404, #1105, #454, .T. ) ;
#2074 = ORIENTED_EDGE ( 'NONE', *, *, #18, .T. ) ;
#2075 = FACE_OUTER_BOUND ( 'NONE', #1680, .T. ) ;
#2076 = ORIENTED_EDGE ( 'NONE', *, *, #1778, .T. ) ;
#2077 = CARTESIAN_POINT ( 'NONE',  ( -30.80000000000000782, 14.00000000000000000, -12.45503811362009827 ) ) ;
#2078 = CARTESIAN_POINT ( 'NONE',  ( 13.50000000000000000, 30.50000000000000000, -12.50761889323825926 ) ) ;
#2079 = VECTOR ( 'NONE', #1807, 1000.000000000000000 ) ;
#2080 = EDGE_CURVE ( 'NONE', #1577, #1646, #35, .T. ) ;
#2081 = ORIENTED_EDGE ( 'NONE', *, *, #537, .T. ) ;
#2082 = ORIENTED_EDGE ( 'NONE', *, *, #647, .F. ) ;
#2083 = CARTESIAN_POINT ( 'NONE',  ( 14.94000000000000128, 37.00000000000000000, -8.499999999988649080 ) ) ;
#2084 = CARTESIAN_POINT ( 'NONE',  ( 13.50000000000000000, 30.50000000000000000, -12.50000000004547474 ) ) ;
#2085 = LINE ( 'NONE', #486, #539 ) ;
#2086 = ORIENTED_EDGE ( 'NONE', *, *, #1924, .F. ) ;
#2087 = VERTEX_POINT ( 'NONE', #52 ) ;
#2088 = DIRECTION ( 'NONE',  ( -8.545435842250282219E-17, 0.000000000000000000, -1.000000000000000000 ) ) ;
#2089 = VERTEX_POINT ( 'NONE', #569 ) ;
#2090 = CARTESIAN_POINT ( 'NONE',  ( -19.32000000000000384, 12.00000000000000000, 24.50000000000000000 ) ) ;
#2091 = CARTESIAN_POINT ( 'NONE',  ( -2.099999999999988542, 25.50000000000000000, 24.81483215369439677 ) ) ;
#2092 = ORIENTED_EDGE ( 'NONE', *, *, #639, .F. ) ;
#2093 = VECTOR ( 'NONE', #1330, 1000.000000000000000 ) ;
#2094 = FACE_OUTER_BOUND ( 'NONE', #483, .T. ) ;
#2095 = CARTESIAN_POINT ( 'NONE',  ( -34.50000000000000000, 20.50000000000000000, -12.45503811362010005 ) ) ;
#2096 = VECTOR ( 'NONE', #1831, 1000.000000000000000 ) ;
#2097 = CYLINDRICAL_SURFACE ( 'NONE', #1926, 1.599999999999990097 ) ;
#2098 = ORIENTED_EDGE ( 'NONE', *, *, #132, .F. ) ;
#2099 = CARTESIAN_POINT ( 'NONE',  ( 9.799999999999998934, 12.00000000000000000, -2.500000000000000000 ) ) ;
#2100 = CARTESIAN_POINT ( 'NONE',  ( -0.5000000000000000000, 32.50000000000000000, 24.81483215369439677 ) ) ;
#2101 = EDGE_CURVE ( 'NONE', #600, #1768, #375, .T. ) ;
#2102 = FACE_OUTER_BOUND ( 'NONE', #1813, .T. ) ;
#2103 = VERTEX_POINT ( 'NONE', #686 ) ;
#2104 = FACE_BOUND ( 'NONE', #1779, .T. ) ;
#2105 = DIRECTION ( 'NONE',  ( 1.993935029858399143E-16, -2.081668171172168513E-16, 1.000000000000000000 ) ) ;
#2106 = FILL_AREA_STYLE_COLOUR ( '', #327 ) ;
#2107 = EDGE_CURVE ( 'NONE', #331, #458, #1343, .T. ) ;
#2108 = ORIENTED_EDGE ( 'NONE', *, *, #472, .F. ) ;
#2109 = DIRECTION ( 'NONE',  ( 1.000000000000000000, 0.000000000000000000, 0.000000000000000000 ) ) ;
#2110 = CARTESIAN_POINT ( 'NONE',  ( -30.80000000000000782, 0.000000000000000000, 0.000000000000000000 ) ) ;
#2111 = DIRECTION ( 'NONE',  ( 0.000000000000000000, 0.000000000000000000, 1.000000000000000000 ) ) ;
#2112 = AXIS2_PLACEMENT_3D ( 'NONE', #2078, #119, #1268 ) ;
#2113 = ADVANCED_FACE ( 'NONE', ( #1876 ), #396, .F. ) ;
#2114 = DIRECTION ( 'NONE',  ( -1.000000000000000000, 0.000000000000000000, 0.000000000000000000 ) ) ;
#2115 =( NAMED_UNIT ( * ) SI_UNIT ( $, .STERADIAN. ) SOLID_ANGLE_UNIT ( ) );
#2116 = ORIENTED_EDGE ( 'NONE', *, *, #691, .T. ) ;
#2117 = CYLINDRICAL_SURFACE ( 'NONE', #1324, 1.599999999999989431 ) ;
#2118 = CIRCLE ( 'NONE', #723, 1.999999999999991340 ) ;
#2119 = CARTESIAN_POINT ( 'NONE',  ( 9.799999999999995381, 12.00000000000000000, -2.499999999999998668 ) ) ;
#2120 = ADVANCED_FACE ( 'NONE', ( #711 ), #1991, .F. ) ;
#2121 = CARTESIAN_POINT ( 'NONE',  ( -18.90000000000001279, 32.50000000000000000, 24.81483215369439677 ) ) ;
#2122 = ORIENTED_EDGE ( 'NONE', *, *, #1903, .T. ) ;
#2123 = VECTOR ( 'NONE', #848, 1000.000000000000000 ) ;
#2124 = LINE ( 'NONE', #1331, #387 ) ;
#2125 = DIRECTION ( 'NONE',  ( -1.000000000000000000, 0.000000000000000000, 0.000000000000000000 ) ) ;
#2126 = CARTESIAN_POINT ( 'NONE',  ( -27.50000000000000000, 25.50000000000000000, 21.81483215369439677 ) ) ;
#2127 = AXIS2_PLACEMENT_3D ( 'NONE', #1156, #1808, #852 ) ;
#2128 = ORIENTED_EDGE ( 'NONE', *, *, #647, .T. ) ;
#2129 = DIRECTION ( 'NONE',  ( 1.000000000000000000, -0.000000000000000000, -0.000000000000000000 ) ) ;
#2130 = CARTESIAN_POINT ( 'NONE',  ( 18.50000000000000000, 33.44000000000000483, -12.50000000004547474 ) ) ;
#2131 = VECTOR ( 'NONE', #1716, 1000.000000000000000 ) ;
#2132 = VECTOR ( 'NONE', #1176, 1000.000000000000000 ) ;
#2133 = EDGE_CURVE ( 'NONE', #1452, #500, #372, .T. ) ;
#2134 = CARTESIAN_POINT ( 'NONE',  ( 14.94000000000000128, 33.44000000000001194, -1.569924745759010736E-14 ) ) ;
#2135 = UNCERTAINTY_MEASURE_WITH_UNIT (LENGTH_MEASURE( 1.000000000000000082E-05 ), #1209, 'distance_accuracy_value', 'NONE');
ENDSEC;
END-ISO-10303-21;
