ISO-10303-21;
HEADER;
FILE_DESCRIPTION (( 'STEP AP214' ),
    '1' );
FILE_NAME ('222lianjie.STEP',
    '2026-07-16T05:50:20',
    ( '' ),
    ( '' ),
    'SwSTEP 2.0',
    'SolidWorks 2020',
    '' );
FILE_SCHEMA (( 'AUTOMOTIVE_DESIGN' ));
ENDSEC;

DATA;
#1 = CARTESIAN_POINT ( 'NONE',  ( 2.464074972774810135, -0.7798492237616408973, 136.2579473409005857 ) ) ;
#2 = CARTESIAN_POINT ( 'NONE',  ( -41.26550133644964546, -6.710653049924649949, 84.51157972372089944 ) ) ;
#3 = VERTEX_POINT ( 'NONE', #3520 ) ;
#4 = CARTESIAN_POINT ( 'NONE',  ( -11.72428249521382071, 9.826883218324418579, 134.0182997095600115 ) ) ;
#5 = ORIENTED_EDGE ( 'NONE', *, *, #3478, .T. ) ;
#6 = CIRCLE ( 'NONE', #919, 4.499999999999992895 ) ;
#7 = FACE_OUTER_BOUND ( 'NONE', #347, .T. ) ;
#8 = CARTESIAN_POINT ( 'NONE',  ( 1.298169140858803861, 0.4328415741125409832, 125.1343121520757933 ) ) ;
#9 = ADVANCED_FACE ( 'NONE', ( #2674 ), #2991, .T. ) ;
#10 = ORIENTED_EDGE ( 'NONE', *, *, #2468, .T. ) ;
#11 = AXIS2_PLACEMENT_3D ( 'NONE', #3349, #2522, #3366 ) ;
#12 = EDGE_LOOP ( 'NONE', ( #1927, #1043, #3573, #1373 ) ) ;
#13 = CARTESIAN_POINT ( 'NONE',  ( 1.444442763258701801, 0.2571131874897595315, 126.6812390669179962 ) ) ;
#14 = VECTOR ( 'NONE', #1731, 1000.000000000000227 ) ;
#15 = EDGE_CURVE ( 'NONE', #3302, #1654, #408, .T. ) ;
#16 = ADVANCED_FACE ( 'NONE', ( #2732 ), #238, .T. ) ;
#17 = FACE_OUTER_BOUND ( 'NONE', #2310, .T. ) ;
#18 = DIRECTION ( 'NONE',  ( -0.4036298484864446201, 0.9040139324509702812, 0.1408607658127076501 ) ) ;
#19 = CIRCLE ( 'NONE', #2383, 12.50000000000000355 ) ;
#20 = CARTESIAN_POINT ( 'NONE',  ( -5.669834767917159901, -3.733325768440129977, 131.9053882223694245 ) ) ;
#21 = CARTESIAN_POINT ( 'NONE',  ( -7.687984010348859698, 0.7867438938163169304, 132.6096920514330009 ) ) ;
#22 = VERTEX_POINT ( 'NONE', #3239 ) ;
#23 = FACE_OUTER_BOUND ( 'NONE', #2942, .T. ) ;
#24 = CIRCLE ( 'NONE', #2805, 3.000000000000005773 ) ;
#25 = ORIENTED_EDGE ( 'NONE', *, *, #3571, .F. ) ;
#26 = FACE_OUTER_BOUND ( 'NONE', #2585, .T. ) ;
#27 = EDGE_LOOP ( 'NONE', ( #1630, #3021, #3090, #2432, #2261, #1071, #1234, #456, #2569, #445 ) ) ;
#28 = AXIS2_PLACEMENT_3D ( 'NONE', #1303, #3527, #437 ) ;
#29 = CIRCLE ( 'NONE', #2461, 12.50000000000000355 ) ;
#30 = ORIENTED_EDGE ( 'NONE', *, *, #1771, .T. ) ;
#31 = CARTESIAN_POINT ( 'NONE',  ( -52.91393890749650097, -10.17716926911572095, 73.38088535582390648 ) ) ;
#32 = DIRECTION ( 'NONE',  ( 0.7292504199660266861, 0.2249069998420402117, 0.6462280297243581106 ) ) ;
#33 = FILL_AREA_STYLE_COLOUR ( '', #3577 ) ;
#34 = DIRECTION ( 'NONE',  ( 0.4036298484864156433, -0.9040139324509842700, -0.1408607658127000450 ) ) ;
#35 = AXIS2_PLACEMENT_3D ( 'NONE', #2000, #1161, #2286 ) ;
#36 = EDGE_CURVE ( 'NONE', #77, #3391, #2921, .T. ) ;
#37 = ADVANCED_FACE ( 'NONE', ( #486 ), #222, .T. ) ;
#38 = VERTEX_POINT ( 'NONE', #1013 ) ;
#39 = LINE ( 'NONE', #504, #1879 ) ;
#40 = DIRECTION ( 'NONE',  ( -0.4036298484864156433, 0.9040139324509842700, 0.1408607658127000450 ) ) ;
#41 = ORIENTED_EDGE ( 'NONE', *, *, #3436, .T. ) ;
#42 = CYLINDRICAL_SURFACE ( 'NONE', #2731, 4.500000000000003553 ) ;
#43 = CARTESIAN_POINT ( 'NONE',  ( -5.669834767917159901, -3.733325768440129977, 131.9053882223694245 ) ) ;
#44 = ORIENTED_EDGE ( 'NONE', *, *, #1529, .T. ) ;
#45 = DIRECTION ( 'NONE',  ( -0.4036298484864445646, 0.9040139324509700591, 0.1408607658127078166 ) ) ;
#46 = EDGE_LOOP ( 'NONE', ( #2177, #1787, #2609, #968 ) ) ;
#47 = CARTESIAN_POINT ( 'NONE',  ( -2.770715135275075180, -3.878865337885134768, 141.1467196112632223 ) ) ;
#48 = DIRECTION ( 'NONE',  ( 0.7292504199660262421, 0.2249069998420400451, 0.6462280297243589988 ) ) ;
#49 = EDGE_CURVE ( 'NONE', #1119, #2770, #3432, .T. ) ;
#50 = CARTESIAN_POINT ( 'NONE',  ( 1.427646239225944136, 3.598081391840225240, 140.6875424229874056 ) ) ;
#51 = DIRECTION ( 'NONE',  ( 0.5562278320532650921, 0.3647011537589215369, -0.7467286436827210716 ) ) ;
#52 = DIRECTION ( 'NONE',  ( -0.7292504199660254649, -0.2249069998420398231, -0.6462280297243599980 ) ) ;
#53 = ORIENTED_EDGE ( 'NONE', *, *, #368, .F. ) ;
#54 = EDGE_CURVE ( 'NONE', #2852, #3180, #2809, .T. ) ;
#55 =( GEOMETRIC_REPRESENTATION_CONTEXT ( 3 ) GLOBAL_UNCERTAINTY_ASSIGNED_CONTEXT ( ( #3397 ) ) GLOBAL_UNIT_ASSIGNED_CONTEXT ( ( #2611, #3345, #2580 ) ) REPRESENTATION_CONTEXT ( 'NONE', 'WORKASPACE' ) );
#56 = DIRECTION ( 'NONE',  ( -0.4036298484864446201, 0.9040139324509702812, 0.1408607658127076501 ) ) ;
#57 = ORIENTED_EDGE ( 'NONE', *, *, #2375, .T. ) ;
#58 = LINE ( 'NONE', #1151, #875 ) ;
#59 = DIRECTION ( 'NONE',  ( 0.7292504199660249098, 0.2249069998420399064, 0.6462280297243604421 ) ) ;
#60 = ORIENTED_EDGE ( 'NONE', *, *, #1912, .T. ) ;
#61 = ORIENTED_EDGE ( 'NONE', *, *, #1906, .F. ) ;
#62 = FACE_OUTER_BOUND ( 'NONE', #714, .T. ) ;
#63 = ORIENTED_EDGE ( 'NONE', *, *, #3395, .F. ) ;
#64 = AXIS2_PLACEMENT_3D ( 'NONE', #2976, #3524, #241 ) ;
#65 = DIRECTION ( 'NONE',  ( 0.7292504199660249098, 0.2249069998420398508, 0.6462280297243604421 ) ) ;
#66 = AXIS2_PLACEMENT_3D ( 'NONE', #450, #763, #1599 ) ;
#67 = AXIS2_PLACEMENT_3D ( 'NONE', #658, #433, #1747 ) ;
#68 = AXIS2_PLACEMENT_3D ( 'NONE', #1742, #2307, #626 ) ;
#69 = CIRCLE ( 'NONE', #2851, 12.50000000000000355 ) ;
#70 = CARTESIAN_POINT ( 'NONE',  ( -14.42082282819548134, -7.783630141945939940, 132.8238242303883681 ) ) ;
#71 = DIRECTION ( 'NONE',  ( 0.008861879339743418751, 0.1578149520867543620, -0.9874289381988069492 ) ) ;
#72 = ADVANCED_FACE ( 'NONE', ( #1045 ), #3277, .T. ) ;
#73 = ORIENTED_EDGE ( 'NONE', *, *, #2983, .F. ) ;
#74 = DIRECTION ( 'NONE',  ( 0.7292504199660247988, 0.2249069998420395455, 0.6462280297243608862 ) ) ;
#75 = EDGE_CURVE ( 'NONE', #1654, #3302, #472, .T. ) ;
#76 = ADVANCED_FACE ( 'NONE', ( #3113 ), #841, .T. ) ;
#77 = VERTEX_POINT ( 'NONE', #2647 ) ;
#78 = CARTESIAN_POINT ( 'NONE',  ( -20.15137116644504900, 0.4593263874166769734, 98.99774159374099725 ) ) ;
#79 = DIRECTION ( 'NONE',  ( -0.7292504199660249098, -0.2249069998420399619, -0.6462280297243604421 ) ) ;
#80 = AXIS2_PLACEMENT_3D ( 'NONE', #218, #2434, #2710 ) ;
#81 = ORIENTED_EDGE ( 'NONE', *, *, #908, .T. ) ;
#82 = LINE ( 'NONE', #1187, #513 ) ;
#83 = VECTOR ( 'NONE', #346, 1000.000000000000227 ) ;
#84 = CARTESIAN_POINT ( 'NONE',  ( -7.687984010349380171, 0.7867438938147219840, 132.6096920514330009 ) ) ;
#85 = CIRCLE ( 'NONE', #2228, 4.499999999999999112 ) ;
#86 = CIRCLE ( 'NONE', #836, 4.500000000000000000 ) ;
#87 = DIRECTION ( 'NONE',  ( -0.4036298484864445646, 0.9040139324509700591, 0.1408607658127078166 ) ) ;
#88 = DIRECTION ( 'NONE',  ( -0.7292504199660249098, -0.2249069998420399064, -0.6462280297243605531 ) ) ;
#89 = DIRECTION ( 'NONE',  ( 0.008861879339743418751, 0.1578149520867543620, -0.9874289381988069492 ) ) ;
#90 = CARTESIAN_POINT ( 'NONE',  ( -5.669834767917159901, -3.733325768440129977, 131.9053882223694245 ) ) ;
#91 = CARTESIAN_POINT ( 'NONE',  ( -5.669834767917159901, -3.733325768440129977, 131.9053882223694245 ) ) ;
#92 = EDGE_LOOP ( 'NONE', ( #2925, #2124, #2223, #389 ) ) ;
#93 = DIRECTION ( 'NONE',  ( -0.4036298484864446201, 0.9040139324509702812, 0.1408607658127076501 ) ) ;
#94 = EDGE_CURVE ( 'NONE', #2650, #2852, #3189, .T. ) ;
#95 = EDGE_CURVE ( 'NONE', #1736, #2626, #2630, .T. ) ;
#96 = DIRECTION ( 'NONE',  ( 0.7292504199660262421, 0.2249069998420400451, 0.6462280297243589988 ) ) ;
#97 = ORIENTED_EDGE ( 'NONE', *, *, #415, .F. ) ;
#98 = DIRECTION ( 'NONE',  ( -0.4036298484864446201, 0.9040139324509702812, 0.1408607658127076501 ) ) ;
#99 = EDGE_CURVE ( 'NONE', #343, #1256, #2055, .T. ) ;
#100 = CYLINDRICAL_SURFACE ( 'NONE', #813, 4.500000000000003553 ) ;
#101 = ORIENTED_EDGE ( 'NONE', *, *, #2180, .F. ) ;
#102 = DIRECTION ( 'NONE',  ( -0.4036298484864446201, 0.9040139324509702812, 0.1408607658127080386 ) ) ;
#103 = DIRECTION ( 'NONE',  ( 0.4036298484864450087, -0.9040139324509700591, -0.1408607658127076223 ) ) ;
#104 = VERTEX_POINT ( 'NONE', #2392 ) ;
#105 = FACE_OUTER_BOUND ( 'NONE', #2366, .T. ) ;
#106 = DIRECTION ( 'NONE',  ( -0.4036298484864446201, 0.9040139324509702812, 0.1408607658127080386 ) ) ;
#107 = CARTESIAN_POINT ( 'NONE',  ( -0.5744511409393320278, -2.895653323065895179, 141.1299679155997921 ) ) ;
#108 = ORIENTED_EDGE ( 'NONE', *, *, #2404, .F. ) ;
#109 = CYLINDRICAL_SURFACE ( 'NONE', #2338, 4.500000000000000888 ) ;
#110 = ORIENTED_EDGE ( 'NONE', *, *, #2473, .F. ) ;
#111 = EDGE_LOOP ( 'NONE', ( #254, #732, #977, #906 ) ) ;
#112 = EDGE_CURVE ( 'NONE', #3283, #262, #2521, .T. ) ;
#113 = DIRECTION ( 'NONE',  ( -0.4036298484864446201, 0.9040139324509702812, 0.1408607658127076501 ) ) ;
#114 = AXIS2_PLACEMENT_3D ( 'NONE', #2438, #795, #2149 ) ;
#115 = ORIENTED_EDGE ( 'NONE', *, *, #289, .T. ) ;
#116 = CARTESIAN_POINT ( 'NONE',  ( -5.647285428382420314, -3.250840772853829996, 128.9445100154310069 ) ) ;
#117 = ADVANCED_FACE ( 'NONE', ( #3217 ), #2429, .T. ) ;
#118 = ORIENTED_EDGE ( 'NONE', *, *, #1073, .F. ) ;
#119 = CARTESIAN_POINT ( 'NONE',  ( -39.23809557349279942, -10.98496014472491922, 82.32754109501730966 ) ) ;
#120 = DIRECTION ( 'NONE',  ( 0.7517859493008343108, 0.2399598887612551246, 0.6141963352377882712 ) ) ;
#121 = ORIENTED_EDGE ( 'NONE', *, *, #1429, .T. ) ;
#122 = DIRECTION ( 'NONE',  ( 0.7292504199660267972, 0.2249069998420404615, 0.6462280297243582217 ) ) ;
#123 = VECTOR ( 'NONE', #3203, 1000.000000000000227 ) ;
#124 = DIRECTION ( 'NONE',  ( -0.9137903228885077000, -0.4059804243577954108, -0.01292829584984763608 ) ) ;
#125 = ORIENTED_EDGE ( 'NONE', *, *, #1545, .T. ) ;
#126 = AXIS2_PLACEMENT_3D ( 'NONE', #2068, #2627, #3214 ) ;
#127 = ORIENTED_EDGE ( 'NONE', *, *, #1614, .F. ) ;
#128 = CARTESIAN_POINT ( 'NONE',  ( -5.669834767917159901, -3.733325768440129977, 131.9053882223694245 ) ) ;
#129 = ORIENTED_EDGE ( 'NONE', *, *, #2657, .F. ) ;
#130 = CARTESIAN_POINT ( 'NONE',  ( -53.75008969236200329, -9.965678339136580632, 69.62763185869189897 ) ) ;
#131 = VECTOR ( 'NONE', #1250, 1000.000000000000227 ) ;
#132 = DIRECTION ( 'NONE',  ( 0.4036298484864156988, -0.9040139324509844920, -0.1408607658127000728 ) ) ;
#133 = CLOSED_SHELL ( 'NONE', ( #244, #822, #2423, #37, #2442, #1211, #1474, #2153, #206, #9, #1189, #2641, #3001, #1448, #1433, #2806, #16, #1822, #2550, #2113, #2596, #3195 ) ) ;
#134 = VECTOR ( 'NONE', #1001, 1000.000000000000227 ) ;
#135 = DIRECTION ( 'NONE',  ( -0.4036298484864446201, 0.9040139324509702812, 0.1408607658127080386 ) ) ;
#136 = DIRECTION ( 'NONE',  ( 0.7292504199660254649, 0.2249069998420398231, 0.6462280297243599980 ) ) ;
#137 = VECTOR ( 'NONE', #3529, 1000.000000000000227 ) ;
#138 = EDGE_CURVE ( 'NONE', #1950, #480, #2906, .T. ) ;
#139 = EDGE_CURVE ( 'NONE', #1207, #2360, #1291, .T. ) ;
#140 = VECTOR ( 'NONE', #3519, 1000.000000000000227 ) ;
#141 = CARTESIAN_POINT ( 'NONE',  ( -5.669834767917159901, -3.733325768440129977, 131.9053882223694245 ) ) ;
#142 = AXIS2_PLACEMENT_3D ( 'NONE', #3386, #902, #2016 ) ;
#143 = CYLINDRICAL_SURFACE ( 'NONE', #1638, 9.686499999999998778 ) ;
#144 = CARTESIAN_POINT ( 'NONE',  ( -7.687984010349380171, 0.7867438938147219840, 132.6096920514330009 ) ) ;
#145 = ORIENTED_EDGE ( 'NONE', *, *, #1453, .F. ) ;
#146 = DIRECTION ( 'NONE',  ( -0.4036298484864446201, 0.9040139324509702812, 0.1408607658127080386 ) ) ;
#147 = LINE ( 'NONE', #2056, #1897 ) ;
#148 = ORIENTED_EDGE ( 'NONE', *, *, #3053, .T. ) ;
#149 = ORIENTED_EDGE ( 'NONE', *, *, #384, .T. ) ;
#150 =( NAMED_UNIT ( * ) SI_UNIT ( $, .STERADIAN. ) SOLID_ANGLE_UNIT ( ) );
#151 = CARTESIAN_POINT ( 'NONE',  ( 1.541616739576460171, 0.4947996720056980213, 125.4342660350283865 ) ) ;
#152 = EDGE_LOOP ( 'NONE', ( #1848, #688, #1238, #2918 ) ) ;
#153 = CARTESIAN_POINT ( 'NONE',  ( -13.15941097050781927, -3.288226428889679642, 143.0838556881499812 ) ) ;
#154 = CARTESIAN_POINT ( 'NONE',  ( -14.80226154152527940, -3.203695062115174963, 137.8338412068841876 ) ) ;
#155 = ORIENTED_EDGE ( 'NONE', *, *, #2199, .F. ) ;
#156 = EDGE_CURVE ( 'NONE', #1657, #3174, #3098, .T. ) ;
#157 = VECTOR ( 'NONE', #2929, 1000.000000000000227 ) ;
#158 = CARTESIAN_POINT ( 'NONE',  ( -14.37217819939051822, -7.244558296349799420, 129.5035665833541998 ) ) ;
#159 = VERTEX_POINT ( 'NONE', #1807 ) ;
#160 = SURFACE_STYLE_FILL_AREA ( #3186 ) ;
#161 = EDGE_CURVE ( 'NONE', #2306, #2639, #942, .T. ) ;
#162 = ORIENTED_EDGE ( 'NONE', *, *, #1545, .F. ) ;
#163 = CARTESIAN_POINT ( 'NONE',  ( -2.507475985040119593, -0.9616919924109960105, 123.1792312566749956 ) ) ;
#164 = VERTEX_POINT ( 'NONE', #1038 ) ;
#165 = ORIENTED_EDGE ( 'NONE', *, *, #2492, .F. ) ;
#166 = CARTESIAN_POINT ( 'NONE',  ( -20.13807834743545300, 0.6960488155468049776, 97.51659818644290567 ) ) ;
#167 = ORIENTED_EDGE ( 'NONE', *, *, #2659, .T. ) ;
#168 = FACE_OUTER_BOUND ( 'NONE', #2118, .T. ) ;
#169 = CARTESIAN_POINT ( 'NONE',  ( 1.930059684280089893, -1.427240767704679891, 138.8825707650161974 ) ) ;
#170 = AXIS2_PLACEMENT_3D ( 'NONE', #3133, #932, #2604 ) ;
#171 = ORIENTED_EDGE ( 'NONE', *, *, #2229, .F. ) ;
#172 = AXIS2_PLACEMENT_3D ( 'NONE', #1702, #1128, #1345 ) ;
#173 = CARTESIAN_POINT ( 'NONE',  ( 0.7721555196433940171, -2.515381438150805060, 142.5481027606482201 ) ) ;
#174 = EDGE_CURVE ( 'NONE', #2181, #2989, #1583, .T. ) ;
#175 = DIRECTION ( 'NONE',  ( -0.4036298484864446201, 0.9040139324509702812, 0.1408607658127080386 ) ) ;
#176 = EDGE_LOOP ( 'NONE', ( #2595, #3474, #1592, #2517 ) ) ;
#177 = AXIS2_PLACEMENT_3D ( 'NONE', #1030, #2152, #1067 ) ;
#178 = VERTEX_POINT ( 'NONE', #2945 ) ;
#179 = DIRECTION ( 'NONE',  ( -0.4036298484864446201, 0.9040139324509702812, 0.1408607658127076501 ) ) ;
#180 = AXIS2_PLACEMENT_3D ( 'NONE', #1412, #2209, #796 ) ;
#181 = EDGE_CURVE ( 'NONE', #3174, #2350, #1568, .T. ) ;
#182 = EDGE_CURVE ( 'NONE', #2336, #2241, #1758, .T. ) ;
#183 = ORIENTED_EDGE ( 'NONE', *, *, #1608, .F. ) ;
#184 = ORIENTED_EDGE ( 'NONE', *, *, #771, .F. ) ;
#185 = DIRECTION ( 'NONE',  ( -0.4036298484864446201, 0.9040139324509702812, 0.1408607658127076501 ) ) ;
#186 = DIRECTION ( 'NONE',  ( -0.2034861408258026305, 0.06140290946268652655, -0.9771504864663060896 ) ) ;
#187 = DIRECTION ( 'NONE',  ( 0.000000000000000000, -0.9099865562586962886, -0.4146377544657972036 ) ) ;
#188 = CARTESIAN_POINT ( 'NONE',  ( -41.25220851743999617, -6.473930621794510287, 83.03043631642269418 ) ) ;
#189 = DIRECTION ( 'NONE',  ( -0.4036298484864445646, 0.9040139324509700591, 0.1408607658127078166 ) ) ;
#190 = CIRCLE ( 'NONE', #3424, 4.500000000000000888 ) ;
#191 = ORIENTED_EDGE ( 'NONE', *, *, #3500, .F. ) ;
#192 = CARTESIAN_POINT ( 'NONE',  ( 3.172217054769050026, 0.7806358153659599397, 128.2722394044119767 ) ) ;
#193 = AXIS2_PLACEMENT_3D ( 'NONE', #800, #2469, #730 ) ;
#194 = CARTESIAN_POINT ( 'NONE',  ( -16.87572985433455131, -2.709605777003354810, 128.7214578462601935 ) ) ;
#195 = CIRCLE ( 'NONE', #471, 9.686500000000000554 ) ;
#196 = AXIS2_PLACEMENT_3D ( 'NONE', #2171, #2973, #1299 ) ;
#197 = CARTESIAN_POINT ( 'NONE',  ( 1.014359421123992133, 4.297976421724414742, 135.0115136904479982 ) ) ;
#198 = EDGE_LOOP ( 'NONE', ( #3252, #1890, #3463, #1292 ) ) ;
#199 = ORIENTED_EDGE ( 'NONE', *, *, #1455, .T. ) ;
#200 = CARTESIAN_POINT ( 'NONE',  ( -15.50405227713114975, -1.661584445333559978, 125.9259606728314083 ) ) ;
#201 = ORIENTED_EDGE ( 'NONE', *, *, #1492, .F. ) ;
#202 = EDGE_CURVE ( 'NONE', #2361, #1471, #3380, .T. ) ;
#203 = ORIENTED_EDGE ( 'NONE', *, *, #1595, .F. ) ;
#204 = DIRECTION ( 'NONE',  ( 0.7292504199660249098, 0.2249069998420399619, 0.6462280297243604421 ) ) ;
#205 = CARTESIAN_POINT ( 'NONE',  ( -14.95527961522804006, -6.657398078810650155, 124.0644498148014065 ) ) ;
#206 = ADVANCED_FACE ( 'NONE', ( #3232 ), #2981, .T. ) ;
#207 = ORIENTED_EDGE ( 'NONE', *, *, #612, .F. ) ;
#208 = CYLINDRICAL_SURFACE ( 'NONE', #624, 12.50000000000000355 ) ;
#209 = FACE_OUTER_BOUND ( 'NONE', #839, .T. ) ;
#210 = CARTESIAN_POINT ( 'NONE',  ( -11.47305856674845970, -7.390097865794829524, 138.7448979722479976 ) ) ;
#211 = ORIENTED_EDGE ( 'NONE', *, *, #865, .F. ) ;
#212 = DIRECTION ( 'NONE',  ( -0.4036298484864445646, 0.9040139324509700591, 0.1408607658127078166 ) ) ;
#213 = DIRECTION ( 'NONE',  ( -0.4036298484864445646, 0.9040139324509700591, 0.1408607658127078166 ) ) ;
#214 = AXIS2_PLACEMENT_3D ( 'NONE', #128, #1786, #96 ) ;
#215 = ORIENTED_EDGE ( 'NONE', *, *, #789, .T. ) ;
#216 = DIRECTION ( 'NONE',  ( -0.4036298484864445646, 0.9040139324509700591, 0.1408607658127078166 ) ) ;
#217 = ORIENTED_EDGE ( 'NONE', *, *, #3435, .F. ) ;
#218 = CARTESIAN_POINT ( 'NONE',  ( -7.687984010348859698, 0.7867438938163169304, 132.6096920514330009 ) ) ;
#219 = EDGE_CURVE ( 'NONE', #1734, #288, #1049, .T. ) ;
#220 = ORIENTED_EDGE ( 'NONE', *, *, #2222, .T. ) ;
#221 = CARTESIAN_POINT ( 'NONE',  ( -9.664278346840870171, 1.518519663442490009, 122.2503356589193970 ) ) ;
#222 = PLANE ( 'NONE',  #2571 ) ;
#223 = LINE ( 'NONE', #3561, #2899 ) ;
#224 = DIRECTION ( 'NONE',  ( 0.7292504199660267972, 0.2249069998420404615, 0.6462280297243582217 ) ) ;
#225 = EDGE_CURVE ( 'NONE', #654, #834, #3553, .T. ) ;
#226 = DIRECTION ( 'NONE',  ( -0.008861879339743583550, -0.1578149520867547229, 0.9874289381988068381 ) ) ;
#227 = CARTESIAN_POINT ( 'NONE',  ( -7.714569648368099664, 0.3132990375560525398, 135.5719788660293830 ) ) ;
#228 = CYLINDRICAL_SURFACE ( 'NONE', #193, 4.500000000000003553 ) ;
#229 = ORIENTED_EDGE ( 'NONE', *, *, #2761, .T. ) ;
#230 = DIRECTION ( 'NONE',  ( -0.4036298484864446201, 0.9040139324509702812, 0.1408607658127080386 ) ) ;
#231 = CIRCLE ( 'NONE', #2266, 9.686500000000002331 ) ;
#232 = DIRECTION ( 'NONE',  ( 0.4036298484864156433, -0.9040139324509842700, -0.1408607658127000450 ) ) ;
#233 = ORIENTED_EDGE ( 'NONE', *, *, #845, .F. ) ;
#234 = CYLINDRICAL_SURFACE ( 'NONE', #1979, 4.500000000000003553 ) ;
#235 = ORIENTED_EDGE ( 'NONE', *, *, #2355, .F. ) ;
#236 = AXIS2_PLACEMENT_3D ( 'NONE', #2789, #3295, #3562 ) ;
#237 = DIRECTION ( 'NONE',  ( 0.4036298484864446201, -0.9040139324509702812, -0.1408607658127080386 ) ) ;
#238 = CYLINDRICAL_SURFACE ( 'NONE', #3269, 3.000000000000005773 ) ;
#239 = CARTESIAN_POINT ( 'NONE',  ( -6.668351800833309362, -0.2502185174366900466, 142.1864003254155762 ) ) ;
#240 = CARTESIAN_POINT ( 'NONE',  ( -4.525625227472350076, 3.558377669843855173, 123.8835350857386004 ) ) ;
#241 = DIRECTION ( 'NONE',  ( 0.7292504199660206909, 0.2249069998420367977, 0.6462280297243663263 ) ) ;
#242 = CARTESIAN_POINT ( 'NONE',  ( -47.99237787217269613, -12.74613863446866091, 68.54542274317239503 ) ) ;
#243 = ADVANCED_FACE ( 'NONE', ( #3514 ), #1868, .T. ) ;
#244 = ADVANCED_FACE ( 'NONE', ( #23 ), #286, .F. ) ;
#245 = CARTESIAN_POINT ( 'NONE',  ( -0.7199801015734189624, 4.952911236367389947, 125.8386159811392133 ) ) ;
#246 = CIRCLE ( 'NONE', #80, 3.000000000000005773 ) ;
#247 = CARTESIAN_POINT ( 'NONE',  ( -5.669834767917159901, -3.733325768440125092, 131.9053882223694245 ) ) ;
#248 = AXIS2_PLACEMENT_3D ( 'NONE', #1688, #869, #79 ) ;
#249 = ORIENTED_EDGE ( 'NONE', *, *, #966, .F. ) ;
#250 = AXIS2_PLACEMENT_3D ( 'NONE', #1446, #1191, #3147 ) ;
#251 = EDGE_CURVE ( 'NONE', #1834, #1892, #2506, .T. ) ;
#252 = DIRECTION ( 'NONE',  ( 0.7292504199660262421, 0.2249069998420400451, 0.6462280297243589988 ) ) ;
#253 = VECTOR ( 'NONE', #1898, 1000.000000000000227 ) ;
#254 = ORIENTED_EDGE ( 'NONE', *, *, #453, .F. ) ;
#255 = DIRECTION ( 'NONE',  ( -0.4036298484864446201, 0.9040139324509702812, 0.1408607658127078444 ) ) ;
#256 = CIRCLE ( 'NONE', #3101, 4.500000000000003553 ) ;
#257 = CIRCLE ( 'NONE', #477, 4.500000000000000888 ) ;
#258 = ORIENTED_EDGE ( 'NONE', *, *, #1934, .F. ) ;
#259 = ORIENTED_EDGE ( 'NONE', *, *, #2780, .T. ) ;
#260 = DIRECTION ( 'NONE',  ( -0.4036298484864446201, 0.9040139324509702812, 0.1408607658127076501 ) ) ;
#261 = ORIENTED_EDGE ( 'NONE', *, *, #1591, .T. ) ;
#262 = VERTEX_POINT ( 'NONE', #3285 ) ;
#263 = CARTESIAN_POINT ( 'NONE',  ( -5.669834767917159901, -3.733325768440129977, 131.9053882223694245 ) ) ;
#264 = CYLINDRICAL_SURFACE ( 'NONE', #2669, 4.500000000000003553 ) ;
#265 = DIRECTION ( 'NONE',  ( -0.4036298484864446201, 0.9040139324509702812, 0.1408607658127080386 ) ) ;
#266 = LINE ( 'NONE', #1362, #1406 ) ;
#267 = CARTESIAN_POINT ( 'NONE',  ( -14.12787726254751952, -0.9958782892683152310, 125.5969668106529866 ) ) ;
#268 = EDGE_CURVE ( 'NONE', #588, #2699, #998, .T. ) ;
#269 = CARTESIAN_POINT ( 'NONE',  ( -11.72428249521382071, 9.826883218324418579, 134.0182997095600115 ) ) ;
#270 = VERTEX_POINT ( 'NONE', #2178 ) ;
#271 = CARTESIAN_POINT ( 'NONE',  ( -14.16257688850675933, -7.861557080800159802, 134.0639339723623777 ) ) ;
#272 = CARTESIAN_POINT ( 'NONE',  ( -7.547917384086610504, 2.338939410171124944, 123.0493911843466037 ) ) ;
#273 = EDGE_CURVE ( 'NONE', #38, #3265, #3210, .T. ) ;
#274 = ORIENTED_EDGE ( 'NONE', *, *, #2873, .F. ) ;
#275 = CYLINDRICAL_SURFACE ( 'NONE', #824, 9.686499999999998778 ) ;
#276 = ORIENTED_EDGE ( 'NONE', *, *, #1270, .T. ) ;
#277 = EDGE_LOOP ( 'NONE', ( #2126, #375, #2279, #233 ) ) ;
#278 = DIRECTION ( 'NONE',  ( -0.4036298484864446201, 0.9040139324509702812, 0.1408607658127076501 ) ) ;
#279 = MECHANICAL_DESIGN_GEOMETRIC_PRESENTATION_REPRESENTATION (  '', ( #3172 ), #55 ) ;
#280 = CARTESIAN_POINT ( 'NONE',  ( -3.857372763653930114, -2.108376648281435006, 144.4183623628364046 ) ) ;
#281 = CARTESIAN_POINT ( 'NONE',  ( -1.097798904593684011, -0.3060952438398135134, 123.0111159674682000 ) ) ;
#282 = FACE_OUTER_BOUND ( 'NONE', #27, .T. ) ;
#283 = FACE_OUTER_BOUND ( 'NONE', #2763, .T. ) ;
#284 = EDGE_LOOP ( 'NONE', ( #1021, #1963, #607, #2684 ) ) ;
#285 = APPLICATION_CONTEXT ( 'automotive_design' ) ;
#286 = CYLINDRICAL_SURFACE ( 'NONE', #2753, 3.000000000000005773 ) ;
#287 = ORIENTED_EDGE ( 'NONE', *, *, #2334, .F. ) ;
#288 = VERTEX_POINT ( 'NONE', #1946 ) ;
#289 = EDGE_CURVE ( 'NONE', #2460, #1471, #1327, .T. ) ;
#290 = EDGE_CURVE ( 'NONE', #2269, #178, #3151, .T. ) ;
#291 = CIRCLE ( 'NONE', #2847, 4.500000000000000888 ) ;
#292 = ORIENTED_EDGE ( 'NONE', *, *, #1960, .T. ) ;
#293 = DIRECTION ( 'NONE',  ( 0.4174915651033619945, 0.3189817150124961143, -0.8508533707726801953 ) ) ;
#294 = CARTESIAN_POINT ( 'NONE',  ( 3.445795481658164849, -0.9219882704146220576, 139.9832385939238009 ) ) ;
#295 = DIRECTION ( 'NONE',  ( 0.4174915651033630493, 0.3189817150124975575, -0.8508533707726790851 ) ) ;
#296 = VECTOR ( 'NONE', #663, 1000.000000000000227 ) ;
#297 = CARTESIAN_POINT ( 'NONE',  ( -5.669834767917159901, -3.733325768440129977, 131.9053882223694245 ) ) ;
#298 = CARTESIAN_POINT ( 'NONE',  ( -7.376456704141169496, -6.380189989635010051, 144.0021461087352179 ) ) ;
#299 = CIRCLE ( 'NONE', #2681, 9.686499999999988120 ) ;
#300 = ORIENTED_EDGE ( 'NONE', *, *, #1455, .F. ) ;
#301 = DIRECTION ( 'NONE',  ( 0.4036298484864445646, -0.9040139324509700591, -0.1408607658127078166 ) ) ;
#302 = AXIS2_PLACEMENT_3D ( 'NONE', #1991, #2881, #2011 ) ;
#303 = ORIENTED_EDGE ( 'NONE', *, *, #181, .T. ) ;
#304 = LINE ( 'NONE', #1165, #816 ) ;
#305 = CARTESIAN_POINT ( 'NONE',  ( -18.11266485274065374, -4.548843459172929649, 136.9809089223875844 ) ) ;
#306 = ORIENTED_EDGE ( 'NONE', *, *, #2620, .T. ) ;
#307 = AXIS2_PLACEMENT_3D ( 'NONE', #1194, #3183, #2902 ) ;
#308 = VECTOR ( 'NONE', #1794, 1000.000000000000227 ) ;
#309 = AXIS2_PLACEMENT_3D ( 'NONE', #1603, #2525, #803 ) ;
#310 = EDGE_CURVE ( 'NONE', #2650, #2373, #990, .T. ) ;
#311 = CARTESIAN_POINT ( 'NONE',  ( -5.669834767917159901, -3.733325768440129977, 131.9053882223694245 ) ) ;
#312 = EDGE_CURVE ( 'NONE', #1734, #1967, #1645, .T. ) ;
#313 = CARTESIAN_POINT ( 'NONE',  ( 2.183827985253434800, 0.7059862554493669951, 125.9191421012279761 ) ) ;
#314 = DIRECTION ( 'NONE',  ( 0.7292504199660267972, 0.2249069998420404337, 0.6462280297243582217 ) ) ;
#315 = DIRECTION ( 'NONE',  ( 0.7292504199660220232, 0.2249069998420374916, 0.6462280297243645499 ) ) ;
#316 = ORIENTED_EDGE ( 'NONE', *, *, #2871, .F. ) ;
#317 = CARTESIAN_POINT ( 'NONE',  ( -7.687984010349380171, 0.7867438938147219840, 132.6096920514330009 ) ) ;
#318 = DIRECTION ( 'NONE',  ( 0.2034861408257963300, -0.06140290946268930905, 0.9771504864663071999 ) ) ;
#319 = ORIENTED_EDGE ( 'NONE', *, *, #384, .F. ) ;
#320 = PLANE ( 'NONE',  #1930 ) ;
#321 = CARTESIAN_POINT ( 'NONE',  ( -14.60995214949087995, -6.430171059356379892, 123.5956754306689902 ) ) ;
#322 = DIRECTION ( 'NONE',  ( 0.7292504199660267972, 0.2249069998420404892, 0.6462280297243582217 ) ) ;
#323 = CARTESIAN_POINT ( 'NONE',  ( -7.687984010349380171, 0.7867438938147219840, 132.6096920514330009 ) ) ;
#324 = PRODUCT_DEFINITION ( 'Î´Öª', '', #2950, #1729 ) ;
#325 = DIRECTION ( 'NONE',  ( 0.1138699078527285469, 0.2023984311790434643, -0.9726605364369798057 ) ) ;
#326 = CARTESIAN_POINT ( 'NONE',  ( -41.25220851743999617, -6.473930621794510287, 83.03043631642269418 ) ) ;
#327 = ADVANCED_FACE ( 'NONE', ( #770 ), #566, .T. ) ;
#328 = EDGE_CURVE ( 'NONE', #2903, #2259, #1708, .T. ) ;
#329 = DIRECTION ( 'NONE',  ( -0.4036298484864445646, 0.9040139324509700591, 0.1408607658127078166 ) ) ;
#330 = ORIENTED_EDGE ( 'NONE', *, *, #1550, .T. ) ;
#331 = DIRECTION ( 'NONE',  ( 0.8280727311432181104, 0.2954877224108120592, 0.4764268651550650491 ) ) ;
#332 = CARTESIAN_POINT ( 'NONE',  ( 1.158872660386163878, 4.554841940128929956, 133.7771021810895888 ) ) ;
#333 = VERTEX_POINT ( 'NONE', #1404 ) ;
#334 = ORIENTED_EDGE ( 'NONE', *, *, #523, .F. ) ;
#335 = AXIS2_PLACEMENT_3D ( 'NONE', #744, #2441, #1302 ) ;
#336 = AXIS2_PLACEMENT_3D ( 'NONE', #2007, #3110, #609 ) ;
#337 = CIRCLE ( 'NONE', #1793, 12.50000000000000355 ) ;
#338 = CARTESIAN_POINT ( 'NONE',  ( -2.770715135275075180, -3.878865337885134768, 141.1467196112632223 ) ) ;
#339 = CYLINDRICAL_SURFACE ( 'NONE', #2440, 4.500000000000003553 ) ;
#340 = EDGE_CURVE ( 'NONE', #3576, #1348, #2216, .T. ) ;
#341 = EDGE_CURVE ( 'NONE', #2626, #3533, #2870, .T. ) ;
#342 = DIRECTION ( 'NONE',  ( -0.4036298484864441760, 0.9040139324509705032, 0.1408607658127080664 ) ) ;
#343 = VERTEX_POINT ( 'NONE', #1921 ) ;
#344 = CARTESIAN_POINT ( 'NONE',  ( -4.643851212012649832, -1.667692523782309921, 121.5885080258103983 ) ) ;
#345 = EDGE_CURVE ( 'NONE', #343, #1834, #3551, .T. ) ;
#346 = DIRECTION ( 'NONE',  ( -0.4036298484864156433, 0.9040139324509842700, 0.1408607658127000450 ) ) ;
#347 = EDGE_LOOP ( 'NONE', ( #1195, #235, #753, #986 ) ) ;
#348 = SURFACE_STYLE_USAGE ( .BOTH. , #937 ) ;
#349 = CIRCLE ( 'NONE', #2388, 4.499999999999997335 ) ;
#350 = VERTEX_POINT ( 'NONE', #1900 ) ;
#351 = AXIS2_PLACEMENT_3D ( 'NONE', #1331, #2453, #788 ) ;
#352 = DIRECTION ( 'NONE',  ( 0.9137903228885071449, 0.4059804243577965210, 0.01292829584984309631 ) ) ;
#353 = CIRCLE ( 'NONE', #2051, 12.50000000000000355 ) ;
#354 = AXIS2_PLACEMENT_3D ( 'NONE', #2618, #3464, #2897 ) ;
#355 = ORIENTED_EDGE ( 'NONE', *, *, #3307, .F. ) ;
#356 = VECTOR ( 'NONE', #2519, 1000.000000000000227 ) ;
#357 = CARTESIAN_POINT ( 'NONE',  ( -7.687984010349380171, 0.7867438938147219840, 132.6096920514330009 ) ) ;
#358 = DIRECTION ( 'NONE',  ( -0.4036298484864446201, 0.9040139324509702812, 0.1408607658127078444 ) ) ;
#359 = EDGE_LOOP ( 'NONE', ( #2029, #1959, #10, #2543 ) ) ;
#360 = LINE ( 'NONE', #2589, #3359 ) ;
#361 = DIRECTION ( 'NONE',  ( 0.8431203278187546779, 0.4273054310210829820, -0.3264325067126161994 ) ) ;
#362 = ADVANCED_FACE ( 'NONE', ( #3015 ), #509, .T. ) ;
#363 = DIRECTION ( 'NONE',  ( -0.4036298484864446201, 0.9040139324509702812, 0.1408607658127080386 ) ) ;
#364 = ORIENTED_EDGE ( 'NONE', *, *, #3394, .F. ) ;
#365 = DIRECTION ( 'NONE',  ( -0.4036298484864156988, 0.9040139324509844920, 0.1408607658127000728 ) ) ;
#366 = VERTEX_POINT ( 'NONE', #2196 ) ;
#367 = DIRECTION ( 'NONE',  ( -0.6707575780832552015, -0.3970910963467120247, 0.6264207313348210127 ) ) ;
#368 = EDGE_CURVE ( 'NONE', #2705, #3138, #3301, .T. ) ;
#369 = EDGE_LOOP ( 'NONE', ( #276, #30, #2954, #1269 ) ) ;
#370 = DIRECTION ( 'NONE',  ( -0.8742437189090491723, -0.3356881868840211891, -0.3507297551314886297 ) ) ;
#371 = ADVANCED_BREP_SHAPE_REPRESENTATION ( '222lianjie', ( #1945, #3046, #3460 ), #1547 ) ;
#372 = CARTESIAN_POINT ( 'NONE',  ( -10.24187063124070107, -7.160556293040460041, 140.7996604772704075 ) ) ;
#373 = DIRECTION ( 'NONE',  ( 0.4036298484864156433, -0.9040139324509842700, -0.1408607658127000450 ) ) ;
#374 = FACE_OUTER_BOUND ( 'NONE', #1353, .T. ) ;
#375 = ORIENTED_EDGE ( 'NONE', *, *, #1126, .T. ) ;
#376 = CARTESIAN_POINT ( 'NONE',  ( -8.832193550794141146, -6.504959544469239852, 140.6315451880636260 ) ) ;
#377 = FACE_OUTER_BOUND ( 'NONE', #2053, .T. ) ;
#378 = ORIENTED_EDGE ( 'NONE', *, *, #1934, .T. ) ;
#379 = DIRECTION ( 'NONE',  ( 0.9137903228885073670, 0.4059804243577966321, 0.01292829584984190976 ) ) ;
#380 = ORIENTED_EDGE ( 'NONE', *, *, #2134, .F. ) ;
#381 = VERTEX_POINT ( 'NONE', #272 ) ;
#382 = DIRECTION ( 'NONE',  ( -0.4036298484864446201, 0.9040139324509702812, 0.1408607658127076501 ) ) ;
#383 = ADVANCED_FACE ( 'NONE', ( #1367 ), #2489, .T. ) ;
#384 = EDGE_CURVE ( 'NONE', #3060, #2582, #1520, .T. ) ;
#385 = FACE_OUTER_BOUND ( 'NONE', #2047, .T. ) ;
#386 = AXIS2_PLACEMENT_3D ( 'NONE', #559, #779, #842 ) ;
#387 = DIRECTION ( 'NONE',  ( -0.7292504199660252429, -0.2249069998420397676, -0.6462280297243599980 ) ) ;
#388 = VECTOR ( 'NONE', #3044, 1000.000000000000227 ) ;
#389 = ORIENTED_EDGE ( 'NONE', *, *, #890, .T. ) ;
#390 = FACE_OUTER_BOUND ( 'NONE', #2006, .T. ) ;
#391 = CARTESIAN_POINT ( 'NONE',  ( -8.568954400559180229, -3.587786198995089659, 122.6640568334754136 ) ) ;
#392 = AXIS2_PLACEMENT_3D ( 'NONE', #221, #1311, #370 ) ;
#393 = VECTOR ( 'NONE', #40, 1000.000000000000227 ) ;
#394 = ORIENTED_EDGE ( 'NONE', *, *, #1414, .T. ) ;
#395 = DIRECTION ( 'NONE',  ( -0.4036298484864445646, 0.9040139324509700591, 0.1408607658127078166 ) ) ;
#396 = AXIS2_PLACEMENT_3D ( 'NONE', #723, #2975, #3522 ) ;
#397 = VECTOR ( 'NONE', #700, 1000.000000000000227 ) ;
#398 = DIRECTION ( 'NONE',  ( -0.4036298484864446201, 0.9040139324509702812, 0.1408607658127080386 ) ) ;
#399 = ORIENTED_EDGE ( 'NONE', *, *, #1608, .T. ) ;
#400 = ORIENTED_EDGE ( 'NONE', *, *, #3006, .T. ) ;
#401 = CARTESIAN_POINT ( 'NONE',  ( -11.47305856674845970, -7.390097865794829524, 138.7448979722479976 ) ) ;
#402 = LINE ( 'NONE', #1510, #157 ) ;
#403 = ORIENTED_EDGE ( 'NONE', *, *, #368, .T. ) ;
#404 = VERTEX_POINT ( 'NONE', #1978 ) ;
#405 = CARTESIAN_POINT ( 'NONE',  ( -5.362690476729600420, 0.2204950930106185092, 142.9067728137978008 ) ) ;
#406 = EDGE_CURVE ( 'NONE', #619, #2103, #86, .T. ) ;
#407 = LINE ( 'NONE', #1521, #2866 ) ;
#408 = CIRCLE ( 'NONE', #3207, 3.000000000000005773 ) ;
#409 = CIRCLE ( 'NONE', #1339, 9.686500000000000554 ) ;
#410 = AXIS2_PLACEMENT_3D ( 'NONE', #2685, #1532, #2646 ) ;
#411 = LINE ( 'NONE', #1524, #1444 ) ;
#412 = AXIS2_PLACEMENT_3D ( 'NONE', #1271, #678, #2414 ) ;
#413 = VECTOR ( 'NONE', #956, 1000.000000000000227 ) ;
#414 = EDGE_CURVE ( 'NONE', #982, #3251, #1451, .T. ) ;
#415 = EDGE_CURVE ( 'NONE', #3192, #1951, #3497, .T. ) ;
#416 = VECTOR ( 'NONE', #1131, 1000.000000000000227 ) ;
#417 = VERTEX_POINT ( 'NONE', #2572 ) ;
#418 = CARTESIAN_POINT ( 'NONE',  ( -49.22818277948520205, -8.687852228767690477, 74.38413017265050087 ) ) ;
#419 = AXIS2_PLACEMENT_3D ( 'NONE', #3564, #2191, #3296 ) ;
#420 = FACE_OUTER_BOUND ( 'NONE', #2592, .T. ) ;
#421 = ORIENTED_EDGE ( 'NONE', *, *, #268, .T. ) ;
#422 = DIRECTION ( 'NONE',  ( -0.4962987577851454279, -0.08699870934530053168, -0.8637816666225172080 ) ) ;
#423 = ORIENTED_EDGE ( 'NONE', *, *, #2107, .F. ) ;
#424 = ORIENTED_EDGE ( 'NONE', *, *, #1182, .F. ) ;
#425 = ORIENTED_EDGE ( 'NONE', *, *, #860, .T. ) ;
#426 = SURFACE_STYLE_USAGE ( .BOTH. , #991 ) ;
#427 = CYLINDRICAL_SURFACE ( 'NONE', #1405, 3.000000000000005773 ) ;
#428 = EDGE_CURVE ( 'NONE', #476, #3, #2814, .T. ) ;
#429 = ORIENTED_EDGE ( 'NONE', *, *, #3029, .T. ) ;
#430 = DIRECTION ( 'NONE',  ( 0.7517859493008343108, 0.2399598887612551246, 0.6141963352377882712 ) ) ;
#431 = CARTESIAN_POINT ( 'NONE',  ( -5.669834767917159901, -3.733325768440129977, 131.9053882223694245 ) ) ;
#432 = VERTEX_POINT ( 'NONE', #2834 ) ;
#433 = DIRECTION ( 'NONE',  ( -0.4036298484864446201, 0.9040139324509702812, 0.1408607658127080386 ) ) ;
#434 = EDGE_CURVE ( 'NONE', #3425, #867, #3105, .T. ) ;
#435 = ADVANCED_FACE ( 'NONE', ( #618 ), #2254, .F. ) ;
#436 = CARTESIAN_POINT ( 'NONE',  ( -14.65598791912529819, -3.379423448737934876, 139.3807681217263905 ) ) ;
#437 = DIRECTION ( 'NONE',  ( -0.008861879339743583550, -0.1578149520867549449, 0.9874289381988068381 ) ) ;
#438 = EDGE_LOOP ( 'NONE', ( #1170, #2748 ) ) ;
#439 = ORIENTED_EDGE ( 'NONE', *, *, #811, .F. ) ;
#440 = DIRECTION ( 'NONE',  ( 0.7292504199660267972, 0.2249069998420404615, 0.6462280297243582217 ) ) ;
#441 = VERTEX_POINT ( 'NONE', #582 ) ;
#442 = EDGE_LOOP ( 'NONE', ( #1304, #1150, #217, #300 ) ) ;
#443 = DIRECTION ( 'NONE',  ( -0.7292504199660249098, -0.2249069998420399619, -0.6462280297243604421 ) ) ;
#444 = CARTESIAN_POINT ( 'NONE',  ( -20.12478552842584989, 0.9327712436769329818, 96.03545477914470041 ) ) ;
#445 = ORIENTED_EDGE ( 'NONE', *, *, #99, .T. ) ;
#446 = DIRECTION ( 'NONE',  ( -0.4036298484864446201, 0.9040139324509702812, 0.1408607658127076501 ) ) ;
#447 = DIRECTION ( 'NONE',  ( -0.4036298484864445646, 0.9040139324509700591, 0.1408607658127078166 ) ) ;
#448 = AXIS2_PLACEMENT_3D ( 'NONE', #2640, #1214, #948 ) ;
#449 = EDGE_LOOP ( 'NONE', ( #848, #743, #162, #3155 ) ) ;
#450 = CARTESIAN_POINT ( 'NONE',  ( -7.687984010349380171, 0.7867438938147219840, 132.6096920514330009 ) ) ;
#451 = VECTOR ( 'NONE', #1069, 1000.000000000000227 ) ;
#452 = VECTOR ( 'NONE', #1411, 1000.000000000000227 ) ;
#453 = EDGE_CURVE ( 'NONE', #3251, #3142, #1462, .T. ) ;
#454 = CARTESIAN_POINT ( 'NONE',  ( -3.616985899525660297, -1.387716639163126153, 122.7341172315962012 ) ) ;
#455 = ORIENTED_EDGE ( 'NONE', *, *, #289, .F. ) ;
#456 = ORIENTED_EDGE ( 'NONE', *, *, #550, .F. ) ;
#457 = CIRCLE ( 'NONE', #2797, 4.500000000000000000 ) ;
#458 = EDGE_CURVE ( 'NONE', #619, #350, #2554, .T. ) ;
#459 = ORIENTED_EDGE ( 'NONE', *, *, #1640, .F. ) ;
#460 = DIRECTION ( 'NONE',  ( -0.4036298484864446201, 0.9040139324509702812, 0.1408607658127080386 ) ) ;
#461 = VERTEX_POINT ( 'NONE', #2033 ) ;
#462 = FACE_OUTER_BOUND ( 'NONE', #12, .T. ) ;
#463 = DIRECTION ( 'NONE',  ( -0.4036298484864445646, 0.9040139324509700591, 0.1408607658127078166 ) ) ;
#464 = CARTESIAN_POINT ( 'NONE',  ( -18.59838325274040116, 1.627473929409269937, 95.95083655717100157 ) ) ;
#465 = DIRECTION ( 'NONE',  ( -0.4036298484864446201, 0.9040139324509702812, 0.1408607658127080386 ) ) ;
#466 = CIRCLE ( 'NONE', #1218, 12.50000000000000355 ) ;
#467 = ORIENTED_EDGE ( 'NONE', *, *, #703, .T. ) ;
#468 = DIRECTION ( 'NONE',  ( -0.7292504199660249098, -0.2249069998420399064, -0.6462280297243604421 ) ) ;
#469 = AXIS2_PLACEMENT_3D ( 'NONE', #2426, #1864, #767 ) ;
#470 = CARTESIAN_POINT ( 'NONE',  ( -6.548748015268979650, 3.198258936431859656, 120.3975367729103993 ) ) ;
#471 = AXIS2_PLACEMENT_3D ( 'NONE', #1418, #861, #315 ) ;
#472 = CIRCLE ( 'NONE', #1875, 3.000000000000005773 ) ;
#473 = FACE_OUTER_BOUND ( 'NONE', #1179, .T. ) ;
#474 = ORIENTED_EDGE ( 'NONE', *, *, #3194, .T. ) ;
#475 = DIRECTION ( 'NONE',  ( -0.008861879339744575812, -0.1578149520867542233, 0.9874289381988069492 ) ) ;
#476 = VERTEX_POINT ( 'NONE', #638 ) ;
#477 = AXIS2_PLACEMENT_3D ( 'NONE', #2760, #2483, #544 ) ;
#478 = ADVANCED_FACE ( 'NONE', ( #882 ), #3369, .F. ) ;
#479 = CARTESIAN_POINT ( 'NONE',  ( -1.097798904593684011, -0.3060952438398135134, 123.0111159674682000 ) ) ;
#480 = VERTEX_POINT ( 'NONE', #2320 ) ;
#481 = CARTESIAN_POINT ( 'NONE',  ( -11.72428249521382071, 9.826883218324418579, 134.0182997095600115 ) ) ;
#482 = EDGE_LOOP ( 'NONE', ( #872, #2996, #2599, #934 ) ) ;
#483 = EDGE_CURVE ( 'NONE', #2639, #159, #3273, .T. ) ;
#484 = DIRECTION ( 'NONE',  ( -0.7292504199660254649, -0.2249069998420397676, -0.6462280297243599980 ) ) ;
#485 = CARTESIAN_POINT ( 'NONE',  ( -5.669834767917159901, -3.733325768440129977, 131.9053882223694245 ) ) ;
#486 = FACE_OUTER_BOUND ( 'NONE', #1926, .T. ) ;
#487 = CARTESIAN_POINT ( 'NONE',  ( -5.669834767917159901, -3.733325768440129977, 131.9053882223694245 ) ) ;
#488 = DIRECTION ( 'NONE',  ( -0.4036298484864446201, 0.9040139324509702812, 0.1408607658127080386 ) ) ;
#489 = DIRECTION ( 'NONE',  ( 0.000000000000000000, -0.9420872585803636845, -0.3353678535884658807 ) ) ;
#490 = ORIENTED_EDGE ( 'NONE', *, *, #1369, .F. ) ;
#491 = DIRECTION ( 'NONE',  ( -0.4036298484864446201, 0.9040139324509702812, 0.1408607658127080386 ) ) ;
#492 = PRODUCT_CONTEXT ( 'NONE', #285, 'mechanical' ) ;
#493 = ORIENTED_EDGE ( 'NONE', *, *, #2736, .F. ) ;
#494 = ORIENTED_EDGE ( 'NONE', *, *, #2352, .F. ) ;
#495 = ORIENTED_EDGE ( 'NONE', *, *, #3115, .F. ) ;
#496 = CARTESIAN_POINT ( 'NONE',  ( -20.12478552842584989, 0.9327712436769329818, 96.03545477914470041 ) ) ;
#497 = EDGE_CURVE ( 'NONE', #3337, #790, #2927, .T. ) ;
#498 = EDGE_CURVE ( 'NONE', #2306, #2699, #1941, .T. ) ;
#499 = CARTESIAN_POINT ( 'NONE',  ( -5.038954718364979435, 2.411287235415345176, 129.7743920968129885 ) ) ;
#500 = DIRECTION ( 'NONE',  ( -0.4036298484864156988, 0.9040139324509844920, 0.1408607658126996565 ) ) ;
#501 = DIRECTION ( 'NONE',  ( -0.4036298484864446201, 0.9040139324509702812, 0.1408607658127080386 ) ) ;
#502 = ADVANCED_FACE ( 'NONE', ( #2869 ), #1469, .T. ) ;
#503 = CYLINDRICAL_SURFACE ( 'NONE', #1093, 12.50000000000000355 ) ;
#504 = CARTESIAN_POINT ( 'NONE',  ( -5.038954718364979435, 2.411287235415345176, 129.7743920968129885 ) ) ;
#505 = CARTESIAN_POINT ( 'NONE',  ( -7.050999985890800126, -5.946286795392589752, 142.1500300454111994 ) ) ;
#506 = DIRECTION ( 'NONE',  ( -0.4036298484864156988, 0.9040139324509844920, 0.1408607658127004614 ) ) ;
#507 = ORIENTED_EDGE ( 'NONE', *, *, #1641, .F. ) ;
#508 = CARTESIAN_POINT ( 'NONE',  ( -16.53484068108489780, -2.981354152499475330, 131.4422819217762139 ) ) ;
#509 = CYLINDRICAL_SURFACE ( 'NONE', #3038, 9.686499999999998778 ) ;
#510 = AXIS2_PLACEMENT_3D ( 'NONE', #436, #2994, #1586 ) ;
#511 = ORIENTED_EDGE ( 'NONE', *, *, #1453, .T. ) ;
#512 = FACE_OUTER_BOUND ( 'NONE', #198, .T. ) ;
#513 = VECTOR ( 'NONE', #1171, 1000.000000000000227 ) ;
#514 = EDGE_LOOP ( 'NONE', ( #2537, #1241, #657, #3204 ) ) ;
#515 = VECTOR ( 'NONE', #671, 1000.000000000000114 ) ;
#516 = AXIS2_PLACEMENT_3D ( 'NONE', #3403, #1387, #2018 ) ;
#517 = ORIENTED_EDGE ( 'NONE', *, *, #2009, .F. ) ;
#518 = AXIS2_PLACEMENT_3D ( 'NONE', #281, #2498, #843 ) ;
#519 = DIRECTION ( 'NONE',  ( -0.4036298484864156433, 0.9040139324509842700, 0.1408607658127006279 ) ) ;
#520 = ORIENTED_EDGE ( 'NONE', *, *, #3129, .T. ) ;
#521 = CYLINDRICAL_SURFACE ( 'NONE', #2648, 9.686499999999998778 ) ;
#522 = CYLINDRICAL_SURFACE ( 'NONE', #180, 4.500000000000000000 ) ;
#523 = EDGE_CURVE ( 'NONE', #2014, #2044, #1087, .T. ) ;
#524 = DIRECTION ( 'NONE',  ( 0.9137903228885073670, 0.4059804243577966321, 0.01292829584984190976 ) ) ;
#525 = FACE_BOUND ( 'NONE', #1251, .T. ) ;
#526 = EDGE_CURVE ( 'NONE', #1704, #2509, #266, .T. ) ;
#527 = CARTESIAN_POINT ( 'NONE',  ( -6.695818323821599805, -5.798959013097920945, 142.2222684189281949 ) ) ;
#528 = CIRCLE ( 'NONE', #3376, 12.50000000000000355 ) ;
#529 = ORIENTED_EDGE ( 'NONE', *, *, #523, .T. ) ;
#530 = CARTESIAN_POINT ( 'NONE',  ( -7.995128301536869486, -3.167076967635995111, 121.6083074600044114 ) ) ;
#531 = CARTESIAN_POINT ( 'NONE',  ( -7.687984010349380171, 0.7867438938147219840, 132.6096920514330009 ) ) ;
#532 = VECTOR ( 'NONE', #2742, 1000.000000000000000 ) ;
#533 = AXIS2_PLACEMENT_3D ( 'NONE', #850, #1962, #2998 ) ;
#534 = CIRCLE ( 'NONE', #2810, 4.499999999999994671 ) ;
#535 = ORIENTED_EDGE ( 'NONE', *, *, #1960, .F. ) ;
#536 = AXIS2_PLACEMENT_3D ( 'NONE', #1684, #552, #2798 ) ;
#537 = DIRECTION ( 'NONE',  ( -0.8742437189090491723, -0.3356881868840211336, -0.3507297551314885742 ) ) ;
#538 = EDGE_LOOP ( 'NONE', ( #2010, #1483, #1279, #3163 ) ) ;
#539 = ORIENTED_EDGE ( 'NONE', *, *, #995, .F. ) ;
#540 = DIRECTION ( 'NONE',  ( 0.4036298484864156433, -0.9040139324509842700, -0.1408607658127000450 ) ) ;
#541 = ORIENTED_EDGE ( 'NONE', *, *, #1728, .F. ) ;
#542 = LINE ( 'NONE', #1932, #2317 ) ;
#543 = DIRECTION ( 'NONE',  ( -0.4036298484864446201, 0.9040139324509702812, 0.1408607658127080386 ) ) ;
#544 = DIRECTION ( 'NONE',  ( -0.9137903228885078111, -0.4059804243577954108, -0.01292829584984925978 ) ) ;
#545 = EDGE_CURVE ( 'NONE', #920, #432, #2696, .T. ) ;
#546 = FACE_BOUND ( 'NONE', #2896, .T. ) ;
#547 = DIRECTION ( 'NONE',  ( 0.7292504199660262421, 0.2249069998420400451, 0.6462280297243589988 ) ) ;
#548 = ORIENTED_EDGE ( 'NONE', *, *, #2831, .T. ) ;
#549 = DIRECTION ( 'NONE',  ( 0.000000000000000000, 0.1539592540736584303, -0.9880771974320036177 ) ) ;
#550 = EDGE_CURVE ( 'NONE', #1609, #3002, #39, .T. ) ;
#551 = EDGE_CURVE ( 'NONE', #3420, #3215, #2738, .T. ) ;
#552 = DIRECTION ( 'NONE',  ( -0.4036298484864446201, 0.9040139324509702812, 0.1408607658127076501 ) ) ;
#553 = VERTEX_POINT ( 'NONE', #242 ) ;
#554 = DIRECTION ( 'NONE',  ( -0.4036298484864446201, 0.9040139324509702812, 0.1408607658127080386 ) ) ;
#555 = DIRECTION ( 'NONE',  ( 0.7292504199660254649, 0.2249069998420398231, 0.6462280297243599980 ) ) ;
#556 = ORIENTED_EDGE ( 'NONE', *, *, #2267, .F. ) ;
#557 = ORIENTED_EDGE ( 'NONE', *, *, #2892, .T. ) ;
#558 = DIRECTION ( 'NONE',  ( -0.4036298484864445646, 0.9040139324509700591, 0.1408607658127078166 ) ) ;
#559 = CARTESIAN_POINT ( 'NONE',  ( -5.669834767917159901, -3.733325768440129977, 131.9053882223694245 ) ) ;
#560 = CYLINDRICAL_SURFACE ( 'NONE', #2908, 3.000000000000005773 ) ;
#561 = CARTESIAN_POINT ( 'NONE',  ( -5.669834767917159901, -3.733325768440129977, 131.9053882223694245 ) ) ;
#562 = FACE_BOUND ( 'NONE', #1204, .T. ) ;
#563 = LINE ( 'NONE', #116, #1757 ) ;
#564 = EDGE_LOOP ( 'NONE', ( #3368, #3454, #2162, #2479 ) ) ;
#565 = CIRCLE ( 'NONE', #386, 9.686500000000002331 ) ;
#566 = CYLINDRICAL_SURFACE ( 'NONE', #309, 4.500000000000000888 ) ;
#567 = ADVANCED_FACE ( 'NONE', ( #2466 ), #1699, .T. ) ;
#568 = VERTEX_POINT ( 'NONE', #1127 ) ;
#569 = DIRECTION ( 'NONE',  ( 0.7292504199660267972, 0.2249069998420404337, 0.6462280297243582217 ) ) ;
#570 = EDGE_LOOP ( 'NONE', ( #1197, #3324, #2377, #2979 ) ) ;
#571 = AXIS2_PLACEMENT_3D ( 'NONE', #3228, #1018, #2135 ) ;
#572 = EDGE_CURVE ( 'NONE', #2314, #3271, #1341, .T. ) ;
#573 = ORIENTED_EDGE ( 'NONE', *, *, #1754, .F. ) ;
#574 = CARTESIAN_POINT ( 'NONE',  ( -11.14126172807559989, -7.808296091144529605, 142.3795518590866038 ) ) ;
#575 = AXIS2_PLACEMENT_3D ( 'NONE', #3540, #1029, #2150 ) ;
#576 = LINE ( 'NONE', #3027, #3534 ) ;
#577 = AXIS2_PLACEMENT_3D ( 'NONE', #84, #2563, #3096 ) ;
#578 = VECTOR ( 'NONE', #1436, 1000.000000000000227 ) ;
#579 = FACE_OUTER_BOUND ( 'NONE', #854, .T. ) ;
#580 = LINE ( 'NONE', #2264, #591 ) ;
#581 = DIRECTION ( 'NONE',  ( -0.4036298484864156433, 0.9040139324509842700, 0.1408607658127001838 ) ) ;
#582 = CARTESIAN_POINT ( 'NONE',  ( -49.21488996047550302, -8.451129800637550815, 72.90298676535230982 ) ) ;
#583 = AXIS2_PLACEMENT_3D ( 'NONE', #2829, #382, #2127 ) ;
#584 = ORIENTED_EDGE ( 'NONE', *, *, #2659, .F. ) ;
#585 = CARTESIAN_POINT ( 'NONE',  ( -14.23414705752252019, -7.121395333482010592, 129.1796471069045822 ) ) ;
#586 = CARTESIAN_POINT ( 'NONE',  ( -1.097798904593684011, -0.3060952438398135134, 123.0111159674682000 ) ) ;
#587 = ADVANCED_FACE ( 'NONE', ( #2500 ), #1896, .T. ) ;
#588 = VERTEX_POINT ( 'NONE', #2812 ) ;
#589 = AXIS2_PLACEMENT_3D ( 'NONE', #2121, #1845, #2249 ) ;
#590 = AXIS2_PLACEMENT_3D ( 'NONE', #1534, #2928, #440 ) ;
#591 = VECTOR ( 'NONE', #1717, 1000.000000000000227 ) ;
#592 = CIRCLE ( 'NONE', #2628, 4.500000000000000000 ) ;
#593 = VERTEX_POINT ( 'NONE', #3051 ) ;
#594 = CARTESIAN_POINT ( 'NONE',  ( 1.541616739576460171, 0.4947996720056980213, 125.4342660350283865 ) ) ;
#595 = VECTOR ( 'NONE', #3317, 1000.000000000000227 ) ;
#596 = ADVANCED_FACE ( 'NONE', ( #3084 ), #1637, .T. ) ;
#597 = VERTEX_POINT ( 'NONE', #3032 ) ;
#598 = DIRECTION ( 'NONE',  ( 0.008861879339744256623, 0.1578149520867550004, -0.9874289381988068381 ) ) ;
#599 = CARTESIAN_POINT ( 'NONE',  ( 3.152340012962824733, 4.898811525899880337, 137.2817659869305942 ) ) ;
#600 = CARTESIAN_POINT ( 'NONE',  ( -11.72428249521382071, 9.826883218324418579, 134.0182997095600115 ) ) ;
#601 = DIRECTION ( 'NONE',  ( 0.7292504199660254649, 0.2249069998420398231, 0.6462280297243599980 ) ) ;
#602 = DIRECTION ( 'NONE',  ( 0.7292504199660267972, 0.2249069998420404337, 0.6462280297243582217 ) ) ;
#603 = CARTESIAN_POINT ( 'NONE',  ( 1.934232984005019862, -1.184671549265571944, 137.3377723716411936 ) ) ;
#604 = ORIENTED_EDGE ( 'NONE', *, *, #2694, .F. ) ;
#605 = DIRECTION ( 'NONE',  ( 0.008861879339743418751, 0.1578149520867543620, -0.9874289381988069492 ) ) ;
#606 = DIRECTION ( 'NONE',  ( -0.4036298484864446201, 0.9040139324509702812, 0.1408607658127080386 ) ) ;
#607 = ORIENTED_EDGE ( 'NONE', *, *, #2334, .T. ) ;
#608 = ORIENTED_EDGE ( 'NONE', *, *, #2765, .F. ) ;
#609 = DIRECTION ( 'NONE',  ( 0.3294965597160086079, 0.000000000000000000, 0.9441567757185851395 ) ) ;
#610 = DIRECTION ( 'NONE',  ( -0.7292504199660271302, -0.2249069998420405725, -0.6462280297243577776 ) ) ;
#611 = ADVANCED_FACE ( 'NONE', ( #579 ), #3348, .T. ) ;
#612 = EDGE_CURVE ( 'NONE', #1647, #3422, #1286, .T. ) ;
#613 = CARTESIAN_POINT ( 'NONE',  ( -10.58710364299139961, 0.9322834632597599702, 123.3683606625390041 ) ) ;
#614 = DIRECTION ( 'NONE',  ( -0.4036298484864446201, 0.9040139324509702812, 0.1408607658127080386 ) ) ;
#615 = ADVANCED_FACE ( 'NONE', ( #823 ), #1397, .T. ) ;
#616 = ORIENTED_EDGE ( 'NONE', *, *, #572, .T. ) ;
#617 = DIRECTION ( 'NONE',  ( -0.4036298484864446201, 0.9040139324509702812, 0.1408607658127078444 ) ) ;
#618 = FACE_OUTER_BOUND ( 'NONE', #3407, .T. ) ;
#619 = VERTEX_POINT ( 'NONE', #2231 ) ;
#620 = DIRECTION ( 'NONE',  ( 0.4036298484864156433, -0.9040139324509842700, -0.1408607658127006279 ) ) ;
#621 = CARTESIAN_POINT ( 'NONE',  ( -1.993070472967629847, 3.693294984631075195, 130.2745805578742022 ) ) ;
#622 = ORIENTED_EDGE ( 'NONE', *, *, #1016, .F. ) ;
#623 = CIRCLE ( 'NONE', #1853, 12.50000000000000355 ) ;
#624 = AXIS2_PLACEMENT_3D ( 'NONE', #996, #1858, #722 ) ;
#625 = ORIENTED_EDGE ( 'NONE', *, *, #310, .T. ) ;
#626 = DIRECTION ( 'NONE',  ( -0.008861879339743418751, -0.1578149520867543620, 0.9874289381988069492 ) ) ;
#627 = CIRCLE ( 'NONE', #2663, 4.500000000000005329 ) ;
#628 = DIRECTION ( 'NONE',  ( 0.7292504199660267972, 0.2249069998420404337, 0.6462280297243582217 ) ) ;
#629 = ORIENTED_EDGE ( 'NONE', *, *, #2713, .F. ) ;
#630 = AXIS2_PLACEMENT_3D ( 'NONE', #3346, #18, #2227 ) ;
#631 = AXIS2_PLACEMENT_3D ( 'NONE', #2195, #731, #3300 ) ;
#632 = EDGE_CURVE ( 'NONE', #3271, #646, #257, .T. ) ;
#633 = FACE_OUTER_BOUND ( 'NONE', #1772, .T. ) ;
#634 = DIRECTION ( 'NONE',  ( -0.4036298484864446201, 0.9040139324509702812, 0.1408607658127080386 ) ) ;
#635 = VERTEX_POINT ( 'NONE', #1660 ) ;
#636 = CYLINDRICAL_SURFACE ( 'NONE', #448, 9.686499999999998778 ) ;
#637 = EDGE_CURVE ( 'NONE', #1386, #2437, #2775, .T. ) ;
#638 = CARTESIAN_POINT ( 'NONE',  ( -16.31657408571490109, -9.077035280551278618, 135.6924333170350110 ) ) ;
#639 = DIRECTION ( 'NONE',  ( 0.7292504199660262421, 0.2249069998420400451, 0.6462280297243589988 ) ) ;
#640 = ORIENTED_EDGE ( 'NONE', *, *, #2443, .F. ) ;
#641 = FACE_BOUND ( 'NONE', #2020, .T. ) ;
#642 = VERTEX_POINT ( 'NONE', #652 ) ;
#643 = LINE ( 'NONE', #3081, #3347 ) ;
#644 = AXIS2_PLACEMENT_3D ( 'NONE', #3040, #2431, #3532 ) ;
#645 = AXIS2_PLACEMENT_3D ( 'NONE', #1993, #102, #927 ) ;
#646 = VERTEX_POINT ( 'NONE', #1480 ) ;
#647 = LINE ( 'NONE', #1762, #2610 ) ;
#648 = FACE_OUTER_BOUND ( 'NONE', #2470, .T. ) ;
#649 = AXIS2_PLACEMENT_3D ( 'NONE', #669, #3482, #994 ) ;
#650 = AXIS2_PLACEMENT_3D ( 'NONE', #1005, #2140, #717 ) ;
#651 = ORIENTED_EDGE ( 'NONE', *, *, #699, .F. ) ;
#652 = CARTESIAN_POINT ( 'NONE',  ( -2.099354732948029767, 2.065414491291434729, 140.4174130091079746 ) ) ;
#653 = AXIS2_PLACEMENT_3D ( 'NONE', #20, #1068, #524 ) ;
#654 = VERTEX_POINT ( 'NONE', #876 ) ;
#655 = CARTESIAN_POINT ( 'NONE',  ( 4.725680839727949945, 3.641733462930895282, 132.1097325028765681 ) ) ;
#656 = CYLINDRICAL_SURFACE ( 'NONE', #3364, 12.50000000000000355 ) ;
#657 = ORIENTED_EDGE ( 'NONE', *, *, #891, .T. ) ;
#658 = CARTESIAN_POINT ( 'NONE',  ( -7.687984010349380171, 0.7867438938147219840, 132.6096920514330009 ) ) ;
#659 = EDGE_CURVE ( 'NONE', #1122, #619, #2165, .T. ) ;
#660 = CARTESIAN_POINT ( 'NONE',  ( -0.7072348266163980268, 0.1637543015141774694, 121.1148660500661975 ) ) ;
#661 = EDGE_CURVE ( 'NONE', #1784, #3283, #911, .T. ) ;
#662 = ORIENTED_EDGE ( 'NONE', *, *, #789, .F. ) ;
#663 = DIRECTION ( 'NONE',  ( -0.4036298484864445646, 0.9040139324509700591, 0.1408607658127078166 ) ) ;
#664 = LINE ( 'NONE', #2888, #131 ) ;
#665 = CARTESIAN_POINT ( 'NONE',  ( 1.897387753902580076, 3.538283925826189780, 124.6693094666123898 ) ) ;
#666 = ORIENTED_EDGE ( 'NONE', *, *, #1842, .T. ) ;
#667 = VERTEX_POINT ( 'NONE', #2313 ) ;
#668 = CARTESIAN_POINT ( 'NONE',  ( -6.662000454444870101, 2.852377138472539819, 122.2928118548739889 ) ) ;
#669 = CARTESIAN_POINT ( 'NONE',  ( -7.687984010349380171, 0.7867438938147219840, 132.6096920514330009 ) ) ;
#670 = CARTESIAN_POINT ( 'NONE',  ( -1.416322881235142050, -0.4174539347342590134, 122.8130766042569917 ) ) ;
#671 = DIRECTION ( 'NONE',  ( -0.6637165053083280419, -0.1833472909604439982, -0.7251649270881530551 ) ) ;
#672 = ORIENTED_EDGE ( 'NONE', *, *, #2827, .T. ) ;
#673 = CARTESIAN_POINT ( 'NONE',  ( -5.669834767917159901, -3.733325768440129977, 131.9053882223694245 ) ) ;
#674 = CARTESIAN_POINT ( 'NONE',  ( -6.695818323821599805, -5.798959013097920945, 142.2222684189281949 ) ) ;
#675 = VERTEX_POINT ( 'NONE', #599 ) ;
#676 = EDGE_LOOP ( 'NONE', ( #1824, #249, #2549, #3079 ) ) ;
#677 = EDGE_CURVE ( 'NONE', #2241, #597, #1163, .T. ) ;
#678 = DIRECTION ( 'NONE',  ( -0.4036298484864446201, 0.9040139324509702812, 0.1408607658127080386 ) ) ;
#679 = ORIENTED_EDGE ( 'NONE', *, *, #434, .T. ) ;
#680 = EDGE_CURVE ( 'NONE', #2340, #1310, #24, .T. ) ;
#681 = EDGE_CURVE ( 'NONE', #3094, #2460, #1274, .T. ) ;
#682 = CARTESIAN_POINT ( 'NONE',  ( -7.050999985890800126, -5.946286795392589752, 142.1500300454111994 ) ) ;
#683 = ORIENTED_EDGE ( 'NONE', *, *, #661, .T. ) ;
#684 = CARTESIAN_POINT ( 'NONE',  ( -39.25138839250245582, -11.22168257285506066, 83.80868450231560018 ) ) ;
#685 = CARTESIAN_POINT ( 'NONE',  ( -5.700456704420880705, -4.197730485374364662, 134.8690836446239985 ) ) ;
#686 = DIRECTION ( 'NONE',  ( -0.4036298484864446201, 0.9040139324509702812, 0.1408607658127080386 ) ) ;
#687 = VECTOR ( 'NONE', #2190, 1000.000000000000227 ) ;
#688 = ORIENTED_EDGE ( 'NONE', *, *, #3334, .T. ) ;
#689 = AXIS2_PLACEMENT_3D ( 'NONE', #326, #2619, #71 ) ;
#690 = AXIS2_PLACEMENT_3D ( 'NONE', #344, #2303, #1136 ) ;
#691 = CARTESIAN_POINT ( 'NONE',  ( 3.032508663556214845, -0.2220932405304364976, 134.3072098613843934 ) ) ;
#692 = ORIENTED_EDGE ( 'NONE', *, *, #3221, .T. ) ;
#693 = MECHANICAL_DESIGN_GEOMETRIC_PRESENTATION_REPRESENTATION (  '', ( #2857 ), #3320 ) ;
#694 = ORIENTED_EDGE ( 'NONE', *, *, #1126, .F. ) ;
#695 = CARTESIAN_POINT ( 'NONE',  ( 3.745771453257955130, 3.862296415674944861, 127.8863232659464018 ) ) ;
#696 = FACE_OUTER_BOUND ( 'NONE', #1810, .T. ) ;
#697 = ORIENTED_EDGE ( 'NONE', *, *, #2956, .F. ) ;
#698 = AXIS2_PLACEMENT_3D ( 'NONE', #3220, #2091, #720 ) ;
#699 = EDGE_CURVE ( 'NONE', #1097, #2650, #3095, .T. ) ;
#700 = DIRECTION ( 'NONE',  ( 0.4036298484864156433, -0.9040139324509842700, -0.1408607658127000450 ) ) ;
#701 = CIRCLE ( 'NONE', #2749, 4.500000000000000000 ) ;
#702 = ADVANCED_FACE ( 'NONE', ( #1121 ), #275, .T. ) ;
#703 = EDGE_CURVE ( 'NONE', #1540, #2711, #1098, .T. ) ;
#704 = ORIENTED_EDGE ( 'NONE', *, *, #1884, .T. ) ;
#705 = AXIS2_PLACEMENT_3D ( 'NONE', #3282, #3012, #489 ) ;
#706 = LINE ( 'NONE', #1820, #863 ) ;
#707 = CARTESIAN_POINT ( 'NONE',  ( -12.11182505547763988, -4.951270098729420255, 121.2626736840904016 ) ) ;
#708 = AXIS2_PLACEMENT_3D ( 'NONE', #1785, #146, #2359 ) ;
#709 = AXIS2_PLACEMENT_3D ( 'NONE', #151, #3462, #1539 ) ;
#710 = ORIENTED_EDGE ( 'NONE', *, *, #2761, .F. ) ;
#711 = AXIS2_PLACEMENT_3D ( 'NONE', #1721, #3136, #3353 ) ;
#712 = CARTESIAN_POINT ( 'NONE',  ( -16.43897207062769894, -3.263560479691089977, 133.5281280594520013 ) ) ;
#713 = DIRECTION ( 'NONE',  ( -0.4036298484864446201, 0.9040139324509702812, 0.1408607658127078444 ) ) ;
#714 = EDGE_LOOP ( 'NONE', ( #2803, #215, #2970, #1567 ) ) ;
#715 = DIRECTION ( 'NONE',  ( -0.4036298484864445646, 0.9040139324509700591, 0.1408607658127078166 ) ) ;
#716 = VERTEX_POINT ( 'NONE', #2198 ) ;
#717 = DIRECTION ( 'NONE',  ( 0.7292504199660267972, 0.2249069998420404892, 0.6462280297243582217 ) ) ;
#718 = ORIENTED_EDGE ( 'NONE', *, *, #3126, .F. ) ;
#719 = ORIENTED_EDGE ( 'NONE', *, *, #1079, .F. ) ;
#720 = DIRECTION ( 'NONE',  ( 0.7292504199660262421, 0.2249069998420400451, 0.6462280297243589988 ) ) ;
#721 = FACE_OUTER_BOUND ( 'NONE', #1861, .T. ) ;
#722 = DIRECTION ( 'NONE',  ( 0.7292504199660267972, 0.2249069998420404892, 0.6462280297243582217 ) ) ;
#723 = CARTESIAN_POINT ( 'NONE',  ( -7.687984010349380171, 0.7867438938147219840, 132.6096920514330009 ) ) ;
#724 = EDGE_CURVE ( 'NONE', #2504, #2072, #1452, .T. ) ;
#725 = EDGE_CURVE ( 'NONE', #461, #2786, #1749, .T. ) ;
#726 = ORIENTED_EDGE ( 'NONE', *, *, #1691, .F. ) ;
#727 = DIRECTION ( 'NONE',  ( -0.4036298484864446201, 0.9040139324509702812, 0.1408607658127076501 ) ) ;
#728 = DIRECTION ( 'NONE',  ( -0.4036298484864446201, 0.9040139324509702812, 0.1408607658127078444 ) ) ;
#729 = EDGE_CURVE ( 'NONE', #1114, #1736, #190, .T. ) ;
#730 = DIRECTION ( 'NONE',  ( 0.7292504199660254649, 0.2249069998420398231, 0.6462280297243599980 ) ) ;
#731 = DIRECTION ( 'NONE',  ( -0.4036298484864441760, 0.9040139324509705032, 0.1408607658127082607 ) ) ;
#732 = ORIENTED_EDGE ( 'NONE', *, *, #414, .F. ) ;
#733 = DIRECTION ( 'NONE',  ( -0.4962987577851447063, -0.08699870934530035127, -0.8637816666225177631 ) ) ;
#734 = ORIENTED_EDGE ( 'NONE', *, *, #341, .F. ) ;
#735 = DIRECTION ( 'NONE',  ( -0.008861879339744286113, -0.1578149520867546951, 0.9874289381988069492 ) ) ;
#736 = ORIENTED_EDGE ( 'NONE', *, *, #458, .F. ) ;
#737 = DIRECTION ( 'NONE',  ( -0.008861879339743583550, -0.1578149520867549449, 0.9874289381988068381 ) ) ;
#738 = CARTESIAN_POINT ( 'NONE',  ( -13.08408991566114032, -0.2146897115540624956, 123.5743906319300009 ) ) ;
#739 = CIRCLE ( 'NONE', #1380, 1.499999999999932720 ) ;
#740 = DIRECTION ( 'NONE',  ( -0.8742437189090498384, -0.3356881868840210226, -0.3507297551314872419 ) ) ;
#741 = CYLINDRICAL_SURFACE ( 'NONE', #999, 4.499999999999999112 ) ;
#742 = CARTESIAN_POINT ( 'NONE',  ( -24.78194459736890209, -0.6357755500425069650, 92.75718029663229913 ) ) ;
#743 = ORIENTED_EDGE ( 'NONE', *, *, #2962, .F. ) ;
#744 = CARTESIAN_POINT ( 'NONE',  ( -5.669834767917159901, -3.733325768440129977, 131.9053882223694245 ) ) ;
#745 = ADVANCED_FACE ( 'NONE', ( #3341 ), #3287, .T. ) ;
#746 = AXIS2_PLACEMENT_3D ( 'NONE', #1585, #727, #1841 ) ;
#747 = DIRECTION ( 'NONE',  ( -0.6707575780832534251, -0.3970910963467108035, 0.6264207313348237882 ) ) ;
#748 = LINE ( 'NONE', #2138, #2750 ) ;
#749 = VERTEX_POINT ( 'NONE', #2988 ) ;
#750 = AXIS2_PLACEMENT_3D ( 'NONE', #1210, #2013, #3384 ) ;
#751 = DIRECTION ( 'NONE',  ( -0.4036298484864446201, 0.9040139324509702812, 0.1408607658127076501 ) ) ;
#752 = ADVANCED_FACE ( 'NONE', ( #512 ), #1307, .T. ) ;
#753 = ORIENTED_EDGE ( 'NONE', *, *, #3243, .F. ) ;
#754 = CARTESIAN_POINT ( 'NONE',  ( -7.687984010349380171, 0.7867438938147219840, 132.6096920514330009 ) ) ;
#755 = CIRCLE ( 'NONE', #577, 9.686500000000011212 ) ;
#756 = EDGE_LOOP ( 'NONE', ( #1904, #2474, #1828, #3377 ) ) ;
#757 = FILL_AREA_STYLE ('',( #1814 ) ) ;
#758 = CARTESIAN_POINT ( 'NONE',  ( -5.669834767917159901, -3.733325768440129977, 131.9053882223694245 ) ) ;
#759 = EDGE_LOOP ( 'NONE', ( #1852, #2070, #2083, #1216 ) ) ;
#760 = DIRECTION ( 'NONE',  ( -0.4036298484864446201, 0.9040139324509702812, 0.1408607658127080386 ) ) ;
#761 = CYLINDRICAL_SURFACE ( 'NONE', #2612, 12.50000000000000355 ) ;
#762 = VECTOR ( 'NONE', #45, 1000.000000000000227 ) ;
#763 = DIRECTION ( 'NONE',  ( -0.4036298484864446201, 0.9040139324509702812, 0.1408607658127080386 ) ) ;
#764 = AXIS2_PLACEMENT_3D ( 'NONE', #2157, #2995, #3263 ) ;
#765 = AXIS2_PLACEMENT_3D ( 'NONE', #485, #3276, #2458 ) ;
#766 = AXIS2_PLACEMENT_3D ( 'NONE', #43, #491, #2161 ) ;
#767 = DIRECTION ( 'NONE',  ( -0.7292504199660254649, -0.2249069998420398231, -0.6462280297243599980 ) ) ;
#768 = ORIENTED_EDGE ( 'NONE', *, *, #1715, .T. ) ;
#769 = CARTESIAN_POINT ( 'NONE',  ( 3.270282613656604997, -1.036480477523850086, 140.2151010140694325 ) ) ;
#770 = FACE_OUTER_BOUND ( 'NONE', #3247, .T. ) ;
#771 = EDGE_CURVE ( 'NONE', #2415, #2751, #3145, .T. ) ;
#772 = EDGE_CURVE ( 'NONE', #3167, #3230, #1041, .T. ) ;
#773 = ORIENTED_EDGE ( 'NONE', *, *, #340, .F. ) ;
#774 = DIRECTION ( 'NONE',  ( 0.7292504199660267972, 0.2249069998420404892, 0.6462280297243582217 ) ) ;
#775 = ORIENTED_EDGE ( 'NONE', *, *, #3450, .F. ) ;
#776 = VERTEX_POINT ( 'NONE', #3274 ) ;
#777 = CARTESIAN_POINT ( 'NONE',  ( 4.161414634178934868, 2.638776694772455134, 136.9296140723990050 ) ) ;
#778 = CARTESIAN_POINT ( 'NONE',  ( -11.72428249521382071, 9.826883218324418579, 134.0182997095600115 ) ) ;
#779 = DIRECTION ( 'NONE',  ( -0.4036298484864446201, 0.9040139324509702812, 0.1408607658127080386 ) ) ;
#780 = FACE_OUTER_BOUND ( 'NONE', #3241, .T. ) ;
#781 = FACE_OUTER_BOUND ( 'NONE', #111, .T. ) ;
#782 = CARTESIAN_POINT ( 'NONE',  ( -2.608652245638499956, 12.63822071634992028, 142.0961500811143878 ) ) ;
#783 = CARTESIAN_POINT ( 'NONE',  ( -51.57081414798000196, -9.296524466374300744, 71.57775780237490437 ) ) ;
#784 = ORIENTED_EDGE ( 'NONE', *, *, #498, .T. ) ;
#785 = CARTESIAN_POINT ( 'NONE',  ( -4.414882508856955212, -2.372798168366450078, 144.5178447426876005 ) ) ;
#786 = CARTESIAN_POINT ( 'NONE',  ( -16.24826000146975247, -2.610365810551600330, 129.8825423283099667 ) ) ;
#787 = ORIENTED_EDGE ( 'NONE', *, *, #772, .T. ) ;
#788 = DIRECTION ( 'NONE',  ( 0.7292504199660267972, 0.2249069998420404615, 0.6462280297243582217 ) ) ;
#789 = EDGE_CURVE ( 'NONE', #2088, #944, #938, .T. ) ;
#790 = VERTEX_POINT ( 'NONE', #1606 ) ;
#791 = ORIENTED_EDGE ( 'NONE', *, *, #434, .F. ) ;
#792 = CARTESIAN_POINT ( 'NONE',  ( -0.2737288626053319684, -2.731892163071309998, 140.9406896418720123 ) ) ;
#793 = EDGE_CURVE ( 'NONE', #366, #2415, #2622, .T. ) ;
#794 = ORIENTED_EDGE ( 'NONE', *, *, #2940, .F. ) ;
#795 = DIRECTION ( 'NONE',  ( -0.4036298484864446201, 0.9040139324509702812, 0.1408607658127076501 ) ) ;
#796 = DIRECTION ( 'NONE',  ( 0.7292504199660249098, 0.2249069998420399619, 0.6462280297243605531 ) ) ;
#797 = DIRECTION ( 'NONE',  ( -0.4036298484864446201, 0.9040139324509702812, 0.1408607658127074280 ) ) ;
#798 = DIRECTION ( 'NONE',  ( -0.4036298484864446201, 0.9040139324509702812, 0.1408607658127080386 ) ) ;
#799 = LINE ( 'NONE', #2484, #3083 ) ;
#800 = CARTESIAN_POINT ( 'NONE',  ( -12.63783867669308059, -7.899493110992779954, 138.6764642926629847 ) ) ;
#801 = ORIENTED_EDGE ( 'NONE', *, *, #1248, .F. ) ;
#802 = LINE ( 'NONE', #1365, #1683 ) ;
#803 = DIRECTION ( 'NONE',  ( 0.7292504199660249098, 0.2249069998420399064, 0.6462280297243604421 ) ) ;
#804 = AXIS2_PLACEMENT_3D ( 'NONE', #2465, #1617, #226 ) ;
#805 = AXIS2_PLACEMENT_3D ( 'NONE', #2721, #230, #1920 ) ;
#806 = ORIENTED_EDGE ( 'NONE', *, *, #680, .F. ) ;
#807 = FACE_OUTER_BOUND ( 'NONE', #3406, .T. ) ;
#808 = DIRECTION ( 'NONE',  ( -0.4036298484864446201, 0.9040139324509702812, 0.1408607658127080386 ) ) ;
#809 = ORIENTED_EDGE ( 'NONE', *, *, #1275, .T. ) ;
#810 = AXIS2_PLACEMENT_3D ( 'NONE', #311, #3067, #1047 ) ;
#811 = EDGE_CURVE ( 'NONE', #2103, #77, #3018, .T. ) ;
#812 = ORIENTED_EDGE ( 'NONE', *, *, #1369, .T. ) ;
#813 = AXIS2_PLACEMENT_3D ( 'NONE', #372, #2281, #1774 ) ;
#814 = FACE_OUTER_BOUND ( 'NONE', #2354, .T. ) ;
#815 = ORIENTED_EDGE ( 'NONE', *, *, #2352, .T. ) ;
#816 = VECTOR ( 'NONE', #1457, 1000.000000000000227 ) ;
#817 = DIRECTION ( 'NONE',  ( -0.4036298484864441760, 0.9040139324509705032, 0.1408607658127080664 ) ) ;
#818 = MECHANICAL_DESIGN_GEOMETRIC_PRESENTATION_REPRESENTATION (  '', ( #926 ), #1213 ) ;
#819 = CARTESIAN_POINT ( 'NONE',  ( -4.502296769200289539, 3.553585873015375096, 123.9811343930682028 ) ) ;
#820 = DIRECTION ( 'NONE',  ( -0.008861879339743418751, -0.1578149520867549449, 0.9874289381988069492 ) ) ;
#821 = EDGE_CURVE ( 'NONE', #2770, #855, #2475, .T. ) ;
#822 = ADVANCED_FACE ( 'NONE', ( #641, #2528, #2854, #3404, #918, #2037 ), #320, .F. ) ;
#823 = FACE_OUTER_BOUND ( 'NONE', #2579, .T. ) ;
#824 = AXIS2_PLACEMENT_3D ( 'NONE', #3303, #808, #1076 ) ;
#825 = DIRECTION ( 'NONE',  ( 0.7292504199660267972, 0.2249069998420404892, 0.6462280297243582217 ) ) ;
#826 = CIRCLE ( 'NONE', #2917, 12.50000000000000355 ) ;
#827 = DIRECTION ( 'NONE',  ( 0.7292504199660249098, 0.2249069998420399619, 0.6462280297243605531 ) ) ;
#828 = CIRCLE ( 'NONE', #1460, 9.686499999999997002 ) ;
#829 = ORIENTED_EDGE ( 'NONE', *, *, #161, .F. ) ;
#830 = DIRECTION ( 'NONE',  ( 0.4036298484864446201, -0.9040139324509702812, -0.1408607658127076501 ) ) ;
#831 = DIRECTION ( 'NONE',  ( -0.4954199826177847488, -0.08652028371163746068, -0.8643340102815876280 ) ) ;
#832 = AXIS2_PLACEMENT_3D ( 'NONE', #1215, #3437, #1530 ) ;
#833 = VECTOR ( 'NONE', #301, 1000.000000000000227 ) ;
#834 = VERTEX_POINT ( 'NONE', #305 ) ;
#835 = CARTESIAN_POINT ( 'NONE',  ( -3.693540431425609949, -4.465101538067870024, 142.2647446148827726 ) ) ;
#836 = AXIS2_PLACEMENT_3D ( 'NONE', #1735, #342, #2850 ) ;
#837 = CARTESIAN_POINT ( 'NONE',  ( -4.288669549943579185, -1.520364741487689964, 121.6607463993273939 ) ) ;
#838 = ORIENTED_EDGE ( 'NONE', *, *, #312, .F. ) ;
#839 = EDGE_LOOP ( 'NONE', ( #3537, #3496, #2067, #2544 ) ) ;
#840 = DIRECTION ( 'NONE',  ( 0.7292504199660249098, 0.2249069998420399064, 0.6462280297243605531 ) ) ;
#841 = CYLINDRICAL_SURFACE ( 'NONE', #1285, 4.499999999999995559 ) ;
#842 = DIRECTION ( 'NONE',  ( 0.4962987577851399323, 0.08699870934529768673, 0.8637816666225206497 ) ) ;
#843 = DIRECTION ( 'NONE',  ( 0.7292504199660249098, 0.2249069998420399064, 0.6462280297243604421 ) ) ;
#844 = CARTESIAN_POINT ( 'NONE',  ( -12.10972802011530014, -5.515947951523159531, 124.8926629815891971 ) ) ;
#845 = EDGE_CURVE ( 'NONE', #3215, #2221, #466, .T. ) ;
#846 = FACE_BOUND ( 'NONE', #3387, .T. ) ;
#847 = DIRECTION ( 'NONE',  ( -0.4036298484864445646, 0.9040139324509700591, 0.1408607658127078166 ) ) ;
#848 = ORIENTED_EDGE ( 'NONE', *, *, #1058, .F. ) ;
#849 = EDGE_CURVE ( 'NONE', #2373, #2880, #349, .T. ) ;
#850 = CARTESIAN_POINT ( 'NONE',  ( -5.669834767917159901, -3.733325768440129977, 131.9053882223694245 ) ) ;
#851 = ORIENTED_EDGE ( 'NONE', *, *, #910, .T. ) ;
#852 = DIRECTION ( 'NONE',  ( -0.1138699078527351249, -0.2023984311790470725, 0.9726605364369781404 ) ) ;
#853 = CARTESIAN_POINT ( 'NONE',  ( -20.15137116644504900, 0.4593263874166769734, 98.99774159374099725 ) ) ;
#854 = EDGE_LOOP ( 'NONE', ( #1004, #2999, #625, #2494 ) ) ;
#855 = VERTEX_POINT ( 'NONE', #332 ) ;
#856 = DIRECTION ( 'NONE',  ( -0.008861879339743418751, -0.1578149520867549449, 0.9874289381988069492 ) ) ;
#857 = CYLINDRICAL_SURFACE ( 'NONE', #630, 4.500000000000000888 ) ;
#858 = DIRECTION ( 'NONE',  ( 0.7292504199660262421, 0.2249069998420400451, 0.6462280297243589988 ) ) ;
#859 = CARTESIAN_POINT ( 'NONE',  ( 5.734755460944059635, 1.381698631803472077, 131.7575805883450073 ) ) ;
#860 = EDGE_CURVE ( 'NONE', #1834, #2727, #1636, .T. ) ;
#861 = DIRECTION ( 'NONE',  ( -0.4036298484864446201, 0.9040139324509702812, 0.1408607658127080386 ) ) ;
#862 = ORIENTED_EDGE ( 'NONE', *, *, #1168, .F. ) ;
#863 = VECTOR ( 'NONE', #430, 1000.000000000000000 ) ;
#864 = CARTESIAN_POINT ( 'NONE',  ( -0.08808955815213340146, 3.092828894550170293, 139.5868745940798021 ) ) ;
#865 = EDGE_CURVE ( 'NONE', #3174, #3106, #3206, .T. ) ;
#866 = EDGE_CURVE ( 'NONE', #2504, #3142, #1409, .T. ) ;
#867 = VERTEX_POINT ( 'NONE', #1424 ) ;
#868 = AXIS2_PLACEMENT_3D ( 'NONE', #530, #3266, #1883 ) ;
#869 = DIRECTION ( 'NONE',  ( 0.4036298484864446201, -0.9040139324509702812, -0.1408607658127078444 ) ) ;
#870 = ORIENTED_EDGE ( 'NONE', *, *, #2090, .T. ) ;
#871 = CIRCLE ( 'NONE', #2323, 4.500000000000000000 ) ;
#872 = ORIENTED_EDGE ( 'NONE', *, *, #251, .F. ) ;
#873 = DIRECTION ( 'NONE',  ( 0.4036298484864156988, -0.9040139324509844920, -0.1408607658127000728 ) ) ;
#874 = VERTEX_POINT ( 'NONE', #2004 ) ;
#875 = VECTOR ( 'NONE', #2276, 1000.000000000000227 ) ;
#876 = CARTESIAN_POINT ( 'NONE',  ( -18.33472332814714889, -4.556965618296429987, 136.3967371460985873 ) ) ;
#877 = DIRECTION ( 'NONE',  ( -0.4036298484864446201, 0.9040139324509702812, 0.1408607658127080386 ) ) ;
#878 = CARTESIAN_POINT ( 'NONE',  ( -8.827220005429710525, -1.624771148802379939, 144.8218473299554034 ) ) ;
#879 = CYLINDRICAL_SURFACE ( 'NONE', #1050, 9.686499999999998778 ) ;
#880 = ORIENTED_EDGE ( 'NONE', *, *, #1492, .T. ) ;
#881 = AXIS2_PLACEMENT_3D ( 'NONE', #357, #3398, #2863 ) ;
#882 = FACE_OUTER_BOUND ( 'NONE', #369, .T. ) ;
#883 = AXIS2_PLACEMENT_3D ( 'NONE', #2837, #2290, #2257 ) ;
#884 = ORIENTED_EDGE ( 'NONE', *, *, #2581, .F. ) ;
#885 = LINE ( 'NONE', #2239, #578 ) ;
#886 = DIRECTION ( 'NONE',  ( -0.4962987577851447063, -0.08699870934530035127, -0.8637816666225177631 ) ) ;
#887 = VERTEX_POINT ( 'NONE', #2593 ) ;
#888 = CIRCLE ( 'NONE', #1997, 4.500000000000000000 ) ;
#889 = VECTOR ( 'NONE', #2085, 1000.000000000000227 ) ;
#890 = EDGE_CURVE ( 'NONE', #3251, #2884, #2512, .T. ) ;
#891 = EDGE_CURVE ( 'NONE', #3533, #1657, #2225, .T. ) ;
#892 = CIRCLE ( 'NONE', #3327, 4.499999999999997335 ) ;
#893 = ORIENTED_EDGE ( 'NONE', *, *, #3523, .T. ) ;
#894 = FACE_OUTER_BOUND ( 'NONE', #1486, .T. ) ;
#895 = EDGE_CURVE ( 'NONE', #790, #1870, #3122, .T. ) ;
#896 = DIRECTION ( 'NONE',  ( -0.008861879339744286113, -0.1578149520867540845, 0.9874289381988069492 ) ) ;
#897 = CARTESIAN_POINT ( 'NONE',  ( -7.687984010349380171, 0.7867438938147219840, 132.6096920514330009 ) ) ;
#898 = DIRECTION ( 'NONE',  ( -0.4036298484864445646, 0.9040139324509700591, 0.1408607658127078166 ) ) ;
#899 = DIRECTION ( 'NONE',  ( 0.4036298484864445646, -0.9040139324509700591, -0.1408607658127078166 ) ) ;
#900 = CARTESIAN_POINT ( 'NONE',  ( -14.65089443808804148, -8.252371796128031178, 135.1728475027643981 ) ) ;
#901 = ORIENTED_EDGE ( 'NONE', *, *, #3092, .T. ) ;
#902 = DIRECTION ( 'NONE',  ( 0.4036298484864446201, -0.9040139324509702812, -0.1408607658127076501 ) ) ;
#903 = ORIENTED_EDGE ( 'NONE', *, *, #1768, .F. ) ;
#904 = DIRECTION ( 'NONE',  ( -0.008861879339744256623, -0.1578149520867550282, 0.9874289381988068381 ) ) ;
#905 = ORIENTED_EDGE ( 'NONE', *, *, #251, .T. ) ;
#906 = ORIENTED_EDGE ( 'NONE', *, *, #866, .T. ) ;
#907 = CARTESIAN_POINT ( 'NONE',  ( 1.063004049928929939, 4.837048267320540162, 131.6912560434138015 ) ) ;
#908 = EDGE_CURVE ( 'NONE', #1840, #3428, #2558, .T. ) ;
#909 = DIRECTION ( 'NONE',  ( -0.4036298484864446201, 0.9040139324509702812, 0.1408607658127080386 ) ) ;
#910 = EDGE_CURVE ( 'NONE', #2751, #1366, #1110, .T. ) ;
#911 = LINE ( 'NONE', #2841, #3042 ) ;
#912 = CARTESIAN_POINT ( 'NONE',  ( -1.884760211518130113, 4.443515991169410206, 125.7701823015540157 ) ) ;
#913 = CYLINDRICAL_SURFACE ( 'NONE', #1619, 4.500000000000003553 ) ;
#914 = CARTESIAN_POINT ( 'NONE',  ( -4.643851212012649832, -1.667692523782309921, 121.5885080258103983 ) ) ;
#915 = DIRECTION ( 'NONE',  ( 0.7292504199660247988, 0.2249069998420395455, 0.6462280297243608862 ) ) ;
#916 = CYLINDRICAL_SURFACE ( 'NONE', #2516, 4.500000000000007994 ) ;
#917 = ORIENTED_EDGE ( 'NONE', *, *, #2714, .F. ) ;
#918 = FACE_BOUND ( 'NONE', #2017, .T. ) ;
#919 = AXIS2_PLACEMENT_3D ( 'NONE', #3205, #2900, #2299 ) ;
#920 = VERTEX_POINT ( 'NONE', #1196 ) ;
#921 = DIRECTION ( 'NONE',  ( 0.7292504199660267972, 0.2249069998420404337, 0.6462280297243582217 ) ) ;
#922 = CIRCLE ( 'NONE', #746, 9.686499999999997002 ) ;
#923 = DIRECTION ( 'NONE',  ( -0.7292504199660249098, -0.2249069998420399896, -0.6462280297243605531 ) ) ;
#924 = CIRCLE ( 'NONE', #1325, 9.686499999999998778 ) ;
#925 = ORIENTED_EDGE ( 'NONE', *, *, #2766, .T. ) ;
#926 = STYLED_ITEM ( 'NONE', ( #1537 ), #3046 ) ;
#927 = DIRECTION ( 'NONE',  ( 0.7292504199660254649, 0.2249069998420398231, 0.6462280297243599980 ) ) ;
#928 = FACE_OUTER_BOUND ( 'NONE', #2347, .T. ) ;
#929 = ADVANCED_FACE ( 'NONE', ( #1458 ), #109, .T. ) ;
#930 = EDGE_CURVE ( 'NONE', #939, #2884, #2920, .T. ) ;
#931 = ORIENTED_EDGE ( 'NONE', *, *, #112, .F. ) ;
#932 = DIRECTION ( 'NONE',  ( -0.4036298484864446201, 0.9040139324509702812, 0.1408607658127076501 ) ) ;
#933 = DIRECTION ( 'NONE',  ( -0.4036298484864446201, 0.9040139324509702812, 0.1408607658127078444 ) ) ;
#934 = ORIENTED_EDGE ( 'NONE', *, *, #2843, .T. ) ;
#935 = LINE ( 'NONE', #2645, #296 ) ;
#936 = ORIENTED_EDGE ( 'NONE', *, *, #959, .T. ) ;
#937 = SURFACE_SIDE_STYLE ('',( #2326 ) ) ;
#938 = CIRCLE ( 'NONE', #2978, 4.500000000000000000 ) ;
#939 = VERTEX_POINT ( 'NONE', #1984 ) ;
#940 = DIRECTION ( 'NONE',  ( -0.4036298484864446201, 0.9040139324509702812, 0.1408607658127080386 ) ) ;
#941 = VECTOR ( 'NONE', #1226, 1000.000000000000227 ) ;
#942 = CIRCLE ( 'NONE', #2170, 9.686500000000002331 ) ;
#943 = ORIENTED_EDGE ( 'NONE', *, *, #1051, .T. ) ;
#944 = VERTEX_POINT ( 'NONE', #3091 ) ;
#945 = CARTESIAN_POINT ( 'NONE',  ( -9.740832878740821599, -1.558865235462259857, 141.7809630422059968 ) ) ;
#946 = CARTESIAN_POINT ( 'NONE',  ( -0.7921086919688570260, -0.3619849996322830332, 124.2457451498372052 ) ) ;
#947 = VERTEX_POINT ( 'NONE', #3389 ) ;
#948 = DIRECTION ( 'NONE',  ( 0.7292504199660262421, 0.2249069998420400451, 0.6462280297243589988 ) ) ;
#949 = EDGE_CURVE ( 'NONE', #1870, #1256, #1710, .T. ) ;
#950 = DIRECTION ( 'NONE',  ( -0.4036298484864446201, 0.9040139324509702812, 0.1408607658127080386 ) ) ;
#951 = ORIENTED_EDGE ( 'NONE', *, *, #1203, .F. ) ;
#952 = EDGE_CURVE ( 'NONE', #593, #1736, #528, .T. ) ;
#953 = ORIENTED_EDGE ( 'NONE', *, *, #2642, .F. ) ;
#954 = CARTESIAN_POINT ( 'NONE',  ( -12.88128627541081883, -7.961451208885960362, 138.3765104097100220 ) ) ;
#955 = CARTESIAN_POINT ( 'NONE',  ( 1.499761833635824049, 4.283093564632820538, 136.4979262566053819 ) ) ;
#956 = DIRECTION ( 'NONE',  ( -0.4036298484864445646, 0.9040139324509700591, 0.1408607658127078166 ) ) ;
#957 = LINE ( 'NONE', #1765, #515 ) ;
#958 = FACE_OUTER_BOUND ( 'NONE', #2746, .T. ) ;
#959 = EDGE_CURVE ( 'NONE', #1647, #1846, #664, .T. ) ;
#960 = CARTESIAN_POINT ( 'NONE',  ( -4.972287452909189831, 1.173573283882213936, 120.1607822505351919 ) ) ;
#961 = DIRECTION ( 'NONE',  ( -0.4036298484864446201, 0.9040139324509702812, 0.1408607658127080386 ) ) ;
#962 = VERTEX_POINT ( 'NONE', #3495 ) ;
#963 = DIRECTION ( 'NONE',  ( -0.4036298484864446201, 0.9040139324509702812, 0.1408607658127078444 ) ) ;
#964 =( NAMED_UNIT ( * ) SI_UNIT ( $, .STERADIAN. ) SOLID_ANGLE_UNIT ( ) );
#965 = EDGE_CURVE ( 'NONE', #2350, #939, #1809, .T. ) ;
#966 = EDGE_CURVE ( 'NONE', #3142, #2141, #701, .T. ) ;
#967 = ORIENTED_EDGE ( 'NONE', *, *, #15, .T. ) ;
#968 = ORIENTED_EDGE ( 'NONE', *, *, #2597, .T. ) ;
#969 = DIRECTION ( 'NONE',  ( -0.4036298484864446201, 0.9040139324509702812, 0.1408607658127078444 ) ) ;
#970 = CARTESIAN_POINT ( 'NONE',  ( -5.669834767917159901, -3.733325768440129977, 131.9053882223694245 ) ) ;
#971 = AXIS2_PLACEMENT_3D ( 'NONE', #1780, #2099, #2048 ) ;
#972 = ORIENTED_EDGE ( 'NONE', *, *, #1615, .F. ) ;
#973 = DIRECTION ( 'NONE',  ( -0.4036298484864446201, 0.9040139324509702812, 0.1408607658127080386 ) ) ;
#974 = DIRECTION ( 'NONE',  ( 0.4036298484864156988, -0.9040139324509844920, -0.1408607658126996565 ) ) ;
#975 = AXIS2_PLACEMENT_3D ( 'NONE', #21, #581, #3087 ) ;
#976 = CIRCLE ( 'NONE', #631, 4.499999999999992895 ) ;
#977 = ORIENTED_EDGE ( 'NONE', *, *, #3457, .T. ) ;
#978 = CARTESIAN_POINT ( 'NONE',  ( 2.517566326508145380, 1.179273957638492076, 123.8379953814116021 ) ) ;
#979 = VECTOR ( 'NONE', #1361, 1000.000000000000227 ) ;
#980 = CIRCLE ( 'NONE', #2329, 4.499999999999999112 ) ;
#981 = CARTESIAN_POINT ( 'NONE',  ( -1.700704173129950147, -3.336568490933780051, 140.7324414245579760 ) ) ;
#982 = VERTEX_POINT ( 'NONE', #1805 ) ;
#983 = LINE ( 'NONE', #2102, #2393 ) ;
#984 = EDGE_LOOP ( 'NONE', ( #556, #1573, #474, #1522 ) ) ;
#985 = DIRECTION ( 'NONE',  ( 0.4036298484864445646, -0.9040139324509700591, -0.1408607658127078166 ) ) ;
#986 = ORIENTED_EDGE ( 'NONE', *, *, #2312, .T. ) ;
#987 = EDGE_CURVE ( 'NONE', #3531, #1268, #2565, .T. ) ;
#988 = EDGE_CURVE ( 'NONE', #1471, #2631, #85, .T. ) ;
#989 = ORIENTED_EDGE ( 'NONE', *, *, #3165, .T. ) ;
#990 = CIRCLE ( 'NONE', #766, 9.686500000000004107 ) ;
#991 = SURFACE_SIDE_STYLE ('',( #1239 ) ) ;
#992 = AXIS2_PLACEMENT_3D ( 'NONE', #481, #2708, #774 ) ;
#993 = EDGE_LOOP ( 'NONE', ( #3518, #511, #2934, #951 ) ) ;
#994 = DIRECTION ( 'NONE',  ( 0.7292504199660267972, 0.2249069998420404337, 0.6462280297243582217 ) ) ;
#995 = EDGE_CURVE ( 'NONE', #1951, #667, #983, .T. ) ;
#996 = CARTESIAN_POINT ( 'NONE',  ( -11.72428249521382071, 9.826883218324418579, 134.0182997095600115 ) ) ;
#997 = CARTESIAN_POINT ( 'NONE',  ( 3.081153292361154872, 0.3169786050656894782, 130.9869522143501968 ) ) ;
#998 = CIRCLE ( 'NONE', #2692, 12.50000000000000355 ) ;
#999 = AXIS2_PLACEMENT_3D ( 'NONE', #2700, #135, #2935 ) ;
#1000 = VECTOR ( 'NONE', #3089, 1000.000000000000227 ) ;
#1001 = DIRECTION ( 'NONE',  ( 0.4036298484864156433, -0.9040139324509842700, -0.1408607658127000450 ) ) ;
#1002 = ORIENTED_EDGE ( 'NONE', *, *, #3478, .F. ) ;
#1003 = CARTESIAN_POINT ( 'NONE',  ( 3.311224902253699920, 0.7857202592477769976, 128.6379289419741951 ) ) ;
#1004 = ORIENTED_EDGE ( 'NONE', *, *, #54, .F. ) ;
#1005 = CARTESIAN_POINT ( 'NONE',  ( -11.72428249521382071, 9.826883218324418579, 134.0182997095600115 ) ) ;
#1006 = DIRECTION ( 'NONE',  ( 0.000000000000000000, 0.000000000000000000, 1.000000000000000000 ) ) ;
#1007 = ORIENTED_EDGE ( 'NONE', *, *, #94, .T. ) ;
#1008 = ORIENTED_EDGE ( 'NONE', *, *, #849, .T. ) ;
#1009 = CARTESIAN_POINT ( 'NONE',  ( -41.25220851743999617, -6.473930621794510287, 83.03043631642269418 ) ) ;
#1010 = ADVANCED_FACE ( 'NONE', ( #1830 ), #2943, .T. ) ;
#1011 = ORIENTED_EDGE ( 'NONE', *, *, #2417, .T. ) ;
#1012 = DIRECTION ( 'NONE',  ( 0.6707575780832524259, 0.3970910963467117472, -0.6264207313348243433 ) ) ;
#1013 = CARTESIAN_POINT ( 'NONE',  ( -24.76865177835930254, -0.3990531219123855111, 91.27603688933409387 ) ) ;
#1014 = DIRECTION ( 'NONE',  ( -0.9137903228885078111, -0.4059804243577954108, -0.01292829584984925978 ) ) ;
#1015 = CARTESIAN_POINT ( 'NONE',  ( 0.7700584842810180852, -1.950703585357065117, 138.9181134631491830 ) ) ;
#1016 = EDGE_CURVE ( 'NONE', #480, #3215, #3209, .T. ) ;
#1017 = ORIENTED_EDGE ( 'NONE', *, *, #1162, .F. ) ;
#1018 = DIRECTION ( 'NONE',  ( -0.4036298484864156433, 0.9040139324509842700, 0.1408607658127006279 ) ) ;
#1019 = CYLINDRICAL_SURFACE ( 'NONE', #1703, 1.499999999999974909 ) ;
#1020 = ORIENTED_EDGE ( 'NONE', *, *, #2827, .F. ) ;
#1021 = ORIENTED_EDGE ( 'NONE', *, *, #659, .T. ) ;
#1022 = DIRECTION ( 'NONE',  ( -0.4036298484864156988, 0.9040139324509844920, 0.1408607658127000728 ) ) ;
#1023 = VERTEX_POINT ( 'NONE', #981 ) ;
#1024 = ORIENTED_EDGE ( 'NONE', *, *, #2871, .T. ) ;
#1025 = DIRECTION ( 'NONE',  ( 0.8280727311432181104, 0.2954877224108120592, 0.4764268651550650491 ) ) ;
#1026 = LINE ( 'NONE', #1928, #2496 ) ;
#1027 = ORIENTED_EDGE ( 'NONE', *, *, #677, .F. ) ;
#1028 = CARTESIAN_POINT ( 'NONE',  ( -14.37217819939051822, -7.244558296349799420, 129.5035665833541998 ) ) ;
#1029 = DIRECTION ( 'NONE',  ( -0.4036298484864446201, 0.9040139324509702812, 0.1408607658127076501 ) ) ;
#1030 = CARTESIAN_POINT ( 'NONE',  ( -5.669834767917159901, -3.733325768440129977, 131.9053882223694245 ) ) ;
#1031 = EDGE_CURVE ( 'NONE', #3428, #164, #1938, .T. ) ;
#1032 = ADVANCED_FACE ( 'NONE', ( #3419 ), #1769, .T. ) ;
#1033 = CIRCLE ( 'NONE', #804, 1.499999999999974909 ) ;
#1034 = CIRCLE ( 'NONE', #1792, 3.000000000000005773 ) ;
#1035 = CYLINDRICAL_SURFACE ( 'NONE', #764, 12.50000000000000355 ) ;
#1036 = ORIENTED_EDGE ( 'NONE', *, *, #1079, .T. ) ;
#1037 = AXIS2_PLACEMENT_3D ( 'NONE', #1839, #2916, #2953 ) ;
#1038 = CARTESIAN_POINT ( 'NONE',  ( -18.11067258447860340, -3.578258279253480278, 95.33255955773930168 ) ) ;
#1039 = CIRCLE ( 'NONE', #1445, 4.499999999999998224 ) ;
#1040 = ORIENTED_EDGE ( 'NONE', *, *, #1105, .T. ) ;
#1041 = LINE ( 'NONE', #1671, #3488 ) ;
#1042 = ORIENTED_EDGE ( 'NONE', *, *, #3500, .T. ) ;
#1043 = ORIENTED_EDGE ( 'NONE', *, *, #341, .T. ) ;
#1044 = CARTESIAN_POINT ( 'NONE',  ( -14.85758061190234081, -7.229675439258209657, 128.0171540171965887 ) ) ;
#1045 = FACE_OUTER_BOUND ( 'NONE', #1966, .T. ) ;
#1046 = CARTESIAN_POINT ( 'NONE',  ( 3.320953709555305000, 5.064257908924630236, 136.7031214364103846 ) ) ;
#1047 = DIRECTION ( 'NONE',  ( 0.7292504199660267972, 0.2249069998420404615, 0.6462280297243582217 ) ) ;
#1048 = LINE ( 'NONE', #1318, #687 ) ;
#1049 = CIRCLE ( 'NONE', #2397, 4.499999999999998224 ) ;
#1050 = AXIS2_PLACEMENT_3D ( 'NONE', #3072, #2503, #547 ) ;
#1051 = EDGE_CURVE ( 'NONE', #3422, #2269, #1515, .T. ) ;
#1052 = DIRECTION ( 'NONE',  ( 0.7292504199660262421, 0.2249069998420400451, 0.6462280297243589988 ) ) ;
#1053 = ORIENTED_EDGE ( 'NONE', *, *, #965, .T. ) ;
#1054 = CARTESIAN_POINT ( 'NONE',  ( 2.464074972774810135, -0.7798492237616408973, 136.2579473409005857 ) ) ;
#1055 = DIRECTION ( 'NONE',  ( -0.008861879339743833350, -0.1578149520867544453, 0.9874289381988069492 ) ) ;
#1056 = APPLICATION_PROTOCOL_DEFINITION ( 'draft international standard', 'automotive_design', 1998, #1413 ) ;
#1057 = ADVANCED_FACE ( 'NONE', ( #377 ), #916, .T. ) ;
#1058 = EDGE_CURVE ( 'NONE', #3503, #2200, #2339, .T. ) ;
#1059 = ORIENTED_EDGE ( 'NONE', *, *, #2417, .F. ) ;
#1060 = CARTESIAN_POINT ( 'NONE',  ( 1.961633781644379848, 5.104049332889379897, 132.5526818528229853 ) ) ;
#1061 = ORIENTED_EDGE ( 'NONE', *, *, #1961, .F. ) ;
#1062 = ORIENTED_EDGE ( 'NONE', *, *, #2114, .F. ) ;
#1063 = CYLINDRICAL_SURFACE ( 'NONE', #765, 9.686499999999998778 ) ;
#1064 = DIRECTION ( 'NONE',  ( -0.4036298484864446201, 0.9040139324509702812, 0.1408607658127080386 ) ) ;
#1065 = FACE_OUTER_BOUND ( 'NONE', #984, .T. ) ;
#1066 = FACE_OUTER_BOUND ( 'NONE', #2632, .T. ) ;
#1067 = DIRECTION ( 'NONE',  ( 0.7292504199660267972, 0.2249069998420404615, 0.6462280297243582217 ) ) ;
#1068 = DIRECTION ( 'NONE',  ( -0.4036298484864446201, 0.9040139324509702812, 0.1408607658127076501 ) ) ;
#1069 = DIRECTION ( 'NONE',  ( -0.4036298484864445646, 0.9040139324509700591, 0.1408607658127078166 ) ) ;
#1070 = FACE_OUTER_BOUND ( 'NONE', #2005, .T. ) ;
#1071 = ORIENTED_EDGE ( 'NONE', *, *, #1889, .F. ) ;
#1072 = CYLINDRICAL_SURFACE ( 'NONE', #868, 4.499999999999999112 ) ;
#1073 = EDGE_CURVE ( 'NONE', #1366, #2088, #3326, .T. ) ;
#1074 = DIRECTION ( 'NONE',  ( -0.4962987577851447063, -0.08699870934530035127, -0.8637816666225177631 ) ) ;
#1075 = EDGE_LOOP ( 'NONE', ( #3219, #604, #2115, #403 ) ) ;
#1076 = DIRECTION ( 'NONE',  ( 0.7292504199660262421, 0.2249069998420400451, 0.6462280297243589988 ) ) ;
#1077 = ORIENTED_EDGE ( 'NONE', *, *, #2843, .F. ) ;
#1078 = ADVANCED_FACE ( 'NONE', ( #1485 ), #143, .T. ) ;
#1079 = EDGE_CURVE ( 'NONE', #2131, #834, #888, .T. ) ;
#1080 = ORIENTED_EDGE ( 'NONE', *, *, #2205, .T. ) ;
#1081 = DIRECTION ( 'NONE',  ( 0.7292504199660250208, 0.2249069998420399064, 0.6462280297243604421 ) ) ;
#1082 = EDGE_LOOP ( 'NONE', ( #1975, #2796, #2926, #1899 ) ) ;
#1083 = DIRECTION ( 'NONE',  ( -0.008861879339744286113, -0.1578149520867540845, 0.9874289381988069492 ) ) ;
#1084 = CARTESIAN_POINT ( 'NONE',  ( -5.669834767917159901, -3.733325768440129977, 131.9053882223694245 ) ) ;
#1085 = CARTESIAN_POINT ( 'NONE',  ( -2.488183825253079906, -0.9574436499150410507, 123.2782391716628041 ) ) ;
#1086 = DIRECTION ( 'NONE',  ( 0.7292504199660267972, 0.2249069998420404892, 0.6462280297243582217 ) ) ;
#1087 = LINE ( 'NONE', #1, #356 ) ;
#1088 = LINE ( 'NONE', #1417, #393 ) ;
#1089 = AXIS2_PLACEMENT_3D ( 'NONE', #914, #2030, #3468 ) ;
#1090 = CARTESIAN_POINT ( 'NONE',  ( -7.661398372329630391, 1.260188750076584041, 129.6474052368363914 ) ) ;
#1091 = ORIENTED_EDGE ( 'NONE', *, *, #890, .F. ) ;
#1092 = DIRECTION ( 'NONE',  ( 0.4036298484864445646, -0.9040139324509702812, -0.1408607658127077333 ) ) ;
#1093 = AXIS2_PLACEMENT_3D ( 'NONE', #1913, #265, #1086 ) ;
#1094 = AXIS2_PLACEMENT_3D ( 'NONE', #1349, #3528, #2487 ) ;
#1095 = DIRECTION ( 'NONE',  ( -0.4036298484864446201, 0.9040139324509702812, 0.1408607658127080386 ) ) ;
#1096 = AXIS2_PLACEMENT_3D ( 'NONE', #3010, #501, #1613 ) ;
#1097 = VERTEX_POINT ( 'NONE', #660 ) ;
#1098 = LINE ( 'NONE', #2220, #1511 ) ;
#1099 = CIRCLE ( 'NONE', #690, 4.500000000000000000 ) ;
#1100 = EDGE_LOOP ( 'NONE', ( #490, #380, #1607, #3291 ) ) ;
#1101 = CIRCLE ( 'NONE', #2095, 1.500000000000002887 ) ;
#1102 = EDGE_LOOP ( 'NONE', ( #3196, #925, #2723, #1217 ) ) ;
#1103 = CIRCLE ( 'NONE', #2739, 12.50000000000000355 ) ;
#1104 = FACE_OUTER_BOUND ( 'NONE', #756, .T. ) ;
#1105 = EDGE_CURVE ( 'NONE', #2880, #270, #1454, .T. ) ;
#1106 = CARTESIAN_POINT ( 'NONE',  ( -5.669834767917159901, -3.733325768440129977, 131.9053882223694245 ) ) ;
#1107 = CARTESIAN_POINT ( 'NONE',  ( -5.669834767917159901, -3.733325768440129977, 131.9053882223694245 ) ) ;
#1108 = EDGE_CURVE ( 'NONE', #381, #3138, #1343, .T. ) ;
#1109 = DIRECTION ( 'NONE',  ( 0.7292504199660262421, 0.2249069998420400451, 0.6462280297243589988 ) ) ;
#1110 = CIRCLE ( 'NONE', #883, 9.686499999999995225 ) ;
#1111 = CARTESIAN_POINT ( 'NONE',  ( -5.669834767917159901, -3.733325768440129977, 131.9053882223694245 ) ) ;
#1112 = DIRECTION ( 'NONE',  ( 0.7292504199660267972, 0.2249069998420404892, 0.6462280297243582217 ) ) ;
#1113 = VECTOR ( 'NONE', #1587, 1000.000000000000227 ) ;
#1114 = VERTEX_POINT ( 'NONE', #2575 ) ;
#1115 = DIRECTION ( 'NONE',  ( -0.4036298484864446201, 0.9040139324509702812, 0.1408607658127080386 ) ) ;
#1116 = DIRECTION ( 'NONE',  ( 0.7292504199660267972, 0.2249069998420404337, 0.6462280297243582217 ) ) ;
#1117 = VECTOR ( 'NONE', #1719, 1000.000000000000227 ) ;
#1118 = VECTOR ( 'NONE', #831, 1000.000000000000000 ) ;
#1119 = VERTEX_POINT ( 'NONE', #691 ) ;
#1120 = AXIS2_PLACEMENT_3D ( 'NONE', #4, #1095, #3322 ) ;
#1121 = FACE_OUTER_BOUND ( 'NONE', #514, .T. ) ;
#1122 = VERTEX_POINT ( 'NONE', #1803 ) ;
#1123 = LINE ( 'NONE', #1140, #1685 ) ;
#1124 = CARTESIAN_POINT ( 'NONE',  ( -6.594108380400339975, 1.124104393577782135, 133.5790340960193987 ) ) ;
#1125 = DIRECTION ( 'NONE',  ( 0.7292504199660267972, 0.2249069998420404615, 0.6462280297243582217 ) ) ;
#1126 = EDGE_CURVE ( 'NONE', #3420, #2490, #353, .T. ) ;
#1127 = CARTESIAN_POINT ( 'NONE',  ( -39.22480275448319986, -10.74823771659479910, 80.84639768771909019 ) ) ;
#1128 = DIRECTION ( 'NONE',  ( 0.4036298484864156988, -0.9040139324509844920, -0.1408607658126996565 ) ) ;
#1129 = ADVANCED_FACE ( 'NONE', ( #420 ), #2606, .T. ) ;
#1130 = EDGE_CURVE ( 'NONE', #1114, #1867, #828, .T. ) ;
#1131 = DIRECTION ( 'NONE',  ( 0.4036298484864156433, -0.9040139324509842700, -0.1408607658127000450 ) ) ;
#1132 = ORIENTED_EDGE ( 'NONE', *, *, #2534, .F. ) ;
#1133 = DIRECTION ( 'NONE',  ( 0.7292504199660267972, 0.2249069998420404615, 0.6462280297243582217 ) ) ;
#1134 = DIRECTION ( 'NONE',  ( -0.4036298484864441760, 0.9040139324509705032, 0.1408607658127080664 ) ) ;
#1135 = VERTEX_POINT ( 'NONE', #158 ) ;
#1136 = DIRECTION ( 'NONE',  ( -0.8431203278187567873, -0.4273054310210834816, 0.3264325067126100932 ) ) ;
#1137 = CARTESIAN_POINT ( 'NONE',  ( -16.08843944567239959, 2.908490728423204885, 94.92167279663289037 ) ) ;
#1138 = ORIENTED_EDGE ( 'NONE', *, *, #2311, .F. ) ;
#1139 = ORIENTED_EDGE ( 'NONE', *, *, #1961, .T. ) ;
#1140 = CARTESIAN_POINT ( 'NONE',  ( -11.25846404531846012, -5.011996365916809637, 124.0976672646939960 ) ) ;
#1141 = CYLINDRICAL_SURFACE ( 'NONE', #1159, 9.605000000000000426 ) ;
#1142 = DIRECTION ( 'NONE',  ( -0.6637165053083280419, -0.1833472909604439982, -0.7251649270881530551 ) ) ;
#1143 = DIRECTION ( 'NONE',  ( 0.7292504199660250208, 0.2249069998420394345, 0.6462280297243605531 ) ) ;
#1144 = CARTESIAN_POINT ( 'NONE',  ( -11.72428249521382071, 9.826883218324418579, 134.0182997095600115 ) ) ;
#1145 = LINE ( 'NONE', #2268, #1117 ) ;
#1146 = ADVANCED_FACE ( 'NONE', ( #2872 ), #1247, .T. ) ;
#1147 = ADVANCED_FACE ( 'NONE', ( #3245 ), #228, .T. ) ;
#1148 = CIRCLE ( 'NONE', #1908, 4.499999999999997335 ) ;
#1149 = DIRECTION ( 'NONE',  ( -0.7292504199660263531, -0.2249069998420400451, -0.6462280297243589988 ) ) ;
#1150 = ORIENTED_EDGE ( 'NONE', *, *, #2765, .T. ) ;
#1151 = CARTESIAN_POINT ( 'NONE',  ( -55.09321445187850230, -10.84632314187799906, 71.43075941214080160 ) ) ;
#1152 = EDGE_CURVE ( 'NONE', #944, #2626, #1576, .T. ) ;
#1153 = CARTESIAN_POINT ( 'NONE',  ( -5.673871066401650509, -3.724285629114095109, 131.9067968300275879 ) ) ;
#1154 = AXIS2_PLACEMENT_3D ( 'NONE', #1399, #2816, #314 ) ;
#1155 = ORIENTED_EDGE ( 'NONE', *, *, #2335, .T. ) ;
#1156 = DIRECTION ( 'NONE',  ( -0.4036298484864445646, 0.9040139324509700591, 0.1408607658127078166 ) ) ;
#1157 = VECTOR ( 'NONE', #1447, 1000.000000000000227 ) ;
#1158 = CARTESIAN_POINT ( 'NONE',  ( -2.592600383371554962, 1.624416339188955005, 141.8342717446631696 ) ) ;
#1159 = AXIS2_PLACEMENT_3D ( 'NONE', #2260, #873, #598 ) ;
#1160 = DIRECTION ( 'NONE',  ( 0.4036298484864445646, -0.9040139324509700591, -0.1408607658127078166 ) ) ;
#1161 = DIRECTION ( 'NONE',  ( 0.4036298484864153657, -0.9040139324509846031, -0.1408607658126995454 ) ) ;
#1162 = EDGE_CURVE ( 'NONE', #262, #1122, #748, .T. ) ;
#1163 = CIRCLE ( 'NONE', #583, 9.686500000000004107 ) ;
#1164 = ORIENTED_EDGE ( 'NONE', *, *, #1342, .T. ) ;
#1165 = CARTESIAN_POINT ( 'NONE',  ( -17.10359023152455293, -6.808878290300349967, 136.6287570078557962 ) ) ;
#1166 = DIRECTION ( 'NONE',  ( 0.7292504199660267972, 0.2249069998420404337, 0.6462280297243582217 ) ) ;
#1167 = CIRCLE ( 'NONE', #1400, 3.000000000000005773 ) ;
#1168 = EDGE_CURVE ( 'NONE', #2427, #2460, #2862, .T. ) ;
#1169 = AXIS2_PLACEMENT_3D ( 'NONE', #2600, #1679, #827 ) ;
#1170 = ORIENTED_EDGE ( 'NONE', *, *, #987, .F. ) ;
#1171 = DIRECTION ( 'NONE',  ( -0.4036298484864445646, 0.9040139324509700591, 0.1408607658127078166 ) ) ;
#1172 = AXIS2_PLACEMENT_3D ( 'NONE', #561, #798, #858 ) ;
#1173 = DIRECTION ( 'NONE',  ( -0.008861879339743418751, -0.1578149520867543620, 0.9874289381988069492 ) ) ;
#1174 = DIRECTION ( 'NONE',  ( 0.4036298484864156988, -0.9040139324509844920, -0.1408607658126996565 ) ) ;
#1175 = ORIENTED_EDGE ( 'NONE', *, *, #2940, .T. ) ;
#1176 = DIRECTION ( 'NONE',  ( -0.4036298484864446201, 0.9040139324509702812, 0.1408607658127080386 ) ) ;
#1177 = CARTESIAN_POINT ( 'NONE',  ( 0.1333890309140925989, -0.07655367108544260113, 125.0658784724905956 ) ) ;
#1178 = DIRECTION ( 'NONE',  ( 0.7292504199660267972, 0.2249069998420404337, 0.6462280297243582217 ) ) ;
#1179 = EDGE_LOOP ( 'NONE', ( #666, #1164, #1200, #2890 ) ) ;
#1180 = LINE ( 'NONE', #1670, #3140 ) ;
#1181 = DIRECTION ( 'NONE',  ( -0.4036298484864446201, 0.9040139324509702812, 0.1408607658127080386 ) ) ;
#1182 = EDGE_CURVE ( 'NONE', #2373, #3180, #2959, .T. ) ;
#1183 = UNCERTAINTY_MEASURE_WITH_UNIT (LENGTH_MEASURE( 1.000000000000000082E-05 ), #1625, 'distance_accuracy_value', 'NONE');
#1184 = ORIENTED_EDGE ( 'NONE', *, *, #3171, .T. ) ;
#1185 =( NAMED_UNIT ( * ) PLANE_ANGLE_UNIT ( ) SI_UNIT ( $, .RADIAN. ) );
#1186 = ORIENTED_EDGE ( 'NONE', *, *, #2873, .T. ) ;
#1187 = CARTESIAN_POINT ( 'NONE',  ( -8.942936269409498706, -0.5737837062589180581, 119.9972355311145975 ) ) ;
#1188 = ADVANCED_FACE ( 'NONE', ( #1070 ), #2977, .T. ) ;
#1189 = ADVANCED_FACE ( 'NONE', ( #473 ), #1622, .T. ) ;
#1190 = DIRECTION ( 'NONE',  ( -0.4036298484864446201, 0.9040139324509702812, 0.1408607658127080386 ) ) ;
#1191 = DIRECTION ( 'NONE',  ( -0.4036298484864153657, 0.9040139324509846031, 0.1408607658126995454 ) ) ;
#1192 = EDGE_LOOP ( 'NONE', ( #1040, #726, #424, #1008 ) ) ;
#1193 = CARTESIAN_POINT ( 'NONE',  ( 12.49352891836914026, -44.41399865264154556, 125.5666466050706020 ) ) ;
#1194 = CARTESIAN_POINT ( 'NONE',  ( -4.288669549943579185, -1.520364741487689964, 121.6607463993273939 ) ) ;
#1195 = ORIENTED_EDGE ( 'NONE', *, *, #1662, .T. ) ;
#1196 = CARTESIAN_POINT ( 'NONE',  ( -15.29205176227154972, -1.761910325359810070, 127.1773079021610044 ) ) ;
#1197 = ORIENTED_EDGE ( 'NONE', *, *, #1715, .F. ) ;
#1198 = DIRECTION ( 'NONE',  ( 0.2034861408257961080, -0.06140290946268939926, 0.9771504864663074219 ) ) ;
#1199 = VECTOR ( 'NONE', #2744, 1000.000000000000227 ) ;
#1200 = ORIENTED_EDGE ( 'NONE', *, *, #3053, .F. ) ;
#1201 = CARTESIAN_POINT ( 'NONE',  ( 3.311224902253699920, 0.7857202592477769976, 128.6379289419741951 ) ) ;
#1202 = CIRCLE ( 'NONE', #2092, 4.500000000000004441 ) ;
#1203 = EDGE_CURVE ( 'NONE', #441, #2402, #2193, .T. ) ;
#1204 = EDGE_LOOP ( 'NONE', ( #3227, #3158 ) ) ;
#1205 = AXIS2_PLACEMENT_3D ( 'NONE', #3225, #1314, #1582 ) ;
#1206 = FACE_OUTER_BOUND ( 'NONE', #1082, .T. ) ;
#1207 = VERTEX_POINT ( 'NONE', #210 ) ;
#1208 = CIRCLE ( 'NONE', #3255, 1.500000000000001554 ) ;
#1209 = DIRECTION ( 'NONE',  ( -0.4036298484864446201, 0.9040139324509702812, 0.1408607658127078444 ) ) ;
#1210 = CARTESIAN_POINT ( 'NONE',  ( -11.72428249521382071, 9.826883218324418579, 134.0182997095600115 ) ) ;
#1211 = ADVANCED_FACE ( 'NONE', ( #3298 ), #1019, .F. ) ;
#1212 = AXIS2_PLACEMENT_3D ( 'NONE', #3388, #554, #852 ) ;
#1213 =( GEOMETRIC_REPRESENTATION_CONTEXT ( 3 ) GLOBAL_UNCERTAINTY_ASSIGNED_CONTEXT ( ( #3405 ) ) GLOBAL_UNIT_ASSIGNED_CONTEXT ( ( #2633, #3461, #150 ) ) REPRESENTATION_CONTEXT ( 'NONE', 'WORKASPACE' ) );
#1214 = DIRECTION ( 'NONE',  ( -0.4036298484864446201, 0.9040139324509702812, 0.1408607658127080386 ) ) ;
#1215 = CARTESIAN_POINT ( 'NONE',  ( -5.669834767917159901, -3.733325768440129977, 131.9053882223694245 ) ) ;
#1216 = ORIENTED_EDGE ( 'NONE', *, *, #1754, .T. ) ;
#1217 = ORIENTED_EDGE ( 'NONE', *, *, #2914, .F. ) ;
#1218 = AXIS2_PLACEMENT_3D ( 'NONE', #2277, #1755, #569 ) ;
#1219 = AXIS2_PLACEMENT_3D ( 'NONE', #2602, #1174, #2546 ) ;
#1220 = VERTEX_POINT ( 'NONE', #197 ) ;
#1221 = AXIS2_PLACEMENT_3D ( 'NONE', #1509, #1022, #2104 ) ;
#1222 = ORIENTED_EDGE ( 'NONE', *, *, #1276, .F. ) ;
#1223 = CARTESIAN_POINT ( 'NONE',  ( -22.76783165342170179, -5.146805072972918893, 92.05428507522690040 ) ) ;
#1224 = AXIS2_PLACEMENT_3D ( 'NONE', #2363, #3222, #186 ) ;
#1225 = AXIS2_PLACEMENT_3D ( 'NONE', #1193, #1421, #915 ) ;
#1226 = DIRECTION ( 'NONE',  ( -0.4036298484864445646, 0.9040139324509700591, 0.1408607658127078166 ) ) ;
#1227 = EDGE_CURVE ( 'NONE', #1741, #2967, #1167, .T. ) ;
#1228 = DIRECTION ( 'NONE',  ( -0.008861879339743418751, -0.1578149520867543620, 0.9874289381988069492 ) ) ;
#1229 = CARTESIAN_POINT ( 'NONE',  ( -16.62810139192309933, -1.910101397101524823, 124.2999792597325808 ) ) ;
#1230 = ORIENTED_EDGE ( 'NONE', *, *, #1869, .T. ) ;
#1231 = EDGE_CURVE ( 'NONE', #1554, #1840, #3146, .T. ) ;
#1232 = CARTESIAN_POINT ( 'NONE',  ( -17.33760180234315129, -3.530561545259925271, 132.6667022500425901 ) ) ;
#1233 = ORIENTED_EDGE ( 'NONE', *, *, #3548, .T. ) ;
#1234 = ORIENTED_EDGE ( 'NONE', *, *, #1788, .T. ) ;
#1235 = DIRECTION ( 'NONE',  ( -0.4036298484864446201, 0.9040139324509702812, 0.1408607658127080386 ) ) ;
#1236 = DIRECTION ( 'NONE',  ( -0.8431203278187568984, -0.4273054310210833706, 0.3264325067126099822 ) ) ;
#1237 = ORIENTED_EDGE ( 'NONE', *, *, #1498, .T. ) ;
#1238 = ORIENTED_EDGE ( 'NONE', *, *, #3394, .T. ) ;
#1239 = SURFACE_STYLE_FILL_AREA ( #757 ) ;
#1240 = CARTESIAN_POINT ( 'NONE',  ( -52.91393890749650097, -10.17716926911572095, 73.38088535582390648 ) ) ;
#1241 = ORIENTED_EDGE ( 'NONE', *, *, #2206, .F. ) ;
#1242 = DIRECTION ( 'NONE',  ( 0.7292504199660250208, 0.2249069998420399064, 0.6462280297243604421 ) ) ;
#1243 = ORIENTED_EDGE ( 'NONE', *, *, #1907, .F. ) ;
#1244 = DIRECTION ( 'NONE',  ( -0.4036298484864441760, 0.9040139324509705032, 0.1408607658127082607 ) ) ;
#1245 = PRODUCT_DEFINITION_SHAPE ( 'NONE', 'NONE',  #324 ) ;
#1246 = EDGE_CURVE ( 'NONE', #1687, #2437, #2108, .T. ) ;
#1247 = CYLINDRICAL_SURFACE ( 'NONE', #3552, 9.686499999999998778 ) ;
#1248 = EDGE_CURVE ( 'NONE', #790, #2727, #2410, .T. ) ;
#1249 = ORIENTED_EDGE ( 'NONE', *, *, #3052, .F. ) ;
#1250 = DIRECTION ( 'NONE',  ( -0.4036298484864445646, 0.9040139324509700591, 0.1408607658127078166 ) ) ;
#1251 = EDGE_LOOP ( 'NONE', ( #355, #3499 ) ) ;
#1252 = DIRECTION ( 'NONE',  ( -0.4036298484864446201, 0.9040139324509702812, 0.1408607658127080386 ) ) ;
#1253 = SHAPE_DEFINITION_REPRESENTATION ( #1245, #371 ) ;
#1254 = ADVANCED_FACE ( 'NONE', ( #2719 ), #1035, .T. ) ;
#1255 = ORIENTED_EDGE ( 'NONE', *, *, #2889, .T. ) ;
#1256 = VERTEX_POINT ( 'NONE', #2658 ) ;
#1257 = AXIS2_PLACEMENT_3D ( 'NONE', #1334, #3256, #3292 ) ;
#1258 = ORIENTED_EDGE ( 'NONE', *, *, #2962, .T. ) ;
#1259 = DIRECTION ( 'NONE',  ( 0.008861879339743418751, 0.1578149520867543620, -0.9874289381988069492 ) ) ;
#1260 = LINE ( 'NONE', #2676, #1487 ) ;
#1261 = CARTESIAN_POINT ( 'NONE',  ( -5.669834767917159901, -3.733325768440129977, 131.9053882223694245 ) ) ;
#1262 = CIRCLE ( 'NONE', #3310, 4.499999999999994671 ) ;
#1263 = AXIS2_PLACEMENT_3D ( 'NONE', #2846, #830, #2015 ) ;
#1264 = CARTESIAN_POINT ( 'NONE',  ( -49.24147559849480160, -8.924574656897828362, 75.86527357994879139 ) ) ;
#1265 = CARTESIAN_POINT ( 'NONE',  ( -9.638965362704309925, -4.130083045946450149, 123.0783350201805888 ) ) ;
#1266 = COLOUR_RGB ( '',0.7764705882352941346, 0.7568627450980391913, 0.7372549019607843590 ) ;
#1267 = LINE ( 'NONE', #3493, #134 ) ;
#1268 = VERTEX_POINT ( 'NONE', #1600 ) ;
#1269 = ORIENTED_EDGE ( 'NONE', *, *, #2028, .F. ) ;
#1270 = EDGE_CURVE ( 'NONE', #2358, #1401, #2982, .T. ) ;
#1271 = CARTESIAN_POINT ( 'NONE',  ( -7.687984010349380171, 0.7867438938147219840, 132.6096920514330009 ) ) ;
#1272 = EDGE_LOOP ( 'NONE', ( #1669, #2077, #2754, #2838 ) ) ;
#1273 = ORIENTED_EDGE ( 'NONE', *, *, #1031, .T. ) ;
#1274 = CIRCLE ( 'NONE', #1935, 12.50000000000000355 ) ;
#1275 = EDGE_CURVE ( 'NONE', #3002, #1812, #1267, .T. ) ;
#1276 = EDGE_CURVE ( 'NONE', #2631, #1647, #2167, .T. ) ;
#1277 = DIRECTION ( 'NONE',  ( -0.4036298484864446201, 0.9040139324509702812, 0.1408607658127076501 ) ) ;
#1278 = AXIS2_PLACEMENT_3D ( 'NONE', #2643, #3137, #1781 ) ;
#1279 = ORIENTED_EDGE ( 'NONE', *, *, #3111, .T. ) ;
#1280 = CARTESIAN_POINT ( 'NONE',  ( -2.291878105037554736, 1.788177499183539965, 141.6449934709355887 ) ) ;
#1281 = ORIENTED_EDGE ( 'NONE', *, *, #453, .T. ) ;
#1282 = CIRCLE ( 'NONE', #2813, 9.686500000000002331 ) ;
#1283 = LINE ( 'NONE', #2421, #413 ) ;
#1284 = CARTESIAN_POINT ( 'NONE',  ( -6.689466977433170314, -2.696363357188685139, 122.3286799483866076 ) ) ;
#1285 = AXIS2_PLACEMENT_3D ( 'NONE', #1393, #2513, #32 ) ;
#1286 = CIRCLE ( 'NONE', #653, 9.686499999999998778 ) ;
#1287 = DIRECTION ( 'NONE',  ( -0.008861879339743418751, -0.1578149520867549449, 0.9874289381988069492 ) ) ;
#1288 = ORIENTED_EDGE ( 'NONE', *, *, #156, .T. ) ;
#1289 = CARTESIAN_POINT ( 'NONE',  ( -9.923346654599109584, -7.049197602145969910, 140.9976998404818005 ) ) ;
#1290 = ORIENTED_EDGE ( 'NONE', *, *, #632, .T. ) ;
#1291 = LINE ( 'NONE', #401, #137 ) ;
#1292 = ORIENTED_EDGE ( 'NONE', *, *, #930, .F. ) ;
#1293 = ORIENTED_EDGE ( 'NONE', *, *, #2292, .T. ) ;
#1294 = CARTESIAN_POINT ( 'NONE',  ( -9.394605946573388877, -1.860120327380165195, 144.7064499377989932 ) ) ;
#1295 = ORIENTED_EDGE ( 'NONE', *, *, #1906, .T. ) ;
#1296 = CARTESIAN_POINT ( 'NONE',  ( -18.52830803366154910, -3.325323738270415053, 127.9376181159350097 ) ) ;
#1297 = ADVANCED_FACE ( 'NONE', ( #283 ), #2817, .T. ) ;
#1298 = ADVANCED_FACE ( 'NONE', ( #1206 ), #879, .T. ) ;
#1299 = DIRECTION ( 'NONE',  ( 0.8742437189090512817, 0.3356881868840230210, 0.3507297551314816353 ) ) ;
#1300 = DIRECTION ( 'NONE',  ( 0.7292504199660250208, 0.2249069998420399619, 0.6462280297243604421 ) ) ;
#1301 = LINE ( 'NONE', #1015, #1624 ) ;
#1302 = DIRECTION ( 'NONE',  ( 0.7292504199660267972, 0.2249069998420404615, 0.6462280297243582217 ) ) ;
#1303 = CARTESIAN_POINT ( 'NONE',  ( -20.13807834743545300, 0.6960488155468049776, 97.51659818644290567 ) ) ;
#1304 = ORIENTED_EDGE ( 'NONE', *, *, #772, .F. ) ;
#1305 = DIRECTION ( 'NONE',  ( 0.6707575780832523149, 0.3970910963467116916, -0.6264207313348243433 ) ) ;
#1306 = ORIENTED_EDGE ( 'NONE', *, *, #2983, .T. ) ;
#1307 = CYLINDRICAL_SURFACE ( 'NONE', #992, 12.50000000000000355 ) ;
#1308 = ORIENTED_EDGE ( 'NONE', *, *, #1525, .F. ) ;
#1309 = CARTESIAN_POINT ( 'NONE',  ( 1.293075659821480095, 5.305789921502629625, 129.3422327710376010 ) ) ;
#1310 = VERTEX_POINT ( 'NONE', #1090 ) ;
#1311 = DIRECTION ( 'NONE',  ( -0.4036298484864446201, 0.9040139324509702812, 0.1408607658127080386 ) ) ;
#1312 = CARTESIAN_POINT ( 'NONE',  ( -7.687984010349380171, 0.7867438938147219840, 132.6096920514330009 ) ) ;
#1313 = CARTESIAN_POINT ( 'NONE',  ( 1.934232984005019862, -1.184671549265571944, 137.3377723716411936 ) ) ;
#1314 = DIRECTION ( 'NONE',  ( 0.8366479356893327113, 0.4270055996713116864, -0.3430545868460609382 ) ) ;
#1315 = EDGE_CURVE ( 'NONE', #1207, #3576, #195, .T. ) ;
#1316 = AXIS2_PLACEMENT_3D ( 'NONE', #2752, #260, #1081 ) ;
#1317 = AXIS2_PLACEMENT_3D ( 'NONE', #1003, #751, #2428 ) ;
#1318 = CARTESIAN_POINT ( 'NONE',  ( 2.074299610267699823, 0.3675239670907949896, 127.7774715045549812 ) ) ;
#1319 = VECTOR ( 'NONE', #2776, 1000.000000000000227 ) ;
#1320 = DIRECTION ( 'NONE',  ( 0.7292504199660254649, 0.2249069998420398231, 0.6462280297243599980 ) ) ;
#1321 = EDGE_CURVE ( 'NONE', #22, #159, #1663, .T. ) ;
#1322 = AXIS2_PLACEMENT_3D ( 'NONE', #2215, #1115, #1133 ) ;
#1323 = DIRECTION ( 'NONE',  ( 0.7292504199660254649, 0.2249069998420403504, 0.6462280297243598870 ) ) ;
#1324 = ORIENTED_EDGE ( 'NONE', *, *, #1615, .T. ) ;
#1325 = AXIS2_PLACEMENT_3D ( 'NONE', #2515, #1676, #295 ) ;
#1326 = PRESENTATION_STYLE_ASSIGNMENT (( #2412 ) ) ;
#1327 = LINE ( 'NONE', #3338, #833 ) ;
#1328 = ORIENTED_EDGE ( 'NONE', *, *, #1392, .F. ) ;
#1329 = CARTESIAN_POINT ( 'NONE',  ( -14.51188659060339958, -8.247287352246210901, 135.5385370403267871 ) ) ;
#1330 = AXIS2_PLACEMENT_3D ( 'NONE', #144, #1829, #379 ) ;
#1331 = CARTESIAN_POINT ( 'NONE',  ( -5.669834767917159901, -3.733325768440129977, 131.9053882223694245 ) ) ;
#1332 = EDGE_LOOP ( 'NONE', ( #44, #1872, #622, #3572 ) ) ;
#1333 = VERTEX_POINT ( 'NONE', #1942 ) ;
#1334 = CARTESIAN_POINT ( 'NONE',  ( -12.78336763732714054, -0.05092855155948030482, 123.3851123582024059 ) ) ;
#1335 = DIRECTION ( 'NONE',  ( -0.5227830422377119923, 0.8524657710129379673, 0.000000000000000000 ) ) ;
#1336 = CARTESIAN_POINT ( 'NONE',  ( -18.13725822249784869, -4.051703135513735177, 98.29484637233571220 ) ) ;
#1337 = DIRECTION ( 'NONE',  ( -0.4036298484864445646, 0.9040139324509700591, 0.1408607658127078166 ) ) ;
#1338 = AXIS2_PLACEMENT_3D ( 'NONE', #2578, #365, #904 ) ;
#1339 = AXIS2_PLACEMENT_3D ( 'NONE', #3103, #1209, #3413 ) ;
#1340 = CARTESIAN_POINT ( 'NONE',  ( 5.339102951987529266, 0.5441882466697769427, 135.9988176073470072 ) ) ;
#1341 = LINE ( 'NONE', #2246, #2002 ) ;
#1342 = EDGE_CURVE ( 'NONE', #1381, #3337, #1957, .T. ) ;
#1343 = CIRCLE ( 'NONE', #2568, 9.686500000000002331 ) ;
#1344 = AXIS2_PLACEMENT_3D ( 'NONE', #188, #1838, #1228 ) ;
#1345 = DIRECTION ( 'NONE',  ( 0.008861879339743833350, 0.1578149520867544175, -0.9874289381988069492 ) ) ;
#1346 = AXIS2_PLACEMENT_3D ( 'NONE', #1416, #1377, #1955 ) ;
#1347 = DIRECTION ( 'NONE',  ( 0.4036298484864446201, -0.9040139324509702812, -0.1408607658127076501 ) ) ;
#1348 = VERTEX_POINT ( 'NONE', #2235 ) ;
#1349 = CARTESIAN_POINT ( 'NONE',  ( -14.96313221031281948, -7.333244310188659298, 128.3793835302979858 ) ) ;
#1350 = ADVANCED_FACE ( 'NONE', ( #2777 ), #3088, .T. ) ;
#1351 = EDGE_CURVE ( 'NONE', #1654, #1310, #563, .T. ) ;
#1352 = CARTESIAN_POINT ( 'NONE',  ( -10.81970315655770065, -6.525095899882339623, 135.1366534719050208 ) ) ;
#1353 = EDGE_LOOP ( 'NONE', ( #787, #1062, #2932, #1230 ) ) ;
#1354 = DIRECTION ( 'NONE',  ( -0.4036298484864445646, 0.9040139324509700591, 0.1408607658127078166 ) ) ;
#1355 = ORIENTED_EDGE ( 'NONE', *, *, #908, .F. ) ;
#1356 = ORIENTED_EDGE ( 'NONE', *, *, #156, .F. ) ;
#1357 = DIRECTION ( 'NONE',  ( 0.1138699078527292824, 0.2023984311790449908, -0.9726605364369793616 ) ) ;
#1358 = ORIENTED_EDGE ( 'NONE', *, *, #3316, .T. ) ;
#1359 = VERTEX_POINT ( 'NONE', #1996 ) ;
#1360 = CARTESIAN_POINT ( 'NONE',  ( 3.517911076068044984, -0.2369760976220295079, 135.7936224275420045 ) ) ;
#1361 = DIRECTION ( 'NONE',  ( -0.4036298484864445646, 0.9040139324509700591, 0.1408607658127078166 ) ) ;
#1362 = CARTESIAN_POINT ( 'NONE',  ( -15.61902677070700030, -4.170136228228948916, 123.9478273452009915 ) ) ;
#1363 = CARTESIAN_POINT ( 'NONE',  ( -13.49120780918068085, -2.870028203539975120, 139.4492018013116024 ) ) ;
#1364 = ORIENTED_EDGE ( 'NONE', *, *, #3244, .F. ) ;
#1365 = CARTESIAN_POINT ( 'NONE',  ( 13.58740454831820088, -44.07663815287850184, 126.5359886496571988 ) ) ;
#1366 = VERTEX_POINT ( 'NONE', #2795 ) ;
#1367 = FACE_OUTER_BOUND ( 'NONE', #570, .T. ) ;
#1368 = EDGE_CURVE ( 'NONE', #1846, #2427, #256, .T. ) ;
#1369 = EDGE_CURVE ( 'NONE', #3438, #1419, #1145, .T. ) ;
#1370 = ORIENTED_EDGE ( 'NONE', *, *, #54, .T. ) ;
#1371 = ORIENTED_EDGE ( 'NONE', *, *, #2687, .F. ) ;
#1372 = EDGE_CURVE ( 'NONE', #159, #635, #29, .T. ) ;
#1373 = ORIENTED_EDGE ( 'NONE', *, *, #729, .T. ) ;
#1374 = DIRECTION ( 'NONE',  ( -0.008861879339743418751, -0.1578149520867543620, 0.9874289381988069492 ) ) ;
#1375 = DIRECTION ( 'NONE',  ( -0.4036298484864446201, 0.9040139324509702812, 0.1408607658127080386 ) ) ;
#1376 = CARTESIAN_POINT ( 'NONE',  ( 3.177021902818384813, 0.03477227787408255361, 133.0727983520259841 ) ) ;
#1377 = DIRECTION ( 'NONE',  ( -0.4036298484864446201, 0.9040139324509702812, 0.1408607658127076501 ) ) ;
#1378 = CARTESIAN_POINT ( 'NONE',  ( -11.25846404531846012, -5.011996365916809637, 124.0976672646939960 ) ) ;
#1379 = CIRCLE ( 'NONE', #3411, 1.500000000000002887 ) ;
#1380 = AXIS2_PLACEMENT_3D ( 'NONE', #3066, #500, #1394 ) ;
#1381 = VERTEX_POINT ( 'NONE', #2832 ) ;
#1382 = PLANE ( 'NONE',  #3135 ) ;
#1383 = CIRCLE ( 'NONE', #1977, 4.499999999999999112 ) ;
#1384 = CARTESIAN_POINT ( 'NONE',  ( -5.673871066401650509, -3.724285629114095109, 131.9067968300275879 ) ) ;
#1385 = CIRCLE ( 'NONE', #2971, 4.500000000000005329 ) ;
#1386 = VERTEX_POINT ( 'NONE', #3034 ) ;
#1387 = DIRECTION ( 'NONE',  ( -0.4036298484864446201, 0.9040139324509702812, 0.1408607658127080386 ) ) ;
#1388 = EDGE_CURVE ( 'NONE', #178, #2874, #2001, .T. ) ;
#1389 = ORIENTED_EDGE ( 'NONE', *, *, #3289, .F. ) ;
#1390 = VECTOR ( 'NONE', #1744, 1000.000000000000227 ) ;
#1391 = CARTESIAN_POINT ( 'NONE',  ( 3.172217054769050026, 0.7806358153659599397, 128.2722394044119767 ) ) ;
#1392 = EDGE_CURVE ( 'NONE', #962, #2131, #1578, .T. ) ;
#1393 = CARTESIAN_POINT ( 'NONE',  ( -13.26972922011436040, -6.039410769175550087, 124.9282056797223959 ) ) ;
#1394 = DIRECTION ( 'NONE',  ( -0.008861879339743833350, -0.1578149520867544453, 0.9874289381988069492 ) ) ;
#1395 = LINE ( 'NONE', #1894, #2272 ) ;
#1396 = ORIENTED_EDGE ( 'NONE', *, *, #3457, .F. ) ;
#1397 = CYLINDRICAL_SURFACE ( 'NONE', #419, 4.500000000000000888 ) ;
#1398 = AXIS2_PLACEMENT_3D ( 'NONE', #1629, #1871, #555 ) ;
#1399 = CARTESIAN_POINT ( 'NONE',  ( -7.687984010349380171, 0.7867438938147219840, 132.6096920514330009 ) ) ;
#1400 = AXIS2_PLACEMENT_3D ( 'NONE', #783, #506, #1287 ) ;
#1401 = VERTEX_POINT ( 'NONE', #2912 ) ;
#1402 = DIRECTION ( 'NONE',  ( -0.4036298484864445646, 0.9040139324509700591, 0.1408607658127078166 ) ) ;
#1403 = AXIS2_PLACEMENT_3D ( 'NONE', #3311, #2715, #3578 ) ;
#1404 = CARTESIAN_POINT ( 'NONE',  ( -14.51669143865270151, -7.501423814754329733, 130.7379780927125807 ) ) ;
#1405 = AXIS2_PLACEMENT_3D ( 'NONE', #1240, #2382, #3176 ) ;
#1406 = VECTOR ( 'NONE', #3069, 1000.000000000000227 ) ;
#1407 = ORIENTED_EDGE ( 'NONE', *, *, #2828, .F. ) ;
#1408 = CARTESIAN_POINT ( 'NONE',  ( -33.18196095119620281, -10.43044682779916066, 96.12236128195409890 ) ) ;
#1409 = LINE ( 'NONE', #1965, #2455 ) ;
#1410 = ORIENTED_EDGE ( 'NONE', *, *, #312, .T. ) ;
#1411 = DIRECTION ( 'NONE',  ( -0.4036298484864445646, 0.9040139324509700591, 0.1408607658127078166 ) ) ;
#1412 = CARTESIAN_POINT ( 'NONE',  ( 1.298169140858803861, 0.4328415741125409832, 125.1343121520757933 ) ) ;
#1413 = APPLICATION_CONTEXT ( 'automotive_design' ) ;
#1414 = EDGE_CURVE ( 'NONE', #867, #2221, #2986, .T. ) ;
#1415 = EDGE_CURVE ( 'NONE', #1753, #2181, #2520, .T. ) ;
#1416 = CARTESIAN_POINT ( 'NONE',  ( 3.517911076068044984, -0.2369760976220295079, 135.7936224275420045 ) ) ;
#1417 = CARTESIAN_POINT ( 'NONE',  ( -50.00649081611989288, -8.235109111538239546, 69.24831796457779376 ) ) ;
#1418 = CARTESIAN_POINT ( 'NONE',  ( -5.669834767917159901, -3.733325768440129977, 131.9053882223694245 ) ) ;
#1419 = VERTEX_POINT ( 'NONE', #2074 ) ;
#1420 = DIRECTION ( 'NONE',  ( 0.7292504199660254649, 0.2249069998420398231, 0.6462280297243599980 ) ) ;
#1421 = DIRECTION ( 'NONE',  ( -0.4036298484864441760, 0.9040139324509705032, 0.1408607658127080664 ) ) ;
#1422 = ORIENTED_EDGE ( 'NONE', *, *, #821, .F. ) ;
#1423 = DIRECTION ( 'NONE',  ( -0.4174915651033697106, -0.3189817150124994449, 0.8508533707726750883 ) ) ;
#1424 = CARTESIAN_POINT ( 'NONE',  ( -0.08391625842720140671, 3.335398112989279795, 138.0420762007047983 ) ) ;
#1425 = CIRCLE ( 'NONE', #3449, 4.499999999999994671 ) ;
#1426 = ORIENTED_EDGE ( 'NONE', *, *, #3244, .T. ) ;
#1427 = ORIENTED_EDGE ( 'NONE', *, *, #3007, .T. ) ;
#1428 = DIRECTION ( 'NONE',  ( -0.4036298484864446201, 0.9040139324509702812, 0.1408607658127076501 ) ) ;
#1429 = EDGE_CURVE ( 'NONE', #2771, #480, #892, .T. ) ;
#1430 = LINE ( 'NONE', #655, #2394 ) ;
#1431 = CARTESIAN_POINT ( 'NONE',  ( -0.7173087475960779891, -0.5169473308473609974, 143.2026177838251897 ) ) ;
#1432 = ORIENTED_EDGE ( 'NONE', *, *, #3130, .T. ) ;
#1433 = ADVANCED_FACE ( 'NONE', ( #721 ), #427, .T. ) ;
#1434 = DIRECTION ( 'NONE',  ( -0.4036298484864446201, 0.9040139324509702812, 0.1408607658127080386 ) ) ;
#1435 = ORIENTED_EDGE ( 'NONE', *, *, #112, .T. ) ;
#1436 = DIRECTION ( 'NONE',  ( -0.4036298484864445646, 0.9040139324509700591, 0.1408607658127078166 ) ) ;
#1437 = DIRECTION ( 'NONE',  ( -0.4036298484864446201, 0.9040139324509702812, 0.1408607658127080386 ) ) ;
#1438 = VERTEX_POINT ( 'NONE', #205 ) ;
#1439 = CIRCLE ( 'NONE', #335, 12.50000000000000355 ) ;
#1440 = AXIS2_PLACEMENT_3D ( 'NONE', #1801, #2319, #1468 ) ;
#1441 = ORIENTED_EDGE ( 'NONE', *, *, #2184, .F. ) ;
#1442 = LINE ( 'NONE', #3393, #2667 ) ;
#1443 = CIRCLE ( 'NONE', #68, 3.000000000000005773 ) ;
#1444 = VECTOR ( 'NONE', #447, 1000.000000000000227 ) ;
#1445 = AXIS2_PLACEMENT_3D ( 'NONE', #668, #2859, #610 ) ;
#1446 = CARTESIAN_POINT ( 'NONE',  ( -5.673871066401650509, -3.724285629114095109, 131.9067968300275879 ) ) ;
#1447 = DIRECTION ( 'NONE',  ( -0.4036298484864445646, 0.9040139324509700591, 0.1408607658127078166 ) ) ;
#1448 = ADVANCED_FACE ( 'NONE', ( #1836 ), #2130, .T. ) ;
#1449 = VERTEX_POINT ( 'NONE', #684 ) ;
#1450 = VECTOR ( 'NONE', #329, 1000.000000000000227 ) ;
#1451 = LINE ( 'NONE', #1177, #1000 ) ;
#1452 = CIRCLE ( 'NONE', #3546, 4.499999999999999112 ) ;
#1453 = EDGE_CURVE ( 'NONE', #2207, #749, #2933, .T. ) ;
#1454 = LINE ( 'NONE', #960, #2923 ) ;
#1455 = EDGE_CURVE ( 'NONE', #3230, #874, #2232, .T. ) ;
#1456 = ORIENTED_EDGE ( 'NONE', *, *, #3334, .F. ) ;
#1457 = DIRECTION ( 'NONE',  ( 0.4036298484864445646, -0.9040139324509700591, -0.1408607658127078166 ) ) ;
#1458 = FACE_OUTER_BOUND ( 'NONE', #3234, .T. ) ;
#1459 = ORIENTED_EDGE ( 'NONE', *, *, #3071, .T. ) ;
#1460 = AXIS2_PLACEMENT_3D ( 'NONE', #2591, #950, #2065 ) ;
#1461 = ORIENTED_EDGE ( 'NONE', *, *, #1415, .F. ) ;
#1462 = CIRCLE ( 'NONE', #3153, 9.686499999999998778 ) ;
#1463 = DIRECTION ( 'NONE',  ( 0.4036298484864446201, -0.9040139324509702812, -0.1408607658127076501 ) ) ;
#1464 = VERTEX_POINT ( 'NONE', #1296 ) ;
#1465 = CARTESIAN_POINT ( 'NONE',  ( -17.10286236961275108, -8.764639697609849733, 131.4344742121624279 ) ) ;
#1466 = DIRECTION ( 'NONE',  ( -0.008861879339743418751, -0.1578149520867543620, 0.9874289381988069492 ) ) ;
#1467 = ORIENTED_EDGE ( 'NONE', *, *, #1713, .F. ) ;
#1468 = DIRECTION ( 'NONE',  ( 0.7292504199660254649, 0.2249069998420398231, 0.6462280297243599980 ) ) ;
#1469 = CYLINDRICAL_SURFACE ( 'NONE', #3333, 9.686499999999998778 ) ;
#1470 = DIRECTION ( 'NONE',  ( 0.7292504199660267972, 0.2249069998420404615, 0.6462280297243582217 ) ) ;
#1471 = VERTEX_POINT ( 'NONE', #1557 ) ;
#1472 = DIRECTION ( 'NONE',  ( -0.4036298484864446201, 0.9040139324509702812, 0.1408607658127076501 ) ) ;
#1473 = ORIENTED_EDGE ( 'NONE', *, *, #1108, .T. ) ;
#1474 = ADVANCED_FACE ( 'NONE', ( #2060 ), #2895, .F. ) ;
#1475 = DIRECTION ( 'NONE',  ( 0.4036298484864445646, -0.9040139324509700591, -0.1408607658127078166 ) ) ;
#1476 = EDGE_LOOP ( 'NONE', ( #148, #2601, #3558, #1779, #905, #2238, #1491, #57, #989, #2576 ) ) ;
#1477 = DIRECTION ( 'NONE',  ( -0.4036298484864445646, 0.9040139324509700591, 0.1408607658127078166 ) ) ;
#1478 = AXIS2_PLACEMENT_3D ( 'NONE', #1084, #2497, #2757 ) ;
#1479 = EDGE_CURVE ( 'NONE', #404, #1590, #2949, .T. ) ;
#1480 = CARTESIAN_POINT ( 'NONE',  ( -5.529768141654390234, -2.181130252083725463, 122.3450873552829989 ) ) ;
#1481 = ORIENTED_EDGE ( 'NONE', *, *, #845, .T. ) ;
#1482 = FACE_OUTER_BOUND ( 'NONE', #359, .T. ) ;
#1483 = ORIENTED_EDGE ( 'NONE', *, *, #1351, .T. ) ;
#1484 = DIRECTION ( 'NONE',  ( 0.4962987577851417642, 0.08699870934529789490, 0.8637816666225196505 ) ) ;
#1485 = FACE_OUTER_BOUND ( 'NONE', #2804, .T. ) ;
#1486 = EDGE_LOOP ( 'NONE', ( #535, #1877, #1673, #917, #2668, #1020, #459, #694, #2823, #775, #1027, #3458, #3019, #541, #110, #1943, #2194, #2594, #207, #1222, #2561, #2101, #3218, #165, #3004, #2418, #884, #108, #2778, #155, #2944, #423, #1623, #2666, #3356, #1596, #97, #1782, #608, #3212, #2380, #1456, #2693, #2526, #1800, #1579, #3467, #183, #1371, #3374, #319, #573, #2491, #3035, #127, #2236, #1441, #2855, #493, #2109, #2201, #651, #2197, #3149, #1396, #171, #2636, #211, #1356, #1571, #734, #2820, #662, #118, #2811, #184, #3567 ) ) ;
#1487 = VECTOR ( 'NONE', #3508, 1000.000000000000227 ) ;
#1488 = VERTEX_POINT ( 'NONE', #2403 ) ;
#1489 = CIRCLE ( 'NONE', #1257, 4.500000000000000888 ) ;
#1490 = CIRCLE ( 'NONE', #2435, 3.000000000000005773 ) ;
#1491 = ORIENTED_EDGE ( 'NONE', *, *, #1768, .T. ) ;
#1492 = EDGE_CURVE ( 'NONE', #920, #3199, #1815, .T. ) ;
#1493 = CIRCLE ( 'NONE', #2552, 4.500000000000002665 ) ;
#1494 = CYLINDRICAL_SURFACE ( 'NONE', #3318, 4.500000000000000888 ) ;
#1495 = AXIS2_PLACEMENT_3D ( 'NONE', #1605, #2724, #1652 ) ;
#1496 = VECTOR ( 'NONE', #2482, 1000.000000000000000 ) ;
#1497 = DIRECTION ( 'NONE',  ( -0.4780616940607849141, 0.8783262586714190023, 0.000000000000000000 ) ) ;
#1498 = EDGE_CURVE ( 'NONE', #1554, #164, #2972, .T. ) ;
#1499 = VECTOR ( 'NONE', #331, 1000.000000000000114 ) ;
#1500 = AXIS2_PLACEMENT_3D ( 'NONE', #3396, #1763, #2879 ) ;
#1501 = CARTESIAN_POINT ( 'NONE',  ( -24.79523741637849810, -0.8724979781726288630, 94.23832370393040492 ) ) ;
#1502 = CARTESIAN_POINT ( 'NONE',  ( -14.65598791912529819, -3.379423448737934876, 139.3807681217263905 ) ) ;
#1503 = CIRCLE ( 'NONE', #1330, 9.686499999999998778 ) ;
#1504 = ORIENTED_EDGE ( 'NONE', *, *, #497, .F. ) ;
#1505 = CARTESIAN_POINT ( 'NONE',  ( 0.8047581102402109332, 4.914975206174760913, 130.4511463014395929 ) ) ;
#1506 = CARTESIAN_POINT ( 'NONE',  ( 1.541616739576460171, 0.4947996720056980213, 125.4342660350283865 ) ) ;
#1507 = ORIENTED_EDGE ( 'NONE', *, *, #2368, .T. ) ;
#1508 = ORIENTED_EDGE ( 'NONE', *, *, #1372, .F. ) ;
#1509 = CARTESIAN_POINT ( 'NONE',  ( -7.687984010348859698, 0.7867438938163169304, 132.6096920514330009 ) ) ;
#1510 = CARTESIAN_POINT ( 'NONE',  ( -0.2369191015727174776, -0.2553466070233775254, 142.9002546751800082 ) ) ;
#1511 = VECTOR ( 'NONE', #216, 1000.000000000000227 ) ;
#1512 = AXIS2_PLACEMENT_3D ( 'NONE', #600, #3383, #2045 ) ;
#1513 = ORIENTED_EDGE ( 'NONE', *, *, #328, .T. ) ;
#1514 = CYLINDRICAL_SURFACE ( 'NONE', #1495, 4.499999999999999112 ) ;
#1515 = CIRCLE ( 'NONE', #3491, 4.499999999999999112 ) ;
#1516 = AXIS2_PLACEMENT_3D ( 'NONE', #3455, #1252, #2706 ) ;
#1517 = EDGE_LOOP ( 'NONE', ( #1947, #1306, #794, #1533 ) ) ;
#1518 = CIRCLE ( 'NONE', #1813, 4.500000000000000888 ) ;
#1519 = VECTOR ( 'NONE', #847, 1000.000000000000227 ) ;
#1520 = CIRCLE ( 'NONE', #711, 12.50000000000000355 ) ;
#1521 = CARTESIAN_POINT ( 'NONE',  ( -13.80374450860909974, -6.686802313118599628, 127.5528291038379933 ) ) ;
#1522 = ORIENTED_EDGE ( 'NONE', *, *, #3270, .T. ) ;
#1523 = DIRECTION ( 'NONE',  ( -0.4036298484864446201, 0.9040139324509702812, 0.1408607658127076501 ) ) ;
#1524 = CARTESIAN_POINT ( 'NONE',  ( -5.529768141654390234, -2.181130252083725463, 122.3450873552829989 ) ) ;
#1525 = EDGE_CURVE ( 'NONE', #2903, #432, #407, .T. ) ;
#1526 = ADVANCED_FACE ( 'NONE', ( #168 ), #2634, .T. ) ;
#1527 = ORIENTED_EDGE ( 'NONE', *, *, #811, .T. ) ;
#1528 = DIRECTION ( 'NONE',  ( 0.4036298484864156433, -0.9040139324509842700, -0.1408607658127006279 ) ) ;
#1529 = EDGE_CURVE ( 'NONE', #1950, #3420, #1580, .T. ) ;
#1530 = DIRECTION ( 'NONE',  ( 0.7292504199660262421, 0.2249069998420400451, 0.6462280297243589988 ) ) ;
#1531 = VERTEX_POINT ( 'NONE', #2651 ) ;
#1532 = DIRECTION ( 'NONE',  ( -0.4036298484864446201, 0.9040139324509702812, 0.1408607658127076501 ) ) ;
#1533 = ORIENTED_EDGE ( 'NONE', *, *, #1863, .F. ) ;
#1534 = CARTESIAN_POINT ( 'NONE',  ( -5.669834767917159901, -3.733325768440129977, 131.9053882223694245 ) ) ;
#1535 = EDGE_LOOP ( 'NONE', ( #953, #149, #629, #3343 ) ) ;
#1536 = ORIENTED_EDGE ( 'NONE', *, *, #3549, .T. ) ;
#1537 = PRESENTATION_STYLE_ASSIGNMENT (( #426 ) ) ;
#1538 = ORIENTED_EDGE ( 'NONE', *, *, #895, .T. ) ;
#1539 = DIRECTION ( 'NONE',  ( 0.7292504199660250208, 0.2249069998420399064, 0.6462280297243604421 ) ) ;
#1540 = VERTEX_POINT ( 'NONE', #2112 ) ;
#1541 = FACE_OUTER_BOUND ( 'NONE', #1535, .T. ) ;
#1542 = DIRECTION ( 'NONE',  ( -0.4036298484864446201, 0.9040139324509702812, 0.1408607658127080386 ) ) ;
#1543 = ORIENTED_EDGE ( 'NONE', *, *, #725, .T. ) ;
#1544 = CARTESIAN_POINT ( 'NONE',  ( -10.24187063124070107, -7.160556293040460041, 140.7996604772704075 ) ) ;
#1545 = EDGE_CURVE ( 'NONE', #776, #675, #2729, .T. ) ;
#1546 = DIRECTION ( 'NONE',  ( -0.4036298484864445646, 0.9040139324509700591, 0.1408607658127078166 ) ) ;
#1547 =( GEOMETRIC_REPRESENTATION_CONTEXT ( 3 ) GLOBAL_UNCERTAINTY_ASSIGNED_CONTEXT ( ( #2860 ) ) GLOBAL_UNIT_ASSIGNED_CONTEXT ( ( #3170, #1185, #964 ) ) REPRESENTATION_CONTEXT ( 'NONE', 'WORKASPACE' ) );
#1548 = DIRECTION ( 'NONE',  ( -0.4036298484864446201, 0.9040139324509702812, 0.1408607658127076501 ) ) ;
#1549 = ORIENTED_EDGE ( 'NONE', *, *, #2222, .F. ) ;
#1550 = EDGE_CURVE ( 'NONE', #2200, #1119, #2756, .T. ) ;
#1551 = ORIENTED_EDGE ( 'NONE', *, *, #637, .T. ) ;
#1552 = DIRECTION ( 'NONE',  ( 0.4036298484864446201, -0.9040139324509702812, -0.1408607658127080386 ) ) ;
#1553 = EDGE_LOOP ( 'NONE', ( #3402, #520, #1770, #2508, #2003, #548, #3246, #3442, #2985, #1024, #1053, #2420, #1091, #1281, #3554, #2288, #1059, #1370, #3471, #2345, #258, #1473, #1324, #3045, #3188, #1831, #2905, #1988, #2507, #2678, #815, #2960, #201, #2187, #1295, #1766, #1756, #1410, #3477, #199, #3321, #557, #2057, #1761, #719, #870, #2370, #2251, #3275, #2784, #167, #1435, #287, #2818, #1773, #2258, #1857, #862, #3168, #2106, #1186, #421, #1818, #2275, #2891, #1806, #1249, #2858, #121, #3483, #1481, #2833, #1929, #220, #1258, #1689, #3043 ) ) ;
#1554 = VERTEX_POINT ( 'NONE', #496 ) ;
#1555 = CYLINDRICAL_SURFACE ( 'NONE', #2452, 4.500000000000000888 ) ;
#1556 = ORIENTED_EDGE ( 'NONE', *, *, #3165, .F. ) ;
#1557 = CARTESIAN_POINT ( 'NONE',  ( -6.809070762997490256, -6.144840811057229679, 144.1175435008919976 ) ) ;
#1558 = CIRCLE ( 'NONE', #510, 4.500000000000000000 ) ;
#1559 = ORIENTED_EDGE ( 'NONE', *, *, #681, .F. ) ;
#1560 = CARTESIAN_POINT ( 'NONE',  ( 2.822907352672435088, 0.3949055439199065654, 129.7468424723761871 ) ) ;
#1561 = DIRECTION ( 'NONE',  ( 0.7292504199660267972, 0.2249069998420404615, 0.6462280297243582217 ) ) ;
#1562 = CIRCLE ( 'NONE', #2555, 12.50000000000000355 ) ;
#1563 = EDGE_LOOP ( 'NONE', ( #1724, #1982, #60, #2697 ) ) ;
#1564 = EDGE_CURVE ( 'NONE', #1220, #855, #1282, .T. ) ;
#1565 = DIRECTION ( 'NONE',  ( -0.4036298484864446201, 0.9040139324509702812, 0.1408607658127080386 ) ) ;
#1566 = ORIENTED_EDGE ( 'NONE', *, *, #3111, .F. ) ;
#1567 = ORIENTED_EDGE ( 'NONE', *, *, #2831, .F. ) ;
#1568 = LINE ( 'NONE', #1849, #3492 ) ;
#1569 = ADVANCED_FACE ( 'NONE', ( #1104 ), #1063, .T. ) ;
#1570 = EDGE_CURVE ( 'NONE', #1657, #1867, #3575, .T. ) ;
#1571 = ORIENTED_EDGE ( 'NONE', *, *, #891, .F. ) ;
#1572 = FACE_OUTER_BOUND ( 'NONE', #993, .T. ) ;
#1573 = ORIENTED_EDGE ( 'NONE', *, *, #2557, .F. ) ;
#1574 = CIRCLE ( 'NONE', #2390, 4.500000000000000888 ) ;
#1575 = DIRECTION ( 'NONE',  ( -0.1138699078527353747, -0.2023984311790467949, 0.9726605364369782514 ) ) ;
#1576 = CIRCLE ( 'NONE', #2808, 12.50000000000000355 ) ;
#1577 = ORIENTED_EDGE ( 'NONE', *, *, #3129, .F. ) ;
#1578 = LINE ( 'NONE', #3160, #1644 ) ;
#1579 = ORIENTED_EDGE ( 'NONE', *, *, #2291, .F. ) ;
#1580 = CIRCLE ( 'NONE', #2172, 12.50000000000000355 ) ;
#1581 = DIRECTION ( 'NONE',  ( 0.6707575780832507606, 0.3970910963467103039, -0.6264207313348267858 ) ) ;
#1582 = DIRECTION ( 'NONE',  ( 0.000000000000000000, -0.6263080004603577278, -0.7795757106011887982 ) ) ;
#1583 = CIRCLE ( 'NONE', #1516, 4.500000000000000000 ) ;
#1584 = ORIENTED_EDGE ( 'NONE', *, *, #1031, .F. ) ;
#1585 = CARTESIAN_POINT ( 'NONE',  ( -7.687984010349380171, 0.7867438938147219840, 132.6096920514330009 ) ) ;
#1586 = DIRECTION ( 'NONE',  ( -0.7292504199660249098, -0.2249069998420399064, -0.6462280297243605531 ) ) ;
#1587 = DIRECTION ( 'NONE',  ( 0.4036298484864156433, -0.9040139324509842700, -0.1408607658127000450 ) ) ;
#1588 = ORIENTED_EDGE ( 'NONE', *, *, #965, .F. ) ;
#1589 = DIRECTION ( 'NONE',  ( -0.4036298484864445646, 0.9040139324509700591, 0.1408607658127078166 ) ) ;
#1590 = VERTEX_POINT ( 'NONE', #3022 ) ;
#1591 = EDGE_CURVE ( 'NONE', #1687, #1631, #592, .T. ) ;
#1592 = ORIENTED_EDGE ( 'NONE', *, *, #2597, .F. ) ;
#1593 = CARTESIAN_POINT ( 'NONE',  ( 2.906462375118690211, 1.278249094698765909, 124.3171575520806016 ) ) ;
#1594 = LINE ( 'NONE', #2224, #388 ) ;
#1595 = EDGE_CURVE ( 'NONE', #1488, #920, #1026, .T. ) ;
#1596 = ORIENTED_EDGE ( 'NONE', *, *, #3525, .F. ) ;
#1597 = DIRECTION ( 'NONE',  ( 0.4036298484864445646, -0.9040139324509700591, -0.1408607658127078166 ) ) ;
#1598 = CARTESIAN_POINT ( 'NONE',  ( -3.718853415562170195, 1.183501171321071910, 141.4367452536216092 ) ) ;
#1599 = DIRECTION ( 'NONE',  ( 0.7292504199660220232, 0.2249069998420374916, 0.6462280297243645499 ) ) ;
#1600 = CARTESIAN_POINT ( 'NONE',  ( -8.781859640298419478, 0.4493833940516699377, 131.6403500068464041 ) ) ;
#1601 = ORIENTED_EDGE ( 'NONE', *, *, #202, .T. ) ;
#1602 = FACE_OUTER_BOUND ( 'NONE', #1722, .T. ) ;
#1603 = CARTESIAN_POINT ( 'NONE',  ( 3.623462674478529877, -0.1334072266915724003, 135.4313929144405790 ) ) ;
#1604 = ORIENTED_EDGE ( 'NONE', *, *, #2291, .T. ) ;
#1605 = CARTESIAN_POINT ( 'NONE',  ( -10.76521839489491938, -4.570998213814329247, 122.6808085291390000 ) ) ;
#1606 = CARTESIAN_POINT ( 'NONE',  ( -14.07432650172519928, -1.602538794507210040, 94.21877757522750585 ) ) ;
#1607 = ORIENTED_EDGE ( 'NONE', *, *, #1479, .F. ) ;
#1608 = EDGE_CURVE ( 'NONE', #1386, #1704, #2961, .T. ) ;
#1609 = VERTEX_POINT ( 'NONE', #2787 ) ;
#1610 = DIRECTION ( 'NONE',  ( 0.1138699078527287689, 0.2023984311790434643, -0.9726605364369796947 ) ) ;
#1611 = ORIENTED_EDGE ( 'NONE', *, *, #1564, .F. ) ;
#1612 = DIRECTION ( 'NONE',  ( 0.4036298484864156433, -0.9040139324509842700, -0.1408607658127000450 ) ) ;
#1613 = DIRECTION ( 'NONE',  ( -0.2034861408258024917, 0.06140290946268643635, -0.9771504864663062007 ) ) ;
#1614 = EDGE_CURVE ( 'NONE', #1931, #1850, #2548, .T. ) ;
#1615 = EDGE_CURVE ( 'NONE', #3138, #417, #1489, .T. ) ;
#1616 = CIRCLE ( 'NONE', #64, 4.500000000000002665 ) ;
#1617 = DIRECTION ( 'NONE',  ( -0.4036298484864156988, 0.9040139324509844920, 0.1408607658127004614 ) ) ;
#1618 = DIRECTION ( 'NONE',  ( -0.4036298484864446201, 0.9040139324509702812, 0.1408607658127080386 ) ) ;
#1619 = AXIS2_PLACEMENT_3D ( 'NONE', #900, #358, #601 ) ;
#1620 = CARTESIAN_POINT ( 'NONE',  ( -3.616985899525660297, -1.387716639163126153, 122.7341172315962012 ) ) ;
#1621 = CIRCLE ( 'NONE', #67, 9.686500000000002331 ) ;
#1622 = PLANE ( 'NONE',  #705 ) ;
#1623 = ORIENTED_EDGE ( 'NONE', *, *, #3452, .F. ) ;
#1624 = VECTOR ( 'NONE', #189, 1000.000000000000227 ) ;
#1625 =( LENGTH_UNIT ( ) NAMED_UNIT ( * ) SI_UNIT ( .MILLI., .METRE. ) );
#1626 = CARTESIAN_POINT ( 'NONE',  ( -5.669834767917159901, -3.733325768440129977, 131.9053882223694245 ) ) ;
#1627 = AXIS2_PLACEMENT_3D ( 'NONE', #2400, #1277, #3253 ) ;
#1628 = ORIENTED_EDGE ( 'NONE', *, *, #1231, .T. ) ;
#1629 = CARTESIAN_POINT ( 'NONE',  ( -9.923346654599109584, -7.049197602145969910, 140.9976998404818005 ) ) ;
#1630 = ORIENTED_EDGE ( 'NONE', *, *, #949, .F. ) ;
#1631 = VERTEX_POINT ( 'NONE', #3559 ) ;
#1632 = CARTESIAN_POINT ( 'NONE',  ( -5.809901394179870060, -5.285521284796500296, 141.4656890894556227 ) ) ;
#1633 = ORIENTED_EDGE ( 'NONE', *, *, #406, .T. ) ;
#1634 = DIRECTION ( 'NONE',  ( 0.7292504199660262421, 0.2249069998420400451, 0.6462280297243589988 ) ) ;
#1635 = DIRECTION ( 'NONE',  ( 0.4036298484864445646, -0.9040139324509700591, -0.1408607658127078166 ) ) ;
#1636 = CIRCLE ( 'NONE', #1338, 9.605000000000000426 ) ;
#1637 = CYLINDRICAL_SURFACE ( 'NONE', #1346, 4.500000000000000888 ) ;
#1638 = AXIS2_PLACEMENT_3D ( 'NONE', #2034, #2100, #639 ) ;
#1639 = AXIS2_PLACEMENT_3D ( 'NONE', #3037, #3267, #1055 ) ;
#1640 = EDGE_CURVE ( 'NONE', #2490, #3425, #1974, .T. ) ;
#1641 = EDGE_CURVE ( 'NONE', #2207, #441, #1379, .T. ) ;
#1642 = CIRCLE ( 'NONE', #354, 4.499999999999993783 ) ;
#1643 = CARTESIAN_POINT ( 'NONE',  ( -8.659869007184221701, -1.517046440601944823, 144.6100298033049967 ) ) ;
#1644 = VECTOR ( 'NONE', #3504, 1000.000000000000227 ) ;
#1645 = CIRCLE ( 'NONE', #3382, 9.686499999999988120 ) ;
#1646 = DIRECTION ( 'NONE',  ( -0.4036298484864446201, 0.9040139324509702812, 0.1408607658127078444 ) ) ;
#1647 = VERTEX_POINT ( 'NONE', #1632 ) ;
#1648 =( NAMED_UNIT ( * ) SI_UNIT ( $, .STERADIAN. ) SOLID_ANGLE_UNIT ( ) );
#1649 = ADVANCED_FACE ( 'NONE', ( #814 ), #2495, .T. ) ;
#1650 = DIRECTION ( 'NONE',  ( -0.4036298484864446201, 0.9040139324509702812, 0.1408607658127076501 ) ) ;
#1651 = EDGE_LOOP ( 'NONE', ( #1355, #2946, #1237, #1584 ) ) ;
#1652 = DIRECTION ( 'NONE',  ( 0.7292504199660271302, 0.2249069998420405447, 0.6462280297243576666 ) ) ;
#1653 = DIRECTION ( 'NONE',  ( -0.4036298484864446201, 0.9040139324509702812, 0.1408607658127080386 ) ) ;
#1654 = VERTEX_POINT ( 'NONE', #2202 ) ;
#1655 = ORIENTED_EDGE ( 'NONE', *, *, #1342, .F. ) ;
#1656 = FACE_OUTER_BOUND ( 'NONE', #92, .T. ) ;
#1657 = VERTEX_POINT ( 'NONE', #13 ) ;
#1658 = CARTESIAN_POINT ( 'NONE',  ( -4.650202558401089981, -4.770288179691540620, 141.4820964963520282 ) ) ;
#1659 = FACE_OUTER_BOUND ( 'NONE', #1720, .T. ) ;
#1660 = CARTESIAN_POINT ( 'NONE',  ( -1.245993722788830027, 2.004688224104044902, 143.2524065897115975 ) ) ;
#1661 = LINE ( 'NONE', #1916, #1319 ) ;
#1662 = EDGE_CURVE ( 'NONE', #2361, #3094, #1594, .T. ) ;
#1663 = LINE ( 'NONE', #1431, #1519 ) ;
#1664 = VECTOR ( 'NONE', #2907, 1000.000000000000227 ) ;
#1665 = EDGE_LOOP ( 'NONE', ( #25, #1508, #2213, #2164 ) ) ;
#1666 = DIRECTION ( 'NONE',  ( -0.4036298484864445646, 0.9040139324509700591, 0.1408607658127078166 ) ) ;
#1667 = EDGE_CURVE ( 'NONE', #38, #461, #2712, .T. ) ;
#1668 = ADVANCED_FACE ( 'NONE', ( #1656 ), #3329, .T. ) ;
#1669 = ORIENTED_EDGE ( 'NONE', *, *, #1321, .T. ) ;
#1670 = CARTESIAN_POINT ( 'NONE',  ( -41.23891569843040372, -6.237208193664380396, 81.54929290912450313 ) ) ;
#1671 = CARTESIAN_POINT ( 'NONE',  ( -18.11193699082890163, -6.504604866482429415, 131.7866261266941876 ) ) ;
#1672 = ORIENTED_EDGE ( 'NONE', *, *, #959, .F. ) ;
#1673 = ORIENTED_EDGE ( 'NONE', *, *, #1550, .F. ) ;
#1674 = DIRECTION ( 'NONE',  ( -0.7292504199660272413, -0.2249069998420404892, -0.6462280297243574445 ) ) ;
#1675 = DIRECTION ( 'NONE',  ( 0.7292504199660262421, 0.2249069998420400451, 0.6462280297243589988 ) ) ;
#1676 = DIRECTION ( 'NONE',  ( -0.4036298484864446201, 0.9040139324509702812, 0.1408607658127076501 ) ) ;
#1677 = DIRECTION ( 'NONE',  ( 0.7292504199660254649, 0.2249069998420398231, 0.6462280297243599980 ) ) ;
#1678 = PLANE ( 'NONE',  #975 ) ;
#1679 = DIRECTION ( 'NONE',  ( -0.4036298484864446201, 0.9040139324509702812, 0.1408607658127076501 ) ) ;
#1680 = EDGE_LOOP ( 'NONE', ( #3286, #1504, #1655, #2399 ) ) ;
#1681 = CARTESIAN_POINT ( 'NONE',  ( -13.48590303469889840, -6.181654107588409275, 125.2216568437679882 ) ) ;
#1682 = AXIS2_PLACEMENT_3D ( 'NONE', #1844, #2367, #2136 ) ;
#1683 = VECTOR ( 'NONE', #1402, 1000.000000000000227 ) ;
#1684 = CARTESIAN_POINT ( 'NONE',  ( -15.33725425821850052, -7.998228738414679739, 131.5750807840400114 ) ) ;
#1685 = VECTOR ( 'NONE', #1156, 1000.000000000000227 ) ;
#1686 = AXIS2_PLACEMENT_3D ( 'NONE', #1502, #103, #88 ) ;
#1687 = VERTEX_POINT ( 'NONE', #1952 ) ;
#1688 = CARTESIAN_POINT ( 'NONE',  ( 1.154067812336823984, 5.300705477620810235, 128.9765432334753825 ) ) ;
#1689 = ORIENTED_EDGE ( 'NONE', *, *, #2043, .F. ) ;
#1690 = CIRCLE ( 'NONE', #1500, 1.500000000000002665 ) ;
#1691 = EDGE_CURVE ( 'NONE', #3180, #270, #2790, .T. ) ;
#1692 = ADVANCED_FACE ( 'NONE', ( #62 ), #2583, .T. ) ;
#1693 = CIRCLE ( 'NONE', #126, 4.499999999999998224 ) ;
#1694 = ORIENTED_EDGE ( 'NONE', *, *, #3171, .F. ) ;
#1695 = CARTESIAN_POINT ( 'NONE',  ( -16.39032744182275181, -2.724488634094954786, 130.2078704124176056 ) ) ;
#1696 = DIRECTION ( 'NONE',  ( -0.4036298484864446201, 0.9040139324509702812, 0.1408607658127080386 ) ) ;
#1697 = DIRECTION ( 'NONE',  ( -0.4036298484864446201, 0.9040139324509702812, 0.1408607658127080386 ) ) ;
#1698 = CIRCLE ( 'NONE', #881, 12.50000000000000355 ) ;
#1699 = CYLINDRICAL_SURFACE ( 'NONE', #1172, 9.686499999999998778 ) ;
#1700 = VECTOR ( 'NONE', #3077, 1000.000000000000000 ) ;
#1701 = CARTESIAN_POINT ( 'NONE',  ( -27.83736541112205387, -1.159024660818007924, 87.36011639848010191 ) ) ;
#1702 = CARTESIAN_POINT ( 'NONE',  ( -24.78194459736890209, -0.6357755500425069650, 92.75718029663229913 ) ) ;
#1703 = AXIS2_PLACEMENT_3D ( 'NONE', #1917, #3229, #2704 ) ;
#1704 = VERTEX_POINT ( 'NONE', #321 ) ;
#1705 = AXIS2_PLACEMENT_3D ( 'NONE', #754, #1235, #3498 ) ;
#1706 = CARTESIAN_POINT ( 'NONE',  ( 12.49352891836914026, -44.41399865264154556, 125.5666466050706020 ) ) ;
#1707 = AXIS2_PLACEMENT_3D ( 'NONE', #738, #1855, #3444 ) ;
#1708 = CIRCLE ( 'NONE', #536, 4.500000000000000000 ) ;
#1709 = EDGE_LOOP ( 'NONE', ( #683, #584, #773, #2556 ) ) ;
#1710 = LINE ( 'NONE', #621, #1700 ) ;
#1711 = ORIENTED_EDGE ( 'NONE', *, *, #1771, .F. ) ;
#1712 = ORIENTED_EDGE ( 'NONE', *, *, #2247, .T. ) ;
#1713 = EDGE_CURVE ( 'NONE', #2454, #1687, #1123, .T. ) ;
#1714 = CARTESIAN_POINT ( 'NONE',  ( 0.4994170840759190044, 5.699343619893340041, 124.5422992104752069 ) ) ;
#1715 = EDGE_CURVE ( 'NONE', #716, #1097, #1442, .T. ) ;
#1716 = EDGE_CURVE ( 'NONE', #2141, #716, #3134, .T. ) ;
#1717 = DIRECTION ( 'NONE',  ( -0.4036298484864445646, 0.9040139324509700591, 0.1408607658127078166 ) ) ;
#1718 = FACE_OUTER_BOUND ( 'NONE', #1517, .T. ) ;
#1719 = DIRECTION ( 'NONE',  ( 0.4036298484864445646, -0.9040139324509700591, -0.1408607658127078166 ) ) ;
#1720 = EDGE_LOOP ( 'NONE', ( #1288, #303, #316, #2391 ) ) ;
#1721 = CARTESIAN_POINT ( 'NONE',  ( -5.669834767917159901, -3.733325768440129977, 131.9053882223694245 ) ) ;
#1722 = EDGE_LOOP ( 'NONE', ( #2255, #2183, #3237, #3513 ) ) ;
#1723 = DIRECTION ( 'NONE',  ( -0.4036298484864156433, 0.9040139324509842700, 0.1408607658127001838 ) ) ;
#1724 = ORIENTED_EDGE ( 'NONE', *, *, #3571, .T. ) ;
#1725 = ORIENTED_EDGE ( 'NONE', *, *, #2443, .T. ) ;
#1726 = DIRECTION ( 'NONE',  ( -0.4036298484864446201, 0.9040139324509702812, 0.1408607658127076501 ) ) ;
#1727 = DIRECTION ( 'NONE',  ( -0.4962987577851454279, -0.08699870934530053168, -0.8637816666225172080 ) ) ;
#1728 = EDGE_CURVE ( 'NONE', #1023, #22, #3314, .T. ) ;
#1729 = PRODUCT_DEFINITION_CONTEXT ( 'detailed design', #1413, 'design' ) ;
#1730 = DIRECTION ( 'NONE',  ( 0.4036298484864446201, -0.9040139324509702812, -0.1408607658127080386 ) ) ;
#1731 = DIRECTION ( 'NONE',  ( 0.4036298484864445646, -0.9040139324509700591, -0.1408607658127078166 ) ) ;
#1732 = EDGE_CURVE ( 'NONE', #2072, #2141, #3408, .T. ) ;
#1733 = ADVANCED_FACE ( 'NONE', ( #3375, #894 ), #3358, .F. ) ;
#1734 = VERTEX_POINT ( 'NONE', #1695 ) ;
#1735 = CARTESIAN_POINT ( 'NONE',  ( -12.63783867669308059, -7.899493110992779954, 138.6764642926629847 ) ) ;
#1736 = VERTEX_POINT ( 'NONE', #2878 ) ;
#1737 = AXIS2_PLACEMENT_3D ( 'NONE', #2154, #1826, #2120 ) ;
#1738 = CYLINDRICAL_SURFACE ( 'NONE', #2559, 1.500000000000002887 ) ;
#1739 = CARTESIAN_POINT ( 'NONE',  ( -7.687984010349380171, 0.7867438938147219840, 132.6096920514330009 ) ) ;
#1740 = EDGE_LOOP ( 'NONE', ( #3412, #494, #3254, #399 ) ) ;
#1741 = VERTEX_POINT ( 'NONE', #2840 ) ;
#1742 = CARTESIAN_POINT ( 'NONE',  ( -50.89982596354929711, -14.68819879204612100, 72.67799013441850775 ) ) ;
#1743 = CIRCLE ( 'NONE', #3417, 1.500000000000002887 ) ;
#1744 = DIRECTION ( 'NONE',  ( 0.4036298484864156433, -0.9040139324509842700, -0.1408607658127000450 ) ) ;
#1745 = LINE ( 'NONE', #1701, #1750 ) ;
#1746 = ORIENTED_EDGE ( 'NONE', *, *, #2247, .F. ) ;
#1747 = DIRECTION ( 'NONE',  ( 0.4962987577851399323, 0.08699870934529757571, 0.8637816666225206497 ) ) ;
#1748 = EDGE_CURVE ( 'NONE', #1931, #417, #82, .T. ) ;
#1749 = CIRCLE ( 'NONE', #2049, 1.499999999999932720 ) ;
#1750 = VECTOR ( 'NONE', #373, 1000.000000000000227 ) ;
#1751 = DIRECTION ( 'NONE',  ( -0.4036298484864446201, 0.9040139324509702812, 0.1408607658127076501 ) ) ;
#1752 = DIRECTION ( 'NONE',  ( -0.4036298484864445646, 0.9040139324509700591, 0.1408607658127078166 ) ) ;
#1753 = VERTEX_POINT ( 'NONE', #907 ) ;
#1754 = EDGE_CURVE ( 'NONE', #2343, #3060, #1202, .T. ) ;
#1755 = DIRECTION ( 'NONE',  ( -0.4036298484864446201, 0.9040139324509702812, 0.1408607658127080386 ) ) ;
#1756 = ORIENTED_EDGE ( 'NONE', *, *, #219, .F. ) ;
#1757 = VECTOR ( 'NONE', #3426, 1000.000000000000227 ) ;
#1758 = CIRCLE ( 'NONE', #2459, 4.499999999999997335 ) ;
#1759 = CARTESIAN_POINT ( 'NONE',  ( -7.995128301536869486, -3.167076967635995111, 121.6083074600044114 ) ) ;
#1760 = VECTOR ( 'NONE', #87, 1000.000000000000227 ) ;
#1761 = ORIENTED_EDGE ( 'NONE', *, *, #225, .T. ) ;
#1762 = CARTESIAN_POINT ( 'NONE',  ( 11.39965328842009917, -44.75135915240460349, 124.5973045604840195 ) ) ;
#1763 = DIRECTION ( 'NONE',  ( -0.4036298484864153657, 0.9040139324509846031, 0.1408607658126995454 ) ) ;
#1764 = CARTESIAN_POINT ( 'NONE',  ( -5.635135141957880123, 3.132353023091724697, 123.4384210606598060 ) ) ;
#1765 = CARTESIAN_POINT ( 'NONE',  ( -3.024841774417764917, -2.099742287515070416, 129.0714968754075755 ) ) ;
#1766 = ORIENTED_EDGE ( 'NONE', *, *, #2914, .T. ) ;
#1767 = CARTESIAN_POINT ( 'NONE',  ( -15.43211838853424922, -3.314105841716204814, 136.7376087692472026 ) ) ;
#1768 = EDGE_CURVE ( 'NONE', #1812, #3293, #1443, .T. ) ;
#1769 = CYLINDRICAL_SURFACE ( 'NONE', #307, 4.499999999999999112 ) ;
#1770 = ORIENTED_EDGE ( 'NONE', *, *, #3092, .F. ) ;
#1771 = EDGE_CURVE ( 'NONE', #1401, #1268, #647, .T. ) ;
#1772 = EDGE_LOOP ( 'NONE', ( #125, #1549, #334, #1507 ) ) ;
#1773 = ORIENTED_EDGE ( 'NONE', *, *, #36, .T. ) ;
#1774 = DIRECTION ( 'NONE',  ( 0.7292504199660254649, 0.2249069998420398231, 0.6462280297243599980 ) ) ;
#1775 = CARTESIAN_POINT ( 'NONE',  ( -49.24147559849480160, -8.924574656897828362, 75.86527357994879139 ) ) ;
#1776 = ORIENTED_EDGE ( 'NONE', *, *, #3525, .T. ) ;
#1777 = CYLINDRICAL_SURFACE ( 'NONE', #2341, 4.500000000000000888 ) ;
#1778 = LINE ( 'NONE', #3128, #14 ) ;
#1779 = ORIENTED_EDGE ( 'NONE', *, *, #860, .F. ) ;
#1780 = CARTESIAN_POINT ( 'NONE',  ( -20.13807834743545300, 0.6960488155468049776, 97.51659818644290567 ) ) ;
#1781 = DIRECTION ( 'NONE',  ( -0.008861879339743583550, -0.1578149520867547229, 0.9874289381988068381 ) ) ;
#1782 = ORIENTED_EDGE ( 'NONE', *, *, #1987, .F. ) ;
#1783 = CARTESIAN_POINT ( 'NONE',  ( -3.115948147025905168, 4.213974418415034506, 123.7154197965317906 ) ) ;
#1784 = VERTEX_POINT ( 'NONE', #574 ) ;
#1785 = CARTESIAN_POINT ( 'NONE',  ( -11.72428249521382071, 9.826883218324418579, 134.0182997095600115 ) ) ;
#1786 = DIRECTION ( 'NONE',  ( -0.4036298484864446201, 0.9040139324509702812, 0.1408607658127080386 ) ) ;
#1787 = ORIENTED_EDGE ( 'NONE', *, *, #1912, .F. ) ;
#1788 = EDGE_CURVE ( 'NONE', #887, #3002, #1034, .T. ) ;
#1789 = ADVANCED_FACE ( 'NONE', ( #1968 ), #1514, .T. ) ;
#1790 = ORIENTED_EDGE ( 'NONE', *, *, #2009, .T. ) ;
#1791 = CIRCLE ( 'NONE', #1856, 9.686500000000002331 ) ;
#1792 = AXIS2_PLACEMENT_3D ( 'NONE', #31, #2243, #856 ) ;
#1793 = AXIS2_PLACEMENT_3D ( 'NONE', #1107, #3049, #1125 ) ;
#1794 = DIRECTION ( 'NONE',  ( 0.4036298484864156433, -0.9040139324509842700, -0.1408607658127000450 ) ) ;
#1795 = ADVANCED_FACE ( 'NONE', ( #807 ), #234, .T. ) ;
#1796 = CIRCLE ( 'NONE', #3193, 1.499999999999974909 ) ;
#1797 = CARTESIAN_POINT ( 'NONE',  ( -10.76521839489491938, -4.570998213814329247, 122.6808085291390000 ) ) ;
#1798 = DIRECTION ( 'NONE',  ( 0.7292504199660267972, 0.2249069998420404892, 0.6462280297243582217 ) ) ;
#1799 = PRESENTATION_LAYER_ASSIGNMENT (  '', '', ( #2857 ) ) ;
#1800 = ORIENTED_EDGE ( 'NONE', *, *, #3427, .F. ) ;
#1801 = CARTESIAN_POINT ( 'NONE',  ( -12.63783867669308059, -7.899493110992779954, 138.6764642926629847 ) ) ;
#1802 = AXIS2_PLACEMENT_3D ( 'NONE', #954, #969, #2379 ) ;
#1803 = CARTESIAN_POINT ( 'NONE',  ( -10.63243470921783995, -7.630405838394410445, 142.6959103946726088 ) ) ;
#1804 = ORIENTED_EDGE ( 'NONE', *, *, #1748, .F. ) ;
#1805 = CARTESIAN_POINT ( 'NONE',  ( 0.1333890309140925989, -0.07655367108544260113, 125.0658784724905956 ) ) ;
#1806 = ORIENTED_EDGE ( 'NONE', *, *, #1372, .T. ) ;
#1807 = CARTESIAN_POINT ( 'NONE',  ( -1.726383368812189900, 1.743087500280065205, 143.5547696983569779 ) ) ;
#1808 = CARTESIAN_POINT ( 'NONE',  ( -12.88128627541081883, -7.961451208885960362, 138.3765104097100220 ) ) ;
#1809 = CIRCLE ( 'NONE', #2282, 4.500000000000005329 ) ;
#1810 = EDGE_LOOP ( 'NONE', ( #1138, #791, #672, #529 ) ) ;
#1811 = VECTOR ( 'NONE', #985, 1000.000000000000227 ) ;
#1812 = VERTEX_POINT ( 'NONE', #2769 ) ;
#1813 = AXIS2_PLACEMENT_3D ( 'NONE', #1797, #2365, #1014 ) ;
#1814 = FILL_AREA_STYLE_COLOUR ( '', #1266 ) ;
#1815 = CIRCLE ( 'NONE', #1707, 4.500000000000000000 ) ;
#1816 = AXIS2_PLACEMENT_3D ( 'NONE', #1706, #1134, #74 ) ;
#1817 = ADVANCED_FACE ( 'NONE', ( #7 ), #2219, .T. ) ;
#1818 = ORIENTED_EDGE ( 'NONE', *, *, #498, .F. ) ;
#1819 = DIRECTION ( 'NONE',  ( 0.7292504199660267972, 0.2249069998420404615, 0.6462280297243582217 ) ) ;
#1820 = CARTESIAN_POINT ( 'NONE',  ( 6.809559152009169836, 4.745897129772229661, 113.3176732959896071 ) ) ;
#1821 = CARTESIAN_POINT ( 'NONE',  ( -13.12089967669376023, -2.691235267601995051, 121.6148255986221898 ) ) ;
#1822 = ADVANCED_FACE ( 'NONE', ( #1572 ), #1738, .F. ) ;
#1823 = EDGE_CURVE ( 'NONE', #1850, #2894, #1099, .T. ) ;
#1824 = ORIENTED_EDGE ( 'NONE', *, *, #1732, .T. ) ;
#1825 = CYLINDRICAL_SURFACE ( 'NONE', #1089, 4.499999999999999112 ) ;
#1826 = DIRECTION ( 'NONE',  ( -0.4036298484864441760, 0.9040139324509705032, 0.1408607658127080664 ) ) ;
#1827 = DIRECTION ( 'NONE',  ( 0.4036298484864446201, -0.9040139324509702812, -0.1408607658127076501 ) ) ;
#1828 = ORIENTED_EDGE ( 'NONE', *, *, #1315, .T. ) ;
#1829 = DIRECTION ( 'NONE',  ( -0.4036298484864446201, 0.9040139324509702812, 0.1408607658127076501 ) ) ;
#1830 = FACE_OUTER_BOUND ( 'NONE', #3223, .T. ) ;
#1831 = ORIENTED_EDGE ( 'NONE', *, *, #2267, .T. ) ;
#1832 = CARTESIAN_POINT ( 'NONE',  ( -7.687984010349380171, 0.7867438938147219840, 132.6096920514330009 ) ) ;
#1833 = ORIENTED_EDGE ( 'NONE', *, *, #2090, .F. ) ;
#1834 = VERTEX_POINT ( 'NONE', #585 ) ;
#1835 = CARTESIAN_POINT ( 'NONE',  ( 1.605313432046304944, 4.386662435563274620, 136.1356967435042122 ) ) ;
#1836 = FACE_OUTER_BOUND ( 'NONE', #482, .T. ) ;
#1837 = ADVANCED_FACE ( 'NONE', ( #26 ), #2821, .T. ) ;
#1838 = DIRECTION ( 'NONE',  ( -0.4036298484864156988, 0.9040139324509844920, 0.1408607658127000728 ) ) ;
#1839 = CARTESIAN_POINT ( 'NONE',  ( -5.669834767917159901, -3.733325768440129977, 131.9053882223694245 ) ) ;
#1840 = VERTEX_POINT ( 'NONE', #78 ) ;
#1841 = DIRECTION ( 'NONE',  ( -0.8431203278187571204, -0.4273054310210832041, 0.3264325067126097601 ) ) ;
#1842 = EDGE_CURVE ( 'NONE', #947, #1381, #2836, .T. ) ;
#1843 = EDGE_CURVE ( 'NONE', #476, #654, #885, .T. ) ;
#1844 = CARTESIAN_POINT ( 'NONE',  ( -7.687984010349380171, 0.7867438938147219840, 132.6096920514330009 ) ) ;
#1845 = DIRECTION ( 'NONE',  ( -0.4036298484864446201, 0.9040139324509702812, 0.1408607658127076501 ) ) ;
#1846 = VERTEX_POINT ( 'NONE', #2527 ) ;
#1847 = DIRECTION ( 'NONE',  ( -0.4036298484864446201, 0.9040139324509702812, 0.1408607658127080386 ) ) ;
#1848 = ORIENTED_EDGE ( 'NONE', *, *, #3226, .T. ) ;
#1849 = CARTESIAN_POINT ( 'NONE',  ( 2.183827985253434800, 0.7059862554493669951, 125.9191421012279761 ) ) ;
#1850 = VERTEX_POINT ( 'NONE', #3340 ) ;
#1851 = CARTESIAN_POINT ( 'NONE',  ( -7.687984010349380171, 0.7867438938147219840, 132.6096920514330009 ) ) ;
#1852 = ORIENTED_EDGE ( 'NONE', *, *, #2642, .T. ) ;
#1853 = AXIS2_PLACEMENT_3D ( 'NONE', #2885, #2939, #2078 ) ;
#1854 = CYLINDRICAL_SURFACE ( 'NONE', #1627, 4.500000000000000888 ) ;
#1855 = DIRECTION ( 'NONE',  ( 0.4036298484864446201, -0.9040139324509702812, -0.1408607658127080386 ) ) ;
#1856 = AXIS2_PLACEMENT_3D ( 'NONE', #1111, #1956, #2192 ) ;
#1857 = ORIENTED_EDGE ( 'NONE', *, *, #681, .T. ) ;
#1858 = DIRECTION ( 'NONE',  ( -0.4036298484864446201, 0.9040139324509702812, 0.1408607658127080386 ) ) ;
#1859 = CARTESIAN_POINT ( 'NONE',  ( -6.641719764752000543, -6.037116102856789901, 143.9057259742413919 ) ) ;
#1860 = VECTOR ( 'NONE', #120, 1000.000000000000000 ) ;
#1861 = EDGE_LOOP ( 'NONE', ( #2098, #2911, #1243, #903 ) ) ;
#1862 = CARTESIAN_POINT ( 'NONE',  ( -16.51015879122935104, -7.845393400525270344, 127.2333142868714049 ) ) ;
#1863 = EDGE_CURVE ( 'NONE', #104, #568, #1180, .T. ) ;
#1864 = DIRECTION ( 'NONE',  ( 0.4036298484864446201, -0.9040139324509702812, -0.1408607658127076501 ) ) ;
#1865 = ORIENTED_EDGE ( 'NONE', *, *, #1940, .F. ) ;
#1866 = DIRECTION ( 'NONE',  ( -0.4036298484864153657, 0.9040139324509846031, 0.1408607658126995454 ) ) ;
#1867 = VERTEX_POINT ( 'NONE', #2800 ) ;
#1868 = CYLINDRICAL_SURFACE ( 'NONE', #708, 12.50000000000000355 ) ;
#1869 = EDGE_CURVE ( 'NONE', #333, #3167, #2155, .T. ) ;
#1870 = VERTEX_POINT ( 'NONE', #2541 ) ;
#1871 = DIRECTION ( 'NONE',  ( -0.4036298484864446201, 0.9040139324509702812, 0.1408607658127080386 ) ) ;
#1872 = ORIENTED_EDGE ( 'NONE', *, *, #551, .T. ) ;
#1873 = LINE ( 'NONE', #2695, #3538 ) ;
#1874 = DIRECTION ( 'NONE',  ( -0.4036298484864446201, 0.9040139324509702812, 0.1408607658127074280 ) ) ;
#1875 = AXIS2_PLACEMENT_3D ( 'NONE', #2296, #3330, #896 ) ;
#1876 = VECTOR ( 'NONE', #899, 1000.000000000000227 ) ;
#1877 = ORIENTED_EDGE ( 'NONE', *, *, #49, .F. ) ;
#1878 = LINE ( 'NONE', #1028, #3017 ) ;
#1879 = VECTOR ( 'NONE', #1142, 1000.000000000000114 ) ;
#1880 = CARTESIAN_POINT ( 'NONE',  ( -11.06594067322892094, -4.734759373808909544, 122.8700868028665951 ) ) ;
#1881 = CARTESIAN_POINT ( 'NONE',  ( -5.669834767917159901, -3.733325768440129977, 131.9053882223694245 ) ) ;
#1882 = ORIENTED_EDGE ( 'NONE', *, *, #2687, .T. ) ;
#1883 = DIRECTION ( 'NONE',  ( 0.7292504199660271302, 0.2249069998420405447, 0.6462280297243576666 ) ) ;
#1884 = EDGE_CURVE ( 'NONE', #834, #3, #304, .T. ) ;
#1885 = DIRECTION ( 'NONE',  ( -0.008861879339744286113, -0.1578149520867540845, 0.9874289381988069492 ) ) ;
#1886 = ORIENTED_EDGE ( 'NONE', *, *, #2492, .T. ) ;
#1887 = DIRECTION ( 'NONE',  ( -0.4036298484864446201, 0.9040139324509702812, 0.1408607658127078444 ) ) ;
#1888 = EDGE_LOOP ( 'NONE', ( #2603, #893, #3342, #261 ) ) ;
#1889 = EDGE_CURVE ( 'NONE', #887, #2967, #2577, .T. ) ;
#1890 = ORIENTED_EDGE ( 'NONE', *, *, #2066, .T. ) ;
#1891 = CARTESIAN_POINT ( 'NONE',  ( -7.687984010349380171, 0.7867438938147219840, 132.6096920514330009 ) ) ;
#1892 = VERTEX_POINT ( 'NONE', #1408 ) ;
#1893 = CARTESIAN_POINT ( 'NONE',  ( -10.50952063582863971, 1.421829604783491963, 120.4488698254975958 ) ) ;
#1894 = CARTESIAN_POINT ( 'NONE',  ( 3.032508663556214845, -0.2220932405304364976, 134.3072098613843934 ) ) ;
#1895 = CARTESIAN_POINT ( 'NONE',  ( 1.979435479951955124, 5.051646863789289732, 132.9399994897622150 ) ) ;
#1896 = CYLINDRICAL_SURFACE ( 'NONE', #2629, 4.500000000000003553 ) ;
#1897 = VECTOR ( 'NONE', #2514, 1000.000000000000227 ) ;
#1898 = DIRECTION ( 'NONE',  ( -0.4036298484864445646, 0.9040139324509700591, 0.1408607658127078166 ) ) ;
#1899 = ORIENTED_EDGE ( 'NONE', *, *, #995, .T. ) ;
#1900 = CARTESIAN_POINT ( 'NONE',  ( -11.37436102927818027, -2.367341949448755312, 142.2887942554860103 ) ) ;
#1901 = DIRECTION ( 'NONE',  ( 1.000000000000000000, 0.000000000000000000, 0.000000000000000000 ) ) ;
#1902 = ORIENTED_EDGE ( 'NONE', *, *, #3243, .T. ) ;
#1903 = DIRECTION ( 'NONE',  ( -0.4036298484864446201, 0.9040139324509702812, 0.1408607658127080386 ) ) ;
#1904 = ORIENTED_EDGE ( 'NONE', *, *, #2274, .F. ) ;
#1905 = CARTESIAN_POINT ( 'NONE',  ( -49.22818277948520205, -8.687852228767690477, 74.38413017265050087 ) ) ;
#1906 = EDGE_CURVE ( 'NONE', #432, #1464, #3421, .T. ) ;
#1907 = EDGE_CURVE ( 'NONE', #3293, #887, #58, .T. ) ;
#1908 = AXIS2_PLACEMENT_3D ( 'NONE', #1360, #760, #2481 ) ;
#1909 = ORIENTED_EDGE ( 'NONE', *, *, #3436, .F. ) ;
#1910 = LINE ( 'NONE', #819, #3179 ) ;
#1911 = DIRECTION ( 'NONE',  ( -0.4036298484864155878, 0.9040139324509842700, 0.1408607658127004336 ) ) ;
#1912 = EDGE_CURVE ( 'NONE', #2241, #642, #935, .T. ) ;
#1913 = CARTESIAN_POINT ( 'NONE',  ( -11.72428249521382071, 9.826883218324418579, 134.0182997095600115 ) ) ;
#1914 = CARTESIAN_POINT ( 'NONE',  ( -15.31945255991094967, -8.050631207514779675, 131.9623984209790137 ) ) ;
#1915 = AXIS2_PLACEMENT_3D ( 'NONE', #2955, #2408, #2656 ) ;
#1916 = CARTESIAN_POINT ( 'NONE',  ( -15.96435423644415330, -4.397363247683230725, 124.4166017293332089 ) ) ;
#1917 = CARTESIAN_POINT ( 'NONE',  ( -20.13807834743545300, 0.6960488155468049776, 97.51659818644290567 ) ) ;
#1918 = ORIENTED_EDGE ( 'NONE', *, *, #3452, .T. ) ;
#1919 = CIRCLE ( 'NONE', #2381, 12.50000000000000355 ) ;
#1920 = DIRECTION ( 'NONE',  ( 0.7292504199660267972, 0.2249069998420404892, 0.6462280297243582217 ) ) ;
#1921 = CARTESIAN_POINT ( 'NONE',  ( -16.24826000146975247, -2.610365810551600330, 129.8825423283099667 ) ) ;
#1922 = EDGE_LOOP ( 'NONE', ( #2364, #2332, #2930, #2430 ) ) ;
#1923 = DIRECTION ( 'NONE',  ( 0.7292504199660254649, 0.2249069998420398231, 0.6462280297243599980 ) ) ;
#1924 = DIRECTION ( 'NONE',  ( -0.4036298484864156988, 0.9040139324509844920, 0.1408607658126996565 ) ) ;
#1925 = PRODUCT ( '222lianjie', '222lianjie', '', ( #492 ) ) ;
#1926 = EDGE_LOOP ( 'NONE', ( #3512, #809, #3515, #1077 ) ) ;
#1927 = ORIENTED_EDGE ( 'NONE', *, *, #95, .T. ) ;
#1928 = CARTESIAN_POINT ( 'NONE',  ( -13.27390251983929836, -6.281979987614659144, 126.4730040730973855 ) ) ;
#1929 = ORIENTED_EDGE ( 'NONE', *, *, #2311, .T. ) ;
#1930 = AXIS2_PLACEMENT_3D ( 'NONE', #1153, #1723, #3139 ) ;
#1931 = VERTEX_POINT ( 'NONE', #2342 ) ;
#1932 = CARTESIAN_POINT ( 'NONE',  ( 4.754118212562340240, 3.558022991857034967, 132.7284541471080104 ) ) ;
#1933 = LINE ( 'NONE', #2758, #3028 ) ;
#1934 = EDGE_CURVE ( 'NONE', #381, #2314, #1693, .T. ) ;
#1935 = AXIS2_PLACEMENT_3D ( 'NONE', #1851, #460, #3516 ) ;
#1936 = CARTESIAN_POINT ( 'NONE',  ( -4.788864377707299447, 0.6412043243697130857, 141.8510234403267987 ) ) ;
#1937 = DIRECTION ( 'NONE',  ( -0.4036298484864446201, 0.9040139324509702812, 0.1408607658127078444 ) ) ;
#1938 = CIRCLE ( 'NONE', #1278, 1.499999999999974909 ) ;
#1939 = CYLINDRICAL_SURFACE ( 'NONE', #3530, 12.50000000000000355 ) ;
#1940 = EDGE_CURVE ( 'NONE', #1846, #3459, #1503, .T. ) ;
#1941 = CIRCLE ( 'NONE', #142, 4.500000000000003553 ) ;
#1942 = CARTESIAN_POINT ( 'NONE',  ( -25.82325246717485001, -5.670054183748420407, 86.65722117707468897 ) ) ;
#1943 = ORIENTED_EDGE ( 'NONE', *, *, #1388, .F. ) ;
#1944 = FACE_BOUND ( 'NONE', #438, .T. ) ;
#1945 = MANIFOLD_SOLID_BREP ( 'NONE', #133 ) ;
#1946 = CARTESIAN_POINT ( 'NONE',  ( -18.69692173025405069, -3.490770121295160511, 128.5162626664551908 ) ) ;
#1947 = ORIENTED_EDGE ( 'NONE', *, *, #3307, .T. ) ;
#1948 = DIRECTION ( 'NONE',  ( -0.4036298484864446201, 0.9040139324509702812, 0.1408607658127076501 ) ) ;
#1949 = CARTESIAN_POINT ( 'NONE',  ( -22.76783165342170179, -5.146805072972918893, 92.05428507522690040 ) ) ;
#1950 = VERTEX_POINT ( 'NONE', #769 ) ;
#1951 = VERTEX_POINT ( 'NONE', #271 ) ;
#1952 = CARTESIAN_POINT ( 'NONE',  ( -13.27661328775069904, -0.4919267036619629496, 124.8019710937576008 ) ) ;
#1953 = CARTESIAN_POINT ( 'NONE',  ( -15.87538510477475029, -4.125855832263909839, 140.6770848923903827 ) ) ;
#1954 = CYLINDRICAL_SURFACE ( 'NONE', #518, 4.500000000000000888 ) ;
#1955 = DIRECTION ( 'NONE',  ( 0.7292504199660249098, 0.2249069998420399064, 0.6462280297243604421 ) ) ;
#1956 = DIRECTION ( 'NONE',  ( -0.4036298484864446201, 0.9040139324509702812, 0.1408607658127078444 ) ) ;
#1957 = LINE ( 'NONE', #3055, #416 ) ;
#1958 = CIRCLE ( 'NONE', #3233, 4.499999999999999112 ) ;
#1959 = ORIENTED_EDGE ( 'NONE', *, *, #1987, .T. ) ;
#1960 = EDGE_CURVE ( 'NONE', #2770, #366, #3360, .T. ) ;
#1961 = EDGE_CURVE ( 'NONE', #2269, #588, #3014, .T. ) ;
#1962 = DIRECTION ( 'NONE',  ( -0.4036298484864446201, 0.9040139324509702812, 0.1408607658127080386 ) ) ;
#1963 = ORIENTED_EDGE ( 'NONE', *, *, #458, .T. ) ;
#1964 = CARTESIAN_POINT ( 'NONE',  ( -63.47743673164940503, -16.34359487586569770, 82.68646898028079306 ) ) ;
#1965 = CARTESIAN_POINT ( 'NONE',  ( -0.7921086919688570260, -0.3619849996322830332, 124.2457451498372052 ) ) ;
#1966 = EDGE_LOOP ( 'NONE', ( #191, #2652, #1061, #3328 ) ) ;
#1967 = VERTEX_POINT ( 'NONE', #508 ) ;
#1968 = FACE_OUTER_BOUND ( 'NONE', #3121, .T. ) ;
#1969 = DIRECTION ( 'NONE',  ( -0.4036298484864446201, 0.9040139324509702812, 0.1408607658127076501 ) ) ;
#1970 = CARTESIAN_POINT ( 'NONE',  ( -17.51923341244545185, -5.585358569397840256, 127.5854662014032073 ) ) ;
#1971 = DIRECTION ( 'NONE',  ( -0.4036298484864446201, 0.9040139324509702812, 0.1408607658127076501 ) ) ;
#1972 = CARTESIAN_POINT ( 'NONE',  ( -17.68784710903795343, -5.750804952422580385, 128.1641107519234026 ) ) ;
#1973 = CARTESIAN_POINT ( 'NONE',  ( -47.20077701652829916, -12.96215932356795975, 72.20009154394689688 ) ) ;
#1974 = CIRCLE ( 'NONE', #2204, 4.500000000000005329 ) ;
#1975 = ORIENTED_EDGE ( 'NONE', *, *, #2892, .F. ) ;
#1976 = AXIS2_PLACEMENT_3D ( 'NONE', #1391, #2990, #840 ) ;
#1977 = AXIS2_PLACEMENT_3D ( 'NONE', #245, #2234, #2533 ) ;
#1978 = CARTESIAN_POINT ( 'NONE',  ( -14.24613191095306064, -8.744900631579030303, 139.4936188926579916 ) ) ;
#1979 = AXIS2_PLACEMENT_3D ( 'NONE', #1329, #255, #1923 ) ;
#1980 = EDGE_CURVE ( 'NONE', #1870, #1381, #1490, .T. ) ;
#1981 = CIRCLE ( 'NONE', #810, 12.50000000000000355 ) ;
#1982 = ORIENTED_EDGE ( 'NONE', *, *, #182, .T. ) ;
#1983 = DIRECTION ( 'NONE',  ( -0.4036298484864446201, 0.9040139324509702812, 0.1408607658127076501 ) ) ;
#1984 = CARTESIAN_POINT ( 'NONE',  ( 0.8883131326864689425, 5.798318756953619868, 125.0214613811442064 ) ) ;
#1985 = ORIENTED_EDGE ( 'NONE', *, *, #2199, .T. ) ;
#1986 = CIRCLE ( 'NONE', #2041, 1.499999999999932720 ) ;
#1987 = EDGE_CURVE ( 'NONE', #2293, #3192, #2665, .T. ) ;
#1988 = ORIENTED_EDGE ( 'NONE', *, *, #2449, .T. ) ;
#1989 = AXIS2_PLACEMENT_3D ( 'NONE', #1835, #2947, #443 ) ;
#1990 = CARTESIAN_POINT ( 'NONE',  ( -7.687984010349380171, 0.7867438938147219840, 132.6096920514330009 ) ) ;
#1991 = CARTESIAN_POINT ( 'NONE',  ( -12.63783867669308059, -7.899493110992779954, 138.6764642926629847 ) ) ;
#1992 = AXIS2_PLACEMENT_3D ( 'NONE', #2324, #1472, #886 ) ;
#1993 = CARTESIAN_POINT ( 'NONE',  ( -14.96313221031281948, -7.333244310188659298, 128.3793835302979858 ) ) ;
#1994 = FACE_OUTER_BOUND ( 'NONE', #2242, .T. ) ;
#1995 = AXIS2_PLACEMENT_3D ( 'NONE', #119, #2815, #3365 ) ;
#1996 = CARTESIAN_POINT ( 'NONE',  ( -7.722683636308600441, -6.078934897717109820, 141.0766592131424204 ) ) ;
#1997 = AXIS2_PLACEMENT_3D ( 'NONE', #1232, #1827, #3211 ) ;
#1998 = EDGE_LOOP ( 'NONE', ( #229, #3109, #2168, #3039 ) ) ;
#1999 = AXIS2_PLACEMENT_3D ( 'NONE', #479, #179, #733 ) ;
#2000 = CARTESIAN_POINT ( 'NONE',  ( -16.58427030879319730, -2.883555593521145433, 95.24794133576570232 ) ) ;
#2001 = CIRCLE ( 'NONE', #3381, 4.500000000000001776 ) ;
#2002 = VECTOR ( 'NONE', #2792, 1000.000000000000227 ) ;
#2003 = ORIENTED_EDGE ( 'NONE', *, *, #174, .T. ) ;
#2004 = CARTESIAN_POINT ( 'NONE',  ( -19.09257423921059882, -4.328280506428865415, 132.7574996854571907 ) ) ;
#2005 = EDGE_LOOP ( 'NONE', ( #1461, #3309, #851, #3118 ) ) ;
#2006 = EDGE_LOOP ( 'NONE', ( #616, #1290, #2476, #378 ) ) ;
#2007 = CARTESIAN_POINT ( 'NONE',  ( -5.669834767917159901, -3.733325768440129977, 131.9053882223694245 ) ) ;
#2008 = ADVANCED_FACE ( 'NONE', ( #3568 ), #1072, .T. ) ;
#2009 = EDGE_CURVE ( 'NONE', #2631, #2427, #2448, .T. ) ;
#2010 = ORIENTED_EDGE ( 'NONE', *, *, #75, .F. ) ;
#2011 = DIRECTION ( 'NONE',  ( 0.8742437189090509486, 0.3356881868840229655, 0.3507297551314823014 ) ) ;
#2012 = DIRECTION ( 'NONE',  ( -0.4036298484864446201, 0.9040139324509702812, 0.1408607658127076501 ) ) ;
#2013 = DIRECTION ( 'NONE',  ( -0.4036298484864446201, 0.9040139324509702812, 0.1408607658127080386 ) ) ;
#2014 = VERTEX_POINT ( 'NONE', #1054 ) ;
#2015 = DIRECTION ( 'NONE',  ( -0.7292504199660249098, -0.2249069998420398508, -0.6462280297243604421 ) ) ;
#2016 = DIRECTION ( 'NONE',  ( -0.7292504199660254649, -0.2249069998420397121, -0.6462280297243599980 ) ) ;
#2017 = EDGE_LOOP ( 'NONE', ( #967, #2835 ) ) ;
#2018 = DIRECTION ( 'NONE',  ( 0.7292504199660267972, 0.2249069998420404892, 0.6462280297243582217 ) ) ;
#2019 = DIRECTION ( 'NONE',  ( -0.4962987577851462051, -0.08699870934530051780, -0.8637816666225168749 ) ) ;
#2020 = EDGE_LOOP ( 'NONE', ( #2564, #1712 ) ) ;
#2021 = EDGE_LOOP ( 'NONE', ( #2649, #2707, #3517, #1432 ) ) ;
#2022 = CARTESIAN_POINT ( 'NONE',  ( -13.26972922011436040, -6.039410769175550087, 124.9282056797223959 ) ) ;
#2023 = DIRECTION ( 'NONE',  ( 0.7292504199660267972, 0.2249069998420404337, 0.6462280297243582217 ) ) ;
#2024 = ADVANCED_FACE ( 'NONE', ( #1602 ), #2471, .T. ) ;
#2025 = EDGE_CURVE ( 'NONE', #3, #962, #976, .T. ) ;
#2026 = CARTESIAN_POINT ( 'NONE',  ( -16.97342885766025233, -2.137328416555805077, 124.7687536438649971 ) ) ;
#2027 = DIRECTION ( 'NONE',  ( -0.4036298484864156433, 0.9040139324509842700, 0.1408607658127006279 ) ) ;
#2028 = EDGE_CURVE ( 'NONE', #2358, #3531, #802, .T. ) ;
#2029 = ORIENTED_EDGE ( 'NONE', *, *, #3435, .T. ) ;
#2030 = DIRECTION ( 'NONE',  ( -0.4036298484864446201, 0.9040139324509702812, 0.1408607658127080386 ) ) ;
#2031 = AXIS2_PLACEMENT_3D ( 'NONE', #418, #1528, #89 ) ;
#2032 = AXIS2_PLACEMENT_3D ( 'NONE', #263, #1375, #3294 ) ;
#2033 = CARTESIAN_POINT ( 'NONE',  ( -22.75453883441205249, -4.910082644842799660, 90.57314166792880883 ) ) ;
#2034 = CARTESIAN_POINT ( 'NONE',  ( -5.669834767917159901, -3.733325768440129977, 131.9053882223694245 ) ) ;
#2035 = VERTEX_POINT ( 'NONE', #2538 ) ;
#2036 = CARTESIAN_POINT ( 'NONE',  ( 4.306941958853759189, 10.31128201153692103, 105.8541580652256044 ) ) ;
#2037 = FACE_OUTER_BOUND ( 'NONE', #1476, .T. ) ;
#2038 = AXIS2_PLACEMENT_3D ( 'NONE', #3143, #2280, #921 ) ;
#2039 = ORIENTED_EDGE ( 'NONE', *, *, #36, .F. ) ;
#2040 = DIRECTION ( 'NONE',  ( 0.8431203278187546779, 0.4273054310210829265, -0.3264325067126161994 ) ) ;
#2041 = AXIS2_PLACEMENT_3D ( 'NONE', #1223, #2144, #3197 ) ;
#2042 = CARTESIAN_POINT ( 'NONE',  ( -16.53003583303560120, -3.727217689991364935, 136.2428408693901645 ) ) ;
#2043 = EDGE_CURVE ( 'NONE', #1220, #3503, #3187, .T. ) ;
#2044 = VERTEX_POINT ( 'NONE', #2570 ) ;
#2045 = DIRECTION ( 'NONE',  ( 0.7292504199660267972, 0.2249069998420404892, 0.6462280297243582217 ) ) ;
#2046 = CARTESIAN_POINT ( 'NONE',  ( -5.669834767917159901, -3.733325768440129977, 131.9053882223694245 ) ) ;
#2047 = EDGE_LOOP ( 'NONE', ( #425, #1002, #3173, #3078 ) ) ;
#2048 = DIRECTION ( 'NONE',  ( 0.008861879339743583550, 0.1578149520867549449, -0.9874289381988068381 ) ) ;
#2049 = AXIS2_PLACEMENT_3D ( 'NONE', #1949, #1924, #3062 ) ;
#2050 = ADVANCED_FACE ( 'NONE', ( #3119 ), #42, .T. ) ;
#2051 = AXIS2_PLACEMENT_3D ( 'NONE', #2369, #2924, #1470 ) ;
#2052 = DIRECTION ( 'NONE',  ( -0.4036298484864446201, 0.9040139324509702812, 0.1408607658127076501 ) ) ;
#2053 = EDGE_LOOP ( 'NONE', ( #1725, #1604, #2799, #880 ) ) ;
#2054 = AXIS2_PLACEMENT_3D ( 'NONE', #1280, #2698, #387 ) ;
#2055 = CIRCLE ( 'NONE', #1221, 9.605000000000000426 ) ;
#2056 = CARTESIAN_POINT ( 'NONE',  ( -5.700456704420880705, -4.197730485374360221, 134.8690836446239985 ) ) ;
#2057 = ORIENTED_EDGE ( 'NONE', *, *, #3336, .T. ) ;
#2058 = AXIS2_PLACEMENT_3D ( 'NONE', #297, #1618, #1109 ) ;
#2059 = DIRECTION ( 'NONE',  ( 0.7292504199660267972, 0.2249069998420404337, 0.6462280297243582217 ) ) ;
#2060 = FACE_OUTER_BOUND ( 'NONE', #3325, .T. ) ;
#2061 = ORIENTED_EDGE ( 'NONE', *, *, #3007, .F. ) ;
#2062 = CARTESIAN_POINT ( 'NONE',  ( -14.89943551784303999, -3.441381546631114841, 139.0808142387735984 ) ) ;
#2063 = CARTESIAN_POINT ( 'NONE',  ( -11.72428249521382071, 9.826883218324418579, 134.0182997095600115 ) ) ;
#2064 = ADVANCED_FACE ( 'NONE', ( #1944, #3057 ), #1382, .F. ) ;
#2065 = DIRECTION ( 'NONE',  ( -0.4962987577851462051, -0.08699870934530053168, -0.8637816666225168749 ) ) ;
#2066 = EDGE_CURVE ( 'NONE', #3106, #2143, #2147, .T. ) ;
#2067 = ORIENTED_EDGE ( 'NONE', *, *, #725, .F. ) ;
#2068 = CARTESIAN_POINT ( 'NONE',  ( -3.434472123667365207, 4.102615727520595001, 123.5173804333203975 ) ) ;
#2069 = ORIENTED_EDGE ( 'NONE', *, *, #2043, .T. ) ;
#2070 = ORIENTED_EDGE ( 'NONE', *, *, #3574, .F. ) ;
#2071 = AXIS2_PLACEMENT_3D ( 'NONE', #2086, #2244, #1236 ) ;
#2072 = VERTEX_POINT ( 'NONE', #2252 ) ;
#2073 = CARTESIAN_POINT ( 'NONE',  ( -5.669834767917159901, -3.733325768440129977, 131.9053882223694245 ) ) ;
#2074 = CARTESIAN_POINT ( 'NONE',  ( -13.85723586234252025, -8.645925494518760246, 139.9727810633270053 ) ) ;
#2075 = DIRECTION ( 'NONE',  ( 0.7292504199660267972, 0.2249069998420404892, 0.6462280297243582217 ) ) ;
#2076 = CYLINDRICAL_SURFACE ( 'NONE', #3191, 1.499999999999932720 ) ;
#2077 = ORIENTED_EDGE ( 'NONE', *, *, #483, .F. ) ;
#2078 = DIRECTION ( 'NONE',  ( 0.7292504199660267972, 0.2249069998420404337, 0.6462280297243582217 ) ) ;
#2079 = CARTESIAN_POINT ( 'NONE',  ( -7.687984010349380171, 0.7867438938147219840, 132.6096920514330009 ) ) ;
#2080 = ORIENTED_EDGE ( 'NONE', *, *, #3336, .F. ) ;
#2081 = FILL_AREA_STYLE_COLOUR ( '', #3198 ) ;
#2082 = DIRECTION ( 'NONE',  ( -0.7292504199660272413, -0.2249069998420404892, -0.6462280297243574445 ) ) ;
#2083 = ORIENTED_EDGE ( 'NONE', *, *, #3270, .F. ) ;
#2084 = ADVANCED_FACE ( 'NONE', ( #2867 ), #2351, .T. ) ;
#2085 = DIRECTION ( 'NONE',  ( -0.4036298484864445646, 0.9040139324509700591, 0.1408607658127078166 ) ) ;
#2086 = CARTESIAN_POINT ( 'NONE',  ( -15.28787846254659932, -1.519341106920695017, 125.6325095087859864 ) ) ;
#2087 = EDGE_LOOP ( 'NONE', ( #1833, #1328, #1918, #467 ) ) ;
#2088 = VERTEX_POINT ( 'NONE', #3416 ) ;
#2089 = CIRCLE ( 'NONE', #1737, 4.500000000000000000 ) ;
#2090 = EDGE_CURVE ( 'NONE', #2131, #2711, #1621, .T. ) ;
#2091 = DIRECTION ( 'NONE',  ( -0.4036298484864446201, 0.9040139324509702812, 0.1408607658127080386 ) ) ;
#2092 = AXIS2_PLACEMENT_3D ( 'NONE', #2022, #3124, #3080 ) ;
#2093 = VECTOR ( 'NONE', #2677, 1000.000000000000227 ) ;
#2094 = CARTESIAN_POINT ( 'NONE',  ( -12.83381610050489918, -2.014066376951920034, 135.8395486933101779 ) ) ;
#2095 = AXIS2_PLACEMENT_3D ( 'NONE', #2309, #2545, #1173 ) ;
#2096 = DIRECTION ( 'NONE',  ( 0.2034861408257961080, -0.06140290946268949640, 0.9771504864663074219 ) ) ;
#2097 = CARTESIAN_POINT ( 'NONE',  ( -1.700704173129950147, -3.336568490933780051, 140.7324414245579760 ) ) ;
#2098 = ORIENTED_EDGE ( 'NONE', *, *, #1275, .F. ) ;
#2099 = DIRECTION ( 'NONE',  ( 0.4036298484864155878, -0.9040139324509842700, -0.1408607658127002393 ) ) ;
#2100 = DIRECTION ( 'NONE',  ( -0.4036298484864446201, 0.9040139324509702812, 0.1408607658127080386 ) ) ;
#2101 = ORIENTED_EDGE ( 'NONE', *, *, #202, .F. ) ;
#2102 = CARTESIAN_POINT ( 'NONE',  ( -14.16257688850675933, -7.861557080800159802, 134.0639339723623777 ) ) ;
#2103 = VERTEX_POINT ( 'NONE', #376 ) ;
#2104 = DIRECTION ( 'NONE',  ( -0.008861879339744256623, -0.1578149520867550004, 0.9874289381988068381 ) ) ;
#2105 = VECTOR ( 'NONE', #2542, 1000.000000000000227 ) ;
#2106 = ORIENTED_EDGE ( 'NONE', *, *, #1940, .T. ) ;
#2107 = EDGE_CURVE ( 'NONE', #1540, #404, #2553, .T. ) ;
#2108 = CIRCLE ( 'NONE', #3429, 9.686499999999997002 ) ;
#2109 = ORIENTED_EDGE ( 'NONE', *, *, #849, .F. ) ;
#2110 = AXIS2_PLACEMENT_3D ( 'NONE', #670, #3484, #2915 ) ;
#2111 = CYLINDRICAL_SURFACE ( 'NONE', #698, 9.686499999999998778 ) ;
#2112 = CARTESIAN_POINT ( 'NONE',  ( -12.78411229909306002, -7.723764724370020041, 137.1295373778206113 ) ) ;
#2113 = ADVANCED_FACE ( 'NONE', ( #3181 ), #3399, .F. ) ;
#2114 = EDGE_CURVE ( 'NONE', #1967, #3230, #2670, .T. ) ;
#2115 = ORIENTED_EDGE ( 'NONE', *, *, #2184, .T. ) ;
#2116 = FACE_OUTER_BOUND ( 'NONE', #2887, .T. ) ;
#2117 = DIRECTION ( 'NONE',  ( -0.4036298484864445646, 0.9040139324509700591, 0.1408607658127078166 ) ) ;
#2118 = EDGE_LOOP ( 'NONE', ( #2613, #1155, #3453, #1389 ) ) ;
#2119 = CARTESIAN_POINT ( 'NONE',  ( 1.597460836961555053, 3.710816204185280132, 140.4506304590006209 ) ) ;
#2120 = DIRECTION ( 'NONE',  ( 0.8742437189090509486, 0.3356881868840229655, 0.3507297551314823014 ) ) ;
#2121 = CARTESIAN_POINT ( 'NONE',  ( -9.923346654599109584, -7.049197602145969910, 140.9976998404818005 ) ) ;
#2122 = VERTEX_POINT ( 'NONE', #2337 ) ;
#2123 = CARTESIAN_POINT ( 'NONE',  ( -18.59838325274040116, 1.627473929409269937, 95.95083655717100157 ) ) ;
#2124 = ORIENTED_EDGE ( 'NONE', *, *, #2229, .T. ) ;
#2125 = DIRECTION ( 'NONE',  ( 0.8431203278187546779, 0.4273054310210835371, -0.3264325067126153113 ) ) ;
#2126 = ORIENTED_EDGE ( 'NONE', *, *, #551, .F. ) ;
#2127 = DIRECTION ( 'NONE',  ( 0.6707575780832507606, 0.3970910963467103039, -0.6264207313348267858 ) ) ;
#2128 = ORIENTED_EDGE ( 'NONE', *, *, #3395, .T. ) ;
#2129 = VECTOR ( 'NONE', #3278, 1000.000000000000227 ) ;
#2130 = PLANE ( 'NONE',  #3272 ) ;
#2131 = VERTEX_POINT ( 'NONE', #1767 ) ;
#2132 = CARTESIAN_POINT ( 'NONE',  ( -15.41704861771194857, -1.956726406156614972, 92.64437048377820361 ) ) ;
#2133 = CARTESIAN_POINT ( 'NONE',  ( 4.754846074474070150, 1.602261584547519879, 127.5341713514145994 ) ) ;
#2134 = EDGE_CURVE ( 'NONE', #1590, #3438, #623, .T. ) ;
#2135 = DIRECTION ( 'NONE',  ( -0.008861879339743418751, -0.1578149520867543620, 0.9874289381988069492 ) ) ;
#2136 = DIRECTION ( 'NONE',  ( 0.4174915651033630493, 0.3189817150124975575, -0.8508533707726790851 ) ) ;
#2137 = ADVANCED_FACE ( 'NONE', ( #3150 ), #1825, .T. ) ;
#2138 = CARTESIAN_POINT ( 'NONE',  ( -11.64150933043396030, -5.370371007266980357, 143.0480623092041981 ) ) ;
#2139 = VERTEX_POINT ( 'NONE', #3164 ) ;
#2140 = DIRECTION ( 'NONE',  ( -0.4036298484864446201, 0.9040139324509702812, 0.1408607658127080386 ) ) ;
#2141 = VERTEX_POINT ( 'NONE', #2919 ) ;
#2142 = CIRCLE ( 'NONE', #2725, 9.686500000000004107 ) ;
#2143 = VERTEX_POINT ( 'NONE', #978 ) ;
#2144 = DIRECTION ( 'NONE',  ( -0.4036298484864156988, 0.9040139324509844920, 0.1408607658126996565 ) ) ;
#2145 = DIRECTION ( 'NONE',  ( -0.4036298484864446201, 0.9040139324509702812, 0.1408607658127080386 ) ) ;
#2146 = AXIS2_PLACEMENT_3D ( 'NONE', #1144, #2502, #825 ) ;
#2147 = CIRCLE ( 'NONE', #1322, 12.50000000000000355 ) ;
#2148 = ORIENTED_EDGE ( 'NONE', *, *, #680, .T. ) ;
#2149 = DIRECTION ( 'NONE',  ( -0.4174915651033688779, -0.3189817150124988343, 0.8508533707726757545 ) ) ;
#2150 = DIRECTION ( 'NONE',  ( 0.7292504199660204689, 0.2249069998420372696, 0.6462280297243662153 ) ) ;
#2151 = CIRCLE ( 'NONE', #575, 4.500000000000003553 ) ;
#2152 = DIRECTION ( 'NONE',  ( -0.4036298484864446201, 0.9040139324509702812, 0.1408607658127080386 ) ) ;
#2153 = ADVANCED_FACE ( 'NONE', ( #105 ), #3448, .F. ) ;
#2154 = CARTESIAN_POINT ( 'NONE',  ( -3.693540431425609949, -4.465101538067870024, 142.2647446148827726 ) ) ;
#2155 = CIRCLE ( 'NONE', #1212, 4.499999999999993783 ) ;
#2156 = AXIS2_PLACEMENT_3D ( 'NONE', #405, #2362, #484 ) ;
#2157 = CARTESIAN_POINT ( 'NONE',  ( -11.72428249521382071, 9.826883218324418579, 134.0182997095600115 ) ) ;
#2158 = ORIENTED_EDGE ( 'NONE', *, *, #2828, .T. ) ;
#2159 = EDGE_CURVE ( 'NONE', #22, #2336, #2901, .T. ) ;
#2160 = ADVANCED_FACE ( 'NONE', ( #958 ), #636, .T. ) ;
#2161 = DIRECTION ( 'NONE',  ( -0.8742437189090497274, -0.3356881868840214111, -0.3507297551314871309 ) ) ;
#2162 = ORIENTED_EDGE ( 'NONE', *, *, #1843, .F. ) ;
#2163 = DIRECTION ( 'NONE',  ( -0.4036298484864445646, 0.9040139324509700591, 0.1408607658127078166 ) ) ;
#2164 = ORIENTED_EDGE ( 'NONE', *, *, #2159, .T. ) ;
#2165 = CIRCLE ( 'NONE', #302, 4.500000000000000000 ) ;
#2166 = CLOSED_SHELL ( 'NONE', ( #435, #2160, #1649, #2938, #1188, #327, #1692, #3543, #1297, #3262, #362, #2848, #596, #1569, #1795, #3093, #1146, #1147, #1817, #1078, #1010, #3308, #3075, #745, #615, #3479, #1057, #2308, #502, #2050, #2488, #567, #587, #2984, #1298, #3152, #3058, #3506, #3284, #1789, #611, #2802, #3290, #3415, #2137, #76, #1129, #2008, #2849, #702, #3030, #929, #2230, #1668, #1032, #752, #2064, #3373, #383, #3352, #243, #3156, #2493, #1350, #3475, #72, #2664, #117, #1254, #2356, #2398, #2024, #2295, #1837, #1733, #2511, #2865, #2551, #2084, #1526, #478 ) ) ;
#2167 = CIRCLE ( 'NONE', #589, 4.499999999999999112 ) ;
#2168 = ORIENTED_EDGE ( 'NONE', *, *, #2557, .T. ) ;
#2169 = CARTESIAN_POINT ( 'NONE',  ( 2.146233498864635436, -1.284997429291818039, 138.5891196009708040 ) ) ;
#2170 = AXIS2_PLACEMENT_3D ( 'NONE', #1832, #963, #2125 ) ;
#2171 = CARTESIAN_POINT ( 'NONE',  ( -7.687984010349380171, 0.7867438938147219840, 132.6096920514330009 ) ) ;
#2172 = AXIS2_PLACEMENT_3D ( 'NONE', #970, #2673, #1819 ) ;
#2173 = DIRECTION ( 'NONE',  ( -0.4036298484864446201, 0.9040139324509702812, 0.1408607658127080386 ) ) ;
#2174 = CARTESIAN_POINT ( 'NONE',  ( -51.57081414798000196, -9.296524466374300744, 71.57775780237490437 ) ) ;
#2175 = DIRECTION ( 'NONE',  ( -0.4036298484864445646, 0.9040139324509700591, 0.1408607658127078166 ) ) ;
#2176 = DIRECTION ( 'NONE',  ( 0.4036298484864445646, -0.9040139324509700591, -0.1408607658127078166 ) ) ;
#2177 = ORIENTED_EDGE ( 'NONE', *, *, #3390, .F. ) ;
#2178 = CARTESIAN_POINT ( 'NONE',  ( -5.981362074125300410, 3.433608115009639583, 120.5129341650669943 ) ) ;
#2179 = EDGE_CURVE ( 'NONE', #2711, #1590, #6, .T. ) ;
#2180 = EDGE_CURVE ( 'NONE', #3422, #3459, #360, .T. ) ;
#2181 = VERTEX_POINT ( 'NONE', #1505 ) ;
#2182 = DIRECTION ( 'NONE',  ( -0.7292504199660249098, -0.2249069998420399619, -0.6462280297243604421 ) ) ;
#2183 = ORIENTED_EDGE ( 'NONE', *, *, #1152, .T. ) ;
#2184 = EDGE_CURVE ( 'NONE', #646, #2705, #231, .T. ) ;
#2185 = EDGE_LOOP ( 'NONE', ( #806, #1566 ) ) ;
#2186 = CARTESIAN_POINT ( 'NONE',  ( -10.01327754396909953, 1.352992694618855962, 122.3126112890680020 ) ) ;
#2187 = ORIENTED_EDGE ( 'NONE', *, *, #545, .T. ) ;
#2188 = DIRECTION ( 'NONE',  ( -0.4036298484864445646, 0.9040139324509700591, 0.1408607658127078166 ) ) ;
#2189 = LINE ( 'NONE', #1970, #979 ) ;
#2190 = DIRECTION ( 'NONE',  ( -0.4036298484864445646, 0.9040139324509700591, 0.1408607658127078166 ) ) ;
#2191 = DIRECTION ( 'NONE',  ( -0.4036298484864446201, 0.9040139324509702812, 0.1408607658127076501 ) ) ;
#2192 = DIRECTION ( 'NONE',  ( 0.8431203278187546779, 0.4273054310210835371, -0.3264325067126153113 ) ) ;
#2193 = LINE ( 'NONE', #2682, #1113 ) ;
#2194 = ORIENTED_EDGE ( 'NONE', *, *, #290, .F. ) ;
#2195 = CARTESIAN_POINT ( 'NONE',  ( -15.31945255991094967, -8.050631207514779675, 131.9623984209790137 ) ) ;
#2196 = CARTESIAN_POINT ( 'NONE',  ( 5.763192833778449042, 1.297988160729609985, 132.3763022325759948 ) ) ;
#2197 = ORIENTED_EDGE ( 'NONE', *, *, #2273, .F. ) ;
#2198 = CARTESIAN_POINT ( 'NONE',  ( -2.725384069048620184, 4.683823963769030208, 121.8191698791296034 ) ) ;
#2199 = EDGE_CURVE ( 'NONE', #1419, #1207, #1616, .T. ) ;
#2200 = VERTEX_POINT ( 'NONE', #1340 ) ;
#2201 = ORIENTED_EDGE ( 'NONE', *, *, #310, .F. ) ;
#2202 = CARTESIAN_POINT ( 'NONE',  ( -5.647285428382420314, -3.250840772853829996, 128.9445100154310069 ) ) ;
#2203 = ORIENTED_EDGE ( 'NONE', *, *, #3410, .F. ) ;
#2204 = AXIS2_PLACEMENT_3D ( 'NONE', #792, #1874, #293 ) ;
#2205 = EDGE_CURVE ( 'NONE', #164, #3428, #1033, .T. ) ;
#2206 = EDGE_CURVE ( 'NONE', #3533, #1114, #1048, .T. ) ;
#2207 = VERTEX_POINT ( 'NONE', #1264 ) ;
#2208 = CARTESIAN_POINT ( 'NONE',  ( -11.72428249521382071, 9.826883218324418579, 134.0182997095600115 ) ) ;
#2209 = DIRECTION ( 'NONE',  ( -0.4036298484864446201, 0.9040139324509702812, 0.1408607658127076501 ) ) ;
#2210 = DIRECTION ( 'NONE',  ( -0.4174915651033688779, -0.3189817150124989453, 0.8508533707726757545 ) ) ;
#2211 = CARTESIAN_POINT ( 'NONE',  ( -11.72428249521382071, 9.826883218324418579, 134.0182997095600115 ) ) ;
#2212 = AXIS2_PLACEMENT_3D ( 'NONE', #835, #1948, #3061 ) ;
#2213 = ORIENTED_EDGE ( 'NONE', *, *, #1321, .F. ) ;
#2214 = CIRCLE ( 'NONE', #1096, 4.500000000000000000 ) ;
#2215 = CARTESIAN_POINT ( 'NONE',  ( -5.669834767917159901, -3.733325768440129977, 131.9053882223694245 ) ) ;
#2216 = LINE ( 'NONE', #2472, #3102 ) ;
#2217 = CIRCLE ( 'NONE', #2675, 12.50000000000000355 ) ;
#2218 = ORIENTED_EDGE ( 'NONE', *, *, #1246, .F. ) ;
#2219 = CYLINDRICAL_SURFACE ( 'NONE', #2212, 4.500000000000000888 ) ;
#2220 = CARTESIAN_POINT ( 'NONE',  ( -12.78411229909306002, -7.723764724370020041, 137.1295373778206113 ) ) ;
#2221 = VERTEX_POINT ( 'NONE', #2119 ) ;
#2222 = EDGE_CURVE ( 'NONE', #2044, #675, #627, .T. ) ;
#2223 = ORIENTED_EDGE ( 'NONE', *, *, #414, .T. ) ;
#2224 = CARTESIAN_POINT ( 'NONE',  ( -8.385531325357280963, -4.120155158507589732, 144.3542980232669777 ) ) ;
#2225 = CIRCLE ( 'NONE', #2683, 9.686499999999997002 ) ;
#2226 = DIRECTION ( 'NONE',  ( -0.4036298484864446201, 0.9040139324509702812, 0.1408607658127080386 ) ) ;
#2227 = DIRECTION ( 'NONE',  ( 0.7292504199660249098, 0.2249069998420399619, 0.6462280297243604421 ) ) ;
#2228 = AXIS2_PLACEMENT_3D ( 'NONE', #1289, #2371, #3473 ) ;
#2229 = EDGE_CURVE ( 'NONE', #2143, #982, #291, .T. ) ;
#2230 = ADVANCED_FACE ( 'NONE', ( #781 ), #3261, .T. ) ;
#2231 = CARTESIAN_POINT ( 'NONE',  ( -9.356211786845959111, -6.887411611703599945, 141.5844904264226045 ) ) ;
#2232 = CIRCLE ( 'NONE', #649, 12.50000000000000355 ) ;
#2233 = AXIS2_PLACEMENT_3D ( 'NONE', #778, #1064, #322 ) ;
#2234 = DIRECTION ( 'NONE',  ( 0.4036298484864441760, -0.9040139324509705032, -0.1408607658127080664 ) ) ;
#2235 = CARTESIAN_POINT ( 'NONE',  ( -12.56571008629773978, -2.584596874993140059, 140.2693351239649928 ) ) ;
#2236 = ORIENTED_EDGE ( 'NONE', *, *, #3316, .F. ) ;
#2237 = DIRECTION ( 'NONE',  ( -0.4036298484864446201, 0.9040139324509702812, 0.1408607658127080386 ) ) ;
#2238 = ORIENTED_EDGE ( 'NONE', *, *, #2531, .T. ) ;
#2239 = CARTESIAN_POINT ( 'NONE',  ( -17.32564870693105163, -6.817000449423860076, 136.0445852315669981 ) ) ;
#2240 = DIRECTION ( 'NONE',  ( 0.4036298484864446201, -0.9040139324509702812, -0.1408607658127078444 ) ) ;
#2241 = VERTEX_POINT ( 'NONE', #3510 ) ;
#2242 = EDGE_LOOP ( 'NONE', ( #2203, #41, #2660, #3339 ) ) ;
#2243 = DIRECTION ( 'NONE',  ( -0.4036298484864156988, 0.9040139324509844920, 0.1408607658127004614 ) ) ;
#2244 = DIRECTION ( 'NONE',  ( -0.4036298484864446201, 0.9040139324509702812, 0.1408607658127078444 ) ) ;
#2245 = CARTESIAN_POINT ( 'NONE',  ( 3.081153292361154872, 0.3169786050656894782, 130.9869522143501968 ) ) ;
#2246 = CARTESIAN_POINT ( 'NONE',  ( -5.539673394052860189, 0.9382241053044330092, 120.0453848583785970 ) ) ;
#2247 = EDGE_CURVE ( 'NONE', #749, #2402, #3185, .T. ) ;
#2248 = FACE_OUTER_BOUND ( 'NONE', #1665, .T. ) ;
#2249 = DIRECTION ( 'NONE',  ( 0.9137903228885071449, 0.4059804243577965210, 0.01292829584984309631 ) ) ;
#2250 = CIRCLE ( 'NONE', #2071, 4.500000000000001776 ) ;
#2251 = ORIENTED_EDGE ( 'NONE', *, *, #2134, .T. ) ;
#2252 = CARTESIAN_POINT ( 'NONE',  ( -0.1984078077587899946, 0.3416445542642495004, 121.4312245856520036 ) ) ;
#2253 = EDGE_CURVE ( 'NONE', #404, #1419, #1439, .T. ) ;
#2254 = CYLINDRICAL_SURFACE ( 'NONE', #1225, 1.499999999999999334 ) ;
#2255 = ORIENTED_EDGE ( 'NONE', *, *, #3351, .F. ) ;
#2256 = CARTESIAN_POINT ( 'NONE',  ( -17.35540350065070214, -3.478159076159829777, 132.2793846131033888 ) ) ;
#2257 = DIRECTION ( 'NONE',  ( -0.2034861408258026305, 0.06140290946268654737, -0.9771504864663060896 ) ) ;
#2258 = ORIENTED_EDGE ( 'NONE', *, *, #2355, .T. ) ;
#2259 = VERTEX_POINT ( 'NONE', #1862 ) ;
#2260 = CARTESIAN_POINT ( 'NONE',  ( -7.687984010348859698, 0.7867438938163169304, 132.6096920514330009 ) ) ;
#2261 = ORIENTED_EDGE ( 'NONE', *, *, #1227, .T. ) ;
#2262 = CARTESIAN_POINT ( 'NONE',  ( -7.687984010349380171, 0.7867438938147219840, 132.6096920514330009 ) ) ;
#2263 = CIRCLE ( 'NONE', #114, 9.686500000000002331 ) ;
#2264 = CARTESIAN_POINT ( 'NONE',  ( -7.722683636308600441, -6.078934897717109820, 141.0766592131424204 ) ) ;
#2265 = FACE_BOUND ( 'NONE', #2185, .T. ) ;
#2266 = AXIS2_PLACEMENT_3D ( 'NONE', #141, #3242, #3031 ) ;
#2267 = EDGE_CURVE ( 'NONE', #3184, #2122, #922, .T. ) ;
#2268 = CARTESIAN_POINT ( 'NONE',  ( -14.86631048355862106, -6.385890663391339928, 140.3249329778587935 ) ) ;
#2269 = VERTEX_POINT ( 'NONE', #2702 ) ;
#2270 = CIRCLE ( 'NONE', #11, 4.500000000000005329 ) ;
#2271 = DIRECTION ( 'NONE',  ( -0.4036298484864445646, 0.9040139324509700591, 0.1408607658127078166 ) ) ;
#2272 = VECTOR ( 'NONE', #1337, 1000.000000000000227 ) ;
#2273 = EDGE_CURVE ( 'NONE', #2072, #1097, #2791, .T. ) ;
#2274 = EDGE_CURVE ( 'NONE', #2360, #1348, #3023, .T. ) ;
#2275 = ORIENTED_EDGE ( 'NONE', *, *, #161, .T. ) ;
#2276 = DIRECTION ( 'NONE',  ( -0.4036298484864156433, 0.9040139324509842700, 0.1408607658127000450 ) ) ;
#2277 = CARTESIAN_POINT ( 'NONE',  ( -7.687984010349380171, 0.7867438938147219840, 132.6096920514330009 ) ) ;
#2278 = ORIENTED_EDGE ( 'NONE', *, *, #771, .T. ) ;
#2279 = ORIENTED_EDGE ( 'NONE', *, *, #2535, .F. ) ;
#2280 = DIRECTION ( 'NONE',  ( -0.4036298484864446201, 0.9040139324509702812, 0.1408607658127080386 ) ) ;
#2281 = DIRECTION ( 'NONE',  ( -0.4036298484864446201, 0.9040139324509702812, 0.1408607658127080386 ) ) ;
#2282 = AXIS2_PLACEMENT_3D ( 'NONE', #1783, #1847, #422 ) ;
#2283 = CYLINDRICAL_SURFACE ( 'NONE', #250, 3.000000000000005773 ) ;
#2284 = AXIS2_PLACEMENT_3D ( 'NONE', #1881, #1565, #1052 ) ;
#2285 = CIRCLE ( 'NONE', #1344, 1.500000000000002887 ) ;
#2286 = DIRECTION ( 'NONE',  ( -0.008861879339739951039, -0.1578149520867522526, 0.9874289381988072822 ) ) ;
#2287 = VECTOR ( 'NONE', #558, 1000.000000000000227 ) ;
#2288 = ORIENTED_EDGE ( 'NONE', *, *, #1716, .T. ) ;
#2289 = CARTESIAN_POINT ( 'NONE',  ( -49.22818277948520205, -8.687852228767690477, 74.38413017265050087 ) ) ;
#2290 = DIRECTION ( 'NONE',  ( -0.4036298484864446201, 0.9040139324509702812, 0.1408607658127080386 ) ) ;
#2291 = EDGE_CURVE ( 'NONE', #1438, #1488, #1262, .T. ) ;
#2292 = EDGE_CURVE ( 'NONE', #333, #1967, #2718, .T. ) ;
#2293 = VERTEX_POINT ( 'NONE', #3280 ) ;
#2294 = CARTESIAN_POINT ( 'NONE',  ( -1.207482428974899991, 2.601679385391675314, 121.7833765001837918 ) ) ;
#2295 = ADVANCED_FACE ( 'NONE', ( #3011 ), #503, .T. ) ;
#2296 = CARTESIAN_POINT ( 'NONE',  ( -5.673871066401650509, -3.724285629114095109, 131.9067968300275879 ) ) ;
#2297 = DIRECTION ( 'NONE',  ( -0.4036298484864446201, 0.9040139324509702812, 0.1408607658127076501 ) ) ;
#2298 = CARTESIAN_POINT ( 'NONE',  ( -2.810257934401080071, 4.158084662622565375, 124.9500489789009947 ) ) ;
#2299 = DIRECTION ( 'NONE',  ( 0.4962987577851417642, 0.08699870934529789490, 0.8637816666225196505 ) ) ;
#2300 = CARTESIAN_POINT ( 'NONE',  ( -5.669834767917159901, -3.733325768440129977, 131.9053882223694245 ) ) ;
#2301 = CARTESIAN_POINT ( 'NONE',  ( 4.330028330771420464, 2.804223077797199704, 136.3509695218786248 ) ) ;
#2302 = ORIENTED_EDGE ( 'NONE', *, *, #1368, .T. ) ;
#2303 = DIRECTION ( 'NONE',  ( -0.4036298484864446201, 0.9040139324509702812, 0.1408607658127078444 ) ) ;
#2304 = CARTESIAN_POINT ( 'NONE',  ( 3.177021902818384813, 0.03477227787408255361, 133.0727983520259841 ) ) ;
#2305 = CARTESIAN_POINT ( 'NONE',  ( -10.54756084386549908, -7.104666537247990910, 139.5650312949013880 ) ) ;
#2306 = VERTEX_POINT ( 'NONE', #1936 ) ;
#2307 = DIRECTION ( 'NONE',  ( 0.4036298484864153657, -0.9040139324509846031, -0.1408607658126999618 ) ) ;
#2308 = ADVANCED_FACE ( 'NONE', ( #2425 ), #3281, .T. ) ;
#2309 = CARTESIAN_POINT ( 'NONE',  ( -47.21406983553789871, -13.19888175169810118, 73.68123495124510214 ) ) ;
#2310 = EDGE_LOOP ( 'NONE', ( #3441, #203, #3056, #3063 ) ) ;
#2311 = EDGE_CURVE ( 'NONE', #867, #2044, #2608, .T. ) ;
#2312 = EDGE_CURVE ( 'NONE', #1359, #2361, #2089, .T. ) ;
#2313 = CARTESIAN_POINT ( 'NONE',  ( -16.18072613093900003, -3.341487418545309840, 134.7682378014259825 ) ) ;
#2314 = VERTEX_POINT ( 'NONE', #470 ) ;
#2315 = CYLINDRICAL_SURFACE ( 'NONE', #645, 4.500000000000003553 ) ;
#2316 = CYLINDRICAL_SURFACE ( 'NONE', #750, 12.50000000000000355 ) ;
#2317 = VECTOR ( 'NONE', #3009, 1000.000000000000227 ) ;
#2318 = ORIENTED_EDGE ( 'NONE', *, *, #1227, .F. ) ;
#2319 = DIRECTION ( 'NONE',  ( -0.4036298484864446201, 0.9040139324509702812, 0.1408607658127078444 ) ) ;
#2320 = CARTESIAN_POINT ( 'NONE',  ( 1.252133371224379843, 3.483589184731000099, 140.9194048431330089 ) ) ;
#2321 = DIRECTION ( 'NONE',  ( -0.4036298484864446201, 0.9040139324509702812, 0.1408607658127080386 ) ) ;
#2322 = EDGE_LOOP ( 'NONE', ( #1865, #1672, #2477, #2378 ) ) ;
#2323 = AXIS2_PLACEMENT_3D ( 'NONE', #2444, #2703, #3544 ) ;
#2324 = CARTESIAN_POINT ( 'NONE',  ( -1.097798904593684011, -0.3060952438398135134, 123.0111159674682000 ) ) ;
#2325 = VERTEX_POINT ( 'NONE', #712 ) ;
#2326 = SURFACE_STYLE_FILL_AREA ( #2856 ) ;
#2327 = CIRCLE ( 'NONE', #396, 12.50000000000000355 ) ;
#2328 = ORIENTED_EDGE ( 'NONE', *, *, #1889, .T. ) ;
#2329 = AXIS2_PLACEMENT_3D ( 'NONE', #1158, #1428, #352 ) ;
#2330 = LINE ( 'NONE', #3409, #1390 ) ;
#2331 = CARTESIAN_POINT ( 'NONE',  ( -11.94149589703134140, -2.529127939891124832, 141.7020036695453769 ) ) ;
#2332 = ORIENTED_EDGE ( 'NONE', *, *, #2179, .F. ) ;
#2333 = FACE_OUTER_BOUND ( 'NONE', #538, .T. ) ;
#2334 = EDGE_CURVE ( 'NONE', #350, #262, #1558, .T. ) ;
#2335 = EDGE_CURVE ( 'NONE', #2088, #2989, #3490, .T. ) ;
#2336 = VERTEX_POINT ( 'NONE', #173 ) ;
#2337 = CARTESIAN_POINT ( 'NONE',  ( -11.65711460513654174, 0.3899866163084015347, 123.7826388492442078 ) ) ;
#2338 = AXIS2_PLACEMENT_3D ( 'NONE', #586, #93, #59 ) ;
#2339 = LINE ( 'NONE', #2301, #3097 ) ;
#2340 = VERTEX_POINT ( 'NONE', #227 ) ;
#2341 = AXIS2_PLACEMENT_3D ( 'NONE', #169, #2974, #1242 ) ;
#2342 = CARTESIAN_POINT ( 'NONE',  ( -7.933861648193400562, -2.833818537386345149, 119.6450836165829941 ) ) ;
#2343 = VERTEX_POINT ( 'NONE', #1265 ) ;
#2344 = VECTOR ( 'NONE', #2772, 1000.000000000000227 ) ;
#2345 = ORIENTED_EDGE ( 'NONE', *, *, #2657, .T. ) ;
#2346 = LINE ( 'NONE', #130, #397 ) ;
#2347 = EDGE_LOOP ( 'NONE', ( #3073, #1790, #3509, #115 ) ) ;
#2348 = DIRECTION ( 'NONE',  ( -0.4036298484864446201, 0.9040139324509702812, 0.1408607658127080386 ) ) ;
#2349 = CARTESIAN_POINT ( 'NONE',  ( -4.530598772836749610, -1.321810725822989863, 119.6932329438469935 ) ) ;
#2350 = VERTEX_POINT ( 'NONE', #2680 ) ;
#2351 = CYLINDRICAL_SURFACE ( 'NONE', #1440, 4.500000000000003553 ) ;
#2352 = EDGE_CURVE ( 'NONE', #2437, #2509, #3250, .T. ) ;
#2353 = DIRECTION ( 'NONE',  ( 0.7292504199660256869, 0.2249069998420401006, 0.6462280297243594429 ) ) ;
#2354 = EDGE_LOOP ( 'NONE', ( #2411, #330, #2158, #2069 ) ) ;
#2355 = EDGE_CURVE ( 'NONE', #3391, #3094, #871, .T. ) ;
#2356 = ADVANCED_FACE ( 'NONE', ( #2248 ), #3319, .T. ) ;
#2357 = DIRECTION ( 'NONE',  ( 0.7292504199660267972, 0.2249069998420404337, 0.6462280297243582217 ) ) ;
#2358 = VERTEX_POINT ( 'NONE', #3070 ) ;
#2359 = DIRECTION ( 'NONE',  ( 0.7292504199660267972, 0.2249069998420404892, 0.6462280297243582217 ) ) ;
#2360 = VERTEX_POINT ( 'NONE', #1363 ) ;
#2361 = VERTEX_POINT ( 'NONE', #298 ) ;
#2362 = DIRECTION ( 'NONE',  ( 0.4036298484864446201, -0.9040139324509702812, -0.1408607658127076501 ) ) ;
#2363 = CARTESIAN_POINT ( 'NONE',  ( -7.687984010349380171, 0.7867438938147219840, 132.6096920514330009 ) ) ;
#2364 = ORIENTED_EDGE ( 'NONE', *, *, #1479, .T. ) ;
#2365 = DIRECTION ( 'NONE',  ( -0.4036298484864441760, 0.9040139324509705032, 0.1408607658127078721 ) ) ;
#2366 = EDGE_LOOP ( 'NONE', ( #145, #2964, #3357, #1746 ) ) ;
#2367 = DIRECTION ( 'NONE',  ( -0.4036298484864446201, 0.9040139324509702812, 0.1408607658127076501 ) ) ;
#2368 = EDGE_CURVE ( 'NONE', #2014, #776, #2270, .T. ) ;
#2369 = CARTESIAN_POINT ( 'NONE',  ( -5.669834767917159901, -3.733325768440129977, 131.9053882223694245 ) ) ;
#2370 = ORIENTED_EDGE ( 'NONE', *, *, #2179, .T. ) ;
#2371 = DIRECTION ( 'NONE',  ( -0.4036298484864446201, 0.9040139324509702812, 0.1408607658127076501 ) ) ;
#2372 = AXIS2_PLACEMENT_3D ( 'NONE', #2992, #2733, #3331 ) ;
#2373 = VERTEX_POINT ( 'NONE', #1620 ) ;
#2374 = DIRECTION ( 'NONE',  ( -0.7264251814606634827, -0.2230512909207620353, -0.6500419812276926335 ) ) ;
#2375 = EDGE_CURVE ( 'NONE', #3293, #3108, #799, .T. ) ;
#2376 = EDGE_CURVE ( 'NONE', #553, #1741, #1088, .T. ) ;
#2377 = ORIENTED_EDGE ( 'NONE', *, *, #1732, .F. ) ;
#2378 = ORIENTED_EDGE ( 'NONE', *, *, #2180, .T. ) ;
#2379 = DIRECTION ( 'NONE',  ( 0.7292504199660254649, 0.2249069998420398231, 0.6462280297243599980 ) ) ;
#2380 = ORIENTED_EDGE ( 'NONE', *, *, #3071, .F. ) ;
#2381 = AXIS2_PLACEMENT_3D ( 'NONE', #431, #1542, #1561 ) ;
#2382 = DIRECTION ( 'NONE',  ( 0.4036298484864155878, -0.9040139324509842700, -0.1408607658127004336 ) ) ;
#2383 = AXIS2_PLACEMENT_3D ( 'NONE', #3423, #3144, #2023 ) ;
#2384 = CYLINDRICAL_SURFACE ( 'NONE', #2110, 4.500000000000007994 ) ;
#2385 = LINE ( 'NONE', #2097, #2093 ) ;
#2386 = VECTOR ( 'NONE', #2782, 1000.000000000000000 ) ;
#2387 = DIRECTION ( 'NONE',  ( -0.6707575780832552015, -0.3970910963467115806, 0.6264207313348214567 ) ) ;
#2388 = AXIS2_PLACEMENT_3D ( 'NONE', #2801, #2875, #3372 ) ;
#2389 = ORIENTED_EDGE ( 'NONE', *, *, #2205, .F. ) ;
#2390 = AXIS2_PLACEMENT_3D ( 'NONE', #1309, #2012, #325 ) ;
#2391 = ORIENTED_EDGE ( 'NONE', *, *, #1570, .F. ) ;
#2392 = CARTESIAN_POINT ( 'NONE',  ( -41.23891569843040372, -6.237208193664380396, 81.54929290912450313 ) ) ;
#2393 = VECTOR ( 'NONE', #715, 1000.000000000000227 ) ;
#2394 = VECTOR ( 'NONE', #1160, 1000.000000000000227 ) ;
#2395 = ORIENTED_EDGE ( 'NONE', *, *, #139, .T. ) ;
#2396 = AXIS2_PLACEMENT_3D ( 'NONE', #1506, #933, #3154 ) ;
#2397 = AXIS2_PLACEMENT_3D ( 'NONE', #200, #1552, #2662 ) ;
#2398 = ADVANCED_FACE ( 'NONE', ( #2467 ), #1939, .T. ) ;
#2399 = ORIENTED_EDGE ( 'NONE', *, *, #1980, .F. ) ;
#2400 = CARTESIAN_POINT ( 'NONE',  ( 3.979783024076599673, 0.5839796706345300459, 131.8483780237596079 ) ) ;
#2401 = AXIS2_PLACEMENT_3D ( 'NONE', #2262, #1971, #2210 ) ;
#2402 = VERTEX_POINT ( 'NONE', #1973 ) ;
#2403 = CARTESIAN_POINT ( 'NONE',  ( -13.27390251983929836, -6.281979987614659144, 126.4730040730973855 ) ) ;
#2404 = EDGE_CURVE ( 'NONE', #3576, #1784, #1493, .T. ) ;
#2405 = DIRECTION ( 'NONE',  ( 0.5214411106200551593, 0.3538051182786835502, -0.7764799459323661335 ) ) ;
#2406 = FACE_OUTER_BOUND ( 'NONE', #1272, .T. ) ;
#2407 = LINE ( 'NONE', #1821, #3085 ) ;
#2408 = DIRECTION ( 'NONE',  ( -0.4036298484864446201, 0.9040139324509702812, 0.1408607658127080386 ) ) ;
#2409 = DIRECTION ( 'NONE',  ( -0.4036298484864446201, 0.9040139324509702812, 0.1408607658127074280 ) ) ;
#2410 = LINE ( 'NONE', #3511, #532 ) ;
#2411 = ORIENTED_EDGE ( 'NONE', *, *, #1058, .T. ) ;
#2412 = SURFACE_STYLE_USAGE ( .BOTH. , #2764 ) ;
#2413 = VERTEX_POINT ( 'NONE', #2 ) ;
#2414 = DIRECTION ( 'NONE',  ( 0.7292504199660267972, 0.2249069998420404337, 0.6462280297243582217 ) ) ;
#2415 = VERTEX_POINT ( 'NONE', #859 ) ;
#2416 = ORIENTED_EDGE ( 'NONE', *, *, #2375, .F. ) ;
#2417 = EDGE_CURVE ( 'NONE', #2852, #716, #1383, .T. ) ;
#2418 = ORIENTED_EDGE ( 'NONE', *, *, #659, .F. ) ;
#2419 = DIRECTION ( 'NONE',  ( 0.8431203278187544559, 0.4273054310210833706, -0.3264325067126161439 ) ) ;
#2420 = ORIENTED_EDGE ( 'NONE', *, *, #930, .T. ) ;
#2421 = CARTESIAN_POINT ( 'NONE',  ( -9.638965362704309925, -4.130083045946450149, 123.0783350201805888 ) ) ;
#2422 = CARTESIAN_POINT ( 'NONE',  ( -2.507475985040119593, -0.9616919924109960105, 123.1792312566749956 ) ) ;
#2423 = ADVANCED_FACE ( 'NONE', ( #846, #525, #562, #546, #2265, #282 ), #1678, .T. ) ;
#2424 = DIRECTION ( 'NONE',  ( -0.4036298484864446201, 0.9040139324509702812, 0.1408607658127076501 ) ) ;
#2425 = FACE_OUTER_BOUND ( 'NONE', #2655, .T. ) ;
#2426 = CARTESIAN_POINT ( 'NONE',  ( -11.94149589703134140, -2.529127939891124832, 141.7020036695453769 ) ) ;
#2427 = VERTEX_POINT ( 'NONE', #1643 ) ;
#2428 = DIRECTION ( 'NONE',  ( 0.1138699078527286024, 0.2023984311790434087, -0.9726605364369798057 ) ) ;
#2429 = CYLINDRICAL_SURFACE ( 'NONE', #650, 12.50000000000000355 ) ;
#2430 = ORIENTED_EDGE ( 'NONE', *, *, #2107, .T. ) ;
#2431 = DIRECTION ( 'NONE',  ( -0.4036298484864446201, 0.9040139324509702812, 0.1408607658127078444 ) ) ;
#2432 = ORIENTED_EDGE ( 'NONE', *, *, #2518, .F. ) ;
#2433 = VECTOR ( 'NONE', #540, 1000.000000000000227 ) ;
#2434 = DIRECTION ( 'NONE',  ( -0.4036298484864153657, 0.9040139324509846031, 0.1408607658126997675 ) ) ;
#2435 = AXIS2_PLACEMENT_3D ( 'NONE', #2123, #1866, #475 ) ;
#2436 = DIRECTION ( 'NONE',  ( -0.4036298484864446201, 0.9040139324509702812, 0.1408607658127080386 ) ) ;
#2437 = VERTEX_POINT ( 'NONE', #267 ) ;
#2438 = CARTESIAN_POINT ( 'NONE',  ( -5.669834767917159901, -3.733325768440129977, 131.9053882223694245 ) ) ;
#2439 = LINE ( 'NONE', #2701, #123 ) ;
#2440 = AXIS2_PLACEMENT_3D ( 'NONE', #3148, #634, #136 ) ;
#2441 = DIRECTION ( 'NONE',  ( -0.4036298484864446201, 0.9040139324509702812, 0.1408607658127080386 ) ) ;
#2442 = ADVANCED_FACE ( 'NONE', ( #1994 ), #2740, .F. ) ;
#2443 = EDGE_CURVE ( 'NONE', #3199, #1438, #1661, .T. ) ;
#2444 = CARTESIAN_POINT ( 'NONE',  ( -5.711689673857829774, 0.05496812418698159702, 142.9690484439462068 ) ) ;
#2445 = AXIS2_PLACEMENT_3D ( 'NONE', #2256, #1983, #1423 ) ;
#2446 = CARTESIAN_POINT ( 'NONE',  ( -7.687984010349380171, 0.7867438938147219840, 132.6096920514330009 ) ) ;
#2447 = ORIENTED_EDGE ( 'NONE', *, *, #572, .F. ) ;
#2448 = LINE ( 'NONE', #2997, #1199 ) ;
#2449 = EDGE_CURVE ( 'NONE', #2139, #1631, #3362, .T. ) ;
#2450 = DIRECTION ( 'NONE',  ( -0.1138699078527353747, -0.2023984311790467672, 0.9726605364369782514 ) ) ;
#2451 = ORIENTED_EDGE ( 'NONE', *, *, #2581, .T. ) ;
#2452 = AXIS2_PLACEMENT_3D ( 'NONE', #682, #185, #204 ) ;
#2453 = DIRECTION ( 'NONE',  ( -0.4036298484864446201, 0.9040139324509702812, 0.1408607658127080386 ) ) ;
#2454 = VERTEX_POINT ( 'NONE', #1378 ) ;
#2455 = VECTOR ( 'NONE', #3107, 1000.000000000000227 ) ;
#2456 = AXIS2_PLACEMENT_3D ( 'NONE', #3470, #2321, #1178 ) ;
#2457 = ORIENTED_EDGE ( 'NONE', *, *, #2736, .T. ) ;
#2458 = DIRECTION ( 'NONE',  ( 0.7292504199660262421, 0.2249069998420400451, 0.6462280297243589988 ) ) ;
#2459 = AXIS2_PLACEMENT_3D ( 'NONE', #2965, #2688, #1305 ) ;
#2460 = VERTEX_POINT ( 'NONE', #878 ) ;
#2461 = AXIS2_PLACEMENT_3D ( 'NONE', #3367, #3104, #602 ) ;
#2462 = DIRECTION ( 'NONE',  ( 0.7292504199660267972, 0.2249069998420404892, 0.6462280297243582217 ) ) ;
#2463 = CARTESIAN_POINT ( 'NONE',  ( -1.248090758151203961, 2.569366076897785067, 139.6224172922129867 ) ) ;
#2464 = VECTOR ( 'NONE', #232, 1000.000000000000227 ) ;
#2465 = CARTESIAN_POINT ( 'NONE',  ( -18.12396540348825269, -3.814980707383610170, 96.81370296503750694 ) ) ;
#2466 = FACE_OUTER_BOUND ( 'NONE', #2087, .T. ) ;
#2467 = FACE_OUTER_BOUND ( 'NONE', #277, .T. ) ;
#2468 = EDGE_CURVE ( 'NONE', #3192, #2325, #3335, .T. ) ;
#2469 = DIRECTION ( 'NONE',  ( -0.4036298484864446201, 0.9040139324509702812, 0.1408607658127078444 ) ) ;
#2470 = EDGE_LOOP ( 'NONE', ( #2128, #495, #1422, #292 ) ) ;
#2471 = CYLINDRICAL_SURFACE ( 'NONE', #805, 12.50000000000000355 ) ;
#2472 = CARTESIAN_POINT ( 'NONE',  ( -10.54756084386549908, -7.104666537247990910, 139.5650312949013880 ) ) ;
#2473 = EDGE_CURVE ( 'NONE', #2874, #1023, #1791, .T. ) ;
#2474 = ORIENTED_EDGE ( 'NONE', *, *, #139, .F. ) ;
#2475 = LINE ( 'NONE', #2304, #762 ) ;
#2476 = ORIENTED_EDGE ( 'NONE', *, *, #2694, .T. ) ;
#2477 = ORIENTED_EDGE ( 'NONE', *, *, #612, .T. ) ;
#2478 = DIRECTION ( 'NONE',  ( 0.7292504199660267972, 0.2249069998420404615, 0.6462280297243582217 ) ) ;
#2479 = ORIENTED_EDGE ( 'NONE', *, *, #428, .T. ) ;
#2480 = CARTESIAN_POINT ( 'NONE',  ( -5.673871066401650509, -3.724285629114095109, 131.9067968300275879 ) ) ;
#2481 = DIRECTION ( 'NONE',  ( 0.6707575780832523149, 0.3970910963467116916, -0.6264207313348243433 ) ) ;
#2482 = DIRECTION ( 'NONE',  ( -0.4954199826177847488, -0.08652028371163746068, -0.8643340102815876280 ) ) ;
#2483 = DIRECTION ( 'NONE',  ( -0.4036298484864446201, 0.9040139324509702812, 0.1408607658127076501 ) ) ;
#2484 = CARTESIAN_POINT ( 'NONE',  ( -61.46332378770210170, -20.85462439879615104, 81.98357375887550802 ) ) ;
#2485 = PRESENTATION_LAYER_ASSIGNMENT (  '', '', ( #3172 ) ) ;
#2486 = VERTEX_POINT ( 'NONE', #3297 ) ;
#2487 = DIRECTION ( 'NONE',  ( 0.2034861408257961080, -0.06140290946268939926, 0.9771504864663074219 ) ) ;
#2488 = ADVANCED_FACE ( 'NONE', ( #374 ), #913, .T. ) ;
#2489 = CYLINDRICAL_SURFACE ( 'NONE', #1120, 12.50000000000000355 ) ;
#2490 = VERTEX_POINT ( 'NONE', #3431 ) ;
#2491 = ORIENTED_EDGE ( 'NONE', *, *, #3194, .F. ) ;
#2492 = EDGE_CURVE ( 'NONE', #2103, #1359, #2730, .T. ) ;
#2493 = ADVANCED_FACE ( 'NONE', ( #2547 ), #2316, .T. ) ;
#2494 = ORIENTED_EDGE ( 'NONE', *, *, #1182, .T. ) ;
#2495 = CYLINDRICAL_SURFACE ( 'NONE', #1316, 4.500000000000000888 ) ;
#2496 = VECTOR ( 'NONE', #3536, 1000.000000000000227 ) ;
#2497 = DIRECTION ( 'NONE',  ( -0.4036298484864446201, 0.9040139324509702812, 0.1408607658127080386 ) ) ;
#2498 = DIRECTION ( 'NONE',  ( -0.4036298484864446201, 0.9040139324509702812, 0.1408607658127076501 ) ) ;
#2499 = VECTOR ( 'NONE', #1546, 1000.000000000000227 ) ;
#2500 = FACE_OUTER_BOUND ( 'NONE', #3025, .T. ) ;
#2501 = CIRCLE ( 'NONE', #1037, 9.686500000000000554 ) ;
#2502 = DIRECTION ( 'NONE',  ( -0.4036298484864446201, 0.9040139324509702812, 0.1408607658127080386 ) ) ;
#2503 = DIRECTION ( 'NONE',  ( -0.4036298484864446201, 0.9040139324509702812, 0.1408607658127080386 ) ) ;
#2504 = VERTEX_POINT ( 'NONE', #946 ) ;
#2505 = CIRCLE ( 'NONE', #2560, 1.500000000000002887 ) ;
#2506 = LINE ( 'NONE', #1352, #1118 ) ;
#2507 = ORIENTED_EDGE ( 'NONE', *, *, #1591, .F. ) ;
#2508 = ORIENTED_EDGE ( 'NONE', *, *, #1415, .T. ) ;
#2509 = VERTEX_POINT ( 'NONE', #1229 ) ;
#2510 = DIRECTION ( 'NONE',  ( -0.4036298484864446201, 0.9040139324509702812, 0.1408607658127074280 ) ) ;
#2511 = ADVANCED_FACE ( 'NONE', ( #3117 ), #656, .T. ) ;
#2512 = CIRCLE ( 'NONE', #248, 4.500000000000000888 ) ;
#2513 = DIRECTION ( 'NONE',  ( -0.4036298484864446201, 0.9040139324509702812, 0.1408607658127078444 ) ) ;
#2514 = DIRECTION ( 'NONE',  ( -0.4036298484864156433, 0.9040139324509842700, 0.1408607658127000450 ) ) ;
#2515 = CARTESIAN_POINT ( 'NONE',  ( -5.669834767917159901, -3.733325768440129977, 131.9053882223694245 ) ) ;
#2516 = AXIS2_PLACEMENT_3D ( 'NONE', #3451, #398, #2353 ) ;
#2517 = ORIENTED_EDGE ( 'NONE', *, *, #3450, .T. ) ;
#2518 = EDGE_CURVE ( 'NONE', #1741, #947, #3414, .T. ) ;
#2519 = DIRECTION ( 'NONE',  ( -0.4036298484864445646, 0.9040139324509700591, 0.1408607658127078166 ) ) ;
#2520 = CIRCLE ( 'NONE', #1224, 9.686499999999995225 ) ;
#2521 = CIRCLE ( 'NONE', #1705, 12.50000000000000355 ) ;
#2522 = DIRECTION ( 'NONE',  ( -0.4036298484864446201, 0.9040139324509702812, 0.1408607658127074280 ) ) ;
#2523 = DIRECTION ( 'NONE',  ( 0.4036298484864446201, -0.9040139324509702812, -0.1408607658127076501 ) ) ;
#2524 = ORIENTED_EDGE ( 'NONE', *, *, #3201, .T. ) ;
#2525 = DIRECTION ( 'NONE',  ( -0.4036298484864446201, 0.9040139324509702812, 0.1408607658127076501 ) ) ;
#2526 = ORIENTED_EDGE ( 'NONE', *, *, #328, .F. ) ;
#2527 = CARTESIAN_POINT ( 'NONE',  ( -7.828050636612089441, -0.7654516225416539976, 142.1699929185191706 ) ) ;
#2528 = FACE_BOUND ( 'NONE', #3487, .T. ) ;
#2529 = EDGE_LOOP ( 'NONE', ( #1628, #81, #2389, #3288 ) ) ;
#2530 = LINE ( 'NONE', #3082, #1496 ) ;
#2531 = EDGE_CURVE ( 'NONE', #1892, #1812, #957, .T. ) ;
#2532 = CYLINDRICAL_SURFACE ( 'NONE', #1512, 12.50000000000000355 ) ;
#2533 = DIRECTION ( 'NONE',  ( -0.7292504199660271302, -0.2249069998420406280, -0.6462280297243576666 ) ) ;
#2534 = EDGE_CURVE ( 'NONE', #441, #2207, #1743, .T. ) ;
#2535 = EDGE_CURVE ( 'NONE', #2221, #2490, #1778, .T. ) ;
#2536 = DIRECTION ( 'NONE',  ( -0.4036298484864446201, 0.9040139324509702812, 0.1408607658127080386 ) ) ;
#2537 = ORIENTED_EDGE ( 'NONE', *, *, #1130, .F. ) ;
#2538 = CARTESIAN_POINT ( 'NONE',  ( 3.716606218511834925, 5.901768294058319597, 132.4618844174084131 ) ) ;
#2539 = CARTESIAN_POINT ( 'NONE',  ( -7.687984010349380171, 0.7867438938147219840, 132.6096920514330009 ) ) ;
#2540 = ORIENTED_EDGE ( 'NONE', *, *, #2535, .T. ) ;
#2541 = CARTESIAN_POINT ( 'NONE',  ( -16.08843944567239959, 2.908490728423204885, 94.92167279663289037 ) ) ;
#2542 = DIRECTION ( 'NONE',  ( 0.4036298484864156433, -0.9040139324509842700, -0.1408607658127000450 ) ) ;
#2543 = ORIENTED_EDGE ( 'NONE', *, *, #2785, .T. ) ;
#2544 = ORIENTED_EDGE ( 'NONE', *, *, #1667, .F. ) ;
#2545 = DIRECTION ( 'NONE',  ( -0.4036298484864156433, 0.9040139324509842700, 0.1408607658127006279 ) ) ;
#2546 = DIRECTION ( 'NONE',  ( -0.008861879339741108100, -0.1578149520867526967, 0.9874289381988072822 ) ) ;
#2547 = FACE_OUTER_BOUND ( 'NONE', #442, .T. ) ;
#2548 = CIRCLE ( 'NONE', #3182, 12.50000000000000355 ) ;
#2549 = ORIENTED_EDGE ( 'NONE', *, *, #866, .F. ) ;
#2550 = ADVANCED_FACE ( 'NONE', ( #1718 ), #2898, .F. ) ;
#2551 = ADVANCED_FACE ( 'NONE', ( #928 ), #339, .T. ) ;
#2552 = AXIS2_PLACEMENT_3D ( 'NONE', #505, #2794, #3033 ) ;
#2553 = CIRCLE ( 'NONE', #3024, 4.499999999999992895 ) ;
#2554 = LINE ( 'NONE', #2819, #3486 ) ;
#2555 = AXIS2_PLACEMENT_3D ( 'NONE', #1261, #488, #224 ) ;
#2556 = ORIENTED_EDGE ( 'NONE', *, *, #2404, .T. ) ;
#2557 = EDGE_CURVE ( 'NONE', #2894, #3184, #2864, .T. ) ;
#2558 = LINE ( 'NONE', #853, #2105 ) ;
#2559 = AXIS2_PLACEMENT_3D ( 'NONE', #2289, #620, #605 ) ;
#2560 = AXIS2_PLACEMENT_3D ( 'NONE', #1009, #3443, #3236 ) ;
#2561 = ORIENTED_EDGE ( 'NONE', *, *, #988, .F. ) ;
#2562 = DIRECTION ( 'NONE',  ( 0.4036298484864445646, -0.9040139324509700591, -0.1408607658127078166 ) ) ;
#2563 = DIRECTION ( 'NONE',  ( -0.4036298484864446201, 0.9040139324509702812, 0.1408607658127076501 ) ) ;
#2564 = ORIENTED_EDGE ( 'NONE', *, *, #2937, .T. ) ;
#2565 = CIRCLE ( 'NONE', #410, 1.500000000000001776 ) ;
#2566 = CARTESIAN_POINT ( 'NONE',  ( -19.12101161204499888, -4.244570035355004656, 132.1387780412260042 ) ) ;
#2567 = CARTESIAN_POINT ( 'NONE',  ( -49.22818277948520205, -8.687852228767690477, 74.38413017265050087 ) ) ;
#2568 = AXIS2_PLACEMENT_3D ( 'NONE', #2079, #713, #124 ) ;
#2569 = ORIENTED_EDGE ( 'NONE', *, *, #2741, .F. ) ;
#2570 = CARTESIAN_POINT ( 'NONE',  ( 0.4459257303425859797, 3.740220438493210064, 136.9622511699641905 ) ) ;
#2571 = AXIS2_PLACEMENT_3D ( 'NONE', #499, #3507, #1335 ) ;
#2572 = CARTESIAN_POINT ( 'NONE',  ( -9.952010890625619055, 1.686251124868505036, 120.3493874456463999 ) ) ;
#2573 = AXIS2_PLACEMENT_3D ( 'NONE', #2722, #1650, #1074 ) ;
#2574 = EDGE_CURVE ( 'NONE', #77, #350, #2793, .T. ) ;
#2575 = CARTESIAN_POINT ( 'NONE',  ( 0.05615036783547960181, 4.887593629345639457, 128.4817753336184012 ) ) ;
#2576 = ORIENTED_EDGE ( 'NONE', *, *, #3370, .T. ) ;
#2577 = LINE ( 'NONE', #1964, #2386 ) ;
#2578 = CARTESIAN_POINT ( 'NONE',  ( -5.673871066401650509, -3.724285629114095109, 131.9067968300275879 ) ) ;
#2579 = EDGE_LOOP ( 'NONE', ( #1139, #274, #101, #943 ) ) ;
#2580 =( NAMED_UNIT ( * ) SI_UNIT ( $, .STERADIAN. ) SOLID_ANGLE_UNIT ( ) );
#2581 = EDGE_CURVE ( 'NONE', #1784, #1122, #1562, .T. ) ;
#2582 = VERTEX_POINT ( 'NONE', #707 ) ;
#2583 = CYLINDRICAL_SURFACE ( 'NONE', #3363, 4.500000000000000888 ) ;
#2584 = CARTESIAN_POINT ( 'NONE',  ( -8.568954400559180229, -3.587786198995089659, 122.6640568334754136 ) ) ;
#2585 = EDGE_LOOP ( 'NONE', ( #63, #2614, #3141, #1577 ) ) ;
#2586 = DIRECTION ( 'NONE',  ( -0.4036298484864445646, 0.9040139324509700591, 0.1408607658127078166 ) ) ;
#2587 = CARTESIAN_POINT ( 'NONE',  ( -8.707616219865389695, 1.823706305066165045, 123.0329837774501982 ) ) ;
#2588 = EDGE_LOOP ( 'NONE', ( #801, #1538, #2661, #5 ) ) ;
#2589 = CARTESIAN_POINT ( 'NONE',  ( -4.650202558401089981, -4.770288179691540620, 141.4820964963520282 ) ) ;
#2590 = CARTESIAN_POINT ( 'NONE',  ( -5.669834767917159901, -3.733325768440129977, 131.9053882223694245 ) ) ;
#2591 = CARTESIAN_POINT ( 'NONE',  ( -7.687984010349380171, 0.7867438938147219840, 132.6096920514330009 ) ) ;
#2592 = EDGE_LOOP ( 'NONE', ( #2218, #1467, #1882, #1551 ) ) ;
#2593 = CARTESIAN_POINT ( 'NONE',  ( -55.09321445187850230, -10.84632314187799906, 71.43075941214080160 ) ) ;
#2594 = ORIENTED_EDGE ( 'NONE', *, *, #1051, .F. ) ;
#2595 = ORIENTED_EDGE ( 'NONE', *, *, #138, .T. ) ;
#2596 = ADVANCED_FACE ( 'NONE', ( #209 ), #2076, .F. ) ;
#2597 = EDGE_CURVE ( 'NONE', #597, #2771, #1301, .T. ) ;
#2598 = CARTESIAN_POINT ( 'NONE',  ( -3.115948147025905168, 4.213974418415034506, 123.7154197965317906 ) ) ;
#2599 = ORIENTED_EDGE ( 'NONE', *, *, #2741, .T. ) ;
#2600 = CARTESIAN_POINT ( 'NONE',  ( -0.2737288626053319684, -2.731892163071309998, 140.9406896418720123 ) ) ;
#2601 = ORIENTED_EDGE ( 'NONE', *, *, #497, .T. ) ;
#2602 = CARTESIAN_POINT ( 'NONE',  ( -49.55670120403279810, -13.80755398930469902, 70.87486258096949143 ) ) ;
#2603 = ORIENTED_EDGE ( 'NONE', *, *, #2713, .T. ) ;
#2604 = DIRECTION ( 'NONE',  ( -0.1138699078527355135, -0.2023984311790467672, 0.9726605364369781404 ) ) ;
#2605 = VECTOR ( 'NONE', #212, 1000.000000000000227 ) ;
#2606 = CYLINDRICAL_SURFACE ( 'NONE', #832, 9.686499999999998778 ) ;
#2607 = EDGE_LOOP ( 'NONE', ( #3385, #2451, #1017, #931 ) ) ;
#2608 = CIRCLE ( 'NONE', #1682, 9.686499999999998778 ) ;
#2609 = ORIENTED_EDGE ( 'NONE', *, *, #677, .T. ) ;
#2610 = VECTOR ( 'NONE', #1477, 1000.000000000000227 ) ;
#2611 =( LENGTH_UNIT ( ) NAMED_UNIT ( * ) SI_UNIT ( .MILLI., .METRE. ) );
#2612 = AXIS2_PLACEMENT_3D ( 'NONE', #3178, #686, #1798 ) ;
#2613 = ORIENTED_EDGE ( 'NONE', *, *, #1073, .T. ) ;
#2614 = ORIENTED_EDGE ( 'NONE', *, *, #793, .T. ) ;
#2615 = FACE_OUTER_BOUND ( 'NONE', #2877, .T. ) ;
#2616 = EDGE_CURVE ( 'NONE', #1023, #2639, #2385, .T. ) ;
#2617 = DIRECTION ( 'NONE',  ( -0.7691826741638343456, -0.4186562437620686694, 0.4827887357066319995 ) ) ;
#2618 = CARTESIAN_POINT ( 'NONE',  ( -13.48590303469889840, -6.181654107588409275, 125.2216568437679882 ) ) ;
#2619 = DIRECTION ( 'NONE',  ( 0.4036298484864156988, -0.9040139324509844920, -0.1408607658127000728 ) ) ;
#2620 = EDGE_CURVE ( 'NONE', #2751, #1753, #3485, .T. ) ;
#2621 = EDGE_LOOP ( 'NONE', ( #838, #364, #1459, #1293 ) ) ;
#2622 = CIRCLE ( 'NONE', #351, 12.50000000000000355 ) ;
#2623 = AXIS2_PLACEMENT_3D ( 'NONE', #2755, #2405, #187 ) ;
#2624 = AXIS2_PLACEMENT_3D ( 'NONE', #3169, #2374, #3476 ) ;
#2625 = DIRECTION ( 'NONE',  ( 0.9137903228885071449, 0.4059804243577965210, 0.01292829584984309631 ) ) ;
#2626 = VERTEX_POINT ( 'NONE', #2133 ) ;
#2627 = DIRECTION ( 'NONE',  ( 0.4036298484864446201, -0.9040139324509702812, -0.1408607658127080386 ) ) ;
#2628 = AXIS2_PLACEMENT_3D ( 'NONE', #2186, #237, #1674 ) ;
#2629 = AXIS2_PLACEMENT_3D ( 'NONE', #1914, #1937, #1677 ) ;
#2630 = LINE ( 'NONE', #695, #1811 ) ;
#2631 = VERTEX_POINT ( 'NONE', #1859 ) ;
#2632 = EDGE_LOOP ( 'NONE', ( #768, #3016, #1007, #1011 ) ) ;
#2633 =( LENGTH_UNIT ( ) NAMED_UNIT ( * ) SI_UNIT ( .MILLI., .METRE. ) );
#2634 = CYLINDRICAL_SURFACE ( 'NONE', #709, 4.500000000000000888 ) ;
#2635 = PRODUCT_RELATED_PRODUCT_CATEGORY ( 'part', '', ( #1925 ) ) ;
#2636 = ORIENTED_EDGE ( 'NONE', *, *, #2066, .F. ) ;
#2637 = LINE ( 'NONE', #1560, #3213 ) ;
#2638 = CARTESIAN_POINT ( 'NONE',  ( -4.866447384870039805, 0.1516581828459895032, 144.7705142773681928 ) ) ;
#2639 = VERTEX_POINT ( 'NONE', #1598 ) ;
#2640 = CARTESIAN_POINT ( 'NONE',  ( -5.669834767917159901, -3.733325768440129977, 131.9053882223694245 ) ) ;
#2641 = ADVANCED_FACE ( 'NONE', ( #3465 ), #2717, .T. ) ;
#2642 = EDGE_CURVE ( 'NONE', #3060, #2139, #2439, .T. ) ;
#2643 = CARTESIAN_POINT ( 'NONE',  ( -18.12396540348825269, -3.814980707383610170, 96.81370296503750694 ) ) ;
#2644 = ORIENTED_EDGE ( 'NONE', *, *, #2574, .T. ) ;
#2645 = CARTESIAN_POINT ( 'NONE',  ( -0.08120549051580590316, -2.454655170963414790, 139.7131091800446256 ) ) ;
#2646 = DIRECTION ( 'NONE',  ( -0.7292504199660253539, -0.2249069998420407113, -0.6462280297243597760 ) ) ;
#2647 = CARTESIAN_POINT ( 'NONE',  ( -10.85034279322636053, -1.984889882214390111, 141.3358490171272024 ) ) ;
#2648 = AXIS2_PLACEMENT_3D ( 'NONE', #487, #2173, #1634 ) ;
#2649 = ORIENTED_EDGE ( 'NONE', *, *, #3370, .F. ) ;
#2650 = VERTEX_POINT ( 'NONE', #2422 ) ;
#2651 = CARTESIAN_POINT ( 'NONE',  ( -16.67877248782184907, -8.010839783550009585, 127.8119588373915718 ) ) ;
#2652 = ORIENTED_EDGE ( 'NONE', *, *, #268, .F. ) ;
#2653 = FACE_OUTER_BOUND ( 'NONE', #1192, .T. ) ;
#2654 = DIRECTION ( 'NONE',  ( 0.008861879339743833350, 0.1578149520867544175, -0.9874289381988069492 ) ) ;
#2655 = EDGE_LOOP ( 'NONE', ( #259, #61, #1308, #1513 ) ) ;
#2656 = DIRECTION ( 'NONE',  ( 0.7292504199660262421, 0.2249069998420400451, 0.6462280297243589988 ) ) ;
#2657 = EDGE_CURVE ( 'NONE', #270, #2314, #2327, .T. ) ;
#2658 = CARTESIAN_POINT ( 'NONE',  ( -4.502296769200289539, 3.553585873015375096, 123.9811343930682028 ) ) ;
#2659 = EDGE_CURVE ( 'NONE', #1348, #3283, #2151, .T. ) ;
#2660 = ORIENTED_EDGE ( 'NONE', *, *, #1667, .T. ) ;
#2661 = ORIENTED_EDGE ( 'NONE', *, *, #949, .T. ) ;
#2662 = DIRECTION ( 'NONE',  ( -0.7292504199660271302, -0.2249069998420406280, -0.6462280297243577776 ) ) ;
#2663 = AXIS2_PLACEMENT_3D ( 'NONE', #1895, #3563, #2679 ) ;
#2664 = ADVANCED_FACE ( 'NONE', ( #3260 ), #761, .T. ) ;
#2665 = CIRCLE ( 'NONE', #1094, 4.499999999999994671 ) ;
#2666 = ORIENTED_EDGE ( 'NONE', *, *, #2025, .F. ) ;
#2667 = VECTOR ( 'NONE', #2562, 1000.000000000000227 ) ;
#2668 = ORIENTED_EDGE ( 'NONE', *, *, #2368, .F. ) ;
#2669 = AXIS2_PLACEMENT_3D ( 'NONE', #3279, #543, #2774 ) ;
#2670 = CIRCLE ( 'NONE', #170, 4.499999999999993783 ) ;
#2671 = FACE_OUTER_BOUND ( 'NONE', #1709, .T. ) ;
#2672 = ORIENTED_EDGE ( 'NONE', *, *, #1907, .T. ) ;
#2673 = DIRECTION ( 'NONE',  ( -0.4036298484864446201, 0.9040139324509702812, 0.1408607658127080386 ) ) ;
#2674 = FACE_OUTER_BOUND ( 'NONE', #2021, .T. ) ;
#2675 = AXIS2_PLACEMENT_3D ( 'NONE', #897, #940, #628 ) ;
#2676 = CARTESIAN_POINT ( 'NONE',  ( 3.967829928664469819, 3.870418574798449640, 128.4704950422351715 ) ) ;
#2677 = DIRECTION ( 'NONE',  ( -0.4036298484864445646, 0.9040139324509700591, 0.1408607658127078166 ) ) ;
#2678 = ORIENTED_EDGE ( 'NONE', *, *, #1246, .T. ) ;
#2679 = DIRECTION ( 'NONE',  ( 0.4174915651033620501, 0.3189817150124962253, -0.8508533707726801953 ) ) ;
#2680 = CARTESIAN_POINT ( 'NONE',  ( 0.1656787428212100066, 5.226055917704219844, 126.6234459302913962 ) ) ;
#2681 = AXIS2_PLACEMENT_3D ( 'NONE', #2073, #3175, #1575 ) ;
#2682 = CARTESIAN_POINT ( 'NONE',  ( -49.21488996047550302, -8.451129800637550815, 72.90298676535230982 ) ) ;
#2683 = AXIS2_PLACEMENT_3D ( 'NONE', #2822, #606, #2019 ) ;
#2684 = ORIENTED_EDGE ( 'NONE', *, *, #1162, .T. ) ;
#2685 = CARTESIAN_POINT ( 'NONE',  ( -7.687984010349380171, 0.7867438938147219840, 132.6096920514330009 ) ) ;
#2686 = ORIENTED_EDGE ( 'NONE', *, *, #987, .T. ) ;
#2687 = EDGE_CURVE ( 'NONE', #2454, #1386, #2501, .T. ) ;
#2688 = DIRECTION ( 'NONE',  ( -0.4036298484864446201, 0.9040139324509702812, 0.1408607658127080386 ) ) ;
#2689 = AXIS2_PLACEMENT_3D ( 'NONE', #674, #2052, #3401 ) ;
#2690 = ORIENTED_EDGE ( 'NONE', *, *, #1276, .T. ) ;
#2691 = AXIS2_PLACEMENT_3D ( 'NONE', #3238, #132, #1259 ) ;
#2692 = AXIS2_PLACEMENT_3D ( 'NONE', #531, #2237, #1116 ) ;
#2693 = ORIENTED_EDGE ( 'NONE', *, *, #2766, .F. ) ;
#2694 = EDGE_CURVE ( 'NONE', #646, #381, #411, .T. ) ;
#2695 = CARTESIAN_POINT ( 'NONE',  ( 6.321054902800979924, 5.800252488606520096, 105.1512628438202057 ) ) ;
#2696 = CIRCLE ( 'NONE', #2401, 9.686500000000002331 ) ;
#2697 = ORIENTED_EDGE ( 'NONE', *, *, #3052, .T. ) ;
#2698 = DIRECTION ( 'NONE',  ( 0.4036298484864446201, -0.9040139324509702812, -0.1408607658127076501 ) ) ;
#2699 = VERTEX_POINT ( 'NONE', #2638 ) ;
#2700 = CARTESIAN_POINT ( 'NONE',  ( -7.646129104408649901, -3.001549998812354847, 121.5460318298560054 ) ) ;
#2701 = CARTESIAN_POINT ( 'NONE',  ( -12.64051003067039858, -2.429634543778009803, 121.3124624899769941 ) ) ;
#2702 = CARTESIAN_POINT ( 'NONE',  ( -3.405807887640839748, -4.632832999493880166, 144.1656928281558123 ) ) ;
#2703 = DIRECTION ( 'NONE',  ( -0.4036298484864441760, 0.9040139324509705032, 0.1408607658127080664 ) ) ;
#2704 = DIRECTION ( 'NONE',  ( 0.008861879339743583550, 0.1578149520867549449, -0.9874289381988068381 ) ) ;
#2705 = VERTEX_POINT ( 'NONE', #1284 ) ;
#2706 = DIRECTION ( 'NONE',  ( -0.2034861408258024917, 0.06140290946268643635, -0.9771504864663062007 ) ) ;
#2707 = ORIENTED_EDGE ( 'NONE', *, *, #2376, .T. ) ;
#2708 = DIRECTION ( 'NONE',  ( -0.4036298484864446201, 0.9040139324509702812, 0.1408607658127080386 ) ) ;
#2709 = EDGE_LOOP ( 'NONE', ( #2039, #439, #1886, #1902 ) ) ;
#2710 = DIRECTION ( 'NONE',  ( -0.008861879339744286113, -0.1578149520867546951, 0.9874289381988069492 ) ) ;
#2711 = VERTEX_POINT ( 'NONE', #154 ) ;
#2712 = LINE ( 'NONE', #3306, #2433 ) ;
#2713 = EDGE_CURVE ( 'NONE', #1631, #2582, #2407, .T. ) ;
#2714 = EDGE_CURVE ( 'NONE', #776, #2200, #1919, .T. ) ;
#2715 = DIRECTION ( 'NONE',  ( -0.4036298484864446201, 0.9040139324509702812, 0.1408607658127076501 ) ) ;
#2716 = LINE ( 'NONE', #280, #2129 ) ;
#2717 = PLANE ( 'NONE',  #1205 ) ;
#2718 = LINE ( 'NONE', #3542, #2966 ) ;
#2719 = FACE_OUTER_BOUND ( 'NONE', #2607, .T. ) ;
#2720 = EDGE_LOOP ( 'NONE', ( #736, #1633, #1527, #2644 ) ) ;
#2721 = CARTESIAN_POINT ( 'NONE',  ( -11.72428249521382071, 9.826883218324418579, 134.0182997095600115 ) ) ;
#2722 = CARTESIAN_POINT ( 'NONE',  ( 3.979783024076599673, 0.5839796706345300459, 131.8483780237596079 ) ) ;
#2723 = ORIENTED_EDGE ( 'NONE', *, *, #3226, .F. ) ;
#2724 = DIRECTION ( 'NONE',  ( -0.4036298484864446201, 0.9040139324509702812, 0.1408607658127080386 ) ) ;
#2725 = AXIS2_PLACEMENT_3D ( 'NONE', #2952, #446, #1581 ) ;
#2726 = DIRECTION ( 'NONE',  ( -0.7292504199660271302, -0.2249069998420405447, -0.6462280297243576666 ) ) ;
#2727 = VERTEX_POINT ( 'NONE', #1085 ) ;
#2728 = ORIENTED_EDGE ( 'NONE', *, *, #1105, .F. ) ;
#2729 = LINE ( 'NONE', #777, #2287 ) ;
#2730 = CIRCLE ( 'NONE', #3472, 9.686499999999998778 ) ;
#2731 = AXIS2_PLACEMENT_3D ( 'NONE', #1681, #617, #1420 ) ;
#2732 = FACE_OUTER_BOUND ( 'NONE', #1680, .T. ) ;
#2733 = DIRECTION ( 'NONE',  ( -0.4036298484864446201, 0.9040139324509702812, 0.1408607658127080386 ) ) ;
#2734 = FACE_OUTER_BOUND ( 'NONE', #1563, .T. ) ;
#2735 = AXIS2_PLACEMENT_3D ( 'NONE', #3344, #98, #2040 ) ;
#2736 = EDGE_CURVE ( 'NONE', #2880, #3271, #337, .T. ) ;
#2737 = CIRCLE ( 'NONE', #236, 4.500000000000000000 ) ;
#2738 = LINE ( 'NONE', #782, #595 ) ;
#2739 = AXIS2_PLACEMENT_3D ( 'NONE', #1990, #909, #2059 ) ;
#2740 = CYLINDRICAL_SURFACE ( 'NONE', #172, 1.499999999999932720 ) ;
#2741 = EDGE_CURVE ( 'NONE', #343, #1609, #2530, .T. ) ;
#2742 = DIRECTION ( 'NONE',  ( 0.3702744618760680506, 0.02061620197443150490, 0.9286935959176942923 ) ) ;
#2743 = ORIENTED_EDGE ( 'NONE', *, *, #1351, .F. ) ;
#2744 = DIRECTION ( 'NONE',  ( -0.4036298484864445646, 0.9040139324509700591, 0.1408607658127078166 ) ) ;
#2745 = DIRECTION ( 'NONE',  ( -0.4036298484864446201, 0.9040139324509702812, 0.1408607658127080386 ) ) ;
#2746 = EDGE_LOOP ( 'NONE', ( #1611, #1407, #3013, #3064 ) ) ;
#2747 = CARTESIAN_POINT ( 'NONE',  ( -8.832193550794141146, -6.504959544469239852, 140.6315451880636260 ) ) ;
#2748 = ORIENTED_EDGE ( 'NONE', *, *, #2913, .F. ) ;
#2749 = AXIS2_PLACEMENT_3D ( 'NONE', #2963, #961, #2082 ) ;
#2750 = VECTOR ( 'NONE', #2176, 1000.000000000000227 ) ;
#2751 = VERTEX_POINT ( 'NONE', #2245 ) ;
#2752 = CARTESIAN_POINT ( 'NONE',  ( 2.146233498864635436, -1.284997429291818039, 138.5891196009708040 ) ) ;
#2753 = AXIS2_PLACEMENT_3D ( 'NONE', #1384, #2779, #1885 ) ;
#2754 = ORIENTED_EDGE ( 'NONE', *, *, #2616, .F. ) ;
#2755 = CARTESIAN_POINT ( 'NONE',  ( 4.795446208061959759, 9.256926652702640368, 114.0205685173950059 ) ) ;
#2756 = CIRCLE ( 'NONE', #3433, 4.499999999999988454 ) ;
#2757 = DIRECTION ( 'NONE',  ( 0.7292504199660267972, 0.2249069998420404615, 0.6462280297243582217 ) ) ;
#2758 = CARTESIAN_POINT ( 'NONE',  ( -35.19607389514339957, -5.919417304868740182, 96.82525650335949763 ) ) ;
#2759 = VECTOR ( 'NONE', #1666, 1000.000000000000227 ) ;
#2760 = CARTESIAN_POINT ( 'NONE',  ( -1.416322881235142050, -0.4174539347342590134, 122.8130766042569917 ) ) ;
#2761 = EDGE_CURVE ( 'NONE', #3494, #1850, #576, .T. ) ;
#2762 = DIRECTION ( 'NONE',  ( -0.4036298484864446201, 0.9040139324509702812, 0.1408607658127080386 ) ) ;
#2763 = EDGE_LOOP ( 'NONE', ( #2540, #3392, #679, #394 ) ) ;
#2764 = SURFACE_SIDE_STYLE ('',( #160 ) ) ;
#2765 = EDGE_CURVE ( 'NONE', #3167, #2293, #1981, .T. ) ;
#2766 = EDGE_CURVE ( 'NONE', #2259, #1531, #69, .T. ) ;
#2767 = CARTESIAN_POINT ( 'NONE',  ( -6.689466977433170314, -2.696363357188685139, 122.3286799483866076 ) ) ;
#2768 = ORIENTED_EDGE ( 'NONE', *, *, #526, .F. ) ;
#2769 = CARTESIAN_POINT ( 'NONE',  ( -52.78902423634369967, -15.84676826665165272, 74.70003035621999743 ) ) ;
#2770 = VERTEX_POINT ( 'NONE', #1376 ) ;
#2771 = VERTEX_POINT ( 'NONE', #2463 ) ;
#2772 = DIRECTION ( 'NONE',  ( -0.4036298484864445646, 0.9040139324509700591, 0.1408607658127078166 ) ) ;
#2773 = FACE_OUTER_BOUND ( 'NONE', #1102, .T. ) ;
#2774 = DIRECTION ( 'NONE',  ( 0.7292504199660254649, 0.2249069998420398231, 0.6462280297243599980 ) ) ;
#2775 = LINE ( 'NONE', #844, #3216 ) ;
#2776 = DIRECTION ( 'NONE',  ( 0.4036298484864445646, -0.9040139324509700591, -0.1408607658127078166 ) ) ;
#2777 = FACE_OUTER_BOUND ( 'NONE', #2909, .T. ) ;
#2778 = ORIENTED_EDGE ( 'NONE', *, *, #1315, .F. ) ;
#2779 = DIRECTION ( 'NONE',  ( -0.4036298484864153657, 0.9040139324509846031, 0.1408607658126995454 ) ) ;
#2780 = EDGE_CURVE ( 'NONE', #2259, #1464, #2189, .T. ) ;
#2781 = ORIENTED_EDGE ( 'NONE', *, *, #1270, .F. ) ;
#2782 = DIRECTION ( 'NONE',  ( 0.5562278320532650921, 0.3647011537589215369, -0.7467286436827210716 ) ) ;
#2783 = CARTESIAN_POINT ( 'NONE',  ( 1.541616739576460171, 0.4947996720056980213, 125.4342660350283865 ) ) ;
#2784 = ORIENTED_EDGE ( 'NONE', *, *, #2274, .T. ) ;
#2785 = EDGE_CURVE ( 'NONE', #2325, #874, #2737, .T. ) ;
#2786 = VERTEX_POINT ( 'NONE', #3580 ) ;
#2787 = CARTESIAN_POINT ( 'NONE',  ( -35.19607389514339957, -5.919417304868740182, 96.82525650335949763 ) ) ;
#2788 = CYLINDRICAL_SURFACE ( 'NONE', #2032, 9.686499999999998778 ) ;
#2789 = CARTESIAN_POINT ( 'NONE',  ( -16.98128145274505130, -2.813174647933815109, 129.0836873593615906 ) ) ;
#2790 = CIRCLE ( 'NONE', #392, 4.499999999999997335 ) ;
#2791 = CIRCLE ( 'NONE', #177, 12.50000000000000355 ) ;
#2792 = DIRECTION ( 'NONE',  ( 0.4036298484864445646, -0.9040139324509700591, -0.1408607658127078166 ) ) ;
#2793 = CIRCLE ( 'NONE', #1686, 4.500000000000000000 ) ;
#2794 = DIRECTION ( 'NONE',  ( -0.4036298484864450087, 0.9040139324509700591, 0.1408607658127076223 ) ) ;
#2795 = CARTESIAN_POINT ( 'NONE',  ( 2.822907352672435088, 0.3949055439199065654, 129.7468424723761871 ) ) ;
#2796 = ORIENTED_EDGE ( 'NONE', *, *, #2468, .F. ) ;
#2797 = AXIS2_PLACEMENT_3D ( 'NONE', #2042, #1463, #923 ) ;
#2798 = DIRECTION ( 'NONE',  ( -0.4174915651033697106, -0.3189817150124996115, 0.8508533707726750883 ) ) ;
#2799 = ORIENTED_EDGE ( 'NONE', *, *, #1595, .T. ) ;
#2800 = CARTESIAN_POINT ( 'NONE',  ( -0.5737064791735180247, 4.777182849744609605, 127.3855428959813878 ) ) ;
#2801 = CARTESIAN_POINT ( 'NONE',  ( -7.646129104408649901, -3.001549998812354847, 121.5460318298560054 ) ) ;
#2802 = ADVANCED_FACE ( 'NONE', ( #1066 ), #522, .T. ) ;
#2803 = ORIENTED_EDGE ( 'NONE', *, *, #2335, .F. ) ;
#2804 = EDGE_LOOP ( 'NONE', ( #829, #1364, #3304, #3371 ) ) ;
#2805 = AXIS2_PLACEMENT_3D ( 'NONE', #3235, #2968, #735 ) ;
#2806 = ADVANCED_FACE ( 'NONE', ( #780 ), #560, .T. ) ;
#2807 = FACE_OUTER_BOUND ( 'NONE', #1740, .T. ) ;
#2808 = AXIS2_PLACEMENT_3D ( 'NONE', #3545, #175, #3566 ) ;
#2809 = CIRCLE ( 'NONE', #2868, 9.686500000000002331 ) ;
#2810 = AXIS2_PLACEMENT_3D ( 'NONE', #2062, #973, #2096 ) ;
#2811 = ORIENTED_EDGE ( 'NONE', *, *, #910, .F. ) ;
#2812 = CARTESIAN_POINT ( 'NONE',  ( -5.423957130073070232, -0.1127633372390249994, 144.8699966572191897 ) ) ;
#2813 = AXIS2_PLACEMENT_3D ( 'NONE', #1891, #278, #1610 ) ;
#2814 = CIRCLE ( 'NONE', #3556, 12.50000000000000355 ) ;
#2815 = DIRECTION ( 'NONE',  ( -0.4036298484864153657, 0.9040139324509846031, 0.1408607658126995454 ) ) ;
#2816 = DIRECTION ( 'NONE',  ( -0.4036298484864446201, 0.9040139324509702812, 0.1408607658127080386 ) ) ;
#2817 = CYLINDRICAL_SURFACE ( 'NONE', #1169, 4.500000000000000000 ) ;
#2818 = ORIENTED_EDGE ( 'NONE', *, *, #2574, .F. ) ;
#2819 = CARTESIAN_POINT ( 'NONE',  ( -9.356211786845959111, -6.887411611703599945, 141.5844904264226045 ) ) ;
#2820 = ORIENTED_EDGE ( 'NONE', *, *, #1152, .F. ) ;
#2821 = CYLINDRICAL_SURFACE ( 'NONE', #516, 12.50000000000000355 ) ;
#2822 = CARTESIAN_POINT ( 'NONE',  ( -5.669834767917159901, -3.733325768440129977, 131.9053882223694245 ) ) ;
#2823 = ORIENTED_EDGE ( 'NONE', *, *, #1529, .F. ) ;
#2824 = ORIENTED_EDGE ( 'NONE', *, *, #15, .F. ) ;
#2825 = DIRECTION ( 'NONE',  ( 0.7292504199660250208, 0.2249069998420399064, 0.6462280297243604421 ) ) ;
#2826 = CARTESIAN_POINT ( 'NONE',  ( -54.80313718029090353, -11.33573874372125978, 75.40292557762539616 ) ) ;
#2827 = EDGE_CURVE ( 'NONE', #3425, #2014, #924, .T. ) ;
#2828 = EDGE_CURVE ( 'NONE', #1119, #1220, #1395, .T. ) ;
#2829 = CARTESIAN_POINT ( 'NONE',  ( -5.669834767917159901, -3.733325768440129977, 131.9053882223694245 ) ) ;
#2830 = DIRECTION ( 'NONE',  ( 0.7292504199660267972, 0.2249069998420404892, 0.6462280297243582217 ) ) ;
#2831 = EDGE_CURVE ( 'NONE', #2989, #593, #2214, .T. ) ;
#2832 = CARTESIAN_POINT ( 'NONE',  ( -17.43116156165914532, 2.554303116773799953, 93.34726570518360234 ) ) ;
#2833 = ORIENTED_EDGE ( 'NONE', *, *, #1414, .F. ) ;
#2834 = CARTESIAN_POINT ( 'NONE',  ( -15.82189375104129780, -2.166732650863745224, 128.2571329329013849 ) ) ;
#2835 = ORIENTED_EDGE ( 'NONE', *, *, #75, .T. ) ;
#2836 = LINE ( 'NONE', #2036, #1499 ) ;
#2837 = CARTESIAN_POINT ( 'NONE',  ( -5.669834767917159901, -3.733325768440129977, 131.9053882223694245 ) ) ;
#2838 = ORIENTED_EDGE ( 'NONE', *, *, #1728, .T. ) ;
#2839 = ORIENTED_EDGE ( 'NONE', *, *, #1843, .T. ) ;
#2840 = CARTESIAN_POINT ( 'NONE',  ( -50.00649081611989288, -8.235109111538250204, 69.24831796457779376 ) ) ;
#2841 = CARTESIAN_POINT ( 'NONE',  ( -12.15033634929169892, -5.548261260017100405, 142.7317037736183920 ) ) ;
#2842 = AXIS2_PLACEMENT_3D ( 'NONE', #2208, #3539, #2462 ) ;
#2843 = EDGE_CURVE ( 'NONE', #1609, #1892, #1933, .T. ) ;
#2844 = LINE ( 'NONE', #338, #1760 ) ;
#2845 = AXIS2_PLACEMENT_3D ( 'NONE', #1044, #2510, #3005 ) ;
#2846 = CARTESIAN_POINT ( 'NONE',  ( 0.1280842564324131960, 3.235072232963034811, 139.2934234300344087 ) ) ;
#2847 = AXIS2_PLACEMENT_3D ( 'NONE', #192, #2424, #468 ) ;
#2848 = ADVANCED_FACE ( 'NONE', ( #2734 ), #857, .T. ) ;
#2849 = ADVANCED_FACE ( 'NONE', ( #2807 ), #264, .T. ) ;
#2850 = DIRECTION ( 'NONE',  ( 0.8742437189090509486, 0.3356881868840229655, 0.3507297551314823014 ) ) ;
#2851 = AXIS2_PLACEMENT_3D ( 'NONE', #3332, #1697, #3313 ) ;
#2852 = VERTEX_POINT ( 'NONE', #240 ) ;
#2853 = DIRECTION ( 'NONE',  ( 0.4036298484864156433, -0.9040139324509842700, -0.1408607658127000450 ) ) ;
#2854 = FACE_BOUND ( 'NONE', #3445, .T. ) ;
#2855 = ORIENTED_EDGE ( 'NONE', *, *, #632, .F. ) ;
#2856 = FILL_AREA_STYLE ('',( #33 ) ) ;
#2857 = STYLED_ITEM ( 'NONE', ( #1326 ), #1945 ) ;
#2858 = ORIENTED_EDGE ( 'NONE', *, *, #3390, .T. ) ;
#2859 = DIRECTION ( 'NONE',  ( 0.4036298484864446201, -0.9040139324509702812, -0.1408607658127080386 ) ) ;
#2860 = UNCERTAINTY_MEASURE_WITH_UNIT (LENGTH_MEASURE( 1.000000000000000082E-05 ), #3170, 'distance_accuracy_value', 'NONE');
#2861 = VECTOR ( 'NONE', #1354, 1000.000000000000227 ) ;
#2862 = CIRCLE ( 'NONE', #469, 4.500000000000003553 ) ;
#2863 = DIRECTION ( 'NONE',  ( 0.7292504199660267972, 0.2249069998420404337, 0.6462280297243582217 ) ) ;
#2864 = LINE ( 'NONE', #391, #1157 ) ;
#2865 = ADVANCED_FACE ( 'NONE', ( #1659 ), #1954, .T. ) ;
#2866 = VECTOR ( 'NONE', #463, 1000.000000000000227 ) ;
#2867 = FACE_OUTER_BOUND ( 'NONE', #284, .T. ) ;
#2868 = AXIS2_PLACEMENT_3D ( 'NONE', #1312, #817, #740 ) ;
#2869 = FACE_OUTER_BOUND ( 'NONE', #2621, .T. ) ;
#2870 = CIRCLE ( 'NONE', #2573, 4.500000000000002665 ) ;
#2871 = EDGE_CURVE ( 'NONE', #1867, #2350, #1385, .T. ) ;
#2872 = FACE_OUTER_BOUND ( 'NONE', #2709, .T. ) ;
#2873 = EDGE_CURVE ( 'NONE', #3459, #588, #980, .T. ) ;
#2874 = VERTEX_POINT ( 'NONE', #47 ) ;
#2875 = DIRECTION ( 'NONE',  ( -0.4036298484864446201, 0.9040139324509702812, 0.1408607658127078444 ) ) ;
#2876 = CYLINDRICAL_SURFACE ( 'NONE', #214, 9.686499999999998778 ) ;
#2877 = EDGE_LOOP ( 'NONE', ( #2839, #2080, #539, #1776 ) ) ;
#2878 = CARTESIAN_POINT ( 'NONE',  ( 2.736696832041844996, 6.122331246802370508, 128.2384751804780194 ) ) ;
#2879 = DIRECTION ( 'NONE',  ( -0.008861879339743420486, -0.1578149520867532518, 0.9874289381988070602 ) ) ;
#2880 = VERTEX_POINT ( 'NONE', #3114 ) ;
#2881 = DIRECTION ( 'NONE',  ( -0.4036298484864441760, 0.9040139324509705032, 0.1408607658127080664 ) ) ;
#2882 = CARTESIAN_POINT ( 'NONE',  ( -5.669834767917159901, -3.733325768440125092, 131.9053882223694245 ) ) ;
#2883 = DIRECTION ( 'NONE',  ( -0.4036298484864441760, 0.9040139324509705032, 0.1408607658127080664 ) ) ;
#2884 = VERTEX_POINT ( 'NONE', #1714 ) ;
#2885 = CARTESIAN_POINT ( 'NONE',  ( -7.687984010349380171, 0.7867438938147219840, 132.6096920514330009 ) ) ;
#2886 = DIRECTION ( 'NONE',  ( -0.4036298484864446201, 0.9040139324509702812, 0.1408607658127078444 ) ) ;
#2887 = EDGE_LOOP ( 'NONE', ( #2447, #129, #2728, #2457 ) ) ;
#2888 = CARTESIAN_POINT ( 'NONE',  ( -5.809901394179870060, -5.285521284796500296, 141.4656890894556227 ) ) ;
#2889 = EDGE_CURVE ( 'NONE', #2360, #3438, #457, .T. ) ;
#2890 = ORIENTED_EDGE ( 'NONE', *, *, #3130, .F. ) ;
#2891 = ORIENTED_EDGE ( 'NONE', *, *, #483, .T. ) ;
#2892 = EDGE_CURVE ( 'NONE', #2325, #667, #755, .T. ) ;
#2893 = CARTESIAN_POINT ( 'NONE',  ( 2.805094386991354938, 6.026950833549729936, 129.0465959978515968 ) ) ;
#2894 = VERTEX_POINT ( 'NONE', #2584 ) ;
#2895 = CYLINDRICAL_SURFACE ( 'NONE', #2691, 1.500000000000002887 ) ;
#2896 = EDGE_LOOP ( 'NONE', ( #3112, #1909 ) ) ;
#2897 = DIRECTION ( 'NONE',  ( -0.1138699078527351249, -0.2023984311790472668, 0.9726605364369781404 ) ) ;
#2898 = CYLINDRICAL_SURFACE ( 'NONE', #689, 1.500000000000002887 ) ;
#2899 = VECTOR ( 'NONE', #1612, 1000.000000000000227 ) ;
#2900 = DIRECTION ( 'NONE',  ( -0.4036298484864446201, 0.9040139324509702812, 0.1408607658127080386 ) ) ;
#2901 = CIRCLE ( 'NONE', #3469, 12.50000000000000355 ) ;
#2902 = DIRECTION ( 'NONE',  ( 0.7292504199660271302, 0.2249069998420405447, 0.6462280297243576666 ) ) ;
#2903 = VERTEX_POINT ( 'NONE', #3361 ) ;
#2904 = AXIS2_PLACEMENT_3D ( 'NONE', #3208, #728, #1320 ) ;
#2905 = ORIENTED_EDGE ( 'NONE', *, *, #3574, .T. ) ;
#2906 = LINE ( 'NONE', #3248, #2987 ) ;
#2907 = DIRECTION ( 'NONE',  ( -0.4036298484864445646, 0.9040139324509700591, 0.1408607658127078166 ) ) ;
#2908 = AXIS2_PLACEMENT_3D ( 'NONE', #2174, #1911, #820 ) ;
#2909 = EDGE_LOOP ( 'NONE', ( #640, #697, #2768, #3305 ) ) ;
#2910 = EDGE_CURVE ( 'NONE', #3184, #3494, #1039, .T. ) ;
#2911 = ORIENTED_EDGE ( 'NONE', *, *, #1788, .F. ) ;
#2912 = CARTESIAN_POINT ( 'NONE',  ( -6.763710397866200097, -4.070686268203180802, 130.9360461777828277 ) ) ;
#2913 = EDGE_CURVE ( 'NONE', #1268, #3531, #1208, .T. ) ;
#2914 = EDGE_CURVE ( 'NONE', #1464, #288, #19, .T. ) ;
#2915 = DIRECTION ( 'NONE',  ( 0.7292504199660256869, 0.2249069998420401006, 0.6462280297243594429 ) ) ;
#2916 = DIRECTION ( 'NONE',  ( -0.4036298484864446201, 0.9040139324509702812, 0.1408607658127076501 ) ) ;
#2917 = AXIS2_PLACEMENT_3D ( 'NONE', #3086, #877, #3116 ) ;
#2918 = ORIENTED_EDGE ( 'NONE', *, *, #219, .T. ) ;
#2919 = CARTESIAN_POINT ( 'NONE',  ( -2.216557050191009903, 4.861714216519099629, 122.1355284147156084 ) ) ;
#2920 = CIRCLE ( 'NONE', #3264, 12.50000000000000355 ) ;
#2921 = CIRCLE ( 'NONE', #196, 9.686499999999998778 ) ;
#2922 = CIRCLE ( 'NONE', #1219, 3.000000000000004885 ) ;
#2923 = VECTOR ( 'NONE', #1752, 1000.000000000000227 ) ;
#2924 = DIRECTION ( 'NONE',  ( -0.4036298484864446201, 0.9040139324509702812, 0.1408607658127080386 ) ) ;
#2925 = ORIENTED_EDGE ( 'NONE', *, *, #3570, .T. ) ;
#2926 = ORIENTED_EDGE ( 'NONE', *, *, #415, .T. ) ;
#2927 = CIRCLE ( 'NONE', #35, 3.000000000000004885 ) ;
#2928 = DIRECTION ( 'NONE',  ( -0.4036298484864446201, 0.9040139324509702812, 0.1408607658127080386 ) ) ;
#2929 = DIRECTION ( 'NONE',  ( 0.4036298484864445646, -0.9040139324509700591, -0.1408607658127078166 ) ) ;
#2930 = ORIENTED_EDGE ( 'NONE', *, *, #703, .F. ) ;
#2931 = CYLINDRICAL_SURFACE ( 'NONE', #1802, 4.500000000000003553 ) ;
#2932 = ORIENTED_EDGE ( 'NONE', *, *, #2292, .F. ) ;
#2933 = LINE ( 'NONE', #1775, #140 ) ;
#2934 = ORIENTED_EDGE ( 'NONE', *, *, #2937, .F. ) ;
#2935 = DIRECTION ( 'NONE',  ( 0.7292504199660271302, 0.2249069998420405447, 0.6462280297243576666 ) ) ;
#2936 = DIRECTION ( 'NONE',  ( 0.4036298484864445646, -0.9040139324509700591, -0.1408607658127078166 ) ) ;
#2937 = EDGE_CURVE ( 'NONE', #2402, #749, #1101, .T. ) ;
#2938 = ADVANCED_FACE ( 'NONE', ( #648 ), #1494, .T. ) ;
#2939 = DIRECTION ( 'NONE',  ( -0.4036298484864446201, 0.9040139324509702812, 0.1408607658127080386 ) ) ;
#2940 = EDGE_CURVE ( 'NONE', #568, #1449, #1690, .T. ) ;
#2941 = DIRECTION ( 'NONE',  ( 0.4036298484864445646, -0.9040139324509700591, -0.1408607658127078166 ) ) ;
#2942 = EDGE_LOOP ( 'NONE', ( #2743, #2824, #1233, #2148 ) ) ;
#2943 = CYLINDRICAL_SURFACE ( 'NONE', #2689, 4.500000000000000888 ) ;
#2944 = ORIENTED_EDGE ( 'NONE', *, *, #2253, .F. ) ;
#2945 = CARTESIAN_POINT ( 'NONE',  ( -2.848298142437815095, -4.368411479408864651, 144.0662104483046164 ) ) ;
#2946 = ORIENTED_EDGE ( 'NONE', *, *, #3020, .T. ) ;
#2947 = DIRECTION ( 'NONE',  ( 0.4036298484864446201, -0.9040139324509702812, -0.1408607658127076501 ) ) ;
#2948 = ORIENTED_EDGE ( 'NONE', *, *, #1748, .T. ) ;
#2949 = LINE ( 'NONE', #3200, #941 ) ;
#2950 = PRODUCT_DEFINITION_FORMATION_WITH_SPECIFIED_SOURCE ( 'ÈÎºÎ', '', #1925, .NOT_KNOWN. ) ;
#2951 = ORIENTED_EDGE ( 'NONE', *, *, #1863, .T. ) ;
#2952 = CARTESIAN_POINT ( 'NONE',  ( -7.687984010349380171, 0.7867438938147219840, 132.6096920514330009 ) ) ;
#2953 = DIRECTION ( 'NONE',  ( -0.6707575780832549794, -0.3970910963467119692, 0.6264207313348212347 ) ) ;
#2954 = ORIENTED_EDGE ( 'NONE', *, *, #2913, .T. ) ;
#2955 = CARTESIAN_POINT ( 'NONE',  ( -5.669834767917159901, -3.733325768440129977, 131.9053882223694245 ) ) ;
#2956 = EDGE_CURVE ( 'NONE', #2509, #3199, #2217, .T. ) ;
#2957 = CARTESIAN_POINT ( 'NONE',  ( 4.823243629423579648, 1.506881171294879973, 128.3422921687881910 ) ) ;
#2958 = CIRCLE ( 'NONE', #2372, 9.686499999999998778 ) ;
#2959 = LINE ( 'NONE', #454, #253 ) ;
#2960 = ORIENTED_EDGE ( 'NONE', *, *, #2956, .T. ) ;
#2961 = CIRCLE ( 'NONE', #2845, 4.500000000000001776 ) ;
#2962 = EDGE_CURVE ( 'NONE', #675, #3503, #1103, .T. ) ;
#2963 = CARTESIAN_POINT ( 'NONE',  ( -6.306818792375809224, 2.999704920767160221, 122.3650502283909987 ) ) ;
#2964 = ORIENTED_EDGE ( 'NONE', *, *, #1641, .T. ) ;
#2965 = CARTESIAN_POINT ( 'NONE',  ( -3.344541234297384591, -4.299574569244230204, 142.2024689847341676 ) ) ;
#2966 = VECTOR ( 'NONE', #2175, 1000.000000000000227 ) ;
#2967 = VERTEX_POINT ( 'NONE', #3125 ) ;
#2968 = DIRECTION ( 'NONE',  ( -0.4036298484864153657, 0.9040139324509846031, 0.1408607658126997675 ) ) ;
#2969 = CARTESIAN_POINT ( 'NONE',  ( -11.63143540945427823, -4.689669374905429677, 120.9603105754452059 ) ) ;
#2970 = ORIENTED_EDGE ( 'NONE', *, *, #3351, .T. ) ;
#2971 = AXIS2_PLACEMENT_3D ( 'NONE', #2598, #1190, #1727 ) ;
#2972 = LINE ( 'NONE', #444, #308 ) ;
#2973 = DIRECTION ( 'NONE',  ( -0.4036298484864441760, 0.9040139324509705032, 0.1408607658127080664 ) ) ;
#2974 = DIRECTION ( 'NONE',  ( -0.4036298484864446201, 0.9040139324509702812, 0.1408607658127076501 ) ) ;
#2975 = DIRECTION ( 'NONE',  ( -0.4036298484864446201, 0.9040139324509702812, 0.1408607658127080386 ) ) ;
#2976 = CARTESIAN_POINT ( 'NONE',  ( -14.51188659060339958, -8.247287352246210901, 135.5385370403267871 ) ) ;
#2977 = CYLINDRICAL_SURFACE ( 'NONE', #2284, 9.686499999999998778 ) ;
#2978 = AXIS2_PLACEMENT_3D ( 'NONE', #2783, #1887, #3000 ) ;
#2979 = ORIENTED_EDGE ( 'NONE', *, *, #2273, .T. ) ;
#2980 = ORIENTED_EDGE ( 'NONE', *, *, #181, .F. ) ;
#2981 = PLANE ( 'NONE',  #2624 ) ;
#2982 = CIRCLE ( 'NONE', #3268, 1.500000000000001554 ) ;
#2983 = EDGE_CURVE ( 'NONE', #2413, #1449, #2330, .T. ) ;
#2984 = ADVANCED_FACE ( 'NONE', ( #3159 ), #100, .T. ) ;
#2985 = ORIENTED_EDGE ( 'NONE', *, *, #1130, .T. ) ;
#2986 = CIRCLE ( 'NONE', #2054, 4.500000000000003553 ) ;
#2987 = VECTOR ( 'NONE', #1589, 1000.000000000000227 ) ;
#2988 = CARTESIAN_POINT ( 'NONE',  ( -47.22736265454760485, -13.43560417982824085, 75.16237835854340688 ) ) ;
#2989 = VERTEX_POINT ( 'NONE', #2893 ) ;
#2990 = DIRECTION ( 'NONE',  ( -0.4036298484864446201, 0.9040139324509702812, 0.1408607658127076501 ) ) ;
#2991 = PLANE ( 'NONE',  #2623 ) ;
#2992 = CARTESIAN_POINT ( 'NONE',  ( -5.669834767917159901, -3.733325768440129977, 131.9053882223694245 ) ) ;
#2993 = DIRECTION ( 'NONE',  ( -0.4174915651033683228, -0.3189817150124988898, 0.8508533707726761985 ) ) ;
#2994 = DIRECTION ( 'NONE',  ( 0.4036298484864450087, -0.9040139324509700591, -0.1408607658127076223 ) ) ;
#2995 = DIRECTION ( 'NONE',  ( -0.4036298484864446201, 0.9040139324509702812, 0.1408607658127080386 ) ) ;
#2996 = ORIENTED_EDGE ( 'NONE', *, *, #345, .F. ) ;
#2997 = CARTESIAN_POINT ( 'NONE',  ( -6.641719764752000543, -6.037116102856789901, 143.9057259742413919 ) ) ;
#2998 = DIRECTION ( 'NONE',  ( 0.7292504199660267972, 0.2249069998420404615, 0.6462280297243582217 ) ) ;
#2999 = ORIENTED_EDGE ( 'NONE', *, *, #94, .F. ) ;
#3000 = DIRECTION ( 'NONE',  ( -0.2034861408258019644, 0.06140290946268638778, -0.9771504864663062007 ) ) ;
#3001 = ADVANCED_FACE ( 'NONE', ( #385 ), #1141, .T. ) ;
#3002 = VERTEX_POINT ( 'NONE', #2826 ) ;
#3003 = AXIS2_PLACEMENT_3D ( 'NONE', #1106, #2226, #1675 ) ;
#3004 = ORIENTED_EDGE ( 'NONE', *, *, #406, .F. ) ;
#3005 = DIRECTION ( 'NONE',  ( -0.6707575780832532031, -0.3970910963467111920, 0.6264207313348236772 ) ) ;
#3006 = EDGE_CURVE ( 'NONE', #2786, #461, #1986, .T. ) ;
#3007 = EDGE_CURVE ( 'NONE', #2967, #3108, #2346, .T. ) ;
#3008 = ORIENTED_EDGE ( 'NONE', *, *, #1388, .T. ) ;
#3009 = DIRECTION ( 'NONE',  ( -0.4036298484864445646, 0.9040139324509700591, 0.1408607658127078166 ) ) ;
#3010 = CARTESIAN_POINT ( 'NONE',  ( -0.4765325028557609865, 5.014869334260550815, 126.1385698640920054 ) ) ;
#3011 = FACE_OUTER_BOUND ( 'NONE', #449, .T. ) ;
#3012 = DIRECTION ( 'NONE',  ( 0.3890738970270881114, 0.3089430624548447635, -0.8678569506624791430 ) ) ;
#3013 = ORIENTED_EDGE ( 'NONE', *, *, #49, .T. ) ;
#3014 = LINE ( 'NONE', #785, #2605 ) ;
#3015 = FACE_OUTER_BOUND ( 'NONE', #46, .T. ) ;
#3016 = ORIENTED_EDGE ( 'NONE', *, *, #699, .T. ) ;
#3017 = VECTOR ( 'NONE', #2188, 1000.000000000000227 ) ;
#3018 = LINE ( 'NONE', #2747, #2861 ) ;
#3019 = ORIENTED_EDGE ( 'NONE', *, *, #2159, .F. ) ;
#3020 = EDGE_CURVE ( 'NONE', #1840, #1554, #1796, .T. ) ;
#3021 = ORIENTED_EDGE ( 'NONE', *, *, #1980, .T. ) ;
#3022 = CARTESIAN_POINT ( 'NONE',  ( -16.26428115338529778, -4.224830969324185226, 140.1979227217213975 ) ) ;
#3023 = CIRCLE ( 'NONE', #66, 9.686500000000000554 ) ;
#3024 = AXIS2_PLACEMENT_3D ( 'NONE', #1544, #1244, #1484 ) ;
#3025 = EDGE_LOOP ( 'NONE', ( #704, #3299, #3557, #1036 ) ) ;
#3026 = DIRECTION ( 'NONE',  ( 0.4036298484864156433, -0.9040139324509842700, -0.1408607658127000450 ) ) ;
#3027 = CARTESIAN_POINT ( 'NONE',  ( -9.500446014612530021, -0.8382052263439330186, 120.0967179109657934 ) ) ;
#3028 = VECTOR ( 'NONE', #34, 1000.000000000000227 ) ;
#3029 = EDGE_CURVE ( 'NONE', #2413, #104, #2505, .T. ) ;
#3030 = ADVANCED_FACE ( 'NONE', ( #462 ), #1854, .T. ) ;
#3031 = DIRECTION ( 'NONE',  ( -0.9137903228885077000, -0.4059804243577954108, -0.01292829584984763608 ) ) ;
#3032 = CARTESIAN_POINT ( 'NONE',  ( 0.7700584842810180852, -1.950703585357065117, 138.9181134631491830 ) ) ;
#3033 = DIRECTION ( 'NONE',  ( 0.7292504199660205799, 0.2249069998420373528, 0.6462280297243663263 ) ) ;
#3034 = CARTESIAN_POINT ( 'NONE',  ( -12.10972802011530014, -5.515947951523159531, 124.8926629815891971 ) ) ;
#3035 = ORIENTED_EDGE ( 'NONE', *, *, #1823, .F. ) ;
#3036 =( NAMED_UNIT ( * ) PLANE_ANGLE_UNIT ( ) SI_UNIT ( $, .RADIAN. ) );
#3037 = CARTESIAN_POINT ( 'NONE',  ( -24.78194459736890209, -0.6357755500425069650, 92.75718029663229913 ) ) ;
#3038 = AXIS2_PLACEMENT_3D ( 'NONE', #1626, #2745, #252 ) ;
#3039 = ORIENTED_EDGE ( 'NONE', *, *, #2910, .T. ) ;
#3040 = CARTESIAN_POINT ( 'NONE',  ( 3.623462674478529877, -0.1334072266915724003, 135.4313929144405790 ) ) ;
#3041 = ORIENTED_EDGE ( 'NONE', *, *, #2376, .F. ) ;
#3042 = VECTOR ( 'NONE', #2586, 1000.000000000000227 ) ;
#3043 = ORIENTED_EDGE ( 'NONE', *, *, #1564, .T. ) ;
#3044 = DIRECTION ( 'NONE',  ( -0.4036298484864445646, 0.9040139324509700591, 0.1408607658127078166 ) ) ;
#3045 = ORIENTED_EDGE ( 'NONE', *, *, #3126, .T. ) ;
#3046 = MANIFOLD_SOLID_BREP ( 'NONE', #2166 ) ;
#3047 = DIRECTION ( 'NONE',  ( -0.008861879339744575812, -0.1578149520867542233, 0.9874289381988069492 ) ) ;
#3048 = CYLINDRICAL_SURFACE ( 'NONE', #3003, 9.686499999999998778 ) ;
#3049 = DIRECTION ( 'NONE',  ( -0.4036298484864446201, 0.9040139324509702812, 0.1408607658127080386 ) ) ;
#3050 = AXIS2_PLACEMENT_3D ( 'NONE', #2300, #56, #318 ) ;
#3051 = CARTESIAN_POINT ( 'NONE',  ( 2.958755307448360128, 6.130453405925869959, 128.8226469567670165 ) ) ;
#3052 = EDGE_CURVE ( 'NONE', #642, #635, #3258, .T. ) ;
#3053 = EDGE_CURVE ( 'NONE', #1333, #3337, #1873, .T. ) ;
#3054 = DIRECTION ( 'NONE',  ( 0.7292504199660267972, 0.2249069998420404892, 0.6462280297243582217 ) ) ;
#3055 = CARTESIAN_POINT ( 'NONE',  ( -17.43116156165914532, 2.554303116773804838, 93.34726570518360234 ) ) ;
#3056 = ORIENTED_EDGE ( 'NONE', *, *, #3427, .T. ) ;
#3057 = FACE_OUTER_BOUND ( 'NONE', #1553, .T. ) ;
#3058 = ADVANCED_FACE ( 'NONE', ( #2615 ), #2931, .T. ) ;
#3059 = DIRECTION ( 'NONE',  ( -0.4036298484864446201, 0.9040139324509702812, 0.1408607658127080386 ) ) ;
#3060 = VERTEX_POINT ( 'NONE', #2969 ) ;
#3061 = DIRECTION ( 'NONE',  ( 0.7292504199660249098, 0.2249069998420399619, 0.6462280297243604421 ) ) ;
#3062 = DIRECTION ( 'NONE',  ( -0.008861879339743833350, -0.1578149520867542233, 0.9874289381988069492 ) ) ;
#3063 = ORIENTED_EDGE ( 'NONE', *, *, #1525, .T. ) ;
#3064 = ORIENTED_EDGE ( 'NONE', *, *, #821, .T. ) ;
#3065 = CARTESIAN_POINT ( 'NONE',  ( 1.444442763258701801, 0.2571131874897595315, 126.6812390669179962 ) ) ;
#3066 = CARTESIAN_POINT ( 'NONE',  ( -24.78194459736890209, -0.6357755500425069650, 92.75718029663229913 ) ) ;
#3067 = DIRECTION ( 'NONE',  ( -0.4036298484864446201, 0.9040139324509702812, 0.1408607658127080386 ) ) ;
#3068 = CIRCLE ( 'NONE', #1478, 12.50000000000000355 ) ;
#3069 = DIRECTION ( 'NONE',  ( -0.4036298484864445646, 0.9040139324509700591, 0.1408607658127078166 ) ) ;
#3070 = CARTESIAN_POINT ( 'NONE',  ( -4.575959137968119705, -3.395965268677070270, 132.8747302669560213 ) ) ;
#3071 = EDGE_CURVE ( 'NONE', #1135, #333, #299, .T. ) ;
#3072 = CARTESIAN_POINT ( 'NONE',  ( -5.669834767917159901, -3.733325768440129977, 131.9053882223694245 ) ) ;
#3073 = ORIENTED_EDGE ( 'NONE', *, *, #988, .T. ) ;
#3074 = CARTESIAN_POINT ( 'NONE',  ( -7.687984010349380171, 0.7867438938147219840, 132.6096920514330009 ) ) ;
#3075 = ADVANCED_FACE ( 'NONE', ( #3480 ), #2111, .T. ) ;
#3076 = EDGE_LOOP ( 'NONE', ( #2328, #1427, #2416, #2672 ) ) ;
#3077 = DIRECTION ( 'NONE',  ( 0.3702744618760680506, 0.02061620197443150490, 0.9286935959176942923 ) ) ;
#3078 = ORIENTED_EDGE ( 'NONE', *, *, #345, .T. ) ;
#3079 = ORIENTED_EDGE ( 'NONE', *, *, #724, .T. ) ;
#3080 = DIRECTION ( 'NONE',  ( -0.8431203278187560102, -0.4273054310210830931, 0.3264325067126128688 ) ) ;
#3081 = CARTESIAN_POINT ( 'NONE',  ( 1.508491705292030138, 3.439308788765915281, 124.1901472959434045 ) ) ;
#3082 = CARTESIAN_POINT ( 'NONE',  ( -12.83381610050489918, -2.014066376951920034, 135.8395486933101779 ) ) ;
#3083 = VECTOR ( 'NONE', #51, 1000.000000000000000 ) ;
#3084 = FACE_OUTER_BOUND ( 'NONE', #176, .T. ) ;
#3085 = VECTOR ( 'NONE', #2936, 1000.000000000000227 ) ;
#3086 = CARTESIAN_POINT ( 'NONE',  ( -7.687984010349380171, 0.7867438938147219840, 132.6096920514330009 ) ) ;
#3087 = DIRECTION ( 'NONE',  ( 0.3294965597160129378, 0.000000000000000000, 0.9441567757185835852 ) ) ;
#3088 = CYLINDRICAL_SURFACE ( 'NONE', #3555, 12.50000000000000355 ) ;
#3089 = DIRECTION ( 'NONE',  ( -0.4036298484864445646, 0.9040139324509700591, 0.1408607658127078166 ) ) ;
#3090 = ORIENTED_EDGE ( 'NONE', *, *, #1842, .F. ) ;
#3091 = CARTESIAN_POINT ( 'NONE',  ( 4.976904549880580397, 1.610383743671025103, 128.1183431277034117 ) ) ;
#3092 = EDGE_CURVE ( 'NONE', #1753, #2035, #3541, .T. ) ;
#3093 = ADVANCED_FACE ( 'NONE', ( #2671 ), #1555, .T. ) ;
#3094 = VERTEX_POINT ( 'NONE', #1294 ) ;
#3095 = CIRCLE ( 'NONE', #3323, 4.499999999999998224 ) ;
#3096 = DIRECTION ( 'NONE',  ( 0.2034861408257957471, -0.06140290946268912864, 0.9771504864663074219 ) ) ;
#3097 = VECTOR ( 'NONE', #2941, 1000.000000000000227 ) ;
#3098 = CIRCLE ( 'NONE', #1999, 4.500000000000002665 ) ;
#3099 = AXIS2_PLACEMENT_3D ( 'NONE', #3446, #1523, #1300 ) ;
#3100 = EDGE_LOOP ( 'NONE', ( #1804, #3501, #710, #718 ) ) ;
#3101 = AXIS2_PLACEMENT_3D ( 'NONE', #2331, #2523, #52 ) ;
#3102 = VECTOR ( 'NONE', #3569, 1000.000000000000227 ) ;
#3103 = CARTESIAN_POINT ( 'NONE',  ( -5.669834767917159901, -3.733325768440129977, 131.9053882223694245 ) ) ;
#3104 = DIRECTION ( 'NONE',  ( -0.4036298484864446201, 0.9040139324509702812, 0.1408607658127080386 ) ) ;
#3105 = LINE ( 'NONE', #603, #1450 ) ;
#3106 = VERTEX_POINT ( 'NONE', #1593 ) ;
#3107 = DIRECTION ( 'NONE',  ( -0.4036298484864445646, 0.9040139324509700591, 0.1408607658127078166 ) ) ;
#3108 = VERTEX_POINT ( 'NONE', #3535 ) ;
#3109 = ORIENTED_EDGE ( 'NONE', *, *, #1823, .T. ) ;
#3110 = DIRECTION ( 'NONE',  ( -0.4036298484864445091, 0.9040139324509701702, 0.1408607658127082052 ) ) ;
#3111 = EDGE_CURVE ( 'NONE', #1310, #2340, #246, .T. ) ;
#3112 = ORIENTED_EDGE ( 'NONE', *, *, #273, .F. ) ;
#3113 = FACE_OUTER_BOUND ( 'NONE', #759, .T. ) ;
#3114 = CARTESIAN_POINT ( 'NONE',  ( -3.963212831693075255, -1.086461547245209935, 119.8086303360033895 ) ) ;
#3115 = EDGE_CURVE ( 'NONE', #855, #2486, #1574, .T. ) ;
#3116 = DIRECTION ( 'NONE',  ( 0.7292504199660267972, 0.2249069998420404337, 0.6462280297243582217 ) ) ;
#3117 = FACE_OUTER_BOUND ( 'NONE', #1332, .T. ) ;
#3118 = ORIENTED_EDGE ( 'NONE', *, *, #3289, .T. ) ;
#3119 = FACE_OUTER_BOUND ( 'NONE', #152, .T. ) ;
#3120 = DIRECTION ( 'NONE',  ( -0.4036298484864446201, 0.9040139324509702812, 0.1408607658127080386 ) ) ;
#3121 = EDGE_LOOP ( 'NONE', ( #2948, #972, #53, #1358 ) ) ;
#3122 = LINE ( 'NONE', #1137, #83 ) ;
#3123 = ORIENTED_EDGE ( 'NONE', *, *, #1662, .F. ) ;
#3124 = DIRECTION ( 'NONE',  ( -0.4036298484864446201, 0.9040139324509702812, 0.1408607658127078444 ) ) ;
#3125 = CARTESIAN_POINT ( 'NONE',  ( -53.75008969236200329, -9.965678339136580632, 69.62763185869189897 ) ) ;
#3126 = EDGE_CURVE ( 'NONE', #417, #3494, #1698, .T. ) ;
#3127 = LINE ( 'NONE', #1972, #1876 ) ;
#3128 = CARTESIAN_POINT ( 'NONE',  ( 2.606535458177665188, 1.450781373057853818, 140.0984785444690317 ) ) ;
#3129 = EDGE_CURVE ( 'NONE', #2486, #2035, #826, .T. ) ;
#3130 = EDGE_CURVE ( 'NONE', #947, #1333, #1745, .T. ) ;
#3131 = AXIS2_PLACEMENT_3D ( 'NONE', #194, #2409, #747 ) ;
#3132 = EDGE_LOOP ( 'NONE', ( #517, #2690, #936, #2302 ) ) ;
#3133 = CARTESIAN_POINT ( 'NONE',  ( -16.66904368052025021, -3.732302133873185213, 135.8771513318280029 ) ) ;
#3134 = CIRCLE ( 'NONE', #2038, 12.50000000000000355 ) ;
#3135 = AXIS2_PLACEMENT_3D ( 'NONE', #317, #1092, #549 ) ;
#3136 = DIRECTION ( 'NONE',  ( -0.4036298484864446201, 0.9040139324509702812, 0.1408607658127080386 ) ) ;
#3137 = DIRECTION ( 'NONE',  ( -0.4036298484864156988, 0.9040139324509844920, 0.1408607658127004614 ) ) ;
#3138 = VERTEX_POINT ( 'NONE', #2587 ) ;
#3139 = DIRECTION ( 'NONE',  ( 0.3294965597160129378, 0.000000000000000000, 0.9441567757185835852 ) ) ;
#3140 = VECTOR ( 'NONE', #2853, 1000.000000000000227 ) ;
#3141 = ORIENTED_EDGE ( 'NONE', *, *, #3201, .F. ) ;
#3142 = VERTEX_POINT ( 'NONE', #2298 ) ;
#3143 = CARTESIAN_POINT ( 'NONE',  ( -7.687984010349380171, 0.7867438938147219840, 132.6096920514330009 ) ) ;
#3144 = DIRECTION ( 'NONE',  ( -0.4036298484864446201, 0.9040139324509702812, 0.1408607658127080386 ) ) ;
#3145 = CIRCLE ( 'NONE', #644, 4.500000000000000000 ) ;
#3146 = CIRCLE ( 'NONE', #28, 1.499999999999974909 ) ;
#3147 = DIRECTION ( 'NONE',  ( -0.008861879339744286113, -0.1578149520867540845, 0.9874289381988069492 ) ) ;
#3148 = CARTESIAN_POINT ( 'NONE',  ( -9.923346654599109584, -7.049197602145969910, 140.9976998404818005 ) ) ;
#3149 = ORIENTED_EDGE ( 'NONE', *, *, #724, .F. ) ;
#3150 = FACE_OUTER_BOUND ( 'NONE', #1998, .T. ) ;
#3151 = CIRCLE ( 'NONE', #533, 12.50000000000000355 ) ;
#3152 = ADVANCED_FACE ( 'NONE', ( #1482 ), #2315, .T. ) ;
#3153 = AXIS2_PLACEMENT_3D ( 'NONE', #2539, #1434, #1149 ) ;
#3154 = DIRECTION ( 'NONE',  ( -0.2034861408258019644, 0.06140290946268638778, -0.9771504864663062007 ) ) ;
#3155 = ORIENTED_EDGE ( 'NONE', *, *, #2714, .T. ) ;
#3156 = ADVANCED_FACE ( 'NONE', ( #3430 ), #2532, .T. ) ;
#3157 = PRESENTATION_STYLE_ASSIGNMENT (( #348 ) ) ;
#3158 = ORIENTED_EDGE ( 'NONE', *, *, #3020, .F. ) ;
#3159 = FACE_OUTER_BOUND ( 'NONE', #1922, .T. ) ;
#3160 = CARTESIAN_POINT ( 'NONE',  ( -13.41396914610204227, -7.834175503971049004, 136.0333049401836263 ) ) ;
#3161 = CARTESIAN_POINT ( 'NONE',  ( -53.07910150793130555, -15.35735266480840089, 70.72786419073540287 ) ) ;
#3162 = CARTESIAN_POINT ( 'NONE',  ( 4.795446208061959759, 9.256926652702640368, 114.0205685173950059 ) ) ;
#3163 = ORIENTED_EDGE ( 'NONE', *, *, #3548, .F. ) ;
#3164 = CARTESIAN_POINT ( 'NONE',  ( -13.64958465188649939, -0.1695997126505819907, 121.6646144045087965 ) ) ;
#3165 = EDGE_CURVE ( 'NONE', #3108, #553, #2922, .T. ) ;
#3166 = DIRECTION ( 'NONE',  ( 0.7292504199660262421, 0.2249069998420400451, 0.6462280297243589988 ) ) ;
#3167 = VERTEX_POINT ( 'NONE', #1465 ) ;
#3168 = ORIENTED_EDGE ( 'NONE', *, *, #1368, .F. ) ;
#3169 = CARTESIAN_POINT ( 'NONE',  ( -63.47743673164940503, -16.34359487586569770, 82.68646898028079306 ) ) ;
#3170 =( LENGTH_UNIT ( ) NAMED_UNIT ( * ) SI_UNIT ( .MILLI., .METRE. ) );
#3171 = EDGE_CURVE ( 'NONE', #1449, #568, #3550, .T. ) ;
#3172 = STYLED_ITEM ( 'NONE', ( #3157 ), #371 ) ;
#3173 = ORIENTED_EDGE ( 'NONE', *, *, #99, .F. ) ;
#3174 = VERTEX_POINT ( 'NONE', #313 ) ;
#3175 = DIRECTION ( 'NONE',  ( -0.4036298484864446201, 0.9040139324509702812, 0.1408607658127080386 ) ) ;
#3176 = DIRECTION ( 'NONE',  ( 0.008861879339743418751, 0.1578149520867549449, -0.9874289381988069492 ) ) ;
#3177 = DIRECTION ( 'NONE',  ( -0.4036298484864445646, 0.9040139324509700591, 0.1408607658127078166 ) ) ;
#3178 = CARTESIAN_POINT ( 'NONE',  ( -11.72428249521382071, 9.826883218324418579, 134.0182997095600115 ) ) ;
#3179 = VECTOR ( 'NONE', #3026, 1000.000000000000227 ) ;
#3180 = VERTEX_POINT ( 'NONE', #1764 ) ;
#3181 = FACE_OUTER_BOUND ( 'NONE', #2529, .T. ) ;
#3182 = AXIS2_PLACEMENT_3D ( 'NONE', #758, #2145, #2478 ) ;
#3183 = DIRECTION ( 'NONE',  ( -0.4036298484864446201, 0.9040139324509702812, 0.1408607658127080386 ) ) ;
#3184 = VERTEX_POINT ( 'NONE', #613 ) ;
#3185 = CIRCLE ( 'NONE', #571, 1.500000000000002887 ) ;
#3186 = FILL_AREA_STYLE ('',( #2081 ) ) ;
#3187 = CIRCLE ( 'NONE', #1263, 4.500000000000000888 ) ;
#3188 = ORIENTED_EDGE ( 'NONE', *, *, #2910, .F. ) ;
#3189 = LINE ( 'NONE', #163, #889 ) ;
#3190 = APPLICATION_PROTOCOL_DEFINITION ( 'draft international standard', 'automotive_design', 1998, #285 ) ;
#3191 = AXIS2_PLACEMENT_3D ( 'NONE', #742, #974, #2654 ) ;
#3192 = VERTEX_POINT ( 'NONE', #70 ) ;
#3193 = AXIS2_PLACEMENT_3D ( 'NONE', #166, #3502, #737 ) ;
#3194 = EDGE_CURVE ( 'NONE', #2894, #2343, #409, .T. ) ;
#3195 = ADVANCED_FACE ( 'NONE', ( #2333 ), #2283, .F. ) ;
#3196 = ORIENTED_EDGE ( 'NONE', *, *, #2780, .F. ) ;
#3197 = DIRECTION ( 'NONE',  ( -0.008861879339743833350, -0.1578149520867542233, 0.9874289381988069492 ) ) ;
#3198 = COLOUR_RGB ( '',0.7921568627450980005, 0.8196078431372548767, 0.9333333333333333481 ) ;
#3199 = VERTEX_POINT ( 'NONE', #2026 ) ;
#3200 = CARTESIAN_POINT ( 'NONE',  ( -15.25520653216915079, -6.484865800451609985, 139.8457708071896093 ) ) ;
#3201 = EDGE_CURVE ( 'NONE', #2035, #2415, #1430, .T. ) ;
#3202 = CYLINDRICAL_SURFACE ( 'NONE', #3526, 12.50000000000000355 ) ;
#3203 = DIRECTION ( 'NONE',  ( -0.4036298484864445646, 0.9040139324509700591, 0.1408607658127078166 ) ) ;
#3204 = ORIENTED_EDGE ( 'NONE', *, *, #1570, .T. ) ;
#3205 = CARTESIAN_POINT ( 'NONE',  ( -12.26001987367290091, -2.640486630785610078, 141.5039643063339838 ) ) ;
#3206 = CIRCLE ( 'NONE', #1992, 4.500000000000002665 ) ;
#3207 = AXIS2_PLACEMENT_3D ( 'NONE', #2480, #3560, #1083 ) ;
#3208 = CARTESIAN_POINT ( 'NONE',  ( -15.33725425821850052, -7.998228738414679739, 131.5750807840400114 ) ) ;
#3209 = CIRCLE ( 'NONE', #2456, 12.50000000000000355 ) ;
#3210 = CIRCLE ( 'NONE', #1639, 1.499999999999932720 ) ;
#3211 = DIRECTION ( 'NONE',  ( -0.7292504199660249098, -0.2249069998420399064, -0.6462280297243605531 ) ) ;
#3212 = ORIENTED_EDGE ( 'NONE', *, *, #1869, .F. ) ;
#3213 = VECTOR ( 'NONE', #3177, 1000.000000000000227 ) ;
#3214 = DIRECTION ( 'NONE',  ( -0.7292504199660271302, -0.2249069998420405725, -0.6462280297243577776 ) ) ;
#3215 = VERTEX_POINT ( 'NONE', #50 ) ;
#3216 = VECTOR ( 'NONE', #898, 1000.000000000000227 ) ;
#3217 = FACE_OUTER_BOUND ( 'NONE', #1100, .T. ) ;
#3218 = ORIENTED_EDGE ( 'NONE', *, *, #2312, .F. ) ;
#3219 = ORIENTED_EDGE ( 'NONE', *, *, #1108, .F. ) ;
#3220 = CARTESIAN_POINT ( 'NONE',  ( -5.669834767917159901, -3.733325768440129977, 131.9053882223694245 ) ) ;
#3221 = EDGE_CURVE ( 'NONE', #1401, #2358, #3378, .T. ) ;
#3222 = DIRECTION ( 'NONE',  ( -0.4036298484864446201, 0.9040139324509702812, 0.1408607658127080386 ) ) ;
#3223 = EDGE_LOOP ( 'NONE', ( #1042, #3008, #1426, #784 ) ) ;
#3224 = CYLINDRICAL_SURFACE ( 'NONE', #3099, 4.500000000000000888 ) ;
#3225 = CARTESIAN_POINT ( 'NONE',  ( -1.993070472967629847, 3.693294984631075195, 130.2745805578742022 ) ) ;
#3226 = EDGE_CURVE ( 'NONE', #288, #1531, #3127, .T. ) ;
#3227 = ORIENTED_EDGE ( 'NONE', *, *, #1231, .F. ) ;
#3228 = CARTESIAN_POINT ( 'NONE',  ( -47.21406983553789871, -13.19888175169810118, 73.68123495124510214 ) ) ;
#3229 = DIRECTION ( 'NONE',  ( 0.4036298484864155878, -0.9040139324509842700, -0.1408607658127002393 ) ) ;
#3230 = VERTEX_POINT ( 'NONE', #2566 ) ;
#3231 = EDGE_LOOP ( 'NONE', ( #2781, #3350 ) ) ;
#3232 = FACE_OUTER_BOUND ( 'NONE', #3076, .T. ) ;
#3233 = AXIS2_PLACEMENT_3D ( 'NONE', #1759, #1969, #367 ) ;
#3234 = EDGE_LOOP ( 'NONE', ( #2980, #3547, #1536, #1588 ) ) ;
#3235 = CARTESIAN_POINT ( 'NONE',  ( -7.687984010348859698, 0.7867438938163169304, 132.6096920514330009 ) ) ;
#3236 = DIRECTION ( 'NONE',  ( -0.008861879339743418751, -0.1578149520867543620, 0.9874289381988069492 ) ) ;
#3237 = ORIENTED_EDGE ( 'NONE', *, *, #95, .F. ) ;
#3238 = CARTESIAN_POINT ( 'NONE',  ( -41.25220851743999617, -6.473930621794510287, 83.03043631642269418 ) ) ;
#3239 = CARTESIAN_POINT ( 'NONE',  ( 0.2917658736200359759, -2.776982161974784979, 142.8504658692934015 ) ) ;
#3240 = CARTESIAN_POINT ( 'NONE',  ( -11.72428249521382071, 9.826883218324418579, 134.0182997095600115 ) ) ;
#3241 = EDGE_LOOP ( 'NONE', ( #3041, #1556, #2061, #2318 ) ) ;
#3242 = DIRECTION ( 'NONE',  ( -0.4036298484864446201, 0.9040139324509702812, 0.1408607658127078444 ) ) ;
#3243 = EDGE_CURVE ( 'NONE', #1359, #3391, #580, .T. ) ;
#3244 = EDGE_CURVE ( 'NONE', #2874, #2306, #2844, .T. ) ;
#3245 = FACE_OUTER_BOUND ( 'NONE', #2720, .T. ) ;
#3246 = ORIENTED_EDGE ( 'NONE', *, *, #952, .T. ) ;
#3247 = EDGE_LOOP ( 'NONE', ( #2524, #2278, #306, #901 ) ) ;
#3248 = CARTESIAN_POINT ( 'NONE',  ( 2.261207992440489978, 1.223554353603574008, 140.5672529286011923 ) ) ;
#3249 = CARTESIAN_POINT ( 'NONE',  ( 0.000000000000000000, 0.000000000000000000, 0.000000000000000000 ) ) ;
#3250 = CIRCLE ( 'NONE', #3131, 4.500000000000000888 ) ;
#3251 = VERTEX_POINT ( 'NONE', #912 ) ;
#3252 = ORIENTED_EDGE ( 'NONE', *, *, #3549, .F. ) ;
#3253 = DIRECTION ( 'NONE',  ( 0.7292504199660250208, 0.2249069998420399064, 0.6462280297243604421 ) ) ;
#3254 = ORIENTED_EDGE ( 'NONE', *, *, #637, .F. ) ;
#3255 = AXIS2_PLACEMENT_3D ( 'NONE', #323, #113, #3379 ) ;
#3256 = DIRECTION ( 'NONE',  ( -0.4036298484864446201, 0.9040139324509702812, 0.1408607658127078444 ) ) ;
#3257 = DIRECTION ( 'NONE',  ( -0.4036298484864156988, 0.9040139324509844920, 0.1408607658126996565 ) ) ;
#3258 = CIRCLE ( 'NONE', #2156, 4.500000000000003553 ) ;
#3259 = CARTESIAN_POINT ( 'NONE',  ( -18.08349961799450156, -6.588315337556290174, 132.4053477709254025 ) ) ;
#3260 = FACE_OUTER_BOUND ( 'NONE', #3354, .T. ) ;
#3261 = CYLINDRICAL_SURFACE ( 'NONE', #1915, 9.686499999999998778 ) ;
#3262 = ADVANCED_FACE ( 'NONE', ( #633 ), #3224, .T. ) ;
#3263 = DIRECTION ( 'NONE',  ( 0.7292504199660267972, 0.2249069998420404892, 0.6462280297243582217 ) ) ;
#3264 = AXIS2_PLACEMENT_3D ( 'NONE', #3355, #1437, #1166 ) ;
#3265 = VERTEX_POINT ( 'NONE', #1501 ) ;
#3266 = DIRECTION ( 'NONE',  ( -0.4036298484864446201, 0.9040139324509702812, 0.1408607658127080386 ) ) ;
#3267 = DIRECTION ( 'NONE',  ( -0.4036298484864156988, 0.9040139324509844920, 0.1408607658126996565 ) ) ;
#3268 = AXIS2_PLACEMENT_3D ( 'NONE', #247, #1347, #1323 ) ;
#3269 = AXIS2_PLACEMENT_3D ( 'NONE', #464, #3257, #3047 ) ;
#3270 = EDGE_CURVE ( 'NONE', #2343, #2122, #1283, .T. ) ;
#3271 = VERTEX_POINT ( 'NONE', #2349 ) ;
#3272 = AXIS2_PLACEMENT_3D ( 'NONE', #2094, #2617, #1497 ) ;
#3273 = CIRCLE ( 'NONE', #3434, 4.500000000000000888 ) ;
#3274 = CARTESIAN_POINT ( 'NONE',  ( 5.170489255395049888, 0.3787418636450324838, 136.5774621578671884 ) ) ;
#3275 = ORIENTED_EDGE ( 'NONE', *, *, #2889, .F. ) ;
#3276 = DIRECTION ( 'NONE',  ( -0.4036298484864446201, 0.9040139324509702812, 0.1408607658127080386 ) ) ;
#3277 = CYLINDRICAL_SURFACE ( 'NONE', #2233, 12.50000000000000355 ) ;
#3278 = DIRECTION ( 'NONE',  ( 0.4036298484864445646, -0.9040139324509700591, -0.1408607658127078166 ) ) ;
#3279 = CARTESIAN_POINT ( 'NONE',  ( -14.85758061190234081, -7.229675439258209657, 128.0171540171965887 ) ) ;
#3280 = CARTESIAN_POINT ( 'NONE',  ( -17.07442499677840075, -8.848350168683721151, 132.0531958563936143 ) ) ;
#3281 = CYLINDRICAL_SURFACE ( 'NONE', #2904, 4.500000000000003553 ) ;
#3282 = CARTESIAN_POINT ( 'NONE',  ( 4.306941958853759189, 10.31128201153692103, 105.8541580652256044 ) ) ;
#3283 = VERTEX_POINT ( 'NONE', #153 ) ;
#3284 = ADVANCED_FACE ( 'NONE', ( #390 ), #2384, .T. ) ;
#3285 = CARTESIAN_POINT ( 'NONE',  ( -12.65058395165006111, -3.110336176139560482, 143.4002142237359863 ) ) ;
#3286 = ORIENTED_EDGE ( 'NONE', *, *, #895, .F. ) ;
#3287 = CYLINDRICAL_SURFACE ( 'NONE', #1398, 4.500000000000003553 ) ;
#3288 = ORIENTED_EDGE ( 'NONE', *, *, #1498, .F. ) ;
#3289 = EDGE_CURVE ( 'NONE', #1366, #2181, #2637, .T. ) ;
#3290 = ADVANCED_FACE ( 'NONE', ( #2653 ), #741, .T. ) ;
#3291 = ORIENTED_EDGE ( 'NONE', *, *, #2253, .T. ) ;
#3292 = DIRECTION ( 'NONE',  ( -0.9137903228885078111, -0.4059804243577954108, -0.01292829584984925978 ) ) ;
#3293 = VERTEX_POINT ( 'NONE', #3161 ) ;
#3294 = DIRECTION ( 'NONE',  ( 0.7292504199660262421, 0.2249069998420400451, 0.6462280297243589988 ) ) ;
#3295 = DIRECTION ( 'NONE',  ( 0.4036298484864446201, -0.9040139324509702812, -0.1408607658127076501 ) ) ;
#3296 = DIRECTION ( 'NONE',  ( 0.7292504199660249098, 0.2249069998420399064, 0.6462280297243604421 ) ) ;
#3297 = CARTESIAN_POINT ( 'NONE',  ( 3.745043591346229661, 5.818057822984459726, 133.0806060616395996 ) ) ;
#3298 = FACE_OUTER_BOUND ( 'NONE', #1651, .T. ) ;
#3299 = ORIENTED_EDGE ( 'NONE', *, *, #2025, .T. ) ;
#3300 = DIRECTION ( 'NONE',  ( 0.4962987577851417642, 0.08699870934529789490, 0.8637816666225196505 ) ) ;
#3301 = LINE ( 'NONE', #2767, #2759 ) ;
#3302 = VERTEX_POINT ( 'NONE', #685 ) ;
#3303 = CARTESIAN_POINT ( 'NONE',  ( -5.669834767917159901, -3.733325768440129977, 131.9053882223694245 ) ) ;
#3304 = ORIENTED_EDGE ( 'NONE', *, *, #2473, .T. ) ;
#3305 = ORIENTED_EDGE ( 'NONE', *, *, #3505, .T. ) ;
#3306 = CARTESIAN_POINT ( 'NONE',  ( -24.76865177835930254, -0.3990531219123860107, 91.27603688933409387 ) ) ;
#3307 = EDGE_CURVE ( 'NONE', #104, #2413, #2285, .T. ) ;
#3308 = ADVANCED_FACE ( 'NONE', ( #2406 ), #1777, .T. ) ;
#3309 = ORIENTED_EDGE ( 'NONE', *, *, #2620, .F. ) ;
#3310 = AXIS2_PLACEMENT_3D ( 'NONE', #1880, #797, #2993 ) ;
#3311 = CARTESIAN_POINT ( 'NONE',  ( -5.669834767917159901, -3.733325768440129977, 131.9053882223694245 ) ) ;
#3312 = LINE ( 'NONE', #3259, #3466 ) ;
#3313 = DIRECTION ( 'NONE',  ( 0.7292504199660267972, 0.2249069998420404615, 0.6462280297243582217 ) ) ;
#3314 = CIRCLE ( 'NONE', #2735, 4.500000000000000888 ) ;
#3315 = VECTOR ( 'NONE', #2117, 1000.000000000000227 ) ;
#3316 = EDGE_CURVE ( 'NONE', #2705, #1931, #1518, .T. ) ;
#3317 = DIRECTION ( 'NONE',  ( -0.4036298484864445646, 0.9040139324509700591, 0.1408607658127078166 ) ) ;
#3318 = AXIS2_PLACEMENT_3D ( 'NONE', #1201, #2297, #65 ) ;
#3319 = CYLINDRICAL_SURFACE ( 'NONE', #2146, 12.50000000000000355 ) ;
#3320 =( GEOMETRIC_REPRESENTATION_CONTEXT ( 3 ) GLOBAL_UNCERTAINTY_ASSIGNED_CONTEXT ( ( #1183 ) ) GLOBAL_UNIT_ASSIGNED_CONTEXT ( ( #1625, #3036, #1648 ) ) REPRESENTATION_CONTEXT ( 'NONE', 'WORKASPACE' ) );
#3321 = ORIENTED_EDGE ( 'NONE', *, *, #2785, .F. ) ;
#3322 = DIRECTION ( 'NONE',  ( 0.7292504199660267972, 0.2249069998420404892, 0.6462280297243582217 ) ) ;
#3323 = AXIS2_PLACEMENT_3D ( 'NONE', #8, #1653, #537 ) ;
#3324 = ORIENTED_EDGE ( 'NONE', *, *, #1716, .F. ) ;
#3325 = EDGE_LOOP ( 'NONE', ( #73, #429, #2951, #1694 ) ) ;
#3326 = CIRCLE ( 'NONE', #2396, 4.500000000000000000 ) ;
#3327 = AXIS2_PLACEMENT_3D ( 'NONE', #955, #2348, #1012 ) ;
#3328 = ORIENTED_EDGE ( 'NONE', *, *, #290, .T. ) ;
#3329 = CYLINDRICAL_SURFACE ( 'NONE', #1976, 4.500000000000000000 ) ;
#3330 = DIRECTION ( 'NONE',  ( -0.4036298484864153657, 0.9040139324509846031, 0.1408607658126995454 ) ) ;
#3331 = DIRECTION ( 'NONE',  ( -0.7292504199660263531, -0.2249069998420400451, -0.6462280297243589988 ) ) ;
#3332 = CARTESIAN_POINT ( 'NONE',  ( -5.669834767917159901, -3.733325768440129977, 131.9053882223694245 ) ) ;
#3333 = AXIS2_PLACEMENT_3D ( 'NONE', #2590, #106, #48 ) ;
#3334 = EDGE_CURVE ( 'NONE', #1531, #1135, #1642, .T. ) ;
#3335 = LINE ( 'NONE', #3565, #451 ) ;
#3336 = EDGE_CURVE ( 'NONE', #667, #654, #534, .T. ) ;
#3337 = VERTEX_POINT ( 'NONE', #2132 ) ;
#3338 = CARTESIAN_POINT ( 'NONE',  ( -7.818145384213590177, -3.884805979929804476, 144.4696954154235868 ) ) ;
#3339 = ORIENTED_EDGE ( 'NONE', *, *, #3006, .F. ) ;
#3340 = CARTESIAN_POINT ( 'NONE',  ( -8.491371393396420331, -3.098240057471355335, 119.7445659964340052 ) ) ;
#3341 = FACE_OUTER_BOUND ( 'NONE', #3132, .T. ) ;
#3342 = ORIENTED_EDGE ( 'NONE', *, *, #1713, .T. ) ;
#3343 = ORIENTED_EDGE ( 'NONE', *, *, #2449, .F. ) ;
#3344 = CARTESIAN_POINT ( 'NONE',  ( 1.930059684280089893, -1.427240767704679891, 138.8825707650161974 ) ) ;
#3345 =( NAMED_UNIT ( * ) PLANE_ANGLE_UNIT ( ) SI_UNIT ( $, .RADIAN. ) );
#3346 = CARTESIAN_POINT ( 'NONE',  ( -3.344541234297384591, -4.299574569244230204, 142.2024689847341676 ) ) ;
#3347 = VECTOR ( 'NONE', #1475, 1000.000000000000227 ) ;
#3348 = CYLINDRICAL_SURFACE ( 'NONE', #2058, 9.686499999999998778 ) ;
#3349 = CARTESIAN_POINT ( 'NONE',  ( 3.997584722384179390, 0.5315772015344359946, 132.2356956606986103 ) ) ;
#3350 = ORIENTED_EDGE ( 'NONE', *, *, #3221, .F. ) ;
#3351 = EDGE_CURVE ( 'NONE', #944, #593, #1260, .T. ) ;
#3352 = ADVANCED_FACE ( 'NONE', ( #2116 ), #3202, .T. ) ;
#3353 = DIRECTION ( 'NONE',  ( 0.7292504199660267972, 0.2249069998420404615, 0.6462280297243582217 ) ) ;
#3354 = EDGE_LOOP ( 'NONE', ( #3123, #1601, #455, #1559 ) ) ;
#3355 = CARTESIAN_POINT ( 'NONE',  ( -7.687984010349380171, 0.7867438938147219840, 132.6096920514330009 ) ) ;
#3356 = ORIENTED_EDGE ( 'NONE', *, *, #428, .F. ) ;
#3357 = ORIENTED_EDGE ( 'NONE', *, *, #1203, .T. ) ;
#3358 = PLANE ( 'NONE',  #336 ) ;
#3359 = VECTOR ( 'NONE', #395, 1000.000000000000227 ) ;
#3360 = CIRCLE ( 'NONE', #1317, 4.500000000000000888 ) ;
#3361 = CARTESIAN_POINT ( 'NONE',  ( -13.80374450860909974, -6.686802313118599628, 127.5528291038379933 ) ) ;
#3362 = CIRCLE ( 'NONE', #1154, 12.50000000000000355 ) ;
#3363 = AXIS2_PLACEMENT_3D ( 'NONE', #594, #1726, #2825 ) ;
#3364 = AXIS2_PLACEMENT_3D ( 'NONE', #2063, #614, #2830 ) ;
#3365 = DIRECTION ( 'NONE',  ( -0.008861879339743420486, -0.1578149520867532518, 0.9874289381988070602 ) ) ;
#3366 = DIRECTION ( 'NONE',  ( 0.4174915651033619390, 0.3189817150124961143, -0.8508533707726801953 ) ) ;
#3367 = CARTESIAN_POINT ( 'NONE',  ( -7.687984010349380171, 0.7867438938147219840, 132.6096920514330009 ) ) ;
#3368 = ORIENTED_EDGE ( 'NONE', *, *, #1884, .F. ) ;
#3369 = CYLINDRICAL_SURFACE ( 'NONE', #1816, 1.499999999999999334 ) ;
#3370 = EDGE_CURVE ( 'NONE', #553, #1333, #706, .T. ) ;
#3371 = ORIENTED_EDGE ( 'NONE', *, *, #2616, .T. ) ;
#3372 = DIRECTION ( 'NONE',  ( -0.8742437189090491723, -0.3356881868840212446, -0.3507297551314886297 ) ) ;
#3373 = ADVANCED_FACE ( 'NONE', ( #1541 ), #208, .T. ) ;
#3374 = ORIENTED_EDGE ( 'NONE', *, *, #3523, .F. ) ;
#3375 = FACE_BOUND ( 'NONE', #3231, .T. ) ;
#3376 = AXIS2_PLACEMENT_3D ( 'NONE', #1739, #1181, #2357 ) ;
#3377 = ORIENTED_EDGE ( 'NONE', *, *, #340, .T. ) ;
#3378 = CIRCLE ( 'NONE', #3489, 1.500000000000000000 ) ;
#3379 = DIRECTION ( 'NONE',  ( -0.7292504199660254649, -0.2249069998420402394, -0.6462280297243598870 ) ) ;
#3380 = CIRCLE ( 'NONE', #590, 12.50000000000000355 ) ;
#3381 = AXIS2_PLACEMENT_3D ( 'NONE', #527, #1646, #2419 ) ;
#3382 = AXIS2_PLACEMENT_3D ( 'NONE', #3074, #3059, #2450 ) ;
#3383 = DIRECTION ( 'NONE',  ( -0.4036298484864446201, 0.9040139324509702812, 0.1408607658127080386 ) ) ;
#3384 = DIRECTION ( 'NONE',  ( 0.7292504199660267972, 0.2249069998420404892, 0.6462280297243582217 ) ) ;
#3385 = ORIENTED_EDGE ( 'NONE', *, *, #661, .F. ) ;
#3386 = CARTESIAN_POINT ( 'NONE',  ( -8.713967566253831620, -1.278889350843066097, 142.9265722479917997 ) ) ;
#3387 = EDGE_LOOP ( 'NONE', ( #1132, #507 ) ) ;
#3388 = CARTESIAN_POINT ( 'NONE',  ( -14.65089443808804148, -8.252371796128031178, 135.1728475027643981 ) ) ;
#3389 = CARTESIAN_POINT ( 'NONE',  ( -27.83736541112205387, -1.159024660818007924, 87.36011639848010191 ) ) ;
#3390 = EDGE_CURVE ( 'NONE', #642, #2771, #2142, .T. ) ;
#3391 = VERTEX_POINT ( 'NONE', #945 ) ;
#3392 = ORIENTED_EDGE ( 'NONE', *, *, #1640, .T. ) ;
#3393 = CARTESIAN_POINT ( 'NONE',  ( -1.716309447832510049, 2.423789132641600119, 121.4670179645979999 ) ) ;
#3394 = EDGE_CURVE ( 'NONE', #1135, #1734, #1878, .T. ) ;
#3395 = EDGE_CURVE ( 'NONE', #366, #2486, #542, .T. ) ;
#3396 = CARTESIAN_POINT ( 'NONE',  ( -39.23809557349279942, -10.98496014472491922, 82.32754109501730966 ) ) ;
#3397 = UNCERTAINTY_MEASURE_WITH_UNIT (LENGTH_MEASURE( 1.000000000000000082E-05 ), #2611, 'distance_accuracy_value', 'NONE');
#3398 = DIRECTION ( 'NONE',  ( -0.4036298484864446201, 0.9040139324509702812, 0.1408607658127080386 ) ) ;
#3399 = CYLINDRICAL_SURFACE ( 'NONE', #971, 1.499999999999974909 ) ;
#3400 = DIRECTION ( 'NONE',  ( 0.7292504199660267972, 0.2249069998420404615, 0.6462280297243582217 ) ) ;
#3401 = DIRECTION ( 'NONE',  ( 0.7292504199660249098, 0.2249069998420399619, 0.6462280297243604421 ) ) ;
#3402 = ORIENTED_EDGE ( 'NONE', *, *, #3115, .T. ) ;
#3403 = CARTESIAN_POINT ( 'NONE',  ( -11.72428249521382071, 9.826883218324418579, 134.0182997095600115 ) ) ;
#3404 = FACE_BOUND ( 'NONE', #3439, .T. ) ;
#3405 = UNCERTAINTY_MEASURE_WITH_UNIT (LENGTH_MEASURE( 1.000000000000000082E-05 ), #2633, 'distance_accuracy_value', 'NONE');
#3406 = EDGE_LOOP ( 'NONE', ( #812, #1985, #2395, #1255 ) ) ;
#3407 = EDGE_LOOP ( 'NONE', ( #1711, #692, #3481, #2686 ) ) ;
#3408 = LINE ( 'NONE', #2294, #452 ) ;
#3409 = CARTESIAN_POINT ( 'NONE',  ( -41.26550133644964546, -6.710653049924649949, 84.51157972372089944 ) ) ;
#3410 = EDGE_CURVE ( 'NONE', #3265, #2786, #223, .T. ) ;
#3411 = AXIS2_PLACEMENT_3D ( 'NONE', #1905, #519, #1374 ) ;
#3412 = ORIENTED_EDGE ( 'NONE', *, *, #526, .T. ) ;
#3413 = DIRECTION ( 'NONE',  ( -0.8431203278187567873, -0.4273054310210837037, 0.3264325067126095936 ) ) ;
#3414 = LINE ( 'NONE', #3162, #1860 ) ;
#3415 = ADVANCED_FACE ( 'NONE', ( #1065 ), #2788, .T. ) ;
#3416 = CARTESIAN_POINT ( 'NONE',  ( 4.823243629423579648, 1.506881171294879973, 128.3422921687881910 ) ) ;
#3417 = AXIS2_PLACEMENT_3D ( 'NONE', #2567, #2027, #1466 ) ;
#3418 = PRESENTATION_LAYER_ASSIGNMENT (  '', '', ( #926 ) ) ;
#3419 = FACE_OUTER_BOUND ( 'NONE', #676, .T. ) ;
#3420 = VERTEX_POINT ( 'NONE', #294 ) ;
#3421 = CIRCLE ( 'NONE', #2445, 4.500000000000000000 ) ;
#3422 = VERTEX_POINT ( 'NONE', #1658 ) ;
#3423 = CARTESIAN_POINT ( 'NONE',  ( -7.687984010349380171, 0.7867438938147219840, 132.6096920514330009 ) ) ;
#3424 = AXIS2_PLACEMENT_3D ( 'NONE', #1060, #2240, #2182 ) ;
#3425 = VERTEX_POINT ( 'NONE', #1313 ) ;
#3426 = DIRECTION ( 'NONE',  ( -0.4036298484864156433, 0.9040139324509842700, 0.1408607658127000450 ) ) ;
#3427 = EDGE_CURVE ( 'NONE', #1488, #2903, #2263, .T. ) ;
#3428 = VERTEX_POINT ( 'NONE', #1336 ) ;
#3429 = AXIS2_PLACEMENT_3D ( 'NONE', #2446, #1548, #2387 ) ;
#3430 = FACE_OUTER_BOUND ( 'NONE', #564, .T. ) ;
#3431 = CARTESIAN_POINT ( 'NONE',  ( 3.615610079393774878, -0.8092534580695700530, 139.7463266299369877 ) ) ;
#3432 = CIRCLE ( 'NONE', #1403, 9.686500000000002331 ) ;
#3433 = AXIS2_PLACEMENT_3D ( 'NONE', #2169, #2436, #1357 ) ;
#3434 = AXIS2_PLACEMENT_3D ( 'NONE', #864, #1751, #361 ) ;
#3435 = EDGE_CURVE ( 'NONE', #874, #2293, #3312, .T. ) ;
#3436 = EDGE_CURVE ( 'NONE', #3265, #38, #739, .T. ) ;
#3437 = DIRECTION ( 'NONE',  ( -0.4036298484864446201, 0.9040139324509702812, 0.1408607658127080386 ) ) ;
#3438 = VERTEX_POINT ( 'NONE', #1953 ) ;
#3439 = EDGE_LOOP ( 'NONE', ( #1543, #400 ) ) ;
#3440 = LINE ( 'NONE', #665, #1664 ) ;
#3441 = ORIENTED_EDGE ( 'NONE', *, *, #545, .F. ) ;
#3442 = ORIENTED_EDGE ( 'NONE', *, *, #729, .F. ) ;
#3443 = DIRECTION ( 'NONE',  ( -0.4036298484864156988, 0.9040139324509844920, 0.1408607658127000728 ) ) ;
#3444 = DIRECTION ( 'NONE',  ( -0.7292504199660272413, -0.2249069998420404892, -0.6462280297243574445 ) ) ;
#3445 = EDGE_LOOP ( 'NONE', ( #1080, #1273 ) ) ;
#3446 = CARTESIAN_POINT ( 'NONE',  ( 3.997584722384179390, 0.5315772015344359946, 132.2356956606986103 ) ) ;
#3447 = DIRECTION ( 'NONE',  ( 0.8742437189090512817, 0.3356881868840230765, 0.3507297551314816353 ) ) ;
#3448 = CYLINDRICAL_SURFACE ( 'NONE', #2031, 1.500000000000002887 ) ;
#3449 = AXIS2_PLACEMENT_3D ( 'NONE', #1808, #1696, #1198 ) ;
#3450 = EDGE_CURVE ( 'NONE', #597, #1950, #1148, .T. ) ;
#3451 = CARTESIAN_POINT ( 'NONE',  ( -11.06594067322892094, -4.734759373808909544, 122.8700868028665951 ) ) ;
#3452 = EDGE_CURVE ( 'NONE', #962, #1540, #565, .T. ) ;
#3453 = ORIENTED_EDGE ( 'NONE', *, *, #174, .F. ) ;
#3454 = ORIENTED_EDGE ( 'NONE', *, *, #225, .F. ) ;
#3455 = CARTESIAN_POINT ( 'NONE',  ( -0.4765325028557609865, 5.014869334260550815, 126.1385698640920054 ) ) ;
#3456 = CARTESIAN_POINT ( 'NONE',  ( 2.074299610267699823, 0.3675239670907949896, 127.7774715045549812 ) ) ;
#3457 = EDGE_CURVE ( 'NONE', #982, #2504, #2958, .T. ) ;
#3458 = ORIENTED_EDGE ( 'NONE', *, *, #182, .F. ) ;
#3459 = VERTEX_POINT ( 'NONE', #239 ) ;
#3460 = AXIS2_PLACEMENT_3D ( 'NONE', #3249, #1006, #1901 ) ;
#3461 =( NAMED_UNIT ( * ) PLANE_ANGLE_UNIT ( ) SI_UNIT ( $, .RADIAN. ) );
#3462 = DIRECTION ( 'NONE',  ( -0.4036298484864446201, 0.9040139324509702812, 0.1408607658127076501 ) ) ;
#3463 = ORIENTED_EDGE ( 'NONE', *, *, #3570, .F. ) ;
#3464 = DIRECTION ( 'NONE',  ( -0.4036298484864446201, 0.9040139324509702812, 0.1408607658127080386 ) ) ;
#3465 = FACE_OUTER_BOUND ( 'NONE', #2588, .T. ) ;
#3466 = VECTOR ( 'NONE', #1597, 1000.000000000000227 ) ;
#3467 = ORIENTED_EDGE ( 'NONE', *, *, #3505, .F. ) ;
#3468 = DIRECTION ( 'NONE',  ( 0.7292504199660271302, 0.2249069998420405447, 0.6462280297243576666 ) ) ;
#3469 = AXIS2_PLACEMENT_3D ( 'NONE', #673, #1176, #122 ) ;
#3470 = CARTESIAN_POINT ( 'NONE',  ( -7.687984010349380171, 0.7867438938147219840, 132.6096920514330009 ) ) ;
#3471 = ORIENTED_EDGE ( 'NONE', *, *, #1691, .T. ) ;
#3472 = AXIS2_PLACEMENT_3D ( 'NONE', #2046, #2883, #3447 ) ;
#3473 = DIRECTION ( 'NONE',  ( 0.9137903228885071449, 0.4059804243577965210, 0.01292829584984309631 ) ) ;
#3474 = ORIENTED_EDGE ( 'NONE', *, *, #1429, .F. ) ;
#3475 = ADVANCED_FACE ( 'NONE', ( #2773 ), #3521, .T. ) ;
#3476 = DIRECTION ( 'NONE',  ( -0.6668419232676570108, 0.000000000000000000, 0.7451992011353020251 ) ) ;
#3477 = ORIENTED_EDGE ( 'NONE', *, *, #2114, .T. ) ;
#3478 = EDGE_CURVE ( 'NONE', #1256, #2727, #1910, .T. ) ;
#3479 = ADVANCED_FACE ( 'NONE', ( #17 ), #521, .T. ) ;
#3480 = FACE_OUTER_BOUND ( 'NONE', #2322, .T. ) ;
#3481 = ORIENTED_EDGE ( 'NONE', *, *, #2028, .T. ) ;
#3482 = DIRECTION ( 'NONE',  ( -0.4036298484864446201, 0.9040139324509702812, 0.1408607658127080386 ) ) ;
#3483 = ORIENTED_EDGE ( 'NONE', *, *, #1016, .T. ) ;
#3484 = DIRECTION ( 'NONE',  ( -0.4036298484864446201, 0.9040139324509702812, 0.1408607658127080386 ) ) ;
#3485 = LINE ( 'NONE', #997, #3315 ) ;
#3486 = VECTOR ( 'NONE', #2271, 1000.000000000000227 ) ;
#3487 = EDGE_LOOP ( 'NONE', ( #1175, #1184 ) ) ;
#3488 = VECTOR ( 'NONE', #2163, 1000.000000000000227 ) ;
#3489 = AXIS2_PLACEMENT_3D ( 'NONE', #2882, #1730, #1143 ) ;
#3490 = LINE ( 'NONE', #2957, #2499 ) ;
#3491 = AXIS2_PLACEMENT_3D ( 'NONE', #107, #2886, #2625 ) ;
#3492 = VECTOR ( 'NONE', #213, 1000.000000000000227 ) ;
#3493 = CARTESIAN_POINT ( 'NONE',  ( -54.80313718029090353, -11.33573874372125978, 75.40292557762539616 ) ) ;
#3494 = VERTEX_POINT ( 'NONE', #1893 ) ;
#3495 = CARTESIAN_POINT ( 'NONE',  ( -13.41396914610204227, -7.834175503971049004, 136.0333049401836263 ) ) ;
#3496 = ORIENTED_EDGE ( 'NONE', *, *, #3410, .T. ) ;
#3497 = CIRCLE ( 'NONE', #3050, 9.686499999999984567 ) ;
#3498 = DIRECTION ( 'NONE',  ( 0.7292504199660267972, 0.2249069998420404337, 0.6462280297243582217 ) ) ;
#3499 = ORIENTED_EDGE ( 'NONE', *, *, #3029, .F. ) ;
#3500 = EDGE_CURVE ( 'NONE', #2699, #178, #2716, .T. ) ;
#3501 = ORIENTED_EDGE ( 'NONE', *, *, #1614, .T. ) ;
#3502 = DIRECTION ( 'NONE',  ( -0.4036298484864156988, 0.9040139324509844920, 0.1408607658127002671 ) ) ;
#3503 = VERTEX_POINT ( 'NONE', #1046 ) ;
#3504 = DIRECTION ( 'NONE',  ( -0.4036298484864445646, 0.9040139324509700591, 0.1408607658127078166 ) ) ;
#3505 = EDGE_CURVE ( 'NONE', #1704, #1438, #3068, .T. ) ;
#3506 = ADVANCED_FACE ( 'NONE', ( #3579 ), #3048, .T. ) ;
#3507 = DIRECTION ( 'NONE',  ( -0.6297327575981204184, -0.3861898248685136648, 0.6740134072671652987 ) ) ;
#3508 = DIRECTION ( 'NONE',  ( -0.4036298484864445646, 0.9040139324509700591, 0.1408607658127078166 ) ) ;
#3509 = ORIENTED_EDGE ( 'NONE', *, *, #1168, .T. ) ;
#3510 = CARTESIAN_POINT ( 'NONE',  ( -0.08120549051580590316, -2.454655170963414790, 139.7131091800446256 ) ) ;
#3511 = CARTESIAN_POINT ( 'NONE',  ( 0.02104247097958409848, -0.8177345382993399525, 129.5716853364687893 ) ) ;
#3512 = ORIENTED_EDGE ( 'NONE', *, *, #550, .T. ) ;
#3513 = ORIENTED_EDGE ( 'NONE', *, *, #952, .F. ) ;
#3514 = FACE_OUTER_BOUND ( 'NONE', #3100, .T. ) ;
#3515 = ORIENTED_EDGE ( 'NONE', *, *, #2531, .F. ) ;
#3516 = DIRECTION ( 'NONE',  ( 0.7292504199660267972, 0.2249069998420404337, 0.6462280297243582217 ) ) ;
#3517 = ORIENTED_EDGE ( 'NONE', *, *, #2518, .T. ) ;
#3518 = ORIENTED_EDGE ( 'NONE', *, *, #2534, .T. ) ;
#3519 = DIRECTION ( 'NONE',  ( 0.4036298484864156433, -0.9040139324509842700, -0.1408607658127000450 ) ) ;
#3520 = CARTESIAN_POINT ( 'NONE',  ( -16.09451561030839883, -9.068913121427778279, 136.2766050933239796 ) ) ;
#3521 = CYLINDRICAL_SURFACE ( 'NONE', #2842, 12.50000000000000355 ) ;
#3522 = DIRECTION ( 'NONE',  ( 0.7292504199660267972, 0.2249069998420404337, 0.6462280297243582217 ) ) ;
#3523 = EDGE_CURVE ( 'NONE', #2582, #2454, #1958, .T. ) ;
#3524 = DIRECTION ( 'NONE',  ( -0.4036298484864446201, 0.9040139324509702812, 0.1408607658127076501 ) ) ;
#3525 = EDGE_CURVE ( 'NONE', #1951, #476, #1425, .T. ) ;
#3526 = AXIS2_PLACEMENT_3D ( 'NONE', #3240, #465, #2075 ) ;
#3527 = DIRECTION ( 'NONE',  ( -0.4036298484864156988, 0.9040139324509844920, 0.1408607658127002671 ) ) ;
#3528 = DIRECTION ( 'NONE',  ( -0.4036298484864446201, 0.9040139324509702812, 0.1408607658127080386 ) ) ;
#3529 = DIRECTION ( 'NONE',  ( -0.4036298484864445646, 0.9040139324509700591, 0.1408607658127078166 ) ) ;
#3530 = AXIS2_PLACEMENT_3D ( 'NONE', #2211, #2762, #3054 ) ;
#3531 = VERTEX_POINT ( 'NONE', #1124 ) ;
#3532 = DIRECTION ( 'NONE',  ( -0.2034861408258019366, 0.06140290946268638778, -0.9771504864663062007 ) ) ;
#3533 = VERTEX_POINT ( 'NONE', #3456 ) ;
#3534 = VECTOR ( 'NONE', #1635, 1000.000000000000227 ) ;
#3535 = CARTESIAN_POINT ( 'NONE',  ( -51.73597674841479943, -14.47670786206700022, 68.92473663728648603 ) ) ;
#3536 = DIRECTION ( 'NONE',  ( -0.4036298484864445646, 0.9040139324509700591, 0.1408607658127078166 ) ) ;
#3537 = ORIENTED_EDGE ( 'NONE', *, *, #273, .T. ) ;
#3538 = VECTOR ( 'NONE', #1025, 1000.000000000000114 ) ;
#3539 = DIRECTION ( 'NONE',  ( -0.4036298484864446201, 0.9040139324509702812, 0.1408607658127080386 ) ) ;
#3540 = CARTESIAN_POINT ( 'NONE',  ( -9.069149228323018619, -1.426217133137744009, 142.8543338744750315 ) ) ;
#3541 = CIRCLE ( 'NONE', #1989, 4.500000000000000888 ) ;
#3542 = CARTESIAN_POINT ( 'NONE',  ( -14.51669143865270151, -7.501423814754329733, 130.7379780927125807 ) ) ;
#3543 = ADVANCED_FACE ( 'NONE', ( #696 ), #2876, .T. ) ;
#3544 = DIRECTION ( 'NONE',  ( 0.8742437189090509486, 0.3356881868840229655, 0.3507297551314823014 ) ) ;
#3545 = CARTESIAN_POINT ( 'NONE',  ( -5.669834767917159901, -3.733325768440129977, 131.9053882223694245 ) ) ;
#3546 = AXIS2_PLACEMENT_3D ( 'NONE', #837, #1903, #2726 ) ;
#3547 = ORIENTED_EDGE ( 'NONE', *, *, #865, .T. ) ;
#3548 = EDGE_CURVE ( 'NONE', #3302, #2340, #147, .T. ) ;
#3549 = EDGE_CURVE ( 'NONE', #3106, #939, #3440, .T. ) ;
#3550 = CIRCLE ( 'NONE', #1995, 1.500000000000002665 ) ;
#3551 = LINE ( 'NONE', #786, #2464 ) ;
#3552 = AXIS2_PLACEMENT_3D ( 'NONE', #91, #363, #3166 ) ;
#3553 = CIRCLE ( 'NONE', #412, 12.50000000000000355 ) ;
#3554 = ORIENTED_EDGE ( 'NONE', *, *, #966, .T. ) ;
#3555 = AXIS2_PLACEMENT_3D ( 'NONE', #269, #2536, #1112 ) ;
#3556 = AXIS2_PLACEMENT_3D ( 'NONE', #90, #3120, #3400 ) ;
#3557 = ORIENTED_EDGE ( 'NONE', *, *, #1392, .T. ) ;
#3558 = ORIENTED_EDGE ( 'NONE', *, *, #1248, .T. ) ;
#3559 = CARTESIAN_POINT ( 'NONE',  ( -14.12997429790985926, -0.4312004364745679608, 121.9669775131540064 ) ) ;
#3560 = DIRECTION ( 'NONE',  ( -0.4036298484864153657, 0.9040139324509846031, 0.1408607658126995454 ) ) ;
#3561 = CARTESIAN_POINT ( 'NONE',  ( -24.79523741637849810, -0.8724979781726279748, 94.23832370393040492 ) ) ;
#3562 = DIRECTION ( 'NONE',  ( -0.7292504199660249098, -0.2249069998420399896, -0.6462280297243605531 ) ) ;
#3563 = DIRECTION ( 'NONE',  ( -0.4036298484864446201, 0.9040139324509702812, 0.1408607658127074280 ) ) ;
#3564 = CARTESIAN_POINT ( 'NONE',  ( -0.5744511409393320278, -2.895653323065895179, 141.1299679155997921 ) ) ;
#3565 = CARTESIAN_POINT ( 'NONE',  ( -14.42082282819548134, -7.783630141945939940, 132.8238242303883681 ) ) ;
#3566 = DIRECTION ( 'NONE',  ( 0.7292504199660267972, 0.2249069998420404615, 0.6462280297243582217 ) ) ;
#3567 = ORIENTED_EDGE ( 'NONE', *, *, #793, .F. ) ;
#3568 = FACE_OUTER_BOUND ( 'NONE', #1888, .T. ) ;
#3569 = DIRECTION ( 'NONE',  ( -0.4036298484864445646, 0.9040139324509700591, 0.1408607658127078166 ) ) ;
#3570 = EDGE_CURVE ( 'NONE', #2884, #2143, #643, .T. ) ;
#3571 = EDGE_CURVE ( 'NONE', #635, #2336, #402, .T. ) ;
#3572 = ORIENTED_EDGE ( 'NONE', *, *, #138, .F. ) ;
#3573 = ORIENTED_EDGE ( 'NONE', *, *, #2206, .T. ) ;
#3574 = EDGE_CURVE ( 'NONE', #2122, #2139, #2250, .T. ) ;
#3575 = LINE ( 'NONE', #3065, #2344 ) ;
#3576 = VERTEX_POINT ( 'NONE', #2305 ) ;
#3577 = COLOUR_RGB ( '',1.000000000000000000, 1.000000000000000000, 1.000000000000000000 ) ;
#3578 = DIRECTION ( 'NONE',  ( 0.1138699078527287689, 0.2023984311790434643, -0.9726605364369796947 ) ) ;
#3579 = FACE_OUTER_BOUND ( 'NONE', #1075, .T. ) ;
#3580 = CARTESIAN_POINT ( 'NONE',  ( -22.78112447243130134, -5.383527501103039903, 93.53542848252499198 ) ) ;
ENDSEC;
END-ISO-10303-21;
