ISO-10303-21;
HEADER;
FILE_DESCRIPTION (( 'STEP AP214' ),
    '1' );
FILE_NAME ('duojizhijia.STEP',
    '2026-05-30T00:02:51',
    ( '' ),
    ( '' ),
    'SwSTEP 2.0',
    'SolidWorks 2020',
    '' );
FILE_SCHEMA (( 'AUTOMOTIVE_DESIGN' ));
ENDSEC;

DATA;
#1 = EDGE_CURVE ( 'NONE', #950, #479, #852, .T. ) ;
#2 = DIRECTION ( 'NONE',  ( 0.000000000000000000, 1.000000000000000000, 0.000000000000000000 ) ) ;
#3 = DIRECTION ( 'NONE',  ( 1.000000000000000000, 0.000000000000000000, 0.000000000000000000 ) ) ;
#4 = LINE ( 'NONE', #17, #271 ) ;
#5 = EDGE_CURVE ( 'NONE', #790, #1095, #1395, .T. ) ;
#6 = EDGE_LOOP ( 'NONE', ( #1293, #1025, #1116, #1271 ) ) ;
#7 = CARTESIAN_POINT ( 'NONE',  ( 52.61285640384165418, -9.787043557220542311, -0.0001000000000028755665 ) ) ;
#8 = ORIENTED_EDGE ( 'NONE', *, *, #1424, .T. ) ;
#9 = DIRECTION ( 'NONE',  ( 1.000000000000000000, 0.000000000000000000, 0.000000000000000000 ) ) ;
#10 = DIRECTION ( 'NONE',  ( 1.000000000000000000, 0.000000000000000000, 0.000000000000000000 ) ) ;
#11 = DIRECTION ( 'NONE',  ( 1.000000000000000000, 0.000000000000000000, 0.000000000000000000 ) ) ;
#12 = FACE_OUTER_BOUND ( 'NONE', #545, .T. ) ;
#13 = ORIENTED_EDGE ( 'NONE', *, *, #962, .T. ) ;
#14 = VERTEX_POINT ( 'NONE', #947 ) ;
#15 = DIRECTION ( 'NONE',  ( 0.000000000000000000, 0.000000000000000000, 1.000000000000000000 ) ) ;
#16 = LINE ( 'NONE', #786, #1400 ) ;
#17 = CARTESIAN_POINT ( 'NONE',  ( 3.429011037612589276E-15, -28.00000000000000000, -0.0001000000000000000183 ) ) ;
#18 = AXIS2_PLACEMENT_3D ( 'NONE', #945, #816, #91 ) ;
#19 = DIRECTION ( 'NONE',  ( 0.000000000000000000, 0.000000000000000000, 1.000000000000000000 ) ) ;
#20 = ORIENTED_EDGE ( 'NONE', *, *, #140, .F. ) ;
#21 = AXIS2_PLACEMENT_3D ( 'NONE', #239, #1290, #44 ) ;
#22 = VECTOR ( 'NONE', #855, 1000.000000000000000 ) ;
#23 = EDGE_CURVE ( 'NONE', #1341, #1466, #902, .T. ) ;
#24 = AXIS2_PLACEMENT_3D ( 'NONE', #1083, #1454, #369 ) ;
#25 = CARTESIAN_POINT ( 'NONE',  ( 60.00000000000000000, 0.000000000000000000, 47.00000000000000000 ) ) ;
#26 = CARTESIAN_POINT ( 'NONE',  ( 4.506598868991717133, -19.78869994050758407, -0.0001000000000028755665 ) ) ;
#27 = CARTESIAN_POINT ( 'NONE',  ( 52.61285640384165418, -9.787043557220542311, 2.999899999999998901 ) ) ;
#28 = ORIENTED_EDGE ( 'NONE', *, *, #285, .F. ) ;
#29 = ADVANCED_FACE ( 'NONE', ( #1168, #1048, #1528, #1537, #443, #482, #602 ), #1077, .F. ) ;
#30 = DIRECTION ( 'NONE',  ( -0.000000000000000000, 1.000000000000000000, -0.000000000000000000 ) ) ;
#31 = CARTESIAN_POINT ( 'NONE',  ( 0.000000000000000000, -2.000000000000000000, 2.999899999999999789 ) ) ;
#32 = CARTESIAN_POINT ( 'NONE',  ( 19.00000000000000000, -14.00000000000000000, 2.999899999999998457 ) ) ;
#33 = FACE_OUTER_BOUND ( 'NONE', #528, .T. ) ;
#34 = VERTEX_POINT ( 'NONE', #495 ) ;
#35 = CARTESIAN_POINT ( 'NONE',  ( 37.99999999999999289, -14.00000000000000000, 2.999900000000000233 ) ) ;
#36 = DIRECTION ( 'NONE',  ( -0.000000000000000000, -0.000000000000000000, 1.000000000000000000 ) ) ;
#37 = DIRECTION ( 'NONE',  ( 1.000000000000000000, 0.000000000000000000, 0.000000000000000000 ) ) ;
#38 = DIRECTION ( 'NONE',  ( 1.000000000000000000, 0.000000000000000000, 0.000000000000000000 ) ) ;
#39 = DIRECTION ( 'NONE',  ( 0.000000000000000000, 1.084202172485504557E-16, -1.000000000000000000 ) ) ;
#40 = ORIENTED_EDGE ( 'NONE', *, *, #401, .T. ) ;
#41 = ORIENTED_EDGE ( 'NONE', *, *, #606, .T. ) ;
#42 = DIRECTION ( 'NONE',  ( 0.000000000000000000, 0.000000000000000000, -1.000000000000000000 ) ) ;
#43 = VECTOR ( 'NONE', #1085, 1000.000000000000000 ) ;
#44 = DIRECTION ( 'NONE',  ( 0.000000000000000000, -0.000000000000000000, 1.000000000000000000 ) ) ;
#45 = ORIENTED_EDGE ( 'NONE', *, *, #404, .F. ) ;
#46 = AXIS2_PLACEMENT_3D ( 'NONE', #500, #625, #227 ) ;
#47 = LINE ( 'NONE', #1180, #905 ) ;
#48 = CARTESIAN_POINT ( 'NONE',  ( 38.50000000000000711, 0.000000000000000000, 31.99989999999999668 ) ) ;
#49 = AXIS2_PLACEMENT_3D ( 'NONE', #478, #604, #1109 ) ;
#50 = AXIS2_PLACEMENT_3D ( 'NONE', #92, #1350, #3 ) ;
#51 = CARTESIAN_POINT ( 'NONE',  ( 6.006598868991717133, -19.78869994050758407, 47.00000000000000000 ) ) ;
#52 = EDGE_CURVE ( 'NONE', #1303, #14, #488, .T. ) ;
#53 = CYLINDRICAL_SURFACE ( 'NONE', #1216, 1.500000000000000444 ) ;
#54 = CARTESIAN_POINT ( 'NONE',  ( 38.50000000000000000, -1.999999999999998224, 17.99990000000000023 ) ) ;
#55 = VERTEX_POINT ( 'NONE', #975 ) ;
#56 = ORIENTED_EDGE ( 'NONE', *, *, #160, .F. ) ;
#57 = CARTESIAN_POINT ( 'NONE',  ( 31.50000000000000000, 0.000000000000000000, 24.99990000000000023 ) ) ;
#58 = DIRECTION ( 'NONE',  ( 0.000000000000000000, -0.000000000000000000, 1.000000000000000000 ) ) ;
#59 = CARTESIAN_POINT ( 'NONE',  ( 31.50000000000000000, 0.000000000000000000, 23.49989999999999668 ) ) ;
#60 = EDGE_LOOP ( 'NONE', ( #284, #611 ) ) ;
#61 = EDGE_LOOP ( 'NONE', ( #1257, #577, #871, #1513 ) ) ;
#62 = LINE ( 'NONE', #924, #1188 ) ;
#63 = VERTEX_POINT ( 'NONE', #1590 ) ;
#64 = CARTESIAN_POINT ( 'NONE',  ( 52.61285640384165418, -9.787043557220542311, -0.0001000000000028755665 ) ) ;
#65 = FACE_BOUND ( 'NONE', #603, .T. ) ;
#66 = VERTEX_POINT ( 'NONE', #707 ) ;
#67 = EDGE_LOOP ( 'NONE', ( #290, #1186, #1270, #318 ) ) ;
#68 = AXIS2_PLACEMENT_3D ( 'NONE', #1284, #180, #682 ) ;
#69 = LINE ( 'NONE', #461, #253 ) ;
#70 = EDGE_LOOP ( 'NONE', ( #960, #1372, #397, #710 ) ) ;
#71 = EDGE_CURVE ( 'NONE', #424, #1205, #692, .T. ) ;
#72 = AXIS2_PLACEMENT_3D ( 'NONE', #429, #293, #176 ) ;
#73 = EDGE_CURVE ( 'NONE', #896, #55, #1305, .T. ) ;
#74 = CIRCLE ( 'NONE', #928, 3.000000000000006217 ) ;
#75 = CIRCLE ( 'NONE', #1363, 1.500000000000000444 ) ;
#76 = DIRECTION ( 'NONE',  ( 1.000000000000000000, -0.000000000000000000, -0.000000000000000000 ) ) ;
#77 = AXIS2_PLACEMENT_3D ( 'NONE', #168, #681, #563 ) ;
#78 = CARTESIAN_POINT ( 'NONE',  ( 51.11285640384165418, -19.78869994050758407, 2.999899999999998013 ) ) ;
#79 = LINE ( 'NONE', #457, #729 ) ;
#80 = ORIENTED_EDGE ( 'NONE', *, *, #915, .T. ) ;
#81 = VERTEX_POINT ( 'NONE', #337 ) ;
#82 = CARTESIAN_POINT ( 'NONE',  ( 4.506598868991717133, -9.787043557220542311, -0.0001000000000028755665 ) ) ;
#83 = ORIENTED_EDGE ( 'NONE', *, *, #167, .F. ) ;
#84 = ADVANCED_FACE ( 'NONE', ( #617 ), #1448, .F. ) ;
#85 = FACE_BOUND ( 'NONE', #1256, .T. ) ;
#86 = FACE_OUTER_BOUND ( 'NONE', #1423, .T. ) ;
#87 = FACE_OUTER_BOUND ( 'NONE', #124, .T. ) ;
#88 = ORIENTED_EDGE ( 'NONE', *, *, #386, .T. ) ;
#89 = DIRECTION ( 'NONE',  ( 0.000000000000000000, 0.000000000000000000, 1.000000000000000000 ) ) ;
#90 = ORIENTED_EDGE ( 'NONE', *, *, #71, .T. ) ;
#91 = DIRECTION ( 'NONE',  ( 1.000000000000000000, 0.000000000000000000, 0.000000000000000000 ) ) ;
#92 = CARTESIAN_POINT ( 'NONE',  ( 52.61285640384165418, -19.78869994050758407, -0.0001000000000028755665 ) ) ;
#93 = CARTESIAN_POINT ( 'NONE',  ( 60.00000000000000000, -28.00000000000000000, 47.00000000000000000 ) ) ;
#94 = VERTEX_POINT ( 'NONE', #733 ) ;
#95 = DIRECTION ( 'NONE',  ( 0.000000000000000000, 0.000000000000000000, 1.000000000000000000 ) ) ;
#96 = EDGE_LOOP ( 'NONE', ( #1026, #1332 ) ) ;
#97 = VECTOR ( 'NONE', #76, 1000.000000000000000 ) ;
#98 = DIRECTION ( 'NONE',  ( 1.000000000000000000, 0.000000000000000000, 0.000000000000000000 ) ) ;
#99 = AXIS2_PLACEMENT_3D ( 'NONE', #638, #389, #789 ) ;
#100 = CARTESIAN_POINT ( 'NONE',  ( 60.00000000000000000, -2.000000000000000000, 2.999899999999999789 ) ) ;
#101 = CARTESIAN_POINT ( 'NONE',  ( 60.00000000000000000, -26.00000000000000711, 44.00000000000000000 ) ) ;
#102 = ORIENTED_EDGE ( 'NONE', *, *, #375, .T. ) ;
#103 = EDGE_CURVE ( 'NONE', #1575, #223, #1345, .T. ) ;
#104 = PLANE ( 'NONE',  #49 ) ;
#105 = ORIENTED_EDGE ( 'NONE', *, *, #1098, .F. ) ;
#106 = DIRECTION ( 'NONE',  ( -0.000000000000000000, 1.000000000000000000, -0.000000000000000000 ) ) ;
#107 = SURFACE_STYLE_FILL_AREA ( #732 ) ;
#108 = DIRECTION ( 'NONE',  ( 0.000000000000000000, 0.000000000000000000, 1.000000000000000000 ) ) ;
#109 = ORIENTED_EDGE ( 'NONE', *, *, #1343, .F. ) ;
#110 = SURFACE_STYLE_FILL_AREA ( #844 ) ;
#111 = ORIENTED_EDGE ( 'NONE', *, *, #1087, .F. ) ;
#112 = DIRECTION ( 'NONE',  ( -0.000000000000000000, -0.000000000000000000, 1.000000000000000000 ) ) ;
#113 = CARTESIAN_POINT ( 'NONE',  ( 38.50000000000000711, -1.999999999999998224, 31.99989999999999668 ) ) ;
#114 = ORIENTED_EDGE ( 'NONE', *, *, #1170, .T. ) ;
#115 = CARTESIAN_POINT ( 'NONE',  ( 51.11285640384165418, -9.787043557220542311, -0.0001000000000028755665 ) ) ;
#116 = ORIENTED_EDGE ( 'NONE', *, *, #1373, .F. ) ;
#117 = EDGE_CURVE ( 'NONE', #940, #1136, #1054, .T. ) ;
#118 = ADVANCED_FACE ( 'NONE', ( #87 ), #585, .F. ) ;
#119 = CIRCLE ( 'NONE', #325, 1.500000000000001332 ) ;
#120 = CYLINDRICAL_SURFACE ( 'NONE', #1592, 1.500000000000000444 ) ;
#121 = CARTESIAN_POINT ( 'NONE',  ( 40.99999999999999289, -14.00000000000000000, -0.0001000000000000000183 ) ) ;
#122 = CIRCLE ( 'NONE', #377, 1.500000000000001332 ) ;
#123 = DIRECTION ( 'NONE',  ( 0.000000000000000000, -0.000000000000000000, 1.000000000000000000 ) ) ;
#124 = EDGE_LOOP ( 'NONE', ( #629, #1418, #267, #738 ) ) ;
#125 = DIRECTION ( 'NONE',  ( -0.000000000000000000, 0.000000000000000000, 1.000000000000000000 ) ) ;
#126 = CIRCLE ( 'NONE', #543, 1.499999999999999556 ) ;
#127 = FACE_BOUND ( 'NONE', #566, .T. ) ;
#128 = CARTESIAN_POINT ( 'NONE',  ( 0.000000000000000000, -2.000000000000000000, 2.999899999999999789 ) ) ;
#129 = ORIENTED_EDGE ( 'NONE', *, *, #558, .T. ) ;
#130 = CIRCLE ( 'NONE', #1033, 1.500000000000004885 ) ;
#131 = DIRECTION ( 'NONE',  ( 1.000000000000000000, 0.000000000000000000, 0.000000000000000000 ) ) ;
#132 = LINE ( 'NONE', #616, #250 ) ;
#133 = CARTESIAN_POINT ( 'NONE',  ( 52.61285640384165418, -19.78869994050758407, 44.00000000000000000 ) ) ;
#134 = EDGE_CURVE ( 'NONE', #94, #1546, #539, .T. ) ;
#135 = DIRECTION ( 'NONE',  ( 1.000000000000000000, 0.000000000000000000, 0.000000000000000000 ) ) ;
#136 = ORIENTED_EDGE ( 'NONE', *, *, #912, .F. ) ;
#137 = EDGE_LOOP ( 'NONE', ( #114, #1104 ) ) ;
#138 = LINE ( 'NONE', #1123, #348 ) ;
#139 = CARTESIAN_POINT ( 'NONE',  ( 3.429011037612589276E-15, -28.00000000000000000, 47.00000000000000000 ) ) ;
#140 = EDGE_CURVE ( 'NONE', #595, #991, #1337, .T. ) ;
#141 =( NAMED_UNIT ( * ) SI_UNIT ( $, .STERADIAN. ) SOLID_ANGLE_UNIT ( ) );
#142 = DIRECTION ( 'NONE',  ( -0.000000000000000000, -0.000000000000000000, 1.000000000000000000 ) ) ;
#143 = DIRECTION ( 'NONE',  ( 1.000000000000000000, 0.000000000000000000, 0.000000000000000000 ) ) ;
#144 = EDGE_CURVE ( 'NONE', #34, #991, #169, .T. ) ;
#145 = DIRECTION ( 'NONE',  ( 0.000000000000000000, 1.000000000000000000, 0.000000000000000000 ) ) ;
#146 = VERTEX_POINT ( 'NONE', #1209 ) ;
#147 = CARTESIAN_POINT ( 'NONE',  ( 40.99999999999999289, -14.00000000000000000, 47.00000000000000000 ) ) ;
#148 = AXIS2_PLACEMENT_3D ( 'NONE', #54, #451, #1517 ) ;
#149 = DIRECTION ( 'NONE',  ( 1.000000000000000000, -0.000000000000000000, -0.000000000000000000 ) ) ;
#150 = EDGE_CURVE ( 'NONE', #1352, #791, #1586, .T. ) ;
#151 = AXIS2_PLACEMENT_3D ( 'NONE', #1507, #411, #665 ) ;
#152 = EDGE_LOOP ( 'NONE', ( #865, #620, #322, #592 ) ) ;
#153 = VERTEX_POINT ( 'NONE', #93 ) ;
#154 = AXIS2_PLACEMENT_3D ( 'NONE', #716, #125, #143 ) ;
#155 = EDGE_CURVE ( 'NONE', #1068, #1095, #1504, .T. ) ;
#156 = VECTOR ( 'NONE', #594, 1000.000000000000000 ) ;
#157 = CARTESIAN_POINT ( 'NONE',  ( 60.00000000000000000, -28.00000000000000000, -0.0001000000000000000183 ) ) ;
#158 = DIRECTION ( 'NONE',  ( -0.000000000000000000, 0.000000000000000000, -1.000000000000000000 ) ) ;
#159 = VERTEX_POINT ( 'NONE', #101 ) ;
#160 = EDGE_CURVE ( 'NONE', #688, #173, #1310, .T. ) ;
#161 = CYLINDRICAL_SURFACE ( 'NONE', #1032, 3.000000000000006217 ) ;
#162 = DIRECTION ( 'NONE',  ( 1.000000000000000000, 0.000000000000000000, 0.000000000000000000 ) ) ;
#163 = CARTESIAN_POINT ( 'NONE',  ( 24.82518364797984489, -28.00100000000000122, 27.50000037859228641 ) ) ;
#164 = DIRECTION ( 'NONE',  ( 0.000000000000000000, 0.000000000000000000, 1.000000000000000000 ) ) ;
#165 = ORIENTED_EDGE ( 'NONE', *, *, #1199, .F. ) ;
#166 = CARTESIAN_POINT ( 'NONE',  ( 4.506598868991717133, -9.787043557220542311, -0.0001000000000028755665 ) ) ;
#167 = EDGE_CURVE ( 'NONE', #193, #277, #330, .T. ) ;
#168 = CARTESIAN_POINT ( 'NONE',  ( 19.00000000000000000, -14.00000000000000000, -0.0001000000000000000183 ) ) ;
#169 = CIRCLE ( 'NONE', #621, 5.999999999999991118 ) ;
#170 = VERTEX_POINT ( 'NONE', #469 ) ;
#171 = ORIENTED_EDGE ( 'NONE', *, *, #305, .F. ) ;
#172 = VECTOR ( 'NONE', #1318, 1000.000000000000000 ) ;
#173 = VERTEX_POINT ( 'NONE', #967 ) ;
#174 = VECTOR ( 'NONE', #106, 1000.000000000000000 ) ;
#175 = CIRCLE ( 'NONE', #1259, 3.000000000000004441 ) ;
#176 = DIRECTION ( 'NONE',  ( 1.000000000000000000, 0.000000000000000000, 0.000000000000000000 ) ) ;
#177 = DIRECTION ( 'NONE',  ( -0.000000000000000000, 0.000000000000000000, -1.000000000000000000 ) ) ;
#178 = DIRECTION ( 'NONE',  ( 1.000000000000000000, 0.000000000000000000, 0.000000000000000000 ) ) ;
#179 = CARTESIAN_POINT ( 'NONE',  ( 3.006598868991715801, -19.78869994050758407, 2.999899999999998013 ) ) ;
#180 = DIRECTION ( 'NONE',  ( 0.000000000000000000, 1.084202172485504557E-16, -1.000000000000000000 ) ) ;
#181 = ORIENTED_EDGE ( 'NONE', *, *, #1267, .F. ) ;
#182 = LINE ( 'NONE', #941, #906 ) ;
#183 = ORIENTED_EDGE ( 'NONE', *, *, #504, .F. ) ;
#184 = DIRECTION ( 'NONE',  ( -0.000000000000000000, -0.000000000000000000, 1.000000000000000000 ) ) ;
#185 = ORIENTED_EDGE ( 'NONE', *, *, #355, .T. ) ;
#186 = EDGE_LOOP ( 'NONE', ( #815, #1221 ) ) ;
#187 = ADVANCED_FACE ( 'NONE', ( #842 ), #1356, .F. ) ;
#188 = CARTESIAN_POINT ( 'NONE',  ( 51.11285640384165418, -9.787043557220542311, 47.00000000000000000 ) ) ;
#189 = EDGE_LOOP ( 'NONE', ( #794, #1289, #1449, #939 ) ) ;
#190 = FACE_BOUND ( 'NONE', #648, .T. ) ;
#191 = FACE_BOUND ( 'NONE', #137, .T. ) ;
#192 = VERTEX_POINT ( 'NONE', #1115 ) ;
#193 = VERTEX_POINT ( 'NONE', #370 ) ;
#194 = DIRECTION ( 'NONE',  ( -0.000000000000000000, -1.000000000000000000, -0.000000000000000000 ) ) ;
#195 = ORIENTED_EDGE ( 'NONE', *, *, #364, .T. ) ;
#196 = CIRCLE ( 'NONE', #347, 1.500000000000001332 ) ;
#197 = AXIS2_PLACEMENT_3D ( 'NONE', #26, #907, #1384 ) ;
#198 = VECTOR ( 'NONE', #30, 1000.000000000000000 ) ;
#199 = AXIS2_PLACEMENT_3D ( 'NONE', #1079, #1397, #323 ) ;
#200 = CARTESIAN_POINT ( 'NONE',  ( 4.506598868991717133, -9.787043557220542311, 44.00000000000000000 ) ) ;
#201 = AXIS2_PLACEMENT_3D ( 'NONE', #121, #1447, #244 ) ;
#202 = CARTESIAN_POINT ( 'NONE',  ( 52.61285640384165418, -9.787043557220542311, 44.00000000000000000 ) ) ;
#203 = LINE ( 'NONE', #811, #988 ) ;
#204 = CARTESIAN_POINT ( 'NONE',  ( 22.00000000000000711, -14.00000000000000000, -0.0001000000000000000183 ) ) ;
#205 = ORIENTED_EDGE ( 'NONE', *, *, #392, .F. ) ;
#206 = DIRECTION ( 'NONE',  ( 1.000000000000000000, 0.000000000000000000, 0.000000000000000000 ) ) ;
#207 = ORIENTED_EDGE ( 'NONE', *, *, #649, .T. ) ;
#208 = EDGE_CURVE ( 'NONE', #1330, #820, #433, .T. ) ;
#209 = EDGE_CURVE ( 'NONE', #646, #671, #867, .T. ) ;
#210 = CARTESIAN_POINT ( 'NONE',  ( 0.000000000000000000, -2.000000000000000000, 44.00000000000000000 ) ) ;
#211 = UNCERTAINTY_MEASURE_WITH_UNIT (LENGTH_MEASURE( 1.000000000000000082E-05 ), #1150, 'distance_accuracy_value', 'NONE');
#212 = CARTESIAN_POINT ( 'NONE',  ( 38.50000000000000711, -28.00100000000000122, 30.49989999999999313 ) ) ;
#213 = DIRECTION ( 'NONE',  ( 0.000000000000000000, 0.000000000000000000, 1.000000000000000000 ) ) ;
#214 = VERTEX_POINT ( 'NONE', #264 ) ;
#215 = DIRECTION ( 'NONE',  ( 0.000000000000000000, 0.000000000000000000, -1.000000000000000000 ) ) ;
#216 = ORIENTED_EDGE ( 'NONE', *, *, #447, .F. ) ;
#217 = EDGE_CURVE ( 'NONE', #819, #153, #812, .T. ) ;
#218 = ADVANCED_FACE ( 'NONE', ( #996 ), #876, .F. ) ;
#219 = CARTESIAN_POINT ( 'NONE',  ( 19.00000000000000000, -14.00000000000000000, -0.0001000000000000000183 ) ) ;
#220 = DIRECTION ( 'NONE',  ( 0.000000000000000000, 0.000000000000000000, 1.000000000000000000 ) ) ;
#221 = VERTEX_POINT ( 'NONE', #1263 ) ;
#222 = CARTESIAN_POINT ( 'NONE',  ( 31.50000000000000000, -28.00100000000000122, 26.49990000000000734 ) ) ;
#223 = VERTEX_POINT ( 'NONE', #25 ) ;
#224 = AXIS2_PLACEMENT_3D ( 'NONE', #1432, #1224, #827 ) ;
#225 = VECTOR ( 'NONE', #1142, 1000.000000000000000 ) ;
#226 = AXIS2_PLACEMENT_3D ( 'NONE', #535, #1027, #1503 ) ;
#227 = DIRECTION ( 'NONE',  ( 0.000000000000000000, 0.000000000000000000, 1.000000000000000000 ) ) ;
#228 = FACE_OUTER_BOUND ( 'NONE', #1276, .T. ) ;
#229 = DIRECTION ( 'NONE',  ( 0.000000000000000000, 0.000000000000000000, 1.000000000000000000 ) ) ;
#230 = EDGE_LOOP ( 'NONE', ( #1583, #662, #565, #1501 ) ) ;
#231 = EDGE_CURVE ( 'NONE', #437, #193, #196, .T. ) ;
#232 = CARTESIAN_POINT ( 'NONE',  ( 52.61285640384165418, -19.78869994050758407, -0.0001000000000028755665 ) ) ;
#233 = ORIENTED_EDGE ( 'NONE', *, *, #1106, .T. ) ;
#234 = FACE_BOUND ( 'NONE', #913, .T. ) ;
#235 = FACE_OUTER_BOUND ( 'NONE', #909, .T. ) ;
#236 = DIRECTION ( 'NONE',  ( 1.000000000000000000, 0.000000000000000000, 0.000000000000000000 ) ) ;
#237 = DIRECTION ( 'NONE',  ( 0.000000000000000000, 0.000000000000000000, 1.000000000000000000 ) ) ;
#238 = ORIENTED_EDGE ( 'NONE', *, *, #375, .F. ) ;
#239 = CARTESIAN_POINT ( 'NONE',  ( 0.000000000000000000, -2.000000000000000000, 44.00000000000000000 ) ) ;
#240 = CARTESIAN_POINT ( 'NONE',  ( 31.50000000000000000, 0.000000000000000000, 26.49990000000000734 ) ) ;
#241 = ORIENTED_EDGE ( 'NONE', *, *, #779, .T. ) ;
#242 = ADVANCED_FACE ( 'NONE', ( #508 ), #1366, .F. ) ;
#243 = FACE_OUTER_BOUND ( 'NONE', #1532, .T. ) ;
#244 = DIRECTION ( 'NONE',  ( 1.000000000000000000, 0.000000000000000000, 0.000000000000000000 ) ) ;
#245 = CARTESIAN_POINT ( 'NONE',  ( 4.506598868991717133, -9.787043557220542311, -0.0001000000000028755665 ) ) ;
#246 = ORIENTED_EDGE ( 'NONE', *, *, #1576, .T. ) ;
#247 = DIRECTION ( 'NONE',  ( 0.000000000000000000, 0.000000000000000000, 1.000000000000000000 ) ) ;
#248 = EDGE_LOOP ( 'NONE', ( #1388, #1195 ) ) ;
#249 = LINE ( 'NONE', #1349, #750 ) ;
#250 = VECTOR ( 'NONE', #754, 1000.000000000000000 ) ;
#251 = DIRECTION ( 'NONE',  ( 1.000000000000000000, 0.000000000000000000, 0.000000000000000000 ) ) ;
#252 = VERTEX_POINT ( 'NONE', #1473 ) ;
#253 = VECTOR ( 'NONE', #1294, 1000.000000000000000 ) ;
#254 = DIRECTION ( 'NONE',  ( 0.000000000000000000, 0.000000000000000000, 1.000000000000000000 ) ) ;
#255 = CARTESIAN_POINT ( 'NONE',  ( 19.00000000000000000, -14.00000000000000000, -0.0001000000000000000183 ) ) ;
#256 = ORIENTED_EDGE ( 'NONE', *, *, #439, .T. ) ;
#257 = CIRCLE ( 'NONE', #753, 3.000000000000002665 ) ;
#258 = EDGE_LOOP ( 'NONE', ( #1386, #931, #1064, #1415 ) ) ;
#259 = FACE_BOUND ( 'NONE', #374, .T. ) ;
#260 = CARTESIAN_POINT ( 'NONE',  ( 3.429011037612589276E-15, -28.00000000000000000, -0.0001000000000000000183 ) ) ;
#261 = DIRECTION ( 'NONE',  ( 0.000000000000000000, 0.000000000000000000, 1.000000000000000000 ) ) ;
#262 = EDGE_LOOP ( 'NONE', ( #136, #807 ) ) ;
#263 = EDGE_CURVE ( 'NONE', #371, #418, #744, .T. ) ;
#264 = CARTESIAN_POINT ( 'NONE',  ( 0.000000000000000000, -26.00000000000000355, 2.999899999999997124 ) ) ;
#265 = CARTESIAN_POINT ( 'NONE',  ( 40.99999999999999289, -14.00000000000000000, -0.0001000000000000007366 ) ) ;
#266 = EDGE_LOOP ( 'NONE', ( #195, #346 ) ) ;
#267 = ORIENTED_EDGE ( 'NONE', *, *, #160, .T. ) ;
#268 = DIRECTION ( 'NONE',  ( 0.000000000000000000, 0.000000000000000000, 1.000000000000000000 ) ) ;
#269 = AXIS2_PLACEMENT_3D ( 'NONE', #851, #610, #835 ) ;
#270 = DIRECTION ( 'NONE',  ( 1.000000000000000000, 0.000000000000000000, 0.000000000000000000 ) ) ;
#271 = VECTOR ( 'NONE', #261, 1000.000000000000000 ) ;
#272 = APPLICATION_CONTEXT ( 'automotive_design' ) ;
#273 = DIRECTION ( 'NONE',  ( 0.000000000000000000, 0.000000000000000000, 1.000000000000000000 ) ) ;
#274 = ADVANCED_FACE ( 'NONE', ( #653 ), #1231, .F. ) ;
#275 = AXIS2_PLACEMENT_3D ( 'NONE', #797, #1163, #1044 ) ;
#276 = VERTEX_POINT ( 'NONE', #1480 ) ;
#277 = VERTEX_POINT ( 'NONE', #755 ) ;
#278 = AXIS2_PLACEMENT_3D ( 'NONE', #1419, #430, #1428 ) ;
#279 = CYLINDRICAL_SURFACE ( 'NONE', #327, 1.500000000000001332 ) ;
#280 = MECHANICAL_DESIGN_GEOMETRIC_PRESENTATION_REPRESENTATION (  '', ( #465 ), #1461 ) ;
#281 = AXIS2_PLACEMENT_3D ( 'NONE', #995, #1328, #236 ) ;
#282 = CYLINDRICAL_SURFACE ( 'NONE', #197, 1.500000000000000444 ) ;
#283 = ORIENTED_EDGE ( 'NONE', *, *, #1034, .F. ) ;
#284 = ORIENTED_EDGE ( 'NONE', *, *, #533, .F. ) ;
#285 = EDGE_CURVE ( 'NONE', #813, #1162, #4, .T. ) ;
#286 = DIRECTION ( 'NONE',  ( -0.000000000000000000, -0.000000000000000000, 1.000000000000000000 ) ) ;
#287 = EDGE_CURVE ( 'NONE', #671, #1137, #1489, .T. ) ;
#288 = CARTESIAN_POINT ( 'NONE',  ( 24.82518364797984489, -28.00100000000000122, 29.00000037859228641 ) ) ;
#289 = ORIENTED_EDGE ( 'NONE', *, *, #1106, .F. ) ;
#290 = ORIENTED_EDGE ( 'NONE', *, *, #880, .F. ) ;
#291 = FACE_BOUND ( 'NONE', #930, .T. ) ;
#292 = ORIENTED_EDGE ( 'NONE', *, *, #360, .T. ) ;
#293 = DIRECTION ( 'NONE',  ( 0.000000000000000000, 0.000000000000000000, 1.000000000000000000 ) ) ;
#294 = DIRECTION ( 'NONE',  ( 1.000000000000000000, 0.000000000000000000, 0.000000000000000000 ) ) ;
#295 = DIRECTION ( 'NONE',  ( 0.000000000000000000, 0.000000000000000000, -1.000000000000000000 ) ) ;
#296 = VECTOR ( 'NONE', #1107, 1000.000000000000000 ) ;
#297 = CARTESIAN_POINT ( 'NONE',  ( 51.11285640384165418, -9.787043557220542311, -0.0001000000000028755665 ) ) ;
#298 = ORIENTED_EDGE ( 'NONE', *, *, #349, .F. ) ;
#299 = AXIS2_PLACEMENT_3D ( 'NONE', #1023, #412, #38 ) ;
#300 = CYLINDRICAL_SURFACE ( 'NONE', #1155, 3.000000000000002665 ) ;
#301 = ORIENTED_EDGE ( 'NONE', *, *, #680, .T. ) ;
#302 = AXIS2_PLACEMENT_3D ( 'NONE', #651, #787, #162 ) ;
#303 = AXIS2_PLACEMENT_3D ( 'NONE', #1496, #1367, #1143 ) ;
#304 = VECTOR ( 'NONE', #555, 1000.000000000000000 ) ;
#305 = EDGE_CURVE ( 'NONE', #1095, #1068, #489, .T. ) ;
#306 = CARTESIAN_POINT ( 'NONE',  ( 35.00000000000000000, -14.00000000000000000, 44.00000000000000000 ) ) ;
#307 = CARTESIAN_POINT ( 'NONE',  ( 0.000000000000000000, -26.00000000000000711, 44.00000000000000000 ) ) ;
#308 = ORIENTED_EDGE ( 'NONE', *, *, #784, .F. ) ;
#309 = VERTEX_POINT ( 'NONE', #637 ) ;
#310 = CYLINDRICAL_SURFACE ( 'NONE', #199, 1.500000000000001332 ) ;
#311 = VERTEX_POINT ( 'NONE', #1120 ) ;
#312 = EDGE_CURVE ( 'NONE', #470, #790, #119, .T. ) ;
#313 = DIRECTION ( 'NONE',  ( -0.000000000000000000, -1.000000000000000000, -0.000000000000000000 ) ) ;
#314 = CARTESIAN_POINT ( 'NONE',  ( 24.82518364797984489, -1.999999999999998224, 15.00000037859228819 ) ) ;
#315 = ORIENTED_EDGE ( 'NONE', *, *, #150, .F. ) ;
#316 = EDGE_LOOP ( 'NONE', ( #1037, #356 ) ) ;
#317 = CARTESIAN_POINT ( 'NONE',  ( 15.99999999999999289, -14.00000000000000000, 44.00000000000000000 ) ) ;
#318 = ORIENTED_EDGE ( 'NONE', *, *, #1523, .F. ) ;
#319 = CARTESIAN_POINT ( 'NONE',  ( 0.000000000000000000, -2.000000000000000000, 44.00000000000000000 ) ) ;
#320 = CARTESIAN_POINT ( 'NONE',  ( 6.006598868991716245, -9.787043557220542311, 47.00000000000000000 ) ) ;
#321 = DIRECTION ( 'NONE',  ( 0.000000000000000000, 1.084202172485504557E-16, -1.000000000000000000 ) ) ;
#322 = ORIENTED_EDGE ( 'NONE', *, *, #1179, .T. ) ;
#323 = DIRECTION ( 'NONE',  ( 0.000000000000000000, 0.000000000000000000, 1.000000000000000000 ) ) ;
#324 = ORIENTED_EDGE ( 'NONE', *, *, #847, .T. ) ;
#325 = AXIS2_PLACEMENT_3D ( 'NONE', #518, #379, #887 ) ;
#326 = AXIS2_PLACEMENT_3D ( 'NONE', #1587, #352, #1327 ) ;
#327 = AXIS2_PLACEMENT_3D ( 'NONE', #1499, #523, #664 ) ;
#328 = AXIS2_PLACEMENT_3D ( 'NONE', #27, #39, #145 ) ;
#329 = LINE ( 'NONE', #1167, #1463 ) ;
#330 = LINE ( 'NONE', #591, #43 ) ;
#331 = EDGE_LOOP ( 'NONE', ( #1190, #1060 ) ) ;
#332 = CARTESIAN_POINT ( 'NONE',  ( 3.006598868991717133, -9.787043557220542311, -0.0001000000000028755665 ) ) ;
#333 = ORIENTED_EDGE ( 'NONE', *, *, #1222, .F. ) ;
#334 = ADVANCED_FACE ( 'NONE', ( #1248 ), #1370, .F. ) ;
#335 = LINE ( 'NONE', #840, #1336 ) ;
#336 =( LENGTH_UNIT ( ) NAMED_UNIT ( * ) SI_UNIT ( .MILLI., .METRE. ) );
#337 = CARTESIAN_POINT ( 'NONE',  ( 22.00000000000000711, -14.00000000000000000, 44.00000000000000000 ) ) ;
#338 = ORIENTED_EDGE ( 'NONE', *, *, #287, .T. ) ;
#339 = FILL_AREA_STYLE_COLOUR ( '', #1157 ) ;
#340 = EDGE_LOOP ( 'NONE', ( #181, #292, #722, #56 ) ) ;
#341 = FACE_OUTER_BOUND ( 'NONE', #340, .T. ) ;
#342 = CARTESIAN_POINT ( 'NONE',  ( 3.429011037612589276E-15, -28.00000000000000000, -0.0001000000000000000183 ) ) ;
#343 = CARTESIAN_POINT ( 'NONE',  ( 38.50000000000000000, -28.00100000000000122, 17.99990000000000023 ) ) ;
#344 = ORIENTED_EDGE ( 'NONE', *, *, #209, .T. ) ;
#345 = DIRECTION ( 'NONE',  ( -0.000000000000000000, -0.000000000000000000, 1.000000000000000000 ) ) ;
#346 = ORIENTED_EDGE ( 'NONE', *, *, #134, .T. ) ;
#347 = AXIS2_PLACEMENT_3D ( 'NONE', #133, #123, #251 ) ;
#348 = VECTOR ( 'NONE', #15, 1000.000000000000000 ) ;
#349 = EDGE_CURVE ( 'NONE', #1136, #940, #1558, .T. ) ;
#350 = AXIS2_PLACEMENT_3D ( 'NONE', #631, #718, #1208 ) ;
#351 = CIRCLE ( 'NONE', #1312, 5.999999999999991118 ) ;
#352 = DIRECTION ( 'NONE',  ( 0.000000000000000000, -0.000000000000000000, 1.000000000000000000 ) ) ;
#353 = CARTESIAN_POINT ( 'NONE',  ( 0.000000000000000000, 0.000000000000000000, -0.0001000000000000000183 ) ) ;
#354 = DIRECTION ( 'NONE',  ( -0.000000000000000000, -1.000000000000000000, -0.000000000000000000 ) ) ;
#355 = EDGE_CURVE ( 'NONE', #646, #1515, #989, .T. ) ;
#356 = ORIENTED_EDGE ( 'NONE', *, *, #1, .F. ) ;
#357 = PLANE ( 'NONE',  #21 ) ;
#358 = CARTESIAN_POINT ( 'NONE',  ( 31.50000000000000000, -28.00100000000000122, 23.49989999999999668 ) ) ;
#359 = ORIENTED_EDGE ( 'NONE', *, *, #513, .F. ) ;
#360 = EDGE_CURVE ( 'NONE', #66, #1051, #952, .T. ) ;
#361 =( LENGTH_UNIT ( ) NAMED_UNIT ( * ) SI_UNIT ( .MILLI., .METRE. ) );
#362 = CARTESIAN_POINT ( 'NONE',  ( 52.61285640384165418, -9.787043557220542311, 47.00000000000000000 ) ) ;
#363 = ORIENTED_EDGE ( 'NONE', *, *, #1212, .F. ) ;
#364 = EDGE_CURVE ( 'NONE', #1546, #94, #1505, .T. ) ;
#365 = CARTESIAN_POINT ( 'NONE',  ( 40.99999999999999289, -14.00000000000000000, -0.0001000000000000007366 ) ) ;
#366 = ORIENTED_EDGE ( 'NONE', *, *, #144, .T. ) ;
#367 = FACE_BOUND ( 'NONE', #1492, .T. ) ;
#368 = LINE ( 'NONE', #994, #1559 ) ;
#369 = DIRECTION ( 'NONE',  ( 0.000000000000000000, 0.000000000000000000, 1.000000000000000000 ) ) ;
#370 = CARTESIAN_POINT ( 'NONE',  ( 51.11285640384165418, -19.78869994050758407, 44.00000000000000000 ) ) ;
#371 = VERTEX_POINT ( 'NONE', #1207 ) ;
#372 = CARTESIAN_POINT ( 'NONE',  ( 4.506598868991717133, -19.78869994050758407, 2.999899999999998013 ) ) ;
#373 = VERTEX_POINT ( 'NONE', #575 ) ;
#374 = EDGE_LOOP ( 'NONE', ( #414, #1227 ) ) ;
#375 = EDGE_CURVE ( 'NONE', #276, #406, #122, .T. ) ;
#376 = AXIS2_PLACEMENT_3D ( 'NONE', #1253, #1133, #1016 ) ;
#377 = AXIS2_PLACEMENT_3D ( 'NONE', #1333, #313, #824 ) ;
#378 = VECTOR ( 'NONE', #9, 1000.000000000000000 ) ;
#379 = DIRECTION ( 'NONE',  ( 0.000000000000000000, -0.000000000000000000, 1.000000000000000000 ) ) ;
#380 = AXIS2_PLACEMENT_3D ( 'NONE', #709, #934, #1288 ) ;
#381 = DIRECTION ( 'NONE',  ( -0.000000000000000000, 1.000000000000000000, -0.000000000000000000 ) ) ;
#382 = ORIENTED_EDGE ( 'NONE', *, *, #349, .T. ) ;
#383 = EDGE_LOOP ( 'NONE', ( #1416, #891, #366, #20 ) ) ;
#384 = FACE_OUTER_BOUND ( 'NONE', #67, .T. ) ;
#385 = AXIS2_PLACEMENT_3D ( 'NONE', #265, #295, #1536 ) ;
#386 = EDGE_CURVE ( 'NONE', #14, #390, #1307, .T. ) ;
#387 = LINE ( 'NONE', #1072, #727 ) ;
#388 = DIRECTION ( 'NONE',  ( 0.000000000000000000, 0.000000000000000000, 1.000000000000000000 ) ) ;
#389 = DIRECTION ( 'NONE',  ( 0.000000000000000000, 1.000000000000000000, 0.000000000000000000 ) ) ;
#390 = VERTEX_POINT ( 'NONE', #1413 ) ;
#391 = ORIENTED_EDGE ( 'NONE', *, *, #1156, .T. ) ;
#392 = EDGE_CURVE ( 'NONE', #277, #551, #1589, .T. ) ;
#393 = CARTESIAN_POINT ( 'NONE',  ( 51.11285640384165418, -9.787043557220542311, 44.00000000000000000 ) ) ;
#394 = CARTESIAN_POINT ( 'NONE',  ( 24.82518364797984489, 0.000000000000000000, 29.00000037859228641 ) ) ;
#395 = FACE_OUTER_BOUND ( 'NONE', #708, .T. ) ;
#396 = DIRECTION ( 'NONE',  ( 0.000000000000000000, 0.000000000000000000, 1.000000000000000000 ) ) ;
#397 = ORIENTED_EDGE ( 'NONE', *, *, #573, .F. ) ;
#398 = CYLINDRICAL_SURFACE ( 'NONE', #1380, 1.500000000000001332 ) ;
#399 = DIRECTION ( 'NONE',  ( 1.000000000000000000, 0.000000000000000000, 0.000000000000000000 ) ) ;
#400 = AXIS2_PLACEMENT_3D ( 'NONE', #1572, #1094, #213 ) ;
#401 = EDGE_CURVE ( 'NONE', #790, #470, #1005, .T. ) ;
#402 = DIRECTION ( 'NONE',  ( 0.000000000000000000, 1.000000000000000000, 1.445602896647337191E-16 ) ) ;
#403 = AXIS2_PLACEMENT_3D ( 'NONE', #219, #965, #98 ) ;
#404 = EDGE_CURVE ( 'NONE', #1442, #813, #711, .T. ) ;
#405 =( NAMED_UNIT ( * ) PLANE_ANGLE_UNIT ( ) SI_UNIT ( $, .RADIAN. ) );
#406 = VERTEX_POINT ( 'NONE', #1297 ) ;
#407 = VECTOR ( 'NONE', #1009, 1000.000000000000000 ) ;
#408 = FACE_BOUND ( 'NONE', #248, .T. ) ;
#409 = VECTOR ( 'NONE', #1035, 1000.000000000000000 ) ;
#410 = AXIS2_PLACEMENT_3D ( 'NONE', #792, #894, #527 ) ;
#411 = DIRECTION ( 'NONE',  ( -0.000000000000000000, -0.000000000000000000, 1.000000000000000000 ) ) ;
#412 = DIRECTION ( 'NONE',  ( -0.000000000000000000, -0.000000000000000000, 1.000000000000000000 ) ) ;
#413 = CARTESIAN_POINT ( 'NONE',  ( 54.11285640384165418, -9.787043557220542311, 2.999899999999998901 ) ) ;
#414 = ORIENTED_EDGE ( 'NONE', *, *, #1514, .F. ) ;
#415 = ORIENTED_EDGE ( 'NONE', *, *, #208, .F. ) ;
#416 = ADVANCED_FACE ( 'NONE', ( #1200, #1569, #589, #190, #85, #1184, #1057 ), #1081, .T. ) ;
#417 = FACE_BOUND ( 'NONE', #1354, .T. ) ;
#418 = VERTEX_POINT ( 'NONE', #78 ) ;
#419 = ADVANCED_FACE ( 'NONE', ( #341 ), #1544, .F. ) ;
#420 = PRODUCT_DEFINITION_SHAPE ( 'NONE', 'NONE',  #748 ) ;
#421 = CARTESIAN_POINT ( 'NONE',  ( 38.50000000000000711, -28.00100000000000122, 31.99989999999999668 ) ) ;
#422 = DIRECTION ( 'NONE',  ( 0.000000000000000000, 0.000000000000000000, 1.000000000000000000 ) ) ;
#423 = ORIENTED_EDGE ( 'NONE', *, *, #401, .F. ) ;
#424 = VERTEX_POINT ( 'NONE', #449 ) ;
#425 = CARTESIAN_POINT ( 'NONE',  ( 24.82518364797984489, -1.999999999999998224, 16.50000037859228996 ) ) ;
#426 = DIRECTION ( 'NONE',  ( -0.000000000000000000, -0.000000000000000000, 1.000000000000000000 ) ) ;
#427 = ORIENTED_EDGE ( 'NONE', *, *, #666, .F. ) ;
#428 = ADVANCED_FACE ( 'NONE', ( #1439 ), #583, .F. ) ;
#429 = CARTESIAN_POINT ( 'NONE',  ( 40.99999999999999289, -14.00000000000000000, -0.0001000000000000000183 ) ) ;
#430 = DIRECTION ( 'NONE',  ( 0.000000000000000000, 1.084202172485504557E-16, -1.000000000000000000 ) ) ;
#431 = FACE_OUTER_BOUND ( 'NONE', #740, .T. ) ;
#432 = CARTESIAN_POINT ( 'NONE',  ( 0.000000000000000000, -26.00000000000000355, 2.999899999999997124 ) ) ;
#433 = CIRCLE ( 'NONE', #954, 1.499999999999999556 ) ;
#434 = ORIENTED_EDGE ( 'NONE', *, *, #880, .T. ) ;
#435 = EDGE_LOOP ( 'NONE', ( #588, #1321, #674, #1300 ) ) ;
#436 = DIRECTION ( 'NONE',  ( 0.000000000000000000, 0.000000000000000000, 1.000000000000000000 ) ) ;
#437 = VERTEX_POINT ( 'NONE', #1535 ) ;
#438 = CIRCLE ( 'NONE', #752, 3.000000000000006217 ) ;
#439 = EDGE_CURVE ( 'NONE', #950, #896, #335, .T. ) ;
#440 = AXIS2_PLACEMENT_3D ( 'NONE', #1050, #1417, #949 ) ;
#441 = CARTESIAN_POINT ( 'NONE',  ( 0.000000000000000000, 0.000000000000000000, -0.0001000000000000000183 ) ) ;
#442 = DIRECTION ( 'NONE',  ( -0.000000000000000000, -1.000000000000000000, -0.000000000000000000 ) ) ;
#443 = FACE_BOUND ( 'NONE', #1041, .T. ) ;
#444 = ORIENTED_EDGE ( 'NONE', *, *, #460, .T. ) ;
#445 = FACE_OUTER_BOUND ( 'NONE', #1529, .T. ) ;
#446 = ORIENTED_EDGE ( 'NONE', *, *, #1179, .F. ) ;
#447 = EDGE_CURVE ( 'NONE', #1137, #159, #1092, .T. ) ;
#448 = DIRECTION ( 'NONE',  ( 0.000000000000000000, 0.000000000000000000, 1.000000000000000000 ) ) ;
#449 = CARTESIAN_POINT ( 'NONE',  ( 24.82518364797984489, 0.000000000000000000, 13.50000037859228819 ) ) ;
#450 = DIRECTION ( 'NONE',  ( 0.000000000000000000, -1.000000000000000000, -8.462045097337846643E-17 ) ) ;
#451 = DIRECTION ( 'NONE',  ( -0.000000000000000000, -1.000000000000000000, -0.000000000000000000 ) ) ;
#452 = EDGE_LOOP ( 'NONE', ( #1391, #1210, #1000, #557 ) ) ;
#453 = CARTESIAN_POINT ( 'NONE',  ( 15.99999999999999289, -14.00000000000000000, 2.999899999999998457 ) ) ;
#454 = VERTEX_POINT ( 'NONE', #455 ) ;
#455 = CARTESIAN_POINT ( 'NONE',  ( 22.00000000000000711, -14.00000000000000000, 47.00000000000000000 ) ) ;
#456 = EDGE_CURVE ( 'NONE', #793, #221, #857, .T. ) ;
#457 = CARTESIAN_POINT ( 'NONE',  ( 3.006598868991715801, -19.78869994050758407, -0.0001000000000028755665 ) ) ;
#458 = DIRECTION ( 'NONE',  ( 0.000000000000000000, 1.000000000000000000, 0.000000000000000000 ) ) ;
#459 = ORIENTED_EDGE ( 'NONE', *, *, #1325, .F. ) ;
#460 = EDGE_CURVE ( 'NONE', #1477, #252, #926, .T. ) ;
#461 = CARTESIAN_POINT ( 'NONE',  ( 0.000000000000000000, -26.00000000000000711, 44.00000000000000000 ) ) ;
#462 = VERTEX_POINT ( 'NONE', #654 ) ;
#463 = VECTOR ( 'NONE', #108, 1000.000000000000000 ) ;
#464 = CIRCLE ( 'NONE', #884, 1.500000000000004885 ) ;
#465 = STYLED_ITEM ( 'NONE', ( #1255 ), #1228 ) ;
#466 = CIRCLE ( 'NONE', #385, 3.000000000000002665 ) ;
#467 = DIRECTION ( 'NONE',  ( 1.000000000000000000, 0.000000000000000000, 0.000000000000000000 ) ) ;
#468 = DIRECTION ( 'NONE',  ( 0.000000000000000000, 0.000000000000000000, 1.000000000000000000 ) ) ;
#469 = CARTESIAN_POINT ( 'NONE',  ( 31.50000000000000000, -1.999999999999998224, 26.49990000000000734 ) ) ;
#470 = VERTEX_POINT ( 'NONE', #810 ) ;
#471 = DIRECTION ( 'NONE',  ( -0.000000000000000000, 1.000000000000000000, -0.000000000000000000 ) ) ;
#472 = EDGE_LOOP ( 'NONE', ( #333, #1127, #1086, #1252 ) ) ;
#473 = PRODUCT_DEFINITION_CONTEXT ( 'detailed design', #272, 'design' ) ;
#474 = DIRECTION ( 'NONE',  ( 1.000000000000000000, 0.000000000000000000, 0.000000000000000000 ) ) ;
#475 = DIRECTION ( 'NONE',  ( -0.000000000000000000, 1.000000000000000000, -0.000000000000000000 ) ) ;
#476 = DIRECTION ( 'NONE',  ( 0.000000000000000000, 1.000000000000000000, 0.000000000000000000 ) ) ;
#477 = EDGE_LOOP ( 'NONE', ( #80, #1243 ) ) ;
#478 = CARTESIAN_POINT ( 'NONE',  ( 60.00000000000000000, 0.000000000000000000, -0.0001000000000000000183 ) ) ;
#479 = VERTEX_POINT ( 'NONE', #1046 ) ;
#480 = FACE_BOUND ( 'NONE', #1451, .T. ) ;
#481 = ADVANCED_FACE ( 'NONE', ( #1405 ), #1526, .F. ) ;
#482 = FACE_OUTER_BOUND ( 'NONE', #230, .T. ) ;
#483 = EDGE_LOOP ( 'NONE', ( #1018, #415, #670, #315 ) ) ;
#484 = FACE_OUTER_BOUND ( 'NONE', #1071, .T. ) ;
#485 = FACE_OUTER_BOUND ( 'NONE', #1522, .T. ) ;
#486 = ORIENTED_EDGE ( 'NONE', *, *, #1420, .F. ) ;
#487 = CARTESIAN_POINT ( 'NONE',  ( 0.000000000000000000, 0.000000000000000000, -0.0001000000000000000183 ) ) ;
#488 = CIRCLE ( 'NONE', #1377, 1.500000000000001332 ) ;
#489 = CIRCLE ( 'NONE', #826, 1.500000000000001332 ) ;
#490 = CIRCLE ( 'NONE', #698, 1.500000000000004885 ) ;
#491 = AXIS2_PLACEMENT_3D ( 'NONE', #487, #986, #1462 ) ;
#492 = VECTOR ( 'NONE', #471, 1000.000000000000000 ) ;
#493 = LINE ( 'NONE', #1453, #174 ) ;
#494 = DIRECTION ( 'NONE',  ( 0.000000000000000000, -1.000000000000000000, 0.000000000000000000 ) ) ;
#495 = CARTESIAN_POINT ( 'NONE',  ( 35.00000000000000000, -14.00000000000000000, 47.00000000000000000 ) ) ;
#496 = ORIENTED_EDGE ( 'NONE', *, *, #1267, .T. ) ;
#497 = VECTOR ( 'NONE', #1283, 1000.000000000000000 ) ;
#498 = CARTESIAN_POINT ( 'NONE',  ( 24.82518364797984489, 0.000000000000000000, 30.50000037859228996 ) ) ;
#499 = ORIENTED_EDGE ( 'NONE', *, *, #571, .F. ) ;
#500 = CARTESIAN_POINT ( 'NONE',  ( 31.50000000000000000, -28.00100000000000122, 24.99990000000000023 ) ) ;
#501 = EDGE_CURVE ( 'NONE', #276, #940, #788, .T. ) ;
#502 = DIRECTION ( 'NONE',  ( 0.000000000000000000, 0.000000000000000000, 1.000000000000000000 ) ) ;
#503 = ORIENTED_EDGE ( 'NONE', *, *, #860, .T. ) ;
#504 = EDGE_CURVE ( 'NONE', #1051, #173, #623, .T. ) ;
#505 = DIRECTION ( 'NONE',  ( 1.000000000000000000, 0.000000000000000000, 0.000000000000000000 ) ) ;
#506 = ORIENTED_EDGE ( 'NONE', *, *, #460, .F. ) ;
#507 = CARTESIAN_POINT ( 'NONE',  ( 2.449293598294706414E-16, -2.000000000000000000, 2.999900000000000233 ) ) ;
#508 = FACE_OUTER_BOUND ( 'NONE', #1323, .T. ) ;
#509 = ADVANCED_FACE ( 'NONE', ( #667 ), #282, .F. ) ;
#510 = APPLICATION_CONTEXT ( 'automotive_design' ) ;
#511 =( NAMED_UNIT ( * ) SI_UNIT ( $, .STERADIAN. ) SOLID_ANGLE_UNIT ( ) );
#512 = ORIENTED_EDGE ( 'NONE', *, *, #501, .T. ) ;
#513 = EDGE_CURVE ( 'NONE', #1078, #81, #1182, .T. ) ;
#514 = CARTESIAN_POINT ( 'NONE',  ( 52.61285640384165418, -19.78869994050758407, 2.999899999999998013 ) ) ;
#515 = AXIS2_PLACEMENT_3D ( 'NONE', #421, #799, #679 ) ;
#516 = CARTESIAN_POINT ( 'NONE',  ( 60.00000000000000000, -28.00000000000000000, -0.0001000000000000000183 ) ) ;
#517 = CIRCLE ( 'NONE', #302, 1.500000000000001332 ) ;
#518 = CARTESIAN_POINT ( 'NONE',  ( 52.61285640384165418, -9.787043557220542311, 44.00000000000000000 ) ) ;
#519 = VECTOR ( 'NONE', #1220, 1000.000000000000000 ) ;
#520 = CARTESIAN_POINT ( 'NONE',  ( 6.006598868991716245, -9.787043557220542311, -0.0001000000000028755665 ) ) ;
#521 = VERTEX_POINT ( 'NONE', #51 ) ;
#522 = CIRCLE ( 'NONE', #546, 1.500000000000001332 ) ;
#523 = DIRECTION ( 'NONE',  ( -0.000000000000000000, 1.000000000000000000, -0.000000000000000000 ) ) ;
#524 = ADVANCED_FACE ( 'NONE', ( #395 ), #920, .F. ) ;
#525 = CARTESIAN_POINT ( 'NONE',  ( 19.00000000000000000, -14.00000000000000000, 47.00000000000000000 ) ) ;
#526 = DIRECTION ( 'NONE',  ( 0.000000000000000000, 0.000000000000000000, 1.000000000000000000 ) ) ;
#527 = DIRECTION ( 'NONE',  ( 1.000000000000000000, 0.000000000000000000, 0.000000000000000000 ) ) ;
#528 = EDGE_LOOP ( 'NONE', ( #976, #923, #41, #836 ) ) ;
#529 = ORIENTED_EDGE ( 'NONE', *, *, #549, .T. ) ;
#530 = ADVANCED_FACE ( 'NONE', ( #431 ), #398, .F. ) ;
#531 = CYLINDRICAL_SURFACE ( 'NONE', #151, 1.500000000000001332 ) ;
#532 = CARTESIAN_POINT ( 'NONE',  ( 3.429011037612589276E-15, -28.00000000000000000, -0.0001000000000000000183 ) ) ;
#533 = EDGE_CURVE ( 'NONE', #1378, #390, #1258, .T. ) ;
#534 = ORIENTED_EDGE ( 'NONE', *, *, #1281, .F. ) ;
#535 = CARTESIAN_POINT ( 'NONE',  ( 52.61285640384165418, -19.78869994050758407, 2.999899999999998013 ) ) ;
#536 = CYLINDRICAL_SURFACE ( 'NONE', #1131, 1.499999999999999556 ) ;
#537 = DIRECTION ( 'NONE',  ( 1.000000000000000000, 0.000000000000000000, 0.000000000000000000 ) ) ;
#538 = CARTESIAN_POINT ( 'NONE',  ( 3.006598868991717133, -9.787043557220542311, -0.0001000000000028755665 ) ) ;
#539 = CIRCLE ( 'NONE', #1004, 3.000000000000002665 ) ;
#540 = CARTESIAN_POINT ( 'NONE',  ( 52.61285640384165418, -9.787043557220542311, -0.0001000000000028755665 ) ) ;
#541 = ORIENTED_EDGE ( 'NONE', *, *, #456, .T. ) ;
#542 = ORIENTED_EDGE ( 'NONE', *, *, #1325, .T. ) ;
#543 = AXIS2_PLACEMENT_3D ( 'NONE', #998, #254, #770 ) ;
#544 = FACE_BOUND ( 'NONE', #331, .T. ) ;
#545 = EDGE_LOOP ( 'NONE', ( #129, #512, #1540, #868 ) ) ;
#546 = AXIS2_PLACEMENT_3D ( 'NONE', #1344, #590, #468 ) ;
#547 = DIRECTION ( 'NONE',  ( 0.000000000000000000, 1.000000000000000000, 0.000000000000000000 ) ) ;
#548 = CARTESIAN_POINT ( 'NONE',  ( 19.00000000000000000, -14.00000000000000000, 2.999899999999998457 ) ) ;
#549 = EDGE_CURVE ( 'NONE', #991, #34, #641, .T. ) ;
#550 = DIRECTION ( 'NONE',  ( -0.000000000000000000, -0.000000000000000000, 1.000000000000000000 ) ) ;
#551 = VERTEX_POINT ( 'NONE', #659 ) ;
#552 = ORIENTED_EDGE ( 'NONE', *, *, #1373, .T. ) ;
#553 = ORIENTED_EDGE ( 'NONE', *, *, #1245, .T. ) ;
#554 = CYLINDRICAL_SURFACE ( 'NONE', #72, 5.999999999999991118 ) ;
#555 = DIRECTION ( 'NONE',  ( -0.000000000000000000, -0.000000000000000000, 1.000000000000000000 ) ) ;
#556 = ORIENTED_EDGE ( 'NONE', *, *, #809, .F. ) ;
#557 = ORIENTED_EDGE ( 'NONE', *, *, #912, .T. ) ;
#558 = EDGE_CURVE ( 'NONE', #406, #276, #776, .T. ) ;
#559 = PLANE ( 'NONE',  #440 ) ;
#560 = ORIENTED_EDGE ( 'NONE', *, *, #1317, .T. ) ;
#561 = ADVANCED_FACE ( 'NONE', ( #1139 ), #531, .F. ) ;
#562 = CARTESIAN_POINT ( 'NONE',  ( 4.506598868991717133, -9.787043557220542311, 47.00000000000000000 ) ) ;
#563 = DIRECTION ( 'NONE',  ( 1.000000000000000000, 0.000000000000000000, 0.000000000000000000 ) ) ;
#564 = AXIS2_PLACEMENT_3D ( 'NONE', #1465, #142, #11 ) ;
#565 = ORIENTED_EDGE ( 'NONE', *, *, #1128, .F. ) ;
#566 = EDGE_LOOP ( 'NONE', ( #1498, #238 ) ) ;
#567 = DIRECTION ( 'NONE',  ( -0.000000000000000000, -0.000000000000000000, 1.000000000000000000 ) ) ;
#568 = EDGE_LOOP ( 'NONE', ( #363, #853, #1069, #233 ) ) ;
#569 = DIRECTION ( 'NONE',  ( -0.000000000000000000, -0.000000000000000000, 1.000000000000000000 ) ) ;
#570 = AXIS2_PLACEMENT_3D ( 'NONE', #7, #1593, #505 ) ;
#571 = EDGE_CURVE ( 'NONE', #879, #34, #138, .T. ) ;
#572 = VECTOR ( 'NONE', #184, 1000.000000000000000 ) ;
#573 = EDGE_CURVE ( 'NONE', #192, #418, #881, .T. ) ;
#574 = CARTESIAN_POINT ( 'NONE',  ( 40.99999999999999289, -14.00000000000000000, 44.00000000000000000 ) ) ;
#575 = CARTESIAN_POINT ( 'NONE',  ( 3.006598868991715801, -19.78869994050758407, 44.00000000000000000 ) ) ;
#576 = LINE ( 'NONE', #1298, #1262 ) ;
#577 = ORIENTED_EDGE ( 'NONE', *, *, #1212, .T. ) ;
#578 = ORIENTED_EDGE ( 'NONE', *, *, #677, .F. ) ;
#579 = FACE_OUTER_BOUND ( 'NONE', #1036, .T. ) ;
#580 = ORIENTED_EDGE ( 'NONE', *, *, #456, .F. ) ;
#581 = ADVANCED_FACE ( 'NONE', ( #676 ), #554, .F. ) ;
#582 = EDGE_CURVE ( 'NONE', #170, #1502, #985, .T. ) ;
#583 = CYLINDRICAL_SURFACE ( 'NONE', #829, 1.500000000000001332 ) ;
#584 = PLANE ( 'NONE',  #783 ) ;
#585 = CYLINDRICAL_SURFACE ( 'NONE', #640, 3.000000000000006217 ) ;
#586 = ORIENTED_EDGE ( 'NONE', *, *, #899, .F. ) ;
#587 = FACE_BOUND ( 'NONE', #1565, .T. ) ;
#588 = ORIENTED_EDGE ( 'NONE', *, *, #263, .F. ) ;
#589 = FACE_BOUND ( 'NONE', #635, .T. ) ;
#590 = DIRECTION ( 'NONE',  ( 0.000000000000000000, 1.000000000000000000, 0.000000000000000000 ) ) ;
#591 = CARTESIAN_POINT ( 'NONE',  ( 51.11285640384165418, -19.78869994050758407, -0.0001000000000028755665 ) ) ;
#592 = ORIENTED_EDGE ( 'NONE', *, *, #860, .F. ) ;
#593 = AXIS2_PLACEMENT_3D ( 'NONE', #343, #1564, #237 ) ;
#594 = DIRECTION ( 'NONE',  ( -0.000000000000000000, 1.000000000000000000, 1.084202172485504434E-16 ) ) ;
#595 = VERTEX_POINT ( 'NONE', #1279 ) ;
#596 = AXIS2_PLACEMENT_3D ( 'NONE', #1066, #1326, #467 ) ;
#597 = AXIS2_PLACEMENT_3D ( 'NONE', #82, #1539, #1531 ) ;
#598 = CIRCLE ( 'NONE', #328, 1.500000000000004885 ) ;
#599 = AXIS2_PLACEMENT_3D ( 'NONE', #288, #765, #164 ) ;
#600 = DIRECTION ( 'NONE',  ( -0.000000000000000000, 1.000000000000000000, -0.000000000000000000 ) ) ;
#601 = DIRECTION ( 'NONE',  ( 0.000000000000000000, 0.000000000000000000, 1.000000000000000000 ) ) ;
#602 = FACE_BOUND ( 'NONE', #266, .T. ) ;
#603 = EDGE_LOOP ( 'NONE', ( #1122, #534 ) ) ;
#604 = DIRECTION ( 'NONE',  ( 1.000000000000000000, 0.000000000000000000, -0.000000000000000000 ) ) ;
#605 = EDGE_LOOP ( 'NONE', ( #922, #1568 ) ) ;
#606 = EDGE_CURVE ( 'NONE', #1410, #1110, #490, .T. ) ;
#607 = CARTESIAN_POINT ( 'NONE',  ( 52.61285640384165418, -19.78869994050758407, -0.0001000000000028755665 ) ) ;
#608 = LINE ( 'NONE', #1577, #1211 ) ;
#609 = SURFACE_STYLE_USAGE ( .BOTH. , #1217 ) ;
#610 = DIRECTION ( 'NONE',  ( 0.000000000000000000, 1.084202172485504557E-16, -1.000000000000000000 ) ) ;
#611 = ORIENTED_EDGE ( 'NONE', *, *, #1245, .F. ) ;
#612 = SURFACE_SIDE_STYLE ('',( #110 ) ) ;
#613 = ORIENTED_EDGE ( 'NONE', *, *, #1098, .T. ) ;
#614 = FACE_OUTER_BOUND ( 'NONE', #6, .T. ) ;
#615 = EDGE_CURVE ( 'NONE', #373, #1126, #1427, .T. ) ;
#616 = CARTESIAN_POINT ( 'NONE',  ( 54.11285640384165418, -19.78869994050758407, -0.0001000000000028755665 ) ) ;
#617 = FACE_OUTER_BOUND ( 'NONE', #1360, .T. ) ;
#618 = ORIENTED_EDGE ( 'NONE', *, *, #677, .T. ) ;
#619 = DIRECTION ( 'NONE',  ( 1.000000000000000000, 0.000000000000000000, 0.000000000000000000 ) ) ;
#620 = ORIENTED_EDGE ( 'NONE', *, *, #821, .T. ) ;
#621 = AXIS2_PLACEMENT_3D ( 'NONE', #1456, #862, #1553 ) ;
#622 = ADVANCED_FACE ( 'NONE', ( #235 ), #1223, .F. ) ;
#623 = CIRCLE ( 'NONE', #1130, 3.000000000000004441 ) ;
#624 = CIRCLE ( 'NONE', #643, 1.499999999999999556 ) ;
#625 = DIRECTION ( 'NONE',  ( -0.000000000000000000, 1.000000000000000000, -0.000000000000000000 ) ) ;
#626 = DIRECTION ( 'NONE',  ( 0.000000000000000000, 0.000000000000000000, 1.000000000000000000 ) ) ;
#627 = EDGE_LOOP ( 'NONE', ( #423, #1108, #1357, #745 ) ) ;
#628 = DIRECTION ( 'NONE',  ( 0.000000000000000000, 0.000000000000000000, 1.000000000000000000 ) ) ;
#629 = ORIENTED_EDGE ( 'NONE', *, *, #360, .F. ) ;
#630 = ADVANCED_FACE ( 'NONE', ( #1093 ), #1334, .F. ) ;
#631 = CARTESIAN_POINT ( 'NONE',  ( 52.61285640384165418, -19.78869994050758407, 47.00000000000000000 ) ) ;
#632 = DIRECTION ( 'NONE',  ( 1.000000000000000000, 0.000000000000000000, 0.000000000000000000 ) ) ;
#633 = EDGE_CURVE ( 'NONE', #479, #55, #249, .T. ) ;
#634 = CYLINDRICAL_SURFACE ( 'NONE', #1508, 1.500000000000004885 ) ;
#635 = EDGE_LOOP ( 'NONE', ( #289, #165 ) ) ;
#636 = LINE ( 'NONE', #897, #198 ) ;
#637 = CARTESIAN_POINT ( 'NONE',  ( 44.00000000000000000, -14.00000000000000000, -0.0001000000000000007366 ) ) ;
#638 = CARTESIAN_POINT ( 'NONE',  ( 38.50000000000000000, 0.000000000000000000, 17.99990000000000023 ) ) ;
#639 = ORIENTED_EDGE ( 'NONE', *, *, #1316, .F. ) ;
#640 = AXIS2_PLACEMENT_3D ( 'NONE', #1101, #955, #1218 ) ;
#641 = CIRCLE ( 'NONE', #1029, 5.999999999999991118 ) ;
#642 = CARTESIAN_POINT ( 'NONE',  ( 6.006598868991717133, -19.78869994050758407, -0.0001000000000028755665 ) ) ;
#643 = AXIS2_PLACEMENT_3D ( 'NONE', #200, #58, #1296 ) ;
#644 = DIRECTION ( 'NONE',  ( -0.000000000000000000, -0.000000000000000000, 1.000000000000000000 ) ) ;
#645 = CIRCLE ( 'NONE', #303, 3.000000000000006217 ) ;
#646 = VERTEX_POINT ( 'NONE', #507 ) ;
#647 = CIRCLE ( 'NONE', #24, 1.500000000000001332 ) ;
#648 = EDGE_LOOP ( 'NONE', ( #1426, #171 ) ) ;
#649 = EDGE_CURVE ( 'NONE', #437, #551, #132, .T. ) ;
#650 = EDGE_CURVE ( 'NONE', #1078, #1292, #368, .T. ) ;
#651 = CARTESIAN_POINT ( 'NONE',  ( 52.61285640384165418, -19.78869994050758407, 44.00000000000000000 ) ) ;
#652 = DIRECTION ( 'NONE',  ( 1.000000000000000000, 0.000000000000000000, 0.000000000000000000 ) ) ;
#653 = FACE_OUTER_BOUND ( 'NONE', #803, .T. ) ;
#654 = CARTESIAN_POINT ( 'NONE',  ( 51.11285640384165418, -9.787043557220542311, -0.0001000000000028755665 ) ) ;
#655 = CARTESIAN_POINT ( 'NONE',  ( 38.50000000000000711, 0.000000000000000000, 31.99989999999999668 ) ) ;
#656 = ORIENTED_EDGE ( 'NONE', *, *, #217, .F. ) ;
#657 = ORIENTED_EDGE ( 'NONE', *, *, #1, .T. ) ;
#658 = CARTESIAN_POINT ( 'NONE',  ( 38.50000000000000000, -1.999999999999998224, 16.49989999999999313 ) ) ;
#659 = CARTESIAN_POINT ( 'NONE',  ( 54.11285640384165418, -19.78869994050758407, 47.00000000000000000 ) ) ;
#660 = CARTESIAN_POINT ( 'NONE',  ( 19.00000000000000000, -14.00000000000000000, -0.0001000000000000000183 ) ) ;
#661 = DIRECTION ( 'NONE',  ( 0.000000000000000000, 0.000000000000000000, 1.000000000000000000 ) ) ;
#662 = ORIENTED_EDGE ( 'NONE', *, *, #209, .F. ) ;
#663 = ORIENTED_EDGE ( 'NONE', *, *, #5, .F. ) ;
#664 = DIRECTION ( 'NONE',  ( 0.000000000000000000, 0.000000000000000000, 1.000000000000000000 ) ) ;
#665 = DIRECTION ( 'NONE',  ( 1.000000000000000000, 0.000000000000000000, 0.000000000000000000 ) ) ;
#666 = EDGE_CURVE ( 'NONE', #856, #1205, #493, .T. ) ;
#667 = FACE_OUTER_BOUND ( 'NONE', #1040, .T. ) ;
#668 = AXIS2_PLACEMENT_3D ( 'NONE', #394, #898, #1374 ) ;
#669 = DIRECTION ( 'NONE',  ( 1.000000000000000000, -0.000000000000000000, -0.000000000000000000 ) ) ;
#670 = ORIENTED_EDGE ( 'NONE', *, *, #751, .T. ) ;
#671 = VERTEX_POINT ( 'NONE', #100 ) ;
#672 = VECTOR ( 'NONE', #785, 1000.000000000000000 ) ;
#673 = AXIS2_PLACEMENT_3D ( 'NONE', #977, #247, #746 ) ;
#674 = ORIENTED_EDGE ( 'NONE', *, *, #1401, .T. ) ;
#675 = CIRCLE ( 'NONE', #1435, 1.500000000000001332 ) ;
#676 = FACE_OUTER_BOUND ( 'NONE', #383, .T. ) ;
#677 = EDGE_CURVE ( 'NONE', #1515, #1265, #608, .T. ) ;
#678 = LINE ( 'NONE', #1165, #832 ) ;
#679 = DIRECTION ( 'NONE',  ( 0.000000000000000000, 0.000000000000000000, 1.000000000000000000 ) ) ;
#680 = EDGE_CURVE ( 'NONE', #551, #277, #777, .T. ) ;
#681 = DIRECTION ( 'NONE',  ( 0.000000000000000000, 0.000000000000000000, 1.000000000000000000 ) ) ;
#682 = DIRECTION ( 'NONE',  ( 0.000000000000000000, 1.000000000000000000, 0.000000000000000000 ) ) ;
#683 = EDGE_LOOP ( 'NONE', ( #795, #205 ) ) ;
#684 = DIRECTION ( 'NONE',  ( -1.000000000000000000, 0.000000000000000000, 0.000000000000000000 ) ) ;
#685 = VERTEX_POINT ( 'NONE', #742 ) ;
#686 = DIRECTION ( 'NONE',  ( 0.000000000000000000, -0.000000000000000000, 1.000000000000000000 ) ) ;
#687 = FACE_BOUND ( 'NONE', #1144, .T. ) ;
#688 = VERTEX_POINT ( 'NONE', #1570 ) ;
#689 = ORIENTED_EDGE ( 'NONE', *, *, #1375, .T. ) ;
#690 = CARTESIAN_POINT ( 'NONE',  ( 24.82518364797984489, -28.00100000000000122, 13.50000037859228819 ) ) ;
#691 = VERTEX_POINT ( 'NONE', #974 ) ;
#692 = CIRCLE ( 'NONE', #400, 1.500000000000001332 ) ;
#693 = DIRECTION ( 'NONE',  ( 0.000000000000000000, 0.000000000000000000, 1.000000000000000000 ) ) ;
#694 = LINE ( 'NONE', #929, #304 ) ;
#695 = VECTOR ( 'NONE', #1141, 1000.000000000000000 ) ;
#696 = ORIENTED_EDGE ( 'NONE', *, *, #606, .F. ) ;
#697 = ORIENTED_EDGE ( 'NONE', *, *, #1105, .F. ) ;
#698 = AXIS2_PLACEMENT_3D ( 'NONE', #57, #2, #849 ) ;
#699 = LINE ( 'NONE', #1204, #156 ) ;
#700 = ORIENTED_EDGE ( 'NONE', *, *, #741, .F. ) ;
#701 = AXIS2_PLACEMENT_3D ( 'NONE', #574, #177, #1074 ) ;
#702 = CIRCLE ( 'NONE', #728, 3.000000000000006217 ) ;
#703 = ADVANCED_FACE ( 'NONE', ( #243 ), #120, .F. ) ;
#704 =( GEOMETRIC_REPRESENTATION_CONTEXT ( 3 ) GLOBAL_UNCERTAINTY_ASSIGNED_CONTEXT ( ( #1056 ) ) GLOBAL_UNIT_ASSIGNED_CONTEXT ( ( #336, #719, #850 ) ) REPRESENTATION_CONTEXT ( 'NONE', 'WORKASPACE' ) );
#705 = DIRECTION ( 'NONE',  ( 1.224646799147353207E-16, -1.000000000000000000, 0.000000000000000000 ) ) ;
#706 = DIRECTION ( 'NONE',  ( 0.000000000000000000, -0.000000000000000000, 1.000000000000000000 ) ) ;
#707 = CARTESIAN_POINT ( 'NONE',  ( 15.99999999999999289, -14.00000000000000000, -0.0001000000000000000183 ) ) ;
#708 = EDGE_LOOP ( 'NONE', ( #1491, #246, #843, #1348 ) ) ;
#709 = CARTESIAN_POINT ( 'NONE',  ( 24.82518364797984489, -1.999999999999998224, 15.00000037859228819 ) ) ;
#710 = ORIENTED_EDGE ( 'NONE', *, *, #1401, .F. ) ;
#711 = LINE ( 'NONE', #441, #903 ) ;
#712 = CARTESIAN_POINT ( 'NONE',  ( 40.99999999999999289, -14.00000000000000000, 2.999900000000000233 ) ) ;
#713 = EDGE_LOOP ( 'NONE', ( #663, #1538, #956, #773 ) ) ;
#714 = CARTESIAN_POINT ( 'NONE',  ( 46.99999999999998579, -14.00000000000000000, 47.00000000000000000 ) ) ;
#715 = ORIENTED_EDGE ( 'NONE', *, *, #721, .F. ) ;
#716 = CARTESIAN_POINT ( 'NONE',  ( 0.000000000000000000, 0.000000000000000000, -0.0001000000000000000183 ) ) ;
#717 = DIRECTION ( 'NONE',  ( -1.000000000000000000, 0.000000000000000000, 0.000000000000000000 ) ) ;
#718 = DIRECTION ( 'NONE',  ( 0.000000000000000000, 0.000000000000000000, 1.000000000000000000 ) ) ;
#719 =( NAMED_UNIT ( * ) PLANE_ANGLE_UNIT ( ) SI_UNIT ( $, .RADIAN. ) );
#720 = DIRECTION ( 'NONE',  ( 0.000000000000000000, 0.000000000000000000, -1.000000000000000000 ) ) ;
#721 = EDGE_CURVE ( 'NONE', #691, #462, #1308, .T. ) ;
#722 = ORIENTED_EDGE ( 'NONE', *, *, #504, .T. ) ;
#723 = VECTOR ( 'NONE', #149, 1000.000000000000000 ) ;
#724 = CYLINDRICAL_SURFACE ( 'NONE', #1434, 1.500000000000001332 ) ;
#725 = ORIENTED_EDGE ( 'NONE', *, *, #1355, .T. ) ;
#726 = VECTOR ( 'NONE', #937, 1000.000000000000000 ) ;
#727 = VECTOR ( 'NONE', #1154, 1000.000000000000000 ) ;
#728 = AXIS2_PLACEMENT_3D ( 'NONE', #255, #1242, #1096 ) ;
#729 = VECTOR ( 'NONE', #1067, 1000.000000000000000 ) ;
#730 = EDGE_CURVE ( 'NONE', #193, #437, #517, .T. ) ;
#731 = CARTESIAN_POINT ( 'NONE',  ( 24.82518364797984489, -28.00100000000000122, 15.00000037859228819 ) ) ;
#732 = FILL_AREA_STYLE ('',( #1571 ) ) ;
#733 = CARTESIAN_POINT ( 'NONE',  ( 44.00000000000000000, -14.00000000000000000, 2.999900000000000233 ) ) ;
#734 = EDGE_LOOP ( 'NONE', ( #1437, #324 ) ) ;
#735 = CARTESIAN_POINT ( 'NONE',  ( 6.006598868991717133, -19.78869994050758407, 44.00000000000000000 ) ) ;
#736 = ORIENTED_EDGE ( 'NONE', *, *, #73, .F. ) ;
#737 = CARTESIAN_POINT ( 'NONE',  ( 4.506598868991717133, -9.787043557220542311, 2.999899999999998901 ) ) ;
#738 = ORIENTED_EDGE ( 'NONE', *, *, #741, .T. ) ;
#739 = DIRECTION ( 'NONE',  ( -0.000000000000000000, -0.000000000000000000, 1.000000000000000000 ) ) ;
#740 = EDGE_LOOP ( 'NONE', ( #1169, #838, #993, #639 ) ) ;
#741 = EDGE_CURVE ( 'NONE', #173, #1051, #175, .T. ) ;
#742 = CARTESIAN_POINT ( 'NONE',  ( 3.006598868991715801, -19.78869994050758407, 47.00000000000000000 ) ) ;
#743 = PRESENTATION_STYLE_ASSIGNMENT (( #609 ) ) ;
#744 = LINE ( 'NONE', #1494, #774 ) ;
#745 = ORIENTED_EDGE ( 'NONE', *, *, #839, .F. ) ;
#746 = DIRECTION ( 'NONE',  ( 1.000000000000000000, 0.000000000000000000, 0.000000000000000000 ) ) ;
#747 = ORIENTED_EDGE ( 'NONE', *, *, #1020, .F. ) ;
#748 = PRODUCT_DEFINITION ( '未知', '', #888, #473 ) ;
#749 = AXIS2_PLACEMENT_3D ( 'NONE', #1579, #981, #229 ) ;
#750 = VECTOR ( 'NONE', #1119, 1000.000000000000000 ) ;
#751 = EDGE_CURVE ( 'NONE', #1330, #791, #47, .T. ) ;
#752 = AXIS2_PLACEMENT_3D ( 'NONE', #951, #448, #944 ) ;
#753 = AXIS2_PLACEMENT_3D ( 'NONE', #365, #1476, #1353 ) ;
#754 = DIRECTION ( 'NONE',  ( -0.000000000000000000, -0.000000000000000000, 1.000000000000000000 ) ) ;
#755 = CARTESIAN_POINT ( 'NONE',  ( 51.11285640384165418, -19.78869994050758407, 47.00000000000000000 ) ) ;
#756 = ORIENTED_EDGE ( 'NONE', *, *, #1052, .F. ) ;
#757 = AXIS2_PLACEMENT_3D ( 'NONE', #432, #450, #946 ) ;
#758 = CARTESIAN_POINT ( 'NONE',  ( 24.82518364797984489, 0.000000000000000000, 27.50000037859228641 ) ) ;
#759 = CYLINDRICAL_SURFACE ( 'NONE', #570, 1.500000000000001332 ) ;
#760 = ORIENTED_EDGE ( 'NONE', *, *, #1523, .T. ) ;
#761 = ORIENTED_EDGE ( 'NONE', *, *, #1128, .T. ) ;
#762 = FACE_BOUND ( 'NONE', #890, .T. ) ;
#763 = DIRECTION ( 'NONE',  ( 0.000000000000000000, 0.000000000000000000, 1.000000000000000000 ) ) ;
#764 = FACE_BOUND ( 'NONE', #605, .T. ) ;
#765 = DIRECTION ( 'NONE',  ( -0.000000000000000000, 1.000000000000000000, -0.000000000000000000 ) ) ;
#766 = ORIENTED_EDGE ( 'NONE', *, *, #73, .T. ) ;
#767 = EDGE_LOOP ( 'NONE', ( #901, #1385 ) ) ;
#768 = LINE ( 'NONE', #1524, #672 ) ;
#769 = DIRECTION ( 'NONE',  ( -0.000000000000000000, -0.000000000000000000, 1.000000000000000000 ) ) ;
#770 = DIRECTION ( 'NONE',  ( 1.000000000000000000, 0.000000000000000000, 0.000000000000000000 ) ) ;
#771 = EDGE_CURVE ( 'NONE', #1126, #521, #1146, .T. ) ;
#772 = EDGE_LOOP ( 'NONE', ( #1518, #542 ) ) ;
#773 = ORIENTED_EDGE ( 'NONE', *, *, #155, .T. ) ;
#774 = VECTOR ( 'NONE', #644, 1000.000000000000000 ) ;
#775 = DIRECTION ( 'NONE',  ( 1.000000000000000000, 0.000000000000000000, 0.000000000000000000 ) ) ;
#776 = CIRCLE ( 'NONE', #1111, 1.500000000000001332 ) ;
#777 = CIRCLE ( 'NONE', #350, 1.500000000000001332 ) ;
#778 = DIRECTION ( 'NONE',  ( 1.000000000000000000, 0.000000000000000000, 0.000000000000000000 ) ) ;
#779 = EDGE_CURVE ( 'NONE', #1292, #454, #74, .T. ) ;
#780 = CIRCLE ( 'NONE', #99, 1.500000000000004885 ) ;
#781 = FACE_OUTER_BOUND ( 'NONE', #713, .T. ) ;
#782 = ORIENTED_EDGE ( 'NONE', *, *, #1424, .F. ) ;
#783 = AXIS2_PLACEMENT_3D ( 'NONE', #307, #706, #801 ) ;
#784 = EDGE_CURVE ( 'NONE', #813, #819, #1238, .T. ) ;
#785 = DIRECTION ( 'NONE',  ( -1.000000000000000000, -0.000000000000000000, -0.000000000000000000 ) ) ;
#786 = CARTESIAN_POINT ( 'NONE',  ( 60.00000000000000000, 0.000000000000000000, 47.00000000000000000 ) ) ;
#787 = DIRECTION ( 'NONE',  ( 0.000000000000000000, -0.000000000000000000, 1.000000000000000000 ) ) ;
#788 = LINE ( 'NONE', #163, #225 ) ;
#789 = DIRECTION ( 'NONE',  ( 0.000000000000000000, 0.000000000000000000, 1.000000000000000000 ) ) ;
#790 = VERTEX_POINT ( 'NONE', #393 ) ;
#791 = VERTEX_POINT ( 'NONE', #885 ) ;
#792 = CARTESIAN_POINT ( 'NONE',  ( 4.506598868991717133, -19.78869994050758407, -0.0001000000000028755665 ) ) ;
#793 = VERTEX_POINT ( 'NONE', #1365 ) ;
#794 = ORIENTED_EDGE ( 'NONE', *, *, #936, .F. ) ;
#795 = ORIENTED_EDGE ( 'NONE', *, *, #680, .F. ) ;
#796 = EDGE_CURVE ( 'NONE', #153, #223, #16, .T. ) ;
#797 = CARTESIAN_POINT ( 'NONE',  ( 31.50000000000000000, -1.999999999999998224, 24.99990000000000023 ) ) ;
#798 = EDGE_CURVE ( 'NONE', #1162, #153, #904, .T. ) ;
#799 = DIRECTION ( 'NONE',  ( -0.000000000000000000, 1.000000000000000000, -0.000000000000000000 ) ) ;
#800 = AXIS2_PLACEMENT_3D ( 'NONE', #607, #567, #206 ) ;
#801 = DIRECTION ( 'NONE',  ( 1.000000000000000000, 0.000000000000000000, -0.000000000000000000 ) ) ;
#802 = DIRECTION ( 'NONE',  ( -0.000000000000000000, -0.000000000000000000, 1.000000000000000000 ) ) ;
#803 = EDGE_LOOP ( 'NONE', ( #105, #552, #1573, #1389 ) ) ;
#804 = AXIS2_PLACEMENT_3D ( 'NONE', #1314, #95, #1436 ) ;
#805 = DIRECTION ( 'NONE',  ( 0.000000000000000000, 1.084202172485504557E-16, -1.000000000000000000 ) ) ;
#806 = FACE_OUTER_BOUND ( 'NONE', #152, .T. ) ;
#807 = ORIENTED_EDGE ( 'NONE', *, *, #779, .F. ) ;
#808 = AXIS2_PLACEMENT_3D ( 'NONE', #342, #494, #841 ) ;
#809 = EDGE_CURVE ( 'NONE', #1303, #1378, #636, .T. ) ;
#810 = CARTESIAN_POINT ( 'NONE',  ( 54.11285640384165418, -9.787043557220542311, 44.00000000000000000 ) ) ;
#811 = CARTESIAN_POINT ( 'NONE',  ( 0.000000000000000000, -26.00000000000000355, 2.999899999999997124 ) ) ;
#812 = LINE ( 'NONE', #157, #1358 ) ;
#813 = VERTEX_POINT ( 'NONE', #532 ) ;
#814 = DIRECTION ( 'NONE',  ( 0.000000000000000000, 0.000000000000000000, -1.000000000000000000 ) ) ;
#815 = ORIENTED_EDGE ( 'NONE', *, *, #582, .F. ) ;
#816 = DIRECTION ( 'NONE',  ( 0.000000000000000000, 0.000000000000000000, 1.000000000000000000 ) ) ;
#817 = ADVANCED_FACE ( 'NONE', ( #1021 ), #161, .F. ) ;
#818 = CARTESIAN_POINT ( 'NONE',  ( 22.00000000000000711, -14.00000000000000000, -0.0001000000000000000183 ) ) ;
#819 = VERTEX_POINT ( 'NONE', #516 ) ;
#820 = VERTEX_POINT ( 'NONE', #538 ) ;
#821 = EDGE_CURVE ( 'NONE', #94, #309, #1487, .T. ) ;
#822 = LINE ( 'NONE', #332, #1342 ) ;
#823 = EDGE_LOOP ( 'NONE', ( #560, #256, #766, #1547 ) ) ;
#824 = DIRECTION ( 'NONE',  ( 0.000000000000000000, 0.000000000000000000, 1.000000000000000000 ) ) ;
#825 = FACE_BOUND ( 'NONE', #96, .T. ) ;
#826 = AXIS2_PLACEMENT_3D ( 'NONE', #362, #763, #632 ) ;
#827 = DIRECTION ( 'NONE',  ( 1.000000000000000000, 0.000000000000000000, 0.000000000000000000 ) ) ;
#828 = ORIENTED_EDGE ( 'NONE', *, *, #404, .T. ) ;
#829 = AXIS2_PLACEMENT_3D ( 'NONE', #64, #1075, #973 ) ;
#830 = CARTESIAN_POINT ( 'NONE',  ( 6.006598868991717133, -19.78869994050758407, 2.999899999999998013 ) ) ;
#831 = ORIENTED_EDGE ( 'NONE', *, *, #1198, .T. ) ;
#832 = VECTOR ( 'NONE', #1045, 1000.000000000000000 ) ;
#833 = CARTESIAN_POINT ( 'NONE',  ( 15.99999999999999289, -14.00000000000000000, -0.0001000000000000000183 ) ) ;
#834 = FACE_OUTER_BOUND ( 'NONE', #1232, .T. ) ;
#835 = DIRECTION ( 'NONE',  ( 0.000000000000000000, 1.000000000000000000, 1.084202172485504557E-16 ) ) ;
#836 = ORIENTED_EDGE ( 'NONE', *, *, #1149, .F. ) ;
#837 = CYLINDRICAL_SURFACE ( 'NONE', #597, 1.499999999999999556 ) ;
#838 = ORIENTED_EDGE ( 'NONE', *, *, #1160, .T. ) ;
#839 = EDGE_CURVE ( 'NONE', #470, #1068, #387, .T. ) ;
#840 = CARTESIAN_POINT ( 'NONE',  ( 38.50000000000000000, -28.00100000000000122, 16.49989999999999313 ) ) ;
#841 = DIRECTION ( 'NONE',  ( 0.000000000000000000, -0.000000000000000000, -1.000000000000000000 ) ) ;
#842 = FACE_OUTER_BOUND ( 'NONE', #823, .T. ) ;
#843 = ORIENTED_EDGE ( 'NONE', *, *, #809, .T. ) ;
#844 = FILL_AREA_STYLE ('',( #339 ) ) ;
#845 = ORIENTED_EDGE ( 'NONE', *, *, #1034, .T. ) ;
#846 = ADVANCED_FACE ( 'NONE', ( #1287, #259, #234, #762, #480, #614 ), #1584, .T. ) ;
#847 = EDGE_CURVE ( 'NONE', #1433, #982, #1430, .T. ) ;
#848 = CARTESIAN_POINT ( 'NONE',  ( 4.506598868991717133, -9.787043557220542311, 44.00000000000000000 ) ) ;
#849 = DIRECTION ( 'NONE',  ( 0.000000000000000000, 0.000000000000000000, 1.000000000000000000 ) ) ;
#850 =( NAMED_UNIT ( * ) SI_UNIT ( $, .STERADIAN. ) SOLID_ANGLE_UNIT ( ) );
#851 = CARTESIAN_POINT ( 'NONE',  ( 0.000000000000000000, -2.000000000000000000, 2.999899999999999789 ) ) ;
#852 = CIRCLE ( 'NONE', #148, 1.500000000000004885 ) ;
#853 = ORIENTED_EDGE ( 'NONE', *, *, #1170, .F. ) ;
#854 = ADVANCED_FACE ( 'NONE', ( #911 ), #279, .F. ) ;
#855 = DIRECTION ( 'NONE',  ( -0.000000000000000000, 1.000000000000000000, -0.000000000000000000 ) ) ;
#856 = VERTEX_POINT ( 'NONE', #425 ) ;
#857 = CIRCLE ( 'NONE', #958, 1.499999999999999556 ) ;
#858 = AXIS2_PLACEMENT_3D ( 'NONE', #1471, #874, #1247 ) ;
#859 = CIRCLE ( 'NONE', #804, 1.499999999999999556 ) ;
#860 = EDGE_CURVE ( 'NONE', #1546, #311, #1129, .T. ) ;
#861 = CARTESIAN_POINT ( 'NONE',  ( 6.006598868991716245, -9.787043557220542311, -0.0001000000000028755665 ) ) ;
#862 = DIRECTION ( 'NONE',  ( 0.000000000000000000, 0.000000000000000000, 1.000000000000000000 ) ) ;
#863 = ORIENTED_EDGE ( 'NONE', *, *, #1355, .F. ) ;
#864 = SURFACE_STYLE_USAGE ( .BOTH. , #612 ) ;
#865 = ORIENTED_EDGE ( 'NONE', *, *, #134, .F. ) ;
#866 = FACE_OUTER_BOUND ( 'NONE', #1161, .T. ) ;
#867 = LINE ( 'NONE', #31, #723 ) ;
#868 = ORIENTED_EDGE ( 'NONE', *, *, #1392, .F. ) ;
#869 = EDGE_CURVE ( 'NONE', #418, #192, #961, .T. ) ;
#870 = FACE_BOUND ( 'NONE', #1580, .T. ) ;
#871 = ORIENTED_EDGE ( 'NONE', *, *, #1199, .T. ) ;
#872 = ADVANCED_FACE ( 'NONE', ( #408, #544, #417, #1390, #291, #866, #367 ), #1324, .F. ) ;
#873 = CARTESIAN_POINT ( 'NONE',  ( 44.00000000000000000, -14.00000000000000000, 2.999900000000000233 ) ) ;
#874 = DIRECTION ( 'NONE',  ( 0.000000000000000000, 0.000000000000000000, 1.000000000000000000 ) ) ;
#875 = CARTESIAN_POINT ( 'NONE',  ( 0.000000000000000000, 0.000000000000000000, 0.000000000000000000 ) ) ;
#876 = CYLINDRICAL_SURFACE ( 'NONE', #564, 1.500000000000001332 ) ;
#877 = ORIENTED_EDGE ( 'NONE', *, *, #633, .T. ) ;
#878 = CARTESIAN_POINT ( 'NONE',  ( 4.506598868991717133, -19.78869994050758407, 47.00000000000000000 ) ) ;
#879 = VERTEX_POINT ( 'NONE', #306 ) ;
#880 = EDGE_CURVE ( 'NONE', #221, #793, #624, .T. ) ;
#881 = CIRCLE ( 'NONE', #1306, 1.500000000000004885 ) ;
#882 = AXIS2_PLACEMENT_3D ( 'NONE', #731, #475, #601 ) ;
#883 = EDGE_CURVE ( 'NONE', #595, #879, #1506, .T. ) ;
#884 = AXIS2_PLACEMENT_3D ( 'NONE', #1063, #194, #436 ) ;
#885 = CARTESIAN_POINT ( 'NONE',  ( 6.006598868991716245, -9.787043557220542311, 2.999899999999998901 ) ) ;
#886 = AXIS2_PLACEMENT_3D ( 'NONE', #878, #1359, #135 ) ;
#887 = DIRECTION ( 'NONE',  ( 1.000000000000000000, 0.000000000000000000, 0.000000000000000000 ) ) ;
#888 = PRODUCT_DEFINITION_FORMATION_WITH_SPECIFIED_SOURCE ( '任何', '', #1560, .NOT_KNOWN. ) ;
#889 = CARTESIAN_POINT ( 'NONE',  ( 38.50000000000000000, -1.999999999999998224, 17.99990000000000023 ) ) ;
#890 = EDGE_LOOP ( 'NONE', ( #1369, #736 ) ) ;
#891 = ORIENTED_EDGE ( 'NONE', *, *, #571, .T. ) ;
#892 = EDGE_CURVE ( 'NONE', #146, #1162, #1543, .T. ) ;
#893 = CARTESIAN_POINT ( 'NONE',  ( 24.82518364797984489, -28.00100000000000122, 15.00000037859228819 ) ) ;
#894 = DIRECTION ( 'NONE',  ( 0.000000000000000000, 0.000000000000000000, 1.000000000000000000 ) ) ;
#895 = ORIENTED_EDGE ( 'NONE', *, *, #1239, .T. ) ;
#896 = VERTEX_POINT ( 'NONE', #927 ) ;
#897 = CARTESIAN_POINT ( 'NONE',  ( 38.50000000000000711, -28.00100000000000122, 33.49989999999999668 ) ) ;
#898 = DIRECTION ( 'NONE',  ( 0.000000000000000000, 1.000000000000000000, 0.000000000000000000 ) ) ;
#899 = EDGE_CURVE ( 'NONE', #1515, #1137, #1403, .T. ) ;
#900 = DIRECTION ( 'NONE',  ( -0.000000000000000000, -0.000000000000000000, 1.000000000000000000 ) ) ;
#901 = ORIENTED_EDGE ( 'NONE', *, *, #573, .T. ) ;
#902 = CIRCLE ( 'NONE', #68, 1.500000000000004885 ) ;
#903 = VECTOR ( 'NONE', #705, 1000.000000000000000 ) ;
#904 = LINE ( 'NONE', #139, #1058 ) ;
#905 = VECTOR ( 'NONE', #569, 1000.000000000000000 ) ;
#906 = VECTOR ( 'NONE', #1171, 1000.000000000000000 ) ;
#907 = DIRECTION ( 'NONE',  ( -0.000000000000000000, -0.000000000000000000, 1.000000000000000000 ) ) ;
#908 = CYLINDRICAL_SURFACE ( 'NONE', #599, 1.500000000000001332 ) ;
#909 = EDGE_LOOP ( 'NONE', ( #1339, #613, #90, #427 ) ) ;
#910 =( GEOMETRIC_REPRESENTATION_CONTEXT ( 3 ) GLOBAL_UNCERTAINTY_ASSIGNED_CONTEXT ( ( #1412 ) ) GLOBAL_UNIT_ASSIGNED_CONTEXT ( ( #361, #1319, #141 ) ) REPRESENTATION_CONTEXT ( 'NONE', 'WORKASPACE' ) );
#911 = FACE_OUTER_BOUND ( 'NONE', #1151, .T. ) ;
#912 = EDGE_CURVE ( 'NONE', #454, #1292, #438, .T. ) ;
#913 = EDGE_LOOP ( 'NONE', ( #298, #1172 ) ) ;
#914 = ORIENTED_EDGE ( 'NONE', *, *, #979, .T. ) ;
#915 = EDGE_CURVE ( 'NONE', #791, #1352, #1235, .T. ) ;
#916 = DIRECTION ( 'NONE',  ( 1.000000000000000000, 0.000000000000000000, 0.000000000000000000 ) ) ;
#917 = EDGE_LOOP ( 'NONE', ( #1214, #689 ) ) ;
#918 = EDGE_CURVE ( 'NONE', #1442, #146, #678, .T. ) ;
#919 = CARTESIAN_POINT ( 'NONE',  ( 52.61285640384165418, -9.787043557220542311, -0.0001000000000028755665 ) ) ;
#920 = CYLINDRICAL_SURFACE ( 'NONE', #515, 1.500000000000001332 ) ;
#921 = DIRECTION ( 'NONE',  ( 1.000000000000000000, 0.000000000000000000, 0.000000000000000000 ) ) ;
#922 = ORIENTED_EDGE ( 'NONE', *, *, #52, .F. ) ;
#923 = ORIENTED_EDGE ( 'NONE', *, *, #1222, .T. ) ;
#924 = CARTESIAN_POINT ( 'NONE',  ( 6.006598868991717133, -19.78869994050758407, -0.0001000000000028755665 ) ) ;
#925 = EDGE_LOOP ( 'NONE', ( #968, #40 ) ) ;
#926 = CIRCLE ( 'NONE', #1481, 1.499999999999999556 ) ;
#927 = CARTESIAN_POINT ( 'NONE',  ( 38.50000000000000000, 0.000000000000000000, 16.49989999999999313 ) ) ;
#928 = AXIS2_PLACEMENT_3D ( 'NONE', #525, #1246, #399 ) ;
#929 = CARTESIAN_POINT ( 'NONE',  ( 54.11285640384165418, -19.78869994050758407, -0.0001000000000028755665 ) ) ;
#930 = EDGE_LOOP ( 'NONE', ( #391, #496 ) ) ;
#931 = ORIENTED_EDGE ( 'NONE', *, *, #167, .T. ) ;
#932 = PRESENTATION_LAYER_ASSIGNMENT (  '', '', ( #465 ) ) ;
#933 = CIRCLE ( 'NONE', #1237, 1.500000000000001332 ) ;
#934 = DIRECTION ( 'NONE',  ( -0.000000000000000000, -1.000000000000000000, -0.000000000000000000 ) ) ;
#935 = ORIENTED_EDGE ( 'NONE', *, *, #285, .T. ) ;
#936 = EDGE_CURVE ( 'NONE', #820, #1330, #126, .T. ) ;
#937 = DIRECTION ( 'NONE',  ( -0.000000000000000000, 1.000000000000000000, -0.000000000000000000 ) ) ;
#938 = CARTESIAN_POINT ( 'NONE',  ( 52.61285640384165418, -9.787043557220542311, -0.0001000000000028755665 ) ) ;
#939 = ORIENTED_EDGE ( 'NONE', *, *, #751, .F. ) ;
#940 = VERTEX_POINT ( 'NONE', #758 ) ;
#941 = CARTESIAN_POINT ( 'NONE',  ( 0.000000000000000000, -26.00000000000000355, 2.999899999999997124 ) ) ;
#942 = ORIENTED_EDGE ( 'NONE', *, *, #892, .T. ) ;
#943 = ADVANCED_FACE ( 'NONE', ( #764, #1250, #127, #1467, #1254, #484 ), #357, .F. ) ;
#944 = DIRECTION ( 'NONE',  ( 1.000000000000000000, 0.000000000000000000, 0.000000000000000000 ) ) ;
#945 = CARTESIAN_POINT ( 'NONE',  ( 52.61285640384165418, -19.78869994050758407, 47.00000000000000000 ) ) ;
#946 = DIRECTION ( 'NONE',  ( 0.000000000000000000, 8.462045097337846643E-17, -1.000000000000000000 ) ) ;
#947 = CARTESIAN_POINT ( 'NONE',  ( 38.50000000000000711, -1.999999999999998224, 30.49989999999999313 ) ) ;
#948 = ORIENTED_EDGE ( 'NONE', *, *, #1392, .T. ) ;
#949 = DIRECTION ( 'NONE',  ( 1.224646799147353207E-16, -1.000000000000000000, 0.000000000000000000 ) ) ;
#950 = VERTEX_POINT ( 'NONE', #658 ) ;
#951 = CARTESIAN_POINT ( 'NONE',  ( 19.00000000000000000, -14.00000000000000000, 47.00000000000000000 ) ) ;
#952 = LINE ( 'NONE', #833, #1055 ) ;
#953 = DIRECTION ( 'NONE',  ( 0.000000000000000000, 0.000000000000000000, 1.000000000000000000 ) ) ;
#954 = AXIS2_PLACEMENT_3D ( 'NONE', #245, #526, #778 ) ;
#955 = DIRECTION ( 'NONE',  ( 0.000000000000000000, 0.000000000000000000, 1.000000000000000000 ) ) ;
#956 = ORIENTED_EDGE ( 'NONE', *, *, #839, .T. ) ;
#957 = ADVANCED_FACE ( 'NONE', ( #384 ), #536, .F. ) ;
#958 = AXIS2_PLACEMENT_3D ( 'NONE', #848, #686, #1173 ) ;
#959 = FACE_OUTER_BOUND ( 'NONE', #483, .T. ) ;
#960 = ORIENTED_EDGE ( 'NONE', *, *, #1541, .F. ) ;
#961 = CIRCLE ( 'NONE', #226, 1.500000000000004885 ) ;
#962 = EDGE_CURVE ( 'NONE', #223, #146, #768, .T. ) ;
#963 = VECTOR ( 'NONE', #1177, 1000.000000000000000 ) ;
#964 = STYLED_ITEM ( 'NONE', ( #743 ), #1581 ) ;
#965 = DIRECTION ( 'NONE',  ( 0.000000000000000000, 0.000000000000000000, 1.000000000000000000 ) ) ;
#966 = CARTESIAN_POINT ( 'NONE',  ( 0.000000000000000000, -2.000000000000000000, 44.00000000000000000 ) ) ;
#967 = CARTESIAN_POINT ( 'NONE',  ( 22.00000000000000711, -14.00000000000000000, 2.999899999999998457 ) ) ;
#968 = ORIENTED_EDGE ( 'NONE', *, *, #312, .T. ) ;
#969 = LINE ( 'NONE', #358, #22 ) ;
#970 = EDGE_LOOP ( 'NONE', ( #506, #1497 ) ) ;
#971 = ADVANCED_FACE ( 'NONE', ( #1206 ), #1164, .F. ) ;
#972 = ADVANCED_FACE ( 'NONE', ( #579 ), #300, .F. ) ;
#973 = DIRECTION ( 'NONE',  ( 1.000000000000000000, 0.000000000000000000, 0.000000000000000000 ) ) ;
#974 = CARTESIAN_POINT ( 'NONE',  ( 54.11285640384165418, -9.787043557220542311, -0.0001000000000028755665 ) ) ;
#975 = CARTESIAN_POINT ( 'NONE',  ( 38.50000000000000000, 0.000000000000000000, 19.49990000000000379 ) ) ;
#976 = ORIENTED_EDGE ( 'NONE', *, *, #582, .T. ) ;
#977 = CARTESIAN_POINT ( 'NONE',  ( 4.506598868991717133, -19.78869994050758407, -0.0001000000000028755665 ) ) ;
#978 = ORIENTED_EDGE ( 'NONE', *, *, #1364, .F. ) ;
#979 = EDGE_CURVE ( 'NONE', #1265, #159, #69, .T. ) ;
#980 = LINE ( 'NONE', #861, #1596 ) ;
#981 = DIRECTION ( 'NONE',  ( 0.000000000000000000, 1.000000000000000000, 0.000000000000000000 ) ) ;
#982 = VERTEX_POINT ( 'NONE', #830 ) ;
#983 = FACE_OUTER_BOUND ( 'NONE', #627, .T. ) ;
#984 = ORIENTED_EDGE ( 'NONE', *, *, #217, .T. ) ;
#985 = CIRCLE ( 'NONE', #275, 1.500000000000004885 ) ;
#986 = DIRECTION ( 'NONE',  ( 0.000000000000000000, 1.000000000000000000, 0.000000000000000000 ) ) ;
#987 = CIRCLE ( 'NONE', #886, 1.500000000000000444 ) ;
#988 = VECTOR ( 'NONE', #669, 1000.000000000000000 ) ;
#989 = LINE ( 'NONE', #319, #172 ) ;
#990 = ADVANCED_FACE ( 'NONE', ( #806 ), #1425, .F. ) ;
#991 = VERTEX_POINT ( 'NONE', #714 ) ;
#992 = DIRECTION ( 'NONE',  ( 1.000000000000000000, 0.000000000000000000, 0.000000000000000000 ) ) ;
#993 = ORIENTED_EDGE ( 'NONE', *, *, #23, .F. ) ;
#994 = CARTESIAN_POINT ( 'NONE',  ( 15.99999999999999289, -14.00000000000000000, -0.0001000000000000000183 ) ) ;
#995 = CARTESIAN_POINT ( 'NONE',  ( 52.61285640384165418, -19.78869994050758407, -0.0001000000000028755665 ) ) ;
#996 = FACE_OUTER_BOUND ( 'NONE', #435, .T. ) ;
#997 = EDGE_LOOP ( 'NONE', ( #1299, #88, #553, #556 ) ) ;
#998 = CARTESIAN_POINT ( 'NONE',  ( 4.506598868991717133, -9.787043557220542311, -0.0001000000000028755665 ) ) ;
#999 = CARTESIAN_POINT ( 'NONE',  ( 4.506598868991717133, -19.78869994050758407, 44.00000000000000000 ) ) ;
#1000 = ORIENTED_EDGE ( 'NONE', *, *, #1420, .T. ) ;
#1001 = CARTESIAN_POINT ( 'NONE',  ( 4.506598868991717133, -9.787043557220542311, -0.0001000000000028755665 ) ) ;
#1002 = CARTESIAN_POINT ( 'NONE',  ( 40.99999999999999289, -14.00000000000000000, 44.00000000000000000 ) ) ;
#1003 = ORIENTED_EDGE ( 'NONE', *, *, #103, .T. ) ;
#1004 = AXIS2_PLACEMENT_3D ( 'NONE', #712, #720, #1441 ) ;
#1005 = CIRCLE ( 'NONE', #1084, 1.500000000000001332 ) ;
#1006 = EDGE_CURVE ( 'NONE', #1502, #170, #464, .T. ) ;
#1007 = VECTOR ( 'NONE', #1183, 1000.000000000000000 ) ;
#1008 = CIRCLE ( 'NONE', #410, 1.500000000000000444 ) ;
#1009 = DIRECTION ( 'NONE',  ( 0.000000000000000000, 0.000000000000000000, -1.000000000000000000 ) ) ;
#1010 = AXIS2_PLACEMENT_3D ( 'NONE', #875, #1510, #652 ) ;
#1011 = APPLICATION_PROTOCOL_DEFINITION ( 'draft international standard', 'automotive_design', 1998, #272 ) ;
#1012 = DIRECTION ( 'NONE',  ( -0.000000000000000000, 1.000000000000000000, -0.000000000000000000 ) ) ;
#1013 = CYLINDRICAL_SURFACE ( 'NONE', #1113, 1.500000000000001332 ) ;
#1014 = ORIENTED_EDGE ( 'NONE', *, *, #501, .F. ) ;
#1015 = SHAPE_DEFINITION_REPRESENTATION ( #420, #1581 ) ;
#1016 = DIRECTION ( 'NONE',  ( 1.000000000000000000, 0.000000000000000000, 0.000000000000000000 ) ) ;
#1017 = LINE ( 'NONE', #1121, #409 ) ;
#1018 = ORIENTED_EDGE ( 'NONE', *, *, #1475, .F. ) ;
#1019 = ORIENTED_EDGE ( 'NONE', *, *, #1249, .T. ) ;
#1020 = EDGE_CURVE ( 'NONE', #856, #63, #1090, .T. ) ;
#1021 = FACE_OUTER_BOUND ( 'NONE', #452, .T. ) ;
#1022 = ADVANCED_FACE ( 'NONE', ( #959 ), #837, .F. ) ;
#1023 = CARTESIAN_POINT ( 'NONE',  ( 4.506598868991717133, -19.78869994050758407, -0.0001000000000028755665 ) ) ;
#1024 = DIRECTION ( 'NONE',  ( -0.000000000000000000, 0.000000000000000000, -1.000000000000000000 ) ) ;
#1025 = ORIENTED_EDGE ( 'NONE', *, *, #962, .F. ) ;
#1026 = ORIENTED_EDGE ( 'NONE', *, *, #231, .T. ) ;
#1027 = DIRECTION ( 'NONE',  ( 0.000000000000000000, 1.084202172485504557E-16, -1.000000000000000000 ) ) ;
#1028 = DIRECTION ( 'NONE',  ( 0.000000000000000000, 0.000000000000000000, 1.000000000000000000 ) ) ;
#1029 = AXIS2_PLACEMENT_3D ( 'NONE', #147, #268, #775 ) ;
#1030 = DIRECTION ( 'NONE',  ( -0.000000000000000000, -1.084202172485504557E-16, 1.000000000000000000 ) ) ;
#1031 = EDGE_CURVE ( 'NONE', #1110, #1410, #1280, .T. ) ;
#1032 = AXIS2_PLACEMENT_3D ( 'NONE', #660, #1148, #37 ) ;
#1033 = AXIS2_PLACEMENT_3D ( 'NONE', #889, #1500, #19 ) ;
#1034 = EDGE_CURVE ( 'NONE', #1265, #214, #182, .T. ) ;
#1035 = DIRECTION ( 'NONE',  ( -0.000000000000000000, 1.000000000000000000, -0.000000000000000000 ) ) ;
#1036 = EDGE_LOOP ( 'NONE', ( #1145, #1234, #503, #725 ) ) ;
#1037 = ORIENTED_EDGE ( 'NONE', *, *, #1317, .F. ) ;
#1038 = EDGE_LOOP ( 'NONE', ( #1396, #1484, #283, #914 ) ) ;
#1039 = DIRECTION ( 'NONE',  ( 1.000000000000000000, 0.000000000000000000, 0.000000000000000000 ) ) ;
#1040 = EDGE_LOOP ( 'NONE', ( #782, #1275, #1549, #1554 ) ) ;
#1041 = EDGE_LOOP ( 'NONE', ( #700, #183 ) ) ;
#1042 = CARTESIAN_POINT ( 'NONE',  ( 4.506598868991717133, -19.78869994050758407, 2.999899999999998013 ) ) ;
#1043 = EDGE_LOOP ( 'NONE', ( #1398, #715, #1159, #459 ) ) ;
#1044 = DIRECTION ( 'NONE',  ( 0.000000000000000000, 0.000000000000000000, 1.000000000000000000 ) ) ;
#1045 = DIRECTION ( 'NONE',  ( 0.000000000000000000, 0.000000000000000000, 1.000000000000000000 ) ) ;
#1046 = CARTESIAN_POINT ( 'NONE',  ( 38.50000000000000000, -1.999999999999998224, 19.49990000000000379 ) ) ;
#1047 = FACE_BOUND ( 'NONE', #1408, .T. ) ;
#1048 = FACE_BOUND ( 'NONE', #477, .T. ) ;
#1049 = ORIENTED_EDGE ( 'NONE', *, *, #650, .T. ) ;
#1050 = CARTESIAN_POINT ( 'NONE',  ( 0.000000000000000000, 0.000000000000000000, -0.0001000000000000000183 ) ) ;
#1051 = VERTEX_POINT ( 'NONE', #453 ) ;
#1052 = EDGE_CURVE ( 'NONE', #1470, #982, #62, .T. ) ;
#1053 = VECTOR ( 'NONE', #802, 1000.000000000000000 ) ;
#1054 = CIRCLE ( 'NONE', #749, 1.500000000000001332 ) ;
#1055 = VECTOR ( 'NONE', #693, 1000.000000000000000 ) ;
#1056 = UNCERTAINTY_MEASURE_WITH_UNIT (LENGTH_MEASURE( 1.000000000000000082E-05 ), #336, 'distance_accuracy_value', 'NONE');
#1057 = FACE_BOUND ( 'NONE', #262, .T. ) ;
#1058 = VECTOR ( 'NONE', #131, 1000.000000000000000 ) ;
#1059 = CARTESIAN_POINT ( 'NONE',  ( 4.506598868991717133, -19.78869994050758407, -0.0001000000000028755665 ) ) ;
#1060 = ORIENTED_EDGE ( 'NONE', *, *, #936, .T. ) ;
#1061 = ORIENTED_EDGE ( 'NONE', *, *, #798, .T. ) ;
#1062 = CIRCLE ( 'NONE', #673, 1.500000000000000444 ) ;
#1063 = CARTESIAN_POINT ( 'NONE',  ( 31.50000000000000000, -1.999999999999998224, 24.99990000000000023 ) ) ;
#1064 = ORIENTED_EDGE ( 'NONE', *, *, #392, .T. ) ;
#1065 = ADVANCED_FACE ( 'NONE', ( #587, #445 ), #559, .T. ) ;
#1066 = CARTESIAN_POINT ( 'NONE',  ( 0.000000000000000000, 0.000000000000000000, 47.00000000000000000 ) ) ;
#1067 = DIRECTION ( 'NONE',  ( -0.000000000000000000, -0.000000000000000000, 1.000000000000000000 ) ) ;
#1068 = VERTEX_POINT ( 'NONE', #1521 ) ;
#1069 = ORIENTED_EDGE ( 'NONE', *, *, #771, .T. ) ;
#1070 = DIRECTION ( 'NONE',  ( -1.000000000000000000, 0.000000000000000000, 0.000000000000000000 ) ) ;
#1071 = EDGE_LOOP ( 'NONE', ( #338, #586, #1483, #344 ) ) ;
#1072 = CARTESIAN_POINT ( 'NONE',  ( 54.11285640384165418, -9.787043557220542311, -0.0001000000000028755665 ) ) ;
#1073 = ADVANCED_FACE ( 'NONE', ( #1409 ), #310, .F. ) ;
#1074 = DIRECTION ( 'NONE',  ( 1.000000000000000000, 0.000000000000000000, 0.000000000000000000 ) ) ;
#1075 = DIRECTION ( 'NONE',  ( -0.000000000000000000, -0.000000000000000000, 1.000000000000000000 ) ) ;
#1076 = CARTESIAN_POINT ( 'NONE',  ( 54.11285640384165418, -19.78869994050758407, -0.0001000000000028755665 ) ) ;
#1077 = PLANE ( 'NONE',  #269 ) ;
#1078 = VERTEX_POINT ( 'NONE', #317 ) ;
#1079 = CARTESIAN_POINT ( 'NONE',  ( 38.50000000000000711, -28.00100000000000122, 31.99989999999999668 ) ) ;
#1080 = EDGE_LOOP ( 'NONE', ( #1003, #1591, #656, #1019 ) ) ;
#1081 = PLANE ( 'NONE',  #596 ) ;
#1082 = EDGE_CURVE ( 'NONE', #252, #1477, #859, .T. ) ;
#1083 = CARTESIAN_POINT ( 'NONE',  ( 38.50000000000000711, -1.999999999999998224, 31.99989999999999668 ) ) ;
#1084 = AXIS2_PLACEMENT_3D ( 'NONE', #202, #1192, #474 ) ;
#1085 = DIRECTION ( 'NONE',  ( -0.000000000000000000, -0.000000000000000000, 1.000000000000000000 ) ) ;
#1086 = ORIENTED_EDGE ( 'NONE', *, *, #1149, .T. ) ;
#1087 = EDGE_CURVE ( 'NONE', #221, #252, #822, .T. ) ;
#1088 = CARTESIAN_POINT ( 'NONE',  ( 24.82518364797984489, 0.000000000000000000, 16.50000037859228996 ) ) ;
#1089 = ORIENTED_EDGE ( 'NONE', *, *, #549, .F. ) ;
#1090 = CIRCLE ( 'NONE', #380, 1.500000000000001332 ) ;
#1091 = VECTOR ( 'NONE', #345, 1000.000000000000000 ) ;
#1092 = LINE ( 'NONE', #1446, #1455 ) ;
#1093 = FACE_OUTER_BOUND ( 'NONE', #472, .T. ) ;
#1094 = DIRECTION ( 'NONE',  ( 0.000000000000000000, 1.000000000000000000, 0.000000000000000000 ) ) ;
#1095 = VERTEX_POINT ( 'NONE', #188 ) ;
#1096 = DIRECTION ( 'NONE',  ( 1.000000000000000000, 0.000000000000000000, 0.000000000000000000 ) ) ;
#1097 = ORIENTED_EDGE ( 'NONE', *, *, #796, .T. ) ;
#1098 = EDGE_CURVE ( 'NONE', #63, #424, #1322, .T. ) ;
#1099 = DIRECTION ( 'NONE',  ( -0.000000000000000000, -1.000000000000000000, -0.000000000000000000 ) ) ;
#1100 = CARTESIAN_POINT ( 'NONE',  ( 31.50000000000000000, -1.999999999999998224, 23.49989999999999668 ) ) ;
#1101 = CARTESIAN_POINT ( 'NONE',  ( 19.00000000000000000, -14.00000000000000000, -0.0001000000000000000183 ) ) ;
#1102 = ORIENTED_EDGE ( 'NONE', *, *, #1031, .F. ) ;
#1103 = DIRECTION ( 'NONE',  ( -0.000000000000000000, -0.000000000000000000, 1.000000000000000000 ) ) ;
#1104 = ORIENTED_EDGE ( 'NONE', *, *, #615, .T. ) ;
#1105 = EDGE_CURVE ( 'NONE', #1478, #671, #699, .T. ) ;
#1106 = EDGE_CURVE ( 'NONE', #521, #685, #75, .T. ) ;
#1107 = DIRECTION ( 'NONE',  ( 0.000000000000000000, 0.000000000000000000, 1.000000000000000000 ) ) ;
#1108 = ORIENTED_EDGE ( 'NONE', *, *, #5, .T. ) ;
#1109 = DIRECTION ( 'NONE',  ( -0.000000000000000000, 0.000000000000000000, -1.000000000000000000 ) ) ;
#1110 = VERTEX_POINT ( 'NONE', #240 ) ;
#1111 = AXIS2_PLACEMENT_3D ( 'NONE', #1244, #1260, #1028 ) ;
#1112 = VECTOR ( 'NONE', #42, 1000.000000000000000 ) ;
#1113 = AXIS2_PLACEMENT_3D ( 'NONE', #540, #1264, #1490 ) ;
#1114 = DIRECTION ( 'NONE',  ( -0.000000000000000000, -0.000000000000000000, 1.000000000000000000 ) ) ;
#1115 = CARTESIAN_POINT ( 'NONE',  ( 54.11285640384165418, -19.78869994050758407, 2.999899999999998013 ) ) ;
#1116 = ORIENTED_EDGE ( 'NONE', *, *, #103, .F. ) ;
#1117 = LINE ( 'NONE', #128, #519 ) ;
#1118 = ORIENTED_EDGE ( 'NONE', *, *, #447, .T. ) ;
#1119 = DIRECTION ( 'NONE',  ( -0.000000000000000000, 1.000000000000000000, -0.000000000000000000 ) ) ;
#1120 = CARTESIAN_POINT ( 'NONE',  ( 37.99999999999999289, -14.00000000000000000, -0.0001000000000000007366 ) ) ;
#1121 = CARTESIAN_POINT ( 'NONE',  ( 60.00000000000000000, 0.000000000000000000, -0.0001000000000000000183 ) ) ;
#1122 = ORIENTED_EDGE ( 'NONE', *, *, #883, .F. ) ;
#1123 = CARTESIAN_POINT ( 'NONE',  ( 35.00000000000000000, -14.00000000000000000, -0.0001000000000000000183 ) ) ;
#1124 = DIRECTION ( 'NONE',  ( -0.000000000000000000, 1.000000000000000000, -0.000000000000000000 ) ) ;
#1125 = DIRECTION ( 'NONE',  ( 1.000000000000000000, 0.000000000000000000, 0.000000000000000000 ) ) ;
#1126 = VERTEX_POINT ( 'NONE', #735 ) ;
#1127 = ORIENTED_EDGE ( 'NONE', *, *, #1006, .T. ) ;
#1128 = EDGE_CURVE ( 'NONE', #214, #646, #1117, .T. ) ;
#1129 = LINE ( 'NONE', #35, #1112 ) ;
#1130 = AXIS2_PLACEMENT_3D ( 'NONE', #32, #1495, #402 ) ;
#1131 = AXIS2_PLACEMENT_3D ( 'NONE', #166, #286, #916 ) ;
#1132 = CIRCLE ( 'NONE', #1236, 3.000000000000006217 ) ;
#1133 = DIRECTION ( 'NONE',  ( -0.000000000000000000, -0.000000000000000000, 1.000000000000000000 ) ) ;
#1134 = DIRECTION ( 'NONE',  ( -0.000000000000000000, 0.000000000000000000, -1.000000000000000000 ) ) ;
#1135 = DIRECTION ( 'NONE',  ( 0.000000000000000000, 1.000000000000000000, 0.000000000000000000 ) ) ;
#1136 = VERTEX_POINT ( 'NONE', #498 ) ;
#1137 = VERTEX_POINT ( 'NONE', #1331 ) ;
#1138 = ADVANCED_FACE ( 'NONE', ( #983 ), #759, .F. ) ;
#1139 = FACE_OUTER_BOUND ( 'NONE', #258, .T. ) ;
#1140 = DIRECTION ( 'NONE',  ( -0.000000000000000000, 1.000000000000000000, -0.000000000000000000 ) ) ;
#1141 = DIRECTION ( 'NONE',  ( -0.000000000000000000, -0.000000000000000000, 1.000000000000000000 ) ) ;
#1142 = DIRECTION ( 'NONE',  ( -0.000000000000000000, 1.000000000000000000, -0.000000000000000000 ) ) ;
#1143 = DIRECTION ( 'NONE',  ( 1.000000000000000000, 0.000000000000000000, 0.000000000000000000 ) ) ;
#1144 = EDGE_LOOP ( 'NONE', ( #1203, #359 ) ) ;
#1145 = ORIENTED_EDGE ( 'NONE', *, *, #821, .F. ) ;
#1146 = LINE ( 'NONE', #642, #1362 ) ;
#1147 = ADVANCED_FACE ( 'NONE', ( #485 ), #724, .F. ) ;
#1148 = DIRECTION ( 'NONE',  ( 0.000000000000000000, 0.000000000000000000, 1.000000000000000000 ) ) ;
#1149 = EDGE_CURVE ( 'NONE', #170, #1110, #1469, .T. ) ;
#1150 =( LENGTH_UNIT ( ) NAMED_UNIT ( * ) SI_UNIT ( .MILLI., .METRE. ) );
#1151 = EDGE_LOOP ( 'NONE', ( #1014, #102, #948, #382 ) ) ;
#1152 = AXIS2_PLACEMENT_3D ( 'NONE', #1001, #769, #270 ) ;
#1153 = AXIS2_PLACEMENT_3D ( 'NONE', #48, #547, #1272 ) ;
#1154 = DIRECTION ( 'NONE',  ( -0.000000000000000000, -0.000000000000000000, 1.000000000000000000 ) ) ;
#1155 = AXIS2_PLACEMENT_3D ( 'NONE', #1555, #215, #684 ) ;
#1156 = EDGE_CURVE ( 'NONE', #688, #66, #702, .T. ) ;
#1157 = COLOUR_RGB ( '',0.7921568627450980005, 0.8196078431372548767, 0.9333333333333333481 ) ;
#1158 = FACE_OUTER_BOUND ( 'NONE', #568, .T. ) ;
#1159 = ORIENTED_EDGE ( 'NONE', *, *, #1316, .T. ) ;
#1160 = EDGE_CURVE ( 'NONE', #462, #1466, #1347, .T. ) ;
#1161 = EDGE_LOOP ( 'NONE', ( #45, #1457, #1187, #308 ) ) ;
#1162 = VERTEX_POINT ( 'NONE', #1213 ) ;
#1163 = DIRECTION ( 'NONE',  ( -0.000000000000000000, -1.000000000000000000, -0.000000000000000000 ) ) ;
#1164 = CYLINDRICAL_SURFACE ( 'NONE', #800, 1.500000000000001332 ) ;
#1165 = CARTESIAN_POINT ( 'NONE',  ( 0.000000000000000000, 0.000000000000000000, -0.0001000000000000000183 ) ) ;
#1166 = ADVANCED_FACE ( 'NONE', ( #870, #1340 ), #104, .T. ) ;
#1167 = CARTESIAN_POINT ( 'NONE',  ( 60.00000000000000000, -26.00000000000000355, 2.999899999999997124 ) ) ;
#1168 = FACE_BOUND ( 'NONE', #767, .T. ) ;
#1169 = ORIENTED_EDGE ( 'NONE', *, *, #1375, .F. ) ;
#1170 = EDGE_CURVE ( 'NONE', #1126, #373, #1402, .T. ) ;
#1171 = DIRECTION ( 'NONE',  ( -0.000000000000000000, 8.462045097337846643E-17, -1.000000000000000000 ) ) ;
#1172 = ORIENTED_EDGE ( 'NONE', *, *, #117, .F. ) ;
#1173 = DIRECTION ( 'NONE',  ( 1.000000000000000000, 0.000000000000000000, 0.000000000000000000 ) ) ;
#1174 = DIRECTION ( 'NONE',  ( -0.000000000000000000, 8.462045097337846643E-17, -1.000000000000000000 ) ) ;
#1175 = ORIENTED_EDGE ( 'NONE', *, *, #798, .F. ) ;
#1176 = ORIENTED_EDGE ( 'NONE', *, *, #892, .F. ) ;
#1177 = DIRECTION ( 'NONE',  ( -0.000000000000000000, 1.000000000000000000, -0.000000000000000000 ) ) ;
#1178 = EDGE_LOOP ( 'NONE', ( #499, #1225, #1274, #529 ) ) ;
#1179 = EDGE_CURVE ( 'NONE', #309, #311, #257, .T. ) ;
#1180 = CARTESIAN_POINT ( 'NONE',  ( 6.006598868991716245, -9.787043557220542311, -0.0001000000000028755665 ) ) ;
#1181 = AXIS2_PLACEMENT_3D ( 'NONE', #893, #1124, #626 ) ;
#1182 = CIRCLE ( 'NONE', #1361, 3.000000000000006217 ) ;
#1183 = DIRECTION ( 'NONE',  ( 1.224646799147353207E-16, -1.000000000000000000, 0.000000000000000000 ) ) ;
#1184 = FACE_OUTER_BOUND ( 'NONE', #1407, .T. ) ;
#1185 = LINE ( 'NONE', #818, #497 ) ;
#1186 = ORIENTED_EDGE ( 'NONE', *, *, #1087, .T. ) ;
#1187 = ORIENTED_EDGE ( 'NONE', *, *, #1249, .F. ) ;
#1188 = VECTOR ( 'NONE', #426, 1000.000000000000000 ) ;
#1189 = DIRECTION ( 'NONE',  ( 0.000000000000000000, 1.000000000000000000, 0.000000000000000000 ) ) ;
#1190 = ORIENTED_EDGE ( 'NONE', *, *, #208, .T. ) ;
#1191 = EDGE_CURVE ( 'NONE', #982, #1433, #1261, .T. ) ;
#1192 = DIRECTION ( 'NONE',  ( 0.000000000000000000, -0.000000000000000000, 1.000000000000000000 ) ) ;
#1193 = PLANE ( 'NONE',  #757 ) ;
#1194 = DIRECTION ( 'NONE',  ( 0.000000000000000000, 0.000000000000000000, 1.000000000000000000 ) ) ;
#1195 = ORIENTED_EDGE ( 'NONE', *, *, #1541, .T. ) ;
#1196 = CARTESIAN_POINT ( 'NONE',  ( 40.99999999999999289, -14.00000000000000000, 2.999900000000000233 ) ) ;
#1197 = ORIENTED_EDGE ( 'NONE', *, *, #439, .F. ) ;
#1198 = EDGE_CURVE ( 'NONE', #1470, #1556, #1062, .T. ) ;
#1199 = EDGE_CURVE ( 'NONE', #685, #521, #987, .T. ) ;
#1200 = FACE_BOUND ( 'NONE', #683, .T. ) ;
#1201 = PLANE ( 'NONE',  #808 ) ;
#1202 = CARTESIAN_POINT ( 'NONE',  ( 46.99999999999998579, -14.00000000000000000, -0.0001000000000000000183 ) ) ;
#1203 = ORIENTED_EDGE ( 'NONE', *, *, #1239, .F. ) ;
#1204 = CARTESIAN_POINT ( 'NONE',  ( 60.00000000000000000, -2.000000000000000000, 2.999899999999999789 ) ) ;
#1205 = VERTEX_POINT ( 'NONE', #1088 ) ;
#1206 = FACE_OUTER_BOUND ( 'NONE', #70, .T. ) ;
#1207 = CARTESIAN_POINT ( 'NONE',  ( 51.11285640384165418, -19.78869994050758407, -0.0001000000000028755665 ) ) ;
#1208 = DIRECTION ( 'NONE',  ( 1.000000000000000000, 0.000000000000000000, 0.000000000000000000 ) ) ;
#1209 = CARTESIAN_POINT ( 'NONE',  ( 0.000000000000000000, 0.000000000000000000, 47.00000000000000000 ) ) ;
#1210 = ORIENTED_EDGE ( 'NONE', *, *, #513, .T. ) ;
#1211 = VECTOR ( 'NONE', #1099, 1000.000000000000000 ) ;
#1212 = EDGE_CURVE ( 'NONE', #373, #685, #1567, .T. ) ;
#1213 = CARTESIAN_POINT ( 'NONE',  ( 3.429011037612589276E-15, -28.00000000000000000, 47.00000000000000000 ) ) ;
#1214 = ORIENTED_EDGE ( 'NONE', *, *, #721, .T. ) ;
#1215 = VECTOR ( 'NONE', #1103, 1000.000000000000000 ) ;
#1216 = AXIS2_PLACEMENT_3D ( 'NONE', #1059, #550, #1039 ) ;
#1217 = SURFACE_SIDE_STYLE ('',( #107 ) ) ;
#1218 = DIRECTION ( 'NONE',  ( 1.000000000000000000, 0.000000000000000000, 0.000000000000000000 ) ) ;
#1219 = ORIENTED_EDGE ( 'NONE', *, *, #979, .F. ) ;
#1220 = DIRECTION ( 'NONE',  ( -0.000000000000000000, 1.000000000000000000, 1.084202172485504434E-16 ) ) ;
#1221 = ORIENTED_EDGE ( 'NONE', *, *, #1006, .F. ) ;
#1222 = EDGE_CURVE ( 'NONE', #1502, #1410, #969, .T. ) ;
#1223 = CYLINDRICAL_SURFACE ( 'NONE', #882, 1.500000000000001332 ) ;
#1224 = DIRECTION ( 'NONE',  ( 0.000000000000000000, 0.000000000000000000, 1.000000000000000000 ) ) ;
#1225 = ORIENTED_EDGE ( 'NONE', *, *, #1281, .T. ) ;
#1226 = DIRECTION ( 'NONE',  ( 0.000000000000000000, -0.000000000000000000, 1.000000000000000000 ) ) ;
#1227 = ORIENTED_EDGE ( 'NONE', *, *, #71, .F. ) ;
#1228 = MANIFOLD_SOLID_BREP ( '凸台-拉伸2', #1530 ) ;
#1229 = CARTESIAN_POINT ( 'NONE',  ( 4.506598868991717133, -19.78869994050758407, -0.0001000000000028755665 ) ) ;
#1230 = FACE_OUTER_BOUND ( 'NONE', #1178, .T. ) ;
#1231 = CYLINDRICAL_SURFACE ( 'NONE', #1181, 1.500000000000001332 ) ;
#1232 = EDGE_LOOP ( 'NONE', ( #1118, #1219, #578, #1315 ) ) ;
#1233 = CARTESIAN_POINT ( 'NONE',  ( 4.506598868991717133, -19.78869994050758407, 47.00000000000000000 ) ) ;
#1234 = ORIENTED_EDGE ( 'NONE', *, *, #364, .F. ) ;
#1235 = CIRCLE ( 'NONE', #278, 1.499999999999999556 ) ;
#1236 = AXIS2_PLACEMENT_3D ( 'NONE', #1443, #158, #1125 ) ;
#1237 = AXIS2_PLACEMENT_3D ( 'NONE', #938, #422, #921 ) ;
#1238 = LINE ( 'NONE', #260, #378 ) ;
#1239 = EDGE_CURVE ( 'NONE', #81, #1078, #1132, .T. ) ;
#1240 = DIRECTION ( 'NONE',  ( 0.000000000000000000, 0.000000000000000000, 1.000000000000000000 ) ) ;
#1241 = CARTESIAN_POINT ( 'NONE',  ( 60.00000000000000000, -2.000000000000000000, 44.00000000000000000 ) ) ;
#1242 = DIRECTION ( 'NONE',  ( 0.000000000000000000, 0.000000000000000000, 1.000000000000000000 ) ) ;
#1243 = ORIENTED_EDGE ( 'NONE', *, *, #150, .T. ) ;
#1244 = CARTESIAN_POINT ( 'NONE',  ( 24.82518364797984489, -1.999999999999998224, 29.00000037859228641 ) ) ;
#1245 = EDGE_CURVE ( 'NONE', #390, #1378, #1533, .T. ) ;
#1246 = DIRECTION ( 'NONE',  ( 0.000000000000000000, 0.000000000000000000, 1.000000000000000000 ) ) ;
#1247 = DIRECTION ( 'NONE',  ( 1.000000000000000000, 0.000000000000000000, 0.000000000000000000 ) ) ;
#1248 = FACE_OUTER_BOUND ( 'NONE', #189, .T. ) ;
#1249 = EDGE_CURVE ( 'NONE', #819, #1575, #1017, .T. ) ;
#1250 = FACE_BOUND ( 'NONE', #1594, .T. ) ;
#1251 = CARTESIAN_POINT ( 'NONE',  ( 38.50000000000000711, -1.999999999999998224, 33.49989999999999668 ) ) ;
#1252 = ORIENTED_EDGE ( 'NONE', *, *, #1031, .T. ) ;
#1253 = CARTESIAN_POINT ( 'NONE',  ( 4.506598868991717133, -9.787043557220542311, -0.0001000000000028755665 ) ) ;
#1254 = FACE_BOUND ( 'NONE', #186, .T. ) ;
#1255 = PRESENTATION_STYLE_ASSIGNMENT (( #864 ) ) ;
#1256 = EDGE_LOOP ( 'NONE', ( #1089, #1346 ) ) ;
#1257 = ORIENTED_EDGE ( 'NONE', *, *, #615, .F. ) ;
#1258 = CIRCLE ( 'NONE', #1153, 1.500000000000001332 ) ;
#1259 = AXIS2_PLACEMENT_3D ( 'NONE', #548, #1030, #1509 ) ;
#1260 = DIRECTION ( 'NONE',  ( -0.000000000000000000, -1.000000000000000000, -0.000000000000000000 ) ) ;
#1261 = CIRCLE ( 'NONE', #1595, 1.500000000000001332 ) ;
#1262 = VECTOR ( 'NONE', #1516, 1000.000000000000000 ) ;
#1263 = CARTESIAN_POINT ( 'NONE',  ( 3.006598868991717133, -9.787043557220542311, 44.00000000000000000 ) ) ;
#1264 = DIRECTION ( 'NONE',  ( -0.000000000000000000, -0.000000000000000000, 1.000000000000000000 ) ) ;
#1265 = VERTEX_POINT ( 'NONE', #1387 ) ;
#1266 = EDGE_CURVE ( 'NONE', #55, #896, #780, .T. ) ;
#1267 = EDGE_CURVE ( 'NONE', #66, #688, #645, .T. ) ;
#1268 = CARTESIAN_POINT ( 'NONE',  ( 19.00000000000000000, -14.00000000000000000, 44.00000000000000000 ) ) ;
#1269 = DIRECTION ( 'NONE',  ( 1.000000000000000000, 0.000000000000000000, 0.000000000000000000 ) ) ;
#1270 = ORIENTED_EDGE ( 'NONE', *, *, #1082, .T. ) ;
#1271 = ORIENTED_EDGE ( 'NONE', *, *, #1493, .T. ) ;
#1272 = DIRECTION ( 'NONE',  ( 0.000000000000000000, 0.000000000000000000, 1.000000000000000000 ) ) ;
#1273 = CARTESIAN_POINT ( 'NONE',  ( 3.006598868991717133, -9.787043557220542311, 2.999899999999998901 ) ) ;
#1274 = ORIENTED_EDGE ( 'NONE', *, *, #140, .T. ) ;
#1275 = ORIENTED_EDGE ( 'NONE', *, *, #1198, .F. ) ;
#1276 = EDGE_LOOP ( 'NONE', ( #984, #1175, #28, #1512 ) ) ;
#1277 = AXIS2_PLACEMENT_3D ( 'NONE', #1329, #476, #220 ) ;
#1278 = AXIS2_PLACEMENT_3D ( 'NONE', #1561, #1429, #717 ) ;
#1279 = CARTESIAN_POINT ( 'NONE',  ( 46.99999999999998579, -14.00000000000000000, 44.00000000000000000 ) ) ;
#1280 = CIRCLE ( 'NONE', #1485, 1.500000000000004885 ) ;
#1281 = EDGE_CURVE ( 'NONE', #879, #595, #351, .T. ) ;
#1282 = AXIS2_PLACEMENT_3D ( 'NONE', #655, #1135, #396 ) ;
#1283 = DIRECTION ( 'NONE',  ( 0.000000000000000000, 0.000000000000000000, 1.000000000000000000 ) ) ;
#1284 = CARTESIAN_POINT ( 'NONE',  ( 52.61285640384165418, -9.787043557220542311, 2.999899999999998901 ) ) ;
#1285 = CIRCLE ( 'NONE', #281, 1.500000000000001332 ) ;
#1286 = ORIENTED_EDGE ( 'NONE', *, *, #287, .F. ) ;
#1287 = FACE_BOUND ( 'NONE', #60, .T. ) ;
#1288 = DIRECTION ( 'NONE',  ( 0.000000000000000000, 0.000000000000000000, 1.000000000000000000 ) ) ;
#1289 = ORIENTED_EDGE ( 'NONE', *, *, #1475, .T. ) ;
#1290 = DIRECTION ( 'NONE',  ( 0.000000000000000000, 1.000000000000000000, 0.000000000000000000 ) ) ;
#1291 = LINE ( 'NONE', #1431, #572 ) ;
#1292 = VERTEX_POINT ( 'NONE', #1482 ) ;
#1293 = ORIENTED_EDGE ( 'NONE', *, *, #918, .T. ) ;
#1294 = DIRECTION ( 'NONE',  ( 1.000000000000000000, -0.000000000000000000, -0.000000000000000000 ) ) ;
#1295 = ORIENTED_EDGE ( 'NONE', *, *, #231, .F. ) ;
#1296 = DIRECTION ( 'NONE',  ( 1.000000000000000000, 0.000000000000000000, 0.000000000000000000 ) ) ;
#1297 = CARTESIAN_POINT ( 'NONE',  ( 24.82518364797984489, -1.999999999999998224, 30.50000037859228996 ) ) ;
#1298 = CARTESIAN_POINT ( 'NONE',  ( 24.82518364797984489, -28.00100000000000122, 30.50000037859228996 ) ) ;
#1299 = ORIENTED_EDGE ( 'NONE', *, *, #52, .T. ) ;
#1300 = ORIENTED_EDGE ( 'NONE', *, *, #869, .F. ) ;
#1301 = ADVANCED_FACE ( 'NONE', ( #12 ), #908, .F. ) ;
#1302 = DIRECTION ( 'NONE',  ( -0.000000000000000000, -0.000000000000000000, 1.000000000000000000 ) ) ;
#1303 = VERTEX_POINT ( 'NONE', #1251 ) ;
#1304 = ADVANCED_FACE ( 'NONE', ( #33 ), #634, .F. ) ;
#1305 = CIRCLE ( 'NONE', #1277, 1.500000000000004885 ) ;
#1306 = AXIS2_PLACEMENT_3D ( 'NONE', #514, #1393, #1525 ) ;
#1307 = LINE ( 'NONE', #212, #726 ) ;
#1308 = CIRCLE ( 'NONE', #858, 1.500000000000001332 ) ;
#1309 = CARTESIAN_POINT ( 'NONE',  ( 60.00000000000000000, -26.00000000000000355, 2.999899999999997124 ) ) ;
#1310 = LINE ( 'NONE', #204, #1379 ) ;
#1311 = ORIENTED_EDGE ( 'NONE', *, *, #1266, .T. ) ;
#1312 = AXIS2_PLACEMENT_3D ( 'NONE', #1002, #1024, #1269 ) ;
#1313 = PRESENTATION_LAYER_ASSIGNMENT (  '', '', ( #964 ) ) ;
#1314 = CARTESIAN_POINT ( 'NONE',  ( 4.506598868991717133, -9.787043557220542311, 47.00000000000000000 ) ) ;
#1315 = ORIENTED_EDGE ( 'NONE', *, *, #899, .T. ) ;
#1316 = EDGE_CURVE ( 'NONE', #691, #1341, #1376, .T. ) ;
#1317 = EDGE_CURVE ( 'NONE', #479, #950, #130, .T. ) ;
#1318 = DIRECTION ( 'NONE',  ( -0.000000000000000000, -0.000000000000000000, 1.000000000000000000 ) ) ;
#1319 =( NAMED_UNIT ( * ) PLANE_ANGLE_UNIT ( ) SI_UNIT ( $, .RADIAN. ) );
#1320 = DIRECTION ( 'NONE',  ( 0.000000000000000000, 0.000000000000000000, 1.000000000000000000 ) ) ;
#1321 = ORIENTED_EDGE ( 'NONE', *, *, #1585, .F. ) ;
#1322 = LINE ( 'NONE', #690, #963 ) ;
#1323 = EDGE_LOOP ( 'NONE', ( #111, #580, #760, #444 ) ) ;
#1324 = PLANE ( 'NONE',  #154 ) ;
#1325 = EDGE_CURVE ( 'NONE', #1466, #1341, #598, .T. ) ;
#1326 = DIRECTION ( 'NONE',  ( -0.000000000000000000, 0.000000000000000000, 1.000000000000000000 ) ) ;
#1327 = DIRECTION ( 'NONE',  ( 1.000000000000000000, 0.000000000000000000, 0.000000000000000000 ) ) ;
#1328 = DIRECTION ( 'NONE',  ( 0.000000000000000000, 0.000000000000000000, 1.000000000000000000 ) ) ;
#1329 = CARTESIAN_POINT ( 'NONE',  ( 38.50000000000000000, 0.000000000000000000, 17.99990000000000023 ) ) ;
#1330 = VERTEX_POINT ( 'NONE', #520 ) ;
#1331 = CARTESIAN_POINT ( 'NONE',  ( 60.00000000000000000, -2.000000000000000000, 44.00000000000000000 ) ) ;
#1332 = ORIENTED_EDGE ( 'NONE', *, *, #730, .T. ) ;
#1333 = CARTESIAN_POINT ( 'NONE',  ( 24.82518364797984489, -1.999999999999998224, 29.00000037859228641 ) ) ;
#1334 = CYLINDRICAL_SURFACE ( 'NONE', #46, 1.500000000000004885 ) ;
#1335 = DIRECTION ( 'NONE',  ( -1.000000000000000000, -0.000000000000000000, -0.000000000000000000 ) ) ;
#1336 = VECTOR ( 'NONE', #600, 1000.000000000000000 ) ;
#1337 = LINE ( 'NONE', #1202, #296 ) ;
#1338 = ADVANCED_FACE ( 'NONE', ( #781 ), #1013, .F. ) ;
#1339 = ORIENTED_EDGE ( 'NONE', *, *, #1020, .T. ) ;
#1340 = FACE_OUTER_BOUND ( 'NONE', #1080, .T. ) ;
#1341 = VERTEX_POINT ( 'NONE', #413 ) ;
#1342 = VECTOR ( 'NONE', #1302, 1000.000000000000000 ) ;
#1343 = EDGE_CURVE ( 'NONE', #1556, #1470, #1008, .T. ) ;
#1344 = CARTESIAN_POINT ( 'NONE',  ( 24.82518364797984489, 0.000000000000000000, 15.00000037859228819 ) ) ;
#1345 = LINE ( 'NONE', #1422, #463 ) ;
#1346 = ORIENTED_EDGE ( 'NONE', *, *, #144, .F. ) ;
#1347 = LINE ( 'NONE', #115, #1215 ) ;
#1348 = ORIENTED_EDGE ( 'NONE', *, *, #533, .T. ) ;
#1349 = CARTESIAN_POINT ( 'NONE',  ( 38.50000000000000000, -28.00100000000000122, 19.49990000000000379 ) ) ;
#1350 = DIRECTION ( 'NONE',  ( 0.000000000000000000, 0.000000000000000000, 1.000000000000000000 ) ) ;
#1351 = CARTESIAN_POINT ( 'NONE',  ( 38.50000000000000000, -28.00100000000000122, 17.99990000000000023 ) ) ;
#1352 = VERTEX_POINT ( 'NONE', #1273 ) ;
#1353 = DIRECTION ( 'NONE',  ( -1.000000000000000000, 0.000000000000000000, 0.000000000000000000 ) ) ;
#1354 = EDGE_LOOP ( 'NONE', ( #831, #1444 ) ) ;
#1355 = EDGE_CURVE ( 'NONE', #311, #309, #466, .T. ) ;
#1356 = CYLINDRICAL_SURFACE ( 'NONE', #1399, 1.500000000000004885 ) ;
#1357 = ORIENTED_EDGE ( 'NONE', *, *, #305, .T. ) ;
#1358 = VECTOR ( 'NONE', #502, 1000.000000000000000 ) ;
#1359 = DIRECTION ( 'NONE',  ( 0.000000000000000000, 0.000000000000000000, 1.000000000000000000 ) ) ;
#1360 = EDGE_LOOP ( 'NONE', ( #1197, #657, #877, #1311 ) ) ;
#1361 = AXIS2_PLACEMENT_3D ( 'NONE', #1268, #1134, #178 ) ;
#1362 = VECTOR ( 'NONE', #1382, 1000.000000000000000 ) ;
#1363 = AXIS2_PLACEMENT_3D ( 'NONE', #1233, #628, #1582 ) ;
#1364 = EDGE_CURVE ( 'NONE', #159, #1478, #329, .T. ) ;
#1365 = CARTESIAN_POINT ( 'NONE',  ( 6.006598868991716245, -9.787043557220542311, 44.00000000000000000 ) ) ;
#1366 = CYLINDRICAL_SURFACE ( 'NONE', #1152, 1.499999999999999556 ) ;
#1367 = DIRECTION ( 'NONE',  ( 0.000000000000000000, 0.000000000000000000, 1.000000000000000000 ) ) ;
#1368 = VERTEX_POINT ( 'NONE', #1076 ) ;
#1369 = ORIENTED_EDGE ( 'NONE', *, *, #1266, .F. ) ;
#1370 = CYLINDRICAL_SURFACE ( 'NONE', #376, 1.499999999999999556 ) ;
#1371 = CARTESIAN_POINT ( 'NONE',  ( 31.50000000000000000, -28.00100000000000122, 24.99990000000000023 ) ) ;
#1372 = ORIENTED_EDGE ( 'NONE', *, *, #263, .T. ) ;
#1373 = EDGE_CURVE ( 'NONE', #63, #856, #675, .T. ) ;
#1374 = DIRECTION ( 'NONE',  ( 0.000000000000000000, 0.000000000000000000, 1.000000000000000000 ) ) ;
#1375 = EDGE_CURVE ( 'NONE', #462, #691, #933, .T. ) ;
#1376 = LINE ( 'NONE', #1511, #1381 ) ;
#1377 = AXIS2_PLACEMENT_3D ( 'NONE', #113, #354, #1320 ) ;
#1378 = VERTEX_POINT ( 'NONE', #1394 ) ;
#1379 = VECTOR ( 'NONE', #1194, 1000.000000000000000 ) ;
#1380 = AXIS2_PLACEMENT_3D ( 'NONE', #919, #36, #537 ) ;
#1381 = VECTOR ( 'NONE', #900, 1000.000000000000000 ) ;
#1382 = DIRECTION ( 'NONE',  ( -0.000000000000000000, -0.000000000000000000, 1.000000000000000000 ) ) ;
#1383 = CIRCLE ( 'NONE', #50, 1.500000000000001332 ) ;
#1384 = DIRECTION ( 'NONE',  ( 1.000000000000000000, 0.000000000000000000, 0.000000000000000000 ) ) ;
#1385 = ORIENTED_EDGE ( 'NONE', *, *, #869, .T. ) ;
#1386 = ORIENTED_EDGE ( 'NONE', *, *, #730, .F. ) ;
#1387 = CARTESIAN_POINT ( 'NONE',  ( 0.000000000000000000, -26.00000000000000711, 44.00000000000000000 ) ) ;
#1388 = ORIENTED_EDGE ( 'NONE', *, *, #1585, .T. ) ;
#1389 = ORIENTED_EDGE ( 'NONE', *, *, #1514, .T. ) ;
#1390 = FACE_BOUND ( 'NONE', #917, .T. ) ;
#1391 = ORIENTED_EDGE ( 'NONE', *, *, #650, .F. ) ;
#1392 = EDGE_CURVE ( 'NONE', #406, #1136, #576, .T. ) ;
#1393 = DIRECTION ( 'NONE',  ( 0.000000000000000000, 1.084202172485504557E-16, -1.000000000000000000 ) ) ;
#1394 = CARTESIAN_POINT ( 'NONE',  ( 38.50000000000000711, 0.000000000000000000, 33.49989999999999668 ) ) ;
#1395 = LINE ( 'NONE', #297, #1053 ) ;
#1396 = ORIENTED_EDGE ( 'NONE', *, *, #1364, .T. ) ;
#1397 = DIRECTION ( 'NONE',  ( -0.000000000000000000, 1.000000000000000000, -0.000000000000000000 ) ) ;
#1398 = ORIENTED_EDGE ( 'NONE', *, *, #1160, .F. ) ;
#1399 = AXIS2_PLACEMENT_3D ( 'NONE', #1351, #1012, #388 ) ;
#1400 = VECTOR ( 'NONE', #1140, 1000.000000000000000 ) ;
#1401 = EDGE_CURVE ( 'NONE', #1368, #192, #694, .T. ) ;
#1402 = CIRCLE ( 'NONE', #1566, 1.500000000000000444 ) ;
#1403 = LINE ( 'NONE', #210, #97 ) ;
#1404 = VECTOR ( 'NONE', #1335, 1000.000000000000000 ) ;
#1405 = FACE_OUTER_BOUND ( 'NONE', #61, .T. ) ;
#1406 = CYLINDRICAL_SURFACE ( 'NONE', #77, 3.000000000000006217 ) ;
#1407 = EDGE_LOOP ( 'NONE', ( #942, #1061, #1097, #13 ) ) ;
#1408 = EDGE_LOOP ( 'NONE', ( #541, #434 ) ) ;
#1409 = FACE_OUTER_BOUND ( 'NONE', #997, .T. ) ;
#1410 = VERTEX_POINT ( 'NONE', #59 ) ;
#1411 = ADVANCED_FACE ( 'NONE', ( #825, #1047, #191, #1414, #687, #834, #65 ), #584, .F. ) ;
#1412 = UNCERTAINTY_MEASURE_WITH_UNIT (LENGTH_MEASURE( 1.000000000000000082E-05 ), #361, 'distance_accuracy_value', 'NONE');
#1413 = CARTESIAN_POINT ( 'NONE',  ( 38.50000000000000711, 0.000000000000000000, 30.49989999999999313 ) ) ;
#1414 = FACE_BOUND ( 'NONE', #925, .T. ) ;
#1415 = ORIENTED_EDGE ( 'NONE', *, *, #649, .F. ) ;
#1416 = ORIENTED_EDGE ( 'NONE', *, *, #883, .T. ) ;
#1417 = DIRECTION ( 'NONE',  ( -1.000000000000000000, -1.224646799147353207E-16, 0.000000000000000000 ) ) ;
#1418 = ORIENTED_EDGE ( 'NONE', *, *, #1156, .F. ) ;
#1419 = CARTESIAN_POINT ( 'NONE',  ( 4.506598868991717133, -9.787043557220542311, 2.999899999999998901 ) ) ;
#1420 = EDGE_CURVE ( 'NONE', #81, #454, #1185, .T. ) ;
#1421 = CARTESIAN_POINT ( 'NONE',  ( 6.006598868991717133, -19.78869994050758407, -0.0001000000000028755665 ) ) ;
#1422 = CARTESIAN_POINT ( 'NONE',  ( 60.00000000000000000, 0.000000000000000000, -0.0001000000000000000183 ) ) ;
#1423 = EDGE_LOOP ( 'NONE', ( #895, #1049, #241, #486 ) ) ;
#1424 = EDGE_CURVE ( 'NONE', #1556, #1433, #79, .T. ) ;
#1425 = CYLINDRICAL_SURFACE ( 'NONE', #1562, 3.000000000000002665 ) ;
#1426 = ORIENTED_EDGE ( 'NONE', *, *, #155, .F. ) ;
#1427 = CIRCLE ( 'NONE', #326, 1.500000000000000444 ) ;
#1428 = DIRECTION ( 'NONE',  ( 0.000000000000000000, 1.000000000000000000, 0.000000000000000000 ) ) ;
#1429 = DIRECTION ( 'NONE',  ( 0.000000000000000000, 0.000000000000000000, -1.000000000000000000 ) ) ;
#1430 = CIRCLE ( 'NONE', #1458, 1.500000000000001332 ) ;
#1431 = CARTESIAN_POINT ( 'NONE',  ( 3.006598868991717133, -9.787043557220542311, -0.0001000000000028755665 ) ) ;
#1432 = CARTESIAN_POINT ( 'NONE',  ( 52.61285640384165418, -9.787043557220542311, 47.00000000000000000 ) ) ;
#1433 = VERTEX_POINT ( 'NONE', #179 ) ;
#1434 = AXIS2_PLACEMENT_3D ( 'NONE', #232, #739, #619 ) ;
#1435 = AXIS2_PLACEMENT_3D ( 'NONE', #314, #442, #953 ) ;
#1436 = DIRECTION ( 'NONE',  ( 1.000000000000000000, 0.000000000000000000, 0.000000000000000000 ) ) ;
#1437 = ORIENTED_EDGE ( 'NONE', *, *, #1191, .T. ) ;
#1438 = ADVANCED_FACE ( 'NONE', ( #86 ), #1406, .F. ) ;
#1439 = FACE_OUTER_BOUND ( 'NONE', #1043, .T. ) ;
#1440 = CARTESIAN_POINT ( 'NONE',  ( 60.00000000000000000, 0.000000000000000000, -0.0001000000000000000183 ) ) ;
#1441 = DIRECTION ( 'NONE',  ( -1.000000000000000000, 0.000000000000000000, 0.000000000000000000 ) ) ;
#1442 = VERTEX_POINT ( 'NONE', #1527 ) ;
#1443 = CARTESIAN_POINT ( 'NONE',  ( 19.00000000000000000, -14.00000000000000000, 44.00000000000000000 ) ) ;
#1444 = ORIENTED_EDGE ( 'NONE', *, *, #1343, .T. ) ;
#1445 = ADVANCED_FACE ( 'NONE', ( #1545 ), #1193, .F. ) ;
#1446 = CARTESIAN_POINT ( 'NONE',  ( 60.00000000000000000, -26.00000000000000711, 44.00000000000000000 ) ) ;
#1447 = DIRECTION ( 'NONE',  ( 0.000000000000000000, 0.000000000000000000, 1.000000000000000000 ) ) ;
#1448 = CYLINDRICAL_SURFACE ( 'NONE', #593, 1.500000000000004885 ) ;
#1449 = ORIENTED_EDGE ( 'NONE', *, *, #915, .F. ) ;
#1450 = CARTESIAN_POINT ( 'NONE',  ( 3.006598868991715801, -19.78869994050758407, -0.0001000000000028755665 ) ) ;
#1451 = EDGE_LOOP ( 'NONE', ( #1102, #696 ) ) ;
#1452 = PRODUCT_RELATED_PRODUCT_CATEGORY ( 'part', '', ( #1560 ) ) ;
#1453 = CARTESIAN_POINT ( 'NONE',  ( 24.82518364797984489, -28.00100000000000122, 16.50000037859228996 ) ) ;
#1454 = DIRECTION ( 'NONE',  ( -0.000000000000000000, -1.000000000000000000, -0.000000000000000000 ) ) ;
#1455 = VECTOR ( 'NONE', #1551, 1000.000000000000000 ) ;
#1456 = CARTESIAN_POINT ( 'NONE',  ( 40.99999999999999289, -14.00000000000000000, 47.00000000000000000 ) ) ;
#1457 = ORIENTED_EDGE ( 'NONE', *, *, #1493, .F. ) ;
#1458 = AXIS2_PLACEMENT_3D ( 'NONE', #1042, #805, #1520 ) ;
#1459 = DIRECTION ( 'NONE',  ( 0.000000000000000000, 1.000000000000000000, 0.000000000000000000 ) ) ;
#1460 = ORIENTED_EDGE ( 'NONE', *, *, #918, .F. ) ;
#1461 =( GEOMETRIC_REPRESENTATION_CONTEXT ( 3 ) GLOBAL_UNCERTAINTY_ASSIGNED_CONTEXT ( ( #211 ) ) GLOBAL_UNIT_ASSIGNED_CONTEXT ( ( #1150, #405, #511 ) ) REPRESENTATION_CONTEXT ( 'NONE', 'WORKASPACE' ) );
#1462 = DIRECTION ( 'NONE',  ( 0.000000000000000000, -0.000000000000000000, 1.000000000000000000 ) ) ;
#1463 = VECTOR ( 'NONE', #1174, 1000.000000000000000 ) ;
#1464 = APPLICATION_PROTOCOL_DEFINITION ( 'draft international standard', 'automotive_design', 1998, #510 ) ;
#1465 = CARTESIAN_POINT ( 'NONE',  ( 52.61285640384165418, -19.78869994050758407, -0.0001000000000028755665 ) ) ;
#1466 = VERTEX_POINT ( 'NONE', #1552 ) ;
#1467 = FACE_BOUND ( 'NONE', #316, .T. ) ;
#1468 = EDGE_CURVE ( 'NONE', #214, #1478, #203, .T. ) ;
#1469 = LINE ( 'NONE', #222, #492 ) ;
#1470 = VERTEX_POINT ( 'NONE', #1421 ) ;
#1471 = CARTESIAN_POINT ( 'NONE',  ( 52.61285640384165418, -9.787043557220542311, -0.0001000000000028755665 ) ) ;
#1472 = CARTESIAN_POINT ( 'NONE',  ( 37.99999999999999289, -14.00000000000000000, 2.999900000000000233 ) ) ;
#1473 = CARTESIAN_POINT ( 'NONE',  ( 3.006598868991717133, -9.787043557220542311, 47.00000000000000000 ) ) ;
#1474 = ORIENTED_EDGE ( 'NONE', *, *, #1191, .F. ) ;
#1475 = EDGE_CURVE ( 'NONE', #820, #1352, #1291, .T. ) ;
#1476 = DIRECTION ( 'NONE',  ( 0.000000000000000000, 0.000000000000000000, -1.000000000000000000 ) ) ;
#1477 = VERTEX_POINT ( 'NONE', #320 ) ;
#1478 = VERTEX_POINT ( 'NONE', #1309 ) ;
#1479 = ADVANCED_FACE ( 'NONE', ( #1158 ), #53, .F. ) ;
#1480 = CARTESIAN_POINT ( 'NONE',  ( 24.82518364797984489, -1.999999999999998224, 27.50000037859228641 ) ) ;
#1481 = AXIS2_PLACEMENT_3D ( 'NONE', #562, #273, #294 ) ;
#1482 = CARTESIAN_POINT ( 'NONE',  ( 15.99999999999999289, -14.00000000000000000, 47.00000000000000000 ) ) ;
#1483 = ORIENTED_EDGE ( 'NONE', *, *, #355, .F. ) ;
#1484 = ORIENTED_EDGE ( 'NONE', *, *, #1468, .F. ) ;
#1485 = AXIS2_PLACEMENT_3D ( 'NONE', #1548, #1189, #89 ) ;
#1486 = MECHANICAL_DESIGN_GEOMETRIC_PRESENTATION_REPRESENTATION (  '', ( #964 ), #910 ) ;
#1487 = LINE ( 'NONE', #873, #407 ) ;
#1488 = PRODUCT_CONTEXT ( 'NONE', #510, 'mechanical' ) ;
#1489 = LINE ( 'NONE', #1241, #695 ) ;
#1490 = DIRECTION ( 'NONE',  ( 1.000000000000000000, 0.000000000000000000, 0.000000000000000000 ) ) ;
#1491 = ORIENTED_EDGE ( 'NONE', *, *, #386, .F. ) ;
#1492 = EDGE_LOOP ( 'NONE', ( #863, #446 ) ) ;
#1493 = EDGE_CURVE ( 'NONE', #1575, #1442, #1578, .T. ) ;
#1494 = CARTESIAN_POINT ( 'NONE',  ( 51.11285640384165418, -19.78869994050758407, -0.0001000000000028755665 ) ) ;
#1495 = DIRECTION ( 'NONE',  ( -0.000000000000000000, -1.084202172485504557E-16, 1.000000000000000000 ) ) ;
#1496 = CARTESIAN_POINT ( 'NONE',  ( 19.00000000000000000, -14.00000000000000000, -0.0001000000000000000183 ) ) ;
#1497 = ORIENTED_EDGE ( 'NONE', *, *, #1082, .F. ) ;
#1498 = ORIENTED_EDGE ( 'NONE', *, *, #558, .F. ) ;
#1499 = CARTESIAN_POINT ( 'NONE',  ( 24.82518364797984489, -28.00100000000000122, 29.00000037859228641 ) ) ;
#1500 = DIRECTION ( 'NONE',  ( -0.000000000000000000, -1.000000000000000000, -0.000000000000000000 ) ) ;
#1501 = ORIENTED_EDGE ( 'NONE', *, *, #1468, .T. ) ;
#1502 = VERTEX_POINT ( 'NONE', #1100 ) ;
#1503 = DIRECTION ( 'NONE',  ( 0.000000000000000000, 1.000000000000000000, 0.000000000000000000 ) ) ;
#1504 = CIRCLE ( 'NONE', #224, 1.500000000000001332 ) ;
#1505 = CIRCLE ( 'NONE', #1278, 3.000000000000002665 ) ;
#1506 = CIRCLE ( 'NONE', #701, 5.999999999999991118 ) ;
#1507 = CARTESIAN_POINT ( 'NONE',  ( 52.61285640384165418, -19.78869994050758407, -0.0001000000000028755665 ) ) ;
#1508 = AXIS2_PLACEMENT_3D ( 'NONE', #1371, #381, #661 ) ;
#1509 = DIRECTION ( 'NONE',  ( 0.000000000000000000, 1.000000000000000000, 1.445602896647337191E-16 ) ) ;
#1510 = DIRECTION ( 'NONE',  ( 0.000000000000000000, 0.000000000000000000, 1.000000000000000000 ) ) ;
#1511 = CARTESIAN_POINT ( 'NONE',  ( 54.11285640384165418, -9.787043557220542311, -0.0001000000000028755665 ) ) ;
#1512 = ORIENTED_EDGE ( 'NONE', *, *, #784, .T. ) ;
#1513 = ORIENTED_EDGE ( 'NONE', *, *, #771, .F. ) ;
#1514 = EDGE_CURVE ( 'NONE', #1205, #424, #522, .T. ) ;
#1515 = VERTEX_POINT ( 'NONE', #966 ) ;
#1516 = DIRECTION ( 'NONE',  ( -0.000000000000000000, 1.000000000000000000, -0.000000000000000000 ) ) ;
#1517 = DIRECTION ( 'NONE',  ( 0.000000000000000000, 0.000000000000000000, 1.000000000000000000 ) ) ;
#1518 = ORIENTED_EDGE ( 'NONE', *, *, #23, .T. ) ;
#1519 = ADVANCED_FACE ( 'NONE', ( #228 ), #1201, .T. ) ;
#1520 = DIRECTION ( 'NONE',  ( 0.000000000000000000, 1.000000000000000000, 0.000000000000000000 ) ) ;
#1521 = CARTESIAN_POINT ( 'NONE',  ( 54.11285640384165418, -9.787043557220542311, 47.00000000000000000 ) ) ;
#1522 = EDGE_LOOP ( 'NONE', ( #83, #1295, #207, #301 ) ) ;
#1523 = EDGE_CURVE ( 'NONE', #793, #1477, #980, .T. ) ;
#1524 = CARTESIAN_POINT ( 'NONE',  ( 0.000000000000000000, 0.000000000000000000, 47.00000000000000000 ) ) ;
#1525 = DIRECTION ( 'NONE',  ( 0.000000000000000000, 1.000000000000000000, 0.000000000000000000 ) ) ;
#1526 = CYLINDRICAL_SURFACE ( 'NONE', #299, 1.500000000000000444 ) ;
#1527 = CARTESIAN_POINT ( 'NONE',  ( 0.000000000000000000, 0.000000000000000000, -0.0001000000000000000183 ) ) ;
#1528 = FACE_BOUND ( 'NONE', #734, .T. ) ;
#1529 = EDGE_LOOP ( 'NONE', ( #935, #1176, #1460, #828 ) ) ;
#1530 = CLOSED_SHELL ( 'NONE', ( #990, #1073, #622, #1301, #187, #1304, #561, #957, #481, #1138, #971, #334, #703, #530, #419, #1438, #581, #1542, #817, #1065, #846, #1166, #1519, #872, #118, #416, #1411, #29, #1445, #943, #428, #509, #1022, #218, #1338, #1479, #242, #1147, #630, #84, #854, #274, #524, #972 ) ) ;
#1531 = DIRECTION ( 'NONE',  ( 1.000000000000000000, 0.000000000000000000, 0.000000000000000000 ) ) ;
#1532 = EDGE_LOOP ( 'NONE', ( #109, #8, #1474, #756 ) ) ;
#1533 = CIRCLE ( 'NONE', #1282, 1.500000000000001332 ) ;
#1534 = COLOUR_RGB ( '',0.7921568627450980005, 0.8196078431372548767, 0.9333333333333333481 ) ;
#1535 = CARTESIAN_POINT ( 'NONE',  ( 54.11285640384165418, -19.78869994050758407, 44.00000000000000000 ) ) ;
#1536 = DIRECTION ( 'NONE',  ( -1.000000000000000000, 0.000000000000000000, 0.000000000000000000 ) ) ;
#1537 = FACE_BOUND ( 'NONE', #772, .T. ) ;
#1538 = ORIENTED_EDGE ( 'NONE', *, *, #312, .F. ) ;
#1539 = DIRECTION ( 'NONE',  ( -0.000000000000000000, -0.000000000000000000, 1.000000000000000000 ) ) ;
#1540 = ORIENTED_EDGE ( 'NONE', *, *, #117, .T. ) ;
#1541 = EDGE_CURVE ( 'NONE', #371, #1368, #1285, .T. ) ;
#1542 = ADVANCED_FACE ( 'NONE', ( #1230 ), #1563, .F. ) ;
#1543 = LINE ( 'NONE', #1550, #1007 ) ;
#1544 = CYLINDRICAL_SURFACE ( 'NONE', #403, 3.000000000000006217 ) ;
#1545 = FACE_OUTER_BOUND ( 'NONE', #1038, .T. ) ;
#1546 = VERTEX_POINT ( 'NONE', #1472 ) ;
#1547 = ORIENTED_EDGE ( 'NONE', *, *, #633, .F. ) ;
#1548 = CARTESIAN_POINT ( 'NONE',  ( 31.50000000000000000, 0.000000000000000000, 24.99990000000000023 ) ) ;
#1549 = ORIENTED_EDGE ( 'NONE', *, *, #1052, .T. ) ;
#1550 = CARTESIAN_POINT ( 'NONE',  ( 0.000000000000000000, 0.000000000000000000, 47.00000000000000000 ) ) ;
#1551 = DIRECTION ( 'NONE',  ( -0.000000000000000000, -1.000000000000000000, -0.000000000000000000 ) ) ;
#1552 = CARTESIAN_POINT ( 'NONE',  ( 51.11285640384165418, -9.787043557220542311, 2.999899999999998901 ) ) ;
#1553 = DIRECTION ( 'NONE',  ( 1.000000000000000000, 0.000000000000000000, 0.000000000000000000 ) ) ;
#1554 = ORIENTED_EDGE ( 'NONE', *, *, #847, .F. ) ;
#1555 = CARTESIAN_POINT ( 'NONE',  ( 40.99999999999999289, -14.00000000000000000, 2.999900000000000233 ) ) ;
#1556 = VERTEX_POINT ( 'NONE', #1588 ) ;
#1557 = AXIS2_PLACEMENT_3D ( 'NONE', #737, #321, #458 ) ;
#1558 = CIRCLE ( 'NONE', #668, 1.500000000000001332 ) ;
#1559 = VECTOR ( 'NONE', #1240, 1000.000000000000000 ) ;
#1560 = PRODUCT ( 'duojizhijia', 'duojizhijia', '', ( #1488 ) ) ;
#1561 = CARTESIAN_POINT ( 'NONE',  ( 40.99999999999999289, -14.00000000000000000, 2.999900000000000233 ) ) ;
#1562 = AXIS2_PLACEMENT_3D ( 'NONE', #1196, #814, #1070 ) ;
#1563 = CYLINDRICAL_SURFACE ( 'NONE', #201, 5.999999999999991118 ) ;
#1564 = DIRECTION ( 'NONE',  ( -0.000000000000000000, 1.000000000000000000, -0.000000000000000000 ) ) ;
#1565 = EDGE_LOOP ( 'NONE', ( #845, #761, #185, #618 ) ) ;
#1566 = AXIS2_PLACEMENT_3D ( 'NONE', #999, #1226, #992 ) ;
#1567 = LINE ( 'NONE', #1450, #1091 ) ;
#1568 = ORIENTED_EDGE ( 'NONE', *, *, #1576, .F. ) ;
#1569 = FACE_BOUND ( 'NONE', #970, .T. ) ;
#1570 = CARTESIAN_POINT ( 'NONE',  ( 22.00000000000000711, -14.00000000000000000, -0.0001000000000000000183 ) ) ;
#1571 = FILL_AREA_STYLE_COLOUR ( '', #1534 ) ;
#1572 = CARTESIAN_POINT ( 'NONE',  ( 24.82518364797984489, 0.000000000000000000, 15.00000037859228819 ) ) ;
#1573 = ORIENTED_EDGE ( 'NONE', *, *, #666, .T. ) ;
#1574 = DIRECTION ( 'NONE',  ( 0.000000000000000000, 1.084202172485504557E-16, -1.000000000000000000 ) ) ;
#1575 = VERTEX_POINT ( 'NONE', #1440 ) ;
#1576 = EDGE_CURVE ( 'NONE', #14, #1303, #647, .T. ) ;
#1577 = CARTESIAN_POINT ( 'NONE',  ( 0.000000000000000000, -26.00000000000000711, 44.00000000000000000 ) ) ;
#1578 = LINE ( 'NONE', #353, #1404 ) ;
#1579 = CARTESIAN_POINT ( 'NONE',  ( 24.82518364797984489, 0.000000000000000000, 29.00000037859228641 ) ) ;
#1580 = EDGE_LOOP ( 'NONE', ( #978, #216, #1286, #697 ) ) ;
#1581 = ADVANCED_BREP_SHAPE_REPRESENTATION ( 'duojizhijia', ( #1228, #1010 ), #704 ) ;
#1582 = DIRECTION ( 'NONE',  ( 1.000000000000000000, 0.000000000000000000, 0.000000000000000000 ) ) ;
#1583 = ORIENTED_EDGE ( 'NONE', *, *, #1105, .T. ) ;
#1584 = PLANE ( 'NONE',  #491 ) ;
#1585 = EDGE_CURVE ( 'NONE', #1368, #371, #1383, .T. ) ;
#1586 = CIRCLE ( 'NONE', #1557, 1.499999999999999556 ) ;
#1587 = CARTESIAN_POINT ( 'NONE',  ( 4.506598868991717133, -19.78869994050758407, 44.00000000000000000 ) ) ;
#1588 = CARTESIAN_POINT ( 'NONE',  ( 3.006598868991715801, -19.78869994050758407, -0.0001000000000028755665 ) ) ;
#1589 = CIRCLE ( 'NONE', #18, 1.500000000000001332 ) ;
#1590 = CARTESIAN_POINT ( 'NONE',  ( 24.82518364797984489, -1.999999999999998224, 13.50000037859228819 ) ) ;
#1591 = ORIENTED_EDGE ( 'NONE', *, *, #796, .F. ) ;
#1592 = AXIS2_PLACEMENT_3D ( 'NONE', #1229, #1114, #10 ) ;
#1593 = DIRECTION ( 'NONE',  ( -0.000000000000000000, -0.000000000000000000, 1.000000000000000000 ) ) ;
#1594 = EDGE_LOOP ( 'NONE', ( #747, #116 ) ) ;
#1595 = AXIS2_PLACEMENT_3D ( 'NONE', #372, #1574, #1459 ) ;
#1596 = VECTOR ( 'NONE', #112, 1000.000000000000000 ) ;
ENDSEC;
END-ISO-10303-21;
