ISO-10303-21;
HEADER;
FILE_DESCRIPTION (( 'STEP AP214' ),
    '1' );
FILE_NAME ('jiaqiang53gai.STEP',
    '2026-07-18T00:09:13',
    ( '' ),
    ( '' ),
    'SwSTEP 2.0',
    'SolidWorks 2020',
    '' );
FILE_SCHEMA (( 'AUTOMOTIVE_DESIGN' ));
ENDSEC;

DATA;
#1 = CARTESIAN_POINT ( 'NONE',  ( 15.00000000000000000, 0.000000000000000000, 53.00000000000000000 ) ) ;
#2 = EDGE_LOOP ( 'NONE', ( #745, #440, #75, #33, #129 ) ) ;
#3 = CARTESIAN_POINT ( 'NONE',  ( 15.00000000000000178, -12.99999999999999822, 2.000000000000000000 ) ) ;
#4 = EDGE_CURVE ( 'NONE', #469, #629, #1107, .T. ) ;
#5 = CARTESIAN_POINT ( 'NONE',  ( 5.648840489056716763, -4.294512983563551600, 48.88794077685728467 ) ) ;
#6 = DIRECTION ( 'NONE',  ( -0.000000000000000000, 1.000000000000000000, 0.000000000000000000 ) ) ;
#7 = AXIS2_PLACEMENT_3D ( 'NONE', #1090, #682, #1095 ) ;
#8 = EDGE_LOOP ( 'NONE', ( #508, #1299, #166 ) ) ;
#9 = ORIENTED_EDGE ( 'NONE', *, *, #27, .T. ) ;
#10 = DIRECTION ( 'NONE',  ( -1.000000000000000000, 0.000000000000000000, -0.000000000000000000 ) ) ;
#11 = EDGE_CURVE ( 'NONE', #536, #471, #976, .T. ) ;
#12 = CARTESIAN_POINT ( 'NONE',  ( 15.00000000000000000, 0.000000000000000000, 49.00000000000000000 ) ) ;
#13 = SURFACE_STYLE_USAGE ( .BOTH. , #316 ) ;
#14 = CIRCLE ( 'NONE', #1018, 1.500000000000003109 ) ;
#15 = ORIENTED_EDGE ( 'NONE', *, *, #1080, .T. ) ;
#16 = CARTESIAN_POINT ( 'NONE',  ( 6.313047325569981716, -11.74251770618295510, 49.00000000000000000 ) ) ;
#17 = CARTESIAN_POINT ( 'NONE',  ( 8.499999999999998224, -3.629065036196706728, 4.000000000000003553 ) ) ;
#18 = DIRECTION ( 'NONE',  ( -1.000000000000000000, 0.000000000000000000, 0.000000000000000000 ) ) ;
#19 = FACE_OUTER_BOUND ( 'NONE', #8, .T. ) ;
#20 = EDGE_CURVE ( 'NONE', #757, #1055, #864, .T. ) ;
#21 = ORIENTED_EDGE ( 'NONE', *, *, #126, .T. ) ;
#22 = VECTOR ( 'NONE', #913, 1000.000000000000000 ) ;
#23 = DIRECTION ( 'NONE',  ( 1.156482317317871478E-16, -1.000000000000000000, -0.000000000000000000 ) ) ;
#24 = DIRECTION ( 'NONE',  ( -0.000000000000000000, -1.000000000000000000, 0.000000000000000000 ) ) ;
#25 = DIRECTION ( 'NONE',  ( -0.000000000000000000, 0.000000000000000000, 1.000000000000000000 ) ) ;
#26 = ORIENTED_EDGE ( 'NONE', *, *, #39, .T. ) ;
#27 = EDGE_CURVE ( 'NONE', #105, #1201, #886, .T. ) ;
#28 = VERTEX_POINT ( 'NONE', #268 ) ;
#29 = CYLINDRICAL_SURFACE ( 'NONE', #1261, 1.500000000000003109 ) ;
#30 = DIRECTION ( 'NONE',  ( 1.000000000000000000, 0.000000000000000000, 0.000000000000000000 ) ) ;
#31 = DIRECTION ( 'NONE',  ( 0.000000000000000000, 0.000000000000000000, 1.000000000000000000 ) ) ;
#32 = FACE_OUTER_BOUND ( 'NONE', #390, .T. ) ;
#33 = ORIENTED_EDGE ( 'NONE', *, *, #1279, .F. ) ;
#34 = EDGE_LOOP ( 'NONE', ( #156, #560, #455 ) ) ;
#35 = VECTOR ( 'NONE', #1312, 1000.000000000000000 ) ;
#36 = EDGE_CURVE ( 'NONE', #767, #281, #1222, .T. ) ;
#37 = AXIS2_PLACEMENT_3D ( 'NONE', #737, #31, #42 ) ;
#38 = DIRECTION ( 'NONE',  ( -0.000000000000000000, -0.000000000000000000, -1.000000000000000000 ) ) ;
#39 = EDGE_CURVE ( 'NONE', #636, #954, #261, .T. ) ;
#40 = DIRECTION ( 'NONE',  ( 0.000000000000000000, -1.000000000000000000, -8.341008324935919428E-17 ) ) ;
#41 = AXIS2_PLACEMENT_3D ( 'NONE', #324, #731, #549 ) ;
#42 = DIRECTION ( 'NONE',  ( 1.000000000000000000, 0.000000000000000000, 0.000000000000000000 ) ) ;
#43 = CARTESIAN_POINT ( 'NONE',  ( 0.000000000000000000, -13.00000000000000000, 53.00000000000000000 ) ) ;
#44 = EDGE_LOOP ( 'NONE', ( #805, #664 ) ) ;
#45 = CIRCLE ( 'NONE', #656, 2.000000000000000000 ) ;
#46 = ORIENTED_EDGE ( 'NONE', *, *, #834, .T. ) ;
#47 = FACE_OUTER_BOUND ( 'NONE', #291, .T. ) ;
#48 = EDGE_CURVE ( 'NONE', #498, #1305, #752, .T. ) ;
#49 = DIRECTION ( 'NONE',  ( 0.000000000000000000, -0.000000000000000000, 1.000000000000000000 ) ) ;
#50 = ORIENTED_EDGE ( 'NONE', *, *, #625, .F. ) ;
#51 = ORIENTED_EDGE ( 'NONE', *, *, #458, .F. ) ;
#52 = ORIENTED_EDGE ( 'NONE', *, *, #702, .F. ) ;
#53 = LINE ( 'NONE', #340, #371 ) ;
#54 = EDGE_CURVE ( 'NONE', #1148, #546, #351, .T. ) ;
#55 = CARTESIAN_POINT ( 'NONE',  ( 4.313047325569980828, -1.199947729527013712E-15, 46.99999999999999289 ) ) ;
#56 = APPLICATION_PROTOCOL_DEFINITION ( 'draft international standard', 'automotive_design', 1998, #776 ) ;
#57 = CARTESIAN_POINT ( 'NONE',  ( 5.648840489056711434, -11.07451298356355274, 48.88794077685725625 ) ) ;
#58 = ORIENTED_EDGE ( 'NONE', *, *, #1302, .F. ) ;
#59 = CARTESIAN_POINT ( 'NONE',  ( 15.00000000000000000, 0.000000000000000000, 53.00000000000000000 ) ) ;
#60 = VECTOR ( 'NONE', #638, 1000.000000000000000 ) ;
#61 = AXIS2_PLACEMENT_3D ( 'NONE', #272, #576, #1004 ) ;
#62 = ORIENTED_EDGE ( 'NONE', *, *, #1182, .T. ) ;
#63 = FACE_OUTER_BOUND ( 'NONE', #773, .T. ) ;
#64 = DIRECTION ( 'NONE',  ( 1.000000000000000000, 1.156482317317871725E-16, -0.000000000000000000 ) ) ;
#65 = CARTESIAN_POINT ( 'NONE',  ( 7.000000000000000888, -3.629065036196706728, 0.000000000000000000 ) ) ;
#66 = ORIENTED_EDGE ( 'NONE', *, *, #202, .F. ) ;
#67 = ADVANCED_FACE ( 'NONE', ( #1005 ), #150, .T. ) ;
#68 = VECTOR ( 'NONE', #821, 1000.000000000000000 ) ;
#69 = VERTEX_POINT ( 'NONE', #320 ) ;
#70 = CARTESIAN_POINT ( 'NONE',  ( 5.648555048841219950, -9.743982850744249191, 48.88786451010582823 ) ) ;
#71 = CARTESIAN_POINT ( 'NONE',  ( 6.313047325569980828, -2.295612366210465272, 4.000000000000003553 ) ) ;
#72 = LINE ( 'NONE', #474, #567 ) ;
#73 = DIRECTION ( 'NONE',  ( -0.000000000000000000, 0.000000000000000000, -1.000000000000000000 ) ) ;
#74 = AXIS2_PLACEMENT_3D ( 'NONE', #1309, #194, #387 ) ;
#75 = ORIENTED_EDGE ( 'NONE', *, *, #898, .T. ) ;
#76 = DIRECTION ( 'NONE',  ( -1.000000000000000000, 0.000000000000000000, 0.000000000000000000 ) ) ;
#77 = DIRECTION ( 'NONE',  ( -2.168404344971008868E-16, 1.000000000000000000, 0.000000000000000000 ) ) ;
#78 = DIRECTION ( 'NONE',  ( -1.156482317317871478E-16, 1.000000000000000000, 0.000000000000000000 ) ) ;
#79 = VERTEX_POINT ( 'NONE', #315 ) ;
#80 = LINE ( 'NONE', #483, #269 ) ;
#81 = EDGE_CURVE ( 'NONE', #590, #329, #1133, .T. ) ;
#82 = AXIS2_PLACEMENT_3D ( 'NONE', #895, #377, #1001 ) ;
#83 = DIRECTION ( 'NONE',  ( 0.000000000000000000, 1.000000000000000000, 0.000000000000000000 ) ) ;
#84 = CARTESIAN_POINT ( 'NONE',  ( 6.313047325569982604, -15.00000000000000000, 49.00000000000000000 ) ) ;
#85 = FACE_OUTER_BOUND ( 'NONE', #1069, .T. ) ;
#86 = ORIENTED_EDGE ( 'NONE', *, *, #891, .F. ) ;
#87 = SPHERICAL_SURFACE ( 'NONE', #82, 2.000000000000000000 ) ;
#88 = EDGE_CURVE ( 'NONE', #930, #718, #399, .T. ) ;
#89 = CARTESIAN_POINT ( 'NONE',  ( 4.313047325569982604, -15.00000000000000000, 49.00000000000000000 ) ) ;
#90 = VERTEX_POINT ( 'NONE', #101 ) ;
#91 = DIRECTION ( 'NONE',  ( -1.000000000000000000, -0.000000000000000000, -0.000000000000000000 ) ) ;
#92 = CARTESIAN_POINT ( 'NONE',  ( 1.999999999999999556, -13.00000000000000000, 51.00000000000000000 ) ) ;
#93 = ORIENTED_EDGE ( 'NONE', *, *, #1205, .T. ) ;
#94 = DIRECTION ( 'NONE',  ( -1.156482317317871478E-16, 1.000000000000000000, 0.000000000000000000 ) ) ;
#95 = CARTESIAN_POINT ( 'NONE',  ( 0.000000000000000000, -7.436498017713874198, 39.97058571661720094 ) ) ;
#96 = ORIENTED_EDGE ( 'NONE', *, *, #11, .T. ) ;
#97 = DIRECTION ( 'NONE',  ( -0.000000000000000000, -0.000000000000000000, 1.000000000000000000 ) ) ;
#98 = ORIENTED_EDGE ( 'NONE', *, *, #233, .T. ) ;
#99 = SPHERICAL_SURFACE ( 'NONE', #678, 2.000000000000000000 ) ;
#100 = AXIS2_PLACEMENT_3D ( 'NONE', #1105, #1113, #1300 ) ;
#101 = CARTESIAN_POINT ( 'NONE',  ( 5.500000000000004441, -3.629065036196706728, 0.000000000000000000 ) ) ;
#102 = CYLINDRICAL_SURFACE ( 'NONE', #466, 1.500000000000003109 ) ;
#103 = ORIENTED_EDGE ( 'NONE', *, *, #1266, .F. ) ;
#104 = EDGE_CURVE ( 'NONE', #1272, #313, #151, .T. ) ;
#105 = VERTEX_POINT ( 'NONE', #819 ) ;
#106 = B_SPLINE_CURVE_WITH_KNOTS ( 'NONE', 3,
 ( #1219, #710, #311, #716, #808, #1013, #322, #1035, #526, #1127 ),
 .UNSPECIFIED., .F., .F.,
 ( 4, 2, 2, 2, 4 ),
 ( 0.001644712539763681014, 0.002056129841260805231, 0.002467547142757929232, 0.002878964444255053233, 0.003290381745752177668 ),
 .UNSPECIFIED. ) ;
#107 = FACE_OUTER_BOUND ( 'NONE', #810, .T. ) ;
#108 = AXIS2_PLACEMENT_3D ( 'NONE', #424, #832, #615 ) ;
#109 = CARTESIAN_POINT ( 'NONE',  ( 6.999999999999999112, -10.40906503619670787, 0.000000000000000000 ) ) ;
#110 = PRESENTATION_STYLE_ASSIGNMENT (( #13 ) ) ;
#111 = EDGE_LOOP ( 'NONE', ( #1122, #515 ) ) ;
#112 = DIRECTION ( 'NONE',  ( -1.000000000000000000, -0.000000000000000000, -0.000000000000000000 ) ) ;
#113 = CARTESIAN_POINT ( 'NONE',  ( 1.503427012513232947E-15, -13.00000000000000000, 51.00000000000000000 ) ) ;
#114 = CIRCLE ( 'NONE', #7, 3.073058506498573372 ) ;
#115 = VERTEX_POINT ( 'NONE', #17 ) ;
#116 = CARTESIAN_POINT ( 'NONE',  ( 2.000000000000000000, -2.000000000000000000, 2.000000000000001776 ) ) ;
#117 = ADVANCED_FACE ( 'NONE', ( #727 ), #504, .F. ) ;
#118 = CARTESIAN_POINT ( 'NONE',  ( 5.500000000000004441, -3.766312949941646782, 48.82728050566504407 ) ) ;
#119 = AXIS2_PLACEMENT_3D ( 'NONE', #674, #1088, #1274 ) ;
#120 = LINE ( 'NONE', #1, #1327 ) ;
#121 = CIRCLE ( 'NONE', #804, 2.000000000000001776 ) ;
#122 = EDGE_LOOP ( 'NONE', ( #1074, #1278, #579, #350, #50 ) ) ;
#123 = ORIENTED_EDGE ( 'NONE', *, *, #826, .T. ) ;
#124 = DIRECTION ( 'NONE',  ( 1.000000000000000000, 0.000000000000000000, 0.000000000000000000 ) ) ;
#125 = CARTESIAN_POINT ( 'NONE',  ( 5.877164386150935727, -4.633062749823022131, 48.95457011541653713 ) ) ;
#126 = EDGE_CURVE ( 'NONE', #258, #1305, #1029, .T. ) ;
#127 = AXIS2_PLACEMENT_3D ( 'NONE', #437, #648, #1275 ) ;
#128 = FACE_OUTER_BOUND ( 'NONE', #644, .T. ) ;
#129 = ORIENTED_EDGE ( 'NONE', *, *, #374, .T. ) ;
#130 = ORIENTED_EDGE ( 'NONE', *, *, #640, .T. ) ;
#131 = CARTESIAN_POINT ( 'NONE',  ( 8.500000000000001776, -10.40906503619670787, 0.000000000000000000 ) ) ;
#132 = CARTESIAN_POINT ( 'NONE',  ( 0.000000000000000000, -2.000000000000000000, 53.00000000000000000 ) ) ;
#133 = EDGE_CURVE ( 'NONE', #561, #1002, #708, .T. ) ;
#134 = SURFACE_STYLE_USAGE ( .BOTH. , #248 ) ;
#135 = ORIENTED_EDGE ( 'NONE', *, *, #725, .F. ) ;
#136 = ORIENTED_EDGE ( 'NONE', *, *, #1034, .F. ) ;
#137 = DIRECTION ( 'NONE',  ( 0.000000000000000000, 0.000000000000000000, -1.000000000000000000 ) ) ;
#138 = DIRECTION ( 'NONE',  ( 0.000000000000000000, 0.000000000000000000, -1.000000000000000000 ) ) ;
#139 = CARTESIAN_POINT ( 'NONE',  ( 15.00000000000000178, -14.99999999999999822, 49.00000000000000000 ) ) ;
#140 = ORIENTED_EDGE ( 'NONE', *, *, #434, .T. ) ;
#141 = ORIENTED_EDGE ( 'NONE', *, *, #948, .T. ) ;
#142 = VECTOR ( 'NONE', #978, 1000.000000000000000 ) ;
#143 = ADVANCED_FACE ( 'NONE', ( #608 ), #1318, .F. ) ;
#144 = CARTESIAN_POINT ( 'NONE',  ( 0.000000000000000000, -10.50955652421244579, 16.09999999999999787 ) ) ;
#145 = CARTESIAN_POINT ( 'NONE',  ( 15.00000000000000000, 8.095376221225102075E-16, 4.000000000000003553 ) ) ;
#146 = LINE ( 'NONE', #132, #778 ) ;
#147 = LINE ( 'NONE', #336, #327 ) ;
#148 = ORIENTED_EDGE ( 'NONE', *, *, #374, .F. ) ;
#149 = AXIS2_PLACEMENT_3D ( 'NONE', #621, #513, #1119 ) ;
#150 = CYLINDRICAL_SURFACE ( 'NONE', #591, 2.000000000000000000 ) ;
#151 = CIRCLE ( 'NONE', #257, 3.073058506498572484 ) ;
#152 = ORIENTED_EDGE ( 'NONE', *, *, #359, .F. ) ;
#153 = EDGE_CURVE ( 'NONE', #323, #1014, #1026, .T. ) ;
#154 = B_SPLINE_CURVE_WITH_KNOTS ( 'NONE', 3,
 ( #1158, #1137, #623, #246, #1151, #528, #251, #646, #740, #442 ),
 .UNSPECIFIED., .F., .F.,
 ( 4, 2, 2, 2, 4 ),
 ( 0.000000000000000000, 0.0004111781349409228555, 0.0008223562698818457110, 0.001233534404822768512, 0.001644712539763691422 ),
 .UNSPECIFIED. ) ;
#155 = CARTESIAN_POINT ( 'NONE',  ( 5.876874405221941267, -4.632796817513144205, 4.045477937453470396 ) ) ;
#156 = ORIENTED_EDGE ( 'NONE', *, *, #933, .F. ) ;
#157 = AXIS2_PLACEMENT_3D ( 'NONE', #339, #726, #952 ) ;
#158 = ORIENTED_EDGE ( 'NONE', *, *, #812, .T. ) ;
#159 = ORIENTED_EDGE ( 'NONE', *, *, #668, .T. ) ;
#160 = CARTESIAN_POINT ( 'NONE',  ( 5.499999999999997335, -10.40906503619670787, 48.82728050566504407 ) ) ;
#161 = EDGE_CURVE ( 'NONE', #1139, #684, #470, .T. ) ;
#162 = CARTESIAN_POINT ( 'NONE',  ( 6.077634803431420707, -2.438261245115370901, 4.011302130192611948 ) ) ;
#163 = VERTEX_POINT ( 'NONE', #530 ) ;
#164 = ORIENTED_EDGE ( 'NONE', *, *, #749, .F. ) ;
#165 = VECTOR ( 'NONE', #892, 1000.000000000000000 ) ;
#166 = ORIENTED_EDGE ( 'NONE', *, *, #1240, .T. ) ;
#167 = AXIS2_PLACEMENT_3D ( 'NONE', #1267, #1162, #635 ) ;
#168 = AXIS2_PLACEMENT_3D ( 'NONE', #932, #516, #817 ) ;
#169 = DIRECTION ( 'NONE',  ( -0.000000000000000000, -0.000000000000000000, -1.000000000000000000 ) ) ;
#170 = UNCERTAINTY_MEASURE_WITH_UNIT (LENGTH_MEASURE( 1.000000000000000082E-05 ), #237, 'distance_accuracy_value', 'NONE');
#171 = DIRECTION ( 'NONE',  ( 1.000000000000000000, 0.000000000000000000, 0.000000000000000000 ) ) ;
#172 = CIRCLE ( 'NONE', #127, 1.499999999999996891 ) ;
#173 = VERTEX_POINT ( 'NONE', #429 ) ;
#174 = LINE ( 'NONE', #882, #288 ) ;
#175 = DIRECTION ( 'NONE',  ( 1.000000000000000000, 0.000000000000000000, 0.000000000000000000 ) ) ;
#176 = CARTESIAN_POINT ( 'NONE',  ( 7.000000000000000888, -3.629065036196706728, 4.000000000000003553 ) ) ;
#177 = EDGE_CURVE ( 'NONE', #491, #1163, #1242, .T. ) ;
#178 = ADVANCED_FACE ( 'NONE', ( #214 ), #99, .T. ) ;
#179 = EDGE_LOOP ( 'NONE', ( #303, #1188, #103, #222 ) ) ;
#180 = CARTESIAN_POINT ( 'NONE',  ( 5.499999999999997335, -10.40906503619670787, 0.000000000000000000 ) ) ;
#181 = LINE ( 'NONE', #1102, #454 ) ;
#182 = ORIENTED_EDGE ( 'NONE', *, *, #415, .F. ) ;
#183 = EDGE_CURVE ( 'NONE', #757, #583, #488, .T. ) ;
#184 = AXIS2_PLACEMENT_3D ( 'NONE', #807, #192, #1216 ) ;
#185 = CARTESIAN_POINT ( 'NONE',  ( 5.500000000000005329, -3.491817122451767119, 4.172719494334958590 ) ) ;
#186 = ORIENTED_EDGE ( 'NONE', *, *, #989, .T. ) ;
#187 = CARTESIAN_POINT ( 'NONE',  ( 15.00000000000000178, -12.99999999999999467, 53.00000000000000000 ) ) ;
#188 = FACE_BOUND ( 'NONE', #213, .T. ) ;
#189 = VERTEX_POINT ( 'NONE', #701 ) ;
#190 = DIRECTION ( 'NONE',  ( -1.000000000000000000, -1.156482317317871478E-16, 0.000000000000000000 ) ) ;
#191 = EDGE_CURVE ( 'NONE', #835, #1305, #707, .T. ) ;
#192 = DIRECTION ( 'NONE',  ( -0.000000000000000000, -0.000000000000000000, 1.000000000000000000 ) ) ;
#193 = AXIS2_PLACEMENT_3D ( 'NONE', #396, #1218, #208 ) ;
#194 = DIRECTION ( 'NONE',  ( -0.000000000000000000, 1.000000000000000000, -0.000000000000000000 ) ) ;
#195 = CARTESIAN_POINT ( 'NONE',  ( 4.313047325569980828, -7.436498017713874198, 16.10000000000000142 ) ) ;
#196 = CARTESIAN_POINT ( 'NONE',  ( 0.000000000000000000, 0.000000000000000000, 51.00000000000000000 ) ) ;
#197 = ORIENTED_EDGE ( 'NONE', *, *, #826, .F. ) ;
#198 = AXIS2_PLACEMENT_3D ( 'NONE', #687, #595, #1100 ) ;
#199 = CARTESIAN_POINT ( 'NONE',  ( 15.00000000000000000, 0.000000000000000000, 49.00000000000000000 ) ) ;
#200 = LINE ( 'NONE', #600, #938 ) ;
#201 = CARTESIAN_POINT ( 'NONE',  ( 0.000000000000000000, -2.000000000000000000, 2.000000000000001776 ) ) ;
#202 = EDGE_CURVE ( 'NONE', #828, #930, #1221, .T. ) ;
#203 =( NAMED_UNIT ( * ) PLANE_ANGLE_UNIT ( ) SI_UNIT ( $, .RADIAN. ) );
#204 = CARTESIAN_POINT ( 'NONE',  ( 6.313047325569981716, -11.74251770618295510, 4.000000000000003553 ) ) ;
#205 = ORIENTED_EDGE ( 'NONE', *, *, #749, .T. ) ;
#206 = DIRECTION ( 'NONE',  ( 1.000000000000000000, 1.156482317317871478E-16, 0.000000000000000000 ) ) ;
#207 = CIRCLE ( 'NONE', #624, 2.000000000000000000 ) ;
#208 = DIRECTION ( 'NONE',  ( 1.156482317317871725E-16, -1.000000000000000000, 0.000000000000000000 ) ) ;
#209 = VECTOR ( 'NONE', #321, 1000.000000000000000 ) ;
#210 = DIRECTION ( 'NONE',  ( -0.000000000000000000, -0.000000000000000000, -1.000000000000000000 ) ) ;
#211 = EDGE_CURVE ( 'NONE', #636, #536, #1116, .T. ) ;
#212 = ORIENTED_EDGE ( 'NONE', *, *, #854, .T. ) ;
#213 = EDGE_LOOP ( 'NONE', ( #896, #1061, #1230, #597, #916 ) ) ;
#214 = FACE_OUTER_BOUND ( 'NONE', #1195, .T. ) ;
#215 = VECTOR ( 'NONE', #341, 1000.000000000000000 ) ;
#216 = DIRECTION ( 'NONE',  ( -1.000000000000000000, 0.000000000000000000, 0.000000000000000000 ) ) ;
#217 = VECTOR ( 'NONE', #112, 1000.000000000000000 ) ;
#218 = DIRECTION ( 'NONE',  ( 1.000000000000000000, 0.000000000000000000, 0.000000000000000000 ) ) ;
#219 = VERTEX_POINT ( 'NONE', #606 ) ;
#220 = DIRECTION ( 'NONE',  ( 0.000000000000000000, 0.000000000000000000, -1.000000000000000000 ) ) ;
#221 = DIRECTION ( 'NONE',  ( -0.000000000000000000, 1.000000000000000000, 0.000000000000000000 ) ) ;
#222 = ORIENTED_EDGE ( 'NONE', *, *, #224, .F. ) ;
#223 = DIRECTION ( 'NONE',  ( 0.000000000000000000, 0.000000000000000000, 1.000000000000000000 ) ) ;
#224 = EDGE_CURVE ( 'NONE', #629, #1287, #397, .T. ) ;
#225 = CARTESIAN_POINT ( 'NONE',  ( 2.000000000000000000, 0.000000000000000000, 0.000000000000000000 ) ) ;
#226 = DIRECTION ( 'NONE',  ( 1.000000000000000000, 0.000000000000000000, 0.000000000000000000 ) ) ;
#227 = CIRCLE ( 'NONE', #563, 2.000000000000000000 ) ;
#228 = CARTESIAN_POINT ( 'NONE',  ( 0.000000000000000000, -4.363439511215299937, 36.89752721011862491 ) ) ;
#229 = COLOUR_RGB ( '',1.000000000000000000, 1.000000000000000000, 1.000000000000000000 ) ;
#230 = ORIENTED_EDGE ( 'NONE', *, *, #177, .T. ) ;
#231 = EDGE_LOOP ( 'NONE', ( #1175, #338, #58, #598, #495 ) ) ;
#232 = CARTESIAN_POINT ( 'NONE',  ( 6.313047325569980828, -1.004630715935550958E-15, 47.00000000000000000 ) ) ;
#233 = EDGE_CURVE ( 'NONE', #1002, #79, #984, .T. ) ;
#234 = CIRCLE ( 'NONE', #333, 2.000000000000000000 ) ;
#235 = ADVANCED_FACE ( 'NONE', ( #107 ), #824, .F. ) ;
#236 = CARTESIAN_POINT ( 'NONE',  ( 5.648555048841227055, -4.294147221649163626, 4.112135489894178875 ) ) ;
#237 =( LENGTH_UNIT ( ) NAMED_UNIT ( * ) SI_UNIT ( .MILLI., .METRE. ) );
#238 = ORIENTED_EDGE ( 'NONE', *, *, #11, .F. ) ;
#239 = ORIENTED_EDGE ( 'NONE', *, *, #785, .T. ) ;
#240 = CARTESIAN_POINT ( 'NONE',  ( 0.000000000000000000, -15.00000000000000000, 51.00000000000000000 ) ) ;
#241 = CYLINDRICAL_SURFACE ( 'NONE', #965, 1.499999999999996225 ) ;
#242 = ADVANCED_FACE ( 'NONE', ( #496 ), #927, .F. ) ;
#243 = CYLINDRICAL_SURFACE ( 'NONE', #335, 3.073058506498575593 ) ;
#244 = ORIENTED_EDGE ( 'NONE', *, *, #1091, .T. ) ;
#245 = ORIENTED_EDGE ( 'NONE', *, *, #1034, .T. ) ;
#246 = CARTESIAN_POINT ( 'NONE',  ( 5.877164386150932174, -9.405067322570381805, 4.045429884583443325 ) ) ;
#247 = DIRECTION ( 'NONE',  ( -1.156482317317871478E-16, 1.000000000000000000, 0.000000000000000000 ) ) ;
#248 = SURFACE_SIDE_STYLE ('',( #342 ) ) ;
#249 = ORIENTED_EDGE ( 'NONE', *, *, #161, .T. ) ;
#250 = CARTESIAN_POINT ( 'NONE',  ( 5.593717393958253403, -10.94871972967982821, 4.133401851973021124 ) ) ;
#251 = CARTESIAN_POINT ( 'NONE',  ( 5.593361812160623003, -9.870648294311783033, 4.133546764203817503 ) ) ;
#252 = CARTESIAN_POINT ( 'NONE',  ( 6.077974832543901584, -9.217948677041224670, 48.98875444247111943 ) ) ;
#253 = DIRECTION ( 'NONE',  ( 1.000000000000000000, 1.156482317317871725E-16, -0.000000000000000000 ) ) ;
#254 =( NAMED_UNIT ( * ) PLANE_ANGLE_UNIT ( ) SI_UNIT ( $, .RADIAN. ) );
#255 = ORIENTED_EDGE ( 'NONE', *, *, #768, .F. ) ;
#256 = DIRECTION ( 'NONE',  ( 1.000000000000000000, 1.156482317317871478E-16, -0.000000000000000000 ) ) ;
#257 = AXIS2_PLACEMENT_3D ( 'NONE', #1021, #524, #1223 ) ;
#258 = VERTEX_POINT ( 'NONE', #199 ) ;
#259 = ADVANCED_FACE ( 'NONE', ( #1226, #1028, #1104 ), #1015, .F. ) ;
#260 = CARTESIAN_POINT ( 'NONE',  ( 7.000000000000000888, -3.629065036196706728, 0.000000000000000000 ) ) ;
#261 = CIRCLE ( 'NONE', #198, 2.000000000000001776 ) ;
#262 = CARTESIAN_POINT ( 'NONE',  ( 15.00000000000000000, -1.999999999999999112, 53.00000000000000000 ) ) ;
#263 = ORIENTED_EDGE ( 'NONE', *, *, #305, .F. ) ;
#264 = CARTESIAN_POINT ( 'NONE',  ( 6.191070184078823146, -11.67967893773417032, 4.000000000000003553 ) ) ;
#265 = EDGE_LOOP ( 'NONE', ( #906, #1313, #239, #1239, #1044, #796, #1038, #148, #1134, #880 ) ) ;
#266 = LINE ( 'NONE', #669, #915 ) ;
#267 = FACE_OUTER_BOUND ( 'NONE', #122, .T. ) ;
#268 = CARTESIAN_POINT ( 'NONE',  ( 8.499999999999996447, -3.629065036196706728, 0.000000000000000000 ) ) ;
#269 = VECTOR ( 'NONE', #897, 1000.000000000000000 ) ;
#270 = ORIENTED_EDGE ( 'NONE', *, *, #1191, .F. ) ;
#271 = FACE_OUTER_BOUND ( 'NONE', #265, .T. ) ;
#272 = CARTESIAN_POINT ( 'NONE',  ( 2.000000000000000000, -13.00000000000000000, 53.00000000000000000 ) ) ;
#273 = ADVANCED_FACE ( 'NONE', ( #714 ), #413, .T. ) ;
#274 = DIRECTION ( 'NONE',  ( 1.156482317317871478E-16, -1.000000000000000000, -0.000000000000000000 ) ) ;
#275 = VECTOR ( 'NONE', #97, 1000.000000000000000 ) ;
#276 = ORIENTED_EDGE ( 'NONE', *, *, #177, .F. ) ;
#277 = LINE ( 'NONE', #297, #1099 ) ;
#278 = CARTESIAN_POINT ( 'NONE',  ( 6.999999999999999112, -10.40906503619670787, 0.000000000000000000 ) ) ;
#279 = CARTESIAN_POINT ( 'NONE',  ( 4.313047325569980828, 4.987962965776816930E-16, 3.120719817294133284E-32 ) ) ;
#280 = EDGE_CURVE ( 'NONE', #722, #471, #655, .T. ) ;
#281 = VERTEX_POINT ( 'NONE', #1207 ) ;
#282 = DIRECTION ( 'NONE',  ( -0.000000000000000000, -1.251151248740387729E-16, -1.000000000000000000 ) ) ;
#283 = FACE_OUTER_BOUND ( 'NONE', #706, .T. ) ;
#284 = CYLINDRICAL_SURFACE ( 'NONE', #410, 2.000000000000000000 ) ;
#285 = ADVANCED_FACE ( 'NONE', ( #911 ), #1033, .T. ) ;
#286 = CARTESIAN_POINT ( 'NONE',  ( 0.000000000000000000, -2.000000000000000000, 51.00000000000000000 ) ) ;
#287 = VERTEX_POINT ( 'NONE', #289 ) ;
#288 = VECTOR ( 'NONE', #769, 1000.000000000000000 ) ;
#289 = CARTESIAN_POINT ( 'NONE',  ( 5.500000000000004441, -3.629065036196706728, 4.172719494334957702 ) ) ;
#290 = CARTESIAN_POINT ( 'NONE',  ( 7.000000000000000888, -3.629065036196706728, 49.00000000000000000 ) ) ;
#291 = EDGE_LOOP ( 'NONE', ( #1246, #453, #1251, #712, #263 ) ) ;
#292 = FACE_OUTER_BOUND ( 'NONE', #1262, .T. ) ;
#293 = CARTESIAN_POINT ( 'NONE',  ( 2.000000000000000000, -2.000000000000000000, 2.000000000000000000 ) ) ;
#294 = ORIENTED_EDGE ( 'NONE', *, *, #1152, .T. ) ;
#295 = CIRCLE ( 'NONE', #676, 3.073058506498571596 ) ;
#296 = CIRCLE ( 'NONE', #1045, 1.500000000000003109 ) ;
#297 = CARTESIAN_POINT ( 'NONE',  ( 15.00000000000000000, 0.000000000000000000, 53.00000000000000000 ) ) ;
#298 = EDGE_CURVE ( 'NONE', #427, #757, #355, .T. ) ;
#299 = DIRECTION ( 'NONE',  ( 0.000000000000000000, 0.000000000000000000, 1.000000000000000000 ) ) ;
#300 = SURFACE_STYLE_FILL_AREA ( #1320 ) ;
#301 = FACE_OUTER_BOUND ( 'NONE', #985, .T. ) ;
#302 = ORIENTED_EDGE ( 'NONE', *, *, #611, .T. ) ;
#303 = ORIENTED_EDGE ( 'NONE', *, *, #4, .F. ) ;
#304 = CARTESIAN_POINT ( 'NONE',  ( 1.503427012513232947E-15, -13.00000000000000000, 53.00000000000000000 ) ) ;
#305 = EDGE_CURVE ( 'NONE', #173, #561, #296, .T. ) ;
#306 = CARTESIAN_POINT ( 'NONE',  ( 6.077634803431423371, -4.819868827278044776, 48.98869786980741026 ) ) ;
#307 = EDGE_LOOP ( 'NONE', ( #774, #659, #344, #15, #378, #955, #643, #487, #405, #123 ) ) ;
#308 = ORIENTED_EDGE ( 'NONE', *, *, #1256, .T. ) ;
#309 = CARTESIAN_POINT ( 'NONE',  ( 15.00000000000000178, -14.99999999999999822, 53.00000000000000000 ) ) ;
#310 = AXIS2_PLACEMENT_3D ( 'NONE', #293, #1212, #698 ) ;
#311 = CARTESIAN_POINT ( 'NONE',  ( 5.519105479657683055, -3.353730011410537504, 48.83610471979125123 ) ) ;
#312 = VERTEX_POINT ( 'NONE', #958 ) ;
#313 = VERTEX_POINT ( 'NONE', #144 ) ;
#314 = PRESENTATION_LAYER_ASSIGNMENT (  '', '', ( #571 ) ) ;
#315 = CARTESIAN_POINT ( 'NONE',  ( 5.499999999999996447, -10.40906503619670787, 53.00000000000000000 ) ) ;
#316 = SURFACE_SIDE_STYLE ('',( #300 ) ) ;
#317 = ADVANCED_FACE ( 'NONE', ( #47 ), #29, .F. ) ;
#318 = EDGE_LOOP ( 'NONE', ( #888, #66, #637, #857, #1150, #1096, #751, #1260, #255, #540 ) ) ;
#319 = DIRECTION ( 'NONE',  ( 0.000000000000000000, 0.000000000000000000, -1.000000000000000000 ) ) ;
#320 = CARTESIAN_POINT ( 'NONE',  ( 8.500000000000001776, -10.40906503619670787, 4.000000000000003553 ) ) ;
#321 = DIRECTION ( 'NONE',  ( -1.000000000000000000, -1.156482317317871478E-16, 0.000000000000000000 ) ) ;
#322 = CARTESIAN_POINT ( 'NONE',  ( 5.876874405221941267, -2.625333254880270584, 48.95452206254653049 ) ) ;
#323 = VERTEX_POINT ( 'NONE', #131 ) ;
#324 = CARTESIAN_POINT ( 'NONE',  ( 6.313047325569982604, -15.00000000000000000, 47.00000000000000000 ) ) ;
#325 = VECTOR ( 'NONE', #464, 1000.000000000000000 ) ;
#326 = CARTESIAN_POINT ( 'NONE',  ( 8.499999999999996447, -3.629065036196706728, 0.000000000000000000 ) ) ;
#327 = VECTOR ( 'NONE', #641, 1000.000000000000000 ) ;
#328 = ORIENTED_EDGE ( 'NONE', *, *, #409, .F. ) ;
#329 = VERTEX_POINT ( 'NONE', #836 ) ;
#330 = VECTOR ( 'NONE', #206, 1000.000000000000000 ) ;
#331 = CYLINDRICAL_SURFACE ( 'NONE', #391, 2.000000000000000000 ) ;
#332 = EDGE_CURVE ( 'NONE', #841, #936, #448, .T. ) ;
#333 = AXIS2_PLACEMENT_3D ( 'NONE', #443, #657, #138 ) ;
#334 = CARTESIAN_POINT ( 'NONE',  ( 6.313047325569980828, -1.004630715935550958E-15, 49.00000000000000000 ) ) ;
#335 = AXIS2_PLACEMENT_3D ( 'NONE', #848, #349, #642 ) ;
#336 = CARTESIAN_POINT ( 'NONE',  ( 15.00000000000000000, 0.000000000000000000, 0.000000000000000000 ) ) ;
#337 = ORIENTED_EDGE ( 'NONE', *, *, #704, .T. ) ;
#338 = ORIENTED_EDGE ( 'NONE', *, *, #683, .T. ) ;
#339 = CARTESIAN_POINT ( 'NONE',  ( 2.000000000000000000, -13.00000000000000000, 2.000000000000000000 ) ) ;
#340 = CARTESIAN_POINT ( 'NONE',  ( 4.313047325569980828, 4.987962965776816930E-16, 6.000000000000003553 ) ) ;
#341 = DIRECTION ( 'NONE',  ( -1.156482317317871478E-16, 1.000000000000000000, 0.000000000000000000 ) ) ;
#342 = SURFACE_STYLE_FILL_AREA ( #763 ) ;
#343 = FACE_BOUND ( 'NONE', #44, .T. ) ;
#344 = ORIENTED_EDGE ( 'NONE', *, *, #578, .T. ) ;
#345 = CARTESIAN_POINT ( 'NONE',  ( 5.876874405221936826, -11.41279681751315067, 4.045477937453471284 ) ) ;
#346 = CARTESIAN_POINT ( 'NONE',  ( 6.999999999999999112, -10.40906503619670787, 49.00000000000000000 ) ) ;
#347 = CARTESIAN_POINT ( 'NONE',  ( 6.191070184078824923, -9.138451134659243635, 48.99999999999999289 ) ) ;
#348 = CARTESIAN_POINT ( 'NONE',  ( 5.500000000000004441, -3.629065036196706728, 4.172719494334957702 ) ) ;
#349 = DIRECTION ( 'NONE',  ( -1.000000000000000000, -0.000000000000000000, -0.000000000000000000 ) ) ;
#350 = ORIENTED_EDGE ( 'NONE', *, *, #1080, .F. ) ;
#351 = LINE ( 'NONE', #652, #881 ) ;
#352 = ORIENTED_EDGE ( 'NONE', *, *, #990, .T. ) ;
#353 = CARTESIAN_POINT ( 'NONE',  ( 5.519105479657675950, -10.13373001141053642, 48.83610471979125123 ) ) ;
#354 = CARTESIAN_POINT ( 'NONE',  ( 7.000000000000000888, -3.629065036196706728, 0.000000000000000000 ) ) ;
#355 = CIRCLE ( 'NONE', #876, 3.073058506498573372 ) ;
#356 = CARTESIAN_POINT ( 'NONE',  ( 5.499999999999998224, -10.54631294994165103, 48.82728050566504407 ) ) ;
#357 = ORIENTED_EDGE ( 'NONE', *, *, #702, .T. ) ;
#358 = CARTESIAN_POINT ( 'NONE',  ( 4.313047325569981716, -10.50955652421244402, -8.766029845984059413E-16 ) ) ;
#359 = EDGE_CURVE ( 'NONE', #469, #1163, #971, .T. ) ;
#360 = AXIS2_PLACEMENT_3D ( 'NONE', #922, #813, #940 ) ;
#361 = EDGE_LOOP ( 'NONE', ( #991, #1157, #949, #276 ) ) ;
#362 = CARTESIAN_POINT ( 'NONE',  ( 8.500000000000001776, -10.40906503619670787, 53.00000000000000000 ) ) ;
#363 = CARTESIAN_POINT ( 'NONE',  ( 5.499999999999997335, -10.40906503619670787, 48.82728050566504407 ) ) ;
#364 = DIRECTION ( 'NONE',  ( 1.000000000000000000, 0.000000000000000000, 0.000000000000000000 ) ) ;
#365 = CARTESIAN_POINT ( 'NONE',  ( 6.077974832543901584, -11.60018139535219106, 4.011245557528888561 ) ) ;
#366 = ORIENTED_EDGE ( 'NONE', *, *, #1129, .F. ) ;
#367 = CARTESIAN_POINT ( 'NONE',  ( 0.000000000000000000, 0.000000000000000000, 2.000000000000001776 ) ) ;
#368 = EDGE_CURVE ( 'NONE', #469, #590, #724, .T. ) ;
#369 = CARTESIAN_POINT ( 'NONE',  ( 6.313047325569980828, -4.962517706182947741, 49.00000000000000000 ) ) ;
#370 = PLANE ( 'NONE',  #1128 ) ;
#371 = VECTOR ( 'NONE', #966, 1000.000000000000000 ) ;
#372 = ORIENTED_EDGE ( 'NONE', *, *, #973, .F. ) ;
#373 = PLANE ( 'NONE',  #414 ) ;
#374 = EDGE_CURVE ( 'NONE', #1043, #105, #154, .T. ) ;
#375 = LINE ( 'NONE', #783, #959 ) ;
#376 = DIRECTION ( 'NONE',  ( -1.000000000000000000, 0.000000000000000000, 0.000000000000000000 ) ) ;
#377 = DIRECTION ( 'NONE',  ( -0.000000000000000000, 1.000000000000000000, 0.000000000000000000 ) ) ;
#378 = ORIENTED_EDGE ( 'NONE', *, *, #1288, .T. ) ;
#379 = VECTOR ( 'NONE', #694, 1000.000000000000000 ) ;
#380 = CARTESIAN_POINT ( 'NONE',  ( 2.000000000000000000, -2.000000000000000000, 53.00000000000000000 ) ) ;
#381 = PLANE ( 'NONE',  #852 ) ;
#382 = VECTOR ( 'NONE', #256, 1000.000000000000000 ) ;
#383 = ORIENTED_EDGE ( 'NONE', *, *, #211, .T. ) ;
#384 = CARTESIAN_POINT ( 'NONE',  ( 2.000000000000000000, 0.000000000000000000, 2.000000000000000000 ) ) ;
#385 = FACE_OUTER_BOUND ( 'NONE', #910, .T. ) ;
#386 = CARTESIAN_POINT ( 'NONE',  ( 5.648840489056716763, -2.963617088829862301, 4.112059223142732201 ) ) ;
#387 = DIRECTION ( 'NONE',  ( 0.000000000000000000, 0.000000000000000000, -1.000000000000000000 ) ) ;
#388 = CARTESIAN_POINT ( 'NONE',  ( 15.00000000000000178, -7.436498017713874198, 16.10000000000000142 ) ) ;
#389 = ADVANCED_FACE ( 'NONE', ( #1040 ), #428, .T. ) ;
#390 = EDGE_LOOP ( 'NONE', ( #849, #827, #501, #308 ) ) ;
#391 = AXIS2_PLACEMENT_3D ( 'NONE', #232, #1248, #632 ) ;
#392 = VECTOR ( 'NONE', #490, 1000.000000000000000 ) ;
#393 = CARTESIAN_POINT ( 'NONE',  ( 6.999999999999999112, -10.40906503619670787, 49.00000000000000000 ) ) ;
#394 = CARTESIAN_POINT ( 'NONE',  ( 0.000000000000000000, -4.363439511215302602, 16.10000000000000142 ) ) ;
#395 = AXIS2_PLACEMENT_3D ( 'NONE', #584, #862, #1054 ) ;
#396 = CARTESIAN_POINT ( 'NONE',  ( 15.00000000000000000, 0.000000000000000000, 53.00000000000000000 ) ) ;
#397 = CIRCLE ( 'NONE', #505, 2.000000000000000000 ) ;
#398 = VERTEX_POINT ( 'NONE', #1255 ) ;
#399 = B_SPLINE_CURVE_WITH_KNOTS ( 'NONE', 3,
 ( #934, #601, #306, #125, #928, #5, #1017, #620, #118, #1117 ),
 .UNSPECIFIED., .F., .F.,
 ( 4, 2, 2, 2, 4 ),
 ( 0.000000000000000000, 0.0004111781349409202534, 0.0008223562698818405068, 0.001233534404822760706, 0.001644712539763681014 ),
 .UNSPECIFIED. ) ;
#400 = VECTOR ( 'NONE', #867, 1000.000000000000000 ) ;
#401 = VECTOR ( 'NONE', #982, 1000.000000000000000 ) ;
#402 = DIRECTION ( 'NONE',  ( 1.000000000000000000, 1.156482317317871725E-16, -0.000000000000000000 ) ) ;
#403 = DIRECTION ( 'NONE',  ( 0.000000000000000000, 0.000000000000000000, -1.000000000000000000 ) ) ;
#404 = DIRECTION ( 'NONE',  ( 0.000000000000000000, 0.000000000000000000, -1.000000000000000000 ) ) ;
#405 = ORIENTED_EDGE ( 'NONE', *, *, #585, .T. ) ;
#406 = ORIENTED_EDGE ( 'NONE', *, *, #458, .T. ) ;
#407 = CARTESIAN_POINT ( 'NONE',  ( 15.00000000000000178, -14.99999999999999822, 53.00000000000000000 ) ) ;
#408 = EDGE_CURVE ( 'NONE', #1155, #1025, #1173, .T. ) ;
#409 = EDGE_CURVE ( 'NONE', #498, #604, #1126, .T. ) ;
#410 = AXIS2_PLACEMENT_3D ( 'NONE', #671, #479, #688 ) ;
#411 = CARTESIAN_POINT ( 'NONE',  ( 5.500000000000004441, -3.629065036196706728, 0.000000000000000000 ) ) ;
#412 = ORIENTED_EDGE ( 'NONE', *, *, #191, .T. ) ;
#413 = SPHERICAL_SURFACE ( 'NONE', #736, 2.000000000000000000 ) ;
#414 = AXIS2_PLACEMENT_3D ( 'NONE', #1202, #593, #703 ) ;
#415 = EDGE_CURVE ( 'NONE', #1076, #469, #964, .T. ) ;
#416 = CARTESIAN_POINT ( 'NONE',  ( 2.000000000000000000, 0.000000000000000000, 53.00000000000000000 ) ) ;
#417 = ORIENTED_EDGE ( 'NONE', *, *, #1079, .T. ) ;
#418 = ORIENTED_EDGE ( 'NONE', *, *, #408, .T. ) ;
#419 = AXIS2_PLACEMENT_3D ( 'NONE', #753, #939, #747 ) ;
#420 = CARTESIAN_POINT ( 'NONE',  ( 6.189211498225607677, -11.67872140152270255, 49.00000000000000000 ) ) ;
#421 = AXIS2_PLACEMENT_3D ( 'NONE', #619, #402, #614 ) ;
#422 = CARTESIAN_POINT ( 'NONE',  ( 8.500000000000001776, -10.40906503619670787, 0.000000000000000000 ) ) ;
#423 = DIRECTION ( 'NONE',  ( 0.000000000000000000, 0.000000000000000000, 1.000000000000000000 ) ) ;
#424 = CARTESIAN_POINT ( 'NONE',  ( 6.313047325569982604, -15.00000000000000000, 6.000000000000003553 ) ) ;
#425 = ADVANCED_FACE ( 'NONE', ( #1142 ), #331, .F. ) ;
#426 = ORIENTED_EDGE ( 'NONE', *, *, #510, .T. ) ;
#427 = VERTEX_POINT ( 'NONE', #435 ) ;
#428 = CYLINDRICAL_SURFACE ( 'NONE', #419, 2.000000000000001776 ) ;
#429 = CARTESIAN_POINT ( 'NONE',  ( 6.313047325569981716, -11.74251770618295510, 49.00000000000000000 ) ) ;
#430 = DIRECTION ( 'NONE',  ( 1.000000000000000000, 0.000000000000000000, 0.000000000000000000 ) ) ;
#431 = FACE_OUTER_BOUND ( 'NONE', #1031, .T. ) ;
#432 = ORIENTED_EDGE ( 'NONE', *, *, #717, .F. ) ;
#433 = ORIENTED_EDGE ( 'NONE', *, *, #1118, .F. ) ;
#434 = EDGE_CURVE ( 'NONE', #954, #1025, #843, .T. ) ;
#435 = CARTESIAN_POINT ( 'NONE',  ( 4.313047325569980828, -7.436498017713874198, 39.97058571661720094 ) ) ;
#436 = CIRCLE ( 'NONE', #1190, 2.000000000000000000 ) ;
#437 = CARTESIAN_POINT ( 'NONE',  ( 7.000000000000000888, -3.629065036196706728, 53.00000000000000000 ) ) ;
#438 = PLANE ( 'NONE',  #167 ) ;
#439 = CARTESIAN_POINT ( 'NONE',  ( 5.877164386150932174, -11.41306274982303215, 48.95457011541653713 ) ) ;
#440 = ORIENTED_EDGE ( 'NONE', *, *, #153, .F. ) ;
#441 = ORIENTED_EDGE ( 'NONE', *, *, #585, .F. ) ;
#442 = CARTESIAN_POINT ( 'NONE',  ( 5.499999999999997335, -10.40906503619670787, 4.172719494334961254 ) ) ;
#443 = CARTESIAN_POINT ( 'NONE',  ( 6.313047325569980828, 0.000000000000000000, 6.000000000000003553 ) ) ;
#444 = PRESENTATION_STYLE_ASSIGNMENT (( #134 ) ) ;
#445 = CARTESIAN_POINT ( 'NONE',  ( 0.000000000000000000, -2.000000000000000000, 2.000000000000000000 ) ) ;
#446 = VERTEX_POINT ( 'NONE', #1052 ) ;
#447 = ORIENTED_EDGE ( 'NONE', *, *, #280, .T. ) ;
#448 = LINE ( 'NONE', #1046, #618 ) ;
#449 = EDGE_CURVE ( 'NONE', #561, #828, #1270, .T. ) ;
#450 = CARTESIAN_POINT ( 'NONE',  ( 5.500000000000004441, -3.629065036196706728, 48.82728050566504407 ) ) ;
#451 = FILL_AREA_STYLE_COLOUR ( '', #229 ) ;
#452 = ORIENTED_EDGE ( 'NONE', *, *, #1136, .F. ) ;
#453 = ORIENTED_EDGE ( 'NONE', *, *, #1106, .T. ) ;
#454 = VECTOR ( 'NONE', #91, 1000.000000000000000 ) ;
#455 = ORIENTED_EDGE ( 'NONE', *, *, #359, .T. ) ;
#456 = CARTESIAN_POINT ( 'NONE',  ( 15.00000000000000178, -7.436498017713874198, 39.97058571661720094 ) ) ;
#457 = FACE_OUTER_BOUND ( 'NONE', #651, .T. ) ;
#458 = EDGE_CURVE ( 'NONE', #329, #1148, #227, .T. ) ;
#459 = AXIS2_PLACEMENT_3D ( 'NONE', #278, #1094, #175 ) ;
#460 = PRODUCT_CONTEXT ( 'NONE', #776, 'mechanical' ) ;
#461 = ORIENTED_EDGE ( 'NONE', *, *, #611, .F. ) ;
#462 = DIRECTION ( 'NONE',  ( -7.565748758193459114E-33, 8.341008324935919428E-17, -1.000000000000000000 ) ) ;
#463 = ORIENTED_EDGE ( 'NONE', *, *, #183, .F. ) ;
#464 = DIRECTION ( 'NONE',  ( 0.000000000000000000, -8.341008324935918196E-17, 1.000000000000000000 ) ) ;
#465 = DIRECTION ( 'NONE',  ( 1.000000000000000000, 1.156482317317871478E-16, 0.000000000000000000 ) ) ;
#466 = AXIS2_PLACEMENT_3D ( 'NONE', #729, #914, #218 ) ;
#467 = DIRECTION ( 'NONE',  ( -0.000000000000000000, -0.000000000000000000, 1.000000000000000000 ) ) ;
#468 = EDGE_CURVE ( 'NONE', #173, #863, #533, .T. ) ;
#469 = VERTEX_POINT ( 'NONE', #764 ) ;
#470 = CIRCLE ( 'NONE', #512, 3.073058506498575593 ) ;
#471 = VERTEX_POINT ( 'NONE', #262 ) ;
#472 = DIRECTION ( 'NONE',  ( 0.000000000000000000, 0.000000000000000000, -1.000000000000000000 ) ) ;
#473 = CARTESIAN_POINT ( 'NONE',  ( 5.500000000000004441, -3.629065036196706728, 4.172719494334957702 ) ) ;
#474 = CARTESIAN_POINT ( 'NONE',  ( 6.313047325569982604, -15.00000000000000178, 4.000000000000003553 ) ) ;
#475 = FACE_BOUND ( 'NONE', #1051, .T. ) ;
#476 = ORIENTED_EDGE ( 'NONE', *, *, #973, .T. ) ;
#477 = ADVANCED_FACE ( 'NONE', ( #32 ), #243, .F. ) ;
#478 = LINE ( 'NONE', #89, #733 ) ;
#479 = DIRECTION ( 'NONE',  ( 1.000000000000000000, 1.156482317317871478E-16, 0.000000000000000000 ) ) ;
#480 = CIRCLE ( 'NONE', #691, 3.073058506498575593 ) ;
#481 = ORIENTED_EDGE ( 'NONE', *, *, #1012, .T. ) ;
#482 = EDGE_CURVE ( 'NONE', #1163, #954, #1147, .T. ) ;
#483 = CARTESIAN_POINT ( 'NONE',  ( 15.00000000000000178, -4.363439511215299937, 36.89752721011862491 ) ) ;
#484 = LINE ( 'NONE', #1284, #392 ) ;
#485 = DIRECTION ( 'NONE',  ( -1.000000000000000000, 0.000000000000000000, -0.000000000000000000 ) ) ;
#486 = MECHANICAL_DESIGN_GEOMETRIC_PRESENTATION_REPRESENTATION (  '', ( #571 ), #1063 ) ;
#487 = ORIENTED_EDGE ( 'NONE', *, *, #573, .T. ) ;
#488 = LINE ( 'NONE', #592, #217 ) ;
#489 = DIRECTION ( 'NONE',  ( -0.000000000000000000, -0.000000000000000000, -1.000000000000000000 ) ) ;
#490 = DIRECTION ( 'NONE',  ( -0.000000000000000000, -0.000000000000000000, 1.000000000000000000 ) ) ;
#491 = VERTEX_POINT ( 'NONE', #445 ) ;
#492 = ADVANCED_FACE ( 'NONE', ( #1250, #343, #431 ), #839, .T. ) ;
#493 = CARTESIAN_POINT ( 'NONE',  ( 7.000000000000000888, -3.629065036196706728, 0.000000000000000000 ) ) ;
#494 = DIRECTION ( 'NONE',  ( -1.000000000000000000, 0.000000000000000000, 0.000000000000000000 ) ) ;
#495 = ORIENTED_EDGE ( 'NONE', *, *, #732, .F. ) ;
#496 = FACE_OUTER_BOUND ( 'NONE', #919, .T. ) ;
#497 = CARTESIAN_POINT ( 'NONE',  ( 5.499999999999997335, -10.40906503619670787, 0.000000000000000000 ) ) ;
#498 = VERTEX_POINT ( 'NONE', #84 ) ;
#499 = PRODUCT_DEFINITION_CONTEXT ( 'detailed design', #847, 'design' ) ;
#500 = DIRECTION ( 'NONE',  ( 1.000000000000000000, 0.000000000000000000, 0.000000000000000000 ) ) ;
#501 = ORIENTED_EDGE ( 'NONE', *, *, #183, .T. ) ;
#502 = AXIS2_PLACEMENT_3D ( 'NONE', #290, #1315, #1010 ) ;
#503 = DIRECTION ( 'NONE',  ( 0.000000000000000000, 0.000000000000000000, -1.000000000000000000 ) ) ;
#504 = CYLINDRICAL_SURFACE ( 'NONE', #360, 3.073058506498575593 ) ;
#505 = AXIS2_PLACEMENT_3D ( 'NONE', #3, #1124, #1112 ) ;
#506 = FACE_OUTER_BOUND ( 'NONE', #535, .T. ) ;
#507 = ADVANCED_FACE ( 'NONE', ( #779 ), #284, .T. ) ;
#508 = ORIENTED_EDGE ( 'NONE', *, *, #408, .F. ) ;
#509 = VECTOR ( 'NONE', #1058, 1000.000000000000000 ) ;
#510 = EDGE_CURVE ( 'NONE', #312, #427, #114, .T. ) ;
#511 = DIRECTION ( 'NONE',  ( 0.000000000000000000, 0.000000000000000000, -1.000000000000000000 ) ) ;
#512 = AXIS2_PLACEMENT_3D ( 'NONE', #1125, #216, #837 ) ;
#513 = DIRECTION ( 'NONE',  ( 0.000000000000000000, 0.000000000000000000, -1.000000000000000000 ) ) ;
#514 = ORIENTED_EDGE ( 'NONE', *, *, #1205, .F. ) ;
#515 = ORIENTED_EDGE ( 'NONE', *, *, #732, .T. ) ;
#516 = DIRECTION ( 'NONE',  ( -0.000000000000000000, -0.000000000000000000, 1.000000000000000000 ) ) ;
#517 = EDGE_CURVE ( 'NONE', #1055, #313, #181, .T. ) ;
#518 = CARTESIAN_POINT ( 'NONE',  ( 15.00000000000000178, -14.99999999999999822, 1.999999999999988010 ) ) ;
#519 = ORIENTED_EDGE ( 'NONE', *, *, #88, .T. ) ;
#520 = ORIENTED_EDGE ( 'NONE', *, *, #633, .F. ) ;
#521 = DIRECTION ( 'NONE',  ( 1.000000000000000000, 0.000000000000000000, 0.000000000000000000 ) ) ;
#522 = VECTOR ( 'NONE', #680, 1000.000000000000000 ) ;
#523 = VECTOR ( 'NONE', #1082, 1000.000000000000000 ) ;
#524 = DIRECTION ( 'NONE',  ( -1.000000000000000000, 0.000000000000000000, 0.000000000000000000 ) ) ;
#525 = CARTESIAN_POINT ( 'NONE',  ( 2.000000000000000000, -2.000000000000000000, 51.00000000000000000 ) ) ;
#526 = CARTESIAN_POINT ( 'NONE',  ( 6.191070184078824923, -2.358451134659250492, 48.99999999999999289 ) ) ;
#527 = ORIENTED_EDGE ( 'NONE', *, *, #202, .T. ) ;
#528 = CARTESIAN_POINT ( 'NONE',  ( 5.648840489056709657, -9.743617088829861217, 4.112059223142735753 ) ) ;
#529 = VECTOR ( 'NONE', #274, 1000.000000000000000 ) ;
#530 = CARTESIAN_POINT ( 'NONE',  ( 8.499999999999998224, -3.629065036196706728, 49.00000000000000000 ) ) ;
#531 = VECTOR ( 'NONE', #221, 1000.000000000000000 ) ;
#532 = CYLINDRICAL_SURFACE ( 'NONE', #1209, 2.000000000000000000 ) ;
#533 = B_SPLINE_CURVE_WITH_KNOTS ( 'NONE', 3,
 ( #16, #420, #1236, #439, #650, #57, #869, #1277, #356, #1170 ),
 .UNSPECIFIED., .F., .F.,
 ( 4, 2, 2, 2, 4 ),
 ( 0.000000000000000000, 0.0004111781349409228555, 0.0008223562698818457110, 0.001233534404822768512, 0.001644712539763691422 ),
 .UNSPECIFIED. ) ;
#534 = ADVANCED_FACE ( 'NONE', ( #1085 ), #581, .F. ) ;
#535 = EDGE_LOOP ( 'NONE', ( #871, #660, #1019, #879, #968 ) ) ;
#536 = VERTEX_POINT ( 'NONE', #187 ) ;
#537 = DIRECTION ( 'NONE',  ( 1.000000000000000000, 0.000000000000000000, 0.000000000000000000 ) ) ;
#538 = VECTOR ( 'NONE', #1011, 1000.000000000000000 ) ;
#539 = CARTESIAN_POINT ( 'NONE',  ( 5.593717393958259620, -4.168719729679824404, 4.133401851973017571 ) ) ;
#540 = ORIENTED_EDGE ( 'NONE', *, *, #683, .F. ) ;
#541 = ORIENTED_EDGE ( 'NONE', *, *, #1227, .F. ) ;
#542 = CARTESIAN_POINT ( 'NONE',  ( 2.000000000000000000, -13.00000000000000000, 2.000000000000000000 ) ) ;
#543 = VECTOR ( 'NONE', #1197, 1000.000000000000000 ) ;
#544 = CARTESIAN_POINT ( 'NONE',  ( 0.000000000000000000, -2.000000000000000000, 0.000000000000000000 ) ) ;
#545 =( LENGTH_UNIT ( ) NAMED_UNIT ( * ) SI_UNIT ( .MILLI., .METRE. ) );
#546 = VERTEX_POINT ( 'NONE', #894 ) ;
#547 = EDGE_LOOP ( 'NONE', ( #476, #1115, #970, #62, #52, #197 ) ) ;
#548 = EDGE_CURVE ( 'NONE', #1092, #398, #631, .T. ) ;
#549 = DIRECTION ( 'NONE',  ( -1.000000000000000000, 0.000000000000000000, -1.040834085586084257E-14 ) ) ;
#550 = LINE ( 'NONE', #367, #142 ) ;
#551 = DIRECTION ( 'NONE',  ( -1.000000000000000000, -0.000000000000000000, -0.000000000000000000 ) ) ;
#552 = VERTEX_POINT ( 'NONE', #878 ) ;
#553 = ORIENTED_EDGE ( 'NONE', *, *, #926, .T. ) ;
#554 = ORIENTED_EDGE ( 'NONE', *, *, #280, .F. ) ;
#555 = ADVANCED_FACE ( 'NONE', ( #292 ), #900, .F. ) ;
#556 = CARTESIAN_POINT ( 'NONE',  ( 6.313047325569981716, -9.075612366210460635, 49.00000000000000000 ) ) ;
#557 = AXIS2_PLACEMENT_3D ( 'NONE', #542, #38, #859 ) ;
#558 = DIRECTION ( 'NONE',  ( 0.000000000000000000, -1.000000000000000000, -1.040834085586084257E-14 ) ) ;
#559 = VERTEX_POINT ( 'NONE', #572 ) ;
#560 = ORIENTED_EDGE ( 'NONE', *, *, #368, .F. ) ;
#561 = VERTEX_POINT ( 'NONE', #988 ) ;
#562 = LINE ( 'NONE', #570, #523 ) ;
#563 = AXIS2_PLACEMENT_3D ( 'NONE', #116, #521, #319 ) ;
#564 = CIRCLE ( 'NONE', #999, 1.500000000000002220 ) ;
#565 = ORIENTED_EDGE ( 'NONE', *, *, #633, .T. ) ;
#566 = ORIENTED_EDGE ( 'NONE', *, *, #191, .F. ) ;
#567 = VECTOR ( 'NONE', #885, 1000.000000000000000 ) ;
#568 = ORIENTED_EDGE ( 'NONE', *, *, #48, .F. ) ;
#569 = CARTESIAN_POINT ( 'NONE',  ( 4.313047325569982604, -15.00000000000000178, 4.000000000000003553 ) ) ;
#570 = CARTESIAN_POINT ( 'NONE',  ( 4.313047325569981716, -4.363439511215304378, 5.459322793260177155E-16 ) ) ;
#571 = STYLED_ITEM ( 'NONE', ( #110 ), #700 ) ;
#572 = CARTESIAN_POINT ( 'NONE',  ( 6.313047325569980828, -4.962517706182947741, 4.000000000000003553 ) ) ;
#573 = EDGE_CURVE ( 'NONE', #1201, #446, #588, .T. ) ;
#574 = ORIENTED_EDGE ( 'NONE', *, *, #743, .T. ) ;
#575 = PLANE ( 'NONE',  #1078 ) ;
#576 = DIRECTION ( 'NONE',  ( 0.000000000000000000, 0.000000000000000000, -1.000000000000000000 ) ) ;
#577 = CARTESIAN_POINT ( 'NONE',  ( 4.313047325569982604, -15.00000000000000178, 4.000000000000003553 ) ) ;
#578 = EDGE_CURVE ( 'NONE', #936, #115, #1023, .T. ) ;
#579 = ORIENTED_EDGE ( 'NONE', *, *, #742, .T. ) ;
#580 = CARTESIAN_POINT ( 'NONE',  ( 6.999999999999999112, -10.40906503619670787, 4.000000000000003553 ) ) ;
#581 = CYLINDRICAL_SURFACE ( 'NONE', #956, 1.499999999999996225 ) ;
#582 = AXIS2_PLACEMENT_3D ( 'NONE', #1304, #500, #803 ) ;
#583 = VERTEX_POINT ( 'NONE', #1310 ) ;
#584 = CARTESIAN_POINT ( 'NONE',  ( 7.000000000000000888, -3.629065036196706728, 49.00000000000000000 ) ) ;
#585 = EDGE_CURVE ( 'NONE', #446, #189, #697, .T. ) ;
#586 = DIRECTION ( 'NONE',  ( 0.000000000000000000, 0.000000000000000000, 1.000000000000000000 ) ) ;
#587 = DIRECTION ( 'NONE',  ( -0.000000000000000000, 0.000000000000000000, 1.000000000000000000 ) ) ;
#588 = LINE ( 'NONE', #1194, #529 ) ;
#589 = DIRECTION ( 'NONE',  ( 0.000000000000000000, 0.000000000000000000, -1.000000000000000000 ) ) ;
#590 = VERTEX_POINT ( 'NONE', #1292 ) ;
#591 = AXIS2_PLACEMENT_3D ( 'NONE', #201, #1041, #403 ) ;
#592 = CARTESIAN_POINT ( 'NONE',  ( 15.00000000000000178, -10.50955652421244757, 36.89752721011862491 ) ) ;
#593 = DIRECTION ( 'NONE',  ( 0.000000000000000000, 1.000000000000000000, -1.251151248740387976E-16 ) ) ;
#594 = ADVANCED_FACE ( 'NONE', ( #475, #1186 ), #370, .T. ) ;
#595 = DIRECTION ( 'NONE',  ( 0.000000000000000000, -1.000000000000000000, 0.000000000000000000 ) ) ;
#596 = DIRECTION ( 'NONE',  ( 1.156482317317871725E-16, -1.000000000000000000, 0.000000000000000000 ) ) ;
#597 = ORIENTED_EDGE ( 'NONE', *, *, #161, .F. ) ;
#598 = ORIENTED_EDGE ( 'NONE', *, *, #725, .T. ) ;
#599 = CARTESIAN_POINT ( 'NONE',  ( 6.313047325569980828, -1.004630715935550958E-15, 49.00000000000000000 ) ) ;
#600 = CARTESIAN_POINT ( 'NONE',  ( 15.00000000000000178, -14.99999999999999822, 51.00000000000000000 ) ) ;
#601 = CARTESIAN_POINT ( 'NONE',  ( 6.189211498225607677, -4.898721401522693419, 49.00000000000000711 ) ) ;
#602 = ADVANCED_FACE ( 'NONE', ( #801 ), #381, .F. ) ;
#603 = CARTESIAN_POINT ( 'NONE',  ( 0.000000000000000000, -2.000000000000000000, 53.00000000000000000 ) ) ;
#604 = VERTEX_POINT ( 'NONE', #793 ) ;
#605 = AXIS2_PLACEMENT_3D ( 'NONE', #92, #1200, #494 ) ;
#606 = CARTESIAN_POINT ( 'NONE',  ( 4.313047325569980828, -4.623690071487266864E-16, 6.000000000000002665 ) ) ;
#607 = PRESENTATION_LAYER_ASSIGNMENT (  '', '', ( #734 ) ) ;
#608 = FACE_OUTER_BOUND ( 'NONE', #547, .T. ) ;
#609 = LINE ( 'NONE', #411, #68 ) ;
#610 = AXIS2_PLACEMENT_3D ( 'NONE', #851, #945, #1241 ) ;
#611 = EDGE_CURVE ( 'NONE', #1055, #552, #295, .T. ) ;
#612 = ORIENTED_EDGE ( 'NONE', *, *, #36, .F. ) ;
#613 = CIRCLE ( 'NONE', #108, 2.000000000000000000 ) ;
#614 = DIRECTION ( 'NONE',  ( 0.000000000000000000, -1.000000000000000000, 0.000000000000000000 ) ) ;
#615 = DIRECTION ( 'NONE',  ( -1.000000000000000000, 0.000000000000000000, 0.000000000000000000 ) ) ;
#616 = ORIENTED_EDGE ( 'NONE', *, *, #948, .F. ) ;
#617 = ADVANCED_FACE ( 'NONE', ( #267 ), #786, .F. ) ;
#618 = VECTOR ( 'NONE', #23, 1000.000000000000000 ) ;
#619 = CARTESIAN_POINT ( 'NONE',  ( 15.00000000000000000, -2.000000000000000000, 51.00000000000000000 ) ) ;
#620 = CARTESIAN_POINT ( 'NONE',  ( 5.519425706300093992, -3.905512753251891844, 48.83623518239162564 ) ) ;
#621 = CARTESIAN_POINT ( 'NONE',  ( 6.999999999999999112, -10.40906503619670787, 53.00000000000000000 ) ) ;
#622 = ORIENTED_EDGE ( 'NONE', *, *, #517, .F. ) ;
#623 = CARTESIAN_POINT ( 'NONE',  ( 6.077634803431418931, -9.218261245115364488, 4.011302130192611948 ) ) ;
#624 = AXIS2_PLACEMENT_3D ( 'NONE', #791, #465, #77 ) ;
#625 = EDGE_CURVE ( 'NONE', #28, #115, #772, .T. ) ;
#626 = CARTESIAN_POINT ( 'NONE',  ( 0.000000000000000000, -7.436498017713874198, 36.89752721011862491 ) ) ;
#627 = UNCERTAINTY_MEASURE_WITH_UNIT (LENGTH_MEASURE( 1.000000000000000082E-05 ), #545, 'distance_accuracy_value', 'NONE');
#628 = LINE ( 'NONE', #544, #509 ) ;
#629 = VERTEX_POINT ( 'NONE', #518 ) ;
#630 = ORIENTED_EDGE ( 'NONE', *, *, #449, .T. ) ;
#631 = CIRCLE ( 'NONE', #1156, 1.499999999999996891 ) ;
#632 = DIRECTION ( 'NONE',  ( -1.000000000000000000, -1.156482317317871232E-16, 0.000000000000000000 ) ) ;
#633 = EDGE_CURVE ( 'NONE', #1155, #636, #943, .T. ) ;
#634 = DIRECTION ( 'NONE',  ( -1.156482317317871232E-16, 1.000000000000000000, 0.000000000000000000 ) ) ;
#635 = DIRECTION ( 'NONE',  ( 1.000000000000000000, 0.000000000000000000, -0.000000000000000000 ) ) ;
#636 = VERTEX_POINT ( 'NONE', #935 ) ;
#637 = ORIENTED_EDGE ( 'NONE', *, *, #996, .F. ) ;
#638 = DIRECTION ( 'NONE',  ( -0.000000000000000000, 1.000000000000000000, -0.000000000000000000 ) ) ;
#639 = CARTESIAN_POINT ( 'NONE',  ( 5.519105479657683055, -3.904400060982875953, 4.163895280208764760 ) ) ;
#640 = EDGE_CURVE ( 'NONE', #79, #1002, #1234, .T. ) ;
#641 = DIRECTION ( 'NONE',  ( -1.156482317317871725E-16, 1.000000000000000000, -0.000000000000000000 ) ) ;
#642 = DIRECTION ( 'NONE',  ( 0.000000000000000000, 0.000000000000000000, 1.000000000000000000 ) ) ;
#643 = ORIENTED_EDGE ( 'NONE', *, *, #1118, .T. ) ;
#644 = EDGE_LOOP ( 'NONE', ( #1130, #856, #746, #514 ) ) ;
#645 = ADVANCED_FACE ( 'NONE', ( #19 ), #1233, .T. ) ;
#646 = CARTESIAN_POINT ( 'NONE',  ( 5.519425706300085999, -10.13261731914152008, 4.163764817608387681 ) ) ;
#647 = DIRECTION ( 'NONE',  ( -1.000000000000000000, -0.000000000000000000, -0.000000000000000000 ) ) ;
#648 = DIRECTION ( 'NONE',  ( 0.000000000000000000, 0.000000000000000000, -1.000000000000000000 ) ) ;
#649 = FACE_OUTER_BOUND ( 'NONE', #1282, .T. ) ;
#650 = CARTESIAN_POINT ( 'NONE',  ( 5.790369901602931968, -11.30642116378438722, 48.93191599430890903 ) ) ;
#651 = EDGE_LOOP ( 'NONE', ( #788, #164, #679, #1220, #983 ) ) ;
#652 = CARTESIAN_POINT ( 'NONE',  ( 2.000000000000000000, 0.000000000000000000, 53.00000000000000000 ) ) ;
#653 = EDGE_CURVE ( 'NONE', #977, #446, #613, .T. ) ;
#654 = DIRECTION ( 'NONE',  ( 1.000000000000000000, 0.000000000000000000, 0.000000000000000000 ) ) ;
#655 = CIRCLE ( 'NONE', #421, 2.000000000000000000 ) ;
#656 = AXIS2_PLACEMENT_3D ( 'NONE', #744, #49, #953 ) ;
#657 = DIRECTION ( 'NONE',  ( -0.000000000000000000, 1.000000000000000000, -0.000000000000000000 ) ) ;
#658 =( NAMED_UNIT ( * ) SI_UNIT ( $, .STERADIAN. ) SOLID_ANGLE_UNIT ( ) );
#659 = ORIENTED_EDGE ( 'NONE', *, *, #332, .T. ) ;
#660 = ORIENTED_EDGE ( 'NONE', *, *, #996, .T. ) ;
#661 = EDGE_LOOP ( 'NONE', ( #850, #944, #452, #1245 ) ) ;
#662 = PLANE ( 'NONE',  #1039 ) ;
#663 = CARTESIAN_POINT ( 'NONE',  ( 5.790369901602934632, -2.731708908609032260, 4.068084005691097182 ) ) ;
#664 = ORIENTED_EDGE ( 'NONE', *, *, #1048, .T. ) ;
#665 = CARTESIAN_POINT ( 'NONE',  ( 5.499999999999996447, -10.54639278179087825, 4.172719494334961254 ) ) ;
#666 = ORIENTED_EDGE ( 'NONE', *, *, #517, .T. ) ;
#667 = CARTESIAN_POINT ( 'NONE',  ( 4.313047325569986157, -10.50955652421244579, 16.10000000000000142 ) ) ;
#668 = EDGE_CURVE ( 'NONE', #841, #1060, #721, .T. ) ;
#669 = CARTESIAN_POINT ( 'NONE',  ( 15.00000000000000178, -14.99999999999999822, 53.00000000000000000 ) ) ;
#670 = VECTOR ( 'NONE', #1184, 1000.000000000000000 ) ;
#671 = CARTESIAN_POINT ( 'NONE',  ( 1.503427012513232947E-15, -13.00000000000000000, 2.000000000000000000 ) ) ;
#672 =( GEOMETRIC_REPRESENTATION_CONTEXT ( 3 ) GLOBAL_UNCERTAINTY_ASSIGNED_CONTEXT ( ( #170 ) ) GLOBAL_UNIT_ASSIGNED_CONTEXT ( ( #237, #254, #658 ) ) REPRESENTATION_CONTEXT ( 'NONE', 'WORKASPACE' ) );
#673 = ORIENTED_EDGE ( 'NONE', *, *, #1048, .F. ) ;
#674 = CARTESIAN_POINT ( 'NONE',  ( 6.313047325569980828, 7.300927600412560380E-16, 6.000000000000003553 ) ) ;
#675 = CARTESIAN_POINT ( 'NONE',  ( 2.000000000000000000, -13.00000000000000000, 2.000000000000000000 ) ) ;
#676 = AXIS2_PLACEMENT_3D ( 'NONE', #195, #887, #1108 ) ;
#677 = DIRECTION ( 'NONE',  ( -1.000000000000000000, 0.000000000000000000, 0.000000000000000000 ) ) ;
#678 = AXIS2_PLACEMENT_3D ( 'NONE', #1232, #1009, #511 ) ;
#679 = ORIENTED_EDGE ( 'NONE', *, *, #625, .T. ) ;
#680 = DIRECTION ( 'NONE',  ( -0.000000000000000000, -0.000000000000000000, 1.000000000000000000 ) ) ;
#681 = CARTESIAN_POINT ( 'NONE',  ( 5.519425706300093992, -3.352617319141520724, 4.163764817608384128 ) ) ;
#682 = DIRECTION ( 'NONE',  ( 1.000000000000000000, 1.156482317317871478E-16, 2.080479878196088970E-33 ) ) ;
#683 = EDGE_CURVE ( 'NONE', #718, #1135, #106, .T. ) ;
#684 = VERTEX_POINT ( 'NONE', #228 ) ;
#685 = FACE_OUTER_BOUND ( 'NONE', #765, .T. ) ;
#686 = CYLINDRICAL_SURFACE ( 'NONE', #61, 2.000000000000000000 ) ;
#687 = CARTESIAN_POINT ( 'NONE',  ( 2.000000000000000000, -13.00000000000000000, 51.00000000000000000 ) ) ;
#688 = DIRECTION ( 'NONE',  ( -1.156482317317871232E-16, 1.000000000000000000, 0.000000000000000000 ) ) ;
#689 = CIRCLE ( 'NONE', #1247, 2.000000000000000000 ) ;
#690 = DIRECTION ( 'NONE',  ( 1.000000000000000000, 0.000000000000000000, 0.000000000000000000 ) ) ;
#691 = AXIS2_PLACEMENT_3D ( 'NONE', #626, #18, #423 ) ;
#692 = ORIENTED_EDGE ( 'NONE', *, *, #305, .T. ) ;
#693 = ADVANCED_FACE ( 'NONE', ( #506 ), #102, .F. ) ;
#694 = DIRECTION ( 'NONE',  ( -0.000000000000000000, -0.000000000000000000, -1.000000000000000000 ) ) ;
#695 = LINE ( 'NONE', #180, #522 ) ;
#696 = ORIENTED_EDGE ( 'NONE', *, *, #957, .F. ) ;
#697 = LINE ( 'NONE', #577, #1196 ) ;
#698 = DIRECTION ( 'NONE',  ( 0.000000000000000000, 0.000000000000000000, 1.000000000000000000 ) ) ;
#699 = ORIENTED_EDGE ( 'NONE', *, *, #4, .T. ) ;
#700 = MANIFOLD_SOLID_BREP ( 'Ô²½Ç7', #792 ) ;
#701 = CARTESIAN_POINT ( 'NONE',  ( 15.00000000000000178, -15.00000000000000000, 4.000000000000003553 ) ) ;
#702 = EDGE_CURVE ( 'NONE', #1060, #902, #120, .T. ) ;
#703 = DIRECTION ( 'NONE',  ( 0.000000000000000000, 1.251151248740387976E-16, 1.000000000000000000 ) ) ;
#704 = EDGE_CURVE ( 'NONE', #718, #398, #609, .T. ) ;
#705 = EDGE_LOOP ( 'NONE', ( #238, #574, #412, #1268, #1086, #447 ) ) ;
#706 = EDGE_LOOP ( 'NONE', ( #152, #182, #873, #1231 ) ) ;
#707 = LINE ( 'NONE', #309, #379 ) ;
#708 = LINE ( 'NONE', #422, #762 ) ;
#709 = ADVANCED_FACE ( 'NONE', ( #1228 ), #1030, .T. ) ;
#710 = CARTESIAN_POINT ( 'NONE',  ( 5.500000000000005329, -3.491737290602532795, 48.82728050566503697 ) ) ;
#711 = ORIENTED_EDGE ( 'NONE', *, *, #917, .T. ) ;
#712 = ORIENTED_EDGE ( 'NONE', *, *, #133, .F. ) ;
#713 = CIRCLE ( 'NONE', #1101, 2.000000000000000000 ) ;
#714 = FACE_OUTER_BOUND ( 'NONE', #34, .T. ) ;
#715 = DIRECTION ( 'NONE',  ( 1.000000000000000000, 0.000000000000000000, 0.000000000000000000 ) ) ;
#716 = CARTESIAN_POINT ( 'NONE',  ( 5.593717393958259620, -3.089410342713586832, 48.86659814802696644 ) ) ;
#717 = EDGE_CURVE ( 'NONE', #1148, #491, #45, .T. ) ;
#718 = VERTEX_POINT ( 'NONE', #450 ) ;
#719 = AXIS2_PLACEMENT_3D ( 'NONE', #960, #40, #1265 ) ;
#720 = CARTESIAN_POINT ( 'NONE',  ( 2.000000000000000000, -13.00000000000000000, 2.000000000000000000 ) ) ;
#721 = LINE ( 'NONE', #814, #1281 ) ;
#722 = VERTEX_POINT ( 'NONE', #735 ) ;
#723 = ORIENTED_EDGE ( 'NONE', *, *, #1214, .T. ) ;
#724 = CIRCLE ( 'NONE', #157, 2.000000000000000000 ) ;
#725 = EDGE_CURVE ( 'NONE', #163, #1092, #861, .T. ) ;
#726 = DIRECTION ( 'NONE',  ( 1.000000000000000000, 1.156482317317871478E-16, 0.000000000000000000 ) ) ;
#727 = FACE_OUTER_BOUND ( 'NONE', #758, .T. ) ;
#728 = DIRECTION ( 'NONE',  ( 1.000000000000000000, 0.000000000000000000, 0.000000000000000000 ) ) ;
#729 = CARTESIAN_POINT ( 'NONE',  ( 6.999999999999999112, -10.40906503619670787, 0.000000000000000000 ) ) ;
#730 = ORIENTED_EDGE ( 'NONE', *, *, #1143, .F. ) ;
#731 = DIRECTION ( 'NONE',  ( 1.156482317317871478E-16, -1.000000000000000000, -0.000000000000000000 ) ) ;
#732 = EDGE_CURVE ( 'NONE', #398, #1092, #172, .T. ) ;
#733 = VECTOR ( 'NONE', #1296, 1000.000000000000000 ) ;
#734 = STYLED_ITEM ( 'NONE', ( #444 ), #884 ) ;
#735 = CARTESIAN_POINT ( 'NONE',  ( 15.00000000000000000, 0.000000000000000000, 51.00000000000000711 ) ) ;
#736 = AXIS2_PLACEMENT_3D ( 'NONE', #720, #1132, #220 ) ;
#737 = CARTESIAN_POINT ( 'NONE',  ( 0.000000000000000000, 0.000000000000000000, 0.000000000000000000 ) ) ;
#738 = ORIENTED_EDGE ( 'NONE', *, *, #548, .F. ) ;
#739 = ORIENTED_EDGE ( 'NONE', *, *, #898, .F. ) ;
#740 = CARTESIAN_POINT ( 'NONE',  ( 5.499999999999998224, -10.27181712245176470, 4.172719494334961254 ) ) ;
#741 = AXIS2_PLACEMENT_3D ( 'NONE', #113, #1249, #634 ) ;
#742 = EDGE_CURVE ( 'NONE', #287, #559, #820, .T. ) ;
#743 = EDGE_CURVE ( 'NONE', #536, #835, #874, .T. ) ;
#744 = CARTESIAN_POINT ( 'NONE',  ( 2.000000000000000000, -2.000000000000000000, 2.000000000000001776 ) ) ;
#745 = ORIENTED_EDGE ( 'NONE', *, *, #1152, .F. ) ;
#746 = ORIENTED_EDGE ( 'NONE', *, *, #717, .T. ) ;
#747 = DIRECTION ( 'NONE',  ( 0.000000000000000000, 0.000000000000000000, -1.000000000000000000 ) ) ;
#748 = DIRECTION ( 'NONE',  ( -0.000000000000000000, -0.000000000000000000, 1.000000000000000000 ) ) ;
#749 = EDGE_CURVE ( 'NONE', #28, #90, #784, .T. ) ;
#750 =( NAMED_UNIT ( * ) SI_UNIT ( $, .STERADIAN. ) SOLID_ANGLE_UNIT ( ) );
#751 = ORIENTED_EDGE ( 'NONE', *, *, #1079, .F. ) ;
#752 = LINE ( 'NONE', #1269, #538 ) ;
#753 = CARTESIAN_POINT ( 'NONE',  ( 2.000000000000000000, 0.000000000000000000, 51.00000000000000000 ) ) ;
#754 = DIRECTION ( 'NONE',  ( 0.000000000000000000, -1.000000000000000000, 0.000000000000000000 ) ) ;
#755 = CIRCLE ( 'NONE', #605, 2.000000000000000000 ) ;
#756 = CARTESIAN_POINT ( 'NONE',  ( 15.00000000000000000, -1.999999999999999112, 0.000000000000000000 ) ) ;
#757 = VERTEX_POINT ( 'NONE', #846 ) ;
#758 = EDGE_LOOP ( 'NONE', ( #426, #352, #249, #730 ) ) ;
#759 = ORIENTED_EDGE ( 'NONE', *, *, #510, .F. ) ;
#760 = CARTESIAN_POINT ( 'NONE',  ( 5.876874405221936826, -9.405333254880265059, 48.95452206254653049 ) ) ;
#761 = CARTESIAN_POINT ( 'NONE',  ( 6.313047325569981716, -9.075612366210460635, 49.00000000000000000 ) ) ;
#762 = VECTOR ( 'NONE', #830, 1000.000000000000000 ) ;
#763 = FILL_AREA_STYLE ('',( #451 ) ) ;
#764 = CARTESIAN_POINT ( 'NONE',  ( 2.000000000000000444, -15.00000000000000000, 2.000000000000000000 ) ) ;
#765 = EDGE_LOOP ( 'NONE', ( #51, #723, #432 ) ) ;
#766 = CARTESIAN_POINT ( 'NONE',  ( 5.519105479657675062, -10.68440006098287753, 4.163895280208767424 ) ) ;
#767 = VERTEX_POINT ( 'NONE', #55 ) ;
#768 = EDGE_CURVE ( 'NONE', #1135, #281, #1160, .T. ) ;
#769 = DIRECTION ( 'NONE',  ( -1.000000000000000000, -0.000000000000000000, -0.000000000000000000 ) ) ;
#770 = CARTESIAN_POINT ( 'NONE',  ( 4.313047325569980828, -4.263895572766151939E-16, 4.000000000000003553 ) ) ;
#771 = CARTESIAN_POINT ( 'NONE',  ( 6.999999999999999112, -10.40906503619670787, 4.000000000000003553 ) ) ;
#772 = LINE ( 'NONE', #1204, #275 ) ;
#773 = EDGE_LOOP ( 'NONE', ( #481, #1206, #962, #1293, #1062, #612, #696, #1008, #159, #357 ) ) ;
#774 = ORIENTED_EDGE ( 'NONE', *, *, #668, .F. ) ;
#775 = LINE ( 'NONE', #456, #893 ) ;
#776 = APPLICATION_CONTEXT ( 'automotive_design' ) ;
#777 = CARTESIAN_POINT ( 'NONE',  ( 6.313047325569980828, -2.295612366210465272, 4.000000000000003553 ) ) ;
#778 = VECTOR ( 'NONE', #551, 1000.000000000000000 ) ;
#779 = FACE_OUTER_BOUND ( 'NONE', #179, .T. ) ;
#780 = ORIENTED_EDGE ( 'NONE', *, *, #834, .F. ) ;
#781 = LINE ( 'NONE', #497, #543 ) ;
#782 = VECTOR ( 'NONE', #137, 1000.000000000000000 ) ;
#783 = CARTESIAN_POINT ( 'NONE',  ( 6.313047325569980828, -1.004630715935550958E-15, 49.00000000000000000 ) ) ;
#784 = CIRCLE ( 'NONE', #1217, 1.499999999999996225 ) ;
#785 = EDGE_CURVE ( 'NONE', #841, #219, #234, .T. ) ;
#786 = CYLINDRICAL_SURFACE ( 'NONE', #1087, 1.499999999999996225 ) ;
#787 = DIRECTION ( 'NONE',  ( 1.000000000000000000, 1.156482317317871725E-16, -0.000000000000000000 ) ) ;
#788 = ORIENTED_EDGE ( 'NONE', *, *, #872, .F. ) ;
#789 = CARTESIAN_POINT ( 'NONE',  ( 6.313047325569980828, -2.295612366210465272, 49.00000000000000000 ) ) ;
#790 = B_SPLINE_CURVE_WITH_KNOTS ( 'NONE', 3,
 ( #71, #883, #162, #1308, #663, #386, #993, #681, #185, #473 ),
 .UNSPECIFIED., .F., .F.,
 ( 4, 2, 2, 2, 4 ),
 ( 0.000000000000000000, 0.0004111781349409198739, 0.0008223562698818397479, 0.001233534404822759622, 0.001644712539763679496 ),
 .UNSPECIFIED. ) ;
#791 = CARTESIAN_POINT ( 'NONE',  ( 2.000000000000000000, -13.00000000000000000, 51.00000000000000000 ) ) ;
#792 = CLOSED_SHELL ( 'NONE', ( #117, #617, #844, #242, #317, #285, #273, #942, #178, #389, #645, #842, #1161, #507, #67, #709, #1027, #425, #1174, #143, #1165, #235, #602, #1024, #259, #492, #1064, #1311, #594, #693, #534, #1114, #794, #555, #1120, #477, #818 ) ) ;
#793 = CARTESIAN_POINT ( 'NONE',  ( 4.313047325569982604, -15.00000000000000000, 47.00000000000000711 ) ) ;
#794 = ADVANCED_FACE ( 'NONE', ( #457 ), #241, .F. ) ;
#795 = CYLINDRICAL_SURFACE ( 'NONE', #1167, 2.000000000000001776 ) ;
#796 = ORIENTED_EDGE ( 'NONE', *, *, #573, .F. ) ;
#797 = DIRECTION ( 'NONE',  ( 0.000000000000000000, 0.000000000000000000, -1.000000000000000000 ) ) ;
#798 = FACE_OUTER_BOUND ( 'NONE', #2, .T. ) ;
#799 = CARTESIAN_POINT ( 'NONE',  ( 15.00000000000000000, 0.000000000000000000, 1.999999999999988010 ) ) ;
#800 = VERTEX_POINT ( 'NONE', #756 ) ;
#801 = FACE_OUTER_BOUND ( 'NONE', #705, .T. ) ;
#802 = VECTOR ( 'NONE', #1294, 1000.000000000000000 ) ;
#803 = DIRECTION ( 'NONE',  ( 0.000000000000000000, 0.000000000000000000, -1.000000000000000000 ) ) ;
#804 = AXIS2_PLACEMENT_3D ( 'NONE', #961, #1276, #1146 ) ;
#805 = ORIENTED_EDGE ( 'NONE', *, *, #153, .T. ) ;
#806 = DIRECTION ( 'NONE',  ( -1.000000000000000000, 0.000000000000000000, 0.000000000000000000 ) ) ;
#807 = CARTESIAN_POINT ( 'NONE',  ( 6.999999999999999112, -10.40906503619670787, 0.000000000000000000 ) ) ;
#808 = CARTESIAN_POINT ( 'NONE',  ( 5.648555048841227055, -2.963982850744250719, 48.88786451010582823 ) ) ;
#809 = AXIS2_PLACEMENT_3D ( 'NONE', #1238, #6, #404 ) ;
#810 = EDGE_LOOP ( 'NONE', ( #833, #975, #699, #372, #441, #1253, #616, #328, #1171, #566 ) ) ;
#811 = DIRECTION ( 'NONE',  ( 0.000000000000000000, -1.000000000000000000, 0.000000000000000000 ) ) ;
#812 = EDGE_CURVE ( 'NONE', #329, #800, #628, .T. ) ;
#813 = DIRECTION ( 'NONE',  ( -1.000000000000000000, -0.000000000000000000, -0.000000000000000000 ) ) ;
#814 = CARTESIAN_POINT ( 'NONE',  ( 4.313047325569980828, -4.263895572766151939E-16, 4.000000000000003553 ) ) ;
#815 = VECTOR ( 'NONE', #462, 1000.000000000000000 ) ;
#816 = EDGE_LOOP ( 'NONE', ( #141, #1324, #995, #417 ) ) ;
#817 = DIRECTION ( 'NONE',  ( 1.000000000000000000, 0.000000000000000000, 0.000000000000000000 ) ) ;
#818 = ADVANCED_FACE ( 'NONE', ( #1047 ), #1066, .F. ) ;
#819 = CARTESIAN_POINT ( 'NONE',  ( 5.499999999999997335, -10.40906503619670787, 4.172719494334961254 ) ) ;
#820 = B_SPLINE_CURVE_WITH_KNOTS ( 'NONE', 3,
 ( #348, #1145, #639, #539, #236, #1243, #155, #1153, #1042, #1053 ),
 .UNSPECIFIED., .F., .F.,
 ( 4, 2, 2, 2, 4 ),
 ( 0.001644712539763679496, 0.002056129841260803063, 0.002467547142757926630, 0.002878964444255050631, 0.003290381745752174198 ),
 .UNSPECIFIED. ) ;
#821 = DIRECTION ( 'NONE',  ( -0.000000000000000000, -0.000000000000000000, 1.000000000000000000 ) ) ;
#822 = ORIENTED_EDGE ( 'NONE', *, *, #81, .T. ) ;
#823 = CIRCLE ( 'NONE', #1229, 1.499999999999996225 ) ;
#824 = PLANE ( 'NONE',  #1144 ) ;
#825 = DIRECTION ( 'NONE',  ( 0.000000000000000000, -1.000000000000000000, 0.000000000000000000 ) ) ;
#826 = EDGE_CURVE ( 'NONE', #189, #1060, #1169, .T. ) ;
#827 = ORIENTED_EDGE ( 'NONE', *, *, #298, .T. ) ;
#828 = VERTEX_POINT ( 'NONE', #761 ) ;
#829 = DIRECTION ( 'NONE',  ( -0.000000000000000000, -0.000000000000000000, 1.000000000000000000 ) ) ;
#830 = DIRECTION ( 'NONE',  ( -0.000000000000000000, -0.000000000000000000, 1.000000000000000000 ) ) ;
#831 = LINE ( 'NONE', #1237, #209 ) ;
#832 = DIRECTION ( 'NONE',  ( 1.156482317317871478E-16, -1.000000000000000000, -0.000000000000000000 ) ) ;
#833 = ORIENTED_EDGE ( 'NONE', *, *, #1136, .T. ) ;
#834 = EDGE_CURVE ( 'NONE', #471, #1155, #146, .T. ) ;
#835 = VERTEX_POINT ( 'NONE', #967 ) ;
#836 = CARTESIAN_POINT ( 'NONE',  ( 2.000000000000000000, -2.000000000000000000, 0.000000000000000000 ) ) ;
#837 = DIRECTION ( 'NONE',  ( 0.000000000000000000, 0.000000000000000000, 1.000000000000000000 ) ) ;
#838 = DIRECTION ( 'NONE',  ( 0.000000000000000000, 0.000000000000000000, 1.000000000000000000 ) ) ;
#839 = PLANE ( 'NONE',  #853 ) ;
#840 = ORIENTED_EDGE ( 'NONE', *, *, #1182, .F. ) ;
#841 = VERTEX_POINT ( 'NONE', #1178 ) ;
#842 = ADVANCED_FACE ( 'NONE', ( #128 ), #532, .T. ) ;
#843 = LINE ( 'NONE', #240, #60 ) ;
#844 = ADVANCED_FACE ( 'NONE', ( #1301 ), #1098, .F. ) ;
#845 = VECTOR ( 'NONE', #282, 1000.000000000000000 ) ;
#846 = CARTESIAN_POINT ( 'NONE',  ( 4.313047325569981716, -10.50955652421244757, 36.89752721011862491 ) ) ;
#847 = APPLICATION_CONTEXT ( 'automotive_design' ) ;
#848 = CARTESIAN_POINT ( 'NONE',  ( 15.00000000000000178, -7.436498017713874198, 36.89752721011862491 ) ) ;
#849 = ORIENTED_EDGE ( 'NONE', *, *, #990, .F. ) ;
#850 = ORIENTED_EDGE ( 'NONE', *, *, #211, .F. ) ;
#851 = CARTESIAN_POINT ( 'NONE',  ( 2.000000000000000000, -2.000000000000000000, 51.00000000000000000 ) ) ;
#852 = AXIS2_PLACEMENT_3D ( 'NONE', #1006, #1297, #596 ) ;
#853 = AXIS2_PLACEMENT_3D ( 'NONE', #1059, #1244, #485 ) ;
#854 = EDGE_CURVE ( 'NONE', #281, #258, #1193, .T. ) ;
#855 = CARTESIAN_POINT ( 'NONE',  ( 15.00000000000000178, -15.00000000000000000, 4.000000000000003553 ) ) ;
#856 = ORIENTED_EDGE ( 'NONE', *, *, #54, .F. ) ;
#857 = ORIENTED_EDGE ( 'NONE', *, *, #468, .F. ) ;
#858 = PRODUCT ( 'jiaqiang53gai', 'jiaqiang53gai', '', ( #460 ) ) ;
#859 = DIRECTION ( 'NONE',  ( -1.000000000000000000, 0.000000000000000000, 0.000000000000000000 ) ) ;
#860 = CARTESIAN_POINT ( 'NONE',  ( 0.000000000000000000, -10.50955652421244579, 16.10000000000000142 ) ) ;
#861 = LINE ( 'NONE', #326, #400 ) ;
#862 = DIRECTION ( 'NONE',  ( 0.000000000000000000, 0.000000000000000000, 1.000000000000000000 ) ) ;
#863 = VERTEX_POINT ( 'NONE', #363 ) ;
#864 = LINE ( 'NONE', #358, #815 ) ;
#865 = EDGE_LOOP ( 'NONE', ( #98, #130 ) ) ;
#866 = VECTOR ( 'NONE', #247, 1000.000000000000000 ) ;
#867 = DIRECTION ( 'NONE',  ( -0.000000000000000000, -0.000000000000000000, 1.000000000000000000 ) ) ;
#868 = SHAPE_DEFINITION_REPRESENTATION ( #1258, #884 ) ;
#869 = CARTESIAN_POINT ( 'NONE',  ( 5.593361812160622115, -10.94748177808163270, 48.86645323579619316 ) ) ;
#870 = EDGE_LOOP ( 'NONE', ( #46, #565, #383, #96 ) ) ;
#871 = ORIENTED_EDGE ( 'NONE', *, *, #1106, .F. ) ;
#872 = EDGE_CURVE ( 'NONE', #90, #287, #484, .T. ) ;
#873 = ORIENTED_EDGE ( 'NONE', *, *, #1191, .T. ) ;
#874 = CIRCLE ( 'NONE', #923, 2.000000000000000000 ) ;
#875 = CARTESIAN_POINT ( 'NONE',  ( 0.000000000000000000, 0.000000000000000000, 53.00000000000000000 ) ) ;
#876 = AXIS2_PLACEMENT_3D ( 'NONE', #1314, #1215, #1326 ) ;
#877 = LINE ( 'NONE', #770, #670 ) ;
#878 = CARTESIAN_POINT ( 'NONE',  ( 4.313047325569986157, -4.363439511215302602, 16.10000000000000142 ) ) ;
#879 = ORIENTED_EDGE ( 'NONE', *, *, #133, .T. ) ;
#880 = ORIENTED_EDGE ( 'NONE', *, *, #742, .F. ) ;
#881 = VECTOR ( 'NONE', #587, 1000.000000000000000 ) ;
#882 = CARTESIAN_POINT ( 'NONE',  ( 15.00000000000000178, -4.363439511215302602, 16.10000000000000142 ) ) ;
#883 = CARTESIAN_POINT ( 'NONE',  ( 6.189211498225606789, -2.359408670870720037, 4.000000000000003553 ) ) ;
#884 = ADVANCED_BREP_SHAPE_REPRESENTATION ( 'jiaqiang53gai', ( #700, #37 ), #1192 ) ;
#885 = DIRECTION ( 'NONE',  ( 1.156482317317871478E-16, -1.000000000000000000, -0.000000000000000000 ) ) ;
#886 = B_SPLINE_CURVE_WITH_KNOTS ( 'NONE', 3,
 ( #1164, #665, #766, #250, #1180, #1210, #345, #365, #264, #1187 ),
 .UNSPECIFIED., .F., .F.,
 ( 4, 2, 2, 2, 4 ),
 ( 0.001644712539763691422, 0.002056129841260817808, 0.002467547142757944411, 0.002878964444255071014, 0.003290381745752197617 ),
 .UNSPECIFIED. ) ;
#887 = DIRECTION ( 'NONE',  ( 1.000000000000000000, 1.156482317317871478E-16, 2.080479878196088970E-33 ) ) ;
#888 = ORIENTED_EDGE ( 'NONE', *, *, #88, .F. ) ;
#889 = EDGE_CURVE ( 'NONE', #936, #287, #790, .T. ) ;
#890 = CARTESIAN_POINT ( 'NONE',  ( 5.499999999999996447, -10.40906503619670787, 0.000000000000000000 ) ) ;
#891 = EDGE_CURVE ( 'NONE', #636, #1076, #207, .T. ) ;
#892 = DIRECTION ( 'NONE',  ( -0.000000000000000000, -0.000000000000000000, 1.000000000000000000 ) ) ;
#893 = VECTOR ( 'NONE', #647, 1000.000000000000000 ) ;
#894 = CARTESIAN_POINT ( 'NONE',  ( 2.000000000000000000, 0.000000000000000000, 51.00000000000000000 ) ) ;
#895 = CARTESIAN_POINT ( 'NONE',  ( 2.000000000000000000, -2.000000000000000000, 2.000000000000001776 ) ) ;
#896 = ORIENTED_EDGE ( 'NONE', *, *, #989, .F. ) ;
#897 = DIRECTION ( 'NONE',  ( -1.000000000000000000, -0.000000000000000000, -0.000000000000000000 ) ) ;
#898 = EDGE_CURVE ( 'NONE', #323, #69, #1290, .T. ) ;
#899 = AXIS2_PLACEMENT_3D ( 'NONE', #176, #73, #677 ) ;
#900 = CYLINDRICAL_SURFACE ( 'NONE', #1252, 3.073058506498572484 ) ;
#901 = PLANE ( 'NONE',  #582 ) ;
#902 = VERTEX_POINT ( 'NONE', #799 ) ;
#903 = DIRECTION ( 'NONE',  ( -1.156482317317871478E-16, 1.000000000000000000, 0.000000000000000000 ) ) ;
#904 = LINE ( 'NONE', #394, #845 ) ;
#905 = CARTESIAN_POINT ( 'NONE',  ( 4.313047325569980828, -1.235927179399125303E-15, 49.00000000000000000 ) ) ;
#906 = ORIENTED_EDGE ( 'NONE', *, *, #889, .F. ) ;
#907 = PRODUCT_DEFINITION ( 'Î´Öª', '', #1273, #499 ) ;
#908 = DIRECTION ( 'NONE',  ( -0.000000000000000000, -0.000000000000000000, 1.000000000000000000 ) ) ;
#909 = LINE ( 'NONE', #603, #35 ) ;
#910 = EDGE_LOOP ( 'NONE', ( #711, #1075, #244, #136 ) ) ;
#911 = FACE_OUTER_BOUND ( 'NONE', #361, .T. ) ;
#912 = CYLINDRICAL_SURFACE ( 'NONE', #184, 1.500000000000003109 ) ;
#913 = DIRECTION ( 'NONE',  ( 1.156482317317871725E-16, -1.000000000000000000, 0.000000000000000000 ) ) ;
#914 = DIRECTION ( 'NONE',  ( -0.000000000000000000, -0.000000000000000000, 1.000000000000000000 ) ) ;
#915 = VECTOR ( 'NONE', #169, 1000.000000000000000 ) ;
#916 = ORIENTED_EDGE ( 'NONE', *, *, #1256, .F. ) ;
#917 = EDGE_CURVE ( 'NONE', #552, #312, #562, .T. ) ;
#918 = MECHANICAL_DESIGN_GEOMETRIC_PRESENTATION_REPRESENTATION (  '', ( #734 ), #672 ) ;
#919 = EDGE_LOOP ( 'NONE', ( #519, #337, #738, #135, #366 ) ) ;
#920 = DIRECTION ( 'NONE',  ( 0.000000000000000000, 0.000000000000000000, -1.000000000000000000 ) ) ;
#921 = AXIS2_PLACEMENT_3D ( 'NONE', #1020, #503, #806 ) ;
#922 = CARTESIAN_POINT ( 'NONE',  ( 15.00000000000000178, -7.436498017713874198, 36.89752721011862491 ) ) ;
#923 = AXIS2_PLACEMENT_3D ( 'NONE', #974, #253, #558 ) ;
#924 = CARTESIAN_POINT ( 'NONE',  ( 0.000000000000000000, -13.00000000000000000, 2.000000000000000000 ) ) ;
#925 = ORIENTED_EDGE ( 'NONE', *, *, #20, .T. ) ;
#926 = EDGE_CURVE ( 'NONE', #90, #28, #823, .T. ) ;
#927 = CYLINDRICAL_SURFACE ( 'NONE', #168, 1.499999999999996225 ) ;
#928 = CARTESIAN_POINT ( 'NONE',  ( 5.790369901602934632, -4.526421163784383417, 48.93191599430890903 ) ) ;
#929 =( NAMED_UNIT ( * ) SI_UNIT ( $, .STERADIAN. ) SOLID_ANGLE_UNIT ( ) );
#930 = VERTEX_POINT ( 'NONE', #369 ) ;
#931 = ORIENTED_EDGE ( 'NONE', *, *, #434, .F. ) ;
#932 = CARTESIAN_POINT ( 'NONE',  ( 7.000000000000000888, -3.629065036196706728, 0.000000000000000000 ) ) ;
#933 = EDGE_CURVE ( 'NONE', #590, #1163, #689, .T. ) ;
#934 = CARTESIAN_POINT ( 'NONE',  ( 6.313047325569980828, -4.962517706182947741, 49.00000000000000000 ) ) ;
#935 = CARTESIAN_POINT ( 'NONE',  ( 2.000000000000000000, -13.00000000000000000, 53.00000000000000000 ) ) ;
#936 = VERTEX_POINT ( 'NONE', #777 ) ;
#937 = ORIENTED_EDGE ( 'NONE', *, *, #482, .T. ) ;
#938 = VECTOR ( 'NONE', #1016, 1000.000000000000000 ) ;
#939 = DIRECTION ( 'NONE',  ( 0.000000000000000000, -1.000000000000000000, 0.000000000000000000 ) ) ;
#940 = DIRECTION ( 'NONE',  ( 0.000000000000000000, 0.000000000000000000, 1.000000000000000000 ) ) ;
#941 = DIRECTION ( 'NONE',  ( 0.000000000000000000, -0.000000000000000000, 1.000000000000000000 ) ) ;
#942 = ADVANCED_FACE ( 'NONE', ( #283 ), #686, .T. ) ;
#943 = LINE ( 'NONE', #416, #986 ) ;
#944 = ORIENTED_EDGE ( 'NONE', *, *, #891, .T. ) ;
#945 = DIRECTION ( 'NONE',  ( 0.000000000000000000, -1.000000000000000000, 0.000000000000000000 ) ) ;
#946 = CARTESIAN_POINT ( 'NONE',  ( 0.000000000000000000, 0.000000000000000000, 2.000000000000000000 ) ) ;
#947 = CARTESIAN_POINT ( 'NONE',  ( 2.000000000000000000, -2.000000000000000000, 53.00000000000000000 ) ) ;
#948 = EDGE_CURVE ( 'NONE', #604, #977, #478, .T. ) ;
#949 = ORIENTED_EDGE ( 'NONE', *, *, #933, .T. ) ;
#950 = EDGE_LOOP ( 'NONE', ( #1111, #406, #1172, #840 ) ) ;
#951 = EDGE_CURVE ( 'NONE', #498, #173, #375, .T. ) ;
#952 = DIRECTION ( 'NONE',  ( -2.168404344971008868E-16, 1.000000000000000000, 0.000000000000000000 ) ) ;
#953 = DIRECTION ( 'NONE',  ( 1.000000000000000000, 0.000000000000000000, 0.000000000000000000 ) ) ;
#954 = VERTEX_POINT ( 'NONE', #1072 ) ;
#955 = ORIENTED_EDGE ( 'NONE', *, *, #1279, .T. ) ;
#956 = AXIS2_PLACEMENT_3D ( 'NONE', #65, #908, #171 ) ;
#957 = EDGE_CURVE ( 'NONE', #219, #767, #877, .T. ) ;
#958 = CARTESIAN_POINT ( 'NONE',  ( 4.313047325569984380, -4.363439511215299937, 36.89752721011862491 ) ) ;
#959 = VECTOR ( 'NONE', #1198, 1000.000000000000000 ) ;
#960 = CARTESIAN_POINT ( 'NONE',  ( 15.00000000000000178, -10.50955652421244579, 16.10000000000000142 ) ) ;
#961 = CARTESIAN_POINT ( 'NONE',  ( 2.000000000000000000, -2.000000000000000000, 51.00000000000000000 ) ) ;
#962 = ORIENTED_EDGE ( 'NONE', *, *, #1227, .T. ) ;
#963 = EDGE_LOOP ( 'NONE', ( #673, #294, #9, #433, #739 ) ) ;
#964 = LINE ( 'NONE', #1263, #782 ) ;
#965 = AXIS2_PLACEMENT_3D ( 'NONE', #1257, #748, #430 ) ;
#966 = DIRECTION ( 'NONE',  ( -1.156482317317871478E-16, 1.000000000000000000, 0.000000000000000000 ) ) ;
#967 = CARTESIAN_POINT ( 'NONE',  ( 15.00000000000000178, -14.99999999999999822, 51.00000000000000711 ) ) ;
#968 = ORIENTED_EDGE ( 'NONE', *, *, #640, .F. ) ;
#969 = EDGE_LOOP ( 'NONE', ( #925, #666, #186, #463 ) ) ;
#970 = ORIENTED_EDGE ( 'NONE', *, *, #1322, .T. ) ;
#971 = CIRCLE ( 'NONE', #557, 2.000000000000000000 ) ;
#972 = DIRECTION ( 'NONE',  ( 0.000000000000000000, -0.000000000000000000, -1.000000000000000000 ) ) ;
#973 = EDGE_CURVE ( 'NONE', #189, #629, #266, .T. ) ;
#974 = CARTESIAN_POINT ( 'NONE',  ( 15.00000000000000178, -12.99999999999999822, 51.00000000000000000 ) ) ;
#975 = ORIENTED_EDGE ( 'NONE', *, *, #415, .T. ) ;
#976 = LINE ( 'NONE', #59, #1050 ) ;
#977 = VERTEX_POINT ( 'NONE', #987 ) ;
#978 = DIRECTION ( 'NONE',  ( -1.000000000000000000, 0.000000000000000000, 0.000000000000000000 ) ) ;
#979 = CIRCLE ( 'NONE', #1081, 1.500000000000002220 ) ;
#980 = DIRECTION ( 'NONE',  ( 1.000000000000000000, 0.000000000000000000, 0.000000000000000000 ) ) ;
#981 = DIRECTION ( 'NONE',  ( -0.000000000000000000, 0.000000000000000000, -1.000000000000000000 ) ) ;
#982 = DIRECTION ( 'NONE',  ( -0.000000000000000000, -0.000000000000000000, 1.000000000000000000 ) ) ;
#983 = ORIENTED_EDGE ( 'NONE', *, *, #889, .T. ) ;
#984 = CIRCLE ( 'NONE', #921, 1.500000000000002220 ) ;
#985 = EDGE_LOOP ( 'NONE', ( #541, #1032, #780, #554 ) ) ;
#986 = VECTOR ( 'NONE', #825, 1000.000000000000000 ) ;
#987 = CARTESIAN_POINT ( 'NONE',  ( 4.313047325569982604, -15.00000000000000178, 6.000000000000012434 ) ) ;
#988 = CARTESIAN_POINT ( 'NONE',  ( 8.500000000000001776, -10.40906503619670787, 49.00000000000000000 ) ) ;
#989 = EDGE_CURVE ( 'NONE', #313, #583, #1065, .T. ) ;
#990 = EDGE_CURVE ( 'NONE', #427, #1139, #775, .T. ) ;
#991 = ORIENTED_EDGE ( 'NONE', *, *, #1214, .F. ) ;
#992 = DIRECTION ( 'NONE',  ( 0.000000000000000000, 0.000000000000000000, 1.000000000000000000 ) ) ;
#993 = CARTESIAN_POINT ( 'NONE',  ( 5.593361812160629221, -3.090648294311784117, 4.133546764203814838 ) ) ;
#994 = DIRECTION ( 'NONE',  ( 1.000000000000000000, 1.156482317317871478E-16, 2.080479878196088970E-33 ) ) ;
#995 = ORIENTED_EDGE ( 'NONE', *, *, #957, .T. ) ;
#996 = EDGE_CURVE ( 'NONE', #863, #828, #1316, .T. ) ;
#997 = DIRECTION ( 'NONE',  ( -1.000000000000000000, 0.000000000000000000, 0.000000000000000000 ) ) ;
#998 = CARTESIAN_POINT ( 'NONE',  ( 8.500000000000001776, -10.40906503619670787, 0.000000000000000000 ) ) ;
#999 = AXIS2_PLACEMENT_3D ( 'NONE', #580, #1093, #997 ) ;
#1000 = DIRECTION ( 'NONE',  ( 0.000000000000000000, 0.000000000000000000, 1.000000000000000000 ) ) ;
#1001 = DIRECTION ( 'NONE',  ( 0.000000000000000000, 0.000000000000000000, -1.000000000000000000 ) ) ;
#1002 = VERTEX_POINT ( 'NONE', #362 ) ;
#1003 = CARTESIAN_POINT ( 'NONE',  ( 4.313047325569980828, 4.987962965776816930E-16, 47.00000000000000000 ) ) ;
#1004 = DIRECTION ( 'NONE',  ( -1.000000000000000000, 0.000000000000000000, 0.000000000000000000 ) ) ;
#1005 = FACE_OUTER_BOUND ( 'NONE', #950, .T. ) ;
#1006 = CARTESIAN_POINT ( 'NONE',  ( 15.00000000000000000, 0.000000000000000000, 53.00000000000000000 ) ) ;
#1007 = CARTESIAN_POINT ( 'NONE',  ( 15.00000000000000000, -2.000000000000000000, 2.000000000000001776 ) ) ;
#1008 = ORIENTED_EDGE ( 'NONE', *, *, #785, .F. ) ;
#1009 = DIRECTION ( 'NONE',  ( -0.000000000000000000, 1.000000000000000000, 0.000000000000000000 ) ) ;
#1010 = DIRECTION ( 'NONE',  ( 1.000000000000000000, 0.000000000000000000, 0.000000000000000000 ) ) ;
#1011 = DIRECTION ( 'NONE',  ( 1.000000000000000000, 1.156482317317871725E-16, -0.000000000000000000 ) ) ;
#1012 = EDGE_CURVE ( 'NONE', #902, #1148, #550, .T. ) ;
#1013 = CARTESIAN_POINT ( 'NONE',  ( 5.791263208861262335, -2.730347539334435414, 48.93218108103245356 ) ) ;
#1014 = VERTEX_POINT ( 'NONE', #890 ) ;
#1015 = PLANE ( 'NONE',  #1323 ) ;
#1016 = DIRECTION ( 'NONE',  ( -1.000000000000000000, -1.156482317317871478E-16, -0.000000000000000000 ) ) ;
#1017 = CARTESIAN_POINT ( 'NONE',  ( 5.593361812160628332, -4.167481778081628008, 48.86645323579620026 ) ) ;
#1018 = AXIS2_PLACEMENT_3D ( 'NONE', #1071, #992, #1283 ) ;
#1019 = ORIENTED_EDGE ( 'NONE', *, *, #449, .F. ) ;
#1020 = CARTESIAN_POINT ( 'NONE',  ( 6.999999999999999112, -10.40906503619670787, 53.00000000000000000 ) ) ;
#1021 = CARTESIAN_POINT ( 'NONE',  ( 0.000000000000000000, -7.436498017713874198, 16.10000000000000142 ) ) ;
#1022 =( LENGTH_UNIT ( ) NAMED_UNIT ( * ) SI_UNIT ( .MILLI., .METRE. ) );
#1023 = CIRCLE ( 'NONE', #899, 1.499999999999996891 ) ;
#1024 = ADVANCED_FACE ( 'NONE', ( #63 ), #662, .F. ) ;
#1025 = VERTEX_POINT ( 'NONE', #1168 ) ;
#1026 = CIRCLE ( 'NONE', #1109, 1.500000000000003109 ) ;
#1027 = ADVANCED_FACE ( 'NONE', ( #271 ), #1189, .F. ) ;
#1028 = FACE_BOUND ( 'NONE', #865, .T. ) ;
#1029 = LINE ( 'NONE', #12, #22 ) ;
#1030 = CYLINDRICAL_SURFACE ( 'NONE', #741, 2.000000000000000000 ) ;
#1031 = EDGE_LOOP ( 'NONE', ( #1181, #822, #158, #1179 ) ) ;
#1032 = ORIENTED_EDGE ( 'NONE', *, *, #1325, .T. ) ;
#1033 = CYLINDRICAL_SURFACE ( 'NONE', #1176, 2.000000000000000000 ) ;
#1034 = EDGE_CURVE ( 'NONE', #552, #1272, #174, .T. ) ;
#1035 = CARTESIAN_POINT ( 'NONE',  ( 6.077974832543904249, -2.437948677041232415, 48.98875444247111943 ) ) ;
#1036 = AXIS2_PLACEMENT_3D ( 'NONE', #346, #1166, #654 ) ;
#1037 = ORIENTED_EDGE ( 'NONE', *, *, #298, .F. ) ;
#1038 = ORIENTED_EDGE ( 'NONE', *, *, #27, .F. ) ;
#1039 = AXIS2_PLACEMENT_3D ( 'NONE', #875, #754, #972 ) ;
#1040 = FACE_OUTER_BOUND ( 'NONE', #1049, .T. ) ;
#1041 = DIRECTION ( 'NONE',  ( 1.000000000000000000, 0.000000000000000000, 0.000000000000000000 ) ) ;
#1042 = CARTESIAN_POINT ( 'NONE',  ( 6.191070184078824923, -4.899678937734162965, 4.000000000000003553 ) ) ;
#1043 = VERTEX_POINT ( 'NONE', #1183 ) ;
#1044 = ORIENTED_EDGE ( 'NONE', *, *, #653, .T. ) ;
#1045 = AXIS2_PLACEMENT_3D ( 'NONE', #393, #223, #537 ) ;
#1046 = CARTESIAN_POINT ( 'NONE',  ( 6.313047325569982604, -15.00000000000000178, 4.000000000000003553 ) ) ;
#1047 = FACE_OUTER_BOUND ( 'NONE', #969, .T. ) ;
#1048 = EDGE_CURVE ( 'NONE', #1014, #323, #14, .T. ) ;
#1049 = EDGE_LOOP ( 'NONE', ( #1123, #520, #418, #931 ) ) ;
#1050 = VECTOR ( 'NONE', #1286, 1000.000000000000000 ) ;
#1051 = EDGE_LOOP ( 'NONE', ( #461, #1140, #1037, #759, #1225 ) ) ;
#1052 = CARTESIAN_POINT ( 'NONE',  ( 6.313047325569982604, -15.00000000000000178, 4.000000000000003553 ) ) ;
#1053 = CARTESIAN_POINT ( 'NONE',  ( 6.313047325569980828, -4.962517706182947741, 4.000000000000003553 ) ) ;
#1054 = DIRECTION ( 'NONE',  ( 1.000000000000000000, 0.000000000000000000, 0.000000000000000000 ) ) ;
#1055 = VERTEX_POINT ( 'NONE', #667 ) ;
#1056 = ORIENTED_EDGE ( 'NONE', *, *, #768, .T. ) ;
#1057 = CARTESIAN_POINT ( 'NONE',  ( 6.999999999999999112, -10.40906503619670787, 0.000000000000000000 ) ) ;
#1058 = DIRECTION ( 'NONE',  ( 1.000000000000000000, -0.000000000000000000, -0.000000000000000000 ) ) ;
#1059 = CARTESIAN_POINT ( 'NONE',  ( 0.000000000000000000, 0.000000000000000000, 0.000000000000000000 ) ) ;
#1060 = VERTEX_POINT ( 'NONE', #145 ) ;
#1061 = ORIENTED_EDGE ( 'NONE', *, *, #104, .F. ) ;
#1062 = ORIENTED_EDGE ( 'NONE', *, *, #854, .F. ) ;
#1063 =( GEOMETRIC_REPRESENTATION_CONTEXT ( 3 ) GLOBAL_UNCERTAINTY_ASSIGNED_CONTEXT ( ( #1185 ) ) GLOBAL_UNIT_ASSIGNED_CONTEXT ( ( #1022, #203, #929 ) ) REPRESENTATION_CONTEXT ( 'NONE', 'WORKASPACE' ) );
#1064 = ADVANCED_FACE ( 'NONE', ( #1077 ), #575, .F. ) ;
#1065 = LINE ( 'NONE', #860, #325 ) ;
#1066 = PLANE ( 'NONE',  #719 ) ;
#1067 = ORIENTED_EDGE ( 'NONE', *, *, #1302, .T. ) ;
#1068 = EDGE_LOOP ( 'NONE', ( #205, #553 ) ) ;
#1069 = EDGE_LOOP ( 'NONE', ( #140, #93, #230, #937 ) ) ;
#1070 = EDGE_CURVE ( 'NONE', #977, #219, #53, .T. ) ;
#1071 = CARTESIAN_POINT ( 'NONE',  ( 6.999999999999999112, -10.40906503619670787, 0.000000000000000000 ) ) ;
#1072 = CARTESIAN_POINT ( 'NONE',  ( 0.000000000000000000, -13.00000000000000000, 51.00000000000000000 ) ) ;
#1073 = CARTESIAN_POINT ( 'NONE',  ( 0.000000000000000000, -4.363439511215302602, 16.10000000000000142 ) ) ;
#1074 = ORIENTED_EDGE ( 'NONE', *, *, #926, .F. ) ;
#1075 = ORIENTED_EDGE ( 'NONE', *, *, #1143, .T. ) ;
#1076 = VERTEX_POINT ( 'NONE', #1159 ) ;
#1077 = FACE_OUTER_BOUND ( 'NONE', #307, .T. ) ;
#1078 = AXIS2_PLACEMENT_3D ( 'NONE', #569, #472, #76 ) ;
#1079 = EDGE_CURVE ( 'NONE', #767, #604, #1307, .T. ) ;
#1080 = EDGE_CURVE ( 'NONE', #115, #559, #1141, .T. ) ;
#1081 = AXIS2_PLACEMENT_3D ( 'NONE', #771, #981, #1083 ) ;
#1082 = DIRECTION ( 'NONE',  ( -1.654982283278041332E-32, 1.251151248740387976E-16, 1.000000000000000000 ) ) ;
#1083 = DIRECTION ( 'NONE',  ( -1.000000000000000000, 0.000000000000000000, 0.000000000000000000 ) ) ;
#1084 = EDGE_CURVE ( 'NONE', #722, #258, #277, .T. ) ;
#1085 = FACE_OUTER_BOUND ( 'NONE', #231, .T. ) ;
#1086 = ORIENTED_EDGE ( 'NONE', *, *, #1084, .F. ) ;
#1087 = AXIS2_PLACEMENT_3D ( 'NONE', #493, #467, #364 ) ;
#1088 = DIRECTION ( 'NONE',  ( -1.156482317317871478E-16, 1.000000000000000000, 0.000000000000000000 ) ) ;
#1089 = DIRECTION ( 'NONE',  ( 1.000000000000000000, 0.000000000000000000, 0.000000000000000000 ) ) ;
#1090 = CARTESIAN_POINT ( 'NONE',  ( 4.313047325569980828, -7.436498017713874198, 36.89752721011862491 ) ) ;
#1091 = EDGE_CURVE ( 'NONE', #684, #1272, #904, .T. ) ;
#1092 = VERTEX_POINT ( 'NONE', #1208 ) ;
#1093 = DIRECTION ( 'NONE',  ( -0.000000000000000000, 0.000000000000000000, -1.000000000000000000 ) ) ;
#1094 = DIRECTION ( 'NONE',  ( -0.000000000000000000, -0.000000000000000000, 1.000000000000000000 ) ) ;
#1095 = DIRECTION ( 'NONE',  ( 0.000000000000000000, 1.000000000000000000, 0.000000000000000000 ) ) ;
#1096 = ORIENTED_EDGE ( 'NONE', *, *, #409, .T. ) ;
#1097 = CARTESIAN_POINT ( 'NONE',  ( 2.000000000000000000, 0.000000000000000000, 2.000000000000001776 ) ) ;
#1098 = CYLINDRICAL_SURFACE ( 'NONE', #459, 1.500000000000003109 ) ;
#1099 = VECTOR ( 'NONE', #489, 1000.000000000000000 ) ;
#1100 = DIRECTION ( 'NONE',  ( 0.000000000000000000, 0.000000000000000000, -1.000000000000000000 ) ) ;
#1101 = AXIS2_PLACEMENT_3D ( 'NONE', #525, #941, #226 ) ;
#1102 = CARTESIAN_POINT ( 'NONE',  ( 15.00000000000000178, -10.50955652421244579, 16.10000000000000142 ) ) ;
#1103 = ORIENTED_EDGE ( 'NONE', *, *, #104, .T. ) ;
#1104 = FACE_OUTER_BOUND ( 'NONE', #870, .T. ) ;
#1105 = CARTESIAN_POINT ( 'NONE',  ( 7.000000000000000888, -3.629065036196706728, 4.000000000000003553 ) ) ;
#1106 = EDGE_CURVE ( 'NONE', #863, #79, #695, .T. ) ;
#1107 = LINE ( 'NONE', #1280, #382 ) ;
#1108 = DIRECTION ( 'NONE',  ( 0.000000000000000000, 1.000000000000000000, 0.000000000000000000 ) ) ;
#1109 = AXIS2_PLACEMENT_3D ( 'NONE', #109, #299, #715 ) ;
#1110 = LINE ( 'NONE', #196, #1295 ) ;
#1111 = ORIENTED_EDGE ( 'NONE', *, *, #812, .F. ) ;
#1112 = DIRECTION ( 'NONE',  ( 0.000000000000000000, -1.000000000000000000, -6.288372600415925717E-15 ) ) ;
#1113 = DIRECTION ( 'NONE',  ( -0.000000000000000000, 0.000000000000000000, -1.000000000000000000 ) ) ;
#1114 = ADVANCED_FACE ( 'NONE', ( #798 ), #912, .F. ) ;
#1115 = ORIENTED_EDGE ( 'NONE', *, *, #224, .T. ) ;
#1116 = LINE ( 'NONE', #304, #330 ) ;
#1117 = CARTESIAN_POINT ( 'NONE',  ( 5.500000000000004441, -3.629065036196706728, 48.82728050566504407 ) ) ;
#1118 = EDGE_CURVE ( 'NONE', #69, #1201, #564, .T. ) ;
#1119 = DIRECTION ( 'NONE',  ( -1.000000000000000000, 0.000000000000000000, 0.000000000000000000 ) ) ;
#1120 = ADVANCED_FACE ( 'NONE', ( #385 ), #373, .F. ) ;
#1121 = CIRCLE ( 'NONE', #310, 2.000000000000000000 ) ;
#1122 = ORIENTED_EDGE ( 'NONE', *, *, #548, .T. ) ;
#1123 = ORIENTED_EDGE ( 'NONE', *, *, #39, .F. ) ;
#1124 = DIRECTION ( 'NONE',  ( 1.000000000000000000, 1.156482317317871725E-16, -0.000000000000000000 ) ) ;
#1125 = CARTESIAN_POINT ( 'NONE',  ( 0.000000000000000000, -7.436498017713874198, 36.89752721011862491 ) ) ;
#1126 = CIRCLE ( 'NONE', #41, 2.000000000000000000 ) ;
#1127 = CARTESIAN_POINT ( 'NONE',  ( 6.313047325569980828, -2.295612366210465272, 49.00000000000000000 ) ) ;
#1128 = AXIS2_PLACEMENT_3D ( 'NONE', #279, #994, #78 ) ;
#1129 = EDGE_CURVE ( 'NONE', #930, #163, #1317, .T. ) ;
#1130 = ORIENTED_EDGE ( 'NONE', *, *, #1240, .F. ) ;
#1131 = VECTOR ( 'NONE', #903, 1000.000000000000000 ) ;
#1132 = DIRECTION ( 'NONE',  ( -0.000000000000000000, 1.000000000000000000, 0.000000000000000000 ) ) ;
#1133 = LINE ( 'NONE', #225, #531 ) ;
#1134 = ORIENTED_EDGE ( 'NONE', *, *, #1288, .F. ) ;
#1135 = VERTEX_POINT ( 'NONE', #789 ) ;
#1136 = EDGE_CURVE ( 'NONE', #835, #1076, #200, .T. ) ;
#1137 = CARTESIAN_POINT ( 'NONE',  ( 6.189211498225607677, -9.139408670870714957, 4.000000000000003553 ) ) ;
#1138 = FILL_AREA_STYLE_COLOUR ( '', #1149 ) ;
#1139 = VERTEX_POINT ( 'NONE', #95 ) ;
#1140 = ORIENTED_EDGE ( 'NONE', *, *, #20, .F. ) ;
#1141 = CIRCLE ( 'NONE', #100, 1.499999999999996891 ) ;
#1142 = FACE_OUTER_BOUND ( 'NONE', #318, .T. ) ;
#1143 = EDGE_CURVE ( 'NONE', #312, #684, #80, .T. ) ;
#1144 = AXIS2_PLACEMENT_3D ( 'NONE', #407, #94, #190 ) ;
#1145 = CARTESIAN_POINT ( 'NONE',  ( 5.500000000000005329, -3.766392781790880218, 4.172719494334958590 ) ) ;
#1146 = DIRECTION ( 'NONE',  ( 0.000000000000000000, 0.000000000000000000, -1.000000000000000000 ) ) ;
#1147 = LINE ( 'NONE', #43, #401 ) ;
#1148 = VERTEX_POINT ( 'NONE', #1097 ) ;
#1149 = COLOUR_RGB ( '',1.000000000000000000, 1.000000000000000000, 1.000000000000000000 ) ;
#1150 = ORIENTED_EDGE ( 'NONE', *, *, #951, .F. ) ;
#1151 = CARTESIAN_POINT ( 'NONE',  ( 5.790369901602929303, -9.511708908609024959, 4.068084005691098959 ) ) ;
#1152 = EDGE_CURVE ( 'NONE', #1014, #105, #781, .T. ) ;
#1153 = CARTESIAN_POINT ( 'NONE',  ( 6.077974832543904249, -4.820181395352181042, 4.011245557528888561 ) ) ;
#1154 =( NAMED_UNIT ( * ) PLANE_ANGLE_UNIT ( ) SI_UNIT ( $, .RADIAN. ) );
#1155 = VERTEX_POINT ( 'NONE', #380 ) ;
#1156 = AXIS2_PLACEMENT_3D ( 'NONE', #1285, #1199, #376 ) ;
#1157 = ORIENTED_EDGE ( 'NONE', *, *, #81, .F. ) ;
#1158 = CARTESIAN_POINT ( 'NONE',  ( 6.313047325569981716, -9.075612366210460635, 4.000000000000003553 ) ) ;
#1159 = CARTESIAN_POINT ( 'NONE',  ( 2.000000000000000000, -15.00000000000000000, 51.00000000000000000 ) ) ;
#1160 = LINE ( 'NONE', #334, #215 ) ;
#1161 = ADVANCED_FACE ( 'NONE', ( #685 ), #87, .T. ) ;
#1162 = DIRECTION ( 'NONE',  ( 0.000000000000000000, 0.000000000000000000, 1.000000000000000000 ) ) ;
#1163 = VERTEX_POINT ( 'NONE', #924 ) ;
#1164 = CARTESIAN_POINT ( 'NONE',  ( 5.499999999999997335, -10.40906503619670787, 4.172719494334961254 ) ) ;
#1165 = ADVANCED_FACE ( 'NONE', ( #85, #188 ), #901, .F. ) ;
#1166 = DIRECTION ( 'NONE',  ( 0.000000000000000000, 0.000000000000000000, 1.000000000000000000 ) ) ;
#1167 = AXIS2_PLACEMENT_3D ( 'NONE', #286, #690, #589 ) ;
#1168 = CARTESIAN_POINT ( 'NONE',  ( 0.000000000000000000, -2.000000000000000000, 51.00000000000000000 ) ) ;
#1169 = LINE ( 'NONE', #855, #866 ) ;
#1170 = CARTESIAN_POINT ( 'NONE',  ( 5.499999999999997335, -10.40906503619670787, 48.82728050566504407 ) ) ;
#1171 = ORIENTED_EDGE ( 'NONE', *, *, #48, .T. ) ;
#1172 = ORIENTED_EDGE ( 'NONE', *, *, #1012, .F. ) ;
#1173 = CIRCLE ( 'NONE', #610, 2.000000000000001776 ) ;
#1174 = ADVANCED_FACE ( 'NONE', ( #301 ), #795, .T. ) ;
#1175 = ORIENTED_EDGE ( 'NONE', *, *, #704, .F. ) ;
#1176 = AXIS2_PLACEMENT_3D ( 'NONE', #384, #811, #797 ) ;
#1177 = CARTESIAN_POINT ( 'NONE',  ( 5.593717393958255180, -9.869410342713585749, 48.86659814802696644 ) ) ;
#1178 = CARTESIAN_POINT ( 'NONE',  ( 6.313047325569980828, -1.950930938130408243E-16, 4.000000000000003553 ) ) ;
#1179 = ORIENTED_EDGE ( 'NONE', *, *, #1322, .F. ) ;
#1180 = CARTESIAN_POINT ( 'NONE',  ( 5.648555048841221726, -11.07414722164916654, 4.112135489894180651 ) ) ;
#1181 = ORIENTED_EDGE ( 'NONE', *, *, #1266, .T. ) ;
#1182 = EDGE_CURVE ( 'NONE', #800, #902, #436, .T. ) ;
#1183 = CARTESIAN_POINT ( 'NONE',  ( 6.313047325569981716, -9.075612366210460635, 4.000000000000003553 ) ) ;
#1184 = DIRECTION ( 'NONE',  ( 0.000000000000000000, -1.798972493605578321E-17, 1.000000000000000000 ) ) ;
#1185 = UNCERTAINTY_MEASURE_WITH_UNIT (LENGTH_MEASURE( 1.000000000000000082E-05 ), #1022, 'distance_accuracy_value', 'NONE');
#1186 = FACE_OUTER_BOUND ( 'NONE', #816, .T. ) ;
#1187 = CARTESIAN_POINT ( 'NONE',  ( 6.313047325569981716, -11.74251770618295510, 4.000000000000003553 ) ) ;
#1188 = ORIENTED_EDGE ( 'NONE', *, *, #368, .T. ) ;
#1189 = CYLINDRICAL_SURFACE ( 'NONE', #119, 2.000000000000000000 ) ;
#1190 = AXIS2_PLACEMENT_3D ( 'NONE', #1007, #787, #1298 ) ;
#1191 = EDGE_CURVE ( 'NONE', #1076, #954, #755, .T. ) ;
#1192 =( GEOMETRIC_REPRESENTATION_CONTEXT ( 3 ) GLOBAL_UNCERTAINTY_ASSIGNED_CONTEXT ( ( #627 ) ) GLOBAL_UNIT_ASSIGNED_CONTEXT ( ( #545, #1154, #750 ) ) REPRESENTATION_CONTEXT ( 'NONE', 'WORKASPACE' ) );
#1193 = LINE ( 'NONE', #905, #1271 ) ;
#1194 = CARTESIAN_POINT ( 'NONE',  ( 6.313047325569982604, -15.00000000000000178, 4.000000000000003553 ) ) ;
#1195 = EDGE_LOOP ( 'NONE', ( #270, #86, #26 ) ) ;
#1196 = VECTOR ( 'NONE', #1303, 1000.000000000000000 ) ;
#1197 = DIRECTION ( 'NONE',  ( -0.000000000000000000, -0.000000000000000000, 1.000000000000000000 ) ) ;
#1198 = DIRECTION ( 'NONE',  ( -1.156482317317871478E-16, 1.000000000000000000, 0.000000000000000000 ) ) ;
#1199 = DIRECTION ( 'NONE',  ( 0.000000000000000000, 0.000000000000000000, -1.000000000000000000 ) ) ;
#1200 = DIRECTION ( 'NONE',  ( -0.000000000000000000, -0.000000000000000000, -1.000000000000000000 ) ) ;
#1201 = VERTEX_POINT ( 'NONE', #204 ) ;
#1202 = CARTESIAN_POINT ( 'NONE',  ( 15.00000000000000178, -4.363439511215302602, 16.10000000000000142 ) ) ;
#1203 = DIRECTION ( 'NONE',  ( 0.000000000000000000, 0.000000000000000000, 1.000000000000000000 ) ) ;
#1204 = CARTESIAN_POINT ( 'NONE',  ( 8.499999999999996447, -3.629065036196706728, 0.000000000000000000 ) ) ;
#1205 = EDGE_CURVE ( 'NONE', #1025, #491, #909, .T. ) ;
#1206 = ORIENTED_EDGE ( 'NONE', *, *, #54, .T. ) ;
#1207 = CARTESIAN_POINT ( 'NONE',  ( 6.313047325569980828, -1.004630715935550958E-15, 49.00000000000000000 ) ) ;
#1208 = CARTESIAN_POINT ( 'NONE',  ( 8.499999999999998224, -3.629065036196706728, 53.00000000000000000 ) ) ;
#1209 = AXIS2_PLACEMENT_3D ( 'NONE', #947, #25, #980 ) ;
#1210 = CARTESIAN_POINT ( 'NONE',  ( 5.791263208861259670, -11.30778253305898673, 4.067818918967544661 ) ) ;
#1211 = DIRECTION ( 'NONE',  ( -1.000000000000000000, -0.000000000000000000, -0.000000000000000000 ) ) ;
#1212 = DIRECTION ( 'NONE',  ( 0.000000000000000000, 1.000000000000000000, 0.000000000000000000 ) ) ;
#1213 = ORIENTED_EDGE ( 'NONE', *, *, #951, .T. ) ;
#1214 = EDGE_CURVE ( 'NONE', #329, #491, #1121, .T. ) ;
#1215 = DIRECTION ( 'NONE',  ( 1.000000000000000000, 1.156482317317871478E-16, 2.080479878196088970E-33 ) ) ;
#1216 = DIRECTION ( 'NONE',  ( 1.000000000000000000, 0.000000000000000000, 0.000000000000000000 ) ) ;
#1217 = AXIS2_PLACEMENT_3D ( 'NONE', #354, #838, #30 ) ;
#1218 = DIRECTION ( 'NONE',  ( -1.000000000000000000, -1.156482317317871725E-16, 0.000000000000000000 ) ) ;
#1219 = CARTESIAN_POINT ( 'NONE',  ( 5.500000000000004441, -3.629065036196706728, 48.82728050566504407 ) ) ;
#1220 = ORIENTED_EDGE ( 'NONE', *, *, #578, .F. ) ;
#1221 = LINE ( 'NONE', #599, #1131 ) ;
#1222 = CIRCLE ( 'NONE', #74, 2.000000000000001776 ) ;
#1223 = DIRECTION ( 'NONE',  ( 0.000000000000000000, 0.000000000000000000, 1.000000000000000000 ) ) ;
#1224 = DIRECTION ( 'NONE',  ( 1.000000000000000000, 1.156482317317871725E-16, -0.000000000000000000 ) ) ;
#1225 = ORIENTED_EDGE ( 'NONE', *, *, #917, .F. ) ;
#1226 = FACE_BOUND ( 'NONE', #111, .T. ) ;
#1227 = EDGE_CURVE ( 'NONE', #546, #722, #1110, .T. ) ;
#1228 = FACE_OUTER_BOUND ( 'NONE', #661, .T. ) ;
#1229 = AXIS2_PLACEMENT_3D ( 'NONE', #260, #1203, #1089 ) ;
#1230 = ORIENTED_EDGE ( 'NONE', *, *, #1091, .F. ) ;
#1231 = ORIENTED_EDGE ( 'NONE', *, *, #482, .F. ) ;
#1232 = CARTESIAN_POINT ( 'NONE',  ( 2.000000000000000000, -13.00000000000000000, 51.00000000000000000 ) ) ;
#1233 = SPHERICAL_SURFACE ( 'NONE', #809, 2.000000000000000000 ) ;
#1234 = CIRCLE ( 'NONE', #149, 1.500000000000002220 ) ;
#1235 = ORIENTED_EDGE ( 'NONE', *, *, #1129, .T. ) ;
#1236 = CARTESIAN_POINT ( 'NONE',  ( 6.077634803431418931, -11.59986882727805302, 48.98869786980740315 ) ) ;
#1237 = CARTESIAN_POINT ( 'NONE',  ( 1.503427012513232947E-15, -13.00000000000000000, 0.000000000000000000 ) ) ;
#1238 = CARTESIAN_POINT ( 'NONE',  ( 2.000000000000000000, -2.000000000000000000, 51.00000000000000000 ) ) ;
#1239 = ORIENTED_EDGE ( 'NONE', *, *, #1070, .F. ) ;
#1240 = EDGE_CURVE ( 'NONE', #546, #1025, #713, .T. ) ;
#1241 = DIRECTION ( 'NONE',  ( 0.000000000000000000, 0.000000000000000000, -1.000000000000000000 ) ) ;
#1242 = LINE ( 'NONE', #946, #1254 ) ;
#1243 = CARTESIAN_POINT ( 'NONE',  ( 5.791263208861262335, -4.527782533058977599, 4.067818918967541997 ) ) ;
#1244 = DIRECTION ( 'NONE',  ( 0.000000000000000000, 0.000000000000000000, -1.000000000000000000 ) ) ;
#1245 = ORIENTED_EDGE ( 'NONE', *, *, #743, .F. ) ;
#1246 = ORIENTED_EDGE ( 'NONE', *, *, #468, .T. ) ;
#1247 = AXIS2_PLACEMENT_3D ( 'NONE', #675, #83, #586 ) ;
#1248 = DIRECTION ( 'NONE',  ( -1.156482317317871478E-16, 1.000000000000000000, 0.000000000000000000 ) ) ;
#1249 = DIRECTION ( 'NONE',  ( 1.000000000000000000, 1.156482317317871478E-16, 0.000000000000000000 ) ) ;
#1250 = FACE_BOUND ( 'NONE', #1068, .T. ) ;
#1251 = ORIENTED_EDGE ( 'NONE', *, *, #233, .F. ) ;
#1252 = AXIS2_PLACEMENT_3D ( 'NONE', #388, #1211, #1000 ) ;
#1253 = ORIENTED_EDGE ( 'NONE', *, *, #653, .F. ) ;
#1254 = VECTOR ( 'NONE', #24, 1000.000000000000000 ) ;
#1255 = CARTESIAN_POINT ( 'NONE',  ( 5.500000000000004441, -3.629065036196706728, 53.00000000000000000 ) ) ;
#1256 = EDGE_CURVE ( 'NONE', #583, #1139, #480, .T. ) ;
#1257 = CARTESIAN_POINT ( 'NONE',  ( 7.000000000000000888, -3.629065036196706728, 0.000000000000000000 ) ) ;
#1258 = PRODUCT_DEFINITION_SHAPE ( 'NONE', 'NONE',  #907 ) ;
#1259 = APPLICATION_PROTOCOL_DEFINITION ( 'draft international standard', 'automotive_design', 1998, #847 ) ;
#1260 = ORIENTED_EDGE ( 'NONE', *, *, #36, .T. ) ;
#1261 = AXIS2_PLACEMENT_3D ( 'NONE', #1057, #829, #124 ) ;
#1262 = EDGE_LOOP ( 'NONE', ( #302, #245, #1103, #622 ) ) ;
#1263 = CARTESIAN_POINT ( 'NONE',  ( 2.000000000000000000, -15.00000000000000000, 53.00000000000000000 ) ) ;
#1264 = CARTESIAN_POINT ( 'NONE',  ( 5.791263208861258782, -9.510347539334432554, 48.93218108103245356 ) ) ;
#1265 = DIRECTION ( 'NONE',  ( 0.000000000000000000, 8.341008324935919428E-17, -1.000000000000000000 ) ) ;
#1266 = EDGE_CURVE ( 'NONE', #1287, #590, #831, .T. ) ;
#1267 = CARTESIAN_POINT ( 'NONE',  ( 4.313047325569980828, -1.235927179399125303E-15, 49.00000000000000000 ) ) ;
#1268 = ORIENTED_EDGE ( 'NONE', *, *, #126, .F. ) ;
#1269 = CARTESIAN_POINT ( 'NONE',  ( 4.313047325569982604, -15.00000000000000000, 49.00000000000000000 ) ) ;
#1270 = CIRCLE ( 'NONE', #1036, 1.500000000000003109 ) ;
#1271 = VECTOR ( 'NONE', #64, 1000.000000000000000 ) ;
#1272 = VERTEX_POINT ( 'NONE', #1073 ) ;
#1273 = PRODUCT_DEFINITION_FORMATION_WITH_SPECIFIED_SOURCE ( 'ÈÎºÎ', '', #858, .NOT_KNOWN. ) ;
#1274 = DIRECTION ( 'NONE',  ( -1.000000000000000000, -1.156482317317871725E-16, 0.000000000000000000 ) ) ;
#1275 = DIRECTION ( 'NONE',  ( -1.000000000000000000, 0.000000000000000000, 0.000000000000000000 ) ) ;
#1276 = DIRECTION ( 'NONE',  ( 1.000000000000000000, 0.000000000000000000, 0.000000000000000000 ) ) ;
#1277 = CARTESIAN_POINT ( 'NONE',  ( 5.519425706300085110, -10.68551275325189032, 48.83623518239161143 ) ) ;
#1278 = ORIENTED_EDGE ( 'NONE', *, *, #872, .T. ) ;
#1279 = EDGE_CURVE ( 'NONE', #1043, #69, #979, .T. ) ;
#1280 = CARTESIAN_POINT ( 'NONE',  ( 1.734723475976807094E-15, -15.00000000000000000, 2.000000000000000000 ) ) ;
#1281 = VECTOR ( 'NONE', #1224, 1000.000000000000000 ) ;
#1282 = EDGE_LOOP ( 'NONE', ( #568, #1213, #692, #630, #527, #1235, #1067, #1056, #212, #21 ) ) ;
#1283 = DIRECTION ( 'NONE',  ( 1.000000000000000000, 0.000000000000000000, 0.000000000000000000 ) ) ;
#1284 = CARTESIAN_POINT ( 'NONE',  ( 5.500000000000004441, -3.629065036196706728, 0.000000000000000000 ) ) ;
#1285 = CARTESIAN_POINT ( 'NONE',  ( 7.000000000000000888, -3.629065036196706728, 53.00000000000000000 ) ) ;
#1286 = DIRECTION ( 'NONE',  ( -1.156482317317871725E-16, 1.000000000000000000, -0.000000000000000000 ) ) ;
#1287 = VERTEX_POINT ( 'NONE', #1291 ) ;
#1288 = EDGE_CURVE ( 'NONE', #559, #1043, #72, .T. ) ;
#1289 = CARTESIAN_POINT ( 'NONE',  ( 5.499999999999996447, -10.27173729060253393, 48.82728050566503697 ) ) ;
#1290 = LINE ( 'NONE', #998, #165 ) ;
#1291 = CARTESIAN_POINT ( 'NONE',  ( 15.00000000000000178, -12.99999999999999467, 0.000000000000000000 ) ) ;
#1292 = CARTESIAN_POINT ( 'NONE',  ( 2.000000000000000000, -13.00000000000000000, 0.000000000000000000 ) ) ;
#1293 = ORIENTED_EDGE ( 'NONE', *, *, #1084, .T. ) ;
#1294 = DIRECTION ( 'NONE',  ( 1.156482317317871478E-16, -1.000000000000000000, -0.000000000000000000 ) ) ;
#1295 = VECTOR ( 'NONE', #728, 1000.000000000000000 ) ;
#1296 = DIRECTION ( 'NONE',  ( 0.000000000000000000, -3.854941057726238467E-17, -1.000000000000000000 ) ) ;
#1297 = DIRECTION ( 'NONE',  ( -1.000000000000000000, -1.156482317317871725E-16, 0.000000000000000000 ) ) ;
#1298 = DIRECTION ( 'NONE',  ( 0.000000000000000000, -1.000000000000000000, 0.000000000000000000 ) ) ;
#1299 = ORIENTED_EDGE ( 'NONE', *, *, #1325, .F. ) ;
#1300 = DIRECTION ( 'NONE',  ( -1.000000000000000000, 0.000000000000000000, 0.000000000000000000 ) ) ;
#1301 = FACE_OUTER_BOUND ( 'NONE', #963, .T. ) ;
#1302 = EDGE_CURVE ( 'NONE', #163, #1135, #1319, .T. ) ;
#1303 = DIRECTION ( 'NONE',  ( 1.000000000000000000, 1.156482317317871725E-16, -0.000000000000000000 ) ) ;
#1304 = CARTESIAN_POINT ( 'NONE',  ( 0.000000000000000000, -15.00000000000000000, 53.00000000000000000 ) ) ;
#1305 = VERTEX_POINT ( 'NONE', #139 ) ;
#1306 = CARTESIAN_POINT ( 'NONE',  ( 0.000000000000000000, 0.000000000000000000, 53.00000000000000000 ) ) ;
#1307 = LINE ( 'NONE', #1003, #802 ) ;
#1308 = CARTESIAN_POINT ( 'NONE',  ( 5.877164386150934838, -2.625067322570389106, 4.045429884583443325 ) ) ;
#1309 = CARTESIAN_POINT ( 'NONE',  ( 6.313047325569980828, 0.000000000000000000, 47.00000000000000000 ) ) ;
#1310 = CARTESIAN_POINT ( 'NONE',  ( 0.000000000000000000, -10.50955652421244757, 36.89752721011862491 ) ) ;
#1311 = ADVANCED_FACE ( 'NONE', ( #649 ), #438, .F. ) ;
#1312 = DIRECTION ( 'NONE',  ( 0.000000000000000000, -0.000000000000000000, -1.000000000000000000 ) ) ;
#1313 = ORIENTED_EDGE ( 'NONE', *, *, #332, .F. ) ;
#1314 = CARTESIAN_POINT ( 'NONE',  ( 4.313047325569980828, -7.436498017713874198, 36.89752721011862491 ) ) ;
#1315 = DIRECTION ( 'NONE',  ( 0.000000000000000000, 0.000000000000000000, 1.000000000000000000 ) ) ;
#1316 = B_SPLINE_CURVE_WITH_KNOTS ( 'NONE', 3,
 ( #160, #1289, #353, #1177, #70, #1264, #760, #252, #347, #556 ),
 .UNSPECIFIED., .F., .F.,
 ( 4, 2, 2, 2, 4 ),
 ( 0.001644712539763691422, 0.002056129841260818242, 0.002467547142757944845, 0.002878964444255071448, 0.003290381745752198484 ),
 .UNSPECIFIED. ) ;
#1317 = CIRCLE ( 'NONE', #502, 1.499999999999996225 ) ;
#1318 = PLANE ( 'NONE',  #193 ) ;
#1319 = CIRCLE ( 'NONE', #395, 1.499999999999996225 ) ;
#1320 = FILL_AREA_STYLE ('',( #1138 ) ) ;
#1321 = PRODUCT_RELATED_PRODUCT_CATEGORY ( 'part', '', ( #858 ) ) ;
#1322 = EDGE_CURVE ( 'NONE', #1287, #800, #147, .T. ) ;
#1323 = AXIS2_PLACEMENT_3D ( 'NONE', #1306, #920, #10 ) ;
#1324 = ORIENTED_EDGE ( 'NONE', *, *, #1070, .T. ) ;
#1325 = EDGE_CURVE ( 'NONE', #546, #1155, #121, .T. ) ;
#1326 = DIRECTION ( 'NONE',  ( 0.000000000000000000, 1.000000000000000000, 0.000000000000000000 ) ) ;
#1327 = VECTOR ( 'NONE', #210, 1000.000000000000000 ) ;
ENDSEC;
END-ISO-10303-21;
