ISO-10303-21;
HEADER;
FILE_DESCRIPTION (( 'STEP AP214' ),
    '1' );
FILE_NAME ('jiaqiang52gai.STEP',
    '2026-07-17T23:57:18',
    ( '' ),
    ( '' ),
    'SwSTEP 2.0',
    'SolidWorks 2020',
    '' );
FILE_SCHEMA (( 'AUTOMOTIVE_DESIGN' ));
ENDSEC;

DATA;
#1 = CARTESIAN_POINT ( 'NONE',  ( 5.500000000000004441, -3.629065036196706728, 47.82728050566504407 ) ) ;
#2 = DIRECTION ( 'NONE',  ( -1.156482317317871725E-16, 1.000000000000000000, 0.000000000000000000 ) ) ;
#3 = ORIENTED_EDGE ( 'NONE', *, *, #738, .F. ) ;
#4 = CARTESIAN_POINT ( 'NONE',  ( 6.313047325569980828, -4.962517706182947741, 4.000000000000003553 ) ) ;
#5 = EDGE_CURVE ( 'NONE', #99, #854, #817, .T. ) ;
#6 = ORIENTED_EDGE ( 'NONE', *, *, #1303, .T. ) ;
#7 = CARTESIAN_POINT ( 'NONE',  ( 15.00000000000000178, -7.436498017713874198, 35.89752721011862491 ) ) ;
#8 = VERTEX_POINT ( 'NONE', #1017 ) ;
#9 = EDGE_LOOP ( 'NONE', ( #69, #1044, #943, #83 ) ) ;
#10 = CARTESIAN_POINT ( 'NONE',  ( 5.876874405221941267, -4.632796817513144205, 4.045477937453470396 ) ) ;
#11 = AXIS2_PLACEMENT_3D ( 'NONE', #555, #1035, #1027 ) ;
#12 = CARTESIAN_POINT ( 'NONE',  ( 2.000000000000000444, 0.000000000000000000, 49.99999999999999289 ) ) ;
#13 = AXIS2_PLACEMENT_3D ( 'NONE', #174, #675, #1284 ) ;
#14 = FACE_OUTER_BOUND ( 'NONE', #543, .T. ) ;
#15 = ADVANCED_FACE ( 'NONE', ( #117, #824, #395 ), #195, .F. ) ;
#16 = EDGE_LOOP ( 'NONE', ( #611, #1237, #1321, #804, #789 ) ) ;
#17 = EDGE_CURVE ( 'NONE', #1248, #618, #1292, .T. ) ;
#18 = CARTESIAN_POINT ( 'NONE',  ( 5.500000000000003553, -3.766312949941645449, 47.82728050566502986 ) ) ;
#19 = DIRECTION ( 'NONE',  ( 0.000000000000000000, -1.000000000000000000, 0.000000000000000000 ) ) ;
#20 = CARTESIAN_POINT ( 'NONE',  ( 1.503427012513232552E-15, -13.00000000000000000, 0.000000000000000000 ) ) ;
#21 = CARTESIAN_POINT ( 'NONE',  ( 15.00000000000000178, -14.99999999999999822, 52.00000000000000000 ) ) ;
#22 = ORIENTED_EDGE ( 'NONE', *, *, #310, .F. ) ;
#23 = ORIENTED_EDGE ( 'NONE', *, *, #163, .F. ) ;
#24 = CARTESIAN_POINT ( 'NONE',  ( 15.00000000000000178, -15.00000000000000000, 4.000000000000003553 ) ) ;
#25 = DIRECTION ( 'NONE',  ( 0.000000000000000000, 0.000000000000000000, -1.000000000000000000 ) ) ;
#26 = B_SPLINE_CURVE_WITH_KNOTS ( 'NONE', 3,
 ( #841, #650, #620, #1041, #439, #1025, #829, #211, #18, #1 ),
 .UNSPECIFIED., .F., .F.,
 ( 4, 2, 2, 2, 4 ),
 ( 0.000000000000000000, 0.0004111781349409207413, 0.0008223562698818414826, 0.001233534404822762224, 0.001644712539763681881 ),
 .UNSPECIFIED. ) ;
#27 = CIRCLE ( 'NONE', #1120, 2.000000000000000000 ) ;
#28 = EDGE_CURVE ( 'NONE', #998, #537, #1226, .T. ) ;
#29 = ORIENTED_EDGE ( 'NONE', *, *, #272, .T. ) ;
#30 = ORIENTED_EDGE ( 'NONE', *, *, #1202, .F. ) ;
#31 = FACE_OUTER_BOUND ( 'NONE', #944, .T. ) ;
#32 = DIRECTION ( 'NONE',  ( 0.000000000000000000, 0.000000000000000000, 1.000000000000000000 ) ) ;
#33 = COLOUR_RGB ( '',1.000000000000000000, 1.000000000000000000, 1.000000000000000000 ) ;
#34 = AXIS2_PLACEMENT_3D ( 'NONE', #1231, #739, #113 ) ;
#35 = DIRECTION ( 'NONE',  ( -1.156482317317871725E-16, 1.000000000000000000, 0.000000000000000000 ) ) ;
#36 = EDGE_CURVE ( 'NONE', #374, #1211, #171, .T. ) ;
#37 = CARTESIAN_POINT ( 'NONE',  ( 2.000000000000000444, -13.00000000000000000, 0.000000000000000000 ) ) ;
#38 = CARTESIAN_POINT ( 'NONE',  ( 1.999999999999999556, -13.00000000000000000, 49.99999999999999289 ) ) ;
#39 = DIRECTION ( 'NONE',  ( -1.156482317317871232E-16, 1.000000000000000000, 0.000000000000000000 ) ) ;
#40 = VECTOR ( 'NONE', #908, 1000.000000000000000 ) ;
#41 = ORIENTED_EDGE ( 'NONE', *, *, #243, .T. ) ;
#42 = EDGE_LOOP ( 'NONE', ( #1216, #1107, #845 ) ) ;
#43 = ORIENTED_EDGE ( 'NONE', *, *, #118, .F. ) ;
#44 = CARTESIAN_POINT ( 'NONE',  ( 6.313047325569980828, -1.004630715935550958E-15, 46.00000000000000000 ) ) ;
#45 = CARTESIAN_POINT ( 'NONE',  ( 6.189211498225606789, -11.67872140152270255, 48.00000000000000000 ) ) ;
#46 = DIRECTION ( 'NONE',  ( -1.000000000000000000, -0.000000000000000000, -0.000000000000000000 ) ) ;
#47 = DIRECTION ( 'NONE',  ( 0.000000000000000000, -8.762323989079712484E-17, 1.000000000000000000 ) ) ;
#48 = EDGE_CURVE ( 'NONE', #872, #278, #1073, .T. ) ;
#49 = EDGE_CURVE ( 'NONE', #735, #1227, #280, .T. ) ;
#50 = LINE ( 'NONE', #167, #805 ) ;
#51 = FACE_OUTER_BOUND ( 'NONE', #1269, .T. ) ;
#52 = VECTOR ( 'NONE', #613, 1000.000000000000000 ) ;
#53 = ORIENTED_EDGE ( 'NONE', *, *, #369, .T. ) ;
#54 = LINE ( 'NONE', #775, #221 ) ;
#55 = CARTESIAN_POINT ( 'NONE',  ( 1.503427012513232552E-15, -13.00000000000000000, 49.99999999999999289 ) ) ;
#56 = LINE ( 'NONE', #959, #283 ) ;
#57 = LINE ( 'NONE', #159, #833 ) ;
#58 = ORIENTED_EDGE ( 'NONE', *, *, #163, .T. ) ;
#59 = CYLINDRICAL_SURFACE ( 'NONE', #438, 2.000000000000000000 ) ;
#60 = CARTESIAN_POINT ( 'NONE',  ( 4.313047325569980828, -7.436498017713874198, 35.89752721011862491 ) ) ;
#61 = CARTESIAN_POINT ( 'NONE',  ( 6.191070184078823146, -11.67967893773417032, 4.000000000000003553 ) ) ;
#62 = DIRECTION ( 'NONE',  ( 1.000000000000000000, 0.000000000000000000, 0.000000000000000000 ) ) ;
#63 = ORIENTED_EDGE ( 'NONE', *, *, #1062, .T. ) ;
#64 = EDGE_CURVE ( 'NONE', #1261, #807, #977, .T. ) ;
#65 = CARTESIAN_POINT ( 'NONE',  ( 5.500000000000005329, -3.491737290602532795, 47.82728050566504407 ) ) ;
#66 = CARTESIAN_POINT ( 'NONE',  ( 4.313047325569980828, -4.631867219185479198E-16, 6.000000000000003553 ) ) ;
#67 = LINE ( 'NONE', #483, #992 ) ;
#68 = CARTESIAN_POINT ( 'NONE',  ( 15.00000000000000000, 0.000000000000000000, 52.00000000000000000 ) ) ;
#69 = ORIENTED_EDGE ( 'NONE', *, *, #72, .F. ) ;
#70 = FACE_OUTER_BOUND ( 'NONE', #1197, .T. ) ;
#71 = DIRECTION ( 'NONE',  ( 1.000000000000000000, 0.000000000000000000, 0.000000000000000000 ) ) ;
#72 = EDGE_CURVE ( 'NONE', #476, #333, #1299, .T. ) ;
#73 = CARTESIAN_POINT ( 'NONE',  ( 0.000000000000000000, -8.673617379884035472E-16, 2.000000000000001776 ) ) ;
#74 = ORIENTED_EDGE ( 'NONE', *, *, #1191, .F. ) ;
#75 = AXIS2_PLACEMENT_3D ( 'NONE', #889, #285, #719 ) ;
#76 = EDGE_CURVE ( 'NONE', #872, #832, #387, .T. ) ;
#77 = UNCERTAINTY_MEASURE_WITH_UNIT (LENGTH_MEASURE( 1.000000000000000082E-05 ), #116, 'distance_accuracy_value', 'NONE');
#78 = CIRCLE ( 'NONE', #1171, 3.073058506498571596 ) ;
#79 = DIRECTION ( 'NONE',  ( -1.000000000000000000, -0.000000000000000000, -0.000000000000000000 ) ) ;
#80 = ORIENTED_EDGE ( 'NONE', *, *, #118, .T. ) ;
#81 = DIRECTION ( 'NONE',  ( 0.000000000000000000, 0.000000000000000000, 1.000000000000000000 ) ) ;
#82 = LINE ( 'NONE', #413, #40 ) ;
#83 = ORIENTED_EDGE ( 'NONE', *, *, #185, .F. ) ;
#84 = EDGE_CURVE ( 'NONE', #1157, #506, #635, .T. ) ;
#85 = ORIENTED_EDGE ( 'NONE', *, *, #383, .F. ) ;
#86 = EDGE_CURVE ( 'NONE', #134, #1144, #182, .T. ) ;
#87 = CARTESIAN_POINT ( 'NONE',  ( 6.313047325569982604, -15.00000000000000000, 48.00000000000000000 ) ) ;
#88 = DIRECTION ( 'NONE',  ( 0.000000000000000000, 0.000000000000000000, -1.000000000000000000 ) ) ;
#89 = ORIENTED_EDGE ( 'NONE', *, *, #205, .F. ) ;
#90 = DIRECTION ( 'NONE',  ( 1.156482317317871725E-16, -1.000000000000000000, 0.000000000000000000 ) ) ;
#91 = DIRECTION ( 'NONE',  ( -0.000000000000000000, -0.000000000000000000, 1.000000000000000000 ) ) ;
#92 = VECTOR ( 'NONE', #90, 1000.000000000000000 ) ;
#93 = CARTESIAN_POINT ( 'NONE',  ( 15.00000000000000178, -10.50955652421244579, 16.10000000000000142 ) ) ;
#94 = CARTESIAN_POINT ( 'NONE',  ( 1.999999999999999556, -13.00000000000000000, 2.000000000000000000 ) ) ;
#95 = CARTESIAN_POINT ( 'NONE',  ( 4.313047325569980828, 4.987962965776820874E-16, 6.000000000000003553 ) ) ;
#96 = AXIS2_PLACEMENT_3D ( 'NONE', #178, #81, #390 ) ;
#97 = AXIS2_PLACEMENT_3D ( 'NONE', #7, #419, #539 ) ;
#98 = ORIENTED_EDGE ( 'NONE', *, *, #1047, .F. ) ;
#99 = VERTEX_POINT ( 'NONE', #586 ) ;
#100 = ORIENTED_EDGE ( 'NONE', *, *, #227, .F. ) ;
#101 = DIRECTION ( 'NONE',  ( 0.000000000000000000, 0.000000000000000000, -1.000000000000000000 ) ) ;
#102 = CARTESIAN_POINT ( 'NONE',  ( 5.500000000000004441, -3.629065036196706728, 0.000000000000000000 ) ) ;
#103 = VECTOR ( 'NONE', #712, 1000.000000000000000 ) ;
#104 = ADVANCED_FACE ( 'NONE', ( #581 ), #477, .F. ) ;
#105 = VERTEX_POINT ( 'NONE', #66 ) ;
#106 = ORIENTED_EDGE ( 'NONE', *, *, #76, .T. ) ;
#107 = ORIENTED_EDGE ( 'NONE', *, *, #836, .T. ) ;
#108 = DIRECTION ( 'NONE',  ( 0.000000000000000000, 0.000000000000000000, 1.000000000000000000 ) ) ;
#109 = FILL_AREA_STYLE ('',( #229 ) ) ;
#110 = ORIENTED_EDGE ( 'NONE', *, *, #684, .T. ) ;
#111 = EDGE_LOOP ( 'NONE', ( #418, #860, #1023, #235 ) ) ;
#112 = VECTOR ( 'NONE', #988, 1000.000000000000000 ) ;
#113 = DIRECTION ( 'NONE',  ( 0.000000000000000000, 0.000000000000000000, -1.000000000000000000 ) ) ;
#114 = AXIS2_PLACEMENT_3D ( 'NONE', #563, #466, #768 ) ;
#115 = ADVANCED_FACE ( 'NONE', ( #595 ), #591, .T. ) ;
#116 =( LENGTH_UNIT ( ) NAMED_UNIT ( * ) SI_UNIT ( .MILLI., .METRE. ) );
#117 = FACE_BOUND ( 'NONE', #821, .T. ) ;
#118 = EDGE_CURVE ( 'NONE', #925, #998, #266, .T. ) ;
#119 = VERTEX_POINT ( 'NONE', #482 ) ;
#120 = ORIENTED_EDGE ( 'NONE', *, *, #695, .T. ) ;
#121 = CARTESIAN_POINT ( 'NONE',  ( 5.791263208861264999, -4.527782533058979375, 4.067818918967541997 ) ) ;
#122 = CIRCLE ( 'NONE', #96, 1.500000000000003109 ) ;
#123 = CARTESIAN_POINT ( 'NONE',  ( 1.999999999999999556, -13.00000000000000000, 49.99999999999999289 ) ) ;
#124 =( LENGTH_UNIT ( ) NAMED_UNIT ( * ) SI_UNIT ( .MILLI., .METRE. ) );
#125 = MECHANICAL_DESIGN_GEOMETRIC_PRESENTATION_REPRESENTATION (  '', ( #707 ), #1257 ) ;
#126 = DIRECTION ( 'NONE',  ( 0.000000000000000000, 0.000000000000000000, 1.000000000000000000 ) ) ;
#127 = ORIENTED_EDGE ( 'NONE', *, *, #340, .F. ) ;
#128 = ORIENTED_EDGE ( 'NONE', *, *, #776, .T. ) ;
#129 = CARTESIAN_POINT ( 'NONE',  ( 15.00000000000000178, -15.00000000000000000, 4.000000000000003553 ) ) ;
#130 = CARTESIAN_POINT ( 'NONE',  ( 6.313047325569980828, -1.004630715935550958E-15, 48.00000000000000000 ) ) ;
#131 =( NAMED_UNIT ( * ) SI_UNIT ( $, .STERADIAN. ) SOLID_ANGLE_UNIT ( ) );
#132 = EDGE_CURVE ( 'NONE', #1249, #1325, #353, .T. ) ;
#133 = FILL_AREA_STYLE ('',( #1266 ) ) ;
#134 = VERTEX_POINT ( 'NONE', #1282 ) ;
#135 = VERTEX_POINT ( 'NONE', #493 ) ;
#136 = EDGE_LOOP ( 'NONE', ( #659, #492, #835 ) ) ;
#137 = CARTESIAN_POINT ( 'NONE',  ( 6.077634803431421595, -11.59986882727805302, 47.98869786980740315 ) ) ;
#138 = APPLICATION_CONTEXT ( 'automotive_design' ) ;
#139 = SURFACE_STYLE_USAGE ( .BOTH. , #630 ) ;
#140 = CARTESIAN_POINT ( 'NONE',  ( 4.313047325569981716, -10.50955652421244757, 35.89752721011861780 ) ) ;
#141 = CLOSED_SHELL ( 'NONE', ( #573, #590, #693, #874, #612, #1206, #864, #564, #461, #547, #1134, #993, #1243, #307, #215, #115, #1088, #161, #1279, #255, #816, #909, #189, #882, #15, #562, #1291, #920, #628, #104, #1164, #843, #1104, #217, #277, #427, #1003 ) ) ;
#142 = ORIENTED_EDGE ( 'NONE', *, *, #646, .F. ) ;
#143 = ORIENTED_EDGE ( 'NONE', *, *, #64, .F. ) ;
#144 = EDGE_LOOP ( 'NONE', ( #756, #516, #881, #187, #793 ) ) ;
#145 = CIRCLE ( 'NONE', #664, 1.499999999999996225 ) ;
#146 = AXIS2_PLACEMENT_3D ( 'NONE', #216, #1033, #634 ) ;
#147 = DIRECTION ( 'NONE',  ( -0.000000000000000000, -0.000000000000000000, 1.000000000000000000 ) ) ;
#148 = DIRECTION ( 'NONE',  ( -1.000000000000000000, 0.000000000000000000, 0.000000000000000000 ) ) ;
#149 = PRESENTATION_STYLE_ASSIGNMENT (( #636 ) ) ;
#150 = VECTOR ( 'NONE', #1314, 1000.000000000000000 ) ;
#151 = ORIENTED_EDGE ( 'NONE', *, *, #1188, .T. ) ;
#152 = EDGE_CURVE ( 'NONE', #1115, #549, #366, .T. ) ;
#153 = CARTESIAN_POINT ( 'NONE',  ( 6.313047325569981716, -11.74251770618295510, 48.00000000000000000 ) ) ;
#154 = CARTESIAN_POINT ( 'NONE',  ( 5.499999999999997335, -10.40906503619670787, 4.172719494334961254 ) ) ;
#155 = DIRECTION ( 'NONE',  ( 1.000000000000000000, 1.156482317317871725E-16, -0.000000000000000000 ) ) ;
#156 = ORIENTED_EDGE ( 'NONE', *, *, #791, .T. ) ;
#157 = CARTESIAN_POINT ( 'NONE',  ( 15.00000000000000178, -12.99999999999999822, 2.000000000000000000 ) ) ;
#158 = DIRECTION ( 'NONE',  ( -0.000000000000000000, -0.000000000000000000, -1.000000000000000000 ) ) ;
#159 = CARTESIAN_POINT ( 'NONE',  ( 2.000000000000000000, -15.00000000000000000, 52.00000000000000000 ) ) ;
#160 = AXIS2_PLACEMENT_3D ( 'NONE', #437, #654, #1018 ) ;
#161 = ADVANCED_FACE ( 'NONE', ( #70 ), #464, .F. ) ;
#162 = CIRCLE ( 'NONE', #904, 2.000000000000000000 ) ;
#163 = EDGE_CURVE ( 'NONE', #1228, #300, #54, .T. ) ;
#164 = ORIENTED_EDGE ( 'NONE', *, *, #361, .F. ) ;
#165 = CARTESIAN_POINT ( 'NONE',  ( 5.499999999999997335, -10.40906503619670787, 0.000000000000000000 ) ) ;
#166 = AXIS2_PLACEMENT_3D ( 'NONE', #1212, #71, #173 ) ;
#167 = CARTESIAN_POINT ( 'NONE',  ( 15.00000000000000178, -14.99999999999999822, 52.00000000000000000 ) ) ;
#168 = DIRECTION ( 'NONE',  ( -0.000000000000000000, -0.000000000000000000, 1.000000000000000000 ) ) ;
#169 = AXIS2_PLACEMENT_3D ( 'NONE', #330, #747, #651 ) ;
#170 = DIRECTION ( 'NONE',  ( -1.000000000000000000, -1.156482317317871478E-16, 0.000000000000000000 ) ) ;
#171 = LINE ( 'NONE', #165, #722 ) ;
#172 = VECTOR ( 'NONE', #389, 1000.000000000000000 ) ;
#173 = DIRECTION ( 'NONE',  ( 0.000000000000000000, 0.000000000000000000, -1.000000000000000000 ) ) ;
#174 = CARTESIAN_POINT ( 'NONE',  ( 7.000000000000000888, -3.629065036196706728, 0.000000000000000000 ) ) ;
#175 = VERTEX_POINT ( 'NONE', #264 ) ;
#176 = AXIS2_PLACEMENT_3D ( 'NONE', #435, #519, #239 ) ;
#177 = EDGE_CURVE ( 'NONE', #528, #1250, #370, .T. ) ;
#178 = CARTESIAN_POINT ( 'NONE',  ( 6.999999999999999112, -10.40906503619670787, 48.00000000000000000 ) ) ;
#179 = CARTESIAN_POINT ( 'NONE',  ( 4.313047325569980828, -1.235927179399125303E-15, 48.00000000000000000 ) ) ;
#180 = ORIENTED_EDGE ( 'NONE', *, *, #1047, .T. ) ;
#181 = AXIS2_PLACEMENT_3D ( 'NONE', #866, #268, #355 ) ;
#182 = LINE ( 'NONE', #260, #527 ) ;
#183 = ORIENTED_EDGE ( 'NONE', *, *, #414, .T. ) ;
#184 = CYLINDRICAL_SURFACE ( 'NONE', #444, 1.500000000000003109 ) ;
#185 = EDGE_CURVE ( 'NONE', #333, #854, #1137, .T. ) ;
#186 = CARTESIAN_POINT ( 'NONE',  ( 6.313047325569981716, -9.075612366210460635, 4.000000000000003553 ) ) ;
#187 = ORIENTED_EDGE ( 'NONE', *, *, #834, .F. ) ;
#188 = AXIS2_PLACEMENT_3D ( 'NONE', #755, #1240, #941 ) ;
#189 = ADVANCED_FACE ( 'NONE', ( #259 ), #976, .F. ) ;
#190 = AXIS2_PLACEMENT_3D ( 'NONE', #803, #1111, #697 ) ;
#191 = ORIENTED_EDGE ( 'NONE', *, *, #1152, .T. ) ;
#192 = CARTESIAN_POINT ( 'NONE',  ( 15.00000000000000000, 0.000000000000000000, 2.000000000000015543 ) ) ;
#193 = DIRECTION ( 'NONE',  ( 1.000000000000000000, 0.000000000000000000, 0.000000000000000000 ) ) ;
#194 = VERTEX_POINT ( 'NONE', #673 ) ;
#195 = PLANE ( 'NONE',  #486 ) ;
#196 = DIRECTION ( 'NONE',  ( 0.000000000000000000, 1.000000000000000000, 0.000000000000000000 ) ) ;
#197 = SPHERICAL_SURFACE ( 'NONE', #578, 2.000000000000000000 ) ;
#198 = CARTESIAN_POINT ( 'NONE',  ( 8.673617379884035472E-16, -1.999999999999999556, 49.99999999999999289 ) ) ;
#199 = ORIENTED_EDGE ( 'NONE', *, *, #410, .T. ) ;
#200 = EDGE_LOOP ( 'NONE', ( #1308, #828, #1053, #638, #214 ) ) ;
#201 = EDGE_LOOP ( 'NONE', ( #609, #810, #1230, #351 ) ) ;
#202 = AXIS2_PLACEMENT_3D ( 'NONE', #762, #580, #784 ) ;
#203 = CARTESIAN_POINT ( 'NONE',  ( 1.999999999999999556, 0.000000000000000000, 49.99999999999999289 ) ) ;
#204 = DIRECTION ( 'NONE',  ( -0.000000000000000000, -0.000000000000000000, 1.000000000000000000 ) ) ;
#205 = EDGE_CURVE ( 'NONE', #862, #405, #27, .T. ) ;
#206 =( GEOMETRIC_REPRESENTATION_CONTEXT ( 3 ) GLOBAL_UNCERTAINTY_ASSIGNED_CONTEXT ( ( #77 ) ) GLOBAL_UNIT_ASSIGNED_CONTEXT ( ( #116, #322, #1141 ) ) REPRESENTATION_CONTEXT ( 'NONE', 'WORKASPACE' ) );
#207 = AXIS2_PLACEMENT_3D ( 'NONE', #531, #108, #837 ) ;
#208 = ORIENTED_EDGE ( 'NONE', *, *, #956, .F. ) ;
#209 = EDGE_LOOP ( 'NONE', ( #839, #632, #1194, #624 ) ) ;
#210 = CIRCLE ( 'NONE', #957, 2.000000000000001776 ) ;
#211 = CARTESIAN_POINT ( 'NONE',  ( 5.519425706300091328, -3.905512753251892732, 47.83623518239161143 ) ) ;
#212 = CARTESIAN_POINT ( 'NONE',  ( 1.503427012513232552E-15, -13.00000000000000000, 52.00000000000000000 ) ) ;
#213 = ORIENTED_EDGE ( 'NONE', *, *, #441, .F. ) ;
#214 = ORIENTED_EDGE ( 'NONE', *, *, #28, .F. ) ;
#215 = ADVANCED_FACE ( 'NONE', ( #571 ), #59, .T. ) ;
#216 = CARTESIAN_POINT ( 'NONE',  ( 1.999999999999999556, -13.00000000000000000, 2.000000000000000000 ) ) ;
#217 = ADVANCED_FACE ( 'NONE', ( #1084 ), #457, .F. ) ;
#218 = CARTESIAN_POINT ( 'NONE',  ( 6.999999999999999112, -10.40906503619670787, 52.00000000000000000 ) ) ;
#219 = ORIENTED_EDGE ( 'NONE', *, *, #512, .T. ) ;
#220 = ORIENTED_EDGE ( 'NONE', *, *, #765, .T. ) ;
#221 = VECTOR ( 'NONE', #961, 1000.000000000000000 ) ;
#222 = DIRECTION ( 'NONE',  ( -1.000000000000000000, 0.000000000000000000, 0.000000000000000000 ) ) ;
#223 = PLANE ( 'NONE',  #1079 ) ;
#224 = CARTESIAN_POINT ( 'NONE',  ( 7.000000000000000888, -3.629065036196706728, 48.00000000000000000 ) ) ;
#225 = ORIENTED_EDGE ( 'NONE', *, *, #282, .F. ) ;
#226 = CARTESIAN_POINT ( 'NONE',  ( 6.313047325569981716, -11.74251770618295510, 48.00000000000000000 ) ) ;
#227 = EDGE_CURVE ( 'NONE', #135, #105, #617, .T. ) ;
#228 = FACE_OUTER_BOUND ( 'NONE', #136, .T. ) ;
#229 = FILL_AREA_STYLE_COLOUR ( '', #1234 ) ;
#230 = VECTOR ( 'NONE', #501, 1000.000000000000000 ) ;
#231 = DIRECTION ( 'NONE',  ( -1.000000000000000000, 0.000000000000000000, 0.000000000000000000 ) ) ;
#232 = ORIENTED_EDGE ( 'NONE', *, *, #1101, .T. ) ;
#233 = VERTEX_POINT ( 'NONE', #584 ) ;
#234 = LINE ( 'NONE', #947, #783 ) ;
#235 = ORIENTED_EDGE ( 'NONE', *, *, #414, .F. ) ;
#236 = FACE_BOUND ( 'NONE', #826, .T. ) ;
#237 = APPLICATION_PROTOCOL_DEFINITION ( 'draft international standard', 'automotive_design', 1998, #899 ) ;
#238 = DIRECTION ( 'NONE',  ( 0.000000000000000000, 0.000000000000000000, -1.000000000000000000 ) ) ;
#239 = DIRECTION ( 'NONE',  ( 1.000000000000000000, 0.000000000000000000, 0.000000000000000000 ) ) ;
#240 = ORIENTED_EDGE ( 'NONE', *, *, #753, .F. ) ;
#241 = FACE_OUTER_BOUND ( 'NONE', #1121, .T. ) ;
#242 = CARTESIAN_POINT ( 'NONE',  ( 6.313047325569982604, -15.00000000000000178, 4.000000000000003553 ) ) ;
#243 = EDGE_CURVE ( 'NONE', #523, #1150, #498, .T. ) ;
#244 = CARTESIAN_POINT ( 'NONE',  ( 7.000000000000000888, -3.629065036196706728, 0.000000000000000000 ) ) ;
#245 = AXIS2_PLACEMENT_3D ( 'NONE', #983, #792, #1090 ) ;
#246 = ORIENTED_EDGE ( 'NONE', *, *, #369, .F. ) ;
#247 = CARTESIAN_POINT ( 'NONE',  ( 5.500000000000004441, -3.629065036196706728, 47.82728050566504407 ) ) ;
#248 = AXIS2_PLACEMENT_3D ( 'NONE', #1042, #734, #454 ) ;
#249 = DIRECTION ( 'NONE',  ( 0.000000000000000000, -1.000000000000000000, 0.000000000000000000 ) ) ;
#250 = CARTESIAN_POINT ( 'NONE',  ( 5.593717393958253403, -10.94871972967983176, 4.133401851973021124 ) ) ;
#251 = LINE ( 'NONE', #1185, #474 ) ;
#252 = CIRCLE ( 'NONE', #538, 2.000000000000000000 ) ;
#253 = ORIENTED_EDGE ( 'NONE', *, *, #49, .T. ) ;
#254 = DIRECTION ( 'NONE',  ( 1.156482317317871478E-16, -1.000000000000000000, 0.000000000000000000 ) ) ;
#255 = ADVANCED_FACE ( 'NONE', ( #604 ), #319, .F. ) ;
#256 = CARTESIAN_POINT ( 'NONE',  ( 6.191070184078824923, -9.138451134659243635, 48.00000000000000000 ) ) ;
#257 = DIRECTION ( 'NONE',  ( -1.000000000000000000, -1.156482317317872218E-16, 0.000000000000000000 ) ) ;
#258 = ORIENTED_EDGE ( 'NONE', *, *, #671, .T. ) ;
#259 = FACE_OUTER_BOUND ( 'NONE', #1163, .T. ) ;
#260 = CARTESIAN_POINT ( 'NONE',  ( 1.999999999999999556, 0.000000000000000000, 52.00000000000000000 ) ) ;
#261 = CARTESIAN_POINT ( 'NONE',  ( 6.077974832543901584, -11.60018139535219106, 4.011245557528888561 ) ) ;
#262 = CYLINDRICAL_SURFACE ( 'NONE', #996, 1.499999999999996225 ) ;
#263 = AXIS2_PLACEMENT_3D ( 'NONE', #610, #1318, #404 ) ;
#264 = CARTESIAN_POINT ( 'NONE',  ( 8.499999999999998224, -3.629065036196706728, 52.00000000000000000 ) ) ;
#265 = EDGE_CURVE ( 'NONE', #939, #721, #432, .T. ) ;
#266 = LINE ( 'NONE', #994, #327 ) ;
#267 = CIRCLE ( 'NONE', #724, 2.000000000000000000 ) ;
#268 = DIRECTION ( 'NONE',  ( 0.000000000000000000, 0.000000000000000000, 1.000000000000000000 ) ) ;
#269 = LINE ( 'NONE', #179, #271 ) ;
#270 = ORIENTED_EDGE ( 'NONE', *, *, #861, .T. ) ;
#271 = VECTOR ( 'NONE', #155, 1000.000000000000000 ) ;
#272 = EDGE_CURVE ( 'NONE', #1249, #194, #945, .T. ) ;
#273 = CARTESIAN_POINT ( 'NONE',  ( 0.000000000000000000, -1.999999999999999556, 2.000000000000001776 ) ) ;
#274 = DIRECTION ( 'NONE',  ( 0.000000000000000000, 0.000000000000000000, -1.000000000000000000 ) ) ;
#275 = CARTESIAN_POINT ( 'NONE',  ( 15.00000000000000000, -1.999999999999999556, 52.00000000000000000 ) ) ;
#276 = DIRECTION ( 'NONE',  ( -8.005709240189429531E-33, 8.762323989079713716E-17, -1.000000000000000000 ) ) ;
#277 = ADVANCED_FACE ( 'NONE', ( #31 ), #855, .F. ) ;
#278 = VERTEX_POINT ( 'NONE', #226 ) ;
#279 = FACE_BOUND ( 'NONE', #200, .T. ) ;
#280 = CIRCLE ( 'NONE', #1201, 3.073058506498573372 ) ;
#281 = ORIENTED_EDGE ( 'NONE', *, *, #1202, .T. ) ;
#282 = EDGE_CURVE ( 'NONE', #300, #702, #737, .T. ) ;
#283 = VECTOR ( 'NONE', #46, 1000.000000000000000 ) ;
#284 = CARTESIAN_POINT ( 'NONE',  ( 4.313047325569982604, -15.00000000000000000, 48.00000000000000000 ) ) ;
#285 = DIRECTION ( 'NONE',  ( -0.000000000000000000, -0.000000000000000000, 1.000000000000000000 ) ) ;
#286 = DIRECTION ( 'NONE',  ( -1.156482317317871725E-16, 1.000000000000000000, 0.000000000000000000 ) ) ;
#287 = VERTEX_POINT ( 'NONE', #1031 ) ;
#288 = CARTESIAN_POINT ( 'NONE',  ( 8.499999999999996447, -3.629065036196706728, 0.000000000000000000 ) ) ;
#289 = LINE ( 'NONE', #1008, #172 ) ;
#290 = CARTESIAN_POINT ( 'NONE',  ( 2.000000000000000444, -2.000000000000000888, 2.000000000000001776 ) ) ;
#291 = ADVANCED_BREP_SHAPE_REPRESENTATION ( 'jiaqiang52gai', ( #1004, #169 ), #1256 ) ;
#292 = CARTESIAN_POINT ( 'NONE',  ( 7.000000000000000888, -3.629065036196706728, 52.00000000000000000 ) ) ;
#293 = VERTEX_POINT ( 'NONE', #545 ) ;
#294 = CARTESIAN_POINT ( 'NONE',  ( 5.519425706300093992, -3.352617319141520724, 4.163764817608384128 ) ) ;
#295 = EDGE_CURVE ( 'NONE', #1115, #987, #1140, .T. ) ;
#296 = CYLINDRICAL_SURFACE ( 'NONE', #75, 1.499999999999996225 ) ;
#297 = DIRECTION ( 'NONE',  ( -1.000000000000000000, 0.000000000000000000, 0.000000000000000000 ) ) ;
#298 = ORIENTED_EDGE ( 'NONE', *, *, #937, .F. ) ;
#299 = ORIENTED_EDGE ( 'NONE', *, *, #834, .T. ) ;
#300 = VERTEX_POINT ( 'NONE', #129 ) ;
#301 = AXIS2_PLACEMENT_3D ( 'NONE', #224, #1160, #785 ) ;
#302 = DIRECTION ( 'NONE',  ( -1.000000000000000000, 0.000000000000000000, -0.000000000000000000 ) ) ;
#303 = CARTESIAN_POINT ( 'NONE',  ( 5.519425706300085999, -10.13261731914152008, 4.163764817608387681 ) ) ;
#304 = VECTOR ( 'NONE', #986, 1000.000000000000000 ) ;
#305 = CIRCLE ( 'NONE', #34, 2.000000000000001776 ) ;
#306 = ORIENTED_EDGE ( 'NONE', *, *, #400, .T. ) ;
#307 = ADVANCED_FACE ( 'NONE', ( #1242 ), #326, .T. ) ;
#308 = VERTEX_POINT ( 'NONE', #645 ) ;
#309 = DIRECTION ( 'NONE',  ( 1.000000000000000000, -0.000000000000000000, -0.000000000000000000 ) ) ;
#310 = EDGE_CURVE ( 'NONE', #589, #429, #1258, .T. ) ;
#311 = ORIENTED_EDGE ( 'NONE', *, *, #132, .F. ) ;
#312 = VECTOR ( 'NONE', #276, 1000.000000000000000 ) ;
#313 = DIRECTION ( 'NONE',  ( 0.000000000000000000, 0.000000000000000000, -1.000000000000000000 ) ) ;
#314 = B_SPLINE_CURVE_WITH_KNOTS ( 'NONE', 3,
 ( #1174, #764, #875, #779, #1168, #1180, #978, #1283, #256, #459 ),
 .UNSPECIFIED., .F., .F.,
 ( 4, 2, 2, 2, 4 ),
 ( 0.001644712539763692289, 0.002056129841260819543, 0.002467547142757946579, 0.002878964444255073616, 0.003290381745752200653 ),
 .UNSPECIFIED. ) ;
#315 = CARTESIAN_POINT ( 'NONE',  ( 8.500000000000001776, -10.40906503619670787, 0.000000000000000000 ) ) ;
#316 = LINE ( 'NONE', #742, #230 ) ;
#317 = ORIENTED_EDGE ( 'NONE', *, *, #1116, .T. ) ;
#318 = ORIENTED_EDGE ( 'NONE', *, *, #340, .T. ) ;
#319 = PLANE ( 'NONE',  #160 ) ;
#320 = EDGE_CURVE ( 'NONE', #358, #832, #542, .T. ) ;
#321 = DIRECTION ( 'NONE',  ( 0.000000000000000000, 0.000000000000000000, -1.000000000000000000 ) ) ;
#322 =( NAMED_UNIT ( * ) PLANE_ANGLE_UNIT ( ) SI_UNIT ( $, .RADIAN. ) );
#323 = EDGE_CURVE ( 'NONE', #618, #1150, #546, .T. ) ;
#324 = ORIENTED_EDGE ( 'NONE', *, *, #1049, .T. ) ;
#325 = ORIENTED_EDGE ( 'NONE', *, *, #671, .F. ) ;
#326 = CYLINDRICAL_SURFACE ( 'NONE', #1110, 2.000000000000000000 ) ;
#327 = VECTOR ( 'NONE', #79, 1000.000000000000000 ) ;
#328 = AXIS2_PLACEMENT_3D ( 'NONE', #448, #1145, #1131 ) ;
#329 = CARTESIAN_POINT ( 'NONE',  ( 0.000000000000000000, -7.436498017713874198, 38.97058571661720094 ) ) ;
#330 = CARTESIAN_POINT ( 'NONE',  ( 0.000000000000000000, 0.000000000000000000, 0.000000000000000000 ) ) ;
#331 = PLANE ( 'NONE',  #596 ) ;
#332 = LINE ( 'NONE', #930, #347 ) ;
#333 = VERTEX_POINT ( 'NONE', #750 ) ;
#334 = AXIS2_PLACEMENT_3D ( 'NONE', #995, #1086, #1000 ) ;
#335 = ORIENTED_EDGE ( 'NONE', *, *, #295, .T. ) ;
#336 = ORIENTED_EDGE ( 'NONE', *, *, #72, .T. ) ;
#337 = CARTESIAN_POINT ( 'NONE',  ( 5.499999999999997335, -10.40906503619670787, 4.172719494334961254 ) ) ;
#338 = CARTESIAN_POINT ( 'NONE',  ( 2.000000000000000444, -1.999999999999999556, 49.99999999999999289 ) ) ;
#339 = ORIENTED_EDGE ( 'NONE', *, *, #359, .T. ) ;
#340 = EDGE_CURVE ( 'NONE', #735, #308, #332, .T. ) ;
#341 = ORIENTED_EDGE ( 'NONE', *, *, #727, .T. ) ;
#342 = CARTESIAN_POINT ( 'NONE',  ( 0.000000000000000000, -1.999999999999999556, 52.00000000000000000 ) ) ;
#343 = EDGE_CURVE ( 'NONE', #1227, #925, #1285, .T. ) ;
#344 = DIRECTION ( 'NONE',  ( -0.000000000000000000, -1.000000000000000000, 0.000000000000000000 ) ) ;
#345 = PRODUCT_CONTEXT ( 'NONE', #138, 'mechanical' ) ;
#346 = CARTESIAN_POINT ( 'NONE',  ( 4.313047325569986157, -10.50955652421244579, 16.10000000000000142 ) ) ;
#347 = VECTOR ( 'NONE', #1148, 1000.000000000000000 ) ;
#348 = SURFACE_STYLE_FILL_AREA ( #133 ) ;
#349 = EDGE_LOOP ( 'NONE', ( #325, #298, #647, #1170 ) ) ;
#350 = ORIENTED_EDGE ( 'NONE', *, *, #776, .F. ) ;
#351 = ORIENTED_EDGE ( 'NONE', *, *, #1303, .F. ) ;
#352 = DIRECTION ( 'NONE',  ( -1.000000000000000000, -1.156482317317872218E-16, 0.000000000000000000 ) ) ;
#353 = CIRCLE ( 'NONE', #799, 2.000000000000000000 ) ;
#354 = FACE_OUTER_BOUND ( 'NONE', #446, .T. ) ;
#355 = DIRECTION ( 'NONE',  ( 1.000000000000000000, 0.000000000000000000, 0.000000000000000000 ) ) ;
#356 = AXIS2_PLACEMENT_3D ( 'NONE', #858, #148, #1063 ) ;
#357 = FACE_OUTER_BOUND ( 'NONE', #42, .T. ) ;
#358 = VERTEX_POINT ( 'NONE', #1241 ) ;
#359 = EDGE_CURVE ( 'NONE', #105, #528, #316, .T. ) ;
#360 = CIRCLE ( 'NONE', #1251, 1.500000000000002220 ) ;
#361 = EDGE_CURVE ( 'NONE', #1319, #589, #475, .T. ) ;
#362 = DIRECTION ( 'NONE',  ( 1.156482317317871725E-16, -1.000000000000000000, -0.000000000000000000 ) ) ;
#363 = CARTESIAN_POINT ( 'NONE',  ( 4.313047325569982604, -15.00000000000000000, 48.00000000000000000 ) ) ;
#364 = VERTEX_POINT ( 'NONE', #1310 ) ;
#365 = DIRECTION ( 'NONE',  ( 1.156482317317871725E-16, -1.000000000000000000, -0.000000000000000000 ) ) ;
#366 = LINE ( 'NONE', #1305, #112 ) ;
#367 = CARTESIAN_POINT ( 'NONE',  ( 5.648555048841220838, -11.07414722164916476, 4.112135489894180651 ) ) ;
#368 = DIRECTION ( 'NONE',  ( -0.000000000000000000, 0.000000000000000000, -1.000000000000000000 ) ) ;
#369 = EDGE_CURVE ( 'NONE', #1268, #862, #1098, .T. ) ;
#370 = LINE ( 'NONE', #1178, #392 ) ;
#371 = DIRECTION ( 'NONE',  ( 1.000000000000000000, 0.000000000000000000, 0.000000000000000000 ) ) ;
#372 = CARTESIAN_POINT ( 'NONE',  ( 15.00000000000000000, 0.000000000000000000, 52.00000000000000000 ) ) ;
#373 = CARTESIAN_POINT ( 'NONE',  ( 5.500000000000004441, -3.629065036196706728, 0.000000000000000000 ) ) ;
#374 = VERTEX_POINT ( 'NONE', #1203 ) ;
#375 = DIRECTION ( 'NONE',  ( -1.000000000000000000, -0.000000000000000000, -0.000000000000000000 ) ) ;
#376 = AXIS2_PLACEMENT_3D ( 'NONE', #338, #534, #238 ) ;
#377 = FACE_OUTER_BOUND ( 'NONE', #691, .T. ) ;
#378 = DIRECTION ( 'NONE',  ( -0.000000000000000000, 1.000000000000000000, 0.000000000000000000 ) ) ;
#379 = VECTOR ( 'NONE', #690, 1000.000000000000000 ) ;
#380 = EDGE_CURVE ( 'NONE', #1223, #1209, #1210, .T. ) ;
#381 = DIRECTION ( 'NONE',  ( 0.000000000000000000, 0.000000000000000000, 1.000000000000000000 ) ) ;
#382 = ORIENTED_EDGE ( 'NONE', *, *, #343, .F. ) ;
#383 = EDGE_CURVE ( 'NONE', #1135, #939, #676, .T. ) ;
#384 = CARTESIAN_POINT ( 'NONE',  ( 0.000000000000000000, -4.363439511215302602, 16.10000000000000142 ) ) ;
#385 = CARTESIAN_POINT ( 'NONE',  ( 5.499999999999998224, -10.27181712245176470, 4.172719494334961254 ) ) ;
#386 = ORIENTED_EDGE ( 'NONE', *, *, #1019, .F. ) ;
#387 = LINE ( 'NONE', #284, #897 ) ;
#388 = ORIENTED_EDGE ( 'NONE', *, *, #1101, .F. ) ;
#389 = DIRECTION ( 'NONE',  ( 1.156482317317871725E-16, -1.000000000000000000, -0.000000000000000000 ) ) ;
#390 = DIRECTION ( 'NONE',  ( 1.000000000000000000, 0.000000000000000000, 0.000000000000000000 ) ) ;
#391 = CARTESIAN_POINT ( 'NONE',  ( 0.000000000000000000, -1.999999999999999556, 49.99999999999999289 ) ) ;
#392 = VECTOR ( 'NONE', #365, 1000.000000000000000 ) ;
#393 = ORIENTED_EDGE ( 'NONE', *, *, #282, .T. ) ;
#394 = VECTOR ( 'NONE', #640, 1000.000000000000000 ) ;
#395 = FACE_OUTER_BOUND ( 'NONE', #627, .T. ) ;
#396 = AXIS2_PLACEMENT_3D ( 'NONE', #1153, #1167, #1159 ) ;
#397 = EDGE_CURVE ( 'NONE', #233, #832, #513, .T. ) ;
#398 = DIRECTION ( 'NONE',  ( 1.000000000000000000, 1.156482317317871232E-16, -0.000000000000000000 ) ) ;
#399 = ORIENTED_EDGE ( 'NONE', *, *, #380, .F. ) ;
#400 = EDGE_CURVE ( 'NONE', #8, #1228, #903, .T. ) ;
#401 = DIRECTION ( 'NONE',  ( -1.000000000000000000, 0.000000000000000000, 0.000000000000000000 ) ) ;
#402 = LINE ( 'NONE', #212, #1038 ) ;
#403 = ORIENTED_EDGE ( 'NONE', *, *, #472, .T. ) ;
#404 = DIRECTION ( 'NONE',  ( -1.000000000000000000, 0.000000000000000000, 0.000000000000000000 ) ) ;
#405 = VERTEX_POINT ( 'NONE', #1217 ) ;
#406 = AXIS2_PLACEMENT_3D ( 'NONE', #999, #196, #407 ) ;
#407 = DIRECTION ( 'NONE',  ( 0.000000000000000000, 0.000000000000000000, 1.000000000000000000 ) ) ;
#408 = DIRECTION ( 'NONE',  ( -0.000000000000000000, 0.000000000000000000, 1.000000000000000000 ) ) ;
#409 = DIRECTION ( 'NONE',  ( 0.000000000000000000, -1.000000000000000000, 0.000000000000000000 ) ) ;
#410 = EDGE_CURVE ( 'NONE', #135, #1135, #289, .T. ) ;
#411 = ORIENTED_EDGE ( 'NONE', *, *, #185, .T. ) ;
#412 = DIRECTION ( 'NONE',  ( 0.000000000000000000, -1.000000000000000000, 0.000000000000000000 ) ) ;
#413 = CARTESIAN_POINT ( 'NONE',  ( 15.00000000000000178, -14.99999999999999822, 49.99999999999999289 ) ) ;
#414 = EDGE_CURVE ( 'NONE', #653, #506, #606, .T. ) ;
#415 = ORIENTED_EDGE ( 'NONE', *, *, #472, .F. ) ;
#416 = EDGE_LOOP ( 'NONE', ( #311, #258, #1259 ) ) ;
#417 = CARTESIAN_POINT ( 'NONE',  ( 5.648555048841227055, -4.294147221649164514, 4.112135489894178875 ) ) ;
#418 = ORIENTED_EDGE ( 'NONE', *, *, #1064, .T. ) ;
#419 = DIRECTION ( 'NONE',  ( -1.000000000000000000, -0.000000000000000000, -0.000000000000000000 ) ) ;
#420 = DIRECTION ( 'NONE',  ( 0.000000000000000000, 0.000000000000000000, -1.000000000000000000 ) ) ;
#421 = CIRCLE ( 'NONE', #906, 1.999999999999999556 ) ;
#422 = DIRECTION ( 'NONE',  ( -1.156482317317871725E-16, 1.000000000000000000, -0.000000000000000000 ) ) ;
#423 = ORIENTED_EDGE ( 'NONE', *, *, #1166, .T. ) ;
#424 = EDGE_LOOP ( 'NONE', ( #120, #1103, #423, #639, #388, #225 ) ) ;
#425 = AXIS2_PLACEMENT_3D ( 'NONE', #460, #1010, #518 ) ;
#426 = FACE_OUTER_BOUND ( 'NONE', #209, .T. ) ;
#427 = ADVANCED_FACE ( 'NONE', ( #1108 ), #801, .F. ) ;
#428 = PLANE ( 'NONE',  #621 ) ;
#429 = VERTEX_POINT ( 'NONE', #551 ) ;
#430 = ORIENTED_EDGE ( 'NONE', *, *, #923, .F. ) ;
#431 = DIRECTION ( 'NONE',  ( 0.000000000000000000, 0.000000000000000000, 1.000000000000000000 ) ) ;
#432 = B_SPLINE_CURVE_WITH_KNOTS ( 'NONE', 3,
 ( #847, #522, #550, #1151, #417, #121, #10, #1045, #648, #4 ),
 .UNSPECIFIED., .F., .F.,
 ( 4, 2, 2, 2, 4 ),
 ( 0.001644712539763679713, 0.002056129841260804364, 0.002467547142757928365, 0.002878964444255051498, 0.003290381745752175065 ),
 .UNSPECIFIED. ) ;
#433 = CARTESIAN_POINT ( 'NONE',  ( 4.313047325569981716, -4.363439511215304378, 3.823387070402013305E-16 ) ) ;
#434 = CARTESIAN_POINT ( 'NONE',  ( 15.00000000000000178, -14.99999999999999822, 52.00000000000000000 ) ) ;
#435 = CARTESIAN_POINT ( 'NONE',  ( 7.000000000000000888, -3.629065036196706728, 48.00000000000000000 ) ) ;
#436 = EDGE_LOOP ( 'NONE', ( #246, #698, #208, #89 ) ) ;
#437 = CARTESIAN_POINT ( 'NONE',  ( 15.00000000000000000, 0.000000000000000000, 52.00000000000000000 ) ) ;
#438 = AXIS2_PLACEMENT_3D ( 'NONE', #273, #970, #771 ) ;
#439 = CARTESIAN_POINT ( 'NONE',  ( 5.790369901602934632, -4.526421163784381640, 47.93191599430890193 ) ) ;
#440 = VECTOR ( 'NONE', #91, 1000.000000000000000 ) ;
#441 = EDGE_CURVE ( 'NONE', #364, #615, #234, .T. ) ;
#442 = DIRECTION ( 'NONE',  ( 1.000000000000000000, 0.000000000000000000, 0.000000000000000000 ) ) ;
#443 = ORIENTED_EDGE ( 'NONE', *, *, #1316, .F. ) ;
#444 = AXIS2_PLACEMENT_3D ( 'NONE', #808, #1009, #713 ) ;
#445 = CIRCLE ( 'NONE', #207, 1.499999999999996225 ) ;
#446 = EDGE_LOOP ( 'NONE', ( #386, #180, #846, #514, #399 ) ) ;
#447 = EDGE_CURVE ( 'NONE', #854, #134, #655, .T. ) ;
#448 = CARTESIAN_POINT ( 'NONE',  ( 15.00000000000000178, -4.363439511215302602, 16.10000000000000142 ) ) ;
#449 = ORIENTED_EDGE ( 'NONE', *, *, #937, .T. ) ;
#450 = CARTESIAN_POINT ( 'NONE',  ( 7.000000000000000888, -3.629065036196706728, 0.000000000000000000 ) ) ;
#451 = VECTOR ( 'NONE', #286, 1000.000000000000000 ) ;
#452 = CARTESIAN_POINT ( 'NONE',  ( 2.000000000000000444, -8.673617379884035472E-16, 2.000000000000001776 ) ) ;
#453 = DIRECTION ( 'NONE',  ( 0.000000000000000000, 1.000000000000000000, 0.000000000000000000 ) ) ;
#454 = DIRECTION ( 'NONE',  ( 0.000000000000000000, 8.762323989079713716E-17, -1.000000000000000000 ) ) ;
#455 = ORIENTED_EDGE ( 'NONE', *, *, #359, .F. ) ;
#456 = ORIENTED_EDGE ( 'NONE', *, *, #36, .F. ) ;
#457 = CYLINDRICAL_SURFACE ( 'NONE', #778, 3.073058506498572484 ) ;
#458 = CARTESIAN_POINT ( 'NONE',  ( 5.499999999999997335, -10.40906503619670787, 47.82728050566504407 ) ) ;
#459 = CARTESIAN_POINT ( 'NONE',  ( 6.313047325569981716, -9.075612366210460635, 48.00000000000000000 ) ) ;
#460 = CARTESIAN_POINT ( 'NONE',  ( 6.999999999999999112, -10.40906503619670787, 52.00000000000000000 ) ) ;
#461 = ADVANCED_FACE ( 'NONE', ( #228 ), #912, .T. ) ;
#462 = EDGE_CURVE ( 'NONE', #1248, #523, #26, .T. ) ;
#463 = ORIENTED_EDGE ( 'NONE', *, *, #1176, .F. ) ;
#464 = CYLINDRICAL_SURFACE ( 'NONE', #966, 2.000000000000000000 ) ;
#465 = AXIS2_PLACEMENT_3D ( 'NONE', #878, #1286, #371 ) ;
#466 = DIRECTION ( 'NONE',  ( -0.000000000000000000, 0.000000000000000000, -1.000000000000000000 ) ) ;
#467 = CIRCLE ( 'NONE', #114, 1.499999999999996891 ) ;
#468 = LINE ( 'NONE', #373, #304 ) ;
#469 = EDGE_LOOP ( 'NONE', ( #164, #717, #156 ) ) ;
#470 = DIRECTION ( 'NONE',  ( 1.000000000000000000, 1.156482317317871232E-16, 0.000000000000000000 ) ) ;
#471 = LINE ( 'NONE', #814, #641 ) ;
#472 = EDGE_CURVE ( 'NONE', #175, #933, #888, .T. ) ;
#473 = CARTESIAN_POINT ( 'NONE',  ( 1.999999999999999556, -1.999999999999999556, 49.99999999999999289 ) ) ;
#474 = VECTOR ( 'NONE', #670, 1000.000000000000000 ) ;
#475 = CIRCLE ( 'NONE', #406, 2.000000000000000000 ) ;
#476 = VERTEX_POINT ( 'NONE', #12 ) ;
#477 = CYLINDRICAL_SURFACE ( 'NONE', #465, 1.500000000000003109 ) ;
#478 = FACE_OUTER_BOUND ( 'NONE', #144, .T. ) ;
#479 = CARTESIAN_POINT ( 'NONE',  ( 5.499999999999996447, -10.40906503619670787, 0.000000000000000000 ) ) ;
#480 = EDGE_LOOP ( 'NONE', ( #706, #981, #1236, #931 ) ) ;
#481 = CARTESIAN_POINT ( 'NONE',  ( 5.519105479657683055, -3.353730011410537504, 47.83610471979125123 ) ) ;
#482 = CARTESIAN_POINT ( 'NONE',  ( 8.500000000000001776, -10.40906503619670787, 4.000000000000003553 ) ) ;
#483 = CARTESIAN_POINT ( 'NONE',  ( 1.999999999999999112, 0.000000000000000000, 52.00000000000000000 ) ) ;
#484 = LINE ( 'NONE', #363, #1055 ) ;
#485 = ORIENTED_EDGE ( 'NONE', *, *, #1019, .T. ) ;
#486 = AXIS2_PLACEMENT_3D ( 'NONE', #1021, #733, #1119 ) ;
#487 = EDGE_CURVE ( 'NONE', #287, #735, #629, .T. ) ;
#488 = CIRCLE ( 'NONE', #1229, 1.500000000000003109 ) ;
#489 = CIRCLE ( 'NONE', #851, 2.000000000000001776 ) ;
#490 = DIRECTION ( 'NONE',  ( -0.000000000000000000, 0.000000000000000000, -1.000000000000000000 ) ) ;
#491 = DIRECTION ( 'NONE',  ( 0.000000000000000000, 0.000000000000000000, -1.000000000000000000 ) ) ;
#492 = ORIENTED_EDGE ( 'NONE', *, *, #710, .F. ) ;
#493 = CARTESIAN_POINT ( 'NONE',  ( 6.313047325569980828, -1.950930938130411941E-16, 4.000000000000003553 ) ) ;
#494 = ORIENTED_EDGE ( 'NONE', *, *, #1288, .T. ) ;
#495 = DIRECTION ( 'NONE',  ( 0.000000000000000000, -1.000000000000000000, 0.000000000000000000 ) ) ;
#496 = CYLINDRICAL_SURFACE ( 'NONE', #1100, 2.000000000000001776 ) ;
#497 = EDGE_LOOP ( 'NONE', ( #456, #1043, #1270, #579, #463 ) ) ;
#498 = B_SPLINE_CURVE_WITH_KNOTS ( 'NONE', 3,
 ( #247, #65, #481, #667, #1195, #692, #1089, #797, #700, #1096 ),
 .UNSPECIFIED., .F., .F.,
 ( 4, 2, 2, 2, 4 ),
 ( 0.001644712539763681881, 0.002056129841260806099, 0.002467547142757930100, 0.002878964444255054100, 0.003290381745752178535 ),
 .UNSPECIFIED. ) ;
#499 = EDGE_CURVE ( 'NONE', #476, #134, #305, .T. ) ;
#500 = PRODUCT_RELATED_PRODUCT_CATEGORY ( 'part', '', ( #526 ) ) ;
#501 = DIRECTION ( 'NONE',  ( 0.000000000000000000, -1.839858232096613492E-17, 1.000000000000000000 ) ) ;
#502 = DIRECTION ( 'NONE',  ( -1.000000000000000000, 0.000000000000000000, 0.000000000000000000 ) ) ;
#503 = DIRECTION ( 'NONE',  ( -1.000000000000000000, 0.000000000000000000, 0.000000000000000000 ) ) ;
#504 = ORIENTED_EDGE ( 'NONE', *, *, #753, .T. ) ;
#505 = VECTOR ( 'NONE', #309, 1000.000000000000000 ) ;
#506 = VERTEX_POINT ( 'NONE', #848 ) ;
#507 = ORIENTED_EDGE ( 'NONE', *, *, #1166, .F. ) ;
#508 = DIRECTION ( 'NONE',  ( 0.000000000000000000, 0.000000000000000000, -1.000000000000000000 ) ) ;
#509 = VECTOR ( 'NONE', #1155, 1000.000000000000000 ) ;
#510 = CIRCLE ( 'NONE', #146, 2.000000000000000000 ) ;
#511 = CARTESIAN_POINT ( 'NONE',  ( 5.877164386150932174, -9.405067322570381805, 4.045429884583443325 ) ) ;
#512 = EDGE_CURVE ( 'NONE', #1143, #1248, #642, .T. ) ;
#513 = LINE ( 'NONE', #1106, #92 ) ;
#514 = ORIENTED_EDGE ( 'NONE', *, *, #684, .F. ) ;
#515 = VECTOR ( 'NONE', #928, 1000.000000000000000 ) ;
#516 = ORIENTED_EDGE ( 'NONE', *, *, #152, .T. ) ;
#517 = FACE_BOUND ( 'NONE', #968, .T. ) ;
#518 = DIRECTION ( 'NONE',  ( -1.000000000000000000, 0.000000000000000000, 0.000000000000000000 ) ) ;
#519 = DIRECTION ( 'NONE',  ( 0.000000000000000000, 0.000000000000000000, 1.000000000000000000 ) ) ;
#520 = ORIENTED_EDGE ( 'NONE', *, *, #323, .F. ) ;
#521 = ORIENTED_EDGE ( 'NONE', *, *, #602, .T. ) ;
#522 = CARTESIAN_POINT ( 'NONE',  ( 5.500000000000005329, -3.766392781790881550, 4.172719494334959478 ) ) ;
#523 = VERTEX_POINT ( 'NONE', #1020 ) ;
#524 = CYLINDRICAL_SURFACE ( 'NONE', #725, 2.000000000000001776 ) ;
#525 = SHAPE_DEFINITION_REPRESENTATION ( #1005, #291 ) ;
#526 = PRODUCT ( 'jiaqiang52gai', 'jiaqiang52gai', '', ( #345 ) ) ;
#527 = VECTOR ( 'NONE', #1196, 1000.000000000000000 ) ;
#528 = VERTEX_POINT ( 'NONE', #935 ) ;
#529 = CIRCLE ( 'NONE', #869, 1.499999999999996891 ) ;
#530 = EDGE_CURVE ( 'NONE', #1223, #744, #445, .T. ) ;
#531 = CARTESIAN_POINT ( 'NONE',  ( 7.000000000000000888, -3.629065036196706728, 0.000000000000000000 ) ) ;
#532 = LINE ( 'NONE', #936, #515 ) ;
#533 = VECTOR ( 'NONE', #929, 1000.000000000000000 ) ;
#534 = DIRECTION ( 'NONE',  ( 0.000000000000000000, -1.000000000000000000, 0.000000000000000000 ) ) ;
#535 = DIRECTION ( 'NONE',  ( 1.000000000000000000, 1.156482317317871232E-16, 0.000000000000000000 ) ) ;
#536 = ORIENTED_EDGE ( 'NONE', *, *, #1218, .T. ) ;
#537 = VERTEX_POINT ( 'NONE', #329 ) ;
#538 = AXIS2_PLACEMENT_3D ( 'NONE', #1232, #1026, #19 ) ;
#539 = DIRECTION ( 'NONE',  ( 0.000000000000000000, 0.000000000000000000, 1.000000000000000000 ) ) ;
#540 = DIRECTION ( 'NONE',  ( -0.000000000000000000, 1.000000000000000000, -0.000000000000000000 ) ) ;
#541 = CARTESIAN_POINT ( 'NONE',  ( 5.500000000000004441, -3.629065036196706728, 4.172719494334957702 ) ) ;
#542 = LINE ( 'NONE', #21, #757 ) ;
#543 = EDGE_LOOP ( 'NONE', ( #430, #863, #107, #143 ) ) ;
#544 = ORIENTED_EDGE ( 'NONE', *, *, #462, .T. ) ;
#545 = CARTESIAN_POINT ( 'NONE',  ( 2.000000000000000000, -15.00000000000000000, 49.99999999999999289 ) ) ;
#546 = CIRCLE ( 'NONE', #176, 1.499999999999996225 ) ;
#547 = ADVANCED_FACE ( 'NONE', ( #426 ), #524, .T. ) ;
#548 = ORIENTED_EDGE ( 'NONE', *, *, #765, .F. ) ;
#549 = VERTEX_POINT ( 'NONE', #337 ) ;
#550 = CARTESIAN_POINT ( 'NONE',  ( 5.519105479657681279, -3.904400060982875509, 4.163895280208764760 ) ) ;
#551 = CARTESIAN_POINT ( 'NONE',  ( 8.673617379884035472E-16, -13.00000000000000000, 49.99999999999999289 ) ) ;
#552 = ORIENTED_EDGE ( 'NONE', *, *, #646, .T. ) ;
#553 = CARTESIAN_POINT ( 'NONE',  ( 4.313047325569980828, 4.987962965776820874E-16, 3.191645267687181158E-32 ) ) ;
#554 = CARTESIAN_POINT ( 'NONE',  ( 2.000000000000000444, -1.999999999999999556, 2.000000000000000000 ) ) ;
#555 = CARTESIAN_POINT ( 'NONE',  ( 2.000000000000000444, -2.000000000000000000, 49.99999999999999289 ) ) ;
#556 = ORIENTED_EDGE ( 'NONE', *, *, #644, .F. ) ;
#557 = AXIS2_PLACEMENT_3D ( 'NONE', #1205, #703, #32 ) ;
#558 = ORIENTED_EDGE ( 'NONE', *, *, #657, .F. ) ;
#559 = ORIENTED_EDGE ( 'NONE', *, *, #1304, .T. ) ;
#560 = CARTESIAN_POINT ( 'NONE',  ( 5.648840489056711434, -11.07451298356355096, 47.88794077685726336 ) ) ;
#561 = CIRCLE ( 'NONE', #1189, 1.499999999999996891 ) ;
#562 = ADVANCED_FACE ( 'NONE', ( #1127, #517, #822 ), #1224, .T. ) ;
#563 = CARTESIAN_POINT ( 'NONE',  ( 7.000000000000000888, -3.629065036196706728, 4.000000000000003553 ) ) ;
#564 = ADVANCED_FACE ( 'NONE', ( #1117 ), #723, .T. ) ;
#565 = CARTESIAN_POINT ( 'NONE',  ( 1.999999999999999556, 0.000000000000000000, 0.000000000000000000 ) ) ;
#566 = ORIENTED_EDGE ( 'NONE', *, *, #48, .T. ) ;
#567 = ORIENTED_EDGE ( 'NONE', *, *, #631, .T. ) ;
#568 = DIRECTION ( 'NONE',  ( 1.000000000000000000, 0.000000000000000000, 0.000000000000000000 ) ) ;
#569 = DIRECTION ( 'NONE',  ( -1.000000000000000000, -0.000000000000000000, -0.000000000000000000 ) ) ;
#570 = CYLINDRICAL_SURFACE ( 'NONE', #13, 1.499999999999996225 ) ;
#571 = FACE_OUTER_BOUND ( 'NONE', #480, .T. ) ;
#572 = VECTOR ( 'NONE', #798, 1000.000000000000000 ) ;
#573 = ADVANCED_FACE ( 'NONE', ( #918 ), #1138, .F. ) ;
#574 = DIRECTION ( 'NONE',  ( 1.000000000000000000, 1.156482317317871725E-16, -0.000000000000000000 ) ) ;
#575 = CARTESIAN_POINT ( 'NONE',  ( 6.313047325569980828, -4.962517706182947741, 4.000000000000003553 ) ) ;
#576 = AXIS2_PLACEMENT_3D ( 'NONE', #553, #949, #35 ) ;
#577 = LINE ( 'NONE', #1065, #312 ) ;
#578 = AXIS2_PLACEMENT_3D ( 'NONE', #94, #907, #508 ) ;
#579 = ORIENTED_EDGE ( 'NONE', *, *, #441, .T. ) ;
#580 = DIRECTION ( 'NONE',  ( 1.000000000000000000, 1.156482317317871478E-16, -0.000000000000000000 ) ) ;
#581 = FACE_OUTER_BOUND ( 'NONE', #497, .T. ) ;
#582 = CARTESIAN_POINT ( 'NONE',  ( 15.00000000000000178, -4.363439511215302602, 16.10000000000000142 ) ) ;
#583 = LINE ( 'NONE', #980, #379 ) ;
#584 = CARTESIAN_POINT ( 'NONE',  ( 15.00000000000000000, 0.000000000000000000, 48.00000000000000000 ) ) ;
#585 = EDGE_CURVE ( 'NONE', #1268, #1319, #510, .T. ) ;
#586 = CARTESIAN_POINT ( 'NONE',  ( 15.00000000000000178, -12.99999999999999467, 52.00000000000000000 ) ) ;
#587 = DIRECTION ( 'NONE',  ( -1.000000000000000000, 0.000000000000000000, -1.040834085586084257E-14 ) ) ;
#588 = CARTESIAN_POINT ( 'NONE',  ( 6.313047325569981716, -9.075612366210460635, 48.00000000000000000 ) ) ;
#589 = VERTEX_POINT ( 'NONE', #1146 ) ;
#590 = ADVANCED_FACE ( 'NONE', ( #354 ), #661, .F. ) ;
#591 = CYLINDRICAL_SURFACE ( 'NONE', #1272, 2.000000000000000000 ) ;
#592 = CARTESIAN_POINT ( 'NONE',  ( 2.000000000000000444, -13.00000000000000000, 2.000000000000000000 ) ) ;
#593 = CARTESIAN_POINT ( 'NONE',  ( 0.000000000000000000, -10.50955652421244579, 16.10000000000000142 ) ) ;
#594 = ORIENTED_EDGE ( 'NONE', *, *, #320, .T. ) ;
#595 = FACE_OUTER_BOUND ( 'NONE', #201, .T. ) ;
#596 = AXIS2_PLACEMENT_3D ( 'NONE', #434, #39, #1235 ) ;
#597 = EDGE_LOOP ( 'NONE', ( #544, #1136, #415, #1069, #1315 ) ) ;
#598 = DIRECTION ( 'NONE',  ( 0.000000000000000000, -0.000000000000000000, -1.000000000000000000 ) ) ;
#599 = EDGE_CURVE ( 'NONE', #1144, #429, #489, .T. ) ;
#600 = CARTESIAN_POINT ( 'NONE',  ( 6.313047325569980828, -4.962517706182947741, 48.00000000000000000 ) ) ;
#601 = ORIENTED_EDGE ( 'NONE', *, *, #1316, .T. ) ;
#602 = EDGE_CURVE ( 'NONE', #278, #374, #688, .T. ) ;
#603 = AXIS2_PLACEMENT_3D ( 'NONE', #473, #378, #1169 ) ;
#604 = FACE_OUTER_BOUND ( 'NONE', #424, .T. ) ;
#605 = ORIENTED_EDGE ( 'NONE', *, *, #820, .T. ) ;
#606 = LINE ( 'NONE', #93, #103 ) ;
#607 = FACE_OUTER_BOUND ( 'NONE', #948, .T. ) ;
#608 = FACE_OUTER_BOUND ( 'NONE', #349, .T. ) ;
#609 = ORIENTED_EDGE ( 'NONE', *, *, #1218, .F. ) ;
#610 = CARTESIAN_POINT ( 'NONE',  ( 6.313047325569982604, -15.00000000000000000, 6.000000000000003553 ) ) ;
#611 = ORIENTED_EDGE ( 'NONE', *, *, #152, .F. ) ;
#612 = ADVANCED_FACE ( 'NONE', ( #241 ), #763, .F. ) ;
#613 = DIRECTION ( 'NONE',  ( 1.000000000000000000, 1.156482317317871725E-16, -0.000000000000000000 ) ) ;
#614 = CARTESIAN_POINT ( 'NONE',  ( 6.189211498225607677, -9.139408670870714957, 4.000000000000003553 ) ) ;
#615 = VERTEX_POINT ( 'NONE', #668 ) ;
#616 = CARTESIAN_POINT ( 'NONE',  ( 5.500000000000005329, -3.491817122451767119, 4.172719494334958590 ) ) ;
#617 = CIRCLE ( 'NONE', #969, 2.000000000000000000 ) ;
#618 = VERTEX_POINT ( 'NONE', #754 ) ;
#619 = ORIENTED_EDGE ( 'NONE', *, *, #487, .F. ) ;
#620 = CARTESIAN_POINT ( 'NONE',  ( 6.077634803431418931, -4.819868827278043000, 47.98869786980739605 ) ) ;
#621 = AXIS2_PLACEMENT_3D ( 'NONE', #749, #830, #1147 ) ;
#622 = VECTOR ( 'NONE', #940, 1000.000000000000000 ) ;
#623 = FACE_OUTER_BOUND ( 'NONE', #9, .T. ) ;
#624 = ORIENTED_EDGE ( 'NONE', *, *, #1304, .F. ) ;
#625 = AXIS2_PLACEMENT_3D ( 'NONE', #1208, #409, #1225 ) ;
#626 = ORIENTED_EDGE ( 'NONE', *, *, #400, .F. ) ;
#627 = EDGE_LOOP ( 'NONE', ( #677, #1158, #536, #633 ) ) ;
#628 = ADVANCED_FACE ( 'NONE', ( #236, #656 ), #1048, .T. ) ;
#629 = LINE ( 'NONE', #433, #622 ) ;
#630 = SURFACE_SIDE_STYLE ('',( #1139 ) ) ;
#631 = EDGE_CURVE ( 'NONE', #807, #589, #857, .T. ) ;
#632 = ORIENTED_EDGE ( 'NONE', *, *, #86, .F. ) ;
#633 = ORIENTED_EDGE ( 'NONE', *, *, #5, .T. ) ;
#634 = DIRECTION ( 'NONE',  ( -2.168404344971008868E-16, 1.000000000000000000, 0.000000000000000000 ) ) ;
#635 = CIRCLE ( 'NONE', #741, 3.073058506498572484 ) ;
#636 = SURFACE_STYLE_USAGE ( .BOTH. , #1057 ) ;
#637 = DIRECTION ( 'NONE',  ( -0.000000000000000000, -0.000000000000000000, -1.000000000000000000 ) ) ;
#638 = ORIENTED_EDGE ( 'NONE', *, *, #727, .F. ) ;
#639 = ORIENTED_EDGE ( 'NONE', *, *, #884, .T. ) ;
#640 = DIRECTION ( 'NONE',  ( -1.156482317317871478E-16, 1.000000000000000000, 0.000000000000000000 ) ) ;
#641 = VECTOR ( 'NONE', #1294, 1000.000000000000000 ) ;
#642 = LINE ( 'NONE', #130, #1013 ) ;
#643 = DIRECTION ( 'NONE',  ( -1.000000000000000000, 0.000000000000000000, 0.000000000000000000 ) ) ;
#644 = EDGE_CURVE ( 'NONE', #374, #1143, #314, .T. ) ;
#645 = CARTESIAN_POINT ( 'NONE',  ( 0.000000000000000000, -4.363439511215300826, 35.89752721011861780 ) ) ;
#646 = EDGE_CURVE ( 'NONE', #333, #233, #662, .T. ) ;
#647 = ORIENTED_EDGE ( 'NONE', *, *, #361, .T. ) ;
#648 = CARTESIAN_POINT ( 'NONE',  ( 6.191070184078824923, -4.899678937734162076, 4.000000000000003553 ) ) ;
#649 = VECTOR ( 'NONE', #2, 1000.000000000000000 ) ;
#650 = CARTESIAN_POINT ( 'NONE',  ( 6.189211498225606789, -4.898721401522693419, 48.00000000000000000 ) ) ;
#651 = DIRECTION ( 'NONE',  ( 1.000000000000000000, 0.000000000000000000, 0.000000000000000000 ) ) ;
#652 = ORIENTED_EDGE ( 'NONE', *, *, #49, .F. ) ;
#653 = VERTEX_POINT ( 'NONE', #346 ) ;
#654 = DIRECTION ( 'NONE',  ( -1.000000000000000000, -1.156482317317871478E-16, 0.000000000000000000 ) ) ;
#655 = LINE ( 'NONE', #342, #681 ) ;
#656 = FACE_OUTER_BOUND ( 'NONE', #672, .T. ) ;
#657 = EDGE_CURVE ( 'NONE', #549, #896, #916, .T. ) ;
#658 = LINE ( 'NONE', #565, #1076 ) ;
#659 = ORIENTED_EDGE ( 'NONE', *, *, #1288, .F. ) ;
#660 = EDGE_CURVE ( 'NONE', #278, #364, #745, .T. ) ;
#661 = CYLINDRICAL_SURFACE ( 'NONE', #1252, 1.499999999999996225 ) ;
#662 = LINE ( 'NONE', #372, #699 ) ;
#663 = LINE ( 'NONE', #315, #533 ) ;
#664 = AXIS2_PLACEMENT_3D ( 'NONE', #244, #126, #442 ) ;
#665 = ORIENTED_EDGE ( 'NONE', *, *, #487, .T. ) ;
#666 = ORIENTED_EDGE ( 'NONE', *, *, #820, .F. ) ;
#667 = CARTESIAN_POINT ( 'NONE',  ( 5.593717393958259620, -3.089410342713587720, 47.86659814802696644 ) ) ;
#668 = CARTESIAN_POINT ( 'NONE',  ( 8.500000000000001776, -10.40906503619670787, 52.00000000000000000 ) ) ;
#669 = CARTESIAN_POINT ( 'NONE',  ( 5.876874405221936826, -11.41279681751315067, 4.045477937453471284 ) ) ;
#670 = DIRECTION ( 'NONE',  ( -0.000000000000000000, -0.000000000000000000, 1.000000000000000000 ) ) ;
#671 = EDGE_CURVE ( 'NONE', #1249, #807, #921, .T. ) ;
#672 = EDGE_LOOP ( 'NONE', ( #324, #151, #339, #729 ) ) ;
#673 = CARTESIAN_POINT ( 'NONE',  ( 15.00000000000000000, -1.999999999999999556, 0.000000000000000000 ) ) ;
#674 = CARTESIAN_POINT ( 'NONE',  ( 5.519105479657675062, -10.68440006098287931, 4.163895280208767424 ) ) ;
#675 = DIRECTION ( 'NONE',  ( -0.000000000000000000, -0.000000000000000000, 1.000000000000000000 ) ) ;
#676 = B_SPLINE_CURVE_WITH_KNOTS ( 'NONE', 3,
 ( #1320, #813, #800, #716, #1113, #811, #709, #294, #616, #1324 ),
 .UNSPECIFIED., .F., .F.,
 ( 4, 2, 2, 2, 4 ),
 ( 0.000000000000000000, 0.0004111781349409199282, 0.0008223562698818398563, 0.001233534404822759839, 0.001644712539763679713 ),
 .UNSPECIFIED. ) ;
#677 = ORIENTED_EDGE ( 'NONE', *, *, #447, .T. ) ;
#678 = CARTESIAN_POINT ( 'NONE',  ( 15.00000000000000178, -7.436498017713874198, 16.10000000000000142 ) ) ;
#679 = CARTESIAN_POINT ( 'NONE',  ( 6.313047325569981716, -11.74251770618295510, 4.000000000000003553 ) ) ;
#680 = DIRECTION ( 'NONE',  ( 0.000000000000000000, 0.000000000000000000, -1.000000000000000000 ) ) ;
#681 = VECTOR ( 'NONE', #1015, 1000.000000000000000 ) ;
#682 = DIRECTION ( 'NONE',  ( -0.000000000000000000, 1.000000000000000000, -0.000000000000000000 ) ) ;
#683 = DIRECTION ( 'NONE',  ( 1.000000000000000000, 0.000000000000000000, 0.000000000000000000 ) ) ;
#684 = EDGE_CURVE ( 'NONE', #1209, #721, #467, .T. ) ;
#685 = DIRECTION ( 'NONE',  ( 0.000000000000000000, 0.000000000000000000, 1.000000000000000000 ) ) ;
#686 = PRESENTATION_LAYER_ASSIGNMENT (  '', '', ( #707 ) ) ;
#687 = CARTESIAN_POINT ( 'NONE',  ( 6.313047325569981716, -9.075612366210460635, 4.000000000000003553 ) ) ;
#688 = B_SPLINE_CURVE_WITH_KNOTS ( 'NONE', 3,
 ( #153, #45, #137, #1054, #962, #560, #1271, #758, #958, #458 ),
 .UNSPECIFIED., .F., .F.,
 ( 4, 2, 2, 2, 4 ),
 ( 0.000000000000000000, 0.0004111781349409230723, 0.0008223562698818461447, 0.001233534404822769163, 0.001644712539763692289 ),
 .UNSPECIFIED. ) ;
#689 = PLANE ( 'NONE',  #701 ) ;
#690 = DIRECTION ( 'NONE',  ( -1.156482317317871725E-16, 1.000000000000000000, -0.000000000000000000 ) ) ;
#691 = EDGE_LOOP ( 'NONE', ( #1039, #270, #336, #552, #975, #443, #455, #100, #1126, #232 ) ) ;
#692 = CARTESIAN_POINT ( 'NONE',  ( 5.791263208861264111, -2.730347539334437190, 47.93218108103247488 ) ) ;
#693 = ADVANCED_FACE ( 'NONE', ( #478 ), #1081, .F. ) ;
#694 = VECTOR ( 'NONE', #683, 1000.000000000000000 ) ;
#695 = EDGE_CURVE ( 'NONE', #300, #862, #50, .T. ) ;
#696 = CARTESIAN_POINT ( 'NONE',  ( 8.673617379884035472E-16, -1.999999999999999556, 2.000000000000000000 ) ) ;
#697 = DIRECTION ( 'NONE',  ( 0.000000000000000000, 0.000000000000000000, -1.000000000000000000 ) ) ;
#698 = ORIENTED_EDGE ( 'NONE', *, *, #585, .T. ) ;
#699 = VECTOR ( 'NONE', #773, 1000.000000000000000 ) ;
#700 = CARTESIAN_POINT ( 'NONE',  ( 6.191070184078824923, -2.358451134659250492, 48.00000000000000000 ) ) ;
#701 = AXIS2_PLACEMENT_3D ( 'NONE', #1306, #495, #598 ) ;
#702 = VERTEX_POINT ( 'NONE', #951 ) ;
#703 = DIRECTION ( 'NONE',  ( -1.000000000000000000, -0.000000000000000000, -0.000000000000000000 ) ) ;
#704 = DIRECTION ( 'NONE',  ( -0.000000000000000000, -8.762323989079712484E-17, -1.000000000000000000 ) ) ;
#705 = CARTESIAN_POINT ( 'NONE',  ( 2.000000000000000444, -1.999999999999999556, 0.000000000000000000 ) ) ;
#706 = ORIENTED_EDGE ( 'NONE', *, *, #272, .F. ) ;
#707 = STYLED_ITEM ( 'NONE', ( #919 ), #291 ) ;
#708 = PRODUCT_DEFINITION_FORMATION_WITH_SPECIFIED_SOURCE ( 'ÈÎºÎ', '', #526, .NOT_KNOWN. ) ;
#709 = CARTESIAN_POINT ( 'NONE',  ( 5.593361812160629221, -3.090648294311784117, 4.133546764203814838 ) ) ;
#710 = EDGE_CURVE ( 'NONE', #1144, #293, #162, .T. ) ;
#711 = ORIENTED_EDGE ( 'NONE', *, *, #740, .T. ) ;
#712 = DIRECTION ( 'NONE',  ( -1.000000000000000000, -0.000000000000000000, -0.000000000000000000 ) ) ;
#713 = DIRECTION ( 'NONE',  ( 1.000000000000000000, 0.000000000000000000, 0.000000000000000000 ) ) ;
#714 = CYLINDRICAL_SURFACE ( 'NONE', #625, 2.000000000000000000 ) ;
#715 = EDGE_LOOP ( 'NONE', ( #743, #199, #711, #110, #504, #1029, #299, #128, #58, #393 ) ) ;
#716 = CARTESIAN_POINT ( 'NONE',  ( 5.877164386150934838, -2.625067322570389106, 4.045429884583443325 ) ) ;
#717 = ORIENTED_EDGE ( 'NONE', *, *, #585, .F. ) ;
#718 = UNCERTAINTY_MEASURE_WITH_UNIT (LENGTH_MEASURE( 1.000000000000000082E-05 ), #124, 'distance_accuracy_value', 'NONE');
#719 = DIRECTION ( 'NONE',  ( 1.000000000000000000, 0.000000000000000000, 0.000000000000000000 ) ) ;
#720 = CARTESIAN_POINT ( 'NONE',  ( 6.313047325569982604, -15.00000000000000178, 4.000000000000003553 ) ) ;
#721 = VERTEX_POINT ( 'NONE', #575 ) ;
#722 = VECTOR ( 'NONE', #1097, 1000.000000000000000 ) ;
#723 = CYLINDRICAL_SURFACE ( 'NONE', #1125, 2.000000000000000000 ) ;
#724 = AXIS2_PLACEMENT_3D ( 'NONE', #1220, #1093, #587 ) ;
#725 = AXIS2_PLACEMENT_3D ( 'NONE', #203, #412, #1253 ) ;
#726 = CARTESIAN_POINT ( 'NONE',  ( 5.499999999999996447, -10.40906503619670787, 52.00000000000000000 ) ) ;
#727 = EDGE_CURVE ( 'NONE', #537, #308, #1142, .T. ) ;
#728 = ORIENTED_EDGE ( 'NONE', *, *, #17, .T. ) ;
#729 = ORIENTED_EDGE ( 'NONE', *, *, #177, .T. ) ;
#730 = ORIENTED_EDGE ( 'NONE', *, *, #380, .T. ) ;
#731 = DIRECTION ( 'NONE',  ( -0.000000000000000000, 1.000000000000000000, 0.000000000000000000 ) ) ;
#732 =( NAMED_UNIT ( * ) PLANE_ANGLE_UNIT ( ) SI_UNIT ( $, .RADIAN. ) );
#733 = DIRECTION ( 'NONE',  ( 0.000000000000000000, 0.000000000000000000, -1.000000000000000000 ) ) ;
#734 = DIRECTION ( 'NONE',  ( 0.000000000000000000, -1.000000000000000000, -8.762323989079713716E-17 ) ) ;
#735 = VERTEX_POINT ( 'NONE', #1265 ) ;
#736 = ORIENTED_EDGE ( 'NONE', *, *, #1064, .F. ) ;
#737 = LINE ( 'NONE', #24, #394 ) ;
#738 = EDGE_CURVE ( 'NONE', #287, #1157, #1161, .T. ) ;
#739 = DIRECTION ( 'NONE',  ( 1.000000000000000000, 0.000000000000000000, 0.000000000000000000 ) ) ;
#740 = EDGE_CURVE ( 'NONE', #1135, #1209, #529, .T. ) ;
#741 = AXIS2_PLACEMENT_3D ( 'NONE', #772, #1080, #381 ) ;
#742 = CARTESIAN_POINT ( 'NONE',  ( 4.313047325569980828, -4.263895572766155883E-16, 4.000000000000003553 ) ) ;
#743 = ORIENTED_EDGE ( 'NONE', *, *, #790, .F. ) ;
#744 = VERTEX_POINT ( 'NONE', #870 ) ;
#745 = CIRCLE ( 'NONE', #181, 1.500000000000003109 ) ;
#746 = CARTESIAN_POINT ( 'NONE',  ( 0.000000000000000000, 0.000000000000000000, 0.000000000000000000 ) ) ;
#747 = DIRECTION ( 'NONE',  ( 0.000000000000000000, 0.000000000000000000, 1.000000000000000000 ) ) ;
#748 = AXIS2_PLACEMENT_3D ( 'NONE', #592, #985, #401 ) ;
#749 = CARTESIAN_POINT ( 'NONE',  ( 4.313047325569980828, -1.235927179399125303E-15, 48.00000000000000000 ) ) ;
#750 = CARTESIAN_POINT ( 'NONE',  ( 15.00000000000000000, 0.000000000000000000, 49.99999999999999289 ) ) ;
#751 = ORIENTED_EDGE ( 'NONE', *, *, #1049, .F. ) ;
#752 = ORIENTED_EDGE ( 'NONE', *, *, #28, .T. ) ;
#753 = EDGE_CURVE ( 'NONE', #721, #1051, #1278, .T. ) ;
#754 = CARTESIAN_POINT ( 'NONE',  ( 8.499999999999998224, -3.629065036196706728, 48.00000000000000000 ) ) ;
#755 = CARTESIAN_POINT ( 'NONE',  ( 1.999999999999999112, -1.999999999999999556, 52.00000000000000000 ) ) ;
#756 = ORIENTED_EDGE ( 'NONE', *, *, #295, .F. ) ;
#757 = VECTOR ( 'NONE', #637, 1000.000000000000000 ) ;
#758 = CARTESIAN_POINT ( 'NONE',  ( 5.519425706300085110, -10.68551275325189742, 47.83623518239161143 ) ) ;
#759 = CARTESIAN_POINT ( 'NONE',  ( 6.999999999999999112, -10.40906503619670787, 0.000000000000000000 ) ) ;
#760 = PLANE ( 'NONE',  #248 ) ;
#761 = ORIENTED_EDGE ( 'NONE', *, *, #660, .F. ) ;
#762 = CARTESIAN_POINT ( 'NONE',  ( 15.00000000000000000, -1.999999999999999556, 49.99999999999999289 ) ) ;
#763 = CYLINDRICAL_SURFACE ( 'NONE', #396, 1.500000000000003109 ) ;
#764 = CARTESIAN_POINT ( 'NONE',  ( 5.499999999999996447, -10.27173729060253393, 47.82728050566504407 ) ) ;
#765 = EDGE_CURVE ( 'NONE', #1227, #537, #56, .T. ) ;
#766 = VECTOR ( 'NONE', #704, 1000.000000000000000 ) ;
#767 = VECTOR ( 'NONE', #47, 1000.000000000000000 ) ;
#768 = DIRECTION ( 'NONE',  ( -1.000000000000000000, 0.000000000000000000, 0.000000000000000000 ) ) ;
#769 = DIRECTION ( 'NONE',  ( 1.000000000000000000, 1.156482317317871725E-16, 2.127763511791454014E-33 ) ) ;
#770 = ORIENTED_EDGE ( 'NONE', *, *, #512, .F. ) ;
#771 = DIRECTION ( 'NONE',  ( 0.000000000000000000, 0.000000000000000000, -1.000000000000000000 ) ) ;
#772 = CARTESIAN_POINT ( 'NONE',  ( 0.000000000000000000, -7.436498017713874198, 16.10000000000000142 ) ) ;
#773 = DIRECTION ( 'NONE',  ( -0.000000000000000000, -0.000000000000000000, -1.000000000000000000 ) ) ;
#774 = DIRECTION ( 'NONE',  ( 0.000000000000000000, -3.942553354492743901E-17, -1.000000000000000000 ) ) ;
#775 = CARTESIAN_POINT ( 'NONE',  ( 4.313047325569982604, -15.00000000000000178, 4.000000000000003553 ) ) ;
#776 = EDGE_CURVE ( 'NONE', #896, #1228, #471, .T. ) ;
#777 = DIRECTION ( 'NONE',  ( -1.156482317317871232E-16, 1.000000000000000000, 0.000000000000000000 ) ) ;
#778 = AXIS2_PLACEMENT_3D ( 'NONE', #678, #375, #1071 ) ;
#779 = CARTESIAN_POINT ( 'NONE',  ( 5.593717393958255180, -9.869410342713587525, 47.86659814802696644 ) ) ;
#780 = DIRECTION ( 'NONE',  ( -1.156482317317871725E-16, 1.000000000000000000, 0.000000000000000000 ) ) ;
#781 = ORIENTED_EDGE ( 'NONE', *, *, #265, .F. ) ;
#782 = STYLED_ITEM ( 'NONE', ( #149 ), #1004 ) ;
#783 = VECTOR ( 'NONE', #1262, 1000.000000000000000 ) ;
#784 = DIRECTION ( 'NONE',  ( 0.000000000000000000, -1.000000000000000000, 0.000000000000000000 ) ) ;
#785 = DIRECTION ( 'NONE',  ( 1.000000000000000000, 0.000000000000000000, 0.000000000000000000 ) ) ;
#786 = DIRECTION ( 'NONE',  ( 1.000000000000000000, 0.000000000000000000, 0.000000000000000000 ) ) ;
#787 = CIRCLE ( 'NONE', #1060, 2.000000000000000000 ) ;
#788 = FACE_OUTER_BOUND ( 'NONE', #910, .T. ) ;
#789 = ORIENTED_EDGE ( 'NONE', *, *, #1233, .T. ) ;
#790 = EDGE_CURVE ( 'NONE', #135, #702, #794, .T. ) ;
#791 = EDGE_CURVE ( 'NONE', #1268, #589, #971, .T. ) ;
#792 = DIRECTION ( 'NONE',  ( -1.000000000000000000, 0.000000000000000000, 0.000000000000000000 ) ) ;
#793 = ORIENTED_EDGE ( 'NONE', *, *, #965, .F. ) ;
#794 = LINE ( 'NONE', #989, #52 ) ;
#795 = CARTESIAN_POINT ( 'NONE',  ( 5.790369901602929303, -9.511708908609024959, 4.068084005691098959 ) ) ;
#796 = VERTEX_POINT ( 'NONE', #192 ) ;
#797 = CARTESIAN_POINT ( 'NONE',  ( 6.077974832543904249, -2.437948677041232415, 47.98875444247111943 ) ) ;
#798 = DIRECTION ( 'NONE',  ( 0.000000000000000000, -0.000000000000000000, -1.000000000000000000 ) ) ;
#799 = AXIS2_PLACEMENT_3D ( 'NONE', #892, #1190, #274 ) ;
#800 = CARTESIAN_POINT ( 'NONE',  ( 6.077634803431420707, -2.438261245115370901, 4.011302130192611948 ) ) ;
#801 = CYLINDRICAL_SURFACE ( 'NONE', #557, 3.073058506498575593 ) ;
#802 = CARTESIAN_POINT ( 'NONE',  ( 15.00000000000000178, -14.99999999999999822, 2.000000000000015543 ) ) ;
#803 = CARTESIAN_POINT ( 'NONE',  ( 1.999999999999999556, -1.999999999999999556, 2.000000000000001776 ) ) ;
#804 = ORIENTED_EDGE ( 'NONE', *, *, #1032, .F. ) ;
#805 = VECTOR ( 'NONE', #158, 1000.000000000000000 ) ;
#806 = EDGE_CURVE ( 'NONE', #364, #1143, #122, .T. ) ;
#807 = VERTEX_POINT ( 'NONE', #696 ) ;
#808 = CARTESIAN_POINT ( 'NONE',  ( 6.999999999999999112, -10.40906503619670787, 0.000000000000000000 ) ) ;
#809 = CARTESIAN_POINT ( 'NONE',  ( 8.499999999999996447, -3.629065036196706728, 0.000000000000000000 ) ) ;
#810 = ORIENTED_EDGE ( 'NONE', *, *, #710, .T. ) ;
#811 = CARTESIAN_POINT ( 'NONE',  ( 5.648840489056716763, -2.963617088829862301, 4.112059223142732201 ) ) ;
#812 = ORIENTED_EDGE ( 'NONE', *, *, #227, .T. ) ;
#813 = CARTESIAN_POINT ( 'NONE',  ( 6.189211498225606789, -2.359408670870720037, 4.000000000000003553 ) ) ;
#814 = CARTESIAN_POINT ( 'NONE',  ( 6.313047325569982604, -15.00000000000000178, 4.000000000000003553 ) ) ;
#815 = DIRECTION ( 'NONE',  ( 1.000000000000000000, 1.156482317317871232E-16, 0.000000000000000000 ) ) ;
#816 = ADVANCED_FACE ( 'NONE', ( #1198, #279 ), #1300, .F. ) ;
#817 = LINE ( 'NONE', #1105, #825 ) ;
#818 = ORIENTED_EDGE ( 'NONE', *, *, #64, .T. ) ;
#819 = ORIENTED_EDGE ( 'NONE', *, *, #177, .F. ) ;
#820 = EDGE_CURVE ( 'NONE', #872, #1250, #267, .T. ) ;
#821 = EDGE_LOOP ( 'NONE', ( #403, #1130 ) ) ;
#822 = FACE_OUTER_BOUND ( 'NONE', #902, .T. ) ;
#823 = CARTESIAN_POINT ( 'NONE',  ( 4.313047325569980828, -7.436498017713874198, 38.97058571661720094 ) ) ;
#824 = FACE_BOUND ( 'NONE', #1007, .T. ) ;
#825 = VECTOR ( 'NONE', #422, 1000.000000000000000 ) ;
#826 = EDGE_LOOP ( 'NONE', ( #736, #915, #382, #652, #619 ) ) ;
#827 = CARTESIAN_POINT ( 'NONE',  ( 0.000000000000000000, -1.999999999999999556, 0.000000000000000000 ) ) ;
#828 = ORIENTED_EDGE ( 'NONE', *, *, #84, .F. ) ;
#829 = CARTESIAN_POINT ( 'NONE',  ( 5.593361812160630109, -4.167481778081628896, 47.86645323579620737 ) ) ;
#830 = DIRECTION ( 'NONE',  ( 0.000000000000000000, 0.000000000000000000, 1.000000000000000000 ) ) ;
#831 = DIRECTION ( 'NONE',  ( 0.000000000000000000, 1.000000000000000000, 0.000000000000000000 ) ) ;
#832 = VERTEX_POINT ( 'NONE', #1313 ) ;
#833 = VECTOR ( 'NONE', #680, 1000.000000000000000 ) ;
#834 = EDGE_CURVE ( 'NONE', #119, #896, #1012, .T. ) ;
#835 = ORIENTED_EDGE ( 'NONE', *, *, #599, .T. ) ;
#836 = EDGE_CURVE ( 'NONE', #1325, #807, #421, .T. ) ;
#837 = DIRECTION ( 'NONE',  ( 1.000000000000000000, 0.000000000000000000, 0.000000000000000000 ) ) ;
#838 = ORIENTED_EDGE ( 'NONE', *, *, #530, .T. ) ;
#839 = ORIENTED_EDGE ( 'NONE', *, *, #599, .F. ) ;
#840 = DIRECTION ( 'NONE',  ( 1.000000000000000000, 0.000000000000000000, 0.000000000000000000 ) ) ;
#841 = CARTESIAN_POINT ( 'NONE',  ( 6.313047325569980828, -4.962517706182947741, 48.00000000000000000 ) ) ;
#842 = CARTESIAN_POINT ( 'NONE',  ( 5.500000000000004441, -3.629065036196706728, 52.00000000000000000 ) ) ;
#843 = ADVANCED_FACE ( 'NONE', ( #1322 ), #184, .F. ) ;
#844 = CARTESIAN_POINT ( 'NONE',  ( 0.000000000000000000, -13.00000000000000000, 52.00000000000000000 ) ) ;
#845 = ORIENTED_EDGE ( 'NONE', *, *, #923, .T. ) ;
#846 = ORIENTED_EDGE ( 'NONE', *, *, #265, .T. ) ;
#847 = CARTESIAN_POINT ( 'NONE',  ( 5.500000000000004441, -3.629065036196706728, 4.172719494334957702 ) ) ;
#848 = CARTESIAN_POINT ( 'NONE',  ( 0.000000000000000000, -10.50955652421244757, 16.09999999999999787 ) ) ;
#849 =( LENGTH_UNIT ( ) NAMED_UNIT ( * ) SI_UNIT ( .MILLI., .METRE. ) );
#850 = CIRCLE ( 'NONE', #376, 2.000000000000001776 ) ;
#851 = AXIS2_PLACEMENT_3D ( 'NONE', #1061, #249, #865 ) ;
#852 = DIRECTION ( 'NONE',  ( -0.000000000000000000, 1.000000000000000000, 0.000000000000000000 ) ) ;
#853 = ORIENTED_EDGE ( 'NONE', *, *, #36, .T. ) ;
#854 = VERTEX_POINT ( 'NONE', #275 ) ;
#855 = PLANE ( 'NONE',  #328 ) ;
#856 = VECTOR ( 'NONE', #867, 1000.000000000000000 ) ;
#857 = LINE ( 'NONE', #1263, #1312 ) ;
#858 = CARTESIAN_POINT ( 'NONE',  ( 0.000000000000000000, -7.436498017713874198, 35.89752721011862491 ) ) ;
#859 = CYLINDRICAL_SURFACE ( 'NONE', #188, 2.000000000000000000 ) ;
#860 = ORIENTED_EDGE ( 'NONE', *, *, #738, .T. ) ;
#861 = EDGE_CURVE ( 'NONE', #1325, #476, #67, .T. ) ;
#862 = VERTEX_POINT ( 'NONE', #802 ) ;
#863 = ORIENTED_EDGE ( 'NONE', *, *, #861, .F. ) ;
#864 = ADVANCED_FACE ( 'NONE', ( #1109 ), #197, .T. ) ;
#865 = DIRECTION ( 'NONE',  ( 0.000000000000000000, 0.000000000000000000, -1.000000000000000000 ) ) ;
#866 = CARTESIAN_POINT ( 'NONE',  ( 6.999999999999999112, -10.40906503619670787, 48.00000000000000000 ) ) ;
#867 = DIRECTION ( 'NONE',  ( -0.000000000000000000, -0.000000000000000000, -1.000000000000000000 ) ) ;
#868 = ORIENTED_EDGE ( 'NONE', *, *, #956, .T. ) ;
#869 = AXIS2_PLACEMENT_3D ( 'NONE', #963, #879, #1287 ) ;
#870 = CARTESIAN_POINT ( 'NONE',  ( 5.500000000000004441, -3.629065036196706728, 0.000000000000000000 ) ) ;
#871 = DIRECTION ( 'NONE',  ( 1.000000000000000000, 0.000000000000000000, 0.000000000000000000 ) ) ;
#872 = VERTEX_POINT ( 'NONE', #87 ) ;
#873 = PRODUCT_DEFINITION ( 'Î´Öª', '', #708, #1309 ) ;
#874 = ADVANCED_FACE ( 'NONE', ( #1192 ), #296, .F. ) ;
#875 = CARTESIAN_POINT ( 'NONE',  ( 5.519105479657675950, -10.13373001141053642, 47.83610471979125123 ) ) ;
#876 = CARTESIAN_POINT ( 'NONE',  ( 6.313047325569980828, -2.295612366210465272, 48.00000000000000000 ) ) ;
#877 = DIRECTION ( 'NONE',  ( 0.000000000000000000, -1.000000000000000000, 0.000000000000000000 ) ) ;
#878 = CARTESIAN_POINT ( 'NONE',  ( 6.999999999999999112, -10.40906503619670787, 0.000000000000000000 ) ) ;
#879 = DIRECTION ( 'NONE',  ( -0.000000000000000000, 0.000000000000000000, -1.000000000000000000 ) ) ;
#880 = DIRECTION ( 'NONE',  ( 0.000000000000000000, 1.000000000000000000, 0.000000000000000000 ) ) ;
#881 = ORIENTED_EDGE ( 'NONE', *, *, #657, .T. ) ;
#882 = ADVANCED_FACE ( 'NONE', ( #377 ), #689, .F. ) ;
#883 = DIRECTION ( 'NONE',  ( -1.156482317317871725E-16, 1.000000000000000000, 0.000000000000000000 ) ) ;
#884 = EDGE_CURVE ( 'NONE', #194, #796, #1317, .T. ) ;
#885 = CARTESIAN_POINT ( 'NONE',  ( 6.313047325569980828, 7.300927600412565310E-16, 6.000000000000003553 ) ) ;
#886 = ORIENTED_EDGE ( 'NONE', *, *, #1122, .T. ) ;
#887 = AXIS2_PLACEMENT_3D ( 'NONE', #938, #368, #974 ) ;
#888 = CIRCLE ( 'NONE', #1298, 1.499999999999996891 ) ;
#889 = CARTESIAN_POINT ( 'NONE',  ( 7.000000000000000888, -3.629065036196706728, 0.000000000000000000 ) ) ;
#890 = CARTESIAN_POINT ( 'NONE',  ( 6.313047325569980828, -1.004630715935550958E-15, 48.00000000000000000 ) ) ;
#891 = ORIENTED_EDGE ( 'NONE', *, *, #806, .T. ) ;
#892 = CARTESIAN_POINT ( 'NONE',  ( 1.999999999999999556, -1.999999999999999556, 2.000000000000001776 ) ) ;
#893 = EDGE_CURVE ( 'NONE', #308, #1157, #1207, .T. ) ;
#894 = CARTESIAN_POINT ( 'NONE',  ( 6.999999999999999112, -10.40906503619670787, 4.000000000000003553 ) ) ;
#895 = LINE ( 'NONE', #95, #451 ) ;
#896 = VERTEX_POINT ( 'NONE', #1099 ) ;
#897 = VECTOR ( 'NONE', #574, 1000.000000000000000 ) ;
#898 = ORIENTED_EDGE ( 'NONE', *, *, #397, .F. ) ;
#899 = APPLICATION_CONTEXT ( 'automotive_design' ) ;
#900 = DIRECTION ( 'NONE',  ( 0.000000000000000000, -0.000000000000000000, 1.000000000000000000 ) ) ;
#901 = CARTESIAN_POINT ( 'NONE',  ( 1.999999999999999556, -13.00000000000000000, 49.99999999999999289 ) ) ;
#902 = EDGE_LOOP ( 'NONE', ( #868, #449, #29, #507 ) ) ;
#903 = CIRCLE ( 'NONE', #263, 2.000000000000000000 ) ;
#904 = AXIS2_PLACEMENT_3D ( 'NONE', #38, #973, #1056 ) ;
#905 = ORIENTED_EDGE ( 'NONE', *, *, #5, .F. ) ;
#906 = AXIS2_PLACEMENT_3D ( 'NONE', #290, #900, #786 ) ;
#907 = DIRECTION ( 'NONE',  ( -0.000000000000000000, 1.000000000000000000, 0.000000000000000000 ) ) ;
#908 = DIRECTION ( 'NONE',  ( -1.000000000000000000, -1.156482317317871232E-16, -0.000000000000000000 ) ) ;
#909 = ADVANCED_FACE ( 'NONE', ( #607 ), #331, .F. ) ;
#910 = EDGE_LOOP ( 'NONE', ( #85, #1046, #812, #1030, #306, #350, #558, #917, #240, #781 ) ) ;
#911 = ORIENTED_EDGE ( 'NONE', *, *, #243, .F. ) ;
#912 = SPHERICAL_SURFACE ( 'NONE', #1077, 2.000000000000000000 ) ;
#913 = LINE ( 'NONE', #890, #649 ) ;
#914 = ORIENTED_EDGE ( 'NONE', *, *, #695, .F. ) ;
#915 = ORIENTED_EDGE ( 'NONE', *, *, #1152, .F. ) ;
#916 = B_SPLINE_CURVE_WITH_KNOTS ( 'NONE', 3,
 ( #154, #1067, #674, #250, #367, #1184, #669, #261, #61, #679 ),
 .UNSPECIFIED., .F., .F.,
 ( 4, 2, 2, 2, 4 ),
 ( 0.001644712539763691205, 0.002056129841260817808, 0.002467547142757943977, 0.002878964444255070580, 0.003290381745752197183 ),
 .UNSPECIFIED. ) ;
#917 = ORIENTED_EDGE ( 'NONE', *, *, #1233, .F. ) ;
#918 = FACE_OUTER_BOUND ( 'NONE', #954, .T. ) ;
#919 = PRESENTATION_STYLE_ASSIGNMENT (( #139 ) ) ;
#920 = ADVANCED_FACE ( 'NONE', ( #1162 ), #428, .F. ) ;
#921 = CIRCLE ( 'NONE', #1028, 2.000000000000000000 ) ;
#922 = CARTESIAN_POINT ( 'NONE',  ( 4.313047325569980828, -7.436498017713874198, 35.89752721011862491 ) ) ;
#923 = EDGE_CURVE ( 'NONE', #476, #1261, #1187, .T. ) ;
#924 = ORIENTED_EDGE ( 'NONE', *, *, #1277, .T. ) ;
#925 = VERTEX_POINT ( 'NONE', #140 ) ;
#926 = DIRECTION ( 'NONE',  ( -1.156482317317871725E-16, 1.000000000000000000, 0.000000000000000000 ) ) ;
#927 = MECHANICAL_DESIGN_GEOMETRIC_PRESENTATION_REPRESENTATION (  '', ( #782 ), #206 ) ;
#928 = DIRECTION ( 'NONE',  ( -0.000000000000000000, 1.000000000000000000, -0.000000000000000000 ) ) ;
#929 = DIRECTION ( 'NONE',  ( -0.000000000000000000, -0.000000000000000000, 1.000000000000000000 ) ) ;
#930 = CARTESIAN_POINT ( 'NONE',  ( 15.00000000000000178, -4.363439511215300826, 35.89752721011861780 ) ) ;
#931 = ORIENTED_EDGE ( 'NONE', *, *, #884, .F. ) ;
#932 = VECTOR ( 'NONE', #204, 1000.000000000000000 ) ;
#933 = VERTEX_POINT ( 'NONE', #842 ) ;
#934 = CARTESIAN_POINT ( 'NONE',  ( 6.999999999999999112, -10.40906503619670787, 0.000000000000000000 ) ) ;
#935 = CARTESIAN_POINT ( 'NONE',  ( 4.313047325569980828, -1.199130014757193169E-15, 46.00000000000000000 ) ) ;
#936 = CARTESIAN_POINT ( 'NONE',  ( 0.000000000000000000, -15.00000000000000000, 49.99999999999999289 ) ) ;
#937 = EDGE_CURVE ( 'NONE', #1319, #1249, #658, .T. ) ;
#938 = CARTESIAN_POINT ( 'NONE',  ( 6.999999999999999112, -10.40906503619670787, 4.000000000000003553 ) ) ;
#939 = VERTEX_POINT ( 'NONE', #541 ) ;
#940 = DIRECTION ( 'NONE',  ( -1.226123626377233893E-32, 8.762323989079713716E-17, 1.000000000000000000 ) ) ;
#941 = DIRECTION ( 'NONE',  ( 1.000000000000000000, 0.000000000000000000, 0.000000000000000000 ) ) ;
#942 = DIRECTION ( 'NONE',  ( 1.000000000000000000, 1.156482317317871725E-16, 2.127763511791454014E-33 ) ) ;
#943 = ORIENTED_EDGE ( 'NONE', *, *, #447, .F. ) ;
#944 = EDGE_LOOP ( 'NONE', ( #665, #318, #1200, #3 ) ) ;
#945 = LINE ( 'NONE', #827, #505 ) ;
#946 = AXIS2_PLACEMENT_3D ( 'NONE', #1172, #170, #254 ) ;
#947 = CARTESIAN_POINT ( 'NONE',  ( 8.500000000000001776, -10.40906503619670787, 0.000000000000000000 ) ) ;
#948 = EDGE_LOOP ( 'NONE', ( #924, #317, #53, #914, #23, #626, #751, #666, #106, #1296 ) ) ;
#949 = DIRECTION ( 'NONE',  ( 1.000000000000000000, 1.156482317317871725E-16, 2.127763511791454014E-33 ) ) ;
#950 = CIRCLE ( 'NONE', #887, 1.500000000000002220 ) ;
#951 = CARTESIAN_POINT ( 'NONE',  ( 15.00000000000000000, 8.095376221225098130E-16, 4.000000000000003553 ) ) ;
#952 = AXIS2_PLACEMENT_3D ( 'NONE', #746, #313, #302 ) ;
#953 = FACE_OUTER_BOUND ( 'NONE', #1123, .T. ) ;
#954 = EDGE_LOOP ( 'NONE', ( #253, #220, #341, #127 ) ) ;
#955 = EDGE_LOOP ( 'NONE', ( #1014, #1058, #494, #22 ) ) ;
#956 = EDGE_CURVE ( 'NONE', #405, #1319, #1133, .T. ) ;
#957 = AXIS2_PLACEMENT_3D ( 'NONE', #1239, #540, #1034 ) ;
#958 = CARTESIAN_POINT ( 'NONE',  ( 5.499999999999998224, -10.54631294994165103, 47.82728050566504407 ) ) ;
#959 = CARTESIAN_POINT ( 'NONE',  ( 15.00000000000000178, -7.436498017713874198, 38.97058571661720094 ) ) ;
#960 = ORIENTED_EDGE ( 'NONE', *, *, #462, .F. ) ;
#961 = DIRECTION ( 'NONE',  ( 1.000000000000000000, 1.156482317317871725E-16, -0.000000000000000000 ) ) ;
#962 = CARTESIAN_POINT ( 'NONE',  ( 5.790369901602931968, -11.30642116378438722, 47.93191599430890193 ) ) ;
#963 = CARTESIAN_POINT ( 'NONE',  ( 7.000000000000000888, -3.629065036196706728, 4.000000000000003553 ) ) ;
#964 = CARTESIAN_POINT ( 'NONE',  ( 0.000000000000000000, -4.363439511215302602, 16.10000000000000142 ) ) ;
#965 = EDGE_CURVE ( 'NONE', #987, #119, #663, .T. ) ;
#966 = AXIS2_PLACEMENT_3D ( 'NONE', #44, #1165, #352 ) ;
#967 = EDGE_CURVE ( 'NONE', #615, #1211, #360, .T. ) ;
#968 = EDGE_LOOP ( 'NONE', ( #63, #335 ) ) ;
#969 = AXIS2_PLACEMENT_3D ( 'NONE', #1182, #682, #1078 ) ;
#970 = DIRECTION ( 'NONE',  ( 1.000000000000000000, 0.000000000000000000, 0.000000000000000000 ) ) ;
#971 = CIRCLE ( 'NONE', #748, 2.000000000000000000 ) ;
#972 = DIRECTION ( 'NONE',  ( 1.000000000000000000, 1.156482317317871725E-16, 2.127763511791454014E-33 ) ) ;
#973 = DIRECTION ( 'NONE',  ( 1.000000000000000000, 1.156482317317871232E-16, 0.000000000000000000 ) ) ;
#974 = DIRECTION ( 'NONE',  ( -1.000000000000000000, 0.000000000000000000, 0.000000000000000000 ) ) ;
#975 = ORIENTED_EDGE ( 'NONE', *, *, #1122, .F. ) ;
#976 = PLANE ( 'NONE',  #946 ) ;
#977 = LINE ( 'NONE', #1085, #572 ) ;
#978 = CARTESIAN_POINT ( 'NONE',  ( 5.876874405221936826, -9.405333254880265059, 47.95452206254653049 ) ) ;
#979 = EDGE_CURVE ( 'NONE', #134, #1261, #850, .T. ) ;
#980 = CARTESIAN_POINT ( 'NONE',  ( 15.00000000000000000, 0.000000000000000000, 0.000000000000000000 ) ) ;
#981 = ORIENTED_EDGE ( 'NONE', *, *, #132, .T. ) ;
#982 = DIRECTION ( 'NONE',  ( 1.000000000000000000, 1.156482317317871478E-16, -0.000000000000000000 ) ) ;
#983 = CARTESIAN_POINT ( 'NONE',  ( 0.000000000000000000, -7.436498017713874198, 35.89752721011862491 ) ) ;
#984 = VECTOR ( 'NONE', #1036, 1000.000000000000000 ) ;
#985 = DIRECTION ( 'NONE',  ( -0.000000000000000000, -0.000000000000000000, -1.000000000000000000 ) ) ;
#986 = DIRECTION ( 'NONE',  ( -0.000000000000000000, -0.000000000000000000, 1.000000000000000000 ) ) ;
#987 = VERTEX_POINT ( 'NONE', #1050 ) ;
#988 = DIRECTION ( 'NONE',  ( -0.000000000000000000, -0.000000000000000000, 1.000000000000000000 ) ) ;
#989 = CARTESIAN_POINT ( 'NONE',  ( 4.313047325569980828, -4.263895572766155883E-16, 4.000000000000003553 ) ) ;
#990 = LINE ( 'NONE', #73, #150 ) ;
#991 = ORIENTED_EDGE ( 'NONE', *, *, #1072, .T. ) ;
#992 = VECTOR ( 'NONE', #408, 1000.000000000000000 ) ;
#993 = ADVANCED_FACE ( 'NONE', ( #14 ), #859, .T. ) ;
#994 = CARTESIAN_POINT ( 'NONE',  ( 15.00000000000000178, -10.50955652421244757, 35.89752721011861780 ) ) ;
#995 = CARTESIAN_POINT ( 'NONE',  ( 15.00000000000000000, -1.999999999999999556, 2.000000000000001776 ) ) ;
#996 = AXIS2_PLACEMENT_3D ( 'NONE', #1075, #168, #62 ) ;
#997 = SPHERICAL_SURFACE ( 'NONE', #190, 2.000000000000000000 ) ;
#998 = VERTEX_POINT ( 'NONE', #1247 ) ;
#999 = CARTESIAN_POINT ( 'NONE',  ( 2.000000000000000444, -13.00000000000000000, 2.000000000000000000 ) ) ;
#1000 = DIRECTION ( 'NONE',  ( 0.000000000000000000, -1.000000000000000000, 0.000000000000000000 ) ) ;
#1001 = FACE_OUTER_BOUND ( 'NONE', #416, .T. ) ;
#1002 = ORIENTED_EDGE ( 'NONE', *, *, #1173, .T. ) ;
#1003 = ADVANCED_FACE ( 'NONE', ( #953 ), #760, .F. ) ;
#1004 = MANIFOLD_SOLID_BREP ( 'Ô²½Ç7', #141 ) ;
#1005 = PRODUCT_DEFINITION_SHAPE ( 'NONE', 'NONE',  #873 ) ;
#1006 = CARTESIAN_POINT ( 'NONE',  ( 1.734723475976806700E-15, -15.00000000000000000, 2.000000000000000000 ) ) ;
#1007 = EDGE_LOOP ( 'NONE', ( #1186, #1022 ) ) ;
#1008 = CARTESIAN_POINT ( 'NONE',  ( 6.313047325569982604, -15.00000000000000178, 4.000000000000003553 ) ) ;
#1009 = DIRECTION ( 'NONE',  ( -0.000000000000000000, -0.000000000000000000, 1.000000000000000000 ) ) ;
#1010 = DIRECTION ( 'NONE',  ( 0.000000000000000000, 0.000000000000000000, -1.000000000000000000 ) ) ;
#1011 = ORIENTED_EDGE ( 'NONE', *, *, #740, .F. ) ;
#1012 = CIRCLE ( 'NONE', #1297, 1.500000000000002220 ) ;
#1013 = VECTOR ( 'NONE', #926, 1000.000000000000000 ) ;
#1014 = ORIENTED_EDGE ( 'NONE', *, *, #791, .F. ) ;
#1015 = DIRECTION ( 'NONE',  ( -1.000000000000000000, -0.000000000000000000, -0.000000000000000000 ) ) ;
#1016 = FACE_OUTER_BOUND ( 'NONE', #715, .T. ) ;
#1017 = CARTESIAN_POINT ( 'NONE',  ( 4.313047325569982604, -15.00000000000000178, 6.000000000000005329 ) ) ;
#1018 = DIRECTION ( 'NONE',  ( 1.156482317317871478E-16, -1.000000000000000000, 0.000000000000000000 ) ) ;
#1019 = EDGE_CURVE ( 'NONE', #744, #1223, #145, .T. ) ;
#1020 = CARTESIAN_POINT ( 'NONE',  ( 5.500000000000004441, -3.629065036196706728, 47.82728050566504407 ) ) ;
#1021 = CARTESIAN_POINT ( 'NONE',  ( 0.000000000000000000, 0.000000000000000000, 52.00000000000000000 ) ) ;
#1022 = ORIENTED_EDGE ( 'NONE', *, *, #1176, .T. ) ;
#1023 = ORIENTED_EDGE ( 'NONE', *, *, #84, .T. ) ;
#1024 = VECTOR ( 'NONE', #883, 1000.000000000000000 ) ;
#1025 = CARTESIAN_POINT ( 'NONE',  ( 5.648840489056717651, -4.294512983563551600, 47.88794077685729178 ) ) ;
#1026 = DIRECTION ( 'NONE',  ( 1.000000000000000000, 1.156482317317871478E-16, -0.000000000000000000 ) ) ;
#1027 = DIRECTION ( 'NONE',  ( 1.000000000000000000, 0.000000000000000000, 0.000000000000000000 ) ) ;
#1028 = AXIS2_PLACEMENT_3D ( 'NONE', #554, #453, #685 ) ;
#1029 = ORIENTED_EDGE ( 'NONE', *, *, #1032, .T. ) ;
#1030 = ORIENTED_EDGE ( 'NONE', *, *, #1188, .F. ) ;
#1031 = CARTESIAN_POINT ( 'NONE',  ( 4.313047325569986157, -4.363439511215302602, 16.10000000000000142 ) ) ;
#1032 = EDGE_CURVE ( 'NONE', #1051, #119, #950, .T. ) ;
#1033 = DIRECTION ( 'NONE',  ( 1.000000000000000000, 1.156482317317871232E-16, 0.000000000000000000 ) ) ;
#1034 = DIRECTION ( 'NONE',  ( 0.000000000000000000, 0.000000000000000000, -1.000000000000000000 ) ) ;
#1035 = DIRECTION ( 'NONE',  ( 0.000000000000000000, -0.000000000000000000, 1.000000000000000000 ) ) ;
#1036 = DIRECTION ( 'NONE',  ( -0.000000000000000000, -0.000000000000000000, 1.000000000000000000 ) ) ;
#1037 = ORIENTED_EDGE ( 'NONE', *, *, #530, .F. ) ;
#1038 = VECTOR ( 'NONE', #815, 1000.000000000000000 ) ;
#1039 = ORIENTED_EDGE ( 'NONE', *, *, #1246, .T. ) ;
#1040 = CARTESIAN_POINT ( 'NONE',  ( 1.503427012513232552E-15, -13.00000000000000000, 2.000000000000000000 ) ) ;
#1041 = CARTESIAN_POINT ( 'NONE',  ( 5.877164386150935727, -4.633062749823023019, 47.95457011541654424 ) ) ;
#1042 = CARTESIAN_POINT ( 'NONE',  ( 15.00000000000000178, -10.50955652421244579, 16.10000000000000142 ) ) ;
#1043 = ORIENTED_EDGE ( 'NONE', *, *, #644, .T. ) ;
#1044 = ORIENTED_EDGE ( 'NONE', *, *, #499, .T. ) ;
#1045 = CARTESIAN_POINT ( 'NONE',  ( 6.077974832543905137, -4.820181395352181930, 4.011245557528888561 ) ) ;
#1046 = ORIENTED_EDGE ( 'NONE', *, *, #410, .F. ) ;
#1047 = EDGE_CURVE ( 'NONE', #744, #939, #468, .T. ) ;
#1048 = PLANE ( 'NONE',  #576 ) ;
#1049 = EDGE_CURVE ( 'NONE', #1250, #8, #484, .T. ) ;
#1050 = CARTESIAN_POINT ( 'NONE',  ( 8.500000000000001776, -10.40906503619670787, 0.000000000000000000 ) ) ;
#1051 = VERTEX_POINT ( 'NONE', #687 ) ;
#1052 = ORIENTED_EDGE ( 'NONE', *, *, #1267, .F. ) ;
#1053 = ORIENTED_EDGE ( 'NONE', *, *, #893, .F. ) ;
#1054 = CARTESIAN_POINT ( 'NONE',  ( 5.877164386150932174, -11.41306274982303215, 47.95457011541655845 ) ) ;
#1055 = VECTOR ( 'NONE', #774, 1000.000000000000000 ) ;
#1056 = DIRECTION ( 'NONE',  ( -2.168404344971008868E-16, 1.000000000000000000, 0.000000000000000000 ) ) ;
#1057 = SURFACE_SIDE_STYLE ('',( #348 ) ) ;
#1058 = ORIENTED_EDGE ( 'NONE', *, *, #1116, .F. ) ;
#1059 = EDGE_LOOP ( 'NONE', ( #548, #1281, #80, #752 ) ) ;
#1060 = AXIS2_PLACEMENT_3D ( 'NONE', #901, #1215, #503 ) ;
#1061 = CARTESIAN_POINT ( 'NONE',  ( 2.000000000000000444, -13.00000000000000000, 49.99999999999999289 ) ) ;
#1062 = EDGE_CURVE ( 'NONE', #987, #1115, #488, .T. ) ;
#1063 = DIRECTION ( 'NONE',  ( 0.000000000000000000, 0.000000000000000000, 1.000000000000000000 ) ) ;
#1064 = EDGE_CURVE ( 'NONE', #653, #287, #78, .T. ) ;
#1065 = CARTESIAN_POINT ( 'NONE',  ( 4.313047325569981716, -10.50955652421244402, -9.208813924669591849E-16 ) ) ;
#1066 = ORIENTED_EDGE ( 'NONE', *, *, #48, .F. ) ;
#1067 = CARTESIAN_POINT ( 'NONE',  ( 5.499999999999996447, -10.54639278179087647, 4.172719494334961254 ) ) ;
#1068 = CARTESIAN_POINT ( 'NONE',  ( 6.313047325569980828, -2.295612366210465272, 4.000000000000003553 ) ) ;
#1069 = ORIENTED_EDGE ( 'NONE', *, *, #1072, .F. ) ;
#1070 = AXIS2_PLACEMENT_3D ( 'NONE', #934, #431, #840 ) ;
#1071 = DIRECTION ( 'NONE',  ( 0.000000000000000000, 0.000000000000000000, 1.000000000000000000 ) ) ;
#1072 = EDGE_CURVE ( 'NONE', #618, #175, #251, .T. ) ;
#1073 = LINE ( 'NONE', #1293, #1024 ) ;
#1074 = DIRECTION ( 'NONE',  ( -0.000000000000000000, -0.000000000000000000, 1.000000000000000000 ) ) ;
#1075 = CARTESIAN_POINT ( 'NONE',  ( 7.000000000000000888, -3.629065036196706728, 0.000000000000000000 ) ) ;
#1076 = VECTOR ( 'NONE', #852, 1000.000000000000000 ) ;
#1077 = AXIS2_PLACEMENT_3D ( 'NONE', #123, #731, #25 ) ;
#1078 = DIRECTION ( 'NONE',  ( 0.000000000000000000, 0.000000000000000000, -1.000000000000000000 ) ) ;
#1079 = AXIS2_PLACEMENT_3D ( 'NONE', #1154, #420, #643 ) ;
#1080 = DIRECTION ( 'NONE',  ( -1.000000000000000000, 0.000000000000000000, 0.000000000000000000 ) ) ;
#1081 = CYLINDRICAL_SURFACE ( 'NONE', #1276, 1.500000000000003109 ) ;
#1082 = DIRECTION ( 'NONE',  ( 0.000000000000000000, 0.000000000000000000, 1.000000000000000000 ) ) ;
#1083 = ORIENTED_EDGE ( 'NONE', *, *, #323, .T. ) ;
#1084 = FACE_OUTER_BOUND ( 'NONE', #111, .T. ) ;
#1085 = CARTESIAN_POINT ( 'NONE',  ( 0.000000000000000000, -2.000000000000000000, 52.00000000000000000 ) ) ;
#1086 = DIRECTION ( 'NONE',  ( 1.000000000000000000, 1.156482317317871478E-16, -0.000000000000000000 ) ) ;
#1087 = LINE ( 'NONE', #593, #767 ) ;
#1088 = ADVANCED_FACE ( 'NONE', ( #788 ), #1275, .F. ) ;
#1089 = CARTESIAN_POINT ( 'NONE',  ( 5.876874405221941267, -2.625333254880270584, 47.95452206254653049 ) ) ;
#1090 = DIRECTION ( 'NONE',  ( 0.000000000000000000, 0.000000000000000000, 1.000000000000000000 ) ) ;
#1091 = EDGE_LOOP ( 'NONE', ( #1290, #566, #1311, #891, #219, #728, #1083, #281, #886, #1149 ) ) ;
#1092 = VECTOR ( 'NONE', #569, 1000.000000000000000 ) ;
#1093 = DIRECTION ( 'NONE',  ( 1.156482317317871232E-16, -1.000000000000000000, -0.000000000000000000 ) ) ;
#1094 = CARTESIAN_POINT ( 'NONE',  ( 8.499999999999998224, -3.629065036196706728, 4.000000000000003553 ) ) ;
#1095 = ORIENTED_EDGE ( 'NONE', *, *, #967, .F. ) ;
#1096 = CARTESIAN_POINT ( 'NONE',  ( 6.313047325569980828, -2.295612366210465272, 48.00000000000000000 ) ) ;
#1097 = DIRECTION ( 'NONE',  ( -0.000000000000000000, -0.000000000000000000, 1.000000000000000000 ) ) ;
#1098 = LINE ( 'NONE', #1006, #1214 ) ;
#1099 = CARTESIAN_POINT ( 'NONE',  ( 6.313047325569981716, -11.74251770618295510, 4.000000000000003553 ) ) ;
#1100 = AXIS2_PLACEMENT_3D ( 'NONE', #391, #193, #88 ) ;
#1101 = EDGE_CURVE ( 'NONE', #702, #796, #1193, .T. ) ;
#1102 = CARTESIAN_POINT ( 'NONE',  ( 4.313047325569982604, -15.00000000000000000, 46.00000000000000711 ) ) ;
#1103 = ORIENTED_EDGE ( 'NONE', *, *, #205, .T. ) ;
#1104 = ADVANCED_FACE ( 'NONE', ( #51 ), #570, .F. ) ;
#1105 = CARTESIAN_POINT ( 'NONE',  ( 15.00000000000000000, 0.000000000000000000, 52.00000000000000000 ) ) ;
#1106 = CARTESIAN_POINT ( 'NONE',  ( 15.00000000000000000, 0.000000000000000000, 48.00000000000000000 ) ) ;
#1107 = ORIENTED_EDGE ( 'NONE', *, *, #499, .F. ) ;
#1108 = FACE_OUTER_BOUND ( 'NONE', #1059, .T. ) ;
#1109 = FACE_OUTER_BOUND ( 'NONE', #469, .T. ) ;
#1110 = AXIS2_PLACEMENT_3D ( 'NONE', #1040, #535, #1156 ) ;
#1111 = DIRECTION ( 'NONE',  ( -0.000000000000000000, 1.000000000000000000, 0.000000000000000000 ) ) ;
#1112 = ORIENTED_EDGE ( 'NONE', *, *, #310, .T. ) ;
#1113 = CARTESIAN_POINT ( 'NONE',  ( 5.790369901602934632, -2.731708908609032260, 4.068084005691097182 ) ) ;
#1114 = EDGE_LOOP ( 'NONE', ( #559, #818, #567, #1112 ) ) ;
#1115 = VERTEX_POINT ( 'NONE', #479 ) ;
#1116 = EDGE_CURVE ( 'NONE', #293, #1268, #57, .T. ) ;
#1117 = FACE_OUTER_BOUND ( 'NONE', #955, .T. ) ;
#1118 = LINE ( 'NONE', #102, #932 ) ;
#1119 = DIRECTION ( 'NONE',  ( -1.000000000000000000, 0.000000000000000000, -0.000000000000000000 ) ) ;
#1120 = AXIS2_PLACEMENT_3D ( 'NONE', #157, #982, #877 ) ;
#1121 = EDGE_LOOP ( 'NONE', ( #521, #853, #1095, #213, #761 ) ) ;
#1122 = EDGE_CURVE ( 'NONE', #1177, #233, #269, .T. ) ;
#1123 = EDGE_LOOP ( 'NONE', ( #191, #183, #1002, #43 ) ) ;
#1124 = PRESENTATION_LAYER_ASSIGNMENT (  '', '', ( #782 ) ) ;
#1125 = AXIS2_PLACEMENT_3D ( 'NONE', #1238, #321, #1132 ) ;
#1126 = ORIENTED_EDGE ( 'NONE', *, *, #790, .T. ) ;
#1127 = FACE_BOUND ( 'NONE', #1222, .T. ) ;
#1128 = CARTESIAN_POINT ( 'NONE',  ( 5.499999999999997335, -10.40906503619670787, 4.172719494334961254 ) ) ;
#1129 = AXIS2_PLACEMENT_3D ( 'NONE', #885, #780, #257 ) ;
#1130 = ORIENTED_EDGE ( 'NONE', *, *, #1191, .T. ) ;
#1131 = DIRECTION ( 'NONE',  ( 0.000000000000000000, 8.762323989079713716E-17, 1.000000000000000000 ) ) ;
#1132 = DIRECTION ( 'NONE',  ( -1.000000000000000000, 0.000000000000000000, 0.000000000000000000 ) ) ;
#1133 = LINE ( 'NONE', #20, #509 ) ;
#1134 = ADVANCED_FACE ( 'NONE', ( #357 ), #1181, .T. ) ;
#1135 = VERTEX_POINT ( 'NONE', #1068 ) ;
#1136 = ORIENTED_EDGE ( 'NONE', *, *, #1267, .T. ) ;
#1137 = CIRCLE ( 'NONE', #202, 2.000000000000000444 ) ;
#1138 = CYLINDRICAL_SURFACE ( 'NONE', #97, 3.073058506498575593 ) ;
#1139 = SURFACE_STYLE_FILL_AREA ( #109 ) ;
#1140 = CIRCLE ( 'NONE', #1070, 1.500000000000003109 ) ;
#1141 =( NAMED_UNIT ( * ) SI_UNIT ( $, .STERADIAN. ) SOLID_ANGLE_UNIT ( ) );
#1142 = CIRCLE ( 'NONE', #356, 3.073058506498575593 ) ;
#1143 = VERTEX_POINT ( 'NONE', #588 ) ;
#1144 = VERTEX_POINT ( 'NONE', #1295 ) ;
#1145 = DIRECTION ( 'NONE',  ( 0.000000000000000000, 1.000000000000000000, -8.762323989079713716E-17 ) ) ;
#1146 = CARTESIAN_POINT ( 'NONE',  ( 8.673617379884035472E-16, -13.00000000000000000, 2.000000000000000000 ) ) ;
#1147 = DIRECTION ( 'NONE',  ( 1.000000000000000000, 0.000000000000000000, -0.000000000000000000 ) ) ;
#1148 = DIRECTION ( 'NONE',  ( -1.000000000000000000, -0.000000000000000000, -0.000000000000000000 ) ) ;
#1149 = ORIENTED_EDGE ( 'NONE', *, *, #397, .T. ) ;
#1150 = VERTEX_POINT ( 'NONE', #876 ) ;
#1151 = CARTESIAN_POINT ( 'NONE',  ( 5.593717393958259620, -4.168719729679824404, 4.133401851973019347 ) ) ;
#1152 = EDGE_CURVE ( 'NONE', #925, #653, #577, .T. ) ;
#1153 = CARTESIAN_POINT ( 'NONE',  ( 6.999999999999999112, -10.40906503619670787, 0.000000000000000000 ) ) ;
#1154 = CARTESIAN_POINT ( 'NONE',  ( 4.313047325569982604, -15.00000000000000178, 4.000000000000003553 ) ) ;
#1155 = DIRECTION ( 'NONE',  ( -1.000000000000000000, -1.156482317317871232E-16, 0.000000000000000000 ) ) ;
#1156 = DIRECTION ( 'NONE',  ( -1.156482317317871232E-16, 1.000000000000000000, 0.000000000000000000 ) ) ;
#1157 = VERTEX_POINT ( 'NONE', #964 ) ;
#1158 = ORIENTED_EDGE ( 'NONE', *, *, #86, .T. ) ;
#1159 = DIRECTION ( 'NONE',  ( 1.000000000000000000, 0.000000000000000000, 0.000000000000000000 ) ) ;
#1160 = DIRECTION ( 'NONE',  ( 0.000000000000000000, 0.000000000000000000, 1.000000000000000000 ) ) ;
#1161 = LINE ( 'NONE', #582, #1092 ) ;
#1162 = FACE_OUTER_BOUND ( 'NONE', #1091, .T. ) ;
#1163 = EDGE_LOOP ( 'NONE', ( #905, #6, #594, #898, #142, #411 ) ) ;
#1164 = ADVANCED_FACE ( 'NONE', ( #1289 ), #262, .F. ) ;
#1165 = DIRECTION ( 'NONE',  ( -1.156482317317871725E-16, 1.000000000000000000, 0.000000000000000000 ) ) ;
#1166 = EDGE_CURVE ( 'NONE', #405, #194, #583, .T. ) ;
#1167 = DIRECTION ( 'NONE',  ( -0.000000000000000000, -0.000000000000000000, 1.000000000000000000 ) ) ;
#1168 = CARTESIAN_POINT ( 'NONE',  ( 5.648555048841222614, -9.743982850744243862, 47.88786451010582113 ) ) ;
#1169 = DIRECTION ( 'NONE',  ( 0.000000000000000000, 0.000000000000000000, -1.000000000000000000 ) ) ;
#1170 = ORIENTED_EDGE ( 'NONE', *, *, #631, .F. ) ;
#1171 = AXIS2_PLACEMENT_3D ( 'NONE', #1280, #769, #880 ) ;
#1172 = CARTESIAN_POINT ( 'NONE',  ( 15.00000000000000000, 0.000000000000000000, 52.00000000000000000 ) ) ;
#1173 = EDGE_CURVE ( 'NONE', #506, #998, #1087, .T. ) ;
#1174 = CARTESIAN_POINT ( 'NONE',  ( 5.499999999999997335, -10.40906503619670787, 47.82728050566504407 ) ) ;
#1175 = CARTESIAN_POINT ( 'NONE',  ( 6.999999999999999112, -10.40906503619670787, 0.000000000000000000 ) ) ;
#1176 = EDGE_CURVE ( 'NONE', #1211, #615, #1213, .T. ) ;
#1177 = VERTEX_POINT ( 'NONE', #1323 ) ;
#1178 = CARTESIAN_POINT ( 'NONE',  ( 4.313047325569980828, 4.987962965776820874E-16, 46.00000000000000000 ) ) ;
#1179 = DIRECTION ( 'NONE',  ( 0.000000000000000000, 1.000000000000000000, 0.000000000000000000 ) ) ;
#1180 = CARTESIAN_POINT ( 'NONE',  ( 5.791263208861260559, -9.510347539334429001, 47.93218108103247488 ) ) ;
#1181 = SPHERICAL_SURFACE ( 'NONE', #603, 2.000000000000000000 ) ;
#1182 = CARTESIAN_POINT ( 'NONE',  ( 6.313047325569980828, 0.000000000000000000, 6.000000000000003553 ) ) ;
#1183 = CARTESIAN_POINT ( 'NONE',  ( 0.000000000000000000, 0.000000000000000000, 49.99999999999999289 ) ) ;
#1184 = CARTESIAN_POINT ( 'NONE',  ( 5.791263208861259670, -11.30778253305898673, 4.067818918967544661 ) ) ;
#1185 = CARTESIAN_POINT ( 'NONE',  ( 8.499999999999996447, -3.629065036196706728, 0.000000000000000000 ) ) ;
#1186 = ORIENTED_EDGE ( 'NONE', *, *, #967, .T. ) ;
#1187 = CIRCLE ( 'NONE', #11, 1.999999999999999556 ) ;
#1188 = EDGE_CURVE ( 'NONE', #8, #105, #895, .T. ) ;
#1189 = AXIS2_PLACEMENT_3D ( 'NONE', #292, #491, #297 ) ;
#1190 = DIRECTION ( 'NONE',  ( 1.000000000000000000, 0.000000000000000000, 0.000000000000000000 ) ) ;
#1191 = EDGE_CURVE ( 'NONE', #933, #175, #561, .T. ) ;
#1192 = FACE_OUTER_BOUND ( 'NONE', #597, .T. ) ;
#1193 = LINE ( 'NONE', #68, #856 ) ;
#1194 = ORIENTED_EDGE ( 'NONE', *, *, #979, .T. ) ;
#1195 = CARTESIAN_POINT ( 'NONE',  ( 5.648555048841226167, -2.963982850744250719, 47.88786451010582113 ) ) ;
#1196 = DIRECTION ( 'NONE',  ( 0.000000000000000000, -1.000000000000000000, 0.000000000000000000 ) ) ;
#1197 = EDGE_LOOP ( 'NONE', ( #960, #770, #556, #1302, #1066, #605, #819, #601, #30, #911 ) ) ;
#1198 = FACE_OUTER_BOUND ( 'NONE', #1114, .T. ) ;
#1199 = CARTESIAN_POINT ( 'NONE',  ( 5.593361812160623003, -9.870648294311783033, 4.133546764203817503 ) ) ;
#1200 = ORIENTED_EDGE ( 'NONE', *, *, #893, .T. ) ;
#1201 = AXIS2_PLACEMENT_3D ( 'NONE', #60, #972, #1179 ) ;
#1202 = EDGE_CURVE ( 'NONE', #1150, #1177, #913, .T. ) ;
#1203 = CARTESIAN_POINT ( 'NONE',  ( 5.499999999999997335, -10.40906503619670787, 47.82728050566504407 ) ) ;
#1204 = VECTOR ( 'NONE', #362, 1000.000000000000000 ) ;
#1205 = CARTESIAN_POINT ( 'NONE',  ( 15.00000000000000178, -7.436498017713874198, 35.89752721011862491 ) ) ;
#1206 = ADVANCED_FACE ( 'NONE', ( #608 ), #714, .T. ) ;
#1207 = LINE ( 'NONE', #384, #766 ) ;
#1208 = CARTESIAN_POINT ( 'NONE',  ( 1.999999999999999556, 0.000000000000000000, 2.000000000000000000 ) ) ;
#1209 = VERTEX_POINT ( 'NONE', #1094 ) ;
#1210 = LINE ( 'NONE', #288, #440 ) ;
#1211 = VERTEX_POINT ( 'NONE', #726 ) ;
#1212 = CARTESIAN_POINT ( 'NONE',  ( 0.000000000000000000, -15.00000000000000000, 52.00000000000000000 ) ) ;
#1213 = CIRCLE ( 'NONE', #425, 1.500000000000002220 ) ;
#1214 = VECTOR ( 'NONE', #398, 1000.000000000000000 ) ;
#1215 = DIRECTION ( 'NONE',  ( -0.000000000000000000, -0.000000000000000000, -1.000000000000000000 ) ) ;
#1216 = ORIENTED_EDGE ( 'NONE', *, *, #979, .F. ) ;
#1217 = CARTESIAN_POINT ( 'NONE',  ( 15.00000000000000178, -12.99999999999999467, 0.000000000000000000 ) ) ;
#1218 = EDGE_CURVE ( 'NONE', #1144, #99, #402, .T. ) ;
#1219 = ORIENTED_EDGE ( 'NONE', *, *, #383, .T. ) ;
#1220 = CARTESIAN_POINT ( 'NONE',  ( 6.313047325569982604, -15.00000000000000000, 46.00000000000000000 ) ) ;
#1221 = CARTESIAN_POINT ( 'NONE',  ( 6.077634803431418931, -9.218261245115364488, 4.011302130192611948 ) ) ;
#1222 = EDGE_LOOP ( 'NONE', ( #838, #485 ) ) ;
#1223 = VERTEX_POINT ( 'NONE', #809 ) ;
#1224 = PLANE ( 'NONE',  #952 ) ;
#1225 = DIRECTION ( 'NONE',  ( 0.000000000000000000, 0.000000000000000000, -1.000000000000000000 ) ) ;
#1226 = CIRCLE ( 'NONE', #245, 3.073058506498575593 ) ;
#1227 = VERTEX_POINT ( 'NONE', #823 ) ;
#1228 = VERTEX_POINT ( 'NONE', #720 ) ;
#1229 = AXIS2_PLACEMENT_3D ( 'NONE', #1175, #1082, #871 ) ;
#1230 = ORIENTED_EDGE ( 'NONE', *, *, #1277, .F. ) ;
#1231 = CARTESIAN_POINT ( 'NONE',  ( 1.999999999999999556, -1.999999999999999556, 49.99999999999999289 ) ) ;
#1232 = CARTESIAN_POINT ( 'NONE',  ( 15.00000000000000178, -12.99999999999999822, 49.99999999999999289 ) ) ;
#1233 = EDGE_CURVE ( 'NONE', #1051, #549, #1274, .T. ) ;
#1234 = COLOUR_RGB ( '',1.000000000000000000, 1.000000000000000000, 1.000000000000000000 ) ;
#1235 = DIRECTION ( 'NONE',  ( -1.000000000000000000, -1.156482317317871232E-16, 0.000000000000000000 ) ) ;
#1236 = ORIENTED_EDGE ( 'NONE', *, *, #1246, .F. ) ;
#1237 = ORIENTED_EDGE ( 'NONE', *, *, #1062, .F. ) ;
#1238 = CARTESIAN_POINT ( 'NONE',  ( 2.000000000000000000, -13.00000000000000000, 52.00000000000000000 ) ) ;
#1239 = CARTESIAN_POINT ( 'NONE',  ( 6.313047325569980828, 0.000000000000000000, 46.00000000000000000 ) ) ;
#1240 = DIRECTION ( 'NONE',  ( -0.000000000000000000, 0.000000000000000000, 1.000000000000000000 ) ) ;
#1241 = CARTESIAN_POINT ( 'NONE',  ( 15.00000000000000178, -14.99999999999999822, 49.99999999999999289 ) ) ;
#1242 = FACE_OUTER_BOUND ( 'NONE', #436, .T. ) ;
#1243 = ADVANCED_FACE ( 'NONE', ( #1001 ), #997, .T. ) ;
#1244 = CARTESIAN_POINT ( 'NONE',  ( 7.000000000000000888, -3.629065036196706728, 52.00000000000000000 ) ) ;
#1245 =( NAMED_UNIT ( * ) SI_UNIT ( $, .STERADIAN. ) SOLID_ANGLE_UNIT ( ) );
#1246 = EDGE_CURVE ( 'NONE', #796, #1325, #990, .T. ) ;
#1247 = CARTESIAN_POINT ( 'NONE',  ( 0.000000000000000000, -10.50955652421244757, 35.89752721011861780 ) ) ;
#1248 = VERTEX_POINT ( 'NONE', #600 ) ;
#1249 = VERTEX_POINT ( 'NONE', #705 ) ;
#1250 = VERTEX_POINT ( 'NONE', #1102 ) ;
#1251 = AXIS2_PLACEMENT_3D ( 'NONE', #218, #1255, #231 ) ;
#1252 = AXIS2_PLACEMENT_3D ( 'NONE', #450, #147, #568 ) ;
#1253 = DIRECTION ( 'NONE',  ( 0.000000000000000000, 0.000000000000000000, -1.000000000000000000 ) ) ;
#1254 =( NAMED_UNIT ( * ) PLANE_ANGLE_UNIT ( ) SI_UNIT ( $, .RADIAN. ) );
#1255 = DIRECTION ( 'NONE',  ( 0.000000000000000000, 0.000000000000000000, -1.000000000000000000 ) ) ;
#1256 =( GEOMETRIC_REPRESENTATION_CONTEXT ( 3 ) GLOBAL_UNCERTAINTY_ASSIGNED_CONTEXT ( ( #718 ) ) GLOBAL_UNIT_ASSIGNED_CONTEXT ( ( #124, #1254, #131 ) ) REPRESENTATION_CONTEXT ( 'NONE', 'WORKASPACE' ) );
#1257 =( GEOMETRIC_REPRESENTATION_CONTEXT ( 3 ) GLOBAL_UNCERTAINTY_ASSIGNED_CONTEXT ( ( #1326 ) ) GLOBAL_UNIT_ASSIGNED_CONTEXT ( ( #849, #732, #1245 ) ) REPRESENTATION_CONTEXT ( 'NONE', 'WORKASPACE' ) );
#1258 = LINE ( 'NONE', #844, #984 ) ;
#1259 = ORIENTED_EDGE ( 'NONE', *, *, #836, .F. ) ;
#1260 = AXIS2_PLACEMENT_3D ( 'NONE', #922, #942, #831 ) ;
#1261 = VERTEX_POINT ( 'NONE', #198 ) ;
#1262 = DIRECTION ( 'NONE',  ( -0.000000000000000000, -0.000000000000000000, 1.000000000000000000 ) ) ;
#1263 = CARTESIAN_POINT ( 'NONE',  ( 8.673617379884035472E-16, 0.000000000000000000, 2.000000000000000000 ) ) ;
#1264 = APPLICATION_PROTOCOL_DEFINITION ( 'draft international standard', 'automotive_design', 1998, #138 ) ;
#1265 = CARTESIAN_POINT ( 'NONE',  ( 4.313047325569984380, -4.363439511215300826, 35.89752721011861780 ) ) ;
#1266 = FILL_AREA_STYLE_COLOUR ( '', #33 ) ;
#1267 = EDGE_CURVE ( 'NONE', #523, #933, #1118, .T. ) ;
#1268 = VERTEX_POINT ( 'NONE', #1307 ) ;
#1269 = EDGE_LOOP ( 'NONE', ( #98, #1037, #730, #1011, #1219 ) ) ;
#1270 = ORIENTED_EDGE ( 'NONE', *, *, #806, .F. ) ;
#1271 = CARTESIAN_POINT ( 'NONE',  ( 5.593361812160622115, -10.94748177808163270, 47.86645323579620026 ) ) ;
#1272 = AXIS2_PLACEMENT_3D ( 'NONE', #55, #470, #777 ) ;
#1273 = DIRECTION ( 'NONE',  ( 1.000000000000000000, 0.000000000000000000, 0.000000000000000000 ) ) ;
#1274 = B_SPLINE_CURVE_WITH_KNOTS ( 'NONE', 3,
 ( #186, #614, #1221, #511, #795, #1301, #1199, #303, #385, #1128 ),
 .UNSPECIFIED., .F., .F.,
 ( 4, 2, 2, 2, 4 ),
 ( 0.000000000000000000, 0.0004111781349409228013, 0.0008223562698818456026, 0.001233534404822768295, 0.001644712539763691205 ),
 .UNSPECIFIED. ) ;
#1275 = CYLINDRICAL_SURFACE ( 'NONE', #1129, 2.000000000000000000 ) ;
#1276 = AXIS2_PLACEMENT_3D ( 'NONE', #759, #1074, #1273 ) ;
#1277 = EDGE_CURVE ( 'NONE', #358, #293, #82, .T. ) ;
#1278 = LINE ( 'NONE', #242, #1204 ) ;
#1279 = ADVANCED_FACE ( 'NONE', ( #623 ), #496, .T. ) ;
#1280 = CARTESIAN_POINT ( 'NONE',  ( 4.313047325569980828, -7.436498017713874198, 16.10000000000000142 ) ) ;
#1281 = ORIENTED_EDGE ( 'NONE', *, *, #343, .T. ) ;
#1282 = CARTESIAN_POINT ( 'NONE',  ( 2.000000000000000444, -1.999999999999999556, 52.00000000000000000 ) ) ;
#1283 = CARTESIAN_POINT ( 'NONE',  ( 6.077974832543901584, -9.217948677041224670, 47.98875444247111943 ) ) ;
#1284 = DIRECTION ( 'NONE',  ( 1.000000000000000000, 0.000000000000000000, 0.000000000000000000 ) ) ;
#1285 = CIRCLE ( 'NONE', #1260, 3.073058506498573372 ) ;
#1286 = DIRECTION ( 'NONE',  ( -0.000000000000000000, -0.000000000000000000, 1.000000000000000000 ) ) ;
#1287 = DIRECTION ( 'NONE',  ( -1.000000000000000000, 0.000000000000000000, 0.000000000000000000 ) ) ;
#1288 = EDGE_CURVE ( 'NONE', #293, #429, #787, .T. ) ;
#1289 = FACE_OUTER_BOUND ( 'NONE', #1327, .T. ) ;
#1290 = ORIENTED_EDGE ( 'NONE', *, *, #76, .F. ) ;
#1291 = ADVANCED_FACE ( 'NONE', ( #1016 ), #223, .F. ) ;
#1292 = CIRCLE ( 'NONE', #301, 1.499999999999996225 ) ;
#1293 = CARTESIAN_POINT ( 'NONE',  ( 6.313047325569980828, -1.004630715935550958E-15, 48.00000000000000000 ) ) ;
#1294 = DIRECTION ( 'NONE',  ( 1.156482317317871725E-16, -1.000000000000000000, -0.000000000000000000 ) ) ;
#1295 = CARTESIAN_POINT ( 'NONE',  ( 2.000000000000000444, -13.00000000000000000, 52.00000000000000000 ) ) ;
#1296 = ORIENTED_EDGE ( 'NONE', *, *, #320, .F. ) ;
#1297 = AXIS2_PLACEMENT_3D ( 'NONE', #894, #490, #502 ) ;
#1298 = AXIS2_PLACEMENT_3D ( 'NONE', #1244, #101, #222 ) ;
#1299 = LINE ( 'NONE', #1183, #694 ) ;
#1300 = PLANE ( 'NONE',  #166 ) ;
#1301 = CARTESIAN_POINT ( 'NONE',  ( 5.648840489056710545, -9.743617088829861217, 4.112059223142735753 ) ) ;
#1302 = ORIENTED_EDGE ( 'NONE', *, *, #602, .F. ) ;
#1303 = EDGE_CURVE ( 'NONE', #99, #358, #252, .T. ) ;
#1304 = EDGE_CURVE ( 'NONE', #429, #1261, #532, .T. ) ;
#1305 = CARTESIAN_POINT ( 'NONE',  ( 5.499999999999997335, -10.40906503619670787, 0.000000000000000000 ) ) ;
#1306 = CARTESIAN_POINT ( 'NONE',  ( 0.000000000000000000, 0.000000000000000000, 52.00000000000000000 ) ) ;
#1307 = CARTESIAN_POINT ( 'NONE',  ( 2.000000000000000888, -15.00000000000000000, 2.000000000000000000 ) ) ;
#1308 = ORIENTED_EDGE ( 'NONE', *, *, #1173, .F. ) ;
#1309 = PRODUCT_DEFINITION_CONTEXT ( 'detailed design', #899, 'design' ) ;
#1310 = CARTESIAN_POINT ( 'NONE',  ( 8.500000000000001776, -10.40906503619670787, 48.00000000000000000 ) ) ;
#1311 = ORIENTED_EDGE ( 'NONE', *, *, #660, .T. ) ;
#1312 = VECTOR ( 'NONE', #344, 1000.000000000000000 ) ;
#1313 = CARTESIAN_POINT ( 'NONE',  ( 15.00000000000000178, -14.99999999999999822, 48.00000000000000000 ) ) ;
#1314 = DIRECTION ( 'NONE',  ( -1.000000000000000000, 0.000000000000000000, 0.000000000000000000 ) ) ;
#1315 = ORIENTED_EDGE ( 'NONE', *, *, #17, .F. ) ;
#1316 = EDGE_CURVE ( 'NONE', #528, #1177, #210, .T. ) ;
#1317 = CIRCLE ( 'NONE', #334, 2.000000000000000444 ) ;
#1318 = DIRECTION ( 'NONE',  ( 1.156482317317871232E-16, -1.000000000000000000, -0.000000000000000000 ) ) ;
#1319 = VERTEX_POINT ( 'NONE', #37 ) ;
#1320 = CARTESIAN_POINT ( 'NONE',  ( 6.313047325569980828, -2.295612366210465272, 4.000000000000003553 ) ) ;
#1321 = ORIENTED_EDGE ( 'NONE', *, *, #965, .T. ) ;
#1322 = FACE_OUTER_BOUND ( 'NONE', #16, .T. ) ;
#1323 = CARTESIAN_POINT ( 'NONE',  ( 6.313047325569980828, -1.004630715935550958E-15, 48.00000000000000000 ) ) ;
#1324 = CARTESIAN_POINT ( 'NONE',  ( 5.500000000000004441, -3.629065036196706728, 4.172719494334957702 ) ) ;
#1325 = VERTEX_POINT ( 'NONE', #452 ) ;
#1326 = UNCERTAINTY_MEASURE_WITH_UNIT (LENGTH_MEASURE( 1.000000000000000082E-05 ), #849, 'distance_accuracy_value', 'NONE');
#1327 = EDGE_LOOP ( 'NONE', ( #1052, #41, #520, #991, #74 ) ) ;
ENDSEC;
END-ISO-10303-21;
