ISO-10303-21;
HEADER;
FILE_DESCRIPTION (( 'STEP AP214' ),
    '1' );
FILE_NAME ('jiaqiang.STEP',
    '2026-07-17T06:19:16',
    ( '' ),
    ( '' ),
    'SwSTEP 2.0',
    'SolidWorks 2020',
    '' );
FILE_SCHEMA (( 'AUTOMOTIVE_DESIGN' ));
ENDSEC;

DATA;
#1 = EDGE_CURVE ( 'NONE', #1186, #1282, #900, .T. ) ;
#2 = DIRECTION ( 'NONE',  ( -0.000000000000000000, 1.000000000000000000, 0.000000000000000000 ) ) ;
#3 = ORIENTED_EDGE ( 'NONE', *, *, #1161, .F. ) ;
#4 = ORIENTED_EDGE ( 'NONE', *, *, #732, .F. ) ;
#5 = CYLINDRICAL_SURFACE ( 'NONE', #716, 3.073058506498575593 ) ;
#6 = ORIENTED_EDGE ( 'NONE', *, *, #325, .F. ) ;
#7 = AXIS2_PLACEMENT_3D ( 'NONE', #319, #2, #1248 ) ;
#8 = EDGE_CURVE ( 'NONE', #1006, #1119, #706, .T. ) ;
#9 = LINE ( 'NONE', #818, #1160 ) ;
#10 = CARTESIAN_POINT ( 'NONE',  ( 2.000000000000000000, -2.000000000000000000, 63.00000000000000000 ) ) ;
#11 = AXIS2_PLACEMENT_3D ( 'NONE', #1249, #38, #555 ) ;
#12 = VERTEX_POINT ( 'NONE', #888 ) ;
#13 = CARTESIAN_POINT ( 'NONE',  ( 8.499999999999998224, -3.629065036196706728, 65.00000000000000000 ) ) ;
#14 = CARTESIAN_POINT ( 'NONE',  ( 6.077634803431420707, -2.438261245115370901, 4.011302130192611948 ) ) ;
#15 = DIRECTION ( 'NONE',  ( -1.000000000000000000, 0.000000000000000000, 0.000000000000000000 ) ) ;
#16 = ADVANCED_FACE ( 'NONE', ( #1171 ), #1287, .F. ) ;
#17 = LINE ( 'NONE', #339, #1010 ) ;
#18 = AXIS2_PLACEMENT_3D ( 'NONE', #553, #647, #540 ) ;
#19 = ORIENTED_EDGE ( 'NONE', *, *, #412, .T. ) ;
#20 = LINE ( 'NONE', #833, #865 ) ;
#21 =( GEOMETRIC_REPRESENTATION_CONTEXT ( 3 ) GLOBAL_UNCERTAINTY_ASSIGNED_CONTEXT ( ( #470 ) ) GLOBAL_UNIT_ASSIGNED_CONTEXT ( ( #1021, #1031, #431 ) ) REPRESENTATION_CONTEXT ( 'NONE', 'WORKASPACE' ) );
#22 = AXIS2_PLACEMENT_3D ( 'NONE', #1176, #466, #649 ) ;
#23 = CARTESIAN_POINT ( 'NONE',  ( 15.00000000000000178, -12.99999999999999822, 63.00000000000000000 ) ) ;
#24 = EDGE_CURVE ( 'NONE', #430, #438, #463, .T. ) ;
#25 = ORIENTED_EDGE ( 'NONE', *, *, #785, .T. ) ;
#26 = CIRCLE ( 'NONE', #1247, 2.000000000000001776 ) ;
#27 = CARTESIAN_POINT ( 'NONE',  ( 6.313047325569981716, -11.74251770618295510, 4.000000000000003553 ) ) ;
#28 = VECTOR ( 'NONE', #1211, 1000.000000000000000 ) ;
#29 = ORIENTED_EDGE ( 'NONE', *, *, #674, .T. ) ;
#30 = CARTESIAN_POINT ( 'NONE',  ( 8.500000000000001776, -10.40906503619670787, 0.000000000000000000 ) ) ;
#31 = CARTESIAN_POINT ( 'NONE',  ( 6.313047325569980828, 7.300927600412565310E-16, 6.000000000000003553 ) ) ;
#32 = ADVANCED_FACE ( 'NONE', ( #256, #981, #565 ), #989, .T. ) ;
#33 = ORIENTED_EDGE ( 'NONE', *, *, #795, .T. ) ;
#34 = EDGE_CURVE ( 'NONE', #1100, #673, #1163, .T. ) ;
#35 = LINE ( 'NONE', #551, #1139 ) ;
#36 = EDGE_LOOP ( 'NONE', ( #767, #982, #683, #889 ) ) ;
#37 = CYLINDRICAL_SURFACE ( 'NONE', #964, 1.500000000000003109 ) ;
#38 = DIRECTION ( 'NONE',  ( -1.000000000000000000, 0.000000000000000000, 0.000000000000000000 ) ) ;
#39 = CARTESIAN_POINT ( 'NONE',  ( 0.000000000000000000, 0.000000000000000000, 0.000000000000000000 ) ) ;
#40 = ORIENTED_EDGE ( 'NONE', *, *, #1028, .F. ) ;
#41 = B_SPLINE_CURVE_WITH_KNOTS ( 'NONE', 3,
 ( #1007, #1305, #1000, #285, #700, #600, #407, #83, #495, #89 ),
 .UNSPECIFIED., .F., .F.,
 ( 4, 2, 2, 2, 4 ),
 ( 0.000000000000000000, 0.0004111781349409202534, 0.0008223562698818405068, 0.001233534404822760706, 0.001644712539763681014 ),
 .UNSPECIFIED. ) ;
#42 = DIRECTION ( 'NONE',  ( 1.000000000000000000, 0.000000000000000000, 0.000000000000000000 ) ) ;
#43 = EDGE_CURVE ( 'NONE', #478, #1020, #1091, .T. ) ;
#44 = VERTEX_POINT ( 'NONE', #66 ) ;
#45 = DIRECTION ( 'NONE',  ( -7.759338633764679254E-33, 5.289189836975313545E-17, 1.000000000000000000 ) ) ;
#46 = DIRECTION ( 'NONE',  ( -0.000000000000000000, -0.000000000000000000, -1.000000000000000000 ) ) ;
#47 = CARTESIAN_POINT ( 'NONE',  ( 15.00000000000000178, -15.00000000000000000, 4.000000000000003553 ) ) ;
#48 = VECTOR ( 'NONE', #1083, 1000.000000000000000 ) ;
#49 = AXIS2_PLACEMENT_3D ( 'NONE', #1069, #966, #42 ) ;
#50 = CARTESIAN_POINT ( 'NONE',  ( 7.000000000000000888, -3.629065036196706728, 0.000000000000000000 ) ) ;
#51 = ORIENTED_EDGE ( 'NONE', *, *, #1117, .T. ) ;
#52 = DIRECTION ( 'NONE',  ( 0.000000000000000000, 0.000000000000000000, 1.000000000000000000 ) ) ;
#53 = VERTEX_POINT ( 'NONE', #171 ) ;
#54 = EDGE_CURVE ( 'NONE', #1114, #820, #691, .T. ) ;
#55 = DIRECTION ( 'NONE',  ( 1.000000000000000000, 1.156482317317871725E-16, 1.642484114365333902E-33 ) ) ;
#56 = DIRECTION ( 'NONE',  ( -0.000000000000000000, -0.000000000000000000, 1.000000000000000000 ) ) ;
#57 = VECTOR ( 'NONE', #61, 1000.000000000000000 ) ;
#58 = DIRECTION ( 'NONE',  ( 1.000000000000000000, 0.000000000000000000, 0.000000000000000000 ) ) ;
#59 = VERTEX_POINT ( 'NONE', #663 ) ;
#60 = VECTOR ( 'NONE', #679, 1000.000000000000000 ) ;
#61 = DIRECTION ( 'NONE',  ( 1.000000000000000000, 1.156482317317871478E-16, -0.000000000000000000 ) ) ;
#62 = ORIENTED_EDGE ( 'NONE', *, *, #1172, .F. ) ;
#63 = CARTESIAN_POINT ( 'NONE',  ( 1.999999999999999556, -13.00000000000000000, 63.00000000000000000 ) ) ;
#64 = CARTESIAN_POINT ( 'NONE',  ( 15.00000000000000178, -4.363439511215302602, 16.10000000000000142 ) ) ;
#65 = EDGE_CURVE ( 'NONE', #958, #305, #1191, .T. ) ;
#66 = CARTESIAN_POINT ( 'NONE',  ( 0.000000000000000000, -13.00000000000000000, 63.00000000000000000 ) ) ;
#67 = ORIENTED_EDGE ( 'NONE', *, *, #289, .T. ) ;
#68 = DIRECTION ( 'NONE',  ( -1.156482317317871725E-16, 1.000000000000000000, 0.000000000000000000 ) ) ;
#69 = ORIENTED_EDGE ( 'NONE', *, *, #229, .T. ) ;
#70 = CARTESIAN_POINT ( 'NONE',  ( 6.999999999999999112, -10.40906503619670787, 65.00000000000000000 ) ) ;
#71 = FACE_OUTER_BOUND ( 'NONE', #397, .T. ) ;
#72 = DIRECTION ( 'NONE',  ( -0.000000000000000000, -0.000000000000000000, 1.000000000000000000 ) ) ;
#73 = DIRECTION ( 'NONE',  ( 1.156482317317871725E-16, -1.000000000000000000, -0.000000000000000000 ) ) ;
#74 = VERTEX_POINT ( 'NONE', #593 ) ;
#75 = ORIENTED_EDGE ( 'NONE', *, *, #988, .T. ) ;
#76 = CARTESIAN_POINT ( 'NONE',  ( 5.500000000000004441, -3.629065036196706728, 4.172719494334957702 ) ) ;
#77 = EDGE_LOOP ( 'NONE', ( #586, #601 ) ) ;
#78 = CARTESIAN_POINT ( 'NONE',  ( 2.000000000000000000, -2.000000000000000000, 63.00000000000000000 ) ) ;
#79 = CIRCLE ( 'NONE', #1230, 1.499999999999996225 ) ;
#80 = CARTESIAN_POINT ( 'NONE',  ( 6.077634803431418931, -9.218261245115364488, 4.011302130192611948 ) ) ;
#81 = ORIENTED_EDGE ( 'NONE', *, *, #512, .T. ) ;
#82 = ORIENTED_EDGE ( 'NONE', *, *, #827, .F. ) ;
#83 = CARTESIAN_POINT ( 'NONE',  ( 5.519425706300093992, -3.905512753251891844, 60.83623518239163985 ) ) ;
#84 = VERTEX_POINT ( 'NONE', #1281 ) ;
#85 = EDGE_CURVE ( 'NONE', #958, #385, #1074, .T. ) ;
#86 = CARTESIAN_POINT ( 'NONE',  ( 7.000000000000000888, -3.629065036196706728, 0.000000000000000000 ) ) ;
#87 = CARTESIAN_POINT ( 'NONE',  ( 6.313047325569982604, -15.00000000000000178, 4.000000000000003553 ) ) ;
#88 = ORIENTED_EDGE ( 'NONE', *, *, #24, .F. ) ;
#89 = CARTESIAN_POINT ( 'NONE',  ( 5.500000000000004441, -3.629065036196706728, 60.82728050566504407 ) ) ;
#90 = ORIENTED_EDGE ( 'NONE', *, *, #636, .T. ) ;
#91 = VECTOR ( 'NONE', #1080, 1000.000000000000000 ) ;
#92 = EDGE_CURVE ( 'NONE', #166, #228, #890, .T. ) ;
#93 = CARTESIAN_POINT ( 'NONE',  ( 5.648840489056711434, -11.07451298356355274, 60.88794077685727046 ) ) ;
#94 = CARTESIAN_POINT ( 'NONE',  ( 7.000000000000000888, -3.629065036196706728, 65.00000000000000000 ) ) ;
#95 = ORIENTED_EDGE ( 'NONE', *, *, #664, .F. ) ;
#96 = PRESENTATION_LAYER_ASSIGNMENT (  '', '', ( #858 ) ) ;
#97 = DIRECTION ( 'NONE',  ( 0.000000000000000000, -1.000000000000000000, 0.000000000000000000 ) ) ;
#98 = AXIS2_PLACEMENT_3D ( 'NONE', #914, #891, #167 ) ;
#99 = CARTESIAN_POINT ( 'NONE',  ( 5.499999999999997335, -10.40906503619670787, 60.82728050566504407 ) ) ;
#100 = EDGE_CURVE ( 'NONE', #354, #925, #948, .T. ) ;
#101 = VECTOR ( 'NONE', #411, 1000.000000000000000 ) ;
#102 = ORIENTED_EDGE ( 'NONE', *, *, #1029, .F. ) ;
#103 = DIRECTION ( 'NONE',  ( 0.000000000000000000, -1.000000000000000000, 0.000000000000000000 ) ) ;
#104 = ORIENTED_EDGE ( 'NONE', *, *, #444, .F. ) ;
#105 = CARTESIAN_POINT ( 'NONE',  ( 1.503427012513232947E-15, -13.00000000000000000, 65.00000000000000000 ) ) ;
#106 = AXIS2_PLACEMENT_3D ( 'NONE', #39, #471, #390 ) ;
#107 = DIRECTION ( 'NONE',  ( -1.000000000000000000, 0.000000000000000000, 0.000000000000000000 ) ) ;
#108 = CARTESIAN_POINT ( 'NONE',  ( 0.000000000000000000, -2.000000000000000000, 2.000000000000001776 ) ) ;
#109 = EDGE_LOOP ( 'NONE', ( #860, #588 ) ) ;
#110 = EDGE_CURVE ( 'NONE', #1093, #305, #485, .T. ) ;
#111 = CARTESIAN_POINT ( 'NONE',  ( 0.000000000000000000, -4.363439511215300826, 48.89752721011862491 ) ) ;
#112 = CARTESIAN_POINT ( 'NONE',  ( 2.000000000000000000, -2.000000000000000000, 2.000000000000000000 ) ) ;
#113 = AXIS2_PLACEMENT_3D ( 'NONE', #1271, #455, #353 ) ;
#114 = AXIS2_PLACEMENT_3D ( 'NONE', #1295, #1073, #788 ) ;
#115 = CARTESIAN_POINT ( 'NONE',  ( 2.000000000000000000, -13.00000000000000000, 63.00000000000000000 ) ) ;
#116 = FACE_OUTER_BOUND ( 'NONE', #1111, .T. ) ;
#117 = ORIENTED_EDGE ( 'NONE', *, *, #1037, .F. ) ;
#118 = CARTESIAN_POINT ( 'NONE',  ( 15.00000000000000178, -15.00000000000000000, 4.000000000000003553 ) ) ;
#119 = EDGE_CURVE ( 'NONE', #286, #904, #164, .T. ) ;
#120 = DIRECTION ( 'NONE',  ( -1.156482317317871232E-16, 1.000000000000000000, 0.000000000000000000 ) ) ;
#121 = VECTOR ( 'NONE', #1265, 1000.000000000000000 ) ;
#122 = DIRECTION ( 'NONE',  ( 0.000000000000000000, 0.000000000000000000, -1.000000000000000000 ) ) ;
#123 = EDGE_CURVE ( 'NONE', #950, #1092, #1056, .T. ) ;
#124 = LINE ( 'NONE', #954, #872 ) ;
#125 = DIRECTION ( 'NONE',  ( -0.000000000000000000, -0.000000000000000000, -1.000000000000000000 ) ) ;
#126 = CIRCLE ( 'NONE', #18, 2.000000000000000000 ) ;
#127 = ORIENTED_EDGE ( 'NONE', *, *, #1024, .F. ) ;
#128 = CARTESIAN_POINT ( 'NONE',  ( 5.499999999999997335, -10.40906503619670787, 0.000000000000000000 ) ) ;
#129 = MECHANICAL_DESIGN_GEOMETRIC_PRESENTATION_REPRESENTATION (  '', ( #197 ), #21 ) ;
#130 = DIRECTION ( 'NONE',  ( -1.000000000000000000, 0.000000000000000000, -1.040834085586084257E-14 ) ) ;
#131 = EDGE_CURVE ( 'NONE', #717, #1251, #79, .T. ) ;
#132 = DIRECTION ( 'NONE',  ( -0.000000000000000000, 0.000000000000000000, 1.000000000000000000 ) ) ;
#133 = EDGE_CURVE ( 'NONE', #532, #391, #557, .T. ) ;
#134 = ORIENTED_EDGE ( 'NONE', *, *, #1057, .T. ) ;
#135 = CARTESIAN_POINT ( 'NONE',  ( 15.00000000000000178, -14.99999999999999822, 65.00000000000000000 ) ) ;
#136 = ORIENTED_EDGE ( 'NONE', *, *, #289, .F. ) ;
#137 = CLOSED_SHELL ( 'NONE', ( #386, #901, #910, #656, #829, #610, #297, #176, #1017, #428, #258, #281, #930, #336, #200, #817, #342, #1232, #451, #1141, #851, #1245, #1280, #212, #688, #32, #1183, #1222, #697, #645, #980, #16, #457, #1127, #738, #1149, #278 ) ) ;
#138 = CARTESIAN_POINT ( 'NONE',  ( 7.000000000000000888, -3.629065036196706728, 65.00000000000000000 ) ) ;
#139 = EDGE_CURVE ( 'NONE', #409, #532, #346, .T. ) ;
#140 = VERTEX_POINT ( 'NONE', #364 ) ;
#141 = CARTESIAN_POINT ( 'NONE',  ( 6.313047325569980828, 0.000000000000000000, 59.00000000000000000 ) ) ;
#142 = VERTEX_POINT ( 'NONE', #763 ) ;
#143 = CARTESIAN_POINT ( 'NONE',  ( 7.000000000000000888, -3.629065036196706728, 0.000000000000000000 ) ) ;
#144 = VECTOR ( 'NONE', #651, 1000.000000000000000 ) ;
#145 = CARTESIAN_POINT ( 'NONE',  ( 6.999999999999999112, -10.40906503619670787, 61.00000000000000000 ) ) ;
#146 = ORIENTED_EDGE ( 'NONE', *, *, #1162, .T. ) ;
#147 = EDGE_CURVE ( 'NONE', #286, #53, #1011, .T. ) ;
#148 = CYLINDRICAL_SURFACE ( 'NONE', #965, 3.073058506498575593 ) ;
#149 = ORIENTED_EDGE ( 'NONE', *, *, #1063, .F. ) ;
#150 = FACE_OUTER_BOUND ( 'NONE', #648, .T. ) ;
#151 = LINE ( 'NONE', #603, #1311 ) ;
#152 = AXIS2_PLACEMENT_3D ( 'NONE', #138, #590, #584 ) ;
#153 = CIRCLE ( 'NONE', #22, 1.499999999999996891 ) ;
#154 = CARTESIAN_POINT ( 'NONE',  ( 2.000000000000000000, 0.000000000000000000, 65.00000000000000000 ) ) ;
#155 = ORIENTED_EDGE ( 'NONE', *, *, #123, .F. ) ;
#156 = VECTOR ( 'NONE', #897, 1000.000000000000000 ) ;
#157 = CARTESIAN_POINT ( 'NONE',  ( 5.876874405221936826, -11.41279681751315067, 4.045477937453471284 ) ) ;
#158 = ORIENTED_EDGE ( 'NONE', *, *, #556, .T. ) ;
#159 = CARTESIAN_POINT ( 'NONE',  ( 4.313047325569984380, -4.363439511215300826, 48.89752721011862491 ) ) ;
#160 = EDGE_CURVE ( 'NONE', #142, #1272, #708, .T. ) ;
#161 = LINE ( 'NONE', #863, #702 ) ;
#162 = PRODUCT_DEFINITION_SHAPE ( 'NONE', 'NONE',  #435 ) ;
#163 = FACE_BOUND ( 'NONE', #109, .T. ) ;
#164 = LINE ( 'NONE', #585, #1296 ) ;
#165 = VERTEX_POINT ( 'NONE', #1221 ) ;
#166 = VERTEX_POINT ( 'NONE', #1303 ) ;
#167 = DIRECTION ( 'NONE',  ( -1.000000000000000000, -1.156482317317871478E-16, 0.000000000000000000 ) ) ;
#168 = ORIENTED_EDGE ( 'NONE', *, *, #43, .F. ) ;
#169 = CARTESIAN_POINT ( 'NONE',  ( 0.000000000000000000, -10.50955652421244579, 16.10000000000000142 ) ) ;
#170 = LINE ( 'NONE', #689, #634 ) ;
#171 = CARTESIAN_POINT ( 'NONE',  ( 6.313047325569980828, -2.295612366210465272, 4.000000000000003553 ) ) ;
#172 = ORIENTED_EDGE ( 'NONE', *, *, #1307, .F. ) ;
#173 = DIRECTION ( 'NONE',  ( -1.000000000000000000, -1.156482317317872218E-16, 0.000000000000000000 ) ) ;
#174 = ORIENTED_EDGE ( 'NONE', *, *, #179, .F. ) ;
#175 = DIRECTION ( 'NONE',  ( -0.000000000000000000, -5.289189836975312929E-17, -1.000000000000000000 ) ) ;
#176 = ADVANCED_FACE ( 'NONE', ( #718 ), #1004, .T. ) ;
#177 = CARTESIAN_POINT ( 'NONE',  ( 5.519105479657683055, -3.353730011410537504, 60.83610471979125123 ) ) ;
#178 = EDGE_LOOP ( 'NONE', ( #192, #399, #4, #1288, #699 ) ) ;
#179 = EDGE_CURVE ( 'NONE', #1119, #1051, #937, .T. ) ;
#180 = CARTESIAN_POINT ( 'NONE',  ( 6.999999999999999112, -10.40906503619670787, 61.00000000000000000 ) ) ;
#181 = EDGE_LOOP ( 'NONE', ( #883, #1147, #578, #733, #806 ) ) ;
#182 = CARTESIAN_POINT ( 'NONE',  ( 5.877164386150932174, -11.41306274982303215, 60.95457011541654424 ) ) ;
#183 = AXIS2_PLACEMENT_3D ( 'NONE', #627, #775, #1185 ) ;
#184 = FACE_OUTER_BOUND ( 'NONE', #350, .T. ) ;
#185 = ORIENTED_EDGE ( 'NONE', *, *, #923, .F. ) ;
#186 = EDGE_CURVE ( 'NONE', #1310, #1008, #620, .T. ) ;
#187 = APPLICATION_CONTEXT ( 'automotive_design' ) ;
#188 = LINE ( 'NONE', #1087, #1243 ) ;
#189 = ORIENTED_EDGE ( 'NONE', *, *, #1153, .T. ) ;
#190 = AXIS2_PLACEMENT_3D ( 'NONE', #1187, #862, #461 ) ;
#191 = DIRECTION ( 'NONE',  ( 0.000000000000000000, 0.000000000000000000, -1.000000000000000000 ) ) ;
#192 = ORIENTED_EDGE ( 'NONE', *, *, #1300, .T. ) ;
#193 = CARTESIAN_POINT ( 'NONE',  ( 6.313047325569980828, -1.004630715935550958E-15, 59.00000000000000000 ) ) ;
#194 = VERTEX_POINT ( 'NONE', #1213 ) ;
#195 = DIRECTION ( 'NONE',  ( -1.000000000000000000, 0.000000000000000000, 0.000000000000000000 ) ) ;
#196 = EDGE_LOOP ( 'NONE', ( #742, #146, #1164, #711, #155 ) ) ;
#197 = STYLED_ITEM ( 'NONE', ( #328 ), #1064 ) ;
#198 = SHAPE_DEFINITION_REPRESENTATION ( #162, #1064 ) ;
#199 = DIRECTION ( 'NONE',  ( 0.000000000000000000, -1.000000000000000000, 0.000000000000000000 ) ) ;
#200 = ADVANCED_FACE ( 'NONE', ( #296 ), #1113, .T. ) ;
#201 = AXIS2_PLACEMENT_3D ( 'NONE', #815, #598, #809 ) ;
#202 = CARTESIAN_POINT ( 'NONE',  ( 6.189211498225607677, -9.139408670870714957, 4.000000000000003553 ) ) ;
#203 = SURFACE_STYLE_USAGE ( .BOTH. , #306 ) ;
#204 = CARTESIAN_POINT ( 'NONE',  ( 6.313047325569980828, -4.962517706182947741, 4.000000000000003553 ) ) ;
#205 = EDGE_CURVE ( 'NONE', #1085, #194, #443, .T. ) ;
#206 = CARTESIAN_POINT ( 'NONE',  ( 6.313047325569980828, -4.962517706182947741, 61.00000000000000000 ) ) ;
#207 = VERTEX_POINT ( 'NONE', #796 ) ;
#208 = FILL_AREA_STYLE ('',( #1223 ) ) ;
#209 = CARTESIAN_POINT ( 'NONE',  ( 6.077974832543904249, -4.820181395352181042, 4.011245557528888561 ) ) ;
#210 = DIRECTION ( 'NONE',  ( 0.000000000000000000, -1.000000000000000000, -1.586756951092594125E-16 ) ) ;
#211 = EDGE_CURVE ( 'NONE', #140, #44, #26, .T. ) ;
#212 = ADVANCED_FACE ( 'NONE', ( #184 ), #518, .F. ) ;
#213 = ORIENTED_EDGE ( 'NONE', *, *, #592, .T. ) ;
#214 = CIRCLE ( 'NONE', #152, 1.499999999999996891 ) ;
#215 = CARTESIAN_POINT ( 'NONE',  ( 2.000000000000000000, -15.00000000000000000, 65.00000000000000000 ) ) ;
#216 = AXIS2_PLACEMENT_3D ( 'NONE', #447, #675, #52 ) ;
#217 = DIRECTION ( 'NONE',  ( -0.000000000000000000, -0.000000000000000000, 1.000000000000000000 ) ) ;
#218 = CARTESIAN_POINT ( 'NONE',  ( 15.00000000000000000, -1.999999999999999112, 0.000000000000000000 ) ) ;
#219 = CARTESIAN_POINT ( 'NONE',  ( 6.313047325569980828, -1.004630715935550958E-15, 61.00000000000000000 ) ) ;
#220 = ORIENTED_EDGE ( 'NONE', *, *, #270, .T. ) ;
#221 = VECTOR ( 'NONE', #1263, 1000.000000000000000 ) ;
#222 = DIRECTION ( 'NONE',  ( 0.000000000000000000, 0.000000000000000000, -1.000000000000000000 ) ) ;
#223 = CARTESIAN_POINT ( 'NONE',  ( 0.000000000000000000, 0.000000000000000000, 0.000000000000000000 ) ) ;
#224 = EDGE_CURVE ( 'NONE', #723, #74, #1326, .T. ) ;
#225 = CARTESIAN_POINT ( 'NONE',  ( 5.648555048841227055, -4.294147221649163626, 4.112135489894178875 ) ) ;
#226 = DIRECTION ( 'NONE',  ( -1.156482317317871725E-16, 1.000000000000000000, 0.000000000000000000 ) ) ;
#227 = CIRCLE ( 'NONE', #1112, 1.500000000000002220 ) ;
#228 = VERTEX_POINT ( 'NONE', #513 ) ;
#229 = EDGE_CURVE ( 'NONE', #1053, #673, #946, .T. ) ;
#230 = DIRECTION ( 'NONE',  ( 0.000000000000000000, 0.000000000000000000, -1.000000000000000000 ) ) ;
#231 = CARTESIAN_POINT ( 'NONE',  ( 5.877164386150934838, -2.625067322570389106, 4.045429884583443325 ) ) ;
#232 = CARTESIAN_POINT ( 'NONE',  ( 6.999999999999999112, -10.40906503619670787, 4.000000000000003553 ) ) ;
#233 = PLANE ( 'NONE',  #548 ) ;
#234 = EDGE_LOOP ( 'NONE', ( #284, #486, #765, #1095, #566 ) ) ;
#235 = DIRECTION ( 'NONE',  ( 0.000000000000000000, 0.000000000000000000, 1.000000000000000000 ) ) ;
#236 = LINE ( 'NONE', #959, #1076 ) ;
#237 = EDGE_CURVE ( 'NONE', #430, #950, #493, .T. ) ;
#238 = ORIENTED_EDGE ( 'NONE', *, *, #1024, .T. ) ;
#239 = VECTOR ( 'NONE', #1027, 1000.000000000000000 ) ;
#240 = PLANE ( 'NONE',  #572 ) ;
#241 = ORIENTED_EDGE ( 'NONE', *, *, #1, .T. ) ;
#242 = PRODUCT ( 'jiaqiang', 'jiaqiang', '', ( #318 ) ) ;
#243 = CARTESIAN_POINT ( 'NONE',  ( 15.00000000000000178, -7.436498017713875974, 48.89752721011862491 ) ) ;
#244 = CARTESIAN_POINT ( 'NONE',  ( 15.00000000000000000, -2.000000000000000000, 63.00000000000000000 ) ) ;
#245 = CARTESIAN_POINT ( 'NONE',  ( 4.313047325569981716, -10.50955652421244402, -1.667611186769462024E-15 ) ) ;
#246 = EDGE_CURVE ( 'NONE', #1085, #165, #416, .T. ) ;
#247 = DIRECTION ( 'NONE',  ( 1.000000000000000000, 0.000000000000000000, 0.000000000000000000 ) ) ;
#248 = EDGE_LOOP ( 'NONE', ( #869, #501, #213, #756, #990 ) ) ;
#249 = CARTESIAN_POINT ( 'NONE',  ( 15.00000000000000000, 0.000000000000000000, 65.00000000000000000 ) ) ;
#250 = EDGE_LOOP ( 'NONE', ( #1208, #1275, #326 ) ) ;
#251 = APPLICATION_CONTEXT ( 'automotive_design' ) ;
#252 = CARTESIAN_POINT ( 'NONE',  ( 5.500000000000004441, -3.629065036196706728, 4.172719494334957702 ) ) ;
#253 = DIRECTION ( 'NONE',  ( 1.000000000000000000, 1.156482317317871725E-16, -0.000000000000000000 ) ) ;
#254 = DIRECTION ( 'NONE',  ( 0.000000000000000000, 1.000000000000000000, 0.000000000000000000 ) ) ;
#255 = VECTOR ( 'NONE', #971, 1000.000000000000000 ) ;
#256 = FACE_BOUND ( 'NONE', #515, .T. ) ;
#257 = EDGE_LOOP ( 'NONE', ( #701, #1086, #798, #238 ) ) ;
#258 = ADVANCED_FACE ( 'NONE', ( #116 ), #1049, .T. ) ;
#259 = CARTESIAN_POINT ( 'NONE',  ( 2.000000000000000444, -15.00000000000000000, 2.000000000000000000 ) ) ;
#260 = EDGE_LOOP ( 'NONE', ( #275, #1167, #1201, #185, #519, #1195, #6, #51, #403, #825 ) ) ;
#261 = CARTESIAN_POINT ( 'NONE',  ( 15.00000000000000178, -14.99999999999999822, 61.00000000000000000 ) ) ;
#262 = DIRECTION ( 'NONE',  ( -1.000000000000000000, 0.000000000000000000, 0.000000000000000000 ) ) ;
#263 = PRODUCT_DEFINITION_FORMATION_WITH_SPECIFIED_SOURCE ( 'ÈÎºÎ', '', #242, .NOT_KNOWN. ) ;
#264 = AXIS2_PLACEMENT_3D ( 'NONE', #78, #199, #696 ) ;
#265 = VECTOR ( 'NONE', #608, 1000.000000000000000 ) ;
#266 = DIRECTION ( 'NONE',  ( 1.000000000000000000, 0.000000000000000000, 0.000000000000000000 ) ) ;
#267 = ORIENTED_EDGE ( 'NONE', *, *, #65, .T. ) ;
#268 = AXIS2_PLACEMENT_3D ( 'NONE', #94, #903, #1308 ) ;
#269 = CARTESIAN_POINT ( 'NONE',  ( 5.499999999999997335, -10.40906503619670787, 60.82728050566504407 ) ) ;
#270 = EDGE_CURVE ( 'NONE', #1205, #849, #840, .T. ) ;
#271 = ORIENTED_EDGE ( 'NONE', *, *, #92, .T. ) ;
#272 = FACE_OUTER_BOUND ( 'NONE', #234, .T. ) ;
#273 = DIRECTION ( 'NONE',  ( 1.000000000000000000, 1.156482317317871725E-16, 1.642484114365333560E-33 ) ) ;
#274 = DIRECTION ( 'NONE',  ( 0.000000000000000000, -0.000000000000000000, -1.000000000000000000 ) ) ;
#275 = ORIENTED_EDGE ( 'NONE', *, *, #1300, .F. ) ;
#276 = CARTESIAN_POINT ( 'NONE',  ( 4.313047325569980828, -4.547943861230190712E-16, 6.000000000000003553 ) ) ;
#277 = EDGE_LOOP ( 'NONE', ( #1116, #737, #692, #831, #508, #898 ) ) ;
#278 = ADVANCED_FACE ( 'NONE', ( #320 ), #233, .F. ) ;
#279 = CARTESIAN_POINT ( 'NONE',  ( 6.313047325569980828, -1.004630715935550958E-15, 61.00000000000000000 ) ) ;
#280 = DIRECTION ( 'NONE',  ( -0.000000000000000000, -1.000000000000000000, 0.000000000000000000 ) ) ;
#281 = ADVANCED_FACE ( 'NONE', ( #1233 ), #835, .T. ) ;
#282 = CARTESIAN_POINT ( 'NONE',  ( 15.00000000000000178, -10.50955652421244579, 16.10000000000000142 ) ) ;
#283 = DIRECTION ( 'NONE',  ( 0.000000000000000000, 0.000000000000000000, 1.000000000000000000 ) ) ;
#284 = ORIENTED_EDGE ( 'NONE', *, *, #969, .F. ) ;
#285 = CARTESIAN_POINT ( 'NONE',  ( 5.877164386150935727, -4.633062749823022131, 60.95457011541655135 ) ) ;
#286 = VERTEX_POINT ( 'NONE', #1244 ) ;
#287 = FACE_OUTER_BOUND ( 'NONE', #376, .T. ) ;
#288 = AXIS2_PLACEMENT_3D ( 'NONE', #143, #1159, #986 ) ;
#289 = EDGE_CURVE ( 'NONE', #1020, #74, #575, .T. ) ;
#290 = CARTESIAN_POINT ( 'NONE',  ( 6.191070184078824923, -2.358451134659250492, 61.00000000000000000 ) ) ;
#291 = ORIENTED_EDGE ( 'NONE', *, *, #1126, .T. ) ;
#292 = CYLINDRICAL_SURFACE ( 'NONE', #837, 2.000000000000000000 ) ;
#293 = ORIENTED_EDGE ( 'NONE', *, *, #205, .T. ) ;
#294 = LINE ( 'NONE', #995, #909 ) ;
#295 = AXIS2_PLACEMENT_3D ( 'NONE', #822, #1241, #1145 ) ;
#296 = FACE_OUTER_BOUND ( 'NONE', #445, .T. ) ;
#297 = ADVANCED_FACE ( 'NONE', ( #1140 ), #830, .T. ) ;
#298 = ORIENTED_EDGE ( 'NONE', *, *, #54, .F. ) ;
#299 = DIRECTION ( 'NONE',  ( -1.156482317317871725E-16, 1.000000000000000000, 0.000000000000000000 ) ) ;
#300 = EDGE_LOOP ( 'NONE', ( #374, #522, #952, #291, #605, #1253, #776, #543, #686, #494 ) ) ;
#301 = VECTOR ( 'NONE', #761, 1000.000000000000000 ) ;
#302 = PRESENTATION_STYLE_ASSIGNMENT (( #1294 ) ) ;
#303 = CARTESIAN_POINT ( 'NONE',  ( 6.077974832543904249, -2.437948677041232415, 60.98875444247112654 ) ) ;
#304 = ORIENTED_EDGE ( 'NONE', *, *, #401, .F. ) ;
#305 = VERTEX_POINT ( 'NONE', #333 ) ;
#306 = SURFACE_SIDE_STYLE ('',( #1240 ) ) ;
#307 = EDGE_CURVE ( 'NONE', #1318, #991, #932, .T. ) ;
#308 =( LENGTH_UNIT ( ) NAMED_UNIT ( * ) SI_UNIT ( .MILLI., .METRE. ) );
#309 = CARTESIAN_POINT ( 'NONE',  ( 5.499999999999998224, -10.27181712245176470, 4.172719494334961254 ) ) ;
#310 = VERTEX_POINT ( 'NONE', #219 ) ;
#311 = AXIS2_PLACEMENT_3D ( 'NONE', #500, #1312, #97 ) ;
#312 =( NAMED_UNIT ( * ) PLANE_ANGLE_UNIT ( ) SI_UNIT ( $, .RADIAN. ) );
#313 = CARTESIAN_POINT ( 'NONE',  ( 6.313047325569981716, -11.74251770618295510, 61.00000000000000000 ) ) ;
#314 = ORIENTED_EDGE ( 'NONE', *, *, #186, .F. ) ;
#315 = DIRECTION ( 'NONE',  ( 0.000000000000000000, 1.000000000000000000, 0.000000000000000000 ) ) ;
#316 = ORIENTED_EDGE ( 'NONE', *, *, #1215, .T. ) ;
#317 = VECTOR ( 'NONE', #274, 1000.000000000000000 ) ;
#318 = PRODUCT_CONTEXT ( 'NONE', #187, 'mechanical' ) ;
#319 = CARTESIAN_POINT ( 'NONE',  ( 2.000000000000000000, -2.000000000000000000, 2.000000000000001776 ) ) ;
#320 = FACE_OUTER_BOUND ( 'NONE', #928, .T. ) ;
#321 = ORIENTED_EDGE ( 'NONE', *, *, #802, .T. ) ;
#322 = CARTESIAN_POINT ( 'NONE',  ( 2.000000000000000000, -13.00000000000000000, 2.000000000000000000 ) ) ;
#323 = CIRCLE ( 'NONE', #1068, 1.500000000000002220 ) ;
#324 = DIRECTION ( 'NONE',  ( 0.000000000000000000, -1.000000000000000000, 0.000000000000000000 ) ) ;
#325 = EDGE_CURVE ( 'NONE', #1282, #1246, #426, .T. ) ;
#326 = ORIENTED_EDGE ( 'NONE', *, *, #1029, .T. ) ;
#327 = AXIS2_PLACEMENT_3D ( 'NONE', #987, #873, #254 ) ;
#328 = PRESENTATION_STYLE_ASSIGNMENT (( #203 ) ) ;
#329 = CIRCLE ( 'NONE', #801, 1.500000000000002220 ) ;
#330 = CIRCLE ( 'NONE', #49, 1.500000000000003109 ) ;
#331 = SPHERICAL_SURFACE ( 'NONE', #7, 2.000000000000000000 ) ;
#332 = CARTESIAN_POINT ( 'NONE',  ( 5.593361812160629221, -3.090648294311784117, 4.133546764203814838 ) ) ;
#333 = CARTESIAN_POINT ( 'NONE',  ( 0.000000000000000000, -2.000000000000000000, 2.000000000000000000 ) ) ;
#334 = AXIS2_PLACEMENT_3D ( 'NONE', #635, #824, #1034 ) ;
#335 = EDGE_CURVE ( 'NONE', #165, #305, #539, .T. ) ;
#336 = ADVANCED_FACE ( 'NONE', ( #1237 ), #848, .T. ) ;
#337 = ORIENTED_EDGE ( 'NONE', *, *, #533, .T. ) ;
#338 = CARTESIAN_POINT ( 'NONE',  ( 5.499999999999997335, -10.40906503619670787, 60.82728050566504407 ) ) ;
#339 = CARTESIAN_POINT ( 'NONE',  ( 8.500000000000001776, -10.40906503619670787, 0.000000000000000000 ) ) ;
#340 = ORIENTED_EDGE ( 'NONE', *, *, #1048, .T. ) ;
#341 = CARTESIAN_POINT ( 'NONE',  ( 5.519105479657675062, -10.68440006098287753, 4.163895280208767424 ) ) ;
#342 = ADVANCED_FACE ( 'NONE', ( #1146 ), #536, .F. ) ;
#343 = EDGE_LOOP ( 'NONE', ( #917, #893, #423, #1075 ) ) ;
#344 = LINE ( 'NONE', #554, #1138 ) ;
#345 = LINE ( 'NONE', #943, #613 ) ;
#346 = CIRCLE ( 'NONE', #113, 2.000000000000000000 ) ;
#347 = ORIENTED_EDGE ( 'NONE', *, *, #444, .T. ) ;
#348 = AXIS2_PLACEMENT_3D ( 'NONE', #1277, #469, #853 ) ;
#349 = DIRECTION ( 'NONE',  ( 0.000000000000000000, 0.000000000000000000, -1.000000000000000000 ) ) ;
#350 = EDGE_LOOP ( 'NONE', ( #19, #1309, #33, #922, #472, #594, #1174, #867, #993, #758 ) ) ;
#351 = CARTESIAN_POINT ( 'NONE',  ( 6.999999999999999112, -10.40906503619670787, 4.000000000000003553 ) ) ;
#352 = CARTESIAN_POINT ( 'NONE',  ( 6.313047325569982604, -15.00000000000000178, 4.000000000000003553 ) ) ;
#353 = DIRECTION ( 'NONE',  ( 0.000000000000000000, -1.000000000000000000, 0.000000000000000000 ) ) ;
#354 = VERTEX_POINT ( 'NONE', #206 ) ;
#355 = VECTOR ( 'NONE', #175, 1000.000000000000000 ) ;
#356 = DIRECTION ( 'NONE',  ( -1.000000000000000000, -0.000000000000000000, -0.000000000000000000 ) ) ;
#357 = EDGE_LOOP ( 'NONE', ( #40, #661, #267, #665 ) ) ;
#358 = CARTESIAN_POINT ( 'NONE',  ( 4.313047325569980828, -7.436498017713875974, 48.89752721011862491 ) ) ;
#359 = DIRECTION ( 'NONE',  ( -1.000000000000000000, -1.156482317317871478E-16, -0.000000000000000000 ) ) ;
#360 = CARTESIAN_POINT ( 'NONE',  ( 5.500000000000004441, -3.629065036196706728, 0.000000000000000000 ) ) ;
#361 = CARTESIAN_POINT ( 'NONE',  ( 8.499999999999998224, -3.629065036196706728, 4.000000000000003553 ) ) ;
#362 = EDGE_CURVE ( 'NONE', #1092, #792, #17, .T. ) ;
#363 = VECTOR ( 'NONE', #222, 1000.000000000000000 ) ;
#364 = CARTESIAN_POINT ( 'NONE',  ( 2.000000000000000000, -13.00000000000000000, 65.00000000000000000 ) ) ;
#365 = VERTEX_POINT ( 'NONE', #542 ) ;
#366 = CARTESIAN_POINT ( 'NONE',  ( 5.499999999999996447, -10.54639278179087825, 4.172719494334961254 ) ) ;
#367 = ORIENTED_EDGE ( 'NONE', *, *, #100, .T. ) ;
#368 = FACE_OUTER_BOUND ( 'NONE', #490, .T. ) ;
#369 = DIRECTION ( 'NONE',  ( -0.000000000000000000, 0.000000000000000000, -1.000000000000000000 ) ) ;
#370 = CYLINDRICAL_SURFACE ( 'NONE', #114, 1.499999999999996225 ) ;
#371 = VECTOR ( 'NONE', #629, 1000.000000000000000 ) ;
#372 = DIRECTION ( 'NONE',  ( -0.000000000000000000, 0.000000000000000000, 1.000000000000000000 ) ) ;
#373 = EDGE_CURVE ( 'NONE', #673, #581, #345, .T. ) ;
#374 = ORIENTED_EDGE ( 'NONE', *, *, #119, .F. ) ;
#375 = DIRECTION ( 'NONE',  ( 1.000000000000000000, 0.000000000000000000, 0.000000000000000000 ) ) ;
#376 = EDGE_LOOP ( 'NONE', ( #878, #609, #764, #816, #1012 ) ) ;
#377 = CARTESIAN_POINT ( 'NONE',  ( 15.00000000000000178, -14.99999999999999822, 2.000000000000001776 ) ) ;
#378 = CARTESIAN_POINT ( 'NONE',  ( 1.503427012513232947E-15, -13.00000000000000000, 63.00000000000000000 ) ) ;
#379 = CIRCLE ( 'NONE', #483, 1.499999999999996891 ) ;
#380 = DIRECTION ( 'NONE',  ( -0.000000000000000000, -0.000000000000000000, 1.000000000000000000 ) ) ;
#381 = EDGE_LOOP ( 'NONE', ( #782, #1177, #1058, #615, #104 ) ) ;
#382 = EDGE_CURVE ( 'NONE', #820, #140, #547, .T. ) ;
#383 = VECTOR ( 'NONE', #1224, 1000.000000000000000 ) ;
#384 = FACE_OUTER_BOUND ( 'NONE', #441, .T. ) ;
#385 = VERTEX_POINT ( 'NONE', #449 ) ;
#386 = ADVANCED_FACE ( 'NONE', ( #524 ), #5, .F. ) ;
#387 = LINE ( 'NONE', #169, #670 ) ;
#388 = FACE_BOUND ( 'NONE', #773, .T. ) ;
#389 = AXIS2_PLACEMENT_3D ( 'NONE', #1065, #1099, #266 ) ;
#390 = DIRECTION ( 'NONE',  ( -1.000000000000000000, 0.000000000000000000, -0.000000000000000000 ) ) ;
#391 = VERTEX_POINT ( 'NONE', #218 ) ;
#392 = CARTESIAN_POINT ( 'NONE',  ( 5.876874405221936826, -9.405333254880265059, 60.95452206254653760 ) ) ;
#393 = ORIENTED_EDGE ( 'NONE', *, *, #607, .F. ) ;
#394 = EDGE_CURVE ( 'NONE', #165, #958, #126, .T. ) ;
#395 = FILL_AREA_STYLE ('',( #497 ) ) ;
#396 = DIRECTION ( 'NONE',  ( -1.000000000000000000, 0.000000000000000000, 0.000000000000000000 ) ) ;
#397 = EDGE_LOOP ( 'NONE', ( #3, #984, #189, #804, #637 ) ) ;
#398 = FACE_OUTER_BOUND ( 'NONE', #1304, .T. ) ;
#399 = ORIENTED_EDGE ( 'NONE', *, *, #607, .T. ) ;
#400 = CARTESIAN_POINT ( 'NONE',  ( 15.00000000000000178, -14.99999999999999822, 63.00000000000000000 ) ) ;
#401 = EDGE_CURVE ( 'NONE', #53, #1284, #576, .T. ) ;
#402 = CIRCLE ( 'NONE', #327, 3.073058506498571596 ) ;
#403 = ORIENTED_EDGE ( 'NONE', *, *, #774, .F. ) ;
#404 = CIRCLE ( 'NONE', #264, 2.000000000000001776 ) ;
#405 = CARTESIAN_POINT ( 'NONE',  ( 6.313047325569981716, -9.075612366210460635, 4.000000000000003553 ) ) ;
#406 = AXIS2_PLACEMENT_3D ( 'NONE', #141, #473, #349 ) ;
#407 = CARTESIAN_POINT ( 'NONE',  ( 5.593361812160628332, -4.167481778081628008, 60.86645323579620026 ) ) ;
#408 = LINE ( 'NONE', #892, #1042 ) ;
#409 = VERTEX_POINT ( 'NONE', #377 ) ;
#410 = LINE ( 'NONE', #1198, #355 ) ;
#411 = DIRECTION ( 'NONE',  ( -1.000000000000000000, -0.000000000000000000, -0.000000000000000000 ) ) ;
#412 = EDGE_CURVE ( 'NONE', #682, #958, #1071, .T. ) ;
#413 = CARTESIAN_POINT ( 'NONE',  ( 5.791263208861258782, -9.510347539334432554, 60.93218108103246067 ) ) ;
#414 = CIRCLE ( 'NONE', #1003, 2.000000000000000000 ) ;
#415 = CARTESIAN_POINT ( 'NONE',  ( 8.499999999999998224, -3.629065036196706728, 61.00000000000000000 ) ) ;
#416 = LINE ( 'NONE', #1207, #156 ) ;
#417 = DIRECTION ( 'NONE',  ( 0.000000000000000000, 0.000000000000000000, 1.000000000000000000 ) ) ;
#418 = SPHERICAL_SURFACE ( 'NONE', #465, 2.000000000000000000 ) ;
#419 = CARTESIAN_POINT ( 'NONE',  ( 5.648555048841227055, -2.963982850744250719, 60.88786451010583534 ) ) ;
#420 = EDGE_CURVE ( 'NONE', #228, #1020, #387, .T. ) ;
#421 = CYLINDRICAL_SURFACE ( 'NONE', #295, 1.499999999999996225 ) ;
#422 = EDGE_CURVE ( 'NONE', #1070, #1085, #1238, .T. ) ;
#423 = ORIENTED_EDGE ( 'NONE', *, *, #874, .T. ) ;
#424 = B_SPLINE_CURVE_WITH_KNOTS ( 'NONE', 3,
 ( #427, #1325, #1130, #924, #225, #936, #725, #209, #632, #204 ),
 .UNSPECIFIED., .F., .F.,
 ( 4, 2, 2, 2, 4 ),
 ( 0.001644712539763679496, 0.002056129841260803063, 0.002467547142757926630, 0.002878964444255050631, 0.003290381745752174198 ),
 .UNSPECIFIED. ) ;
#425 = AXIS2_PLACEMENT_3D ( 'NONE', #322, #728, #107 ) ;
#426 = LINE ( 'NONE', #736, #144 ) ;
#427 = CARTESIAN_POINT ( 'NONE',  ( 5.500000000000004441, -3.629065036196706728, 4.172719494334957702 ) ) ;
#428 = ADVANCED_FACE ( 'NONE', ( #368 ), #668, .T. ) ;
#429 = CARTESIAN_POINT ( 'NONE',  ( 15.00000000000000000, 0.000000000000000000, 65.00000000000000000 ) ) ;
#430 = VERTEX_POINT ( 'NONE', #778 ) ;
#431 =( NAMED_UNIT ( * ) SI_UNIT ( $, .STERADIAN. ) SOLID_ANGLE_UNIT ( ) );
#432 = DIRECTION ( 'NONE',  ( -2.168404344971008868E-16, 1.000000000000000000, 0.000000000000000000 ) ) ;
#433 = AXIS2_PLACEMENT_3D ( 'NONE', #1040, #927, #120 ) ;
#434 = FACE_OUTER_BOUND ( 'NONE', #919, .T. ) ;
#435 = PRODUCT_DEFINITION ( 'Î´Öª', '', #263, #690 ) ;
#436 = DIRECTION ( 'NONE',  ( -0.000000000000000000, -0.000000000000000000, 1.000000000000000000 ) ) ;
#437 = DIRECTION ( 'NONE',  ( 1.156482317317871725E-16, -1.000000000000000000, 0.000000000000000000 ) ) ;
#438 = VERTEX_POINT ( 'NONE', #261 ) ;
#439 = VECTOR ( 'NONE', #975, 1000.000000000000000 ) ;
#440 = LINE ( 'NONE', #839, #931 ) ;
#441 = EDGE_LOOP ( 'NONE', ( #1060, #337, #1001, #750, #913, #537, #459, #812, #1292, #464 ) ) ;
#442 = DIRECTION ( 'NONE',  ( 0.000000000000000000, 0.000000000000000000, -1.000000000000000000 ) ) ;
#443 = CIRCLE ( 'NONE', #510, 2.000000000000000000 ) ;
#444 = EDGE_CURVE ( 'NONE', #1041, #792, #323, .T. ) ;
#445 = EDGE_LOOP ( 'NONE', ( #525, #876, #1108, #172 ) ) ;
#446 = VECTOR ( 'NONE', #973, 1000.000000000000000 ) ;
#447 = CARTESIAN_POINT ( 'NONE',  ( 15.00000000000000178, -7.436498017713874198, 16.10000000000000142 ) ) ;
#448 = CARTESIAN_POINT ( 'NONE',  ( 8.499999999999996447, -3.629065036196706728, 0.000000000000000000 ) ) ;
#449 = CARTESIAN_POINT ( 'NONE',  ( 2.000000000000000000, 0.000000000000000000, 63.00000000000000000 ) ) ;
#450 = ORIENTED_EDGE ( 'NONE', *, *, #65, .F. ) ;
#451 = ADVANCED_FACE ( 'NONE', ( #150 ), #687, .T. ) ;
#452 = LINE ( 'NONE', #128, #602 ) ;
#453 = VERTEX_POINT ( 'NONE', #159 ) ;
#454 = CARTESIAN_POINT ( 'NONE',  ( 4.313047325569980828, 4.987962965776820874E-16, 2.463726171548000682E-32 ) ) ;
#455 = DIRECTION ( 'NONE',  ( 1.000000000000000000, 1.156482317317871725E-16, -0.000000000000000000 ) ) ;
#456 = ORIENTED_EDGE ( 'NONE', *, *, #43, .T. ) ;
#457 = ADVANCED_FACE ( 'NONE', ( #272 ), #1178, .F. ) ;
#458 = CARTESIAN_POINT ( 'NONE',  ( 6.313047325569981716, -11.74251770618295510, 4.000000000000003553 ) ) ;
#459 = ORIENTED_EDGE ( 'NONE', *, *, #1048, .F. ) ;
#460 = AXIS2_PLACEMENT_3D ( 'NONE', #378, #462, #1254 ) ;
#461 = DIRECTION ( 'NONE',  ( 0.000000000000000000, 0.000000000000000000, -1.000000000000000000 ) ) ;
#462 = DIRECTION ( 'NONE',  ( 1.000000000000000000, 1.156482317317871478E-16, 0.000000000000000000 ) ) ;
#463 = LINE ( 'NONE', #781, #843 ) ;
#464 = ORIENTED_EDGE ( 'NONE', *, *, #810, .F. ) ;
#465 = AXIS2_PLACEMENT_3D ( 'NONE', #115, #1043, #122 ) ;
#466 = DIRECTION ( 'NONE',  ( -0.000000000000000000, 0.000000000000000000, -1.000000000000000000 ) ) ;
#467 = ORIENTED_EDGE ( 'NONE', *, *, #246, .F. ) ;
#468 = LINE ( 'NONE', #1285, #121 ) ;
#469 = DIRECTION ( 'NONE',  ( 0.000000000000000000, 0.000000000000000000, 1.000000000000000000 ) ) ;
#470 = UNCERTAINTY_MEASURE_WITH_UNIT (LENGTH_MEASURE( 1.000000000000000082E-05 ), #1021, 'distance_accuracy_value', 'NONE');
#471 = DIRECTION ( 'NONE',  ( 0.000000000000000000, 0.000000000000000000, -1.000000000000000000 ) ) ;
#472 = ORIENTED_EDGE ( 'NONE', *, *, #949, .F. ) ;
#473 = DIRECTION ( 'NONE',  ( -0.000000000000000000, 1.000000000000000000, -0.000000000000000000 ) ) ;
#474 = ORIENTED_EDGE ( 'NONE', *, *, #307, .F. ) ;
#475 = LINE ( 'NONE', #787, #762 ) ;
#476 = DIRECTION ( 'NONE',  ( 0.000000000000000000, 1.000000000000000000, -5.289189836975313545E-17 ) ) ;
#477 = DIRECTION ( 'NONE',  ( 1.000000000000000000, 1.156482317317871725E-16, -0.000000000000000000 ) ) ;
#478 = VERTEX_POINT ( 'NONE', #968 ) ;
#479 = CARTESIAN_POINT ( 'NONE',  ( 6.313047325569980828, -2.295612366210465272, 61.00000000000000000 ) ) ;
#480 = ORIENTED_EDGE ( 'NONE', *, *, #394, .F. ) ;
#481 = CARTESIAN_POINT ( 'NONE',  ( 7.000000000000000888, -3.629065036196706728, 0.000000000000000000 ) ) ;
#482 = LINE ( 'NONE', #118, #239 ) ;
#483 = AXIS2_PLACEMENT_3D ( 'NONE', #626, #821, #643 ) ;
#484 = DIRECTION ( 'NONE',  ( 1.000000000000000000, 0.000000000000000000, 0.000000000000000000 ) ) ;
#485 = LINE ( 'NONE', #681, #317 ) ;
#486 = ORIENTED_EDGE ( 'NONE', *, *, #785, .F. ) ;
#487 = EDGE_CURVE ( 'NONE', #628, #44, #646, .T. ) ;
#488 = PLANE ( 'NONE',  #98 ) ;
#489 = DIRECTION ( 'NONE',  ( 0.000000000000000000, 0.000000000000000000, -1.000000000000000000 ) ) ;
#490 = EDGE_LOOP ( 'NONE', ( #1298, #625, #658, #1181 ) ) ;
#491 = CARTESIAN_POINT ( 'NONE',  ( 0.000000000000000000, -15.00000000000000000, 65.00000000000000000 ) ) ;
#492 = AXIS2_PLACEMENT_3D ( 'NONE', #145, #882, #1200 ) ;
#493 = LINE ( 'NONE', #916, #383 ) ;
#494 = ORIENTED_EDGE ( 'NONE', *, *, #938, .T. ) ;
#495 = CARTESIAN_POINT ( 'NONE',  ( 5.500000000000004441, -3.766312949941646782, 60.82728050566503697 ) ) ;
#496 = ORIENTED_EDGE ( 'NONE', *, *, #487, .T. ) ;
#497 = FILL_AREA_STYLE_COLOUR ( '', #731 ) ;
#498 = CARTESIAN_POINT ( 'NONE',  ( 5.593361812160623003, -9.870648294311783033, 4.133546764203817503 ) ) ;
#499 = EDGE_LOOP ( 'NONE', ( #1218, #570, #1256, #549 ) ) ;
#500 = CARTESIAN_POINT ( 'NONE',  ( 15.00000000000000000, -2.000000000000000000, 2.000000000000001776 ) ) ;
#501 = ORIENTED_EDGE ( 'NONE', *, *, #743, .F. ) ;
#502 = SURFACE_STYLE_FILL_AREA ( #395 ) ;
#503 = EDGE_CURVE ( 'NONE', #12, #453, #475, .T. ) ;
#504 = AXIS2_PLACEMENT_3D ( 'NONE', #491, #1121, #1002 ) ;
#505 = DIRECTION ( 'NONE',  ( 0.000000000000000000, 0.000000000000000000, -1.000000000000000000 ) ) ;
#506 = CIRCLE ( 'NONE', #777, 1.499999999999996225 ) ;
#507 = EDGE_LOOP ( 'NONE', ( #1262, #885, #158, #694 ) ) ;
#508 = ORIENTED_EDGE ( 'NONE', *, *, #720, .F. ) ;
#509 = CARTESIAN_POINT ( 'NONE',  ( 15.00000000000000178, -12.99999999999999467, 65.00000000000000000 ) ) ;
#510 = AXIS2_PLACEMENT_3D ( 'NONE', #612, #315, #1106 ) ;
#511 = DIRECTION ( 'NONE',  ( 1.000000000000000000, -0.000000000000000000, -0.000000000000000000 ) ) ;
#512 = EDGE_CURVE ( 'NONE', #974, #354, #1196, .T. ) ;
#513 = CARTESIAN_POINT ( 'NONE',  ( 0.000000000000000000, -10.50955652421244757, 16.10000000000000142 ) ) ;
#514 = ORIENTED_EDGE ( 'NONE', *, *, #1215, .F. ) ;
#515 = EDGE_LOOP ( 'NONE', ( #25, #1229 ) ) ;
#516 =( LENGTH_UNIT ( ) NAMED_UNIT ( * ) SI_UNIT ( .MILLI., .METRE. ) );
#517 = DIRECTION ( 'NONE',  ( 0.000000000000000000, -3.043374519257556522E-17, -1.000000000000000000 ) ) ;
#518 = PLANE ( 'NONE',  #201 ) ;
#519 = ORIENTED_EDGE ( 'NONE', *, *, #237, .F. ) ;
#520 = EDGE_CURVE ( 'NONE', #44, #1093, #468, .T. ) ;
#521 = DIRECTION ( 'NONE',  ( 1.000000000000000000, 1.156482317317871478E-16, 0.000000000000000000 ) ) ;
#522 = ORIENTED_EDGE ( 'NONE', *, *, #147, .T. ) ;
#523 = AXIS2_PLACEMENT_3D ( 'NONE', #1270, #72, #484 ) ;
#524 = FACE_OUTER_BOUND ( 'NONE', #507, .T. ) ;
#525 = ORIENTED_EDGE ( 'NONE', *, *, #874, .F. ) ;
#526 = ORIENTED_EDGE ( 'NONE', *, *, #1290, .T. ) ;
#527 = DIRECTION ( 'NONE',  ( 1.000000000000000000, 0.000000000000000000, 0.000000000000000000 ) ) ;
#528 = EDGE_CURVE ( 'NONE', #453, #723, #1220, .T. ) ;
#529 = LINE ( 'NONE', #1134, #1109 ) ;
#530 = AXIS2_PLACEMENT_3D ( 'NONE', #1038, #1125, #230 ) ;
#531 = CARTESIAN_POINT ( 'NONE',  ( 2.000000000000000000, -13.00000000000000000, 2.000000000000000000 ) ) ;
#532 = VERTEX_POINT ( 'NONE', #934 ) ;
#533 = EDGE_CURVE ( 'NONE', #628, #1070, #631, .T. ) ;
#534 = DIRECTION ( 'NONE',  ( 1.000000000000000000, 1.156482317317871725E-16, -0.000000000000000000 ) ) ;
#535 = AXIS2_PLACEMENT_3D ( 'NONE', #63, #1293, #583 ) ;
#536 = CYLINDRICAL_SURFACE ( 'NONE', #1175, 2.000000000000000000 ) ;
#537 = ORIENTED_EDGE ( 'NONE', *, *, #229, .F. ) ;
#538 = DIRECTION ( 'NONE',  ( 1.000000000000000000, 0.000000000000000000, 0.000000000000000000 ) ) ;
#539 = CIRCLE ( 'NONE', #940, 2.000000000000000000 ) ;
#540 = DIRECTION ( 'NONE',  ( 0.000000000000000000, 0.000000000000000000, -1.000000000000000000 ) ) ;
#541 = EDGE_CURVE ( 'NONE', #925, #1008, #124, .T. ) ;
#542 = CARTESIAN_POINT ( 'NONE',  ( 5.499999999999996447, -10.40906503619670787, 0.000000000000000000 ) ) ;
#543 = ORIENTED_EDGE ( 'NONE', *, *, #34, .T. ) ;
#544 = PRESENTATION_LAYER_ASSIGNMENT (  '', '', ( #197 ) ) ;
#545 = LINE ( 'NONE', #1152, #57 ) ;
#546 = LINE ( 'NONE', #30, #710 ) ;
#547 = LINE ( 'NONE', #947, #371 ) ;
#548 = AXIS2_PLACEMENT_3D ( 'NONE', #741, #210, #1128 ) ;
#549 = ORIENTED_EDGE ( 'NONE', *, *, #1132, .F. ) ;
#550 = AXIS2_PLACEMENT_3D ( 'NONE', #875, #866, #247 ) ;
#551 = CARTESIAN_POINT ( 'NONE',  ( 15.00000000000000178, -4.363439511215302602, 16.10000000000000142 ) ) ;
#552 = ORIENTED_EDGE ( 'NONE', *, *, #949, .T. ) ;
#553 = CARTESIAN_POINT ( 'NONE',  ( 2.000000000000000000, -2.000000000000000000, 2.000000000000001776 ) ) ;
#554 = CARTESIAN_POINT ( 'NONE',  ( 15.00000000000000178, -14.99999999999999822, 63.00000000000000000 ) ) ;
#555 = DIRECTION ( 'NONE',  ( 0.000000000000000000, 0.000000000000000000, 1.000000000000000000 ) ) ;
#556 = EDGE_CURVE ( 'NONE', #74, #1030, #935, .T. ) ;
#557 = LINE ( 'NONE', #955, #633 ) ;
#558 = ORIENTED_EDGE ( 'NONE', *, *, #420, .F. ) ;
#559 = EDGE_CURVE ( 'NONE', #1119, #59, #227, .T. ) ;
#560 = CARTESIAN_POINT ( 'NONE',  ( 6.191070184078823146, -11.67967893773417032, 4.000000000000003553 ) ) ;
#561 = ORIENTED_EDGE ( 'NONE', *, *, #774, .T. ) ;
#562 = PLANE ( 'NONE',  #926 ) ;
#563 = DIRECTION ( 'NONE',  ( -0.000000000000000000, 0.000000000000000000, -1.000000000000000000 ) ) ;
#564 = FACE_BOUND ( 'NONE', #838, .T. ) ;
#565 = FACE_OUTER_BOUND ( 'NONE', #343, .T. ) ;
#566 = ORIENTED_EDGE ( 'NONE', *, *, #401, .T. ) ;
#567 = AXIS2_PLACEMENT_3D ( 'NONE', #351, #369, #1179 ) ;
#568 = CARTESIAN_POINT ( 'NONE',  ( 15.00000000000000178, -4.363439511215300826, 48.89752721011862491 ) ) ;
#569 = EDGE_CURVE ( 'NONE', #723, #478, #1273, .T. ) ;
#570 = ORIENTED_EDGE ( 'NONE', *, *, #1067, .T. ) ;
#571 = VECTOR ( 'NONE', #511, 1000.000000000000000 ) ;
#572 = AXIS2_PLACEMENT_3D ( 'NONE', #249, #757, #1052 ) ;
#573 = DIRECTION ( 'NONE',  ( -0.000000000000000000, -0.000000000000000000, 1.000000000000000000 ) ) ;
#574 = CARTESIAN_POINT ( 'NONE',  ( 2.000000000000000000, -2.000000000000000000, 65.00000000000000000 ) ) ;
#575 = CIRCLE ( 'NONE', #334, 3.073058506498575593 ) ;
#576 = B_SPLINE_CURVE_WITH_KNOTS ( 'NONE', 3,
 ( #828, #942, #14, #231, #1136, #1242, #332, #650, #977, #252 ),
 .UNSPECIFIED., .F., .F.,
 ( 4, 2, 2, 2, 4 ),
 ( 0.000000000000000000, 0.0004111781349409198739, 0.0008223562698818397479, 0.001233534404822759622, 0.001644712539763679496 ),
 .UNSPECIFIED. ) ;
#577 = CARTESIAN_POINT ( 'NONE',  ( 0.000000000000000000, -2.000000000000000000, 65.00000000000000000 ) ) ;
#578 = ORIENTED_EDGE ( 'NONE', *, *, #569, .F. ) ;
#579 = VECTOR ( 'NONE', #803, 1000.000000000000000 ) ;
#580 = CARTESIAN_POINT ( 'NONE',  ( 6.077974832543901584, -11.60018139535219106, 4.011245557528888561 ) ) ;
#581 = VERTEX_POINT ( 'NONE', #47 ) ;
#582 = EDGE_CURVE ( 'NONE', #430, #1246, #414, .T. ) ;
#583 = DIRECTION ( 'NONE',  ( -1.000000000000000000, 0.000000000000000000, 0.000000000000000000 ) ) ;
#584 = DIRECTION ( 'NONE',  ( -1.000000000000000000, 0.000000000000000000, 0.000000000000000000 ) ) ;
#585 = CARTESIAN_POINT ( 'NONE',  ( 4.313047325569980828, -4.263895572766151939E-16, 4.000000000000003553 ) ) ;
#586 = ORIENTED_EDGE ( 'NONE', *, *, #743, .T. ) ;
#587 = CARTESIAN_POINT ( 'NONE',  ( 4.313047325569982604, -15.00000000000000000, 59.00000000000000711 ) ) ;
#588 = ORIENTED_EDGE ( 'NONE', *, *, #186, .T. ) ;
#589 = DIRECTION ( 'NONE',  ( 0.000000000000000000, -1.586756951092593879E-16, 1.000000000000000000 ) ) ;
#590 = DIRECTION ( 'NONE',  ( 0.000000000000000000, 0.000000000000000000, -1.000000000000000000 ) ) ;
#591 = FACE_OUTER_BOUND ( 'NONE', #381, .T. ) ;
#592 = EDGE_CURVE ( 'NONE', #207, #59, #546, .T. ) ;
#593 = CARTESIAN_POINT ( 'NONE',  ( 0.000000000000000000, -7.436498017713875974, 51.97058571661720094 ) ) ;
#594 = ORIENTED_EDGE ( 'NONE', *, *, #1117, .F. ) ;
#595 = FACE_OUTER_BOUND ( 'NONE', #1005, .T. ) ;
#596 = ORIENTED_EDGE ( 'NONE', *, *, #270, .F. ) ;
#597 = CARTESIAN_POINT ( 'NONE',  ( 6.313047325569981716, -11.74251770618295510, 61.00000000000000000 ) ) ;
#598 = DIRECTION ( 'NONE',  ( 0.000000000000000000, -1.000000000000000000, 0.000000000000000000 ) ) ;
#599 = ORIENTED_EDGE ( 'NONE', *, *, #422, .T. ) ;
#600 = CARTESIAN_POINT ( 'NONE',  ( 5.648840489056716763, -4.294512983563551600, 60.88794077685727046 ) ) ;
#601 = ORIENTED_EDGE ( 'NONE', *, *, #1161, .T. ) ;
#602 = VECTOR ( 'NONE', #766, 1000.000000000000000 ) ;
#603 = CARTESIAN_POINT ( 'NONE',  ( 0.000000000000000000, 0.000000000000000000, 2.000000000000000000 ) ) ;
#604 = CARTESIAN_POINT ( 'NONE',  ( 5.500000000000005329, -3.491737290602532795, 60.82728050566503697 ) ) ;
#605 = ORIENTED_EDGE ( 'NONE', *, *, #8, .T. ) ;
#606 = AXIS2_PLACEMENT_3D ( 'NONE', #481, #573, #1089 ) ;
#607 = EDGE_CURVE ( 'NONE', #142, #1310, #1055, .T. ) ;
#608 = DIRECTION ( 'NONE',  ( -1.000000000000000000, -1.156482317317871478E-16, 0.000000000000000000 ) ) ;
#609 = ORIENTED_EDGE ( 'NONE', *, *, #969, .T. ) ;
#610 = ADVANCED_FACE ( 'NONE', ( #434 ), #834, .T. ) ;
#611 = CARTESIAN_POINT ( 'NONE',  ( 6.077634803431418931, -11.59986882727805302, 60.98869786980740315 ) ) ;
#612 = CARTESIAN_POINT ( 'NONE',  ( 2.000000000000000000, -13.00000000000000000, 2.000000000000000000 ) ) ;
#613 = VECTOR ( 'NONE', #1150, 1000.000000000000000 ) ;
#614 = CARTESIAN_POINT ( 'NONE',  ( 8.499999999999996447, -3.629065036196706728, 0.000000000000000000 ) ) ;
#615 = ORIENTED_EDGE ( 'NONE', *, *, #362, .T. ) ;
#616 = CARTESIAN_POINT ( 'NONE',  ( 5.593361812160622115, -10.94748177808163270, 60.86645323579618605 ) ) ;
#617 =( GEOMETRIC_REPRESENTATION_CONTEXT ( 3 ) GLOBAL_UNCERTAINTY_ASSIGNED_CONTEXT ( ( #896 ) ) GLOBAL_UNIT_ASSIGNED_CONTEXT ( ( #516, #312, #724 ) ) REPRESENTATION_CONTEXT ( 'NONE', 'WORKASPACE' ) );
#618 = CARTESIAN_POINT ( 'NONE',  ( 5.791263208861262335, -2.730347539334435414, 60.93218108103246067 ) ) ;
#619 = AXIS2_PLACEMENT_3D ( 'NONE', #180, #1013, #1299 ) ;
#620 = CIRCLE ( 'NONE', #268, 1.499999999999996891 ) ;
#621 = DIRECTION ( 'NONE',  ( -0.000000000000000000, -0.000000000000000000, 1.000000000000000000 ) ) ;
#622 = EDGE_CURVE ( 'NONE', #991, #438, #408, .T. ) ;
#623 = AXIS2_PLACEMENT_3D ( 'NONE', #856, #380, #58 ) ;
#624 = CARTESIAN_POINT ( 'NONE',  ( 5.499999999999997335, -10.40906503619670787, 4.172719494334961254 ) ) ;
#625 = ORIENTED_EDGE ( 'NONE', *, *, #382, .F. ) ;
#626 = CARTESIAN_POINT ( 'NONE',  ( 7.000000000000000888, -3.629065036196706728, 4.000000000000003553 ) ) ;
#627 = CARTESIAN_POINT ( 'NONE',  ( 6.313047325569980828, 0.000000000000000000, 6.000000000000003553 ) ) ;
#628 = VERTEX_POINT ( 'NONE', #1234 ) ;
#629 = DIRECTION ( 'NONE',  ( 0.000000000000000000, -1.000000000000000000, 0.000000000000000000 ) ) ;
#630 = EDGE_CURVE ( 'NONE', #140, #1205, #1035, .T. ) ;
#631 = LINE ( 'NONE', #215, #363 ) ;
#632 = CARTESIAN_POINT ( 'NONE',  ( 6.191070184078824923, -4.899678937734162965, 4.000000000000003553 ) ) ;
#633 = VECTOR ( 'NONE', #1261, 1000.000000000000000 ) ;
#634 = VECTOR ( 'NONE', #1081, 1000.000000000000000 ) ;
#635 = CARTESIAN_POINT ( 'NONE',  ( 0.000000000000000000, -7.436498017713875974, 48.89752721011862491 ) ) ;
#636 = EDGE_CURVE ( 'NONE', #84, #12, #402, .T. ) ;
#637 = ORIENTED_EDGE ( 'NONE', *, *, #592, .F. ) ;
#638 = APPLICATION_PROTOCOL_DEFINITION ( 'draft international standard', 'automotive_design', 1998, #251 ) ;
#639 = CARTESIAN_POINT ( 'NONE',  ( 6.313047325569981716, -9.075612366210460635, 61.00000000000000000 ) ) ;
#640 = CIRCLE ( 'NONE', #807, 2.000000000000000000 ) ;
#641 = DIRECTION ( 'NONE',  ( 0.000000000000000000, 0.000000000000000000, -1.000000000000000000 ) ) ;
#642 = ORIENTED_EDGE ( 'NONE', *, *, #123, .T. ) ;
#643 = DIRECTION ( 'NONE',  ( -1.000000000000000000, 0.000000000000000000, 0.000000000000000000 ) ) ;
#644 = CARTESIAN_POINT ( 'NONE',  ( 6.313047325569980828, -4.962517706182947741, 4.000000000000003553 ) ) ;
#645 = ADVANCED_FACE ( 'NONE', ( #591 ), #1170, .F. ) ;
#646 = CIRCLE ( 'NONE', #535, 2.000000000000000000 ) ;
#647 = DIRECTION ( 'NONE',  ( 1.000000000000000000, 0.000000000000000000, 0.000000000000000000 ) ) ;
#648 = EDGE_LOOP ( 'NONE', ( #963, #75, #298, #976 ) ) ;
#649 = DIRECTION ( 'NONE',  ( -1.000000000000000000, 0.000000000000000000, 0.000000000000000000 ) ) ;
#650 = CARTESIAN_POINT ( 'NONE',  ( 5.519425706300093992, -3.352617319141520724, 4.163764817608384128 ) ) ;
#651 = DIRECTION ( 'NONE',  ( 1.156482317317871725E-16, -1.000000000000000000, -0.000000000000000000 ) ) ;
#652 = ORIENTED_EDGE ( 'NONE', *, *, #630, .F. ) ;
#653 = FACE_OUTER_BOUND ( 'NONE', #277, .T. ) ;
#654 = FACE_OUTER_BOUND ( 'NONE', #499, .T. ) ;
#655 = DIRECTION ( 'NONE',  ( -0.000000000000000000, -0.000000000000000000, 1.000000000000000000 ) ) ;
#656 = ADVANCED_FACE ( 'NONE', ( #1278 ), #370, .F. ) ;
#657 = B_SPLINE_CURVE_WITH_KNOTS ( 'NONE', 3,
 ( #1078, #366, #341, #666, #660, #1059, #157, #580, #560, #458 ),
 .UNSPECIFIED., .F., .F.,
 ( 4, 2, 2, 2, 4 ),
 ( 0.001644712539763691422, 0.002056129841260817808, 0.002467547142757944411, 0.002878964444255071014, 0.003290381745752197617 ),
 .UNSPECIFIED. ) ;
#658 = ORIENTED_EDGE ( 'NONE', *, *, #861, .T. ) ;
#659 = VECTOR ( 'NONE', #1192, 1000.000000000000000 ) ;
#660 = CARTESIAN_POINT ( 'NONE',  ( 5.648555048841221726, -11.07414722164916654, 4.112135489894180651 ) ) ;
#661 = ORIENTED_EDGE ( 'NONE', *, *, #85, .F. ) ;
#662 = DIRECTION ( 'NONE',  ( 0.000000000000000000, 5.289189836975313545E-17, 1.000000000000000000 ) ) ;
#663 = CARTESIAN_POINT ( 'NONE',  ( 8.500000000000001776, -10.40906503619670787, 4.000000000000003553 ) ) ;
#664 = EDGE_CURVE ( 'NONE', #84, #228, #1199, .T. ) ;
#665 = ORIENTED_EDGE ( 'NONE', *, *, #110, .F. ) ;
#666 = CARTESIAN_POINT ( 'NONE',  ( 5.593717393958253403, -10.94871972967982821, 4.133401851973021124 ) ) ;
#667 = ORIENTED_EDGE ( 'NONE', *, *, #335, .T. ) ;
#668 = CYLINDRICAL_SURFACE ( 'NONE', #832, 2.000000000000001776 ) ;
#669 = DIRECTION ( 'NONE',  ( -0.000000000000000000, -0.000000000000000000, 1.000000000000000000 ) ) ;
#670 = VECTOR ( 'NONE', #589, 1000.000000000000000 ) ;
#671 = CARTESIAN_POINT ( 'NONE',  ( 15.00000000000000000, 0.000000000000000000, 2.000000000000001776 ) ) ;
#672 = CARTESIAN_POINT ( 'NONE',  ( 15.00000000000000178, -10.50955652421245112, 48.89752721011862491 ) ) ;
#673 = VERTEX_POINT ( 'NONE', #352 ) ;
#674 = EDGE_CURVE ( 'NONE', #478, #84, #753, .T. ) ;
#675 = DIRECTION ( 'NONE',  ( -1.000000000000000000, -0.000000000000000000, -0.000000000000000000 ) ) ;
#676 = VERTEX_POINT ( 'NONE', #361 ) ;
#677 = AXIS2_PLACEMENT_3D ( 'NONE', #86, #621, #703 ) ;
#678 = AXIS2_PLACEMENT_3D ( 'NONE', #685, #1110, #899 ) ;
#679 = DIRECTION ( 'NONE',  ( -1.156482317317871725E-16, 1.000000000000000000, 0.000000000000000000 ) ) ;
#680 = FACE_OUTER_BOUND ( 'NONE', #1079, .T. ) ;
#681 = CARTESIAN_POINT ( 'NONE',  ( 0.000000000000000000, -2.000000000000000000, 65.00000000000000000 ) ) ;
#682 = VERTEX_POINT ( 'NONE', #671 ) ;
#683 = ORIENTED_EDGE ( 'NONE', *, *, #630, .T. ) ;
#684 = VECTOR ( 'NONE', #73, 1000.000000000000000 ) ;
#685 = CARTESIAN_POINT ( 'NONE',  ( 4.313047325569980828, -1.235927179399125303E-15, 61.00000000000000000 ) ) ;
#686 = ORIENTED_EDGE ( 'NONE', *, *, #373, .T. ) ;
#687 = CYLINDRICAL_SURFACE ( 'NONE', #190, 2.000000000000001776 ) ;
#688 = ADVANCED_FACE ( 'NONE', ( #163, #564, #770 ), #1155, .F. ) ;
#689 = CARTESIAN_POINT ( 'NONE',  ( 6.313047325569980828, -1.004630715935550958E-15, 61.00000000000000000 ) ) ;
#690 = PRODUCT_DEFINITION_CONTEXT ( 'detailed design', #251, 'design' ) ;
#691 = LINE ( 'NONE', #577, #659 ) ;
#692 = ORIENTED_EDGE ( 'NONE', *, *, #133, .T. ) ;
#693 = DIRECTION ( 'NONE',  ( 0.000000000000000000, 0.000000000000000000, -1.000000000000000000 ) ) ;
#694 = ORIENTED_EDGE ( 'NONE', *, *, #1067, .F. ) ;
#695 = DIRECTION ( 'NONE',  ( -1.000000000000000000, 0.000000000000000000, 0.000000000000000000 ) ) ;
#696 = DIRECTION ( 'NONE',  ( 0.000000000000000000, 0.000000000000000000, -1.000000000000000000 ) ) ;
#697 = ADVANCED_FACE ( 'NONE', ( #1259, #978 ), #562, .T. ) ;
#698 = DIRECTION ( 'NONE',  ( 1.000000000000000000, 0.000000000000000000, 0.000000000000000000 ) ) ;
#699 = ORIENTED_EDGE ( 'NONE', *, *, #100, .F. ) ;
#700 = CARTESIAN_POINT ( 'NONE',  ( 5.790369901602934632, -4.526421163784383417, 60.93191599430890193 ) ) ;
#701 = ORIENTED_EDGE ( 'NONE', *, *, #520, .T. ) ;
#702 = VECTOR ( 'NONE', #769, 1000.000000000000000 ) ;
#703 = DIRECTION ( 'NONE',  ( 1.000000000000000000, 0.000000000000000000, 0.000000000000000000 ) ) ;
#704 = CARTESIAN_POINT ( 'NONE',  ( 5.877164386150932174, -9.405067322570381805, 4.045429884583443325 ) ) ;
#705 = CARTESIAN_POINT ( 'NONE',  ( 6.313047325569981716, -9.075612366210460635, 61.00000000000000000 ) ) ;
#706 = LINE ( 'NONE', #1297, #1022 ) ;
#707 = CIRCLE ( 'NONE', #998, 2.000000000000000000 ) ;
#708 = B_SPLINE_CURVE_WITH_KNOTS ( 'NONE', 3,
 ( #1122, #604, #177, #819, #419, #618, #1019, #303, #290, #722 ),
 .UNSPECIFIED., .F., .F.,
 ( 4, 2, 2, 2, 4 ),
 ( 0.001644712539763681014, 0.002056129841260805231, 0.002467547142757929232, 0.002878964444255053233, 0.003290381745752177668 ),
 .UNSPECIFIED. ) ;
#709 = CARTESIAN_POINT ( 'NONE',  ( 5.648840489056709657, -9.743617088829861217, 4.112059223142735753 ) ) ;
#710 = VECTOR ( 'NONE', #655, 1000.000000000000000 ) ;
#711 = ORIENTED_EDGE ( 'NONE', *, *, #362, .F. ) ;
#712 = CARTESIAN_POINT ( 'NONE',  ( 5.499999999999996447, -10.27173729060253393, 60.82728050566503697 ) ) ;
#713 = EDGE_LOOP ( 'NONE', ( #90, #1158, #271, #95 ) ) ;
#714 = LINE ( 'NONE', #895, #571 ) ;
#715 = CARTESIAN_POINT ( 'NONE',  ( 6.313047325569982604, -15.00000000000000000, 6.000000000000003553 ) ) ;
#716 = AXIS2_PLACEMENT_3D ( 'NONE', #243, #841, #745 ) ;
#717 = VERTEX_POINT ( 'NONE', #1266 ) ;
#718 = FACE_OUTER_BOUND ( 'NONE', #1327, .T. ) ;
#719 = CARTESIAN_POINT ( 'NONE',  ( 5.499999999999997335, -10.40906503619670787, 4.172719494334961254 ) ) ;
#720 = EDGE_CURVE ( 'NONE', #904, #682, #161, .T. ) ;
#721 = ORIENTED_EDGE ( 'NONE', *, *, #622, .T. ) ;
#722 = CARTESIAN_POINT ( 'NONE',  ( 6.313047325569980828, -2.295612366210465272, 61.00000000000000000 ) ) ;
#723 = VERTEX_POINT ( 'NONE', #1169 ) ;
#724 =( NAMED_UNIT ( * ) SI_UNIT ( $, .STERADIAN. ) SOLID_ANGLE_UNIT ( ) );
#725 = CARTESIAN_POINT ( 'NONE',  ( 5.876874405221941267, -4.632796817513144205, 4.045477937453470396 ) ) ;
#726 = DIRECTION ( 'NONE',  ( 1.000000000000000000, 1.156482317317871725E-16, -0.000000000000000000 ) ) ;
#727 = ORIENTED_EDGE ( 'NONE', *, *, #1172, .T. ) ;
#728 = DIRECTION ( 'NONE',  ( -0.000000000000000000, -0.000000000000000000, -1.000000000000000000 ) ) ;
#729 = AXIS2_PLACEMENT_3D ( 'NONE', #1190, #1188, #779 ) ;
#730 = CARTESIAN_POINT ( 'NONE',  ( 2.000000000000000000, -2.000000000000000000, 65.00000000000000000 ) ) ;
#731 = COLOUR_RGB ( '',1.000000000000000000, 1.000000000000000000, 1.000000000000000000 ) ;
#732 = EDGE_CURVE ( 'NONE', #1008, #1310, #214, .T. ) ;
#733 = ORIENTED_EDGE ( 'NONE', *, *, #528, .F. ) ;
#734 = CARTESIAN_POINT ( 'NONE',  ( 2.000000000000000000, 0.000000000000000000, 2.000000000000001776 ) ) ;
#735 = AXIS2_PLACEMENT_3D ( 'NONE', #1228, #912, #396 ) ;
#736 = CARTESIAN_POINT ( 'NONE',  ( 4.313047325569980828, 4.987962965776820874E-16, 59.00000000000000000 ) ) ;
#737 = ORIENTED_EDGE ( 'NONE', *, *, #139, .T. ) ;
#738 = ADVANCED_FACE ( 'NONE', ( #654 ), #871, .F. ) ;
#739 = CARTESIAN_POINT ( 'NONE',  ( 2.000000000000000000, -2.000000000000000000, 63.00000000000000000 ) ) ;
#740 = DIRECTION ( 'NONE',  ( 1.000000000000000000, 1.156482317317871725E-16, 1.642484114365333902E-33 ) ) ;
#741 = CARTESIAN_POINT ( 'NONE',  ( 15.00000000000000178, -10.50955652421244579, 16.10000000000000142 ) ) ;
#742 = ORIENTED_EDGE ( 'NONE', *, *, #923, .T. ) ;
#743 = EDGE_CURVE ( 'NONE', #207, #365, #1260, .T. ) ;
#744 = CARTESIAN_POINT ( 'NONE',  ( 8.500000000000001776, -10.40906503619670787, 61.00000000000000000 ) ) ;
#745 = DIRECTION ( 'NONE',  ( 0.000000000000000000, 0.000000000000000000, 1.000000000000000000 ) ) ;
#746 = EDGE_CURVE ( 'NONE', #1251, #676, #1090, .T. ) ;
#747 = DIRECTION ( 'NONE',  ( 0.000000000000000000, -1.000000000000000000, 0.000000000000000000 ) ) ;
#748 = EDGE_LOOP ( 'NONE', ( #480, #667, #450 ) ) ;
#749 = DIRECTION ( 'NONE',  ( -1.000000000000000000, -0.000000000000000000, -0.000000000000000000 ) ) ;
#750 = ORIENTED_EDGE ( 'NONE', *, *, #1107, .F. ) ;
#751 = CARTESIAN_POINT ( 'NONE',  ( 8.500000000000001776, -10.40906503619670787, 65.00000000000000000 ) ) ;
#752 = EDGE_CURVE ( 'NONE', #59, #1100, #961, .T. ) ;
#753 = LINE ( 'NONE', #245, #855 ) ;
#754 = VECTOR ( 'NONE', #749, 1000.000000000000000 ) ;
#755 = DIRECTION ( 'NONE',  ( -1.000000000000000000, 0.000000000000000000, 0.000000000000000000 ) ) ;
#756 = ORIENTED_EDGE ( 'NONE', *, *, #559, .F. ) ;
#757 = DIRECTION ( 'NONE',  ( -1.000000000000000000, -1.156482317317871725E-16, 0.000000000000000000 ) ) ;
#758 = ORIENTED_EDGE ( 'NONE', *, *, #720, .T. ) ;
#759 = CARTESIAN_POINT ( 'NONE',  ( 2.000000000000000000, -13.00000000000000000, 2.000000000000000000 ) ) ;
#760 = CARTESIAN_POINT ( 'NONE',  ( 6.999999999999999112, -10.40906503619670787, 0.000000000000000000 ) ) ;
#761 = DIRECTION ( 'NONE',  ( -0.000000000000000000, -0.000000000000000000, 1.000000000000000000 ) ) ;
#762 = VECTOR ( 'NONE', #45, 1000.000000000000000 ) ;
#763 = CARTESIAN_POINT ( 'NONE',  ( 5.500000000000004441, -3.629065036196706728, 60.82728050566504407 ) ) ;
#764 = ORIENTED_EDGE ( 'NONE', *, *, #999, .T. ) ;
#765 = ORIENTED_EDGE ( 'NONE', *, *, #746, .T. ) ;
#766 = DIRECTION ( 'NONE',  ( -0.000000000000000000, -0.000000000000000000, 1.000000000000000000 ) ) ;
#767 = ORIENTED_EDGE ( 'NONE', *, *, #54, .T. ) ;
#768 = CARTESIAN_POINT ( 'NONE',  ( 2.000000000000000000, 0.000000000000000000, 63.00000000000000000 ) ) ;
#769 = DIRECTION ( 'NONE',  ( -0.000000000000000000, -0.000000000000000000, -1.000000000000000000 ) ) ;
#770 = FACE_OUTER_BOUND ( 'NONE', #36, .T. ) ;
#771 = AXIS2_PLACEMENT_3D ( 'NONE', #759, #886, #985 ) ;
#772 = CARTESIAN_POINT ( 'NONE',  ( 0.000000000000000000, -7.436498017713874198, 16.10000000000000142 ) ) ;
#773 = EDGE_LOOP ( 'NONE', ( #558, #1088, #956, #1258, #136 ) ) ;
#774 = EDGE_CURVE ( 'NONE', #1272, #310, #170, .T. ) ;
#775 = DIRECTION ( 'NONE',  ( -0.000000000000000000, 1.000000000000000000, -0.000000000000000000 ) ) ;
#776 = ORIENTED_EDGE ( 'NONE', *, *, #752, .T. ) ;
#777 = AXIS2_PLACEMENT_3D ( 'NONE', #877, #1283, #375 ) ;
#778 = CARTESIAN_POINT ( 'NONE',  ( 6.313047325569982604, -15.00000000000000000, 61.00000000000000000 ) ) ;
#779 = DIRECTION ( 'NONE',  ( -1.000000000000000000, 0.000000000000000000, -0.000000000000000000 ) ) ;
#780 = AXIS2_PLACEMENT_3D ( 'NONE', #108, #1317, #191 ) ;
#781 = CARTESIAN_POINT ( 'NONE',  ( 4.313047325569982604, -15.00000000000000000, 61.00000000000000000 ) ) ;
#782 = ORIENTED_EDGE ( 'NONE', *, *, #1162, .F. ) ;
#783 = VECTOR ( 'NONE', #372, 1000.000000000000000 ) ;
#784 = DIRECTION ( 'NONE',  ( -1.000000000000000000, -1.156482317317871725E-16, 0.000000000000000000 ) ) ;
#785 = EDGE_CURVE ( 'NONE', #1251, #717, #907, .T. ) ;
#786 = ORIENTED_EDGE ( 'NONE', *, *, #34, .F. ) ;
#787 = CARTESIAN_POINT ( 'NONE',  ( 4.313047325569981716, -4.363439511215303490, 2.307905991697652529E-16 ) ) ;
#788 = DIRECTION ( 'NONE',  ( 1.000000000000000000, 0.000000000000000000, 0.000000000000000000 ) ) ;
#789 = DIRECTION ( 'NONE',  ( 1.000000000000000000, 1.156482317317871725E-16, -0.000000000000000000 ) ) ;
#790 = ORIENTED_EDGE ( 'NONE', *, *, #224, .F. ) ;
#791 = PLANE ( 'NONE',  #1016 ) ;
#792 = VERTEX_POINT ( 'NONE', #751 ) ;
#793 = EDGE_CURVE ( 'NONE', #1318, #1114, #1209, .T. ) ;
#794 = CYLINDRICAL_SURFACE ( 'NONE', #1268, 1.500000000000003109 ) ;
#795 = EDGE_CURVE ( 'NONE', #385, #1318, #1054, .T. ) ;
#796 = CARTESIAN_POINT ( 'NONE',  ( 8.500000000000001776, -10.40906503619670787, 0.000000000000000000 ) ) ;
#797 = CARTESIAN_POINT ( 'NONE',  ( 5.648555048841219950, -9.743982850744249191, 60.88786451010583534 ) ) ;
#798 = ORIENTED_EDGE ( 'NONE', *, *, #844, .T. ) ;
#799 = VECTOR ( 'NONE', #56, 1000.000000000000000 ) ;
#800 = DIRECTION ( 'NONE',  ( -1.156482317317871725E-16, 1.000000000000000000, -0.000000000000000000 ) ) ;
#801 = AXIS2_PLACEMENT_3D ( 'NONE', #1154, #847, #262 ) ;
#802 = EDGE_CURVE ( 'NONE', #792, #1041, #329, .T. ) ;
#803 = DIRECTION ( 'NONE',  ( 1.156482317317871725E-16, -1.000000000000000000, -0.000000000000000000 ) ) ;
#804 = ORIENTED_EDGE ( 'NONE', *, *, #752, .F. ) ;
#805 = CARTESIAN_POINT ( 'NONE',  ( 5.593717393958255180, -9.869410342713585749, 60.86659814802697355 ) ) ;
#806 = ORIENTED_EDGE ( 'NONE', *, *, #503, .F. ) ;
#807 = AXIS2_PLACEMENT_3D ( 'NONE', #1227, #521, #432 ) ;
#808 = CARTESIAN_POINT ( 'NONE',  ( 5.519425706300085110, -10.68551275325189032, 60.83623518239162564 ) ) ;
#809 = DIRECTION ( 'NONE',  ( 0.000000000000000000, -0.000000000000000000, -1.000000000000000000 ) ) ;
#810 = EDGE_CURVE ( 'NONE', #849, #438, #236, .T. ) ;
#811 = AXIS2_PLACEMENT_3D ( 'NONE', #358, #55, #870 ) ;
#812 = ORIENTED_EDGE ( 'NONE', *, *, #582, .F. ) ;
#813 = CARTESIAN_POINT ( 'NONE',  ( 1.503427012513232947E-15, -13.00000000000000000, 0.000000000000000000 ) ) ;
#814 = FACE_OUTER_BOUND ( 'NONE', #748, .T. ) ;
#815 = CARTESIAN_POINT ( 'NONE',  ( 0.000000000000000000, 0.000000000000000000, 65.00000000000000000 ) ) ;
#816 = ORIENTED_EDGE ( 'NONE', *, *, #1126, .F. ) ;
#817 = ADVANCED_FACE ( 'NONE', ( #680 ), #1286, .T. ) ;
#818 = CARTESIAN_POINT ( 'NONE',  ( 0.000000000000000000, -13.00000000000000000, 65.00000000000000000 ) ) ;
#819 = CARTESIAN_POINT ( 'NONE',  ( 5.593717393958259620, -3.089410342713586832, 60.86659814802697355 ) ) ;
#820 = VERTEX_POINT ( 'NONE', #574 ) ;
#821 = DIRECTION ( 'NONE',  ( -0.000000000000000000, 0.000000000000000000, -1.000000000000000000 ) ) ;
#822 = CARTESIAN_POINT ( 'NONE',  ( 7.000000000000000888, -3.629065036196706728, 0.000000000000000000 ) ) ;
#823 = ORIENTED_EDGE ( 'NONE', *, *, #664, .T. ) ;
#824 = DIRECTION ( 'NONE',  ( -1.000000000000000000, 0.000000000000000000, 0.000000000000000000 ) ) ;
#825 = ORIENTED_EDGE ( 'NONE', *, *, #160, .F. ) ;
#826 = DIRECTION ( 'NONE',  ( -0.000000000000000000, -0.000000000000000000, 1.000000000000000000 ) ) ;
#827 = EDGE_CURVE ( 'NONE', #849, #628, #344, .T. ) ;
#828 = CARTESIAN_POINT ( 'NONE',  ( 6.313047325569980828, -2.295612366210465272, 4.000000000000003553 ) ) ;
#829 = ADVANCED_FACE ( 'NONE', ( #953 ), #37, .F. ) ;
#830 = SPHERICAL_SURFACE ( 'NONE', #1082, 2.000000000000000000 ) ;
#831 = ORIENTED_EDGE ( 'NONE', *, *, #1307, .T. ) ;
#832 = AXIS2_PLACEMENT_3D ( 'NONE', #768, #1168, #1096 ) ;
#833 = CARTESIAN_POINT ( 'NONE',  ( 4.313047325569980828, -1.235927179399125303E-15, 61.00000000000000000 ) ) ;
#834 = CYLINDRICAL_SURFACE ( 'NONE', #1165, 2.000000000000000000 ) ;
#835 = CYLINDRICAL_SURFACE ( 'NONE', #1316, 2.000000000000000000 ) ;
#836 = MECHANICAL_DESIGN_GEOMETRIC_PRESENTATION_REPRESENTATION (  '', ( #858 ), #1033 ) ;
#837 = AXIS2_PLACEMENT_3D ( 'NONE', #193, #299, #173 ) ;
#838 = EDGE_LOOP ( 'NONE', ( #321, #347 ) ) ;
#839 = CARTESIAN_POINT ( 'NONE',  ( 4.313047325569982604, -15.00000000000000000, 61.00000000000000000 ) ) ;
#840 = CIRCLE ( 'NONE', #1123, 2.000000000000000000 ) ;
#841 = DIRECTION ( 'NONE',  ( -1.000000000000000000, -0.000000000000000000, -0.000000000000000000 ) ) ;
#842 = DIRECTION ( 'NONE',  ( -0.000000000000000000, 1.000000000000000000, 0.000000000000000000 ) ) ;
#843 = VECTOR ( 'NONE', #477, 1000.000000000000000 ) ;
#844 = EDGE_CURVE ( 'NONE', #305, #194, #151, .T. ) ;
#845 = ORIENTED_EDGE ( 'NONE', *, *, #335, .F. ) ;
#846 = CARTESIAN_POINT ( 'NONE',  ( 15.00000000000000178, -7.436498017713875974, 48.89752721011862491 ) ) ;
#847 = DIRECTION ( 'NONE',  ( 0.000000000000000000, 0.000000000000000000, -1.000000000000000000 ) ) ;
#848 = CYLINDRICAL_SURFACE ( 'NONE', #433, 2.000000000000000000 ) ;
#849 = VERTEX_POINT ( 'NONE', #400 ) ;
#850 = CYLINDRICAL_SURFACE ( 'NONE', #216, 3.073058506498572484 ) ;
#851 = ADVANCED_FACE ( 'NONE', ( #887, #388 ), #1097, .F. ) ;
#852 = ORIENTED_EDGE ( 'NONE', *, *, #147, .F. ) ;
#853 = DIRECTION ( 'NONE',  ( 1.000000000000000000, 0.000000000000000000, 0.000000000000000000 ) ) ;
#854 = DIRECTION ( 'NONE',  ( -0.000000000000000000, -0.000000000000000000, 1.000000000000000000 ) ) ;
#855 = VECTOR ( 'NONE', #1062, 1000.000000000000000 ) ;
#856 = CARTESIAN_POINT ( 'NONE',  ( 6.999999999999999112, -10.40906503619670787, 0.000000000000000000 ) ) ;
#857 = ORIENTED_EDGE ( 'NONE', *, *, #844, .F. ) ;
#858 = STYLED_ITEM ( 'NONE', ( #302 ), #902 ) ;
#859 = CARTESIAN_POINT ( 'NONE',  ( 5.499999999999997335, -10.40906503619670787, 0.000000000000000000 ) ) ;
#860 = ORIENTED_EDGE ( 'NONE', *, *, #732, .T. ) ;
#861 = EDGE_CURVE ( 'NONE', #820, #1093, #404, .T. ) ;
#862 = DIRECTION ( 'NONE',  ( 1.000000000000000000, 0.000000000000000000, 0.000000000000000000 ) ) ;
#863 = CARTESIAN_POINT ( 'NONE',  ( 15.00000000000000000, 0.000000000000000000, 65.00000000000000000 ) ) ;
#864 = CARTESIAN_POINT ( 'NONE',  ( 6.313047325569982604, -15.00000000000000000, 59.00000000000000000 ) ) ;
#865 = VECTOR ( 'NONE', #534, 1000.000000000000000 ) ;
#866 = DIRECTION ( 'NONE',  ( 0.000000000000000000, -0.000000000000000000, 1.000000000000000000 ) ) ;
#867 = ORIENTED_EDGE ( 'NONE', *, *, #1057, .F. ) ;
#868 = DIRECTION ( 'NONE',  ( -1.000000000000000000, -0.000000000000000000, -0.000000000000000000 ) ) ;
#869 = ORIENTED_EDGE ( 'NONE', *, *, #1098, .F. ) ;
#870 = DIRECTION ( 'NONE',  ( 0.000000000000000000, 1.000000000000000000, 0.000000000000000000 ) ) ;
#871 = PLANE ( 'NONE',  #1101 ) ;
#872 = VECTOR ( 'NONE', #854, 1000.000000000000000 ) ;
#873 = DIRECTION ( 'NONE',  ( 1.000000000000000000, 1.156482317317871725E-16, 1.642484114365333902E-33 ) ) ;
#874 = EDGE_CURVE ( 'NONE', #165, #391, #714, .T. ) ;
#875 = CARTESIAN_POINT ( 'NONE',  ( 2.000000000000000000, -2.000000000000000000, 2.000000000000001776 ) ) ;
#876 = ORIENTED_EDGE ( 'NONE', *, *, #394, .T. ) ;
#877 = CARTESIAN_POINT ( 'NONE',  ( 7.000000000000000888, -3.629065036196706728, 61.00000000000000000 ) ) ;
#878 = ORIENTED_EDGE ( 'NONE', *, *, #131, .F. ) ;
#879 = DIRECTION ( 'NONE',  ( 0.000000000000000000, 0.000000000000000000, -1.000000000000000000 ) ) ;
#880 = DIRECTION ( 'NONE',  ( 1.000000000000000000, 0.000000000000000000, 0.000000000000000000 ) ) ;
#881 = VECTOR ( 'NONE', #125, 1000.000000000000000 ) ;
#882 = DIRECTION ( 'NONE',  ( 0.000000000000000000, 0.000000000000000000, 1.000000000000000000 ) ) ;
#883 = ORIENTED_EDGE ( 'NONE', *, *, #636, .F. ) ;
#884 = LINE ( 'NONE', #813, #265 ) ;
#885 = ORIENTED_EDGE ( 'NONE', *, *, #224, .T. ) ;
#886 = DIRECTION ( 'NONE',  ( 1.000000000000000000, 1.156482317317871478E-16, 0.000000000000000000 ) ) ;
#887 = FACE_OUTER_BOUND ( 'NONE', #257, .T. ) ;
#888 = CARTESIAN_POINT ( 'NONE',  ( 4.313047325569986157, -4.363439511215302602, 16.10000000000000142 ) ) ;
#889 = ORIENTED_EDGE ( 'NONE', *, *, #894, .T. ) ;
#890 = CIRCLE ( 'NONE', #1124, 3.073058506498572484 ) ;
#891 = DIRECTION ( 'NONE',  ( -1.156482317317871478E-16, 1.000000000000000000, 0.000000000000000000 ) ) ;
#892 = CARTESIAN_POINT ( 'NONE',  ( 15.00000000000000000, 0.000000000000000000, 61.00000000000000000 ) ) ;
#893 = ORIENTED_EDGE ( 'NONE', *, *, #246, .T. ) ;
#894 = EDGE_CURVE ( 'NONE', #1205, #1114, #294, .T. ) ;
#895 = CARTESIAN_POINT ( 'NONE',  ( 0.000000000000000000, -2.000000000000000000, 0.000000000000000000 ) ) ;
#896 = UNCERTAINTY_MEASURE_WITH_UNIT (LENGTH_MEASURE( 1.000000000000000082E-05 ), #516, 'distance_accuracy_value', 'NONE');
#897 = DIRECTION ( 'NONE',  ( -0.000000000000000000, 1.000000000000000000, 0.000000000000000000 ) ) ;
#898 = ORIENTED_EDGE ( 'NONE', *, *, #938, .F. ) ;
#899 = DIRECTION ( 'NONE',  ( 1.000000000000000000, 0.000000000000000000, -0.000000000000000000 ) ) ;
#900 = LINE ( 'NONE', #1306, #28 ) ;
#901 = ADVANCED_FACE ( 'NONE', ( #287 ), #1212, .F. ) ;
#902 = MANIFOLD_SOLID_BREP ( 'Ô²½Ç7', #137 ) ;
#903 = DIRECTION ( 'NONE',  ( 0.000000000000000000, 0.000000000000000000, -1.000000000000000000 ) ) ;
#904 = VERTEX_POINT ( 'NONE', #1315 ) ;
#905 = FACE_OUTER_BOUND ( 'NONE', #300, .T. ) ;
#906 = ORIENTED_EDGE ( 'NONE', *, *, #1037, .T. ) ;
#907 = CIRCLE ( 'NONE', #288, 1.499999999999996225 ) ;
#908 =( NAMED_UNIT ( * ) PLANE_ANGLE_UNIT ( ) SI_UNIT ( $, .RADIAN. ) );
#909 = VECTOR ( 'NONE', #800, 1000.000000000000000 ) ;
#910 = ADVANCED_FACE ( 'NONE', ( #71 ), #794, .F. ) ;
#911 = CIRCLE ( 'NONE', #406, 2.000000000000001776 ) ;
#912 = DIRECTION ( 'NONE',  ( 0.000000000000000000, 0.000000000000000000, -1.000000000000000000 ) ) ;
#913 = ORIENTED_EDGE ( 'NONE', *, *, #373, .F. ) ;
#914 = CARTESIAN_POINT ( 'NONE',  ( 15.00000000000000178, -14.99999999999999822, 65.00000000000000000 ) ) ;
#915 = CARTESIAN_POINT ( 'NONE',  ( 6.999999999999999112, -10.40906503619670787, 0.000000000000000000 ) ) ;
#916 = CARTESIAN_POINT ( 'NONE',  ( 6.313047325569980828, -1.004630715935550958E-15, 61.00000000000000000 ) ) ;
#917 = ORIENTED_EDGE ( 'NONE', *, *, #1269, .T. ) ;
#918 = EDGE_CURVE ( 'NONE', #1030, #166, #410, .T. ) ;
#919 = EDGE_LOOP ( 'NONE', ( #845, #467, #293, #857 ) ) ;
#920 = CARTESIAN_POINT ( 'NONE',  ( 4.313047325569982604, -15.00000000000000178, 6.000000000000005329 ) ) ;
#921 = CARTESIAN_POINT ( 'NONE',  ( 15.00000000000000178, -7.436498017713875974, 51.97058571661720094 ) ) ;
#922 = ORIENTED_EDGE ( 'NONE', *, *, #307, .T. ) ;
#923 = EDGE_CURVE ( 'NONE', #950, #1018, #1104, .T. ) ;
#924 = CARTESIAN_POINT ( 'NONE',  ( 5.593717393958259620, -4.168719729679824404, 4.133401851973017571 ) ) ;
#925 = VERTEX_POINT ( 'NONE', #415 ) ;
#926 = AXIS2_PLACEMENT_3D ( 'NONE', #454, #273, #1061 ) ;
#927 = DIRECTION ( 'NONE',  ( 1.000000000000000000, 1.156482317317871478E-16, 0.000000000000000000 ) ) ;
#928 = EDGE_LOOP ( 'NONE', ( #29, #823, #1142, #168 ) ) ;
#929 = CARTESIAN_POINT ( 'NONE',  ( 0.000000000000000000, -10.50955652421245112, 48.89752721011862491 ) ) ;
#930 = ADVANCED_FACE ( 'NONE', ( #814 ), #331, .T. ) ;
#931 = VECTOR ( 'NONE', #517, 1000.000000000000000 ) ;
#932 = LINE ( 'NONE', #429, #881 ) ;
#933 = ORIENTED_EDGE ( 'NONE', *, *, #810, .T. ) ;
#934 = CARTESIAN_POINT ( 'NONE',  ( 15.00000000000000178, -12.99999999999999467, 0.000000000000000000 ) ) ;
#935 = CIRCLE ( 'NONE', #11, 3.073058506498575593 ) ;
#936 = CARTESIAN_POINT ( 'NONE',  ( 5.791263208861262335, -4.527782533058977599, 4.067818918967541997 ) ) ;
#937 = B_SPLINE_CURVE_WITH_KNOTS ( 'NONE', 3,
 ( #405, #202, #80, #704, #996, #709, #498, #1321, #309, #624 ),
 .UNSPECIFIED., .F., .F.,
 ( 4, 2, 2, 2, 4 ),
 ( 0.000000000000000000, 0.0004111781349409228555, 0.0008223562698818457110, 0.001233534404822768512, 0.001644712539763691422 ),
 .UNSPECIFIED. ) ;
#938 = EDGE_CURVE ( 'NONE', #581, #904, #482, .T. ) ;
#939 = DIRECTION ( 'NONE',  ( -1.000000000000000000, -1.156482317317872218E-16, 0.000000000000000000 ) ) ;
#940 = AXIS2_PLACEMENT_3D ( 'NONE', #112, #1044, #1250 ) ;
#941 = CARTESIAN_POINT ( 'NONE',  ( 5.499999999999996447, -10.40906503619670787, 65.00000000000000000 ) ) ;
#942 = CARTESIAN_POINT ( 'NONE',  ( 6.189211498225606789, -2.359408670870720037, 4.000000000000003553 ) ) ;
#943 = CARTESIAN_POINT ( 'NONE',  ( 4.313047325569982604, -15.00000000000000178, 4.000000000000003553 ) ) ;
#944 = ORIENTED_EDGE ( 'NONE', *, *, #894, .F. ) ;
#945 = CARTESIAN_POINT ( 'NONE',  ( 0.000000000000000000, -2.000000000000000000, 63.00000000000000000 ) ) ;
#946 = CIRCLE ( 'NONE', #1189, 2.000000000000000000 ) ;
#947 = CARTESIAN_POINT ( 'NONE',  ( 2.000000000000000000, 0.000000000000000000, 65.00000000000000000 ) ) ;
#948 = CIRCLE ( 'NONE', #389, 1.499999999999996225 ) ;
#949 = EDGE_CURVE ( 'NONE', #310, #991, #20, .T. ) ;
#950 = VERTEX_POINT ( 'NONE', #313 ) ;
#951 = LINE ( 'NONE', #135, #221 ) ;
#952 = ORIENTED_EDGE ( 'NONE', *, *, #1322, .T. ) ;
#953 = FACE_OUTER_BOUND ( 'NONE', #196, .T. ) ;
#954 = CARTESIAN_POINT ( 'NONE',  ( 8.499999999999996447, -3.629065036196706728, 0.000000000000000000 ) ) ;
#955 = CARTESIAN_POINT ( 'NONE',  ( 15.00000000000000000, 0.000000000000000000, 0.000000000000000000 ) ) ;
#956 = ORIENTED_EDGE ( 'NONE', *, *, #918, .F. ) ;
#957 = LINE ( 'NONE', #859, #439 ) ;
#958 = VERTEX_POINT ( 'NONE', #734 ) ;
#959 = CARTESIAN_POINT ( 'NONE',  ( 15.00000000000000178, -14.99999999999999822, 65.00000000000000000 ) ) ;
#960 = DIRECTION ( 'NONE',  ( 0.000000000000000000, 1.000000000000000000, 0.000000000000000000 ) ) ;
#961 = CIRCLE ( 'NONE', #567, 1.500000000000002220 ) ;
#962 = DIRECTION ( 'NONE',  ( 1.156482317317871725E-16, -1.000000000000000000, -0.000000000000000000 ) ) ;
#963 = ORIENTED_EDGE ( 'NONE', *, *, #795, .F. ) ;
#964 = AXIS2_PLACEMENT_3D ( 'NONE', #760, #669, #1072 ) ;
#965 = AXIS2_PLACEMENT_3D ( 'NONE', #846, #868, #235 ) ;
#966 = DIRECTION ( 'NONE',  ( 0.000000000000000000, 0.000000000000000000, 1.000000000000000000 ) ) ;
#967 = ORIENTED_EDGE ( 'NONE', *, *, #1153, .F. ) ;
#968 = CARTESIAN_POINT ( 'NONE',  ( 4.313047325569981716, -10.50955652421245112, 48.89752721011862491 ) ) ;
#969 = EDGE_CURVE ( 'NONE', #717, #1284, #529, .T. ) ;
#970 = CARTESIAN_POINT ( 'NONE',  ( 0.000000000000000000, 0.000000000000000000, 63.00000000000000000 ) ) ;
#971 = DIRECTION ( 'NONE',  ( 1.000000000000000000, 1.156482317317871478E-16, 0.000000000000000000 ) ) ;
#972 = CIRCLE ( 'NONE', #183, 2.000000000000000000 ) ;
#973 = DIRECTION ( 'NONE',  ( -1.000000000000000000, -0.000000000000000000, -0.000000000000000000 ) ) ;
#974 = VERTEX_POINT ( 'NONE', #639 ) ;
#975 = DIRECTION ( 'NONE',  ( -0.000000000000000000, -0.000000000000000000, 1.000000000000000000 ) ) ;
#976 = ORIENTED_EDGE ( 'NONE', *, *, #793, .F. ) ;
#977 = CARTESIAN_POINT ( 'NONE',  ( 5.500000000000005329, -3.491817122451767119, 4.172719494334958590 ) ) ;
#978 = FACE_OUTER_BOUND ( 'NONE', #1103, .T. ) ;
#979 = AXIS2_PLACEMENT_3D ( 'NONE', #1047, #740, #960 ) ;
#980 = ADVANCED_FACE ( 'NONE', ( #1148 ), #421, .F. ) ;
#981 = FACE_BOUND ( 'NONE', #77, .T. ) ;
#982 = ORIENTED_EDGE ( 'NONE', *, *, #382, .T. ) ;
#983 = CARTESIAN_POINT ( 'NONE',  ( 6.077974832543901584, -9.217948677041224670, 60.98875444247112654 ) ) ;
#984 = ORIENTED_EDGE ( 'NONE', *, *, #1098, .T. ) ;
#985 = DIRECTION ( 'NONE',  ( -2.168404344971008868E-16, 1.000000000000000000, 0.000000000000000000 ) ) ;
#986 = DIRECTION ( 'NONE',  ( 1.000000000000000000, 0.000000000000000000, 0.000000000000000000 ) ) ;
#987 = CARTESIAN_POINT ( 'NONE',  ( 4.313047325569980828, -7.436498017713874198, 16.10000000000000142 ) ) ;
#988 = EDGE_CURVE ( 'NONE', #385, #820, #1039, .T. ) ;
#989 = PLANE ( 'NONE',  #106 ) ;
#990 = ORIENTED_EDGE ( 'NONE', *, *, #179, .T. ) ;
#991 = VERTEX_POINT ( 'NONE', #1231 ) ;
#992 = CARTESIAN_POINT ( 'NONE',  ( 4.313047325569980828, -1.207522350552721820E-15, 59.00000000000001421 ) ) ;
#993 = ORIENTED_EDGE ( 'NONE', *, *, #119, .T. ) ;
#994 = AXIS2_PLACEMENT_3D ( 'NONE', #223, #417, #527 ) ;
#995 = CARTESIAN_POINT ( 'NONE',  ( 15.00000000000000000, 0.000000000000000000, 65.00000000000000000 ) ) ;
#996 = CARTESIAN_POINT ( 'NONE',  ( 5.790369901602929303, -9.511708908609024959, 4.068084005691098959 ) ) ;
#997 = ORIENTED_EDGE ( 'NONE', *, *, #622, .F. ) ;
#998 = AXIS2_PLACEMENT_3D ( 'NONE', #739, #1235, #538 ) ;
#999 = EDGE_CURVE ( 'NONE', #1284, #1006, #424, .T. ) ;
#1000 = CARTESIAN_POINT ( 'NONE',  ( 6.077634803431423371, -4.819868827278044776, 60.98869786980741026 ) ) ;
#1001 = ORIENTED_EDGE ( 'NONE', *, *, #1063, .T. ) ;
#1002 = DIRECTION ( 'NONE',  ( 0.000000000000000000, 0.000000000000000000, -1.000000000000000000 ) ) ;
#1003 = AXIS2_PLACEMENT_3D ( 'NONE', #864, #1267, #130 ) ;
#1004 = CYLINDRICAL_SURFACE ( 'NONE', #735, 2.000000000000000000 ) ;
#1005 = EDGE_LOOP ( 'NONE', ( #944, #220, #933, #997, #474, #1156 ) ) ;
#1006 = VERTEX_POINT ( 'NONE', #644 ) ;
#1007 = CARTESIAN_POINT ( 'NONE',  ( 6.313047325569980828, -4.962517706182947741, 61.00000000000000000 ) ) ;
#1008 = VERTEX_POINT ( 'NONE', #13 ) ;
#1009 = CARTESIAN_POINT ( 'NONE',  ( 5.790369901602931968, -11.30642116378438722, 60.93191599430890193 ) ) ;
#1010 = VECTOR ( 'NONE', #436, 1000.000000000000000 ) ;
#1011 = LINE ( 'NONE', #87, #579 ) ;
#1012 = ORIENTED_EDGE ( 'NONE', *, *, #746, .F. ) ;
#1013 = DIRECTION ( 'NONE',  ( 0.000000000000000000, 0.000000000000000000, 1.000000000000000000 ) ) ;
#1014 = EDGE_LOOP ( 'NONE', ( #790, #1173, #456, #67 ) ) ;
#1015 = CARTESIAN_POINT ( 'NONE',  ( 5.499999999999998224, -10.54631294994165103, 60.82728050566504407 ) ) ;
#1016 = AXIS2_PLACEMENT_3D ( 'NONE', #1203, #784, #1194 ) ;
#1017 = ADVANCED_FACE ( 'NONE', ( #1023 ), #418, .T. ) ;
#1018 = VERTEX_POINT ( 'NONE', #338 ) ;
#1019 = CARTESIAN_POINT ( 'NONE',  ( 5.876874405221941267, -2.625333254880270584, 60.95452206254653760 ) ) ;
#1020 = VERTEX_POINT ( 'NONE', #929 ) ;
#1021 =( LENGTH_UNIT ( ) NAMED_UNIT ( * ) SI_UNIT ( .MILLI., .METRE. ) );
#1022 = VECTOR ( 'NONE', #962, 1000.000000000000000 ) ;
#1023 = FACE_OUTER_BOUND ( 'NONE', #1323, .T. ) ;
#1024 = EDGE_CURVE ( 'NONE', #194, #44, #9, .T. ) ;
#1025 = CARTESIAN_POINT ( 'NONE',  ( 2.000000000000000000, -13.00000000000000000, 63.00000000000000000 ) ) ;
#1026 = ORIENTED_EDGE ( 'NONE', *, *, #999, .F. ) ;
#1027 = DIRECTION ( 'NONE',  ( -1.156482317317871478E-16, 1.000000000000000000, 0.000000000000000000 ) ) ;
#1028 = EDGE_CURVE ( 'NONE', #385, #1093, #707, .T. ) ;
#1029 = EDGE_CURVE ( 'NONE', #1070, #194, #1216, .T. ) ;
#1030 = VERTEX_POINT ( 'NONE', #111 ) ;
#1031 =( NAMED_UNIT ( * ) PLANE_ANGLE_UNIT ( ) SI_UNIT ( $, .RADIAN. ) );
#1032 = AXIS2_PLACEMENT_3D ( 'NONE', #244, #253, #747 ) ;
#1033 =( GEOMETRIC_REPRESENTATION_CONTEXT ( 3 ) GLOBAL_UNCERTAINTY_ASSIGNED_CONTEXT ( ( #1279 ) ) GLOBAL_UNIT_ASSIGNED_CONTEXT ( ( #308, #908, #1302 ) ) REPRESENTATION_CONTEXT ( 'NONE', 'WORKASPACE' ) );
#1034 = DIRECTION ( 'NONE',  ( 0.000000000000000000, 0.000000000000000000, 1.000000000000000000 ) ) ;
#1035 = LINE ( 'NONE', #105, #255 ) ;
#1036 = EDGE_LOOP ( 'NONE', ( #149, #599, #1324, #1129 ) ) ;
#1037 = EDGE_CURVE ( 'NONE', #140, #628, #640, .T. ) ;
#1038 = CARTESIAN_POINT ( 'NONE',  ( 2.000000000000000000, -2.000000000000000000, 63.00000000000000000 ) ) ;
#1039 = CIRCLE ( 'NONE', #530, 2.000000000000001776 ) ;
#1040 = CARTESIAN_POINT ( 'NONE',  ( 1.503427012513232947E-15, -13.00000000000000000, 2.000000000000000000 ) ) ;
#1041 = VERTEX_POINT ( 'NONE', #941 ) ;
#1042 = VECTOR ( 'NONE', #437, 1000.000000000000000 ) ;
#1043 = DIRECTION ( 'NONE',  ( -0.000000000000000000, 1.000000000000000000, 0.000000000000000000 ) ) ;
#1044 = DIRECTION ( 'NONE',  ( 0.000000000000000000, 1.000000000000000000, 0.000000000000000000 ) ) ;
#1045 = ORIENTED_EDGE ( 'NONE', *, *, #533, .F. ) ;
#1046 = FACE_OUTER_BOUND ( 'NONE', #713, .T. ) ;
#1047 = CARTESIAN_POINT ( 'NONE',  ( 4.313047325569980828, -7.436498017713875974, 48.89752721011862491 ) ) ;
#1048 = EDGE_CURVE ( 'NONE', #1246, #1053, #440, .T. ) ;
#1049 = SPHERICAL_SURFACE ( 'NONE', #1144, 2.000000000000000000 ) ;
#1050 = CIRCLE ( 'NONE', #311, 2.000000000000000000 ) ;
#1051 = VERTEX_POINT ( 'NONE', #719 ) ;
#1052 = DIRECTION ( 'NONE',  ( 1.156482317317871725E-16, -1.000000000000000000, 0.000000000000000000 ) ) ;
#1053 = VERTEX_POINT ( 'NONE', #920 ) ;
#1054 = LINE ( 'NONE', #970, #1135 ) ;
#1055 = LINE ( 'NONE', #360, #301 ) ;
#1056 = CIRCLE ( 'NONE', #492, 1.500000000000003109 ) ;
#1057 = EDGE_CURVE ( 'NONE', #286, #1186, #972, .T. ) ;
#1058 = ORIENTED_EDGE ( 'NONE', *, *, #1290, .F. ) ;
#1059 = CARTESIAN_POINT ( 'NONE',  ( 5.791263208861259670, -11.30778253305898673, 4.067818918967544661 ) ) ;
#1060 = ORIENTED_EDGE ( 'NONE', *, *, #827, .T. ) ;
#1061 = DIRECTION ( 'NONE',  ( -1.156482317317871725E-16, 1.000000000000000000, 0.000000000000000000 ) ) ;
#1062 = DIRECTION ( 'NONE',  ( -1.670807944383270763E-32, 1.586756951092594125E-16, -1.000000000000000000 ) ) ;
#1063 = EDGE_CURVE ( 'NONE', #1070, #409, #545, .T. ) ;
#1064 = ADVANCED_BREP_SHAPE_REPRESENTATION ( 'jiaqiang', ( #902, #994 ), #617 ) ;
#1065 = CARTESIAN_POINT ( 'NONE',  ( 7.000000000000000888, -3.629065036196706728, 61.00000000000000000 ) ) ;
#1066 = ORIENTED_EDGE ( 'NONE', *, *, #211, .T. ) ;
#1067 = EDGE_CURVE ( 'NONE', #453, #1030, #1166, .T. ) ;
#1068 = AXIS2_PLACEMENT_3D ( 'NONE', #70, #879, #695 ) ;
#1069 = CARTESIAN_POINT ( 'NONE',  ( 6.999999999999999112, -10.40906503619670787, 0.000000000000000000 ) ) ;
#1070 = VERTEX_POINT ( 'NONE', #259 ) ;
#1071 = LINE ( 'NONE', #1276, #91 ) ;
#1072 = DIRECTION ( 'NONE',  ( 1.000000000000000000, 0.000000000000000000, 0.000000000000000000 ) ) ;
#1073 = DIRECTION ( 'NONE',  ( -0.000000000000000000, -0.000000000000000000, 1.000000000000000000 ) ) ;
#1074 = LINE ( 'NONE', #154, #783 ) ;
#1075 = ORIENTED_EDGE ( 'NONE', *, *, #133, .F. ) ;
#1076 = VECTOR ( 'NONE', #46, 1000.000000000000000 ) ;
#1077 = AXIS2_PLACEMENT_3D ( 'NONE', #1291, #693, #1319 ) ;
#1078 = CARTESIAN_POINT ( 'NONE',  ( 5.499999999999997335, -10.40906503619670787, 4.172719494334961254 ) ) ;
#1079 = EDGE_LOOP ( 'NONE', ( #652, #906, #82, #596 ) ) ;
#1080 = DIRECTION ( 'NONE',  ( -1.000000000000000000, 0.000000000000000000, 0.000000000000000000 ) ) ;
#1081 = DIRECTION ( 'NONE',  ( -1.156482317317871725E-16, 1.000000000000000000, 0.000000000000000000 ) ) ;
#1082 = AXIS2_PLACEMENT_3D ( 'NONE', #531, #1255, #641 ) ;
#1083 = DIRECTION ( 'NONE',  ( -1.000000000000000000, -0.000000000000000000, -0.000000000000000000 ) ) ;
#1084 = CARTESIAN_POINT ( 'NONE',  ( 6.313047325569982604, -15.00000000000000178, 4.000000000000003553 ) ) ;
#1085 = VERTEX_POINT ( 'NONE', #1274 ) ;
#1086 = ORIENTED_EDGE ( 'NONE', *, *, #110, .T. ) ;
#1087 = CARTESIAN_POINT ( 'NONE',  ( 4.313047325569980828, 4.987962965776820874E-16, 6.000000000000003553 ) ) ;
#1088 = ORIENTED_EDGE ( 'NONE', *, *, #92, .F. ) ;
#1089 = DIRECTION ( 'NONE',  ( 1.000000000000000000, 0.000000000000000000, 0.000000000000000000 ) ) ;
#1090 = LINE ( 'NONE', #448, #799 ) ;
#1091 = LINE ( 'NONE', #672, #446 ) ;
#1092 = VERTEX_POINT ( 'NONE', #744 ) ;
#1093 = VERTEX_POINT ( 'NONE', #945 ) ;
#1094 = PLANE ( 'NONE',  #1077 ) ;
#1095 = ORIENTED_EDGE ( 'NONE', *, *, #1322, .F. ) ;
#1096 = DIRECTION ( 'NONE',  ( 0.000000000000000000, 0.000000000000000000, -1.000000000000000000 ) ) ;
#1097 = PLANE ( 'NONE',  #504 ) ;
#1098 = EDGE_CURVE ( 'NONE', #365, #1051, #452, .T. ) ;
#1099 = DIRECTION ( 'NONE',  ( 0.000000000000000000, 0.000000000000000000, 1.000000000000000000 ) ) ;
#1100 = VERTEX_POINT ( 'NONE', #27 ) ;
#1101 = AXIS2_PLACEMENT_3D ( 'NONE', #64, #476, #662 ) ;
#1102 = CARTESIAN_POINT ( 'NONE',  ( 5.519105479657675950, -10.13373001141053642, 60.83610471979125123 ) ) ;
#1103 = EDGE_LOOP ( 'NONE', ( #340, #316, #241, #1193 ) ) ;
#1104 = B_SPLINE_CURVE_WITH_KNOTS ( 'NONE', 3,
 ( #597, #1105, #611, #182, #1009, #93, #616, #808, #1015, #99 ),
 .UNSPECIFIED., .F., .F.,
 ( 4, 2, 2, 2, 4 ),
 ( 0.000000000000000000, 0.0004111781349409228555, 0.0008223562698818457110, 0.001233534404822768512, 0.001644712539763691422 ),
 .UNSPECIFIED. ) ;
#1105 = CARTESIAN_POINT ( 'NONE',  ( 6.189211498225607677, -11.67872140152270255, 60.99999999999999289 ) ) ;
#1106 = DIRECTION ( 'NONE',  ( 0.000000000000000000, 0.000000000000000000, 1.000000000000000000 ) ) ;
#1107 = EDGE_CURVE ( 'NONE', #581, #409, #951, .T. ) ;
#1108 = ORIENTED_EDGE ( 'NONE', *, *, #412, .F. ) ;
#1109 = VECTOR ( 'NONE', #217, 1000.000000000000000 ) ;
#1110 = DIRECTION ( 'NONE',  ( 0.000000000000000000, 0.000000000000000000, 1.000000000000000000 ) ) ;
#1111 = EDGE_LOOP ( 'NONE', ( #1314, #1137, #1301 ) ) ;
#1112 = AXIS2_PLACEMENT_3D ( 'NONE', #232, #563, #15 ) ;
#1113 = CYLINDRICAL_SURFACE ( 'NONE', #780, 2.000000000000000000 ) ;
#1114 = VERTEX_POINT ( 'NONE', #1257 ) ;
#1115 = FACE_OUTER_BOUND ( 'NONE', #260, .T. ) ;
#1116 = ORIENTED_EDGE ( 'NONE', *, *, #1107, .T. ) ;
#1117 = EDGE_CURVE ( 'NONE', #1282, #310, #911, .T. ) ;
#1118 = DIRECTION ( 'NONE',  ( 1.156482317317871478E-16, -1.000000000000000000, -0.000000000000000000 ) ) ;
#1119 = VERTEX_POINT ( 'NONE', #1157 ) ;
#1120 = APPLICATION_PROTOCOL_DEFINITION ( 'draft international standard', 'automotive_design', 1998, #187 ) ;
#1121 = DIRECTION ( 'NONE',  ( 1.000000000000000000, 0.000000000000000000, 0.000000000000000000 ) ) ;
#1122 = CARTESIAN_POINT ( 'NONE',  ( 5.500000000000004441, -3.629065036196706728, 60.82728050566504407 ) ) ;
#1123 = AXIS2_PLACEMENT_3D ( 'NONE', #23, #726, #324 ) ;
#1124 = AXIS2_PLACEMENT_3D ( 'NONE', #772, #755, #1180 ) ;
#1125 = DIRECTION ( 'NONE',  ( 1.000000000000000000, 0.000000000000000000, 0.000000000000000000 ) ) ;
#1126 = EDGE_CURVE ( 'NONE', #676, #1006, #153, .T. ) ;
#1127 = ADVANCED_FACE ( 'NONE', ( #1046 ), #850, .F. ) ;
#1128 = DIRECTION ( 'NONE',  ( 0.000000000000000000, 1.586756951092594125E-16, -1.000000000000000000 ) ) ;
#1129 = ORIENTED_EDGE ( 'NONE', *, *, #139, .F. ) ;
#1130 = CARTESIAN_POINT ( 'NONE',  ( 5.519105479657683055, -3.904400060982875953, 4.163895280208764760 ) ) ;
#1131 = DIRECTION ( 'NONE',  ( 1.000000000000000000, 0.000000000000000000, 0.000000000000000000 ) ) ;
#1132 = EDGE_CURVE ( 'NONE', #12, #166, #35, .T. ) ;
#1133 = ORIENTED_EDGE ( 'NONE', *, *, #541, .T. ) ;
#1134 = CARTESIAN_POINT ( 'NONE',  ( 5.500000000000004441, -3.629065036196706728, 0.000000000000000000 ) ) ;
#1135 = VECTOR ( 'NONE', #880, 1000.000000000000000 ) ;
#1136 = CARTESIAN_POINT ( 'NONE',  ( 5.790369901602934632, -2.731708908609032260, 4.068084005691097182 ) ) ;
#1137 = ORIENTED_EDGE ( 'NONE', *, *, #988, .F. ) ;
#1138 = VECTOR ( 'NONE', #359, 1000.000000000000000 ) ;
#1139 = VECTOR ( 'NONE', #356, 1000.000000000000000 ) ;
#1140 = FACE_OUTER_BOUND ( 'NONE', #250, .T. ) ;
#1141 = ADVANCED_FACE ( 'NONE', ( #653 ), #240, .F. ) ;
#1142 = ORIENTED_EDGE ( 'NONE', *, *, #420, .T. ) ;
#1143 = CARTESIAN_POINT ( 'NONE',  ( 15.00000000000000000, 0.000000000000000000, 63.00000000000000000 ) ) ;
#1144 = AXIS2_PLACEMENT_3D ( 'NONE', #10, #842, #442 ) ;
#1145 = DIRECTION ( 'NONE',  ( 1.000000000000000000, 0.000000000000000000, 0.000000000000000000 ) ) ;
#1146 = FACE_OUTER_BOUND ( 'NONE', #1151, .T. ) ;
#1147 = ORIENTED_EDGE ( 'NONE', *, *, #674, .F. ) ;
#1148 = FACE_OUTER_BOUND ( 'NONE', #1264, .T. ) ;
#1149 = ADVANCED_FACE ( 'NONE', ( #1252 ), #148, .F. ) ;
#1150 = DIRECTION ( 'NONE',  ( 1.000000000000000000, 1.156482317317871725E-16, -0.000000000000000000 ) ) ;
#1151 = EDGE_LOOP ( 'NONE', ( #304, #852, #134, #514, #69, #786, #967, #174, #1239, #1026 ) ) ;
#1152 = CARTESIAN_POINT ( 'NONE',  ( 1.734723475976807094E-15, -15.00000000000000000, 2.000000000000000000 ) ) ;
#1153 = EDGE_CURVE ( 'NONE', #1051, #1100, #657, .T. ) ;
#1154 = CARTESIAN_POINT ( 'NONE',  ( 6.999999999999999112, -10.40906503619670787, 65.00000000000000000 ) ) ;
#1155 = PLANE ( 'NONE',  #729 ) ;
#1156 = ORIENTED_EDGE ( 'NONE', *, *, #793, .T. ) ;
#1157 = CARTESIAN_POINT ( 'NONE',  ( 6.313047325569981716, -9.075612366210460635, 4.000000000000003553 ) ) ;
#1158 = ORIENTED_EDGE ( 'NONE', *, *, #1132, .T. ) ;
#1159 = DIRECTION ( 'NONE',  ( 0.000000000000000000, 0.000000000000000000, 1.000000000000000000 ) ) ;
#1160 = VECTOR ( 'NONE', #826, 1000.000000000000000 ) ;
#1161 = EDGE_CURVE ( 'NONE', #365, #207, #330, .T. ) ;
#1162 = EDGE_CURVE ( 'NONE', #1018, #1041, #957, .T. ) ;
#1163 = LINE ( 'NONE', #1084, #684 ) ;
#1164 = ORIENTED_EDGE ( 'NONE', *, *, #802, .F. ) ;
#1165 = AXIS2_PLACEMENT_3D ( 'NONE', #1313, #1204, #489 ) ;
#1166 = LINE ( 'NONE', #568, #754 ) ;
#1167 = ORIENTED_EDGE ( 'NONE', *, *, #512, .F. ) ;
#1168 = DIRECTION ( 'NONE',  ( 0.000000000000000000, -1.000000000000000000, 0.000000000000000000 ) ) ;
#1169 = CARTESIAN_POINT ( 'NONE',  ( 4.313047325569980828, -7.436498017713875974, 51.97058571661720094 ) ) ;
#1170 = CYLINDRICAL_SURFACE ( 'NONE', #523, 1.500000000000003109 ) ;
#1171 = FACE_OUTER_BOUND ( 'NONE', #248, .T. ) ;
#1172 = EDGE_CURVE ( 'NONE', #925, #1272, #506, .T. ) ;
#1173 = ORIENTED_EDGE ( 'NONE', *, *, #569, .T. ) ;
#1174 = ORIENTED_EDGE ( 'NONE', *, *, #1, .F. ) ;
#1175 = AXIS2_PLACEMENT_3D ( 'NONE', #31, #226, #939 ) ;
#1176 = CARTESIAN_POINT ( 'NONE',  ( 7.000000000000000888, -3.629065036196706728, 4.000000000000003553 ) ) ;
#1177 = ORIENTED_EDGE ( 'NONE', *, *, #1197, .T. ) ;
#1178 = CYLINDRICAL_SURFACE ( 'NONE', #606, 1.499999999999996225 ) ;
#1179 = DIRECTION ( 'NONE',  ( -1.000000000000000000, 0.000000000000000000, 0.000000000000000000 ) ) ;
#1180 = DIRECTION ( 'NONE',  ( 0.000000000000000000, 0.000000000000000000, 1.000000000000000000 ) ) ;
#1181 = ORIENTED_EDGE ( 'NONE', *, *, #520, .F. ) ;
#1182 = ORIENTED_EDGE ( 'NONE', *, *, #487, .F. ) ;
#1183 = ADVANCED_FACE ( 'NONE', ( #905 ), #1094, .F. ) ;
#1184 = CIRCLE ( 'NONE', #619, 1.500000000000003109 ) ;
#1185 = DIRECTION ( 'NONE',  ( 0.000000000000000000, 0.000000000000000000, -1.000000000000000000 ) ) ;
#1186 = VERTEX_POINT ( 'NONE', #276 ) ;
#1187 = CARTESIAN_POINT ( 'NONE',  ( 0.000000000000000000, -2.000000000000000000, 63.00000000000000000 ) ) ;
#1188 = DIRECTION ( 'NONE',  ( 0.000000000000000000, 0.000000000000000000, -1.000000000000000000 ) ) ;
#1189 = AXIS2_PLACEMENT_3D ( 'NONE', #715, #1118, #195 ) ;
#1190 = CARTESIAN_POINT ( 'NONE',  ( 0.000000000000000000, 0.000000000000000000, 65.00000000000000000 ) ) ;
#1191 = CIRCLE ( 'NONE', #550, 2.000000000000000000 ) ;
#1192 = DIRECTION ( 'NONE',  ( -1.000000000000000000, -0.000000000000000000, -0.000000000000000000 ) ) ;
#1193 = ORIENTED_EDGE ( 'NONE', *, *, #325, .T. ) ;
#1194 = DIRECTION ( 'NONE',  ( 1.156482317317871725E-16, -1.000000000000000000, 0.000000000000000000 ) ) ;
#1195 = ORIENTED_EDGE ( 'NONE', *, *, #582, .T. ) ;
#1196 = LINE ( 'NONE', #279, #60 ) ;
#1197 = EDGE_CURVE ( 'NONE', #1018, #974, #1202, .T. ) ;
#1198 = CARTESIAN_POINT ( 'NONE',  ( 0.000000000000000000, -4.363439511215302602, 16.10000000000000142 ) ) ;
#1199 = LINE ( 'NONE', #282, #48 ) ;
#1200 = DIRECTION ( 'NONE',  ( 1.000000000000000000, 0.000000000000000000, 0.000000000000000000 ) ) ;
#1201 = ORIENTED_EDGE ( 'NONE', *, *, #1197, .F. ) ;
#1202 = B_SPLINE_CURVE_WITH_KNOTS ( 'NONE', 3,
 ( #269, #712, #1102, #805, #797, #413, #392, #983, #1217, #705 ),
 .UNSPECIFIED., .F., .F.,
 ( 4, 2, 2, 2, 4 ),
 ( 0.001644712539763691422, 0.002056129841260818242, 0.002467547142757944845, 0.002878964444255071448, 0.003290381745752198484 ),
 .UNSPECIFIED. ) ;
#1203 = CARTESIAN_POINT ( 'NONE',  ( 15.00000000000000000, 0.000000000000000000, 65.00000000000000000 ) ) ;
#1204 = DIRECTION ( 'NONE',  ( 0.000000000000000000, -1.000000000000000000, 0.000000000000000000 ) ) ;
#1205 = VERTEX_POINT ( 'NONE', #509 ) ;
#1206 = SURFACE_SIDE_STYLE ('',( #502 ) ) ;
#1207 = CARTESIAN_POINT ( 'NONE',  ( 2.000000000000000000, 0.000000000000000000, 0.000000000000000000 ) ) ;
#1208 = ORIENTED_EDGE ( 'NONE', *, *, #205, .F. ) ;
#1209 = CIRCLE ( 'NONE', #1032, 2.000000000000000000 ) ;
#1210 = PLANE ( 'NONE',  #678 ) ;
#1211 = DIRECTION ( 'NONE',  ( 0.000000000000000000, -1.420241442320193557E-17, 1.000000000000000000 ) ) ;
#1212 = CYLINDRICAL_SURFACE ( 'NONE', #677, 1.499999999999996225 ) ;
#1213 = CARTESIAN_POINT ( 'NONE',  ( 0.000000000000000000, -13.00000000000000000, 2.000000000000000000 ) ) ;
#1214 = ORIENTED_EDGE ( 'NONE', *, *, #237, .T. ) ;
#1215 = EDGE_CURVE ( 'NONE', #1053, #1186, #188, .T. ) ;
#1216 = CIRCLE ( 'NONE', #425, 2.000000000000000000 ) ;
#1217 = CARTESIAN_POINT ( 'NONE',  ( 6.191070184078824923, -9.138451134659243635, 61.00000000000000000 ) ) ;
#1218 = ORIENTED_EDGE ( 'NONE', *, *, #503, .T. ) ;
#1219 = DIRECTION ( 'NONE',  ( -0.000000000000000000, -0.000000000000000000, 1.000000000000000000 ) ) ;
#1220 = CIRCLE ( 'NONE', #811, 3.073058506498574705 ) ;
#1221 = CARTESIAN_POINT ( 'NONE',  ( 2.000000000000000000, -2.000000000000000000, 0.000000000000000000 ) ) ;
#1222 = ADVANCED_FACE ( 'NONE', ( #398 ), #1210, .F. ) ;
#1223 = FILL_AREA_STYLE_COLOUR ( '', #1289 ) ;
#1224 = DIRECTION ( 'NONE',  ( -1.156482317317871725E-16, 1.000000000000000000, 0.000000000000000000 ) ) ;
#1225 = ORIENTED_EDGE ( 'NONE', *, *, #160, .T. ) ;
#1226 = CARTESIAN_POINT ( 'NONE',  ( 5.500000000000004441, -3.629065036196706728, 65.00000000000000000 ) ) ;
#1227 = CARTESIAN_POINT ( 'NONE',  ( 2.000000000000000000, -13.00000000000000000, 63.00000000000000000 ) ) ;
#1228 = CARTESIAN_POINT ( 'NONE',  ( 2.000000000000000000, -13.00000000000000000, 65.00000000000000000 ) ) ;
#1229 = ORIENTED_EDGE ( 'NONE', *, *, #131, .T. ) ;
#1230 = AXIS2_PLACEMENT_3D ( 'NONE', #50, #283, #698 ) ;
#1231 = CARTESIAN_POINT ( 'NONE',  ( 15.00000000000000000, 0.000000000000000000, 61.00000000000000000 ) ) ;
#1232 = ADVANCED_FACE ( 'NONE', ( #1115 ), #292, .F. ) ;
#1233 = FACE_OUTER_BOUND ( 'NONE', #357, .T. ) ;
#1234 = CARTESIAN_POINT ( 'NONE',  ( 2.000000000000000000, -15.00000000000000000, 63.00000000000000000 ) ) ;
#1235 = DIRECTION ( 'NONE',  ( 0.000000000000000000, -0.000000000000000000, 1.000000000000000000 ) ) ;
#1236 = PRODUCT_RELATED_PRODUCT_CATEGORY ( 'part', '', ( #242 ) ) ;
#1237 = FACE_OUTER_BOUND ( 'NONE', #1036, .T. ) ;
#1238 = CIRCLE ( 'NONE', #771, 2.000000000000000000 ) ;
#1239 = ORIENTED_EDGE ( 'NONE', *, *, #8, .F. ) ;
#1240 = SURFACE_STYLE_FILL_AREA ( #208 ) ;
#1241 = DIRECTION ( 'NONE',  ( -0.000000000000000000, -0.000000000000000000, 1.000000000000000000 ) ) ;
#1242 = CARTESIAN_POINT ( 'NONE',  ( 5.648840489056716763, -2.963617088829862301, 4.112059223142732201 ) ) ;
#1243 = VECTOR ( 'NONE', #68, 1000.000000000000000 ) ;
#1244 = CARTESIAN_POINT ( 'NONE',  ( 6.313047325569980828, -1.950930938130408243E-16, 4.000000000000003553 ) ) ;
#1245 = ADVANCED_FACE ( 'NONE', ( #384 ), #488, .F. ) ;
#1246 = VERTEX_POINT ( 'NONE', #587 ) ;
#1247 = AXIS2_PLACEMENT_3D ( 'NONE', #1025, #103, #505 ) ;
#1248 = DIRECTION ( 'NONE',  ( 0.000000000000000000, 0.000000000000000000, -1.000000000000000000 ) ) ;
#1249 = CARTESIAN_POINT ( 'NONE',  ( 0.000000000000000000, -7.436498017713875974, 48.89752721011862491 ) ) ;
#1250 = DIRECTION ( 'NONE',  ( 0.000000000000000000, 0.000000000000000000, 1.000000000000000000 ) ) ;
#1251 = VERTEX_POINT ( 'NONE', #614 ) ;
#1252 = FACE_OUTER_BOUND ( 'NONE', #1014, .T. ) ;
#1253 = ORIENTED_EDGE ( 'NONE', *, *, #559, .T. ) ;
#1254 = DIRECTION ( 'NONE',  ( -1.156482317317871232E-16, 1.000000000000000000, 0.000000000000000000 ) ) ;
#1255 = DIRECTION ( 'NONE',  ( -0.000000000000000000, 1.000000000000000000, 0.000000000000000000 ) ) ;
#1256 = ORIENTED_EDGE ( 'NONE', *, *, #918, .T. ) ;
#1257 = CARTESIAN_POINT ( 'NONE',  ( 15.00000000000000000, -1.999999999999999112, 65.00000000000000000 ) ) ;
#1258 = ORIENTED_EDGE ( 'NONE', *, *, #556, .F. ) ;
#1259 = FACE_BOUND ( 'NONE', #181, .T. ) ;
#1260 = CIRCLE ( 'NONE', #348, 1.500000000000003109 ) ;
#1261 = DIRECTION ( 'NONE',  ( -1.156482317317871725E-16, 1.000000000000000000, -0.000000000000000000 ) ) ;
#1262 = ORIENTED_EDGE ( 'NONE', *, *, #528, .T. ) ;
#1263 = DIRECTION ( 'NONE',  ( -0.000000000000000000, -0.000000000000000000, -1.000000000000000000 ) ) ;
#1264 = EDGE_LOOP ( 'NONE', ( #393, #1225, #62, #1133, #314 ) ) ;
#1265 = DIRECTION ( 'NONE',  ( -0.000000000000000000, 1.000000000000000000, -0.000000000000000000 ) ) ;
#1266 = CARTESIAN_POINT ( 'NONE',  ( 5.500000000000004441, -3.629065036196706728, 0.000000000000000000 ) ) ;
#1267 = DIRECTION ( 'NONE',  ( 1.156482317317871478E-16, -1.000000000000000000, -0.000000000000000000 ) ) ;
#1268 = AXIS2_PLACEMENT_3D ( 'NONE', #915, #1219, #1320 ) ;
#1269 = EDGE_CURVE ( 'NONE', #532, #1085, #884, .T. ) ;
#1270 = CARTESIAN_POINT ( 'NONE',  ( 6.999999999999999112, -10.40906503619670787, 0.000000000000000000 ) ) ;
#1271 = CARTESIAN_POINT ( 'NONE',  ( 15.00000000000000178, -12.99999999999999822, 2.000000000000000000 ) ) ;
#1272 = VERTEX_POINT ( 'NONE', #479 ) ;
#1273 = CIRCLE ( 'NONE', #979, 3.073058506498574705 ) ;
#1274 = CARTESIAN_POINT ( 'NONE',  ( 2.000000000000000000, -13.00000000000000000, 0.000000000000000000 ) ) ;
#1275 = ORIENTED_EDGE ( 'NONE', *, *, #422, .F. ) ;
#1276 = CARTESIAN_POINT ( 'NONE',  ( 0.000000000000000000, 0.000000000000000000, 2.000000000000001776 ) ) ;
#1277 = CARTESIAN_POINT ( 'NONE',  ( 6.999999999999999112, -10.40906503619670787, 0.000000000000000000 ) ) ;
#1278 = FACE_OUTER_BOUND ( 'NONE', #178, .T. ) ;
#1279 = UNCERTAINTY_MEASURE_WITH_UNIT (LENGTH_MEASURE( 1.000000000000000082E-05 ), #308, 'distance_accuracy_value', 'NONE');
#1280 = ADVANCED_FACE ( 'NONE', ( #595 ), #791, .F. ) ;
#1281 = CARTESIAN_POINT ( 'NONE',  ( 4.313047325569986157, -10.50955652421244579, 16.10000000000000142 ) ) ;
#1282 = VERTEX_POINT ( 'NONE', #992 ) ;
#1283 = DIRECTION ( 'NONE',  ( 0.000000000000000000, 0.000000000000000000, 1.000000000000000000 ) ) ;
#1284 = VERTEX_POINT ( 'NONE', #76 ) ;
#1285 = CARTESIAN_POINT ( 'NONE',  ( 0.000000000000000000, -15.00000000000000000, 63.00000000000000000 ) ) ;
#1286 = CYLINDRICAL_SURFACE ( 'NONE', #460, 2.000000000000000000 ) ;
#1287 = CYLINDRICAL_SURFACE ( 'NONE', #623, 1.500000000000003109 ) ;
#1288 = ORIENTED_EDGE ( 'NONE', *, *, #541, .F. ) ;
#1289 = COLOUR_RGB ( '',1.000000000000000000, 1.000000000000000000, 1.000000000000000000 ) ;
#1290 = EDGE_CURVE ( 'NONE', #1092, #974, #1184, .T. ) ;
#1291 = CARTESIAN_POINT ( 'NONE',  ( 4.313047325569982604, -15.00000000000000178, 4.000000000000003553 ) ) ;
#1292 = ORIENTED_EDGE ( 'NONE', *, *, #24, .T. ) ;
#1293 = DIRECTION ( 'NONE',  ( -0.000000000000000000, -0.000000000000000000, -1.000000000000000000 ) ) ;
#1294 = SURFACE_STYLE_USAGE ( .BOTH. , #1206 ) ;
#1295 = CARTESIAN_POINT ( 'NONE',  ( 7.000000000000000888, -3.629065036196706728, 0.000000000000000000 ) ) ;
#1296 = VECTOR ( 'NONE', #789, 1000.000000000000000 ) ;
#1297 = CARTESIAN_POINT ( 'NONE',  ( 6.313047325569982604, -15.00000000000000178, 4.000000000000003553 ) ) ;
#1298 = ORIENTED_EDGE ( 'NONE', *, *, #211, .F. ) ;
#1299 = DIRECTION ( 'NONE',  ( 1.000000000000000000, 0.000000000000000000, 0.000000000000000000 ) ) ;
#1300 = EDGE_CURVE ( 'NONE', #354, #142, #41, .T. ) ;
#1301 = ORIENTED_EDGE ( 'NONE', *, *, #1028, .T. ) ;
#1302 =( NAMED_UNIT ( * ) SI_UNIT ( $, .STERADIAN. ) SOLID_ANGLE_UNIT ( ) );
#1303 = CARTESIAN_POINT ( 'NONE',  ( 0.000000000000000000, -4.363439511215302602, 16.10000000000000142 ) ) ;
#1304 = EDGE_LOOP ( 'NONE', ( #88, #1214, #642, #526, #81, #367, #727, #561, #552, #721 ) ) ;
#1305 = CARTESIAN_POINT ( 'NONE',  ( 6.189211498225607677, -4.898721401522693419, 60.99999999999999289 ) ) ;
#1306 = CARTESIAN_POINT ( 'NONE',  ( 4.313047325569980828, -4.263895572766151939E-16, 4.000000000000003553 ) ) ;
#1307 = EDGE_CURVE ( 'NONE', #391, #682, #1050, .T. ) ;
#1308 = DIRECTION ( 'NONE',  ( -1.000000000000000000, 0.000000000000000000, 0.000000000000000000 ) ) ;
#1309 = ORIENTED_EDGE ( 'NONE', *, *, #85, .T. ) ;
#1310 = VERTEX_POINT ( 'NONE', #1226 ) ;
#1311 = VECTOR ( 'NONE', #280, 1000.000000000000000 ) ;
#1312 = DIRECTION ( 'NONE',  ( 1.000000000000000000, 1.156482317317871725E-16, -0.000000000000000000 ) ) ;
#1313 = CARTESIAN_POINT ( 'NONE',  ( 2.000000000000000000, 0.000000000000000000, 2.000000000000000000 ) ) ;
#1314 = ORIENTED_EDGE ( 'NONE', *, *, #861, .F. ) ;
#1315 = CARTESIAN_POINT ( 'NONE',  ( 15.00000000000000000, 8.095376221225102075E-16, 4.000000000000003553 ) ) ;
#1316 = AXIS2_PLACEMENT_3D ( 'NONE', #730, #132, #1131 ) ;
#1317 = DIRECTION ( 'NONE',  ( 1.000000000000000000, 0.000000000000000000, 0.000000000000000000 ) ) ;
#1318 = VERTEX_POINT ( 'NONE', #1143 ) ;
#1319 = DIRECTION ( 'NONE',  ( -1.000000000000000000, 0.000000000000000000, 0.000000000000000000 ) ) ;
#1320 = DIRECTION ( 'NONE',  ( 1.000000000000000000, 0.000000000000000000, 0.000000000000000000 ) ) ;
#1321 = CARTESIAN_POINT ( 'NONE',  ( 5.519425706300085999, -10.13261731914152008, 4.163764817608387681 ) ) ;
#1322 = EDGE_CURVE ( 'NONE', #53, #676, #379, .T. ) ;
#1323 = EDGE_LOOP ( 'NONE', ( #1182, #117, #1066 ) ) ;
#1324 = ORIENTED_EDGE ( 'NONE', *, *, #1269, .F. ) ;
#1325 = CARTESIAN_POINT ( 'NONE',  ( 5.500000000000005329, -3.766392781790880218, 4.172719494334958590 ) ) ;
#1326 = LINE ( 'NONE', #921, #101 ) ;
#1327 = EDGE_LOOP ( 'NONE', ( #102, #1045, #496, #127 ) ) ;
ENDSEC;
END-ISO-10303-21;
