ISO-10303-21;
HEADER;
FILE_DESCRIPTION (( 'STEP AP214' ),
    '1' );
FILE_NAME ('LGB.STEP',
    '2026-07-16T06:05:31',
    ( '' ),
    ( '' ),
    'SwSTEP 2.0',
    'SolidWorks 2020',
    '' );
FILE_SCHEMA (( 'AUTOMOTIVE_DESIGN' ));
ENDSEC;

DATA;
#1 =( NAMED_UNIT ( * ) SI_UNIT ( $, .STERADIAN. ) SOLID_ANGLE_UNIT ( ) );
#2 = SURFACE_STYLE_USAGE ( .BOTH. , #1644 ) ;
#3 = ORIENTED_EDGE ( 'NONE', *, *, #3340, .T. ) ;
#4 = CARTESIAN_POINT ( 'NONE',  ( 0.05615036783547956017, 4.887593629345643897, 128.4817753336185149 ) ) ;
#5 = CARTESIAN_POINT ( 'NONE',  ( -13.49120780918067908, -2.870028203539976008, 139.4492018013116308 ) ) ;
#6 = SURFACE_SIDE_STYLE ('',( #475 ) ) ;
#7 = SURFACE_SIDE_STYLE ('',( #1175 ) ) ;
#8 = AXIS2_PLACEMENT_3D ( 'NONE', #4118, #4439, #4023 ) ;
#9 = ORIENTED_EDGE ( 'NONE', *, *, #988, .T. ) ;
#10 = EDGE_CURVE ( 'NONE', #4772, #763, #1401, .T. ) ;
#11 = COLOUR_RGB ( '',0.7764705882352941346, 0.7568627450980391913, 0.7372549019607843590 ) ;
#12 = FILL_AREA_STYLE ('',( #1193 ) ) ;
#13 = SURFACE_STYLE_USAGE ( .BOTH. , #2378 ) ;
#14 = DIRECTION ( 'NONE',  ( 0.4036298484864154212, -0.9040139324509844920, -0.1408607658127000728 ) ) ;
#15 = EDGE_CURVE ( 'NONE', #4916, #1521, #4855, .T. ) ;
#16 = EDGE_CURVE ( 'NONE', #607, #3578, #4608, .T. ) ;
#17 = VECTOR ( 'NONE', #3860, 1000.000000000000341 ) ;
#18 = VERTEX_POINT ( 'NONE', #992 ) ;
#19 = VERTEX_POINT ( 'NONE', #2903 ) ;
#20 = FILL_AREA_STYLE_COLOUR ( '', #2007 ) ;
#21 = DIRECTION ( 'NONE',  ( -0.4036298484864446201, 0.9040139324509703922, 0.1408607658127077888 ) ) ;
#22 =( NAMED_UNIT ( * ) SI_UNIT ( $, .STERADIAN. ) SOLID_ANGLE_UNIT ( ) );
#23 = DIRECTION ( 'NONE',  ( 0.7292504199660264641, 0.2249069998420402949, 0.6462280297243586658 ) ) ;
#24 = DIRECTION ( 'NONE',  ( -0.4036298484864446201, 0.9040139324509703922, 0.1408607658127077888 ) ) ;
#25 = DIRECTION ( 'NONE',  ( 0.7292504199660254649, 0.2249069998420400174, 0.6462280297243599980 ) ) ;
#26 = CIRCLE ( 'NONE', #3595, 1.500000000000016653 ) ;
#27 = ORIENTED_EDGE ( 'NONE', *, *, #324, .T. ) ;
#28 = STYLED_ITEM ( 'NONE', ( #2503 ), #1019 ) ;
#29 = VERTEX_POINT ( 'NONE', #1729 ) ;
#30 = LINE ( 'NONE', #1001, #1061 ) ;
#32 = DIRECTION ( 'NONE',  ( -0.4036298484864446201, 0.9040139324509703922, 0.1408607658127077888 ) ) ;
#31 = PRESENTATION_STYLE_ASSIGNMENT (( #13 ) ) ;
#33 = EDGE_CURVE ( 'NONE', #2825, #2476, #3390, .T. ) ;
#34 = COLOUR_RGB ( '',0.7764705882352941346, 0.7568627450980391913, 0.7372549019607843590 ) ;
#35 = EDGE_LOOP ( 'NONE', ( #2700, #1708, #2040, #3785 ) ) ;
#36 = VECTOR ( 'NONE', #4433, 1000.000000000000341 ) ;
#37 = STYLED_ITEM ( 'NONE', ( #3570 ), #2912 ) ;
#38 = DIRECTION ( 'NONE',  ( 0.5562278320532652032, 0.3647011537589214258, -0.7467286436827210716 ) ) ;
#39 = ORIENTED_EDGE ( 'NONE', *, *, #2067, .T. ) ;
#40 = CIRCLE ( 'NONE', #3027, 4.500000000000000000 ) ;
#41 = CARTESIAN_POINT ( 'NONE',  ( 3.177021902818387034, 0.03477227787408254667, 133.0727983520260125 ) ) ;
#42 = EDGE_CURVE ( 'NONE', #1339, #1408, #4060, .T. ) ;
#43 = CIRCLE ( 'NONE', #812, 4.500000000000006217 ) ;
#44 = MECHANICAL_DESIGN_GEOMETRIC_PRESENTATION_REPRESENTATION (  '', ( #1472 ), #3711 ) ;
#45 = ORIENTED_EDGE ( 'NONE', *, *, #4693, .F. ) ;
#46 = STYLED_ITEM ( 'NONE', ( #3973 ), #4155 ) ;
#47 = COLOUR_RGB ( '',0.7764705882352941346, 0.7568627450980391913, 0.7372549019607843590 ) ;
#48 = LINE ( 'NONE', #3664, #4277 ) ;
#49 = AXIS2_PLACEMENT_3D ( 'NONE', #2343, #3887, #2231 ) ;
#50 = SURFACE_STYLE_FILL_AREA ( #3170 ) ;
#51 = CYLINDRICAL_SURFACE ( 'NONE', #530, 1.500000000000016875 ) ;
#52 = CYLINDRICAL_SURFACE ( 'NONE', #3786, 12.49999999999999467 ) ;
#53 = ORIENTED_EDGE ( 'NONE', *, *, #2442, .T. ) ;
#54 = ORIENTED_EDGE ( 'NONE', *, *, #1589, .T. ) ;
#55 = CARTESIAN_POINT ( 'NONE',  ( 2.958755307448357907, 6.130453405925874399, 128.8226469567670449 ) ) ;
#56 = DIRECTION ( 'NONE',  ( -0.4036298484864446201, 0.9040139324509703922, 0.1408607658127077888 ) ) ;
#57 = SURFACE_SIDE_STYLE ('',( #444 ) ) ;
#58 = FILL_AREA_STYLE_COLOUR ( '', #817 ) ;
#59 = UNCERTAINTY_MEASURE_WITH_UNIT (LENGTH_MEASURE( 1.000000000000000082E-05 ), #4226, 'distance_accuracy_value', 'NONE');
#60 = ORIENTED_EDGE ( 'NONE', *, *, #1759, .F. ) ;
#61 = CARTESIAN_POINT ( 'NONE',  ( -24.79927371486337861, -0.8634578388481184419, 94.23973231158855413 ) ) ;
#62 = ORIENTED_EDGE ( 'NONE', *, *, #3959, .T. ) ;
#63 = CYLINDRICAL_SURFACE ( 'NONE', #2359, 9.686499999999998778 ) ;
#64 = CIRCLE ( 'NONE', #3049, 9.686500000000011212 ) ;
#65 = PRESENTATION_LAYER_ASSIGNMENT (  '', '', ( #5116 ) ) ;
#66 = DIRECTION ( 'NONE',  ( -0.4036298484864445091, 0.9040139324509700591, 0.1408607658127077611 ) ) ;
#67 = CARTESIAN_POINT ( 'NONE',  ( -4.525625227472344747, 3.558377669843853841, 123.8835350857386004 ) ) ;
#68 = ORIENTED_EDGE ( 'NONE', *, *, #2258, .F. ) ;
#69 = MECHANICAL_DESIGN_GEOMETRIC_PRESENTATION_REPRESENTATION (  '', ( #1580 ), #2961 ) ;
#70 = VECTOR ( 'NONE', #1249, 1000.000000000000114 ) ;
#71 = VERTEX_POINT ( 'NONE', #4959 ) ;
#72 = DIRECTION ( 'NONE',  ( -0.4036298484864446201, 0.9040139324509703922, 0.1408607658127077888 ) ) ;
#73 = EDGE_CURVE ( 'NONE', #2068, #4099, #64, .T. ) ;
#74 = DIRECTION ( 'NONE',  ( -0.7292504199660266861, -0.2249069998420403227, -0.6462280297243581106 ) ) ;
#75 = VECTOR ( 'NONE', #1275, 1000.000000000000341 ) ;
#76 = FILL_AREA_STYLE_COLOUR ( '', #3330 ) ;
#77 = DIRECTION ( 'NONE',  ( -0.4036298484864445091, 0.9040139324509701702, 0.1408607658127077611 ) ) ;
#78 = DIRECTION ( 'NONE',  ( -0.4036298484864445091, 0.9040139324509701702, 0.1408607658127077611 ) ) ;
#79 = LINE ( 'NONE', #1664, #1151 ) ;
#80 = ORIENTED_EDGE ( 'NONE', *, *, #1481, .F. ) ;
#81 = EDGE_LOOP ( 'NONE', ( #4968, #4052, #2997, #3655 ) ) ;
#82 = MECHANICAL_DESIGN_GEOMETRIC_PRESENTATION_REPRESENTATION (  '', ( #4300 ), #3656 ) ;
#83 = DIRECTION ( 'NONE',  ( -0.4036298484864445091, 0.9040139324509701702, 0.1408607658127077611 ) ) ;
#84 = EDGE_CURVE ( 'NONE', #175, #3034, #3727, .T. ) ;
#85 = DIRECTION ( 'NONE',  ( 0.7292504199660266861, 0.2249069998420403227, 0.6462280297243581106 ) ) ;
#86 = VERTEX_POINT ( 'NONE', #4084 ) ;
#87 = AXIS2_PLACEMENT_3D ( 'NONE', #489, #4801, #4020 ) ;
#88 = DIRECTION ( 'NONE',  ( -0.4036298484864154212, 0.9040139324509844920, 0.1408607658127000728 ) ) ;
#89 = PRESENTATION_LAYER_ASSIGNMENT (  '', '', ( #4709 ) ) ;
#90 = CARTESIAN_POINT ( 'NONE',  ( -11.72428249521382604, 9.826883218324423908, 134.0182997095599831 ) ) ;
#91 = FILL_AREA_STYLE_COLOUR ( '', #932 ) ;
#92 = SURFACE_SIDE_STYLE ('',( #1508 ) ) ;
#93 = STYLED_ITEM ( 'NONE', ( #1793 ), #732 ) ;
#94 = PRODUCT_DEFINITION_SHAPE ( 'NONE', 'NONE',  #3651 ) ;
#95 = ORIENTED_EDGE ( 'NONE', *, *, #4144, .T. ) ;
#96 = AXIS2_PLACEMENT_3D ( 'NONE', #2619, #227, #565 ) ;
#97 = PRESENTATION_STYLE_ASSIGNMENT (( #3718 ) ) ;
#98 = ORIENTED_EDGE ( 'NONE', *, *, #2414, .T. ) ;
#99 = SURFACE_STYLE_FILL_AREA ( #4044 ) ;
#100 = STYLED_ITEM ( 'NONE', ( #3518 ), #2383 ) ;
#101 = DIRECTION ( 'NONE',  ( 0.7292504199660262421, 0.2249069998420401839, 0.6462280297243589988 ) ) ;
#102 = DIRECTION ( 'NONE',  ( -0.4036298484864446201, 0.9040139324509703922, 0.1408607658127077888 ) ) ;
#103 = EDGE_CURVE ( 'NONE', #4508, #4361, #2532, .T. ) ;
#104 = DIRECTION ( 'NONE',  ( 0.9137903228885071449, 0.4059804243577964100, 0.01292829584984309457 ) ) ;
#105 = ORIENTED_EDGE ( 'NONE', *, *, #2627, .F. ) ;
#106 = EDGE_LOOP ( 'NONE', ( #68, #1762, #3882, #2518 ) ) ;
#107 = PRESENTATION_STYLE_ASSIGNMENT (( #164 ) ) ;
#108 = CARTESIAN_POINT ( 'NONE',  ( -15.28787846254658156, -1.519341106920696793, 125.6325095087859580 ) ) ;
#109 =( LENGTH_UNIT ( ) NAMED_UNIT ( * ) SI_UNIT ( .MILLI., .METRE. ) );
#110 = CARTESIAN_POINT ( 'NONE',  ( -7.687984010349380171, 0.7867438938147223171, 132.6096920514328872 ) ) ;
#111 = CARTESIAN_POINT ( 'NONE',  ( 2.183827985253432580, 0.7059862554493668840, 125.9191421012278767 ) ) ;
#112 = CARTESIAN_POINT ( 'NONE',  ( -11.72428249521382604, 9.826883218324423908, 134.0182997095599831 ) ) ;
#113 = ORIENTED_EDGE ( 'NONE', *, *, #4713, .T. ) ;
#114 = PRESENTATION_STYLE_ASSIGNMENT (( #1398 ) ) ;
#115 = AXIS2_PLACEMENT_3D ( 'NONE', #3041, #3442, #4979 ) ;
#117 = DIRECTION ( 'NONE',  ( -0.7292504199660266861, -0.2249069998420403227, -0.6462280297243581106 ) ) ;
#116 = CARTESIAN_POINT ( 'NONE',  ( -4.288669549943581849, -1.520364741487688187, 121.6607463993273512 ) ) ;
#118 = ORIENTED_EDGE ( 'NONE', *, *, #4591, .F. ) ;
#119 =( NAMED_UNIT ( * ) SI_UNIT ( $, .STERADIAN. ) SOLID_ANGLE_UNIT ( ) );
#120 = SURFACE_STYLE_FILL_AREA ( #3254 ) ;
#121 = STYLED_ITEM ( 'NONE', ( #677 ), #2472 ) ;
#122 = CARTESIAN_POINT ( 'NONE',  ( -55.09725075036337927, -10.83728300255349097, 71.43216801979893660 ) ) ;
#123 = ORIENTED_EDGE ( 'NONE', *, *, #435, .F. ) ;
#124 = CIRCLE ( 'NONE', #2683, 9.686500000000002331 ) ;
#125 = DIRECTION ( 'NONE',  ( -0.4036298484864445091, 0.9040139324509701702, 0.1408607658127077611 ) ) ;
#126 = CIRCLE ( 'NONE', #132, 9.686499999999988120 ) ;
#127 = FILL_AREA_STYLE_COLOUR ( '', #11 ) ;
#128 = ORIENTED_EDGE ( 'NONE', *, *, #3779, .T. ) ;
#129 = AXIS2_PLACEMENT_3D ( 'NONE', #4781, #796, #1234 ) ;
#130 = ORIENTED_EDGE ( 'NONE', *, *, #5051, .T. ) ;
#131 = ORIENTED_EDGE ( 'NONE', *, *, #5058, .F. ) ;
#132 = AXIS2_PLACEMENT_3D ( 'NONE', #3528, #4636, #5086 ) ;
#133 = DIRECTION ( 'NONE',  ( -0.4036298484864445091, 0.9040139324509701702, 0.1408607658127077611 ) ) ;
#134 = CARTESIAN_POINT ( 'NONE',  ( -3.693540431425608173, -4.465101538067868248, 142.2647446148827726 ) ) ;
#135 = AXIS2_PLACEMENT_3D ( 'NONE', #4985, #1449, #2238 ) ;
#136 = DIRECTION ( 'NONE',  ( -0.4036298484864446201, 0.9040139324509703922, 0.1408607658127077888 ) ) ;
#137 = AXIS2_PLACEMENT_3D ( 'NONE', #4605, #1140, #4301 ) ;
#138 = PRESENTATION_STYLE_ASSIGNMENT (( #1392 ) ) ;
#139 = FILL_AREA_STYLE ('',( #498 ) ) ;
#140 = AXIS2_PLACEMENT_3D ( 'NONE', #4564, #4969, #4537 ) ;
#141 = DIRECTION ( 'NONE',  ( -0.8431203278187570094, -0.4273054310210833151, 0.3264325067126096491 ) ) ;
#142 = AXIS2_PLACEMENT_3D ( 'NONE', #1610, #4332, #4010 ) ;
#143 = DIRECTION ( 'NONE',  ( 0.7292504199660264641, 0.2249069998420402394, 0.6462280297243586658 ) ) ;
#144 = AXIS2_PLACEMENT_3D ( 'NONE', #3052, #2277, #2163 ) ;
#145 = CARTESIAN_POINT ( 'NONE',  ( 1.961633781644379404, 5.104049332889379897, 132.5526818528231274 ) ) ;
#146 = ADVANCED_FACE ( 'NONE', ( #1748 ), #4932, .T. ) ;
#147 = ADVANCED_FACE ( 'NONE', ( #1036 ), #701, .F. ) ;
#148 = SURFACE_SIDE_STYLE ('',( #4874 ) ) ;
#149 = ORIENTED_EDGE ( 'NONE', *, *, #1486, .T. ) ;
#150 = EDGE_CURVE ( 'NONE', #1652, #477, #4043, .T. ) ;
#151 = DIRECTION ( 'NONE',  ( 0.4036298484864445091, -0.9040139324509700591, -0.1408607658127077611 ) ) ;
#152 = ORIENTED_EDGE ( 'NONE', *, *, #596, .F. ) ;
#153 =( NAMED_UNIT ( * ) PLANE_ANGLE_UNIT ( ) SI_UNIT ( $, .RADIAN. ) );
#154 = VECTOR ( 'NONE', #2105, 1000.000000000000114 ) ;
#155 = EDGE_LOOP ( 'NONE', ( #3, #4241, #4681, #4223 ) ) ;
#156 = DIRECTION ( 'NONE',  ( -0.8742437189090495053, -0.3356881868840213001, -0.3507297551314875195 ) ) ;
#157 = AXIS2_PLACEMENT_3D ( 'NONE', #2455, #584, #496 ) ;
#158 = DIRECTION ( 'NONE',  ( 0.8742437189090512817, 0.3356881868840229100, 0.3507297551314816353 ) ) ;
#159 = DIRECTION ( 'NONE',  ( -0.4036298484864446201, 0.9040139324509703922, 0.1408607658127077888 ) ) ;
#160 = DIRECTION ( 'NONE',  ( -0.4036298484864445091, 0.9040139324509701702, 0.1408607658127077611 ) ) ;
#161 = ORIENTED_EDGE ( 'NONE', *, *, #3023, .T. ) ;
#162 = MECHANICAL_DESIGN_GEOMETRIC_PRESENTATION_REPRESENTATION (  '', ( #1735 ), #2630 ) ;
#163 = ORIENTED_EDGE ( 'NONE', *, *, #4748, .F. ) ;
#164 = SURFACE_STYLE_USAGE ( .BOTH. , #523 ) ;
#165 = SURFACE_STYLE_FILL_AREA ( #188 ) ;
#166 = CARTESIAN_POINT ( 'NONE',  ( 5.170489255395044559, 0.3787418636450324838, 136.5774621578671599 ) ) ;
#167 = CARTESIAN_POINT ( 'NONE',  ( -2.770715135275073404, -3.878865337885136100, 141.1467196112632223 ) ) ;
#168 =( LENGTH_UNIT ( ) NAMED_UNIT ( * ) SI_UNIT ( .MILLI., .METRE. ) );
#169 = AXIS2_PLACEMENT_3D ( 'NONE', #913, #2264, #2561 ) ;
#170 =( LENGTH_UNIT ( ) NAMED_UNIT ( * ) SI_UNIT ( .MILLI., .METRE. ) );
#171 = PRESENTATION_STYLE_ASSIGNMENT (( #3654 ) ) ;
#172 = EDGE_CURVE ( 'NONE', #5015, #2725, #572, .T. ) ;
#173 = ORIENTED_EDGE ( 'NONE', *, *, #3387, .T. ) ;
#174 =( NAMED_UNIT ( * ) PLANE_ANGLE_UNIT ( ) SI_UNIT ( $, .RADIAN. ) );
#175 = VERTEX_POINT ( 'NONE', #5040 ) ;
#176 = AXIS2_PLACEMENT_3D ( 'NONE', #4246, #4215, #3921 ) ;
#177 = SURFACE_STYLE_FILL_AREA ( #4939 ) ;
#178 = EDGE_CURVE ( 'NONE', #4528, #3034, #4768, .T. ) ;
#179 = EDGE_CURVE ( 'NONE', #412, #1961, #1478, .T. ) ;
#180 = ORIENTED_EDGE ( 'NONE', *, *, #2880, .T. ) ;
#181 = CIRCLE ( 'NONE', #2732, 9.686500000000002331 ) ;
#182 = ORIENTED_EDGE ( 'NONE', *, *, #1639, .T. ) ;
#183 = CARTESIAN_POINT ( 'NONE',  ( -5.669834767917158125, -3.733325768440127312, 131.9053882223693677 ) ) ;
#184 = VERTEX_POINT ( 'NONE', #3072 ) ;
#185 = EDGE_LOOP ( 'NONE', ( #899, #4287, #3257, #2894 ) ) ;
#186 = PRESENTATION_LAYER_ASSIGNMENT (  '', '', ( #1437 ) ) ;
#187 = CARTESIAN_POINT ( 'NONE',  ( -11.65711460513653464, 0.3899866163084014792, 123.7826388492441652 ) ) ;
#188 = FILL_AREA_STYLE ('',( #4101 ) ) ;
#189 = LINE ( 'NONE', #1745, #660 ) ;
#190 =( NAMED_UNIT ( * ) SI_UNIT ( $, .STERADIAN. ) SOLID_ANGLE_UNIT ( ) );
#191 = SURFACE_STYLE_USAGE ( .BOTH. , #4471 ) ;
#192 = ORIENTED_EDGE ( 'NONE', *, *, #4314, .F. ) ;
#193 = CARTESIAN_POINT ( 'NONE',  ( -5.669834767917158125, -3.733325768440127312, 131.9053882223693677 ) ) ;
#194 = ORIENTED_EDGE ( 'NONE', *, *, #403, .F. ) ;
#195 = AXIS2_PLACEMENT_3D ( 'NONE', #1813, #1120, #4257 ) ;
#196 = AXIS2_PLACEMENT_3D ( 'NONE', #2012, #3637, #3588 ) ;
#197 = ADVANCED_FACE ( 'NONE', ( #751 ), #4640, .T. ) ;
#198 =( NAMED_UNIT ( * ) SI_UNIT ( $, .STERADIAN. ) SOLID_ANGLE_UNIT ( ) );
#199 = DIRECTION ( 'NONE',  ( 0.7292504199660254649, 0.2249069998420398231, 0.6462280297243599980 ) ) ;
#200 = DIRECTION ( 'NONE',  ( 0.4036298484864444536, -0.9040139324509702812, -0.1408607658127079831 ) ) ;
#201 = SURFACE_STYLE_USAGE ( .BOTH. , #4071 ) ;
#202 = PRESENTATION_LAYER_ASSIGNMENT (  '', '', ( #2428 ) ) ;
#203 = UNCERTAINTY_MEASURE_WITH_UNIT (LENGTH_MEASURE( 1.000000000000000082E-05 ), #1060, 'distance_accuracy_value', 'NONE');
#204 = EDGE_LOOP ( 'NONE', ( #531, #844 ) ) ;
#205 = ADVANCED_FACE ( 'NONE', ( #3933 ), #4708, .T. ) ;
#206 = EDGE_CURVE ( 'NONE', #1876, #184, #4773, .T. ) ;
#207 = CYLINDRICAL_SURFACE ( 'NONE', #1714, 4.500000000000003553 ) ;
#208 =( GEOMETRIC_REPRESENTATION_CONTEXT ( 3 ) GLOBAL_UNCERTAINTY_ASSIGNED_CONTEXT ( ( #3344 ) ) GLOBAL_UNIT_ASSIGNED_CONTEXT ( ( #5016, #1369, #3965 ) ) REPRESENTATION_CONTEXT ( 'NONE', 'WORKASPACE' ) );
#209 = CYLINDRICAL_SURFACE ( 'NONE', #1952, 3.000000000000005773 ) ;
#210 = VERTEX_POINT ( 'NONE', #2794 ) ;
#211 =( GEOMETRIC_REPRESENTATION_CONTEXT ( 3 ) GLOBAL_UNCERTAINTY_ASSIGNED_CONTEXT ( ( #668 ) ) GLOBAL_UNIT_ASSIGNED_CONTEXT ( ( #1409, #2341, #353 ) ) REPRESENTATION_CONTEXT ( 'NONE', 'WORKASPACE' ) );
#212 = EDGE_LOOP ( 'NONE', ( #457, #551, #2885, #4534 ) ) ;
#213 = DIRECTION ( 'NONE',  ( -0.4036298484864446201, 0.9040139324509703922, 0.1408607658127077888 ) ) ;
#214 = UNCERTAINTY_MEASURE_WITH_UNIT (LENGTH_MEASURE( 1.000000000000000082E-05 ), #4229, 'distance_accuracy_value', 'NONE');
#215 = AXIS2_PLACEMENT_3D ( 'NONE', #599, #373, #1092 ) ;
#216 = FILL_AREA_STYLE_COLOUR ( '', #2628 ) ;
#217 = COLOUR_RGB ( '',0.7764705882352941346, 0.7568627450980391913, 0.7372549019607843590 ) ;
#218 = CARTESIAN_POINT ( 'NONE',  ( -3.405807887640841969, -4.632832999493874837, 144.1656928281558123 ) ) ;
#219 = AXIS2_PLACEMENT_3D ( 'NONE', #4731, #3987, #424 ) ;
#220 =( NAMED_UNIT ( * ) SI_UNIT ( $, .STERADIAN. ) SOLID_ANGLE_UNIT ( ) );
#221 = SURFACE_SIDE_STYLE ('',( #4900 ) ) ;
#222 = AXIS2_PLACEMENT_3D ( 'NONE', #4024, #896, #23 ) ;
#223 = AXIS2_PLACEMENT_3D ( 'NONE', #3510, #1017, #5011 ) ;
#224 =( GEOMETRIC_REPRESENTATION_CONTEXT ( 3 ) GLOBAL_UNCERTAINTY_ASSIGNED_CONTEXT ( ( #4635 ) ) GLOBAL_UNIT_ASSIGNED_CONTEXT ( ( #1692, #3179, #3984 ) ) REPRESENTATION_CONTEXT ( 'NONE', 'WORKASPACE' ) );
#225 = CARTESIAN_POINT ( 'NONE',  ( -5.647285428382416761, -3.250840772853830440, 128.9445100154311206 ) ) ;
#226 = CIRCLE ( 'NONE', #4186, 12.49999999999999467 ) ;
#227 = DIRECTION ( 'NONE',  ( 0.4036298484864446201, -0.9040139324509703922, -0.1408607658127077888 ) ) ;
#228 = DIRECTION ( 'NONE',  ( -0.4036298484864446201, 0.9040139324509703922, 0.1408607658127077888 ) ) ;
#229 = ORIENTED_EDGE ( 'NONE', *, *, #179, .T. ) ;
#230 = DIRECTION ( 'NONE',  ( -0.008861879339744256623, -0.1578149520867550282, 0.9874289381988068381 ) ) ;
#231 = PRESENTATION_STYLE_ASSIGNMENT (( #4587 ) ) ;
#232 = ORIENTED_EDGE ( 'NONE', *, *, #84, .T. ) ;
#233 = COLOUR_RGB ( '',0.7921568627450980005, 0.8196078431372548767, 0.9333333333333333481 ) ;
#234 = CARTESIAN_POINT ( 'NONE',  ( 2.822907352672435088, 0.3949055439199065098, 129.7468424723761871 ) ) ;
#235 = FACE_BOUND ( 'NONE', #4408, .T. ) ;
#236 = VERTEX_POINT ( 'NONE', #5 ) ;
#237 = ADVANCED_FACE ( 'NONE', ( #1172 ), #4760, .T. ) ;
#238 = ORIENTED_EDGE ( 'NONE', *, *, #3455, .T. ) ;
#239 = UNCERTAINTY_MEASURE_WITH_UNIT (LENGTH_MEASURE( 1.000000000000000082E-05 ), #3050, 'distance_accuracy_value', 'NONE');
#240 = DIRECTION ( 'NONE',  ( -0.4036298484864154212, 0.9040139324509844920, 0.1408607658127000728 ) ) ;
#241 = AXIS2_PLACEMENT_3D ( 'NONE', #2350, #3178, #4030 ) ;
#242 = CARTESIAN_POINT ( 'NONE',  ( -53.07910150793129844, -15.35735266480841510, 70.72786419073543129 ) ) ;
#243 = STYLED_ITEM ( 'NONE', ( #3825 ), #425 ) ;
#244 = CARTESIAN_POINT ( 'NONE',  ( 1.541616739576460837, 0.4947996720056982434, 125.4342660350285286 ) ) ;
#245 = UNCERTAINTY_MEASURE_WITH_UNIT (LENGTH_MEASURE( 1.000000000000000082E-05 ), #4142, 'distance_accuracy_value', 'NONE');
#246 =( NAMED_UNIT ( * ) SI_UNIT ( $, .STERADIAN. ) SOLID_ANGLE_UNIT ( ) );
#247 = CARTESIAN_POINT ( 'NONE',  ( -41.25624481592488735, -6.464890482470003974, 83.03184492408082917 ) ) ;
#248 = EDGE_CURVE ( 'NONE', #1747, #1319, #775, .T. ) ;
#249 = CYLINDRICAL_SURFACE ( 'NONE', #3503, 12.49999999999999467 ) ;
#250 = DIRECTION ( 'NONE',  ( 0.4036298484864446201, -0.9040139324509703922, -0.1408607658127077888 ) ) ;
#251 = MECHANICAL_DESIGN_GEOMETRIC_PRESENTATION_REPRESENTATION (  '', ( #2719 ), #923 ) ;
#252 = DIRECTION ( 'NONE',  ( -0.4036298484864154212, 0.9040139324509844920, 0.1408607658127000728 ) ) ;
#253 = UNCERTAINTY_MEASURE_WITH_UNIT (LENGTH_MEASURE( 1.000000000000000082E-05 ), #3063, 'distance_accuracy_value', 'NONE');
#254 = ORIENTED_EDGE ( 'NONE', *, *, #2920, .T. ) ;
#255 = APPLICATION_CONTEXT ( 'automotive_design' ) ;
#256 = FILL_AREA_STYLE ('',( #2591 ) ) ;
#257 = CARTESIAN_POINT ( 'NONE',  ( -7.687984010349380171, 0.7867438938147223171, 132.6096920514328872 ) ) ;
#258 = CARTESIAN_POINT ( 'NONE',  ( -7.687984010349380171, 0.7867438938147223171, 132.6096920514328872 ) ) ;
#259 =( LENGTH_UNIT ( ) NAMED_UNIT ( * ) SI_UNIT ( .MILLI., .METRE. ) );
#260 = MECHANICAL_DESIGN_GEOMETRIC_PRESENTATION_REPRESENTATION (  '', ( #2976 ), #1910 ) ;
#261 = ORIENTED_EDGE ( 'NONE', *, *, #4321, .T. ) ;
#262 = CARTESIAN_POINT ( 'NONE',  ( -0.7921086919688569150, -0.3619849996322831998, 124.2457451498373047 ) ) ;
#263 = EDGE_CURVE ( 'NONE', #3922, #1253, #1263, .T. ) ;
#264 = UNCERTAINTY_MEASURE_WITH_UNIT (LENGTH_MEASURE( 1.000000000000000082E-05 ), #3175, 'distance_accuracy_value', 'NONE');
#265 = DIRECTION ( 'NONE',  ( -0.8431203278187568984, -0.4273054310210834816, 0.3264325067126098157 ) ) ;
#266 = ORIENTED_EDGE ( 'NONE', *, *, #4881, .T. ) ;
#267 = ORIENTED_EDGE ( 'NONE', *, *, #4526, .F. ) ;
#268 = VECTOR ( 'NONE', #4140, 1000.000000000000341 ) ;
#269 = CARTESIAN_POINT ( 'NONE',  ( -15.87538510477473608, -4.125855832263911616, 140.6770848923905248 ) ) ;
#270 = DIRECTION ( 'NONE',  ( 0.7292504199660262421, 0.2249069998420401839, 0.6462280297243589988 ) ) ;
#271 = FILL_AREA_STYLE_COLOUR ( '', #4184 ) ;
#272 = PRESENTATION_LAYER_ASSIGNMENT (  '', '', ( #93 ) ) ;
#273 = PRESENTATION_STYLE_ASSIGNMENT (( #3888 ) ) ;
#274 = EDGE_CURVE ( 'NONE', #2782, #1274, #1170, .T. ) ;
#275 = CYLINDRICAL_SURFACE ( 'NONE', #1937, 9.686499999999998778 ) ;
#276 = DIRECTION ( 'NONE',  ( 0.7292504199660262421, 0.2249069998420401839, 0.6462280297243589988 ) ) ;
#277 = MECHANICAL_DESIGN_GEOMETRIC_PRESENTATION_REPRESENTATION (  '', ( #4712 ), #1607 ) ;
#278 = DIRECTION ( 'NONE',  ( -0.4036298484864154212, 0.9040139324509844920, 0.1408607658127000728 ) ) ;
#279 =( NAMED_UNIT ( * ) PLANE_ANGLE_UNIT ( ) SI_UNIT ( $, .RADIAN. ) );
#280 = EDGE_CURVE ( 'NONE', #3926, #991, #473, .T. ) ;
#281 = DIRECTION ( 'NONE',  ( -0.4036298484864446201, 0.9040139324509703922, 0.1408607658127077888 ) ) ;
#282 = FILL_AREA_STYLE_COLOUR ( '', #474 ) ;
#283 = ORIENTED_EDGE ( 'NONE', *, *, #343, .F. ) ;
#284 = ORIENTED_EDGE ( 'NONE', *, *, #4556, .F. ) ;
#285 = SURFACE_STYLE_FILL_AREA ( #256 ) ;
#286 =( NAMED_UNIT ( * ) PLANE_ANGLE_UNIT ( ) SI_UNIT ( $, .RADIAN. ) );
#287 =( GEOMETRIC_REPRESENTATION_CONTEXT ( 3 ) GLOBAL_UNCERTAINTY_ASSIGNED_CONTEXT ( ( #2483 ) ) GLOBAL_UNIT_ASSIGNED_CONTEXT ( ( #1869, #5060, #220 ) ) REPRESENTATION_CONTEXT ( 'NONE', 'WORKASPACE' ) );
#288 = CARTESIAN_POINT ( 'NONE',  ( -4.866447384870038029, 0.1516581828459895864, 144.7705142773681928 ) ) ;
#289 =( GEOMETRIC_REPRESENTATION_CONTEXT ( 3 ) GLOBAL_UNCERTAINTY_ASSIGNED_CONTEXT ( ( #5004 ) ) GLOBAL_UNIT_ASSIGNED_CONTEXT ( ( #3489, #4531, #3869 ) ) REPRESENTATION_CONTEXT ( 'NONE', 'WORKASPACE' ) );
#290 = DIRECTION ( 'NONE',  ( -0.4036298484864445091, 0.9040139324509700591, 0.1408607658127077611 ) ) ;
#291 = EDGE_CURVE ( 'NONE', #2137, #4838, #4953, .T. ) ;
#292 = ORIENTED_EDGE ( 'NONE', *, *, #3248, .T. ) ;
#293 = SURFACE_STYLE_FILL_AREA ( #2605 ) ;
#294 = DIRECTION ( 'NONE',  ( 0.4036298484864446201, -0.9040139324509703922, -0.1408607658127077888 ) ) ;
#295 = ORIENTED_EDGE ( 'NONE', *, *, #1820, .T. ) ;
#296 = VERTEX_POINT ( 'NONE', #3355 ) ;
#297 = DIRECTION ( 'NONE',  ( -0.4036298484864446201, 0.9040139324509703922, 0.1408607658127077888 ) ) ;
#298 = SURFACE_SIDE_STYLE ('',( #4199 ) ) ;
#299 = AXIS2_PLACEMENT_3D ( 'NONE', #3627, #2462, #3286 ) ;
#300 = FILL_AREA_STYLE_COLOUR ( '', #4665 ) ;
#301 = UNCERTAINTY_MEASURE_WITH_UNIT (LENGTH_MEASURE( 1.000000000000000082E-05 ), #1980, 'distance_accuracy_value', 'NONE');
#302 = DIRECTION ( 'NONE',  ( -0.008861879339743418751, -0.1578149520867549449, 0.9874289381988069492 ) ) ;
#303 = AXIS2_PLACEMENT_3D ( 'NONE', #2148, #4568, #2635 ) ;
#304 =( LENGTH_UNIT ( ) NAMED_UNIT ( * ) SI_UNIT ( .MILLI., .METRE. ) );
#305 = FILL_AREA_STYLE_COLOUR ( '', #5039 ) ;
#306 = COLOUR_RGB ( '',0.7921568627450980005, 0.8196078431372548767, 0.9333333333333333481 ) ;
#307 = PRESENTATION_LAYER_ASSIGNMENT (  '', '', ( #37 ) ) ;
#308 = CYLINDRICAL_SURFACE ( 'NONE', #2722, 12.49999999999999467 ) ;
#309 = CARTESIAN_POINT ( 'NONE',  ( -50.89982596354931133, -14.68819879204612988, 72.67799013441850775 ) ) ;
#310 = CIRCLE ( 'NONE', #3783, 4.500000000000000000 ) ;
#311 = DIRECTION ( 'NONE',  ( -0.4036298484864445091, 0.9040139324509701702, 0.1408607658127077611 ) ) ;
#312 = COLOUR_RGB ( '',0.7764705882352941346, 0.7568627450980391913, 0.7372549019607843590 ) ;
#313 = AXIS2_PLACEMENT_3D ( 'NONE', #772, #1992, #25 ) ;
#314 = PRESENTATION_STYLE_ASSIGNMENT (( #3862 ) ) ;
#315 = ORIENTED_EDGE ( 'NONE', *, *, #3894, .T. ) ;
#316 = VERTEX_POINT ( 'NONE', #2867 ) ;
#317 = EDGE_CURVE ( 'NONE', #4744, #3437, #482, .T. ) ;
#318 = CIRCLE ( 'NONE', #1628, 1.499999999999974909 ) ;
#319 = FACE_OUTER_BOUND ( 'NONE', #2602, .T. ) ;
#320 = SURFACE_SIDE_STYLE ('',( #3760 ) ) ;
#321 = STYLED_ITEM ( 'NONE', ( #330 ), #4263 ) ;
#322 = ORIENTED_EDGE ( 'NONE', *, *, #2226, .T. ) ;
#323 = DIRECTION ( 'NONE',  ( 0.4036298484864153657, -0.9040139324509843810, -0.1408607658127000450 ) ) ;
#324 = EDGE_CURVE ( 'NONE', #607, #2537, #4102, .T. ) ;
#325 = DIRECTION ( 'NONE',  ( -0.4036298484864446201, 0.9040139324509703922, 0.1408607658127077888 ) ) ;
#326 = VERTEX_POINT ( 'NONE', #166 ) ;
#327 = DIRECTION ( 'NONE',  ( -0.9137903228885078111, -0.4059804243577955774, -0.01292829584984926151 ) ) ;
#328 = MECHANICAL_DESIGN_GEOMETRIC_PRESENTATION_REPRESENTATION (  '', ( #1885 ), #340 ) ;
#329 = ORIENTED_EDGE ( 'NONE', *, *, #3556, .F. ) ;
#330 = PRESENTATION_STYLE_ASSIGNMENT (( #3881 ) ) ;
#331 = VERTEX_POINT ( 'NONE', #2502 ) ;
#332 = SURFACE_STYLE_FILL_AREA ( #1574 ) ;
#333 = CARTESIAN_POINT ( 'NONE',  ( -5.635135141957882787, 3.132353023091723809, 123.4384210606597918 ) ) ;
#334 = DIRECTION ( 'NONE',  ( -0.4036298484864446201, 0.9040139324509703922, 0.1408607658127077888 ) ) ;
#335 = FILL_AREA_STYLE ('',( #4705 ) ) ;
#336 = MECHANICAL_DESIGN_GEOMETRIC_PRESENTATION_REPRESENTATION (  '', ( #1968 ), #4858 ) ;
#337 = SURFACE_STYLE_FILL_AREA ( #3102 ) ;
#338 = AXIS2_PLACEMENT_3D ( 'NONE', #1210, #4489, #931 ) ;
#339 = EDGE_CURVE ( 'NONE', #3426, #1253, #3222, .T. ) ;
#340 =( GEOMETRIC_REPRESENTATION_CONTEXT ( 3 ) GLOBAL_UNCERTAINTY_ASSIGNED_CONTEXT ( ( #4148 ) ) GLOBAL_UNIT_ASSIGNED_CONTEXT ( ( #168, #1794, #3732 ) ) REPRESENTATION_CONTEXT ( 'NONE', 'WORKASPACE' ) );
#341 =( LENGTH_UNIT ( ) NAMED_UNIT ( * ) SI_UNIT ( .MILLI., .METRE. ) );
#342 = DIRECTION ( 'NONE',  ( 0.7292504199660264641, 0.2249069998420402394, 0.6462280297243586658 ) ) ;
#343 = EDGE_CURVE ( 'NONE', #4405, #1198, #3808, .T. ) ;
#344 = MANIFOLD_SOLID_BREP ( 'Áã¼þ1-1-solid1', #1000 ) ;
#345 = ORIENTED_EDGE ( 'NONE', *, *, #879, .T. ) ;
#346 = FILL_AREA_STYLE_COLOUR ( '', #1922 ) ;
#347 = MECHANICAL_DESIGN_GEOMETRIC_PRESENTATION_REPRESENTATION (  '', ( #4372 ), #1904 ) ;
#348 = CARTESIAN_POINT ( 'NONE',  ( -49.23221907797002217, -8.678812089443178834, 74.38553878030865008 ) ) ;
#349 = ORIENTED_EDGE ( 'NONE', *, *, #2362, .T. ) ;
#350 =( NAMED_UNIT ( * ) SI_UNIT ( $, .STERADIAN. ) SOLID_ANGLE_UNIT ( ) );
#351 = EDGE_CURVE ( 'NONE', #1682, #914, #2056, .T. ) ;
#352 = ORIENTED_EDGE ( 'NONE', *, *, #2758, .T. ) ;
#353 =( NAMED_UNIT ( * ) SI_UNIT ( $, .STERADIAN. ) SOLID_ANGLE_UNIT ( ) );
#354 =( NAMED_UNIT ( * ) PLANE_ANGLE_UNIT ( ) SI_UNIT ( $, .RADIAN. ) );
#355 = CARTESIAN_POINT ( 'NONE',  ( -24.79927371486337861, -0.8634578388481191080, 94.23973231158855413 ) ) ;
#356 = DIRECTION ( 'NONE',  ( 0.4962987577851414311, 0.08699870934529781163, 0.8637816666225197615 ) ) ;
#357 = CARTESIAN_POINT ( 'NONE',  ( 0.7700584842810177522, -1.950703585357066450, 138.9181134631493251 ) ) ;
#358 = CARTESIAN_POINT ( 'NONE',  ( -39.25138839250242739, -11.22168257285506243, 83.80868450231555755 ) ) ;
#359 =( LENGTH_UNIT ( ) NAMED_UNIT ( * ) SI_UNIT ( .MILLI., .METRE. ) );
#360 = CARTESIAN_POINT ( 'NONE',  ( -1.097798904593684233, -0.3060952438398136244, 123.0111159674682426 ) ) ;
#361 = DIRECTION ( 'NONE',  ( 0.7292504199660262421, 0.2249069998420401839, 0.6462280297243589988 ) ) ;
#362 = FILL_AREA_STYLE ('',( #2329 ) ) ;
#363 = ORIENTED_EDGE ( 'NONE', *, *, #4879, .T. ) ;
#364 = CARTESIAN_POINT ( 'NONE',  ( -20.15540746492992952, 0.4683665267411860622, 98.99915020139917488 ) ) ;
#365 = LINE ( 'NONE', #2600, #1674 ) ;
#366 = EDGE_CURVE ( 'NONE', #2488, #2068, #574, .T. ) ;
#367 = ORIENTED_EDGE ( 'NONE', *, *, #4684, .F. ) ;
#368 = ORIENTED_EDGE ( 'NONE', *, *, #1848, .F. ) ;
#369 = CARTESIAN_POINT ( 'NONE',  ( -16.67877248782182420, -8.010839783550007809, 127.8119588373916571 ) ) ;
#370 = EDGE_CURVE ( 'NONE', #4701, #2825, #4129, .T. ) ;
#371 = CIRCLE ( 'NONE', #196, 4.499999999999998224 ) ;
#372 = CARTESIAN_POINT ( 'NONE',  ( 12.49352891836914914, -44.41399865264154556, 125.5666466050706020 ) ) ;
#373 = DIRECTION ( 'NONE',  ( -0.4036298484864445091, 0.9040139324509701702, 0.1408607658127077611 ) ) ;
#374 = AXIS2_PLACEMENT_3D ( 'NONE', #4324, #792, #1988 ) ;
#375 = SURFACE_SIDE_STYLE ('',( #4723 ) ) ;
#376 = DIRECTION ( 'NONE',  ( -0.7292504199660253539, -0.2249069998420399341, -0.6462280297243599980 ) ) ;
#377 = EDGE_CURVE ( 'NONE', #2629, #1627, #189, .T. ) ;
#378 = FACE_OUTER_BOUND ( 'NONE', #4808, .T. ) ;
#379 = PRESENTATION_LAYER_ASSIGNMENT (  '', '', ( #2203 ) ) ;
#380 = AXIS2_PLACEMENT_3D ( 'NONE', #4305, #4326, #797 ) ;
#381 =( NAMED_UNIT ( * ) PLANE_ANGLE_UNIT ( ) SI_UNIT ( $, .RADIAN. ) );
#382 = CIRCLE ( 'NONE', #4269, 12.49999999999999467 ) ;
#383 = STYLED_ITEM ( 'NONE', ( #1169 ), #2849 ) ;
#384 = CARTESIAN_POINT ( 'NONE',  ( -5.669834767917158125, -3.733325768440127312, 131.9053882223693677 ) ) ;
#385 = STYLED_ITEM ( 'NONE', ( #4468 ), #4632 ) ;
#386 = ORIENTED_EDGE ( 'NONE', *, *, #654, .T. ) ;
#387 = AXIS2_PLACEMENT_3D ( 'NONE', #3172, #2787, #1642 ) ;
#388 = AXIS2_PLACEMENT_3D ( 'NONE', #3012, #228, #2675 ) ;
#389 = SURFACE_SIDE_STYLE ('',( #3943 ) ) ;
#390 = COLOUR_RGB ( '',0.7764705882352941346, 0.7568627450980391913, 0.7372549019607843590 ) ;
#391 = ORIENTED_EDGE ( 'NONE', *, *, #1014, .F. ) ;
#392 = CIRCLE ( 'NONE', #1154, 4.499999999999999112 ) ;
#393 = CIRCLE ( 'NONE', #144, 4.499999999999995559 ) ;
#394 = ORIENTED_EDGE ( 'NONE', *, *, #3412, .F. ) ;
#395 = FACE_OUTER_BOUND ( 'NONE', #4775, .T. ) ;
#396 = SURFACE_SIDE_STYLE ('',( #2014 ) ) ;
#397 = EDGE_CURVE ( 'NONE', #71, #3028, #3562, .T. ) ;
#398 = SURFACE_STYLE_FILL_AREA ( #1579 ) ;
#399 = DIRECTION ( 'NONE',  ( -0.4036298484864445091, 0.9040139324509701702, 0.1408607658127077611 ) ) ;
#400 = ORIENTED_EDGE ( 'NONE', *, *, #3899, .F. ) ;
#401 =( LENGTH_UNIT ( ) NAMED_UNIT ( * ) SI_UNIT ( .MILLI., .METRE. ) );
#402 = CARTESIAN_POINT ( 'NONE',  ( 1.897387753902580521, 3.538283925826189780, 124.6693094666124466 ) ) ;
#403 = EDGE_CURVE ( 'NONE', #2547, #2833, #901, .T. ) ;
#404 = FACE_OUTER_BOUND ( 'NONE', #4251, .T. ) ;
#405 = FILL_AREA_STYLE_COLOUR ( '', #3938 ) ;
#406 = ORIENTED_EDGE ( 'NONE', *, *, #206, .F. ) ;
#407 = COLOUR_RGB ( '',1.000000000000000000, 1.000000000000000000, 1.000000000000000000 ) ;
#408 = PRESENTATION_LAYER_ASSIGNMENT (  '', '', ( #1968 ) ) ;
#409 = CARTESIAN_POINT ( 'NONE',  ( -5.669834767917158125, -3.733325768440127312, 131.9053882223693677 ) ) ;
#410 =( LENGTH_UNIT ( ) NAMED_UNIT ( * ) SI_UNIT ( .MILLI., .METRE. ) );
#411 = FILL_AREA_STYLE_COLOUR ( '', #3326 ) ;
#412 = VERTEX_POINT ( 'NONE', #524 ) ;
#413 = ORIENTED_EDGE ( 'NONE', *, *, #3099, .F. ) ;
#414 = LINE ( 'NONE', #3975, #934 ) ;
#415 = DIRECTION ( 'NONE',  ( -0.4036298484864445091, 0.9040139324509700591, 0.1408607658127077611 ) ) ;
#416 = PRESENTATION_STYLE_ASSIGNMENT (( #1599 ) ) ;
#417 = FILL_AREA_STYLE ('',( #4706 ) ) ;
#418 = ORIENTED_EDGE ( 'NONE', *, *, #179, .F. ) ;
#419 = CIRCLE ( 'NONE', #595, 4.500000000000000888 ) ;
#420 = SURFACE_SIDE_STYLE ('',( #2391 ) ) ;
#421 = EDGE_CURVE ( 'NONE', #5080, #2357, #1585, .T. ) ;
#422 = AXIS2_PLACEMENT_3D ( 'NONE', #1959, #3211, #3560 ) ;
#423 = EDGE_LOOP ( 'NONE', ( #1883, #3485, #2192, #2416 ) ) ;
#424 = DIRECTION ( 'NONE',  ( 0.8742437189090512817, 0.3356881868840229100, 0.3507297551314816353 ) ) ;
#425 = ADVANCED_FACE ( 'NONE', ( #1310 ), #4126, .T. ) ;
#426 = EDGE_CURVE ( 'NONE', #4034, #4701, #916, .T. ) ;
#427 =( LENGTH_UNIT ( ) NAMED_UNIT ( * ) SI_UNIT ( .MILLI., .METRE. ) );
#428 = DIRECTION ( 'NONE',  ( 0.4036298484864446201, -0.9040139324509703922, -0.1408607658127077888 ) ) ;
#429 = STYLED_ITEM ( 'NONE', ( #2110 ), #2000 ) ;
#430 = ORIENTED_EDGE ( 'NONE', *, *, #2595, .T. ) ;
#431 = FACE_OUTER_BOUND ( 'NONE', #3054, .T. ) ;
#432 =( LENGTH_UNIT ( ) NAMED_UNIT ( * ) SI_UNIT ( .MILLI., .METRE. ) );
#433 =( LENGTH_UNIT ( ) NAMED_UNIT ( * ) SI_UNIT ( .MILLI., .METRE. ) );
#434 = EDGE_LOOP ( 'NONE', ( #2396, #105, #4800, #515 ) ) ;
#435 = EDGE_CURVE ( 'NONE', #1162, #971, #2796, .T. ) ;
#436 = ORIENTED_EDGE ( 'NONE', *, *, #3923, .T. ) ;
#437 = SURFACE_STYLE_FILL_AREA ( #3603 ) ;
#438 = DIRECTION ( 'NONE',  ( -0.4036298484864446201, 0.9040139324509703922, 0.1408607658127077888 ) ) ;
#439 = SURFACE_SIDE_STYLE ('',( #926 ) ) ;
#440 = LINE ( 'NONE', #2429, #460 ) ;
#441 = ORIENTED_EDGE ( 'NONE', *, *, #2039, .F. ) ;
#442 = ORIENTED_EDGE ( 'NONE', *, *, #2881, .F. ) ;
#443 = CARTESIAN_POINT ( 'NONE',  ( -5.669834767917158125, -3.733325768440127312, 131.9053882223693677 ) ) ;
#444 = SURFACE_STYLE_FILL_AREA ( #1288 ) ;
#445 = MECHANICAL_DESIGN_GEOMETRIC_PRESENTATION_REPRESENTATION (  '', ( #3444 ), #794 ) ;
#446 = ORIENTED_EDGE ( 'NONE', *, *, #4983, .T. ) ;
#447 = MECHANICAL_DESIGN_GEOMETRIC_PRESENTATION_REPRESENTATION (  '', ( #121 ), #208 ) ;
#449 = SURFACE_STYLE_FILL_AREA ( #4472 ) ;
#448 = DIRECTION ( 'NONE',  ( -0.4036298484864446201, 0.9040139324509703922, 0.1408607658127077888 ) ) ;
#450 = AXIS2_PLACEMENT_3D ( 'NONE', #3117, #1163, #1236 ) ;
#451 = EDGE_CURVE ( 'NONE', #4744, #763, #3850, .T. ) ;
#452 = ORIENTED_EDGE ( 'NONE', *, *, #4912, .T. ) ;
#453 =( LENGTH_UNIT ( ) NAMED_UNIT ( * ) SI_UNIT ( .MILLI., .METRE. ) );
#454 = CARTESIAN_POINT ( 'NONE',  ( 1.298169140858804749, 0.4328415741125408167, 125.1343121520757649 ) ) ;
#455 = MECHANICAL_DESIGN_GEOMETRIC_PRESENTATION_REPRESENTATION (  '', ( #1219 ), #2370 ) ;
#456 = CARTESIAN_POINT ( 'NONE',  ( -63.48147303013421094, -16.33455473654120382, 82.68787758793897069 ) ) ;
#457 = ORIENTED_EDGE ( 'NONE', *, *, #2506, .F. ) ;
#458 = CIRCLE ( 'NONE', #219, 9.686499999999998778 ) ;
#459 = COLOUR_RGB ( '',0.7764705882352941346, 0.7568627450980391913, 0.7372549019607843590 ) ;
#460 = VECTOR ( 'NONE', #927, 1000.000000000000341 ) ;
#461 = ADVANCED_FACE ( 'NONE', ( #2613 ), #3382, .T. ) ;
#462 = ORIENTED_EDGE ( 'NONE', *, *, #1350, .F. ) ;
#463 = CARTESIAN_POINT ( 'NONE',  ( -16.25229629995459746, -2.601325671227089131, 129.8839509359681870 ) ) ;
#464 = VERTEX_POINT ( 'NONE', #3803 ) ;
#465 = MECHANICAL_DESIGN_GEOMETRIC_PRESENTATION_REPRESENTATION (  '', ( #2296 ), #3370 ) ;
#466 = CARTESIAN_POINT ( 'NONE',  ( -7.687984010349380171, 0.7867438938147223171, 132.6096920514328872 ) ) ;
#467 = DIRECTION ( 'NONE',  ( -0.4036298484864445091, 0.9040139324509700591, 0.1408607658127077611 ) ) ;
#468 = CYLINDRICAL_SURFACE ( 'NONE', #4260, 4.500000000000003553 ) ;
#469 =( NAMED_UNIT ( * ) SI_UNIT ( $, .STERADIAN. ) SOLID_ANGLE_UNIT ( ) );
#470 = CARTESIAN_POINT ( 'NONE',  ( -0.2737288626053318019, -2.731892163071312218, 140.9406896418721260 ) ) ;
#471 = ORIENTED_EDGE ( 'NONE', *, *, #370, .T. ) ;
#472 = VERTEX_POINT ( 'NONE', #4169 ) ;
#473 = LINE ( 'NONE', #3573, #3143 ) ;
#474 = COLOUR_RGB ( '',0.7764705882352941346, 0.7568627450980391913, 0.7372549019607843590 ) ;
#475 = SURFACE_STYLE_FILL_AREA ( #2843 ) ;
#476 = PRESENTATION_STYLE_ASSIGNMENT (( #2413 ) ) ;
#477 = VERTEX_POINT ( 'NONE', #242 ) ;
#478 =( GEOMETRIC_REPRESENTATION_CONTEXT ( 3 ) GLOBAL_UNCERTAINTY_ASSIGNED_CONTEXT ( ( #2165 ) ) GLOBAL_UNIT_ASSIGNED_CONTEXT ( ( #2132, #3336, #1365 ) ) REPRESENTATION_CONTEXT ( 'NONE', 'WORKASPACE' ) );
#479 = SURFACE_STYLE_FILL_AREA ( #3283 ) ;
#480 = VERTEX_POINT ( 'NONE', #3409 ) ;
#481 =( LENGTH_UNIT ( ) NAMED_UNIT ( * ) SI_UNIT ( .MILLI., .METRE. ) );
#482 = CIRCLE ( 'NONE', #1897, 4.500000000000001776 ) ;
#483 =( GEOMETRIC_REPRESENTATION_CONTEXT ( 3 ) GLOBAL_UNCERTAINTY_ASSIGNED_CONTEXT ( ( #631 ) ) GLOBAL_UNIT_ASSIGNED_CONTEXT ( ( #2832, #889, #3262 ) ) REPRESENTATION_CONTEXT ( 'NONE', 'WORKASPACE' ) );
#484 =( LENGTH_UNIT ( ) NAMED_UNIT ( * ) SI_UNIT ( .MILLI., .METRE. ) );
#485 = VERTEX_POINT ( 'NONE', #692 ) ;
#486 = ADVANCED_FACE ( 'NONE', ( #1118 ), #1166, .F. ) ;
#487 =( LENGTH_UNIT ( ) NAMED_UNIT ( * ) SI_UNIT ( .MILLI., .METRE. ) );
#488 = PRESENTATION_LAYER_ASSIGNMENT (  '', '', ( #4291 ) ) ;
#489 = CARTESIAN_POINT ( 'NONE',  ( -5.669834767917158125, -3.733325768440127312, 131.9053882223693677 ) ) ;
#490 = EDGE_CURVE ( 'NONE', #3748, #1198, #1920, .T. ) ;
#491 = DIRECTION ( 'NONE',  ( -0.4036298484864446201, 0.9040139324509703922, 0.1408607658127077888 ) ) ;
#492 = DIRECTION ( 'NONE',  ( -0.4036298484864445091, 0.9040139324509700591, 0.1408607658127077611 ) ) ;
#493 = LINE ( 'NONE', #4834, #543 ) ;
#494 = ORIENTED_EDGE ( 'NONE', *, *, #4460, .T. ) ;
#495 = VERTEX_POINT ( 'NONE', #871 ) ;
#496 = DIRECTION ( 'NONE',  ( -0.4962987577851463716, -0.08699870934530061495, -0.8637816666225166529 ) ) ;
#497 = PRESENTATION_STYLE_ASSIGNMENT (( #903 ) ) ;
#498 = FILL_AREA_STYLE_COLOUR ( '', #3450 ) ;
#499 = PRESENTATION_LAYER_ASSIGNMENT (  '', '', ( #3575 ) ) ;
#500 = FILL_AREA_STYLE ('',( #1696 ) ) ;
#501 = ORIENTED_EDGE ( 'NONE', *, *, #377, .T. ) ;
#502 = DIRECTION ( 'NONE',  ( -0.4036298484864446201, 0.9040139324509703922, 0.1408607658127077888 ) ) ;
#504 = DIRECTION ( 'NONE',  ( -0.4036298484864446201, 0.9040139324509703922, 0.1408607658127077888 ) ) ;
#503 =( NAMED_UNIT ( * ) PLANE_ANGLE_UNIT ( ) SI_UNIT ( $, .RADIAN. ) );
#505 = CARTESIAN_POINT ( 'NONE',  ( 3.517911076068045428, -0.2369760976220295634, 135.7936224275419761 ) ) ;
#506 = CIRCLE ( 'NONE', #855, 4.499999999999992895 ) ;
#507 = ORIENTED_EDGE ( 'NONE', *, *, #3100, .T. ) ;
#508 = SURFACE_SIDE_STYLE ('',( #2511 ) ) ;
#509 = DIRECTION ( 'NONE',  ( 0.7292504199660264641, 0.2249069998420402949, 0.6462280297243586658 ) ) ;
#510 = SURFACE_STYLE_USAGE ( .BOTH. , #92 ) ;
#511 = AXIS2_PLACEMENT_3D ( 'NONE', #4462, #2494, #545 ) ;
#512 = ORIENTED_EDGE ( 'NONE', *, *, #3636, .T. ) ;
#513 = AXIS2_PLACEMENT_3D ( 'NONE', #3709, #32, #1338 ) ;
#514 = SURFACE_SIDE_STYLE ('',( #2544 ) ) ;
#515 = ORIENTED_EDGE ( 'NONE', *, *, #3597, .T. ) ;
#516 = PRESENTATION_LAYER_ASSIGNMENT (  '', '', ( #1192 ) ) ;
#517 = VERTEX_POINT ( 'NONE', #4703 ) ;
#518 = DIRECTION ( 'NONE',  ( -0.6637165053083283750, -0.1833472909604438317, -0.7251649270881529441 ) ) ;
#519 = CARTESIAN_POINT ( 'NONE',  ( -9.356211786845960887, -6.887411611703602610, 141.5844904264226045 ) ) ;
#520 = ORIENTED_EDGE ( 'NONE', *, *, #4343, .F. ) ;
#521 = ORIENTED_EDGE ( 'NONE', *, *, #696, .T. ) ;
#522 = EDGE_CURVE ( 'NONE', #1808, #175, #600, .T. ) ;
#523 = SURFACE_SIDE_STYLE ('',( #4079 ) ) ;
#524 = CARTESIAN_POINT ( 'NONE',  ( -6.763710397866197432, -4.070686268203179026, 130.9360461777828277 ) ) ;
#525 = PRESENTATION_STYLE_ASSIGNMENT (( #854 ) ) ;
#526 = DIRECTION ( 'NONE',  ( -0.4036298484864445091, 0.9040139324509700591, 0.1408607658127077611 ) ) ;
#527 = CYLINDRICAL_SURFACE ( 'NONE', #3900, 12.49999999999999467 ) ;
#528 =( GEOMETRIC_REPRESENTATION_CONTEXT ( 3 ) GLOBAL_UNCERTAINTY_ASSIGNED_CONTEXT ( ( #4047 ) ) GLOBAL_UNIT_ASSIGNED_CONTEXT ( ( #427, #2328, #4330 ) ) REPRESENTATION_CONTEXT ( 'NONE', 'WORKASPACE' ) );
#529 = EDGE_LOOP ( 'NONE', ( #1593, #1226, #2227, #2274 ) ) ;
#530 = AXIS2_PLACEMENT_3D ( 'NONE', #2786, #4367, #3608 ) ;
#531 = ORIENTED_EDGE ( 'NONE', *, *, #3377, .T. ) ;
#532 = DIRECTION ( 'NONE',  ( -0.4036298484864154212, 0.9040139324509844920, 0.1408607658127000728 ) ) ;
#533 = STYLED_ITEM ( 'NONE', ( #1320 ), #2457 ) ;
#534 = EDGE_LOOP ( 'NONE', ( #938, #2492, #4040, #462 ) ) ;
#535 = CARTESIAN_POINT ( 'NONE',  ( -5.673871066401649621, -3.724285629114095997, 131.9067968300275311 ) ) ;
#536 = AXIS2_PLACEMENT_3D ( 'NONE', #2661, #2201, #1387 ) ;
#537 =( NAMED_UNIT ( * ) PLANE_ANGLE_UNIT ( ) SI_UNIT ( $, .RADIAN. ) );
#538 = STYLED_ITEM ( 'NONE', ( #2879 ), #3708 ) ;
#539 = FILL_AREA_STYLE_COLOUR ( '', #2389 ) ;
#540 = ORIENTED_EDGE ( 'NONE', *, *, #2497, .F. ) ;
#541 = LINE ( 'NONE', #2279, #3420 ) ;
#542 = COLOUR_RGB ( '',0.7764705882352941346, 0.7568627450980391913, 0.7372549019607843590 ) ;
#543 = VECTOR ( 'NONE', #3691, 1000.000000000000341 ) ;
#544 = AXIS2_PLACEMENT_3D ( 'NONE', #3723, #1306, #1741 ) ;
#545 = DIRECTION ( 'NONE',  ( 0.7292504199660252429, 0.2249069998420393235, 0.6462280297243602201 ) ) ;
#546 = ADVANCED_FACE ( 'NONE', ( #395 ), #2740, .T. ) ;
#547 = DIRECTION ( 'NONE',  ( -0.4036298484864154212, 0.9040139324509844920, 0.1408607658127000728 ) ) ;
#548 = PRESENTATION_STYLE_ASSIGNMENT (( #950 ) ) ;
#549 = DIRECTION ( 'NONE',  ( 0.7292504199660264641, 0.2249069998420402949, 0.6462280297243586658 ) ) ;
#550 = DIRECTION ( 'NONE',  ( -0.4962987577851450949, -0.08699870934530036515, -0.8637816666225175410 ) ) ;
#551 = ORIENTED_EDGE ( 'NONE', *, *, #1149, .T. ) ;
#552 = VERTEX_POINT ( 'NONE', #3121 ) ;
#553 = AXIS2_PLACEMENT_3D ( 'NONE', #1858, #4626, #265 ) ;
#554 = LINE ( 'NONE', #4055, #3459 ) ;
#555 = CIRCLE ( 'NONE', #1873, 9.686499999999998778 ) ;
#556 = AXIS2_PLACEMENT_3D ( 'NONE', #1965, #4411, #101 ) ;
#557 = DIRECTION ( 'NONE',  ( 0.3702744618760678286, 0.02061620197443150490, 0.9286935959176942923 ) ) ;
#558 = LINE ( 'NONE', #4128, #877 ) ;
#559 = ADVANCED_FACE ( 'NONE', ( #3999 ), #2386, .T. ) ;
#560 = PRESENTATION_LAYER_ASSIGNMENT (  '', '', ( #3206 ) ) ;
#561 =( NAMED_UNIT ( * ) PLANE_ANGLE_UNIT ( ) SI_UNIT ( $, .RADIAN. ) );
#562 = SURFACE_STYLE_USAGE ( .BOTH. , #1395 ) ;
#563 = ORIENTED_EDGE ( 'NONE', *, *, #178, .T. ) ;
#564 = EDGE_CURVE ( 'NONE', #3748, #1916, #1426, .T. ) ;
#565 = DIRECTION ( 'NONE',  ( -0.7292504199660265751, -0.2249069998420404060, -0.6462280297243583327 ) ) ;
#566 = EDGE_CURVE ( 'NONE', #2461, #4772, #2838, .T. ) ;
#567 = ORIENTED_EDGE ( 'NONE', *, *, #1384, .T. ) ;
#568 = SURFACE_STYLE_FILL_AREA ( #4584 ) ;
#569 = ORIENTED_EDGE ( 'NONE', *, *, #4524, .T. ) ;
#570 = CYLINDRICAL_SURFACE ( 'NONE', #215, 12.49999999999999467 ) ;
#571 = DIRECTION ( 'NONE',  ( 0.7292504199660252429, 0.2249069998420399341, 0.6462280297243599980 ) ) ;
#572 = CIRCLE ( 'NONE', #4690, 4.500000000000002665 ) ;
#573 = STYLED_ITEM ( 'NONE', ( #1034 ), #2792 ) ;
#574 = CIRCLE ( 'NONE', #1242, 4.499999999999994671 ) ;
#575 = EDGE_LOOP ( 'NONE', ( #391, #4135, #658, #4011 ) ) ;
#576 = FILL_AREA_STYLE ('',( #76 ) ) ;
#577 = UNCERTAINTY_MEASURE_WITH_UNIT (LENGTH_MEASURE( 1.000000000000000082E-05 ), #1986, 'distance_accuracy_value', 'NONE');
#578 = PRESENTATION_LAYER_ASSIGNMENT (  '', '', ( #5042 ) ) ;
#579 = CARTESIAN_POINT ( 'NONE',  ( -3.115948147025906501, 4.213974418415036283, 123.7154197965317906 ) ) ;
#580 = ORIENTED_EDGE ( 'NONE', *, *, #339, .T. ) ;
#581 = CIRCLE ( 'NONE', #1246, 4.500000000000009770 ) ;
#582 = ORIENTED_EDGE ( 'NONE', *, *, #4041, .F. ) ;
#583 = SURFACE_STYLE_USAGE ( .BOTH. , #2554 ) ;
#584 = DIRECTION ( 'NONE',  ( -0.4036298484864446201, 0.9040139324509703922, 0.1408607658127077888 ) ) ;
#585 = FACE_OUTER_BOUND ( 'NONE', #3405, .T. ) ;
#586 =( NAMED_UNIT ( * ) PLANE_ANGLE_UNIT ( ) SI_UNIT ( $, .RADIAN. ) );
#587 = DIRECTION ( 'NONE',  ( 0.7292504199660254649, 0.2249069998420400174, 0.6462280297243599980 ) ) ;
#588 = COLOUR_RGB ( '',0.7764705882352941346, 0.7568627450980391913, 0.7372549019607843590 ) ;
#589 = EDGE_CURVE ( 'NONE', #833, #872, #1739, .T. ) ;
#590 = PRESENTATION_LAYER_ASSIGNMENT (  '', '', ( #2471 ) ) ;
#591 = FACE_OUTER_BOUND ( 'NONE', #1843, .T. ) ;
#592 = EDGE_LOOP ( 'NONE', ( #3944, #4004, #4677, #2817 ) ) ;
#593 = AXIS2_PLACEMENT_3D ( 'NONE', #2804, #4795, #4697 ) ;
#594 = EDGE_CURVE ( 'NONE', #552, #3205, #4048, .T. ) ;
#595 = AXIS2_PLACEMENT_3D ( 'NONE', #891, #1983, #869 ) ;
#596 = EDGE_CURVE ( 'NONE', #1830, #18, #181, .T. ) ;
#597 = CARTESIAN_POINT ( 'NONE',  ( -1.207482428974899102, 2.601679385391673982, 121.7833765001838202 ) ) ;
#598 = DIRECTION ( 'NONE',  ( -0.4036298484864446201, 0.9040139324509703922, 0.1408607658127077888 ) ) ;
#599 = CARTESIAN_POINT ( 'NONE',  ( -11.72428249521382604, 9.826883218324423908, 134.0182997095599831 ) ) ;
#600 = CIRCLE ( 'NONE', #4379, 4.499999999999992895 ) ;
#601 = CARTESIAN_POINT ( 'NONE',  ( -18.08349961799449090, -6.588315337556291063, 132.4053477709254594 ) ) ;
#602 = CARTESIAN_POINT ( 'NONE',  ( -35.20011019362828364, -5.910377165544232980, 96.82666511101758999 ) ) ;
#603 = MECHANICAL_DESIGN_GEOMETRIC_PRESENTATION_REPRESENTATION (  '', ( #1114 ), #4149 ) ;
#604 = ORIENTED_EDGE ( 'NONE', *, *, #33, .T. ) ;
#605 = CARTESIAN_POINT ( 'NONE',  ( -5.673871066401649621, -3.724285629114095997, 131.9067968300275311 ) ) ;
#606 = VERTEX_POINT ( 'NONE', #4914 ) ;
#607 = VERTEX_POINT ( 'NONE', #3318 ) ;
#608 = AXIS2_PLACEMENT_3D ( 'NONE', #1102, #1929, #4289 ) ;
#609 = PRESENTATION_STYLE_ASSIGNMENT (( #583 ) ) ;
#610 = DIRECTION ( 'NONE',  ( -0.4036298484864445091, 0.9040139324509700591, 0.1408607658127077611 ) ) ;
#611 = SURFACE_STYLE_FILL_AREA ( #4925 ) ;
#612 = ORIENTED_EDGE ( 'NONE', *, *, #370, .F. ) ;
#613 =( LENGTH_UNIT ( ) NAMED_UNIT ( * ) SI_UNIT ( .MILLI., .METRE. ) );
#614 = UNCERTAINTY_MEASURE_WITH_UNIT (LENGTH_MEASURE( 1.000000000000000082E-05 ), #789, 'distance_accuracy_value', 'NONE');
#615 = ORIENTED_EDGE ( 'NONE', *, *, #4879, .F. ) ;
#616 = PRESENTATION_STYLE_ASSIGNMENT (( #3759 ) ) ;
#617 = DIRECTION ( 'NONE',  ( 0.7292504199660264641, 0.2249069998420402949, 0.6462280297243586658 ) ) ;
#618 = EDGE_CURVE ( 'NONE', #708, #4068, #937, .T. ) ;
#619 = FACE_BOUND ( 'NONE', #2960, .T. ) ;
#620 = UNCERTAINTY_MEASURE_WITH_UNIT (LENGTH_MEASURE( 1.000000000000000082E-05 ), #3807, 'distance_accuracy_value', 'NONE');
#621 = CARTESIAN_POINT ( 'NONE',  ( -11.72428249521382604, 9.826883218324423908, 134.0182997095599831 ) ) ;
#622 =( LENGTH_UNIT ( ) NAMED_UNIT ( * ) SI_UNIT ( .MILLI., .METRE. ) );
#623 = EDGE_CURVE ( 'NONE', #326, #472, #3348, .T. ) ;
#624 = AXIS2_PLACEMENT_3D ( 'NONE', #384, #4764, #1243 ) ;
#625 =( LENGTH_UNIT ( ) NAMED_UNIT ( * ) SI_UNIT ( .MILLI., .METRE. ) );
#626 = VERTEX_POINT ( 'NONE', #1383 ) ;
#627 = CIRCLE ( 'NONE', #2106, 12.49999999999999467 ) ;
#628 = ORIENTED_EDGE ( 'NONE', *, *, #3597, .F. ) ;
#629 = DIRECTION ( 'NONE',  ( -0.4036298484864445091, 0.9040139324509700591, 0.1408607658127077611 ) ) ;
#630 = DIRECTION ( 'NONE',  ( 0.8742437189090509486, 0.3356881868840227989, 0.3507297551314823014 ) ) ;
#631 = UNCERTAINTY_MEASURE_WITH_UNIT (LENGTH_MEASURE( 1.000000000000000082E-05 ), #2832, 'distance_accuracy_value', 'NONE');
#632 = VECTOR ( 'NONE', #1871, 1000.000000000000000 ) ;
#633 = DIRECTION ( 'NONE',  ( -0.7292504199660266861, -0.2249069998420403782, -0.6462280297243582217 ) ) ;
#634 =( GEOMETRIC_REPRESENTATION_CONTEXT ( 3 ) GLOBAL_UNCERTAINTY_ASSIGNED_CONTEXT ( ( #3381 ) ) GLOBAL_UNIT_ASSIGNED_CONTEXT ( ( #4687, #1260, #2430 ) ) REPRESENTATION_CONTEXT ( 'NONE', 'WORKASPACE' ) );
#635 = DIRECTION ( 'NONE',  ( -0.4036298484864445091, 0.9040139324509701702, 0.1408607658127077611 ) ) ;
#636 = PRESENTATION_STYLE_ASSIGNMENT (( #1441 ) ) ;
#637 =( GEOMETRIC_REPRESENTATION_CONTEXT ( 3 ) GLOBAL_UNCERTAINTY_ASSIGNED_CONTEXT ( ( #2319 ) ) GLOBAL_UNIT_ASSIGNED_CONTEXT ( ( #1503, #3667, #469 ) ) REPRESENTATION_CONTEXT ( 'NONE', 'WORKASPACE' ) );
#638 = AXIS2_PLACEMENT_3D ( 'NONE', #5068, #1905, #1879 ) ;
#639 = AXIS2_PLACEMENT_3D ( 'NONE', #4923, #635, #1812 ) ;
#640 = CARTESIAN_POINT ( 'NONE',  ( -5.669834767917158125, -3.733325768440127312, 131.9053882223693677 ) ) ;
#641 = DIRECTION ( 'NONE',  ( 0.4036298484864154212, -0.9040139324509844920, -0.1408607658127000728 ) ) ;
#642 = EDGE_CURVE ( 'NONE', #1408, #3501, #948, .T. ) ;
#643 = CIRCLE ( 'NONE', #3958, 12.49999999999999467 ) ;
#644 = CIRCLE ( 'NONE', #2035, 9.686500000000004107 ) ;
#645 =( NAMED_UNIT ( * ) SI_UNIT ( $, .STERADIAN. ) SOLID_ANGLE_UNIT ( ) );
#646 = CARTESIAN_POINT ( 'NONE',  ( 3.615610079393777099, -0.8092534580695702751, 139.7463266299370730 ) ) ;
#647 = ORIENTED_EDGE ( 'NONE', *, *, #4191, .T. ) ;
#648 = CARTESIAN_POINT ( 'NONE',  ( -14.95527961522804716, -6.657398078810653708, 124.0644498148015344 ) ) ;
#649 = PRESENTATION_STYLE_ASSIGNMENT (( #1044 ) ) ;
#650 = LINE ( 'NONE', #1425, #2612 ) ;
#651 = CYLINDRICAL_SURFACE ( 'NONE', #3029, 4.500000000000003553 ) ;
#652 = CARTESIAN_POINT ( 'NONE',  ( -13.15941097050781927, -3.288226428889679198, 143.0838556881501233 ) ) ;
#653 = CARTESIAN_POINT ( 'NONE',  ( -12.63783867669307881, -7.899493110992783507, 138.6764642926629847 ) ) ;
#654 = EDGE_CURVE ( 'NONE', #1799, #3565, #2519, .T. ) ;
#655 = ORIENTED_EDGE ( 'NONE', *, *, #1046, .T. ) ;
#656 = PRESENTATION_STYLE_ASSIGNMENT (( #710 ) ) ;
#657 = ORIENTED_EDGE ( 'NONE', *, *, #1039, .T. ) ;
#658 = ORIENTED_EDGE ( 'NONE', *, *, #3331, .T. ) ;
#659 = CARTESIAN_POINT ( 'NONE',  ( 1.934232984005019862, -1.184671549265571722, 137.3377723716412788 ) ) ;
#660 = VECTOR ( 'NONE', #1672, 1000.000000000000341 ) ;
#661 = ADVANCED_FACE ( 'NONE', ( #1758 ), #2887, .F. ) ;
#662 = EDGE_CURVE ( 'NONE', #2580, #1747, #1827, .T. ) ;
#663 = SURFACE_STYLE_USAGE ( .BOTH. , #1390 ) ;
#664 = CARTESIAN_POINT ( 'NONE',  ( -8.659869007184218148, -1.517046440601943047, 144.6100298033049683 ) ) ;
#665 = SURFACE_STYLE_FILL_AREA ( #4280 ) ;
#666 = AXIS2_PLACEMENT_3D ( 'NONE', #1469, #3038, #3064 ) ;
#667 = FILL_AREA_STYLE_COLOUR ( '', #1666 ) ;
#668 = UNCERTAINTY_MEASURE_WITH_UNIT (LENGTH_MEASURE( 1.000000000000000082E-05 ), #1409, 'distance_accuracy_value', 'NONE');
#669 = CARTESIAN_POINT ( 'NONE',  ( -2.507475985040121813, -0.9616919924109958995, 123.1792312566750525 ) ) ;
#670 = DIRECTION ( 'NONE',  ( -0.4036298484864446201, 0.9040139324509703922, 0.1408607658127077888 ) ) ;
#671 = DIRECTION ( 'NONE',  ( -0.4036298484864446201, 0.9040139324509703922, 0.1408607658127077888 ) ) ;
#672 = FILL_AREA_STYLE_COLOUR ( '', #233 ) ;
#673 =( GEOMETRIC_REPRESENTATION_CONTEXT ( 3 ) GLOBAL_UNCERTAINTY_ASSIGNED_CONTEXT ( ( #4962 ) ) GLOBAL_UNIT_ASSIGNED_CONTEXT ( ( #4175, #4824, #3681 ) ) REPRESENTATION_CONTEXT ( 'NONE', 'WORKASPACE' ) );
#674 = LINE ( 'NONE', #1509, #4183 ) ;
#675 = FACE_OUTER_BOUND ( 'NONE', #106, .T. ) ;
#676 = VERTEX_POINT ( 'NONE', #4482 ) ;
#677 = PRESENTATION_STYLE_ASSIGNMENT (( #1073 ) ) ;
#678 = DIRECTION ( 'NONE',  ( -0.4036298484864445091, 0.9040139324509700591, 0.1408607658127077611 ) ) ;
#679 = CARTESIAN_POINT ( 'NONE',  ( 3.517911076068045428, -0.2369760976220295634, 135.7936224275419761 ) ) ;
#680 = DIRECTION ( 'NONE',  ( 0.7292504199660252429, 0.2249069998420399341, 0.6462280297243599980 ) ) ;
#681 = LINE ( 'NONE', #1889, #3164 ) ;
#682 = ORIENTED_EDGE ( 'NONE', *, *, #2466, .F. ) ;
#683 = CARTESIAN_POINT ( 'NONE',  ( -14.51669143865269973, -7.501423814754326180, 130.7379780927126092 ) ) ;
#684 = UNCERTAINTY_MEASURE_WITH_UNIT (LENGTH_MEASURE( 1.000000000000000082E-05 ), #910, 'distance_accuracy_value', 'NONE');
#685 = CARTESIAN_POINT ( 'NONE',  ( -52.91797520598139215, -10.16812912979120753, 73.38229396348199884 ) ) ;
#686 = ORIENTED_EDGE ( 'NONE', *, *, #2881, .T. ) ;
#687 = PRESENTATION_LAYER_ASSIGNMENT (  '', '', ( #4791 ) ) ;
#688 = CARTESIAN_POINT ( 'NONE',  ( 3.979783024076601450, 0.5839796706345302679, 131.8483780237596079 ) ) ;
#689 = ORIENTED_EDGE ( 'NONE', *, *, #3550, .T. ) ;
#690 = VECTOR ( 'NONE', #4675, 1000.000000000000114 ) ;
#691 = DIRECTION ( 'NONE',  ( 0.7292504199660220232, 0.2249069998420375749, 0.6462280297243644389 ) ) ;
#692 = CARTESIAN_POINT ( 'NONE',  ( 3.270282613656603221, -1.036480477523850086, 140.2151010140695178 ) ) ;
#693 =( NAMED_UNIT ( * ) SI_UNIT ( $, .STERADIAN. ) SOLID_ANGLE_UNIT ( ) );
#694 =( GEOMETRIC_REPRESENTATION_CONTEXT ( 3 ) GLOBAL_UNCERTAINTY_ASSIGNED_CONTEXT ( ( #4871 ) ) GLOBAL_UNIT_ASSIGNED_CONTEXT ( ( #432, #3657, #4716 ) ) REPRESENTATION_CONTEXT ( 'NONE', 'WORKASPACE' ) );
#695 = SURFACE_SIDE_STYLE ('',( #1187 ) ) ;
#696 = EDGE_CURVE ( 'NONE', #236, #4385, #1268, .T. ) ;
#697 = DIRECTION ( 'NONE',  ( -0.4036298484864154212, 0.9040139324509844920, 0.1408607658127000728 ) ) ;
#698 = ADVANCED_FACE ( 'NONE', ( #1406 ), #4598, .T. ) ;
#699 = SURFACE_SIDE_STYLE ('',( #4284 ) ) ;
#700 = CARTESIAN_POINT ( 'NONE',  ( -11.72428249521382604, 9.826883218324423908, 134.0182997095599831 ) ) ;
#701 = CYLINDRICAL_SURFACE ( 'NONE', #3559, 1.500000000000017097 ) ;
#702 = FACE_OUTER_BOUND ( 'NONE', #5050, .T. ) ;
#703 = FILL_AREA_STYLE ('',( #4236 ) ) ;
#704 = ORIENTED_EDGE ( 'NONE', *, *, #4663, .F. ) ;
#705 = ORIENTED_EDGE ( 'NONE', *, *, #4714, .F. ) ;
#706 = CYLINDRICAL_SURFACE ( 'NONE', #3337, 4.499999999999994671 ) ;
#707 = DIRECTION ( 'NONE',  ( 0.7292504199660264641, 0.2249069998420402949, 0.6462280297243586658 ) ) ;
#708 = VERTEX_POINT ( 'NONE', #1931 ) ;
#709 = PRESENTATION_LAYER_ASSIGNMENT (  '', '', ( #2180 ) ) ;
#710 = SURFACE_STYLE_USAGE ( .BOTH. , #3030 ) ;
#711 = SURFACE_STYLE_FILL_AREA ( #1893 ) ;
#712 = ORIENTED_EDGE ( 'NONE', *, *, #3240, .F. ) ;
#713 = FILL_AREA_STYLE_COLOUR ( '', #1227 ) ;
#714 =( GEOMETRIC_REPRESENTATION_CONTEXT ( 3 ) GLOBAL_UNCERTAINTY_ASSIGNED_CONTEXT ( ( #3649 ) ) GLOBAL_UNIT_ASSIGNED_CONTEXT ( ( #2956, #3675, #2845 ) ) REPRESENTATION_CONTEXT ( 'NONE', 'WORKASPACE' ) );
#715 = VERTEX_POINT ( 'NONE', #1539 ) ;
#716 = DIRECTION ( 'NONE',  ( 0.5214411106200553814, 0.3538051182786832727, -0.7764799459323660225 ) ) ;
#717 = SURFACE_SIDE_STYLE ('',( #4570 ) ) ;
#718 = CARTESIAN_POINT ( 'NONE',  ( 4.976904549880580397, 1.610383743671025325, 128.1183431277034970 ) ) ;
#719 = CARTESIAN_POINT ( 'NONE',  ( -15.29205176227152840, -1.761910325359811846, 127.1773079021609192 ) ) ;
#720 = LINE ( 'NONE', #3527, #2100 ) ;
#721 = UNCERTAINTY_MEASURE_WITH_UNIT (LENGTH_MEASURE( 1.000000000000000082E-05 ), #3764, 'distance_accuracy_value', 'NONE');
#722 = CYLINDRICAL_SURFACE ( 'NONE', #1150, 4.500000000000003553 ) ;
#723 =( GEOMETRIC_REPRESENTATION_CONTEXT ( 3 ) GLOBAL_UNCERTAINTY_ASSIGNED_CONTEXT ( ( #4194 ) ) GLOBAL_UNIT_ASSIGNED_CONTEXT ( ( #4452, #153, #3311 ) ) REPRESENTATION_CONTEXT ( 'NONE', 'WORKASPACE' ) );
#724 = PRESENTATION_LAYER_ASSIGNMENT (  '', '', ( #3460 ) ) ;
#725 = EDGE_CURVE ( 'NONE', #4099, #210, #2986, .T. ) ;
#726 = CIRCLE ( 'NONE', #2373, 4.499999999999992006 ) ;
#727 = SURFACE_STYLE_FILL_AREA ( #703 ) ;
#728 = ORIENTED_EDGE ( 'NONE', *, *, #4072, .F. ) ;
#729 = DIRECTION ( 'NONE',  ( 0.7292504199660264641, 0.2249069998420402949, 0.6462280297243586658 ) ) ;
#730 = ORIENTED_EDGE ( 'NONE', *, *, #377, .F. ) ;
#731 = CIRCLE ( 'NONE', #5020, 4.500000000000007994 ) ;
#732 = ADVANCED_FACE ( 'NONE', ( #1726 ), #1314, .T. ) ;
#733 = DIRECTION ( 'NONE',  ( -0.4036298484864445091, 0.9040139324509701702, 0.1408607658127077611 ) ) ;
#734 = COLOUR_RGB ( '',0.7764705882352941346, 0.7568627450980391913, 0.7372549019607843590 ) ;
#735 = DIRECTION ( 'NONE',  ( -0.008861879339743583550, -0.1578149520867550004, 0.9874289381988068381 ) ) ;
#736 = AXIS2_PLACEMENT_3D ( 'NONE', #3367, #2596, #571 ) ;
#737 = SURFACE_SIDE_STYLE ('',( #3494 ) ) ;
#738 = CARTESIAN_POINT ( 'NONE',  ( -13.27661328775068661, -0.4919267036619631717, 124.8019710937576292 ) ) ;
#739 = MECHANICAL_DESIGN_GEOMETRIC_PRESENTATION_REPRESENTATION (  '', ( #990 ), #3963 ) ;
#740 = ORIENTED_EDGE ( 'NONE', *, *, #917, .F. ) ;
#741 = FILL_AREA_STYLE ('',( #4296 ) ) ;
#742 = ORIENTED_EDGE ( 'NONE', *, *, #618, .F. ) ;
#743 = SURFACE_STYLE_USAGE ( .BOTH. , #1087 ) ;
#744 =( NAMED_UNIT ( * ) PLANE_ANGLE_UNIT ( ) SI_UNIT ( $, .RADIAN. ) );
#745 = LINE ( 'NONE', #4283, #632 ) ;
#746 = DIRECTION ( 'NONE',  ( 0.7292504199660262421, 0.2249069998420401839, 0.6462280297243589988 ) ) ;
#747 = SURFACE_STYLE_USAGE ( .BOTH. , #2670 ) ;
#748 = STYLED_ITEM ( 'NONE', ( #3856 ), #147 ) ;
#749 = STYLED_ITEM ( 'NONE', ( #4240 ), #2529 ) ;
#750 = DIRECTION ( 'NONE',  ( -0.4036298484864446201, 0.9040139324509703922, 0.1408607658127077888 ) ) ;
#751 = FACE_OUTER_BOUND ( 'NONE', #3116, .T. ) ;
#752 = ORIENTED_EDGE ( 'NONE', *, *, #3802, .F. ) ;
#753 = VECTOR ( 'NONE', #610, 1000.000000000000341 ) ;
#754 = EDGE_CURVE ( 'NONE', #1969, #3426, #2176, .T. ) ;
#755 =( NAMED_UNIT ( * ) SI_UNIT ( $, .STERADIAN. ) SOLID_ANGLE_UNIT ( ) );
#756 = DIRECTION ( 'NONE',  ( -0.4174915651033686559, -0.3189817150124991119, 0.8508533707726757545 ) ) ;
#757 = CYLINDRICAL_SURFACE ( 'NONE', #1625, 4.499999999999994671 ) ;
#758 = AXIS2_PLACEMENT_3D ( 'NONE', #247, #3417, #1064 ) ;
#759 = ADVANCED_FACE ( 'NONE', ( #1361 ), #4130, .T. ) ;
#760 = DIRECTION ( 'NONE',  ( -0.008861879339744286113, -0.1578149520867546673, 0.9874289381988069492 ) ) ;
#761 = CARTESIAN_POINT ( 'NONE',  ( -2.592600383371554518, 1.624416339188955671, 141.8342717446632832 ) ) ;
#762 = ORIENTED_EDGE ( 'NONE', *, *, #4750, .T. ) ;
#763 = VERTEX_POINT ( 'NONE', #1394 ) ;
#764 = DIRECTION ( 'NONE',  ( -0.4036298484864445091, 0.9040139324509701702, 0.1408607658127077611 ) ) ;
#765 = DIRECTION ( 'NONE',  ( -0.4036298484864445091, 0.9040139324509701702, 0.1408607658127077611 ) ) ;
#766 =( NAMED_UNIT ( * ) SI_UNIT ( $, .STERADIAN. ) SOLID_ANGLE_UNIT ( ) );
#767 =( NAMED_UNIT ( * ) SI_UNIT ( $, .STERADIAN. ) SOLID_ANGLE_UNIT ( ) );
#768 = CARTESIAN_POINT ( 'NONE',  ( -5.669834767917158125, -3.733325768440127312, 131.9053882223693677 ) ) ;
#769 = DIRECTION ( 'NONE',  ( -0.7292504199660253539, -0.2249069998420398231, -0.6462280297243599980 ) ) ;
#770 = AXIS2_PLACEMENT_3D ( 'NONE', #4507, #2996, #3792 ) ;
#771 = CARTESIAN_POINT ( 'NONE',  ( 3.997584722384178058, 0.5315772015344362167, 132.2356956606986387 ) ) ;
#772 = CARTESIAN_POINT ( 'NONE',  ( -12.63783867669307881, -7.899493110992783507, 138.6764642926629847 ) ) ;
#773 = LINE ( 'NONE', #4352, #3114 ) ;
#774 = STYLED_ITEM ( 'NONE', ( #2869 ), #759 ) ;
#775 = LINE ( 'NONE', #1237, #2313 ) ;
#776 = STYLED_ITEM ( 'NONE', ( #3393 ), #1971 ) ;
#777 = SURFACE_STYLE_FILL_AREA ( #1650 ) ;
#778 = SURFACE_STYLE_USAGE ( .BOTH. , #1534 ) ;
#779 = ORIENTED_EDGE ( 'NONE', *, *, #2205, .F. ) ;
#780 =( NAMED_UNIT ( * ) SI_UNIT ( $, .STERADIAN. ) SOLID_ANGLE_UNIT ( ) );
#781 = VERTEX_POINT ( 'NONE', #3303 ) ;
#782 = SURFACE_SIDE_STYLE ('',( #3111 ) ) ;
#783 = CARTESIAN_POINT ( 'NONE',  ( -22.78112447243129779, -5.383527501103043456, 93.53542848252504882 ) ) ;
#784 = ORIENTED_EDGE ( 'NONE', *, *, #5113, .T. ) ;
#785 = EDGE_CURVE ( 'NONE', #2831, #4473, #4520, .T. ) ;
#786 = DIRECTION ( 'NONE',  ( 0.7292504199660264641, 0.2249069998420402949, 0.6462280297243586658 ) ) ;
#787 = COLOUR_RGB ( '',0.7921568627450980005, 0.8196078431372548767, 0.9333333333333333481 ) ;
#788 = EDGE_LOOP ( 'NONE', ( #2220, #1572, #3991, #3226 ) ) ;
#789 =( LENGTH_UNIT ( ) NAMED_UNIT ( * ) SI_UNIT ( .MILLI., .METRE. ) );
#790 = EDGE_CURVE ( 'NONE', #991, #3565, #4844, .T. ) ;
#791 = CARTESIAN_POINT ( 'NONE',  ( -4.288669549943581849, -1.520364741487688187, 121.6607463993273512 ) ) ;
#792 = DIRECTION ( 'NONE',  ( -0.4036298484864446201, 0.9040139324509703922, 0.1408607658127077888 ) ) ;
#793 = SURFACE_STYLE_FILL_AREA ( #4685 ) ;
#794 =( GEOMETRIC_REPRESENTATION_CONTEXT ( 3 ) GLOBAL_UNCERTAINTY_ASSIGNED_CONTEXT ( ( #2889 ) ) GLOBAL_UNIT_ASSIGNED_CONTEXT ( ( #3123, #1900, #4634 ) ) REPRESENTATION_CONTEXT ( 'NONE', 'WORKASPACE' ) );
#795 = CYLINDRICAL_SURFACE ( 'NONE', #4832, 9.686499999999998778 ) ;
#796 = DIRECTION ( 'NONE',  ( 0.8366479356893327113, 0.4270055996713116309, -0.3430545868460613268 ) ) ;
#797 = DIRECTION ( 'NONE',  ( -0.2034861408258022419, 0.06140290946268643635, -0.9771504864663062007 ) ) ;
#798 =( GEOMETRIC_REPRESENTATION_CONTEXT ( 3 ) GLOBAL_UNCERTAINTY_ASSIGNED_CONTEXT ( ( #4115 ) ) GLOBAL_UNIT_ASSIGNED_CONTEXT ( ( #839, #811, #2706 ) ) REPRESENTATION_CONTEXT ( 'NONE', 'WORKASPACE' ) );
#799 = CIRCLE ( 'NONE', #5005, 9.686499999999995225 ) ;
#800 = FACE_OUTER_BOUND ( 'NONE', #788, .T. ) ;
#801 = AXIS2_PLACEMENT_3D ( 'NONE', #3762, #4878, #1774 ) ;
#802 = DIRECTION ( 'NONE',  ( 0.7292504199660253539, 0.2249069998420399341, 0.6462280297243599980 ) ) ;
#803 = AXIS2_PLACEMENT_3D ( 'NONE', #2324, #5091, #376 ) ;
#804 = ORIENTED_EDGE ( 'NONE', *, *, #2162, .T. ) ;
#805 = CIRCLE ( 'NONE', #1218, 1.499999999999974909 ) ;
#806 = STYLED_ITEM ( 'NONE', ( #3174 ), #2859 ) ;
#807 = PRODUCT_CONTEXT ( 'NONE', #2882, 'mechanical' ) ;
#808 = LINE ( 'NONE', #2728, #1789 ) ;
#809 = PRESENTATION_LAYER_ASSIGNMENT (  '', '', ( #1215 ) ) ;
#810 = COLOUR_RGB ( '',0.7764705882352941346, 0.7568627450980391913, 0.7372549019607843590 ) ;
#811 =( NAMED_UNIT ( * ) PLANE_ANGLE_UNIT ( ) SI_UNIT ( $, .RADIAN. ) );
#812 = AXIS2_PLACEMENT_3D ( 'NONE', #5043, #1798, #3104 ) ;
#813 =( LENGTH_UNIT ( ) NAMED_UNIT ( * ) SI_UNIT ( .MILLI., .METRE. ) );
#814 = EDGE_LOOP ( 'NONE', ( #3913, #2280, #1158, #3859 ) ) ;
#815 = VECTOR ( 'NONE', #2354, 1000.000000000000341 ) ;
#816 = DIRECTION ( 'NONE',  ( 0.7292504199660252429, 0.2249069998420399341, 0.6462280297243599980 ) ) ;
#817 = COLOUR_RGB ( '',0.7764705882352941346, 0.7568627450980391913, 0.7372549019607843590 ) ;
#818 = EDGE_CURVE ( 'NONE', #4756, #4847, #4799, .T. ) ;
#819 = EDGE_LOOP ( 'NONE', ( #4396, #2712, #3880, #3602 ) ) ;
#820 = DIRECTION ( 'NONE',  ( 0.4036298484864445091, -0.9040139324509700591, -0.1408607658127077611 ) ) ;
#821 = LINE ( 'NONE', #4830, #2517 ) ;
#822 = SURFACE_SIDE_STYLE ('',( #50 ) ) ;
#823 = CARTESIAN_POINT ( 'NONE',  ( -47.99237787217268192, -12.74613863446866269, 68.54542274317240924 ) ) ;
#824 = SURFACE_SIDE_STYLE ('',( #4356 ) ) ;
#825 = DIRECTION ( 'NONE',  ( -0.4036298484864446201, 0.9040139324509703922, 0.1408607658127077888 ) ) ;
#826 = ORIENTED_EDGE ( 'NONE', *, *, #3928, .F. ) ;
#827 = EDGE_CURVE ( 'NONE', #1162, #4405, #1527, .T. ) ;
#828 = VERTEX_POINT ( 'NONE', #4105 ) ;
#829 = CARTESIAN_POINT ( 'NONE',  ( -7.687984010349380171, 0.7867438938147223171, 132.6096920514328872 ) ) ;
#830 = FILL_AREA_STYLE ('',( #3154 ) ) ;
#831 = COLOUR_RGB ( '',0.7921568627450980005, 0.8196078431372548767, 0.9333333333333333481 ) ;
#832 = SURFACE_STYLE_FILL_AREA ( #3203 ) ;
#833 = VERTEX_POINT ( 'NONE', #4281 ) ;
#834 = SURFACE_STYLE_FILL_AREA ( #1179 ) ;
#835 = DIRECTION ( 'NONE',  ( 0.1138699078527287412, 0.2023984311790436030, -0.9726605364369795836 ) ) ;
#836 = VECTOR ( 'NONE', #3702, 1000.000000000000341 ) ;
#837 = EDGE_CURVE ( 'NONE', #1250, #991, #4227, .T. ) ;
#838 = ORIENTED_EDGE ( 'NONE', *, *, #3122, .T. ) ;
#839 =( LENGTH_UNIT ( ) NAMED_UNIT ( * ) SI_UNIT ( .MILLI., .METRE. ) );
#840 = MECHANICAL_DESIGN_GEOMETRIC_PRESENTATION_REPRESENTATION (  '', ( #3568 ), #2323 ) ;
#841 = SURFACE_STYLE_FILL_AREA ( #4014 ) ;
#842 = SURFACE_STYLE_USAGE ( .BOTH. , #1324 ) ;
#843 = ORIENTED_EDGE ( 'NONE', *, *, #4214, .T. ) ;
#844 = ORIENTED_EDGE ( 'NONE', *, *, #4009, .T. ) ;
#845 = CARTESIAN_POINT ( 'NONE',  ( -6.641719764751995214, -6.037116102856792565, 143.9057259742414487 ) ) ;
#846 = FACE_OUTER_BOUND ( 'NONE', #994, .T. ) ;
#847 =( NAMED_UNIT ( * ) SI_UNIT ( $, .STERADIAN. ) SOLID_ANGLE_UNIT ( ) );
#848 = CARTESIAN_POINT ( 'NONE',  ( -7.995128301536872151, -3.167076967635994222, 121.6083074600044256 ) ) ;
#849 = CARTESIAN_POINT ( 'NONE',  ( -16.87572985433456552, -2.709605777003356142, 128.7214578462601935 ) ) ;
#851 = VERTEX_POINT ( 'NONE', #3908 ) ;
#850 = SURFACE_STYLE_FILL_AREA ( #3612 ) ;
#852 = ORIENTED_EDGE ( 'NONE', *, *, #4561, .T. ) ;
#853 = PRESENTATION_STYLE_ASSIGNMENT (( #2051 ) ) ;
#854 = SURFACE_STYLE_USAGE ( .BOTH. , #1605 ) ;
#855 = AXIS2_PLACEMENT_3D ( 'NONE', #4595, #5077, #1132 ) ;
#856 = MECHANICAL_DESIGN_GEOMETRIC_PRESENTATION_REPRESENTATION (  '', ( #4797 ), #2564 ) ;
#857 = VERTEX_POINT ( 'NONE', #1090 ) ;
#858 = EDGE_CURVE ( 'NONE', #1250, #1799, #3068, .T. ) ;
#860 = FILL_AREA_STYLE_COLOUR ( '', #5066 ) ;
#859 = DIRECTION ( 'NONE',  ( -0.4036298484864154212, 0.9040139324509844920, 0.1408607658127000728 ) ) ;
#861 = AXIS2_PLACEMENT_3D ( 'NONE', #1977, #4696, #3992 ) ;
#862 = VERTEX_POINT ( 'NONE', #355 ) ;
#863 = FILL_AREA_STYLE ('',( #3210 ) ) ;
#864 = CYLINDRICAL_SURFACE ( 'NONE', #3648, 4.500000000000003553 ) ;
#865 = CARTESIAN_POINT ( 'NONE',  ( -5.669834767917158125, -3.733325768440127312, 131.9053882223693677 ) ) ;
#866 = ORIENTED_EDGE ( 'NONE', *, *, #2949, .F. ) ;
#867 = DIRECTION ( 'NONE',  ( 0.7292504199660264641, 0.2249069998420402394, 0.6462280297243586658 ) ) ;
#868 = EDGE_LOOP ( 'NONE', ( #4027, #3376, #3740, #838 ) ) ;
#869 = DIRECTION ( 'NONE',  ( -0.9137903228885078111, -0.4059804243577954108, -0.01292829584984925978 ) ) ;
#870 = ADVANCED_FACE ( 'NONE', ( #3006 ), #1142, .T. ) ;
#871 = CARTESIAN_POINT ( 'NONE',  ( -1.248090758151204405, 2.569366076897783291, 139.6224172922128730 ) ) ;
#872 = VERTEX_POINT ( 'NONE', #3443 ) ;
#873 = EDGE_LOOP ( 'NONE', ( #4583, #1116, #1645, #54 ) ) ;
#874 = AXIS2_PLACEMENT_3D ( 'NONE', #997, #3840, #4139 ) ;
#875 = CARTESIAN_POINT ( 'NONE',  ( -6.695818323821601581, -5.798959013097916504, 142.2222684189282518 ) ) ;
#876 = DIRECTION ( 'NONE',  ( 0.7292504199660262421, 0.2249069998420401839, 0.6462280297243589988 ) ) ;
#877 = VECTOR ( 'NONE', #1673, 1000.000000000000114 ) ;
#878 = EDGE_LOOP ( 'NONE', ( #3561, #2384, #4466, #952 ) ) ;
#879 = EDGE_CURVE ( 'NONE', #4165, #4910, #1063, .T. ) ;
#880 = AXIS2_PLACEMENT_3D ( 'NONE', #1511, #3134, #1884 ) ;
#881 = CIRCLE ( 'NONE', #4410, 4.500000000000003553 ) ;
#882 = ORIENTED_EDGE ( 'NONE', *, *, #4434, .F. ) ;
#883 = EDGE_CURVE ( 'NONE', #4689, #4866, #1982, .T. ) ;
#884 =( NAMED_UNIT ( * ) PLANE_ANGLE_UNIT ( ) SI_UNIT ( $, .RADIAN. ) );
#885 = CARTESIAN_POINT ( 'NONE',  ( 1.508491705292031249, 3.439308788765916169, 124.1901472959434045 ) ) ;
#886 = ORIENTED_EDGE ( 'NONE', *, *, #827, .F. ) ;
#887 =( GEOMETRIC_REPRESENTATION_CONTEXT ( 3 ) GLOBAL_UNCERTAINTY_ASSIGNED_CONTEXT ( ( #3043 ) ) GLOBAL_UNIT_ASSIGNED_CONTEXT ( ( #3609, #1282, #2474 ) ) REPRESENTATION_CONTEXT ( 'NONE', 'WORKASPACE' ) );
#888 = COLOUR_RGB ( '',0.7764705882352941346, 0.7568627450980391913, 0.7372549019607843590 ) ;
#889 =( NAMED_UNIT ( * ) PLANE_ANGLE_UNIT ( ) SI_UNIT ( $, .RADIAN. ) );
#890 = COLOUR_RGB ( '',0.7764705882352941346, 0.7568627450980391913, 0.7372549019607843590 ) ;
#891 = CARTESIAN_POINT ( 'NONE',  ( -10.76521839489492827, -4.570998213814329247, 122.6808085291389148 ) ) ;
#892 = PRESENTATION_LAYER_ASSIGNMENT (  '', '', ( #2939 ) ) ;
#893 = MECHANICAL_DESIGN_GEOMETRIC_PRESENTATION_REPRESENTATION (  '', ( #2445 ), #2282 ) ;
#894 = DIRECTION ( 'NONE',  ( -0.4036298484864446201, 0.9040139324509703922, 0.1408607658127077888 ) ) ;
#895 = CARTESIAN_POINT ( 'NONE',  ( 0.4994170840759192265, 5.699343619893340929, 124.5422992104751785 ) ) ;
#896 = DIRECTION ( 'NONE',  ( -0.4036298484864446201, 0.9040139324509703922, 0.1408607658127077888 ) ) ;
#897 = CARTESIAN_POINT ( 'NONE',  ( -1.416322881235141606, -0.4174539347342590134, 122.8130766042569064 ) ) ;
#898 = ORIENTED_EDGE ( 'NONE', *, *, #1934, .F. ) ;
#899 = ORIENTED_EDGE ( 'NONE', *, *, #3779, .F. ) ;
#900 = SURFACE_STYLE_FILL_AREA ( #3327 ) ;
#901 = LINE ( 'NONE', #4897, #3397 ) ;
#902 =( GEOMETRIC_REPRESENTATION_CONTEXT ( 3 ) GLOBAL_UNCERTAINTY_ASSIGNED_CONTEXT ( ( #3801 ) ) GLOBAL_UNIT_ASSIGNED_CONTEXT ( ( #359, #5012, #4615 ) ) REPRESENTATION_CONTEXT ( 'NONE', 'WORKASPACE' ) );
#903 = SURFACE_STYLE_USAGE ( .BOTH. , #57 ) ;
#904 = SURFACE_STYLE_USAGE ( .BOTH. , #1725 ) ;
#905 = UNCERTAINTY_MEASURE_WITH_UNIT (LENGTH_MEASURE( 1.000000000000000082E-05 ), #4967, 'distance_accuracy_value', 'NONE');
#906 = AXIS2_PLACEMENT_3D ( 'NONE', #3008, #4574, #2295 ) ;
#907 = DIRECTION ( 'NONE',  ( -0.4036298484864445091, 0.9040139324509700591, 0.1408607658127077611 ) ) ;
#908 = COLOUR_RGB ( '',0.7764705882352941346, 0.7568627450980391913, 0.7372549019607843590 ) ;
#909 = DIRECTION ( 'NONE',  ( -0.4036298484864445091, 0.9040139324509701702, 0.1408607658127077611 ) ) ;
#910 =( LENGTH_UNIT ( ) NAMED_UNIT ( * ) SI_UNIT ( .MILLI., .METRE. ) );
#911 = ORIENTED_EDGE ( 'NONE', *, *, #4496, .T. ) ;
#912 =( GEOMETRIC_REPRESENTATION_CONTEXT ( 3 ) GLOBAL_UNCERTAINTY_ASSIGNED_CONTEXT ( ( #2574 ) ) GLOBAL_UNIT_ASSIGNED_CONTEXT ( ( #1190, #1648, #4398 ) ) REPRESENTATION_CONTEXT ( 'NONE', 'WORKASPACE' ) );
#913 = CARTESIAN_POINT ( 'NONE',  ( -7.687984010349380171, 0.7867438938147223171, 132.6096920514328872 ) ) ;
#914 = VERTEX_POINT ( 'NONE', #2259 ) ;
#915 =( NAMED_UNIT ( * ) PLANE_ANGLE_UNIT ( ) SI_UNIT ( $, .RADIAN. ) );
#916 = CIRCLE ( 'NONE', #3734, 4.499999999999992006 ) ;
#917 = EDGE_CURVE ( 'NONE', #4616, #4315, #720, .T. ) ;
#918 = ADVANCED_FACE ( 'NONE', ( #5003 ), #275, .T. ) ;
#919 = SURFACE_STYLE_USAGE ( .BOTH. , #514 ) ;
#920 = ORIENTED_EDGE ( 'NONE', *, *, #1667, .F. ) ;
#921 = FILL_AREA_STYLE ('',( #127 ) ) ;
#922 = EDGE_LOOP ( 'NONE', ( #2074, #4151 ) ) ;
#923 =( GEOMETRIC_REPRESENTATION_CONTEXT ( 3 ) GLOBAL_UNCERTAINTY_ASSIGNED_CONTEXT ( ( #2988 ) ) GLOBAL_UNIT_ASSIGNED_CONTEXT ( ( #1723, #2171, #3728 ) ) REPRESENTATION_CONTEXT ( 'NONE', 'WORKASPACE' ) );
#924 = CARTESIAN_POINT ( 'NONE',  ( -17.43519786014400808, 2.563343256098307599, 93.34867431284172312 ) ) ;
#925 = EDGE_CURVE ( 'NONE', #2825, #2782, #2835, .T. ) ;
#926 = SURFACE_STYLE_FILL_AREA ( #4393 ) ;
#927 = DIRECTION ( 'NONE',  ( -0.4036298484864445091, 0.9040139324509700591, 0.1408607658127077611 ) ) ;
#928 = ORIENTED_EDGE ( 'NONE', *, *, #1779, .F. ) ;
#929 = ORIENTED_EDGE ( 'NONE', *, *, #4376, .T. ) ;
#930 = FILL_AREA_STYLE_COLOUR ( '', #542 ) ;
#931 = DIRECTION ( 'NONE',  ( 0.9137903228885071449, 0.4059804243577964655, 0.01292829584984309457 ) ) ;
#932 = COLOUR_RGB ( '',0.7764705882352941346, 0.7568627450980391913, 0.7372549019607843590 ) ;
#933 = DIRECTION ( 'NONE',  ( -0.4036298484864446201, 0.9040139324509703922, 0.1408607658127077888 ) ) ;
#934 = VECTOR ( 'NONE', #2810, 1000.000000000000341 ) ;
#936 = CYLINDRICAL_SURFACE ( 'NONE', #4075, 4.499999999999995559 ) ;
#935 =( NAMED_UNIT ( * ) SI_UNIT ( $, .STERADIAN. ) SOLID_ANGLE_UNIT ( ) );
#937 = CIRCLE ( 'NONE', #3584, 4.500000000000000000 ) ;
#938 = ORIENTED_EDGE ( 'NONE', *, *, #324, .F. ) ;
#939 = SURFACE_STYLE_FILL_AREA ( #2875 ) ;
#940 = EDGE_LOOP ( 'NONE', ( #1780, #2608, #3509, #4382 ) ) ;
#941 = CIRCLE ( 'NONE', #1026, 12.49999999999999467 ) ;
#942 = CARTESIAN_POINT ( 'NONE',  ( -13.26972922011436218, -6.039410769175546534, 124.9282056797224385 ) ) ;
#943 = FILL_AREA_STYLE ('',( #4882 ) ) ;
#944 = CARTESIAN_POINT ( 'NONE',  ( -11.72428249521382604, 9.826883218324423908, 134.0182997095599831 ) ) ;
#945 = ORIENTED_EDGE ( 'NONE', *, *, #3988, .F. ) ;
#946 = LINE ( 'NONE', #2493, #3513 ) ;
#947 = ADVANCED_FACE ( 'NONE', ( #1966 ), #468, .T. ) ;
#948 = LINE ( 'NONE', #4413, #2897 ) ;
#949 = UNCERTAINTY_MEASURE_WITH_UNIT (LENGTH_MEASURE( 1.000000000000000082E-05 ), #1256, 'distance_accuracy_value', 'NONE');
#950 = SURFACE_STYLE_USAGE ( .BOTH. , #4539 ) ;
#951 = ORIENTED_EDGE ( 'NONE', *, *, #3055, .F. ) ;
#952 = ORIENTED_EDGE ( 'NONE', *, *, #103, .T. ) ;
#953 =( NAMED_UNIT ( * ) SI_UNIT ( $, .STERADIAN. ) SOLID_ANGLE_UNIT ( ) );
#954 = CYLINDRICAL_SURFACE ( 'NONE', #2803, 4.500000000000003553 ) ;
#955 = EDGE_CURVE ( 'NONE', #1916, #4809, #4821, .T. ) ;
#956 = CARTESIAN_POINT ( 'NONE',  ( -12.15033634929170780, -5.548261260017103957, 142.7317037736183636 ) ) ;
#957 = CARTESIAN_POINT ( 'NONE',  ( 0.02104247097958408808, -0.8177345382993396194, 129.5716853364687893 ) ) ;
#958 = SURFACE_STYLE_USAGE ( .BOTH. , #3275 ) ;
#959 =( GEOMETRIC_REPRESENTATION_CONTEXT ( 3 ) GLOBAL_UNCERTAINTY_ASSIGNED_CONTEXT ( ( #3830 ) ) GLOBAL_UNIT_ASSIGNED_CONTEXT ( ( #5124, #3953, #2837 ) ) REPRESENTATION_CONTEXT ( 'NONE', 'WORKASPACE' ) );
#960 = SURFACE_SIDE_STYLE ('',( #3678 ) ) ;
#961 = SURFACE_SIDE_STYLE ('',( #449 ) ) ;
#962 = EDGE_CURVE ( 'NONE', #1319, #3837, #3854, .T. ) ;
#963 = VERTEX_POINT ( 'NONE', #2365 ) ;
#964 = CARTESIAN_POINT ( 'NONE',  ( -9.952010890625615502, 1.686251124868506368, 120.3493874456464283 ) ) ;
#965 = FILL_AREA_STYLE ('',( #4138 ) ) ;
#966 = VERTEX_POINT ( 'NONE', #4753 ) ;
#967 = CIRCLE ( 'NONE', #1555, 1.499999999999999334 ) ;
#968 = COLOUR_RGB ( '',0.7764705882352941346, 0.7568627450980391913, 0.7372549019607843590 ) ;
#969 = PRESENTATION_STYLE_ASSIGNMENT (( #201 ) ) ;
#970 = STYLED_ITEM ( 'NONE', ( #4843 ), #4774 ) ;
#971 = VERTEX_POINT ( 'NONE', #3978 ) ;
#972 = CIRCLE ( 'NONE', #5018, 4.499999999999992895 ) ;
#973 = DIRECTION ( 'NONE',  ( -0.4036298484864445091, 0.9040139324509700591, 0.1408607658127077611 ) ) ;
#974 = DIRECTION ( 'NONE',  ( -0.008861879339743583550, -0.1578149520867550004, 0.9874289381988068381 ) ) ;
#975 = ADVANCED_FACE ( 'NONE', ( #2405 ), #51, .F. ) ;
#976 = LINE ( 'NONE', #4394, #1782 ) ;
#977 = EDGE_LOOP ( 'NONE', ( #4274, #3113, #4447, #345 ) ) ;
#978 = ORIENTED_EDGE ( 'NONE', *, *, #280, .T. ) ;
#979 = MECHANICAL_DESIGN_GEOMETRIC_PRESENTATION_REPRESENTATION (  '', ( #2939 ), #4032 ) ;
#980 = DIRECTION ( 'NONE',  ( 0.7292504199660264641, 0.2249069998420402949, 0.6462280297243586658 ) ) ;
#981 = FILL_AREA_STYLE ('',( #1874 ) ) ;
#982 = PRESENTATION_LAYER_ASSIGNMENT (  '', '', ( #4747 ) ) ;
#983 = DIRECTION ( 'NONE',  ( -0.008861879339743583550, -0.1578149520867548894, 0.9874289381988068381 ) ) ;
#984 = COLOUR_RGB ( '',0.7764705882352941346, 0.7568627450980391913, 0.7372549019607843590 ) ;
#985 = PRESENTATION_STYLE_ASSIGNMENT (( #1360 ) ) ;
#986 = SURFACE_STYLE_USAGE ( .BOTH. , #221 ) ;
#987 = EDGE_CURVE ( 'NONE', #326, #3893, #3688, .T. ) ;
#988 = EDGE_CURVE ( 'NONE', #4514, #4875, #4729, .T. ) ;
#989 = CARTESIAN_POINT ( 'NONE',  ( -11.37436102927818204, -2.367341949448755756, 142.2887942554861240 ) ) ;
#990 = STYLED_ITEM ( 'NONE', ( #1240 ), #2668 ) ;
#991 = VERTEX_POINT ( 'NONE', #4119 ) ;
#992 = CARTESIAN_POINT ( 'NONE',  ( -10.54756084386551152, -7.104666537247989133, 139.5650312949013596 ) ) ;
#993 = CARTESIAN_POINT ( 'NONE',  ( 2.183827985253432580, 0.7059862554493666620, 125.9191421012278767 ) ) ;
#994 = EDGE_LOOP ( 'NONE', ( #4467, #349, #3188, #3296 ) ) ;
#995 = FACE_BOUND ( 'NONE', #4893, .T. ) ;
#996 = CYLINDRICAL_SURFACE ( 'NONE', #4618, 4.500000000000003553 ) ;
#997 = CARTESIAN_POINT ( 'NONE',  ( -51.57485044646490024, -9.287484327049781996, 71.57916641003303937 ) ) ;
#998 = SURFACE_STYLE_USAGE ( .BOTH. , #4505 ) ;
#999 = CARTESIAN_POINT ( 'NONE',  ( 1.014359421123991911, 4.297976421724412965, 135.0115136904479698 ) ) ;
#1000 = CLOSED_SHELL ( 'NONE', ( #1089, #1196, #2383, #2729, #3499, #4155, #5090, #4036, #3700, #146, #2826, #3491, #1886, #1971, #147, #975, #1670, #2000, #5117, #2472, #4013, #2186 ) ) ;
#1001 = CARTESIAN_POINT ( 'NONE',  ( -17.10359023152452806, -6.808878290300353520, 136.6287570078558247 ) ) ;
#1002 = UNCERTAINTY_MEASURE_WITH_UNIT (LENGTH_MEASURE( 1.000000000000000082E-05 ), #2955, 'distance_accuracy_value', 'NONE');
#1003 = VERTEX_POINT ( 'NONE', #4807 ) ;
#1004 = SURFACE_STYLE_FILL_AREA ( #2222 ) ;
#1005 = VERTEX_POINT ( 'NONE', #895 ) ;
#1006 = PRESENTATION_LAYER_ASSIGNMENT (  '', '', ( #1735 ) ) ;
#1007 = ORIENTED_EDGE ( 'NONE', *, *, #2226, .F. ) ;
#1008 = SURFACE_STYLE_FILL_AREA ( #4515 ) ;
#1009 = UNCERTAINTY_MEASURE_WITH_UNIT (LENGTH_MEASURE( 1.000000000000000082E-05 ), #1624, 'distance_accuracy_value', 'NONE');
#1010 = DIRECTION ( 'NONE',  ( -0.4036298484864446201, 0.9040139324509703922, 0.1408607658127077888 ) ) ;
#1011 = CARTESIAN_POINT ( 'NONE',  ( -5.669834767917158125, -3.733325768440127312, 131.9053882223693677 ) ) ;
#1012 = FACE_OUTER_BOUND ( 'NONE', #819, .T. ) ;
#1013 = PRESENTATION_LAYER_ASSIGNMENT (  '', '', ( #3815 ) ) ;
#1014 = EDGE_CURVE ( 'NONE', #3481, #3205, #2678, .T. ) ;
#1015 =( GEOMETRIC_REPRESENTATION_CONTEXT ( 3 ) GLOBAL_UNCERTAINTY_ASSIGNED_CONTEXT ( ( #2565 ) ) GLOBAL_UNIT_ASSIGNED_CONTEXT ( ( #1810, #4569, #1898 ) ) REPRESENTATION_CONTEXT ( 'NONE', 'WORKASPACE' ) );
#1016 = SURFACE_SIDE_STYLE ('',( #2959 ) ) ;
#1017 = DIRECTION ( 'NONE',  ( -0.4036298484864446201, 0.9040139324509703922, 0.1408607658127077888 ) ) ;
#1018 = ORIENTED_EDGE ( 'NONE', *, *, #4403, .F. ) ;
#1019 = ADVANCED_FACE ( 'NONE', ( #2556 ), #2898, .T. ) ;
#1020 = CARTESIAN_POINT ( 'NONE',  ( -4.650202558401084652, -4.770288179691539732, 141.4820964963520851 ) ) ;
#1021 = DIRECTION ( 'NONE',  ( 0.6707575780832520929, 0.3970910963467114141, -0.6264207313348248984 ) ) ;
#1022 = COLOUR_RGB ( '',0.7764705882352941346, 0.7568627450980391913, 0.7372549019607843590 ) ;
#1023 = AXIS2_PLACEMENT_3D ( 'NONE', #4857, #2911, #2142 ) ;
#1024 =( GEOMETRIC_REPRESENTATION_CONTEXT ( 3 ) GLOBAL_UNCERTAINTY_ASSIGNED_CONTEXT ( ( #1717 ) ) GLOBAL_UNIT_ASSIGNED_CONTEXT ( ( #2504, #561, #4954 ) ) REPRESENTATION_CONTEXT ( 'NONE', 'WORKASPACE' ) );
#1025 = DIRECTION ( 'NONE',  ( -0.4036298484864445091, 0.9040139324509700591, 0.1408607658127077611 ) ) ;
#1026 = AXIS2_PLACEMENT_3D ( 'NONE', #4062, #504, #2083 ) ;
#1027 = EDGE_LOOP ( 'NONE', ( #2419, #4992, #3279, #3378 ) ) ;
#1028 = PRESENTATION_STYLE_ASSIGNMENT (( #4538 ) ) ;
#1029 = DIRECTION ( 'NONE',  ( -0.4036298484864153657, 0.9040139324509843810, 0.1408607658127001006 ) ) ;
#1030 = VERTEX_POINT ( 'NONE', #3300 ) ;
#1031 = ORIENTED_EDGE ( 'NONE', *, *, #4818, .T. ) ;
#1032 = CARTESIAN_POINT ( 'NONE',  ( -50.01052711460476274, -8.226068972213740338, 69.24972657223591455 ) ) ;
#1033 =( NAMED_UNIT ( * ) PLANE_ANGLE_UNIT ( ) SI_UNIT ( $, .RADIAN. ) );
#1034 = PRESENTATION_STYLE_ASSIGNMENT (( #747 ) ) ;
#1035 = DIRECTION ( 'NONE',  ( -0.4036298484864153657, 0.9040139324509843810, 0.1408607658127000450 ) ) ;
#1036 = FACE_OUTER_BOUND ( 'NONE', #1308, .T. ) ;
#1037 = MECHANICAL_DESIGN_GEOMETRIC_PRESENTATION_REPRESENTATION (  '', ( #4658 ), #1448 ) ;
#1038 = DIRECTION ( 'NONE',  ( 0.4036298484864153657, -0.9040139324509843810, -0.1408607658127000450 ) ) ;
#1039 = EDGE_CURVE ( 'NONE', #963, #1030, #3731, .T. ) ;
#1040 = UNCERTAINTY_MEASURE_WITH_UNIT (LENGTH_MEASURE( 1.000000000000000082E-05 ), #4867, 'distance_accuracy_value', 'NONE');
#1041 = ORIENTED_EDGE ( 'NONE', *, *, #1639, .F. ) ;
#1042 = AXIS2_PLACEMENT_3D ( 'NONE', #466, #21, #1618 ) ;
#1043 = DIRECTION ( 'NONE',  ( -0.7292504199660263531, -0.2249069998420408500, -0.6462280297243585547 ) ) ;
#1044 = SURFACE_STYLE_USAGE ( .BOTH. , #2570 ) ;
#1045 = CYLINDRICAL_SURFACE ( 'NONE', #1956, 12.49999999999999467 ) ;
#1046 = EDGE_CURVE ( 'NONE', #2111, #4875, #558, .T. ) ;
#1047 = CIRCLE ( 'NONE', #1548, 12.49999999999999467 ) ;
#1048 = DIRECTION ( 'NONE',  ( -0.4036298484864154212, 0.9040139324509844920, 0.1408607658127000728 ) ) ;
#1049 = ORIENTED_EDGE ( 'NONE', *, *, #3423, .T. ) ;
#1050 =( NAMED_UNIT ( * ) PLANE_ANGLE_UNIT ( ) SI_UNIT ( $, .RADIAN. ) );
#1051 = COLOUR_RGB ( '',0.7921568627450980005, 0.8196078431372548767, 0.9333333333333333481 ) ;
#1052 = UNCERTAINTY_MEASURE_WITH_UNIT (LENGTH_MEASURE( 1.000000000000000082E-05 ), #5087, 'distance_accuracy_value', 'NONE');
#1053 = FACE_OUTER_BOUND ( 'NONE', #2747, .T. ) ;
#1054 = ORIENTED_EDGE ( 'NONE', *, *, #3638, .T. ) ;
#1055 = AXIS2_PLACEMENT_3D ( 'NONE', #4759, #2369, #2793 ) ;
#1056 = ORIENTED_EDGE ( 'NONE', *, *, #1914, .F. ) ;
#1057 = DIRECTION ( 'NONE',  ( -0.4036298484864446201, 0.9040139324509703922, 0.1408607658127077888 ) ) ;
#1058 = SURFACE_SIDE_STYLE ('',( #2149 ) ) ;
#1059 = CIRCLE ( 'NONE', #1295, 12.49999999999999467 ) ;
#1060 =( LENGTH_UNIT ( ) NAMED_UNIT ( * ) SI_UNIT ( .MILLI., .METRE. ) );
#1061 = VECTOR ( 'NONE', #3498, 1000.000000000000341 ) ;
#1062 = SURFACE_SIDE_STYLE ('',( #1792 ) ) ;
#1063 = LINE ( 'NONE', #2233, #4453 ) ;
#1064 = DIRECTION ( 'NONE',  ( 0.008861879339743335485, 0.1578149520867546396, -0.9874289381988069492 ) ) ;
#1065 = STYLED_ITEM ( 'NONE', ( #1407 ), #4036 ) ;
#1066 = CIRCLE ( 'NONE', #3872, 4.500000000000003553 ) ;
#1067 = CIRCLE ( 'NONE', #3954, 4.499999999999992895 ) ;
#1068 = PRESENTATION_STYLE_ASSIGNMENT (( #4609 ) ) ;
#1069 = COLOUR_RGB ( '',0.7764705882352941346, 0.7568627450980391913, 0.7372549019607843590 ) ;
#1070 = MECHANICAL_DESIGN_GEOMETRIC_PRESENTATION_REPRESENTATION (  '', ( #3877 ), #4593 ) ;
#1071 = CARTESIAN_POINT ( 'NONE',  ( -16.97342885766027010, -2.137328416555804189, 124.7687536438650824 ) ) ;
#1072 = EDGE_LOOP ( 'NONE', ( #2932, #4563, #4250, #2791 ) ) ;
#1073 = SURFACE_STYLE_USAGE ( .BOTH. , #4502 ) ;
#1074 = DIRECTION ( 'NONE',  ( -0.4036298484864445091, 0.9040139324509700591, 0.1408607658127077611 ) ) ;
#1075 = PRESENTATION_LAYER_ASSIGNMENT (  '', '', ( #1885 ) ) ;
#1076 = DIRECTION ( 'NONE',  ( -0.4036298484864445091, 0.9040139324509701702, 0.1408607658127077611 ) ) ;
#1077 = CARTESIAN_POINT ( 'NONE',  ( -3.024841774417763585, -2.099742287515070416, 129.0714968754076892 ) ) ;
#1078 = FACE_OUTER_BOUND ( 'NONE', #529, .T. ) ;
#1079 = ORIENTED_EDGE ( 'NONE', *, *, #3763, .T. ) ;
#1080 = EDGE_CURVE ( 'NONE', #4098, #316, #3269, .T. ) ;
#1081 = COLOUR_RGB ( '',0.7764705882352941346, 0.7568627450980391913, 0.7372549019607843590 ) ;
#1082 = DIRECTION ( 'NONE',  ( -0.4036298484864446201, 0.9040139324509703922, 0.1408607658127077888 ) ) ;
#1083 = ORIENTED_EDGE ( 'NONE', *, *, #3331, .F. ) ;
#1084 = ORIENTED_EDGE ( 'NONE', *, *, #1459, .T. ) ;
#1085 = CARTESIAN_POINT ( 'NONE',  ( -7.687984010349380171, 0.7867438938147223171, 132.6096920514328872 ) ) ;
#1086 = AXIS2_PLACEMENT_3D ( 'NONE', #5111, #56, #1583 ) ;
#1087 = SURFACE_SIDE_STYLE ('',( #3885 ) ) ;
#1088 = MECHANICAL_DESIGN_GEOMETRIC_PRESENTATION_REPRESENTATION (  '', ( #5116 ), #483 ) ;
#1089 = ADVANCED_FACE ( 'NONE', ( #3247 ), #1767, .F. ) ;
#1090 = CARTESIAN_POINT ( 'NONE',  ( -1.726383368812187902, 1.743087500280063429, 143.5547696983569210 ) ) ;
#1091 = UNCERTAINTY_MEASURE_WITH_UNIT (LENGTH_MEASURE( 1.000000000000000082E-05 ), #625, 'distance_accuracy_value', 'NONE');
#1092 = DIRECTION ( 'NONE',  ( 0.7292504199660264641, 0.2249069998420402394, 0.6462280297243586658 ) ) ;
#1093 = CIRCLE ( 'NONE', #4364, 1.500000000000003109 ) ;
#1094 = FACE_OUTER_BOUND ( 'NONE', #212, .T. ) ;
#1095 =( NAMED_UNIT ( * ) PLANE_ANGLE_UNIT ( ) SI_UNIT ( $, .RADIAN. ) );
#1096 = CARTESIAN_POINT ( 'NONE',  ( -7.692020308833726894, 0.7957840331408267964, 132.6111006590910506 ) ) ;
#1097 = LINE ( 'NONE', #1878, #17 ) ;
#1098 = MECHANICAL_DESIGN_GEOMETRIC_PRESENTATION_REPRESENTATION (  '', ( #3815 ), #673 ) ;
#1099 = CARTESIAN_POINT ( 'NONE',  ( -6.668351800833306697, -0.2502185174366899356, 142.1864003254156046 ) ) ;
#1100 = VERTEX_POINT ( 'NONE', #4660 ) ;
#1101 = EDGE_LOOP ( 'NONE', ( #886, #2254, #1890, #261 ) ) ;
#1102 = CARTESIAN_POINT ( 'NONE',  ( -4.643851212012647167, -1.667692523782311032, 121.5885080258104267 ) ) ;
#1103 = PLANE ( 'NONE',  #4475 ) ;
#1104 = DIRECTION ( 'NONE',  ( 0.9137903228885071449, 0.4059804243577963545, 0.01292829584984190629 ) ) ;
#1105 = STYLED_ITEM ( 'NONE', ( #3687 ), #1344 ) ;
#1106 = DIRECTION ( 'NONE',  ( -0.4036298484864445091, 0.9040139324509701702, 0.1408607658127077611 ) ) ;
#1107 = PRESENTATION_STYLE_ASSIGNMENT (( #3873 ) ) ;
#1108 = AXIS2_PLACEMENT_3D ( 'NONE', #244, #2207, #2318 ) ;
#1109 = ORIENTED_EDGE ( 'NONE', *, *, #2736, .T. ) ;
#1110 = PRESENTATION_LAYER_ASSIGNMENT (  '', '', ( #4710 ) ) ;
#1111 =( LENGTH_UNIT ( ) NAMED_UNIT ( * ) SI_UNIT ( .MILLI., .METRE. ) );
#1112 = CARTESIAN_POINT ( 'NONE',  ( -7.687984010349380171, 0.7867438938147223171, 132.6096920514328872 ) ) ;
#1113 = ORIENTED_EDGE ( 'NONE', *, *, #4684, .T. ) ;
#1114 = STYLED_ITEM ( 'NONE', ( #2031 ), #1918 ) ;
#1115 = EDGE_CURVE ( 'NONE', #2498, #3163, #3827, .T. ) ;
#1116 = ORIENTED_EDGE ( 'NONE', *, *, #3412, .T. ) ;
#1117 = CARTESIAN_POINT ( 'NONE',  ( -49.21892625896040840, -8.442089661313044502, 72.90439537301043060 ) ) ;
#1118 = FACE_OUTER_BOUND ( 'NONE', #4267, .T. ) ;
#1119 = PRESENTATION_LAYER_ASSIGNMENT (  '', '', ( #4797 ) ) ;
#1120 = DIRECTION ( 'NONE',  ( -0.4036298484864445091, 0.9040139324509701702, 0.1408607658127077611 ) ) ;
#1121 = CARTESIAN_POINT ( 'NONE',  ( 4.302905660368896434, 10.32032215086144156, 105.8555666728837537 ) ) ;
#1122 = CARTESIAN_POINT ( 'NONE',  ( 1.154067812336823540, 5.300705477620809347, 128.9765432334753825 ) ) ;
#1123 = ADVANCED_FACE ( 'NONE', ( #2640 ), #4170, .T. ) ;
#1124 = CARTESIAN_POINT ( 'NONE',  ( -16.98128145274504774, -2.813174647933813333, 129.0836873593615621 ) ) ;
#1125 = ORIENTED_EDGE ( 'NONE', *, *, #451, .F. ) ;
#1126 = CARTESIAN_POINT ( 'NONE',  ( 1.293075659821478984, 5.305789921502626960, 129.3422327710377431 ) ) ;
#1127 = DIRECTION ( 'NONE',  ( 0.7292504199660253539, 0.2249069998420399341, 0.6462280297243599980 ) ) ;
#1128 = ORIENTED_EDGE ( 'NONE', *, *, #2003, .T. ) ;
#1129 = DIRECTION ( 'NONE',  ( -0.4036298484864446201, 0.9040139324509703922, 0.1408607658127077888 ) ) ;
#1130 = STYLED_ITEM ( 'NONE', ( #2010 ), #1266 ) ;
#1131 = AXIS2_PLACEMENT_3D ( 'NONE', #3567, #438, #4022 ) ;
#1132 = DIRECTION ( 'NONE',  ( -0.1138699078527351388, -0.2023984311790467394, 0.9726605364369783624 ) ) ;
#1133 = ORIENTED_EDGE ( 'NONE', *, *, #3787, .T. ) ;
#1134 = DIRECTION ( 'NONE',  ( -0.7292504199660265751, -0.2249069998420404060, -0.6462280297243583327 ) ) ;
#1135 = AXIS2_PLACEMENT_3D ( 'NONE', #1313, #2232, #3005 ) ;
#1136 = ORIENTED_EDGE ( 'NONE', *, *, #4946, .T. ) ;
#1137 =( NAMED_UNIT ( * ) SI_UNIT ( $, .STERADIAN. ) SOLID_ANGLE_UNIT ( ) );
#1138 = DIRECTION ( 'NONE',  ( -0.4036298484864446201, 0.9040139324509703922, 0.1408607658127077888 ) ) ;
#1139 = CARTESIAN_POINT ( 'NONE',  ( -6.662000454444869213, 2.852377138472538487, 122.2928118548739604 ) ) ;
#1140 = DIRECTION ( 'NONE',  ( -0.4036298484864446201, 0.9040139324509703922, 0.1408607658127077888 ) ) ;
#1141 = EDGE_CURVE ( 'NONE', #296, #2755, #3067, .T. ) ;
#1142 = CYLINDRICAL_SURFACE ( 'NONE', #3828, 12.49999999999999467 ) ;
#1143 = UNCERTAINTY_MEASURE_WITH_UNIT (LENGTH_MEASURE( 1.000000000000000082E-05 ), #2527, 'distance_accuracy_value', 'NONE');
#1144 = CARTESIAN_POINT ( 'NONE',  ( -11.63143540945428178, -4.689669374905432342, 120.9603105754452628 ) ) ;
#1145 = FACE_OUTER_BOUND ( 'NONE', #434, .T. ) ;
#1146 = FILL_AREA_STYLE ('',( #1556 ) ) ;
#1147 = PRESENTATION_LAYER_ASSIGNMENT (  '', '', ( #806 ) ) ;
#1148 = VERTEX_POINT ( 'NONE', #719 ) ;
#1149 = EDGE_CURVE ( 'NONE', #3906, #2580, #1540, .T. ) ;
#1150 = AXIS2_PLACEMENT_3D ( 'NONE', #4368, #78, #4779 ) ;
#1151 = VECTOR ( 'NONE', #4076, 1000.000000000000341 ) ;
#1152 = AXIS2_PLACEMENT_3D ( 'NONE', #3200, #3618, #3246 ) ;
#1153 = AXIS2_PLACEMENT_3D ( 'NONE', #621, #3878, #2196 ) ;
#1154 = AXIS2_PLACEMENT_3D ( 'NONE', #1802, #1513, #2187 ) ;
#1155 = SURFACE_SIDE_STYLE ('',( #4312 ) ) ;
#1156 = CARTESIAN_POINT ( 'NONE',  ( -0.1984078077587898004, 0.3416445542642494448, 121.4312245856520605 ) ) ;
#1157 = DIRECTION ( 'NONE',  ( 0.7292504199660264641, 0.2249069998420402394, 0.6462280297243586658 ) ) ;
#1158 = ORIENTED_EDGE ( 'NONE', *, *, #662, .T. ) ;
#1159 = STYLED_ITEM ( 'NONE', ( #1880 ), #2658 ) ;
#1160 = VERTEX_POINT ( 'NONE', #333 ) ;
#1161 =( NAMED_UNIT ( * ) PLANE_ANGLE_UNIT ( ) SI_UNIT ( $, .RADIAN. ) );
#1162 = VERTEX_POINT ( 'NONE', #5002 ) ;
#1163 = DIRECTION ( 'NONE',  ( -0.4036298484864445091, 0.9040139324509701702, 0.1408607658127077611 ) ) ;
#1164 = CLOSED_SHELL ( 'NONE', ( #661, #4288, #1019, #1123, #947, #4192, #4848, #2529, #870, #4486, #546, #2711, #3347, #1815, #4852, #698, #1351, #3708, #4461, #2412, #1773, #1791, #2699, #3948, #2567, #4631, #3619, #1817, #4632, #2499, #4258, #2849, #3288, #2392, #1975, #3632, #2306, #2457, #4814, #1680, #1576, #2674, #2912, #425, #759, #4624, #2668, #4230, #4159, #2753, #732, #197, #1842, #2193, #1918, #2658, #4790, #1882, #918, #4097, #237, #4920, #4741, #2792, #205, #1344, #461, #4774, #3065, #3831, #2269, #2859, #4851, #2822, #559, #4263, #1266, #2533, #4988, #2033, #486 ) ) ;
#1165 = CARTESIAN_POINT ( 'NONE',  ( -2.810257934401079183, 4.158084662622566263, 124.9500489789008384 ) ) ;
#1166 = CYLINDRICAL_SURFACE ( 'NONE', #4070, 1.500000000000000666 ) ;
#1167 = SURFACE_STYLE_FILL_AREA ( #1943 ) ;
#1168 = DIRECTION ( 'NONE',  ( 0.4036298484864154212, -0.9040139324509844920, -0.1408607658127000728 ) ) ;
#1169 = PRESENTATION_STYLE_ASSIGNMENT (( #2064 ) ) ;
#1170 = CIRCLE ( 'NONE', #241, 12.49999999999999467 ) ;
#1171 = CARTESIAN_POINT ( 'NONE',  ( 1.541616739576460837, 0.4947996720056982434, 125.4342660350285286 ) ) ;
#1172 = FACE_OUTER_BOUND ( 'NONE', #3724, .T. ) ;
#1173 = ORIENTED_EDGE ( 'NONE', *, *, #1887, .F. ) ;
#1174 = AXIS2_PLACEMENT_3D ( 'NONE', #1691, #2098, #983 ) ;
#1175 = SURFACE_STYLE_FILL_AREA ( #4691 ) ;
#1176 = ORIENTED_EDGE ( 'NONE', *, *, #2781, .T. ) ;
#1177 = EDGE_CURVE ( 'NONE', #18, #607, #3346, .T. ) ;
#1178 =( LENGTH_UNIT ( ) NAMED_UNIT ( * ) SI_UNIT ( .MILLI., .METRE. ) );
#1179 = FILL_AREA_STYLE ('',( #5073 ) ) ;
#1180 = DIRECTION ( 'NONE',  ( -0.8280727311432179993, -0.2954877224108117262, -0.4764268651550651601 ) ) ;
#1181 = ORIENTED_EDGE ( 'NONE', *, *, #3579, .T. ) ;
#1182 = CIRCLE ( 'NONE', #4873, 4.500000000000000000 ) ;
#1183 = SURFACE_STYLE_FILL_AREA ( #741 ) ;
#1184 = ORIENTED_EDGE ( 'NONE', *, *, #725, .T. ) ;
#1185 = SURFACE_SIDE_STYLE ('',( #1836 ) ) ;
#1186 = PRESENTATION_STYLE_ASSIGNMENT (( #3171 ) ) ;
#1187 = SURFACE_STYLE_FILL_AREA ( #5109 ) ;
#1188 = CARTESIAN_POINT ( 'NONE',  ( -5.669834767917158125, -3.733325768440127312, 131.9053882223693677 ) ) ;
#1189 = CARTESIAN_POINT ( 'NONE',  ( -16.43897207062770249, -3.263560479691088645, 133.5281280594519444 ) ) ;
#1190 =( LENGTH_UNIT ( ) NAMED_UNIT ( * ) SI_UNIT ( .MILLI., .METRE. ) );
#1191 =( NAMED_UNIT ( * ) PLANE_ANGLE_UNIT ( ) SI_UNIT ( $, .RADIAN. ) );
#1192 = STYLED_ITEM ( 'NONE', ( #2703 ), #2269 ) ;
#1193 = FILL_AREA_STYLE_COLOUR ( '', #2743 ) ;
#1194 = PRESENTATION_STYLE_ASSIGNMENT (( #5097 ) ) ;
#1195 = CARTESIAN_POINT ( 'NONE',  ( 4.302905660368896434, 10.32032215086144156, 105.8555666728837537 ) ) ;
#1196 = ADVANCED_FACE ( 'NONE', ( #3504 ), #4202, .F. ) ;
#1197 =( NAMED_UNIT ( * ) PLANE_ANGLE_UNIT ( ) SI_UNIT ( $, .RADIAN. ) );
#1198 = VERTEX_POINT ( 'NONE', #3950 ) ;
#1199 = CARTESIAN_POINT ( 'NONE',  ( 0.7700584842810177522, -1.950703585357066450, 138.9181134631493251 ) ) ;
#1200 = EDGE_CURVE ( 'NONE', #4875, #4514, #26, .T. ) ;
#1201 = CIRCLE ( 'NONE', #2673, 4.499999999999992895 ) ;
#1202 = ORIENTED_EDGE ( 'NONE', *, *, #3787, .F. ) ;
#1203 = AXIS2_PLACEMENT_3D ( 'NONE', #2716, #4778, #2741 ) ;
#1204 = CARTESIAN_POINT ( 'NONE',  ( -12.78336763732714942, -0.05092855155948027013, 123.3851123582024485 ) ) ;
#1205 =( NAMED_UNIT ( * ) SI_UNIT ( $, .STERADIAN. ) SOLID_ANGLE_UNIT ( ) );
#1206 = AXIS2_PLACEMENT_3D ( 'NONE', #110, #4446, #3699 ) ;
#1207 =( NAMED_UNIT ( * ) PLANE_ANGLE_UNIT ( ) SI_UNIT ( $, .RADIAN. ) );
#1208 = ORIENTED_EDGE ( 'NONE', *, *, #662, .F. ) ;
#1209 = DIRECTION ( 'NONE',  ( -0.4174915651033691000, -0.3189817150124993894, 0.8508533707726754214 ) ) ;
#1210 = CARTESIAN_POINT ( 'NONE',  ( -0.5744511409393323609, -2.895653323065894291, 141.1299679155997637 ) ) ;
#1211 = PRODUCT_RELATED_PRODUCT_CATEGORY ( 'part', '', ( #2404 ) ) ;
#1212 = AXIS2_PLACEMENT_3D ( 'NONE', #3799, #240, #4603 ) ;
#1213 = PRESENTATION_LAYER_ASSIGNMENT (  '', '', ( #2363 ) ) ;
#1214 =( NAMED_UNIT ( * ) SI_UNIT ( $, .STERADIAN. ) SOLID_ANGLE_UNIT ( ) );
#1215 = STYLED_ITEM ( 'NONE', ( #3101 ), #4624 ) ;
#1216 = VERTEX_POINT ( 'NONE', #845 ) ;
#1217 = FILL_AREA_STYLE_COLOUR ( '', #4492 ) ;
#1218 = AXIS2_PLACEMENT_3D ( 'NONE', #2123, #2495, #974 ) ;
#1219 = STYLED_ITEM ( 'NONE', ( #2766 ), #2826 ) ;
#1220 = CARTESIAN_POINT ( 'NONE',  ( -15.41704861771192903, -1.956726406156613418, 92.64437048377821782 ) ) ;
#1221 =( GEOMETRIC_REPRESENTATION_CONTEXT ( 3 ) GLOBAL_UNCERTAINTY_ASSIGNED_CONTEXT ( ( #1443 ) ) GLOBAL_UNIT_ASSIGNED_CONTEXT ( ( #1264, #3674, #4977 ) ) REPRESENTATION_CONTEXT ( 'NONE', 'WORKASPACE' ) );
#1222 = EDGE_LOOP ( 'NONE', ( #4362, #1683, #1685, #3798 ) ) ;
#1223 = VECTOR ( 'NONE', #4652, 1000.000000000000341 ) ;
#1224 = CYLINDRICAL_SURFACE ( 'NONE', #3689, 4.499999999999995559 ) ;
#1225 = ORIENTED_EDGE ( 'NONE', *, *, #1938, .T. ) ;
#1226 = ORIENTED_EDGE ( 'NONE', *, *, #3307, .F. ) ;
#1227 = COLOUR_RGB ( '',0.7764705882352941346, 0.7568627450980391913, 0.7372549019607843590 ) ;
#1228 = VERTEX_POINT ( 'NONE', #5123 ) ;
#1229 = DIRECTION ( 'NONE',  ( -0.4036298484864154212, 0.9040139324509844920, 0.1408607658127000728 ) ) ;
#1230 = FILL_AREA_STYLE ('',( #4046 ) ) ;
#1231 = SURFACE_SIDE_STYLE ('',( #3907 ) ) ;
#1232 = DIRECTION ( 'NONE',  ( 0.7292504199660264641, 0.2249069998420402394, 0.6462280297243586658 ) ) ;
#1233 = DIRECTION ( 'NONE',  ( -0.4036298484864446201, 0.9040139324509703922, 0.1408607658127077888 ) ) ;
#1234 = DIRECTION ( 'NONE',  ( -0.3702744618760678286, -0.02061620197443150490, -0.9286935959176942923 ) ) ;
#1235 = ORIENTED_EDGE ( 'NONE', *, *, #988, .F. ) ;
#1236 = DIRECTION ( 'NONE',  ( 0.7292504199660264641, 0.2249069998420402394, 0.6462280297243586658 ) ) ;
#1237 = CARTESIAN_POINT ( 'NONE',  ( -7.722683636308600441, -6.078934897717107155, 141.0766592131424773 ) ) ;
#1238 = FILL_AREA_STYLE_COLOUR ( '', #1785 ) ;
#1239 = STYLED_ITEM ( 'NONE', ( #5065 ), #197 ) ;
#1240 = PRESENTATION_STYLE_ASSIGNMENT (( #3249 ) ) ;
#1241 = ORIENTED_EDGE ( 'NONE', *, *, #1570, .T. ) ;
#1242 = AXIS2_PLACEMENT_3D ( 'NONE', #3773, #136, #3729 ) ;
#1244 = CARTESIAN_POINT ( 'NONE',  ( -6.306818792375804783, 2.999704920767161553, 122.3650502283908992 ) ) ;
#1243 = DIRECTION ( 'NONE',  ( 0.6707575780832508716, 0.3970910963467105814, -0.6264207313348266748 ) ) ;
#1245 = MECHANICAL_DESIGN_GEOMETRIC_PRESENTATION_REPRESENTATION (  '', ( #3305 ), #4698 ) ;
#1246 = AXIS2_PLACEMENT_3D ( 'NONE', #3937, #4694, #3867 ) ;
#1247 = VERTEX_POINT ( 'NONE', #1278 ) ;
#1248 = FILL_AREA_STYLE_COLOUR ( '', #3187 ) ;
#1249 = DIRECTION ( 'NONE',  ( -0.4036298484864153657, 0.9040139324509843810, 0.1408607658127000450 ) ) ;
#1250 = VERTEX_POINT ( 'NONE', #4363 ) ;
#1251 = SURFACE_STYLE_FILL_AREA ( #3350 ) ;
#1252 = AXIS2_PLACEMENT_3D ( 'NONE', #3418, #278, #1840 ) ;
#1253 = VERTEX_POINT ( 'NONE', #1596 ) ;
#1254 = LINE ( 'NONE', #4341, #1336 ) ;
#1255 = DIRECTION ( 'NONE',  ( 0.3702744618760678286, 0.02061620197443150490, 0.9286935959176942923 ) ) ;
#1256 =( LENGTH_UNIT ( ) NAMED_UNIT ( * ) SI_UNIT ( .MILLI., .METRE. ) );
#1257 = DIRECTION ( 'NONE',  ( -0.6707575780832539802, -0.3970910963467110810, 0.6264207313348229000 ) ) ;
#1258 = EDGE_CURVE ( 'NONE', #4528, #966, #1362, .T. ) ;
#1259 = DIRECTION ( 'NONE',  ( -0.4036298484864445091, 0.9040139324509700591, 0.1408607658127077611 ) ) ;
#1261 = ORIENTED_EDGE ( 'NONE', *, *, #3768, .F. ) ;
#1260 =( NAMED_UNIT ( * ) PLANE_ANGLE_UNIT ( ) SI_UNIT ( $, .RADIAN. ) );
#1262 = ORIENTED_EDGE ( 'NONE', *, *, #1200, .T. ) ;
#1263 = LINE ( 'NONE', #402, #3972 ) ;
#1264 =( LENGTH_UNIT ( ) NAMED_UNIT ( * ) SI_UNIT ( .MILLI., .METRE. ) );
#1265 = MECHANICAL_DESIGN_GEOMETRIC_PRESENTATION_REPRESENTATION (  '', ( #2151 ), #3662 ) ;
#1266 = ADVANCED_FACE ( 'NONE', ( #2041 ), #3634, .T. ) ;
#1267 =( NAMED_UNIT ( * ) SI_UNIT ( $, .STERADIAN. ) SOLID_ANGLE_UNIT ( ) );
#1268 = CIRCLE ( 'NONE', #1915, 4.500000000000002665 ) ;
#1270 = ORIENTED_EDGE ( 'NONE', *, *, #2194, .T. ) ;
#1269 = STYLED_ITEM ( 'NONE', ( #3472 ), #1886 ) ;
#1271 =( NAMED_UNIT ( * ) PLANE_ANGLE_UNIT ( ) SI_UNIT ( $, .RADIAN. ) );
#1272 = VECTOR ( 'NONE', #3776, 1000.000000000000000 ) ;
#1273 = AXIS2_PLACEMENT_3D ( 'NONE', #3159, #14, #5048 ) ;
#1274 = VERTEX_POINT ( 'NONE', #1964 ) ;
#1275 = DIRECTION ( 'NONE',  ( -0.4036298484864445091, 0.9040139324509700591, 0.1408607658127077611 ) ) ;
#1276 = DIRECTION ( 'NONE',  ( -0.7292504199660261310, -0.2249069998420401562, -0.6462280297243587768 ) ) ;
#1277 = VERTEX_POINT ( 'NONE', #4745 ) ;
#1278 = CARTESIAN_POINT ( 'NONE',  ( -13.80374450860910152, -6.686802313118595187, 127.5528291038379507 ) ) ;
#1279 = ORIENTED_EDGE ( 'NONE', *, *, #2646, .T. ) ;
#1280 = SURFACE_STYLE_USAGE ( .BOTH. , #1638 ) ;
#1281 = DIRECTION ( 'NONE',  ( -0.4036298484864445091, 0.9040139324509701702, 0.1408607658127077611 ) ) ;
#1282 =( NAMED_UNIT ( * ) PLANE_ANGLE_UNIT ( ) SI_UNIT ( $, .RADIAN. ) );
#1283 = FACE_OUTER_BOUND ( 'NONE', #3059, .T. ) ;
#1284 = ORIENTED_EDGE ( 'NONE', *, *, #1396, .F. ) ;
#1285 = ORIENTED_EDGE ( 'NONE', *, *, #1667, .T. ) ;
#1286 = VECTOR ( 'NONE', #415, 1000.000000000000341 ) ;
#1287 = EDGE_CURVE ( 'NONE', #851, #2111, #5057, .T. ) ;
#1288 = FILL_AREA_STYLE ('',( #1238 ) ) ;
#1289 = SURFACE_STYLE_FILL_AREA ( #3385 ) ;
#1290 = ORIENTED_EDGE ( 'NONE', *, *, #4399, .T. ) ;
#1291 = EDGE_CURVE ( 'NONE', #1932, #3578, #1254, .T. ) ;
#1292 =( LENGTH_UNIT ( ) NAMED_UNIT ( * ) SI_UNIT ( .MILLI., .METRE. ) );
#1293 = CIRCLE ( 'NONE', #4177, 9.686499999999995225 ) ;
#1294 = VERTEX_POINT ( 'NONE', #2783 ) ;
#1295 = AXIS2_PLACEMENT_3D ( 'NONE', #3069, #2667, #5035 ) ;
#1296 = FILL_AREA_STYLE ('',( #1446 ) ) ;
#1297 = EDGE_CURVE ( 'NONE', #1277, #2446, #414, .T. ) ;
#1298 = CARTESIAN_POINT ( 'NONE',  ( -14.23414705752252019, -7.121395333482012369, 129.1796471069046959 ) ) ;
#1299 = ORIENTED_EDGE ( 'NONE', *, *, #5079, .T. ) ;
#1300 = VECTOR ( 'NONE', #2946, 1000.000000000000341 ) ;
#1301 = CIRCLE ( 'NONE', #638, 3.000000000000005773 ) ;
#1302 = PRESENTATION_LAYER_ASSIGNMENT (  '', '', ( #4588 ) ) ;
#1303 = PRESENTATION_LAYER_ASSIGNMENT (  '', '', ( #3877 ) ) ;
#1304 = DIRECTION ( 'NONE',  ( -0.4036298484864446201, 0.9040139324509703922, 0.1408607658127077888 ) ) ;
#1305 = FACE_OUTER_BOUND ( 'NONE', #4164, .T. ) ;
#1306 = DIRECTION ( 'NONE',  ( -0.4036298484864154212, 0.9040139324509844920, 0.1408607658127000728 ) ) ;
#1307 = ORIENTED_EDGE ( 'NONE', *, *, #3314, .T. ) ;
#1308 = EDGE_LOOP ( 'NONE', ( #3339, #292, #494, #582 ) ) ;
#1309 =( NAMED_UNIT ( * ) PLANE_ANGLE_UNIT ( ) SI_UNIT ( $, .RADIAN. ) );
#1310 = FACE_OUTER_BOUND ( 'NONE', #4443, .T. ) ;
#1311 = AXIS2_PLACEMENT_3D ( 'NONE', #3765, #3431, #4622 ) ;
#1312 =( NAMED_UNIT ( * ) PLANE_ANGLE_UNIT ( ) SI_UNIT ( $, .RADIAN. ) );
#1313 = CARTESIAN_POINT ( 'NONE',  ( -5.673871066401649621, -3.724285629114095997, 131.9067968300275311 ) ) ;
#1314 = CYLINDRICAL_SURFACE ( 'NONE', #1519, 4.500000000000003553 ) ;
#1315 = CARTESIAN_POINT ( 'NONE',  ( -12.83785239898977792, -2.005026237627411945, 135.8409573009683982 ) ) ;
#1316 = AXIS2_PLACEMENT_3D ( 'NONE', #1124, #250, #1507 ) ;
#1317 =( LENGTH_UNIT ( ) NAMED_UNIT ( * ) SI_UNIT ( .MILLI., .METRE. ) );
#1318 = EDGE_CURVE ( 'NONE', #3028, #1277, #419, .T. ) ;
#1319 = VERTEX_POINT ( 'NONE', #2422 ) ;
#1320 = PRESENTATION_STYLE_ASSIGNMENT (( #4406 ) ) ;
#1321 = AXIS2_PLACEMENT_3D ( 'NONE', #4921, #3329, #4517 ) ;
#1322 = AXIS2_PLACEMENT_3D ( 'NONE', #4187, #1106, #680 ) ;
#1323 = CARTESIAN_POINT ( 'NONE',  ( -11.72428249521382604, 9.826883218324423908, 134.0182997095599831 ) ) ;
#1324 = SURFACE_SIDE_STYLE ('',( #2418 ) ) ;
#1325 = EDGE_LOOP ( 'NONE', ( #3362, #1620, #4942, #430 ) ) ;
#1326 = FACE_OUTER_BOUND ( 'NONE', #2969, .T. ) ;
#1327 = EDGE_CURVE ( 'NONE', #331, #2143, #3317, .T. ) ;
#1328 = PRESENTATION_LAYER_ASSIGNMENT (  '', '', ( #3568 ) ) ;
#1329 = DIRECTION ( 'NONE',  ( 0.7292504199660253539, 0.2249069998420398231, 0.6462280297243599980 ) ) ;
#1330 = FILL_AREA_STYLE_COLOUR ( '', #3281 ) ;
#1331 = ORIENTED_EDGE ( 'NONE', *, *, #4451, .T. ) ;
#1332 = ORIENTED_EDGE ( 'NONE', *, *, #397, .F. ) ;
#1333 = DIRECTION ( 'NONE',  ( -0.4036298484864445091, 0.9040139324509701702, 0.1408607658127077611 ) ) ;
#1334 = FACE_OUTER_BOUND ( 'NONE', #4601, .T. ) ;
#1335 = SURFACE_STYLE_USAGE ( .BOTH. , #4518 ) ;
#1336 = VECTOR ( 'NONE', #820, 1000.000000000000341 ) ;
#1337 =( NAMED_UNIT ( * ) PLANE_ANGLE_UNIT ( ) SI_UNIT ( $, .RADIAN. ) );
#1338 = DIRECTION ( 'NONE',  ( -0.6707575780832552015, -0.3970910963467117472, 0.6264207313348211237 ) ) ;
#1339 = VERTEX_POINT ( 'NONE', #463 ) ;
#1340 =( NAMED_UNIT ( * ) PLANE_ANGLE_UNIT ( ) SI_UNIT ( $, .RADIAN. ) );
#1341 = LINE ( 'NONE', #122, #70 ) ;
#1342 = PRESENTATION_LAYER_ASSIGNMENT (  '', '', ( #2403 ) ) ;
#1343 = EDGE_LOOP ( 'NONE', ( #2006, #4816, #1805, #267 ) ) ;
#1344 = ADVANCED_FACE ( 'NONE', ( #2834 ), #4409, .T. ) ;
#1345 = DIRECTION ( 'NONE',  ( 0.7292504199660254649, 0.2249069998420400174, 0.6462280297243599980 ) ) ;
#1346 =( GEOMETRIC_REPRESENTATION_CONTEXT ( 3 ) GLOBAL_UNCERTAINTY_ASSIGNED_CONTEXT ( ( #239 ) ) GLOBAL_UNIT_ASSIGNED_CONTEXT ( ( #3050, #4620, #1536 ) ) REPRESENTATION_CONTEXT ( 'NONE', 'WORKASPACE' ) );
#1347 =( NAMED_UNIT ( * ) SI_UNIT ( $, .STERADIAN. ) SOLID_ANGLE_UNIT ( ) );
#1348 =( NAMED_UNIT ( * ) PLANE_ANGLE_UNIT ( ) SI_UNIT ( $, .RADIAN. ) );
#1349 = EDGE_LOOP ( 'NONE', ( #2531, #2157, #2299, #1690 ) ) ;
#1350 = EDGE_CURVE ( 'NONE', #2537, #1932, #4787, .T. ) ;
#1351 = ADVANCED_FACE ( 'NONE', ( #4479 ), #1379, .T. ) ;
#1352 = CARTESIAN_POINT ( 'NONE',  ( 1.541616739576460837, 0.4947996720056982434, 125.4342660350285286 ) ) ;
#1353 = UNCERTAINTY_MEASURE_WITH_UNIT (LENGTH_MEASURE( 1.000000000000000082E-05 ), #3548, 'distance_accuracy_value', 'NONE');
#1354 =( NAMED_UNIT ( * ) PLANE_ANGLE_UNIT ( ) SI_UNIT ( $, .RADIAN. ) );
#1355 = DIRECTION ( 'NONE',  ( 0.7292504199660267972, 0.2249069998420403782, 0.6462280297243582217 ) ) ;
#1356 = ORIENTED_EDGE ( 'NONE', *, *, #827, .T. ) ;
#1357 = ORIENTED_EDGE ( 'NONE', *, *, #623, .F. ) ;
#1358 = DIRECTION ( 'NONE',  ( 0.7292504199660262421, 0.2249069998420401839, 0.6462280297243589988 ) ) ;
#1359 = DIRECTION ( 'NONE',  ( 0.4036298484864445091, -0.9040139324509700591, -0.1408607658127077611 ) ) ;
#1360 = SURFACE_STYLE_USAGE ( .BOTH. , #4898 ) ;
#1361 = FACE_OUTER_BOUND ( 'NONE', #1461, .T. ) ;
#1362 = CIRCLE ( 'NONE', #4254, 9.686500000000011212 ) ;
#1363 = CARTESIAN_POINT ( 'NONE',  ( 3.967829928664469819, 3.870418574798449640, 128.4704950422352852 ) ) ;
#1364 = STYLED_ITEM ( 'NONE', ( #4937 ), #5090 ) ;
#1365 =( NAMED_UNIT ( * ) SI_UNIT ( $, .STERADIAN. ) SOLID_ANGLE_UNIT ( ) );
#1366 = DIRECTION ( 'NONE',  ( -0.4036298484864445091, 0.9040139324509700591, 0.1408607658127077611 ) ) ;
#1367 = VECTOR ( 'NONE', #2293, 1000.000000000000341 ) ;
#1368 = ORIENTED_EDGE ( 'NONE', *, *, #3738, .T. ) ;
#1369 =( NAMED_UNIT ( * ) PLANE_ANGLE_UNIT ( ) SI_UNIT ( $, .RADIAN. ) );
#1370 = CYLINDRICAL_SURFACE ( 'NONE', #1970, 3.000000000000005773 ) ;
#1371 = LINE ( 'NONE', #2160, #36 ) ;
#1372 = PRESENTATION_LAYER_ASSIGNMENT (  '', '', ( #2188 ) ) ;
#1373 = PRESENTATION_STYLE_ASSIGNMENT (( #3342 ) ) ;
#1374 = SURFACE_STYLE_FILL_AREA ( #2140 ) ;
#1375 = UNCERTAINTY_MEASURE_WITH_UNIT (LENGTH_MEASURE( 1.000000000000000082E-05 ), #453, 'distance_accuracy_value', 'NONE');
#1376 = COLOUR_RGB ( '',0.7764705882352941346, 0.7568627450980391913, 0.7372549019607843590 ) ;
#1377 = SURFACE_STYLE_USAGE ( .BOTH. , #2573 ) ;
#1378 = COLOUR_RGB ( '',0.7921568627450980005, 0.8196078431372548767, 0.9333333333333333481 ) ;
#1379 = CYLINDRICAL_SURFACE ( 'NONE', #4637, 12.49999999999999467 ) ;
#1380 = AXIS2_PLACEMENT_3D ( 'NONE', #2821, #4642, #1127 ) ;
#1381 = MECHANICAL_DESIGN_GEOMETRIC_PRESENTATION_REPRESENTATION (  '', ( #1781 ), #637 ) ;
#1382 =( GEOMETRIC_REPRESENTATION_CONTEXT ( 3 ) GLOBAL_UNCERTAINTY_ASSIGNED_CONTEXT ( ( #684 ) ) GLOBAL_UNIT_ASSIGNED_CONTEXT ( ( #910, #2536, #4063 ) ) REPRESENTATION_CONTEXT ( 'NONE', 'WORKASPACE' ) );
#1383 = CARTESIAN_POINT ( 'NONE',  ( 3.745043591346227885, 5.818057822984460614, 133.0806060616396280 ) ) ;
#1384 = EDGE_CURVE ( 'NONE', #2590, #4904, #4381, .T. ) ;
#1385 = ORIENTED_EDGE ( 'NONE', *, *, #490, .T. ) ;
#1386 =( GEOMETRIC_REPRESENTATION_CONTEXT ( 3 ) GLOBAL_UNCERTAINTY_ASSIGNED_CONTEXT ( ( #2208 ) ) GLOBAL_UNIT_ASSIGNED_CONTEXT ( ( #1111, #1050, #3401 ) ) REPRESENTATION_CONTEXT ( 'NONE', 'WORKASPACE' ) );
#1387 = DIRECTION ( 'NONE',  ( 0.8431203278187544559, 0.4273054310210830931, -0.3264325067126162550 ) ) ;
#1388 = FACE_OUTER_BOUND ( 'NONE', #2909, .T. ) ;
#1389 = AXIS2_PLACEMENT_3D ( 'NONE', #4357, #859, #1976 ) ;
#1390 = SURFACE_SIDE_STYLE ('',( #1765 ) ) ;
#1391 = STYLED_ITEM ( 'NONE', ( #2316 ), #4920 ) ;
#1392 = SURFACE_STYLE_USAGE ( .BOTH. , #2975 ) ;
#1393 = PRESENTATION_LAYER_ASSIGNMENT (  '', '', ( #3624 ) ) ;
#1394 = CARTESIAN_POINT ( 'NONE',  ( 1.158872660386164988, 4.554841940128932620, 133.7771021810895320 ) ) ;
#1395 = SURFACE_SIDE_STYLE ('',( #2870 ) ) ;
#1396 = EDGE_CURVE ( 'NONE', #4809, #1592, #3720, .T. ) ;
#1397 = ORIENTED_EDGE ( 'NONE', *, *, #2103, .T. ) ;
#1398 = SURFACE_STYLE_USAGE ( .BOTH. , #960 ) ;
#1399 = EDGE_LOOP ( 'NONE', ( #2009, #1368, #284, #4397 ) ) ;
#1400 = SURFACE_STYLE_USAGE ( .BOTH. , #2515 ) ;
#1401 = CIRCLE ( 'NONE', #3969, 9.686500000000004107 ) ;
#1402 = AXIS2_PLACEMENT_3D ( 'NONE', #944, #2807, #867 ) ;
#1403 = UNCERTAINTY_MEASURE_WITH_UNIT (LENGTH_MEASURE( 1.000000000000000082E-05 ), #2762, 'distance_accuracy_value', 'NONE');
#1404 = ORIENTED_EDGE ( 'NONE', *, *, #917, .T. ) ;
#1405 = VECTOR ( 'NONE', #38, 1000.000000000000000 ) ;
#1406 = FACE_OUTER_BOUND ( 'NONE', #3903, .T. ) ;
#1407 = PRESENTATION_STYLE_ASSIGNMENT (( #4945 ) ) ;
#1408 = VERTEX_POINT ( 'NONE', #602 ) ;
#1409 =( LENGTH_UNIT ( ) NAMED_UNIT ( * ) SI_UNIT ( .MILLI., .METRE. ) );
#1410 = SURFACE_SIDE_STYLE ('',( #2202 ) ) ;
#1411 = UNCERTAINTY_MEASURE_WITH_UNIT (LENGTH_MEASURE( 1.000000000000000082E-05 ), #1505, 'distance_accuracy_value', 'NONE');
#1412 = CIRCLE ( 'NONE', #2229, 9.686499999999998778 ) ;
#1413 = STYLED_ITEM ( 'NONE', ( #4639 ), #2753 ) ;
#1414 = CARTESIAN_POINT ( 'NONE',  ( 0.1333890309140927100, -0.07655367108544257337, 125.0658784724905672 ) ) ;
#1415 = EDGE_CURVE ( 'NONE', #2399, #4098, #4542, .T. ) ;
#1416 = CARTESIAN_POINT ( 'NONE',  ( -5.669834767917158125, -3.733325768440127312, 131.9053882223693677 ) ) ;
#1417 = SURFACE_SIDE_STYLE ('',( #120 ) ) ;
#1418 = CARTESIAN_POINT ( 'NONE',  ( -12.78411229909305646, -7.723764724370024481, 137.1295373778206965 ) ) ;
#1419 = CIRCLE ( 'NONE', #3155, 4.500000000000000000 ) ;
#1420 = CARTESIAN_POINT ( 'NONE',  ( -8.781859640298417702, 0.4493833940516701042, 131.6403500068463472 ) ) ;
#1421 = LINE ( 'NONE', #1821, #4029 ) ;
#1422 = ORIENTED_EDGE ( 'NONE', *, *, #4041, .T. ) ;
#1423 = COLOUR_RGB ( '',0.7764705882352941346, 0.7568627450980391913, 0.7372549019607843590 ) ;
#1424 = FACE_OUTER_BOUND ( 'NONE', #2452, .T. ) ;
#1425 = CARTESIAN_POINT ( 'NONE',  ( 4.823243629423576984, 1.506881171294878641, 128.3422921687881342 ) ) ;
#1426 = CIRCLE ( 'NONE', #8, 12.49999999999999467 ) ;
#1427 =( GEOMETRIC_REPRESENTATION_CONTEXT ( 3 ) GLOBAL_UNCERTAINTY_ASSIGNED_CONTEXT ( ( #253 ) ) GLOBAL_UNIT_ASSIGNED_CONTEXT ( ( #3063, #2342, #3090 ) ) REPRESENTATION_CONTEXT ( 'NONE', 'WORKASPACE' ) );
#1428 = PRESENTATION_LAYER_ASSIGNMENT (  '', '', ( #3663 ) ) ;
#1429 = LINE ( 'NONE', #601, #3392 ) ;
#1430 = ORIENTED_EDGE ( 'NONE', *, *, #3959, .F. ) ;
#1431 = DIRECTION ( 'NONE',  ( -0.2034861408258023807, 0.06140290946268647104, -0.9771504864663060896 ) ) ;
#1432 = DIRECTION ( 'NONE',  ( -0.4036298484864445091, 0.9040139324509701702, 0.1408607658127077611 ) ) ;
#1433 = SURFACE_STYLE_FILL_AREA ( #1784 ) ;
#1434 = ORIENTED_EDGE ( 'NONE', *, *, #1552, .F. ) ;
#1435 = ORIENTED_EDGE ( 'NONE', *, *, #3793, .F. ) ;
#1436 = UNCERTAINTY_MEASURE_WITH_UNIT (LENGTH_MEASURE( 1.000000000000000082E-05 ), #433, 'distance_accuracy_value', 'NONE');
#1437 = STYLED_ITEM ( 'NONE', ( #3967 ), #2306 ) ;
#1438 = LINE ( 'NONE', #2170, #2022 ) ;
#1439 = FILL_AREA_STYLE ('',( #2663 ) ) ;
#1440 =( NAMED_UNIT ( * ) PLANE_ANGLE_UNIT ( ) SI_UNIT ( $, .RADIAN. ) );
#1441 = SURFACE_STYLE_USAGE ( .BOTH. , #4606 ) ;
#1442 = CARTESIAN_POINT ( 'NONE',  ( -11.72428249521382604, 9.826883218324423908, 134.0182997095599831 ) ) ;
#1443 = UNCERTAINTY_MEASURE_WITH_UNIT (LENGTH_MEASURE( 1.000000000000000082E-05 ), #1264, 'distance_accuracy_value', 'NONE');
#1444 =( NAMED_UNIT ( * ) PLANE_ANGLE_UNIT ( ) SI_UNIT ( $, .RADIAN. ) );
#1445 = FACE_OUTER_BOUND ( 'NONE', #5029, .T. ) ;
#1446 = FILL_AREA_STYLE_COLOUR ( '', #4297 ) ;
#1447 =( NAMED_UNIT ( * ) PLANE_ANGLE_UNIT ( ) SI_UNIT ( $, .RADIAN. ) );
#1448 =( GEOMETRIC_REPRESENTATION_CONTEXT ( 3 ) GLOBAL_UNCERTAINTY_ASSIGNED_CONTEXT ( ( #1660 ) ) GLOBAL_UNIT_ASSIGNED_CONTEXT ( ( #4965, #1823, #1456 ) ) REPRESENTATION_CONTEXT ( 'NONE', 'WORKASPACE' ) );
#1449 = DIRECTION ( 'NONE',  ( -0.4036298484864446201, 0.9040139324509703922, 0.1408607658127077888 ) ) ;
#1450 = LINE ( 'NONE', #3013, #3474 ) ;
#1451 = UNCERTAINTY_MEASURE_WITH_UNIT (LENGTH_MEASURE( 1.000000000000000082E-05 ), #4789, 'distance_accuracy_value', 'NONE');
#1452 = ORIENTED_EDGE ( 'NONE', *, *, #2560, .T. ) ;
#1453 = FACE_BOUND ( 'NONE', #3250, .T. ) ;
#1454 = EDGE_CURVE ( 'NONE', #2590, #3270, #1602, .T. ) ;
#1455 = LINE ( 'NONE', #3019, #2139 ) ;
#1456 =( NAMED_UNIT ( * ) SI_UNIT ( $, .STERADIAN. ) SOLID_ANGLE_UNIT ( ) );
#1457 = PRESENTATION_STYLE_ASSIGNMENT (( #2276 ) ) ;
#1458 = LINE ( 'NONE', #1077, #4189 ) ;
#1459 = EDGE_CURVE ( 'NONE', #210, #4034, #1825, .T. ) ;
#1460 = DIRECTION ( 'NONE',  ( 0.9137903228885071449, 0.4059804243577964100, 0.01292829584984309457 ) ) ;
#1461 = EDGE_LOOP ( 'NONE', ( #1742, #3048, #779, #1184 ) ) ;
#1462 = VECTOR ( 'NONE', #3379, 1000.000000000000114 ) ;
#1463 = UNCERTAINTY_MEASURE_WITH_UNIT (LENGTH_MEASURE( 1.000000000000000082E-05 ), #487, 'distance_accuracy_value', 'NONE');
#1464 = ORIENTED_EDGE ( 'NONE', *, *, #1848, .T. ) ;
#1465 = COLOUR_RGB ( '',0.7764705882352941346, 0.7568627450980391913, 0.7372549019607843590 ) ;
#1466 = ORIENTED_EDGE ( 'NONE', *, *, #339, .F. ) ;
#1467 = DIRECTION ( 'NONE',  ( -0.4036298484864445091, 0.9040139324509700591, 0.1408607658127077611 ) ) ;
#1468 = MECHANICAL_DESIGN_GEOMETRIC_PRESENTATION_REPRESENTATION (  '', ( #2603 ), #3614 ) ;
#1469 = CARTESIAN_POINT ( 'NONE',  ( -5.669834767917158125, -3.733325768440127312, 131.9053882223693677 ) ) ;
#1470 = AXIS2_PLACEMENT_3D ( 'NONE', #4686, #24, #2367 ) ;
#1471 =( NAMED_UNIT ( * ) PLANE_ANGLE_UNIT ( ) SI_UNIT ( $, .RADIAN. ) );
#1472 = STYLED_ITEM ( 'NONE', ( #985 ), #4851 ) ;
#1473 = FILL_AREA_STYLE_COLOUR ( '', #2177 ) ;
#1474 = DIRECTION ( 'NONE',  ( -0.4036298484864445091, 0.9040139324509700591, 0.1408607658127077611 ) ) ;
#1475 = FACE_OUTER_BOUND ( 'NONE', #534, .T. ) ;
#1476 = MECHANICAL_DESIGN_GEOMETRIC_PRESENTATION_REPRESENTATION (  '', ( #4588 ), #224 ) ;
#1477 =( LENGTH_UNIT ( ) NAMED_UNIT ( * ) SI_UNIT ( .MILLI., .METRE. ) );
#1478 = LINE ( 'NONE', #4262, #4206 ) ;
#1479 = MECHANICAL_DESIGN_GEOMETRIC_PRESENTATION_REPRESENTATION (  '', ( #3624 ), #3018 ) ;
#1480 = AXIS2_PLACEMENT_3D ( 'NONE', #5118, #1930, #2749 ) ;
#1481 = EDGE_CURVE ( 'NONE', #3437, #626, #946, .T. ) ;
#1482 = CARTESIAN_POINT ( 'NONE',  ( 0.4459257303425857022, 3.740220438493208732, 136.9622511699642473 ) ) ;
#1483 = ORIENTED_EDGE ( 'NONE', *, *, #1934, .T. ) ;
#1484 = VERTEX_POINT ( 'NONE', #4093 ) ;
#1485 = CARTESIAN_POINT ( 'NONE',  ( -5.673871066401649621, -3.724285629114095997, 131.9067968300275311 ) ) ;
#1486 = EDGE_CURVE ( 'NONE', #4555, #2125, #541, .T. ) ;
#1487 = SURFACE_STYLE_FILL_AREA ( #2653 ) ;
#1488 = CARTESIAN_POINT ( 'NONE',  ( -8.832193550794137593, -6.504959544469238075, 140.6315451880636829 ) ) ;
#1489 = ORIENTED_EDGE ( 'NONE', *, *, #3525, .T. ) ;
#1490 = AXIS2_PLACEMENT_3D ( 'NONE', #2459, #502, #2486 ) ;
#1491 = DIRECTION ( 'NONE',  ( 0.6707575780832520929, 0.3970910963467113586, -0.6264207313348247874 ) ) ;
#1492 = EDGE_CURVE ( 'NONE', #2580, #5015, #3112, .T. ) ;
#1493 = SURFACE_STYLE_USAGE ( .BOTH. , #3879 ) ;
#1494 = ORIENTED_EDGE ( 'NONE', *, *, #3985, .T. ) ;
#1495 = EDGE_LOOP ( 'NONE', ( #2808, #1422 ) ) ;
#1496 = DIRECTION ( 'NONE',  ( 0.8431203278187544559, 0.4273054310210831486, -0.3264325067126162550 ) ) ;
#1497 = CARTESIAN_POINT ( 'NONE',  ( 4.791409909577093451, 9.265966792027148458, 114.0219771250532119 ) ) ;
#1498 = CIRCLE ( 'NONE', #2135, 9.686500000000000554 ) ;
#1499 = DIRECTION ( 'NONE',  ( 0.7292504199660254649, 0.2249069998420400174, 0.6462280297243599980 ) ) ;
#1500 = DIRECTION ( 'NONE',  ( 0.4036298484864153657, -0.9040139324509843810, -0.1408607658127000450 ) ) ;
#1501 = PRESENTATION_LAYER_ASSIGNMENT (  '', '', ( #243 ) ) ;
#1502 = UNCERTAINTY_MEASURE_WITH_UNIT (LENGTH_MEASURE( 1.000000000000000082E-05 ), #109, 'distance_accuracy_value', 'NONE');
#1503 =( LENGTH_UNIT ( ) NAMED_UNIT ( * ) SI_UNIT ( .MILLI., .METRE. ) );
#1504 = FILL_AREA_STYLE_COLOUR ( '', #47 ) ;
#1505 =( LENGTH_UNIT ( ) NAMED_UNIT ( * ) SI_UNIT ( .MILLI., .METRE. ) );
#1506 = CARTESIAN_POINT ( 'NONE',  ( -16.53484068108492266, -2.981354152499475330, 131.4422819217761571 ) ) ;
#1507 = DIRECTION ( 'NONE',  ( -0.7292504199660251318, -0.2249069998420399619, -0.6462280297243602201 ) ) ;
#1508 = SURFACE_STYLE_FILL_AREA ( #5041 ) ;
#1509 = CARTESIAN_POINT ( 'NONE',  ( 3.745771453257954686, 3.862296415674944416, 127.8863232659463449 ) ) ;
#1510 = ORIENTED_EDGE ( 'NONE', *, *, #2448, .F. ) ;
#1511 = CARTESIAN_POINT ( 'NONE',  ( -7.692020308833726894, 0.7957840331408267964, 132.6111006590910506 ) ) ;
#1512 = ORIENTED_EDGE ( 'NONE', *, *, #2595, .F. ) ;
#1513 = DIRECTION ( 'NONE',  ( -0.4036298484864446201, 0.9040139324509703922, 0.1408607658127077888 ) ) ;
#1514 = DIRECTION ( 'NONE',  ( -0.4036298484864154212, 0.9040139324509844920, 0.1408607658127000728 ) ) ;
#1515 = EDGE_CURVE ( 'NONE', #715, #1162, #365, .T. ) ;
#1516 = ORIENTED_EDGE ( 'NONE', *, *, #883, .T. ) ;
#1517 = MECHANICAL_DESIGN_GEOMETRIC_PRESENTATION_REPRESENTATION (  '', ( #1749 ), #3237 ) ;
#1518 = DIRECTION ( 'NONE',  ( -0.7292504199660251318, -0.2249069998420398786, -0.6462280297243602201 ) ) ;
#1519 = AXIS2_PLACEMENT_3D ( 'NONE', #2924, #2557, #4058 ) ;
#1520 = PRESENTATION_LAYER_ASSIGNMENT (  '', '', ( #1114 ) ) ;
#1521 = VERTEX_POINT ( 'NONE', #2626 ) ;
#1522 =( NAMED_UNIT ( * ) PLANE_ANGLE_UNIT ( ) SI_UNIT ( $, .RADIAN. ) );
#1523 = FACE_OUTER_BOUND ( 'NONE', #3743, .T. ) ;
#1524 = EDGE_CURVE ( 'NONE', #1198, #2478, #4792, .T. ) ;
#1525 = EDGE_CURVE ( 'NONE', #2068, #4528, #681, .T. ) ;
#1526 = SURFACE_SIDE_STYLE ('',( #4225 ) ) ;
#1527 = CIRCLE ( 'NONE', #3745, 9.686499999999998778 ) ;
#1528 = CARTESIAN_POINT ( 'NONE',  ( -27.84140170960693439, -1.149984521493498280, 87.36152500613822269 ) ) ;
#1529 = SURFACE_STYLE_USAGE ( .BOTH. , #695 ) ;
#1530 = VECTOR ( 'NONE', #1912, 1000.000000000000114 ) ;
#1531 = DIRECTION ( 'NONE',  ( -0.4036298484864445091, 0.9040139324509700591, 0.1408607658127077611 ) ) ;
#1532 = DIRECTION ( 'NONE',  ( 0.4036298484864153657, -0.9040139324509843810, -0.1408607658127000450 ) ) ;
#1533 = CARTESIAN_POINT ( 'NONE',  ( -4.506333067685155847, 3.562626012339881854, 123.9825430007262810 ) ) ;
#1534 = SURFACE_SIDE_STYLE ('',( #1588 ) ) ;
#1535 = ORIENTED_EDGE ( 'NONE', *, *, #3137, .T. ) ;
#1536 =( NAMED_UNIT ( * ) SI_UNIT ( $, .STERADIAN. ) SOLID_ANGLE_UNIT ( ) );
#1537 = DIRECTION ( 'NONE',  ( 1.000000000000000000, 0.000000000000000000, 0.000000000000000000 ) ) ;
#1538 = CARTESIAN_POINT ( 'NONE',  ( -51.73597674841481364, -14.47670786206699312, 68.92473663728645761 ) ) ;
#1539 = CARTESIAN_POINT ( 'NONE',  ( -8.568954400559183782, -3.587786198995089215, 122.6640568334754562 ) ) ;
#1540 = CIRCLE ( 'NONE', #4402, 4.500000000000000000 ) ;
#1541 = PRESENTATION_LAYER_ASSIGNMENT (  '', '', ( #4658 ) ) ;
#1542 = DIRECTION ( 'NONE',  ( 0.4036298484864446201, -0.9040139324509703922, -0.1408607658127077888 ) ) ;
#1543 = ORIENTED_EDGE ( 'NONE', *, *, #3960, .F. ) ;
#1544 = CARTESIAN_POINT ( 'NONE',  ( -3.616985899525659409, -1.387716639163125487, 122.7341172315962439 ) ) ;
#1545 = AXIS2_PLACEMENT_3D ( 'NONE', #4469, #2528, #3775 ) ;
#1546 = ORIENTED_EDGE ( 'NONE', *, *, #16, .F. ) ;
#1547 = CYLINDRICAL_SURFACE ( 'NONE', #450, 12.49999999999999467 ) ;
#1548 = AXIS2_PLACEMENT_3D ( 'NONE', #3156, #5069, #729 ) ;
#1549 = FILL_AREA_STYLE_COLOUR ( '', #984 ) ;
#1550 = FACE_OUTER_BOUND ( 'NONE', #1222, .T. ) ;
#1551 = CIRCLE ( 'NONE', #3359, 4.499999999999998224 ) ;
#1552 = EDGE_CURVE ( 'NONE', #1822, #833, #1990, .T. ) ;
#1553 = DIRECTION ( 'NONE',  ( -0.4036298484864445091, 0.9040139324509701702, 0.1408607658127077611 ) ) ;
#1554 = SURFACE_STYLE_USAGE ( .BOTH. , #3571 ) ;
#1555 = AXIS2_PLACEMENT_3D ( 'NONE', #2089, #2063, #3685 ) ;
#1556 = FILL_AREA_STYLE_COLOUR ( '', #4025 ) ;
#1557 = AXIS2_PLACEMENT_3D ( 'NONE', #2915, #3668, #104 ) ;
#1558 = MECHANICAL_DESIGN_GEOMETRIC_PRESENTATION_REPRESENTATION (  '', ( #970 ), #4676 ) ;
#1559 = ORIENTED_EDGE ( 'NONE', *, *, #3248, .F. ) ;
#1560 = CIRCLE ( 'NONE', #387, 9.686499999999988120 ) ;
#1561 = CIRCLE ( 'NONE', #4929, 4.500000000000003553 ) ;
#1562 = EDGE_CURVE ( 'NONE', #3578, #3906, #2337, .T. ) ;
#1563 = MECHANICAL_DESIGN_GEOMETRIC_PRESENTATION_REPRESENTATION (  '', ( #2197 ), #2853 ) ;
#1564 = CYLINDRICAL_SURFACE ( 'NONE', #1402, 12.49999999999999467 ) ;
#1565 = VECTOR ( 'NONE', #3844, 1000.000000000000341 ) ;
#1566 = AXIS2_PLACEMENT_3D ( 'NONE', #4649, #1129, #1104 ) ;
#1567 = SURFACE_STYLE_FILL_AREA ( #5095 ) ;
#1568 = FACE_OUTER_BOUND ( 'NONE', #1325, .T. ) ;
#1569 = ORIENTED_EDGE ( 'NONE', *, *, #3579, .F. ) ;
#1570 = EDGE_CURVE ( 'NONE', #5078, #2431, #4623, .T. ) ;
#1571 =( NAMED_UNIT ( * ) PLANE_ANGLE_UNIT ( ) SI_UNIT ( $, .RADIAN. ) );
#1572 = ORIENTED_EDGE ( 'NONE', *, *, #5021, .F. ) ;
#1573 =( GEOMETRIC_REPRESENTATION_CONTEXT ( 3 ) GLOBAL_UNCERTAINTY_ASSIGNED_CONTEXT ( ( #1411 ) ) GLOBAL_UNIT_ASSIGNED_CONTEXT ( ( #1505, #2234, #3891 ) ) REPRESENTATION_CONTEXT ( 'NONE', 'WORKASPACE' ) );
#1574 = FILL_AREA_STYLE ('',( #2687 ) ) ;
#1575 = STYLED_ITEM ( 'NONE', ( #2410 ), #205 ) ;
#1576 = ADVANCED_FACE ( 'NONE', ( #1078 ), #3026, .T. ) ;
#1577 = LINE ( 'NONE', #2292, #5013 ) ;
#1578 = PRESENTATION_STYLE_ASSIGNMENT (( #1640 ) ) ;
#1579 = FILL_AREA_STYLE ('',( #3551 ) ) ;
#1580 = STYLED_ITEM ( 'NONE', ( #4811 ), #344 ) ;
#1581 = PRESENTATION_LAYER_ASSIGNMENT (  '', '', ( #749 ) ) ;
#1582 = CARTESIAN_POINT ( 'NONE',  ( -51.57485044646490024, -9.287484327049781996, 71.57916641003303937 ) ) ;
#1583 = DIRECTION ( 'NONE',  ( -0.4962987577851450949, -0.08699870934530037903, -0.8637816666225175410 ) ) ;
#1584 = EDGE_CURVE ( 'NONE', #4037, #2332, #506, .T. ) ;
#1585 = CIRCLE ( 'NONE', #1174, 1.499999999999974909 ) ;
#1586 = VECTOR ( 'NONE', #1707, 1000.000000000000341 ) ;
#1587 = SURFACE_SIDE_STYLE ('',( #777 ) ) ;
#1588 = SURFACE_STYLE_FILL_AREA ( #3181 ) ;
#1589 = EDGE_CURVE ( 'NONE', #2085, #4122, #3079, .T. ) ;
#1590 = APPLICATION_PROTOCOL_DEFINITION ( 'draft international standard', 'automotive_design', 1998, #255 ) ;
#1591 = DIRECTION ( 'NONE',  ( 0.3890738970270879449, 0.3089430624548446525, -0.8678569506624793650 ) ) ;
#1592 = VERTEX_POINT ( 'NONE', #738 ) ;
#1593 = ORIENTED_EDGE ( 'NONE', *, *, #2414, .F. ) ;
#1594 = ORIENTED_EDGE ( 'NONE', *, *, #4688, .F. ) ;
#1595 = PRESENTATION_LAYER_ASSIGNMENT (  '', '', ( #2976 ) ) ;
#1596 = CARTESIAN_POINT ( 'NONE',  ( 0.8883131326864684985, 5.798318756953614539, 125.0214613811442348 ) ) ;
#1597 =( GEOMETRIC_REPRESENTATION_CONTEXT ( 3 ) GLOBAL_UNCERTAINTY_ASSIGNED_CONTEXT ( ( #905 ) ) GLOBAL_UNIT_ASSIGNED_CONTEXT ( ( #4967, #4886, #3744 ) ) REPRESENTATION_CONTEXT ( 'NONE', 'WORKASPACE' ) );
#1598 = PRESENTATION_STYLE_ASSIGNMENT (( #1280 ) ) ;
#1599 = SURFACE_STYLE_USAGE ( .BOTH. , #1231 ) ;
#1600 =( LENGTH_UNIT ( ) NAMED_UNIT ( * ) SI_UNIT ( .MILLI., .METRE. ) );
#1601 = SURFACE_SIDE_STYLE ('',( #793 ) ) ;
#1602 = CIRCLE ( 'NONE', #4234, 9.686500000000002331 ) ;
#1603 = LINE ( 'NONE', #4348, #3360 ) ;
#1604 = ORIENTED_EDGE ( 'NONE', *, *, #2781, .F. ) ;
#1605 = SURFACE_SIDE_STYLE ('',( #3647 ) ) ;
#1606 = FILL_AREA_STYLE_COLOUR ( '', #1960 ) ;
#1607 =( GEOMETRIC_REPRESENTATION_CONTEXT ( 3 ) GLOBAL_UNCERTAINTY_ASSIGNED_CONTEXT ( ( #4949 ) ) GLOBAL_UNIT_ASSIGNED_CONTEXT ( ( #613, #3781, #4208 ) ) REPRESENTATION_CONTEXT ( 'NONE', 'WORKASPACE' ) );
#1608 =( NAMED_UNIT ( * ) PLANE_ANGLE_UNIT ( ) SI_UNIT ( $, .RADIAN. ) );
#1609 = ORIENTED_EDGE ( 'NONE', *, *, #248, .F. ) ;
#1610 = CARTESIAN_POINT ( 'NONE',  ( -5.669834767917158125, -3.733325768440127312, 131.9053882223693677 ) ) ;
#1611 = EDGE_CURVE ( 'NONE', #4473, #2547, #2899, .T. ) ;
#1612 = SURFACE_STYLE_USAGE ( .BOTH. , #389 ) ;
#1613 = ORIENTED_EDGE ( 'NONE', *, *, #785, .T. ) ;
#1614 = MECHANICAL_DESIGN_GEOMETRIC_PRESENTATION_REPRESENTATION (  '', ( #4255 ), #528 ) ;
#1615 = ORIENTED_EDGE ( 'NONE', *, *, #1770, .F. ) ;
#1616 = DIRECTION ( 'NONE',  ( 0.2034861408257958582, -0.06140290946268923272, 0.9771504864663074219 ) ) ;
#1617 = PRESENTATION_LAYER_ASSIGNMENT (  '', '', ( #3444 ) ) ;
#1618 = DIRECTION ( 'NONE',  ( 0.7292504199660264641, 0.2249069998420402949, 0.6462280297243586658 ) ) ;
#1619 = SURFACE_SIDE_STYLE ('',( #398 ) ) ;
#1620 = ORIENTED_EDGE ( 'NONE', *, *, #955, .T. ) ;
#1621 = DIRECTION ( 'NONE',  ( -0.008861879339743418751, -0.1578149520867549449, 0.9874289381988069492 ) ) ;
#1622 = VECTOR ( 'NONE', #2257, 1000.000000000000341 ) ;
#1623 = MECHANICAL_DESIGN_GEOMETRIC_PRESENTATION_REPRESENTATION (  '', ( #2188 ), #3780 ) ;
#1624 =( LENGTH_UNIT ( ) NAMED_UNIT ( * ) SI_UNIT ( .MILLI., .METRE. ) );
#1625 = AXIS2_PLACEMENT_3D ( 'NONE', #116, #3251, #3679 ) ;
#1626 = CIRCLE ( 'NONE', #2437, 9.686499999999995225 ) ;
#1627 = VERTEX_POINT ( 'NONE', #2307 ) ;
#1628 = AXIS2_PLACEMENT_3D ( 'NONE', #2585, #697, #4172 ) ;
#1629 =( NAMED_UNIT ( * ) PLANE_ANGLE_UNIT ( ) SI_UNIT ( $, .RADIAN. ) );
#1630 = ORIENTED_EDGE ( 'NONE', *, *, #5014, .T. ) ;
#1631 = CIRCLE ( 'NONE', #4845, 4.499999999999999112 ) ;
#1632 = DIRECTION ( 'NONE',  ( -0.008861879339744575812, -0.1578149520867547229, 0.9874289381988069492 ) ) ;
#1633 = PRESENTATION_LAYER_ASSIGNMENT (  '', '', ( #1391 ) ) ;
#1634 = ORIENTED_EDGE ( 'NONE', *, *, #4526, .T. ) ;
#1635 = EDGE_CURVE ( 'NONE', #851, #4514, #3901, .T. ) ;
#1636 = AXIS2_PLACEMENT_3D ( 'NONE', #3343, #125, #199 ) ;
#1637 = ORIENTED_EDGE ( 'NONE', *, *, #1790, .T. ) ;
#1638 = SURFACE_SIDE_STYLE ('',( #4804 ) ) ;
#1639 = EDGE_CURVE ( 'NONE', #3270, #4485, #2648, .T. ) ;
#1640 = SURFACE_STYLE_USAGE ( .BOTH. , #822 ) ;
#1641 = DIRECTION ( 'NONE',  ( -0.4036298484864446201, 0.9040139324509703922, 0.1408607658127077888 ) ) ;
#1642 = DIRECTION ( 'NONE',  ( -0.1138699078527351943, -0.2023984311790466284, 0.9726605364369782514 ) ) ;
#1643 =( NAMED_UNIT ( * ) SI_UNIT ( $, .STERADIAN. ) SOLID_ANGLE_UNIT ( ) );
#1645 = ORIENTED_EDGE ( 'NONE', *, *, #3307, .T. ) ;
#1644 = SURFACE_SIDE_STYLE ('',( #3591 ) ) ;
#1646 = EDGE_LOOP ( 'NONE', ( #762, #4161, #686, #4117 ) ) ;
#1647 = SURFACE_SIDE_STYLE ('',( #900 ) ) ;
#1648 =( NAMED_UNIT ( * ) PLANE_ANGLE_UNIT ( ) SI_UNIT ( $, .RADIAN. ) );
#1649 = FACE_OUTER_BOUND ( 'NONE', #592, .T. ) ;
#1650 = FILL_AREA_STYLE ('',( #58 ) ) ;
#1651 = COLOUR_RGB ( '',0.7921568627450980005, 0.8196078431372548767, 0.9333333333333333481 ) ;
#1652 = VERTEX_POINT ( 'NONE', #3970 ) ;
#1653 = DIRECTION ( 'NONE',  ( -0.4036298484864446201, 0.9040139324509703922, 0.1408607658127077888 ) ) ;
#1654 = LINE ( 'NONE', #2830, #75 ) ;
#1655 = ORIENTED_EDGE ( 'NONE', *, *, #2627, .T. ) ;
#1656 = COLOUR_RGB ( '',0.7764705882352941346, 0.7568627450980391913, 0.7372549019607843590 ) ;
#1657 = EDGE_CURVE ( 'NONE', #4315, #1799, #3751, .T. ) ;
#1658 = VERTEX_POINT ( 'NONE', #2356 ) ;
#1659 = LINE ( 'NONE', #3266, #2420 ) ;
#1660 = UNCERTAINTY_MEASURE_WITH_UNIT (LENGTH_MEASURE( 1.000000000000000082E-05 ), #4965, 'distance_accuracy_value', 'NONE');
#1661 = SURFACE_STYLE_USAGE ( .BOTH. , #1716 ) ;
#1662 = DIRECTION ( 'NONE',  ( 0.7292504199660253539, 0.2249069998420399341, 0.6462280297243599980 ) ) ;
#1663 = DIRECTION ( 'NONE',  ( -0.4036298484864446201, 0.9040139324509703922, 0.1408607658127077888 ) ) ;
#1664 = CARTESIAN_POINT ( 'NONE',  ( -0.2369191015727176164, -0.2553466070233772478, 142.9002546751799514 ) ) ;
#1665 = VERTEX_POINT ( 'NONE', #783 ) ;
#1666 = COLOUR_RGB ( '',0.7764705882352941346, 0.7568627450980391913, 0.7372549019607843590 ) ;
#1667 = EDGE_CURVE ( 'NONE', #4473, #1294, #3834, .T. ) ;
#1668 = ORIENTED_EDGE ( 'NONE', *, *, #1525, .F. ) ;
#1669 =( GEOMETRIC_REPRESENTATION_CONTEXT ( 3 ) GLOBAL_UNCERTAINTY_ASSIGNED_CONTEXT ( ( #4815 ) ) GLOBAL_UNIT_ASSIGNED_CONTEXT ( ( #3264, #4828, #2756 ) ) REPRESENTATION_CONTEXT ( 'NONE', 'WORKASPACE' ) );
#1670 = ADVANCED_FACE ( 'NONE', ( #3141 ), #4738, .F. ) ;
#1671 = FACE_OUTER_BOUND ( 'NONE', #4651, .T. ) ;
#1672 = DIRECTION ( 'NONE',  ( 0.4036298484864445091, -0.9040139324509700591, -0.1408607658127077611 ) ) ;
#1673 = DIRECTION ( 'NONE',  ( 0.4036298484864153657, -0.9040139324509843810, -0.1408607658127000450 ) ) ;
#1674 = VECTOR ( 'NONE', #2708, 1000.000000000000341 ) ;
#1675 =( NAMED_UNIT ( * ) SI_UNIT ( $, .STERADIAN. ) SOLID_ANGLE_UNIT ( ) );
#1676 = UNCERTAINTY_MEASURE_WITH_UNIT (LENGTH_MEASURE( 1.000000000000000082E-05 ), #4424, 'distance_accuracy_value', 'NONE');
#1678 = ORIENTED_EDGE ( 'NONE', *, *, #1790, .F. ) ;
#1677 = VECTOR ( 'NONE', #4613, 1000.000000000000341 ) ;
#1679 =( NAMED_UNIT ( * ) SI_UNIT ( $, .STERADIAN. ) SOLID_ANGLE_UNIT ( ) );
#1680 = ADVANCED_FACE ( 'NONE', ( #2731 ), #864, .T. ) ;
#1681 = AXIS2_PLACEMENT_3D ( 'NONE', #2649, #2748, #361 ) ;
#1682 = VERTEX_POINT ( 'NONE', #2380 ) ;
#1683 = ORIENTED_EDGE ( 'NONE', *, *, #4200, .T. ) ;
#1684 = SURFACE_SIDE_STYLE ('',( #1374 ) ) ;
#1685 = ORIENTED_EDGE ( 'NONE', *, *, #2990, .T. ) ;
#1686 = CARTESIAN_POINT ( 'NONE',  ( 3.716606218511837145, 5.901768294058322262, 132.4618844174084415 ) ) ;
#1687 = DIRECTION ( 'NONE',  ( -0.2034861408258022697, 0.06140290946268645716, -0.9771504864663060896 ) ) ;
#1688 = CARTESIAN_POINT ( 'NONE',  ( -1.097798904593684233, -0.3060952438398136244, 123.0111159674682426 ) ) ;
#1689 = EDGE_LOOP ( 'NONE', ( #1270, #229, #1637, #1604 ) ) ;
#1690 = ORIENTED_EDGE ( 'NONE', *, *, #4042, .T. ) ;
#1691 = CARTESIAN_POINT ( 'NONE',  ( -20.14211464592031220, 0.7050889548713143995, 97.51800679410098383 ) ) ;
#1692 =( LENGTH_UNIT ( ) NAMED_UNIT ( * ) SI_UNIT ( .MILLI., .METRE. ) );
#1693 =( GEOMETRIC_REPRESENTATION_CONTEXT ( 3 ) GLOBAL_UNCERTAINTY_ASSIGNED_CONTEXT ( ( #2121 ) ) GLOBAL_UNIT_ASSIGNED_CONTEXT ( ( #1600, #4347, #22 ) ) REPRESENTATION_CONTEXT ( 'NONE', 'WORKASPACE' ) );
#1694 = EDGE_CURVE ( 'NONE', #3623, #1148, #3628, .T. ) ;
#1695 = DIRECTION ( 'NONE',  ( -0.4036298484864445091, 0.9040139324509700591, 0.1408607658127077611 ) ) ;
#1696 = FILL_AREA_STYLE_COLOUR ( '', #3224 ) ;
#1697 = PRESENTATION_LAYER_ASSIGNMENT (  '', '', ( #2084 ) ) ;
#1698 = ORIENTED_EDGE ( 'NONE', *, *, #754, .F. ) ;
#1699 = DIRECTION ( 'NONE',  ( 0.2034861408257958026, -0.06140290946268923272, 0.9771504864663074219 ) ) ;
#1700 = EDGE_CURVE ( 'NONE', #4068, #857, #1654, .T. ) ;
#1702 = DIRECTION ( 'NONE',  ( -0.7517859493008343108, -0.2399598887612550413, -0.6141963352377882712 ) ) ;
#1701 = CYLINDRICAL_SURFACE ( 'NONE', #2189, 4.500000000000003553 ) ;
#1703 = CIRCLE ( 'NONE', #303, 3.000000000000004885 ) ;
#1704 = EDGE_LOOP ( 'NONE', ( #4407, #1404, #446, #1535 ) ) ;
#1705 = CARTESIAN_POINT ( 'NONE',  ( -5.669834767917158125, -3.733325768440127312, 131.9053882223693677 ) ) ;
#1706 = CIRCLE ( 'NONE', #4412, 3.000000000000005773 ) ;
#1707 = DIRECTION ( 'NONE',  ( -0.4036298484864445091, 0.9040139324509700591, 0.1408607658127077611 ) ) ;
#1708 = ORIENTED_EDGE ( 'NONE', *, *, #3099, .T. ) ;
#1709 = PRESENTATION_LAYER_ASSIGNMENT (  '', '', ( #4582 ) ) ;
#1710 = COLOUR_RGB ( '',0.7921568627450980005, 0.8196078431372548767, 0.9333333333333333481 ) ;
#1711 = VECTOR ( 'NONE', #1038, 1000.000000000000114 ) ;
#1712 = CIRCLE ( 'NONE', #137, 4.500000000000000000 ) ;
#1713 = CARTESIAN_POINT ( 'NONE',  ( -11.72428249521382604, 9.826883218324423908, 134.0182997095599831 ) ) ;
#1714 = AXIS2_PLACEMENT_3D ( 'NONE', #5052, #1432, #1783 ) ;
#1715 = AXIS2_PLACEMENT_3D ( 'NONE', #4213, #2994, #3396 ) ;
#1716 = SURFACE_SIDE_STYLE ('',( #4860 ) ) ;
#1717 = UNCERTAINTY_MEASURE_WITH_UNIT (LENGTH_MEASURE( 1.000000000000000082E-05 ), #2504, 'distance_accuracy_value', 'NONE');
#1718 = CARTESIAN_POINT ( 'NONE',  ( -39.23809557349280652, -10.98496014472492632, 82.32754109501733808 ) ) ;
#1719 = PRESENTATION_LAYER_ASSIGNMENT (  '', '', ( #990 ) ) ;
#1720 = DIRECTION ( 'NONE',  ( 0.7517859493008340888, 0.2399598887612549858, 0.6141963352377882712 ) ) ;
#1721 = ORIENTED_EDGE ( 'NONE', *, *, #642, .F. ) ;
#1722 = ORIENTED_EDGE ( 'NONE', *, *, #962, .F. ) ;
#1723 =( LENGTH_UNIT ( ) NAMED_UNIT ( * ) SI_UNIT ( .MILLI., .METRE. ) );
#1724 = FILL_AREA_STYLE ('',( #2479 ) ) ;
#1725 = SURFACE_SIDE_STYLE ('',( #2101 ) ) ;
#1726 = FACE_OUTER_BOUND ( 'NONE', #3843, .T. ) ;
#1727 = CYLINDRICAL_SURFACE ( 'NONE', #758, 1.500000000000016875 ) ;
#1728 = EDGE_CURVE ( 'NONE', #2831, #708, #1412, .T. ) ;
#1729 = CARTESIAN_POINT ( 'NONE',  ( -18.69692173025404713, -3.490770121295159623, 128.5162626664551908 ) ) ;
#1730 = MECHANICAL_DESIGN_GEOMETRIC_PRESENTATION_REPRESENTATION (  '', ( #3386 ), #478 ) ;
#1731 = ORIENTED_EDGE ( 'NONE', *, *, #3402, .F. ) ;
#1732 = EDGE_CURVE ( 'NONE', #472, #2978, #3739, .T. ) ;
#1733 = ORIENTED_EDGE ( 'NONE', *, *, #2258, .T. ) ;
#1734 = PRESENTATION_LAYER_ASSIGNMENT (  '', '', ( #3305 ) ) ;
#1735 = STYLED_ITEM ( 'NONE', ( #616 ), #2193 ) ;
#1736 = ORIENTED_EDGE ( 'NONE', *, *, #263, .T. ) ;
#1737 = DIRECTION ( 'NONE',  ( -0.4036298484864445091, 0.9040139324509701702, 0.1408607658127077611 ) ) ;
#1738 = CIRCLE ( 'NONE', #169, 1.500000000000003109 ) ;
#1739 = LINE ( 'NONE', #4074, #1752 ) ;
#1740 = DIRECTION ( 'NONE',  ( -0.4036298484864446201, 0.9040139324509703922, 0.1408607658127077888 ) ) ;
#1741 = DIRECTION ( 'NONE',  ( -0.008861879339743335485, -0.1578149520867546396, 0.9874289381988069492 ) ) ;
#1742 = ORIENTED_EDGE ( 'NONE', *, *, #4714, .T. ) ;
#1743 =( LENGTH_UNIT ( ) NAMED_UNIT ( * ) SI_UNIT ( .MILLI., .METRE. ) );
#1744 = CARTESIAN_POINT ( 'NONE',  ( 3.172217054769047362, 0.7806358153659601617, 128.2722394044118346 ) ) ;
#1745 = CARTESIAN_POINT ( 'NONE',  ( -5.539673394052863742, 0.9382241053044333423, 120.0453848583786396 ) ) ;
#1746 = FILL_AREA_STYLE ('',( #3730 ) ) ;
#1747 = VERTEX_POINT ( 'NONE', #2618 ) ;
#1748 = FACE_OUTER_BOUND ( 'NONE', #3001, .T. ) ;
#1749 = STYLED_ITEM ( 'NONE', ( #969 ), #1351 ) ;
#1750 = SURFACE_STYLE_USAGE ( .BOTH. , #1016 ) ;
#1751 = DIRECTION ( 'NONE',  ( 0.7292504199660252429, 0.2249069998420399341, 0.6462280297243599980 ) ) ;
#1752 = VECTOR ( 'NONE', #3293, 1000.000000000000114 ) ;
#1753 = CIRCLE ( 'NONE', #513, 9.686500000000002331 ) ;
#1754 = ORIENTED_EDGE ( 'NONE', *, *, #2858, .T. ) ;
#1755 = CARTESIAN_POINT ( 'NONE',  ( -7.687984010349380171, 0.7867438938147223171, 132.6096920514328872 ) ) ;
#1756 = CIRCLE ( 'NONE', #608, 4.499999999999999112 ) ;
#1757 = UNCERTAINTY_MEASURE_WITH_UNIT (LENGTH_MEASURE( 1.000000000000000082E-05 ), #3447, 'distance_accuracy_value', 'NONE');
#1758 = FACE_OUTER_BOUND ( 'NONE', #1689, .T. ) ;
#1759 = EDGE_CURVE ( 'NONE', #4299, #3864, #2236, .T. ) ;
#1760 =( LENGTH_UNIT ( ) NAMED_UNIT ( * ) SI_UNIT ( .MILLI., .METRE. ) );
#1761 = CARTESIAN_POINT ( 'NONE',  ( -5.669834767917158125, -3.733325768440127312, 131.9053882223693677 ) ) ;
#1762 = ORIENTED_EDGE ( 'NONE', *, *, #1694, .F. ) ;
#1763 = ORIENTED_EDGE ( 'NONE', *, *, #3186, .T. ) ;
#1764 = CYLINDRICAL_SURFACE ( 'NONE', #3865, 12.49999999999999467 ) ;
#1765 = SURFACE_STYLE_FILL_AREA ( #3754 ) ;
#1766 = FACE_BOUND ( 'NONE', #2126, .T. ) ;
#1767 = CYLINDRICAL_SURFACE ( 'NONE', #1135, 3.000000000000005773 ) ;
#1768 =( NAMED_UNIT ( * ) PLANE_ANGLE_UNIT ( ) SI_UNIT ( $, .RADIAN. ) );
#1769 =( LENGTH_UNIT ( ) NAMED_UNIT ( * ) SI_UNIT ( .MILLI., .METRE. ) );
#1770 = EDGE_CURVE ( 'NONE', #4597, #1521, #4231, .T. ) ;
#1771 = ORIENTED_EDGE ( 'NONE', *, *, #2606, .T. ) ;
#1772 = MECHANICAL_DESIGN_GEOMETRIC_PRESENTATION_REPRESENTATION (  '', ( #2084 ), #798 ) ;
#1773 = ADVANCED_FACE ( 'NONE', ( #3389 ), #249, .T. ) ;
#1774 = DIRECTION ( 'NONE',  ( 0.7292504199660264641, 0.2249069998420402949, 0.6462280297243586658 ) ) ;
#1775 = PRESENTATION_LAYER_ASSIGNMENT (  '', '', ( #4915 ) ) ;
#1776 = STYLED_ITEM ( 'NONE', ( #3291 ), #3700 ) ;
#1777 = CIRCLE ( 'NONE', #3947, 9.686500000000005883 ) ;
#1778 = CIRCLE ( 'NONE', #2372, 12.49999999999999467 ) ;
#1779 = EDGE_CURVE ( 'NONE', #4555, #862, #2463, .T. ) ;
#1780 = ORIENTED_EDGE ( 'NONE', *, *, #2880, .F. ) ;
#1781 = STYLED_ITEM ( 'NONE', ( #2366 ), #3831 ) ;
#1782 = VECTOR ( 'NONE', #2124, 1000.000000000000341 ) ;
#1783 = DIRECTION ( 'NONE',  ( 0.7292504199660254649, 0.2249069998420400174, 0.6462280297243599980 ) ) ;
#1784 = FILL_AREA_STYLE ('',( #1330 ) ) ;
#1785 = COLOUR_RGB ( '',0.7764705882352941346, 0.7568627450980391913, 0.7372549019607843590 ) ;
#1786 = ORIENTED_EDGE ( 'NONE', *, *, #3183, .F. ) ;
#1787 = ORIENTED_EDGE ( 'NONE', *, *, #858, .F. ) ;
#1788 = CARTESIAN_POINT ( 'NONE',  ( -12.56571008629773445, -2.584596874993139171, 140.2693351239648791 ) ) ;
#1789 = VECTOR ( 'NONE', #3182, 1000.000000000000341 ) ;
#1790 = EDGE_CURVE ( 'NONE', #1961, #2034, #1738, .T. ) ;
#1791 = ADVANCED_FACE ( 'NONE', ( #3446 ), #4982, .T. ) ;
#1792 = SURFACE_STYLE_FILL_AREA ( #3383 ) ;
#1793 = PRESENTATION_STYLE_ASSIGNMENT (( #986 ) ) ;
#1794 =( NAMED_UNIT ( * ) PLANE_ANGLE_UNIT ( ) SI_UNIT ( $, .RADIAN. ) );
#1795 = DIRECTION ( 'NONE',  ( -0.4036298484864445091, 0.9040139324509700591, 0.1408607658127077611 ) ) ;
#1796 = DIRECTION ( 'NONE',  ( -0.4036298484864446201, 0.9040139324509703922, 0.1408607658127077888 ) ) ;
#1797 = SURFACE_SIDE_STYLE ('',( #4110 ) ) ;
#1798 = DIRECTION ( 'NONE',  ( -0.4036298484864446201, 0.9040139324509703922, 0.1408607658127077888 ) ) ;
#1799 = VERTEX_POINT ( 'NONE', #5038 ) ;
#1800 = VECTOR ( 'NONE', #907, 1000.000000000000341 ) ;
#1801 = LINE ( 'NONE', #597, #3735 ) ;
#1802 = CARTESIAN_POINT ( 'NONE',  ( -9.664278346840868394, 1.518519663442492229, 122.2503356589194539 ) ) ;
#1803 = AXIS2_PLACEMENT_3D ( 'NONE', #258, #200, #2995 ) ;
#1804 = DIRECTION ( 'NONE',  ( -0.4036298484864445091, 0.9040139324509701702, 0.1408607658127077611 ) ) ;
#1805 = ORIENTED_EDGE ( 'NONE', *, *, #4905, .F. ) ;
#1806 =( NAMED_UNIT ( * ) PLANE_ANGLE_UNIT ( ) SI_UNIT ( $, .RADIAN. ) );
#1807 = EDGE_LOOP ( 'NONE', ( #27, #1786, #2552, #3669 ) ) ;
#1808 = VERTEX_POINT ( 'NONE', #1506 ) ;
#1809 = FACE_OUTER_BOUND ( 'NONE', #81, .T. ) ;
#1810 =( LENGTH_UNIT ( ) NAMED_UNIT ( * ) SI_UNIT ( .MILLI., .METRE. ) );
#1811 = UNCERTAINTY_MEASURE_WITH_UNIT (LENGTH_MEASURE( 1.000000000000000082E-05 ), #3896, 'distance_accuracy_value', 'NONE');
#1812 = DIRECTION ( 'NONE',  ( 0.7292504199660253539, 0.2249069998420399341, 0.6462280297243599980 ) ) ;
#1813 = CARTESIAN_POINT ( 'NONE',  ( -9.923346654599113137, -7.049197602145972574, 140.9976998404818289 ) ) ;
#1814 = DIRECTION ( 'NONE',  ( -0.4036298484864153657, 0.9040139324509843810, 0.1408607658127000450 ) ) ;
#1815 = ADVANCED_FACE ( 'NONE', ( #3071 ), #308, .T. ) ;
#1816 = DIRECTION ( 'NONE',  ( -0.2034861408258022419, 0.06140290946268641553, -0.9771504864663062007 ) ) ;
#1817 = ADVANCED_FACE ( 'NONE', ( #2501 ), #954, .T. ) ;
#1818 = DIRECTION ( 'NONE',  ( 0.7292504199660264641, 0.2249069998420402394, 0.6462280297243586658 ) ) ;
#1819 = DIRECTION ( 'NONE',  ( 0.4036298484864154212, -0.9040139324509844920, -0.1408607658127000728 ) ) ;
#1820 = EDGE_CURVE ( 'NONE', #1747, #4756, #1182, .T. ) ;
#1821 = CARTESIAN_POINT ( 'NONE',  ( 1.444442763258702467, 0.2571131874897594205, 126.6812390669179678 ) ) ;
#1822 = VERTEX_POINT ( 'NONE', #4896 ) ;
#1823 =( NAMED_UNIT ( * ) PLANE_ANGLE_UNIT ( ) SI_UNIT ( $, .RADIAN. ) );
#1824 = CARTESIAN_POINT ( 'NONE',  ( -18.12396540348823848, -3.814980707383608394, 96.81370296503747852 ) ) ;
#1825 = CIRCLE ( 'NONE', #2153, 12.49999999999999467 ) ;
#1826 = DIRECTION ( 'NONE',  ( 0.4036298484864446201, -0.9040139324509703922, -0.1408607658127077888 ) ) ;
#1827 = CIRCLE ( 'NONE', #2409, 9.686499999999998778 ) ;
#1828 = CARTESIAN_POINT ( 'NONE',  ( -0.7199801015734184073, 4.952911236367390835, 125.8386159811393270 ) ) ;
#1829 =( GEOMETRIC_REPRESENTATION_CONTEXT ( 3 ) GLOBAL_UNCERTAINTY_ASSIGNED_CONTEXT ( ( #4166 ) ) GLOBAL_UNIT_ASSIGNED_CONTEXT ( ( #170, #1447, #645 ) ) REPRESENTATION_CONTEXT ( 'NONE', 'WORKASPACE' ) );
#1830 = VERTEX_POINT ( 'NONE', #4918 ) ;
#1831 = FILL_AREA_STYLE_COLOUR ( '', #1069 ) ;
#1832 = DIRECTION ( 'NONE',  ( 0.4036298484864154212, -0.9040139324509844920, -0.1408607658127000728 ) ) ;
#1833 = VERTEX_POINT ( 'NONE', #1788 ) ;
#1834 = VERTEX_POINT ( 'NONE', #4168 ) ;
#1835 = DIRECTION ( 'NONE',  ( -0.4036298484864446201, 0.9040139324509703922, 0.1408607658127077888 ) ) ;
#1836 = SURFACE_STYLE_FILL_AREA ( #1868 ) ;
#1837 = PRESENTATION_STYLE_ASSIGNMENT (( #1870 ) ) ;
#1838 = UNCERTAINTY_MEASURE_WITH_UNIT (LENGTH_MEASURE( 1.000000000000000082E-05 ), #5083, 'distance_accuracy_value', 'NONE');
#1839 = LINE ( 'NONE', #4981, #1963 ) ;
#1840 = DIRECTION ( 'NONE',  ( -0.008861879339743833350, -0.1578149520867543898, 0.9874289381988069492 ) ) ;
#1841 =( NAMED_UNIT ( * ) SI_UNIT ( $, .STERADIAN. ) SOLID_ANGLE_UNIT ( ) );
#1842 = ADVANCED_FACE ( 'NONE', ( #1388 ), #3380, .T. ) ;
#1843 = EDGE_LOOP ( 'NONE', ( #39, #2061, #1261, #3451 ) ) ;
#1844 = DIRECTION ( 'NONE',  ( 0.4036298484864153657, -0.9040139324509843810, -0.1408607658127000450 ) ) ;
#1845 = CARTESIAN_POINT ( 'NONE',  ( -5.981362074125295969, 3.433608115009638251, 120.5129341650669375 ) ) ;
#1846 = VERTEX_POINT ( 'NONE', #3849 ) ;
#1847 = VERTEX_POINT ( 'NONE', #369 ) ;
#1848 = EDGE_CURVE ( 'NONE', #1228, #4628, #1419, .T. ) ;
#1849 = LINE ( 'NONE', #3456, #2797 ) ;
#1850 = SURFACE_STYLE_FILL_AREA ( #2593 ) ;
#1851 = STYLED_ITEM ( 'NONE', ( #2417 ), #2412 ) ;
#1852 = DIRECTION ( 'NONE',  ( -0.008861879339743333750, -0.1578149520867551947, 0.9874289381988067271 ) ) ;
#1853 = ORIENTED_EDGE ( 'NONE', *, *, #1014, .T. ) ;
#1854 = AXIS2_PLACEMENT_3D ( 'NONE', #3407, #4975, #4998 ) ;
#1855 = CARTESIAN_POINT ( 'NONE',  ( -1.416322881235141606, -0.4174539347342590134, 122.8130766042569064 ) ) ;
#1856 = AXIS2_PLACEMENT_3D ( 'NONE', #3259, #2938, #3660 ) ;
#1857 = UNCERTAINTY_MEASURE_WITH_UNIT (LENGTH_MEASURE( 1.000000000000000082E-05 ), #3909, 'distance_accuracy_value', 'NONE');
#1858 = CARTESIAN_POINT ( 'NONE',  ( -5.669834767917158125, -3.733325768440127312, 131.9053882223693677 ) ) ;
#1859 = VERTEX_POINT ( 'NONE', #2714 ) ;
#1860 = EDGE_CURVE ( 'NONE', #1030, #29, #4304, .T. ) ;
#1861 =( GEOMETRIC_REPRESENTATION_CONTEXT ( 3 ) GLOBAL_UNCERTAINTY_ASSIGNED_CONTEXT ( ( #2616 ) ) GLOBAL_UNIT_ASSIGNED_CONTEXT ( ( #1743, #2819, #2432 ) ) REPRESENTATION_CONTEXT ( 'NONE', 'WORKASPACE' ) );
#1862 = EDGE_LOOP ( 'NONE', ( #266, #2656, #3290, #53 ) ) ;
#1863 = CARTESIAN_POINT ( 'NONE',  ( -14.37217819939051822, -7.244558296349802973, 129.5035665833541714 ) ) ;
#1864 = DIRECTION ( 'NONE',  ( -0.4036298484864445091, 0.9040139324509701702, 0.1408607658127077611 ) ) ;
#1865 = CIRCLE ( 'NONE', #222, 12.49999999999999467 ) ;
#1866 =( NAMED_UNIT ( * ) SI_UNIT ( $, .STERADIAN. ) SOLID_ANGLE_UNIT ( ) );
#1867 = COLOUR_RGB ( '',0.7764705882352941346, 0.7568627450980391913, 0.7372549019607843590 ) ;
#1868 = FILL_AREA_STYLE ('',( #271 ) ) ;
#1869 =( LENGTH_UNIT ( ) NAMED_UNIT ( * ) SI_UNIT ( .MILLI., .METRE. ) );
#1870 = SURFACE_STYLE_USAGE ( .BOTH. , #3829 ) ;
#1871 = DIRECTION ( 'NONE',  ( 0.5562278320532652032, 0.3647011537589214258, -0.7467286436827210716 ) ) ;
#1872 = COLOUR_RGB ( '',0.7921568627450980005, 0.8196078431372548767, 0.9333333333333333481 ) ;
#1873 = AXIS2_PLACEMENT_3D ( 'NONE', #1416, #4638, #4548 ) ;
#1874 = FILL_AREA_STYLE_COLOUR ( '', #3227 ) ;
#1875 = CARTESIAN_POINT ( 'NONE',  ( -14.65598791912529819, -3.379423448737935320, 139.3807681217265042 ) ) ;
#1876 = VERTEX_POINT ( 'NONE', #5056 ) ;
#1877 =( GEOMETRIC_REPRESENTATION_CONTEXT ( 3 ) GLOBAL_UNCERTAINTY_ASSIGNED_CONTEXT ( ( #3414 ) ) GLOBAL_UNIT_ASSIGNED_CONTEXT ( ( #2065, #537, #1347 ) ) REPRESENTATION_CONTEXT ( 'NONE', 'WORKASPACE' ) );
#1878 = CARTESIAN_POINT ( 'NONE',  ( -10.54756084386551152, -7.104666537247989133, 139.5650312949013596 ) ) ;
#1879 = DIRECTION ( 'NONE',  ( -0.008861879339743418751, -0.1578149520867549449, 0.9874289381988069492 ) ) ;
#1880 = PRESENTATION_STYLE_ASSIGNMENT (( #1906 ) ) ;
#1881 = MECHANICAL_DESIGN_GEOMETRIC_PRESENTATION_REPRESENTATION (  '', ( #1159 ), #902 ) ;
#1882 = ADVANCED_FACE ( 'NONE', ( #1523 ), #2688, .T. ) ;
#1883 = ORIENTED_EDGE ( 'NONE', *, *, #642, .T. ) ;
#1884 = DIRECTION ( 'NONE',  ( -0.008861879339744270501, -0.1578149520867550559, 0.9874289381988068381 ) ) ;
#1885 = STYLED_ITEM ( 'NONE', ( #3304 ), #2699 ) ;
#1886 = ADVANCED_FACE ( 'NONE', ( #4279 ), #5032, .T. ) ;
#1887 = EDGE_CURVE ( 'NONE', #4910, #86, #2652, .T. ) ;
#1888 =( LENGTH_UNIT ( ) NAMED_UNIT ( * ) SI_UNIT ( .MILLI., .METRE. ) );
#1889 = CARTESIAN_POINT ( 'NONE',  ( -14.42082282819547778, -7.783630141945938163, 132.8238242303883965 ) ) ;
#1890 = ORIENTED_EDGE ( 'NONE', *, *, #4072, .T. ) ;
#1891 =( GEOMETRIC_REPRESENTATION_CONTEXT ( 3 ) GLOBAL_UNCERTAINTY_ASSIGNED_CONTEXT ( ( #1757 ) ) GLOBAL_UNIT_ASSIGNED_CONTEXT ( ( #3447, #3912, #4233 ) ) REPRESENTATION_CONTEXT ( 'NONE', 'WORKASPACE' ) );
#1892 = FACE_OUTER_BOUND ( 'NONE', #2874, .T. ) ;
#1893 = FILL_AREA_STYLE ('',( #3846 ) ) ;
#1894 = PRESENTATION_LAYER_ASSIGNMENT (  '', '', ( #573 ) ) ;
#1895 = ORIENTED_EDGE ( 'NONE', *, *, #403, .T. ) ;
#1896 = FACE_OUTER_BOUND ( 'NONE', #3847, .T. ) ;
#1897 = AXIS2_PLACEMENT_3D ( 'NONE', #2555, #2526, #3245 ) ;
#1898 =( NAMED_UNIT ( * ) SI_UNIT ( $, .STERADIAN. ) SOLID_ANGLE_UNIT ( ) );
#1899 = CARTESIAN_POINT ( 'NONE',  ( 3.177021902818387034, 0.03477227787408254667, 133.0727983520260125 ) ) ;
#1900 =( NAMED_UNIT ( * ) PLANE_ANGLE_UNIT ( ) SI_UNIT ( $, .RADIAN. ) );
#1901 = UNCERTAINTY_MEASURE_WITH_UNIT (LENGTH_MEASURE( 1.000000000000000082E-05 ), #2572, 'distance_accuracy_value', 'NONE');
#1902 =( NAMED_UNIT ( * ) SI_UNIT ( $, .STERADIAN. ) SOLID_ANGLE_UNIT ( ) );
#1903 = FILL_AREA_STYLE ('',( #2298 ) ) ;
#1904 =( GEOMETRIC_REPRESENTATION_CONTEXT ( 3 ) GLOBAL_UNCERTAINTY_ASSIGNED_CONTEXT ( ( #4180 ) ) GLOBAL_UNIT_ASSIGNED_CONTEXT ( ( #1477, #1095, #2643 ) ) REPRESENTATION_CONTEXT ( 'NONE', 'WORKASPACE' ) );
#1905 = DIRECTION ( 'NONE',  ( -0.4036298484864154212, 0.9040139324509844920, 0.1408607658127000728 ) ) ;
#1906 = SURFACE_STYLE_USAGE ( .BOTH. , #3132 ) ;
#1907 = DIRECTION ( 'NONE',  ( 0.7292504199660267972, 0.2249069998420403782, 0.6462280297243582217 ) ) ;
#1908 = DIRECTION ( 'NONE',  ( 0.000000000000000000, 0.000000000000000000, 1.000000000000000000 ) ) ;
#1909 = DIRECTION ( 'NONE',  ( -0.4036298484864446201, 0.9040139324509703922, 0.1408607658127077888 ) ) ;
#1910 =( GEOMETRIC_REPRESENTATION_CONTEXT ( 3 ) GLOBAL_UNCERTAINTY_ASSIGNED_CONTEXT ( ( #4095 ) ) GLOBAL_UNIT_ASSIGNED_CONTEXT ( ( #3413, #2615, #1921 ) ) REPRESENTATION_CONTEXT ( 'NONE', 'WORKASPACE' ) );
#1911 = ORIENTED_EDGE ( 'NONE', *, *, #3000, .T. ) ;
#1912 = DIRECTION ( 'NONE',  ( 0.4036298484864153657, -0.9040139324509843810, -0.1408607658127000450 ) ) ;
#1913 = ORIENTED_EDGE ( 'NONE', *, *, #4750, .F. ) ;
#1914 = EDGE_CURVE ( 'NONE', #4809, #4666, #1753, .T. ) ;
#1915 = AXIS2_PLACEMENT_3D ( 'NONE', #2144, #4218, #1518 ) ;
#1916 = VERTEX_POINT ( 'NONE', #4765 ) ;
#1917 = DIRECTION ( 'NONE',  ( 0.7292504199660254649, 0.2249069998420398231, 0.6462280297243599980 ) ) ;
#1918 = ADVANCED_FACE ( 'NONE', ( #2904 ), #936, .T. ) ;
#1919 = VECTOR ( 'NONE', #526, 1000.000000000000341 ) ;
#1920 = LINE ( 'NONE', #2715, #2481 ) ;
#1921 =( NAMED_UNIT ( * ) SI_UNIT ( $, .STERADIAN. ) SOLID_ANGLE_UNIT ( ) );
#1922 = COLOUR_RGB ( '',0.7764705882352941346, 0.7568627450980391913, 0.7372549019607843590 ) ;
#1923 = SURFACE_STYLE_FILL_AREA ( #2642 ) ;
#1924 = CARTESIAN_POINT ( 'NONE',  ( -7.687984010349380171, 0.7867438938147223171, 132.6096920514328872 ) ) ;
#1925 = ORIENTED_EDGE ( 'NONE', *, *, #4009, .F. ) ;
#1926 = LINE ( 'NONE', #3511, #3809 ) ;
#1927 = EDGE_CURVE ( 'NONE', #857, #1846, #941, .T. ) ;
#1928 = ORIENTED_EDGE ( 'NONE', *, *, #3676, .T. ) ;
#1929 = DIRECTION ( 'NONE',  ( -0.4036298484864446201, 0.9040139324509703922, 0.1408607658127077888 ) ) ;
#1930 = DIRECTION ( 'NONE',  ( 0.4036298484864154212, -0.9040139324509844920, -0.1408607658127000728 ) ) ;
#1931 = CARTESIAN_POINT ( 'NONE',  ( -1.700704173129948593, -3.336568490933777831, 140.7324414245580328 ) ) ;
#1932 = VERTEX_POINT ( 'NONE', #2487 ) ;
#1933 = DIRECTION ( 'NONE',  ( -0.4036298484864446201, 0.9040139324509703922, 0.1408607658127077888 ) ) ;
#1934 = EDGE_CURVE ( 'NONE', #2240, #3242, #4086, .T. ) ;
#1935 = SURFACE_SIDE_STYLE ('',( #3816 ) ) ;
#1936 = EDGE_LOOP ( 'NONE', ( #1241, #2776, #2866, #2730 ) ) ;
#1937 = AXIS2_PLACEMENT_3D ( 'NONE', #768, #3549, #2814 ) ;
#1938 = EDGE_CURVE ( 'NONE', #3864, #29, #2339, .T. ) ;
#1939 = ORIENTED_EDGE ( 'NONE', *, *, #3710, .F. ) ;
#1940 = DIRECTION ( 'NONE',  ( 0.6707575780832520929, 0.3970910963467114141, -0.6264207313348248984 ) ) ;
#1941 = CIRCLE ( 'NONE', #3537, 1.499999999999974909 ) ;
#1942 = CARTESIAN_POINT ( 'NONE',  ( -16.66904368052026442, -3.732302133873182548, 135.8771513318279460 ) ) ;
#1943 = FILL_AREA_STYLE ('',( #2344 ) ) ;
#1944 = CARTESIAN_POINT ( 'NONE',  ( -49.55670120403281942, -13.80755398930470434, 70.87486258096953406 ) ) ;
#1945 = CYLINDRICAL_SURFACE ( 'NONE', #2190, 9.686499999999998778 ) ;
#1946 = EDGE_CURVE ( 'NONE', #1339, #2017, #2984, .T. ) ;
#1947 = CIRCLE ( 'NONE', #4831, 4.500000000000003553 ) ;
#1948 = DIRECTION ( 'NONE',  ( 0.7292504199660264641, 0.2249069998420402949, 0.6462280297243586658 ) ) ;
#1949 = MECHANICAL_DESIGN_GEOMETRIC_PRESENTATION_REPRESENTATION (  '', ( #383 ), #3025 ) ;
#1950 =( NAMED_UNIT ( * ) PLANE_ANGLE_UNIT ( ) SI_UNIT ( $, .RADIAN. ) );
#1951 = PRESENTATION_LAYER_ASSIGNMENT (  '', '', ( #970 ) ) ;
#1952 = AXIS2_PLACEMENT_3D ( 'NONE', #685, #1832, #3468 ) ;
#1953 = CIRCLE ( 'NONE', #2604, 4.500000000000007994 ) ;
#1954 = STYLED_ITEM ( 'NONE', ( #3526 ), #4852 ) ;
#1955 =( LENGTH_UNIT ( ) NAMED_UNIT ( * ) SI_UNIT ( .MILLI., .METRE. ) );
#1956 = AXIS2_PLACEMENT_3D ( 'NONE', #3051, #1076, #342 ) ;
#1957 = SURFACE_SIDE_STYLE ('',( #4695 ) ) ;
#1958 = CARTESIAN_POINT ( 'NONE',  ( -7.995128301536872151, -3.167076967635994222, 121.6083074600044256 ) ) ;
#1959 = CARTESIAN_POINT ( 'NONE',  ( -7.687984010349380171, 0.7867438938147223171, 132.6096920514328872 ) ) ;
#1960 = COLOUR_RGB ( '',0.7764705882352941346, 0.7568627450980391913, 0.7372549019607843590 ) ;
#1961 = VERTEX_POINT ( 'NONE', #1420 ) ;
#1962 = ORIENTED_EDGE ( 'NONE', *, *, #4342, .T. ) ;
#1963 = VECTOR ( 'NONE', #1531, 1000.000000000000341 ) ;
#1964 = CARTESIAN_POINT ( 'NONE',  ( -13.85723586234251670, -8.645925494518760246, 139.9727810633270053 ) ) ;
#1965 = CARTESIAN_POINT ( 'NONE',  ( -5.669834767917158125, -3.733325768440127312, 131.9053882223693677 ) ) ;
#1966 = FACE_OUTER_BOUND ( 'NONE', #2916, .T. ) ;
#1967 = SURFACE_STYLE_USAGE ( .BOTH. , #1619 ) ;
#1968 = STYLED_ITEM ( 'NONE', ( #3791 ), #2567 ) ;
#1969 = VERTEX_POINT ( 'NONE', #993 ) ;
#1970 = AXIS2_PLACEMENT_3D ( 'NONE', #1485, #3365, #4503 ) ;
#1971 = ADVANCED_FACE ( 'NONE', ( #591 ), #4153, .T. ) ;
#1972 = CYLINDRICAL_SURFACE ( 'NONE', #3645, 12.49999999999999467 ) ;
#1973 = ORIENTED_EDGE ( 'NONE', *, *, #366, .T. ) ;
#1974 = DIRECTION ( 'NONE',  ( -0.4036298484864446201, 0.9040139324509703922, 0.1408607658127077888 ) ) ;
#1975 = ADVANCED_FACE ( 'NONE', ( #2588 ), #4134, .T. ) ;
#1977 = CARTESIAN_POINT ( 'NONE',  ( -14.89943551784304177, -3.441381546631113064, 139.0808142387736268 ) ) ;
#1976 = DIRECTION ( 'NONE',  ( -0.008861879339744286113, -0.1578149520867547506, 0.9874289381988069492 ) ) ;
#1978 = PRESENTATION_STYLE_ASSIGNMENT (( #4383 ) ) ;
#1979 = ORIENTED_EDGE ( 'NONE', *, *, #2957, .F. ) ;
#1980 =( LENGTH_UNIT ( ) NAMED_UNIT ( * ) SI_UNIT ( .MILLI., .METRE. ) );
#1981 = ORIENTED_EDGE ( 'NONE', *, *, #3793, .T. ) ;
#1982 = CIRCLE ( 'NONE', #1108, 4.500000000000000000 ) ;
#1983 = DIRECTION ( 'NONE',  ( -0.4036298484864446201, 0.9040139324509703922, 0.1408607658127077888 ) ) ;
#1984 = AXIS2_PLACEMENT_3D ( 'NONE', #1828, #3842, #4273 ) ;
#1985 = DIRECTION ( 'NONE',  ( -0.9137903228885075890, -0.4059804243577955774, -0.01292829584984926151 ) ) ;
#1986 =( LENGTH_UNIT ( ) NAMED_UNIT ( * ) SI_UNIT ( .MILLI., .METRE. ) );
#1987 = COLOUR_RGB ( '',0.7764705882352941346, 0.7568627450980391913, 0.7372549019607843590 ) ;
#1988 = DIRECTION ( 'NONE',  ( 0.8742437189090509486, 0.3356881868840227989, 0.3507297551314823014 ) ) ;
#1989 = CARTESIAN_POINT ( 'NONE',  ( 2.906462375118690655, 1.278249094698765687, 124.3171575520806869 ) ) ;
#1990 = CIRCLE ( 'NONE', #4887, 1.500000000000017097 ) ;
#1991 = CARTESIAN_POINT ( 'NONE',  ( -5.669834767917158125, -3.733325768440127312, 131.9053882223693677 ) ) ;
#1992 = DIRECTION ( 'NONE',  ( -0.4036298484864445091, 0.9040139324509701702, 0.1408607658127077611 ) ) ;
#1993 = ORIENTED_EDGE ( 'NONE', *, *, #4719, .F. ) ;
#1994 = SURFACE_STYLE_USAGE ( .BOTH. , #420 ) ;
#1995 = EDGE_CURVE ( 'NONE', #18, #1833, #1097, .T. ) ;
#1996 = COLOUR_RGB ( '',0.7764705882352941346, 0.7568627450980391913, 0.7372549019607843590 ) ;
#1997 = SURFACE_SIDE_STYLE ('',( #3983 ) ) ;
#1998 = CYLINDRICAL_SURFACE ( 'NONE', #3366, 9.686499999999998778 ) ;
#1999 = DIRECTION ( 'NONE',  ( -0.4036298484864445091, 0.9040139324509701702, 0.1408607658127077611 ) ) ;
#2000 = ADVANCED_FACE ( 'NONE', ( #702 ), #2644, .F. ) ;
#2001 = APPLICATION_PROTOCOL_DEFINITION ( 'draft international standard', 'automotive_design', 1998, #2882 ) ;
#2002 = CARTESIAN_POINT ( 'NONE',  ( -7.818145384213593729, -3.884805979929804476, 144.4696954154236153 ) ) ;
#2003 = EDGE_CURVE ( 'NONE', #2137, #3270, #4876, .T. ) ;
#2004 = EDGE_CURVE ( 'NONE', #1005, #606, #4825, .T. ) ;
#2005 = PRESENTATION_STYLE_ASSIGNMENT (( #1612 ) ) ;
#2006 = ORIENTED_EDGE ( 'NONE', *, *, #5079, .F. ) ;
#2007 = COLOUR_RGB ( '',0.7764705882352941346, 0.7568627450980391913, 0.7372549019607843590 ) ;
#2008 = PRESENTATION_LAYER_ASSIGNMENT (  '', '', ( #1364 ) ) ;
#2009 = ORIENTED_EDGE ( 'NONE', *, *, #1039, .F. ) ;
#2010 = PRESENTATION_STYLE_ASSIGNMENT (( #2361 ) ) ;
#2011 = AXIS2_PLACEMENT_3D ( 'NONE', #1718, #547, #2122 ) ;
#2012 = CARTESIAN_POINT ( 'NONE',  ( -13.26972922011436218, -6.039410769175546534, 124.9282056797224385 ) ) ;
#2013 = DIRECTION ( 'NONE',  ( 0.7292504199660264641, 0.2249069998420402394, 0.6462280297243586658 ) ) ;
#2014 = SURFACE_STYLE_FILL_AREA ( #3238 ) ;
#2015 =( NAMED_UNIT ( * ) PLANE_ANGLE_UNIT ( ) SI_UNIT ( $, .RADIAN. ) );
#2016 = FACE_OUTER_BOUND ( 'NONE', #575, .T. ) ;
#2017 = VERTEX_POINT ( 'NONE', #1298 ) ;
#2018 = DIRECTION ( 'NONE',  ( -0.4036298484864446201, 0.9040139324509703922, 0.1408607658127077888 ) ) ;
#2019 = COLOUR_RGB ( '',0.7921568627450980005, 0.8196078431372548767, 0.9333333333333333481 ) ;
#2020 = SURFACE_STYLE_FILL_AREA ( #4007 ) ;
#2021 = DIRECTION ( 'NONE',  ( -0.4036298484864445091, 0.9040139324509701702, 0.1408607658127077611 ) ) ;
#2022 = VECTOR ( 'NONE', #629, 1000.000000000000341 ) ;
#2023 = DIRECTION ( 'NONE',  ( 0.7292504199660262421, 0.2249069998420401839, 0.6462280297243589988 ) ) ;
#2024 = MECHANICAL_DESIGN_GEOMETRIC_PRESENTATION_REPRESENTATION (  '', ( #4335 ), #4488 ) ;
#2025 = AXIS2_PLACEMENT_3D ( 'NONE', #771, #1553, #2765 ) ;
#2026 = COLOUR_RGB ( '',0.7764705882352941346, 0.7568627450980391913, 0.7372549019607843590 ) ;
#2027 = ORIENTED_EDGE ( 'NONE', *, *, #3015, .T. ) ;
#2028 = PRESENTATION_LAYER_ASSIGNMENT (  '', '', ( #4585 ) ) ;
#2029 = VECTOR ( 'NONE', #3394, 1000.000000000000341 ) ;
#2031 = PRESENTATION_STYLE_ASSIGNMENT (( #4820 ) ) ;
#2030 = DIRECTION ( 'NONE',  ( 0.4174915651033624386, 0.3189817150124966694, -0.8508533707726797513 ) ) ;
#2032 = STYLED_ITEM ( 'NONE', ( #497 ), #4814 ) ;
#2033 = ADVANCED_FACE ( 'NONE', ( #2908 ), #3715, .T. ) ;
#2034 = VERTEX_POINT ( 'NONE', #2087 ) ;
#2035 = AXIS2_PLACEMENT_3D ( 'NONE', #4290, #2774, #835 ) ;
#2036 = DIRECTION ( 'NONE',  ( 0.7292504199660252429, 0.2249069998420399341, 0.6462280297243599980 ) ) ;
#2037 = DIRECTION ( 'NONE',  ( -0.4036298484864446201, 0.9040139324509703922, 0.1408607658127077888 ) ) ;
#2038 = ORIENTED_EDGE ( 'NONE', *, *, #3022, .F. ) ;
#2039 = EDGE_CURVE ( 'NONE', #477, #676, #1341, .T. ) ;
#2040 = ORIENTED_EDGE ( 'NONE', *, *, #1141, .T. ) ;
#2041 = FACE_OUTER_BOUND ( 'NONE', #3631, .T. ) ;
#2042 = CARTESIAN_POINT ( 'NONE',  ( 3.445795481658167070, -0.9219882704146223906, 139.9832385939238293 ) ) ;
#2043 = DIRECTION ( 'NONE',  ( -0.4036298484864446201, 0.9040139324509703922, 0.1408607658127077888 ) ) ;
#2044 =( NAMED_UNIT ( * ) PLANE_ANGLE_UNIT ( ) SI_UNIT ( $, .RADIAN. ) );
#2045 = CARTESIAN_POINT ( 'NONE',  ( -5.669834767917158125, -3.733325768440127312, 131.9053882223693677 ) ) ;
#2046 = FILL_AREA_STYLE_COLOUR ( '', #312 ) ;
#2047 = DIRECTION ( 'NONE',  ( -0.4036298484864446201, 0.9040139324509703922, 0.1408607658127077888 ) ) ;
#2048 = ORIENTED_EDGE ( 'NONE', *, *, #1635, .F. ) ;
#2049 = ORIENTED_EDGE ( 'NONE', *, *, #3636, .F. ) ;
#2050 = AXIS2_PLACEMENT_3D ( 'NONE', #1096, #2265, #4610 ) ;
#2051 = SURFACE_STYLE_USAGE ( .BOTH. , #1997 ) ;
#2052 = CARTESIAN_POINT ( 'NONE',  ( -15.61902677070698608, -4.170136228228949804, 123.9478273452008921 ) ) ;
#2053 = PRESENTATION_LAYER_ASSIGNMENT (  '', '', ( #1239 ) ) ;
#2054 = COLOUR_RGB ( '',0.7764705882352941346, 0.7568627450980391913, 0.7372549019607843590 ) ;
#2055 = EDGE_LOOP ( 'NONE', ( #4417, #2169, #5044, #1007 ) ) ;
#2056 = CIRCLE ( 'NONE', #2790, 9.686500000000004107 ) ;
#2057 = CIRCLE ( 'NONE', #3812, 1.500000000000004663 ) ;
#2058 = ORIENTED_EDGE ( 'NONE', *, *, #1258, .F. ) ;
#2059 = CYLINDRICAL_SURFACE ( 'NONE', #2505, 12.49999999999999467 ) ;
#2060 = AXIS2_PLACEMENT_3D ( 'NONE', #1323, #2179, #3479 ) ;
#2061 = ORIENTED_EDGE ( 'NONE', *, *, #4905, .T. ) ;
#2062 = CIRCLE ( 'NONE', #3650, 12.49999999999999467 ) ;
#2063 = DIRECTION ( 'NONE',  ( 0.4036298484864446201, -0.9040139324509703922, -0.1408607658127077888 ) ) ;
#2064 = SURFACE_STYLE_USAGE ( .BOTH. , #2447 ) ;
#2065 =( LENGTH_UNIT ( ) NAMED_UNIT ( * ) SI_UNIT ( .MILLI., .METRE. ) );
#2066 = SURFACE_SIDE_STYLE ('',( #99 ) ) ;
#2067 = EDGE_CURVE ( 'NONE', #676, #781, #3993, .T. ) ;
#2068 = VERTEX_POINT ( 'NONE', #2805 ) ;
#2069 = AXIS2_PLACEMENT_3D ( 'NONE', #4683, #1835, #3147 ) ;
#2070 = CARTESIAN_POINT ( 'NONE',  ( -3.616985899525659409, -1.387716639163125487, 122.7341172315962439 ) ) ;
#2071 = DIRECTION ( 'NONE',  ( 0.7292504199660220232, 0.2249069998420375749, 0.6462280297243644389 ) ) ;
#2072 = CARTESIAN_POINT ( 'NONE',  ( -33.18196095119620992, -10.43044682779915533, 96.12236128195408469 ) ) ;
#2073 = EDGE_LOOP ( 'NONE', ( #3694, #4602, #4947, #2081 ) ) ;
#2074 = ORIENTED_EDGE ( 'NONE', *, *, #3340, .F. ) ;
#2075 = DIRECTION ( 'NONE',  ( 0.4962987577851403209, 0.08699870934529763122, 0.8637816666225204276 ) ) ;
#2076 = VECTOR ( 'NONE', #973, 1000.000000000000341 ) ;
#2077 = DIRECTION ( 'NONE',  ( -0.8742437189090491723, -0.3356881868840210781, -0.3507297551314884632 ) ) ;
#2078 = DIRECTION ( 'NONE',  ( -0.4036298484864445091, 0.9040139324509701702, 0.1408607658127077611 ) ) ;
#2079 = UNCERTAINTY_MEASURE_WITH_UNIT (LENGTH_MEASURE( 1.000000000000000082E-05 ), #3316, 'distance_accuracy_value', 'NONE');
#2080 = MECHANICAL_DESIGN_GEOMETRIC_PRESENTATION_REPRESENTATION (  '', ( #774 ), #4890 ) ;
#2081 = ORIENTED_EDGE ( 'NONE', *, *, #4460, .F. ) ;
#2082 = FILL_AREA_STYLE_COLOUR ( '', #831 ) ;
#2083 = DIRECTION ( 'NONE',  ( 0.7292504199660264641, 0.2249069998420402949, 0.6462280297243586658 ) ) ;
#2084 = STYLED_ITEM ( 'NONE', ( #4715 ), #2392 ) ;
#2085 = VERTEX_POINT ( 'NONE', #67 ) ;
#2086 = FILL_AREA_STYLE_COLOUR ( '', #588 ) ;
#2087 = CARTESIAN_POINT ( 'NONE',  ( -6.594108380400341751, 1.124104393577781469, 133.5790340960194271 ) ) ;
#2088 = ORIENTED_EDGE ( 'NONE', *, *, #4222, .T. ) ;
#2089 = CARTESIAN_POINT ( 'NONE',  ( -5.669834767917159013, -3.733325768440126424, 131.9053882223693677 ) ) ;
#2090 = FACE_OUTER_BOUND ( 'NONE', #3016, .T. ) ;
#2091 = ORIENTED_EDGE ( 'NONE', *, *, #1524, .T. ) ;
#2092 = DIRECTION ( 'NONE',  ( 0.8431203278187544559, 0.4273054310210830931, -0.3264325067126162550 ) ) ;
#2093 = DIRECTION ( 'NONE',  ( 0.4036298484864445091, -0.9040139324509700591, -0.1408607658127077611 ) ) ;
#2094 = EDGE_CURVE ( 'NONE', #296, #4165, #2539, .T. ) ;
#2095 = ORIENTED_EDGE ( 'NONE', *, *, #3738, .F. ) ;
#2096 = EDGE_LOOP ( 'NONE', ( #1452, #1973, #2168, #563 ) ) ;
#2097 = CARTESIAN_POINT ( 'NONE',  ( -14.96313221031282303, -7.333244310188662851, 128.3793835302980426 ) ) ;
#2098 = DIRECTION ( 'NONE',  ( -0.4036298484864154212, 0.9040139324509844920, 0.1408607658127000728 ) ) ;
#2099 = SURFACE_STYLE_FILL_AREA ( #4571 ) ;
#2100 = VECTOR ( 'NONE', #1814, 1000.000000000000114 ) ;
#2101 = SURFACE_STYLE_FILL_AREA ( #139 ) ;
#2102 = DIRECTION ( 'NONE',  ( -0.4036298484864446201, 0.9040139324509703922, 0.1408607658127077888 ) ) ;
#2103 = EDGE_CURVE ( 'NONE', #2755, #4910, #1498, .T. ) ;
#2104 = SURFACE_SIDE_STYLE ('',( #2846 ) ) ;
#2105 = DIRECTION ( 'NONE',  ( -0.4954199826177844712, -0.08652028371163746068, -0.8643340102815876280 ) ) ;
#2106 = AXIS2_PLACEMENT_3D ( 'NONE', #1085, #3471, #5031 ) ;
#2107 = DIRECTION ( 'NONE',  ( -0.4036298484864446201, 0.9040139324509703922, 0.1408607658127077888 ) ) ;
#2108 = MECHANICAL_DESIGN_GEOMETRIC_PRESENTATION_REPRESENTATION (  '', ( #1776 ), #2761 ) ;
#2109 = MECHANICAL_DESIGN_GEOMETRIC_PRESENTATION_REPRESENTATION (  '', ( #1065 ), #4494 ) ;
#2110 = PRESENTATION_STYLE_ASSIGNMENT (( #510 ) ) ;
#2111 = VERTEX_POINT ( 'NONE', #3788 ) ;
#2112 = AXIS2_PLACEMENT_3D ( 'NONE', #5059, #5000, #3039 ) ;
#2113 = FACE_OUTER_BOUND ( 'NONE', #1072, .T. ) ;
#2114 = AXIS2_PLACEMENT_3D ( 'NONE', #3084, #2250, #2998 ) ;
#2115 = AXIS2_PLACEMENT_3D ( 'NONE', #4261, #4926, #4204 ) ;
#2116 = FILL_AREA_STYLE ('',( #539 ) ) ;
#2117 = PRESENTATION_LAYER_ASSIGNMENT (  '', '', ( #3622 ) ) ;
#2118 = DIRECTION ( 'NONE',  ( 0.7292504199660264641, 0.2249069998420402394, 0.6462280297243586658 ) ) ;
#2119 = COLOUR_RGB ( '',0.7921568627450980005, 0.8196078431372548767, 0.9333333333333333481 ) ;
#2120 = CARTESIAN_POINT ( 'NONE',  ( -5.669834767917158125, -3.733325768440127312, 131.9053882223693677 ) ) ;
#2121 = UNCERTAINTY_MEASURE_WITH_UNIT (LENGTH_MEASURE( 1.000000000000000082E-05 ), #1600, 'distance_accuracy_value', 'NONE');
#2122 = DIRECTION ( 'NONE',  ( -0.008861879339743337219, -0.1578149520867540845, 0.9874289381988070602 ) ) ;
#2123 = CARTESIAN_POINT ( 'NONE',  ( -18.12396540348823848, -3.814980707383608394, 96.81370296503747852 ) ) ;
#2124 = DIRECTION ( 'NONE',  ( -0.4036298484864445091, 0.9040139324509700591, 0.1408607658127077611 ) ) ;
#2125 = VERTEX_POINT ( 'NONE', #2541 ) ;
#2126 = EDGE_LOOP ( 'NONE', ( #3539, #2049 ) ) ;
#2127 = CARTESIAN_POINT ( 'NONE',  ( 1.541616739576460837, 0.4947996720056982434, 125.4342660350285286 ) ) ;
#2128 = SURFACE_SIDE_STYLE ('',( #3673 ) ) ;
#2129 = DIRECTION ( 'NONE',  ( -0.4036298484864444536, 0.9040139324509702812, 0.1408607658127079831 ) ) ;
#2130 = SURFACE_STYLE_FILL_AREA ( #4813 ) ;
#2131 = DIRECTION ( 'NONE',  ( -0.4036298484864446201, 0.9040139324509703922, 0.1408607658127077888 ) ) ;
#2132 =( LENGTH_UNIT ( ) NAMED_UNIT ( * ) SI_UNIT ( .MILLI., .METRE. ) );
#2133 = SURFACE_STYLE_USAGE ( .BOTH. , #1797 ) ;
#2134 = ORIENTED_EDGE ( 'NONE', *, *, #1860, .T. ) ;
#2135 = AXIS2_PLACEMENT_3D ( 'NONE', #3233, #4796, #1276 ) ;
#2136 = SURFACE_STYLE_FILL_AREA ( #4906 ) ;
#2137 = VERTEX_POINT ( 'NONE', #1020 ) ;
#2138 = CARTESIAN_POINT ( 'NONE',  ( -0.08120549051580591704, -2.454655170963415678, 139.7131091800445688 ) ) ;
#2139 = VECTOR ( 'NONE', #678, 1000.000000000000341 ) ;
#2140 = FILL_AREA_STYLE ('',( #4856 ) ) ;
#2141 = UNCERTAINTY_MEASURE_WITH_UNIT (LENGTH_MEASURE( 1.000000000000000082E-05 ), #481, 'distance_accuracy_value', 'NONE');
#2142 = DIRECTION ( 'NONE',  ( -0.7292504199660254649, -0.2249069998420399341, -0.6462280297243599980 ) ) ;
#2143 = VERTEX_POINT ( 'NONE', #648 ) ;
#2144 = CARTESIAN_POINT ( 'NONE',  ( -16.53003583303561186, -3.727217689991366711, 136.2428408693903350 ) ) ;
#2145 = DIRECTION ( 'NONE',  ( -0.2034861408258022419, 0.06140290946268641553, -0.9771504864663062007 ) ) ;
#2146 = ORIENTED_EDGE ( 'NONE', *, *, #4376, .F. ) ;
#2147 = ORIENTED_EDGE ( 'NONE', *, *, #1318, .F. ) ;
#2148 = CARTESIAN_POINT ( 'NONE',  ( -16.58427030879319375, -2.883555593521146765, 95.24794133576565969 ) ) ;
#2149 = SURFACE_STYLE_FILL_AREA ( #981 ) ;
#2150 = FILL_AREA_STYLE_COLOUR ( '', #4053 ) ;
#2151 = STYLED_ITEM ( 'NONE', ( #416 ), #559 ) ;
#2152 = DIRECTION ( 'NONE',  ( 0.1138699078527287412, 0.2023984311790436030, -0.9726605364369795836 ) ) ;
#2153 = AXIS2_PLACEMENT_3D ( 'NONE', #4457, #2966, #4533 ) ;
#2154 = PRESENTATION_STYLE_ASSIGNMENT (( #2133 ) ) ;
#2155 = MECHANICAL_DESIGN_GEOMETRIC_PRESENTATION_REPRESENTATION (  '', ( #1269 ), #3756 ) ;
#2156 = EDGE_CURVE ( 'NONE', #2034, #1961, #2057, .T. ) ;
#2157 = ORIENTED_EDGE ( 'NONE', *, *, #2235, .T. ) ;
#2158 = SURFACE_STYLE_FILL_AREA ( #965 ) ;
#2159 = FACE_OUTER_BOUND ( 'NONE', #423, .T. ) ;
#2160 = CARTESIAN_POINT ( 'NONE',  ( -2.608652245638498623, 12.63822071634992561, 142.0961500811144447 ) ) ;
#2161 = CIRCLE ( 'NONE', #2346, 4.499999999999987566 ) ;
#2162 = EDGE_CURVE ( 'NONE', #3438, #86, #1801, .T. ) ;
#2163 = DIRECTION ( 'NONE',  ( -0.7292504199660266861, -0.2249069998420403227, -0.6462280297243581106 ) ) ;
#2164 = CARTESIAN_POINT ( 'NONE',  ( -5.669834767917158125, -3.733325768440127312, 131.9053882223693677 ) ) ;
#2165 = UNCERTAINTY_MEASURE_WITH_UNIT (LENGTH_MEASURE( 1.000000000000000082E-05 ), #2132, 'distance_accuracy_value', 'NONE');
#2166 = EDGE_LOOP ( 'NONE', ( #951, #3572, #4089, #4197 ) ) ;
#2167 = FACE_OUTER_BOUND ( 'NONE', #2836, .T. ) ;
#2168 = ORIENTED_EDGE ( 'NONE', *, *, #1525, .T. ) ;
#2169 = ORIENTED_EDGE ( 'NONE', *, *, #1770, .T. ) ;
#2170 = CARTESIAN_POINT ( 'NONE',  ( -4.972287452909184502, 1.173573283882213936, 120.1607822505351493 ) ) ;
#2171 =( NAMED_UNIT ( * ) PLANE_ANGLE_UNIT ( ) SI_UNIT ( $, .RADIAN. ) );
#2172 = UNCERTAINTY_MEASURE_WITH_UNIT (LENGTH_MEASURE( 1.000000000000000082E-05 ), #3276, 'distance_accuracy_value', 'NONE');
#2173 =( NAMED_UNIT ( * ) PLANE_ANGLE_UNIT ( ) SI_UNIT ( $, .RADIAN. ) );
#2174 = DIRECTION ( 'NONE',  ( -0.4036298484864446201, 0.9040139324509703922, 0.1408607658127077888 ) ) ;
#2175 = DIRECTION ( 'NONE',  ( -0.4036298484864445091, 0.9040139324509700591, 0.1408607658127077611 ) ) ;
#2176 = LINE ( 'NONE', #111, #4384 ) ;
#2177 = COLOUR_RGB ( '',0.7921568627450980005, 0.8196078431372548767, 0.9333333333333333481 ) ;
#2178 = PRESENTATION_STYLE_ASSIGNMENT (( #562 ) ) ;
#2179 = DIRECTION ( 'NONE',  ( -0.4036298484864445091, 0.9040139324509701702, 0.1408607658127077611 ) ) ;
#2180 = STYLED_ITEM ( 'NONE', ( #1186 ), #947 ) ;
#2181 = CARTESIAN_POINT ( 'NONE',  ( 2.606535458177666964, 1.450781373057854484, 140.0984785444688612 ) ) ;
#2182 = DIRECTION ( 'NONE',  ( 0.4036298484864445091, -0.9040139324509700591, -0.1408607658127077611 ) ) ;
#2183 = MECHANICAL_DESIGN_GEOMETRIC_PRESENTATION_REPRESENTATION (  '', ( #4480 ), #714 ) ;
#2184 = ORIENTED_EDGE ( 'NONE', *, *, #790, .F. ) ;
#2185 = SURFACE_STYLE_USAGE ( .BOTH. , #320 ) ;
#2186 = ADVANCED_FACE ( 'NONE', ( #1424 ), #1370, .F. ) ;
#2187 = DIRECTION ( 'NONE',  ( -0.8742437189090491723, -0.3356881868840211336, -0.3507297551314885187 ) ) ;
#2188 = STYLED_ITEM ( 'NONE', ( #3884 ), #4486 ) ;
#2189 = AXIS2_PLACEMENT_3D ( 'NONE', #942, #4090, #1345 ) ;
#2190 = AXIS2_PLACEMENT_3D ( 'NONE', #1188, #399, #3530 ) ;
#2191 =( GEOMETRIC_REPRESENTATION_CONTEXT ( 3 ) GLOBAL_UNCERTAINTY_ASSIGNED_CONTEXT ( ( #4228 ) ) GLOBAL_UNIT_ASSIGNED_CONTEXT ( ( #401, #2697, #3177 ) ) REPRESENTATION_CONTEXT ( 'NONE', 'WORKASPACE' ) );
#2192 = ORIENTED_EDGE ( 'NONE', *, *, #2637, .F. ) ;
#2193 = ADVANCED_FACE ( 'NONE', ( #2568 ), #996, .T. ) ;
#2194 = EDGE_CURVE ( 'NONE', #3520, #412, #1093, .T. ) ;
#2195 = VECTOR ( 'NONE', #5006, 1000.000000000000341 ) ;
#2196 = DIRECTION ( 'NONE',  ( 0.7292504199660264641, 0.2249069998420402394, 0.6462280297243586658 ) ) ;
#2197 = STYLED_ITEM ( 'NONE', ( #138 ), #4848 ) ;
#2198 = ORIENTED_EDGE ( 'NONE', *, *, #4137, .F. ) ;
#2199 = ORIENTED_EDGE ( 'NONE', *, *, #172, .F. ) ;
#2200 = STYLED_ITEM ( 'NONE', ( #2862 ), #4230 ) ;
#2201 = DIRECTION ( 'NONE',  ( -0.4036298484864446201, 0.9040139324509703922, 0.1408607658127077888 ) ) ;
#2202 = SURFACE_STYLE_FILL_AREA ( #3800 ) ;
#2203 = STYLED_ITEM ( 'NONE', ( #1457 ), #3491 ) ;
#2204 =( NAMED_UNIT ( * ) SI_UNIT ( $, .STERADIAN. ) SOLID_ANGLE_UNIT ( ) );
#2205 = EDGE_CURVE ( 'NONE', #4099, #966, #1455, .T. ) ;
#2206 = DIRECTION ( 'NONE',  ( -0.4036298484864445091, 0.9040139324509701702, 0.1408607658127077611 ) ) ;
#2207 = DIRECTION ( 'NONE',  ( -0.4036298484864446201, 0.9040139324509703922, 0.1408607658127077888 ) ) ;
#2208 = UNCERTAINTY_MEASURE_WITH_UNIT (LENGTH_MEASURE( 1.000000000000000082E-05 ), #1111, 'distance_accuracy_value', 'NONE');
#2209 = FILL_AREA_STYLE ('',( #1504 ) ) ;
#2210 = SURFACE_SIDE_STYLE ('',( #4551 ) ) ;
#2211 = FILL_AREA_STYLE_COLOUR ( '', #3425 ) ;
#2212 = CIRCLE ( 'NONE', #906, 1.499999999999932720 ) ;
#2213 = EDGE_LOOP ( 'NONE', ( #3464, #1516, #3103, #368 ) ) ;
#2214 = PRESENTATION_LAYER_ASSIGNMENT (  '', '', ( #1575 ) ) ;
#2215 = DIRECTION ( 'NONE',  ( -0.4036298484864445091, 0.9040139324509701702, 0.1408607658127077611 ) ) ;
#2216 = DIRECTION ( 'NONE',  ( -0.4036298484864445091, 0.9040139324509700591, 0.1408607658127077611 ) ) ;
#2217 = COLOUR_RGB ( '',0.7764705882352941346, 0.7568627450980391913, 0.7372549019607843590 ) ;
#2218 = CARTESIAN_POINT ( 'NONE',  ( -8.832193550794137593, -6.504959544469238075, 140.6315451880636829 ) ) ;
#2219 = DIRECTION ( 'NONE',  ( -0.4036298484864446201, 0.9040139324509703922, 0.1408607658127077888 ) ) ;
#2220 = ORIENTED_EDGE ( 'NONE', *, *, #1297, .T. ) ;
#2221 = PRESENTATION_LAYER_ASSIGNMENT (  '', '', ( #3225 ) ) ;
#2222 = FILL_AREA_STYLE ('',( #3085 ) ) ;
#2223 = UNCERTAINTY_MEASURE_WITH_UNIT (LENGTH_MEASURE( 1.000000000000000082E-05 ), #3322, 'distance_accuracy_value', 'NONE');
#2224 = DIRECTION ( 'NONE',  ( -0.4036298484864445091, 0.9040139324509700591, 0.1408607658127077611 ) ) ;
#2225 = ORIENTED_EDGE ( 'NONE', *, *, #1287, .T. ) ;
#2226 = EDGE_CURVE ( 'NONE', #517, #4916, #1849, .T. ) ;
#2227 = ORIENTED_EDGE ( 'NONE', *, *, #1415, .T. ) ;
#2228 = CARTESIAN_POINT ( 'NONE',  ( -7.687984010349380171, 0.7867438938147223171, 132.6096920514328872 ) ) ;
#2229 = AXIS2_PLACEMENT_3D ( 'NONE', #640, #4430, #4066 ) ;
#2230 = PRESENTATION_STYLE_ASSIGNMENT (( #2583 ) ) ;
#2231 = DIRECTION ( 'NONE',  ( -0.7292504199660254649, -0.2249069998420399341, -0.6462280297243599980 ) ) ;
#2232 = DIRECTION ( 'NONE',  ( -0.4036298484864154212, 0.9040139324509844920, 0.1408607658127000728 ) ) ;
#2233 = CARTESIAN_POINT ( 'NONE',  ( -0.7921086919688569150, -0.3619849996322831998, 124.2457451498373047 ) ) ;
#2234 =( NAMED_UNIT ( * ) PLANE_ANGLE_UNIT ( ) SI_UNIT ( $, .RADIAN. ) );
#2235 = EDGE_CURVE ( 'NONE', #2143, #3623, #581, .T. ) ;
#2236 = LINE ( 'NONE', #4550, #2876 ) ;
#2237 = SURFACE_SIDE_STYLE ('',( #337 ) ) ;
#2238 = DIRECTION ( 'NONE',  ( 0.7292504199660264641, 0.2249069998420402949, 0.6462280297243586658 ) ) ;
#2239 = ORIENTED_EDGE ( 'NONE', *, *, #3160, .T. ) ;
#2240 = VERTEX_POINT ( 'NONE', #5072 ) ;
#2241 = FILL_AREA_STYLE_COLOUR ( '', #4133 ) ;
#2242 = CARTESIAN_POINT ( 'NONE',  ( -20.15540746492992952, 0.4683665267411862843, 98.99915020139917488 ) ) ;
#2243 =( NAMED_UNIT ( * ) SI_UNIT ( $, .STERADIAN. ) SOLID_ANGLE_UNIT ( ) );
#2244 =( LENGTH_UNIT ( ) NAMED_UNIT ( * ) SI_UNIT ( .MILLI., .METRE. ) );
#2245 = EDGE_CURVE ( 'NONE', #4838, #2833, #3430, .T. ) ;
#2246 = MECHANICAL_DESIGN_GEOMETRIC_PRESENTATION_REPRESENTATION (  '', ( #3663 ), #2401 ) ;
#2247 = FILL_AREA_STYLE_COLOUR ( '', #3202 ) ;
#2248 = LINE ( 'NONE', #3841, #2310 ) ;
#2249 = ORIENTED_EDGE ( 'NONE', *, *, #4955, .T. ) ;
#2250 = DIRECTION ( 'NONE',  ( -0.4036298484864154212, 0.9040139324509844920, 0.1408607658127000728 ) ) ;
#2251 =( NAMED_UNIT ( * ) SI_UNIT ( $, .STERADIAN. ) SOLID_ANGLE_UNIT ( ) );
#2252 = FACE_OUTER_BOUND ( 'NONE', #3223, .T. ) ;
#2253 = ORIENTED_EDGE ( 'NONE', *, *, #696, .F. ) ;
#2254 = ORIENTED_EDGE ( 'NONE', *, *, #1515, .F. ) ;
#2255 = PRESENTATION_STYLE_ASSIGNMENT (( #3523 ) ) ;
#2256 = DIRECTION ( 'NONE',  ( 0.4962987577851414311, 0.08699870934529771449, 0.8637816666225197615 ) ) ;
#2257 = DIRECTION ( 'NONE',  ( -0.4036298484864445091, 0.9040139324509700591, 0.1408607658127077611 ) ) ;
#2258 = EDGE_CURVE ( 'NONE', #1148, #3936, #3521, .T. ) ;
#2259 = CARTESIAN_POINT ( 'NONE',  ( -8.707616219865393248, 1.823706305066162825, 123.0329837774501698 ) ) ;
#2260 = UNCERTAINTY_MEASURE_WITH_UNIT (LENGTH_MEASURE( 1.000000000000000082E-05 ), #5125, 'distance_accuracy_value', 'NONE');
#2261 = DIRECTION ( 'NONE',  ( 0.7292504199660264641, 0.2249069998420402949, 0.6462280297243586658 ) ) ;
#2262 = LINE ( 'NONE', #669, #2195 ) ;
#2263 = CYLINDRICAL_SURFACE ( 'NONE', #2864, 9.686499999999998778 ) ;
#2264 = DIRECTION ( 'NONE',  ( -0.4036298484864446201, 0.9040139324509703922, 0.1408607658127077888 ) ) ;
#2265 = DIRECTION ( 'NONE',  ( 0.4036298484864154212, -0.9040139324509844920, -0.1408607658127000728 ) ) ;
#2266 = ORIENTED_EDGE ( 'NONE', *, *, #2888, .F. ) ;
#2267 = EDGE_CURVE ( 'NONE', #4666, #4644, #2377, .T. ) ;
#2268 = CARTESIAN_POINT ( 'NONE',  ( -5.669834767917158125, -3.733325768440127312, 131.9053882223693677 ) ) ;
#2269 = ADVANCED_FACE ( 'NONE', ( #4648 ), #4243, .T. ) ;
#2270 = PRESENTATION_LAYER_ASSIGNMENT (  '', '', ( #4255 ) ) ;
#2271 = SURFACE_SIDE_STYLE ('',( #727 ) ) ;
#2272 = ORIENTED_EDGE ( 'NONE', *, *, #397, .T. ) ;
#2273 =( GEOMETRIC_REPRESENTATION_CONTEXT ( 3 ) GLOBAL_UNCERTAINTY_ASSIGNED_CONTEXT ( ( #949 ) ) GLOBAL_UNIT_ASSIGNED_CONTEXT ( ( #1256, #4000, #2426 ) ) REPRESENTATION_CONTEXT ( 'NONE', 'WORKASPACE' ) );
#2274 = ORIENTED_EDGE ( 'NONE', *, *, #4996, .T. ) ;
#2275 = CARTESIAN_POINT ( 'NONE',  ( -5.042991016849841301, 2.420327374739852822, 129.7758007044712087 ) ) ;
#2276 = SURFACE_STYLE_USAGE ( .BOTH. , #4185 ) ;
#2277 = DIRECTION ( 'NONE',  ( 0.4036298484864446201, -0.9040139324509703922, -0.1408607658127077888 ) ) ;
#2278 =( GEOMETRIC_REPRESENTATION_CONTEXT ( 3 ) GLOBAL_UNCERTAINTY_ASSIGNED_CONTEXT ( ( #2141 ) ) GLOBAL_UNIT_ASSIGNED_CONTEXT ( ( #481, #1340, #2906 ) ) REPRESENTATION_CONTEXT ( 'NONE', 'WORKASPACE' ) );
#2279 = CARTESIAN_POINT ( 'NONE',  ( -24.77268807684414753, -0.3900129825878766443, 91.27744549699227150 ) ) ;
#2280 = ORIENTED_EDGE ( 'NONE', *, *, #1492, .F. ) ;
#2281 =( NAMED_UNIT ( * ) SI_UNIT ( $, .STERADIAN. ) SOLID_ANGLE_UNIT ( ) );
#2282 =( GEOMETRIC_REPRESENTATION_CONTEXT ( 3 ) GLOBAL_UNCERTAINTY_ASSIGNED_CONTEXT ( ( #3845 ) ) GLOBAL_UNIT_ASSIGNED_CONTEXT ( ( #1292, #503, #935 ) ) REPRESENTATION_CONTEXT ( 'NONE', 'WORKASPACE' ) );
#2283 = AXIS2_PLACEMENT_3D ( 'NONE', #2406, #1233, #356 ) ;
#2284 = DIRECTION ( 'NONE',  ( -0.008861879339743333750, -0.1578149520867551947, 0.9874289381988067271 ) ) ;
#2285 = ORIENTED_EDGE ( 'NONE', *, *, #3402, .T. ) ;
#2286 = FILL_AREA_STYLE ('',( #713 ) ) ;
#2287 = ORIENTED_EDGE ( 'NONE', *, *, #274, .F. ) ;
#2288 = SURFACE_SIDE_STYLE ('',( #332 ) ) ;
#2289 = FILL_AREA_STYLE_COLOUR ( '', #4310 ) ;
#2290 = PRESENTATION_STYLE_ASSIGNMENT (( #3886 ) ) ;
#2291 = AXIS2_PLACEMENT_3D ( 'NONE', #4554, #281, #4154 ) ;
#2292 = CARTESIAN_POINT ( 'NONE',  ( -53.75412599084689447, -9.956638199812070766, 69.62904046634996291 ) ) ;
#2293 = DIRECTION ( 'NONE',  ( -0.4036298484864445091, 0.9040139324509700591, 0.1408607658127077611 ) ) ;
#2294 = CARTESIAN_POINT ( 'NONE',  ( -18.11067258447862116, -3.578258279253480723, 95.33255955773930168 ) ) ;
#2295 = DIRECTION ( 'NONE',  ( -0.008861879339743833350, -0.1578149520867543898, 0.9874289381988069492 ) ) ;
#2296 = STYLED_ITEM ( 'NONE', ( #4607 ), #3347 ) ;
#2297 = MECHANICAL_DESIGN_GEOMETRIC_PRESENTATION_REPRESENTATION (  '', ( #1391 ), #3204 ) ;
#2298 = FILL_AREA_STYLE_COLOUR ( '', #908 ) ;
#2299 = ORIENTED_EDGE ( 'NONE', *, *, #1694, .T. ) ;
#2300 =( GEOMETRIC_REPRESENTATION_CONTEXT ( 3 ) GLOBAL_UNCERTAINTY_ASSIGNED_CONTEXT ( ( #3889 ) ) GLOBAL_UNIT_ASSIGNED_CONTEXT ( ( #4589, #2592, #2243 ) ) REPRESENTATION_CONTEXT ( 'NONE', 'WORKASPACE' ) );
#2301 = EDGE_LOOP ( 'NONE', ( #4322, #386, #2184, #4786 ) ) ;
#2302 = ORIENTED_EDGE ( 'NONE', *, *, #3088, .F. ) ;
#2303 = EDGE_CURVE ( 'NONE', #2679, #715, #1756, .T. ) ;
#2304 = CARTESIAN_POINT ( 'NONE',  ( 0.000000000000000000, 0.000000000000000000, 0.000000000000000000 ) ) ;
#2305 = DIRECTION ( 'NONE',  ( -0.4036298484864446201, 0.9040139324509703922, 0.1408607658127077888 ) ) ;
#2306 = ADVANCED_FACE ( 'NONE', ( #319 ), #706, .T. ) ;
#2307 = CARTESIAN_POINT ( 'NONE',  ( -4.530598772836751387, -1.321810725822990751, 119.6932329438468656 ) ) ;
#2308 = ORIENTED_EDGE ( 'NONE', *, *, #4200, .F. ) ;
#2309 = AXIS2_PLACEMENT_3D ( 'NONE', #2698, #4286, #4577 ) ;
#2310 = VECTOR ( 'NONE', #323, 1000.000000000000114 ) ;
#2311 = ORIENTED_EDGE ( 'NONE', *, *, #1728, .T. ) ;
#2312 = CARTESIAN_POINT ( 'NONE',  ( -5.423957130073066679, -0.1127633372390248884, 144.8699966572193318 ) ) ;
#2313 = VECTOR ( 'NONE', #2820, 1000.000000000000341 ) ;
#2314 =( NAMED_UNIT ( * ) PLANE_ANGLE_UNIT ( ) SI_UNIT ( $, .RADIAN. ) );
#2315 = DIRECTION ( 'NONE',  ( 0.4036298484864446201, -0.9040139324509703922, -0.1408607658127077888 ) ) ;
#2316 = PRESENTATION_STYLE_ASSIGNMENT (( #3149 ) ) ;
#2317 = PRESENTATION_LAYER_ASSIGNMENT (  '', '', ( #4523 ) ) ;
#2318 = DIRECTION ( 'NONE',  ( -0.2034861408258022419, 0.06140290946268641553, -0.9771504864663062007 ) ) ;
#2319 = UNCERTAINTY_MEASURE_WITH_UNIT (LENGTH_MEASURE( 1.000000000000000082E-05 ), #1503, 'distance_accuracy_value', 'NONE');
#2320 = DIRECTION ( 'NONE',  ( 0.4036298484864446201, -0.9040139324509703922, -0.1408607658127077888 ) ) ;
#2321 = DIRECTION ( 'NONE',  ( -0.4036298484864445091, 0.9040139324509700591, 0.1408607658127077611 ) ) ;
#2322 = FILL_AREA_STYLE ('',( #3044 ) ) ;
#2323 =( GEOMETRIC_REPRESENTATION_CONTEXT ( 3 ) GLOBAL_UNCERTAINTY_ASSIGNED_CONTEXT ( ( #3784 ) ) GLOBAL_UNIT_ASSIGNED_CONTEXT ( ( #813, #884, #2778 ) ) REPRESENTATION_CONTEXT ( 'NONE', 'WORKASPACE' ) );
#2324 = CARTESIAN_POINT ( 'NONE',  ( 0.1280842564324131683, 3.235072232963031702, 139.2934234300343519 ) ) ;
#2325 = DIRECTION ( 'NONE',  ( 0.4036298484864446201, -0.9040139324509703922, -0.1408607658127077888 ) ) ;
#2326 = SURFACE_STYLE_FILL_AREA ( #4266 ) ;
#2327 = CARTESIAN_POINT ( 'NONE',  ( -12.10972802011529126, -5.515947951523163972, 124.8926629815893250 ) ) ;
#2328 =( NAMED_UNIT ( * ) PLANE_ANGLE_UNIT ( ) SI_UNIT ( $, .RADIAN. ) );
#2329 = FILL_AREA_STYLE_COLOUR ( '', #4679 ) ;
#2330 = EDGE_CURVE ( 'NONE', #480, #872, #3924, .T. ) ;
#2331 = AXIS2_PLACEMENT_3D ( 'NONE', #4776, #1229, #3566 ) ;
#2332 = VERTEX_POINT ( 'NONE', #2576 ) ;
#2333 = CARTESIAN_POINT ( 'NONE',  ( 2.146233498864635436, -1.284997429291817816, 138.5891196009707755 ) ) ;
#2334 = DIRECTION ( 'NONE',  ( -0.4036298484864446201, 0.9040139324509703922, 0.1408607658127077888 ) ) ;
#2335 = ORIENTED_EDGE ( 'NONE', *, *, #178, .F. ) ;
#2336 = ORIENTED_EDGE ( 'NONE', *, *, #3671, .T. ) ;
#2337 = CIRCLE ( 'NONE', #4459, 4.500000000000000000 ) ;
#2338 = EDGE_CURVE ( 'NONE', #966, #1003, #4647, .T. ) ;
#2339 = CIRCLE ( 'NONE', #96, 4.499999999999993783 ) ;
#2340 = EDGE_LOOP ( 'NONE', ( #3823, #2806, #4720, #2551 ) ) ;
#2341 =( NAMED_UNIT ( * ) PLANE_ANGLE_UNIT ( ) SI_UNIT ( $, .RADIAN. ) );
#2342 =( NAMED_UNIT ( * ) PLANE_ANGLE_UNIT ( ) SI_UNIT ( $, .RADIAN. ) );
#2343 = CARTESIAN_POINT ( 'NONE',  ( -2.291878105037553848, 1.788177499183537522, 141.6449934709356455 ) ) ;
#2344 = FILL_AREA_STYLE_COLOUR ( '', #3184 ) ;
#2345 =( NAMED_UNIT ( * ) PLANE_ANGLE_UNIT ( ) SI_UNIT ( $, .RADIAN. ) );
#2346 = AXIS2_PLACEMENT_3D ( 'NONE', #2333, #1933, #3920 ) ;
#2347 =( NAMED_UNIT ( * ) SI_UNIT ( $, .STERADIAN. ) SOLID_ANGLE_UNIT ( ) );
#2348 = DIRECTION ( 'NONE',  ( -0.4036298484864445091, 0.9040139324509701702, 0.1408607658127077611 ) ) ;
#2349 = DIRECTION ( 'NONE',  ( -0.7292504199660254649, -0.2249069998420399341, -0.6462280297243599980 ) ) ;
#2350 = CARTESIAN_POINT ( 'NONE',  ( -5.669834767917158125, -3.733325768440127312, 131.9053882223693677 ) ) ;
#2351 = DIRECTION ( 'NONE',  ( -0.4036298484864445091, 0.9040139324509701702, 0.1408607658127077611 ) ) ;
#2352 = ORIENTED_EDGE ( 'NONE', *, *, #73, .T. ) ;
#2353 = SURFACE_STYLE_USAGE ( .BOTH. , #1155 ) ;
#2354 = DIRECTION ( 'NONE',  ( -0.4036298484864445091, 0.9040139324509700591, 0.1408607658127077611 ) ) ;
#2355 = SURFACE_STYLE_USAGE ( .BOTH. , #782 ) ;
#2356 = CARTESIAN_POINT ( 'NONE',  ( -15.43211838853427231, -3.314105841716204814, 136.7376087692472026 ) ) ;
#2357 = VERTEX_POINT ( 'NONE', #3941 ) ;
#2358 = SURFACE_SIDE_STYLE ('',( #1183 ) ) ;
#2359 = AXIS2_PLACEMENT_3D ( 'NONE', #1705, #4850, #4448 ) ;
#2360 = ORIENTED_EDGE ( 'NONE', *, *, #103, .F. ) ;
#2361 = SURFACE_STYLE_USAGE ( .BOTH. , #2863 ) ;
#2362 = EDGE_CURVE ( 'NONE', #3893, #2461, #2161, .T. ) ;
#2363 = STYLED_ITEM ( 'NONE', ( #3477 ), #3758 ) ;
#2364 = DIRECTION ( 'NONE',  ( -0.4036298484864445091, 0.9040139324509700591, 0.1408607658127077611 ) ) ;
#2365 = CARTESIAN_POINT ( 'NONE',  ( -16.51015879122933683, -7.845393400525265015, 127.2333142868714901 ) ) ;
#2366 = PRESENTATION_STYLE_ASSIGNMENT (( #3957 ) ) ;
#2367 = DIRECTION ( 'NONE',  ( 0.4962987577851403209, 0.08699870934529761735, 0.8637816666225204276 ) ) ;
#2368 = AXIS2_PLACEMENT_3D ( 'NONE', #1944, #1168, #302 ) ;
#2369 = DIRECTION ( 'NONE',  ( -0.4036298484864446201, 0.9040139324509703922, 0.1408607658127077888 ) ) ;
#2370 =( GEOMETRIC_REPRESENTATION_CONTEXT ( 3 ) GLOBAL_UNCERTAINTY_ASSIGNED_CONTEXT ( ( #264 ) ) GLOBAL_UNIT_ASSIGNED_CONTEXT ( ( #3175, #4395, #3194 ) ) REPRESENTATION_CONTEXT ( 'NONE', 'WORKASPACE' ) );
#2371 = EDGE_CURVE ( 'NONE', #5080, #3263, #4316, .T. ) ;
#2372 = AXIS2_PLACEMENT_3D ( 'NONE', #3321, #4483, #4891 ) ;
#2373 = AXIS2_PLACEMENT_3D ( 'NONE', #579, #159, #2948 ) ;
#2374 = VECTOR ( 'NONE', #4265, 1000.000000000000341 ) ;
#2375 = ORIENTED_EDGE ( 'NONE', *, *, #564, .T. ) ;
#2376 = CIRCLE ( 'NONE', #3790, 4.499999999999993783 ) ;
#2377 = LINE ( 'NONE', #2327, #2571 ) ;
#2378 = SURFACE_SIDE_STYLE ('',( #2415 ) ) ;
#2379 = STYLED_ITEM ( 'NONE', ( #476 ), #2674 ) ;
#2380 = CARTESIAN_POINT ( 'NONE',  ( -7.547917384086608728, 2.338939410171125388, 123.0493911843466179 ) ) ;
#2381 = ORIENTED_EDGE ( 'NONE', *, *, #618, .T. ) ;
#2382 = DIRECTION ( 'NONE',  ( -0.4036298484864445091, 0.9040139324509701702, 0.1408607658127077611 ) ) ;
#2383 = ADVANCED_FACE ( 'NONE', ( #4293 ), #5099, .F. ) ;
#2384 = ORIENTED_EDGE ( 'NONE', *, *, #206, .T. ) ;
#2385 = DIRECTION ( 'NONE',  ( 0.008861879339743833350, 0.1578149520867543898, -0.9874289381988069492 ) ) ;
#2386 = CYLINDRICAL_SURFACE ( 'NONE', #4456, 4.500000000000003553 ) ;
#2387 = EDGE_CURVE ( 'NONE', #517, #4597, #2823, .T. ) ;
#2388 = FACE_OUTER_BOUND ( 'NONE', #4986, .T. ) ;
#2389 = COLOUR_RGB ( '',0.7764705882352941346, 0.7568627450980391913, 0.7372549019607843590 ) ;
#2390 = ORIENTED_EDGE ( 'NONE', *, *, #1611, .F. ) ;
#2391 = SURFACE_STYLE_FILL_AREA ( #1146 ) ;
#2392 = ADVANCED_FACE ( 'NONE', ( #1568 ), #1224, .T. ) ;
#2393 = EDGE_LOOP ( 'NONE', ( #1262, #9 ) ) ;
#2394 = FACE_OUTER_BOUND ( 'NONE', #4278, .T. ) ;
#2395 = CARTESIAN_POINT ( 'NONE',  ( -14.65598791912529819, -3.379423448737935320, 139.3807681217265042 ) ) ;
#2396 = ORIENTED_EDGE ( 'NONE', *, *, #623, .T. ) ;
#2397 = CARTESIAN_POINT ( 'NONE',  ( -2.507475985040121813, -0.9616919924109958995, 123.1792312566750525 ) ) ;
#2398 = ORIENTED_EDGE ( 'NONE', *, *, #4451, .F. ) ;
#2399 = VERTEX_POINT ( 'NONE', #2397 ) ;
#2400 = CARTESIAN_POINT ( 'NONE',  ( -7.687984010349380171, 0.7867438938147223171, 132.6096920514328872 ) ) ;
#2401 =( GEOMETRIC_REPRESENTATION_CONTEXT ( 3 ) GLOBAL_UNCERTAINTY_ASSIGNED_CONTEXT ( ( #3704 ) ) GLOBAL_UNIT_ASSIGNED_CONTEXT ( ( #259, #2654, #4650 ) ) REPRESENTATION_CONTEXT ( 'NONE', 'WORKASPACE' ) );
#2402 = LINE ( 'NONE', #2450, #4404 ) ;
#2403 = STYLED_ITEM ( 'NONE', ( #3746 ), #661 ) ;
#2404 = PRODUCT ( 'LGB', 'LGB', '', ( #807 ) ) ;
#2405 = FACE_OUTER_BOUND ( 'NONE', #2469, .T. ) ;
#2406 = CARTESIAN_POINT ( 'NONE',  ( -12.26001987367291157, -2.640486630785611855, 141.5039643063339270 ) ) ;
#2407 = ORIENTED_EDGE ( 'NONE', *, *, #3858, .T. ) ;
#2408 = ORIENTED_EDGE ( 'NONE', *, *, #1149, .F. ) ;
#2409 = AXIS2_PLACEMENT_3D ( 'NONE', #2120, #3721, #158 ) ;
#2410 = PRESENTATION_STYLE_ASSIGNMENT (( #3962 ) ) ;
#2411 = CYLINDRICAL_SURFACE ( 'NONE', #1380, 4.500000000000003553 ) ;
#2412 = ADVANCED_FACE ( 'NONE', ( #431 ), #2059, .T. ) ;
#2413 = SURFACE_STYLE_USAGE ( .BOTH. , #4762 ) ;
#2414 = EDGE_CURVE ( 'NONE', #2085, #1160, #3600, .T. ) ;
#2415 = SURFACE_STYLE_FILL_AREA ( #4734 ) ;
#2416 = ORIENTED_EDGE ( 'NONE', *, *, #4511, .F. ) ;
#2417 = PRESENTATION_STYLE_ASSIGNMENT (( #4038 ) ) ;
#2418 = SURFACE_STYLE_FILL_AREA ( #2860 ) ;
#2419 = ORIENTED_EDGE ( 'NONE', *, *, #10, .F. ) ;
#2420 = VECTOR ( 'NONE', #4749, 1000.000000000000114 ) ;
#2421 = SURFACE_STYLE_FILL_AREA ( #2116 ) ;
#2422 = CARTESIAN_POINT ( 'NONE',  ( -9.740832878740823375, -1.558865235462257859, 141.7809630422059968 ) ) ;
#2423 = MECHANICAL_DESIGN_GEOMETRIC_PRESENTATION_REPRESENTATION (  '', ( #2180 ), #2273 ) ;
#2424 = CYLINDRICAL_SURFACE ( 'NONE', #3261, 4.500000000000003553 ) ;
#2425 = DIRECTION ( 'NONE',  ( 0.4036298484864153657, -0.9040139324509843810, -0.1408607658127000450 ) ) ;
#2426 =( NAMED_UNIT ( * ) SI_UNIT ( $, .STERADIAN. ) SOLID_ANGLE_UNIT ( ) );
#2427 = CARTESIAN_POINT ( 'NONE',  ( -9.394605946573392430, -1.860120327380164085, 144.7064499377988511 ) ) ;
#2428 = STYLED_ITEM ( 'NONE', ( #273 ), #1123 ) ;
#2429 = CARTESIAN_POINT ( 'NONE',  ( -11.47305856674845437, -7.390097865794825971, 138.7448979722480544 ) ) ;
#2430 =( NAMED_UNIT ( * ) SI_UNIT ( $, .STERADIAN. ) SOLID_ANGLE_UNIT ( ) );
#2431 = VERTEX_POINT ( 'NONE', #4823 ) ;
#2432 =( NAMED_UNIT ( * ) SI_UNIT ( $, .STERADIAN. ) SOLID_ANGLE_UNIT ( ) );
#2433 = CIRCLE ( 'NONE', #1212, 1.499999999999932720 ) ;
#2434 = DIRECTION ( 'NONE',  ( 0.7292504199660262421, 0.2249069998420401839, 0.6462280297243589988 ) ) ;
#2435 = PRESENTATION_LAYER_ASSIGNMENT (  '', '', ( #4335 ) ) ;
#2436 =( GEOMETRIC_REPRESENTATION_CONTEXT ( 3 ) GLOBAL_UNCERTAINTY_ASSIGNED_CONTEXT ( ( #2223 ) ) GLOBAL_UNIT_ASSIGNED_CONTEXT ( ( #3322, #2015, #1643 ) ) REPRESENTATION_CONTEXT ( 'NONE', 'WORKASPACE' ) );
#2437 = AXIS2_PLACEMENT_3D ( 'NONE', #2891, #2968, #1431 ) ;
#2438 = ORIENTED_EDGE ( 'NONE', *, *, #3960, .T. ) ;
#2439 = PRESENTATION_LAYER_ASSIGNMENT (  '', '', ( #1781 ) ) ;
#2440 = AXIS2_PLACEMENT_3D ( 'NONE', #1126, #3835, #3782 ) ;
#2441 = COLOUR_RGB ( '',0.7764705882352941346, 0.7568627450980391913, 0.7372549019607843590 ) ;
#2442 = EDGE_CURVE ( 'NONE', #1484, #4847, #4474, .T. ) ;
#2443 = EDGE_LOOP ( 'NONE', ( #5070, #1928, #131, #4429 ) ) ;
#2444 = STYLED_ITEM ( 'NONE', ( #656 ), #4159 ) ;
#2445 = STYLED_ITEM ( 'NONE', ( #2827 ), #3619 ) ;
#2446 = VERTEX_POINT ( 'NONE', #964 ) ;
#2447 = SURFACE_SIDE_STYLE ('',( #1251 ) ) ;
#2448 = EDGE_CURVE ( 'NONE', #1274, #1830, #2754, .T. ) ;
#2449 = FILL_AREA_STYLE_COLOUR ( '', #1423 ) ;
#2450 = CARTESIAN_POINT ( 'NONE',  ( -1.700704173129948593, -3.336568490933777831, 140.7324414245580328 ) ) ;
#2451 = CARTESIAN_POINT ( 'NONE',  ( -15.82189375104132267, -2.166732650863744780, 128.2571329329014702 ) ) ;
#2452 = EDGE_LOOP ( 'NONE', ( #1615, #3848, #322, #2522 ) ) ;
#2453 = VERTEX_POINT ( 'NONE', #4012 ) ;
#2454 = SURFACE_STYLE_USAGE ( .BOTH. , #1647 ) ;
#2455 = CARTESIAN_POINT ( 'NONE',  ( -3.115948147025906501, 4.213974418415036283, 123.7154197965317906 ) ) ;
#2456 = FILL_AREA_STYLE_COLOUR ( '', #1465 ) ;
#2457 = ADVANCED_FACE ( 'NONE', ( #2802 ), #63, .T. ) ;
#2458 = FACE_OUTER_BOUND ( 'NONE', #2166, .T. ) ;
#2459 = CARTESIAN_POINT ( 'NONE',  ( -7.687984010349380171, 0.7867438938147223171, 132.6096920514328872 ) ) ;
#2460 = DIRECTION ( 'NONE',  ( 0.7292504199660266861, 0.2249069998420403227, 0.6462280297243581106 ) ) ;
#2461 = VERTEX_POINT ( 'NONE', #2489 ) ;
#2462 = DIRECTION ( 'NONE',  ( -0.4036298484864446201, 0.9040139324509703922, 0.1408607658127077888 ) ) ;
#2463 = CIRCLE ( 'NONE', #1252, 1.499999999999932720 ) ;
#2464 = CARTESIAN_POINT ( 'NONE',  ( -7.687984010349380171, 0.7867438938147223171, 132.6096920514328872 ) ) ;
#2465 = ORIENTED_EDGE ( 'NONE', *, *, #3131, .F. ) ;
#2466 = EDGE_CURVE ( 'NONE', #1339, #1859, #4481, .T. ) ;
#2467 = SURFACE_STYLE_FILL_AREA ( #3717 ) ;
#2468 = MECHANICAL_DESIGN_GEOMETRIC_PRESENTATION_REPRESENTATION (  '', ( #3575 ), #1427 ) ;
#2469 = EDGE_LOOP ( 'NONE', ( #2048, #2225, #655, #1235 ) ) ;
#2470 = ORIENTED_EDGE ( 'NONE', *, *, #3157, .F. ) ;
#2471 = STYLED_ITEM ( 'NONE', ( #4543 ), #1842 ) ;
#2472 = ADVANCED_FACE ( 'NONE', ( #4211, #995, #4987, #1453, #2933, #4617 ), #3017, .T. ) ;
#2473 = EDGE_CURVE ( 'NONE', #2978, #3893, #2701, .T. ) ;
#2474 =( NAMED_UNIT ( * ) SI_UNIT ( $, .STERADIAN. ) SOLID_ANGLE_UNIT ( ) );
#2475 = DIRECTION ( 'NONE',  ( 0.4174915651033624386, 0.3189817150124966694, -0.8508533707726797513 ) ) ;
#2476 = VERTEX_POINT ( 'NONE', #3558 ) ;
#2477 = VECTOR ( 'NONE', #4203, 1000.000000000000000 ) ;
#2478 = VERTEX_POINT ( 'NONE', #3105 ) ;
#2479 = FILL_AREA_STYLE_COLOUR ( '', #407 ) ;
#2480 =( NAMED_UNIT ( * ) SI_UNIT ( $, .STERADIAN. ) SOLID_ANGLE_UNIT ( ) );
#2481 = VECTOR ( 'NONE', #2364, 1000.000000000000341 ) ;
#2482 = VECTOR ( 'NONE', #4562, 1000.000000000000341 ) ;
#2483 = UNCERTAINTY_MEASURE_WITH_UNIT (LENGTH_MEASURE( 1.000000000000000082E-05 ), #1869, 'distance_accuracy_value', 'NONE');
#2484 = AXIS2_PLACEMENT_3D ( 'NONE', #3517, #5075, #1157 ) ;
#2485 = MECHANICAL_DESIGN_GEOMETRIC_PRESENTATION_REPRESENTATION (  '', ( #776 ), #1829 ) ;
#2486 = DIRECTION ( 'NONE',  ( 0.7292504199660264641, 0.2249069998420402949, 0.6462280297243586658 ) ) ;
#2487 = CARTESIAN_POINT ( 'NONE',  ( -12.65058395165007177, -3.110336176139557374, 143.4002142237360999 ) ) ;
#2488 = VERTEX_POINT ( 'NONE', #5115 ) ;
#2489 = CARTESIAN_POINT ( 'NONE',  ( 3.032508663556213957, -0.2220932405304366364, 134.3072098613844503 ) ) ;
#2490 =( NAMED_UNIT ( * ) SI_UNIT ( $, .STERADIAN. ) SOLID_ANGLE_UNIT ( ) );
#2491 = ORIENTED_EDGE ( 'NONE', *, *, #725, .F. ) ;
#2492 = ORIENTED_EDGE ( 'NONE', *, *, #16, .T. ) ;
#2493 = CARTESIAN_POINT ( 'NONE',  ( 4.754118212562340240, 3.558022991857036299, 132.7284541471078683 ) ) ;
#2494 = DIRECTION ( 'NONE',  ( -0.4036298484864445091, 0.9040139324509701702, 0.1408607658127077611 ) ) ;
#2495 = DIRECTION ( 'NONE',  ( -0.4036298484864154212, 0.9040139324509844920, 0.1408607658127000728 ) ) ;
#2496 = ORIENTED_EDGE ( 'NONE', *, *, #4524, .F. ) ;
#2497 = EDGE_CURVE ( 'NONE', #3437, #2431, #1047, .T. ) ;
#2498 = VERTEX_POINT ( 'NONE', #2677 ) ;
#2499 = ADVANCED_FACE ( 'NONE', ( #3533 ), #3915, .T. ) ;
#2500 = CARTESIAN_POINT ( 'NONE',  ( -14.12787726254751597, -0.9958782892683145649, 125.5969668106528587 ) ) ;
#2501 = FACE_OUTER_BOUND ( 'NONE', #35, .T. ) ;
#2502 = CARTESIAN_POINT ( 'NONE',  ( -14.60995214949087639, -6.430171059356374563, 123.5956754306691181 ) ) ;
#2503 = PRESENTATION_STYLE_ASSIGNMENT (( #904 ) ) ;
#2504 =( LENGTH_UNIT ( ) NAMED_UNIT ( * ) SI_UNIT ( .MILLI., .METRE. ) );
#2505 = AXIS2_PLACEMENT_3D ( 'NONE', #90, #2856, #3253 ) ;
#2506 = EDGE_CURVE ( 'NONE', #3906, #2725, #1926, .T. ) ;
#2507 =( GEOMETRIC_REPRESENTATION_CONTEXT ( 3 ) GLOBAL_UNCERTAINTY_ASSIGNED_CONTEXT ( ( #59 ) ) GLOBAL_UNIT_ASSIGNED_CONTEXT ( ( #4226, #744, #693 ) ) REPRESENTATION_CONTEXT ( 'NONE', 'WORKASPACE' ) );
#2508 = DIRECTION ( 'NONE',  ( -0.5562278320532650921, -0.3647011537589213703, 0.7467286436827211826 ) ) ;
#2509 = VECTOR ( 'NONE', #4162, 1000.000000000000341 ) ;
#2510 = EDGE_LOOP ( 'NONE', ( #1385, #283, #2902, #130 ) ) ;
#2511 = SURFACE_STYLE_FILL_AREA ( #863 ) ;
#2512 = CIRCLE ( 'NONE', #3363, 4.500000000000002665 ) ;
#2513 = AXIS2_PLACEMENT_3D ( 'NONE', #897, #160, #1355 ) ;
#2514 = ORIENTED_EDGE ( 'NONE', *, *, #2535, .T. ) ;
#2515 = SURFACE_SIDE_STYLE ('',( #3368 ) ) ;
#2516 = STYLED_ITEM ( 'NONE', ( #314 ), #3288 ) ;
#2517 = VECTOR ( 'NONE', #4390, 1000.000000000000341 ) ;
#2518 = ORIENTED_EDGE ( 'NONE', *, *, #3088, .T. ) ;
#2519 = LINE ( 'NONE', #924, #4885 ) ;
#2520 = UNCERTAINTY_MEASURE_WITH_UNIT (LENGTH_MEASURE( 1.000000000000000082E-05 ), #4547, 'distance_accuracy_value', 'NONE');
#2521 = CARTESIAN_POINT ( 'NONE',  ( 4.791409909577093451, 9.265966792027148458, 114.0219771250532119 ) ) ;
#2522 = ORIENTED_EDGE ( 'NONE', *, *, #15, .T. ) ;
#2523 = ORIENTED_EDGE ( 'NONE', *, *, #2267, .T. ) ;
#2524 = CYLINDRICAL_SURFACE ( 'NONE', #2848, 12.49999999999999467 ) ;
#2525 = DIRECTION ( 'NONE',  ( 0.7292504199660264641, 0.2249069998420402394, 0.6462280297243586658 ) ) ;
#2526 = DIRECTION ( 'NONE',  ( -0.4036298484864446201, 0.9040139324509703922, 0.1408607658127077888 ) ) ;
#2527 =( LENGTH_UNIT ( ) NAMED_UNIT ( * ) SI_UNIT ( .MILLI., .METRE. ) );
#2528 = DIRECTION ( 'NONE',  ( -0.4036298484864445091, 0.9040139324509701702, 0.1408607658127077611 ) ) ;
#2529 = ADVANCED_FACE ( 'NONE', ( #3577 ), #1564, .T. ) ;
#2530 = DIRECTION ( 'NONE',  ( 0.7292504199660264641, 0.2249069998420402394, 0.6462280297243586658 ) ) ;
#2531 = ORIENTED_EDGE ( 'NONE', *, *, #3928, .T. ) ;
#2532 = CIRCLE ( 'NONE', #2707, 4.500000000000003553 ) ;
#2533 = ADVANCED_FACE ( 'NONE', ( #2090 ), #4092, .T. ) ;
#2534 = CARTESIAN_POINT ( 'NONE',  ( -63.48147303013421094, -16.33455473654120382, 82.68787758793897069 ) ) ;
#2535 = EDGE_CURVE ( 'NONE', #2357, #3797, #2248, .T. ) ;
#2536 =( NAMED_UNIT ( * ) PLANE_ANGLE_UNIT ( ) SI_UNIT ( $, .RADIAN. ) );
#2537 = VERTEX_POINT ( 'NONE', #652 ) ;
#2538 = AXIS2_PLACEMENT_3D ( 'NONE', #875, #4306, #2746 ) ;
#2539 = CIRCLE ( 'NONE', #2962, 9.686499999999997002 ) ;
#2540 =( GEOMETRIC_REPRESENTATION_CONTEXT ( 3 ) GLOBAL_UNCERTAINTY_ASSIGNED_CONTEXT ( ( #2172 ) ) GLOBAL_UNIT_ASSIGNED_CONTEXT ( ( #3276, #1337, #3334 ) ) REPRESENTATION_CONTEXT ( 'NONE', 'WORKASPACE' ) );
#2541 = CARTESIAN_POINT ( 'NONE',  ( -22.75453883441206671, -4.910082644842800548, 90.57314166792876620 ) ) ;
#2542 = COLOUR_RGB ( '',0.7764705882352941346, 0.7568627450980391913, 0.7372549019607843590 ) ;
#2543 = FILL_AREA_STYLE_COLOUR ( '', #2945 ) ;
#2544 = SURFACE_STYLE_FILL_AREA ( #943 ) ;
#2545 = COLOUR_RGB ( '',0.7764705882352941346, 0.7568627450980391913, 0.7372549019607843590 ) ;
#2546 = CARTESIAN_POINT ( 'NONE',  ( -11.25846404531846545, -5.011996365916813190, 124.0976672646940813 ) ) ;
#2547 = VERTEX_POINT ( 'NONE', #288 ) ;
#2548 = DIRECTION ( 'NONE',  ( -0.008861879339743333750, -0.1578149520867551947, 0.9874289381988067271 ) ) ;
#2549 = LINE ( 'NONE', #4536, #2509 ) ;
#2550 = PRESENTATION_STYLE_ASSIGNMENT (( #4944 ) ) ;
#2551 = ORIENTED_EDGE ( 'NONE', *, *, #2982, .F. ) ;
#2552 = ORIENTED_EDGE ( 'NONE', *, *, #1995, .F. ) ;
#2553 = SURFACE_SIDE_STYLE ('',( #1008 ) ) ;
#2554 = SURFACE_SIDE_STYLE ('',( #165 ) ) ;
#2555 = CARTESIAN_POINT ( 'NONE',  ( 3.311224902253699476, 0.7857202592477767755, 128.6379289419741951 ) ) ;
#2556 = FACE_OUTER_BOUND ( 'NONE', #3684, .T. ) ;
#2557 = DIRECTION ( 'NONE',  ( -0.4036298484864445091, 0.9040139324509701702, 0.1408607658127077611 ) ) ;
#2558 = CARTESIAN_POINT ( 'NONE',  ( -13.48590303469891261, -6.181654107588410163, 125.2216568437678461 ) ) ;
#2559 =( NAMED_UNIT ( * ) SI_UNIT ( $, .STERADIAN. ) SOLID_ANGLE_UNIT ( ) );
#2560 = EDGE_CURVE ( 'NONE', #3034, #2488, #1429, .T. ) ;
#2561 = DIRECTION ( 'NONE',  ( -0.7292504199660259090, -0.2249069998420404060, -0.6462280297243592209 ) ) ;
#2562 = AXIS2_PLACEMENT_3D ( 'NONE', #3053, #325, #707 ) ;
#2563 = CARTESIAN_POINT ( 'NONE',  ( -49.23221907797002217, -8.678812089443178834, 74.38553878030865008 ) ) ;
#2564 =( GEOMETRIC_REPRESENTATION_CONTEXT ( 3 ) GLOBAL_UNCERTAINTY_ASSIGNED_CONTEXT ( ( #3319 ) ) GLOBAL_UNIT_ASSIGNED_CONTEXT ( ( #622, #3819, #2251 ) ) REPRESENTATION_CONTEXT ( 'NONE', 'WORKASPACE' ) );
#2565 = UNCERTAINTY_MEASURE_WITH_UNIT (LENGTH_MEASURE( 1.000000000000000082E-05 ), #1810, 'distance_accuracy_value', 'NONE');
#2566 = VERTEX_POINT ( 'NONE', #4990 ) ;
#2567 = ADVANCED_FACE ( 'NONE', ( #619, #4909 ), #4245, .F. ) ;
#2568 = FACE_OUTER_BOUND ( 'NONE', #4059, .T. ) ;
#2569 = AXIS2_PLACEMENT_3D ( 'NONE', #1011, #2102, #4470 ) ;
#2570 = SURFACE_SIDE_STYLE ('',( #285 ) ) ;
#2571 = VECTOR ( 'NONE', #4329, 1000.000000000000341 ) ;
#2572 =( LENGTH_UNIT ( ) NAMED_UNIT ( * ) SI_UNIT ( .MILLI., .METRE. ) );
#2573 = SURFACE_SIDE_STYLE ('',( #1487 ) ) ;
#2574 = UNCERTAINTY_MEASURE_WITH_UNIT (LENGTH_MEASURE( 1.000000000000000082E-05 ), #1190, 'distance_accuracy_value', 'NONE');
#2575 = EDGE_LOOP ( 'NONE', ( #2249, #1041, #3325, #4455 ) ) ;
#2576 = CARTESIAN_POINT ( 'NONE',  ( -17.10286236961276884, -8.764639697609853286, 131.4344742121625131 ) ) ;
#2577 = SURFACE_SIDE_STYLE ('',( #293 ) ) ;
#2578 = PLANE ( 'NONE',  #3545 ) ;
#2579 = ORIENTED_EDGE ( 'NONE', *, *, #4049, .T. ) ;
#2580 = VERTEX_POINT ( 'NONE', #2218 ) ;
#2581 = DIRECTION ( 'NONE',  ( 0.4036298484864153657, -0.9040139324509843810, -0.1408607658127000450 ) ) ;
#2582 = UNCERTAINTY_MEASURE_WITH_UNIT (LENGTH_MEASURE( 1.000000000000000082E-05 ), #1888, 'distance_accuracy_value', 'NONE');
#2583 = SURFACE_STYLE_USAGE ( .BOTH. , #298 ) ;
#2584 = SURFACE_STYLE_FILL_AREA ( #3094 ) ;
#2585 = CARTESIAN_POINT ( 'NONE',  ( -20.14211464592031220, 0.7050889548713143995, 97.51800679410098383 ) ) ;
#2586 = SURFACE_STYLE_USAGE ( .BOTH. , #2237 ) ;
#2587 = AXIS2_PLACEMENT_3D ( 'NONE', #848, #4392, #4302 ) ;
#2588 = FACE_OUTER_BOUND ( 'NONE', #4837, .T. ) ;
#2589 = DIRECTION ( 'NONE',  ( -0.7292504199660253539, -0.2249069998420399341, -0.6462280297243599980 ) ) ;
#2590 = VERTEX_POINT ( 'NONE', #3814 ) ;
#2591 = FILL_AREA_STYLE_COLOUR ( '', #787 ) ;
#2592 =( NAMED_UNIT ( * ) PLANE_ANGLE_UNIT ( ) SI_UNIT ( $, .RADIAN. ) );
#2593 = FILL_AREA_STYLE ('',( #4559 ) ) ;
#2594 = CIRCLE ( 'NONE', #380, 4.500000000000000000 ) ;
#2595 = EDGE_CURVE ( 'NONE', #1592, #2478, #3302, .T. ) ;
#2596 = DIRECTION ( 'NONE',  ( -0.4036298484864445091, 0.9040139324509701702, 0.1408607658127077611 ) ) ;
#2597 =( GEOMETRIC_REPRESENTATION_CONTEXT ( 3 ) GLOBAL_UNCERTAINTY_ASSIGNED_CONTEXT ( ( #2260 ) ) GLOBAL_UNIT_ASSIGNED_CONTEXT ( ( #5125, #2345, #1902 ) ) REPRESENTATION_CONTEXT ( 'NONE', 'WORKASPACE' ) );
#2598 = CARTESIAN_POINT ( 'NONE',  ( -10.01327754396909420, 1.352992694618855296, 122.3126112890679451 ) ) ;
#2599 = CIRCLE ( 'NONE', #2283, 4.499999999999992006 ) ;
#2600 = CARTESIAN_POINT ( 'NONE',  ( -8.568954400559183782, -3.587786198995089215, 122.6640568334754562 ) ) ;
#2601 = MECHANICAL_DESIGN_GEOMETRIC_PRESENTATION_REPRESENTATION (  '', ( #4582 ), #1861 ) ;
#2602 = EDGE_LOOP ( 'NONE', ( #436, #4758, #3142, #3234 ) ) ;
#2603 = STYLED_ITEM ( 'NONE', ( #548 ), #4013 ) ;
#2604 = AXIS2_PLACEMENT_3D ( 'NONE', #470, #2047, #2475 ) ;
#2605 = FILL_AREA_STYLE ('',( #3434 ) ) ;
#2606 = EDGE_CURVE ( 'NONE', #1682, #2629, #393, .T. ) ;
#2607 = ORIENTED_EDGE ( 'NONE', *, *, #2858, .F. ) ;
#2608 = ORIENTED_EDGE ( 'NONE', *, *, #3763, .F. ) ;
#2609 = UNCERTAINTY_MEASURE_WITH_UNIT (LENGTH_MEASURE( 1.000000000000000082E-05 ), #4557, 'distance_accuracy_value', 'NONE');
#2610 =( GEOMETRIC_REPRESENTATION_CONTEXT ( 3 ) GLOBAL_UNCERTAINTY_ASSIGNED_CONTEXT ( ( #721 ) ) GLOBAL_UNIT_ASSIGNED_CONTEXT ( ( #3764, #3742, #3292 ) ) REPRESENTATION_CONTEXT ( 'NONE', 'WORKASPACE' ) );
#2611 = CARTESIAN_POINT ( 'NONE',  ( -6.695818323821601581, -5.798959013097916504, 142.2222684189282518 ) ) ;
#2612 = VECTOR ( 'NONE', #2216, 1000.000000000000341 ) ;
#2613 = FACE_OUTER_BOUND ( 'NONE', #3686, .T. ) ;
#2614 = DIRECTION ( 'NONE',  ( 0.8742437189090509486, 0.3356881868840227989, 0.3507297551314823014 ) ) ;
#2615 =( NAMED_UNIT ( * ) PLANE_ANGLE_UNIT ( ) SI_UNIT ( $, .RADIAN. ) );
#2616 = UNCERTAINTY_MEASURE_WITH_UNIT (LENGTH_MEASURE( 1.000000000000000082E-05 ), #1743, 'distance_accuracy_value', 'NONE');
#2617 = DIRECTION ( 'NONE',  ( 0.7292504199660264641, 0.2249069998420402949, 0.6462280297243586658 ) ) ;
#2618 = CARTESIAN_POINT ( 'NONE',  ( -7.722683636308600441, -6.078934897717107155, 141.0766592131424773 ) ) ;
#2619 = CARTESIAN_POINT ( 'NONE',  ( -15.50405227713113554, -1.661584445333560200, 125.9259606728313798 ) ) ;
#2620 = LINE ( 'NONE', #2985, #2029 ) ;
#2621 = DIRECTION ( 'NONE',  ( -0.6637165053083283750, -0.1833472909604438317, -0.7251649270881529441 ) ) ;
#2622 = ORIENTED_EDGE ( 'NONE', *, *, #2067, .F. ) ;
#2623 = PRESENTATION_LAYER_ASSIGNMENT (  '', '', ( #3386 ) ) ;
#2624 =( NAMED_UNIT ( * ) SI_UNIT ( $, .STERADIAN. ) SOLID_ANGLE_UNIT ( ) );
#2625 = AXIS2_PLACEMENT_3D ( 'NONE', #2598, #1826, #5023 ) ;
#2626 = CARTESIAN_POINT ( 'NONE',  ( -7.665434670814494922, 1.269228889401094351, 129.6488138444946117 ) ) ;
#2627 = EDGE_CURVE ( 'NONE', #3205, #472, #2775, .T. ) ;
#2628 = COLOUR_RGB ( '',0.7764705882352941346, 0.7568627450980391913, 0.7372549019607843590 ) ;
#2629 = VERTEX_POINT ( 'NONE', #3871 ) ;
#2630 =( GEOMETRIC_REPRESENTATION_CONTEXT ( 3 ) GLOBAL_UNCERTAINTY_ASSIGNED_CONTEXT ( ( #2609 ) ) GLOBAL_UNIT_ASSIGNED_CONTEXT ( ( #4557, #4113, #4936 ) ) REPRESENTATION_CONTEXT ( 'NONE', 'WORKASPACE' ) );
#2631 = UNCERTAINTY_MEASURE_WITH_UNIT (LENGTH_MEASURE( 1.000000000000000082E-05 ), #304, 'distance_accuracy_value', 'NONE');
#2632 = CARTESIAN_POINT ( 'NONE',  ( -13.08408991566115098, -0.2146897115540626344, 123.5743906319301004 ) ) ;
#2633 = EDGE_LOOP ( 'NONE', ( #804, #1173, #3195, #1136 ) ) ;
#2634 = ORIENTED_EDGE ( 'NONE', *, *, #317, .T. ) ;
#2635 = DIRECTION ( 'NONE',  ( -0.008861879339739951039, -0.1578149520867526967, 0.9874289381988072822 ) ) ;
#2636 =( NAMED_UNIT ( * ) SI_UNIT ( $, .STERADIAN. ) SOLID_ANGLE_UNIT ( ) );
#2637 = EDGE_CURVE ( 'NONE', #3875, #1652, #1458, .T. ) ;
#2638 = VECTOR ( 'NONE', #66, 1000.000000000000341 ) ;
#2639 = CARTESIAN_POINT ( 'NONE',  ( -7.718605946852959754, 0.3223391768805619062, 135.5733874736874611 ) ) ;
#2640 = FACE_OUTER_BOUND ( 'NONE', #1862, .T. ) ;
#2641 = DIRECTION ( 'NONE',  ( 0.4036298484864153657, -0.9040139324509843810, -0.1408607658127000450 ) ) ;
#2642 = FILL_AREA_STYLE ('',( #305 ) ) ;
#2643 =( NAMED_UNIT ( * ) SI_UNIT ( $, .STERADIAN. ) SOLID_ANGLE_UNIT ( ) );
#2644 = CYLINDRICAL_SURFACE ( 'NONE', #3148, 1.499999999999932720 ) ;
#2645 = CYLINDRICAL_SURFACE ( 'NONE', #2115, 4.500000000000003553 ) ;
#2646 = EDGE_CURVE ( 'NONE', #4416, #3481, #1450, .T. ) ;
#2647 = ORIENTED_EDGE ( 'NONE', *, *, #3216, .F. ) ;
#2648 = CIRCLE ( 'NONE', #4974, 4.500000000000000000 ) ;
#2649 = CARTESIAN_POINT ( 'NONE',  ( -5.669834767917158125, -3.733325768440127312, 131.9053882223693677 ) ) ;
#2650 = DIRECTION ( 'NONE',  ( -0.4174915651033691000, -0.3189817150124993894, 0.8508533707726754214 ) ) ;
#2651 = COLOUR_RGB ( '',0.7764705882352941346, 0.7568627450980391913, 0.7372549019607843590 ) ;
#2652 = CIRCLE ( 'NONE', #3166, 4.499999999999995559 ) ;
#2653 = FILL_AREA_STYLE ('',( #4594 ) ) ;
#2654 =( NAMED_UNIT ( * ) PLANE_ANGLE_UNIT ( ) SI_UNIT ( $, .RADIAN. ) );
#2655 = AXIS2_PLACEMENT_3D ( 'NONE', #2268, #311, #3073 ) ;
#2656 = ORIENTED_EDGE ( 'NONE', *, *, #4956, .T. ) ;
#2657 = FACE_OUTER_BOUND ( 'NONE', #2443, .T. ) ;
#2658 = ADVANCED_FACE ( 'NONE', ( #675 ), #3836, .T. ) ;
#2659 = DIRECTION ( 'NONE',  ( 0.7292504199660252429, 0.2249069998420399341, 0.6462280297243599980 ) ) ;
#2660 = ORIENTED_EDGE ( 'NONE', *, *, #955, .F. ) ;
#2661 = CARTESIAN_POINT ( 'NONE',  ( -0.08808955815213341534, 3.092828894550169405, 139.5868745940797453 ) ) ;
#2662 = SURFACE_SIDE_STYLE ('',( #4655 ) ) ;
#2663 = FILL_AREA_STYLE_COLOUR ( '', #1987 ) ;
#2664 = DIRECTION ( 'NONE',  ( -0.4036298484864446201, 0.9040139324509703922, 0.1408607658127077888 ) ) ;
#2665 = DIRECTION ( 'NONE',  ( -0.4036298484864445091, 0.9040139324509701702, 0.1408607658127077611 ) ) ;
#2666 = UNCERTAINTY_MEASURE_WITH_UNIT (LENGTH_MEASURE( 1.000000000000000082E-05 ), #4491, 'distance_accuracy_value', 'NONE');
#2667 = DIRECTION ( 'NONE',  ( -0.4036298484864446201, 0.9040139324509703922, 0.1408607658127077888 ) ) ;
#2668 = ADVANCED_FACE ( 'NONE', ( #378 ), #3576, .T. ) ;
#2669 =( NAMED_UNIT ( * ) PLANE_ANGLE_UNIT ( ) SI_UNIT ( $, .RADIAN. ) );
#2670 = SURFACE_SIDE_STYLE ('',( #1923 ) ) ;
#2671 = DIRECTION ( 'NONE',  ( -0.7292504199660251318, -0.2249069998420400729, -0.6462280297243602201 ) ) ;
#2672 = PRESENTATION_LAYER_ASSIGNMENT (  '', '', ( #4656 ) ) ;
#2673 = AXIS2_PLACEMENT_3D ( 'NONE', #679, #598, #1021 ) ;
#2674 = ADVANCED_FACE ( 'NONE', ( #800 ), #2723, .T. ) ;
#2675 = DIRECTION ( 'NONE',  ( -0.6707575780832539802, -0.3970910963467113031, 0.6264207313348229000 ) ) ;
#2676 = ORIENTED_EDGE ( 'NONE', *, *, #1080, .F. ) ;
#2677 = CARTESIAN_POINT ( 'NONE',  ( 3.081153292361153095, 0.3169786050656895893, 130.9869522143502252 ) ) ;
#2678 = CIRCLE ( 'NONE', #1206, 9.686499999999998778 ) ;
#2679 = VERTEX_POINT ( 'NONE', #3964 ) ;
#2680 = CARTESIAN_POINT ( 'NONE',  ( -17.35540350065071991, -3.478159076159830665, 132.2793846131035025 ) ) ;
#2681 = COLOUR_RGB ( '',0.7764705882352941346, 0.7568627450980391913, 0.7372549019607843590 ) ;
#2682 = ORIENTED_EDGE ( 'NONE', *, *, #754, .T. ) ;
#2683 = AXIS2_PLACEMENT_3D ( 'NONE', #2228, #3752, #691 ) ;
#2684 = COLOUR_RGB ( '',0.7764705882352941346, 0.7568627450980391913, 0.7372549019607843590 ) ;
#2685 =( GEOMETRIC_REPRESENTATION_CONTEXT ( 3 ) GLOBAL_UNCERTAINTY_ASSIGNED_CONTEXT ( ( #3476 ) ) GLOBAL_UNIT_ASSIGNED_CONTEXT ( ( #3695, #1309, #953 ) ) REPRESENTATION_CONTEXT ( 'NONE', 'WORKASPACE' ) );
#2686 = ORIENTED_EDGE ( 'NONE', *, *, #3768, .T. ) ;
#2687 = FILL_AREA_STYLE_COLOUR ( '', #2927 ) ;
#2688 = CYLINDRICAL_SURFACE ( 'NONE', #4380, 4.500000000000003553 ) ;
#2689 = VECTOR ( 'NONE', #2224, 1000.000000000000341 ) ;
#2690 = DIRECTION ( 'NONE',  ( -0.4036298484864445091, 0.9040139324509700591, 0.1408607658127077611 ) ) ;
#2691 = CIRCLE ( 'NONE', #4495, 12.49999999999999467 ) ;
#2692 = CARTESIAN_POINT ( 'NONE',  ( -13.12089967669375845, -2.691235267601992831, 121.6148255986222466 ) ) ;
#2693 = VECTOR ( 'NONE', #4081, 1000.000000000000341 ) ;
#2694 = SURFACE_STYLE_USAGE ( .BOTH. , #375 ) ;
#2695 =( NAMED_UNIT ( * ) SI_UNIT ( $, .STERADIAN. ) SOLID_ANGLE_UNIT ( ) );
#2696 = CIRCLE ( 'NONE', #2114, 9.605000000000000426 ) ;
#2697 =( NAMED_UNIT ( * ) PLANE_ANGLE_UNIT ( ) SI_UNIT ( $, .RADIAN. ) );
#2698 = CARTESIAN_POINT ( 'NONE',  ( -13.48590303469891261, -6.181654107588410163, 125.2216568437678461 ) ) ;
#2699 = ADVANCED_FACE ( 'NONE', ( #404 ), #1972, .T. ) ;
#2700 = ORIENTED_EDGE ( 'NONE', *, *, #2004, .T. ) ;
#2701 = LINE ( 'NONE', #3486, #3778 ) ;
#2702 = EDGE_CURVE ( 'NONE', #4866, #4628, #4106, .T. ) ;
#2703 = PRESENTATION_STYLE_ASSIGNMENT (( #2353 ) ) ;
#2704 = FACE_OUTER_BOUND ( 'NONE', #2633, .T. ) ;
#2705 = ORIENTED_EDGE ( 'NONE', *, *, #3461, .F. ) ;
#2706 =( NAMED_UNIT ( * ) SI_UNIT ( $, .STERADIAN. ) SOLID_ANGLE_UNIT ( ) );
#2707 = AXIS2_PLACEMENT_3D ( 'NONE', #145, #4497, #3306 ) ;
#2708 = DIRECTION ( 'NONE',  ( -0.4036298484864445091, 0.9040139324509700591, 0.1408607658127077611 ) ) ;
#2709 = EDGE_LOOP ( 'NONE', ( #80, #4328, #4884, #1543 ) ) ;
#2710 = PRESENTATION_LAYER_ASSIGNMENT (  '', '', ( #3217 ) ) ;
#2711 = ADVANCED_FACE ( 'NONE', ( #2458 ), #527, .T. ) ;
#2712 = ORIENTED_EDGE ( 'NONE', *, *, #1635, .T. ) ;
#2713 = COLOUR_RGB ( '',0.7764705882352941346, 0.7568627450980391913, 0.7372549019607843590 ) ;
#2714 = CARTESIAN_POINT ( 'NONE',  ( -4.506333067685155847, 3.562626012339881854, 123.9825430007262810 ) ) ;
#2715 = CARTESIAN_POINT ( 'NONE',  ( -12.64051003067039325, -2.429634543778008027, 121.3124624899770367 ) ) ;
#2716 = CARTESIAN_POINT ( 'NONE',  ( -10.24187063124069041, -7.160556293040460929, 140.7996604772704075 ) ) ;
#2717 = CARTESIAN_POINT ( 'NONE',  ( -5.669834767917158125, -3.733325768440127312, 131.9053882223693677 ) ) ;
#2718 =( NAMED_UNIT ( * ) PLANE_ANGLE_UNIT ( ) SI_UNIT ( $, .RADIAN. ) );
#2719 = STYLED_ITEM ( 'NONE', ( #3753 ), #1815 ) ;
#2720 = CARTESIAN_POINT ( 'NONE',  ( -15.33725425821849697, -7.998228738414679739, 131.5750807840399830 ) ) ;
#2721 = CARTESIAN_POINT ( 'NONE',  ( -7.687984010349380171, 0.7867438938147223171, 132.6096920514328872 ) ) ;
#2722 = AXIS2_PLACEMENT_3D ( 'NONE', #2953, #3298, #2525 ) ;
#2723 = CYLINDRICAL_SURFACE ( 'NONE', #3629, 4.499999999999995559 ) ;
#2724 = SURFACE_STYLE_USAGE ( .BOTH. , #7 ) ;
#2725 = VERTEX_POINT ( 'NONE', #989 ) ;
#2726 = COLOUR_RGB ( '',0.7764705882352941346, 0.7568627450980391913, 0.7372549019607843590 ) ;
#2727 = SURFACE_STYLE_USAGE ( .BOTH. , #3136 ) ;
#2728 = CARTESIAN_POINT ( 'NONE',  ( -6.689466977433170314, -2.696363357188686916, 122.3286799483866218 ) ) ;
#2729 = ADVANCED_FACE ( 'NONE', ( #1012 ), #1727, .F. ) ;
#2730 = ORIENTED_EDGE ( 'NONE', *, *, #3240, .T. ) ;
#2731 = FACE_OUTER_BOUND ( 'NONE', #873, .T. ) ;
#2732 = AXIS2_PLACEMENT_3D ( 'NONE', #183, #894, #2071 ) ;
#2733 = ORIENTED_EDGE ( 'NONE', *, *, #925, .F. ) ;
#2734 = AXIS2_PLACEMENT_3D ( 'NONE', #3161, #4336, #1632 ) ;
#2735 = SURFACE_STYLE_USAGE ( .BOTH. , #2358 ) ;
#2736 = EDGE_CURVE ( 'NONE', #4994, #3242, #2062, .T. ) ;
#2737 = ORIENTED_EDGE ( 'NONE', *, *, #3550, .F. ) ;
#2738 = FILL_AREA_STYLE_COLOUR ( '', #2726 ) ;
#2739 = CARTESIAN_POINT ( 'NONE',  ( -2.099354732948027991, 2.065414491291433841, 140.4174130091081167 ) ) ;
#2740 = CYLINDRICAL_SURFACE ( 'NONE', #4232, 12.49999999999999467 ) ;
#2741 = DIRECTION ( 'NONE',  ( 0.4962987577851414311, 0.08699870934529771449, 0.8637816666225197615 ) ) ;
#2742 = DIRECTION ( 'NONE',  ( -0.4036298484864445091, 0.9040139324509700591, 0.1408607658127077611 ) ) ;
#2743 = COLOUR_RGB ( '',0.7764705882352941346, 0.7568627450980391913, 0.7372549019607843590 ) ;
#2744 = FILL_AREA_STYLE_COLOUR ( '', #1378 ) ;
#2745 = FACE_OUTER_BOUND ( 'NONE', #2096, .T. ) ;
#2746 = DIRECTION ( 'NONE',  ( 0.7292504199660253539, 0.2249069998420400174, 0.6462280297243599980 ) ) ;
#2747 = EDGE_LOOP ( 'NONE', ( #1018, #2465, #441, #4540 ) ) ;
#2748 = DIRECTION ( 'NONE',  ( -0.4036298484864445091, 0.9040139324509701702, 0.1408607658127077611 ) ) ;
#2749 = DIRECTION ( 'NONE',  ( 0.008861879339743333750, 0.1578149520867551947, -0.9874289381988067271 ) ) ;
#2750 = ORIENTED_EDGE ( 'NONE', *, *, #3023, .F. ) ;
#2751 = ORIENTED_EDGE ( 'NONE', *, *, #3137, .F. ) ;
#2752 = STYLED_ITEM ( 'NONE', ( #3589 ), #975 ) ;
#2753 = ADVANCED_FACE ( 'NONE', ( #1445 ), #2263, .T. ) ;
#2754 = CIRCLE ( 'NONE', #299, 4.500000000000006217 ) ;
#2755 = VERTEX_POINT ( 'NONE', #3855 ) ;
#2756 =( NAMED_UNIT ( * ) SI_UNIT ( $, .STERADIAN. ) SOLID_ANGLE_UNIT ( ) );
#2757 = MECHANICAL_DESIGN_GEOMETRIC_PRESENTATION_REPRESENTATION (  '', ( #4915 ), #211 ) ;
#2758 = EDGE_CURVE ( 'NONE', #485, #4235, #1839, .T. ) ;
#2759 = LINE ( 'NONE', #3998, #5019 ) ;
#2760 = EDGE_CURVE ( 'NONE', #862, #4555, #2212, .T. ) ;
#2761 =( GEOMETRIC_REPRESENTATION_CONTEXT ( 3 ) GLOBAL_UNCERTAINTY_ASSIGNED_CONTEXT ( ( #1463 ) ) GLOBAL_UNIT_ASSIGNED_CONTEXT ( ( #487, #915, #4532 ) ) REPRESENTATION_CONTEXT ( 'NONE', 'WORKASPACE' ) );
#2762 =( LENGTH_UNIT ( ) NAMED_UNIT ( * ) SI_UNIT ( .MILLI., .METRE. ) );
#2763 = PRESENTATION_STYLE_ASSIGNMENT (( #3239 ) ) ;
#2764 = MECHANICAL_DESIGN_GEOMETRIC_PRESENTATION_REPRESENTATION (  '', ( #1215 ), #2191 ) ;
#2765 = DIRECTION ( 'NONE',  ( 0.7292504199660252429, 0.2249069998420399341, 0.6462280297243599980 ) ) ;
#2766 = PRESENTATION_STYLE_ASSIGNMENT (( #1554 ) ) ;
#2767 = ORIENTED_EDGE ( 'NONE', *, *, #4369, .T. ) ;
#2768 = CIRCLE ( 'NONE', #3024, 12.49999999999999467 ) ;
#2769 = CIRCLE ( 'NONE', #544, 1.500000000000016875 ) ;
#2770 = CIRCLE ( 'NONE', #553, 9.686499999999995225 ) ;
#2771 = AXIS2_PLACEMENT_3D ( 'NONE', #2563, #252, #3424 ) ;
#2772 = MECHANICAL_DESIGN_GEOMETRIC_PRESENTATION_REPRESENTATION (  '', ( #3622 ), #959 ) ;
#2773 = FILL_AREA_STYLE ('',( #1217 ) ) ;
#2774 = DIRECTION ( 'NONE',  ( -0.4036298484864446201, 0.9040139324509703922, 0.1408607658127077888 ) ) ;
#2775 = CIRCLE ( 'NONE', #1311, 4.500000000000007994 ) ;
#2776 = ORIENTED_EDGE ( 'NONE', *, *, #4748, .T. ) ;
#2777 = DIRECTION ( 'NONE',  ( -0.4036298484864445091, 0.9040139324509701702, 0.1408607658127077611 ) ) ;
#2778 =( NAMED_UNIT ( * ) SI_UNIT ( $, .STERADIAN. ) SOLID_ANGLE_UNIT ( ) );
#2779 = EDGE_LOOP ( 'NONE', ( #920, #3076, #2311, #1630 ) ) ;
#2780 = VERTEX_POINT ( 'NONE', #357 ) ;
#2781 = EDGE_CURVE ( 'NONE', #3520, #2034, #5036, .T. ) ;
#2782 = VERTEX_POINT ( 'NONE', #3098 ) ;
#2783 = CARTESIAN_POINT ( 'NONE',  ( -3.718853415562171083, 1.183501171321072354, 141.4367452536216092 ) ) ;
#2784 = DIRECTION ( 'NONE',  ( -0.4036298484864445091, 0.9040139324509700591, 0.1408607658127077611 ) ) ;
#2785 = DIRECTION ( 'NONE',  ( 0.7292504199660252429, 0.2249069998420393235, 0.6462280297243602201 ) ) ;
#2786 = CARTESIAN_POINT ( 'NONE',  ( -41.25624481592488735, -6.464890482470003974, 83.03184492408082917 ) ) ;
#2787 = DIRECTION ( 'NONE',  ( -0.4036298484864446201, 0.9040139324509703922, 0.1408607658127077888 ) ) ;
#2789 = ORIENTED_EDGE ( 'NONE', *, *, #33, .F. ) ;
#2788 = FACE_OUTER_BOUND ( 'NONE', #4121, .T. ) ;
#2790 = AXIS2_PLACEMENT_3D ( 'NONE', #4080, #3273, #2842 ) ;
#2791 = ORIENTED_EDGE ( 'NONE', *, *, #4511, .T. ) ;
#2792 = ADVANCED_FACE ( 'NONE', ( #1094 ), #5007, .T. ) ;
#2793 = DIRECTION ( 'NONE',  ( -0.4174915651033686559, -0.3189817150124991119, 0.8508533707726757545 ) ) ;
#2794 = CARTESIAN_POINT ( 'NONE',  ( -16.31657408571492596, -9.077035280551280394, 135.6924333170350963 ) ) ;
#2795 = SURFACE_STYLE_USAGE ( .BOTH. , #6 ) ;
#2796 = CIRCLE ( 'NONE', #2964, 4.499999999999994671 ) ;
#2797 = VECTOR ( 'NONE', #4711, 1000.000000000000114 ) ;
#2798 =( NAMED_UNIT ( * ) PLANE_ANGLE_UNIT ( ) SI_UNIT ( $, .RADIAN. ) );
#2799 =( GEOMETRIC_REPRESENTATION_CONTEXT ( 3 ) GLOBAL_UNCERTAINTY_ASSIGNED_CONTEXT ( ( #4544 ) ) GLOBAL_UNIT_ASSIGNED_CONTEXT ( ( #1769, #4132, #2559 ) ) REPRESENTATION_CONTEXT ( 'NONE', 'WORKASPACE' ) );
#2800 = ORIENTED_EDGE ( 'NONE', *, *, #1454, .T. ) ;
#2801 = ORIENTED_EDGE ( 'NONE', *, *, #4663, .T. ) ;
#2802 = FACE_OUTER_BOUND ( 'NONE', #1101, .T. ) ;
#2803 = AXIS2_PLACEMENT_3D ( 'NONE', #1744, #3328, #4147 ) ;
#2804 = CARTESIAN_POINT ( 'NONE',  ( -20.14211464592031220, 0.7050889548713143995, 97.51800679410098383 ) ) ;
#2805 = CARTESIAN_POINT ( 'NONE',  ( -14.42082282819547778, -7.783630141945938163, 132.8238242303883965 ) ) ;
#2806 = ORIENTED_EDGE ( 'NONE', *, *, #4137, .T. ) ;
#2807 = DIRECTION ( 'NONE',  ( -0.4036298484864445091, 0.9040139324509701702, 0.1408607658127077611 ) ) ;
#2808 = ORIENTED_EDGE ( 'NONE', *, *, #2330, .T. ) ;
#2809 =( GEOMETRIC_REPRESENTATION_CONTEXT ( 3 ) GLOBAL_UNCERTAINTY_ASSIGNED_CONTEXT ( ( #1353 ) ) GLOBAL_UNIT_ASSIGNED_CONTEXT ( ( #3548, #3150, #767 ) ) REPRESENTATION_CONTEXT ( 'NONE', 'WORKASPACE' ) );
#2810 = DIRECTION ( 'NONE',  ( -0.4036298484864445091, 0.9040139324509700591, 0.1408607658127077611 ) ) ;
#2811 = AXIS2_PLACEMENT_3D ( 'NONE', #3432, #1542, #4991 ) ;
#2812 = FILL_AREA_STYLE ('',( #4323 ) ) ;
#2813 = COLOUR_RGB ( '',0.7764705882352941346, 0.7568627450980391913, 0.7372549019607843590 ) ;
#2814 = DIRECTION ( 'NONE',  ( 0.7292504199660262421, 0.2249069998420401839, 0.6462280297243589988 ) ) ;
#2815 = DIRECTION ( 'NONE',  ( 0.7292504199660264641, 0.2249069998420402949, 0.6462280297243586658 ) ) ;
#2817 = ORIENTED_EDGE ( 'NONE', *, *, #1080, .T. ) ;
#2816 = PRESENTATION_STYLE_ASSIGNMENT (( #2 ) ) ;
#2818 = ORIENTED_EDGE ( 'NONE', *, *, #4222, .F. ) ;
#2819 =( NAMED_UNIT ( * ) PLANE_ANGLE_UNIT ( ) SI_UNIT ( $, .RADIAN. ) );
#2820 = DIRECTION ( 'NONE',  ( -0.4036298484864445091, 0.9040139324509700591, 0.1408607658127077611 ) ) ;
#2821 = CARTESIAN_POINT ( 'NONE',  ( -3.693540431425608173, -4.465101538067868248, 142.2647446148827726 ) ) ;
#2822 = ADVANCED_FACE ( 'NONE', ( #2016 ), #1945, .T. ) ;
#2823 = CIRCLE ( 'NONE', #4152, 3.000000000000005773 ) ;
#2824 = CARTESIAN_POINT ( 'NONE',  ( -10.76521839489492827, -4.570998213814329247, 122.6808085291389148 ) ) ;
#2825 = VERTEX_POINT ( 'NONE', #4370 ) ;
#2826 = ADVANCED_FACE ( 'NONE', ( #5088 ), #4303, .T. ) ;
#2827 = PRESENTATION_STYLE_ASSIGNMENT (( #4061 ) ) ;
#2828 = ORIENTED_EDGE ( 'NONE', *, *, #3130, .F. ) ;
#2829 = CARTESIAN_POINT ( 'NONE',  ( -7.687984010349380171, 0.7867438938147223171, 132.6096920514328872 ) ) ;
#2830 = CARTESIAN_POINT ( 'NONE',  ( -0.7173087475960777670, -0.5169473308473613304, 143.2026177838251613 ) ) ;
#2831 = VERTEX_POINT ( 'NONE', #3552 ) ;
#2832 =( LENGTH_UNIT ( ) NAMED_UNIT ( * ) SI_UNIT ( .MILLI., .METRE. ) );
#2833 = VERTEX_POINT ( 'NONE', #3931 ) ;
#2834 = FACE_OUTER_BOUND ( 'NONE', #1807, .T. ) ;
#2835 = CIRCLE ( 'NONE', #1203, 4.499999999999992006 ) ;
#2836 = EDGE_LOOP ( 'NONE', ( #3400, #1962, #1031, #4311, #3949, #5030, #3078, #2686, #3110, #978 ) ) ;
#2837 =( NAMED_UNIT ( * ) SI_UNIT ( $, .STERADIAN. ) SOLID_ANGLE_UNIT ( ) );
#2838 = LINE ( 'NONE', #3267, #2076 ) ;
#2839 = ORIENTED_EDGE ( 'NONE', *, *, #5113, .F. ) ;
#2840 = ORIENTED_EDGE ( 'NONE', *, *, #4561, .F. ) ;
#2841 = DIRECTION ( 'NONE',  ( 0.7292504199660264641, 0.2249069998420402394, 0.6462280297243586658 ) ) ;
#2842 = DIRECTION ( 'NONE',  ( -0.9137903228885075890, -0.4059804243577955218, -0.01292829584984763434 ) ) ;
#2843 = FILL_AREA_STYLE ('',( #2456 ) ) ;
#2844 = CIRCLE ( 'NONE', #3540, 3.000000000000005773 ) ;
#2845 =( NAMED_UNIT ( * ) SI_UNIT ( $, .STERADIAN. ) SOLID_ANGLE_UNIT ( ) );
#2846 = SURFACE_STYLE_FILL_AREA ( #3180 ) ;
#2847 = MECHANICAL_DESIGN_GEOMETRIC_PRESENTATION_REPRESENTATION (  '', ( #3460 ), #634 ) ;
#2848 = AXIS2_PLACEMENT_3D ( 'NONE', #3672, #1333, #2841 ) ;
#2849 = ADVANCED_FACE ( 'NONE', ( #2788 ), #795, .T. ) ;
#2850 = CIRCLE ( 'NONE', #2934, 9.686499999999995225 ) ;
#2852 = CARTESIAN_POINT ( 'NONE',  ( -11.06594067322892982, -4.734759373808912208, 122.8700868028665525 ) ) ;
#2851 = CARTESIAN_POINT ( 'NONE',  ( -13.27390251983930725, -6.281979987614660921, 126.4730040730973570 ) ) ;
#2853 =( GEOMETRIC_REPRESENTATION_CONTEXT ( 3 ) GLOBAL_UNCERTAINTY_ASSIGNED_CONTEXT ( ( #2666 ) ) GLOBAL_UNIT_ASSIGNED_CONTEXT ( ( #4491, #1440, #4546 ) ) REPRESENTATION_CONTEXT ( 'NONE', 'WORKASPACE' ) );
#2854 = ORIENTED_EDGE ( 'NONE', *, *, #3519, .F. ) ;
#2855 = MECHANICAL_DESIGN_GEOMETRIC_PRESENTATION_REPRESENTATION (  '', ( #2200 ), #2610 ) ;
#2856 = DIRECTION ( 'NONE',  ( -0.4036298484864445091, 0.9040139324509701702, 0.1408607658127077611 ) ) ;
#2857 =( GEOMETRIC_REPRESENTATION_CONTEXT ( 3 ) GLOBAL_UNCERTAINTY_ASSIGNED_CONTEXT ( ( #4600 ) ) GLOBAL_UNIT_ASSIGNED_CONTEXT ( ( #2244, #286, #4244 ) ) REPRESENTATION_CONTEXT ( 'NONE', 'WORKASPACE' ) );
#2858 = EDGE_CURVE ( 'NONE', #2476, #19, #2599, .T. ) ;
#2859 = ADVANCED_FACE ( 'NONE', ( #1145 ), #3507, .T. ) ;
#2860 = FILL_AREA_STYLE ('',( #4449 ) ) ;
#2861 = ORIENTED_EDGE ( 'NONE', *, *, #1732, .T. ) ;
#2862 = PRESENTATION_STYLE_ASSIGNMENT (( #2884 ) ) ;
#2863 = SURFACE_SIDE_STYLE ('',( #437 ) ) ;
#2864 = AXIS2_PLACEMENT_3D ( 'NONE', #4173, #3910, #276 ) ;
#2865 = EDGE_LOOP ( 'NONE', ( #3971, #3652, #2514, #1925 ) ) ;
#2866 = ORIENTED_EDGE ( 'NONE', *, *, #1115, .T. ) ;
#2867 = CARTESIAN_POINT ( 'NONE',  ( -3.963212831693074367, -1.086461547245210824, 119.8086303360033895 ) ) ;
#2868 = CARTESIAN_POINT ( 'NONE',  ( -5.669834767917158125, -3.733325768440127312, 131.9053882223693677 ) ) ;
#2869 = PRESENTATION_STYLE_ASSIGNMENT (( #958 ) ) ;
#2870 = SURFACE_STYLE_FILL_AREA ( #500 ) ;
#2871 = ORIENTED_EDGE ( 'NONE', *, *, #1657, .T. ) ;
#2872 = DIRECTION ( 'NONE',  ( -0.4036298484864154212, 0.9040139324509844920, 0.1408607658127000728 ) ) ;
#2873 = PRESENTATION_STYLE_ASSIGNMENT (( #4427 ) ) ;
#2874 = EDGE_LOOP ( 'NONE', ( #3243, #2607, #2789, #3454 ) ) ;
#2875 = FILL_AREA_STYLE ('',( #1248 ) ) ;
#2876 = VECTOR ( 'NONE', #1795, 1000.000000000000341 ) ;
#2877 = CARTESIAN_POINT ( 'NONE',  ( -24.78598089585376130, -0.6267354107179976541, 92.75858890429040571 ) ) ;
#2878 = ORIENTED_EDGE ( 'NONE', *, *, #2907, .F. ) ;
#2879 = PRESENTATION_STYLE_ASSIGNMENT (( #998 ) ) ;
#2880 = EDGE_CURVE ( 'NONE', #4385, #1274, #1603, .T. ) ;
#2881 = EDGE_CURVE ( 'NONE', #4701, #1658, #3590, .T. ) ;
#2882 = APPLICATION_CONTEXT ( 'automotive_design' ) ;
#2883 = COLOUR_RGB ( '',0.7764705882352941346, 0.7568627450980391913, 0.7372549019607843590 ) ;
#2884 = SURFACE_STYLE_USAGE ( .BOTH. , #1684 ) ;
#2885 = ORIENTED_EDGE ( 'NONE', *, *, #1492, .T. ) ;
#2886 = DIRECTION ( 'NONE',  ( 0.9137903228885071449, 0.4059804243577963545, 0.01292829584984190629 ) ) ;
#2887 = CYLINDRICAL_SURFACE ( 'NONE', #511, 1.500000000000000666 ) ;
#2888 = EDGE_CURVE ( 'NONE', #4864, #495, #1777, .T. ) ;
#2889 = UNCERTAINTY_MEASURE_WITH_UNIT (LENGTH_MEASURE( 1.000000000000000082E-05 ), #3123, 'distance_accuracy_value', 'NONE');
#2890 = FACE_BOUND ( 'NONE', #4015, .T. ) ;
#2891 = CARTESIAN_POINT ( 'NONE',  ( -5.669834767917158125, -3.733325768440127312, 131.9053882223693677 ) ) ;
#2892 = DIRECTION ( 'NONE',  ( -0.4036298484864446201, 0.9040139324509703922, 0.1408607658127077888 ) ) ;
#2893 = ORIENTED_EDGE ( 'NONE', *, *, #4956, .F. ) ;
#2894 = ORIENTED_EDGE ( 'NONE', *, *, #3638, .F. ) ;
#2895 = CARTESIAN_POINT ( 'NONE',  ( -5.669834767917158125, -3.733325768440127312, 131.9053882223693677 ) ) ;
#2896 = DIRECTION ( 'NONE',  ( 0.7292504199660261310, 0.2249069998420401839, 0.6462280297243589988 ) ) ;
#2897 = VECTOR ( 'NONE', #518, 1000.000000000000000 ) ;
#2898 = CYLINDRICAL_SURFACE ( 'NONE', #1545, 4.500000000000003553 ) ;
#2899 = CIRCLE ( 'NONE', #2811, 4.500000000000003553 ) ;
#2900 = FILL_AREA_STYLE_COLOUR ( '', #2813 ) ;
#2901 = FILL_AREA_STYLE_COLOUR ( '', #1651 ) ;
#2902 = ORIENTED_EDGE ( 'NONE', *, *, #4321, .F. ) ;
#2903 = CARTESIAN_POINT ( 'NONE',  ( -16.26428115338528357, -4.224830969324183449, 140.1979227217214827 ) ) ;
#2904 = FACE_OUTER_BOUND ( 'NONE', #1349, .T. ) ;
#2905 = ORIENTED_EDGE ( 'NONE', *, *, #1584, .F. ) ;
#2906 =( NAMED_UNIT ( * ) SI_UNIT ( $, .STERADIAN. ) SOLID_ANGLE_UNIT ( ) );
#2907 = EDGE_CURVE ( 'NONE', #1658, #2476, #4580, .T. ) ;
#2908 = FACE_OUTER_BOUND ( 'NONE', #1027, .T. ) ;
#2909 = EDGE_LOOP ( 'NONE', ( #752, #60, #62, #843 ) ) ;
#2910 = FILL_AREA_STYLE ('',( #4938 ) ) ;
#2911 = DIRECTION ( 'NONE',  ( 0.4036298484864446201, -0.9040139324509703922, -0.1408607658127077888 ) ) ;
#2912 = ADVANCED_FACE ( 'NONE', ( #2388 ), #3980, .T. ) ;
#2913 = AXIS2_PLACEMENT_3D ( 'NONE', #3168, #4721, #2385 ) ;
#2914 = DIRECTION ( 'NONE',  ( 0.7292504199660264641, 0.2249069998420402949, 0.6462280297243586658 ) ) ;
#2915 = CARTESIAN_POINT ( 'NONE',  ( -9.923346654599113137, -7.049197602145972574, 140.9976998404818289 ) ) ;
#2916 = EDGE_LOOP ( 'NONE', ( #1981, #2682, #3324, #4026 ) ) ;
#2917 = ORIENTED_EDGE ( 'NONE', *, *, #1350, .T. ) ;
#2918 = CARTESIAN_POINT ( 'NONE',  ( -7.687984010349380171, 0.7867438938147223171, 132.6096920514328872 ) ) ;
#2919 = SURFACE_STYLE_USAGE ( .BOTH. , #1058 ) ;
#2920 = EDGE_CURVE ( 'NONE', #1216, #2566, #5010, .T. ) ;
#2921 = CARTESIAN_POINT ( 'NONE',  ( -5.669834767917158125, -3.733325768440127312, 131.9053882223693677 ) ) ;
#2922 = DIRECTION ( 'NONE',  ( 0.7292504199660264641, 0.2249069998420402949, 0.6462280297243586658 ) ) ;
#2923 = PRESENTATION_STYLE_ASSIGNMENT (( #1335 ) ) ;
#2924 = CARTESIAN_POINT ( 'NONE',  ( -14.65089443808804326, -8.252371796128031178, 135.1728475027644265 ) ) ;
#2925 = CARTESIAN_POINT ( 'NONE',  ( -11.72428249521382604, 9.826883218324423908, 134.0182997095599831 ) ) ;
#2926 = DIRECTION ( 'NONE',  ( 0.7292504199660264641, 0.2249069998420402949, 0.6462280297243586658 ) ) ;
#2927 = COLOUR_RGB ( '',0.7764705882352941346, 0.7568627450980391913, 0.7372549019607843590 ) ;
#2928 = FILL_AREA_STYLE_COLOUR ( '', #4464 ) ;
#2929 = PRESENTATION_LAYER_ASSIGNMENT (  '', '', ( #1776 ) ) ;
#2930 = CARTESIAN_POINT ( 'NONE',  ( 3.172217054769047362, 0.7806358153659601617, 128.2722394044118346 ) ) ;
#2931 = AXIS2_PLACEMENT_3D ( 'NONE', #1761, #4862, #549 ) ;
#2932 = ORIENTED_EDGE ( 'NONE', *, *, #4667, .F. ) ;
#2933 = FACE_BOUND ( 'NONE', #4579, .T. ) ;
#2934 = AXIS2_PLACEMENT_3D ( 'NONE', #4440, #102, #1687 ) ;
#2935 = AXIS2_PLACEMENT_3D ( 'NONE', #4003, #4051, #4441 ) ;
#2936 = SURFACE_SIDE_STYLE ('',( #2136 ) ) ;
#2937 = CYLINDRICAL_SURFACE ( 'NONE', #874, 3.000000000000005773 ) ;
#2938 = DIRECTION ( 'NONE',  ( -0.7691826741638344567, -0.4186562437620687249, 0.4827887357066316665 ) ) ;
#2939 = STYLED_ITEM ( 'NONE', ( #3058 ), #4097 ) ;
#2940 = AXIS2_PLACEMENT_3D ( 'NONE', #2395, #428, #3939 ) ;
#2941 = CARTESIAN_POINT ( 'NONE',  ( 1.252133371224379177, 3.483589184730998767, 140.9194048431330657 ) ) ;
#2942 =( NAMED_UNIT ( * ) SI_UNIT ( $, .STERADIAN. ) SOLID_ANGLE_UNIT ( ) );
#2943 = CIRCLE ( 'NONE', #4499, 4.499999999999995559 ) ;
#2944 = UNCERTAINTY_MEASURE_WITH_UNIT (LENGTH_MEASURE( 1.000000000000000082E-05 ), #3646, 'distance_accuracy_value', 'NONE');
#2945 = COLOUR_RGB ( '',0.7764705882352941346, 0.7568627450980391913, 0.7372549019607843590 ) ;
#2946 = DIRECTION ( 'NONE',  ( -0.4036298484864445091, 0.9040139324509700591, 0.1408607658127077611 ) ) ;
#2947 = DIRECTION ( 'NONE',  ( 0.7292504199660252429, 0.2249069998420399341, 0.6462280297243599980 ) ) ;
#2948 = DIRECTION ( 'NONE',  ( -0.4962987577851463716, -0.08699870934530061495, -0.8637816666225166529 ) ) ;
#2949 = EDGE_CURVE ( 'NONE', #2111, #851, #2769, .T. ) ;
#2950 = ORIENTED_EDGE ( 'NONE', *, *, #2205, .T. ) ;
#2951 = ORIENTED_EDGE ( 'NONE', *, *, #4912, .F. ) ;
#2952 = CARTESIAN_POINT ( 'NONE',  ( -9.638965362704309925, -4.130083045946448372, 123.0783350201806172 ) ) ;
#2953 = CARTESIAN_POINT ( 'NONE',  ( -11.72428249521382604, 9.826883218324423908, 134.0182997095599831 ) ) ;
#2954 = UNCERTAINTY_MEASURE_WITH_UNIT (LENGTH_MEASURE( 1.000000000000000082E-05 ), #3986, 'distance_accuracy_value', 'NONE');
#2955 =( LENGTH_UNIT ( ) NAMED_UNIT ( * ) SI_UNIT ( .MILLI., .METRE. ) );
#2956 =( LENGTH_UNIT ( ) NAMED_UNIT ( * ) SI_UNIT ( .MILLI., .METRE. ) );
#2957 = EDGE_CURVE ( 'NONE', #2125, #1665, #3191, .T. ) ;
#2958 = SURFACE_STYLE_USAGE ( .BOTH. , #1417 ) ;
#2959 = SURFACE_STYLE_FILL_AREA ( #4525 ) ;
#2960 = EDGE_LOOP ( 'NONE', ( #3713, #1678 ) ) ;
#2961 =( GEOMETRIC_REPRESENTATION_CONTEXT ( 3 ) GLOBAL_UNCERTAINTY_ASSIGNED_CONTEXT ( ( #1002 ) ) GLOBAL_UNIT_ASSIGNED_CONTEXT ( ( #2955, #2173, #4841 ) ) REPRESENTATION_CONTEXT ( 'NONE', 'WORKASPACE' ) );
#2962 = AXIS2_PLACEMENT_3D ( 'NONE', #865, #2037, #3630 ) ;
#2963 = DIRECTION ( 'NONE',  ( -0.6297327575981204184, -0.3861898248685137758, 0.6740134072671651877 ) ) ;
#2964 = AXIS2_PLACEMENT_3D ( 'NONE', #1139, #2315, #633 ) ;
#2965 =( NAMED_UNIT ( * ) PLANE_ANGLE_UNIT ( ) SI_UNIT ( $, .RADIAN. ) );
#2966 = DIRECTION ( 'NONE',  ( -0.4036298484864446201, 0.9040139324509703922, 0.1408607658127077888 ) ) ;
#2967 = ORIENTED_EDGE ( 'NONE', *, *, #4343, .T. ) ;
#2968 = DIRECTION ( 'NONE',  ( -0.4036298484864446201, 0.9040139324509703922, 0.1408607658127077888 ) ) ;
#2969 = EDGE_LOOP ( 'NONE', ( #826, #3981, #5120, #4619 ) ) ;
#2970 = ORIENTED_EDGE ( 'NONE', *, *, #3556, .T. ) ;
#2971 = UNCERTAINTY_MEASURE_WITH_UNIT (LENGTH_MEASURE( 1.000000000000000082E-05 ), #484, 'distance_accuracy_value', 'NONE');
#2972 = LINE ( 'NONE', #3062, #1462 ) ;
#2973 = SURFACE_STYLE_USAGE ( .BOTH. , #1410 ) ;
#2974 = CARTESIAN_POINT ( 'NONE',  ( -14.51188659060339070, -8.247287352246214454, 135.5385370403267871 ) ) ;
#2975 = SURFACE_SIDE_STYLE ('',( #2099 ) ) ;
#2976 = STYLED_ITEM ( 'NONE', ( #3852 ), #870 ) ;
#2977 = CARTESIAN_POINT ( 'NONE',  ( -5.669834767917158125, -3.733325768440127312, 131.9053882223693677 ) ) ;
#2978 = VERTEX_POINT ( 'NONE', #4780 ) ;
#2979 = PRESENTATION_STYLE_ASSIGNMENT (( #2958 ) ) ;
#2980 = MECHANICAL_DESIGN_GEOMETRIC_PRESENTATION_REPRESENTATION (  '', ( #4709 ), #2809 ) ;
#2981 = CARTESIAN_POINT ( 'NONE',  ( -5.669834767917158125, -3.733325768440127312, 131.9053882223693677 ) ) ;
#2982 = EDGE_CURVE ( 'NONE', #2446, #971, #2691, .T. ) ;
#2983 = COLOUR_RGB ( '',0.7764705882352941346, 0.7568627450980391913, 0.7372549019607843590 ) ;
#2984 = LINE ( 'NONE', #4553, #2987 ) ;
#2985 = CARTESIAN_POINT ( 'NONE',  ( -1.716309447832509827, 2.423789132641601896, 121.4670179645979289 ) ) ;
#2986 = CIRCLE ( 'NONE', #4237, 4.499999999999994671 ) ;
#2987 = VECTOR ( 'NONE', #1844, 1000.000000000000114 ) ;
#2988 = UNCERTAINTY_MEASURE_WITH_UNIT (LENGTH_MEASURE( 1.000000000000000082E-05 ), #1723, 'distance_accuracy_value', 'NONE');
#2989 = ORIENTED_EDGE ( 'NONE', *, *, #2473, .F. ) ;
#2990 = EDGE_CURVE ( 'NONE', #3633, #4864, #4484, .T. ) ;
#2991 = DIRECTION ( 'NONE',  ( -0.4036298484864446201, 0.9040139324509703922, 0.1408607658127077888 ) ) ;
#2992 =( LENGTH_UNIT ( ) NAMED_UNIT ( * ) SI_UNIT ( .MILLI., .METRE. ) );
#2993 = PRESENTATION_LAYER_ASSIGNMENT (  '', '', ( #4712 ) ) ;
#2994 = DIRECTION ( 'NONE',  ( 0.4036298484864446201, -0.9040139324509703922, -0.1408607658127077888 ) ) ;
#2995 = DIRECTION ( 'NONE',  ( -0.7292504199660261310, -0.2249069998420401839, -0.6462280297243589988 ) ) ;
#2996 = DIRECTION ( 'NONE',  ( -0.4036298484864446201, 0.9040139324509703922, 0.1408607658127077888 ) ) ;
#2997 = ORIENTED_EDGE ( 'NONE', *, *, #2560, .F. ) ;
#2998 = DIRECTION ( 'NONE',  ( -0.008861879339744256623, -0.1578149520867550282, 0.9874289381988068381 ) ) ;
#2999 = ORIENTED_EDGE ( 'NONE', *, *, #4519, .F. ) ;
#3000 = EDGE_CURVE ( 'NONE', #1969, #3922, #1561, .T. ) ;
#3001 = EDGE_LOOP ( 'NONE', ( #647, #2751, #682, #4078 ) ) ;
#3002 = LINE ( 'NONE', #2952, #4735 ) ;
#3003 =( NAMED_UNIT ( * ) PLANE_ANGLE_UNIT ( ) SI_UNIT ( $, .RADIAN. ) );
#3004 = DIRECTION ( 'NONE',  ( 0.7292504199660266861, 0.2249069998420403782, 0.6462280297243582217 ) ) ;
#3005 = DIRECTION ( 'NONE',  ( -0.008861879339744286113, -0.1578149520867546673, 0.9874289381988069492 ) ) ;
#3006 = FACE_OUTER_BOUND ( 'NONE', #4822, .T. ) ;
#3007 = MECHANICAL_DESIGN_GEOMETRIC_PRESENTATION_REPRESENTATION (  '', ( #4656 ), #287 ) ;
#3008 = CARTESIAN_POINT ( 'NONE',  ( -24.78598089585376130, -0.6267354107179976541, 92.75858890429040571 ) ) ;
#3009 = SURFACE_STYLE_FILL_AREA ( #1296 ) ;
#3010 = COLOUR_RGB ( '',0.7764705882352941346, 0.7568627450980391913, 0.7372549019607843590 ) ;
#3011 = ORIENTED_EDGE ( 'NONE', *, *, #1562, .F. ) ;
#3012 = CARTESIAN_POINT ( 'NONE',  ( -14.85758061190234081, -7.229675439258205216, 128.0171540171966456 ) ) ;
#3013 = CARTESIAN_POINT ( 'NONE',  ( 1.934232984005019862, -1.184671549265571722, 137.3377723716412788 ) ) ;
#3014 =( GEOMETRIC_REPRESENTATION_CONTEXT ( 3 ) GLOBAL_UNCERTAINTY_ASSIGNED_CONTEXT ( ( #1676 ) ) GLOBAL_UNIT_ASSIGNED_CONTEXT ( ( #4424, #586, #4899 ) ) REPRESENTATION_CONTEXT ( 'NONE', 'WORKASPACE' ) );
#3015 = EDGE_CURVE ( 'NONE', #2566, #2590, #976, .T. ) ;
#3016 = EDGE_LOOP ( 'NONE', ( #4351, #2470, #1125, #2634 ) ) ;
#3017 = PLANE ( 'NONE',  #880 ) ;
#3018 =( GEOMETRIC_REPRESENTATION_CONTEXT ( 3 ) GLOBAL_UNCERTAINTY_ASSIGNED_CONTEXT ( ( #1901 ) ) GLOBAL_UNIT_ASSIGNED_CONTEXT ( ( #2572, #2718, #5089 ) ) REPRESENTATION_CONTEXT ( 'NONE', 'WORKASPACE' ) );
#3019 = CARTESIAN_POINT ( 'NONE',  ( -14.16257688850676821, -7.861557080800158026, 134.0639339723624346 ) ) ;
#3020 = CIRCLE ( 'NONE', #801, 12.49999999999999467 ) ;
#3021 =( NAMED_UNIT ( * ) PLANE_ANGLE_UNIT ( ) SI_UNIT ( $, .RADIAN. ) );
#3022 = EDGE_CURVE ( 'NONE', #1830, #236, #440, .T. ) ;
#3023 = EDGE_CURVE ( 'NONE', #3242, #4416, #1953, .T. ) ;
#3024 = AXIS2_PLACEMENT_3D ( 'NONE', #3221, #1740, #2914 ) ;
#3025 =( GEOMETRIC_REPRESENTATION_CONTEXT ( 3 ) GLOBAL_UNCERTAINTY_ASSIGNED_CONTEXT ( ( #1857 ) ) GLOBAL_UNIT_ASSIGNED_CONTEXT ( ( #3909, #1207, #2347 ) ) REPRESENTATION_CONTEXT ( 'NONE', 'WORKASPACE' ) );
#3026 = CYLINDRICAL_SURFACE ( 'NONE', #176, 9.686499999999998778 ) ;
#3027 = AXIS2_PLACEMENT_3D ( 'NONE', #2127, #4123, #2145 ) ;
#3028 = VERTEX_POINT ( 'NONE', #3241 ) ;
#3029 = AXIS2_PLACEMENT_3D ( 'NONE', #505, #3736, #1751 ) ;
#3030 = SURFACE_SIDE_STYLE ('',( #3374 ) ) ;
#3031 = CARTESIAN_POINT ( 'NONE',  ( -14.51669143865269973, -7.501423814754326180, 130.7379780927126092 ) ) ;
#3032 = VECTOR ( 'NONE', #5105, 1000.000000000000341 ) ;
#3033 = ORIENTED_EDGE ( 'NONE', *, *, #4946, .F. ) ;
#3034 = VERTEX_POINT ( 'NONE', #3641 ) ;
#3035 = CARTESIAN_POINT ( 'NONE',  ( -15.25520653216917033, -6.484865800451608209, 139.8457708071897230 ) ) ;
#3036 = DIRECTION ( 'NONE',  ( -0.2034861408258022419, 0.06140290946268643635, -0.9771504864663062007 ) ) ;
#3037 = CIRCLE ( 'NONE', #1389, 3.000000000000005773 ) ;
#3038 = DIRECTION ( 'NONE',  ( -0.4036298484864445091, 0.9040139324509701702, 0.1408607658127077611 ) ) ;
#3039 = DIRECTION ( 'NONE',  ( 0.7292504199660264641, 0.2249069998420402394, 0.6462280297243586658 ) ) ;
#3040 = MECHANICAL_DESIGN_GEOMETRIC_PRESENTATION_REPRESENTATION (  '', ( #2379 ), #3133 ) ;
#3041 = CARTESIAN_POINT ( 'NONE',  ( -7.050999985890801902, -5.946286795392593305, 142.1500300454113130 ) ) ;
#3042 = FILL_AREA_STYLE_COLOUR ( '', #3010 ) ;
#3043 = UNCERTAINTY_MEASURE_WITH_UNIT (LENGTH_MEASURE( 1.000000000000000082E-05 ), #3609, 'distance_accuracy_value', 'NONE');
#3044 = FILL_AREA_STYLE_COLOUR ( '', #2545 ) ;
#3045 = ORIENTED_EDGE ( 'NONE', *, *, #3157, .T. ) ;
#3046 = DIRECTION ( 'NONE',  ( 0.4036298484864446201, -0.9040139324509703922, -0.1408607658127077888 ) ) ;
#3047 = ORIENTED_EDGE ( 'NONE', *, *, #522, .T. ) ;
#3048 = ORIENTED_EDGE ( 'NONE', *, *, #2338, .F. ) ;
#3049 = AXIS2_PLACEMENT_3D ( 'NONE', #2981, #933, #1699 ) ;
#3050 =( LENGTH_UNIT ( ) NAMED_UNIT ( * ) SI_UNIT ( .MILLI., .METRE. ) );
#3051 = CARTESIAN_POINT ( 'NONE',  ( -11.72428249521382604, 9.826883218324423908, 134.0182997095599831 ) ) ;
#3052 = CARTESIAN_POINT ( 'NONE',  ( -3.434472123667363874, 4.102615727520591449, 123.5173804333204401 ) ) ;
#3053 = CARTESIAN_POINT ( 'NONE',  ( -7.687984010349380171, 0.7867438938147223171, 132.6096920514328872 ) ) ;
#3054 = EDGE_LOOP ( 'NONE', ( #1913, #4371, #705, #1084 ) ) ;
#3055 = EDGE_CURVE ( 'NONE', #1846, #1100, #79, .T. ) ;
#3056 = FILL_AREA_STYLE ('',( #1831 ) ) ;
#3057 = UNCERTAINTY_MEASURE_WITH_UNIT (LENGTH_MEASURE( 1.000000000000000082E-05 ), #1317, 'distance_accuracy_value', 'NONE');
#3058 = PRESENTATION_STYLE_ASSIGNMENT (( #1493 ) ) ;
#3059 = EDGE_LOOP ( 'NONE', ( #352, #615, #4798, #784 ) ) ;
#3060 = FACE_OUTER_BOUND ( 'NONE', #1936, .T. ) ;
#3061 = ORIENTED_EDGE ( 'NONE', *, *, #2245, .F. ) ;
#3062 = CARTESIAN_POINT ( 'NONE',  ( -54.80717347877575918, -11.32669860439674814, 75.40433418528350273 ) ) ;
#3063 =( LENGTH_UNIT ( ) NAMED_UNIT ( * ) SI_UNIT ( .MILLI., .METRE. ) );
#3064 = DIRECTION ( 'NONE',  ( 0.7292504199660262421, 0.2249069998420401839, 0.6462280297243589988 ) ) ;
#3065 = ADVANCED_FACE ( 'NONE', ( #1283 ), #651, .T. ) ;
#3066 = FACE_OUTER_BOUND ( 'NONE', #2779, .T. ) ;
#3067 = LINE ( 'NONE', #1414, #1622 ) ;
#3068 = LINE ( 'NONE', #1121, #2477 ) ;
#3069 = CARTESIAN_POINT ( 'NONE',  ( -7.687984010349380171, 0.7867438938147223171, 132.6096920514328872 ) ) ;
#3070 =( NAMED_UNIT ( * ) PLANE_ANGLE_UNIT ( ) SI_UNIT ( $, .RADIAN. ) );
#3071 = FACE_OUTER_BOUND ( 'NONE', #940, .T. ) ;
#3072 = CARTESIAN_POINT ( 'NONE',  ( 2.074299610267701599, 0.3675239670907948231, 127.7774715045549812 ) ) ;
#3073 = DIRECTION ( 'NONE',  ( 0.7292504199660262421, 0.2249069998420401839, 0.6462280297243589988 ) ) ;
#3074 = MECHANICAL_DESIGN_GEOMETRIC_PRESENTATION_REPRESENTATION (  '', ( #1130 ), #1669 ) ;
#3075 = FACE_OUTER_BOUND ( 'NONE', #868, .T. ) ;
#3076 = ORIENTED_EDGE ( 'NONE', *, *, #785, .F. ) ;
#3077 = PRESENTATION_STYLE_ASSIGNMENT (( #778 ) ) ;
#3078 = ORIENTED_EDGE ( 'NONE', *, *, #150, .T. ) ;
#3079 = CIRCLE ( 'NONE', #1984, 4.499999999999995559 ) ;
#3080 = FILL_AREA_STYLE_COLOUR ( '', #3083 ) ;
#3081 = PRESENTATION_LAYER_ASSIGNMENT (  '', '', ( #429 ) ) ;
#3082 = EDGE_LOOP ( 'NONE', ( #1698, #1911, #1736, #1466 ) ) ;
#3083 = COLOUR_RGB ( '',0.7921568627450980005, 0.8196078431372548767, 0.9333333333333333481 ) ;
#3084 = CARTESIAN_POINT ( 'NONE',  ( -5.673871066401649621, -3.724285629114095997, 131.9067968300275311 ) ) ;
#3085 = FILL_AREA_STYLE_COLOUR ( '', #3918 ) ;
#3086 = DIRECTION ( 'NONE',  ( -0.4036298484864154212, 0.9040139324509844920, 0.1408607658127000728 ) ) ;
#3087 = DIRECTION ( 'NONE',  ( -0.4036298484864445091, 0.9040139324509701702, 0.1408607658127077611 ) ) ;
#3088 = EDGE_CURVE ( 'NONE', #1247, #3936, #3338, .T. ) ;
#3089 = ORIENTED_EDGE ( 'NONE', *, *, #2736, .F. ) ;
#3090 =( NAMED_UNIT ( * ) SI_UNIT ( $, .STERADIAN. ) SOLID_ANGLE_UNIT ( ) );
#3091 = CARTESIAN_POINT ( 'NONE',  ( -15.31945255991092480, -8.050631207514776122, 131.9623984209790422 ) ) ;
#3092 =( LENGTH_UNIT ( ) NAMED_UNIT ( * ) SI_UNIT ( .MILLI., .METRE. ) );
#3093 = CARTESIAN_POINT ( 'NONE',  ( -12.63783867669307881, -7.899493110992783507, 138.6764642926629847 ) ) ;
#3094 = FILL_AREA_STYLE ('',( #667 ) ) ;
#3095 = UNCERTAINTY_MEASURE_WITH_UNIT (LENGTH_MEASURE( 1.000000000000000082E-05 ), #3173, 'distance_accuracy_value', 'NONE');
#3096 = DIRECTION ( 'NONE',  ( -0.4036298484864446201, 0.9040139324509703922, 0.1408607658127077888 ) ) ;
#3097 = DIRECTION ( 'NONE',  ( 0.4036298484864445091, -0.9040139324509700591, -0.1408607658127077611 ) ) ;
#3098 = CARTESIAN_POINT ( 'NONE',  ( -14.24613191095305886, -8.744900631579032080, 139.4936188926579632 ) ) ;
#3099 = EDGE_CURVE ( 'NONE', #606, #296, #1066, .T. ) ;
#3100 = EDGE_CURVE ( 'NONE', #4628, #4361, #4272, .T. ) ;
#3101 = PRESENTATION_STYLE_ASSIGNMENT (( #1994 ) ) ;
#3102 = FILL_AREA_STYLE ('',( #672 ) ) ;
#3103 = ORIENTED_EDGE ( 'NONE', *, *, #2702, .T. ) ;
#3104 = DIRECTION ( 'NONE',  ( 0.7292504199660211350, 0.2249069998420372696, 0.6462280297243657712 ) ) ;
#3105 = CARTESIAN_POINT ( 'NONE',  ( -14.12997429790986992, -0.4312004364745678497, 121.9669775131540064 ) ) ;
#3106 = DIRECTION ( 'NONE',  ( 0.7292504199660264641, 0.2249069998420402949, 0.6462280297243586658 ) ) ;
#3107 = CARTESIAN_POINT ( 'NONE',  ( 5.763192833778448154, 1.297988160729611318, 132.3763022325761085 ) ) ;
#3108 = PRESENTATION_LAYER_ASSIGNMENT (  '', '', ( #28 ) ) ;
#3109 = CARTESIAN_POINT ( 'NONE',  ( -12.88128627541082061, -7.961451208885962139, 138.3765104097101073 ) ) ;
#3110 = ORIENTED_EDGE ( 'NONE', *, *, #3733, .T. ) ;
#3111 = SURFACE_STYLE_FILL_AREA ( #3140 ) ;
#3112 = LINE ( 'NONE', #1488, #2482 ) ;
#3113 = ORIENTED_EDGE ( 'NONE', *, *, #1141, .F. ) ;
#3114 = VECTOR ( 'NONE', #1532, 1000.000000000000114 ) ;
#3115 = MECHANICAL_DESIGN_GEOMETRIC_PRESENTATION_REPRESENTATION (  '', ( #2363 ), #2597 ) ;
#3116 = EDGE_LOOP ( 'NONE', ( #3308, #1307, #4008, #1225 ) ) ;
#3117 = CARTESIAN_POINT ( 'NONE',  ( -11.72428249521382604, 9.826883218324423908, 134.0182997095599831 ) ) ;
#3118 = MECHANICAL_DESIGN_GEOMETRIC_PRESENTATION_REPRESENTATION (  '', ( #4585 ), #887 ) ;
#3119 = CIRCLE ( 'NONE', #3466, 4.500000000000003553 ) ;
#3120 = VECTOR ( 'NONE', #557, 1000.000000000000114 ) ;
#3121 = CARTESIAN_POINT ( 'NONE',  ( 2.464074972774807915, -0.7798492237616405642, 136.2579473409006994 ) ) ;
#3122 = EDGE_CURVE ( 'NONE', #4666, #331, #3198, .T. ) ;
#3123 =( LENGTH_UNIT ( ) NAMED_UNIT ( * ) SI_UNIT ( .MILLI., .METRE. ) );
#3124 = FILL_AREA_STYLE_COLOUR ( '', #459 ) ;
#3125 = CARTESIAN_POINT ( 'NONE',  ( -7.687984010349380171, 0.7867438938147223171, 132.6096920514328872 ) ) ;
#3126 = STYLED_ITEM ( 'NONE', ( #2550 ), #4192 ) ;
#3127 = PRESENTATION_LAYER_ASSIGNMENT (  '', '', ( #2445 ) ) ;
#3128 = CYLINDRICAL_SURFACE ( 'NONE', #3453, 4.500000000000003553 ) ;
#3129 = FILL_AREA_STYLE_COLOUR ( '', #1081 ) ;
#3130 = EDGE_CURVE ( 'NONE', #4361, #1876, #674, .T. ) ;
#3131 = EDGE_CURVE ( 'NONE', #676, #3501, #1301, .T. ) ;
#3132 = SURFACE_SIDE_STYLE ('',( #2326 ) ) ;
#3133 =( GEOMETRIC_REPRESENTATION_CONTEXT ( 3 ) GLOBAL_UNCERTAINTY_ASSIGNED_CONTEXT ( ( #2954 ) ) GLOBAL_UNIT_ASSIGNED_CONTEXT ( ( #3986, #2798, #1267 ) ) REPRESENTATION_CONTEXT ( 'NONE', 'WORKASPACE' ) );
#3134 = DIRECTION ( 'NONE',  ( -0.4036298484864153657, 0.9040139324509843810, 0.1408607658127001006 ) ) ;
#3135 = ORIENTED_EDGE ( 'NONE', *, *, #1779, .T. ) ;
#3136 = SURFACE_SIDE_STYLE ('',( #1567 ) ) ;
#3137 = EDGE_CURVE ( 'NONE', #1859, #3351, #4581, .T. ) ;
#3138 = CARTESIAN_POINT ( 'NONE',  ( -5.529768141654385794, -2.181130252083724574, 122.3450873552830700 ) ) ;
#3139 = ORIENTED_EDGE ( 'NONE', *, *, #1384, .F. ) ;
#3140 = FILL_AREA_STYLE ('',( #346 ) ) ;
#3141 = FACE_OUTER_BOUND ( 'NONE', #2865, .T. ) ;
#3142 = ORIENTED_EDGE ( 'NONE', *, *, #1515, .T. ) ;
#3143 = VECTOR ( 'NONE', #4728, 1000.000000000000114 ) ;
#3144 = AXIS2_PLACEMENT_3D ( 'NONE', #360, #3935, #802 ) ;
#3145 = CARTESIAN_POINT ( 'NONE',  ( -5.669834767917158125, -3.733325768440127312, 131.9053882223693677 ) ) ;
#3146 = VERTEX_POINT ( 'NONE', #1845 ) ;
#3147 = DIRECTION ( 'NONE',  ( 0.7292504199660264641, 0.2249069998420402949, 0.6462280297243586658 ) ) ;
#3148 = AXIS2_PLACEMENT_3D ( 'NONE', #2877, #4431, #4039 ) ;
#3149 = SURFACE_STYLE_USAGE ( .BOTH. , #1526 ) ;
#3150 =( NAMED_UNIT ( * ) PLANE_ANGLE_UNIT ( ) SI_UNIT ( $, .RADIAN. ) );
#3151 =( GEOMETRIC_REPRESENTATION_CONTEXT ( 3 ) GLOBAL_UNCERTAINTY_ASSIGNED_CONTEXT ( ( #214 ) ) GLOBAL_UNIT_ASSIGNED_CONTEXT ( ( #4229, #3070, #2695 ) ) REPRESENTATION_CONTEXT ( 'NONE', 'WORKASPACE' ) );
#3152 = VECTOR ( 'NONE', #1035, 1000.000000000000114 ) ;
#3153 = CARTESIAN_POINT ( 'NONE',  ( -24.77268807684414753, -0.3900129825878760892, 91.27744549699227150 ) ) ;
#3154 = FILL_AREA_STYLE_COLOUR ( '', #2713 ) ;
#3155 = AXIS2_PLACEMENT_3D ( 'NONE', #3440, #1138, #3036 ) ;
#3156 = CARTESIAN_POINT ( 'NONE',  ( -5.669834767917158125, -3.733325768440127312, 131.9053882223693677 ) ) ;
#3157 = EDGE_CURVE ( 'NONE', #763, #626, #4586, .T. ) ;
#3158 = CARTESIAN_POINT ( 'NONE',  ( -4.575959137968117041, -3.395965268677067606, 132.8747302669559076 ) ) ;
#3159 = CARTESIAN_POINT ( 'NONE',  ( -20.14211464592031220, 0.7050889548713143995, 97.51800679410098383 ) ) ;
#3160 = EDGE_CURVE ( 'NONE', #2332, #175, #3449, .T. ) ;
#3161 = CARTESIAN_POINT ( 'NONE',  ( -18.60241955122526747, 1.636514068733776028, 95.95224516482915078 ) ) ;
#3162 = VECTOR ( 'NONE', #492, 1000.000000000000341 ) ;
#3163 = VERTEX_POINT ( 'NONE', #3483 ) ;
#3164 = VECTOR ( 'NONE', #290, 1000.000000000000341 ) ;
#3165 = CYLINDRICAL_SURFACE ( 'NONE', #3876, 4.500000000000003553 ) ;
#3166 = AXIS2_PLACEMENT_3D ( 'NONE', #1244, #2107, #117 ) ;
#3167 = ORIENTED_EDGE ( 'NONE', *, *, #1454, .F. ) ;
#3168 = CARTESIAN_POINT ( 'NONE',  ( -24.78598089585376130, -0.6267354107179976541, 92.75858890429040571 ) ) ;
#3169 = DIRECTION ( 'NONE',  ( -0.4036298484864445091, 0.9040139324509700591, 0.1408607658127077611 ) ) ;
#3170 = FILL_AREA_STYLE ('',( #3219 ) ) ;
#3171 = SURFACE_STYLE_USAGE ( .BOTH. , #5108 ) ;
#3172 = CARTESIAN_POINT ( 'NONE',  ( -5.669834767917158125, -3.733325768440127312, 131.9053882223693677 ) ) ;
#3173 =( LENGTH_UNIT ( ) NAMED_UNIT ( * ) SI_UNIT ( .MILLI., .METRE. ) );
#3174 = PRESENTATION_STYLE_ASSIGNMENT (( #2694 ) ) ;
#3175 =( LENGTH_UNIT ( ) NAMED_UNIT ( * ) SI_UNIT ( .MILLI., .METRE. ) );
#3176 = ORIENTED_EDGE ( 'NONE', *, *, #3022, .T. ) ;
#3177 =( NAMED_UNIT ( * ) SI_UNIT ( $, .STERADIAN. ) SOLID_ANGLE_UNIT ( ) );
#3178 = DIRECTION ( 'NONE',  ( -0.4036298484864446201, 0.9040139324509703922, 0.1408607658127077888 ) ) ;
#3179 =( NAMED_UNIT ( * ) PLANE_ANGLE_UNIT ( ) SI_UNIT ( $, .RADIAN. ) );
#3180 = FILL_AREA_STYLE ('',( #1606 ) ) ;
#3181 = FILL_AREA_STYLE ('',( #405 ) ) ;
#3182 = DIRECTION ( 'NONE',  ( -0.4036298484864445091, 0.9040139324509700591, 0.1408607658127077611 ) ) ;
#3183 = EDGE_CURVE ( 'NONE', #1833, #2537, #43, .T. ) ;
#3184 = COLOUR_RGB ( '',0.7764705882352941346, 0.7568627450980391913, 0.7372549019607843590 ) ;
#3185 = ORIENTED_EDGE ( 'NONE', *, *, #4434, .T. ) ;
#3186 = EDGE_CURVE ( 'NONE', #1592, #4644, #3615, .T. ) ;
#3187 = COLOUR_RGB ( '',0.7764705882352941346, 0.7568627450980391913, 0.7372549019607843590 ) ;
#3188 = ORIENTED_EDGE ( 'NONE', *, *, #566, .T. ) ;
#3189 = AXIS2_PLACEMENT_3D ( 'NONE', #2611, #297, #1496 ) ;
#3190 = CARTESIAN_POINT ( 'NONE',  ( -0.5737064791735179137, 4.777182849744610493, 127.3855428959815015 ) ) ;
#3191 = CIRCLE ( 'NONE', #2935, 1.499999999999932720 ) ;
#3192 = CARTESIAN_POINT ( 'NONE',  ( -11.72428249521382604, 9.826883218324423908, 134.0182997095599831 ) ) ;
#3193 = CIRCLE ( 'NONE', #4835, 12.49999999999999467 ) ;
#3195 = ORIENTED_EDGE ( 'NONE', *, *, #879, .F. ) ;
#3194 =( NAMED_UNIT ( * ) SI_UNIT ( $, .STERADIAN. ) SOLID_ANGLE_UNIT ( ) );
#3196 = VERTEX_POINT ( 'NONE', #1071 ) ;
#3197 = VECTOR ( 'NONE', #1720, 1000.000000000000114 ) ;
#3198 = CIRCLE ( 'NONE', #388, 4.500000000000007105 ) ;
#3199 =( GEOMETRIC_REPRESENTATION_CONTEXT ( 3 ) GLOBAL_UNCERTAINTY_ASSIGNED_CONTEXT ( ( #4282 ) ) GLOBAL_UNIT_ASSIGNED_CONTEXT ( ( #3092, #1471, #3826 ) ) REPRESENTATION_CONTEXT ( 'NONE', 'WORKASPACE' ) );
#3200 = CARTESIAN_POINT ( 'NONE',  ( -0.5744511409393323609, -2.895653323065894291, 141.1299679155997637 ) ) ;
#3201 = PRESENTATION_LAYER_ASSIGNMENT (  '', '', ( #3126 ) ) ;
#3202 = COLOUR_RGB ( '',0.7764705882352941346, 0.7568627450980391913, 0.7372549019607843590 ) ;
#3203 = FILL_AREA_STYLE ('',( #4355 ) ) ;
#3204 =( GEOMETRIC_REPRESENTATION_CONTEXT ( 3 ) GLOBAL_UNCERTAINTY_ASSIGNED_CONTEXT ( ( #1838 ) ) GLOBAL_UNIT_ASSIGNED_CONTEXT ( ( #5083, #354, #766 ) ) REPRESENTATION_CONTEXT ( 'NONE', 'WORKASPACE' ) );
#3205 = VERTEX_POINT ( 'NONE', #1482 ) ;
#3206 = STYLED_ITEM ( 'NONE', ( #3260 ), #4258 ) ;
#3207 = CARTESIAN_POINT ( 'NONE',  ( 3.997584722384178058, 0.5315772015344362167, 132.2356956606986387 ) ) ;
#3208 = PRESENTATION_LAYER_ASSIGNMENT (  '', '', ( #1159 ) ) ;
#3209 = ORIENTED_EDGE ( 'NONE', *, *, #2235, .F. ) ;
#3210 = FILL_AREA_STYLE_COLOUR ( '', #2681 ) ;
#3211 = DIRECTION ( 'NONE',  ( -0.4036298484864446201, 0.9040139324509703922, 0.1408607658127077888 ) ) ;
#3212 =( NAMED_UNIT ( * ) PLANE_ANGLE_UNIT ( ) SI_UNIT ( $, .RADIAN. ) );
#3213 = ORIENTED_EDGE ( 'NONE', *, *, #818, .F. ) ;
#3214 = ORIENTED_EDGE ( 'NONE', *, *, #4314, .T. ) ;
#3215 = DIRECTION ( 'NONE',  ( 0.7292504199660262421, 0.2249069998420401839, 0.6462280297243589988 ) ) ;
#3216 = EDGE_CURVE ( 'NONE', #4122, #4971, #2620, .T. ) ;
#3217 = STYLED_ITEM ( 'NONE', ( #3077 ), #2499 ) ;
#3218 = DIRECTION ( 'NONE',  ( 0.7292504199660252429, 0.2249069998420399341, 0.6462280297243599980 ) ) ;
#3219 = FILL_AREA_STYLE_COLOUR ( '', #1022 ) ;
#3220 = DIRECTION ( 'NONE',  ( 0.7292504199660264641, 0.2249069998420402949, 0.6462280297243586658 ) ) ;
#3221 = CARTESIAN_POINT ( 'NONE',  ( -7.687984010349380171, 0.7867438938147223171, 132.6096920514328872 ) ) ;
#3222 = CIRCLE ( 'NONE', #157, 4.499999999999992006 ) ;
#3223 = EDGE_LOOP ( 'NONE', ( #4566, #3284, #4783, #2381 ) ) ;
#3224 = COLOUR_RGB ( '',0.7764705882352941346, 0.7568627450980391913, 0.7372549019607843590 ) ;
#3225 = STYLED_ITEM ( 'NONE', ( #231 ), #2186 ) ;
#3226 = ORIENTED_EDGE ( 'NONE', *, *, #1318, .T. ) ;
#3227 = COLOUR_RGB ( '',0.7764705882352941346, 0.7568627450980391913, 0.7372549019607843590 ) ;
#3228 = CYLINDRICAL_SURFACE ( 'NONE', #1480, 1.500000000000017097 ) ;
#3229 = EDGE_CURVE ( 'NONE', #2453, #5076, #1421, .T. ) ;
#3230 = ORIENTED_EDGE ( 'NONE', *, *, #1914, .T. ) ;
#3231 = DIRECTION ( 'NONE',  ( -0.8742437189090496164, -0.3356881868840211891, -0.3507297551314874084 ) ) ;
#3232 = DIRECTION ( 'NONE',  ( -0.4036298484864445091, 0.9040139324509701702, 0.1408607658127077611 ) ) ;
#3233 = CARTESIAN_POINT ( 'NONE',  ( -7.687984010349380171, 0.7867438938147223171, 132.6096920514328872 ) ) ;
#3234 = ORIENTED_EDGE ( 'NONE', *, *, #435, .T. ) ;
#3235 = EDGE_LOOP ( 'NONE', ( #3598, #1299, #1494, #3644 ) ) ;
#3236 = CARTESIAN_POINT ( 'NONE',  ( -5.669834767917158125, -3.733325768440127312, 131.9053882223693677 ) ) ;
#3237 =( GEOMETRIC_REPRESENTATION_CONTEXT ( 3 ) GLOBAL_UNCERTAINTY_ASSIGNED_CONTEXT ( ( #2079 ) ) GLOBAL_UNIT_ASSIGNED_CONTEXT ( ( #3316, #1348, #4116 ) ) REPRESENTATION_CONTEXT ( 'NONE', 'WORKASPACE' ) );
#3238 = FILL_AREA_STYLE ('',( #3956 ) ) ;
#3239 = SURFACE_STYLE_USAGE ( .BOTH. , #439 ) ;
#3240 = EDGE_CURVE ( 'NONE', #3163, #5078, #3119, .T. ) ;
#3241 = CARTESIAN_POINT ( 'NONE',  ( -6.689466977433170314, -2.696363357188686916, 122.3286799483866218 ) ) ;
#3242 = VERTEX_POINT ( 'NONE', #646 ) ;
#3243 = ORIENTED_EDGE ( 'NONE', *, *, #4428, .T. ) ;
#3244 = DIRECTION ( 'NONE',  ( -0.4954199826177844712, -0.08652028371163746068, -0.8643340102815876280 ) ) ;
#3245 = DIRECTION ( 'NONE',  ( 0.1138699078527286440, 0.2023984311790436030, -0.9726605364369795836 ) ) ;
#3246 = DIRECTION ( 'NONE',  ( 0.7292504199660253539, 0.2249069998420399341, 0.6462280297243599980 ) ) ;
#3247 = FACE_OUTER_BOUND ( 'NONE', #2055, .T. ) ;
#3248 = EDGE_CURVE ( 'NONE', #833, #1822, #3364, .T. ) ;
#3249 = SURFACE_STYLE_USAGE ( .BOTH. , #1587 ) ;
#3250 = EDGE_LOOP ( 'NONE', ( #866, #3716 ) ) ;
#3251 = DIRECTION ( 'NONE',  ( -0.4036298484864445091, 0.9040139324509701702, 0.1408607658127077611 ) ) ;
#3252 = ORIENTED_EDGE ( 'NONE', *, *, #2606, .F. ) ;
#3253 = DIRECTION ( 'NONE',  ( 0.7292504199660264641, 0.2249069998420402394, 0.6462280297243586658 ) ) ;
#3254 = FILL_AREA_STYLE ('',( #2086 ) ) ;
#3255 = CIRCLE ( 'NONE', #4560, 4.500000000000000000 ) ;
#3256 =( NAMED_UNIT ( * ) SI_UNIT ( $, .STERADIAN. ) SOLID_ANGLE_UNIT ( ) );
#3257 = ORIENTED_EDGE ( 'NONE', *, *, #2442, .F. ) ;
#3258 = EDGE_CURVE ( 'NONE', #828, #3196, #4109, .T. ) ;
#3259 = CARTESIAN_POINT ( 'NONE',  ( -12.83785239898977792, -2.005026237627411945, 135.8409573009683982 ) ) ;
#3260 = PRESENTATION_STYLE_ASSIGNMENT (( #919 ) ) ;
#3261 = AXIS2_PLACEMENT_3D ( 'NONE', #4365, #4345, #3218 ) ;
#3262 =( NAMED_UNIT ( * ) SI_UNIT ( $, .STERADIAN. ) SOLID_ANGLE_UNIT ( ) );
#3263 = VERTEX_POINT ( 'NONE', #4614 ) ;
#3264 =( LENGTH_UNIT ( ) NAMED_UNIT ( * ) SI_UNIT ( .MILLI., .METRE. ) );
#3265 = PRESENTATION_LAYER_ASSIGNMENT (  '', '', ( #2752 ) ) ;
#3266 = CARTESIAN_POINT ( 'NONE',  ( -50.01052711460473432, -8.226068972213733232, 69.24972657223595718 ) ) ;
#3267 = CARTESIAN_POINT ( 'NONE',  ( 3.032508663556213957, -0.2220932405304366364, 134.3072098613844503 ) ) ;
#3268 = LINE ( 'NONE', #4001, #3703 ) ;
#3269 = CIRCLE ( 'NONE', #3940, 4.500000000000000000 ) ;
#3270 = VERTEX_POINT ( 'NONE', #1099 ) ;
#3271 = ORIENTED_EDGE ( 'NONE', *, *, #4549, .T. ) ;
#3272 = AXIS2_PLACEMENT_3D ( 'NONE', #1195, #1591, #1180 ) ;
#3273 = DIRECTION ( 'NONE',  ( -0.4036298484864446201, 0.9040139324509703922, 0.1408607658127077888 ) ) ;
#3274 = CIRCLE ( 'NONE', #1055, 9.686500000000002331 ) ;
#3275 = SURFACE_SIDE_STYLE ('',( #611 ) ) ;
#3276 =( LENGTH_UNIT ( ) NAMED_UNIT ( * ) SI_UNIT ( .MILLI., .METRE. ) );
#3277 = AXIS2_PLACEMENT_3D ( 'NONE', #3930, #3096, #4662 ) ;
#3278 = MECHANICAL_DESIGN_GEOMETRIC_PRESENTATION_REPRESENTATION (  '', ( #806 ), #5096 ) ;
#3279 = ORIENTED_EDGE ( 'NONE', *, *, #3574, .T. ) ;
#3280 = DIRECTION ( 'NONE',  ( -0.008861879339744286113, -0.1578149520867547506, 0.9874289381988069492 ) ) ;
#3281 = COLOUR_RGB ( '',0.7921568627450980005, 0.8196078431372548767, 0.9333333333333333481 ) ;
#3282 = VECTOR ( 'NONE', #1259, 1000.000000000000341 ) ;
#3283 = FILL_AREA_STYLE ('',( #4035 ) ) ;
#3284 = ORIENTED_EDGE ( 'NONE', *, *, #4399, .F. ) ;
#3285 = COLOUR_RGB ( '',0.7764705882352941346, 0.7568627450980391913, 0.7372549019607843590 ) ;
#3286 = DIRECTION ( 'NONE',  ( 0.7292504199660211350, 0.2249069998420371863, 0.6462280297243657712 ) ) ;
#3287 = MECHANICAL_DESIGN_GEOMETRIC_PRESENTATION_REPRESENTATION (  '', ( #2203 ), #2857 ) ;
#3288 = ADVANCED_FACE ( 'NONE', ( #3075 ), #2645, .T. ) ;
#3289 = PRESENTATION_STYLE_ASSIGNMENT (( #842 ) ) ;
#3290 = ORIENTED_EDGE ( 'NONE', *, *, #4519, .T. ) ;
#3291 = PRESENTATION_STYLE_ASSIGNMENT (( #1400 ) ) ;
#3292 =( NAMED_UNIT ( * ) SI_UNIT ( $, .STERADIAN. ) SOLID_ANGLE_UNIT ( ) );
#3293 = DIRECTION ( 'NONE',  ( 0.4036298484864153657, -0.9040139324509843810, -0.1408607658127000450 ) ) ;
#3294 = LINE ( 'NONE', #3349, #2689 ) ;
#3295 = CARTESIAN_POINT ( 'NONE',  ( -13.41396914610204760, -7.834175503971052557, 136.0333049401836547 ) ) ;
#3296 = ORIENTED_EDGE ( 'NONE', *, *, #4599, .T. ) ;
#3297 = ORIENTED_EDGE ( 'NONE', *, *, #2760, .T. ) ;
#3298 = DIRECTION ( 'NONE',  ( -0.4036298484864445091, 0.9040139324509701702, 0.1408607658127077611 ) ) ;
#3299 = CARTESIAN_POINT ( 'NONE',  ( -5.669834767917157237, -3.733325768440128201, 131.9053882223693677 ) ) ;
#3300 = CARTESIAN_POINT ( 'NONE',  ( -18.52830803366155621, -3.325323738270415053, 127.9376181159350097 ) ) ;
#3301 = PRESENTATION_LAYER_ASSIGNMENT (  '', '', ( #1580 ) ) ;
#3303 = CARTESIAN_POINT ( 'NONE',  ( -53.75412599084688736, -9.956638199812070766, 69.62904046634996291 ) ) ;
#3302 = CIRCLE ( 'NONE', #2625, 4.499999999999995559 ) ;
#3304 = PRESENTATION_STYLE_ASSIGNMENT (( #4927 ) ) ;
#3305 = STYLED_ITEM ( 'NONE', ( #2230 ), #461 ) ;
#3306 = DIRECTION ( 'NONE',  ( -0.7292504199660253539, -0.2249069998420398231, -0.6462280297243599980 ) ) ;
#3307 = EDGE_CURVE ( 'NONE', #2399, #2085, #2262, .T. ) ;
#3308 = ORIENTED_EDGE ( 'NONE', *, *, #4556, .T. ) ;
#3309 = CARTESIAN_POINT ( 'NONE',  ( -5.669834767917158125, -3.733325768440127312, 131.9053882223693677 ) ) ;
#3310 = ORIENTED_EDGE ( 'NONE', *, *, #4042, .F. ) ;
#3311 =( NAMED_UNIT ( * ) SI_UNIT ( $, .STERADIAN. ) SOLID_ANGLE_UNIT ( ) );
#3312 = MECHANICAL_DESIGN_GEOMETRIC_PRESENTATION_REPRESENTATION (  '', ( #2471 ), #1015 ) ;
#3313 = CYLINDRICAL_SURFACE ( 'NONE', #1636, 4.500000000000003553 ) ;
#3314 = EDGE_CURVE ( 'NONE', #1847, #4299, #972, .T. ) ;
#3315 = ORIENTED_EDGE ( 'NONE', *, *, #4955, .F. ) ;
#3316 =( LENGTH_UNIT ( ) NAMED_UNIT ( * ) SI_UNIT ( .MILLI., .METRE. ) );
#3317 = CIRCLE ( 'NONE', #87, 12.49999999999999467 ) ;
#3318 = CARTESIAN_POINT ( 'NONE',  ( -11.14126172807559811, -7.808296091144527828, 142.3795518590866038 ) ) ;
#3319 = UNCERTAINTY_MEASURE_WITH_UNIT (LENGTH_MEASURE( 1.000000000000000082E-05 ), #622, 'distance_accuracy_value', 'NONE');
#3320 = FACE_BOUND ( 'NONE', #1495, .T. ) ;
#3321 = CARTESIAN_POINT ( 'NONE',  ( -5.669834767917158125, -3.733325768440127312, 131.9053882223693677 ) ) ;
#3322 =( LENGTH_UNIT ( ) NAMED_UNIT ( * ) SI_UNIT ( .MILLI., .METRE. ) );
#3324 = ORIENTED_EDGE ( 'NONE', *, *, #4006, .F. ) ;
#3323 = FILL_AREA_STYLE_COLOUR ( '', #968 ) ;
#3325 = ORIENTED_EDGE ( 'NONE', *, *, #2003, .F. ) ;
#3326 = COLOUR_RGB ( '',0.7921568627450980005, 0.8196078431372548767, 0.9333333333333333481 ) ;
#3327 = FILL_AREA_STYLE ('',( #4895 ) ) ;
#3328 = DIRECTION ( 'NONE',  ( -0.4036298484864445091, 0.9040139324509701702, 0.1408607658127077611 ) ) ;
#3329 = DIRECTION ( 'NONE',  ( -0.4036298484864446201, 0.9040139324509703922, 0.1408607658127077888 ) ) ;
#3330 = COLOUR_RGB ( '',0.7764705882352941346, 0.7568627450980391913, 0.7372549019607843590 ) ;
#3331 = EDGE_CURVE ( 'NONE', #4416, #552, #555, .T. ) ;
#3332 = AXIS2_PLACEMENT_3D ( 'NONE', #1497, #716, #1702 ) ;
#3333 = FILL_AREA_STYLE_COLOUR ( '', #1996 ) ;
#3334 =( NAMED_UNIT ( * ) SI_UNIT ( $, .STERADIAN. ) SOLID_ANGLE_UNIT ( ) );
#3335 = MECHANICAL_DESIGN_GEOMETRIC_PRESENTATION_REPRESENTATION (  '', ( #429 ), #3428 ) ;
#3336 =( NAMED_UNIT ( * ) PLANE_ANGLE_UNIT ( ) SI_UNIT ( $, .RADIAN. ) );
#3337 = AXIS2_PLACEMENT_3D ( 'NONE', #4268, #733, #1907 ) ;
#3338 = LINE ( 'NONE', #4903, #4344 ) ;
#3339 = ORIENTED_EDGE ( 'NONE', *, *, #589, .F. ) ;
#3340 = EDGE_CURVE ( 'NONE', #2357, #5080, #318, .T. ) ;
#3341 = DIRECTION ( 'NONE',  ( -0.4036298484864154212, 0.9040139324509844920, 0.1408607658127000728 ) ) ;
#3342 = SURFACE_STYLE_USAGE ( .BOTH. , #3398 ) ;
#3343 = CARTESIAN_POINT ( 'NONE',  ( -10.24187063124069041, -7.160556293040460929, 140.7996604772704075 ) ) ;
#3344 = UNCERTAINTY_MEASURE_WITH_UNIT (LENGTH_MEASURE( 1.000000000000000082E-05 ), #5016, 'distance_accuracy_value', 'NONE');
#3345 = SURFACE_STYLE_FILL_AREA ( #921 ) ;
#3346 = CIRCLE ( 'NONE', #115, 4.500000000000006217 ) ;
#3347 = ADVANCED_FACE ( 'NONE', ( #1475 ), #1045, .T. ) ;
#3348 = LINE ( 'NONE', #4510, #3833 ) ;
#3349 = CARTESIAN_POINT ( 'NONE',  ( 2.074299610267701599, 0.3675239670907948231, 127.7774715045549812 ) ) ;
#3351 = VERTEX_POINT ( 'NONE', #4672 ) ;
#3350 = FILL_AREA_STYLE ('',( #3323 ) ) ;
#3352 = ORIENTED_EDGE ( 'NONE', *, *, #5021, .T. ) ;
#3353 = DIRECTION ( 'NONE',  ( -0.4036298484864445091, 0.9040139324509700591, 0.1408607658127077611 ) ) ;
#3354 =( NAMED_UNIT ( * ) SI_UNIT ( $, .STERADIAN. ) SOLID_ANGLE_UNIT ( ) );
#3355 = CARTESIAN_POINT ( 'NONE',  ( 0.1333890309140927100, -0.07655367108544257337, 125.0658784724905672 ) ) ;
#3356 = CYLINDRICAL_SURFACE ( 'NONE', #639, 4.500000000000003553 ) ;
#3357 = CARTESIAN_POINT ( 'NONE',  ( -7.646129104408647237, -3.001549998812357511, 121.5460318298559059 ) ) ;
#3358 = CARTESIAN_POINT ( 'NONE',  ( -12.88128627541082061, -7.961451208885962139, 138.3765104097101073 ) ) ;
#3359 = AXIS2_PLACEMENT_3D ( 'NONE', #2720, #2018, #1209 ) ;
#3360 = VECTOR ( 'NONE', #3097, 1000.000000000000341 ) ;
#3361 = STYLED_ITEM ( 'NONE', ( #3611 ), #4741 ) ;
#3362 = ORIENTED_EDGE ( 'NONE', *, *, #4889, .T. ) ;
#3363 = AXIS2_PLACEMENT_3D ( 'NONE', #3979, #4754, #4050 ) ;
#3364 = CIRCLE ( 'NONE', #2771, 1.500000000000017097 ) ;
#3365 = DIRECTION ( 'NONE',  ( -0.4036298484864154212, 0.9040139324509844920, 0.1408607658127000728 ) ) ;
#3366 = AXIS2_PLACEMENT_3D ( 'NONE', #2868, #2021, #876 ) ;
#3367 = CARTESIAN_POINT ( 'NONE',  ( 3.623462674478526768, -0.1334072266915724003, 135.4313929144405790 ) ) ;
#3368 = SURFACE_STYLE_FILL_AREA ( #2910 ) ;
#3369 =( GEOMETRIC_REPRESENTATION_CONTEXT ( 3 ) GLOBAL_UNCERTAINTY_ASSIGNED_CONTEXT ( ( #245 ) ) GLOBAL_UNIT_ASSIGNED_CONTEXT ( ( #4142, #4248, #2281 ) ) REPRESENTATION_CONTEXT ( 'NONE', 'WORKASPACE' ) );
#3370 =( GEOMETRIC_REPRESENTATION_CONTEXT ( 3 ) GLOBAL_UNCERTAINTY_ASSIGNED_CONTEXT ( ( #2631 ) ) GLOBAL_UNIT_ASSIGNED_CONTEXT ( ( #304, #2669, #3789 ) ) REPRESENTATION_CONTEXT ( 'NONE', 'WORKASPACE' ) );
#3371 = CARTESIAN_POINT ( 'NONE',  ( -7.687984010349380171, 0.7867438938147223171, 132.6096920514328872 ) ) ;
#3372 = UNCERTAINTY_MEASURE_WITH_UNIT (LENGTH_MEASURE( 1.000000000000000082E-05 ), #4604, 'distance_accuracy_value', 'NONE');
#3373 = ORIENTED_EDGE ( 'NONE', *, *, #1927, .T. ) ;
#3374 = SURFACE_STYLE_FILL_AREA ( #3056 ) ;
#3375 = SURFACE_SIDE_STYLE ('',( #1433 ) ) ;
#3376 = ORIENTED_EDGE ( 'NONE', *, *, #3894, .F. ) ;
#3377 = EDGE_CURVE ( 'NONE', #3797, #3263, #1941, .T. ) ;
#3378 = ORIENTED_EDGE ( 'NONE', *, *, #451, .T. ) ;
#3379 = DIRECTION ( 'NONE',  ( 0.4036298484864153657, -0.9040139324509843810, -0.1408607658127000450 ) ) ;
#3380 = CYLINDRICAL_SURFACE ( 'NONE', #4375, 9.686499999999998778 ) ;
#3381 = UNCERTAINTY_MEASURE_WITH_UNIT (LENGTH_MEASURE( 1.000000000000000082E-05 ), #4687, 'distance_accuracy_value', 'NONE');
#3382 = CYLINDRICAL_SURFACE ( 'NONE', #3419, 4.500000000000003553 ) ;
#3383 = FILL_AREA_STYLE ('',( #300 ) ) ;
#3384 = FILL_AREA_STYLE ('',( #3333 ) ) ;
#3385 = FILL_AREA_STYLE ('',( #2901 ) ) ;
#3386 = STYLED_ITEM ( 'NONE', ( #114 ), #146 ) ;
#3387 = EDGE_CURVE ( 'NONE', #3146, #2629, #226, .T. ) ;
#3388 = ORIENTED_EDGE ( 'NONE', *, *, #2387, .T. ) ;
#3389 = FACE_OUTER_BOUND ( 'NONE', #2340, .T. ) ;
#3390 = LINE ( 'NONE', #1418, #1800 ) ;
#3391 = AXIS2_PLACEMENT_3D ( 'NONE', #108, #4445, #3696 ) ;
#3392 = VECTOR ( 'NONE', #4940, 1000.000000000000341 ) ;
#3393 = PRESENTATION_STYLE_ASSIGNMENT (( #1750 ) ) ;
#3394 = DIRECTION ( 'NONE',  ( 0.4036298484864445091, -0.9040139324509700591, -0.1408607658127077611 ) ) ;
#3395 = ORIENTED_EDGE ( 'NONE', *, *, #2702, .F. ) ;
#3396 = DIRECTION ( 'NONE',  ( -0.7292504199660254649, -0.2249069998420399341, -0.6462280297243599980 ) ) ;
#3397 = VECTOR ( 'NONE', #1359, 1000.000000000000341 ) ;
#3398 = SURFACE_SIDE_STYLE ('',( #177 ) ) ;
#3399 = SURFACE_STYLE_USAGE ( .BOTH. , #2066 ) ;
#3400 = ORIENTED_EDGE ( 'NONE', *, *, #790, .T. ) ;
#3401 =( NAMED_UNIT ( * ) SI_UNIT ( $, .STERADIAN. ) SOLID_ANGLE_UNIT ( ) );
#3402 = EDGE_CURVE ( 'NONE', #2566, #2137, #4174, .T. ) ;
#3403 = CARTESIAN_POINT ( 'NONE',  ( -16.09451561030841660, -9.068913121427776503, 136.2766050933240365 ) ) ;
#3404 = ORIENTED_EDGE ( 'NONE', *, *, #4983, .F. ) ;
#3405 = EDGE_LOOP ( 'NONE', ( #5046, #4340, #4156, #4477, #628, #1083, #2750, #3089, #4220, #2839, #5026, #2308, #45, #742, #3767, #192, #3061, #4487, #1731, #4877, #3771, #3213, #4782, #1208, #2408, #3011, #1546, #3725, #152, #1510, #2287, #2733, #612, #3599, #4646, #2491, #4247, #4625, #1594, #2905, #1430, #4190, #2095, #4793, #118, #3209, #4902, #3737, #1056, #2660, #4611, #3966, #728, #4565, #2198, #2147, #1332, #2818, #4501, #2676, #3821, #394, #2854, #3033, #4803, #413, #4019, #4907, #1435, #2146, #406, #520, #4739, #367, #3677, #163, #540 ) ) ;
#3406 = UNCERTAINTY_MEASURE_WITH_UNIT (LENGTH_MEASURE( 1.000000000000000082E-05 ), #1178, 'distance_accuracy_value', 'NONE');
#3407 = CARTESIAN_POINT ( 'NONE',  ( -5.669834767917158125, -3.733325768440127312, 131.9053882223693677 ) ) ;
#3408 =( NAMED_UNIT ( * ) PLANE_ANGLE_UNIT ( ) SI_UNIT ( $, .RADIAN. ) );
#3409 = CARTESIAN_POINT ( 'NONE',  ( -47.20077701652832758, -12.96215932356796863, 72.20009154394692530 ) ) ;
#3410 = PLANE ( 'NONE',  #4422 ) ;
#3411 = CARTESIAN_POINT ( 'NONE',  ( 3.081153292361153095, 0.3169786050656895893, 130.9869522143502252 ) ) ;
#3412 = EDGE_CURVE ( 'NONE', #4971, #2399, #1631, .T. ) ;
#3413 =( LENGTH_UNIT ( ) NAMED_UNIT ( * ) SI_UNIT ( .MILLI., .METRE. ) );
#3414 = UNCERTAINTY_MEASURE_WITH_UNIT (LENGTH_MEASURE( 1.000000000000000082E-05 ), #2065, 'distance_accuracy_value', 'NONE');
#3415 = MECHANICAL_DESIGN_GEOMETRIC_PRESENTATION_REPRESENTATION (  '', ( #1105 ), #1597 ) ;
#3416 = SURFACE_STYLE_FILL_AREA ( #2209 ) ;
#3417 = DIRECTION ( 'NONE',  ( 0.4036298484864154212, -0.9040139324509844920, -0.1408607658127000728 ) ) ;
#3418 = CARTESIAN_POINT ( 'NONE',  ( -24.78598089585376130, -0.6267354107179976541, 92.75858890429040571 ) ) ;
#3419 = AXIS2_PLACEMENT_3D ( 'NONE', #2974, #4545, #1499 ) ;
#3420 = VECTOR ( 'NONE', #4188, 1000.000000000000114 ) ;
#3421 = EDGE_CURVE ( 'NONE', #3936, #1030, #4827, .T. ) ;
#3422 = FILL_AREA_STYLE ('',( #2211 ) ) ;
#3423 = EDGE_CURVE ( 'NONE', #4689, #1228, #650, .T. ) ;
#3424 = DIRECTION ( 'NONE',  ( -0.008861879339743333750, -0.1578149520867551947, 0.9874289381988067271 ) ) ;
#3425 = COLOUR_RGB ( '',0.7764705882352941346, 0.7568627450980391913, 0.7372549019607843590 ) ;
#3426 = VERTEX_POINT ( 'NONE', #3458 ) ;
#3427 = ADVANCED_BREP_SHAPE_REPRESENTATION ( 'LGB', ( #3758, #344, #3532 ), #4088 ) ;
#3428 =( GEOMETRIC_REPRESENTATION_CONTEXT ( 3 ) GLOBAL_UNCERTAINTY_ASSIGNED_CONTEXT ( ( #2971 ) ) GLOBAL_UNIT_ASSIGNED_CONTEXT ( ( #484, #3658, #3256 ) ) REPRESENTATION_CONTEXT ( 'NONE', 'WORKASPACE' ) );
#3429 = CARTESIAN_POINT ( 'NONE',  ( -0.08391625842720136508, 3.335398112989278463, 138.0420762007047983 ) ) ;
#3430 = CIRCLE ( 'NONE', #4242, 12.49999999999999467 ) ;
#3431 = DIRECTION ( 'NONE',  ( -0.4036298484864446201, 0.9040139324509703922, 0.1408607658127077888 ) ) ;
#3432 = CARTESIAN_POINT ( 'NONE',  ( -8.713967566253824515, -1.278889350843066541, 142.9265722479918281 ) ) ;
#3433 = VERTEX_POINT ( 'NONE', #1538 ) ;
#3434 = FILL_AREA_STYLE_COLOUR ( '', #810 ) ;
#3435 = UNCERTAINTY_MEASURE_WITH_UNIT (LENGTH_MEASURE( 1.000000000000000082E-05 ), #410, 'distance_accuracy_value', 'NONE');
#3436 = CARTESIAN_POINT ( 'NONE',  ( -18.11266485274063953, -4.548843459172927872, 136.9809089223875844 ) ) ;
#3437 = VERTEX_POINT ( 'NONE', #3107 ) ;
#3438 = VERTEX_POINT ( 'NONE', #1156 ) ;
#3439 = DIRECTION ( 'NONE',  ( 0.7292504199660252429, 0.2249069998420399341, 0.6462280297243599980 ) ) ;
#3440 = CARTESIAN_POINT ( 'NONE',  ( -0.4765325028557604869, 5.014869334260548150, 126.1385698640920765 ) ) ;
#3441 = CYLINDRICAL_SURFACE ( 'NONE', #2112, 12.49999999999999467 ) ;
#3442 = DIRECTION ( 'NONE',  ( -0.4036298484864446201, 0.9040139324509703922, 0.1408607658127077888 ) ) ;
#3443 = CARTESIAN_POINT ( 'NONE',  ( -47.22736265454755511, -13.43560417982823907, 75.16237835854337845 ) ) ;
#3444 = STYLED_ITEM ( 'NONE', ( #1837 ), #918 ) ;
#3445 = DIRECTION ( 'NONE',  ( -0.4036298484864445091, 0.9040139324509700591, 0.1408607658127077611 ) ) ;
#3446 = FACE_OUTER_BOUND ( 'NONE', #4957, .T. ) ;
#3447 =( LENGTH_UNIT ( ) NAMED_UNIT ( * ) SI_UNIT ( .MILLI., .METRE. ) );
#3448 = PRESENTATION_LAYER_ASSIGNMENT (  '', '', ( #533 ) ) ;
#3449 = LINE ( 'NONE', #3810, #2374 ) ;
#3450 = COLOUR_RGB ( '',0.7764705882352941346, 0.7568627450980391913, 0.7372549019607843590 ) ;
#3451 = ORIENTED_EDGE ( 'NONE', *, *, #2039, .T. ) ;
#3452 = FILL_AREA_STYLE_COLOUR ( '', #2019 ) ;
#3453 = AXIS2_PLACEMENT_3D ( 'NONE', #1171, #2348, #3439 ) ;
#3454 = ORIENTED_EDGE ( 'NONE', *, *, #925, .T. ) ;
#3455 = EDGE_CURVE ( 'NONE', #1160, #3146, #392, .T. ) ;
#3456 = CARTESIAN_POINT ( 'NONE',  ( -5.700456704420882481, -4.197730485374361109, 134.8690836446239700 ) ) ;
#3457 = CIRCLE ( 'NONE', #3606, 4.500000000000003553 ) ;
#3458 = CARTESIAN_POINT ( 'NONE',  ( 0.1656787428212102009, 5.226055917704217180, 126.6234459302913962 ) ) ;
#3459 = VECTOR ( 'NONE', #3244, 1000.000000000000114 ) ;
#3460 = STYLED_ITEM ( 'NONE', ( #2816 ), #2822 ) ;
#3461 = EDGE_CURVE ( 'NONE', #4864, #1846, #3942, .T. ) ;
#3462 = FILL_AREA_STYLE_COLOUR ( '', #2983 ) ;
#3463 = PRESENTATION_LAYER_ASSIGNMENT (  '', '', ( #2032 ) ) ;
#3464 = ORIENTED_EDGE ( 'NONE', *, *, #3423, .F. ) ;
#3465 = CIRCLE ( 'NONE', #4108, 12.49999999999999467 ) ;
#3466 = AXIS2_PLACEMENT_3D ( 'NONE', #4209, #3046, #4961 ) ;
#3467 = DIRECTION ( 'NONE',  ( -0.4036298484864446201, 0.9040139324509703922, 0.1408607658127077888 ) ) ;
#3468 = DIRECTION ( 'NONE',  ( 0.008861879339743418751, 0.1578149520867549449, -0.9874289381988069492 ) ) ;
#3469 = ORIENTED_EDGE ( 'NONE', *, *, #351, .F. ) ;
#3470 = ORIENTED_EDGE ( 'NONE', *, *, #351, .T. ) ;
#3471 = DIRECTION ( 'NONE',  ( -0.4036298484864446201, 0.9040139324509703922, 0.1408607658127077888 ) ) ;
#3472 = PRESENTATION_STYLE_ASSIGNMENT (( #743 ) ) ;
#3473 = CYLINDRICAL_SURFACE ( 'NONE', #556, 9.686499999999998778 ) ;
#3474 = VECTOR ( 'NONE', #3484, 1000.000000000000341 ) ;
#3475 = DIRECTION ( 'NONE',  ( -0.4036298484864446201, 0.9040139324509703922, 0.1408607658127077888 ) ) ;
#3476 = UNCERTAINTY_MEASURE_WITH_UNIT (LENGTH_MEASURE( 1.000000000000000082E-05 ), #3695, 'distance_accuracy_value', 'NONE');
#3477 = PRESENTATION_STYLE_ASSIGNMENT (( #1529 ) ) ;
#3478 = SURFACE_STYLE_USAGE ( .BOTH. , #4980 ) ;
#3479 = DIRECTION ( 'NONE',  ( 0.7292504199660264641, 0.2249069998420402394, 0.6462280297243586658 ) ) ;
#3480 = DIRECTION ( 'NONE',  ( 0.008861879339743333750, 0.1578149520867551947, -0.9874289381988067271 ) ) ;
#3481 = VERTEX_POINT ( 'NONE', #3429 ) ;
#3482 = FILL_AREA_STYLE_COLOUR ( '', #4238 ) ;
#3483 = CARTESIAN_POINT ( 'NONE',  ( 1.063004049928931050, 4.837048267320539274, 131.6912560434137731 ) ) ;
#3484 = DIRECTION ( 'NONE',  ( -0.4036298484864445091, 0.9040139324509700591, 0.1408607658127077611 ) ) ;
#3485 = ORIENTED_EDGE ( 'NONE', *, *, #4403, .T. ) ;
#3486 = CARTESIAN_POINT ( 'NONE',  ( 4.330028330771417799, 2.804223077797200592, 136.3509695218787101 ) ) ;
#3487 = AXIS2_PLACEMENT_3D ( 'NONE', #193, #1796, #2926 ) ;
#3488 =( NAMED_UNIT ( * ) SI_UNIT ( $, .STERADIAN. ) SOLID_ANGLE_UNIT ( ) );
#3489 =( LENGTH_UNIT ( ) NAMED_UNIT ( * ) SI_UNIT ( .MILLI., .METRE. ) );
#3490 = PLANE ( 'NONE',  #3272 ) ;
#3491 = ADVANCED_FACE ( 'NONE', ( #4966 ), #3490, .T. ) ;
#3492 = MECHANICAL_DESIGN_GEOMETRIC_PRESENTATION_REPRESENTATION (  '', ( #4291 ), #912 ) ;
#3493 = ORIENTED_EDGE ( 'NONE', *, *, #4719, .T. ) ;
#3494 = SURFACE_STYLE_FILL_AREA ( #4271 ) ;
#3495 = MECHANICAL_DESIGN_GEOMETRIC_PRESENTATION_REPRESENTATION (  '', ( #5042 ), #2540 ) ;
#3496 = DIRECTION ( 'NONE',  ( 0.4036298484864445091, -0.9040139324509700591, -0.1408607658127077611 ) ) ;
#3497 = ORIENTED_EDGE ( 'NONE', *, *, #4006, .T. ) ;
#3498 = DIRECTION ( 'NONE',  ( 0.4036298484864445091, -0.9040139324509700591, -0.1408607658127077611 ) ) ;
#3499 = ADVANCED_FACE ( 'NONE', ( #3989 ), #3228, .F. ) ;
#3500 = CARTESIAN_POINT ( 'NONE',  ( -7.376456704141167720, -6.380189989635013603, 144.0021461087353316 ) ) ;
#3501 = VERTEX_POINT ( 'NONE', #3917 ) ;
#3502 =( LENGTH_UNIT ( ) NAMED_UNIT ( * ) SI_UNIT ( .MILLI., .METRE. ) );
#3503 = AXIS2_PLACEMENT_3D ( 'NONE', #700, #4958, #1818 ) ;
#3504 = FACE_OUTER_BOUND ( 'NONE', #4064, .T. ) ;
#3505 = SURFACE_SIDE_STYLE ('',( #2584 ) ) ;
#3506 = FILL_AREA_STYLE_COLOUR ( '', #4178 ) ;
#3507 = CYLINDRICAL_SURFACE ( 'NONE', #2025, 4.500000000000003553 ) ;
#3508 = SURFACE_STYLE_USAGE ( .BOTH. , #2210 ) ;
#3509 = ORIENTED_EDGE ( 'NONE', *, *, #4428, .F. ) ;
#3510 = CARTESIAN_POINT ( 'NONE',  ( -7.687984010349380171, 0.7867438938147223171, 132.6096920514328872 ) ) ;
#3511 = CARTESIAN_POINT ( 'NONE',  ( -9.356211786845960887, -6.887411611703602610, 141.5844904264226045 ) ) ;
#3512 = PRESENTATION_LAYER_ASSIGNMENT (  '', '', ( #2151 ) ) ;
#3513 = VECTOR ( 'NONE', #1025, 1000.000000000000341 ) ;
#3514 = CARTESIAN_POINT ( 'NONE',  ( -47.21406983553794134, -13.19888175169810296, 73.68123495124514477 ) ) ;
#3515 = CARTESIAN_POINT ( 'NONE',  ( 1.298169140858804749, 0.4328415741125408167, 125.1343121520757649 ) ) ;
#3516 = MECHANICAL_DESIGN_GEOMETRIC_PRESENTATION_REPRESENTATION (  '', ( #2403 ), #4643 ) ;
#3517 = CARTESIAN_POINT ( 'NONE',  ( -11.72428249521382604, 9.826883218324423908, 134.0182997095599831 ) ) ;
#3518 = PRESENTATION_STYLE_ASSIGNMENT (( #3536 ) ) ;
#3519 = EDGE_CURVE ( 'NONE', #3438, #4971, #4934, .T. ) ;
#3520 = VERTEX_POINT ( 'NONE', #3158 ) ;
#3521 = CIRCLE ( 'NONE', #4389, 9.686500000000002331 ) ;
#3522 = ORIENTED_EDGE ( 'NONE', *, *, #2245, .T. ) ;
#3523 = SURFACE_STYLE_USAGE ( .BOTH. , #2662 ) ;
#3524 = EDGE_CURVE ( 'NONE', #1521, #4916, #3037, .T. ) ;
#3525 = EDGE_CURVE ( 'NONE', #3028, #914, #808, .T. ) ;
#3526 = PRESENTATION_STYLE_ASSIGNMENT (( #3546 ) ) ;
#3527 = CARTESIAN_POINT ( 'NONE',  ( -16.09247574415726945, 2.917530867747712087, 94.92308140429096852 ) ) ;
#3528 = CARTESIAN_POINT ( 'NONE',  ( -7.687984010349380171, 0.7867438938147223171, 132.6096920514328872 ) ) ;
#3529 = DIRECTION ( 'NONE',  ( 0.6707575780832508716, 0.3970910963467106369, -0.6264207313348266748 ) ) ;
#3530 = DIRECTION ( 'NONE',  ( 0.7292504199660262421, 0.2249069998420401839, 0.6462280297243589988 ) ) ;
#3531 = LINE ( 'NONE', #4707, #4829 ) ;
#3532 = AXIS2_PLACEMENT_3D ( 'NONE', #2304, #1908, #1537 ) ;
#3533 = FACE_OUTER_BOUND ( 'NONE', #3082, .T. ) ;
#3534 = FILL_AREA_STYLE_COLOUR ( '', #4894 ) ;
#3535 = DIRECTION ( 'NONE',  ( -0.4036298484864446201, 0.9040139324509703922, 0.1408607658127077888 ) ) ;
#3536 = SURFACE_STYLE_USAGE ( .BOTH. , #737 ) ;
#3537 = AXIS2_PLACEMENT_3D ( 'NONE', #1824, #4590, #735 ) ;
#3538 = CARTESIAN_POINT ( 'NONE',  ( -41.26953763493450111, -6.701612910600138306, 84.51298833137906286 ) ) ;
#3539 = ORIENTED_EDGE ( 'NONE', *, *, #2194, .F. ) ;
#3540 = AXIS2_PLACEMENT_3D ( 'NONE', #1582, #4726, #1621 ) ;
#3541 = VECTOR ( 'NONE', #2742, 1000.000000000000341 ) ;
#3542 = PRESENTATION_LAYER_ASSIGNMENT (  '', '', ( #1219 ) ) ;
#3543 = ORIENTED_EDGE ( 'NONE', *, *, #3186, .F. ) ;
#3544 = CARTESIAN_POINT ( 'NONE',  ( -11.72428249521382604, 9.826883218324423908, 134.0182997095599831 ) ) ;
#3545 = AXIS2_PLACEMENT_3D ( 'NONE', #605, #1029, #3769 ) ;
#3546 = SURFACE_STYLE_USAGE ( .BOTH. , #1185 ) ;
#3547 = MECHANICAL_DESIGN_GEOMETRIC_PRESENTATION_REPRESENTATION (  '', ( #2032 ), #1221 ) ;
#3548 =( LENGTH_UNIT ( ) NAMED_UNIT ( * ) SI_UNIT ( .MILLI., .METRE. ) );
#3549 = DIRECTION ( 'NONE',  ( -0.4036298484864445091, 0.9040139324509701702, 0.1408607658127077611 ) ) ;
#3550 = EDGE_CURVE ( 'NONE', #71, #1682, #4788, .T. ) ;
#3551 = FILL_AREA_STYLE_COLOUR ( '', #2684 ) ;
#3552 = CARTESIAN_POINT ( 'NONE',  ( -2.770715135275073404, -3.878865337885136100, 141.1467196112632223 ) ) ;
#3553 = PRESENTATION_LAYER_ASSIGNMENT (  '', '', ( #2444 ) ) ;
#3554 = DIRECTION ( 'NONE',  ( 0.4036298484864445091, -0.9040139324509700591, -0.1408607658127077611 ) ) ;
#3555 = DIRECTION ( 'NONE',  ( 0.7292504199660262421, 0.2249069998420401839, 0.6462280297243589988 ) ) ;
#3556 = EDGE_CURVE ( 'NONE', #862, #1665, #3968, .T. ) ;
#3557 = CARTESIAN_POINT ( 'NONE',  ( -5.669834767917158125, -3.733325768440127312, 131.9053882223693677 ) ) ;
#3558 = CARTESIAN_POINT ( 'NONE',  ( -14.80226154152527940, -3.203695062115172743, 137.8338412068842160 ) ) ;
#3559 = AXIS2_PLACEMENT_3D ( 'NONE', #3892, #1819, #3480 ) ;
#3560 = DIRECTION ( 'NONE',  ( 0.8431203278187547889, 0.4273054310210832041, -0.3264325067126154223 ) ) ;
#3561 = ORIENTED_EDGE ( 'NONE', *, *, #3130, .T. ) ;
#3562 = CIRCLE ( 'NONE', #1321, 9.686500000000002331 ) ;
#3563 =( NAMED_UNIT ( * ) SI_UNIT ( $, .STERADIAN. ) SOLID_ANGLE_UNIT ( ) );
#3564 =( GEOMETRIC_REPRESENTATION_CONTEXT ( 3 ) GLOBAL_UNCERTAINTY_ASSIGNED_CONTEXT ( ( #1436 ) ) GLOBAL_UNIT_ASSIGNED_CONTEXT ( ( #433, #3212, #2490 ) ) REPRESENTATION_CONTEXT ( 'NONE', 'WORKASPACE' ) );
#3565 = VERTEX_POINT ( 'NONE', #1220 ) ;
#3566 = DIRECTION ( 'NONE',  ( -0.008861879339743335485, -0.1578149520867546396, 0.9874289381988069492 ) ) ;
#3567 = CARTESIAN_POINT ( 'NONE',  ( -5.669834767917158125, -3.733325768440127312, 131.9053882223693677 ) ) ;
#3568 = STYLED_ITEM ( 'NONE', ( #1978 ), #1680 ) ;
#3569 = SURFACE_STYLE_USAGE ( .BOTH. , #396 ) ;
#3570 = PRESENTATION_STYLE_ASSIGNMENT (( #1967 ) ) ;
#3571 = SURFACE_SIDE_STYLE ('',( #850 ) ) ;
#3572 = ORIENTED_EDGE ( 'NONE', *, *, #1927, .F. ) ;
#3573 = CARTESIAN_POINT ( 'NONE',  ( 6.809559152009169836, 4.745897129772226108, 113.3176732959897066 ) ) ;
#3574 = EDGE_CURVE ( 'NONE', #2461, #4744, #644, .T. ) ;
#3575 = STYLED_ITEM ( 'NONE', ( #2255 ), #1882 ) ;
#3576 = CYLINDRICAL_SURFACE ( 'NONE', #4596, 9.686499999999998778 ) ;
#3577 = FACE_OUTER_BOUND ( 'NONE', #2709, .T. ) ;
#3578 = VERTEX_POINT ( 'NONE', #3625 ) ;
#3579 = EDGE_CURVE ( 'NONE', #2725, #1932, #4350, .T. ) ;
#3580 = CARTESIAN_POINT ( 'NONE',  ( -7.687984010349380171, 0.7867438938147223171, 132.6096920514328872 ) ) ;
#3581 = SHAPE_DEFINITION_REPRESENTATION ( #94, #3427 ) ;
#3582 = DIRECTION ( 'NONE',  ( 0.4036298484864153657, -0.9040139324509843810, -0.1408607658127000450 ) ) ;
#3583 =( LENGTH_UNIT ( ) NAMED_UNIT ( * ) SI_UNIT ( .MILLI., .METRE. ) );
#3584 = AXIS2_PLACEMENT_3D ( 'NONE', #4833, #2043, #2092 ) ;
#3585 = ORIENTED_EDGE ( 'NONE', *, *, #3421, .F. ) ;
#3586 = ORIENTED_EDGE ( 'NONE', *, *, #1584, .T. ) ;
#3587 = CARTESIAN_POINT ( 'NONE',  ( -39.23809557349280652, -10.98496014472492632, 82.32754109501733808 ) ) ;
#3588 = DIRECTION ( 'NONE',  ( -0.8431203278187567873, -0.4273054310210833151, 0.3264325067126102042 ) ) ;
#3589 = PRESENTATION_STYLE_ASSIGNMENT (( #3569 ) ) ;
#3590 = LINE ( 'NONE', #4664, #4922 ) ;
#3591 = SURFACE_STYLE_FILL_AREA ( #417 ) ;
#3592 = ORIENTED_EDGE ( 'NONE', *, *, #2162, .F. ) ;
#3593 =( NAMED_UNIT ( * ) SI_UNIT ( $, .STERADIAN. ) SOLID_ANGLE_UNIT ( ) );
#3594 = CYLINDRICAL_SURFACE ( 'NONE', #1152, 4.500000000000003553 ) ;
#3595 = AXIS2_PLACEMENT_3D ( 'NONE', #3587, #4388, #3996 ) ;
#3596 = MECHANICAL_DESIGN_GEOMETRIC_PRESENTATION_REPRESENTATION (  '', ( #2752 ), #1693 ) ;
#3597 = EDGE_CURVE ( 'NONE', #552, #326, #731, .T. ) ;
#3598 = ORIENTED_EDGE ( 'NONE', *, *, #280, .F. ) ;
#3599 = ORIENTED_EDGE ( 'NONE', *, *, #426, .F. ) ;
#3600 = CIRCLE ( 'NONE', #4999, 9.686499999999997002 ) ;
#3601 = EDGE_CURVE ( 'NONE', #3633, #2780, #4033, .T. ) ;
#3602 = ORIENTED_EDGE ( 'NONE', *, *, #1046, .F. ) ;
#3603 = FILL_AREA_STYLE ('',( #20 ) ) ;
#3604 = CIRCLE ( 'NONE', #1854, 12.49999999999999467 ) ;
#3605 = CARTESIAN_POINT ( 'NONE',  ( -0.7072348266163979158, 0.1637543015141774416, 121.1148660500661549 ) ) ;
#3606 = AXIS2_PLACEMENT_3D ( 'NONE', #1122, #2320, #769 ) ;
#3607 = CARTESIAN_POINT ( 'NONE',  ( -11.72428249521382604, 9.826883218324423908, 134.0182997095599831 ) ) ;
#3608 = DIRECTION ( 'NONE',  ( 0.008861879339743335485, 0.1578149520867546396, -0.9874289381988069492 ) ) ;
#3609 =( LENGTH_UNIT ( ) NAMED_UNIT ( * ) SI_UNIT ( .MILLI., .METRE. ) );
#3610 =( GEOMETRIC_REPRESENTATION_CONTEXT ( 3 ) GLOBAL_UNCERTAINTY_ASSIGNED_CONTEXT ( ( #3095 ) ) GLOBAL_UNIT_ASSIGNED_CONTEXT ( ( #3173, #2044, #4414 ) ) REPRESENTATION_CONTEXT ( 'NONE', 'WORKASPACE' ) );
#3611 = PRESENTATION_STYLE_ASSIGNMENT (( #4002 ) ) ;
#3612 = FILL_AREA_STYLE ('',( #2744 ) ) ;
#3613 = EDGE_LOOP ( 'NONE', ( #3045, #2438, #712, #3770, #852, #1464, #507, #2360, #3271, #3497, #580, #1133, #1939, #1397, #4931, #1331, #3897, #98, #238, #173, #3252, #3470, #3352, #4699, #123, #1356, #3692, #2091, #1512, #1763, #315, #4450, #3310, #1733, #4337, #2134, #3750, #3642, #3047, #232, #2335, #3680, #4654, #2579, #400, #4318, #1754, #1079, #2253, #2767, #4141, #2917, #1569, #2199, #4892, #4849, #1054, #2999, #3139, #2800, #182, #2801, #2390, #1285, #1290, #3373, #2705, #4377, #363, #4442, #569, #2951, #1853, #1655, #2861, #4541, #3838 ) ) ;
#3614 =( GEOMETRIC_REPRESENTATION_CONTEXT ( 3 ) GLOBAL_UNCERTAINTY_ASSIGNED_CONTEXT ( ( #4171 ) ) GLOBAL_UNIT_ASSIGNED_CONTEXT ( ( #1760, #1354, #4120 ) ) REPRESENTATION_CONTEXT ( 'NONE', 'WORKASPACE' ) );
#3615 = CIRCLE ( 'NONE', #223, 9.686500000000000554 ) ;
#3616 = DIRECTION ( 'NONE',  ( -0.4036298484864445091, 0.9040139324509701702, 0.1408607658127077611 ) ) ;
#3617 = PRESENTATION_LAYER_ASSIGNMENT (  '', '', ( #2197 ) ) ;
#3618 = DIRECTION ( 'NONE',  ( -0.4036298484864445091, 0.9040139324509701702, 0.1408607658127077611 ) ) ;
#3619 = ADVANCED_FACE ( 'NONE', ( #2704 ), #757, .T. ) ;
#3620 =( GEOMETRIC_REPRESENTATION_CONTEXT ( 3 ) GLOBAL_UNCERTAINTY_ASSIGNED_CONTEXT ( ( #301 ) ) GLOBAL_UNIT_ASSIGNED_CONTEXT ( ( #1980, #1161, #350 ) ) REPRESENTATION_CONTEXT ( 'NONE', 'WORKASPACE' ) );
#3621 = PRESENTATION_LAYER_ASSIGNMENT (  '', '', ( #2296 ) ) ;
#3622 = STYLED_ITEM ( 'NONE', ( #1598 ), #4988 ) ;
#3623 = VERTEX_POINT ( 'NONE', #2851 ) ;
#3624 = STYLED_ITEM ( 'NONE', ( #1373 ), #4288 ) ;
#3625 = CARTESIAN_POINT ( 'NONE',  ( -10.63243470921785416, -7.630405838394410445, 142.6959103946725804 ) ) ;
#3626 = ORIENTED_EDGE ( 'NONE', *, *, #4549, .F. ) ;
#3627 = CARTESIAN_POINT ( 'NONE',  ( -14.51188659060339070, -8.247287352246214454, 135.5385370403267871 ) ) ;
#3628 = LINE ( 'NONE', #4360, #2638 ) ;
#3629 = AXIS2_PLACEMENT_3D ( 'NONE', #2824, #4400, #85 ) ;
#3630 = DIRECTION ( 'NONE',  ( -0.7292504199660262421, -0.2249069998420401839, -0.6462280297243591098 ) ) ;
#3631 = EDGE_LOOP ( 'NONE', ( #4069, #3870, #113, #3493 ) ) ;
#3632 = ADVANCED_FACE ( 'NONE', ( #4085 ), #1701, .T. ) ;
#3633 = VERTEX_POINT ( 'NONE', #2138 ) ;
#3634 = CYLINDRICAL_SURFACE ( 'NONE', #4535, 9.686499999999998778 ) ;
#3635 = AXIS2_PLACEMENT_3D ( 'NONE', #3706, #2872, #3280 ) ;
#3636 = EDGE_CURVE ( 'NONE', #412, #3520, #967, .T. ) ;
#3637 = DIRECTION ( 'NONE',  ( -0.4036298484864446201, 0.9040139324509703922, 0.1408607658127077888 ) ) ;
#3638 = EDGE_CURVE ( 'NONE', #3837, #1484, #3020, .T. ) ;
#3639 = CARTESIAN_POINT ( 'NONE',  ( -1.097798904593684233, -0.3060952438398136244, 123.0111159674682426 ) ) ;
#3640 = CARTESIAN_POINT ( 'NONE',  ( -16.39032744182273760, -2.724488634094953454, 130.2078704124177193 ) ) ;
#3641 = CARTESIAN_POINT ( 'NONE',  ( -19.09257423921059882, -4.328280506428867191, 132.7574996854572476 ) ) ;
#3642 = ORIENTED_EDGE ( 'NONE', *, *, #3802, .T. ) ;
#3643 = AXIS2_PLACEMENT_3D ( 'NONE', #3309, #4771, #4067 ) ;
#3644 = ORIENTED_EDGE ( 'NONE', *, *, #837, .T. ) ;
#3645 = AXIS2_PLACEMENT_3D ( 'NONE', #112, #4522, #2530 ) ;
#3646 =( LENGTH_UNIT ( ) NAMED_UNIT ( * ) SI_UNIT ( .MILLI., .METRE. ) );
#3647 = SURFACE_STYLE_FILL_AREA ( #4423 ) ;
#3648 = AXIS2_PLACEMENT_3D ( 'NONE', #454, #3232, #2036 ) ;
#3649 = UNCERTAINTY_MEASURE_WITH_UNIT (LENGTH_MEASURE( 1.000000000000000082E-05 ), #2956, 'distance_accuracy_value', 'NONE');
#3650 = AXIS2_PLACEMENT_3D ( 'NONE', #2977, #670, #2617 ) ;
#3651 = PRODUCT_DEFINITION ( 'Î´Öª', '', #4817, #4805 ) ;
#3652 = ORIENTED_EDGE ( 'NONE', *, *, #421, .T. ) ;
#3653 =( NAMED_UNIT ( * ) PLANE_ANGLE_UNIT ( ) SI_UNIT ( $, .RADIAN. ) );
#3654 = SURFACE_STYLE_USAGE ( .BOTH. , #148 ) ;
#3655 = ORIENTED_EDGE ( 'NONE', *, *, #84, .F. ) ;
#3656 =( GEOMETRIC_REPRESENTATION_CONTEXT ( 3 ) GLOBAL_UNCERTAINTY_ASSIGNED_CONTEXT ( ( #1040 ) ) GLOBAL_UNIT_ASSIGNED_CONTEXT ( ( #4867, #3408, #3354 ) ) REPRESENTATION_CONTEXT ( 'NONE', 'WORKASPACE' ) );
#3657 =( NAMED_UNIT ( * ) PLANE_ANGLE_UNIT ( ) SI_UNIT ( $, .RADIAN. ) );
#3658 =( NAMED_UNIT ( * ) PLANE_ANGLE_UNIT ( ) SI_UNIT ( $, .RADIAN. ) );
#3659 = ORIENTED_EDGE ( 'NONE', *, *, #3676, .F. ) ;
#3660 = DIRECTION ( 'NONE',  ( 0.4954199826177844712, 0.08652028371163746068, 0.8643340102815876280 ) ) ;
#3661 = ORIENTED_EDGE ( 'NONE', *, *, #987, .T. ) ;
#3662 =( GEOMETRIC_REPRESENTATION_CONTEXT ( 3 ) GLOBAL_UNCERTAINTY_ASSIGNED_CONTEXT ( ( #577 ) ) GLOBAL_UNIT_ASSIGNED_CONTEXT ( ( #1986, #4366, #847 ) ) REPRESENTATION_CONTEXT ( 'NONE', 'WORKASPACE' ) );
#3663 = STYLED_ITEM ( 'NONE', ( #1107 ), #1576 ) ;
#3664 = CARTESIAN_POINT ( 'NONE',  ( -1.997106771452493268, 3.702335123955582841, 130.2759891655322804 ) ) ;
#3665 =( LENGTH_UNIT ( ) NAMED_UNIT ( * ) SI_UNIT ( .MILLI., .METRE. ) );
#3666 = PRESENTATION_LAYER_ASSIGNMENT (  '', '', ( #774 ) ) ;
#3667 =( NAMED_UNIT ( * ) PLANE_ANGLE_UNIT ( ) SI_UNIT ( $, .RADIAN. ) );
#3668 = DIRECTION ( 'NONE',  ( -0.4036298484864446201, 0.9040139324509703922, 0.1408607658127077888 ) ) ;
#3669 = ORIENTED_EDGE ( 'NONE', *, *, #1177, .T. ) ;
#3670 = ORIENTED_EDGE ( 'NONE', *, *, #4214, .F. ) ;
#3671 = EDGE_CURVE ( 'NONE', #4597, #517, #1706, .T. ) ;
#3672 = CARTESIAN_POINT ( 'NONE',  ( -11.72428249521382604, 9.826883218324423908, 134.0182997095599831 ) ) ;
#3673 = SURFACE_STYLE_FILL_AREA ( #1724 ) ;
#3674 =( NAMED_UNIT ( * ) PLANE_ANGLE_UNIT ( ) SI_UNIT ( $, .RADIAN. ) );
#3675 =( NAMED_UNIT ( * ) PLANE_ANGLE_UNIT ( ) SI_UNIT ( $, .RADIAN. ) );
#3676 = EDGE_CURVE ( 'NONE', #4994, #1834, #1371, .T. ) ;
#3677 = ORIENTED_EDGE ( 'NONE', *, *, #4713, .F. ) ;
#3678 = SURFACE_STYLE_FILL_AREA ( #4872 ) ;
#3679 = DIRECTION ( 'NONE',  ( 0.7292504199660267972, 0.2249069998420403782, 0.6462280297243582217 ) ) ;
#3680 = ORIENTED_EDGE ( 'NONE', *, *, #1258, .T. ) ;
#3681 =( NAMED_UNIT ( * ) SI_UNIT ( $, .STERADIAN. ) SOLID_ANGLE_UNIT ( ) );
#3682 = COLOUR_RGB ( '',0.7921568627450980005, 0.8196078431372548767, 0.9333333333333333481 ) ;
#3683 = CARTESIAN_POINT ( 'NONE',  ( -4.650202558401084652, -4.770288179691539732, 141.4820964963520851 ) ) ;
#3684 = EDGE_LOOP ( 'NONE', ( #4669, #4239, #1181, #4145 ) ) ;
#3685 = DIRECTION ( 'NONE',  ( 0.7292504199660247988, 0.2249069998420392402, 0.6462280297243608862 ) ) ;
#3686 = EDGE_LOOP ( 'NONE', ( #180, #3994, #3176, #521 ) ) ;
#3687 = PRESENTATION_STYLE_ASSIGNMENT (( #3399 ) ) ;
#3688 = CIRCLE ( 'NONE', #4091, 12.49999999999999467 ) ;
#3689 = AXIS2_PLACEMENT_3D ( 'NONE', #1958, #2777, #4359 ) ;
#3690 =( NAMED_UNIT ( * ) SI_UNIT ( $, .STERADIAN. ) SOLID_ANGLE_UNIT ( ) );
#3691 = DIRECTION ( 'NONE',  ( 0.4036298484864445091, -0.9040139324509700591, -0.1408607658127077611 ) ) ;
#3692 = ORIENTED_EDGE ( 'NONE', *, *, #343, .T. ) ;
#3693 = CIRCLE ( 'NONE', #536, 4.500000000000000000 ) ;
#3694 = ORIENTED_EDGE ( 'NONE', *, *, #1552, .T. ) ;
#3695 =( LENGTH_UNIT ( ) NAMED_UNIT ( * ) SI_UNIT ( .MILLI., .METRE. ) );
#3696 = DIRECTION ( 'NONE',  ( -0.8431203278187567873, -0.4273054310210833151, 0.3264325067126102042 ) ) ;
#3697 = CARTESIAN_POINT ( 'NONE',  ( -6.809070762997484927, -6.144840811057229679, 144.1175435008918555 ) ) ;
#3698 = CIRCLE ( 'NONE', #2931, 12.49999999999999467 ) ;
#3699 = DIRECTION ( 'NONE',  ( 0.4174915651033632158, 0.3189817150124973355, -0.8508533707726790851 ) ) ;
#3700 = ADVANCED_FACE ( 'NONE', ( #2113 ), #4478, .T. ) ;
#3701 = CARTESIAN_POINT ( 'NONE',  ( -7.687984010349380171, 0.7867438938147223171, 132.6096920514328872 ) ) ;
#3702 = DIRECTION ( 'NONE',  ( -0.4036298484864445091, 0.9040139324509700591, 0.1408607658127077611 ) ) ;
#3703 = VECTOR ( 'NONE', #2093, 1000.000000000000341 ) ;
#3704 = UNCERTAINTY_MEASURE_WITH_UNIT (LENGTH_MEASURE( 1.000000000000000082E-05 ), #259, 'distance_accuracy_value', 'NONE');
#3705 = MECHANICAL_DESIGN_GEOMETRIC_PRESENTATION_REPRESENTATION (  '', ( #3361 ), #3610 ) ;
#3706 = CARTESIAN_POINT ( 'NONE',  ( -7.692020308833726894, 0.7957840331408267964, 132.6111006590910506 ) ) ;
#3707 = MECHANICAL_DESIGN_GEOMETRIC_PRESENTATION_REPRESENTATION (  '', ( #2516 ), #4420 ) ;
#3708 = ADVANCED_FACE ( 'NONE', ( #1326 ), #570, .T. ) ;
#3709 = CARTESIAN_POINT ( 'NONE',  ( -5.669834767917158125, -3.733325768440127312, 131.9053882223693677 ) ) ;
#3710 = EDGE_CURVE ( 'NONE', #2755, #1005, #3457, .T. ) ;
#3711 =( GEOMETRIC_REPRESENTATION_CONTEXT ( 3 ) GLOBAL_UNCERTAINTY_ASSIGNED_CONTEXT ( ( #1143 ) ) GLOBAL_UNIT_ASSIGNED_CONTEXT ( ( #2527, #4127, #190 ) ) REPRESENTATION_CONTEXT ( 'NONE', 'WORKASPACE' ) );
#3712 = FILL_AREA_STYLE ('',( #2247 ) ) ;
#3713 = ORIENTED_EDGE ( 'NONE', *, *, #2156, .F. ) ;
#3714 = COLOUR_RGB ( '',0.7764705882352941346, 0.7568627450980391913, 0.7372549019607843590 ) ;
#3715 = CYLINDRICAL_SURFACE ( 'NONE', #3643, 9.686499999999998778 ) ;
#3716 = ORIENTED_EDGE ( 'NONE', *, *, #1287, .F. ) ;
#3717 = FILL_AREA_STYLE ('',( #4908 ) ) ;
#3718 = SURFACE_STYLE_USAGE ( .BOTH. , #4018 ) ;
#3719 = ORIENTED_EDGE ( 'NONE', *, *, #2466, .T. ) ;
#3720 = LINE ( 'NONE', #2546, #268 ) ;
#3721 = DIRECTION ( 'NONE',  ( -0.4036298484864446201, 0.9040139324509703922, 0.1408607658127077888 ) ) ;
#3722 = CARTESIAN_POINT ( 'NONE',  ( 4.823243629423576984, 1.506881171294878197, 128.3422921687881342 ) ) ;
#3723 = CARTESIAN_POINT ( 'NONE',  ( -41.25624481592488735, -6.464890482470003974, 83.03184492408082917 ) ) ;
#3724 = EDGE_LOOP ( 'NONE', ( #1895, #3214, #1613, #4196 ) ) ;
#3725 = ORIENTED_EDGE ( 'NONE', *, *, #1177, .F. ) ;
#3726 = DIRECTION ( 'NONE',  ( 0.7292504199660254649, 0.2249069998420398231, 0.6462280297243599980 ) ) ;
#3727 = CIRCLE ( 'NONE', #1490, 12.49999999999999467 ) ;
#3728 =( NAMED_UNIT ( * ) SI_UNIT ( $, .STERADIAN. ) SOLID_ANGLE_UNIT ( ) );
#3729 = DIRECTION ( 'NONE',  ( 0.2034861408257961080, -0.06140290946268939926, 0.9771504864663074219 ) ) ;
#3730 = FILL_AREA_STYLE_COLOUR ( '', #390 ) ;
#3731 = LINE ( 'NONE', #4869, #4016 ) ;
#3732 =( NAMED_UNIT ( * ) SI_UNIT ( $, .STERADIAN. ) SOLID_ANGLE_UNIT ( ) );
#3733 = EDGE_CURVE ( 'NONE', #3433, #3926, #3868, .T. ) ;
#3734 = AXIS2_PLACEMENT_3D ( 'NONE', #3091, #4657, #2256 ) ;
#3735 = VECTOR ( 'NONE', #1074, 1000.000000000000341 ) ;
#3736 = DIRECTION ( 'NONE',  ( -0.4036298484864445091, 0.9040139324509701702, 0.1408607658127077611 ) ) ;
#3737 = ORIENTED_EDGE ( 'NONE', *, *, #3122, .F. ) ;
#3738 = EDGE_CURVE ( 'NONE', #963, #1847, #382, .T. ) ;
#3739 = CIRCLE ( 'NONE', #5121, 12.49999999999999467 ) ;
#3740 = ORIENTED_EDGE ( 'NONE', *, *, #2267, .F. ) ;
#3741 = FACE_OUTER_BOUND ( 'NONE', #4114, .T. ) ;
#3742 =( NAMED_UNIT ( * ) PLANE_ANGLE_UNIT ( ) SI_UNIT ( $, .RADIAN. ) );
#3743 = EDGE_LOOP ( 'NONE', ( #2893, #254, #2027, #567 ) ) ;
#3744 =( NAMED_UNIT ( * ) SI_UNIT ( $, .STERADIAN. ) SOLID_ANGLE_UNIT ( ) );
#3745 = AXIS2_PLACEMENT_3D ( 'NONE', #3701, #2131, #141 ) ;
#3746 = PRESENTATION_STYLE_ASSIGNMENT (( #1661 ) ) ;
#3747 = UNCERTAINTY_MEASURE_WITH_UNIT (LENGTH_MEASURE( 1.000000000000000082E-05 ), #3665, 'distance_accuracy_value', 'NONE');
#3748 = VERTEX_POINT ( 'NONE', #1144 ) ;
#3749 =( GEOMETRIC_REPRESENTATION_CONTEXT ( 3 ) GLOBAL_UNCERTAINTY_ASSIGNED_CONTEXT ( ( #1403 ) ) GLOBAL_UNIT_ASSIGNED_CONTEXT ( ( #2762, #4391, #1205 ) ) REPRESENTATION_CONTEXT ( 'NONE', 'WORKASPACE' ) );
#3750 = ORIENTED_EDGE ( 'NONE', *, *, #1938, .F. ) ;
#3751 = CIRCLE ( 'NONE', #2734, 3.000000000000005773 ) ;
#3752 = DIRECTION ( 'NONE',  ( -0.4036298484864446201, 0.9040139324509703922, 0.1408607658127077888 ) ) ;
#3753 = PRESENTATION_STYLE_ASSIGNMENT (( #2919 ) ) ;
#3754 = FILL_AREA_STYLE ('',( #2150 ) ) ;
#3755 = MECHANICAL_DESIGN_GEOMETRIC_PRESENTATION_REPRESENTATION (  '', ( #93 ), #1024 ) ;
#3756 =( GEOMETRIC_REPRESENTATION_CONTEXT ( 3 ) GLOBAL_UNCERTAINTY_ASSIGNED_CONTEXT ( ( #614 ) ) GLOBAL_UNIT_ASSIGNED_CONTEXT ( ( #789, #2314, #2636 ) ) REPRESENTATION_CONTEXT ( 'NONE', 'WORKASPACE' ) );
#3757 = ORIENTED_EDGE ( 'NONE', *, *, #263, .F. ) ;
#3758 = MANIFOLD_SOLID_BREP ( 'spur gear_gb-1-solid1', #1164 ) ;
#3759 = SURFACE_STYLE_USAGE ( .BOTH. , #4157 ) ;
#3760 = SURFACE_STYLE_FILL_AREA ( #4558 ) ;
#3761 = CYLINDRICAL_SURFACE ( 'NONE', #736, 4.500000000000003553 ) ;
#3762 = CARTESIAN_POINT ( 'NONE',  ( -7.687984010349380171, 0.7867438938147223171, 132.6096920514328872 ) ) ;
#3763 = EDGE_CURVE ( 'NONE', #19, #4385, #4575, .T. ) ;
#3764 =( LENGTH_UNIT ( ) NAMED_UNIT ( * ) SI_UNIT ( .MILLI., .METRE. ) );
#3765 = CARTESIAN_POINT ( 'NONE',  ( 1.979435479951957344, 5.051646863789285291, 132.9399994897621866 ) ) ;
#3766 = DIRECTION ( 'NONE',  ( -0.4036298484864446201, 0.9040139324509703922, 0.1408607658127077888 ) ) ;
#3767 = ORIENTED_EDGE ( 'NONE', *, *, #1728, .F. ) ;
#3768 = EDGE_CURVE ( 'NONE', #477, #3433, #745, .T. ) ;
#3769 = DIRECTION ( 'NONE',  ( -0.008861879339744270501, -0.1578149520867550559, 0.9874289381988068381 ) ) ;
#3770 = ORIENTED_EDGE ( 'NONE', *, *, #3866, .T. ) ;
#3771 = ORIENTED_EDGE ( 'NONE', *, *, #4881, .F. ) ;
#3772 = PRESENTATION_STYLE_ASSIGNMENT (( #4146 ) ) ;
#3773 = CARTESIAN_POINT ( 'NONE',  ( -14.96313221031282303, -7.333244310188662851, 128.3793835302980426 ) ) ;
#3774 = CARTESIAN_POINT ( 'NONE',  ( -5.669834767917158125, -3.733325768440127312, 131.9053882223693677 ) ) ;
#3775 = DIRECTION ( 'NONE',  ( 0.7292504199660254649, 0.2249069998420400174, 0.6462280297243599980 ) ) ;
#3776 = DIRECTION ( 'NONE',  ( 0.8280727311432181104, 0.2954877224108117817, 0.4764268651550652156 ) ) ;
#3777 = DIRECTION ( 'NONE',  ( -0.1138699078527351388, -0.2023984311790467394, 0.9726605364369783624 ) ) ;
#3778 = VECTOR ( 'NONE', #4645, 1000.000000000000341 ) ;
#3779 = EDGE_CURVE ( 'NONE', #4756, #3837, #3853, .T. ) ;
#3780 =( GEOMETRIC_REPRESENTATION_CONTEXT ( 3 ) GLOBAL_UNCERTAINTY_ASSIGNED_CONTEXT ( ( #5062 ) ) GLOBAL_UNIT_ASSIGNED_CONTEXT ( ( #3502, #1522, #1137 ) ) REPRESENTATION_CONTEXT ( 'NONE', 'WORKASPACE' ) );
#3781 =( NAMED_UNIT ( * ) PLANE_ANGLE_UNIT ( ) SI_UNIT ( $, .RADIAN. ) );
#3782 = DIRECTION ( 'NONE',  ( 0.1138699078527286440, 0.2023984311790436308, -0.9726605364369795836 ) ) ;
#3783 = AXIS2_PLACEMENT_3D ( 'NONE', #4386, #4976, #1816 ) ;
#3784 = UNCERTAINTY_MEASURE_WITH_UNIT (LENGTH_MEASURE( 1.000000000000000082E-05 ), #813, 'distance_accuracy_value', 'NONE');
#3785 = ORIENTED_EDGE ( 'NONE', *, *, #3710, .T. ) ;
#3786 = AXIS2_PLACEMENT_3D ( 'NONE', #3192, #4415, #1232 ) ;
#3787 = EDGE_CURVE ( 'NONE', #1253, #1005, #1059, .T. ) ;
#3788 = CARTESIAN_POINT ( 'NONE',  ( -41.24295199691527358, -6.228168054339869641, 81.55070151678260970 ) ) ;
#3789 =( NAMED_UNIT ( * ) SI_UNIT ( $, .STERADIAN. ) SOLID_ANGLE_UNIT ( ) );
#3790 = AXIS2_PLACEMENT_3D ( 'NONE', #3796, #1082, #1491 ) ;
#3791 = PRESENTATION_STYLE_ASSIGNMENT (( #1377 ) ) ;
#3792 = DIRECTION ( 'NONE',  ( 0.7292504199660264641, 0.2249069998420402949, 0.6462280297243586658 ) ) ;
#3793 = EDGE_CURVE ( 'NONE', #2453, #1969, #1947, .T. ) ;
#3794 = ORIENTED_EDGE ( 'NONE', *, *, #15, .F. ) ;
#3795 = LINE ( 'NONE', #234, #1300 ) ;
#3796 = CARTESIAN_POINT ( 'NONE',  ( -3.344541234297382370, -4.299574569244231093, 142.2024689847342529 ) ) ;
#3797 = VERTEX_POINT ( 'NONE', #2294 ) ;
#3798 = ORIENTED_EDGE ( 'NONE', *, *, #3461, .T. ) ;
#3799 = CARTESIAN_POINT ( 'NONE',  ( -22.76783165342168402, -5.146805072972919781, 92.05428507522691461 ) ) ;
#3800 = FILL_AREA_STYLE ('',( #4951 ) ) ;
#3801 = UNCERTAINTY_MEASURE_WITH_UNIT (LENGTH_MEASURE( 1.000000000000000082E-05 ), #359, 'distance_accuracy_value', 'NONE');
#3802 = EDGE_CURVE ( 'NONE', #3864, #1808, #126, .T. ) ;
#3803 = CARTESIAN_POINT ( 'NONE',  ( 0.8047581102402110442, 4.914975206174756472, 130.4511463014397350 ) ) ;
#3804 = SURFACE_STYLE_FILL_AREA ( #1746 ) ;
#3805 = VECTOR ( 'NONE', #3445, 1000.000000000000341 ) ;
#3806 =( GEOMETRIC_REPRESENTATION_CONTEXT ( 3 ) GLOBAL_UNCERTAINTY_ASSIGNED_CONTEXT ( ( #620 ) ) GLOBAL_UNIT_ASSIGNED_CONTEXT ( ( #3807, #279, #1841 ) ) REPRESENTATION_CONTEXT ( 'NONE', 'WORKASPACE' ) );
#3807 =( LENGTH_UNIT ( ) NAMED_UNIT ( * ) SI_UNIT ( .MILLI., .METRE. ) );
#3808 = CIRCLE ( 'NONE', #3391, 4.499999999999998224 ) ;
#3809 = VECTOR ( 'NONE', #5093, 1000.000000000000341 ) ;
#3810 = CARTESIAN_POINT ( 'NONE',  ( -18.11193699082888031, -6.504604866482429415, 131.7866261266942729 ) ) ;
#3811 = ORIENTED_EDGE ( 'NONE', *, *, #2990, .F. ) ;
#3812 = AXIS2_PLACEMENT_3D ( 'NONE', #1755, #2991, #1043 ) ;
#3813 = DIRECTION ( 'NONE',  ( 0.7292504199660254649, 0.2249069998420400174, 0.6462280297243599980 ) ) ;
#3814 = CARTESIAN_POINT ( 'NONE',  ( -7.828050636612090329, -0.7654516225416536646, 142.1699929185191706 ) ) ;
#3815 = STYLED_ITEM ( 'NONE', ( #2979 ), #1773 ) ;
#3816 = SURFACE_STYLE_FILL_AREA ( #5049 ) ;
#3817 = ORIENTED_EDGE ( 'NONE', *, *, #522, .F. ) ;
#3818 = FACE_OUTER_BOUND ( 'NONE', #1646, .T. ) ;
#3819 =( NAMED_UNIT ( * ) PLANE_ANGLE_UNIT ( ) SI_UNIT ( $, .RADIAN. ) );
#3820 = FACE_BOUND ( 'NONE', #204, .T. ) ;
#3821 = ORIENTED_EDGE ( 'NONE', *, *, #1415, .F. ) ;
#3822 = SURFACE_STYLE_FILL_AREA ( #2286 ) ;
#3823 = ORIENTED_EDGE ( 'NONE', *, *, #1297, .F. ) ;
#3824 = CARTESIAN_POINT ( 'NONE',  ( -16.09247574415726589, 2.917530867747712975, 94.92308140429098273 ) ) ;
#3825 = PRESENTATION_STYLE_ASSIGNMENT (( #663 ) ) ;
#3826 =( NAMED_UNIT ( * ) SI_UNIT ( $, .STERADIAN. ) SOLID_ANGLE_UNIT ( ) );
#3827 = LINE ( 'NONE', #3411, #1367 ) ;
#3828 = AXIS2_PLACEMENT_3D ( 'NONE', #1442, #2665, #4572 ) ;
#3829 = SURFACE_SIDE_STYLE ('',( #5085 ) ) ;
#3830 = UNCERTAINTY_MEASURE_WITH_UNIT (LENGTH_MEASURE( 1.000000000000000082E-05 ), #5124, 'distance_accuracy_value', 'NONE');
#3831 = ADVANCED_FACE ( 'NONE', ( #1550 ), #722, .T. ) ;
#3832 = SURFACE_STYLE_USAGE ( .BOTH. , #699 ) ;
#3833 = VECTOR ( 'NONE', #467, 1000.000000000000341 ) ;
#3834 = CIRCLE ( 'NONE', #422, 9.686499999999998778 ) ;
#3835 = DIRECTION ( 'NONE',  ( -0.4036298484864446201, 0.9040139324509703922, 0.1408607658127077888 ) ) ;
#3836 = CYLINDRICAL_SURFACE ( 'NONE', #5106, 9.686499999999998778 ) ;
#3837 = VERTEX_POINT ( 'NONE', #2427 ) ;
#3838 = ORIENTED_EDGE ( 'NONE', *, *, #10, .T. ) ;
#3839 =( NAMED_UNIT ( * ) SI_UNIT ( $, .STERADIAN. ) SOLID_ANGLE_UNIT ( ) );
#3840 = DIRECTION ( 'NONE',  ( -0.4036298484864153657, 0.9040139324509843810, 0.1408607658127000450 ) ) ;
#3841 = CARTESIAN_POINT ( 'NONE',  ( -20.12882182691069843, 0.9418113830014427368, 96.03686338680279277 ) ) ;
#3842 = DIRECTION ( 'NONE',  ( 0.4036298484864446201, -0.9040139324509703922, -0.1408607658127077888 ) ) ;
#3843 = EDGE_LOOP ( 'NONE', ( #2239, #3817, #3670, #3586 ) ) ;
#3844 = DIRECTION ( 'NONE',  ( -0.4036298484864445091, 0.9040139324509700591, 0.1408607658127077611 ) ) ;
#3845 = UNCERTAINTY_MEASURE_WITH_UNIT (LENGTH_MEASURE( 1.000000000000000082E-05 ), #1292, 'distance_accuracy_value', 'NONE');
#3846 = FILL_AREA_STYLE_COLOUR ( '', #4275 ) ;
#3847 = EDGE_LOOP ( 'NONE', ( #3395, #2967, #2828, #4763 ) ) ;
#3848 = ORIENTED_EDGE ( 'NONE', *, *, #2387, .F. ) ;
#3849 = CARTESIAN_POINT ( 'NONE',  ( -1.245993722788828695, 2.004688224104047123, 143.2524065897117111 ) ) ;
#3850 = LINE ( 'NONE', #1899, #4865 ) ;
#3851 = COLOUR_RGB ( '',1.000000000000000000, 1.000000000000000000, 1.000000000000000000 ) ;
#3852 = PRESENTATION_STYLE_ASSIGNMENT (( #4661 ) ) ;
#3853 = LINE ( 'NONE', #4704, #3541 ) ;
#3854 = CIRCLE ( 'NONE', #374, 4.500000000000000000 ) ;
#3855 = CARTESIAN_POINT ( 'NONE',  ( -1.884760211518129447, 4.443515991169407542, 125.7701823015541294 ) ) ;
#3856 = PRESENTATION_STYLE_ASSIGNMENT (( #2586 ) ) ;
#3857 = COLOUR_RGB ( '',0.7921568627450980005, 0.8196078431372548767, 0.9333333333333333481 ) ;
#3858 = EDGE_CURVE ( 'NONE', #316, #1627, #1865, .T. ) ;
#3859 = ORIENTED_EDGE ( 'NONE', *, *, #248, .T. ) ;
#3860 = DIRECTION ( 'NONE',  ( -0.4036298484864445091, 0.9040139324509700591, 0.1408607658127077611 ) ) ;
#3861 = VECTOR ( 'NONE', #4767, 1000.000000000000341 ) ;
#3862 = SURFACE_STYLE_USAGE ( .BOTH. , #2271 ) ;
#3863 = MECHANICAL_DESIGN_GEOMETRIC_PRESENTATION_REPRESENTATION (  '', ( #2428 ), #2507 ) ;
#3864 = VERTEX_POINT ( 'NONE', #3640 ) ;
#3865 = AXIS2_PLACEMENT_3D ( 'NONE', #3544, #764, #4682 ) ;
#3866 = EDGE_CURVE ( 'NONE', #3163, #464, #2850, .T. ) ;
#3867 = DIRECTION ( 'NONE',  ( -0.4174915651033677122, -0.3189817150124985567, 0.8508533707726763096 ) ) ;
#3868 = CIRCLE ( 'NONE', #2368, 3.000000000000005773 ) ;
#3869 =( NAMED_UNIT ( * ) SI_UNIT ( $, .STERADIAN. ) SOLID_ANGLE_UNIT ( ) );
#3870 = ORIENTED_EDGE ( 'NONE', *, *, #1115, .F. ) ;
#3871 = CARTESIAN_POINT ( 'NONE',  ( -6.548748015268974321, 3.198258936431858324, 120.3975367729103993 ) ) ;
#3872 = AXIS2_PLACEMENT_3D ( 'NONE', #2930, #4500, #2589 ) ;
#3873 = SURFACE_STYLE_USAGE ( .BOTH. , #1935 ) ;
#3874 = CIRCLE ( 'NONE', #4346, 12.49999999999999467 ) ;
#3875 = VERTEX_POINT ( 'NONE', #2072 ) ;
#3876 = AXIS2_PLACEMENT_3D ( 'NONE', #4276, #2382, #816 ) ;
#3877 = STYLED_ITEM ( 'NONE', ( #31 ), #3499 ) ;
#3878 = DIRECTION ( 'NONE',  ( -0.4036298484864445091, 0.9040139324509701702, 0.1408607658127077611 ) ) ;
#3879 = SURFACE_SIDE_STYLE ('',( #711 ) ) ;
#3880 = ORIENTED_EDGE ( 'NONE', *, *, #1200, .F. ) ;
#3881 = SURFACE_STYLE_USAGE ( .BOTH. , #5054 ) ;
#3882 = ORIENTED_EDGE ( 'NONE', *, *, #4591, .T. ) ;
#3883 = AXIS2_PLACEMENT_3D ( 'NONE', #688, #3087, #2659 ) ;
#3884 = PRESENTATION_STYLE_ASSIGNMENT (( #5081 ) ) ;
#3885 = SURFACE_STYLE_FILL_AREA ( #4253 ) ;
#3886 = SURFACE_STYLE_USAGE ( .BOTH. , #717 ) ;
#3887 = DIRECTION ( 'NONE',  ( 0.4036298484864446201, -0.9040139324509703922, -0.1408607658127077888 ) ) ;
#3888 = SURFACE_STYLE_USAGE ( .BOTH. , #1062 ) ;
#3889 = UNCERTAINTY_MEASURE_WITH_UNIT (LENGTH_MEASURE( 1.000000000000000082E-05 ), #4589, 'distance_accuracy_value', 'NONE');
#3890 = DIRECTION ( 'NONE',  ( -0.4036298484864446201, 0.9040139324509703922, 0.1408607658127077888 ) ) ;
#3891 =( NAMED_UNIT ( * ) SI_UNIT ( $, .STERADIAN. ) SOLID_ANGLE_UNIT ( ) );
#3892 = CARTESIAN_POINT ( 'NONE',  ( -49.23221907797002217, -8.678812089443178834, 74.38553878030865008 ) ) ;
#3893 = VERTEX_POINT ( 'NONE', #4722 ) ;
#3894 = EDGE_CURVE ( 'NONE', #4644, #828, #4742, .T. ) ;
#3895 = ORIENTED_EDGE ( 'NONE', *, *, #3015, .F. ) ;
#3896 =( LENGTH_UNIT ( ) NAMED_UNIT ( * ) SI_UNIT ( .MILLI., .METRE. ) );
#3897 = ORIENTED_EDGE ( 'NONE', *, *, #1589, .F. ) ;
#3898 =( GEOMETRIC_REPRESENTATION_CONTEXT ( 3 ) GLOBAL_UNCERTAINTY_ASSIGNED_CONTEXT ( ( #1811 ) ) GLOBAL_UNIT_ASSIGNED_CONTEXT ( ( #3896, #4327, #755 ) ) REPRESENTATION_CONTEXT ( 'NONE', 'WORKASPACE' ) );
#3899 = EDGE_CURVE ( 'NONE', #1658, #4054, #2512, .T. ) ;
#3900 = AXIS2_PLACEMENT_3D ( 'NONE', #2925, #4493, #143 ) ;
#3901 = LINE ( 'NONE', #3538, #690 ) ;
#3902 =( GEOMETRIC_REPRESENTATION_CONTEXT ( 3 ) GLOBAL_UNCERTAINTY_ASSIGNED_CONTEXT ( ( #203 ) ) GLOBAL_UNIT_ASSIGNED_CONTEXT ( ( #1060, #1033, #1866 ) ) REPRESENTATION_CONTEXT ( 'NONE', 'WORKASPACE' ) );
#3903 = EDGE_LOOP ( 'NONE', ( #194, #704, #3315, #3522 ) ) ;
#3904 = DIRECTION ( 'NONE',  ( -0.4036298484864446201, 0.9040139324509703922, 0.1408607658127077888 ) ) ;
#3905 = PRESENTATION_LAYER_ASSIGNMENT (  '', '', ( #2719 ) ) ;
#3906 = VERTEX_POINT ( 'NONE', #519 ) ;
#3907 = SURFACE_STYLE_FILL_AREA ( #2812 ) ;
#3908 = CARTESIAN_POINT ( 'NONE',  ( -41.26953763493450111, -6.701612910600138306, 84.51298833137906286 ) ) ;
#3909 =( LENGTH_UNIT ( ) NAMED_UNIT ( * ) SI_UNIT ( .MILLI., .METRE. ) );
#3910 = DIRECTION ( 'NONE',  ( -0.4036298484864445091, 0.9040139324509701702, 0.1408607658127077611 ) ) ;
#3911 = CYLINDRICAL_SURFACE ( 'NONE', #4104, 4.500000000000003553 ) ;
#3912 =( NAMED_UNIT ( * ) PLANE_ANGLE_UNIT ( ) SI_UNIT ( $, .RADIAN. ) );
#3913 = ORIENTED_EDGE ( 'NONE', *, *, #4733, .F. ) ;
#3914 = PRESENTATION_LAYER_ASSIGNMENT (  '', '', ( #1130 ) ) ;
#3915 = CYLINDRICAL_SURFACE ( 'NONE', #3144, 4.500000000000003553 ) ;
#3916 = ORIENTED_EDGE ( 'NONE', *, *, #654, .F. ) ;
#3917 = CARTESIAN_POINT ( 'NONE',  ( -54.80717347877576628, -11.32669860439675169, 75.40433418528348852 ) ) ;
#3918 = COLOUR_RGB ( '',0.7764705882352941346, 0.7568627450980391913, 0.7372549019607843590 ) ;
#3919 = ORIENTED_EDGE ( 'NONE', *, *, #1657, .F. ) ;
#3920 = DIRECTION ( 'NONE',  ( 0.1138699078527290048, 0.2023984311790442137, -0.9726605364369794726 ) ) ;
#3921 = DIRECTION ( 'NONE',  ( 0.7292504199660262421, 0.2249069998420401839, 0.6462280297243589988 ) ) ;
#3922 = VERTEX_POINT ( 'NONE', #1989 ) ;
#3923 = EDGE_CURVE ( 'NONE', #971, #2679, #3268, .T. ) ;
#3924 = CIRCLE ( 'NONE', #4552, 1.500000000000017097 ) ;
#3925 = CYLINDRICAL_SURFACE ( 'NONE', #140, 3.000000000000005773 ) ;
#3926 = VERTEX_POINT ( 'NONE', #823 ) ;
#3927 = CARTESIAN_POINT ( 'NONE',  ( -4.788864377707295894, 0.6412043243697133077, 141.8510234403267418 ) ) ;
#3928 = EDGE_CURVE ( 'NONE', #3196, #2143, #493, .T. ) ;
#3929 = LINE ( 'NONE', #2692, #3032 ) ;
#3930 = CARTESIAN_POINT ( 'NONE',  ( -7.687984010349380171, 0.7867438938147223171, 132.6096920514328872 ) ) ;
#3931 = CARTESIAN_POINT ( 'NONE',  ( -2.848298142437816871, -4.368411479408861986, 144.0662104483046448 ) ) ;
#3932 = CARTESIAN_POINT ( 'NONE',  ( -5.647285428382416761, -3.250840772853829996, 128.9445100154311206 ) ) ;
#3933 = FACE_OUTER_BOUND ( 'NONE', #814, .T. ) ;
#3934 = CARTESIAN_POINT ( 'NONE',  ( -5.669834767917158125, -3.733325768440127312, 131.9053882223693677 ) ) ;
#3935 = DIRECTION ( 'NONE',  ( -0.4036298484864445091, 0.9040139324509701702, 0.1408607658127077611 ) ) ;
#3936 = VERTEX_POINT ( 'NONE', #2451 ) ;
#3937 = CARTESIAN_POINT ( 'NONE',  ( -11.06594067322892982, -4.734759373808912208, 122.8700868028665525 ) ) ;
#3938 = COLOUR_RGB ( '',0.7764705882352941346, 0.7568627450980391913, 0.7372549019607843590 ) ;
#3939 = DIRECTION ( 'NONE',  ( -0.7292504199660251318, -0.2249069998420400729, -0.6462280297243602201 ) ) ;
#3940 = AXIS2_PLACEMENT_3D ( 'NONE', #3357, #1010, #2077 ) ;
#3941 = CARTESIAN_POINT ( 'NONE',  ( -20.12882182691069843, 0.9418113830014425147, 96.03686338680279277 ) ) ;
#3942 = CIRCLE ( 'NONE', #1715, 4.500000000000003553 ) ;
#3943 = SURFACE_STYLE_FILL_AREA ( #4769 ) ;
#3944 = ORIENTED_EDGE ( 'NONE', *, *, #4353, .T. ) ;
#3945 = CIRCLE ( 'NONE', #803, 4.500000000000003553 ) ;
#3946 = COLOUR_RGB ( '',0.7764705882352941346, 0.7568627450980391913, 0.7372549019607843590 ) ;
#3947 = AXIS2_PLACEMENT_3D ( 'NONE', #3125, #825, #3529 ) ;
#3948 = ADVANCED_FACE ( 'NONE', ( #1305 ), #52, .T. ) ;
#3949 = ORIENTED_EDGE ( 'NONE', *, *, #4667, .T. ) ;
#3950 = CARTESIAN_POINT ( 'NONE',  ( -13.64958465188650649, -0.1695997126505821850, 121.6646144045088107 ) ) ;
#3951 = CIRCLE ( 'NONE', #4928, 4.499999999999993783 ) ;
#3952 = MECHANICAL_DESIGN_GEOMETRIC_PRESENTATION_REPRESENTATION (  '', ( #4747 ), #1382 ) ;
#3953 =( NAMED_UNIT ( * ) PLANE_ANGLE_UNIT ( ) SI_UNIT ( $, .RADIAN. ) );
#3954 = AXIS2_PLACEMENT_3D ( 'NONE', #4659, #2664, #1940 ) ;
#3955 = DIRECTION ( 'NONE',  ( -0.1138699078527355413, -0.2023984311790465451, 0.9726605364369783624 ) ) ;
#3956 = FILL_AREA_STYLE_COLOUR ( '', #4995 ) ;
#3957 = SURFACE_STYLE_USAGE ( .BOTH. , #1601 ) ;
#3958 = AXIS2_PLACEMENT_3D ( 'NONE', #3145, #3904, #786 ) ;
#3959 = EDGE_CURVE ( 'NONE', #4299, #4037, #1560, .T. ) ;
#3960 = EDGE_CURVE ( 'NONE', #626, #5078, #2768, .T. ) ;
#3961 = DIRECTION ( 'NONE',  ( -0.4036298484864446201, 0.9040139324509703922, 0.1408607658127077888 ) ) ;
#3962 = SURFACE_STYLE_USAGE ( .BOTH. , #4354 ) ;
#3963 =( GEOMETRIC_REPRESENTATION_CONTEXT ( 3 ) GLOBAL_UNCERTAINTY_ASSIGNED_CONTEXT ( ( #1009 ) ) GLOBAL_UNIT_ASSIGNED_CONTEXT ( ( #1624, #1191, #1675 ) ) REPRESENTATION_CONTEXT ( 'NONE', 'WORKASPACE' ) );
#3964 = CARTESIAN_POINT ( 'NONE',  ( -8.491371393396422107, -3.098240057471357112, 119.7445659964340337 ) ) ;
#3965 =( NAMED_UNIT ( * ) SI_UNIT ( $, .STERADIAN. ) SOLID_ANGLE_UNIT ( ) );
#3966 = ORIENTED_EDGE ( 'NONE', *, *, #5051, .F. ) ;
#3967 = PRESENTATION_STYLE_ASSIGNMENT (( #2727 ) ) ;
#3968 = LINE ( 'NONE', #61, #4498 ) ;
#3969 = AXIS2_PLACEMENT_3D ( 'NONE', #2721, #4307, #2152 ) ;
#3970 = CARTESIAN_POINT ( 'NONE',  ( -52.78902423634368546, -15.84676826665167404, 74.70003035621998322 ) ) ;
#3971 = ORIENTED_EDGE ( 'NONE', *, *, #2371, .F. ) ;
#3972 = VECTOR ( 'NONE', #4373, 1000.000000000000341 ) ;
#3973 = PRESENTATION_STYLE_ASSIGNMENT (( #2735 ) ) ;
#3974 = ORIENTED_EDGE ( 'NONE', *, *, #3519, .T. ) ;
#3975 = CARTESIAN_POINT ( 'NONE',  ( -8.942936269409504035, -0.5737837062589183912, 119.9972355311146543 ) ) ;
#3976 =( GEOMETRIC_REPRESENTATION_CONTEXT ( 3 ) GLOBAL_UNCERTAINTY_ASSIGNED_CONTEXT ( ( #4567 ) ) GLOBAL_UNIT_ASSIGNED_CONTEXT ( ( #4964, #174, #3839 ) ) REPRESENTATION_CONTEXT ( 'NONE', 'WORKASPACE' ) );
#3977 = CARTESIAN_POINT ( 'NONE',  ( -10.85034279322636230, -1.984889882214388557, 141.3358490171272024 ) ) ;
#3978 = CARTESIAN_POINT ( 'NONE',  ( -10.50952063582864504, 1.421829604783491741, 120.4488698254975674 ) ) ;
#3979 = CARTESIAN_POINT ( 'NONE',  ( -17.33760180234314419, -3.530561545259926604, 132.6667022500425617 ) ) ;
#3980 = CYLINDRICAL_SURFACE ( 'NONE', #2513, 4.499999999999994671 ) ;
#3981 = ORIENTED_EDGE ( 'NONE', *, *, #3258, .F. ) ;
#3982 = DIRECTION ( 'NONE',  ( -0.4962987577851459275, -0.08699870934530049005, -0.8637816666225169859 ) ) ;
#3983 = SURFACE_STYLE_FILL_AREA ( #830 ) ;
#3984 =( NAMED_UNIT ( * ) SI_UNIT ( $, .STERADIAN. ) SOLID_ANGLE_UNIT ( ) );
#3985 = EDGE_CURVE ( 'NONE', #4432, #1250, #4096, .T. ) ;
#3986 =( LENGTH_UNIT ( ) NAMED_UNIT ( * ) SI_UNIT ( .MILLI., .METRE. ) );
#3987 = DIRECTION ( 'NONE',  ( -0.4036298484864446201, 0.9040139324509703922, 0.1408607658127077888 ) ) ;
#3988 = EDGE_CURVE ( 'NONE', #184, #4508, #3294, .T. ) ;
#3989 = FACE_OUTER_BOUND ( 'NONE', #2073, .T. ) ;
#3990 = VECTOR ( 'NONE', #3496, 1000.000000000000341 ) ;
#3991 = ORIENTED_EDGE ( 'NONE', *, *, #3525, .F. ) ;
#3992 = DIRECTION ( 'NONE',  ( 0.2034861408257961080, -0.06140290946268939926, 0.9771504864663074219 ) ) ;
#3993 = LINE ( 'NONE', #456, #1405 ) ;
#3994 = ORIENTED_EDGE ( 'NONE', *, *, #2448, .T. ) ;
#3995 = ORIENTED_EDGE ( 'NONE', *, *, #596, .T. ) ;
#3996 = DIRECTION ( 'NONE',  ( -0.008861879339743337219, -0.1578149520867540845, 0.9874289381988070602 ) ) ;
#3997 = MECHANICAL_DESIGN_GEOMETRIC_PRESENTATION_REPRESENTATION (  '', ( #1192 ), #1346 ) ;
#3998 = CARTESIAN_POINT ( 'NONE',  ( -6.641719764751995214, -6.037116102856792565, 143.9057259742414487 ) ) ;
#3999 = FACE_OUTER_BOUND ( 'NONE', #2213, .T. ) ;
#4000 =( NAMED_UNIT ( * ) PLANE_ANGLE_UNIT ( ) SI_UNIT ( $, .RADIAN. ) );
#4001 = CARTESIAN_POINT ( 'NONE',  ( -9.500446014612531798, -0.8382052263439329076, 120.0967179109657934 ) ) ;
#4002 = SURFACE_STYLE_USAGE ( .BOTH. , #824 ) ;
#4003 = CARTESIAN_POINT ( 'NONE',  ( -22.76783165342168402, -5.146805072972919781, 92.05428507522691461 ) ) ;
#4004 = ORIENTED_EDGE ( 'NONE', *, *, #3455, .F. ) ;
#4005 = DIRECTION ( 'NONE',  ( 0.4036298484864446201, -0.9040139324509703922, -0.1408607658127077888 ) ) ;
#4006 = EDGE_CURVE ( 'NONE', #5076, #3426, #726, .T. ) ;
#4007 = FILL_AREA_STYLE ('',( #3129 ) ) ;
#4008 = ORIENTED_EDGE ( 'NONE', *, *, #1759, .T. ) ;
#4009 = EDGE_CURVE ( 'NONE', #3263, #3797, #805, .T. ) ;
#4010 = DIRECTION ( 'NONE',  ( 0.7292504199660264641, 0.2249069998420402949, 0.6462280297243586658 ) ) ;
#4011 = ORIENTED_EDGE ( 'NONE', *, *, #594, .T. ) ;
#4012 = CARTESIAN_POINT ( 'NONE',  ( 1.444442763258702467, 0.2571131874897594205, 126.6812390669179678 ) ) ;
#4013 = ADVANCED_FACE ( 'NONE', ( #235, #2890, #3820, #4861, #3320, #2167 ), #2578, .F. ) ;
#4014 = FILL_AREA_STYLE ('',( #91 ) ) ;
#4015 = EDGE_LOOP ( 'NONE', ( #4387, #3185 ) ) ;
#4016 = VECTOR ( 'NONE', #2175, 1000.000000000000341 ) ;
#4017 = MECHANICAL_DESIGN_GEOMETRIC_PRESENTATION_REPRESENTATION (  '', ( #533 ), #4094 ) ;
#4018 = SURFACE_SIDE_STYLE ('',( #2421 ) ) ;
#4019 = ORIENTED_EDGE ( 'NONE', *, *, #4840, .F. ) ;
#4020 = DIRECTION ( 'NONE',  ( 0.7292504199660264641, 0.2249069998420402949, 0.6462280297243586658 ) ) ;
#4021 = CIRCLE ( 'NONE', #3189, 4.500000000000000000 ) ;
#4022 = DIRECTION ( 'NONE',  ( 0.7292504199660264641, 0.2249069998420402949, 0.6462280297243586658 ) ) ;
#4023 = DIRECTION ( 'NONE',  ( 0.7292504199660264641, 0.2249069998420402949, 0.6462280297243586658 ) ) ;
#4024 = CARTESIAN_POINT ( 'NONE',  ( -5.669834767917158125, -3.733325768440127312, 131.9053882223693677 ) ) ;
#4025 = COLOUR_RGB ( '',0.7764705882352941346, 0.7568627450980391913, 0.7372549019607843590 ) ;
#4026 = ORIENTED_EDGE ( 'NONE', *, *, #3229, .F. ) ;
#4027 = ORIENTED_EDGE ( 'NONE', *, *, #4784, .T. ) ;
#4028 = AXIS2_PLACEMENT_3D ( 'NONE', #849, #1663, #1257 ) ;
#4029 = VECTOR ( 'NONE', #4641, 1000.000000000000341 ) ;
#4030 = DIRECTION ( 'NONE',  ( 0.7292504199660264641, 0.2249069998420402949, 0.6462280297243586658 ) ) ;
#4031 = LINE ( 'NONE', #2052, #2693 ) ;
#4032 =( GEOMETRIC_REPRESENTATION_CONTEXT ( 3 ) GLOBAL_UNCERTAINTY_ASSIGNED_CONTEXT ( ( #4573 ) ) GLOBAL_UNIT_ASSIGNED_CONTEXT ( ( #5053, #1571, #3563 ) ) REPRESENTATION_CONTEXT ( 'NONE', 'WORKASPACE' ) );
#4033 = CIRCLE ( 'NONE', #624, 9.686500000000005883 ) ;
#4034 = VERTEX_POINT ( 'NONE', #3403 ) ;
#4035 = FILL_AREA_STYLE_COLOUR ( '', #1376 ) ;
#4036 = ADVANCED_FACE ( 'NONE', ( #1053 ), #209, .T. ) ;
#4037 = VERTEX_POINT ( 'NONE', #3031 ) ;
#4038 = SURFACE_STYLE_USAGE ( .BOTH. , #508 ) ;
#4039 = DIRECTION ( 'NONE',  ( 0.008861879339743833350, 0.1578149520867543898, -0.9874289381988069492 ) ) ;
#4040 = ORIENTED_EDGE ( 'NONE', *, *, #1291, .F. ) ;
#4041 = EDGE_CURVE ( 'NONE', #872, #480, #4182, .T. ) ;
#4042 = EDGE_CURVE ( 'NONE', #1148, #3196, #3951, .T. ) ;
#4043 = CIRCLE ( 'NONE', #4943, 3.000000000000005773 ) ;
#4044 = FILL_AREA_STYLE ('',( #2449 ) ) ;
#4045 = AXIS2_PLACEMENT_3D ( 'NONE', #443, #3616, #3555 ) ;
#4046 = FILL_AREA_STYLE_COLOUR ( '', #734 ) ;
#4047 = UNCERTAINTY_MEASURE_WITH_UNIT (LENGTH_MEASURE( 1.000000000000000082E-05 ), #427, 'distance_accuracy_value', 'NONE');
#4048 = LINE ( 'NONE', #4806, #3162 ) ;
#4049 = EDGE_CURVE ( 'NONE', #1003, #4054, #3465, .T. ) ;
#4050 = DIRECTION ( 'NONE',  ( -0.7292504199660251318, -0.2249069998420398786, -0.6462280297243602201 ) ) ;
#4051 = DIRECTION ( 'NONE',  ( -0.4036298484864154212, 0.9040139324509844920, 0.1408607658127000728 ) ) ;
#4052 = ORIENTED_EDGE ( 'NONE', *, *, #4688, .T. ) ;
#4053 = COLOUR_RGB ( '',0.7764705882352941346, 0.7568627450980391913, 0.7372549019607843590 ) ;
#4054 = VERTEX_POINT ( 'NONE', #3436 ) ;
#4055 = CARTESIAN_POINT ( 'NONE',  ( -10.81970315655770065, -6.525095899882335182, 135.1366534719049071 ) ) ;
#4056 = SURFACE_STYLE_USAGE ( .BOTH. , #2128 ) ;
#4057 = FILL_AREA_STYLE_COLOUR ( '', #2441 ) ;
#4058 = DIRECTION ( 'NONE',  ( 0.7292504199660254649, 0.2249069998420400174, 0.6462280297243599980 ) ) ;
#4059 = EDGE_LOOP ( 'NONE', ( #657, #3585, #2302, #911 ) ) ;
#4060 = LINE ( 'NONE', #1315, #154 ) ;
#4062 = CARTESIAN_POINT ( 'NONE',  ( -7.687984010349380171, 0.7867438938147223171, 132.6096920514328872 ) ) ;
#4061 = SURFACE_STYLE_USAGE ( .BOTH. , #1957 ) ;
#4063 =( NAMED_UNIT ( * ) SI_UNIT ( $, .STERADIAN. ) SOLID_ANGLE_UNIT ( ) );
#4064 = EDGE_LOOP ( 'NONE', ( #3135, #2970, #1979, #4358 ) ) ;
#4065 = SURFACE_SIDE_STYLE ('',( #939 ) ) ;
#4066 = DIRECTION ( 'NONE',  ( 0.8431203278187547889, 0.4273054310210832041, -0.3264325067126154223 ) ) ;
#4067 = DIRECTION ( 'NONE',  ( 0.7292504199660262421, 0.2249069998420401839, 0.6462280297243589988 ) ) ;
#4068 = VERTEX_POINT ( 'NONE', #4993 ) ;
#4069 = ORIENTED_EDGE ( 'NONE', *, *, #3866, .F. ) ;
#4070 = AXIS2_PLACEMENT_3D ( 'NONE', #372, #4752, #2785 ) ;
#4071 = SURFACE_SIDE_STYLE ('',( #3345 ) ) ;
#4072 = EDGE_CURVE ( 'NONE', #715, #4826, #2770, .T. ) ;
#4073 = PRESENTATION_LAYER_ASSIGNMENT (  '', '', ( #1749 ) ) ;
#4074 = CARTESIAN_POINT ( 'NONE',  ( -49.24551189697963594, -8.915534517573314943, 75.86668218760688376 ) ) ;
#4075 = AXIS2_PLACEMENT_3D ( 'NONE', #2852, #909, #2460 ) ;
#4076 = DIRECTION ( 'NONE',  ( 0.4036298484864445091, -0.9040139324509700591, -0.1408607658127077611 ) ) ;
#4077 = ORIENTED_EDGE ( 'NONE', *, *, #3524, .F. ) ;
#4078 = ORIENTED_EDGE ( 'NONE', *, *, #1946, .T. ) ;
#4079 = SURFACE_STYLE_FILL_AREA ( #4810 ) ;
#4080 = CARTESIAN_POINT ( 'NONE',  ( -7.687984010349380171, 0.7867438938147223171, 132.6096920514328872 ) ) ;
#4081 = DIRECTION ( 'NONE',  ( -0.4036298484864445091, 0.9040139324509700591, 0.1408607658127077611 ) ) ;
#4082 =( GEOMETRIC_REPRESENTATION_CONTEXT ( 3 ) GLOBAL_UNCERTAINTY_ASSIGNED_CONTEXT ( ( #3406 ) ) GLOBAL_UNIT_ASSIGNED_CONTEXT ( ( #1178, #381, #3488 ) ) REPRESENTATION_CONTEXT ( 'NONE', 'WORKASPACE' ) );
#4083 = CARTESIAN_POINT ( 'NONE',  ( 6.321054902800974595, 5.800252488606517431, 105.1512628438202483 ) ) ;
#4084 = CARTESIAN_POINT ( 'NONE',  ( -2.216557050191011236, 4.861714216519098741, 122.1355284147156084 ) ) ;
#4086 = LINE ( 'NONE', #2181, #1677 ) ;
#4085 = FACE_OUTER_BOUND ( 'NONE', #2510, .T. ) ;
#4087 = CARTESIAN_POINT ( 'NONE',  ( -7.692020308833726894, 0.7957840331408267964, 132.6111006590910506 ) ) ;
#4088 =( GEOMETRIC_REPRESENTATION_CONTEXT ( 3 ) GLOBAL_UNCERTAINTY_ASSIGNED_CONTEXT ( ( #4438 ) ) GLOBAL_UNIT_ASSIGNED_CONTEXT ( ( #2992, #3021, #2624 ) ) REPRESENTATION_CONTEXT ( 'NONE', 'WORKASPACE' ) );
#4089 = ORIENTED_EDGE ( 'NONE', *, *, #1700, .F. ) ;
#4090 = DIRECTION ( 'NONE',  ( -0.4036298484864445091, 0.9040139324509701702, 0.1408607658127077611 ) ) ;
#4091 = AXIS2_PLACEMENT_3D ( 'NONE', #2045, #1641, #3220 ) ;
#4092 = CYLINDRICAL_SURFACE ( 'NONE', #1322, 4.500000000000003553 ) ;
#4093 = CARTESIAN_POINT ( 'NONE',  ( -8.827220005429705196, -1.624771148802379495, 144.8218473299553750 ) ) ;
#4094 =( GEOMETRIC_REPRESENTATION_CONTEXT ( 3 ) GLOBAL_UNCERTAINTY_ASSIGNED_CONTEXT ( ( #1375 ) ) GLOBAL_UNIT_ASSIGNED_CONTEXT ( ( #453, #4794, #119 ) ) REPRESENTATION_CONTEXT ( 'NONE', 'WORKASPACE' ) );
#4095 = UNCERTAINTY_MEASURE_WITH_UNIT (LENGTH_MEASURE( 1.000000000000000082E-05 ), #3413, 'distance_accuracy_value', 'NONE');
#4096 = LINE ( 'NONE', #2521, #3197 ) ;
#4097 = ADVANCED_FACE ( 'NONE', ( #2252 ), #3165, .T. ) ;
#4098 = VERTEX_POINT ( 'NONE', #1544 ) ;
#4099 = VERTEX_POINT ( 'NONE', #4320 ) ;
#4100 = CARTESIAN_POINT ( 'NONE',  ( -12.10972802011529126, -5.515947951523163972, 124.8926629815893250 ) ) ;
#4101 = FILL_AREA_STYLE_COLOUR ( '', #1656 ) ;
#4102 = LINE ( 'NONE', #956, #753 ) ;
#4103 = CARTESIAN_POINT ( 'NONE',  ( -9.638965362704309925, -4.130083045946448372, 123.0783350201806172 ) ) ;
#4104 = AXIS2_PLACEMENT_3D ( 'NONE', #2097, #133, #3726 ) ;
#4105 = CARTESIAN_POINT ( 'NONE',  ( -16.62810139192309578, -1.910101397101525267, 124.2999792597326518 ) ) ;
#4106 = LINE ( 'NONE', #1363, #836 ) ;
#4107 = PRESENTATION_LAYER_ASSIGNMENT (  '', '', ( #1472 ) ) ;
#4108 = AXIS2_PLACEMENT_3D ( 'NONE', #1112, #4249, #4219 ) ;
#4109 = CIRCLE ( 'NONE', #135, 12.49999999999999467 ) ;
#4110 = SURFACE_STYLE_FILL_AREA ( #3422 ) ;
#4111 = ORIENTED_EDGE ( 'NONE', *, *, #3985, .F. ) ;
#4112 = PRESENTATION_LAYER_ASSIGNMENT (  '', '', ( #321 ) ) ;
#4113 =( NAMED_UNIT ( * ) PLANE_ANGLE_UNIT ( ) SI_UNIT ( $, .RADIAN. ) );
#4114 = EDGE_LOOP ( 'NONE', ( #1113, #1049, #2840, #1993 ) ) ;
#4115 = UNCERTAINTY_MEASURE_WITH_UNIT (LENGTH_MEASURE( 1.000000000000000082E-05 ), #839, 'distance_accuracy_value', 'NONE');
#4116 =( NAMED_UNIT ( * ) SI_UNIT ( $, .STERADIAN. ) SOLID_ANGLE_UNIT ( ) );
#4117 = ORIENTED_EDGE ( 'NONE', *, *, #3899, .T. ) ;
#4118 = CARTESIAN_POINT ( 'NONE',  ( -5.669834767917158125, -3.733325768440127312, 131.9053882223693677 ) ) ;
#4119 = CARTESIAN_POINT ( 'NONE',  ( -25.82325246717485712, -5.670054183748421295, 86.65722117707471739 ) ) ;
#4120 =( NAMED_UNIT ( * ) SI_UNIT ( $, .STERADIAN. ) SOLID_ANGLE_UNIT ( ) );
#4121 = EDGE_LOOP ( 'NONE', ( #3626, #945, #929, #4853 ) ) ;
#4122 = VERTEX_POINT ( 'NONE', #4680 ) ;
#4123 = DIRECTION ( 'NONE',  ( -0.4036298484864446201, 0.9040139324509703922, 0.1408607658127077888 ) ) ;
#4124 = MECHANICAL_DESIGN_GEOMETRIC_PRESENTATION_REPRESENTATION (  '', ( #1239 ), #3806 ) ;
#4125 =( GEOMETRIC_REPRESENTATION_CONTEXT ( 3 ) GLOBAL_UNCERTAINTY_ASSIGNED_CONTEXT ( ( #4919 ) ) GLOBAL_UNIT_ASSIGNED_CONTEXT ( ( #1955, #1608, #1214 ) ) REPRESENTATION_CONTEXT ( 'NONE', 'WORKASPACE' ) );
#4126 = CYLINDRICAL_SURFACE ( 'NONE', #666, 9.686499999999998778 ) ;
#4127 =( NAMED_UNIT ( * ) PLANE_ANGLE_UNIT ( ) SI_UNIT ( $, .RADIAN. ) );
#4128 = CARTESIAN_POINT ( 'NONE',  ( -41.24295199691527358, -6.228168054339869641, 81.55070151678260970 ) ) ;
#4129 = CIRCLE ( 'NONE', #4692, 9.686500000000004107 ) ;
#4130 = CYLINDRICAL_SURFACE ( 'NONE', #4150, 4.500000000000003553 ) ;
#4131 = PRESENTATION_LAYER_ASSIGNMENT (  '', '', ( #4292 ) ) ;
#4132 =( NAMED_UNIT ( * ) PLANE_ANGLE_UNIT ( ) SI_UNIT ( $, .RADIAN. ) );
#4133 = COLOUR_RGB ( '',0.7921568627450980005, 0.8196078431372548767, 0.9333333333333333481 ) ;
#4134 = CYLINDRICAL_SURFACE ( 'NONE', #2655, 9.686499999999998778 ) ;
#4135 = ORIENTED_EDGE ( 'NONE', *, *, #2646, .F. ) ;
#4136 = PRESENTATION_LAYER_ASSIGNMENT (  '', '', ( #4372 ) ) ;
#4137 = EDGE_CURVE ( 'NONE', #1277, #2679, #643, .T. ) ;
#4138 = FILL_AREA_STYLE_COLOUR ( '', #2542 ) ;
#4139 = DIRECTION ( 'NONE',  ( -0.008861879339743418751, -0.1578149520867549449, 0.9874289381988069492 ) ) ;
#4140 = DIRECTION ( 'NONE',  ( -0.4036298484864445091, 0.9040139324509700591, 0.1408607658127077611 ) ) ;
#4141 = ORIENTED_EDGE ( 'NONE', *, *, #3183, .T. ) ;
#4142 =( LENGTH_UNIT ( ) NAMED_UNIT ( * ) SI_UNIT ( .MILLI., .METRE. ) );
#4143 = SURFACE_SIDE_STYLE ('',( #1004 ) ) ;
#4144 = EDGE_CURVE ( 'NONE', #2780, #495, #4718, .T. ) ;
#4145 = ORIENTED_EDGE ( 'NONE', *, *, #1291, .T. ) ;
#4146 = SURFACE_STYLE_USAGE ( .BOTH. , #2553 ) ;
#4147 = DIRECTION ( 'NONE',  ( 0.7292504199660252429, 0.2249069998420399341, 0.6462280297243599980 ) ) ;
#4148 = UNCERTAINTY_MEASURE_WITH_UNIT (LENGTH_MEASURE( 1.000000000000000082E-05 ), #168, 'distance_accuracy_value', 'NONE');
#4149 =( GEOMETRIC_REPRESENTATION_CONTEXT ( 3 ) GLOBAL_UNCERTAINTY_ASSIGNED_CONTEXT ( ( #1451 ) ) GLOBAL_UNIT_ASSIGNED_CONTEXT ( ( #4789, #1271, #1679 ) ) REPRESENTATION_CONTEXT ( 'NONE', 'WORKASPACE' ) );
#4150 = AXIS2_PLACEMENT_3D ( 'NONE', #3358, #2078, #587 ) ;
#4151 = ORIENTED_EDGE ( 'NONE', *, *, #421, .F. ) ;
#4152 = AXIS2_PLACEMENT_3D ( 'NONE', #4334, #1514, #760 ) ;
#4153 = PLANE ( 'NONE',  #4978 ) ;
#4154 = DIRECTION ( 'NONE',  ( 0.7292504199660264641, 0.2249069998420402949, 0.6462280297243586658 ) ) ;
#4155 = ADVANCED_FACE ( 'NONE', ( #4700 ), #3925, .T. ) ;
#4156 = ORIENTED_EDGE ( 'NONE', *, *, #2362, .F. ) ;
#4157 = SURFACE_SIDE_STYLE ('',( #2158 ) ) ;
#4158 = DIRECTION ( 'NONE',  ( 0.6637165053083283750, 0.1833472909604438317, 0.7251649270881529441 ) ) ;
#4159 = ADVANCED_FACE ( 'NONE', ( #3818 ), #207, .T. ) ;
#4160 = CARTESIAN_POINT ( 'NONE',  ( -7.050999985890801902, -5.946286795392593305, 142.1500300454113130 ) ) ;
#4161 = ORIENTED_EDGE ( 'NONE', *, *, #426, .T. ) ;
#4162 = DIRECTION ( 'NONE',  ( -0.4036298484864445091, 0.9040139324509700591, 0.1408607658127077611 ) ) ;
#4163 = MECHANICAL_DESIGN_GEOMETRIC_PRESENTATION_REPRESENTATION (  '', ( #1364 ), #289 ) ;
#4164 = EDGE_LOOP ( 'NONE', ( #4216, #2375, #4935, #4295 ) ) ;
#4165 = VERTEX_POINT ( 'NONE', #262 ) ;
#4166 = UNCERTAINTY_MEASURE_WITH_UNIT (LENGTH_MEASURE( 1.000000000000000082E-05 ), #170, 'distance_accuracy_value', 'NONE');
#4167 = CARTESIAN_POINT ( 'NONE',  ( -5.669834767917158125, -3.733325768440127312, 131.9053882223693677 ) ) ;
#4168 = CARTESIAN_POINT ( 'NONE',  ( 1.427646239225944802, 3.598081391840225685, 140.6875424229873772 ) ) ;
#4169 = CARTESIAN_POINT ( 'NONE',  ( 3.152340012962822513, 4.898811525899882113, 137.2817659869306794 ) ) ;
#4170 = CYLINDRICAL_SURFACE ( 'NONE', #195, 4.500000000000003553 ) ;
#4171 = UNCERTAINTY_MEASURE_WITH_UNIT (LENGTH_MEASURE( 1.000000000000000082E-05 ), #1760, 'distance_accuracy_value', 'NONE');
#4172 = DIRECTION ( 'NONE',  ( -0.008861879339743583550, -0.1578149520867548894, 0.9874289381988068381 ) ) ;
#4173 = CARTESIAN_POINT ( 'NONE',  ( -5.669834767917158125, -3.733325768440127312, 131.9053882223693677 ) ) ;
#4174 = CIRCLE ( 'NONE', #1566, 9.686500000000002331 ) ;
#4175 =( LENGTH_UNIT ( ) NAMED_UNIT ( * ) SI_UNIT ( .MILLI., .METRE. ) );
#4176 = DIRECTION ( 'NONE',  ( -0.008861879339743418751, -0.1578149520867543620, 0.9874289381988069492 ) ) ;
#4177 = AXIS2_PLACEMENT_3D ( 'NONE', #829, #750, #3982 ) ;
#4178 = COLOUR_RGB ( '',1.000000000000000000, 1.000000000000000000, 1.000000000000000000 ) ;
#4179 = AXIS2_PLACEMENT_3D ( 'NONE', #2895, #83, #1358 ) ;
#4180 = UNCERTAINTY_MEASURE_WITH_UNIT (LENGTH_MEASURE( 1.000000000000000082E-05 ), #1477, 'distance_accuracy_value', 'NONE');
#4181 = ORIENTED_EDGE ( 'NONE', *, *, #3131, .T. ) ;
#4182 = CIRCLE ( 'NONE', #4839, 1.500000000000017097 ) ;
#4183 = VECTOR ( 'NONE', #2182, 1000.000000000000341 ) ;
#4184 = COLOUR_RGB ( '',0.7764705882352941346, 0.7568627450980391913, 0.7372549019607843590 ) ;
#4185 = SURFACE_SIDE_STYLE ('',( #1850 ) ) ;
#4186 = AXIS2_PLACEMENT_3D ( 'NONE', #257, #5047, #617 ) ;
#4187 = CARTESIAN_POINT ( 'NONE',  ( 3.311224902253699476, 0.7857202592477767755, 128.6379289419741951 ) ) ;
#4188 = DIRECTION ( 'NONE',  ( 0.4036298484864153657, -0.9040139324509843810, -0.1408607658127000450 ) ) ;
#4189 = VECTOR ( 'NONE', #2621, 1000.000000000000000 ) ;
#4190 = ORIENTED_EDGE ( 'NONE', *, *, #3314, .F. ) ;
#4191 = EDGE_CURVE ( 'NONE', #2017, #3351, #2696, .T. ) ;
#4192 = ADVANCED_FACE ( 'NONE', ( #2657 ), #4193, .T. ) ;
#4193 = CYLINDRICAL_SURFACE ( 'NONE', #1153, 12.49999999999999467 ) ;
#4194 = UNCERTAINTY_MEASURE_WITH_UNIT (LENGTH_MEASURE( 1.000000000000000082E-05 ), #4452, 'distance_accuracy_value', 'NONE');
#4195 =( NAMED_UNIT ( * ) SI_UNIT ( $, .STERADIAN. ) SOLID_ANGLE_UNIT ( ) );
#4196 = ORIENTED_EDGE ( 'NONE', *, *, #1611, .T. ) ;
#4197 = ORIENTED_EDGE ( 'NONE', *, *, #4693, .T. ) ;
#4198 = DIRECTION ( 'NONE',  ( -0.4962987577851458165, -0.08699870934530053168, -0.8637816666225169859 ) ) ;
#4199 = SURFACE_STYLE_FILL_AREA ( #5033 ) ;
#4200 = EDGE_CURVE ( 'NONE', #1100, #3633, #2376, .T. ) ;
#4201 = LINE ( 'NONE', #957, #3120 ) ;
#4202 = CYLINDRICAL_SURFACE ( 'NONE', #2913, 1.499999999999932720 ) ;
#4203 = DIRECTION ( 'NONE',  ( 0.8280727311432181104, 0.2954877224108117817, 0.4764268651550652156 ) ) ;
#4204 = DIRECTION ( 'NONE',  ( 0.7292504199660254649, 0.2249069998420398231, 0.6462280297243599980 ) ) ;
#4205 = CARTESIAN_POINT ( 'NONE',  ( 13.58740454831818667, -44.07663815287848763, 126.5359886496571562 ) ) ;
#4206 = VECTOR ( 'NONE', #5092, 1000.000000000000341 ) ;
#4207 = COLOUR_RGB ( '',0.7764705882352941346, 0.7568627450980391913, 0.7372549019607843590 ) ;
#4208 =( NAMED_UNIT ( * ) SI_UNIT ( $, .STERADIAN. ) SOLID_ANGLE_UNIT ( ) );
#4209 = CARTESIAN_POINT ( 'NONE',  ( 1.605313432046304722, 4.386662435563277285, 136.1356967435041554 ) ) ;
#4210 = ORIENTED_EDGE ( 'NONE', *, *, #3387, .F. ) ;
#4211 = FACE_BOUND ( 'NONE', #4766, .T. ) ;
#4212 = CARTESIAN_POINT ( 'NONE',  ( -15.33725425821849697, -7.998228738414679739, 131.5750807840399830 ) ) ;
#4213 = CARTESIAN_POINT ( 'NONE',  ( -5.362690476729603972, 0.2204950930106186480, 142.9067728137978008 ) ) ;
#4214 = EDGE_CURVE ( 'NONE', #4037, #1808, #4217, .T. ) ;
#4215 = DIRECTION ( 'NONE',  ( -0.4036298484864445091, 0.9040139324509701702, 0.1408607658127077611 ) ) ;
#4216 = ORIENTED_EDGE ( 'NONE', *, *, #490, .F. ) ;
#4217 = LINE ( 'NONE', #683, #1565 ) ;
#4218 = DIRECTION ( 'NONE',  ( 0.4036298484864446201, -0.9040139324509703922, -0.1408607658127077888 ) ) ;
#4219 = DIRECTION ( 'NONE',  ( 0.7292504199660264641, 0.2249069998420402949, 0.6462280297243586658 ) ) ;
#4220 = ORIENTED_EDGE ( 'NONE', *, *, #5022, .F. ) ;
#4221 = CYLINDRICAL_SURFACE ( 'NONE', #3883, 4.500000000000003553 ) ;
#4222 = EDGE_CURVE ( 'NONE', #1627, #71, #4425, .T. ) ;
#4223 = ORIENTED_EDGE ( 'NONE', *, *, #2535, .F. ) ;
#4224 = CARTESIAN_POINT ( 'NONE',  ( 2.736696832041844551, 6.122331246802369620, 128.2384751804781047 ) ) ;
#4225 = SURFACE_STYLE_FILL_AREA ( #4633 ) ;
#4226 =( LENGTH_UNIT ( ) NAMED_UNIT ( * ) SI_UNIT ( .MILLI., .METRE. ) );
#4227 = LINE ( 'NONE', #1528, #4378 ) ;
#4228 = UNCERTAINTY_MEASURE_WITH_UNIT (LENGTH_MEASURE( 1.000000000000000082E-05 ), #401, 'distance_accuracy_value', 'NONE');
#4229 =( LENGTH_UNIT ( ) NAMED_UNIT ( * ) SI_UNIT ( .MILLI., .METRE. ) );
#4230 = ADVANCED_FACE ( 'NONE', ( #1892 ), #3313, .T. ) ;
#4231 = LINE ( 'NONE', #225, #3152 ) ;
#4232 = AXIS2_PLACEMENT_3D ( 'NONE', #3607, #5084, #2013 ) ;
#4233 =( NAMED_UNIT ( * ) SI_UNIT ( $, .STERADIAN. ) SOLID_ANGLE_UNIT ( ) );
#4234 = AXIS2_PLACEMENT_3D ( 'NONE', #3371, #4941, #2886 ) ;
#4235 = VERTEX_POINT ( 'NONE', #2941 ) ;
#4236 = FILL_AREA_STYLE_COLOUR ( '', #888 ) ;
#4237 = AXIS2_PLACEMENT_3D ( 'NONE', #3109, #3535, #4673 ) ;
#4238 = COLOUR_RGB ( '',0.7921568627450980005, 0.8196078431372548767, 0.9333333333333333481 ) ;
#4239 = ORIENTED_EDGE ( 'NONE', *, *, #2506, .T. ) ;
#4240 = PRESENTATION_STYLE_ASSIGNMENT (( #2724 ) ) ;
#4241 = ORIENTED_EDGE ( 'NONE', *, *, #2371, .T. ) ;
#4242 = AXIS2_PLACEMENT_3D ( 'NONE', #409, #1974, #3106 ) ;
#4243 = CYLINDRICAL_SURFACE ( 'NONE', #1681, 9.686499999999998778 ) ;
#4244 =( NAMED_UNIT ( * ) SI_UNIT ( $, .STERADIAN. ) SOLID_ANGLE_UNIT ( ) );
#4245 = PLANE ( 'NONE',  #1803 ) ;
#4246 = CARTESIAN_POINT ( 'NONE',  ( -5.669834767917158125, -3.733325768440127312, 131.9053882223693677 ) ) ;
#4247 = ORIENTED_EDGE ( 'NONE', *, *, #73, .F. ) ;
#4248 =( NAMED_UNIT ( * ) PLANE_ANGLE_UNIT ( ) SI_UNIT ( $, .RADIAN. ) );
#4249 = DIRECTION ( 'NONE',  ( -0.4036298484864446201, 0.9040139324509703922, 0.1408607658127077888 ) ) ;
#4250 = ORIENTED_EDGE ( 'NONE', *, *, #42, .T. ) ;
#4251 = EDGE_LOOP ( 'NONE', ( #2647, #2398, #3592, #3974 ) ) ;
#4252 = LINE ( 'NONE', #3035, #4333 ) ;
#4253 = FILL_AREA_STYLE ('',( #2289 ) ) ;
#4254 = AXIS2_PLACEMENT_3D ( 'NONE', #2400, #72, #1616 ) ;
#4255 = STYLED_ITEM ( 'NONE', ( #1194 ), #3427 ) ;
#4256 = FACE_OUTER_BOUND ( 'NONE', #185, .T. ) ;
#4257 = DIRECTION ( 'NONE',  ( 0.7292504199660254649, 0.2249069998420398231, 0.6462280297243599980 ) ) ;
#4258 = ADVANCED_FACE ( 'NONE', ( #4506 ), #4221, .T. ) ;
#4259 = DIRECTION ( 'NONE',  ( -0.4962987577851450949, -0.08699870934530036515, -0.8637816666225175410 ) ) ;
#4260 = AXIS2_PLACEMENT_3D ( 'NONE', #3639, #77, #1662 ) ;
#4261 = CARTESIAN_POINT ( 'NONE',  ( -14.85758061190234081, -7.229675439258205216, 128.0171540171966456 ) ) ;
#4262 = CARTESIAN_POINT ( 'NONE',  ( 11.39965328842010983, -44.75135915240461060, 124.5973045604840621 ) ) ;
#4263 = ADVANCED_FACE ( 'NONE', ( #3060 ), #3761, .T. ) ;
#4264 = AXIS2_PLACEMENT_3D ( 'NONE', #4087, #532, #230 ) ;
#4265 = DIRECTION ( 'NONE',  ( -0.4036298484864445091, 0.9040139324509700591, 0.1408607658127077611 ) ) ;
#4266 = FILL_AREA_STYLE ('',( #282 ) ) ;
#4267 = EDGE_LOOP ( 'NONE', ( #418, #512, #1176, #5122 ) ) ;
#4268 = CARTESIAN_POINT ( 'NONE',  ( -4.643851212012647167, -1.667692523782311032, 121.5885080258104267 ) ) ;
#4269 = AXIS2_PLACEMENT_3D ( 'NONE', #2717, #334, #2261 ) ;
#4270 = SURFACE_SIDE_STYLE ('',( #834 ) ) ;
#4271 = FILL_AREA_STYLE ('',( #3080 ) ) ;
#4272 = CIRCLE ( 'NONE', #2291, 12.49999999999999467 ) ;
#4273 = DIRECTION ( 'NONE',  ( -0.7292504199660266861, -0.2249069998420402117, -0.6462280297243581106 ) ) ;
#4274 = ORIENTED_EDGE ( 'NONE', *, *, #2103, .F. ) ;
#4275 = COLOUR_RGB ( '',0.7764705882352941346, 0.7568627450980391913, 0.7372549019607843590 ) ;
#4276 = CARTESIAN_POINT ( 'NONE',  ( 1.930059684280087895, -1.427240767704679891, 138.8825707650161974 ) ) ;
#4277 = VECTOR ( 'NONE', #1255, 1000.000000000000114 ) ;
#4278 = EDGE_LOOP ( 'NONE', ( #128, #1722, #1609, #295 ) ) ;
#4279 = FACE_OUTER_BOUND ( 'NONE', #3235, .T. ) ;
#4280 = FILL_AREA_STYLE ('',( #1473 ) ) ;
#4281 = CARTESIAN_POINT ( 'NONE',  ( -49.24551189697963594, -8.915534517573314943, 75.86668218760688376 ) ) ;
#4282 = UNCERTAINTY_MEASURE_WITH_UNIT (LENGTH_MEASURE( 1.000000000000000082E-05 ), #3092, 'distance_accuracy_value', 'NONE');
#4283 = CARTESIAN_POINT ( 'NONE',  ( -61.46332378770213722, -20.85462439879612617, 81.98357375887546539 ) ) ;
#4284 = SURFACE_STYLE_FILL_AREA ( #2322 ) ;
#4285 = CARTESIAN_POINT ( 'NONE',  ( -11.94149589703133429, -2.529127939891123056, 141.7020036695453484 ) ) ;
#4286 = DIRECTION ( 'NONE',  ( -0.4036298484864445091, 0.9040139324509701702, 0.1408607658127077611 ) ) ;
#4287 = ORIENTED_EDGE ( 'NONE', *, *, #818, .T. ) ;
#4288 = ADVANCED_FACE ( 'NONE', ( #3741 ), #3128, .T. ) ;
#4289 = DIRECTION ( 'NONE',  ( -0.8431203278187567873, -0.4273054310210832596, 0.3264325067126101487 ) ) ;
#4290 = CARTESIAN_POINT ( 'NONE',  ( -5.669834767917158125, -3.733325768440127312, 131.9053882223693677 ) ) ;
#4291 = STYLED_ITEM ( 'NONE', ( #853 ), #237 ) ;
#4292 = STYLED_ITEM ( 'NONE', ( #3289 ), #2033 ) ;
#4293 = FACE_OUTER_BOUND ( 'NONE', #155, .T. ) ;
#4294 = DIRECTION ( 'NONE',  ( 0.8742437189090509486, 0.3356881868840227989, 0.3507297551314823014 ) ) ;
#4295 = ORIENTED_EDGE ( 'NONE', *, *, #1524, .F. ) ;
#4296 = FILL_AREA_STYLE_COLOUR ( '', #1872 ) ;
#4297 = COLOUR_RGB ( '',0.7764705882352941346, 0.7568627450980391913, 0.7372549019607843590 ) ;
#4298 = PRESENTATION_LAYER_ASSIGNMENT (  '', '', ( #1413 ) ) ;
#4299 = VERTEX_POINT ( 'NONE', #1863 ) ;
#4300 = STYLED_ITEM ( 'NONE', ( #609 ), #1817 ) ;
#4301 = DIRECTION ( 'NONE',  ( 0.9137903228885071449, 0.4059804243577964100, 0.01292829584984309457 ) ) ;
#4302 = DIRECTION ( 'NONE',  ( -0.6707575780832553125, -0.3970910963467118582, 0.6264207313348211237 ) ) ;
#4303 = PLANE ( 'NONE',  #129 ) ;
#4304 = CIRCLE ( 'NONE', #2069, 12.49999999999999467 ) ;
#4305 = CARTESIAN_POINT ( 'NONE',  ( -0.4765325028557604869, 5.014869334260548150, 126.1385698640920765 ) ) ;
#4306 = DIRECTION ( 'NONE',  ( -0.4036298484864445091, 0.9040139324509701702, 0.1408607658127077611 ) ) ;
#4307 = DIRECTION ( 'NONE',  ( -0.4036298484864446201, 0.9040139324509703922, 0.1408607658127077888 ) ) ;
#4308 = PRESENTATION_LAYER_ASSIGNMENT (  '', '', ( #1105 ) ) ;
#4309 = FILL_AREA_STYLE_COLOUR ( '', #2054 ) ;
#4311 = ORIENTED_EDGE ( 'NONE', *, *, #4191, .F. ) ;
#4310 = COLOUR_RGB ( '',0.7921568627450980005, 0.8196078431372548767, 0.9333333333333333481 ) ;
#4312 = SURFACE_STYLE_FILL_AREA ( #12 ) ;
#4313 = PRESENTATION_LAYER_ASSIGNMENT (  '', '', ( #776 ) ) ;
#4314 = EDGE_CURVE ( 'NONE', #2833, #2831, #4021, .T. ) ;
#4315 = VERTEX_POINT ( 'NONE', #3824 ) ;
#4316 = LINE ( 'NONE', #364, #1530 ) ;
#4317 = SURFACE_SIDE_STYLE ('',( #841 ) ) ;
#4318 = ORIENTED_EDGE ( 'NONE', *, *, #2907, .T. ) ;
#4319 = MECHANICAL_DESIGN_GEOMETRIC_PRESENTATION_REPRESENTATION (  '', ( #1437 ), #4082 ) ;
#4320 = CARTESIAN_POINT ( 'NONE',  ( -14.16257688850676821, -7.861557080800158026, 134.0639339723624346 ) ) ;
#4321 = EDGE_CURVE ( 'NONE', #4826, #4405, #3002, .T. ) ;
#4322 = ORIENTED_EDGE ( 'NONE', *, *, #858, .T. ) ;
#4323 = FILL_AREA_STYLE_COLOUR ( '', #2651 ) ;
#4324 = CARTESIAN_POINT ( 'NONE',  ( -5.711689673857829774, 0.05496812418698162478, 142.9690484439463205 ) ) ;
#4325 = CARTESIAN_POINT ( 'NONE',  ( -1.097798904593684233, -0.3060952438398136244, 123.0111159674682426 ) ) ;
#4326 = DIRECTION ( 'NONE',  ( -0.4036298484864446201, 0.9040139324509703922, 0.1408607658127077888 ) ) ;
#4327 =( NAMED_UNIT ( * ) PLANE_ANGLE_UNIT ( ) SI_UNIT ( $, .RADIAN. ) );
#4328 = ORIENTED_EDGE ( 'NONE', *, *, #2497, .T. ) ;
#4329 = DIRECTION ( 'NONE',  ( -0.4036298484864445091, 0.9040139324509700591, 0.1408607658127077611 ) ) ;
#4330 =( NAMED_UNIT ( * ) SI_UNIT ( $, .STERADIAN. ) SOLID_ANGLE_UNIT ( ) );
#4331 = MECHANICAL_DESIGN_GEOMETRIC_PRESENTATION_REPRESENTATION (  '', ( #1851 ), #2278 ) ;
#4332 = DIRECTION ( 'NONE',  ( -0.4036298484864446201, 0.9040139324509703922, 0.1408607658127077888 ) ) ;
#4333 = VECTOR ( 'NONE', #1467, 1000.000000000000341 ) ;
#4334 = CARTESIAN_POINT ( 'NONE',  ( -5.673871066401649621, -3.724285629114095997, 131.9067968300275311 ) ) ;
#4335 = STYLED_ITEM ( 'NONE', ( #2873 ), #3632 ) ;
#4336 = DIRECTION ( 'NONE',  ( -0.4036298484864154212, 0.9040139324509844920, 0.1408607658127000728 ) ) ;
#4337 = ORIENTED_EDGE ( 'NONE', *, *, #3421, .T. ) ;
#4338 = PRESENTATION_LAYER_ASSIGNMENT (  '', '', ( #1065 ) ) ;
#4339 = MECHANICAL_DESIGN_GEOMETRIC_PRESENTATION_REPRESENTATION (  '', ( #37 ), #2436 ) ;
#4340 = ORIENTED_EDGE ( 'NONE', *, *, #3574, .F. ) ;
#4341 = CARTESIAN_POINT ( 'NONE',  ( -11.64150933043395852, -5.370371007266982133, 143.0480623092043402 ) ) ;
#4342 = EDGE_CURVE ( 'NONE', #3565, #4616, #1703, .T. ) ;
#4343 = EDGE_CURVE ( 'NONE', #4866, #1876, #3604, .T. ) ;
#4344 = VECTOR ( 'NONE', #1366, 1000.000000000000341 ) ;
#4345 = DIRECTION ( 'NONE',  ( -0.4036298484864445091, 0.9040139324509701702, 0.1408607658127077611 ) ) ;
#4346 = AXIS2_PLACEMENT_3D ( 'NONE', #3774, #2174, #2922 ) ;
#4347 =( NAMED_UNIT ( * ) PLANE_ANGLE_UNIT ( ) SI_UNIT ( $, .RADIAN. ) );
#4348 = CARTESIAN_POINT ( 'NONE',  ( -14.86631048355862461, -6.385890663391335487, 140.3249329778587651 ) ) ;
#4349 = MECHANICAL_DESIGN_GEOMETRIC_PRESENTATION_REPRESENTATION (  '', ( #3206 ), #1877 ) ;
#4350 = CIRCLE ( 'NONE', #2940, 4.500000000000002665 ) ;
#4351 = ORIENTED_EDGE ( 'NONE', *, *, #1481, .T. ) ;
#4352 = CARTESIAN_POINT ( 'NONE',  ( -35.20011019362828364, -5.910377165544232980, 96.82666511101758999 ) ) ;
#4353 = EDGE_CURVE ( 'NONE', #316, #3146, #1438, .T. ) ;
#4354 = SURFACE_SIDE_STYLE ('',( #2020 ) ) ;
#4355 = FILL_AREA_STYLE_COLOUR ( '', #4846 ) ;
#4356 = SURFACE_STYLE_FILL_AREA ( #2773 ) ;
#4357 = CARTESIAN_POINT ( 'NONE',  ( -7.692020308833726894, 0.7957840331408267964, 132.6111006590910506 ) ) ;
#4358 = ORIENTED_EDGE ( 'NONE', *, *, #1486, .F. ) ;
#4359 = DIRECTION ( 'NONE',  ( 0.7292504199660266861, 0.2249069998420403227, 0.6462280297243581106 ) ) ;
#4360 = CARTESIAN_POINT ( 'NONE',  ( -13.27390251983930725, -6.281979987614660921, 126.4730040730973570 ) ) ;
#4361 = VERTEX_POINT ( 'NONE', #4224 ) ;
#4362 = ORIENTED_EDGE ( 'NONE', *, *, #3055, .T. ) ;
#4363 = CARTESIAN_POINT ( 'NONE',  ( -27.84140170960693439, -1.149984521493498280, 87.36152500613822269 ) ) ;
#4364 = AXIS2_PLACEMENT_3D ( 'NONE', #4530, #4476, #4989 ) ;
#4365 = CARTESIAN_POINT ( 'NONE',  ( 2.146233498864635436, -1.284997429291817816, 138.5891196009707755 ) ) ;
#4366 =( NAMED_UNIT ( * ) PLANE_ANGLE_UNIT ( ) SI_UNIT ( $, .RADIAN. ) );
#4367 = DIRECTION ( 'NONE',  ( 0.4036298484864154212, -0.9040139324509844920, -0.1408607658127000728 ) ) ;
#4368 = CARTESIAN_POINT ( 'NONE',  ( -3.344541234297382370, -4.299574569244231093, 142.2024689847342529 ) ) ;
#4369 = EDGE_CURVE ( 'NONE', #236, #1833, #124, .T. ) ;
#4370 = CARTESIAN_POINT ( 'NONE',  ( -12.78411229909305646, -7.723764724370024481, 137.1295373778206965 ) ) ;
#4371 = ORIENTED_EDGE ( 'NONE', *, *, #4049, .F. ) ;
#4372 = STYLED_ITEM ( 'NONE', ( #1068 ), #1791 ) ;
#4373 = DIRECTION ( 'NONE',  ( -0.4036298484864445091, 0.9040139324509700591, 0.1408607658127077611 ) ) ;
#4374 = FACE_OUTER_BOUND ( 'NONE', #2575, .T. ) ;
#4375 = AXIS2_PLACEMENT_3D ( 'NONE', #4630, #1864, #270 ) ;
#4376 = EDGE_CURVE ( 'NONE', #184, #2453, #799, .T. ) ;
#4377 = ORIENTED_EDGE ( 'NONE', *, *, #2888, .T. ) ;
#4378 = VECTOR ( 'NONE', #2641, 1000.000000000000114 ) ;
#4379 = AXIS2_PLACEMENT_3D ( 'NONE', #1942, #5107, #3955 ) ;
#4380 = AXIS2_PLACEMENT_3D ( 'NONE', #5104, #765, #1917 ) ;
#4381 = CIRCLE ( 'NONE', #1023, 4.500000000000003553 ) ;
#4382 = ORIENTED_EDGE ( 'NONE', *, *, #274, .T. ) ;
#4383 = SURFACE_STYLE_USAGE ( .BOTH. , #4317 ) ;
#4384 = VECTOR ( 'NONE', #1695, 1000.000000000000341 ) ;
#4385 = VERTEX_POINT ( 'NONE', #269 ) ;
#4386 = CARTESIAN_POINT ( 'NONE',  ( 3.623462674478526768, -0.1334072266915724003, 135.4313929144405790 ) ) ;
#4387 = ORIENTED_EDGE ( 'NONE', *, *, #2957, .T. ) ;
#4388 = DIRECTION ( 'NONE',  ( -0.4036298484864154212, 0.9040139324509844920, 0.1408607658127000728 ) ) ;
#4389 = AXIS2_PLACEMENT_3D ( 'NONE', #3580, #4670, #756 ) ;
#4390 = DIRECTION ( 'NONE',  ( -0.4036298484864445091, 0.9040139324509700591, 0.1408607658127077611 ) ) ;
#4391 =( NAMED_UNIT ( * ) PLANE_ANGLE_UNIT ( ) SI_UNIT ( $, .RADIAN. ) );
#4392 = DIRECTION ( 'NONE',  ( -0.4036298484864446201, 0.9040139324509703922, 0.1408607658127077888 ) ) ;
#4393 = FILL_AREA_STYLE ('',( #2046 ) ) ;
#4394 = CARTESIAN_POINT ( 'NONE',  ( -5.809901394179868284, -5.285521284796502961, 141.4656890894556227 ) ) ;
#4396 = ORIENTED_EDGE ( 'NONE', *, *, #2949, .T. ) ;
#4395 =( NAMED_UNIT ( * ) PLANE_ANGLE_UNIT ( ) SI_UNIT ( $, .RADIAN. ) );
#4397 = ORIENTED_EDGE ( 'NONE', *, *, #1860, .F. ) ;
#4398 =( NAMED_UNIT ( * ) SI_UNIT ( $, .STERADIAN. ) SOLID_ANGLE_UNIT ( ) );
#4399 = EDGE_CURVE ( 'NONE', #1294, #857, #3693, .T. ) ;
#4400 = DIRECTION ( 'NONE',  ( -0.4036298484864445091, 0.9040139324509701702, 0.1408607658127077611 ) ) ;
#4401 = ORIENTED_EDGE ( 'NONE', *, *, #1995, .T. ) ;
#4402 = AXIS2_PLACEMENT_3D ( 'NONE', #3093, #3475, #2614 ) ;
#4403 = EDGE_CURVE ( 'NONE', #3501, #1652, #2972, .T. ) ;
#4404 = VECTOR ( 'NONE', #3169, 1000.000000000000341 ) ;
#4405 = VERTEX_POINT ( 'NONE', #187 ) ;
#4406 = SURFACE_STYLE_USAGE ( .BOTH. , #4065 ) ;
#4407 = ORIENTED_EDGE ( 'NONE', *, *, #4818, .F. ) ;
#4408 = EDGE_LOOP ( 'NONE', ( #3388, #2336 ) ) ;
#4409 = CYLINDRICAL_SURFACE ( 'NONE', #4454, 4.500000000000003553 ) ;
#4410 = AXIS2_PLACEMENT_3D ( 'NONE', #4285, #4005, #2349 ) ;
#4411 = DIRECTION ( 'NONE',  ( -0.4036298484864445091, 0.9040139324509701702, 0.1408607658127077611 ) ) ;
#4412 = AXIS2_PLACEMENT_3D ( 'NONE', #535, #3341, #4854 ) ;
#4413 = CARTESIAN_POINT ( 'NONE',  ( -5.042991016849841301, 2.420327374739852822, 129.7758007044712087 ) ) ;
#4414 =( NAMED_UNIT ( * ) SI_UNIT ( $, .STERADIAN. ) SOLID_ANGLE_UNIT ( ) );
#4415 = DIRECTION ( 'NONE',  ( -0.4036298484864445091, 0.9040139324509701702, 0.1408607658127077611 ) ) ;
#4416 = VERTEX_POINT ( 'NONE', #659 ) ;
#4417 = ORIENTED_EDGE ( 'NONE', *, *, #3671, .F. ) ;
#4418 = PRESENTATION_LAYER_ASSIGNMENT (  '', '', ( #2603 ) ) ;
#4419 = FACE_OUTER_BOUND ( 'NONE', #977, .T. ) ;
#4420 =( GEOMETRIC_REPRESENTATION_CONTEXT ( 3 ) GLOBAL_UNCERTAINTY_ASSIGNED_CONTEXT ( ( #5027 ) ) GLOBAL_UNIT_ASSIGNED_CONTEXT ( ( #341, #1444, #246 ) ) REPRESENTATION_CONTEXT ( 'NONE', 'WORKASPACE' ) );
#4421 = DIRECTION ( 'NONE',  ( -0.4036298484864446201, 0.9040139324509703922, 0.1408607658127077888 ) ) ;
#4422 = AXIS2_PLACEMENT_3D ( 'NONE', #3299, #2129, #2896 ) ;
#4423 = FILL_AREA_STYLE ('',( #4057 ) ) ;
#4424 =( LENGTH_UNIT ( ) NAMED_UNIT ( * ) SI_UNIT ( .MILLI., .METRE. ) );
#4425 = CIRCLE ( 'NONE', #4592, 4.500000000000000000 ) ;
#4426 = AXIS2_PLACEMENT_3D ( 'NONE', #2680, #2305, #2650 ) ;
#4427 = SURFACE_STYLE_USAGE ( .BOTH. , #4819 ) ;
#4428 = EDGE_CURVE ( 'NONE', #2782, #19, #4252, .T. ) ;
#4429 = ORIENTED_EDGE ( 'NONE', *, *, #2758, .F. ) ;
#4430 = DIRECTION ( 'NONE',  ( -0.4036298484864446201, 0.9040139324509703922, 0.1408607658127077888 ) ) ;
#4431 = DIRECTION ( 'NONE',  ( 0.4036298484864154212, -0.9040139324509844920, -0.1408607658127000728 ) ) ;
#4432 = VERTEX_POINT ( 'NONE', #1032 ) ;
#4433 = DIRECTION ( 'NONE',  ( -0.4036298484864445091, 0.9040139324509700591, 0.1408607658127077611 ) ) ;
#4434 = EDGE_CURVE ( 'NONE', #1665, #2125, #2433, .T. ) ;
#4435 = DIRECTION ( 'NONE',  ( -0.4036298484864445091, 0.9040139324509701702, 0.1408607658127077611 ) ) ;
#4436 = MECHANICAL_DESIGN_GEOMETRIC_PRESENTATION_REPRESENTATION (  '', ( #749 ), #4125 ) ;
#4437 = VECTOR ( 'NONE', #151, 1000.000000000000341 ) ;
#4438 = UNCERTAINTY_MEASURE_WITH_UNIT (LENGTH_MEASURE( 1.000000000000000082E-05 ), #2992, 'distance_accuracy_value', 'NONE');
#4439 = DIRECTION ( 'NONE',  ( -0.4036298484864446201, 0.9040139324509703922, 0.1408607658127077888 ) ) ;
#4440 = CARTESIAN_POINT ( 'NONE',  ( -7.687984010349380171, 0.7867438938147223171, 132.6096920514328872 ) ) ;
#4441 = DIRECTION ( 'NONE',  ( -0.008861879339743833350, -0.1578149520867542233, 0.9874289381988069492 ) ) ;
#4442 = ORIENTED_EDGE ( 'NONE', *, *, #5058, .T. ) ;
#4443 = EDGE_LOOP ( 'NONE', ( #3469, #2737, #2272, #1489 ) ) ;
#4444 = CYLINDRICAL_SURFACE ( 'NONE', #4179, 9.686499999999998778 ) ;
#4445 = DIRECTION ( 'NONE',  ( -0.4036298484864446201, 0.9040139324509703922, 0.1408607658127077888 ) ) ;
#4446 = DIRECTION ( 'NONE',  ( -0.4036298484864446201, 0.9040139324509703922, 0.1408607658127077888 ) ) ;
#4447 = ORIENTED_EDGE ( 'NONE', *, *, #2094, .T. ) ;
#4448 = DIRECTION ( 'NONE',  ( 0.7292504199660262421, 0.2249069998420401839, 0.6462280297243589988 ) ) ;
#4449 = FILL_AREA_STYLE_COLOUR ( '', #2217 ) ;
#4450 = ORIENTED_EDGE ( 'NONE', *, *, #3258, .T. ) ;
#4451 = EDGE_CURVE ( 'NONE', #86, #4122, #627, .T. ) ;
#4452 =( LENGTH_UNIT ( ) NAMED_UNIT ( * ) SI_UNIT ( .MILLI., .METRE. ) );
#4453 = VECTOR ( 'NONE', #1474, 1000.000000000000341 ) ;
#4454 = AXIS2_PLACEMENT_3D ( 'NONE', #4160, #1804, #1329 ) ;
#4455 = ORIENTED_EDGE ( 'NONE', *, *, #291, .T. ) ;
#4456 = AXIS2_PLACEMENT_3D ( 'NONE', #1352, #1281, #2947 ) ;
#4457 = CARTESIAN_POINT ( 'NONE',  ( -5.669834767917158125, -3.733325768440127312, 131.9053882223693677 ) ) ;
#4458 = PRESENTATION_LAYER_ASSIGNMENT (  '', '', ( #1269 ) ) ;
#4459 = AXIS2_PLACEMENT_3D ( 'NONE', #653, #2219, #4294 ) ;
#4460 = EDGE_CURVE ( 'NONE', #1822, #480, #4629, .T. ) ;
#4461 = ADVANCED_FACE ( 'NONE', ( #1809 ), #1764, .T. ) ;
#4462 = CARTESIAN_POINT ( 'NONE',  ( 12.49352891836914914, -44.41399865264154556, 125.5666466050706020 ) ) ;
#4463 = SURFACE_STYLE_FILL_AREA ( #4970 ) ;
#4464 = COLOUR_RGB ( '',0.7921568627450980005, 0.8196078431372548767, 0.9333333333333333481 ) ;
#4465 = CARTESIAN_POINT ( 'NONE',  ( -0.08120549051580591704, -2.454655170963415678, 139.7131091800445688 ) ) ;
#4466 = ORIENTED_EDGE ( 'NONE', *, *, #3988, .T. ) ;
#4467 = ORIENTED_EDGE ( 'NONE', *, *, #2473, .T. ) ;
#4468 = PRESENTATION_STYLE_ASSIGNMENT (( #2454 ) ) ;
#4469 = CARTESIAN_POINT ( 'NONE',  ( -12.63783867669307881, -7.899493110992783507, 138.6764642926629847 ) ) ;
#4470 = DIRECTION ( 'NONE',  ( 0.7292504199660264641, 0.2249069998420402949, 0.6462280297243586658 ) ) ;
#4471 = SURFACE_SIDE_STYLE ('',( #1289 ) ) ;
#4472 = FILL_AREA_STYLE ('',( #860 ) ) ;
#4473 = VERTEX_POINT ( 'NONE', #3927 ) ;
#4474 = LINE ( 'NONE', #2002, #3861 ) ;
#4475 = AXIS2_PLACEMENT_3D ( 'NONE', #2275, #2963, #4158 ) ;
#4476 = DIRECTION ( 'NONE',  ( 0.4036298484864446201, -0.9040139324509703922, -0.1408607658127077888 ) ) ;
#4477 = ORIENTED_EDGE ( 'NONE', *, *, #987, .F. ) ;
#4478 = PLANE ( 'NONE',  #1856 ) ;
#4479 = FACE_OUTER_BOUND ( 'NONE', #1399, .T. ) ;
#4480 = STYLED_ITEM ( 'NONE', ( #2923 ), #1089 ) ;
#4481 = CIRCLE ( 'NONE', #4264, 9.605000000000000426 ) ;
#4482 = CARTESIAN_POINT ( 'NONE',  ( -55.09725075036337927, -10.83728300255349097, 71.43216801979893660 ) ) ;
#4483 = DIRECTION ( 'NONE',  ( -0.4036298484864446201, 0.9040139324509703922, 0.1408607658127077888 ) ) ;
#4484 = LINE ( 'NONE', #4465, #3282 ) ;
#4485 = VERTEX_POINT ( 'NONE', #2312 ) ;
#4486 = ADVANCED_FACE ( 'NONE', ( #1896 ), #1547, .T. ) ;
#4487 = ORIENTED_EDGE ( 'NONE', *, *, #291, .F. ) ;
#4488 =( GEOMETRIC_REPRESENTATION_CONTEXT ( 3 ) GLOBAL_UNCERTAINTY_ASSIGNED_CONTEXT ( ( #3057 ) ) GLOBAL_UNIT_ASSIGNED_CONTEXT ( ( #1317, #3653, #198 ) ) REPRESENTATION_CONTEXT ( 'NONE', 'WORKASPACE' ) );
#4489 = DIRECTION ( 'NONE',  ( -0.4036298484864446201, 0.9040139324509703922, 0.1408607658127077888 ) ) ;
#4490 = PRESENTATION_LAYER_ASSIGNMENT (  '', '', ( #383 ) ) ;
#4491 =( LENGTH_UNIT ( ) NAMED_UNIT ( * ) SI_UNIT ( .MILLI., .METRE. ) );
#4492 = COLOUR_RGB ( '',0.7764705882352941346, 0.7568627450980391913, 0.7372549019607843590 ) ;
#4493 = DIRECTION ( 'NONE',  ( -0.4036298484864445091, 0.9040139324509701702, 0.1408607658127077611 ) ) ;
#4494 =( GEOMETRIC_REPRESENTATION_CONTEXT ( 3 ) GLOBAL_UNCERTAINTY_ASSIGNED_CONTEXT ( ( #1091 ) ) GLOBAL_UNIT_ASSIGNED_CONTEXT ( ( #625, #1806, #4195 ) ) REPRESENTATION_CONTEXT ( 'NONE', 'WORKASPACE' ) );
#4495 = AXIS2_PLACEMENT_3D ( 'NONE', #4863, #2892, #2815 ) ;
#4496 = EDGE_CURVE ( 'NONE', #1247, #963, #1551, .T. ) ;
#4497 = DIRECTION ( 'NONE',  ( 0.4036298484864446201, -0.9040139324509703922, -0.1408607658127077888 ) ) ;
#4498 = VECTOR ( 'NONE', #3582, 1000.000000000000114 ) ;
#4499 = AXIS2_PLACEMENT_3D ( 'NONE', #791, #491, #74 ) ;
#4500 = DIRECTION ( 'NONE',  ( -0.4036298484864446201, 0.9040139324509703922, 0.1408607658127077888 ) ) ;
#4501 = ORIENTED_EDGE ( 'NONE', *, *, #3858, .F. ) ;
#4502 = SURFACE_SIDE_STYLE ('',( #568 ) ) ;
#4503 = DIRECTION ( 'NONE',  ( -0.008861879339744286113, -0.1578149520867546673, 0.9874289381988069492 ) ) ;
#4504 = FACE_OUTER_BOUND ( 'NONE', #1343, .T. ) ;
#4505 = SURFACE_SIDE_STYLE ('',( #2467 ) ) ;
#4506 = FACE_OUTER_BOUND ( 'NONE', #878, .T. ) ;
#4507 = CARTESIAN_POINT ( 'NONE',  ( -7.687984010349380171, 0.7867438938147223171, 132.6096920514328872 ) ) ;
#4508 = VERTEX_POINT ( 'NONE', #4 ) ;
#4509 = CARTESIAN_POINT ( 'NONE',  ( 2.822907352672435088, 0.3949055439199065098, 129.7468424723761871 ) ) ;
#4510 = CARTESIAN_POINT ( 'NONE',  ( 4.161414634178933092, 2.638776694772457354, 136.9296140723989197 ) ) ;
#4511 = EDGE_CURVE ( 'NONE', #1408, #3875, #773, .T. ) ;
#4512 = FILL_AREA_STYLE_COLOUR ( '', #1710 ) ;
#4513 = EDGE_LOOP ( 'NONE', ( #3167, #3895, #2285, #1128 ) ) ;
#4514 = VERTEX_POINT ( 'NONE', #358 ) ;
#4515 = FILL_AREA_STYLE ('',( #4917 ) ) ;
#4516 = MECHANICAL_DESIGN_GEOMETRIC_PRESENTATION_REPRESENTATION (  '', ( #1575 ), #4950 ) ;
#4517 = DIRECTION ( 'NONE',  ( -0.9137903228885074780, -0.4059804243577955774, -0.01292829584984763608 ) ) ;
#4518 = SURFACE_SIDE_STYLE ('',( #2130 ) ) ;
#4519 = EDGE_CURVE ( 'NONE', #4904, #1484, #881, .T. ) ;
#4520 = LINE ( 'NONE', #167, #1919 ) ;
#4521 = DIRECTION ( 'NONE',  ( -0.4036298484864446201, 0.9040139324509703922, 0.1408607658127077888 ) ) ;
#4522 = DIRECTION ( 'NONE',  ( -0.4036298484864445091, 0.9040139324509701702, 0.1408607658127077611 ) ) ;
#4523 = STYLED_ITEM ( 'NONE', ( #4901 ), #2729 ) ;
#4524 = EDGE_CURVE ( 'NONE', #1834, #2240, #4578, .T. ) ;
#4525 = FILL_AREA_STYLE ('',( #2928 ) ) ;
#4526 = EDGE_CURVE ( 'NONE', #4432, #781, #2844, .T. ) ;
#4527 = MECHANICAL_DESIGN_GEOMETRIC_PRESENTATION_REPRESENTATION (  '', ( #4523 ), #2799 ) ;
#4528 = VERTEX_POINT ( 'NONE', #1189 ) ;
#4529 = PRESENTATION_LAYER_ASSIGNMENT (  '', '', ( #4300 ) ) ;
#4530 = CARTESIAN_POINT ( 'NONE',  ( -5.669834767917159013, -3.733325768440126424, 131.9053882223693677 ) ) ;
#4531 =( NAMED_UNIT ( * ) PLANE_ANGLE_UNIT ( ) SI_UNIT ( $, .RADIAN. ) );
#4532 =( NAMED_UNIT ( * ) SI_UNIT ( $, .STERADIAN. ) SOLID_ANGLE_UNIT ( ) );
#4533 = DIRECTION ( 'NONE',  ( 0.7292504199660264641, 0.2249069998420402949, 0.6462280297243586658 ) ) ;
#4534 = ORIENTED_EDGE ( 'NONE', *, *, #172, .T. ) ;
#4535 = AXIS2_PLACEMENT_3D ( 'NONE', #3236, #4435, #3215 ) ;
#4536 = CARTESIAN_POINT ( 'NONE',  ( -17.32564870693103742, -6.817000449423856523, 136.0445852315668844 ) ) ;
#4537 = DIRECTION ( 'NONE',  ( -0.008861879339744575812, -0.1578149520867547229, 0.9874289381988069492 ) ) ;
#4538 = SURFACE_STYLE_USAGE ( .BOTH. , #4143 ) ;
#4539 = SURFACE_SIDE_STYLE ('',( #4463 ) ) ;
#4540 = ORIENTED_EDGE ( 'NONE', *, *, #150, .F. ) ;
#4541 = ORIENTED_EDGE ( 'NONE', *, *, #4599, .F. ) ;
#4542 = CIRCLE ( 'NONE', #4880, 9.686499999999993449 ) ;
#4543 = PRESENTATION_STYLE_ASSIGNMENT (( #2973 ) ) ;
#4544 = UNCERTAINTY_MEASURE_WITH_UNIT (LENGTH_MEASURE( 1.000000000000000082E-05 ), #1769, 'distance_accuracy_value', 'NONE');
#4545 = DIRECTION ( 'NONE',  ( -0.4036298484864445091, 0.9040139324509701702, 0.1408607658127077611 ) ) ;
#4546 =( NAMED_UNIT ( * ) SI_UNIT ( $, .STERADIAN. ) SOLID_ANGLE_UNIT ( ) );
#4547 =( LENGTH_UNIT ( ) NAMED_UNIT ( * ) SI_UNIT ( .MILLI., .METRE. ) );
#4548 = DIRECTION ( 'NONE',  ( 0.4174915651033632158, 0.3189817150124973355, -0.8508533707726790851 ) ) ;
#4549 = EDGE_CURVE ( 'NONE', #4508, #5076, #1293, .T. ) ;
#4550 = CARTESIAN_POINT ( 'NONE',  ( -14.37217819939051822, -7.244558296349802973, 129.5035665833541714 ) ) ;
#4551 = SURFACE_STYLE_FILL_AREA ( #1903 ) ;
#4552 = AXIS2_PLACEMENT_3D ( 'NONE', #3514, #88, #2548 ) ;
#4553 = CARTESIAN_POINT ( 'NONE',  ( -16.25229629995459746, -2.601325671227089131, 129.8839509359681870 ) ) ;
#4554 = CARTESIAN_POINT ( 'NONE',  ( -7.687984010349380171, 0.7867438938147223171, 132.6096920514328872 ) ) ;
#4555 = VERTEX_POINT ( 'NONE', #3153 ) ;
#4556 = EDGE_CURVE ( 'NONE', #29, #1847, #3531, .T. ) ;
#4557 =( LENGTH_UNIT ( ) NAMED_UNIT ( * ) SI_UNIT ( .MILLI., .METRE. ) );
#4558 = FILL_AREA_STYLE ('',( #4621 ) ) ;
#4559 = FILL_AREA_STYLE_COLOUR ( '', #1051 ) ;
#4560 = AXIS2_PLACEMENT_3D ( 'NONE', #1204, #1304, #1985 ) ;
#4561 = EDGE_CURVE ( 'NONE', #464, #1228, #2594, .T. ) ;
#4562 = DIRECTION ( 'NONE',  ( -0.4036298484864445091, 0.9040139324509700591, 0.1408607658127077611 ) ) ;
#4563 = ORIENTED_EDGE ( 'NONE', *, *, #1946, .F. ) ;
#4564 = CARTESIAN_POINT ( 'NONE',  ( -18.60241955122526747, 1.636514068733776028, 95.95224516482915078 ) ) ;
#4565 = ORIENTED_EDGE ( 'NONE', *, *, #2303, .F. ) ;
#4566 = ORIENTED_EDGE ( 'NONE', *, *, #1700, .T. ) ;
#4567 = UNCERTAINTY_MEASURE_WITH_UNIT (LENGTH_MEASURE( 1.000000000000000082E-05 ), #4964, 'distance_accuracy_value', 'NONE');
#4568 = DIRECTION ( 'NONE',  ( 0.4036298484864154212, -0.9040139324509844920, -0.1408607658127000728 ) ) ;
#4569 =( NAMED_UNIT ( * ) PLANE_ANGLE_UNIT ( ) SI_UNIT ( $, .RADIAN. ) );
#4570 = SURFACE_STYLE_FILL_AREA ( #1439 ) ;
#4571 = FILL_AREA_STYLE ('',( #4952 ) ) ;
#4572 = DIRECTION ( 'NONE',  ( 0.7292504199660264641, 0.2249069998420402394, 0.6462280297243586658 ) ) ;
#4573 = UNCERTAINTY_MEASURE_WITH_UNIT (LENGTH_MEASURE( 1.000000000000000082E-05 ), #5053, 'distance_accuracy_value', 'NONE');
#4574 = DIRECTION ( 'NONE',  ( -0.4036298484864154212, 0.9040139324509844920, 0.1408607658127000728 ) ) ;
#4575 = CIRCLE ( 'NONE', #3277, 12.49999999999999467 ) ;
#4576 = SURFACE_SIDE_STYLE ('',( #3009 ) ) ;
#4577 = DIRECTION ( 'NONE',  ( 0.7292504199660254649, 0.2249069998420400174, 0.6462280297243599980 ) ) ;
#4578 = CIRCLE ( 'NONE', #5094, 12.49999999999999467 ) ;
#4579 = EDGE_LOOP ( 'NONE', ( #1434, #1559 ) ) ;
#4580 = CIRCLE ( 'NONE', #1470, 9.686500000000004107 ) ;
#4581 = LINE ( 'NONE', #1533, #1711 ) ;
#4582 = STYLED_ITEM ( 'NONE', ( #107 ), #4631 ) ;
#4583 = ORIENTED_EDGE ( 'NONE', *, *, #3216, .T. ) ;
#4584 = FILL_AREA_STYLE ('',( #3452 ) ) ;
#4585 = STYLED_ITEM ( 'NONE', ( #2763 ), #3948 ) ;
#4586 = CIRCLE ( 'NONE', #2440, 4.500000000000001776 ) ;
#4587 = SURFACE_STYLE_USAGE ( .BOTH. , #2936 ) ;
#4588 = STYLED_ITEM ( 'NONE', ( #525 ), #4790 ) ;
#4589 =( LENGTH_UNIT ( ) NAMED_UNIT ( * ) SI_UNIT ( .MILLI., .METRE. ) );
#4590 = DIRECTION ( 'NONE',  ( -0.4036298484864154212, 0.9040139324509844920, 0.1408607658127000728 ) ) ;
#4591 = EDGE_CURVE ( 'NONE', #3623, #1247, #3274, .T. ) ;
#4592 = AXIS2_PLACEMENT_3D ( 'NONE', #1855, #3467, #327 ) ;
#4593 =( GEOMETRIC_REPRESENTATION_CONTEXT ( 3 ) GLOBAL_UNCERTAINTY_ASSIGNED_CONTEXT ( ( #3435 ) ) GLOBAL_UNIT_ASSIGNED_CONTEXT ( ( #410, #1629, #780 ) ) REPRESENTATION_CONTEXT ( 'NONE', 'WORKASPACE' ) );
#4594 = FILL_AREA_STYLE_COLOUR ( '', #4207 ) ;
#4595 = CARTESIAN_POINT ( 'NONE',  ( -14.65089443808804326, -8.252371796128031178, 135.1728475027644265 ) ) ;
#4596 = AXIS2_PLACEMENT_3D ( 'NONE', #3557, #1999, #2023 ) ;
#4597 = VERTEX_POINT ( 'NONE', #3932 ) ;
#4598 = CYLINDRICAL_SURFACE ( 'NONE', #2484, 12.49999999999999467 ) ;
#4599 = EDGE_CURVE ( 'NONE', #4772, #2978, #3945, .T. ) ;
#4600 = UNCERTAINTY_MEASURE_WITH_UNIT (LENGTH_MEASURE( 1.000000000000000082E-05 ), #2244, 'distance_accuracy_value', 'NONE');
#4601 = EDGE_LOOP ( 'NONE', ( #1483, #161, #1279, #452 ) ) ;
#4602 = ORIENTED_EDGE ( 'NONE', *, *, #589, .T. ) ;
#4603 = DIRECTION ( 'NONE',  ( -0.008861879339743833350, -0.1578149520867542233, 0.9874289381988069492 ) ) ;
#4604 =( LENGTH_UNIT ( ) NAMED_UNIT ( * ) SI_UNIT ( .MILLI., .METRE. ) );
#4605 = CARTESIAN_POINT ( 'NONE',  ( -9.923346654599113137, -7.049197602145972574, 140.9976998404818289 ) ) ;
#4606 = SURFACE_SIDE_STYLE ('',( #665 ) ) ;
#4607 = PRESENTATION_STYLE_ASSIGNMENT (( #3478 ) ) ;
#4608 = CIRCLE ( 'NONE', #3487, 12.49999999999999467 ) ;
#4609 = SURFACE_STYLE_USAGE ( .BOTH. , #4576 ) ;
#4610 = DIRECTION ( 'NONE',  ( 0.008861879339744256623, 0.1578149520867550282, -0.9874289381988068381 ) ) ;
#4611 = ORIENTED_EDGE ( 'NONE', *, *, #564, .F. ) ;
#4612 = MECHANICAL_DESIGN_GEOMETRIC_PRESENTATION_REPRESENTATION (  '', ( #3217 ), #3898 ) ;
#4613 = DIRECTION ( 'NONE',  ( 0.4036298484864445091, -0.9040139324509700591, -0.1408607658127077611 ) ) ;
#4614 = CARTESIAN_POINT ( 'NONE',  ( -18.13725822249784869, -4.051703135513736953, 98.29484637233566957 ) ) ;
#4615 =( NAMED_UNIT ( * ) SI_UNIT ( $, .STERADIAN. ) SOLID_ANGLE_UNIT ( ) );
#4616 = VERTEX_POINT ( 'NONE', #5110 ) ;
#4617 = FACE_OUTER_BOUND ( 'NONE', #5103, .T. ) ;
#4618 = AXIS2_PLACEMENT_3D ( 'NONE', #4212, #2215, #3813 ) ;
#4619 = ORIENTED_EDGE ( 'NONE', *, *, #1327, .T. ) ;
#4620 =( NAMED_UNIT ( * ) PLANE_ANGLE_UNIT ( ) SI_UNIT ( $, .RADIAN. ) );
#4621 = FILL_AREA_STYLE_COLOUR ( '', #3682 ) ;
#4622 = DIRECTION ( 'NONE',  ( 0.4174915651033624386, 0.3189817150124965583, -0.8508533707726797513 ) ) ;
#4623 = LINE ( 'NONE', #5024, #3990 ) ;
#4624 = ADVANCED_FACE ( 'NONE', ( #2745 ), #3911, .T. ) ;
#4625 = ORIENTED_EDGE ( 'NONE', *, *, #366, .F. ) ;
#4626 = DIRECTION ( 'NONE',  ( -0.4036298484864446201, 0.9040139324509703922, 0.1408607658127077888 ) ) ;
#4627 = ORIENTED_EDGE ( 'NONE', *, *, #1732, .F. ) ;
#4628 = VERTEX_POINT ( 'NONE', #55 ) ;
#4629 = LINE ( 'NONE', #1117, #4668 ) ;
#4630 = CARTESIAN_POINT ( 'NONE',  ( -5.669834767917158125, -3.733325768440127312, 131.9053882223693677 ) ) ;
#4631 = ADVANCED_FACE ( 'NONE', ( #1671 ), #2524, .T. ) ;
#4632 = ADVANCED_FACE ( 'NONE', ( #4419 ), #4444, .T. ) ;
#4633 = FILL_AREA_STYLE ('',( #1549 ) ) ;
#4634 =( NAMED_UNIT ( * ) SI_UNIT ( $, .STERADIAN. ) SOLID_ANGLE_UNIT ( ) );
#4635 = UNCERTAINTY_MEASURE_WITH_UNIT (LENGTH_MEASURE( 1.000000000000000082E-05 ), #1692, 'distance_accuracy_value', 'NONE');
#4636 = DIRECTION ( 'NONE',  ( -0.4036298484864446201, 0.9040139324509703922, 0.1408607658127077888 ) ) ;
#4637 = AXIS2_PLACEMENT_3D ( 'NONE', #1713, #1737, #2118 ) ;
#4638 = DIRECTION ( 'NONE',  ( -0.4036298484864446201, 0.9040139324509703922, 0.1408607658127077888 ) ) ;
#4639 = PRESENTATION_STYLE_ASSIGNMENT (( #3832 ) ) ;
#4640 = CYLINDRICAL_SURFACE ( 'NONE', #2309, 4.500000000000003553 ) ;
#4641 = DIRECTION ( 'NONE',  ( -0.4036298484864445091, 0.9040139324509700591, 0.1408607658127077611 ) ) ;
#4642 = DIRECTION ( 'NONE',  ( -0.4036298484864445091, 0.9040139324509701702, 0.1408607658127077611 ) ) ;
#4643 =( GEOMETRIC_REPRESENTATION_CONTEXT ( 3 ) GLOBAL_UNCERTAINTY_ASSIGNED_CONTEXT ( ( #3747 ) ) GLOBAL_UNIT_ASSIGNED_CONTEXT ( ( #3665, #4888, #3690 ) ) REPRESENTATION_CONTEXT ( 'NONE', 'WORKASPACE' ) );
#4644 = VERTEX_POINT ( 'NONE', #2500 ) ;
#4645 = DIRECTION ( 'NONE',  ( 0.4036298484864445091, -0.9040139324509700591, -0.1408607658127077611 ) ) ;
#4646 = ORIENTED_EDGE ( 'NONE', *, *, #1459, .F. ) ;
#4647 = CIRCLE ( 'NONE', #861, 4.499999999999994671 ) ;
#4648 = FACE_OUTER_BOUND ( 'NONE', #4973, .T. ) ;
#4649 = CARTESIAN_POINT ( 'NONE',  ( -5.669834767917158125, -3.733325768440127312, 131.9053882223693677 ) ) ;
#4650 =( NAMED_UNIT ( * ) SI_UNIT ( $, .STERADIAN. ) SOLID_ANGLE_UNIT ( ) );
#4651 = EDGE_LOOP ( 'NONE', ( #3757, #5067, #4997, #1202 ) ) ;
#4652 = DIRECTION ( 'NONE',  ( -0.4036298484864445091, 0.9040139324509700591, 0.1408607658127077611 ) ) ;
#4653 = CARTESIAN_POINT ( 'NONE',  ( -47.21406983553794134, -13.19888175169810296, 73.68123495124514477 ) ) ;
#4654 = ORIENTED_EDGE ( 'NONE', *, *, #2338, .T. ) ;
#4655 = SURFACE_STYLE_FILL_AREA ( #4702 ) ;
#4656 = STYLED_ITEM ( 'NONE', ( #636 ), #1196 ) ;
#4657 = DIRECTION ( 'NONE',  ( -0.4036298484864446201, 0.9040139324509703922, 0.1408607658127077888 ) ) ;
#4658 = STYLED_ITEM ( 'NONE', ( #649 ), #5117 ) ;
#4659 = CARTESIAN_POINT ( 'NONE',  ( 1.499761833635824937, 4.283093564632819650, 136.4979262566054956 ) ) ;
#4660 = CARTESIAN_POINT ( 'NONE',  ( 0.7721555196433934620, -2.515381438150803284, 142.5481027606481916 ) ) ;
#4661 = SURFACE_STYLE_USAGE ( .BOTH. , #3505 ) ;
#4662 = DIRECTION ( 'NONE',  ( 0.7292504199660264641, 0.2249069998420402949, 0.6462280297243586658 ) ) ;
#4663 = EDGE_CURVE ( 'NONE', #4485, #2547, #3193, .T. ) ;
#4664 = CARTESIAN_POINT ( 'NONE',  ( -13.41396914610204760, -7.834175503971052557, 136.0333049401836547 ) ) ;
#4665 = COLOUR_RGB ( '',0.7764705882352941346, 0.7568627450980391913, 0.7372549019607843590 ) ;
#4666 = VERTEX_POINT ( 'NONE', #4100 ) ;
#4667 = EDGE_CURVE ( 'NONE', #2017, #3875, #554, .T. ) ;
#4668 = VECTOR ( 'NONE', #2581, 1000.000000000000114 ) ;
#4669 = ORIENTED_EDGE ( 'NONE', *, *, #1562, .T. ) ;
#4670 = DIRECTION ( 'NONE',  ( -0.4036298484864446201, 0.9040139324509703922, 0.1408607658127077888 ) ) ;
#4671 = MECHANICAL_DESIGN_GEOMETRIC_PRESENTATION_REPRESENTATION (  '', ( #538 ), #723 ) ;
#4672 = CARTESIAN_POINT ( 'NONE',  ( -2.488183825253078130, -0.9574436499150407176, 123.2782391716627757 ) ) ;
#4673 = DIRECTION ( 'NONE',  ( 0.2034861408257961080, -0.06140290946268939926, 0.9771504864663074219 ) ) ;
#4674 = PRESENTATION_LAYER_ASSIGNMENT (  '', '', ( #3361 ) ) ;
#4675 = DIRECTION ( 'NONE',  ( 0.4036298484864153657, -0.9040139324509843810, -0.1408607658127000450 ) ) ;
#4676 =( GEOMETRIC_REPRESENTATION_CONTEXT ( 3 ) GLOBAL_UNCERTAINTY_ASSIGNED_CONTEXT ( ( #1502 ) ) GLOBAL_UNIT_ASSIGNED_CONTEXT ( ( #109, #1312, #2480 ) ) REPRESENTATION_CONTEXT ( 'NONE', 'WORKASPACE' ) );
#4677 = ORIENTED_EDGE ( 'NONE', *, *, #4996, .F. ) ;
#4678 = PRESENTATION_LAYER_ASSIGNMENT (  '', '', ( #46 ) ) ;
#4679 = COLOUR_RGB ( '',0.7764705882352941346, 0.7568627450980391913, 0.7372549019607843590 ) ;
#4680 = CARTESIAN_POINT ( 'NONE',  ( -2.725384069048621072, 4.683823963769027543, 121.8191698791297028 ) ) ;
#4681 = ORIENTED_EDGE ( 'NONE', *, *, #3377, .F. ) ;
#4682 = DIRECTION ( 'NONE',  ( 0.7292504199660264641, 0.2249069998420402394, 0.6462280297243586658 ) ) ;
#4683 = CARTESIAN_POINT ( 'NONE',  ( -7.687984010349380171, 0.7867438938147223171, 132.6096920514328872 ) ) ;
#4684 = EDGE_CURVE ( 'NONE', #4725, #4689, #40, .T. ) ;
#4685 = FILL_AREA_STYLE ('',( #3124 ) ) ;
#4686 = CARTESIAN_POINT ( 'NONE',  ( -7.687984010349380171, 0.7867438938147223171, 132.6096920514328872 ) ) ;
#4687 =( LENGTH_UNIT ( ) NAMED_UNIT ( * ) SI_UNIT ( .MILLI., .METRE. ) );
#4688 = EDGE_CURVE ( 'NONE', #2332, #2488, #3698, .T. ) ;
#4689 = VERTEX_POINT ( 'NONE', #3722 ) ;
#4690 = AXIS2_PLACEMENT_3D ( 'NONE', #1875, #2325, #2671 ) ;
#4691 = FILL_AREA_STYLE ('',( #4309 ) ) ;
#4692 = AXIS2_PLACEMENT_3D ( 'NONE', #2921, #4421, #2075 ) ;
#4693 = EDGE_CURVE ( 'NONE', #4068, #1100, #1778, .T. ) ;
#4694 = DIRECTION ( 'NONE',  ( -0.4036298484864446201, 0.9040139324509703922, 0.1408607658127077888 ) ) ;
#4695 = SURFACE_STYLE_FILL_AREA ( #362 ) ;
#4696 = DIRECTION ( 'NONE',  ( -0.4036298484864446201, 0.9040139324509703922, 0.1408607658127077888 ) ) ;
#4697 = DIRECTION ( 'NONE',  ( 0.008861879339743583550, 0.1578149520867548616, -0.9874289381988068381 ) ) ;
#4698 =( GEOMETRIC_REPRESENTATION_CONTEXT ( 3 ) GLOBAL_UNCERTAINTY_ASSIGNED_CONTEXT ( ( #3372 ) ) GLOBAL_UNIT_ASSIGNED_CONTEXT ( ( #4604, #3003, #2204 ) ) REPRESENTATION_CONTEXT ( 'NONE', 'WORKASPACE' ) );
#4699 = ORIENTED_EDGE ( 'NONE', *, *, #2982, .T. ) ;
#4700 = FACE_OUTER_BOUND ( 'NONE', #5009, .T. ) ;
#4701 = VERTEX_POINT ( 'NONE', #3295 ) ;
#4702 = FILL_AREA_STYLE ('',( #2738 ) ) ;
#4703 = CARTESIAN_POINT ( 'NONE',  ( -5.700456704420882481, -4.197730485374361997, 134.8690836446239700 ) ) ;
#4704 = CARTESIAN_POINT ( 'NONE',  ( -8.385531325357280963, -4.120155158507588844, 144.3542980232670914 ) ) ;
#4705 = FILL_AREA_STYLE_COLOUR ( '', #1867 ) ;
#4706 = FILL_AREA_STYLE_COLOUR ( '', #217 ) ;
#4707 = CARTESIAN_POINT ( 'NONE',  ( -17.68784710903793567, -5.750804952422583938, 128.1641107519234311 ) ) ;
#4708 = CYLINDRICAL_SURFACE ( 'NONE', #4045, 9.686499999999998778 ) ;
#4709 = STYLED_ITEM ( 'NONE', ( #1578 ), #546 ) ;
#4710 = STYLED_ITEM ( 'NONE', ( #2005 ), #1670 ) ;
#4711 = DIRECTION ( 'NONE',  ( -0.4036298484864153657, 0.9040139324509843810, 0.1408607658127000450 ) ) ;
#4712 = STYLED_ITEM ( 'NONE', ( #2154 ), #1975 ) ;
#4713 = EDGE_CURVE ( 'NONE', #2498, #4725, #1626, .T. ) ;
#4714 = EDGE_CURVE ( 'NONE', #210, #1003, #2549, .T. ) ;
#4715 = PRESENTATION_STYLE_ASSIGNMENT (( #2355 ) ) ;
#4716 =( NAMED_UNIT ( * ) SI_UNIT ( $, .STERADIAN. ) SOLID_ANGLE_UNIT ( ) );
#4717 = ORIENTED_EDGE ( 'NONE', *, *, #42, .F. ) ;
#4718 = LINE ( 'NONE', #1199, #1223 ) ;
#4719 = EDGE_CURVE ( 'NONE', #4725, #464, #3795, .T. ) ;
#4720 = ORIENTED_EDGE ( 'NONE', *, *, #3923, .F. ) ;
#4721 = DIRECTION ( 'NONE',  ( 0.4036298484864154212, -0.9040139324509844920, -0.1408607658127000728 ) ) ;
#4722 = CARTESIAN_POINT ( 'NONE',  ( 5.339102951987529266, 0.5441882466697768317, 135.9988176073469504 ) ) ;
#4723 = SURFACE_STYLE_FILL_AREA ( #335 ) ;
#4724 = ORIENTED_EDGE ( 'NONE', *, *, #4342, .F. ) ;
#4725 = VERTEX_POINT ( 'NONE', #4509 ) ;
#4726 = DIRECTION ( 'NONE',  ( -0.4036298484864154212, 0.9040139324509844920, 0.1408607658127000728 ) ) ;
#4727 = CIRCLE ( 'NONE', #1131, 12.49999999999999467 ) ;
#4728 = DIRECTION ( 'NONE',  ( 0.7517859493008340888, 0.2399598887612549858, 0.6141963352377882712 ) ) ;
#4729 = CIRCLE ( 'NONE', #2011, 1.500000000000016653 ) ;
#4730 = ORIENTED_EDGE ( 'NONE', *, *, #4369, .F. ) ;
#4731 = CARTESIAN_POINT ( 'NONE',  ( -7.687984010349380171, 0.7867438938147223171, 132.6096920514328872 ) ) ;
#4732 = PRESENTATION_LAYER_ASSIGNMENT (  '', '', ( #1851 ) ) ;
#4733 = EDGE_CURVE ( 'NONE', #5015, #1319, #458, .T. ) ;
#4734 = FILL_AREA_STYLE ('',( #5098 ) ) ;
#4735 = VECTOR ( 'NONE', #3353, 1000.000000000000341 ) ;
#4736 =( NAMED_UNIT ( * ) SI_UNIT ( $, .STERADIAN. ) SOLID_ANGLE_UNIT ( ) );
#4737 = PRESENTATION_LAYER_ASSIGNMENT (  '', '', ( #538 ) ) ;
#4738 = CYLINDRICAL_SURFACE ( 'NONE', #593, 1.499999999999974909 ) ;
#4739 = ORIENTED_EDGE ( 'NONE', *, *, #883, .F. ) ;
#4740 = MECHANICAL_DESIGN_GEOMETRIC_PRESENTATION_REPRESENTATION (  '', ( #385 ), #2685 ) ;
#4741 = ADVANCED_FACE ( 'NONE', ( #2394 ), #2411, .T. ) ;
#4742 = CIRCLE ( 'NONE', #4028, 4.500000000000007105 ) ;
#4743 = AXIS2_PLACEMENT_3D ( 'NONE', #4868, #2206, #3004 ) ;
#4744 = VERTEX_POINT ( 'NONE', #41 ) ;
#4745 = CARTESIAN_POINT ( 'NONE',  ( -7.933861648193395233, -2.833818537386343817, 119.6450836165828804 ) ) ;
#4746 = MECHANICAL_DESIGN_GEOMETRIC_PRESENTATION_REPRESENTATION (  '', ( #2444 ), #1386 ) ;
#4747 = STYLED_ITEM ( 'NONE', ( #171 ), #3065 ) ;
#4748 = EDGE_CURVE ( 'NONE', #2431, #2498, #310, .T. ) ;
#4749 = DIRECTION ( 'NONE',  ( -0.4036298484864153657, 0.9040139324509843810, 0.1408607658127000450 ) ) ;
#4750 = EDGE_CURVE ( 'NONE', #4054, #4034, #30, .T. ) ;
#4751 = CIRCLE ( 'NONE', #49, 4.500000000000003553 ) ;
#4752 = DIRECTION ( 'NONE',  ( -0.4036298484864445091, 0.9040139324509701702, 0.1408607658127077611 ) ) ;
#4753 = CARTESIAN_POINT ( 'NONE',  ( -16.18072613093898937, -3.341487418545308508, 134.7682378014259825 ) ) ;
#4754 = DIRECTION ( 'NONE',  ( 0.4036298484864446201, -0.9040139324509703922, -0.1408607658127077888 ) ) ;
#4755 = DIRECTION ( 'NONE',  ( -0.4036298484864445091, 0.9040139324509701702, 0.1408607658127077611 ) ) ;
#4756 = VERTEX_POINT ( 'NONE', #3500 ) ;
#4757 = MECHANICAL_DESIGN_GEOMETRIC_PRESENTATION_REPRESENTATION (  '', ( #321 ), #2300 ) ;
#4758 = ORIENTED_EDGE ( 'NONE', *, *, #2303, .T. ) ;
#4759 = CARTESIAN_POINT ( 'NONE',  ( -5.669834767917158125, -3.733325768440127312, 131.9053882223693677 ) ) ;
#4760 = CYLINDRICAL_SURFACE ( 'NONE', #2538, 4.500000000000003553 ) ;
#4761 = CYLINDRICAL_SURFACE ( 'NONE', #4743, 4.499999999999994671 ) ;
#4762 = SURFACE_SIDE_STYLE ('',( #832 ) ) ;
#4763 = ORIENTED_EDGE ( 'NONE', *, *, #3100, .F. ) ;
#4765 = CARTESIAN_POINT ( 'NONE',  ( -12.11182505547764698, -4.951270098729417590, 121.2626736840904726 ) ) ;
#4764 = DIRECTION ( 'NONE',  ( -0.4036298484864446201, 0.9040139324509703922, 0.1408607658127077888 ) ) ;
#4766 = EDGE_LOOP ( 'NONE', ( #3794, #4077 ) ) ;
#4767 = DIRECTION ( 'NONE',  ( 0.4036298484864445091, -0.9040139324509700591, -0.1408607658127077611 ) ) ;
#4768 = CIRCLE ( 'NONE', #1316, 4.500000000000002665 ) ;
#4769 = FILL_AREA_STYLE ('',( #411 ) ) ;
#4770 = MECHANICAL_DESIGN_GEOMETRIC_PRESENTATION_REPRESENTATION (  '', ( #573 ), #3151 ) ;
#4771 = DIRECTION ( 'NONE',  ( -0.4036298484864445091, 0.9040139324509701702, 0.1408607658127077611 ) ) ;
#4772 = VERTEX_POINT ( 'NONE', #999 ) ;
#4773 = CIRCLE ( 'NONE', #1086, 4.500000000000003553 ) ;
#4774 = ADVANCED_FACE ( 'NONE', ( #5028 ), #1998, .T. ) ;
#4775 = EDGE_LOOP ( 'NONE', ( #3659, #1109, #898, #2496 ) ) ;
#4776 = CARTESIAN_POINT ( 'NONE',  ( -41.25624481592488735, -6.464890482470003974, 83.03184492408082917 ) ) ;
#4777 = LINE ( 'NONE', #2070, #1286 ) ;
#4778 = DIRECTION ( 'NONE',  ( -0.4036298484864446201, 0.9040139324509703922, 0.1408607658127077888 ) ) ;
#4779 = DIRECTION ( 'NONE',  ( 0.7292504199660253539, 0.2249069998420399341, 0.6462280297243599980 ) ) ;
#4780 = CARTESIAN_POINT ( 'NONE',  ( 3.320953709555305888, 5.064257908924625795, 136.7031214364104983 ) ) ;
#4782 = ORIENTED_EDGE ( 'NONE', *, *, #1820, .F. ) ;
#4781 = CARTESIAN_POINT ( 'NONE',  ( -1.997106771452493268, 3.702335123955582841, 130.2759891655322804 ) ) ;
#4783 = ORIENTED_EDGE ( 'NONE', *, *, #5014, .F. ) ;
#4784 = EDGE_CURVE ( 'NONE', #331, #828, #4031, .T. ) ;
#4785 = DIRECTION ( 'NONE',  ( -0.4036298484864446201, 0.9040139324509703922, 0.1408607658127077888 ) ) ;
#4786 = ORIENTED_EDGE ( 'NONE', *, *, #837, .F. ) ;
#4787 = CIRCLE ( 'NONE', #770, 12.49999999999999467 ) ;
#4789 =( LENGTH_UNIT ( ) NAMED_UNIT ( * ) SI_UNIT ( .MILLI., .METRE. ) );
#4788 = LINE ( 'NONE', #3138, #815 ) ;
#4790 = ADVANCED_FACE ( 'NONE', ( #4374 ), #3594, .T. ) ;
#4791 = STYLED_ITEM ( 'NONE', ( #2290 ), #486 ) ;
#4792 = CIRCLE ( 'NONE', #2562, 12.49999999999999467 ) ;
#4793 = ORIENTED_EDGE ( 'NONE', *, *, #4496, .F. ) ;
#4794 =( NAMED_UNIT ( * ) PLANE_ANGLE_UNIT ( ) SI_UNIT ( $, .RADIAN. ) );
#4795 = DIRECTION ( 'NONE',  ( 0.4036298484864154212, -0.9040139324509844920, -0.1408607658127000728 ) ) ;
#4796 = DIRECTION ( 'NONE',  ( -0.4036298484864446201, 0.9040139324509703922, 0.1408607658127077888 ) ) ;
#4797 = STYLED_ITEM ( 'NONE', ( #1028 ), #698 ) ;
#4798 = ORIENTED_EDGE ( 'NONE', *, *, #4144, .F. ) ;
#4799 = CIRCLE ( 'NONE', #2569, 12.49999999999999467 ) ;
#4800 = ORIENTED_EDGE ( 'NONE', *, *, #594, .F. ) ;
#4801 = DIRECTION ( 'NONE',  ( -0.4036298484864446201, 0.9040139324509703922, 0.1408607658127077888 ) ) ;
#4802 = MECHANICAL_DESIGN_GEOMETRIC_PRESENTATION_REPRESENTATION (  '', ( #100 ), #4984 ) ;
#4803 = ORIENTED_EDGE ( 'NONE', *, *, #2094, .F. ) ;
#4804 = SURFACE_STYLE_FILL_AREA ( #1230 ) ;
#4805 = PRODUCT_DEFINITION_CONTEXT ( 'detailed design', #255, 'design' ) ;
#4806 = CARTESIAN_POINT ( 'NONE',  ( 2.464074972774807915, -0.7798492237616405642, 136.2579473409006994 ) ) ;
#4807 = CARTESIAN_POINT ( 'NONE',  ( -18.33472332814714889, -4.556965618296430875, 136.3967371460986442 ) ) ;
#4808 = EDGE_LOOP ( 'NONE', ( #2058, #1668, #2352, #2950 ) ) ;
#4809 = VERTEX_POINT ( 'NONE', #4812 ) ;
#4810 = FILL_AREA_STYLE ('',( #930 ) ) ;
#4811 = PRESENTATION_STYLE_ASSIGNMENT (( #4056 ) ) ;
#4812 = CARTESIAN_POINT ( 'NONE',  ( -11.25846404531846545, -5.011996365916813190, 124.0976672646940813 ) ) ;
#4813 = FILL_AREA_STYLE ('',( #4924 ) ) ;
#4814 = ADVANCED_FACE ( 'NONE', ( #1649 ), #4761, .T. ) ;
#4815 = UNCERTAINTY_MEASURE_WITH_UNIT (LENGTH_MEASURE( 1.000000000000000082E-05 ), #3264, 'distance_accuracy_value', 'NONE');
#4816 = ORIENTED_EDGE ( 'NONE', *, *, #3733, .F. ) ;
#4817 = PRODUCT_DEFINITION_FORMATION_WITH_SPECIFIED_SOURCE ( 'ÈÎºÎ', '', #2404, .NOT_KNOWN. ) ;
#4818 = EDGE_CURVE ( 'NONE', #4616, #3351, #4201, .T. ) ;
#4820 = SURFACE_STYLE_USAGE ( .BOTH. , #961 ) ;
#4819 = SURFACE_SIDE_STYLE ('',( #479 ) ) ;
#4821 = CIRCLE ( 'NONE', #2587, 4.499999999999998224 ) ;
#4822 = EDGE_LOOP ( 'NONE', ( #2989, #4627, #1357, #3661 ) ) ;
#4823 = CARTESIAN_POINT ( 'NONE',  ( 5.734755460944060523, 1.381698631803472521, 131.7575805883449220 ) ) ;
#4824 =( NAMED_UNIT ( * ) PLANE_ANGLE_UNIT ( ) SI_UNIT ( $, .RADIAN. ) );
#4825 = LINE ( 'NONE', #885, #4437 ) ;
#4826 = VERTEX_POINT ( 'NONE', #4103 ) ;
#4827 = CIRCLE ( 'NONE', #4426, 4.499999999999998224 ) ;
#4828 =( NAMED_UNIT ( * ) PLANE_ANGLE_UNIT ( ) SI_UNIT ( $, .RADIAN. ) );
#4829 = VECTOR ( 'NONE', #3554, 1000.000000000000341 ) ;
#4830 = CARTESIAN_POINT ( 'NONE',  ( -4.414882508856956100, -2.372798168366450522, 144.5178447426875437 ) ) ;
#4831 = AXIS2_PLACEMENT_3D ( 'NONE', #4325, #3890, #4259 ) ;
#4832 = AXIS2_PLACEMENT_3D ( 'NONE', #1991, #4755, #746 ) ;
#4833 = CARTESIAN_POINT ( 'NONE',  ( 1.930059684280087895, -1.427240767704679891, 138.8825707650161974 ) ) ;
#4834 = CARTESIAN_POINT ( 'NONE',  ( -15.96435423644415863, -4.397363247683228948, 124.4166017293333084 ) ) ;
#4835 = AXIS2_PLACEMENT_3D ( 'NONE', #2918, #4785, #980 ) ;
#4836 = DIRECTION ( 'NONE',  ( -0.4036298484864446201, 0.9040139324509703922, 0.1408607658127077888 ) ) ;
#4837 = EDGE_LOOP ( 'NONE', ( #3543, #1284, #3230, #2523 ) ) ;
#4838 = VERTEX_POINT ( 'NONE', #218 ) ;
#4839 = AXIS2_PLACEMENT_3D ( 'NONE', #4653, #3086, #2284 ) ;
#4840 = EDGE_CURVE ( 'NONE', #3922, #606, #3874, .T. ) ;
#4841 =( NAMED_UNIT ( * ) SI_UNIT ( $, .STERADIAN. ) SOLID_ANGLE_UNIT ( ) );
#4842 = MECHANICAL_DESIGN_GEOMETRIC_PRESENTATION_REPRESENTATION (  '', ( #1954 ), #3199 ) ;
#4843 = PRESENTATION_STYLE_ASSIGNMENT (( #2795 ) ) ;
#4844 = LINE ( 'NONE', #4083, #1272 ) ;
#4845 = AXIS2_PLACEMENT_3D ( 'NONE', #3515, #1909, #5074 ) ;
#4846 = COLOUR_RGB ( '',0.7764705882352941346, 0.7568627450980391913, 0.7372549019607843590 ) ;
#4847 = VERTEX_POINT ( 'NONE', #3697 ) ;
#4848 = ADVANCED_FACE ( 'NONE', ( #1766, #585 ), #3410, .F. ) ;
#4849 = ORIENTED_EDGE ( 'NONE', *, *, #962, .T. ) ;
#4850 = DIRECTION ( 'NONE',  ( -0.4036298484864445091, 0.9040139324509701702, 0.1408607658127077611 ) ) ;
#4851 = ADVANCED_FACE ( 'NONE', ( #1334 ), #3356, .T. ) ;
#4852 = ADVANCED_FACE ( 'NONE', ( #4256 ), #3441, .T. ) ;
#4853 = ORIENTED_EDGE ( 'NONE', *, *, #3229, .T. ) ;
#4854 = DIRECTION ( 'NONE',  ( -0.008861879339744286113, -0.1578149520867546673, 0.9874289381988069492 ) ) ;
#4855 = CIRCLE ( 'NONE', #3635, 3.000000000000005773 ) ;
#4856 = FILL_AREA_STYLE_COLOUR ( '', #3285 ) ;
#4857 = CARTESIAN_POINT ( 'NONE',  ( -11.94149589703133429, -2.529127939891123056, 141.7020036695453484 ) ) ;
#4858 =( GEOMETRIC_REPRESENTATION_CONTEXT ( 3 ) GLOBAL_UNCERTAINTY_ASSIGNED_CONTEXT ( ( #2582 ) ) GLOBAL_UNIT_ASSIGNED_CONTEXT ( ( #1888, #2965, #2942 ) ) REPRESENTATION_CONTEXT ( 'NONE', 'WORKASPACE' ) );
#4859 = MECHANICAL_DESIGN_GEOMETRIC_PRESENTATION_REPRESENTATION (  '', ( #4292 ), #3564 ) ;
#4860 = SURFACE_STYLE_FILL_AREA ( #576 ) ;
#4861 = FACE_BOUND ( 'NONE', #2393, .T. ) ;
#4862 = DIRECTION ( 'NONE',  ( -0.4036298484864446201, 0.9040139324509703922, 0.1408607658127077888 ) ) ;
#4863 = CARTESIAN_POINT ( 'NONE',  ( -7.687984010349380171, 0.7867438938147223171, 132.6096920514328872 ) ) ;
#4864 = VERTEX_POINT ( 'NONE', #2739 ) ;
#4865 = VECTOR ( 'NONE', #2690, 1000.000000000000341 ) ;
#4866 = VERTEX_POINT ( 'NONE', #718 ) ;
#4867 =( LENGTH_UNIT ( ) NAMED_UNIT ( * ) SI_UNIT ( .MILLI., .METRE. ) );
#4868 = CARTESIAN_POINT ( 'NONE',  ( -7.646129104408647237, -3.001549998812357511, 121.5460318298559059 ) ) ;
#4869 = CARTESIAN_POINT ( 'NONE',  ( -17.51923341244544829, -5.585358569397840256, 127.5854662014032357 ) ) ;
#4870 =( NAMED_UNIT ( * ) SI_UNIT ( $, .STERADIAN. ) SOLID_ANGLE_UNIT ( ) );
#4871 = UNCERTAINTY_MEASURE_WITH_UNIT (LENGTH_MEASURE( 1.000000000000000082E-05 ), #432, 'distance_accuracy_value', 'NONE');
#4872 = FILL_AREA_STYLE ('',( #2082 ) ) ;
#4873 = AXIS2_PLACEMENT_3D ( 'NONE', #134, #213, #630 ) ;
#4874 = SURFACE_STYLE_FILL_AREA ( #3712 ) ;
#4875 = VERTEX_POINT ( 'NONE', #5034 ) ;
#4876 = LINE ( 'NONE', #3683, #1586 ) ;
#4877 = ORIENTED_EDGE ( 'NONE', *, *, #2920, .F. ) ;
#4878 = DIRECTION ( 'NONE',  ( -0.4036298484864446201, 0.9040139324509703922, 0.1408607658127077888 ) ) ;
#4879 = EDGE_CURVE ( 'NONE', #495, #4235, #1067, .T. ) ;
#4880 = AXIS2_PLACEMENT_3D ( 'NONE', #2164, #3766, #156 ) ;
#4881 = EDGE_CURVE ( 'NONE', #4847, #1216, #1712, .T. ) ;
#4882 = FILL_AREA_STYLE_COLOUR ( '', #3714 ) ;
#4883 = UNCERTAINTY_MEASURE_WITH_UNIT (LENGTH_MEASURE( 1.000000000000000082E-05 ), #3583, 'distance_accuracy_value', 'NONE');
#4884 = ORIENTED_EDGE ( 'NONE', *, *, #1570, .F. ) ;
#4885 = VECTOR ( 'NONE', #2425, 1000.000000000000114 ) ;
#4886 =( NAMED_UNIT ( * ) PLANE_ANGLE_UNIT ( ) SI_UNIT ( $, .RADIAN. ) );
#4887 = AXIS2_PLACEMENT_3D ( 'NONE', #348, #1048, #1852 ) ;
#4888 =( NAMED_UNIT ( * ) PLANE_ANGLE_UNIT ( ) SI_UNIT ( $, .RADIAN. ) );
#4889 = EDGE_CURVE ( 'NONE', #2478, #1916, #3929, .T. ) ;
#4890 =( GEOMETRIC_REPRESENTATION_CONTEXT ( 3 ) GLOBAL_UNCERTAINTY_ASSIGNED_CONTEXT ( ( #2520 ) ) GLOBAL_UNIT_ASSIGNED_CONTEXT ( ( #4547, #1768, #4870 ) ) REPRESENTATION_CONTEXT ( 'NONE', 'WORKASPACE' ) );
#4891 = DIRECTION ( 'NONE',  ( 0.7292504199660264641, 0.2249069998420402949, 0.6462280297243586658 ) ) ;
#4892 = ORIENTED_EDGE ( 'NONE', *, *, #4733, .T. ) ;
#4893 = EDGE_LOOP ( 'NONE', ( #928, #5055 ) ) ;
#4894 = COLOUR_RGB ( '',0.7764705882352941346, 0.7568627450980391913, 0.7372549019607843590 ) ;
#4895 = FILL_AREA_STYLE_COLOUR ( '', #2026 ) ;
#4896 = CARTESIAN_POINT ( 'NONE',  ( -49.21892625896040840, -8.442089661313044502, 72.90439537301043060 ) ) ;
#4897 = CARTESIAN_POINT ( 'NONE',  ( -3.857372763653928782, -2.108376648281435450, 144.4183623628364330 ) ) ;
#4898 = SURFACE_SIDE_STYLE ('',( #3804 ) ) ;
#4899 =( NAMED_UNIT ( * ) SI_UNIT ( $, .STERADIAN. ) SOLID_ANGLE_UNIT ( ) );
#4900 = SURFACE_STYLE_FILL_AREA ( #3384 ) ;
#4901 = PRESENTATION_STYLE_ASSIGNMENT (( #191 ) ) ;
#4902 = ORIENTED_EDGE ( 'NONE', *, *, #1327, .F. ) ;
#4903 = CARTESIAN_POINT ( 'NONE',  ( -13.80374450860910152, -6.686802313118595187, 127.5528291038379507 ) ) ;
#4904 = VERTEX_POINT ( 'NONE', #664 ) ;
#4905 = EDGE_CURVE ( 'NONE', #781, #3433, #1577, .T. ) ;
#4906 = FILL_AREA_STYLE ('',( #2241 ) ) ;
#4907 = ORIENTED_EDGE ( 'NONE', *, *, #3000, .F. ) ;
#4908 = FILL_AREA_STYLE_COLOUR ( '', #3946 ) ;
#4909 = FACE_OUTER_BOUND ( 'NONE', #3613, .T. ) ;
#4910 = VERTEX_POINT ( 'NONE', #1165 ) ;
#4911 = PRESENTATION_LAYER_ASSIGNMENT (  '', '', ( #4480 ) ) ;
#4912 = EDGE_CURVE ( 'NONE', #3481, #2240, #4751, .T. ) ;
#4913 = PRESENTATION_LAYER_ASSIGNMENT (  '', '', ( #121 ) ) ;
#4914 = CARTESIAN_POINT ( 'NONE',  ( 2.517566326508144936, 1.179273957638492742, 123.8379953814116305 ) ) ;
#4915 = STYLED_ITEM ( 'NONE', ( #3772 ), #4461 ) ;
#4916 = VERTEX_POINT ( 'NONE', #2639 ) ;
#4917 = FILL_AREA_STYLE_COLOUR ( '', #34 ) ;
#4918 = CARTESIAN_POINT ( 'NONE',  ( -11.47305856674845437, -7.390097865794825971, 138.7448979722480544 ) ) ;
#4919 = UNCERTAINTY_MEASURE_WITH_UNIT (LENGTH_MEASURE( 1.000000000000000082E-05 ), #1955, 'distance_accuracy_value', 'NONE');
#4920 = ADVANCED_FACE ( 'NONE', ( #3066 ), #3473, .T. ) ;
#4921 = CARTESIAN_POINT ( 'NONE',  ( -5.669834767917158125, -3.733325768440127312, 131.9053882223693677 ) ) ;
#4922 = VECTOR ( 'NONE', #2321, 1000.000000000000341 ) ;
#4923 = CARTESIAN_POINT ( 'NONE',  ( -0.2737288626053318019, -2.731892163071312218, 140.9406896418721260 ) ) ;
#4924 = FILL_AREA_STYLE_COLOUR ( '', #3857 ) ;
#4925 = FILL_AREA_STYLE ('',( #2900 ) ) ;
#4926 = DIRECTION ( 'NONE',  ( -0.4036298484864445091, 0.9040139324509701702, 0.1408607658127077611 ) ) ;
#4927 = SURFACE_STYLE_USAGE ( .BOTH. , #2104 ) ;
#4928 = AXIS2_PLACEMENT_3D ( 'NONE', #2632, #294, #1134 ) ;
#4929 = AXIS2_PLACEMENT_3D ( 'NONE', #1688, #4836, #550 ) ;
#4930 = PRESENTATION_LAYER_ASSIGNMENT (  '', '', ( #1954 ) ) ;
#4931 = ORIENTED_EDGE ( 'NONE', *, *, #1887, .T. ) ;
#4932 = CYLINDRICAL_SURFACE ( 'NONE', #2050, 9.605000000000000426 ) ;
#4933 = MECHANICAL_DESIGN_GEOMETRIC_PRESENTATION_REPRESENTATION (  '', ( #46 ), #3620 ) ;
#4934 = CIRCLE ( 'NONE', #142, 12.49999999999999467 ) ;
#4935 = ORIENTED_EDGE ( 'NONE', *, *, #4889, .F. ) ;
#4936 =( NAMED_UNIT ( * ) SI_UNIT ( $, .STERADIAN. ) SOLID_ANGLE_UNIT ( ) );
#4937 = PRESENTATION_STYLE_ASSIGNMENT (( #2185 ) ) ;
#4938 = FILL_AREA_STYLE_COLOUR ( '', #306 ) ;
#4939 = FILL_AREA_STYLE ('',( #2543 ) ) ;
#4940 = DIRECTION ( 'NONE',  ( 0.4036298484864445091, -0.9040139324509700591, -0.1408607658127077611 ) ) ;
#4941 = DIRECTION ( 'NONE',  ( -0.4036298484864446201, 0.9040139324509703922, 0.1408607658127077888 ) ) ;
#4942 = ORIENTED_EDGE ( 'NONE', *, *, #1396, .T. ) ;
#4943 = AXIS2_PLACEMENT_3D ( 'NONE', #309, #641, #4176 ) ;
#4944 = SURFACE_STYLE_USAGE ( .BOTH. , #2577 ) ;
#4945 = SURFACE_STYLE_USAGE ( .BOTH. , #3375 ) ;
#4946 = EDGE_CURVE ( 'NONE', #4165, #3438, #2943, .T. ) ;
#4947 = ORIENTED_EDGE ( 'NONE', *, *, #2330, .F. ) ;
#4948 = ORIENTED_EDGE ( 'NONE', *, *, #3601, .T. ) ;
#4949 = UNCERTAINTY_MEASURE_WITH_UNIT (LENGTH_MEASURE( 1.000000000000000082E-05 ), #613, 'distance_accuracy_value', 'NONE');
#4950 =( GEOMETRIC_REPRESENTATION_CONTEXT ( 3 ) GLOBAL_UNCERTAINTY_ASSIGNED_CONTEXT ( ( #2944 ) ) GLOBAL_UNIT_ASSIGNED_CONTEXT ( ( #3646, #1950, #3593 ) ) REPRESENTATION_CONTEXT ( 'NONE', 'WORKASPACE' ) );
#4951 = FILL_AREA_STYLE_COLOUR ( '', #2883 ) ;
#4952 = FILL_AREA_STYLE_COLOUR ( '', #890 ) ;
#4953 = CIRCLE ( 'NONE', #338, 4.500000000000000000 ) ;
#4954 =( NAMED_UNIT ( * ) SI_UNIT ( $, .STERADIAN. ) SOLID_ANGLE_UNIT ( ) );
#4955 = EDGE_CURVE ( 'NONE', #4838, #4485, #821, .T. ) ;
#4956 = EDGE_CURVE ( 'NONE', #1216, #4904, #2759, .T. ) ;
#4957 = EDGE_LOOP ( 'NONE', ( #730, #4210, #4963, #2407 ) ) ;
#4958 = DIRECTION ( 'NONE',  ( -0.4036298484864445091, 0.9040139324509701702, 0.1408607658127077611 ) ) ;
#4959 = CARTESIAN_POINT ( 'NONE',  ( -5.529768141654385794, -2.181130252083724574, 122.3450873552830700 ) ) ;
#4960 = DIRECTION ( 'NONE',  ( -0.7264251814606635937, -0.2230512909207623684, -0.6500419812276921894 ) ) ;
#4961 = DIRECTION ( 'NONE',  ( -0.7292504199660253539, -0.2249069998420399341, -0.6462280297243599980 ) ) ;
#4962 = UNCERTAINTY_MEASURE_WITH_UNIT (LENGTH_MEASURE( 1.000000000000000082E-05 ), #4175, 'distance_accuracy_value', 'NONE');
#4963 = ORIENTED_EDGE ( 'NONE', *, *, #4353, .F. ) ;
#4964 =( LENGTH_UNIT ( ) NAMED_UNIT ( * ) SI_UNIT ( .MILLI., .METRE. ) );
#4965 =( LENGTH_UNIT ( ) NAMED_UNIT ( * ) SI_UNIT ( .MILLI., .METRE. ) );
#4966 = FACE_OUTER_BOUND ( 'NONE', #2301, .T. ) ;
#4967 =( LENGTH_UNIT ( ) NAMED_UNIT ( * ) SI_UNIT ( .MILLI., .METRE. ) );
#4968 = ORIENTED_EDGE ( 'NONE', *, *, #3160, .F. ) ;
#4969 = DIRECTION ( 'NONE',  ( -0.4036298484864154212, 0.9040139324509844920, 0.1408607658127000728 ) ) ;
#4970 = FILL_AREA_STYLE ('',( #4512 ) ) ;
#4971 = VERTEX_POINT ( 'NONE', #3605 ) ;
#4972 = MECHANICAL_DESIGN_GEOMETRIC_PRESENTATION_REPRESENTATION (  '', ( #4791 ), #3749 ) ;
#4973 = EDGE_LOOP ( 'NONE', ( #2266, #3811, #4948, #95 ) ) ;
#4974 = AXIS2_PLACEMENT_3D ( 'NONE', #761, #2334, #1460 ) ;
#4975 = DIRECTION ( 'NONE',  ( -0.4036298484864446201, 0.9040139324509703922, 0.1408607658127077888 ) ) ;
#4976 = DIRECTION ( 'NONE',  ( -0.4036298484864446201, 0.9040139324509703922, 0.1408607658127077888 ) ) ;
#4977 =( NAMED_UNIT ( * ) SI_UNIT ( $, .STERADIAN. ) SOLID_ANGLE_UNIT ( ) );
#4978 = AXIS2_PLACEMENT_3D ( 'NONE', #2534, #4960, #2508 ) ;
#4979 = DIRECTION ( 'NONE',  ( 0.7292504199660210240, 0.2249069998420373806, 0.6462280297243657712 ) ) ;
#4980 = SURFACE_SIDE_STYLE ('',( #3416 ) ) ;
#4981 = CARTESIAN_POINT ( 'NONE',  ( 2.261207992440489534, 1.223554353603574008, 140.5672529286012775 ) ) ;
#4982 = CYLINDRICAL_SURFACE ( 'NONE', #2060, 12.49999999999999467 ) ;
#4983 = EDGE_CURVE ( 'NONE', #4315, #1859, #48, .T. ) ;
#4984 =( GEOMETRIC_REPRESENTATION_CONTEXT ( 3 ) GLOBAL_UNCERTAINTY_ASSIGNED_CONTEXT ( ( #4883 ) ) GLOBAL_UNIT_ASSIGNED_CONTEXT ( ( #3583, #1197, #4736 ) ) REPRESENTATION_CONTEXT ( 'NONE', 'WORKASPACE' ) );
#4985 = CARTESIAN_POINT ( 'NONE',  ( -7.687984010349380171, 0.7867438938147223171, 132.6096920514328872 ) ) ;
#4986 = EDGE_LOOP ( 'NONE', ( #501, #2088, #689, #1771 ) ) ;
#4987 = FACE_BOUND ( 'NONE', #922, .T. ) ;
#4988 = ADVANCED_FACE ( 'NONE', ( #846 ), #2424, .T. ) ;
#4989 = DIRECTION ( 'NONE',  ( 0.7292504199660259090, 0.2249069998420404060, 0.6462280297243592209 ) ) ;
#4990 = CARTESIAN_POINT ( 'NONE',  ( -5.809901394179868284, -5.285521284796502961, 141.4656890894556227 ) ) ;
#4991 = DIRECTION ( 'NONE',  ( -0.7292504199660254649, -0.2249069998420399341, -0.6462280297243599980 ) ) ;
#4992 = ORIENTED_EDGE ( 'NONE', *, *, #566, .F. ) ;
#4993 = CARTESIAN_POINT ( 'NONE',  ( 0.2917658736200359204, -2.776982161974785868, 142.8504658692934015 ) ) ;
#4994 = VERTEX_POINT ( 'NONE', #2042 ) ;
#4995 = COLOUR_RGB ( '',0.7921568627450980005, 0.8196078431372548767, 0.9333333333333333481 ) ;
#4996 = EDGE_CURVE ( 'NONE', #4098, #1160, #4777, .T. ) ;
#4997 = ORIENTED_EDGE ( 'NONE', *, *, #2004, .F. ) ;
#4998 = DIRECTION ( 'NONE',  ( 0.7292504199660264641, 0.2249069998420402949, 0.6462280297243586658 ) ) ;
#4999 = AXIS2_PLACEMENT_3D ( 'NONE', #2829, #1653, #3231 ) ;
#5000 = DIRECTION ( 'NONE',  ( -0.4036298484864445091, 0.9040139324509701702, 0.1408607658127077611 ) ) ;
#5001 = MECHANICAL_DESIGN_GEOMETRIC_PRESENTATION_REPRESENTATION (  '', ( #28 ), #3014 ) ;
#5002 = CARTESIAN_POINT ( 'NONE',  ( -10.58710364299140672, 0.9322834632597599702, 123.3683606625390041 ) ) ;
#5003 = FACE_OUTER_BOUND ( 'NONE', #4513, .T. ) ;
#5004 = UNCERTAINTY_MEASURE_WITH_UNIT (LENGTH_MEASURE( 1.000000000000000082E-05 ), #3489, 'distance_accuracy_value', 'NONE');
#5005 = AXIS2_PLACEMENT_3D ( 'NONE', #4167, #1057, #4198 ) ;
#5006 = DIRECTION ( 'NONE',  ( -0.4036298484864445091, 0.9040139324509700591, 0.1408607658127077611 ) ) ;
#5007 = CYLINDRICAL_SURFACE ( 'NONE', #313, 4.500000000000003553 ) ;
#5008 = PRESENTATION_LAYER_ASSIGNMENT (  '', '', ( #385 ) ) ;
#5009 = EDGE_LOOP ( 'NONE', ( #740, #4724, #3916, #3919 ) ) ;
#5010 = CIRCLE ( 'NONE', #1557, 4.500000000000000000 ) ;
#5011 = DIRECTION ( 'NONE',  ( -0.6707575780832552015, -0.3970910963467117472, 0.6264207313348212347 ) ) ;
#5012 =( NAMED_UNIT ( * ) PLANE_ANGLE_UNIT ( ) SI_UNIT ( $, .RADIAN. ) );
#5013 = VECTOR ( 'NONE', #1500, 1000.000000000000114 ) ;
#5014 = EDGE_CURVE ( 'NONE', #708, #1294, #2402, .T. ) ;
#5015 = VERTEX_POINT ( 'NONE', #3977 ) ;
#5016 =( LENGTH_UNIT ( ) NAMED_UNIT ( * ) SI_UNIT ( .MILLI., .METRE. ) );
#5017 = MECHANICAL_DESIGN_GEOMETRIC_PRESENTATION_REPRESENTATION (  '', ( #3126 ), #3369 ) ;
#5018 = AXIS2_PLACEMENT_3D ( 'NONE', #2558, #4521, #3777 ) ;
#5019 = VECTOR ( 'NONE', #2784, 1000.000000000000341 ) ;
#5020 = AXIS2_PLACEMENT_3D ( 'NONE', #3207, #448, #2030 ) ;
#5021 = EDGE_CURVE ( 'NONE', #914, #2446, #3255, .T. ) ;
#5022 = EDGE_CURVE ( 'NONE', #485, #4994, #4727, .T. ) ;
#5023 = DIRECTION ( 'NONE',  ( -0.7292504199660266861, -0.2249069998420403227, -0.6462280297243581106 ) ) ;
#5024 = CARTESIAN_POINT ( 'NONE',  ( 4.725680839727947280, 3.641733462930897058, 132.1097325028766818 ) ) ;
#5025 = PRESENTATION_LAYER_ASSIGNMENT (  '', '', ( #2379 ) ) ;
#5026 = ORIENTED_EDGE ( 'NONE', *, *, #3601, .F. ) ;
#5027 = UNCERTAINTY_MEASURE_WITH_UNIT (LENGTH_MEASURE( 1.000000000000000082E-05 ), #341, 'distance_accuracy_value', 'NONE');
#5028 = FACE_OUTER_BOUND ( 'NONE', #5101, .T. ) ;
#5029 = EDGE_LOOP ( 'NONE', ( #2878, #442, #471, #604 ) ) ;
#5030 = ORIENTED_EDGE ( 'NONE', *, *, #2637, .T. ) ;
#5031 = DIRECTION ( 'NONE',  ( 0.7292504199660264641, 0.2249069998420402949, 0.6462280297243586658 ) ) ;
#5032 = PLANE ( 'NONE',  #3332 ) ;
#5033 = FILL_AREA_STYLE ('',( #216 ) ) ;
#5034 = CARTESIAN_POINT ( 'NONE',  ( -39.22480275448319276, -10.74823771659479377, 80.84639768771910440 ) ) ;
#5035 = DIRECTION ( 'NONE',  ( 0.7292504199660264641, 0.2249069998420402949, 0.6462280297243586658 ) ) ;
#5036 = LINE ( 'NONE', #4205, #3805 ) ;
#5037 = PRESENTATION_LAYER_ASSIGNMENT (  '', '', ( #748 ) ) ;
#5038 = CARTESIAN_POINT ( 'NONE',  ( -17.43519786014400452, 2.563343256098309375, 93.34867431284172312 ) ) ;
#5039 = COLOUR_RGB ( '',0.7764705882352941346, 0.7568627450980391913, 0.7372549019607843590 ) ;
#5040 = CARTESIAN_POINT ( 'NONE',  ( -19.12101161204498823, -4.244570035355003768, 132.1387780412260611 ) ) ;
#5041 = FILL_AREA_STYLE ('',( #3482 ) ) ;
#5042 = STYLED_ITEM ( 'NONE', ( #2178 ), #2711 ) ;
#5043 = CARTESIAN_POINT ( 'NONE',  ( -9.069149228323023948, -1.426217133137744231, 142.8543338744748894 ) ) ;
#5044 = ORIENTED_EDGE ( 'NONE', *, *, #3524, .T. ) ;
#5045 = MECHANICAL_DESIGN_GEOMETRIC_PRESENTATION_REPRESENTATION (  '', ( #243 ), #3902 ) ;
#5046 = ORIENTED_EDGE ( 'NONE', *, *, #317, .F. ) ;
#5047 = DIRECTION ( 'NONE',  ( -0.4036298484864446201, 0.9040139324509703922, 0.1408607658127077888 ) ) ;
#5048 = DIRECTION ( 'NONE',  ( 0.008861879339743583550, 0.1578149520867548616, -0.9874289381988068381 ) ) ;
#5049 = FILL_AREA_STYLE ('',( #3462 ) ) ;
#5050 = EDGE_LOOP ( 'NONE', ( #329, #3297, #149, #882 ) ) ;
#5051 = EDGE_CURVE ( 'NONE', #4826, #3748, #371, .T. ) ;
#5052 = CARTESIAN_POINT ( 'NONE',  ( -15.31945255991092480, -8.050631207514776122, 131.9623984209790422 ) ) ;
#5053 =( LENGTH_UNIT ( ) NAMED_UNIT ( * ) SI_UNIT ( .MILLI., .METRE. ) );
#5054 = SURFACE_SIDE_STYLE ('',( #3822 ) ) ;
#5055 = ORIENTED_EDGE ( 'NONE', *, *, #2760, .F. ) ;
#5056 = CARTESIAN_POINT ( 'NONE',  ( 4.754846074474066597, 1.602261584547520323, 127.5341713514145709 ) ) ;
#5057 = CIRCLE ( 'NONE', #2331, 1.500000000000016875 ) ;
#5058 = EDGE_CURVE ( 'NONE', #4235, #1834, #5082, .T. ) ;
#5059 = CARTESIAN_POINT ( 'NONE',  ( -11.72428249521382604, 9.826883218324423908, 134.0182997095599831 ) ) ;
#5060 =( NAMED_UNIT ( * ) PLANE_ANGLE_UNIT ( ) SI_UNIT ( $, .RADIAN. ) );
#5061 = FILL_AREA_STYLE ('',( #3042 ) ) ;
#5062 = UNCERTAINTY_MEASURE_WITH_UNIT (LENGTH_MEASURE( 1.000000000000000082E-05 ), #3502, 'distance_accuracy_value', 'NONE');
#5063 = MECHANICAL_DESIGN_GEOMETRIC_PRESENTATION_REPRESENTATION (  '', ( #4710 ), #694 ) ;
#5064 =( NAMED_UNIT ( * ) PLANE_ANGLE_UNIT ( ) SI_UNIT ( $, .RADIAN. ) );
#5065 = PRESENTATION_STYLE_ASSIGNMENT (( #3508 ) ) ;
#5066 = COLOUR_RGB ( '',0.7764705882352941346, 0.7568627450980391913, 0.7372549019607843590 ) ;
#5067 = ORIENTED_EDGE ( 'NONE', *, *, #4840, .T. ) ;
#5068 = CARTESIAN_POINT ( 'NONE',  ( -52.91797520598139215, -10.16812912979120753, 73.38229396348199884 ) ) ;
#5069 = DIRECTION ( 'NONE',  ( -0.4036298484864446201, 0.9040139324509703922, 0.1408607658127077888 ) ) ;
#5070 = ORIENTED_EDGE ( 'NONE', *, *, #5022, .T. ) ;
#5071 = PRESENTATION_LAYER_ASSIGNMENT (  '', '', ( #100 ) ) ;
#5072 = CARTESIAN_POINT ( 'NONE',  ( 1.597460836961555053, 3.710816204185279243, 140.4506304590006494 ) ) ;
#5073 = FILL_AREA_STYLE_COLOUR ( '', #3851 ) ;
#5074 = DIRECTION ( 'NONE',  ( -0.8742437189090491723, -0.3356881868840211336, -0.3507297551314885187 ) ) ;
#5075 = DIRECTION ( 'NONE',  ( -0.4036298484864445091, 0.9040139324509701702, 0.1408607658127077611 ) ) ;
#5076 = VERTEX_POINT ( 'NONE', #3190 ) ;
#5077 = DIRECTION ( 'NONE',  ( -0.4036298484864446201, 0.9040139324509703922, 0.1408607658127077888 ) ) ;
#5078 = VERTEX_POINT ( 'NONE', #1686 ) ;
#5079 = EDGE_CURVE ( 'NONE', #3926, #4432, #1659, .T. ) ;
#5080 = VERTEX_POINT ( 'NONE', #2242 ) ;
#5081 = SURFACE_STYLE_USAGE ( .BOTH. , #2288 ) ;
#5082 = CIRCLE ( 'NONE', #1042, 12.49999999999999467 ) ;
#5083 =( LENGTH_UNIT ( ) NAMED_UNIT ( * ) SI_UNIT ( .MILLI., .METRE. ) );
#5084 = DIRECTION ( 'NONE',  ( -0.4036298484864445091, 0.9040139324509701702, 0.1408607658127077611 ) ) ;
#5085 = SURFACE_STYLE_FILL_AREA ( #5061 ) ;
#5086 = DIRECTION ( 'NONE',  ( -0.1138699078527351943, -0.2023984311790466284, 0.9726605364369782514 ) ) ;
#5087 =( LENGTH_UNIT ( ) NAMED_UNIT ( * ) SI_UNIT ( .MILLI., .METRE. ) );
#5088 = FACE_OUTER_BOUND ( 'NONE', #1704, .T. ) ;
#5089 =( NAMED_UNIT ( * ) SI_UNIT ( $, .STERADIAN. ) SOLID_ANGLE_UNIT ( ) );
#5090 = ADVANCED_FACE ( 'NONE', ( #4504 ), #2937, .T. ) ;
#5091 = DIRECTION ( 'NONE',  ( 0.4036298484864446201, -0.9040139324509703922, -0.1408607658127077888 ) ) ;
#5092 = DIRECTION ( 'NONE',  ( -0.4036298484864445091, 0.9040139324509700591, 0.1408607658127077611 ) ) ;
#5093 = DIRECTION ( 'NONE',  ( -0.4036298484864445091, 0.9040139324509700591, 0.1408607658127077611 ) ) ;
#5094 = AXIS2_PLACEMENT_3D ( 'NONE', #1924, #3961, #1948 ) ;
#5095 = FILL_AREA_STYLE ('',( #3534 ) ) ;
#5096 =( GEOMETRIC_REPRESENTATION_CONTEXT ( 3 ) GLOBAL_UNCERTAINTY_ASSIGNED_CONTEXT ( ( #1052 ) ) GLOBAL_UNIT_ASSIGNED_CONTEXT ( ( #5087, #5064, #1 ) ) REPRESENTATION_CONTEXT ( 'NONE', 'WORKASPACE' ) );
#5097 = SURFACE_STYLE_USAGE ( .BOTH. , #4270 ) ;
#5098 = FILL_AREA_STYLE_COLOUR ( '', #2119 ) ;
#5099 = CYLINDRICAL_SURFACE ( 'NONE', #1273, 1.499999999999974909 ) ;
#5100 = PRESENTATION_LAYER_ASSIGNMENT (  '', '', ( #2516 ) ) ;
#5101 = EDGE_LOOP ( 'NONE', ( #4730, #2038, #3995, #4401 ) ) ;
#5102 = PRESENTATION_LAYER_ASSIGNMENT (  '', '', ( #2200 ) ) ;
#5103 = EDGE_LOOP ( 'NONE', ( #3404, #2871, #1787, #4111, #1634, #2622, #4181, #1721, #4717, #3719 ) ) ;
#5104 = CARTESIAN_POINT ( 'NONE',  ( -9.923346654599113137, -7.049197602145972574, 140.9976998404818289 ) ) ;
#5105 = DIRECTION ( 'NONE',  ( 0.4036298484864445091, -0.9040139324509700591, -0.1408607658127077611 ) ) ;
#5106 = AXIS2_PLACEMENT_3D ( 'NONE', #3934, #2351, #2434 ) ;
#5107 = DIRECTION ( 'NONE',  ( -0.4036298484864446201, 0.9040139324509703922, 0.1408607658127077888 ) ) ;
#5108 = SURFACE_SIDE_STYLE ('',( #1167 ) ) ;
#5109 = FILL_AREA_STYLE ('',( #3506 ) ) ;
#5110 = CARTESIAN_POINT ( 'NONE',  ( -14.07432650172518684, -1.602538794507209374, 94.21877757522747743 ) ) ;
#5111 = CARTESIAN_POINT ( 'NONE',  ( 3.979783024076601450, 0.5839796706345302679, 131.8483780237596079 ) ) ;
#5112 = MECHANICAL_DESIGN_GEOMETRIC_PRESENTATION_REPRESENTATION (  '', ( #1413 ), #1573 ) ;
#5113 = EDGE_CURVE ( 'NONE', #2780, #485, #1201, .T. ) ;
#5114 = MECHANICAL_DESIGN_GEOMETRIC_PRESENTATION_REPRESENTATION (  '', ( #748 ), #1891 ) ;
#5115 = CARTESIAN_POINT ( 'NONE',  ( -17.07442499677838299, -8.848350168683715822, 132.0531958563936996 ) ) ;
#5116 = STYLED_ITEM ( 'NONE', ( #97 ), #2533 ) ;
#5117 = ADVANCED_FACE ( 'NONE', ( #2159 ), #1103, .T. ) ;
#5118 = CARTESIAN_POINT ( 'NONE',  ( -49.23221907797002217, -8.678812089443178834, 74.38553878030865008 ) ) ;
#5119 = MECHANICAL_DESIGN_GEOMETRIC_PRESENTATION_REPRESENTATION (  '', ( #3225 ), #3976 ) ;
#5120 = ORIENTED_EDGE ( 'NONE', *, *, #4784, .F. ) ;
#5121 = AXIS2_PLACEMENT_3D ( 'NONE', #2464, #671, #509 ) ;
#5122 = ORIENTED_EDGE ( 'NONE', *, *, #2156, .T. ) ;
#5123 = CARTESIAN_POINT ( 'NONE',  ( 2.805094386991354050, 6.026950833549730824, 129.0465959978516821 ) ) ;
#5124 =( LENGTH_UNIT ( ) NAMED_UNIT ( * ) SI_UNIT ( .MILLI., .METRE. ) );
#5125 =( LENGTH_UNIT ( ) NAMED_UNIT ( * ) SI_UNIT ( .MILLI., .METRE. ) );
ENDSEC;
END-ISO-10303-21;
