ISO-10303-21;
HEADER;
FILE_DESCRIPTION (( 'STEP AP214' ),
    '1' );
FILE_NAME ('lianjiebi.STEP',
    '2026-07-14T04:59:13',
    ( '' ),
    ( '' ),
    'SwSTEP 2.0',
    'SolidWorks 2020',
    '' );
FILE_SCHEMA (( 'AUTOMOTIVE_DESIGN' ));
ENDSEC;

DATA;
#1 = CIRCLE ( 'NONE', #2223, 3.557550373136732169 ) ;
#2 = AXIS2_PLACEMENT_3D ( 'NONE', #2431, #2167, #3285 ) ;
#3 = VERTEX_POINT ( 'NONE', #3764 ) ;
#4 = COLOUR_RGB ( '',0.7921568627450980005, 0.8196078431372548767, 0.9333333333333333481 ) ;
#5 = DIRECTION ( 'NONE',  ( -0.000000000000000000, -0.000000000000000000, -1.000000000000000000 ) ) ;
#6 = AXIS2_PLACEMENT_3D ( 'NONE', #730, #3359, #461 ) ;
#7 = DIRECTION ( 'NONE',  ( 0.000000000000000000, 0.000000000000000000, 1.000000000000000000 ) ) ;
#8 = EDGE_CURVE ( 'NONE', #525, #1516, #3236, .T. ) ;
#9 = FACE_OUTER_BOUND ( 'NONE', #2638, .T. ) ;
#10 = CARTESIAN_POINT ( 'NONE',  ( 0.000000000000000000, 0.000000000000000000, -0.009999999999999592548 ) ) ;
#11 = AXIS2_PLACEMENT_3D ( 'NONE', #3193, #2567, #3741 ) ;
#12 = CARTESIAN_POINT ( 'NONE',  ( -7.702245092050553410, 6.017653382250981231, -0.009999999999999592548 ) ) ;
#13 = DIRECTION ( 'NONE',  ( 0.000000000000000000, 0.000000000000000000, 1.000000000000000000 ) ) ;
#14 = ORIENTED_EDGE ( 'NONE', *, *, #2959, .T. ) ;
#15 = CARTESIAN_POINT ( 'NONE',  ( 0.000000000000000000, 0.000000000000000000, 4.990000000000000213 ) ) ;
#16 = FACE_OUTER_BOUND ( 'NONE', #1007, .T. ) ;
#17 = DIRECTION ( 'NONE',  ( -0.000000000000000000, 0.000000000000000000, 1.000000000000000000 ) ) ;
#18 = CIRCLE ( 'NONE', #1866, 11.75728989999999996 ) ;
#19 = DIRECTION ( 'NONE',  ( 1.000000000000000000, 0.000000000000000000, 0.000000000000000000 ) ) ;
#20 = VERTEX_POINT ( 'NONE', #883 ) ;
#21 = AXIS2_PLACEMENT_3D ( 'NONE', #3311, #609, #2083 ) ;
#22 = VECTOR ( 'NONE', #2042, 1000.000000000000000 ) ;
#23 = ORIENTED_EDGE ( 'NONE', *, *, #3186, .T. ) ;
#24 = EDGE_CURVE ( 'NONE', #3266, #2450, #897, .T. ) ;
#25 = FACE_OUTER_BOUND ( 'NONE', #2236, .T. ) ;
#26 = CARTESIAN_POINT ( 'NONE',  ( 11.71542299955662259, -0.9913272588311738964, -0.009999999999999592548 ) ) ;
#27 = CARTESIAN_POINT ( 'NONE',  ( 3.676865396194256341, -5.588985673471457361, 0.000000000000000000 ) ) ;
#28 = LINE ( 'NONE', #1217, #740 ) ;
#29 = CARTESIAN_POINT ( 'NONE',  ( 0.000000000000000000, 0.000000000000000000, 4.990000000000000213 ) ) ;
#30 = ORIENTED_EDGE ( 'NONE', *, *, #2304, .F. ) ;
#31 = CARTESIAN_POINT ( 'NONE',  ( 0.000000000000000000, 0.000000000000000000, -0.009999999999999592548 ) ) ;
#32 = EDGE_CURVE ( 'NONE', #2627, #2310, #636, .T. ) ;
#33 = DIRECTION ( 'NONE',  ( 0.000000000000000000, 0.000000000000000000, 1.000000000000000000 ) ) ;
#34 = VERTEX_POINT ( 'NONE', #46 ) ;
#35 = CARTESIAN_POINT ( 'NONE',  ( -60.08521899949309386, -50.92974109144540762, 4.990000000000000213 ) ) ;
#36 = CARTESIAN_POINT ( 'NONE',  ( 0.000000000000000000, 0.000000000000000000, 4.990000000000000213 ) ) ;
#37 = CARTESIAN_POINT ( 'NONE',  ( 0.000000000000000000, 0.000000000000000000, 0.000000000000000000 ) ) ;
#38 = ORIENTED_EDGE ( 'NONE', *, *, #2549, .F. ) ;
#39 = ORIENTED_EDGE ( 'NONE', *, *, #1876, .F. ) ;
#40 = ADVANCED_FACE ( 'NONE', ( #2088 ), #3584, .T. ) ;
#41 = ORIENTED_EDGE ( 'NONE', *, *, #1828, .T. ) ;
#42 = ORIENTED_EDGE ( 'NONE', *, *, #2750, .T. ) ;
#43 = CARTESIAN_POINT ( 'NONE',  ( 4.130793161647242862, 8.858514522346386144, -0.009999999999999592548 ) ) ;
#44 = DIRECTION ( 'NONE',  ( 0.000000000000000000, 0.000000000000000000, 1.000000000000000000 ) ) ;
#45 = EDGE_CURVE ( 'NONE', #1986, #2840, #2997, .T. ) ;
#46 = CARTESIAN_POINT ( 'NONE',  ( -38.96146036842194604, -11.02708043670478943, 4.990000000000000213 ) ) ;
#47 = DIRECTION ( 'NONE',  ( 0.000000000000000000, -0.000000000000000000, -1.000000000000000000 ) ) ;
#48 = EDGE_CURVE ( 'NONE', #732, #2840, #282, .T. ) ;
#49 =( LENGTH_UNIT ( ) NAMED_UNIT ( * ) SI_UNIT ( .MILLI., .METRE. ) );
#50 = ORIENTED_EDGE ( 'NONE', *, *, #344, .F. ) ;
#51 = EDGE_CURVE ( 'NONE', #1327, #1239, #920, .T. ) ;
#52 = CARTESIAN_POINT ( 'NONE',  ( 9.514594908737256773, 1.314727622981695543, -0.009999999999999592548 ) ) ;
#53 = EDGE_CURVE ( 'NONE', #2081, #707, #3372, .T. ) ;
#54 = DIRECTION ( 'NONE',  ( -0.8354238674845232415, -0.5496061877719369271, 0.000000000000000000 ) ) ;
#55 = ORIENTED_EDGE ( 'NONE', *, *, #156, .T. ) ;
#56 = DIRECTION ( 'NONE',  ( -0.000000000000000000, 0.000000000000000000, 1.000000000000000000 ) ) ;
#57 = CARTESIAN_POINT ( 'NONE',  ( -3.343003833710739503, -9.184827546270467380, 4.990000000000000213 ) ) ;
#58 = DIRECTION ( 'NONE',  ( -0.000000000000000000, 0.000000000000000000, 1.000000000000000000 ) ) ;
#59 = ORIENTED_EDGE ( 'NONE', *, *, #2455, .T. ) ;
#60 = ADVANCED_FACE ( 'NONE', ( #1521 ), #2115, .F. ) ;
#61 = AXIS2_PLACEMENT_3D ( 'NONE', #1780, #2648, #2084 ) ;
#62 = EDGE_CURVE ( 'NONE', #471, #440, #2811, .T. ) ;
#63 = ORIENTED_EDGE ( 'NONE', *, *, #906, .F. ) ;
#64 = AXIS2_PLACEMENT_3D ( 'NONE', #3593, #2142, #1851 ) ;
#65 = ORIENTED_EDGE ( 'NONE', *, *, #2796, .F. ) ;
#66 = AXIS2_PLACEMENT_3D ( 'NONE', #2005, #235, #2333 ) ;
#67 = DIRECTION ( 'NONE',  ( 0.000000000000000000, 0.000000000000000000, 1.000000000000000000 ) ) ;
#68 = DIRECTION ( 'NONE',  ( -0.8090169943749421222, -0.5877852522924803536, 0.000000000000000000 ) ) ;
#69 = VECTOR ( 'NONE', #776, 1000.000000000000000 ) ;
#70 = CIRCLE ( 'NONE', #2403, 3.557550373136732169 ) ;
#71 = CARTESIAN_POINT ( 'NONE',  ( 0.1898694203455414120, -9.603123169220399546, -0.009999999999999592548 ) ) ;
#72 = AXIS2_PLACEMENT_3D ( 'NONE', #3026, #3316, #2134 ) ;
#73 = LINE ( 'NONE', #2927, #1724 ) ;
#74 = CARTESIAN_POINT ( 'NONE',  ( 1.191186221529767053, 9.701433248369598417, 4.990000000000000213 ) ) ;
#75 = ORIENTED_EDGE ( 'NONE', *, *, #51, .F. ) ;
#76 = CARTESIAN_POINT ( 'NONE',  ( 8.103253090279959991, 5.465713223523691155, 4.990000000000000213 ) ) ;
#77 = DIRECTION ( 'NONE',  ( 0.000000000000000000, 0.000000000000000000, 1.000000000000000000 ) ) ;
#78 = ORIENTED_EDGE ( 'NONE', *, *, #2222, .F. ) ;
#79 = DIRECTION ( 'NONE',  ( 0.5877852522924826850, -0.8090169943749403458, 0.000000000000000000 ) ) ;
#80 = CIRCLE ( 'NONE', #2870, 3.557550373136731281 ) ;
#81 = DIRECTION ( 'NONE',  ( -0.000000000000000000, -0.000000000000000000, -1.000000000000000000 ) ) ;
#82 = LINE ( 'NONE', #393, #499 ) ;
#83 = ORIENTED_EDGE ( 'NONE', *, *, #2419, .T. ) ;
#84 = VECTOR ( 'NONE', #1311, 1000.000000000000000 ) ;
#85 = VERTEX_POINT ( 'NONE', #2692 ) ;
#86 = ORIENTED_EDGE ( 'NONE', *, *, #2786, .T. ) ;
#87 = DIRECTION ( 'NONE',  ( -0.000000000000000000, 0.000000000000000000, 1.000000000000000000 ) ) ;
#88 = DIRECTION ( 'NONE',  ( 0.000000000000000000, 0.000000000000000000, 1.000000000000000000 ) ) ;
#89 = AXIS2_PLACEMENT_3D ( 'NONE', #907, #3259, #3180 ) ;
#90 = CARTESIAN_POINT ( 'NONE',  ( 0.000000000000000000, 0.000000000000000000, -0.009999999999999592548 ) ) ;
#91 = CIRCLE ( 'NONE', #1082, 9.605000000000000426 ) ;
#92 = EDGE_CURVE ( 'NONE', #1820, #3653, #2297, .T. ) ;
#93 = EDGE_LOOP ( 'NONE', ( #1839, #1743, #1662, #741 ) ) ;
#94 = CARTESIAN_POINT ( 'NONE',  ( -34.52729214000289204, -13.94289815983302638, 4.990000000000000213 ) ) ;
#95 = FACE_OUTER_BOUND ( 'NONE', #3794, .T. ) ;
#96 = ORIENTED_EDGE ( 'NONE', *, *, #3574, .T. ) ;
#97 = CARTESIAN_POINT ( 'NONE',  ( -8.470246483331933973, 4.528901578926510574, -0.009999999999999592548 ) ) ;
#98 = EDGE_CURVE ( 'NONE', #3257, #639, #1173, .T. ) ;
#99 = EDGE_CURVE ( 'NONE', #1604, #474, #2050, .T. ) ;
#100 = LINE ( 'NONE', #987, #2900 ) ;
#101 = LINE ( 'NONE', #120, #1490 ) ;
#102 = ORIENTED_EDGE ( 'NONE', *, *, #1517, .T. ) ;
#103 = ORIENTED_EDGE ( 'NONE', *, *, #2231, .T. ) ;
#104 = EDGE_LOOP ( 'NONE', ( #1729, #3787, #121, #3673, #2475 ) ) ;
#105 = EDGE_CURVE ( 'NONE', #366, #275, #2650, .T. ) ;
#106 = FACE_OUTER_BOUND ( 'NONE', #2625, .T. ) ;
#107 = DIRECTION ( 'NONE',  ( 1.000000000000000000, 0.000000000000000000, 0.000000000000000000 ) ) ;
#108 = ORIENTED_EDGE ( 'NONE', *, *, #144, .T. ) ;
#109 = CARTESIAN_POINT ( 'NONE',  ( -0.1898694203455414120, 9.603123169220399546, -0.009999999999999592548 ) ) ;
#110 = ADVANCED_FACE ( 'NONE', ( #9 ), #3782, .F. ) ;
#111 = CIRCLE ( 'NONE', #1094, 3.557550373136731281 ) ;
#112 = AXIS2_PLACEMENT_3D ( 'NONE', #2194, #773, #2851 ) ;
#113 = ORIENTED_EDGE ( 'NONE', *, *, #1594, .T. ) ;
#114 = CARTESIAN_POINT ( 'NONE',  ( -1.689791248403291757, -9.455190666338761929, -0.009999999999999592548 ) ) ;
#115 = AXIS2_PLACEMENT_3D ( 'NONE', #2072, #2614, #863 ) ;
#116 = CARTESIAN_POINT ( 'NONE',  ( -0.1898694203455414120, 9.603123169220399546, -0.009999999999999592548 ) ) ;
#117 = VERTEX_POINT ( 'NONE', #3544 ) ;
#118 = CARTESIAN_POINT ( 'NONE',  ( 10.83569241491647261, -4.563073052446528166, -0.009999999999999592548 ) ) ;
#119 = CARTESIAN_POINT ( 'NONE',  ( -4.738669492808543993, 8.548786061474407560, -0.009999999999999592548 ) ) ;
#120 = CARTESIAN_POINT ( 'NONE',  ( -3.148104807829725349, 9.074439989273136220, -0.009999999999999592548 ) ) ;
#121 = ORIENTED_EDGE ( 'NONE', *, *, #962, .T. ) ;
#122 = ORIENTED_EDGE ( 'NONE', *, *, #2419, .F. ) ;
#123 = VERTEX_POINT ( 'NONE', #2671 ) ;
#124 = DIRECTION ( 'NONE',  ( 0.000000000000000000, 0.000000000000000000, 1.000000000000000000 ) ) ;
#125 = EDGE_LOOP ( 'NONE', ( #324, #2766, #1931, #3515 ) ) ;
#126 = CIRCLE ( 'NONE', #2218, 9.605000000000002203 ) ;
#127 = DIRECTION ( 'NONE',  ( 0.000000000000000000, 0.000000000000000000, 1.000000000000000000 ) ) ;
#128 = CIRCLE ( 'NONE', #2779, 1.499999999999924949 ) ;
#129 = CIRCLE ( 'NONE', #1911, 3.557550373136731281 ) ;
#130 = VECTOR ( 'NONE', #983, 1000.000000000000000 ) ;
#131 = ORIENTED_EDGE ( 'NONE', *, *, #633, .F. ) ;
#132 = CARTESIAN_POINT ( 'NONE',  ( 1.191186221529767053, 9.701433248369598417, 4.990000000000000213 ) ) ;
#133 = CYLINDRICAL_SURFACE ( 'NONE', #407, 9.605000000000000426 ) ;
#134 = ORIENTED_EDGE ( 'NONE', *, *, #344, .T. ) ;
#135 = CARTESIAN_POINT ( 'NONE',  ( 0.000000000000000000, 0.000000000000000000, -0.009999999999999592548 ) ) ;
#136 = FACE_OUTER_BOUND ( 'NONE', #797, .T. ) ;
#137 = DIRECTION ( 'NONE',  ( 0.8090169943749465631, 0.5877852522924743583, 0.000000000000000000 ) ) ;
#138 = EDGE_CURVE ( 'NONE', #275, #1527, #612, .T. ) ;
#139 = AXIS2_PLACEMENT_3D ( 'NONE', #3299, #388, #2401 ) ;
#140 = EDGE_LOOP ( 'NONE', ( #3302, #2453, #2185, #1848 ) ) ;
#141 = EDGE_LOOP ( 'NONE', ( #1857, #3338 ) ) ;
#142 = FACE_BOUND ( 'NONE', #3264, .T. ) ;
#143 = ORIENTED_EDGE ( 'NONE', *, *, #1383, .T. ) ;
#144 = EDGE_CURVE ( 'NONE', #1222, #707, #2538, .T. ) ;
#145 = CARTESIAN_POINT ( 'NONE',  ( 7.688153462888959844, 8.895288759995963801, -0.009999999999999592548 ) ) ;
#146 = AXIS2_PLACEMENT_3D ( 'NONE', #3522, #3799, #2609 ) ;
#147 = VECTOR ( 'NONE', #2891, 1000.000000000000000 ) ;
#148 = VERTEX_POINT ( 'NONE', #2029 ) ;
#149 = CARTESIAN_POINT ( 'NONE',  ( -55.63024757962698885, -45.94396256087145503, 0.000000000000000000 ) ) ;
#150 = LINE ( 'NONE', #186, #1598 ) ;
#151 = ORIENTED_EDGE ( 'NONE', *, *, #1151, .F. ) ;
#152 = DIRECTION ( 'NONE',  ( 0.9510565162951534202, 0.3090169943749481174, 0.000000000000000000 ) ) ;
#153 = CARTESIAN_POINT ( 'NONE',  ( 0.9913272588312966871, 11.71542299955661193, 4.990000000000000213 ) ) ;
#154 = EDGE_CURVE ( 'NONE', #1301, #1287, #3212, .T. ) ;
#155 = CARTESIAN_POINT ( 'NONE',  ( 0.000000000000000000, 0.000000000000000000, -0.009999999999999592548 ) ) ;
#156 = EDGE_CURVE ( 'NONE', #3, #3422, #395, .T. ) ;
#157 = VERTEX_POINT ( 'NONE', #109 ) ;
#158 = ORIENTED_EDGE ( 'NONE', *, *, #1023, .F. ) ;
#159 = CARTESIAN_POINT ( 'NONE',  ( 0.000000000000000000, 0.000000000000000000, -0.009999999999999592548 ) ) ;
#160 = EDGE_LOOP ( 'NONE', ( #3682, #2918, #23, #3370 ) ) ;
#161 = LINE ( 'NONE', #818, #1136 ) ;
#162 = EDGE_CURVE ( 'NONE', #1656, #711, #1291, .T. ) ;
#163 = EDGE_LOOP ( 'NONE', ( #240, #3250, #1408, #1152, #3459 ) ) ;
#164 = CARTESIAN_POINT ( 'NONE',  ( 0.000000000000000000, 0.000000000000000000, 4.990000000000000213 ) ) ;
#165 = DIRECTION ( 'NONE',  ( 0.000000000000000000, 0.000000000000000000, 1.000000000000000000 ) ) ;
#166 = VERTEX_POINT ( 'NONE', #362 ) ;
#167 = CYLINDRICAL_SURFACE ( 'NONE', #439, 9.605000000000000426 ) ;
#168 = ADVANCED_FACE ( 'NONE', ( #1621 ), #1597, .F. ) ;
#169 = CARTESIAN_POINT ( 'NONE',  ( 6.656175558859167118, -6.924691468191623400, 0.000000000000000000 ) ) ;
#170 = ADVANCED_FACE ( 'NONE', ( #3387 ), #2438, .F. ) ;
#171 = LINE ( 'NONE', #720, #3024 ) ;
#172 = LINE ( 'NONE', #1351, #1933 ) ;
#173 = AXIS2_PLACEMENT_3D ( 'NONE', #225, #1404, #1733 ) ;
#174 = ORIENTED_EDGE ( 'NONE', *, *, #1919, .T. ) ;
#175 = EDGE_CURVE ( 'NONE', #1593, #2352, #2916, .T. ) ;
#176 = ORIENTED_EDGE ( 'NONE', *, *, #3705, .F. ) ;
#177 = FACE_OUTER_BOUND ( 'NONE', #2723, .T. ) ;
#178 = EDGE_CURVE ( 'NONE', #2346, #123, #3352, .T. ) ;
#179 = EDGE_LOOP ( 'NONE', ( #3309, #3358, #3055, #1954, #1538 ) ) ;
#180 = DIRECTION ( 'NONE',  ( 0.9510565162951570839, -0.3090169943749369041, 0.000000000000000000 ) ) ;
#181 = AXIS2_PLACEMENT_3D ( 'NONE', #3570, #952, #2125 ) ;
#182 = ORIENTED_EDGE ( 'NONE', *, *, #560, .F. ) ;
#183 = DIRECTION ( 'NONE',  ( 0.000000000000000000, 0.000000000000000000, 1.000000000000000000 ) ) ;
#184 = CIRCLE ( 'NONE', #1489, 9.605000000000000426 ) ;
#185 = VECTOR ( 'NONE', #2428, 1000.000000000000000 ) ;
#186 = CARTESIAN_POINT ( 'NONE',  ( -28.02860062826755083, 12.83944006063886079, 4.990000000000000213 ) ) ;
#187 = ORIENTED_EDGE ( 'NONE', *, *, #1777, .T. ) ;
#188 = DIRECTION ( 'NONE',  ( 0.000000000000000000, 0.000000000000000000, 1.000000000000000000 ) ) ;
#189 = AXIS2_PLACEMENT_3D ( 'NONE', #3589, #946, #2719 ) ;
#190 = DIRECTION ( 'NONE',  ( -0.000000000000000000, 0.000000000000000000, 1.000000000000000000 ) ) ;
#191 = PRESENTATION_LAYER_ASSIGNMENT (  '', '', ( #2095 ) ) ;
#192 = VERTEX_POINT ( 'NONE', #961 ) ;
#193 = VECTOR ( 'NONE', #3435, 1000.000000000000000 ) ;
#194 = CARTESIAN_POINT ( 'NONE',  ( -47.51270673859566074, -37.14727256197699035, 0.000000000000000000 ) ) ;
#195 = CIRCLE ( 'NONE', #1369, 3.557550373136731281 ) ;
#196 = CARTESIAN_POINT ( 'NONE',  ( -8.858514522346341735, 4.130793161647340561, -0.009999999999999592548 ) ) ;
#197 = EDGE_LOOP ( 'NONE', ( #278, #134, #724, #3578 ) ) ;
#198 = ORIENTED_EDGE ( 'NONE', *, *, #2318, .F. ) ;
#199 = DIRECTION ( 'NONE',  ( -0.9091508278296509538, 0.4164670122070420200, 0.000000000000000000 ) ) ;
#200 = ORIENTED_EDGE ( 'NONE', *, *, #2554, .T. ) ;
#201 = DIRECTION ( 'NONE',  ( -1.000000000000000000, 0.000000000000000000, 0.000000000000000000 ) ) ;
#202 = DIRECTION ( 'NONE',  ( -0.000000000000000000, 0.000000000000000000, 1.000000000000000000 ) ) ;
#203 = AXIS2_PLACEMENT_3D ( 'NONE', #1216, #3503, #860 ) ;
#204 = ORIENTED_EDGE ( 'NONE', *, *, #3683, .T. ) ;
#205 = CARTESIAN_POINT ( 'NONE',  ( -0.1898694203455414120, 9.603123169220399546, 0.000000000000000000 ) ) ;
#206 = EDGE_CURVE ( 'NONE', #2414, #1374, #727, .T. ) ;
#207 = LINE ( 'NONE', #2268, #1536 ) ;
#208 = CARTESIAN_POINT ( 'NONE',  ( 6.924691468191600308, 6.656175558859191099, 0.000000000000000000 ) ) ;
#209 = AXIS2_PLACEMENT_3D ( 'NONE', #1860, #1984, #469 ) ;
#210 = LINE ( 'NONE', #268, #1671 ) ;
#211 = ORIENTED_EDGE ( 'NONE', *, *, #2160, .T. ) ;
#212 = FACE_OUTER_BOUND ( 'NONE', #2258, .T. ) ;
#213 = CYLINDRICAL_SURFACE ( 'NONE', #710, 9.605000000000000426 ) ;
#214 = EDGE_CURVE ( 'NONE', #346, #1134, #1565, .T. ) ;
#215 = VERTEX_POINT ( 'NONE', #1542 ) ;
#216 = DIRECTION ( 'NONE',  ( 0.8090169943749466741, 0.5877852522924742473, 0.000000000000000000 ) ) ;
#217 = ORIENTED_EDGE ( 'NONE', *, *, #256, .F. ) ;
#218 = LINE ( 'NONE', #1384, #333 ) ;
#219 = EDGE_CURVE ( 'NONE', #2974, #1527, #1014, .T. ) ;
#220 = CYLINDRICAL_SURFACE ( 'NONE', #1930, 9.605000000000000426 ) ;
#221 = ORIENTED_EDGE ( 'NONE', *, *, #831, .F. ) ;
#222 = EDGE_CURVE ( 'NONE', #3182, #2991, #1803, .T. ) ;
#223 = DIRECTION ( 'NONE',  ( -0.000000000000000000, 0.000000000000000000, 1.000000000000000000 ) ) ;
#224 = EDGE_CURVE ( 'NONE', #488, #1721, #3374, .T. ) ;
#225 = CARTESIAN_POINT ( 'NONE',  ( 0.000000000000000000, 0.000000000000000000, -0.009999999999999592548 ) ) ;
#226 = CARTESIAN_POINT ( 'NONE',  ( -7.880692288115549005, 5.490966587044225911, 0.000000000000000000 ) ) ;
#227 =( NAMED_UNIT ( * ) SI_UNIT ( $, .STERADIAN. ) SOLID_ANGLE_UNIT ( ) );
#228 = ORIENTED_EDGE ( 'NONE', *, *, #53, .T. ) ;
#229 = PLANE ( 'NONE',  #1966 ) ;
#230 = EDGE_CURVE ( 'NONE', #488, #1222, #18, .T. ) ;
#231 = DIRECTION ( 'NONE',  ( 0.000000000000000000, 0.000000000000000000, 1.000000000000000000 ) ) ;
#232 = AXIS2_PLACEMENT_3D ( 'NONE', #1720, #3202, #2065 ) ;
#233 = ORIENTED_EDGE ( 'NONE', *, *, #3000, .F. ) ;
#234 = CIRCLE ( 'NONE', #2327, 9.605000000000000426 ) ;
#235 = DIRECTION ( 'NONE',  ( 0.000000000000000000, 0.000000000000000000, 1.000000000000000000 ) ) ;
#236 = ORIENTED_EDGE ( 'NONE', *, *, #32, .T. ) ;
#237 = ORIENTED_EDGE ( 'NONE', *, *, #2877, .F. ) ;
#238 = CARTESIAN_POINT ( 'NONE',  ( 0.000000000000000000, 0.000000000000000000, 4.990000000000000213 ) ) ;
#239 = CARTESIAN_POINT ( 'NONE',  ( 4.528901578926422644, 8.470246483331980158, -0.009999999999999592548 ) ) ;
#240 = ORIENTED_EDGE ( 'NONE', *, *, #3412, .F. ) ;
#241 = DIRECTION ( 'NONE',  ( 0.000000000000000000, 0.000000000000000000, 1.000000000000000000 ) ) ;
#242 = LINE ( 'NONE', #3492, #3131 ) ;
#243 = AXIS2_PLACEMENT_3D ( 'NONE', #3560, #573, #2690 ) ;
#244 = DIRECTION ( 'NONE',  ( 1.000000000000000000, 0.000000000000000000, 0.000000000000000000 ) ) ;
#245 = DIRECTION ( 'NONE',  ( 1.000000000000000000, 0.000000000000000000, 0.000000000000000000 ) ) ;
#246 = EDGE_LOOP ( 'NONE', ( #1518, #601, #359, #2449 ) ) ;
#247 = DIRECTION ( 'NONE',  ( 0.000000000000000000, 0.000000000000000000, 1.000000000000000000 ) ) ;
#248 = CIRCLE ( 'NONE', #3513, 3.557550373136731281 ) ;
#249 = VECTOR ( 'NONE', #1167, 1000.000000000000000 ) ;
#250 = VECTOR ( 'NONE', #3748, 1000.000000000000000 ) ;
#251 = LINE ( 'NONE', #2659, #3108 ) ;
#252 = VECTOR ( 'NONE', #411, 1000.000000000000000 ) ;
#253 = AXIS2_PLACEMENT_3D ( 'NONE', #2724, #1834, #79 ) ;
#254 = EDGE_LOOP ( 'NONE', ( #3591, #3656, #332, #1763, #1934 ) ) ;
#255 = CARTESIAN_POINT ( 'NONE',  ( 9.603123169220397770, 0.1898694203456419982, 0.000000000000000000 ) ) ;
#256 = EDGE_CURVE ( 'NONE', #3441, #3225, #2239, .T. ) ;
#257 = CIRCLE ( 'NONE', #2086, 9.605000000000000426 ) ;
#258 = ORIENTED_EDGE ( 'NONE', *, *, #2499, .F. ) ;
#259 = ORIENTED_EDGE ( 'NONE', *, *, #912, .T. ) ;
#260 = AXIS2_PLACEMENT_3D ( 'NONE', #1135, #1158, #3765 ) ;
#261 = CARTESIAN_POINT ( 'NONE',  ( 9.701433248369593088, -1.191186221529800804, 4.990000000000000213 ) ) ;
#262 = CARTESIAN_POINT ( 'NONE',  ( 0.000000000000000000, 0.000000000000000000, 0.000000000000000000 ) ) ;
#263 = EDGE_CURVE ( 'NONE', #711, #2127, #2738, .T. ) ;
#264 = DIRECTION ( 'NONE',  ( 1.000000000000000000, 0.000000000000000000, 0.000000000000000000 ) ) ;
#265 = DIRECTION ( 'NONE',  ( -0.5877852522924652545, -0.8090169943749532244, 0.000000000000000000 ) ) ;
#266 = CYLINDRICAL_SURFACE ( 'NONE', #2085, 11.75728989999999996 ) ;
#267 = DIRECTION ( 'NONE',  ( 0.9510565162951576390, -0.3090169943749349613, 0.000000000000000000 ) ) ;
#268 = CARTESIAN_POINT ( 'NONE',  ( -7.880692288115549005, 5.490966587044225911, -0.009999999999999592548 ) ) ;
#269 = ORIENTED_EDGE ( 'NONE', *, *, #2939, .F. ) ;
#270 = DIRECTION ( 'NONE',  ( 0.000000000000000000, 0.000000000000000000, 1.000000000000000000 ) ) ;
#271 = DIRECTION ( 'NONE',  ( 0.000000000000000000, 0.000000000000000000, 1.000000000000000000 ) ) ;
#272 = ADVANCED_FACE ( 'NONE', ( #2154 ), #3077, .T. ) ;
#273 = CARTESIAN_POINT ( 'NONE',  ( 0.000000000000000000, 0.000000000000000000, -0.009999999999999592548 ) ) ;
#274 = AXIS2_PLACEMENT_3D ( 'NONE', #691, #3733, #2256 ) ;
#275 = VERTEX_POINT ( 'NONE', #3045 ) ;
#276 = ADVANCED_FACE ( 'NONE', ( #1862, #1581, #2756, #3059, #2190, #1896 ), #435, .T. ) ;
#277 = ADVANCED_FACE ( 'NONE', ( #3465 ), #2508, .F. ) ;
#278 = ORIENTED_EDGE ( 'NONE', *, *, #24, .T. ) ;
#279 = ORIENTED_EDGE ( 'NONE', *, *, #508, .T. ) ;
#280 = CARTESIAN_POINT ( 'NONE',  ( 0.000000000000000000, 0.000000000000000000, -0.009999999999999592548 ) ) ;
#281 = LINE ( 'NONE', #2339, #938 ) ;
#282 = LINE ( 'NONE', #596, #473 ) ;
#283 = CARTESIAN_POINT ( 'NONE',  ( -46.01270673859564653, -37.14727256197699035, 4.990000000000000213 ) ) ;
#284 = DIRECTION ( 'NONE',  ( 0.000000000000000000, 0.000000000000000000, 1.000000000000000000 ) ) ;
#285 = CARTESIAN_POINT ( 'NONE',  ( 8.548786061474356046, 4.738669492808634587, 4.990000000000000213 ) ) ;
#286 = CARTESIAN_POINT ( 'NONE',  ( 5.490966587044139757, 7.880692288115607624, -0.009999999999999592548 ) ) ;
#287 = ORIENTED_EDGE ( 'NONE', *, *, #2429, .F. ) ;
#288 = DIRECTION ( 'NONE',  ( 0.000000000000000000, 0.000000000000000000, 1.000000000000000000 ) ) ;
#289 = DIRECTION ( 'NONE',  ( -0.000000000000000000, 0.000000000000000000, 1.000000000000000000 ) ) ;
#290 = DIRECTION ( 'NONE',  ( 1.000000000000000000, 0.000000000000000000, 0.000000000000000000 ) ) ;
#291 = CARTESIAN_POINT ( 'NONE',  ( 0.000000000000000000, 0.000000000000000000, -0.009999999999999592548 ) ) ;
#292 = ORIENTED_EDGE ( 'NONE', *, *, #3587, .T. ) ;
#293 = EDGE_CURVE ( 'NONE', #3041, #816, #1987, .T. ) ;
#294 = ORIENTED_EDGE ( 'NONE', *, *, #1188, .F. ) ;
#295 = UNCERTAINTY_MEASURE_WITH_UNIT (LENGTH_MEASURE( 1.000000000000000082E-05 ), #49, 'distance_accuracy_value', 'NONE');
#296 = AXIS2_PLACEMENT_3D ( 'NONE', #3504, #2941, #300 ) ;
#297 = DIRECTION ( 'NONE',  ( 1.000000000000000000, 0.000000000000000000, 0.000000000000000000 ) ) ;
#298 = CARTESIAN_POINT ( 'NONE',  ( 5.798181762587637067, -7.657487397834626286, 0.000000000000000000 ) ) ;
#299 = CARTESIAN_POINT ( 'NONE',  ( 0.000000000000000000, 0.000000000000000000, 0.000000000000000000 ) ) ;
#300 = DIRECTION ( 'NONE',  ( 1.000000000000000000, 0.000000000000000000, 0.000000000000000000 ) ) ;
#301 = CARTESIAN_POINT ( 'NONE',  ( 0.000000000000000000, 0.000000000000000000, -0.009999999999999592548 ) ) ;
#302 = CARTESIAN_POINT ( 'NONE',  ( 0.000000000000000000, 0.000000000000000000, -0.009999999999999592548 ) ) ;
#303 = PRESENTATION_STYLE_ASSIGNMENT (( #2694 ) ) ;
#304 = ORIENTED_EDGE ( 'NONE', *, *, #1467, .T. ) ;
#305 = AXIS2_PLACEMENT_3D ( 'NONE', #3107, #1375, #736 ) ;
#306 = FACE_OUTER_BOUND ( 'NONE', #450, .T. ) ;
#307 = DIRECTION ( 'NONE',  ( 1.000000000000000000, 0.000000000000000000, 0.000000000000000000 ) ) ;
#308 = CARTESIAN_POINT ( 'NONE',  ( 0.000000000000000000, 0.000000000000000000, 0.000000000000000000 ) ) ;
#309 = AXIS2_PLACEMENT_3D ( 'NONE', #1208, #2164, #909 ) ;
#310 = DIRECTION ( 'NONE',  ( 1.000000000000000000, -1.950469614233214568E-15, 0.000000000000000000 ) ) ;
#311 = VERTEX_POINT ( 'NONE', #475 ) ;
#312 = CIRCLE ( 'NONE', #1613, 1.500000000000015099 ) ;
#313 = ORIENTED_EDGE ( 'NONE', *, *, #1747, .T. ) ;
#314 = AXIS2_PLACEMENT_3D ( 'NONE', #1923, #1373, #2832 ) ;
#315 = CIRCLE ( 'NONE', #2465, 9.605000000000000426 ) ;
#316 = AXIS2_PLACEMENT_3D ( 'NONE', #2596, #2061, #2019 ) ;
#317 = ORIENTED_EDGE ( 'NONE', *, *, #3670, .F. ) ;
#318 = DIRECTION ( 'NONE',  ( 0.000000000000000000, 0.000000000000000000, 1.000000000000000000 ) ) ;
#319 = CARTESIAN_POINT ( 'NONE',  ( 8.985029274550074163, -7.583080820360558860, -0.009999999999999592548 ) ) ;
#320 = DIRECTION ( 'NONE',  ( -0.000000000000000000, 0.000000000000000000, 1.000000000000000000 ) ) ;
#321 = CARTESIAN_POINT ( 'NONE',  ( 6.201969797453425137, -9.988465168589089060, 4.990000000000000213 ) ) ;
#322 = DIRECTION ( 'NONE',  ( 0.000000000000000000, 0.000000000000000000, 1.000000000000000000 ) ) ;
#323 = PRODUCT_CONTEXT ( 'NONE', #2074, 'mechanical' ) ;
#324 = ORIENTED_EDGE ( 'NONE', *, *, #2455, .F. ) ;
#325 = DIRECTION ( 'NONE',  ( -0.000000000000000000, 0.000000000000000000, 1.000000000000000000 ) ) ;
#326 = CARTESIAN_POINT ( 'NONE',  ( -6.656175558859113828, 6.924691468191673138, -0.009999999999999592548 ) ) ;
#327 = EDGE_LOOP ( 'NONE', ( #2389, #3246, #2489, #39 ) ) ;
#328 = CARTESIAN_POINT ( 'NONE',  ( 3.676865396194256341, -5.588985673471457361, 4.990000000000000213 ) ) ;
#329 = AXIS2_PLACEMENT_3D ( 'NONE', #3430, #1362, #180 ) ;
#330 = DIRECTION ( 'NONE',  ( 1.047444401652940007E-14, -1.000000000000000000, 0.000000000000000000 ) ) ;
#331 = DIRECTION ( 'NONE',  ( 1.000000000000000000, 0.000000000000000000, 0.000000000000000000 ) ) ;
#332 = ORIENTED_EDGE ( 'NONE', *, *, #2946, .T. ) ;
#333 = VECTOR ( 'NONE', #1048, 1000.000000000000000 ) ;
#334 = EDGE_CURVE ( 'NONE', #1722, #3287, #2601, .T. ) ;
#335 = CIRCLE ( 'NONE', #3294, 3.557550373136731725 ) ;
#336 = ORIENTED_EDGE ( 'NONE', *, *, #53, .F. ) ;
#337 = ORIENTED_EDGE ( 'NONE', *, *, #3675, .F. ) ;
#338 = DIRECTION ( 'NONE',  ( 0.5877852522924830181, -0.8090169943749402348, 0.000000000000000000 ) ) ;
#339 = DIRECTION ( 'NONE',  ( 0.000000000000000000, 0.000000000000000000, 1.000000000000000000 ) ) ;
#340 = EDGE_CURVE ( 'NONE', #3406, #1656, #3291, .T. ) ;
#341 = DIRECTION ( 'NONE',  ( 0.000000000000000000, 0.000000000000000000, 1.000000000000000000 ) ) ;
#342 = CARTESIAN_POINT ( 'NONE',  ( -5.798181762587582000, 7.657487397834670695, 0.000000000000000000 ) ) ;
#343 = EDGE_CURVE ( 'NONE', #3225, #854, #3688, .T. ) ;
#344 = EDGE_CURVE ( 'NONE', #2450, #3, #218, .T. ) ;
#345 = CARTESIAN_POINT ( 'NONE',  ( 0.000000000000000000, 0.000000000000000000, 0.000000000000000000 ) ) ;
#346 = VERTEX_POINT ( 'NONE', #3409 ) ;
#347 = EDGE_CURVE ( 'NONE', #2840, #2006, #3658, .T. ) ;
#348 = DIRECTION ( 'NONE',  ( 1.000000000000000000, 0.000000000000000000, 0.000000000000000000 ) ) ;
#349 = CARTESIAN_POINT ( 'NONE',  ( 0.000000000000000000, 0.000000000000000000, -0.009999999999999592548 ) ) ;
#350 = ADVANCED_FACE ( 'NONE', ( #3099 ), #2281, .F. ) ;
#351 = ORIENTED_EDGE ( 'NONE', *, *, #1033, .F. ) ;
#352 = DIRECTION ( 'NONE',  ( 0.8354238674845232415, 0.5496061877719370381, 0.000000000000000000 ) ) ;
#353 = AXIS2_PLACEMENT_3D ( 'NONE', #1445, #1802, #3274 ) ;
#354 = CYLINDRICAL_SURFACE ( 'NONE', #3749, 9.605000000000000426 ) ;
#355 = FACE_OUTER_BOUND ( 'NONE', #1391, .T. ) ;
#356 = ORIENTED_EDGE ( 'NONE', *, *, #230, .T. ) ;
#357 = EDGE_CURVE ( 'NONE', #2899, #3689, #2053, .T. ) ;
#358 = ORIENTED_EDGE ( 'NONE', *, *, #2111, .F. ) ;
#359 = ORIENTED_EDGE ( 'NONE', *, *, #1154, .F. ) ;
#360 = FACE_OUTER_BOUND ( 'NONE', #3615, .T. ) ;
#361 = CARTESIAN_POINT ( 'NONE',  ( 0.000000000000000000, 0.000000000000000000, -0.009999999999999592548 ) ) ;
#362 = CARTESIAN_POINT ( 'NONE',  ( 3.216432595287251672, -9.768335085804977780, 4.990000000000000213 ) ) ;
#363 = VECTOR ( 'NONE', #1658, 1000.000000000000000 ) ;
#364 = DIRECTION ( 'NONE',  ( 0.9510565162951576390, -0.3090169943749349057, 0.000000000000000000 ) ) ;
#365 =( LENGTH_UNIT ( ) NAMED_UNIT ( * ) SI_UNIT ( .MILLI., .METRE. ) );
#366 = VERTEX_POINT ( 'NONE', #2230 ) ;
#367 = DIRECTION ( 'NONE',  ( 0.000000000000000000, 0.000000000000000000, 1.000000000000000000 ) ) ;
#368 = CARTESIAN_POINT ( 'NONE',  ( 0.000000000000000000, 0.000000000000000000, 0.000000000000000000 ) ) ;
#369 = VERTEX_POINT ( 'NONE', #2847 ) ;
#370 = DIRECTION ( 'NONE',  ( 1.000000000000000000, 0.000000000000000000, 0.000000000000000000 ) ) ;
#371 = CARTESIAN_POINT ( 'NONE',  ( 9.605000000000000426, 0.000000000000000000, -0.009999999999999592548 ) ) ;
#372 = CARTESIAN_POINT ( 'NONE',  ( 2.811818304917549582, -11.41610895238708778, -0.009999999999999592548 ) ) ;
#373 = ORIENTED_EDGE ( 'NONE', *, *, #3404, .F. ) ;
#374 = CIRCLE ( 'NONE', #3388, 3.557550373136731281 ) ;
#375 = VERTEX_POINT ( 'NONE', #3116 ) ;
#376 = EDGE_CURVE ( 'NONE', #1515, #3130, #1264, .T. ) ;
#377 = AXIS2_PLACEMENT_3D ( 'NONE', #3633, #124, #2112 ) ;
#378 = ORIENTED_EDGE ( 'NONE', *, *, #1546, .T. ) ;
#379 = CIRCLE ( 'NONE', #1363, 3.557550373136731281 ) ;
#380 = DIRECTION ( 'NONE',  ( 0.000000000000000000, 0.000000000000000000, 1.000000000000000000 ) ) ;
#381 = CIRCLE ( 'NONE', #2404, 9.605000000000000426 ) ;
#382 = DIRECTION ( 'NONE',  ( 1.000000000000000000, 0.000000000000000000, 0.000000000000000000 ) ) ;
#383 = AXIS2_PLACEMENT_3D ( 'NONE', #826, #1449, #557 ) ;
#384 = DIRECTION ( 'NONE',  ( 0.000000000000000000, -0.000000000000000000, -1.000000000000000000 ) ) ;
#385 = EDGE_CURVE ( 'NONE', #3498, #1123, #1010, .T. ) ;
#386 = VECTOR ( 'NONE', #1463, 1000.000000000000000 ) ;
#387 = ORIENTED_EDGE ( 'NONE', *, *, #850, .T. ) ;
#388 = DIRECTION ( 'NONE',  ( 0.000000000000000000, 0.000000000000000000, 1.000000000000000000 ) ) ;
#389 = CARTESIAN_POINT ( 'NONE',  ( 9.603123169220397770, 0.1898694203456419982, -0.009999999999999592548 ) ) ;
#390 = VERTEX_POINT ( 'NONE', #2548 ) ;
#391 = DIRECTION ( 'NONE',  ( 0.000000000000000000, 0.000000000000000000, 1.000000000000000000 ) ) ;
#392 = CARTESIAN_POINT ( 'NONE',  ( 0.000000000000000000, 0.000000000000000000, 0.000000000000000000 ) ) ;
#393 = CARTESIAN_POINT ( 'NONE',  ( -1.689791248403291757, -9.455190666338761929, -0.009999999999999592548 ) ) ;
#394 = ORIENTED_EDGE ( 'NONE', *, *, #3171, .F. ) ;
#395 = CIRCLE ( 'NONE', #3044, 1.499999999999924949 ) ;
#396 = EDGE_CURVE ( 'NONE', #2840, #2991, #161, .T. ) ;
#397 = ORIENTED_EDGE ( 'NONE', *, *, #3233, .T. ) ;
#398 = AXIS2_PLACEMENT_3D ( 'NONE', #238, #2585, #3762 ) ;
#399 = EDGE_CURVE ( 'NONE', #3671, #2109, #3725, .T. ) ;
#400 = ORIENTED_EDGE ( 'NONE', *, *, #1706, .F. ) ;
#401 = CARTESIAN_POINT ( 'NONE',  ( -60.76604953647608909, -46.84443189777462635, 0.000000000000000000 ) ) ;
#402 = FACE_BOUND ( 'NONE', #1286, .T. ) ;
#403 = AXIS2_PLACEMENT_3D ( 'NONE', #1682, #1099, #2273 ) ;
#404 = DIRECTION ( 'NONE',  ( 0.9510565162951533091, 0.3090169943749480619, 0.000000000000000000 ) ) ;
#405 = ORIENTED_EDGE ( 'NONE', *, *, #3753, .T. ) ;
#406 = FACE_OUTER_BOUND ( 'NONE', #3278, .T. ) ;
#407 = AXIS2_PLACEMENT_3D ( 'NONE', #984, #3011, #3609 ) ;
#408 = DIRECTION ( 'NONE',  ( 0.000000000000000000, 0.000000000000000000, 1.000000000000000000 ) ) ;
#409 = EDGE_LOOP ( 'NONE', ( #3463, #1100, #569, #799 ) ) ;
#410 = DIRECTION ( 'NONE',  ( 1.000000000000000000, 0.000000000000000000, 0.000000000000000000 ) ) ;
#411 = DIRECTION ( 'NONE',  ( 0.000000000000000000, 0.000000000000000000, 1.000000000000000000 ) ) ;
#412 = FACE_OUTER_BOUND ( 'NONE', #2147, .T. ) ;
#413 = EDGE_LOOP ( 'NONE', ( #1325, #2771, #1422, #3694 ) ) ;
#414 = VERTEX_POINT ( 'NONE', #1992 ) ;
#415 = ADVANCED_FACE ( 'NONE', ( #3169 ), #1087, .F. ) ;
#416 = ORIENTED_EDGE ( 'NONE', *, *, #3074, .T. ) ;
#417 = CARTESIAN_POINT ( 'NONE',  ( -47.51270673859566074, -37.14727256197699035, 4.990000000000000213 ) ) ;
#418 = ORIENTED_EDGE ( 'NONE', *, *, #206, .F. ) ;
#419 = CARTESIAN_POINT ( 'NONE',  ( 3.148104807829789742, -9.074439989273111351, -0.009999999999999592548 ) ) ;
#420 = AXIS2_PLACEMENT_3D ( 'NONE', #699, #3049, #1238 ) ;
#421 = ORIENTED_EDGE ( 'NONE', *, *, #1396, .F. ) ;
#422 = CARTESIAN_POINT ( 'NONE',  ( 0.000000000000000000, 0.000000000000000000, 0.000000000000000000 ) ) ;
#423 = LINE ( 'NONE', #660, #3304 ) ;
#424 = ORIENTED_EDGE ( 'NONE', *, *, #2670, .T. ) ;
#425 = CARTESIAN_POINT ( 'NONE',  ( 6.251709635951668176, -9.395649927148305380, 4.990000000000000213 ) ) ;
#426 = FACE_OUTER_BOUND ( 'NONE', #1854, .T. ) ;
#427 = DIRECTION ( 'NONE',  ( 0.8090169943749465631, 0.5877852522924742473, 0.000000000000000000 ) ) ;
#428 = ADVANCED_FACE ( 'NONE', ( #2880 ), #514, .T. ) ;
#429 = VERTEX_POINT ( 'NONE', #1130 ) ;
#430 = ORIENTED_EDGE ( 'NONE', *, *, #2782, .T. ) ;
#431 = AXIS2_PLACEMENT_3D ( 'NONE', #1726, #3801, #3231 ) ;
#432 = FACE_OUTER_BOUND ( 'NONE', #2505, .T. ) ;
#433 = EDGE_LOOP ( 'NONE', ( #982, #689, #2279, #2718 ) ) ;
#434 = VECTOR ( 'NONE', #2101, 1000.000000000000000 ) ;
#435 = PLANE ( 'NONE',  #517 ) ;
#436 = AXIS2_PLACEMENT_3D ( 'NONE', #3053, #3037, #953 ) ;
#437 = AXIS2_PLACEMENT_3D ( 'NONE', #15, #1453, #3808 ) ;
#438 = ADVANCED_FACE ( 'NONE', ( #2008 ), #549, .T. ) ;
#439 = AXIS2_PLACEMENT_3D ( 'NONE', #1297, #2513, #3380 ) ;
#440 = VERTEX_POINT ( 'NONE', #3188 ) ;
#441 = CARTESIAN_POINT ( 'NONE',  ( 9.603123169220397770, 0.1898694203456419982, -0.009999999999999592548 ) ) ;
#442 = CIRCLE ( 'NONE', #431, 3.557550373136731281 ) ;
#443 = ADVANCED_FACE ( 'NONE', ( #839 ), #2263, .T. ) ;
#444 = CARTESIAN_POINT ( 'NONE',  ( 0.000000000000000000, 0.000000000000000000, 0.000000000000000000 ) ) ;
#445 = EDGE_LOOP ( 'NONE', ( #2204, #2315, #1109, #258, #2747 ) ) ;
#446 = DIRECTION ( 'NONE',  ( 1.000000000000000000, 0.000000000000000000, 0.000000000000000000 ) ) ;
#447 = CARTESIAN_POINT ( 'NONE',  ( 0.000000000000000000, 0.000000000000000000, 0.000000000000000000 ) ) ;
#448 = CARTESIAN_POINT ( 'NONE',  ( -56.35318132041292216, -49.97964471520015906, 4.990000000000000213 ) ) ;
#449 = AXIS2_PLACEMENT_3D ( 'NONE', #823, #884, #842 ) ;
#450 = EDGE_LOOP ( 'NONE', ( #2169, #895, #3418, #763 ) ) ;
#451 = EDGE_CURVE ( 'NONE', #525, #1003, #3153, .T. ) ;
#452 = ORIENTED_EDGE ( 'NONE', *, *, #340, .F. ) ;
#453 = DIRECTION ( 'NONE',  ( 0.000000000000000000, 0.000000000000000000, 1.000000000000000000 ) ) ;
#454 = AXIS2_PLACEMENT_3D ( 'NONE', #3636, #979, #693 ) ;
#455 = ORIENTED_EDGE ( 'NONE', *, *, #3517, .F. ) ;
#456 = DIRECTION ( 'NONE',  ( 1.000000000000000000, 0.000000000000000000, 0.000000000000000000 ) ) ;
#457 = AXIS2_PLACEMENT_3D ( 'NONE', #2735, #2708, #670 ) ;
#458 = EDGE_CURVE ( 'NONE', #2310, #2769, #1746, .T. ) ;
#459 = ADVANCED_FACE ( 'NONE', ( #2303 ), #3763, .T. ) ;
#460 = ORIENTED_EDGE ( 'NONE', *, *, #1630, .T. ) ;
#461 = DIRECTION ( 'NONE',  ( 0.5877852522924713607, 0.8090169943749486725, 0.000000000000000000 ) ) ;
#462 = CARTESIAN_POINT ( 'NONE',  ( 7.583080820360526886, 8.985029274550099032, -0.009999999999999592548 ) ) ;
#463 = VERTEX_POINT ( 'NONE', #2848 ) ;
#464 = CARTESIAN_POINT ( 'NONE',  ( -57.13024757962700306, -45.94396256087145503, 0.000000000000000000 ) ) ;
#465 = ADVANCED_FACE ( 'NONE', ( #3501 ), #2865, .F. ) ;
#466 = DIRECTION ( 'NONE',  ( -0.000000000000000000, -0.000000000000000000, -1.000000000000000000 ) ) ;
#467 = DIRECTION ( 'NONE',  ( 1.000000000000000000, 0.000000000000000000, 0.000000000000000000 ) ) ;
#468 = ADVANCED_FACE ( 'NONE', ( #1725 ), #220, .F. ) ;
#469 = DIRECTION ( 'NONE',  ( -1.000000000000000000, 0.000000000000000000, 0.000000000000000000 ) ) ;
#470 = ORIENTED_EDGE ( 'NONE', *, *, #520, .F. ) ;
#471 = VERTEX_POINT ( 'NONE', #1400 ) ;
#472 = CARTESIAN_POINT ( 'NONE',  ( 0.000000000000000000, 0.000000000000000000, 4.990000000000000213 ) ) ;
#473 = VECTOR ( 'NONE', #3803, 1000.000000000000000 ) ;
#474 = VERTEX_POINT ( 'NONE', #2902 ) ;
#475 = CARTESIAN_POINT ( 'NONE',  ( 9.455190666338779693, -1.689791248403192725, 4.990000000000000213 ) ) ;
#476 = ORIENTED_EDGE ( 'NONE', *, *, #3481, .F. ) ;
#477 = LINE ( 'NONE', #1315, #2844 ) ;
#478 = DIRECTION ( 'NONE',  ( 0.000000000000000000, 0.000000000000000000, 1.000000000000000000 ) ) ;
#479 = ORIENTED_EDGE ( 'NONE', *, *, #3314, .F. ) ;
#480 = CYLINDRICAL_SURFACE ( 'NONE', #2032, 3.557550373136731281 ) ;
#481 = DIRECTION ( 'NONE',  ( 0.000000000000000000, 0.000000000000000000, 1.000000000000000000 ) ) ;
#482 = ORIENTED_EDGE ( 'NONE', *, *, #821, .F. ) ;
#483 = FACE_OUTER_BOUND ( 'NONE', #1881, .T. ) ;
#484 = VECTOR ( 'NONE', #2926, 1000.000000000000000 ) ;
#485 = CARTESIAN_POINT ( 'NONE',  ( 6.656175558859167118, -6.924691468191623400, -0.009999999999999592548 ) ) ;
#486 = CIRCLE ( 'NONE', #3039, 9.605000000000000426 ) ;
#487 = ORIENTED_EDGE ( 'NONE', *, *, #1997, .F. ) ;
#488 = VERTEX_POINT ( 'NONE', #1443 ) ;
#489 = DIRECTION ( 'NONE',  ( 0.000000000000000000, 0.000000000000000000, 1.000000000000000000 ) ) ;
#490 = ADVANCED_FACE ( 'NONE', ( #801 ), #858, .T. ) ;
#491 = ORIENTED_EDGE ( 'NONE', *, *, #1015, .F. ) ;
#492 = UNCERTAINTY_MEASURE_WITH_UNIT (LENGTH_MEASURE( 1.000000000000000082E-05 ), #365, 'distance_accuracy_value', 'NONE');
#493 = DIRECTION ( 'NONE',  ( 0.000000000000000000, 0.000000000000000000, 1.000000000000000000 ) ) ;
#494 = CIRCLE ( 'NONE', #1907, 11.75728990000000174 ) ;
#495 = EDGE_LOOP ( 'NONE', ( #2093, #3164, #108, #1819, #2996 ) ) ;
#496 = VECTOR ( 'NONE', #3365, 1000.000000000000114 ) ;
#497 = DIRECTION ( 'NONE',  ( 0.000000000000000000, 0.000000000000000000, 1.000000000000000000 ) ) ;
#498 = ADVANCED_FACE ( 'NONE', ( #2025 ), #1088, .T. ) ;
#499 = VECTOR ( 'NONE', #1243, 1000.000000000000000 ) ;
#500 = FACE_OUTER_BOUND ( 'NONE', #631, .T. ) ;
#501 = DIRECTION ( 'NONE',  ( 0.000000000000000000, 0.000000000000000000, 1.000000000000000000 ) ) ;
#502 = CIRCLE ( 'NONE', #316, 11.75728990000000174 ) ;
#503 = DIRECTION ( 'NONE',  ( 0.000000000000000000, 0.000000000000000000, 1.000000000000000000 ) ) ;
#504 = EDGE_LOOP ( 'NONE', ( #548, #2952, #531, #1219 ) ) ;
#505 = CIRCLE ( 'NONE', #2652, 3.557550373136731281 ) ;
#506 = DIRECTION ( 'NONE',  ( 0.000000000000000000, 0.000000000000000000, 1.000000000000000000 ) ) ;
#507 = CARTESIAN_POINT ( 'NONE',  ( -1.314727622981594513, 9.514594908737272760, -0.009999999999999592548 ) ) ;
#508 = EDGE_CURVE ( 'NONE', #2793, #833, #572, .T. ) ;
#509 = VERTEX_POINT ( 'NONE', #2630 ) ;
#510 = DIRECTION ( 'NONE',  ( 1.000000000000000000, 0.000000000000000000, 0.000000000000000000 ) ) ;
#511 = EDGE_CURVE ( 'NONE', #2793, #2228, #3355, .T. ) ;
#512 = ORIENTED_EDGE ( 'NONE', *, *, #906, .T. ) ;
#513 = EDGE_CURVE ( 'NONE', #954, #2752, #3226, .T. ) ;
#514 = CYLINDRICAL_SURFACE ( 'NONE', #398, 9.605000000000000426 ) ;
#515 = AXIS2_PLACEMENT_3D ( 'NONE', #31, #367, #1237 ) ;
#516 = DIRECTION ( 'NONE',  ( 1.000000000000000000, 0.000000000000000000, 0.000000000000000000 ) ) ;
#517 = AXIS2_PLACEMENT_3D ( 'NONE', #747, #1399, #456 ) ;
#518 = VERTEX_POINT ( 'NONE', #1994 ) ;
#519 = DIRECTION ( 'NONE',  ( 0.000000000000000000, 0.000000000000000000, 1.000000000000000000 ) ) ;
#520 = EDGE_CURVE ( 'NONE', #1787, #2981, #3539, .T. ) ;
#521 = CARTESIAN_POINT ( 'NONE',  ( 0.000000000000000000, 0.000000000000000000, -0.009999999999999592548 ) ) ;
#522 = DIRECTION ( 'NONE',  ( 1.000000000000000000, 0.000000000000000000, 0.000000000000000000 ) ) ;
#523 = AXIS2_PLACEMENT_3D ( 'NONE', #1183, #2348, #3534 ) ;
#524 = CARTESIAN_POINT ( 'NONE',  ( -49.01270673859567495, -37.14727256197699035, 0.000000000000000000 ) ) ;
#525 = VERTEX_POINT ( 'NONE', #2009 ) ;
#526 = DIRECTION ( 'NONE',  ( -0.000000000000000000, -0.000000000000000000, -1.000000000000000000 ) ) ;
#527 = DIRECTION ( 'NONE',  ( 0.000000000000000000, 0.000000000000000000, 1.000000000000000000 ) ) ;
#528 = EDGE_LOOP ( 'NONE', ( #487, #221 ) ) ;
#529 = AXIS2_PLACEMENT_3D ( 'NONE', #947, #3280, #3062 ) ;
#530 = VERTEX_POINT ( 'NONE', #3488 ) ;
#531 = ORIENTED_EDGE ( 'NONE', *, *, #3128, .T. ) ;
#532 = DIRECTION ( 'NONE',  ( -1.000000000000000000, 0.000000000000000000, 0.000000000000000000 ) ) ;
#533 = CARTESIAN_POINT ( 'NONE',  ( -2.694159262814868061, 9.395649927148326697, -0.009999999999999592548 ) ) ;
#534 = ORIENTED_EDGE ( 'NONE', *, *, #1760, .F. ) ;
#535 = CARTESIAN_POINT ( 'NONE',  ( 0.000000000000000000, 0.000000000000000000, -0.009999999999999592548 ) ) ;
#536 = FACE_OUTER_BOUND ( 'NONE', #3047, .T. ) ;
#537 = CARTESIAN_POINT ( 'NONE',  ( -2.811818304917468758, 11.41610895238710732, -0.009999999999999592548 ) ) ;
#538 = PRESENTATION_STYLE_ASSIGNMENT (( #2853 ) ) ;
#539 = EDGE_CURVE ( 'NONE', #2414, #2872, #2603, .T. ) ;
#540 = ORIENTED_EDGE ( 'NONE', *, *, #3529, .T. ) ;
#541 = DIRECTION ( 'NONE',  ( -0.000000000000000000, 0.000000000000000000, 1.000000000000000000 ) ) ;
#542 = CYLINDRICAL_SURFACE ( 'NONE', #1993, 9.605000000000000426 ) ;
#543 = VERTEX_POINT ( 'NONE', #2881 ) ;
#544 = AXIS2_PLACEMENT_3D ( 'NONE', #521, #3119, #3449 ) ;
#545 = DIRECTION ( 'NONE',  ( 0.000000000000000000, -0.000000000000000000, -1.000000000000000000 ) ) ;
#546 = ADVANCED_FACE ( 'NONE', ( #2587 ), #2922, .T. ) ;
#547 = VERTEX_POINT ( 'NONE', #2982 ) ;
#548 = ORIENTED_EDGE ( 'NONE', *, *, #1594, .F. ) ;
#549 = CYLINDRICAL_SURFACE ( 'NONE', #1506, 3.557550373136731281 ) ;
#550 = DIRECTION ( 'NONE',  ( -0.000000000000000000, -0.000000000000000000, -1.000000000000000000 ) ) ;
#551 = LINE ( 'NONE', #1520, #3265 ) ;
#552 = ORIENTED_EDGE ( 'NONE', *, *, #2071, .F. ) ;
#553 = CARTESIAN_POINT ( 'NONE',  ( 0.9913272588312966871, 11.71542299955661193, -0.009999999999999592548 ) ) ;
#554 = EDGE_CURVE ( 'NONE', #3384, #2991, #2422, .T. ) ;
#555 = LINE ( 'NONE', #1114, #484 ) ;
#556 = AXIS2_PLACEMENT_3D ( 'NONE', #960, #1841, #3618 ) ;
#557 = DIRECTION ( 'NONE',  ( -0.9510565162951510887, -0.3090169943749549453, 0.000000000000000000 ) ) ;
#558 = FILL_AREA_STYLE_COLOUR ( '', #2464 ) ;
#559 = ORIENTED_EDGE ( 'NONE', *, *, #1899, .F. ) ;
#560 = EDGE_CURVE ( 'NONE', #1833, #2246, #769, .T. ) ;
#561 = CARTESIAN_POINT ( 'NONE',  ( 11.71542299955662259, -0.9913272588311738964, -0.009999999999999592548 ) ) ;
#562 = CIRCLE ( 'NONE', #685, 11.75728990000000174 ) ;
#563 = CIRCLE ( 'NONE', #2957, 9.605000000000000426 ) ;
#564 = DIRECTION ( 'NONE',  ( 0.000000000000000000, 0.000000000000000000, 1.000000000000000000 ) ) ;
#565 = VECTOR ( 'NONE', #2500, 1000.000000000000000 ) ;
#566 = AXIS2_PLACEMENT_3D ( 'NONE', #2140, #3323, #1849 ) ;
#567 = ADVANCED_FACE ( 'NONE', ( #2435 ), #1764, .T. ) ;
#568 = CARTESIAN_POINT ( 'NONE',  ( -56.35318132041292216, -49.97964471520015906, 0.000000000000000000 ) ) ;
#569 = ORIENTED_EDGE ( 'NONE', *, *, #3232, .F. ) ;
#570 = VECTOR ( 'NONE', #322, 1000.000000000000000 ) ;
#571 = ORIENTED_EDGE ( 'NONE', *, *, #1637, .T. ) ;
#572 = LINE ( 'NONE', #239, #2298 ) ;
#573 = DIRECTION ( 'NONE',  ( 0.000000000000000000, 0.000000000000000000, 1.000000000000000000 ) ) ;
#574 = CARTESIAN_POINT ( 'NONE',  ( -2.080891717235860305, -9.376881926372925946, 4.990000000000000213 ) ) ;
#575 = CYLINDRICAL_SURFACE ( 'NONE', #3217, 9.605000000000000426 ) ;
#576 = EDGE_CURVE ( 'NONE', #2346, #1347, #898, .T. ) ;
#577 = VECTOR ( 'NONE', #999, 1000.000000000000000 ) ;
#578 = ADVANCED_FACE ( 'NONE', ( #1252 ), #940, .T. ) ;
#579 = CARTESIAN_POINT ( 'NONE',  ( 0.000000000000000000, 0.000000000000000000, -0.009999999999999592548 ) ) ;
#580 = LINE ( 'NONE', #3296, #570 ) ;
#581 = LINE ( 'NONE', #3786, #3208 ) ;
#582 = AXIS2_PLACEMENT_3D ( 'NONE', #3779, #1690, #516 ) ;
#583 = ORIENTED_EDGE ( 'NONE', *, *, #2034, .F. ) ;
#584 = CARTESIAN_POINT ( 'NONE',  ( 9.395649927148294722, 2.694159262814970202, 4.990000000000000213 ) ) ;
#585 = EDGE_CURVE ( 'NONE', #1352, #311, #955, .T. ) ;
#586 = CIRCLE ( 'NONE', #2739, 9.605000000000000426 ) ;
#587 = LINE ( 'NONE', #1436, #1509 ) ;
#588 = LINE ( 'NONE', #1950, #1783 ) ;
#589 = DIRECTION ( 'NONE',  ( -0.3090169943749382919, -0.9510565162951565288, 0.000000000000000000 ) ) ;
#590 = ORIENTED_EDGE ( 'NONE', *, *, #1055, .T. ) ;
#591 = EDGE_LOOP ( 'NONE', ( #3060, #1128 ) ) ;
#592 = ORIENTED_EDGE ( 'NONE', *, *, #627, .T. ) ;
#593 = CARTESIAN_POINT ( 'NONE',  ( 0.3411177778495483870, 9.768335085804976003, -0.009999999999999592548 ) ) ;
#594 = CARTESIAN_POINT ( 'NONE',  ( 3.343003833710739503, 9.184827546270467380, -0.009999999999999592548 ) ) ;
#595 = CIRCLE ( 'NONE', #1213, 3.557550373136731281 ) ;
#596 = CARTESIAN_POINT ( 'NONE',  ( -1.314727622981594513, 9.514594908737272760, -0.009999999999999592548 ) ) ;
#597 = CARTESIAN_POINT ( 'NONE',  ( -9.701433248369587758, 1.191186221529866751, -0.009999999999999592548 ) ) ;
#598 = CYLINDRICAL_SURFACE ( 'NONE', #980, 3.557550373136731281 ) ;
#599 = CARTESIAN_POINT ( 'NONE',  ( 11.72626445121725958, -0.8535735543937276182, -0.009999999999999592548 ) ) ;
#600 =( NAMED_UNIT ( * ) PLANE_ANGLE_UNIT ( ) SI_UNIT ( $, .RADIAN. ) );
#601 = ORIENTED_EDGE ( 'NONE', *, *, #347, .T. ) ;
#602 = DIRECTION ( 'NONE',  ( 1.000000000000000000, 0.000000000000000000, 0.000000000000000000 ) ) ;
#603 = CARTESIAN_POINT ( 'NONE',  ( 7.880692288115590749, -5.490966587044167291, -0.009999999999999592548 ) ) ;
#604 = DIRECTION ( 'NONE',  ( 0.000000000000000000, 0.000000000000000000, 1.000000000000000000 ) ) ;
#605 = CARTESIAN_POINT ( 'NONE',  ( 0.000000000000000000, 0.000000000000000000, -0.009999999999999592548 ) ) ;
#606 = ORIENTED_EDGE ( 'NONE', *, *, #1828, .F. ) ;
#607 = ORIENTED_EDGE ( 'NONE', *, *, #2713, .F. ) ;
#608 = AXIS2_PLACEMENT_3D ( 'NONE', #2235, #2829, #3417 ) ;
#609 = DIRECTION ( 'NONE',  ( 0.000000000000000000, 0.000000000000000000, 1.000000000000000000 ) ) ;
#610 = CARTESIAN_POINT ( 'NONE',  ( 0.000000000000000000, 0.000000000000000000, 0.000000000000000000 ) ) ;
#611 = EDGE_CURVE ( 'NONE', #1845, #3653, #3330, .T. ) ;
#612 = LINE ( 'NONE', #27, #2737 ) ;
#613 = CARTESIAN_POINT ( 'NONE',  ( 0.000000000000000000, 0.000000000000000000, 4.990000000000000213 ) ) ;
#614 = DIRECTION ( 'NONE',  ( 0.9104840587985004730, 0.4135441677424657181, 0.000000000000000000 ) ) ;
#615 = ADVANCED_FACE ( 'NONE', ( #360 ), #2371, .F. ) ;
#616 = VERTEX_POINT ( 'NONE', #1519 ) ;
#617 = CARTESIAN_POINT ( 'NONE',  ( 9.594708094182349711, 1.865022325433443484, 4.990000000000000213 ) ) ;
#618 = CYLINDRICAL_SURFACE ( 'NONE', #523, 9.605000000000000426 ) ;
#619 = PLANE ( 'NONE',  #2341 ) ;
#620 = CARTESIAN_POINT ( 'NONE',  ( 0.000000000000000000, 0.000000000000000000, -0.009999999999999592548 ) ) ;
#621 = AXIS2_PLACEMENT_3D ( 'NONE', #3613, #3346, #2410 ) ;
#622 = CARTESIAN_POINT ( 'NONE',  ( 0.000000000000000000, 0.000000000000000000, -0.009999999999999592548 ) ) ;
#623 = EDGE_CURVE ( 'NONE', #1248, #1401, #2118, .T. ) ;
#624 = ORIENTED_EDGE ( 'NONE', *, *, #951, .F. ) ;
#625 = CIRCLE ( 'NONE', #2777, 3.557550373136731281 ) ;
#626 = AXIS2_PLACEMENT_3D ( 'NONE', #3626, #81, #3612 ) ;
#627 = EDGE_CURVE ( 'NONE', #3203, #616, #3105, .T. ) ;
#628 = AXIS2_PLACEMENT_3D ( 'NONE', #2252, #2852, #267 ) ;
#629 = VERTEX_POINT ( 'NONE', #2647 ) ;
#630 = CIRCLE ( 'NONE', #556, 11.75728990000000174 ) ;
#631 = EDGE_LOOP ( 'NONE', ( #2278, #3485, #491, #292 ) ) ;
#632 = DIRECTION ( 'NONE',  ( 0.8090169943749553338, -0.5877852522924623679, 0.000000000000000000 ) ) ;
#633 = EDGE_CURVE ( 'NONE', #3287, #1778, #335, .T. ) ;
#634 = CIRCLE ( 'NONE', #2037, 3.557550373136731281 ) ;
#635 = DIRECTION ( 'NONE',  ( 1.000000000000000000, 0.000000000000000000, 0.000000000000000000 ) ) ;
#636 = LINE ( 'NONE', #942, #2681 ) ;
#637 = DIRECTION ( 'NONE',  ( -0.000000000000000000, -0.000000000000000000, -1.000000000000000000 ) ) ;
#638 = EDGE_CURVE ( 'NONE', #2001, #1329, #2672, .T. ) ;
#639 = VERTEX_POINT ( 'NONE', #1799 ) ;
#640 = DIRECTION ( 'NONE',  ( 0.000000000000000000, 0.000000000000000000, 1.000000000000000000 ) ) ;
#641 = CARTESIAN_POINT ( 'NONE',  ( -58.28452317285918838, -48.53026311906409518, 0.000000000000000000 ) ) ;
#642 = EDGE_LOOP ( 'NONE', ( #590, #1700, #3447, #65, #713 ) ) ;
#643 = CARTESIAN_POINT ( 'NONE',  ( -54.13024757962696754, -45.94396256087145503, 4.990000000000000213 ) ) ;
#644 = AXIS2_PLACEMENT_3D ( 'NONE', #2305, #384, #2770 ) ;
#645 = FACE_OUTER_BOUND ( 'NONE', #3353, .T. ) ;
#646 = DIRECTION ( 'NONE',  ( 0.5877852522924715828, 0.8090169943749486725, 0.000000000000000000 ) ) ;
#647 = ORIENTED_EDGE ( 'NONE', *, *, #1872, .F. ) ;
#648 = AXIS2_PLACEMENT_3D ( 'NONE', #2937, #1477, #338 ) ;
#649 = AXIS2_PLACEMENT_3D ( 'NONE', #3360, #2159, #1585 ) ;
#650 = ORIENTED_EDGE ( 'NONE', *, *, #3797, .F. ) ;
#651 = ORIENTED_EDGE ( 'NONE', *, *, #513, .T. ) ;
#652 = DIRECTION ( 'NONE',  ( 1.000000000000000000, 0.000000000000000000, 0.000000000000000000 ) ) ;
#653 = DIRECTION ( 'NONE',  ( 1.000000000000000000, 0.000000000000000000, 0.000000000000000000 ) ) ;
#654 = DIRECTION ( 'NONE',  ( -0.000000000000000000, -0.000000000000000000, -1.000000000000000000 ) ) ;
#655 = VECTOR ( 'NONE', #1847, 1000.000000000000000 ) ;
#656 = CYLINDRICAL_SURFACE ( 'NONE', #1044, 9.605000000000000426 ) ;
#657 = SHAPE_DEFINITION_REPRESENTATION ( #2129, #1928 ) ;
#658 = ORIENTED_EDGE ( 'NONE', *, *, #2791, .T. ) ;
#659 = DIRECTION ( 'NONE',  ( 0.000000000000000000, 0.000000000000000000, 1.000000000000000000 ) ) ;
#660 = CARTESIAN_POINT ( 'NONE',  ( 0.9913272588312966871, 11.71542299955661193, -0.009999999999999592548 ) ) ;
#661 = ORIENTED_EDGE ( 'NONE', *, *, #3232, .T. ) ;
#662 = DIRECTION ( 'NONE',  ( 1.000000000000000000, 0.000000000000000000, 0.000000000000000000 ) ) ;
#663 = EDGE_CURVE ( 'NONE', #3096, #2081, #3604, .T. ) ;
#664 = DIRECTION ( 'NONE',  ( 1.000000000000000000, 0.000000000000000000, 0.000000000000000000 ) ) ;
#665 = CARTESIAN_POINT ( 'NONE',  ( -6.201969797453352307, 9.988465168589137022, -0.009999999999999592548 ) ) ;
#666 = ORIENTED_EDGE ( 'NONE', *, *, #1534, .F. ) ;
#667 = EDGE_LOOP ( 'NONE', ( #1892, #1337, #2493, #400 ) ) ;
#668 = ADVANCED_FACE ( 'NONE', ( #917 ), #1192, .F. ) ;
#669 = EDGE_LOOP ( 'NONE', ( #2362, #2551, #1703, #3396 ) ) ;
#670 = DIRECTION ( 'NONE',  ( 1.000000000000000000, 0.000000000000000000, 0.000000000000000000 ) ) ;
#671 = LINE ( 'NONE', #3351, #1914 ) ;
#672 = CARTESIAN_POINT ( 'NONE',  ( 0.1898694203455414120, -9.603123169220399546, -0.009999999999999592548 ) ) ;
#673 = VECTOR ( 'NONE', #843, 999.9999999999998863 ) ;
#674 = CARTESIAN_POINT ( 'NONE',  ( -34.03248131559538336, -30.39709937034387366, 4.990000000000000213 ) ) ;
#675 = VERTEX_POINT ( 'NONE', #1501 ) ;
#676 = CARTESIAN_POINT ( 'NONE',  ( 2.786951708899974456, 9.191785744470957198, 4.990000000000000213 ) ) ;
#677 = DIRECTION ( 'NONE',  ( 1.000000000000000000, 1.734723475976805517E-15, 0.000000000000000000 ) ) ;
#678 = ADVANCED_FACE ( 'NONE', ( #25 ), #1214, .T. ) ;
#679 = ORIENTED_EDGE ( 'NONE', *, *, #1976, .F. ) ;
#680 = DIRECTION ( 'NONE',  ( 0.000000000000000000, 0.000000000000000000, 1.000000000000000000 ) ) ;
#681 = EDGE_CURVE ( 'NONE', #2703, #215, #3289, .T. ) ;
#682 = CARTESIAN_POINT ( 'NONE',  ( 9.701433248369593088, -1.191186221529800804, -0.009999999999999592548 ) ) ;
#683 = CARTESIAN_POINT ( 'NONE',  ( 7.702245092050592490, -6.017653382250927940, 4.990000000000000213 ) ) ;
#684 = ORIENTED_EDGE ( 'NONE', *, *, #2496, .T. ) ;
#685 = AXIS2_PLACEMENT_3D ( 'NONE', #1653, #3149, #3512 ) ;
#686 = EDGE_LOOP ( 'NONE', ( #313, #1545, #2022, #2882, #1893 ) ) ;
#687 = AXIS2_PLACEMENT_3D ( 'NONE', #1488, #270, #602 ) ;
#688 = VECTOR ( 'NONE', #2594, 1000.000000000000000 ) ;
#689 = ORIENTED_EDGE ( 'NONE', *, *, #3605, .F. ) ;
#690 = CIRCLE ( 'NONE', #2219, 9.605000000000000426 ) ;
#691 = CARTESIAN_POINT ( 'NONE',  ( 0.000000000000000000, 0.000000000000000000, -0.009999999999999592548 ) ) ;
#692 = DIRECTION ( 'NONE',  ( -0.8271754545389593538, 0.5619437404298281979, 0.000000000000000000 ) ) ;
#693 = DIRECTION ( 'NONE',  ( -1.000000000000000000, 0.000000000000000000, 0.000000000000000000 ) ) ;
#694 = VECTOR ( 'NONE', #1939, 1000.000000000000000 ) ;
#695 =( GEOMETRIC_REPRESENTATION_CONTEXT ( 3 ) GLOBAL_UNCERTAINTY_ASSIGNED_CONTEXT ( ( #492 ) ) GLOBAL_UNIT_ASSIGNED_CONTEXT ( ( #365, #600, #2059 ) ) REPRESENTATION_CONTEXT ( 'NONE', 'WORKASPACE' ) );
#696 = CIRCLE ( 'NONE', #1535, 3.557550373136730837 ) ;
#697 = VERTEX_POINT ( 'NONE', #401 ) ;
#698 = DIRECTION ( 'NONE',  ( 0.000000000000000000, 0.000000000000000000, 1.000000000000000000 ) ) ;
#699 = CARTESIAN_POINT ( 'NONE',  ( 0.000000000000000000, 0.000000000000000000, -0.009999999999999592548 ) ) ;
#700 = ORIENTED_EDGE ( 'NONE', *, *, #3292, .T. ) ;
#701 = CARTESIAN_POINT ( 'NONE',  ( -28.02860062826755083, 12.83944006063886079, 0.000000000000000000 ) ) ;
#702 = EDGE_CURVE ( 'NONE', #2813, #2793, #3357, .T. ) ;
#703 = DIRECTION ( 'NONE',  ( 0.000000000000000000, 0.000000000000000000, 1.000000000000000000 ) ) ;
#704 = DIRECTION ( 'NONE',  ( 0.000000000000000000, 0.000000000000000000, 1.000000000000000000 ) ) ;
#705 = VERTEX_POINT ( 'NONE', #2874 ) ;
#706 = AXIS2_PLACEMENT_3D ( 'NONE', #1882, #2711, #1842 ) ;
#707 = VERTEX_POINT ( 'NONE', #3402 ) ;
#708 = EDGE_LOOP ( 'NONE', ( #2576, #1306, #1995, #1285 ) ) ;
#709 = DIRECTION ( 'NONE',  ( -0.5619437404298280869, -0.8271754545389592428, 0.000000000000000000 ) ) ;
#710 = AXIS2_PLACEMENT_3D ( 'NONE', #2678, #564, #1755 ) ;
#711 = VERTEX_POINT ( 'NONE', #2817 ) ;
#712 = CARTESIAN_POINT ( 'NONE',  ( -34.03248131559538336, -30.39709937034387366, 4.990000000000000213 ) ) ;
#713 = ORIENTED_EDGE ( 'NONE', *, *, #1648, .F. ) ;
#714 = DIRECTION ( 'NONE',  ( -0.000000000000000000, 0.000000000000000000, 1.000000000000000000 ) ) ;
#715 = ADVANCED_FACE ( 'NONE', ( #106 ), #3752, .T. ) ;
#716 = CYLINDRICAL_SURFACE ( 'NONE', #529, 9.605000000000000426 ) ;
#717 = ORIENTED_EDGE ( 'NONE', *, *, #3186, .F. ) ;
#718 = CARTESIAN_POINT ( 'NONE',  ( 0.000000000000000000, 0.000000000000000000, -0.009999999999999592548 ) ) ;
#719 = DIRECTION ( 'NONE',  ( 0.8090169943748836134, -0.5877852522925608447, 0.000000000000000000 ) ) ;
#720 = CARTESIAN_POINT ( 'NONE',  ( 10.88857148387369378, -4.435411687004329195, -0.009999999999999592548 ) ) ;
#721 = ORIENTED_EDGE ( 'NONE', *, *, #2193, .T. ) ;
#722 = ORIENTED_EDGE ( 'NONE', *, *, #1810, .F. ) ;
#723 = ADVANCED_FACE ( 'NONE', ( #1961 ), #1410, .F. ) ;
#724 = ORIENTED_EDGE ( 'NONE', *, *, #3597, .F. ) ;
#725 = DIRECTION ( 'NONE',  ( -0.000000000000000000, 0.000000000000000000, 1.000000000000000000 ) ) ;
#726 = ORIENTED_EDGE ( 'NONE', *, *, #3630, .F. ) ;
#727 = LINE ( 'NONE', #2474, #3411 ) ;
#728 = VECTOR ( 'NONE', #2868, 1000.000000000000000 ) ;
#729 = ORIENTED_EDGE ( 'NONE', *, *, #451, .F. ) ;
#730 = CARTESIAN_POINT ( 'NONE',  ( 0.000000000000000000, 0.000000000000000000, -0.009999999999999592548 ) ) ;
#731 = CARTESIAN_POINT ( 'NONE',  ( 0.000000000000000000, 0.000000000000000000, 4.990000000000000213 ) ) ;
#732 = VERTEX_POINT ( 'NONE', #507 ) ;
#733 = DIRECTION ( 'NONE',  ( -0.000000000000000000, -0.000000000000000000, 1.000000000000000000 ) ) ;
#734 = EDGE_CURVE ( 'NONE', #166, #1134, #1140, .T. ) ;
#735 = LINE ( 'NONE', #1661, #252 ) ;
#736 = DIRECTION ( 'NONE',  ( 1.000000000000000000, 0.000000000000000000, 0.000000000000000000 ) ) ;
#737 = EDGE_CURVE ( 'NONE', #2889, #530, #3717, .T. ) ;
#738 = EDGE_LOOP ( 'NONE', ( #479, #994, #1162, #1281, #1191 ) ) ;
#739 = EDGE_CURVE ( 'NONE', #3112, #192, #172, .T. ) ;
#740 = VECTOR ( 'NONE', #2967, 1000.000000000000000 ) ;
#741 = ORIENTED_EDGE ( 'NONE', *, *, #1916, .T. ) ;
#742 = ADVANCED_FACE ( 'NONE', ( #1927 ), #3721, .T. ) ;
#743 = VECTOR ( 'NONE', #1765, 1000.000000000000000 ) ;
#744 = CYLINDRICAL_SURFACE ( 'NONE', #1610, 11.75728989999999996 ) ;
#745 = ORIENTED_EDGE ( 'NONE', *, *, #105, .F. ) ;
#746 = CIRCLE ( 'NONE', #2579, 3.557550373136731281 ) ;
#747 = CARTESIAN_POINT ( 'NONE',  ( 0.000000000000000000, 0.000000000000000000, 4.990000000000000213 ) ) ;
#748 = AXIS2_PLACEMENT_3D ( 'NONE', #291, #1186, #3262 ) ;
#749 = AXIS2_PLACEMENT_3D ( 'NONE', #2890, #526, #2658 ) ;
#750 = ADVANCED_FACE ( 'NONE', ( #2294 ), #1083, .T. ) ;
#751 = AXIS2_PLACEMENT_3D ( 'NONE', #3090, #2514, #719 ) ;
#752 = CIRCLE ( 'NONE', #2468, 9.605000000000000426 ) ;
#753 = ORIENTED_EDGE ( 'NONE', *, *, #1872, .T. ) ;
#754 = CARTESIAN_POINT ( 'NONE',  ( 8.548786061474356046, 4.738669492808634587, -0.009999999999999592548 ) ) ;
#755 = AXIS2_PLACEMENT_3D ( 'NONE', #921, #47, #1176 ) ;
#756 = DIRECTION ( 'NONE',  ( -0.000000000000000000, 0.000000000000000000, 1.000000000000000000 ) ) ;
#757 = ORIENTED_EDGE ( 'NONE', *, *, #2877, .T. ) ;
#758 = CARTESIAN_POINT ( 'NONE',  ( -36.23400788493299274, -12.27648147332590867, 4.990000000000000213 ) ) ;
#759 = PLANE ( 'NONE',  #1615 ) ;
#760 = CYLINDRICAL_SURFACE ( 'NONE', #2155, 9.605000000000000426 ) ;
#761 = DIRECTION ( 'NONE',  ( 0.000000000000000000, 0.000000000000000000, 1.000000000000000000 ) ) ;
#762 = AXIS2_PLACEMENT_3D ( 'NONE', #1584, #2758, #1568 ) ;
#763 = ORIENTED_EDGE ( 'NONE', *, *, #45, .T. ) ;
#764 = ORIENTED_EDGE ( 'NONE', *, *, #2277, .T. ) ;
#765 = FACE_OUTER_BOUND ( 'NONE', #1910, .T. ) ;
#766 = AXIS2_PLACEMENT_3D ( 'NONE', #1104, #1070, #2247 ) ;
#767 = ORIENTED_EDGE ( 'NONE', *, *, #3035, .F. ) ;
#768 = DIRECTION ( 'NONE',  ( -0.3090169943749383474, -0.9510565162951566398, 0.000000000000000000 ) ) ;
#769 = CIRCLE ( 'NONE', #648, 11.75728989999999996 ) ;
#770 = VECTOR ( 'NONE', #2020, 1000.000000000000000 ) ;
#771 = ORIENTED_EDGE ( 'NONE', *, *, #98, .F. ) ;
#772 = LINE ( 'NONE', #1036, #2288 ) ;
#773 = DIRECTION ( 'NONE',  ( -0.000000000000000000, 0.000000000000000000, 1.000000000000000000 ) ) ;
#774 = ORIENTED_EDGE ( 'NONE', *, *, #1122, .F. ) ;
#775 = CYLINDRICAL_SURFACE ( 'NONE', #3273, 11.75728989999999996 ) ;
#776 = DIRECTION ( 'NONE',  ( 0.000000000000000000, 0.000000000000000000, 1.000000000000000000 ) ) ;
#777 = ORIENTED_EDGE ( 'NONE', *, *, #1015, .T. ) ;
#778 = CARTESIAN_POINT ( 'NONE',  ( -2.814921520413728118, 6.197502881243888595, 4.990000000000000213 ) ) ;
#779 = CARTESIAN_POINT ( 'NONE',  ( 0.000000000000000000, 0.000000000000000000, 0.000000000000000000 ) ) ;
#780 = ADVANCED_FACE ( 'NONE', ( #1063 ), #3163, .T. ) ;
#781 = VERTEX_POINT ( 'NONE', #3127 ) ;
#782 = ORIENTED_EDGE ( 'NONE', *, *, #214, .F. ) ;
#783 = DIRECTION ( 'NONE',  ( 0.9510565162951534202, 0.3090169943749481174, 0.000000000000000000 ) ) ;
#784 = ORIENTED_EDGE ( 'NONE', *, *, #638, .F. ) ;
#785 = EDGE_CURVE ( 'NONE', #675, #3689, #827, .T. ) ;
#786 = EDGE_CURVE ( 'NONE', #2108, #3671, #1649, .T. ) ;
#787 = CARTESIAN_POINT ( 'NONE',  ( 6.656175558859167118, -6.924691468191623400, -0.009999999999999592548 ) ) ;
#788 = ORIENTED_EDGE ( 'NONE', *, *, #1126, .T. ) ;
#789 = CARTESIAN_POINT ( 'NONE',  ( 2.677456553861688349, -11.44836635484841203, -0.009999999999999592548 ) ) ;
#790 = CARTESIAN_POINT ( 'NONE',  ( -3.148104807829725349, 9.074439989273136220, -0.009999999999999592548 ) ) ;
#791 = DIRECTION ( 'NONE',  ( 0.000000000000000000, 0.000000000000000000, 1.000000000000000000 ) ) ;
#792 = FACE_OUTER_BOUND ( 'NONE', #93, .T. ) ;
#793 = ORIENTED_EDGE ( 'NONE', *, *, #2222, .T. ) ;
#794 = CARTESIAN_POINT ( 'NONE',  ( 1.689791248403291757, 9.455190666338761929, -0.009999999999999592548 ) ) ;
#795 = EDGE_CURVE ( 'NONE', #2743, #2813, #1450, .T. ) ;
#796 = CARTESIAN_POINT ( 'NONE',  ( -8.858514522346341735, 4.130793161647340561, 4.990000000000000213 ) ) ;
#797 = EDGE_LOOP ( 'NONE', ( #3329, #59, #3033, #1077 ) ) ;
#798 = DIRECTION ( 'NONE',  ( -0.4164670122070420200, -0.9091508278296509538, 0.000000000000000000 ) ) ;
#799 = ORIENTED_EDGE ( 'NONE', *, *, #737, .F. ) ;
#800 = DIRECTION ( 'NONE',  ( -0.000000000000000000, -0.000000000000000000, -1.000000000000000000 ) ) ;
#801 = FACE_OUTER_BOUND ( 'NONE', #2535, .T. ) ;
#802 = AXIS2_PLACEMENT_3D ( 'NONE', #2187, #725, #653 ) ;
#803 = CIRCLE ( 'NONE', #2586, 11.75728989999999996 ) ;
#804 = ORIENTED_EDGE ( 'NONE', *, *, #1312, .T. ) ;
#805 = DIRECTION ( 'NONE',  ( 1.000000000000000000, 0.000000000000000000, 0.000000000000000000 ) ) ;
#806 = VECTOR ( 'NONE', #1571, 1000.000000000000000 ) ;
#807 = FACE_OUTER_BOUND ( 'NONE', #1715, .T. ) ;
#808 = CARTESIAN_POINT ( 'NONE',  ( -0.8535735543938504089, -11.72626445121725069, -0.009999999999999592548 ) ) ;
#809 = CIRCLE ( 'NONE', #2526, 11.75728989999999996 ) ;
#810 = AXIS2_PLACEMENT_3D ( 'NONE', #345, #1806, #2421 ) ;
#811 = ORIENTED_EDGE ( 'NONE', *, *, #1178, .T. ) ;
#812 = VECTOR ( 'NONE', #2938, 1000.000000000000000 ) ;
#813 = FACE_OUTER_BOUND ( 'NONE', #2797, .T. ) ;
#814 = DIRECTION ( 'NONE',  ( -0.000000000000000000, -0.000000000000000000, -1.000000000000000000 ) ) ;
#815 = ORIENTED_EDGE ( 'NONE', *, *, #1801, .F. ) ;
#816 = VERTEX_POINT ( 'NONE', #1698 ) ;
#817 = VERTEX_POINT ( 'NONE', #1665 ) ;
#818 = CARTESIAN_POINT ( 'NONE',  ( -1.314727622981594513, 9.514594908737272760, -0.009999999999999592548 ) ) ;
#819 = DIRECTION ( 'NONE',  ( -0.9510565162951511997, -0.3090169943749549453, 0.000000000000000000 ) ) ;
#820 = AXIS2_PLACEMENT_3D ( 'NONE', #2070, #2374, #1481 ) ;
#821 = EDGE_CURVE ( 'NONE', #3298, #1026, #996, .T. ) ;
#822 = ORIENTED_EDGE ( 'NONE', *, *, #1345, .T. ) ;
#823 = CARTESIAN_POINT ( 'NONE',  ( 0.000000000000000000, 0.000000000000000000, 4.990000000000000213 ) ) ;
#824 = AXIS2_PLACEMENT_3D ( 'NONE', #3580, #87, #3600 ) ;
#825 = CARTESIAN_POINT ( 'NONE',  ( -55.63024757962698885, -45.94396256087145503, 0.000000000000000000 ) ) ;
#826 = CARTESIAN_POINT ( 'NONE',  ( -0.3411177778494789981, -9.768335085804977780, -0.009999999999999592548 ) ) ;
#827 = CIRCLE ( 'NONE', #1576, 3.557550373136731281 ) ;
#828 = CARTESIAN_POINT ( 'NONE',  ( 7.880692288115590749, -5.490966587044168179, 4.990000000000000213 ) ) ;
#829 = ORIENTED_EDGE ( 'NONE', *, *, #508, .F. ) ;
#830 = DIRECTION ( 'NONE',  ( 0.000000000000000000, 0.000000000000000000, 1.000000000000000000 ) ) ;
#831 = EDGE_CURVE ( 'NONE', #1868, #1058, #1811, .T. ) ;
#832 = CARTESIAN_POINT ( 'NONE',  ( 2.677456553861688349, -11.44836635484841203, -0.009999999999999592548 ) ) ;
#833 = VERTEX_POINT ( 'NONE', #2451 ) ;
#834 = CARTESIAN_POINT ( 'NONE',  ( 11.72626445121725958, -0.8535735543937276182, -0.009999999999999592548 ) ) ;
#835 = VERTEX_POINT ( 'NONE', #3632 ) ;
#836 = ORIENTED_EDGE ( 'NONE', *, *, #3605, .T. ) ;
#837 = ADVANCED_FACE ( 'NONE', ( #2217 ), #213, .F. ) ;
#838 = DIRECTION ( 'NONE',  ( 0.000000000000000000, 0.000000000000000000, 1.000000000000000000 ) ) ;
#839 = FACE_OUTER_BOUND ( 'NONE', #2787, .T. ) ;
#840 = DIRECTION ( 'NONE',  ( -0.7998259907937765867, 0.6002319422113036040, 0.000000000000000000 ) ) ;
#841 = ORIENTED_EDGE ( 'NONE', *, *, #2071, .T. ) ;
#842 = DIRECTION ( 'NONE',  ( 1.000000000000000000, 0.000000000000000000, 0.000000000000000000 ) ) ;
#843 = DIRECTION ( 'NONE',  ( 0.5619437404298281979, 0.8271754545389593538, 0.000000000000000000 ) ) ;
#844 = EDGE_CURVE ( 'NONE', #440, #311, #1206, .T. ) ;
#845 = CARTESIAN_POINT ( 'NONE',  ( 8.470246483331964171, -4.528901578926452842, 4.990000000000000213 ) ) ;
#846 = DIRECTION ( 'NONE',  ( -0.6812321144496722436, -0.7320674874917125763, 0.000000000000000000 ) ) ;
#847 = ORIENTED_EDGE ( 'NONE', *, *, #1926, .F. ) ;
#848 = DIRECTION ( 'NONE',  ( -0.000000000000000000, -0.000000000000000000, -1.000000000000000000 ) ) ;
#849 = FACE_OUTER_BOUND ( 'NONE', #1813, .T. ) ;
#850 = EDGE_CURVE ( 'NONE', #2246, #937, #587, .T. ) ;
#851 = CARTESIAN_POINT ( 'NONE',  ( 1.191186221529767053, 9.701433248369598417, -0.009999999999999592548 ) ) ;
#852 = ORIENTED_EDGE ( 'NONE', *, *, #2160, .F. ) ;
#853 = AXIS2_PLACEMENT_3D ( 'NONE', #12, #2942, #1464 ) ;
#854 = VERTEX_POINT ( 'NONE', #2915 ) ;
#855 = EDGE_CURVE ( 'NONE', #1029, #3406, #1875, .T. ) ;
#856 = EDGE_LOOP ( 'NONE', ( #2809, #583, #3081, #204 ) ) ;
#857 = EDGE_CURVE ( 'NONE', #3437, #148, #1471, .T. ) ;
#858 = CYLINDRICAL_SURFACE ( 'NONE', #2984, 11.75728989999999996 ) ;
#859 = DIRECTION ( 'NONE',  ( 1.000000000000000000, 0.000000000000000000, 0.000000000000000000 ) ) ;
#860 = DIRECTION ( 'NONE',  ( 0.8090169943749551118, -0.5877852522924627010, 0.000000000000000000 ) ) ;
#861 = CARTESIAN_POINT ( 'NONE',  ( 6.924691468191600308, 6.656175558859191099, -0.009999999999999592548 ) ) ;
#862 = EDGE_CURVE ( 'NONE', #3807, #3182, #251, .T. ) ;
#863 = DIRECTION ( 'NONE',  ( 1.000000000000000000, 0.000000000000000000, 0.000000000000000000 ) ) ;
#864 = AXIS2_PLACEMENT_3D ( 'NONE', #2943, #1465, #3563 ) ;
#865 = CYLINDRICAL_SURFACE ( 'NONE', #3583, 3.557550373136731281 ) ;
#866 = CIRCLE ( 'NONE', #1850, 3.557550373136731281 ) ;
#867 = CARTESIAN_POINT ( 'NONE',  ( 2.694159262814937339, -9.395649927148305380, -0.009999999999999592548 ) ) ;
#868 = VERTEX_POINT ( 'NONE', #326 ) ;
#869 = DIRECTION ( 'NONE',  ( 0.5877852522924829071, -0.8090169943749403458, 0.000000000000000000 ) ) ;
#870 = AXIS2_PLACEMENT_3D ( 'NONE', #472, #1338, #783 ) ;
#871 = CIRCLE ( 'NONE', #1182, 3.557550373136731281 ) ;
#872 = LINE ( 'NONE', #3243, #22 ) ;
#873 = DIRECTION ( 'NONE',  ( -0.6002319422113036040, -0.7998259907937765867, 0.000000000000000000 ) ) ;
#874 = CIRCLE ( 'NONE', #3698, 11.75728989999999996 ) ;
#875 = CIRCLE ( 'NONE', #1113, 3.557550373136731281 ) ;
#876 = CYLINDRICAL_SURFACE ( 'NONE', #2885, 11.75728989999999996 ) ;
#877 = ORIENTED_EDGE ( 'NONE', *, *, #2205, .F. ) ;
#878 = ORIENTED_EDGE ( 'NONE', *, *, #1967, .F. ) ;
#879 = VECTOR ( 'NONE', #2867, 1000.000000000000000 ) ;
#880 = ORIENTED_EDGE ( 'NONE', *, *, #3115, .T. ) ;
#881 = DIRECTION ( 'NONE',  ( 0.000000000000000000, 0.000000000000000000, 1.000000000000000000 ) ) ;
#882 = DIRECTION ( 'NONE',  ( 0.000000000000000000, 0.000000000000000000, 1.000000000000000000 ) ) ;
#883 = CARTESIAN_POINT ( 'NONE',  ( -58.15387714704682764, -52.37912268758148571, 0.000000000000000000 ) ) ;
#884 = DIRECTION ( 'NONE',  ( 0.000000000000000000, 0.000000000000000000, 1.000000000000000000 ) ) ;
#885 = CARTESIAN_POINT ( 'NONE',  ( 4.190551794383121198, -8.642644309387746304, 4.990000000000000213 ) ) ;
#886 = DIRECTION ( 'NONE',  ( -1.000000000000000000, 0.000000000000000000, 0.000000000000000000 ) ) ;
#887 = DIRECTION ( 'NONE',  ( -0.000000000000000000, 0.000000000000000000, 1.000000000000000000 ) ) ;
#888 = ORIENTED_EDGE ( 'NONE', *, *, #1936, .F. ) ;
#889 = CARTESIAN_POINT ( 'NONE',  ( 2.811818304917549582, -11.41610895238708778, -0.009999999999999592548 ) ) ;
#890 = CARTESIAN_POINT ( 'NONE',  ( 9.514594908737256773, 1.314727622981695543, 4.990000000000000213 ) ) ;
#891 = CARTESIAN_POINT ( 'NONE',  ( 9.184827546270502907, -3.343003833710643136, -0.009999999999999592548 ) ) ;
#892 = CARTESIAN_POINT ( 'NONE',  ( 0.1898694203455414120, -9.603123169220399546, 4.990000000000000213 ) ) ;
#893 = ORIENTED_EDGE ( 'NONE', *, *, #3574, .F. ) ;
#894 = EDGE_CURVE ( 'NONE', #2643, #166, #1145, .T. ) ;
#895 = ORIENTED_EDGE ( 'NONE', *, *, #554, .F. ) ;
#896 = ORIENTED_EDGE ( 'NONE', *, *, #3742, .F. ) ;
#897 = CIRCLE ( 'NONE', #2197, 1.499999999999924949 ) ;
#898 = LINE ( 'NONE', #3251, #2357 ) ;
#899 = DIRECTION ( 'NONE',  ( 0.000000000000000000, 0.000000000000000000, 1.000000000000000000 ) ) ;
#900 = EDGE_CURVE ( 'NONE', #1864, #954, #2619, .T. ) ;
#901 = DIRECTION ( 'NONE',  ( 0.000000000000000000, 0.000000000000000000, 1.000000000000000000 ) ) ;
#902 = CARTESIAN_POINT ( 'NONE',  ( -44.19510768297611492, -22.45217449968878398, 0.000000000000000000 ) ) ;
#903 = CARTESIAN_POINT ( 'NONE',  ( 4.190551794383121198, -8.642644309387746304, 0.000000000000000000 ) ) ;
#904 = ORIENTED_EDGE ( 'NONE', *, *, #2863, .T. ) ;
#905 = DIRECTION ( 'NONE',  ( 0.000000000000000000, 0.000000000000000000, 1.000000000000000000 ) ) ;
#906 = EDGE_CURVE ( 'NONE', #1691, #833, #1271, .T. ) ;
#907 = CARTESIAN_POINT ( 'NONE',  ( 0.000000000000000000, 0.000000000000000000, 4.990000000000000213 ) ) ;
#908 = DIRECTION ( 'NONE',  ( 1.000000000000000000, 0.000000000000000000, 0.000000000000000000 ) ) ;
#909 = DIRECTION ( 'NONE',  ( -0.3090169943749384585, -0.9510565162951564178, 0.000000000000000000 ) ) ;
#910 = CYLINDRICAL_SURFACE ( 'NONE', #748, 9.605000000000000426 ) ;
#911 = VERTEX_POINT ( 'NONE', #1221 ) ;
#912 = EDGE_CURVE ( 'NONE', #3437, #1401, #1268, .T. ) ;
#913 = ORIENTED_EDGE ( 'NONE', *, *, #1976, .T. ) ;
#914 = AXIS2_PLACEMENT_3D ( 'NONE', #2360, #3237, #1750 ) ;
#915 = ORIENTED_EDGE ( 'NONE', *, *, #2107, .T. ) ;
#916 = CIRCLE ( 'NONE', #2820, 9.605000000000000426 ) ;
#917 = FACE_OUTER_BOUND ( 'NONE', #2878, .T. ) ;
#918 = ADVANCED_FACE ( 'NONE', ( #16 ), #542, .T. ) ;
#919 = CYLINDRICAL_SURFACE ( 'NONE', #3022, 11.75728989999999996 ) ;
#920 = LINE ( 'NONE', #2985, #1395 ) ;
#921 = CARTESIAN_POINT ( 'NONE',  ( -1.865022325433343120, 9.594708094182369251, -0.009999999999999592548 ) ) ;
#922 = LINE ( 'NONE', #1844, #2165 ) ;
#923 = ORIENTED_EDGE ( 'NONE', *, *, #2116, .T. ) ;
#924 = VECTOR ( 'NONE', #2816, 1000.000000000000000 ) ;
#925 = DIRECTION ( 'NONE',  ( 0.8090169943749551118, -0.5877852522924627010, 0.000000000000000000 ) ) ;
#926 = VECTOR ( 'NONE', #840, 999.9999999999998863 ) ;
#927 = CYLINDRICAL_SURFACE ( 'NONE', #2324, 11.75728989999999996 ) ;
#928 = ORIENTED_EDGE ( 'NONE', *, *, #2827, .F. ) ;
#929 = LINE ( 'NONE', #3303, #3455 ) ;
#930 = DIRECTION ( 'NONE',  ( -0.5877852522924655876, -0.8090169943749530024, 0.000000000000000000 ) ) ;
#931 = AXIS2_PLACEMENT_3D ( 'NONE', #3113, #3385, #3097 ) ;
#932 = AXIS2_PLACEMENT_3D ( 'NONE', #3774, #3756, #19 ) ;
#933 = CARTESIAN_POINT ( 'NONE',  ( 0.000000000000000000, 0.000000000000000000, -0.009999999999999592548 ) ) ;
#934 = ORIENTED_EDGE ( 'NONE', *, *, #2440, .T. ) ;
#935 = CIRCLE ( 'NONE', #3335, 9.605000000000000426 ) ;
#936 = VECTOR ( 'NONE', #733, 1000.000000000000000 ) ;
#937 = VERTEX_POINT ( 'NONE', #3551 ) ;
#938 = VECTOR ( 'NONE', #882, 1000.000000000000000 ) ;
#939 = ORIENTED_EDGE ( 'NONE', *, *, #2822, .T. ) ;
#940 = CYLINDRICAL_SURFACE ( 'NONE', #21, 3.000000000000002665 ) ;
#941 = FACE_OUTER_BOUND ( 'NONE', #160, .T. ) ;
#942 = CARTESIAN_POINT ( 'NONE',  ( 10.83569241491647261, -4.563073052446528166, -0.009999999999999592548 ) ) ;
#943 = ADVANCED_FACE ( 'NONE', ( #849 ), #2003, .T. ) ;
#944 = DIRECTION ( 'NONE',  ( -0.8090169943749421222, -0.5877852522924803536, 0.000000000000000000 ) ) ;
#945 = EDGE_LOOP ( 'NONE', ( #2955, #1487, #1267, #3760, #2335 ) ) ;
#946 = DIRECTION ( 'NONE',  ( 0.000000000000000000, 0.000000000000000000, 1.000000000000000000 ) ) ;
#947 = CARTESIAN_POINT ( 'NONE',  ( 0.000000000000000000, 0.000000000000000000, -0.009999999999999592548 ) ) ;
#948 = EDGE_LOOP ( 'NONE', ( #3166, #1332, #607, #679, #3443, #3479 ) ) ;
#949 = DIRECTION ( 'NONE',  ( 1.000000000000000000, 0.000000000000000000, 0.000000000000000000 ) ) ;
#950 = AXIS2_PLACEMENT_3D ( 'NONE', #1970, #493, #1952 ) ;
#951 = EDGE_CURVE ( 'NONE', #3634, #2740, #1164, .T. ) ;
#952 = DIRECTION ( 'NONE',  ( -0.000000000000000000, 0.000000000000000000, 1.000000000000000000 ) ) ;
#953 = DIRECTION ( 'NONE',  ( 0.8090169943748836134, -0.5877852522925608447, 0.000000000000000000 ) ) ;
#954 = VERTEX_POINT ( 'NONE', #2331 ) ;
#955 = CIRCLE ( 'NONE', #1324, 9.605000000000000426 ) ;
#956 = AXIS2_PLACEMENT_3D ( 'NONE', #2858, #2835, #1376 ) ;
#957 = ORIENTED_EDGE ( 'NONE', *, *, #222, .T. ) ;
#958 = ORIENTED_EDGE ( 'NONE', *, *, #3168, .F. ) ;
#959 = DIRECTION ( 'NONE',  ( -0.000000000000000000, 0.000000000000000000, 1.000000000000000000 ) ) ;
#960 = CARTESIAN_POINT ( 'NONE',  ( 0.000000000000000000, 0.000000000000000000, -0.009999999999999592548 ) ) ;
#961 = CARTESIAN_POINT ( 'NONE',  ( 5.798181762587637067, -7.657487397834626286, 4.990000000000000213 ) ) ;
#962 = EDGE_CURVE ( 'NONE', #2352, #157, #586, .T. ) ;
#963 = EDGE_CURVE ( 'NONE', #816, #1318, #872, .T. ) ;
#964 = CIRCLE ( 'NONE', #1762, 3.000000000000000444 ) ;
#965 = CARTESIAN_POINT ( 'NONE',  ( -1.314727622981594291, 9.514594908737270984, 4.990000000000000213 ) ) ;
#966 = ORIENTED_EDGE ( 'NONE', *, *, #138, .F. ) ;
#967 = CARTESIAN_POINT ( 'NONE',  ( 0.000000000000000000, 0.000000000000000000, 4.990000000000000213 ) ) ;
#968 = DIRECTION ( 'NONE',  ( 0.9510565162951576390, -0.3090169943749349613, 0.000000000000000000 ) ) ;
#969 = ORIENTED_EDGE ( 'NONE', *, *, #855, .T. ) ;
#970 = FACE_OUTER_BOUND ( 'NONE', #1577, .T. ) ;
#971 = DIRECTION ( 'NONE',  ( 0.000000000000000000, 0.000000000000000000, 1.000000000000000000 ) ) ;
#972 = CARTESIAN_POINT ( 'NONE',  ( 6.084152264125862963, -10.06066384586892859, -0.009999999999999592548 ) ) ;
#973 = VERTEX_POINT ( 'NONE', #2640 ) ;
#974 = EDGE_LOOP ( 'NONE', ( #877, #1042, #969, #430 ) ) ;
#975 = ORIENTED_EDGE ( 'NONE', *, *, #862, .F. ) ;
#976 = CARTESIAN_POINT ( 'NONE',  ( 6.017653382250900407, 7.702245092050614694, 4.990000000000000213 ) ) ;
#977 = VECTOR ( 'NONE', #2795, 1000.000000000000000 ) ;
#978 = CARTESIAN_POINT ( 'NONE',  ( 2.694159262814937339, -9.395649927148305380, 4.990000000000000213 ) ) ;
#979 = DIRECTION ( 'NONE',  ( -0.000000000000000000, -0.000000000000000000, -1.000000000000000000 ) ) ;
#980 = AXIS2_PLACEMENT_3D ( 'NONE', #2289, #284, #2307 ) ;
#981 = ADVANCED_FACE ( 'NONE', ( #3809 ), #618, .F. ) ;
#982 = ORIENTED_EDGE ( 'NONE', *, *, #1246, .F. ) ;
#983 = DIRECTION ( 'NONE',  ( 0.000000000000000000, 0.000000000000000000, 1.000000000000000000 ) ) ;
#984 = CARTESIAN_POINT ( 'NONE',  ( 0.000000000000000000, 0.000000000000000000, 4.990000000000000213 ) ) ;
#985 = ORIENTED_EDGE ( 'NONE', *, *, #1154, .T. ) ;
#986 = LINE ( 'NONE', #1922, #806 ) ;
#987 = CARTESIAN_POINT ( 'NONE',  ( 6.924691468191600308, 6.656175558859191099, -0.009999999999999592548 ) ) ;
#988 = DIRECTION ( 'NONE',  ( 1.000000000000000000, 0.000000000000000000, 0.000000000000000000 ) ) ;
#989 = ORIENTED_EDGE ( 'NONE', *, *, #1435, .F. ) ;
#990 = AXIS2_PLACEMENT_3D ( 'NONE', #2452, #3043, #1253 ) ;
#991 = ORIENTED_EDGE ( 'NONE', *, *, #1019, .F. ) ;
#992 = AXIS2_PLACEMENT_3D ( 'NONE', #3510, #1697, #1771 ) ;
#993 = AXIS2_PLACEMENT_3D ( 'NONE', #1553, #2726, #1283 ) ;
#994 = ORIENTED_EDGE ( 'NONE', *, *, #2207, .F. ) ;
#995 = CIRCLE ( 'NONE', #66, 9.605000000000002203 ) ;
#996 = LINE ( 'NONE', #1393, #2986 ) ;
#997 = CARTESIAN_POINT ( 'NONE',  ( 7.880692288115590749, -5.490966587044167291, 0.000000000000000000 ) ) ;
#998 = ORIENTED_EDGE ( 'NONE', *, *, #1403, .T. ) ;
#999 = DIRECTION ( 'NONE',  ( 0.000000000000000000, 0.000000000000000000, 1.000000000000000000 ) ) ;
#1000 = ORIENTED_EDGE ( 'NONE', *, *, #1246, .T. ) ;
#1001 = LINE ( 'NONE', #2457, #2105 ) ;
#1002 = FACE_OUTER_BOUND ( 'NONE', #254, .T. ) ;
#1003 = VERTEX_POINT ( 'NONE', #890 ) ;
#1004 = DIRECTION ( 'NONE',  ( -0.9510565162951510887, -0.3090169943749549453, 0.000000000000000000 ) ) ;
#1005 = DIRECTION ( 'NONE',  ( -0.000000000000000000, 0.000000000000000000, 1.000000000000000000 ) ) ;
#1006 = PLANE ( 'NONE',  #1303 ) ;
#1007 = EDGE_LOOP ( 'NONE', ( #2695, #1496, #3735, #1708 ) ) ;
#1008 = AXIS2_PLACEMENT_3D ( 'NONE', #3603, #3004, #3023 ) ;
#1009 = ORIENTED_EDGE ( 'NONE', *, *, #2213, .F. ) ;
#1010 = CIRCLE ( 'NONE', #766, 9.605000000000002203 ) ;
#1011 = ORIENTED_EDGE ( 'NONE', *, *, #8, .F. ) ;
#1012 = FACE_BOUND ( 'NONE', #141, .T. ) ;
#1013 = ORIENTED_EDGE ( 'NONE', *, *, #1146, .T. ) ;
#1014 = LINE ( 'NONE', #712, #3223 ) ;
#1015 = EDGE_CURVE ( 'NONE', #3207, #3769, #2063, .T. ) ;
#1016 = VERTEX_POINT ( 'NONE', #1603 ) ;
#1017 = CARTESIAN_POINT ( 'NONE',  ( -4.190551794383056361, 8.642644309387778279, 0.000000000000000000 ) ) ;
#1018 = DIRECTION ( 'NONE',  ( -0.000000000000000000, -0.000000000000000000, -1.000000000000000000 ) ) ;
#1019 = EDGE_CURVE ( 'NONE', #2512, #1290, #2302, .T. ) ;
#1020 = EDGE_LOOP ( 'NONE', ( #651, #726, #3777, #3568, #3474 ) ) ;
#1021 = CYLINDRICAL_SURFACE ( 'NONE', #1617, 3.000000000000002665 ) ;
#1022 = DIRECTION ( 'NONE',  ( 1.000000000000000000, 0.000000000000000000, 0.000000000000000000 ) ) ;
#1023 = EDGE_CURVE ( 'NONE', #1887, #1656, #91, .T. ) ;
#1024 = FACE_OUTER_BOUND ( 'NONE', #2200, .T. ) ;
#1025 = EDGE_CURVE ( 'NONE', #366, #2974, #2122, .T. ) ;
#1026 = VERTEX_POINT ( 'NONE', #3590 ) ;
#1027 = ADVANCED_FACE ( 'NONE', ( #2098 ), #716, .F. ) ;
#1028 = EDGE_CURVE ( 'NONE', #2441, #3017, #3429, .T. ) ;
#1029 = VERTEX_POINT ( 'NONE', #2426 ) ;
#1030 = DIRECTION ( 'NONE',  ( -0.7998259907937765867, 0.6002319422113036040, 0.000000000000000000 ) ) ;
#1031 = VERTEX_POINT ( 'NONE', #389 ) ;
#1032 = DIRECTION ( 'NONE',  ( -0.000000000000000000, 0.000000000000000000, 1.000000000000000000 ) ) ;
#1033 = EDGE_CURVE ( 'NONE', #157, #1986, #2722, .T. ) ;
#1034 = CIRCLE ( 'NONE', #544, 9.605000000000000426 ) ;
#1035 = EDGE_LOOP ( 'NONE', ( #2370, #2912, #2191, #373 ) ) ;
#1036 = CARTESIAN_POINT ( 'NONE',  ( 9.603123169220397770, 0.1898694203456419982, -0.009999999999999592548 ) ) ;
#1037 = CARTESIAN_POINT ( 'NONE',  ( 8.895288759995937156, -7.688153462888991818, -0.009999999999999592548 ) ) ;
#1038 = ORIENTED_EDGE ( 'NONE', *, *, #1144, .T. ) ;
#1039 = FACE_OUTER_BOUND ( 'NONE', #2645, .T. ) ;
#1040 = CARTESIAN_POINT ( 'NONE',  ( -4.190551794383056361, 8.642644309387778279, 4.990000000000000213 ) ) ;
#1041 = CARTESIAN_POINT ( 'NONE',  ( -56.35318132041292216, -49.97964471520015906, 4.990000000000000213 ) ) ;
#1042 = ORIENTED_EDGE ( 'NONE', *, *, #2993, .F. ) ;
#1043 = EDGE_LOOP ( 'NONE', ( #2368, #1089, #1591, #2819 ) ) ;
#1044 = AXIS2_PLACEMENT_3D ( 'NONE', #29, #3586, #886 ) ;
#1045 = DIRECTION ( 'NONE',  ( -0.5877852522924652545, -0.8090169943749532244, 0.000000000000000000 ) ) ;
#1046 = ORIENTED_EDGE ( 'NONE', *, *, #2207, .T. ) ;
#1047 = AXIS2_PLACEMENT_3D ( 'NONE', #2446, #3261, #2604 ) ;
#1048 = DIRECTION ( 'NONE',  ( -0.000000000000000000, -0.000000000000000000, -1.000000000000000000 ) ) ;
#1049 = AXIS2_PLACEMENT_3D ( 'NONE', #37, #2143, #331 ) ;
#1050 = CIRCLE ( 'NONE', #1365, 9.605000000000000426 ) ;
#1051 = CIRCLE ( 'NONE', #253, 3.557550373136731281 ) ;
#1052 = ORIENTED_EDGE ( 'NONE', *, *, #3550, .F. ) ;
#1053 = CYLINDRICAL_SURFACE ( 'NONE', #1561, 1.500000000000015099 ) ;
#1054 =( GEOMETRIC_REPRESENTATION_CONTEXT ( 3 ) GLOBAL_UNCERTAINTY_ASSIGNED_CONTEXT ( ( #295 ) ) GLOBAL_UNIT_ASSIGNED_CONTEXT ( ( #49, #2399, #2717 ) ) REPRESENTATION_CONTEXT ( 'NONE', 'WORKASPACE' ) );
#1055 = EDGE_CURVE ( 'NONE', #1864, #2512, #595, .T. ) ;
#1056 = AXIS2_PLACEMENT_3D ( 'NONE', #594, #2668, #2026 ) ;
#1057 = CYLINDRICAL_SURFACE ( 'NONE', #608, 9.605000000000000426 ) ;
#1058 = VERTEX_POINT ( 'NONE', #2759 ) ;
#1059 = CARTESIAN_POINT ( 'NONE',  ( 0.000000000000000000, 0.000000000000000000, 0.000000000000000000 ) ) ;
#1060 = AXIS2_PLACEMENT_3D ( 'NONE', #422, #714, #2810 ) ;
#1061 = CARTESIAN_POINT ( 'NONE',  ( 7.657487397834607634, 5.798181762587663712, -0.009999999999999592548 ) ) ;
#1062 = LINE ( 'NONE', #778, #496 ) ;
#1063 = FACE_OUTER_BOUND ( 'NONE', #1411, .T. ) ;
#1064 = EDGE_CURVE ( 'NONE', #123, #471, #1886, .T. ) ;
#1065 = EDGE_LOOP ( 'NONE', ( #83, #3686, #647, #182 ) ) ;
#1066 = ORIENTED_EDGE ( 'NONE', *, *, #2961, .T. ) ;
#1067 = LINE ( 'NONE', #2245, #3393 ) ;
#1068 = AXIS2_PLACEMENT_3D ( 'NONE', #3230, #202, #2283 ) ;
#1069 = ORIENTED_EDGE ( 'NONE', *, *, #663, .T. ) ;
#1070 = DIRECTION ( 'NONE',  ( 0.000000000000000000, 0.000000000000000000, 1.000000000000000000 ) ) ;
#1071 = AXIS2_PLACEMENT_3D ( 'NONE', #43, #5, #632 ) ;
#1072 = ORIENTED_EDGE ( 'NONE', *, *, #2379, .T. ) ;
#1073 = ADVANCED_FACE ( 'NONE', ( #95 ), #133, .T. ) ;
#1074 = DIRECTION ( 'NONE',  ( 0.8090169943749552228, -0.5877852522924624790, 0.000000000000000000 ) ) ;
#1075 = PRODUCT_DEFINITION ( 'Î´Öª', '', #3340, #2490 ) ;
#1076 = CARTESIAN_POINT ( 'NONE',  ( 5.490966587044139757, 7.880692288115607624, -0.009999999999999592548 ) ) ;
#1077 = ORIENTED_EDGE ( 'NONE', *, *, #1211, .F. ) ;
#1078 = DIRECTION ( 'NONE',  ( 0.3090169943749446202, 0.9510565162951544194, 0.000000000000000000 ) ) ;
#1079 = CARTESIAN_POINT ( 'NONE',  ( 6.201969797453425137, -9.988465168589089060, -0.009999999999999592548 ) ) ;
#1080 = ORIENTED_EDGE ( 'NONE', *, *, #3110, .T. ) ;
#1081 = DIRECTION ( 'NONE',  ( 0.3090169943749583870, -0.9510565162951499785, 0.000000000000000000 ) ) ;
#1082 = AXIS2_PLACEMENT_3D ( 'NONE', #3644, #3320, #3032 ) ;
#1083 = CYLINDRICAL_SURFACE ( 'NONE', #274, 11.75728989999999996 ) ;
#1084 = VERTEX_POINT ( 'NONE', #1812 ) ;
#1085 = LINE ( 'NONE', #2861, #1554 ) ;
#1086 = EDGE_LOOP ( 'NONE', ( #2128, #1704, #753, #3614, #3054 ) ) ;
#1087 = CYLINDRICAL_SURFACE ( 'NONE', #2857, 1.500000000000015099 ) ;
#1088 = CYLINDRICAL_SURFACE ( 'NONE', #1381, 3.557550373136730837 ) ;
#1089 = ORIENTED_EDGE ( 'NONE', *, *, #1091, .F. ) ;
#1090 = CARTESIAN_POINT ( 'NONE',  ( 9.074439989273098917, 3.148104807829821272, -0.009999999999999592548 ) ) ;
#1091 = EDGE_CURVE ( 'NONE', #2099, #3620, #423, .T. ) ;
#1092 = DIRECTION ( 'NONE',  ( -1.000000000000000000, 0.000000000000000000, 0.000000000000000000 ) ) ;
#1093 = FACE_OUTER_BOUND ( 'NONE', #1770, .T. ) ;
#1094 = AXIS2_PLACEMENT_3D ( 'NONE', #1975, #1730, #265 ) ;
#1095 = VECTOR ( 'NONE', #478, 1000.000000000000000 ) ;
#1096 = DIRECTION ( 'NONE',  ( 0.000000000000000000, 0.000000000000000000, 1.000000000000000000 ) ) ;
#1097 = ORIENTED_EDGE ( 'NONE', *, *, #2621, .F. ) ;
#1098 = DIRECTION ( 'NONE',  ( 1.000000000000000000, 0.000000000000000000, 0.000000000000000000 ) ) ;
#1099 = DIRECTION ( 'NONE',  ( -0.000000000000000000, 0.000000000000000000, 1.000000000000000000 ) ) ;
#1100 = ORIENTED_EDGE ( 'NONE', *, *, #2213, .T. ) ;
#1101 = ORIENTED_EDGE ( 'NONE', *, *, #513, .F. ) ;
#1102 = VERTEX_POINT ( 'NONE', #1280 ) ;
#1103 = CIRCLE ( 'NONE', #2706, 1.500000000000015099 ) ;
#1104 = CARTESIAN_POINT ( 'NONE',  ( 0.000000000000000000, 0.000000000000000000, -0.009999999999999592548 ) ) ;
#1105 = DIRECTION ( 'NONE',  ( 1.000000000000000000, 0.000000000000000000, 0.000000000000000000 ) ) ;
#1106 = ADVANCED_FACE ( 'NONE', ( #1002 ), #1831, .F. ) ;
#1107 = CIRCLE ( 'NONE', #1047, 9.605000000000000426 ) ;
#1108 = AXIS2_PLACEMENT_3D ( 'NONE', #683, #1873, #3594 ) ;
#1109 = ORIENTED_EDGE ( 'NONE', *, *, #1711, .F. ) ;
#1110 = CIRCLE ( 'NONE', #1245, 3.557550373136731281 ) ;
#1111 = CARTESIAN_POINT ( 'NONE',  ( -9.191785744470930553, 2.786951708900071267, -0.009999999999999592548 ) ) ;
#1112 = AXIS2_PLACEMENT_3D ( 'NONE', #867, #503, #2038 ) ;
#1113 = AXIS2_PLACEMENT_3D ( 'NONE', #3647, #1605, #1004 ) ;
#1114 = CARTESIAN_POINT ( 'NONE',  ( -38.96146036842193894, -11.02708043670477700, 4.990000000000000213 ) ) ;
#1115 = DIRECTION ( 'NONE',  ( 1.000000000000000000, 0.000000000000000000, 0.000000000000000000 ) ) ;
#1116 = CARTESIAN_POINT ( 'NONE',  ( 0.000000000000000000, 0.000000000000000000, -0.009999999999999592548 ) ) ;
#1117 = ORIENTED_EDGE ( 'NONE', *, *, #3089, .T. ) ;
#1118 = CIRCLE ( 'NONE', #3276, 9.605000000000000426 ) ;
#1119 = LINE ( 'NONE', #2293, #3696 ) ;
#1120 = VECTOR ( 'NONE', #497, 1000.000000000000000 ) ;
#1121 = DIRECTION ( 'NONE',  ( 0.000000000000000000, 0.000000000000000000, 1.000000000000000000 ) ) ;
#1122 = EDGE_CURVE ( 'NONE', #369, #2254, #964, .T. ) ;
#1123 = VERTEX_POINT ( 'NONE', #2177 ) ;
#1124 = AXIS2_PLACEMENT_3D ( 'NONE', #1692, #3155, #1402 ) ;
#1125 = CARTESIAN_POINT ( 'NONE',  ( 0.000000000000000000, 0.000000000000000000, 0.000000000000000000 ) ) ;
#1126 = EDGE_CURVE ( 'NONE', #835, #697, #3367, .T. ) ;
#1127 = AXIS2_PLACEMENT_3D ( 'NONE', #94, #325, #2424 ) ;
#1128 = ORIENTED_EDGE ( 'NONE', *, *, #3487, .F. ) ;
#1129 = ORIENTED_EDGE ( 'NONE', *, *, #1025, .F. ) ;
#1130 = CARTESIAN_POINT ( 'NONE',  ( 4.435411687004291004, 10.88857148387370977, -0.009999999999999592548 ) ) ;
#1131 = ADVANCED_FACE ( 'NONE', ( #1550 ), #2138, .T. ) ;
#1132 = DIRECTION ( 'NONE',  ( -0.5877852522924653655, -0.8090169943749530024, 0.000000000000000000 ) ) ;
#1133 = VECTOR ( 'NONE', #2611, 1000.000000000000000 ) ;
#1134 = VERTEX_POINT ( 'NONE', #2990 ) ;
#1135 = CARTESIAN_POINT ( 'NONE',  ( -55.63024757962698885, -45.94396256087145503, 4.990000000000000213 ) ) ;
#1136 = VECTOR ( 'NONE', #1705, 1000.000000000000000 ) ;
#1137 = ADVANCED_FACE ( 'NONE', ( #2380 ), #927, .T. ) ;
#1138 = DIRECTION ( 'NONE',  ( 0.000000000000000000, 0.000000000000000000, 1.000000000000000000 ) ) ;
#1139 = CARTESIAN_POINT ( 'NONE',  ( 1.314727622981662236, -9.514594908737260326, 4.990000000000000213 ) ) ;
#1140 = CIRCLE ( 'NONE', #2425, 3.557550373136731281 ) ;
#1141 = CYLINDRICAL_SURFACE ( 'NONE', #1112, 3.557550373136730393 ) ;
#1142 = ORIENTED_EDGE ( 'NONE', *, *, #2340, .T. ) ;
#1143 = CARTESIAN_POINT ( 'NONE',  ( 0.000000000000000000, 0.000000000000000000, -0.009999999999999592548 ) ) ;
#1144 = EDGE_CURVE ( 'NONE', #463, #346, #1533, .T. ) ;
#1145 = LINE ( 'NONE', #1772, #2545 ) ;
#1146 = EDGE_CURVE ( 'NONE', #2740, #1239, #2145, .T. ) ;
#1147 = EDGE_CURVE ( 'NONE', #2813, #1691, #1642, .T. ) ;
#1148 = ORIENTED_EDGE ( 'NONE', *, *, #1702, .F. ) ;
#1149 = FACE_OUTER_BOUND ( 'NONE', #3623, .T. ) ;
#1150 = ORIENTED_EDGE ( 'NONE', *, *, #1199, .T. ) ;
#1151 = EDGE_CURVE ( 'NONE', #3483, #2509, #2562, .T. ) ;
#1152 = ORIENTED_EDGE ( 'NONE', *, *, #739, .T. ) ;
#1153 = ORIENTED_EDGE ( 'NONE', *, *, #2387, .F. ) ;
#1154 = EDGE_CURVE ( 'NONE', #2595, #2006, #1920, .T. ) ;
#1155 = CARTESIAN_POINT ( 'NONE',  ( 0.000000000000000000, 0.000000000000000000, -0.009999999999999592548 ) ) ;
#1156 = LINE ( 'NONE', #3191, #743 ) ;
#1157 = DIRECTION ( 'NONE',  ( 0.000000000000000000, -0.000000000000000000, 1.000000000000000000 ) ) ;
#1158 = DIRECTION ( 'NONE',  ( -0.000000000000000000, 0.000000000000000000, 1.000000000000000000 ) ) ;
#1159 = DIRECTION ( 'NONE',  ( 0.000000000000000000, 0.000000000000000000, 1.000000000000000000 ) ) ;
#1160 = CARTESIAN_POINT ( 'NONE',  ( 5.490966587044139757, 7.880692288115607624, 0.000000000000000000 ) ) ;
#1161 = CARTESIAN_POINT ( 'NONE',  ( 9.605000000000000426, 0.000000000000000000, 0.000000000000000000 ) ) ;
#1162 = ORIENTED_EDGE ( 'NONE', *, *, #2492, .T. ) ;
#1163 = FACE_OUTER_BOUND ( 'NONE', #1639, .T. ) ;
#1164 = LINE ( 'NONE', #3477, #147 ) ;
#1165 = PLANE ( 'NONE',  #2337 ) ;
#1166 = AXIS2_PLACEMENT_3D ( 'NONE', #731, #3662, #1346 ) ;
#1167 = DIRECTION ( 'NONE',  ( 0.000000000000000000, 0.000000000000000000, 1.000000000000000000 ) ) ;
#1168 = EDGE_LOOP ( 'NONE', ( #294, #1753, #3499, #2789 ) ) ;
#1169 = EDGE_LOOP ( 'NONE', ( #571, #2448, #888, #211 ) ) ;
#1170 = ORIENTED_EDGE ( 'NONE', *, *, #2023, .F. ) ;
#1171 = DIRECTION ( 'NONE',  ( -0.3090169943749384029, -0.9510565162951565288, 0.000000000000000000 ) ) ;
#1172 = PLANE ( 'NONE',  #243 ) ;
#1173 = LINE ( 'NONE', #1233, #1133 ) ;
#1174 = FACE_OUTER_BOUND ( 'NONE', #3263, .T. ) ;
#1175 = FACE_OUTER_BOUND ( 'NONE', #3538, .T. ) ;
#1176 = DIRECTION ( 'NONE',  ( 1.000000000000000000, -1.950469614233214568E-15, 0.000000000000000000 ) ) ;
#1177 = CIRCLE ( 'NONE', #437, 11.75728990000000174 ) ;
#1178 = EDGE_CURVE ( 'NONE', #1301, #34, #150, .T. ) ;
#1179 = ORIENTED_EDGE ( 'NONE', *, *, #1028, .T. ) ;
#1180 = CARTESIAN_POINT ( 'NONE',  ( -6.656175558859113828, 6.924691468191673138, -0.009999999999999592548 ) ) ;
#1181 = CIRCLE ( 'NONE', #993, 3.557550373136731725 ) ;
#1182 = AXIS2_PLACEMENT_3D ( 'NONE', #1590, #1836, #3016 ) ;
#1183 = CARTESIAN_POINT ( 'NONE',  ( 0.000000000000000000, 0.000000000000000000, -0.009999999999999592548 ) ) ;
#1184 = CYLINDRICAL_SURFACE ( 'NONE', #3146, 3.557550373136731281 ) ;
#1185 = AXIS2_PLACEMENT_3D ( 'NONE', #2498, #391, #2744 ) ;
#1186 = DIRECTION ( 'NONE',  ( 0.000000000000000000, 0.000000000000000000, 1.000000000000000000 ) ) ;
#1187 = EDGE_LOOP ( 'NONE', ( #2024, #3548, #3494, #176 ) ) ;
#1188 = EDGE_CURVE ( 'NONE', #3509, #1031, #1034, .T. ) ;
#1189 = ORIENTED_EDGE ( 'NONE', *, *, #1434, .T. ) ;
#1190 = AXIS2_PLACEMENT_3D ( 'NONE', #2287, #241, #3174 ) ;
#1191 = ORIENTED_EDGE ( 'NONE', *, *, #1878, .T. ) ;
#1192 = PLANE ( 'NONE',  #3420 ) ;
#1193 = LINE ( 'NONE', #26, #1620 ) ;
#1194 = EDGE_CURVE ( 'NONE', #1515, #1359, #1625, .T. ) ;
#1195 = CARTESIAN_POINT ( 'NONE',  ( 0.000000000000000000, 0.000000000000000000, -0.009999999999999592548 ) ) ;
#1196 = VECTOR ( 'NONE', #2342, 1000.000000000000000 ) ;
#1197 = DIRECTION ( 'NONE',  ( 0.000000000000000000, 0.000000000000000000, 1.000000000000000000 ) ) ;
#1198 = DIRECTION ( 'NONE',  ( 0.8090169943749553338, -0.5877852522924623679, 0.000000000000000000 ) ) ;
#1199 = EDGE_CURVE ( 'NONE', #2875, #1787, #2534, .T. ) ;
#1200 = APPLICATION_PROTOCOL_DEFINITION ( 'draft international standard', 'automotive_design', 1998, #2074 ) ;
#1201 = AXIS2_PLACEMENT_3D ( 'NONE', #2550, #550, #3726 ) ;
#1202 = ORIENTED_EDGE ( 'NONE', *, *, #1804, .F. ) ;
#1203 = EDGE_CURVE ( 'NONE', #2512, #463, #2251, .T. ) ;
#1204 = LINE ( 'NONE', #2120, #1364 ) ;
#1205 = AXIS2_PLACEMENT_3D ( 'NONE', #3042, #527, #3456 ) ;
#1206 = LINE ( 'NONE', #2931, #2919 ) ;
#1207 = FACE_OUTER_BOUND ( 'NONE', #2082, .T. ) ;
#1208 = CARTESIAN_POINT ( 'NONE',  ( 7.702245092050592490, -6.017653382250927940, -0.009999999999999592548 ) ) ;
#1209 = CYLINDRICAL_SURFACE ( 'NONE', #1611, 3.557550373136731281 ) ;
#1210 = ORIENTED_EDGE ( 'NONE', *, *, #92, .F. ) ;
#1211 = EDGE_CURVE ( 'NONE', #1248, #414, #207, .T. ) ;
#1212 = ORIENTED_EDGE ( 'NONE', *, *, #451, .T. ) ;
#1213 = AXIS2_PLACEMENT_3D ( 'NONE', #1569, #1295, #3567 ) ;
#1214 = CYLINDRICAL_SURFACE ( 'NONE', #2608, 3.557550373136731281 ) ;
#1215 = CYLINDRICAL_SURFACE ( 'NONE', #1056, 3.557550373136730837 ) ;
#1216 = CARTESIAN_POINT ( 'NONE',  ( 8.103253090279959991, 5.465713223523691155, -0.009999999999999592548 ) ) ;
#1217 = CARTESIAN_POINT ( 'NONE',  ( -4.190551794383057249, 8.642644309387780055, -0.009999999999999592548 ) ) ;
#1218 = CYLINDRICAL_SURFACE ( 'NONE', #2966, 3.557550373136731281 ) ;
#1219 = ORIENTED_EDGE ( 'NONE', *, *, #206, .T. ) ;
#1220 = LINE ( 'NONE', #1279, #2664 ) ;
#1221 = CARTESIAN_POINT ( 'NONE',  ( 9.074439989273098917, 3.148104807829821272, 4.990000000000000213 ) ) ;
#1222 = VERTEX_POINT ( 'NONE', #462 ) ;
#1223 = DIRECTION ( 'NONE',  ( 0.000000000000000000, 0.000000000000000000, 1.000000000000000000 ) ) ;
#1224 = DIRECTION ( 'NONE',  ( -0.9510565162951510887, -0.3090169943749548342, 0.000000000000000000 ) ) ;
#1225 = CARTESIAN_POINT ( 'NONE',  ( 11.71542299955662259, -0.9913272588311738964, 4.990000000000000213 ) ) ;
#1226 = ORIENTED_EDGE ( 'NONE', *, *, #2492, .F. ) ;
#1227 = ORIENTED_EDGE ( 'NONE', *, *, #2802, .T. ) ;
#1228 = ORIENTED_EDGE ( 'NONE', *, *, #3759, .F. ) ;
#1229 = EDGE_CURVE ( 'NONE', #1604, #2879, #2944, .T. ) ;
#1230 = ORIENTED_EDGE ( 'NONE', *, *, #3508, .F. ) ;
#1231 = DIRECTION ( 'NONE',  ( 0.000000000000000000, 0.000000000000000000, 1.000000000000000000 ) ) ;
#1232 = LINE ( 'NONE', #3252, #926 ) ;
#1233 = CARTESIAN_POINT ( 'NONE',  ( -10.83569241491644242, 4.563073052446602773, -0.009999999999999592548 ) ) ;
#1234 = ADVANCED_FACE ( 'NONE', ( #3714 ), #2477, .T. ) ;
#1235 = FACE_OUTER_BOUND ( 'NONE', #433, .T. ) ;
#1236 = ORIENTED_EDGE ( 'NONE', *, *, #2822, .F. ) ;
#1237 = DIRECTION ( 'NONE',  ( 1.000000000000000000, 0.000000000000000000, 0.000000000000000000 ) ) ;
#1238 = DIRECTION ( 'NONE',  ( 1.000000000000000000, 0.000000000000000000, 0.000000000000000000 ) ) ;
#1239 = VERTEX_POINT ( 'NONE', #3137 ) ;
#1240 = CYLINDRICAL_SURFACE ( 'NONE', #1247, 3.557550373136731281 ) ;
#1241 = DIRECTION ( 'NONE',  ( 0.000000000000000000, 0.000000000000000000, 1.000000000000000000 ) ) ;
#1242 = CIRCLE ( 'NONE', #3332, 3.557550373136730837 ) ;
#1243 = DIRECTION ( 'NONE',  ( 0.000000000000000000, 0.000000000000000000, 1.000000000000000000 ) ) ;
#1244 = ORIENTED_EDGE ( 'NONE', *, *, #1529, .F. ) ;
#1245 = AXIS2_PLACEMENT_3D ( 'NONE', #1469, #848, #3179 ) ;
#1246 = EDGE_CURVE ( 'NONE', #3096, #2665, #3676, .T. ) ;
#1247 = AXIS2_PLACEMENT_3D ( 'NONE', #2407, #3592, #949 ) ;
#1248 = VERTEX_POINT ( 'NONE', #2511 ) ;
#1249 = VECTOR ( 'NONE', #1751, 1000.000000000000000 ) ;
#1250 = EDGE_CURVE ( 'NONE', #2947, #3112, #916, .T. ) ;
#1251 = ORIENTED_EDGE ( 'NONE', *, *, #99, .T. ) ;
#1252 = FACE_OUTER_BOUND ( 'NONE', #1371, .T. ) ;
#1253 = DIRECTION ( 'NONE',  ( -1.000000000000000000, 0.000000000000000000, 0.000000000000000000 ) ) ;
#1254 = EDGE_CURVE ( 'NONE', #1329, #3112, #2555, .T. ) ;
#1255 = DIRECTION ( 'NONE',  ( 1.000000000000000000, 0.000000000000000000, 0.000000000000000000 ) ) ;
#1256 = CIRCLE ( 'NONE', #260, 1.500000000000015099 ) ;
#1257 = DIRECTION ( 'NONE',  ( -1.000000000000000000, 0.000000000000000000, 0.000000000000000000 ) ) ;
#1258 = EDGE_LOOP ( 'NONE', ( #3556, #934, #878, #3684 ) ) ;
#1259 = CARTESIAN_POINT ( 'NONE',  ( 0.000000000000000000, 0.000000000000000000, 4.990000000000000213 ) ) ;
#1260 = CIRCLE ( 'NONE', #1442, 9.605000000000000426 ) ;
#1261 = DIRECTION ( 'NONE',  ( 0.000000000000000000, 0.000000000000000000, 1.000000000000000000 ) ) ;
#1262 = VERTEX_POINT ( 'NONE', #2495 ) ;
#1263 = DIRECTION ( 'NONE',  ( 0.000000000000000000, 0.000000000000000000, 1.000000000000000000 ) ) ;
#1264 = CIRCLE ( 'NONE', #2418, 3.557550373136732169 ) ;
#1265 = DIRECTION ( 'NONE',  ( -0.3090169943749384029, -0.9510565162951565288, 0.000000000000000000 ) ) ;
#1266 = DIRECTION ( 'NONE',  ( 1.000000000000000000, 0.000000000000000000, 0.000000000000000000 ) ) ;
#1267 = ORIENTED_EDGE ( 'NONE', *, *, #1919, .F. ) ;
#1268 = CIRCLE ( 'NONE', #1689, 9.605000000000000426 ) ;
#1269 = ADVANCED_FACE ( 'NONE', ( #500 ), #3395, .T. ) ;
#1270 = ADVANCED_FACE ( 'NONE', ( #807 ), #1057, .T. ) ;
#1271 = CIRCLE ( 'NONE', #2921, 9.605000000000000426 ) ;
#1272 = ORIENTED_EDGE ( 'NONE', *, *, #1709, .T. ) ;
#1273 = ADVANCED_FACE ( 'NONE', ( #1712 ), #2592, .F. ) ;
#1274 = ORIENTED_EDGE ( 'NONE', *, *, #1906, .T. ) ;
#1275 = DIRECTION ( 'NONE',  ( 0.000000000000000000, 0.000000000000000000, 1.000000000000000000 ) ) ;
#1276 = DIRECTION ( 'NONE',  ( 0.000000000000000000, 0.000000000000000000, 1.000000000000000000 ) ) ;
#1277 = DIRECTION ( 'NONE',  ( 0.000000000000000000, 0.000000000000000000, 1.000000000000000000 ) ) ;
#1278 = VERTEX_POINT ( 'NONE', #885 ) ;
#1279 = CARTESIAN_POINT ( 'NONE',  ( 9.455190666338779693, -1.689791248403192725, -0.009999999999999592548 ) ) ;
#1280 = CARTESIAN_POINT ( 'NONE',  ( 9.074439989273098917, 3.148104807829821272, -0.009999999999999592548 ) ) ;
#1281 = ORIENTED_EDGE ( 'NONE', *, *, #1983, .T. ) ;
#1282 = CARTESIAN_POINT ( 'NONE',  ( 0.000000000000000000, 0.000000000000000000, -0.009999999999999592548 ) ) ;
#1283 = DIRECTION ( 'NONE',  ( 0.9510565162951533091, 0.3090169943749481174, 0.000000000000000000 ) ) ;
#1284 = CYLINDRICAL_SURFACE ( 'NONE', #2773, 1.499999999999924949 ) ;
#1285 = ORIENTED_EDGE ( 'NONE', *, *, #2473, .F. ) ;
#1286 = EDGE_LOOP ( 'NONE', ( #3326, #1142 ) ) ;
#1287 = VERTEX_POINT ( 'NONE', #902 ) ;
#1288 = DIRECTION ( 'NONE',  ( 1.000000000000000000, 0.000000000000000000, 0.000000000000000000 ) ) ;
#1289 = CARTESIAN_POINT ( 'NONE',  ( 0.000000000000000000, 0.000000000000000000, 4.990000000000000213 ) ) ;
#1290 = VERTEX_POINT ( 'NONE', #1782 ) ;
#1291 = LINE ( 'NONE', #672, #577 ) ;
#1292 = AXIS2_PLACEMENT_3D ( 'NONE', #10, #1767, #2350 ) ;
#1293 = ORIENTED_EDGE ( 'NONE', *, *, #511, .F. ) ;
#1294 = CARTESIAN_POINT ( 'NONE',  ( 4.528901578926422644, 8.470246483331980158, -0.009999999999999592548 ) ) ;
#1295 = DIRECTION ( 'NONE',  ( -0.000000000000000000, -0.000000000000000000, -1.000000000000000000 ) ) ;
#1296 = ORIENTED_EDGE ( 'NONE', *, *, #511, .T. ) ;
#1297 = CARTESIAN_POINT ( 'NONE',  ( 0.000000000000000000, 0.000000000000000000, -0.009999999999999592548 ) ) ;
#1298 = EDGE_CURVE ( 'NONE', #2981, #3769, #1342, .T. ) ;
#1299 = DIRECTION ( 'NONE',  ( 1.000000000000000000, 0.000000000000000000, 0.000000000000000000 ) ) ;
#1300 = DIRECTION ( 'NONE',  ( -0.000000000000000000, 0.000000000000000000, 1.000000000000000000 ) ) ;
#1301 = VERTEX_POINT ( 'NONE', #2325 ) ;
#1302 = CIRCLE ( 'NONE', #931, 3.557550373136730837 ) ;
#1303 = AXIS2_PLACEMENT_3D ( 'NONE', #622, #3569, #2124 ) ;
#1304 = ORIENTED_EDGE ( 'NONE', *, *, #2114, .T. ) ;
#1305 = EDGE_CURVE ( 'NONE', #3483, #1301, #3471, .T. ) ;
#1306 = ORIENTED_EDGE ( 'NONE', *, *, #385, .T. ) ;
#1307 = CIRCLE ( 'NONE', #1674, 9.605000000000002203 ) ;
#1308 = FACE_BOUND ( 'NONE', #3120, .T. ) ;
#1309 = VERTEX_POINT ( 'NONE', #3215 ) ;
#1310 = CIRCLE ( 'NONE', #3461, 9.605000000000000426 ) ;
#1311 = DIRECTION ( 'NONE',  ( 0.000000000000000000, 0.000000000000000000, 1.000000000000000000 ) ) ;
#1312 = EDGE_CURVE ( 'NONE', #34, #2441, #555, .T. ) ;
#1313 = ADVANCED_FACE ( 'NONE', ( #536 ), #2033, .F. ) ;
#1314 = ORIENTED_EDGE ( 'NONE', *, *, #1760, .T. ) ;
#1315 = CARTESIAN_POINT ( 'NONE',  ( 9.605000000000000426, 0.000000000000000000, -0.009999999999999592548 ) ) ;
#1316 = DIRECTION ( 'NONE',  ( 0.000000000000000000, 0.000000000000000000, 1.000000000000000000 ) ) ;
#1317 = ADVANCED_FACE ( 'NONE', ( #3505 ), #598, .T. ) ;
#1318 = VERTEX_POINT ( 'NONE', #3527 ) ;
#1319 = DIRECTION ( 'NONE',  ( 1.000000000000000000, 0.000000000000000000, 0.000000000000000000 ) ) ;
#1320 = CARTESIAN_POINT ( 'NONE',  ( -38.97554391256268502, -19.06191805682658114, 0.000000000000000000 ) ) ;
#1321 = CYLINDRICAL_SURFACE ( 'NONE', #3198, 3.000000000000002665 ) ;
#1322 = EDGE_LOOP ( 'NONE', ( #2590, #729, #3133, #847, #1304 ) ) ;
#1323 = EDGE_CURVE ( 'NONE', #2528, #3203, #242, .T. ) ;
#1324 = AXIS2_PLACEMENT_3D ( 'NONE', #1539, #959, #2131 ) ;
#1325 = ORIENTED_EDGE ( 'NONE', *, *, #3416, .T. ) ;
#1326 = PLANE ( 'NONE',  #802 ) ;
#1327 = VERTEX_POINT ( 'NONE', #1998 ) ;
#1328 = DIRECTION ( 'NONE',  ( 1.000000000000000000, 0.000000000000000000, 0.000000000000000000 ) ) ;
#1329 = VERTEX_POINT ( 'NONE', #2909 ) ;
#1330 = FACE_OUTER_BOUND ( 'NONE', #2224, .T. ) ;
#1331 = CARTESIAN_POINT ( 'NONE',  ( 0.000000000000000000, 0.000000000000000000, -0.009999999999999592548 ) ) ;
#1332 = ORIENTED_EDGE ( 'NONE', *, *, #1211, .T. ) ;
#1333 = FACE_OUTER_BOUND ( 'NONE', #140, .T. ) ;
#1334 = DIRECTION ( 'NONE',  ( -0.000000000000000000, -0.000000000000000000, -1.000000000000000000 ) ) ;
#1335 = DIRECTION ( 'NONE',  ( 0.000000000000000000, 0.000000000000000000, 1.000000000000000000 ) ) ;
#1336 = ORIENTED_EDGE ( 'NONE', *, *, #962, .F. ) ;
#1337 = ORIENTED_EDGE ( 'NONE', *, *, #894, .T. ) ;
#1338 = DIRECTION ( 'NONE',  ( 0.000000000000000000, 0.000000000000000000, 1.000000000000000000 ) ) ;
#1339 = EDGE_CURVE ( 'NONE', #3598, #34, #1953, .T. ) ;
#1340 = EDGE_LOOP ( 'NONE', ( #131, #534, #1353, #658, #3719 ) ) ;
#1341 = DIRECTION ( 'NONE',  ( 0.000000000000000000, 0.000000000000000000, 1.000000000000000000 ) ) ;
#1342 = CIRCLE ( 'NONE', #2146, 3.557550373136729949 ) ;
#1343 = EDGE_LOOP ( 'NONE', ( #2547, #2139, #2011, #1009 ) ) ;
#1344 = DIRECTION ( 'NONE',  ( 0.000000000000000000, 0.000000000000000000, 1.000000000000000000 ) ) ;
#1345 = EDGE_CURVE ( 'NONE', #1367, #1413, #2264, .T. ) ;
#1346 = DIRECTION ( 'NONE',  ( -1.000000000000000000, 0.000000000000000000, 0.000000000000000000 ) ) ;
#1347 = VERTEX_POINT ( 'NONE', #2013 ) ;
#1348 = CARTESIAN_POINT ( 'NONE',  ( 10.88857148387369378, -4.435411687004329195, 4.990000000000000213 ) ) ;
#1349 = CARTESIAN_POINT ( 'NONE',  ( 2.786951708899976232, 9.191785744470957198, -0.009999999999999592548 ) ) ;
#1350 = CYLINDRICAL_SURFACE ( 'NONE', #3088, 1.499999999999973577 ) ;
#1351 = CARTESIAN_POINT ( 'NONE',  ( 5.798181762587637067, -7.657487397834626286, -0.009999999999999592548 ) ) ;
#1352 = VERTEX_POINT ( 'NONE', #3195 ) ;
#1353 = ORIENTED_EDGE ( 'NONE', *, *, #2062, .T. ) ;
#1354 = ADVANCED_FACE ( 'NONE', ( #1428 ), #1448, .T. ) ;
#1355 = CIRCLE ( 'NONE', #309, 3.557550373136730837 ) ;
#1356 = FACE_OUTER_BOUND ( 'NONE', #3076, .T. ) ;
#1357 = EDGE_CURVE ( 'NONE', #85, #1123, #1406, .T. ) ;
#1358 = CIRCLE ( 'NONE', #3390, 3.557550373136731281 ) ;
#1359 = VERTEX_POINT ( 'NONE', #2634 ) ;
#1360 = ADVANCED_FACE ( 'NONE', ( #1175 ), #266, .T. ) ;
#1361 = VECTOR ( 'NONE', #2806, 999.9999999999998863 ) ;
#1362 = DIRECTION ( 'NONE',  ( -0.000000000000000000, -0.000000000000000000, -1.000000000000000000 ) ) ;
#1363 = AXIS2_PLACEMENT_3D ( 'NONE', #1791, #1552, #2078 ) ;
#1364 = VECTOR ( 'NONE', #659, 1000.000000000000000 ) ;
#1365 = AXIS2_PLACEMENT_3D ( 'NONE', #2557, #3158, #3746 ) ;
#1366 = AXIS2_PLACEMENT_3D ( 'NONE', #3493, #3121, #244 ) ;
#1367 = VERTEX_POINT ( 'NONE', #3743 ) ;
#1368 = DIRECTION ( 'NONE',  ( 1.000000000000000000, 0.000000000000000000, 0.000000000000000000 ) ) ;
#1369 = AXIS2_PLACEMENT_3D ( 'NONE', #754, #1955, #3136 ) ;
#1370 = CARTESIAN_POINT ( 'NONE',  ( -34.52729214000289204, -13.94289815983302638, 0.000000000000000000 ) ) ;
#1371 = EDGE_LOOP ( 'NONE', ( #3773, #3740, #2170, #151 ) ) ;
#1372 = CARTESIAN_POINT ( 'NONE',  ( 0.000000000000000000, 0.000000000000000000, -0.009999999999999592548 ) ) ;
#1373 = DIRECTION ( 'NONE',  ( -0.000000000000000000, -0.000000000000000000, -1.000000000000000000 ) ) ;
#1374 = VERTEX_POINT ( 'NONE', #2568 ) ;
#1375 = DIRECTION ( 'NONE',  ( 0.000000000000000000, 0.000000000000000000, 1.000000000000000000 ) ) ;
#1376 = DIRECTION ( 'NONE',  ( 1.000000000000000000, 0.000000000000000000, 0.000000000000000000 ) ) ;
#1377 = ORIENTED_EDGE ( 'NONE', *, *, #2802, .F. ) ;
#1378 = AXIS2_PLACEMENT_3D ( 'NONE', #3619, #2491, #2454 ) ;
#1379 = ORIENTED_EDGE ( 'NONE', *, *, #98, .T. ) ;
#1380 = CARTESIAN_POINT ( 'NONE',  ( 0.000000000000000000, 0.000000000000000000, 0.000000000000000000 ) ) ;
#1381 = AXIS2_PLACEMENT_3D ( 'NONE', #593, #3210, #1105 ) ;
#1382 = ORIENTED_EDGE ( 'NONE', *, *, #633, .T. ) ;
#1383 = EDGE_CURVE ( 'NONE', #2875, #973, #2151, .T. ) ;
#1384 = CARTESIAN_POINT ( 'NONE',  ( -37.47554391256276318, -19.06191805682658114, 4.990000000000000213 ) ) ;
#1385 = DIRECTION ( 'NONE',  ( 0.000000000000000000, 0.000000000000000000, 1.000000000000000000 ) ) ;
#1386 = ORIENTED_EDGE ( 'NONE', *, *, #2670, .F. ) ;
#1387 = FACE_OUTER_BOUND ( 'NONE', #708, .T. ) ;
#1388 = CARTESIAN_POINT ( 'NONE',  ( 7.688343534783974142, 8.858514522346386144, -0.009999999999999592548 ) ) ;
#1389 = DIRECTION ( 'NONE',  ( 0.5877852522924830181, -0.8090169943749402348, 0.000000000000000000 ) ) ;
#1390 = CARTESIAN_POINT ( 'NONE',  ( -3.079509831235720529, 2.865666116370196193, 4.990000000000000213 ) ) ;
#1391 = EDGE_LOOP ( 'NONE', ( #1775, #771, #1631, #913 ) ) ;
#1392 = DIRECTION ( 'NONE',  ( 0.000000000000000000, -0.000000000000000000, 1.000000000000000000 ) ) ;
#1393 = CARTESIAN_POINT ( 'NONE',  ( -54.15697885793778710, -52.02334105854917823, 4.990000000000000213 ) ) ;
#1394 = ORIENTED_EDGE ( 'NONE', *, *, #3035, .T. ) ;
#1395 = VECTOR ( 'NONE', #654, 1000.000000000000000 ) ;
#1396 = EDGE_CURVE ( 'NONE', #3813, #2606, #1103, .T. ) ;
#1397 = DIRECTION ( 'NONE',  ( -0.000000000000000000, -0.000000000000000000, 1.000000000000000000 ) ) ;
#1398 = ORIENTED_EDGE ( 'NONE', *, *, #3314, .T. ) ;
#1399 = DIRECTION ( 'NONE',  ( -0.000000000000000000, 0.000000000000000000, 1.000000000000000000 ) ) ;
#1400 = CARTESIAN_POINT ( 'NONE',  ( 9.191785744470946540, -2.786951708900008207, 0.000000000000000000 ) ) ;
#1401 = VERTEX_POINT ( 'NONE', #1504 ) ;
#1402 = DIRECTION ( 'NONE',  ( 1.000000000000000000, 0.000000000000000000, 0.000000000000000000 ) ) ;
#1403 = EDGE_CURVE ( 'NONE', #3130, #1845, #28, .T. ) ;
#1404 = DIRECTION ( 'NONE',  ( 0.000000000000000000, 0.000000000000000000, 1.000000000000000000 ) ) ;
#1405 = DIRECTION ( 'NONE',  ( 1.000000000000000000, 0.000000000000000000, 0.000000000000000000 ) ) ;
#1406 = CIRCLE ( 'NONE', #853, 3.557550373136732169 ) ;
#1407 = FACE_OUTER_BOUND ( 'NONE', #163, .T. ) ;
#1408 = ORIENTED_EDGE ( 'NONE', *, *, #1254, .T. ) ;
#1409 = LINE ( 'NONE', #1180, #250 ) ;
#1410 = CYLINDRICAL_SURFACE ( 'NONE', #209, 1.500000000000015099 ) ;
#1411 = EDGE_LOOP ( 'NONE', ( #1583, #1921, #1879, #3796, #2039 ) ) ;
#1412 = DIRECTION ( 'NONE',  ( 1.000000000000000000, 0.000000000000000000, 0.000000000000000000 ) ) ;
#1413 = VERTEX_POINT ( 'NONE', #321 ) ;
#1414 = ADVANCED_FACE ( 'NONE', ( #1024 ), #760, .F. ) ;
#1415 = ORIENTED_EDGE ( 'NONE', *, *, #1229, .F. ) ;
#1416 = CARTESIAN_POINT ( 'NONE',  ( 0.000000000000000000, 0.000000000000000000, 0.000000000000000000 ) ) ;
#1417 = AXIS2_PLACEMENT_3D ( 'NONE', #361, #3601, #382 ) ;
#1418 = DIRECTION ( 'NONE',  ( -0.000000000000000000, -0.000000000000000000, -1.000000000000000000 ) ) ;
#1419 = AXIS2_PLACEMENT_3D ( 'NONE', #3345, #2976, #330 ) ;
#1420 = CIRCLE ( 'NONE', #1728, 9.605000000000000426 ) ;
#1421 = ADVANCED_FACE ( 'NONE', ( #483 ), #1321, .T. ) ;
#1422 = ORIENTED_EDGE ( 'NONE', *, *, #3433, .F. ) ;
#1423 = DIRECTION ( 'NONE',  ( 1.000000000000000000, 0.000000000000000000, 0.000000000000000000 ) ) ;
#1424 = EDGE_CURVE ( 'NONE', #868, #3405, #3401, .T. ) ;
#1425 = CIRCLE ( 'NONE', #3582, 3.557550373136731725 ) ;
#1426 = ADVANCED_FACE ( 'NONE', ( #2483 ), #2540, .T. ) ;
#1427 = AXIS2_PLACEMENT_3D ( 'NONE', #1978, #3730, #1389 ) ;
#1428 = FACE_OUTER_BOUND ( 'NONE', #669, .T. ) ;
#1429 = DIRECTION ( 'NONE',  ( 0.000000000000000000, 0.000000000000000000, 1.000000000000000000 ) ) ;
#1430 = CARTESIAN_POINT ( 'NONE',  ( -58.15387714704682764, -52.37912268758148571, 4.990000000000000213 ) ) ;
#1431 = ORIENTED_EDGE ( 'NONE', *, *, #3065, .F. ) ;
#1432 = AXIS2_PLACEMENT_3D ( 'NONE', #3543, #899, #2983 ) ;
#1433 = DIRECTION ( 'NONE',  ( 1.047444401652940007E-14, -1.000000000000000000, 0.000000000000000000 ) ) ;
#1434 = EDGE_CURVE ( 'NONE', #2599, #1262, #1890, .T. ) ;
#1435 = EDGE_CURVE ( 'NONE', #390, #3731, #3080, .T. ) ;
#1436 = CARTESIAN_POINT ( 'NONE',  ( 9.988465168589069521, 6.201969797453458888, -0.009999999999999592548 ) ) ;
#1437 = ORIENTED_EDGE ( 'NONE', *, *, #2731, .F. ) ;
#1438 = FACE_OUTER_BOUND ( 'NONE', #1612, .T. ) ;
#1439 = CARTESIAN_POINT ( 'NONE',  ( -40.47554391256261397, -19.06191805682658114, 0.000000000000000000 ) ) ;
#1440 = ORIENTED_EDGE ( 'NONE', *, *, #2092, .T. ) ;
#1441 = ORIENTED_EDGE ( 'NONE', *, *, #376, .T. ) ;
#1442 = AXIS2_PLACEMENT_3D ( 'NONE', #2677, #1508, #1524 ) ;
#1443 = CARTESIAN_POINT ( 'NONE',  ( 7.688153462888959844, 8.895288759995963801, -0.009999999999999592548 ) ) ;
#1444 = CARTESIAN_POINT ( 'NONE',  ( 0.000000000000000000, 0.000000000000000000, 4.990000000000000213 ) ) ;
#1445 = CARTESIAN_POINT ( 'NONE',  ( -7.702245092050553410, 6.017653382250981231, -0.009999999999999592548 ) ) ;
#1446 = CARTESIAN_POINT ( 'NONE',  ( 6.656175558859167118, -6.924691468191623400, -0.009999999999999592548 ) ) ;
#1447 = AXIS2_PLACEMENT_3D ( 'NONE', #3467, #1418, #819 ) ;
#1448 = CYLINDRICAL_SURFACE ( 'NONE', #173, 11.75728989999999996 ) ;
#1449 = DIRECTION ( 'NONE',  ( 0.000000000000000000, 0.000000000000000000, 1.000000000000000000 ) ) ;
#1450 = CIRCLE ( 'NONE', #403, 9.605000000000000426 ) ;
#1451 = DIRECTION ( 'NONE',  ( 0.000000000000000000, 0.000000000000000000, 1.000000000000000000 ) ) ;
#1452 = ORIENTED_EDGE ( 'NONE', *, *, #2087, .F. ) ;
#1453 = DIRECTION ( 'NONE',  ( 0.000000000000000000, 0.000000000000000000, 1.000000000000000000 ) ) ;
#1454 = DIRECTION ( 'NONE',  ( 0.000000000000000000, 0.000000000000000000, 1.000000000000000000 ) ) ;
#1455 = LINE ( 'NONE', #2021, #3564 ) ;
#1456 = ORIENTED_EDGE ( 'NONE', *, *, #1899, .T. ) ;
#1457 = ORIENTED_EDGE ( 'NONE', *, *, #1821, .T. ) ;
#1458 = EDGE_LOOP ( 'NONE', ( #2662, #1210, #2427, #1651 ) ) ;
#1459 = DIRECTION ( 'NONE',  ( 0.000000000000000000, 0.000000000000000000, 1.000000000000000000 ) ) ;
#1460 = DIRECTION ( 'NONE',  ( 1.000000000000000000, 0.000000000000000000, 0.000000000000000000 ) ) ;
#1461 = EDGE_CURVE ( 'NONE', #1667, #3298, #1543, .T. ) ;
#1462 = CARTESIAN_POINT ( 'NONE',  ( -38.97554391256268502, -19.06191805682658114, 4.990000000000000213 ) ) ;
#1463 = DIRECTION ( 'NONE',  ( 0.000000000000000000, 0.000000000000000000, 1.000000000000000000 ) ) ;
#1464 = DIRECTION ( 'NONE',  ( 0.3090169943749446202, 0.9510565162951544194, 0.000000000000000000 ) ) ;
#1465 = DIRECTION ( 'NONE',  ( -0.000000000000000000, 0.000000000000000000, 1.000000000000000000 ) ) ;
#1466 = CYLINDRICAL_SURFACE ( 'NONE', #2522, 3.557550373136730393 ) ;
#1467 = EDGE_CURVE ( 'NONE', #3441, #868, #1358, .T. ) ;
#1468 = EDGE_LOOP ( 'NONE', ( #3711, #2807, #2539, #624 ) ) ;
#1469 = CARTESIAN_POINT ( 'NONE',  ( 7.148462673975934933, -6.666049286174404287, 4.990000000000000213 ) ) ;
#1470 = EDGE_CURVE ( 'NONE', #1776, #2644, #171, .T. ) ;
#1471 = LINE ( 'NONE', #2077, #3659 ) ;
#1472 = CARTESIAN_POINT ( 'NONE',  ( 0.000000000000000000, 0.000000000000000000, 0.000000000000000000 ) ) ;
#1473 = CIRCLE ( 'NONE', #296, 1.499999999999924949 ) ;
#1474 = DIRECTION ( 'NONE',  ( 1.000000000000000000, 0.000000000000000000, 0.000000000000000000 ) ) ;
#1475 = ORIENTED_EDGE ( 'NONE', *, *, #458, .F. ) ;
#1476 = EDGE_LOOP ( 'NONE', ( #1817, #1179, #14, #1654, #3734, #767, #1386, #852, #3369, #650, #1891, #2485, #2764, #3018, #1293, #2897, #2317, #2156, #1981, #337, #1011, #1511, #1968, #2208, #1877, #287, #2732, #722, #3724, #2150, #3464, #2760, #269, #476, #3408, #2123, #3307, #923, #2785, #788, #1619 ) ) ;
#1477 = DIRECTION ( 'NONE',  ( 0.000000000000000000, 0.000000000000000000, 1.000000000000000000 ) ) ;
#1478 = ADVANCED_FACE ( 'NONE', ( #2515 ), #2199, .T. ) ;
#1479 = DIRECTION ( 'NONE',  ( 0.3090169943749447312, 0.9510565162951544194, 0.000000000000000000 ) ) ;
#1480 = VECTOR ( 'NONE', #1946, 1000.000000000000000 ) ;
#1481 = DIRECTION ( 'NONE',  ( 1.023996547472437658E-14, -1.000000000000000000, 0.000000000000000000 ) ) ;
#1482 = FACE_OUTER_BOUND ( 'NONE', #3431, .T. ) ;
#1483 = CARTESIAN_POINT ( 'NONE',  ( 0.000000000000000000, 0.000000000000000000, -0.009999999999999592548 ) ) ;
#1484 = DIRECTION ( 'NONE',  ( 0.000000000000000000, 0.000000000000000000, 1.000000000000000000 ) ) ;
#1485 = VECTOR ( 'NONE', #3495, 1000.000000000000000 ) ;
#1486 = DIRECTION ( 'NONE',  ( 0.9510565162951576390, -0.3090169943749349613, 0.000000000000000000 ) ) ;
#1487 = ORIENTED_EDGE ( 'NONE', *, *, #3321, .F. ) ;
#1488 = CARTESIAN_POINT ( 'NONE',  ( 4.738669492808604389, -8.548786061474373810, -0.009999999999999592548 ) ) ;
#1489 = AXIS2_PLACEMENT_3D ( 'NONE', #3122, #1645, #1022 ) ;
#1490 = VECTOR ( 'NONE', #2683, 1000.000000000000000 ) ;
#1491 = DIRECTION ( 'NONE',  ( 1.000000000000000000, 0.000000000000000000, 0.000000000000000000 ) ) ;
#1492 = LINE ( 'NONE', #3260, #185 ) ;
#1493 = STYLED_ITEM ( 'NONE', ( #303 ), #1928 ) ;
#1494 = AXIS2_PLACEMENT_3D ( 'NONE', #1522, #2398, #2058 ) ;
#1495 = DIRECTION ( 'NONE',  ( 0.000000000000000000, 0.000000000000000000, 1.000000000000000000 ) ) ;
#1496 = ORIENTED_EDGE ( 'NONE', *, *, #627, .F. ) ;
#1497 = AXIS2_PLACEMENT_3D ( 'NONE', #164, #3118, #1885 ) ;
#1498 = ORIENTED_EDGE ( 'NONE', *, *, #1424, .T. ) ;
#1499 = VECTOR ( 'NONE', #1624, 1000.000000000000000 ) ;
#1500 = ORIENTED_EDGE ( 'NONE', *, *, #1188, .T. ) ;
#1501 = CARTESIAN_POINT ( 'NONE',  ( -8.895288759995880312, 7.688153462889057543, 4.990000000000000213 ) ) ;
#1502 = DIRECTION ( 'NONE',  ( 0.000000000000000000, 0.000000000000000000, 1.000000000000000000 ) ) ;
#1503 = DIRECTION ( 'NONE',  ( -0.8354238674845232415, -0.5496061877719369271, 0.000000000000000000 ) ) ;
#1504 = CARTESIAN_POINT ( 'NONE',  ( -9.191785744470930553, 2.786951708900070379, 0.000000000000000000 ) ) ;
#1505 = CARTESIAN_POINT ( 'NONE',  ( 2.694159262814937339, -9.395649927148305380, 4.990000000000000213 ) ) ;
#1506 = AXIS2_PLACEMENT_3D ( 'NONE', #3486, #838, #1723 ) ;
#1507 = ORIENTED_EDGE ( 'NONE', *, *, #2272, .T. ) ;
#1508 = DIRECTION ( 'NONE',  ( -0.000000000000000000, 0.000000000000000000, 1.000000000000000000 ) ) ;
#1509 = VECTOR ( 'NONE', #2313, 1000.000000000000000 ) ;
#1510 = CARTESIAN_POINT ( 'NONE',  ( 0.000000000000000000, 0.000000000000000000, 4.990000000000000213 ) ) ;
#1511 = ORIENTED_EDGE ( 'NONE', *, *, #2554, .F. ) ;
#1512 = DIRECTION ( 'NONE',  ( 0.5496061877719370381, -0.8354238674845232415, 0.000000000000000000 ) ) ;
#1513 = DIRECTION ( 'NONE',  ( 0.000000000000000000, 0.000000000000000000, 1.000000000000000000 ) ) ;
#1514 = DIRECTION ( 'NONE',  ( -0.000000000000000000, 0.000000000000000000, 1.000000000000000000 ) ) ;
#1515 = VERTEX_POINT ( 'NONE', #1663 ) ;
#1516 = VERTEX_POINT ( 'NONE', #3720 ) ;
#1517 = EDGE_CURVE ( 'NONE', #1833, #1592, #2559, .T. ) ;
#1518 = ORIENTED_EDGE ( 'NONE', *, *, #48, .T. ) ;
#1519 = CARTESIAN_POINT ( 'NONE',  ( 6.924691468191600308, 6.656175558859191099, 4.990000000000000213 ) ) ;
#1520 = CARTESIAN_POINT ( 'NONE',  ( -46.01270673859564653, -37.14727256197699035, 4.990000000000000213 ) ) ;
#1521 = FACE_OUTER_BOUND ( 'NONE', #1168, .T. ) ;
#1522 = CARTESIAN_POINT ( 'NONE',  ( 0.000000000000000000, 0.000000000000000000, 4.990000000000000213 ) ) ;
#1523 = ORIENTED_EDGE ( 'NONE', *, *, #821, .T. ) ;
#1524 = DIRECTION ( 'NONE',  ( 1.000000000000000000, 0.000000000000000000, 0.000000000000000000 ) ) ;
#1525 = ADVANCED_FACE ( 'NONE', ( #212 ), #1350, .F. ) ;
#1526 = DIRECTION ( 'NONE',  ( 0.000000000000000000, -0.000000000000000000, -1.000000000000000000 ) ) ;
#1527 = VERTEX_POINT ( 'NONE', #3067 ) ;
#1528 = CARTESIAN_POINT ( 'NONE',  ( 7.657487397834607634, 5.798181762587663712, 0.000000000000000000 ) ) ;
#1529 = EDGE_CURVE ( 'NONE', #3598, #414, #1062, .T. ) ;
#1530 = DIRECTION ( 'NONE',  ( -0.000000000000000000, 0.000000000000000000, 1.000000000000000000 ) ) ;
#1531 = CARTESIAN_POINT ( 'NONE',  ( 2.786951708899976232, 9.191785744470957198, -0.009999999999999592548 ) ) ;
#1532 = ORIENTED_EDGE ( 'NONE', *, *, #663, .F. ) ;
#1533 = CIRCLE ( 'NONE', #112, 9.605000000000000426 ) ;
#1534 = EDGE_CURVE ( 'NONE', #3413, #911, #866, .T. ) ;
#1535 = AXIS2_PLACEMENT_3D ( 'NONE', #3235, #2883, #1423 ) ;
#1536 = VECTOR ( 'NONE', #1316, 1000.000000000000000 ) ;
#1537 = VERTEX_POINT ( 'NONE', #2255 ) ;
#1538 = ORIENTED_EDGE ( 'NONE', *, *, #263, .T. ) ;
#1539 = CARTESIAN_POINT ( 'NONE',  ( 0.000000000000000000, 0.000000000000000000, 4.990000000000000213 ) ) ;
#1540 = CARTESIAN_POINT ( 'NONE',  ( -40.47554391256261397, -19.06191805682658114, 4.990000000000000213 ) ) ;
#1541 = ADVANCED_FACE ( 'NONE', ( #3438 ), #1960, .F. ) ;
#1542 = CARTESIAN_POINT ( 'NONE',  ( 8.642644309387733870, 4.190551794383151396, 0.000000000000000000 ) ) ;
#1543 = CIRCLE ( 'NONE', #1903, 3.000000000000002665 ) ;
#1544 = CARTESIAN_POINT ( 'NONE',  ( 0.000000000000000000, 0.000000000000000000, -0.009999999999999592548 ) ) ;
#1545 = ORIENTED_EDGE ( 'NONE', *, *, #844, .F. ) ;
#1546 = EDGE_CURVE ( 'NONE', #1359, #3653, #2091, .T. ) ;
#1547 = CARTESIAN_POINT ( 'NONE',  ( -3.148104807829725793, 9.074439989273134444, 4.990000000000000213 ) ) ;
#1548 = ADVANCED_FACE ( 'NONE', ( #2271 ), #2002, .T. ) ;
#1549 = AXIS2_PLACEMENT_3D ( 'NONE', #978, #1880, #68 ) ;
#1550 = FACE_OUTER_BOUND ( 'NONE', #504, .T. ) ;
#1551 = ORIENTED_EDGE ( 'NONE', *, *, #2267, .T. ) ;
#1552 = DIRECTION ( 'NONE',  ( -0.000000000000000000, -0.000000000000000000, -1.000000000000000000 ) ) ;
#1553 = CARTESIAN_POINT ( 'NONE',  ( 0.3411177778495483870, 9.768335085804976003, 4.990000000000000213 ) ) ;
#1554 = VECTOR ( 'NONE', #1397, 1000.000000000000000 ) ;
#1555 = CIRCLE ( 'NONE', #621, 11.75728989999999996 ) ;
#1556 = CARTESIAN_POINT ( 'NONE',  ( 11.44836635484840137, 2.677456553861728317, 4.990000000000000213 ) ) ;
#1557 = EDGE_LOOP ( 'NONE', ( #279, #63, #3565, #2503 ) ) ;
#1558 = ADVANCED_FACE ( 'NONE', ( #813 ), #3453, .T. ) ;
#1559 = CIRCLE ( 'NONE', #751, 3.557550373136730837 ) ;
#1560 = ORIENTED_EDGE ( 'NONE', *, *, #2549, .T. ) ;
#1561 = AXIS2_PLACEMENT_3D ( 'NONE', #2510, #3377, #2209 ) ;
#1562 = EDGE_LOOP ( 'NONE', ( #3129, #2260, #2833, #387 ) ) ;
#1563 = CARTESIAN_POINT ( 'NONE',  ( 0.000000000000000000, 0.000000000000000000, -0.009999999999999592548 ) ) ;
#1564 = CARTESIAN_POINT ( 'NONE',  ( -8.985029274550017320, 7.583080820360624585, -0.009999999999999592548 ) ) ;
#1565 = LINE ( 'NONE', #419, #84 ) ;
#1566 = CIRCLE ( 'NONE', #3706, 9.605000000000000426 ) ;
#1567 = ORIENTED_EDGE ( 'NONE', *, *, #2675, .F. ) ;
#1568 = DIRECTION ( 'NONE',  ( 0.6812321144496722436, 0.7320674874917125763, 0.000000000000000000 ) ) ;
#1569 = CARTESIAN_POINT ( 'NONE',  ( 4.738669492808604389, -8.548786061474373810, -0.009999999999999592548 ) ) ;
#1570 = ORIENTED_EDGE ( 'NONE', *, *, #3313, .F. ) ;
#1571 = DIRECTION ( 'NONE',  ( 0.000000000000000000, 0.000000000000000000, 1.000000000000000000 ) ) ;
#1572 = VECTOR ( 'NONE', #3444, 1000.000000000000000 ) ;
#1573 = CARTESIAN_POINT ( 'NONE',  ( -0.8535735543938504089, -11.72626445121725069, -0.009999999999999592548 ) ) ;
#1574 = CARTESIAN_POINT ( 'NONE',  ( 0.000000000000000000, 0.000000000000000000, 4.990000000000000213 ) ) ;
#1575 = VERTEX_POINT ( 'NONE', #1737 ) ;
#1576 = AXIS2_PLACEMENT_3D ( 'NONE', #796, #814, #2241 ) ;
#1577 = EDGE_LOOP ( 'NONE', ( #666, #3117, #661, #86, #841 ) ) ;
#1578 = ORIENTED_EDGE ( 'NONE', *, *, #2589, .F. ) ;
#1579 = DIRECTION ( 'NONE',  ( 0.000000000000000000, 0.000000000000000000, 1.000000000000000000 ) ) ;
#1580 = DIRECTION ( 'NONE',  ( -0.000000000000000000, 0.000000000000000000, 1.000000000000000000 ) ) ;
#1581 = FACE_OUTER_BOUND ( 'NONE', #2757, .T. ) ;
#1582 = EDGE_CURVE ( 'NONE', #2352, #2599, #1982, .T. ) ;
#1583 = ORIENTED_EDGE ( 'NONE', *, *, #785, .T. ) ;
#1584 = CARTESIAN_POINT ( 'NONE',  ( -3.079509831235720529, 2.865666116370196193, 4.990000000000000213 ) ) ;
#1585 = DIRECTION ( 'NONE',  ( -0.9510565162951511997, -0.3090169943749548898, 0.000000000000000000 ) ) ;
#1586 = ORIENTED_EDGE ( 'NONE', *, *, #3597, .T. ) ;
#1587 = DIRECTION ( 'NONE',  ( 0.000000000000000000, 0.000000000000000000, 1.000000000000000000 ) ) ;
#1588 = ADVANCED_FACE ( 'NONE', ( #306 ), #1754, .T. ) ;
#1589 = CYLINDRICAL_SURFACE ( 'NONE', #2720, 3.557550373136731281 ) ;
#1590 = CARTESIAN_POINT ( 'NONE',  ( 6.666049286174379418, 7.148462673975957138, -0.009999999999999592548 ) ) ;
#1591 = ORIENTED_EDGE ( 'NONE', *, *, #2533, .T. ) ;
#1592 = VERTEX_POINT ( 'NONE', #3160 ) ;
#1593 = VERTEX_POINT ( 'NONE', #3770 ) ;
#1594 = EDGE_CURVE ( 'NONE', #1359, #1374, #1177, .T. ) ;
#1595 = CYLINDRICAL_SURFACE ( 'NONE', #1417, 11.75728989999999996 ) ;
#1596 = ORIENTED_EDGE ( 'NONE', *, *, #2106, .T. ) ;
#1597 = CYLINDRICAL_SURFACE ( 'NONE', #1008, 9.605000000000000426 ) ;
#1598 = VECTOR ( 'NONE', #3085, 1000.000000000000227 ) ;
#1599 = EDGE_CURVE ( 'NONE', #530, #3413, #1716, .T. ) ;
#1600 = ADVANCED_FACE ( 'NONE', ( #1163 ), #229, .F. ) ;
#1601 = ORIENTED_EDGE ( 'NONE', *, *, #3308, .T. ) ;
#1602 = LINE ( 'NONE', #3432, #3214 ) ;
#1603 = CARTESIAN_POINT ( 'NONE',  ( -10.88857148387366713, 4.435411687004404691, 4.990000000000000213 ) ) ;
#1604 = VERTEX_POINT ( 'NONE', #561 ) ;
#1605 = DIRECTION ( 'NONE',  ( 0.000000000000000000, 0.000000000000000000, 1.000000000000000000 ) ) ;
#1606 = EDGE_CURVE ( 'NONE', #3731, #390, #312, .T. ) ;
#1607 = DIRECTION ( 'NONE',  ( 1.000000000000000000, 0.000000000000000000, 0.000000000000000000 ) ) ;
#1608 = CARTESIAN_POINT ( 'NONE',  ( -7.148462673975886084, 6.666049286174459354, 4.990000000000000213 ) ) ;
#1609 = AXIS2_PLACEMENT_3D ( 'NONE', #2923, #1502, #1460 ) ;
#1610 = AXIS2_PLACEMENT_3D ( 'NONE', #1965, #1912, #3669 ) ;
#1611 = AXIS2_PLACEMENT_3D ( 'NONE', #851, #3514, #2045 ) ;
#1612 = EDGE_LOOP ( 'NONE', ( #3646, #774, #3167, #3111 ) ) ;
#1613 = AXIS2_PLACEMENT_3D ( 'NONE', #3475, #541, #2311 ) ;
#1614 = AXIS2_PLACEMENT_3D ( 'NONE', #76, #2442, #925 ) ;
#1615 = AXIS2_PLACEMENT_3D ( 'NONE', #2481, #3697, #2198 ) ;
#1616 = ORIENTED_EDGE ( 'NONE', *, *, #3630, .T. ) ;
#1617 = AXIS2_PLACEMENT_3D ( 'NONE', #758, #1644, #2237 ) ;
#1618 = DIRECTION ( 'NONE',  ( 0.3090169943749583870, -0.9510565162951499785, 0.000000000000000000 ) ) ;
#1619 = ORIENTED_EDGE ( 'NONE', *, *, #3364, .T. ) ;
#1620 = VECTOR ( 'NONE', #339, 1000.000000000000000 ) ;
#1621 = FACE_OUTER_BOUND ( 'NONE', #3389, .T. ) ;
#1622 = CIRCLE ( 'NONE', #6, 9.605000000000000426 ) ;
#1623 = ORIENTED_EDGE ( 'NONE', *, *, #1064, .F. ) ;
#1624 = DIRECTION ( 'NONE',  ( 0.000000000000000000, 0.000000000000000000, 1.000000000000000000 ) ) ;
#1625 = LINE ( 'NONE', #1693, #3798 ) ;
#1626 = ORIENTED_EDGE ( 'NONE', *, *, #3484, .F. ) ;
#1627 = CARTESIAN_POINT ( 'NONE',  ( 0.000000000000000000, 0.000000000000000000, -0.009999999999999592548 ) ) ;
#1628 = DIRECTION ( 'NONE',  ( -0.000000000000000000, 0.000000000000000000, 1.000000000000000000 ) ) ;
#1629 = CARTESIAN_POINT ( 'NONE',  ( -8.858514522346341735, 4.130793161647340561, -0.009999999999999592548 ) ) ;
#1630 = EDGE_CURVE ( 'NONE', #1537, #166, #625, .T. ) ;
#1631 = ORIENTED_EDGE ( 'NONE', *, *, #2473, .T. ) ;
#1632 = AXIS2_PLACEMENT_3D ( 'NONE', #2415, #380, #2110 ) ;
#1633 = ORIENTED_EDGE ( 'NONE', *, *, #1023, .T. ) ;
#1634 = CARTESIAN_POINT ( 'NONE',  ( -19.80278665186279596, 13.45307327607305226, 0.000000000000000000 ) ) ;
#1635 = AXIS2_PLACEMENT_3D ( 'NONE', #2068, #3020, #2689 ) ;
#1636 = ORIENTED_EDGE ( 'NONE', *, *, #2578, .T. ) ;
#1637 = EDGE_CURVE ( 'NONE', #3405, #3689, #1409, .T. ) ;
#1638 = CARTESIAN_POINT ( 'NONE',  ( 0.000000000000000000, 0.000000000000000000, -0.009999999999999592548 ) ) ;
#1639 = EDGE_LOOP ( 'NONE', ( #1251, #1507, #1500, #1226, #1415 ) ) ;
#1640 = DIRECTION ( 'NONE',  ( 0.9510565162951570839, -0.3090169943749369041, 0.000000000000000000 ) ) ;
#1641 = AXIS2_PLACEMENT_3D ( 'NONE', #299, #3525, #2395 ) ;
#1642 = LINE ( 'NONE', #1076, #977 ) ;
#1643 = ORIENTED_EDGE ( 'NONE', *, *, #2304, .T. ) ;
#1644 = DIRECTION ( 'NONE',  ( 0.000000000000000000, 0.000000000000000000, 1.000000000000000000 ) ) ;
#1645 = DIRECTION ( 'NONE',  ( -0.000000000000000000, 0.000000000000000000, 1.000000000000000000 ) ) ;
#1646 = DIRECTION ( 'NONE',  ( 1.000000000000000000, 0.000000000000000000, 0.000000000000000000 ) ) ;
#1647 = EDGE_CURVE ( 'NONE', #1367, #1278, #1110, .T. ) ;
#1648 = EDGE_CURVE ( 'NONE', #1864, #2400, #502, .T. ) ;
#1649 = LINE ( 'NONE', #485, #2243 ) ;
#1650 = EDGE_CURVE ( 'NONE', #2872, #2845, #1119, .T. ) ;
#1651 = ORIENTED_EDGE ( 'NONE', *, *, #3797, .T. ) ;
#1652 = ORIENTED_EDGE ( 'NONE', *, *, #2908, .F. ) ;
#1653 = CARTESIAN_POINT ( 'NONE',  ( 0.000000000000000000, 0.000000000000000000, 4.990000000000000213 ) ) ;
#1654 = ORIENTED_EDGE ( 'NONE', *, *, #623, .T. ) ;
#1655 = DIRECTION ( 'NONE',  ( 1.000000000000000000, 0.000000000000000000, 0.000000000000000000 ) ) ;
#1656 = VERTEX_POINT ( 'NONE', #2913 ) ;
#1657 = DIRECTION ( 'NONE',  ( 0.000000000000000000, 0.000000000000000000, 1.000000000000000000 ) ) ;
#1658 = DIRECTION ( 'NONE',  ( 0.000000000000000000, 0.000000000000000000, 1.000000000000000000 ) ) ;
#1659 = ORIENTED_EDGE ( 'NONE', *, *, #2589, .T. ) ;
#1660 = DIRECTION ( 'NONE',  ( 1.000000000000000000, 0.000000000000000000, 0.000000000000000000 ) ) ;
#1661 = CARTESIAN_POINT ( 'NONE',  ( 1.692528047703388161, 9.594708094182369251, -0.009999999999999592548 ) ) ;
#1662 = ORIENTED_EDGE ( 'NONE', *, *, #2087, .T. ) ;
#1663 = CARTESIAN_POINT ( 'NONE',  ( -6.084152264125789245, 10.06066384586897478, -0.009999999999999592548 ) ) ;
#1664 = AXIS2_PLACEMENT_3D ( 'NONE', #1740, #2893, #2577 ) ;
#1665 = CARTESIAN_POINT ( 'NONE',  ( 8.642644309387733870, 4.190551794383151396, 4.990000000000000213 ) ) ;
#1666 = ORIENTED_EDGE ( 'NONE', *, *, #2373, .F. ) ;
#1667 = VERTEX_POINT ( 'NONE', #3199 ) ;
#1668 = CIRCLE ( 'NONE', #1419, 11.75728989999999996 ) ;
#1669 = CARTESIAN_POINT ( 'NONE',  ( -46.09781215799607423, -61.42663475532753381, 4.990000000000000213 ) ) ;
#1670 = ORIENTED_EDGE ( 'NONE', *, *, #2034, .T. ) ;
#1671 = VECTOR ( 'NONE', #1980, 1000.000000000000000 ) ;
#1672 = DIRECTION ( 'NONE',  ( 1.000000000000000000, 0.000000000000000000, 0.000000000000000000 ) ) ;
#1673 = CIRCLE ( 'NONE', #2, 9.605000000000000426 ) ;
#1674 = AXIS2_PLACEMENT_3D ( 'NONE', #718, #1902, #2462 ) ;
#1675 = ORIENTED_EDGE ( 'NONE', *, *, #734, .F. ) ;
#1676 = FACE_OUTER_BOUND ( 'NONE', #327, .T. ) ;
#1677 = CARTESIAN_POINT ( 'NONE',  ( 0.000000000000000000, 0.000000000000000000, 4.990000000000000213 ) ) ;
#1678 = CARTESIAN_POINT ( 'NONE',  ( -0.3411177778494789981, -9.768335085804977780, -0.009999999999999592548 ) ) ;
#1679 = DIRECTION ( 'NONE',  ( 0.000000000000000000, 0.000000000000000000, 1.000000000000000000 ) ) ;
#1680 = VERTEX_POINT ( 'NONE', #2618 ) ;
#1681 = CARTESIAN_POINT ( 'NONE',  ( 0.000000000000000000, 0.000000000000000000, -0.009999999999999592548 ) ) ;
#1682 = CARTESIAN_POINT ( 'NONE',  ( 0.000000000000000000, 0.000000000000000000, 0.000000000000000000 ) ) ;
#1683 = EDGE_LOOP ( 'NONE', ( #3040, #1202 ) ) ;
#1684 = AXIS2_PLACEMENT_3D ( 'NONE', #3672, #3315, #404 ) ;
#1685 = PLANE ( 'NONE',  #3518 ) ;
#1686 = AXIS2_PLACEMENT_3D ( 'NONE', #261, #3445, #1171 ) ;
#1687 = EDGE_LOOP ( 'NONE', ( #1560, #1578, #2755, #122, #102 ) ) ;
#1688 = CARTESIAN_POINT ( 'NONE',  ( -3.343003833710739503, -9.184827546270467380, -0.009999999999999592548 ) ) ;
#1689 = AXIS2_PLACEMENT_3D ( 'NONE', #2364, #289, #1491 ) ;
#1690 = DIRECTION ( 'NONE',  ( 0.000000000000000000, 0.000000000000000000, 1.000000000000000000 ) ) ;
#1691 = VERTEX_POINT ( 'NONE', #3788 ) ;
#1692 = CARTESIAN_POINT ( 'NONE',  ( -0.3411177778494789981, -9.768335085804977780, -0.009999999999999592548 ) ) ;
#1693 = CARTESIAN_POINT ( 'NONE',  ( -6.084152264125789245, 10.06066384586897478, -0.009999999999999592548 ) ) ;
#1694 = LINE ( 'NONE', #808, #2780 ) ;
#1695 = DIRECTION ( 'NONE',  ( -0.000000000000000000, -0.000000000000000000, 1.000000000000000000 ) ) ;
#1696 = ORIENTED_EDGE ( 'NONE', *, *, #2496, .F. ) ;
#1697 = DIRECTION ( 'NONE',  ( 0.000000000000000000, 0.000000000000000000, 1.000000000000000000 ) ) ;
#1698 = CARTESIAN_POINT ( 'NONE',  ( 4.748736594666498334, 9.701433248369598417, -0.009999999999999592548 ) ) ;
#1699 = EDGE_CURVE ( 'NONE', #937, #3203, #2097, .T. ) ;
#1700 = ORIENTED_EDGE ( 'NONE', *, *, #1019, .T. ) ;
#1701 = CARTESIAN_POINT ( 'NONE',  ( -1.689791248403291757, -9.455190666338761929, 4.990000000000000213 ) ) ;
#1702 = EDGE_CURVE ( 'NONE', #471, #1352, #2041, .T. ) ;
#1703 = ORIENTED_EDGE ( 'NONE', *, *, #737, .T. ) ;
#1704 = ORIENTED_EDGE ( 'NONE', *, *, #850, .F. ) ;
#1705 = DIRECTION ( 'NONE',  ( 0.000000000000000000, 0.000000000000000000, 1.000000000000000000 ) ) ;
#1706 = EDGE_CURVE ( 'NONE', #2400, #1537, #3533, .T. ) ;
#1707 = DIRECTION ( 'NONE',  ( 0.000000000000000000, 0.000000000000000000, 1.000000000000000000 ) ) ;
#1708 = ORIENTED_EDGE ( 'NONE', *, *, #3446, .T. ) ;
#1709 = EDGE_CURVE ( 'NONE', #2509, #835, #2076, .T. ) ;
#1710 = FACE_OUTER_BOUND ( 'NONE', #197, .T. ) ;
#1711 = EDGE_CURVE ( 'NONE', #1887, #2047, #1846, .T. ) ;
#1712 = FACE_OUTER_BOUND ( 'NONE', #409, .T. ) ;
#1713 = PLANE ( 'NONE',  #3521 ) ;
#1714 = CARTESIAN_POINT ( 'NONE',  ( 7.583080820360526886, 8.985029274550099032, 4.990000000000000213 ) ) ;
#1715 = EDGE_LOOP ( 'NONE', ( #2767, #2805, #3557, #2270 ) ) ;
#1716 = LINE ( 'NONE', #2873, #3334 ) ;
#1717 = EDGE_CURVE ( 'NONE', #1838, #1003, #381, .T. ) ;
#1718 = DIRECTION ( 'NONE',  ( -1.000000000000000000, 0.000000000000000000, 0.000000000000000000 ) ) ;
#1719 = ORIENTED_EDGE ( 'NONE', *, *, #3491, .F. ) ;
#1720 = CARTESIAN_POINT ( 'NONE',  ( 0.000000000000000000, 0.000000000000000000, -0.009999999999999592548 ) ) ;
#1721 = VERTEX_POINT ( 'NONE', #3258 ) ;
#1722 = VERTEX_POINT ( 'NONE', #3029 ) ;
#1723 = DIRECTION ( 'NONE',  ( 1.000000000000000000, 0.000000000000000000, 0.000000000000000000 ) ) ;
#1724 = VECTOR ( 'NONE', #1805, 1000.000000000000000 ) ;
#1725 = FACE_OUTER_BOUND ( 'NONE', #2018, .T. ) ;
#1726 = CARTESIAN_POINT ( 'NONE',  ( 7.148462673975934933, -6.666049286174404287, -0.009999999999999592548 ) ) ;
#1727 = CIRCLE ( 'NONE', #870, 11.75728990000000351 ) ;
#1728 = AXIS2_PLACEMENT_3D ( 'NONE', #2763, #1300, #2466 ) ;
#1729 = ORIENTED_EDGE ( 'NONE', *, *, #2907, .T. ) ;
#1730 = DIRECTION ( 'NONE',  ( -0.000000000000000000, -0.000000000000000000, -1.000000000000000000 ) ) ;
#1731 = AXIS2_PLACEMENT_3D ( 'NONE', #3421, #481, #2800 ) ;
#1732 = CIRCLE ( 'NONE', #566, 3.557550373136730837 ) ;
#1733 = DIRECTION ( 'NONE',  ( 1.000000000000000000, 0.000000000000000000, 0.000000000000000000 ) ) ;
#1734 = FACE_OUTER_BOUND ( 'NONE', #1322, .T. ) ;
#1735 = ORIENTED_EDGE ( 'NONE', *, *, #2791, .F. ) ;
#1736 = CIRCLE ( 'NONE', #72, 3.557550373136731725 ) ;
#1737 = CARTESIAN_POINT ( 'NONE',  ( -57.13024757962700306, -45.94396256087145503, 4.990000000000000213 ) ) ;
#1738 = AXIS2_PLACEMENT_3D ( 'NONE', #1918, #1657, #2772 ) ;
#1739 = DIRECTION ( 'NONE',  ( 0.000000000000000000, 0.000000000000000000, 1.000000000000000000 ) ) ;
#1740 = CARTESIAN_POINT ( 'NONE',  ( 0.000000000000000000, 0.000000000000000000, -0.009999999999999592548 ) ) ;
#1741 = ORIENTED_EDGE ( 'NONE', *, *, #3364, .F. ) ;
#1742 = EDGE_CURVE ( 'NONE', #2728, #525, #2696, .T. ) ;
#1743 = ORIENTED_EDGE ( 'NONE', *, *, #293, .F. ) ;
#1744 = DIRECTION ( 'NONE',  ( 0.000000000000000000, 0.000000000000000000, 1.000000000000000000 ) ) ;
#1745 = DIRECTION ( 'NONE',  ( 1.000000000000000000, 0.000000000000000000, 0.000000000000000000 ) ) ;
#1746 = CIRCLE ( 'NONE', #1686, 3.557550373136731281 ) ;
#1747 = EDGE_CURVE ( 'NONE', #2406, #311, #2521, .T. ) ;
#1748 = DIRECTION ( 'NONE',  ( 0.8090169943749551118, -0.5877852522924624790, 0.000000000000000000 ) ) ;
#1749 = CARTESIAN_POINT ( 'NONE',  ( -1.689791248403291757, -9.455190666338761929, 0.000000000000000000 ) ) ;
#1750 = DIRECTION ( 'NONE',  ( -1.000000000000000000, 0.000000000000000000, 0.000000000000000000 ) ) ;
#1751 = DIRECTION ( 'NONE',  ( 0.000000000000000000, 0.000000000000000000, 1.000000000000000000 ) ) ;
#1752 = LINE ( 'NONE', #1390, #3520 ) ;
#1753 = ORIENTED_EDGE ( 'NONE', *, *, #1940, .T. ) ;
#1754 = CYLINDRICAL_SURFACE ( 'NONE', #749, 9.605000000000000426 ) ;
#1755 = DIRECTION ( 'NONE',  ( 1.000000000000000000, 0.000000000000000000, 0.000000000000000000 ) ) ;
#1756 = LINE ( 'NONE', #1634, #1361 ) ;
#1757 = CARTESIAN_POINT ( 'NONE',  ( 9.988465168589069521, 6.201969797453458888, -0.009999999999999592548 ) ) ;
#1758 = EDGE_LOOP ( 'NONE', ( #455, #1377, #3086, #985, #1551 ) ) ;
#1759 = EDGE_CURVE ( 'NONE', #697, #3483, #3549, .T. ) ;
#1760 = EDGE_CURVE ( 'NONE', #429, #3287, #1204, .T. ) ;
#1761 = ORIENTED_EDGE ( 'NONE', *, *, #3789, .F. ) ;
#1762 = AXIS2_PLACEMENT_3D ( 'NONE', #368, #3622, #3342 ) ;
#1763 = ORIENTED_EDGE ( 'NONE', *, *, #2062, .F. ) ;
#1764 = CYLINDRICAL_SURFACE ( 'NONE', #2180, 3.557550373136731281 ) ;
#1765 = DIRECTION ( 'NONE',  ( 0.000000000000000000, 0.000000000000000000, 1.000000000000000000 ) ) ;
#1766 = DIRECTION ( 'NONE',  ( 1.000000000000000000, 0.000000000000000000, 0.000000000000000000 ) ) ;
#1767 = DIRECTION ( 'NONE',  ( 0.000000000000000000, 0.000000000000000000, 1.000000000000000000 ) ) ;
#1768 = DIRECTION ( 'NONE',  ( 0.000000000000000000, 0.000000000000000000, 1.000000000000000000 ) ) ;
#1769 = DIRECTION ( 'NONE',  ( 0.000000000000000000, 0.000000000000000000, 1.000000000000000000 ) ) ;
#1770 = EDGE_LOOP ( 'NONE', ( #174, #3229, #2119, #237 ) ) ;
#1771 = DIRECTION ( 'NONE',  ( 1.000000000000000000, 0.000000000000000000, 0.000000000000000000 ) ) ;
#1772 = CARTESIAN_POINT ( 'NONE',  ( 3.216432595287251672, -9.768335085804977780, -0.009999999999999592548 ) ) ;
#1773 = DIRECTION ( 'NONE',  ( 0.8090169943749465631, 0.5877852522924743583, 0.000000000000000000 ) ) ;
#1774 = DIRECTION ( 'NONE',  ( -0.000000000000000000, 0.000000000000000000, 1.000000000000000000 ) ) ;
#1775 = ORIENTED_EDGE ( 'NONE', *, *, #3115, .F. ) ;
#1776 = VERTEX_POINT ( 'NONE', #3339 ) ;
#1777 = EDGE_CURVE ( 'NONE', #3677, #2001, #2623, .T. ) ;
#1778 = VERTEX_POINT ( 'NONE', #676 ) ;
#1779 = DIRECTION ( 'NONE',  ( 0.000000000000000000, 0.000000000000000000, 1.000000000000000000 ) ) ;
#1780 = CARTESIAN_POINT ( 'NONE',  ( -47.51270673859566074, -37.14727256197699035, 4.990000000000000213 ) ) ;
#1781 = CARTESIAN_POINT ( 'NONE',  ( 0.000000000000000000, 0.000000000000000000, 0.000000000000000000 ) ) ;
#1782 = CARTESIAN_POINT ( 'NONE',  ( 3.148104807829789742, -9.074439989273111351, -0.009999999999999592548 ) ) ;
#1783 = VECTOR ( 'NONE', #1030, 999.9999999999998863 ) ;
#1784 = CIRCLE ( 'NONE', #3205, 9.605000000000000426 ) ;
#1785 = DIRECTION ( 'NONE',  ( 1.000000000000000000, 0.000000000000000000, 0.000000000000000000 ) ) ;
#1786 = AXIS2_PLACEMENT_3D ( 'NONE', #1608, #2781, #137 ) ;
#1787 = VERTEX_POINT ( 'NONE', #2989 ) ;
#1788 = PLANE ( 'NONE',  #762 ) ;
#1789 = VECTOR ( 'NONE', #2347, 1000.000000000000000 ) ;
#1790 = DIRECTION ( 'NONE',  ( 0.000000000000000000, 0.000000000000000000, 1.000000000000000000 ) ) ;
#1791 = CARTESIAN_POINT ( 'NONE',  ( 1.865022325433343120, -9.594708094182369251, -0.009999999999999592548 ) ) ;
#1792 = CIRCLE ( 'NONE', #3093, 11.75728990000000174 ) ;
#1793 = ADVANCED_FACE ( 'NONE', ( #406 ), #1788, .T. ) ;
#1794 = CARTESIAN_POINT ( 'NONE',  ( -60.76604953647608909, -46.84443189777462635, 4.990000000000000213 ) ) ;
#1795 = DIRECTION ( 'NONE',  ( -0.000000000000000000, -0.000000000000000000, -1.000000000000000000 ) ) ;
#1796 = EDGE_LOOP ( 'NONE', ( #470, #2859, #143, #2248 ) ) ;
#1797 = EDGE_LOOP ( 'NONE', ( #3376, #3576, #764, #421 ) ) ;
#1798 = ORIENTED_EDGE ( 'NONE', *, *, #3705, .T. ) ;
#1799 = CARTESIAN_POINT ( 'NONE',  ( -10.83569241491644242, 4.563073052446602773, 4.990000000000000213 ) ) ;
#1800 = DIRECTION ( 'NONE',  ( -0.000000000000000000, 0.000000000000000000, 1.000000000000000000 ) ) ;
#1801 = EDGE_CURVE ( 'NONE', #518, #117, #1830, .T. ) ;
#1802 = DIRECTION ( 'NONE',  ( 0.000000000000000000, 0.000000000000000000, 1.000000000000000000 ) ) ;
#1803 = CIRCLE ( 'NONE', #1684, 3.557550373136732169 ) ;
#1804 = EDGE_CURVE ( 'NONE', #1327, #3634, #3410, .T. ) ;
#1805 = DIRECTION ( 'NONE',  ( -0.000000000000000000, -0.000000000000000000, -1.000000000000000000 ) ) ;
#1806 = DIRECTION ( 'NONE',  ( 0.000000000000000000, 0.000000000000000000, 1.000000000000000000 ) ) ;
#1807 = VECTOR ( 'NONE', #1779, 1000.000000000000000 ) ;
#1808 = ORIENTED_EDGE ( 'NONE', *, *, #162, .F. ) ;
#1809 = CYLINDRICAL_SURFACE ( 'NONE', #515, 9.605000000000000426 ) ;
#1810 = EDGE_CURVE ( 'NONE', #3671, #3207, #1260, .T. ) ;
#1811 = CIRCLE ( 'NONE', #956, 3.000000000000000444 ) ;
#1812 = CARTESIAN_POINT ( 'NONE',  ( -0.8535735543938504089, -11.72626445121725069, 4.990000000000000213 ) ) ;
#1813 = EDGE_LOOP ( 'NONE', ( #893, #1052, #3187, #1189 ) ) ;
#1814 = DIRECTION ( 'NONE',  ( -0.000000000000000000, -0.000000000000000000, -1.000000000000000000 ) ) ;
#1815 = CYLINDRICAL_SURFACE ( 'NONE', #3691, 3.557550373136731281 ) ;
#1816 = DIRECTION ( 'NONE',  ( -1.000000000000000000, 0.000000000000000000, 0.000000000000000000 ) ) ;
#1817 = ORIENTED_EDGE ( 'NONE', *, *, #2656, .T. ) ;
#1818 = ADVANCED_FACE ( 'NONE', ( #3566 ), #1809, .F. ) ;
#1819 = ORIENTED_EDGE ( 'NONE', *, *, #3759, .T. ) ;
#1820 = VERTEX_POINT ( 'NONE', #1547 ) ;
#1821 = EDGE_CURVE ( 'NONE', #474, #440, #1220, .T. ) ;
#1822 = CARTESIAN_POINT ( 'NONE',  ( 8.642644309387733870, 4.190551794383151396, -0.009999999999999592548 ) ) ;
#1823 = DIRECTION ( 'NONE',  ( -0.000000000000000000, 0.000000000000000000, 1.000000000000000000 ) ) ;
#1824 = EDGE_CURVE ( 'NONE', #3778, #1691, #2962, .T. ) ;
#1825 = ADVANCED_FACE ( 'NONE', ( #2094 ), #3279, .T. ) ;
#1826 = DIRECTION ( 'NONE',  ( 0.000000000000000000, 0.000000000000000000, 1.000000000000000000 ) ) ;
#1827 = CARTESIAN_POINT ( 'NONE',  ( 8.895288759995937156, -7.688153462888991818, -0.009999999999999592548 ) ) ;
#1828 = EDGE_CURVE ( 'NONE', #675, #854, #3460, .T. ) ;
#1829 = ORIENTED_EDGE ( 'NONE', *, *, #1804, .T. ) ;
#1830 = LINE ( 'NONE', #3008, #2048 ) ;
#1831 = PLANE ( 'NONE',  #2751 ) ;
#1832 = EDGE_CURVE ( 'NONE', #1721, #3778, #809, .T. ) ;
#1833 = VERTEX_POINT ( 'NONE', #2826 ) ;
#1834 = DIRECTION ( 'NONE',  ( -0.000000000000000000, -0.000000000000000000, -1.000000000000000000 ) ) ;
#1835 = CARTESIAN_POINT ( 'NONE',  ( -8.470246483331933973, 4.528901578926510574, -0.009999999999999592548 ) ) ;
#1836 = DIRECTION ( 'NONE',  ( -0.000000000000000000, -0.000000000000000000, -1.000000000000000000 ) ) ;
#1837 = ORIENTED_EDGE ( 'NONE', *, *, #1906, .F. ) ;
#1838 = VERTEX_POINT ( 'NONE', #2192 ) ;
#1839 = ORIENTED_EDGE ( 'NONE', *, *, #963, .F. ) ;
#1840 = DIRECTION ( 'NONE',  ( 0.9510565162951576390, -0.3090169943749349613, 0.000000000000000000 ) ) ;
#1841 = DIRECTION ( 'NONE',  ( 0.000000000000000000, 0.000000000000000000, 1.000000000000000000 ) ) ;
#1842 = DIRECTION ( 'NONE',  ( 0.5877852522924714718, 0.8090169943749487835, 0.000000000000000000 ) ) ;
#1843 = CARTESIAN_POINT ( 'NONE',  ( 8.985029274550074163, -7.583080820360558860, 4.990000000000000213 ) ) ;
#1844 = CARTESIAN_POINT ( 'NONE',  ( 8.470246483331964171, -4.528901578926452842, -0.009999999999999592548 ) ) ;
#1845 = VERTEX_POINT ( 'NONE', #1017 ) ;
#1846 = LINE ( 'NONE', #3608, #2839 ) ;
#1847 = DIRECTION ( 'NONE',  ( 0.000000000000000000, 0.000000000000000000, 1.000000000000000000 ) ) ;
#1848 = ORIENTED_EDGE ( 'NONE', *, *, #2730, .F. ) ;
#1849 = DIRECTION ( 'NONE',  ( 1.000000000000000000, 0.000000000000000000, 0.000000000000000000 ) ) ;
#1850 = AXIS2_PLACEMENT_3D ( 'NONE', #3124, #2834, #1081 ) ;
#1851 = DIRECTION ( 'NONE',  ( 1.000000000000000000, 0.000000000000000000, 0.000000000000000000 ) ) ;
#1852 = AXIS2_PLACEMENT_3D ( 'NONE', #933, #1853, #988 ) ;
#1853 = DIRECTION ( 'NONE',  ( 0.000000000000000000, 0.000000000000000000, 1.000000000000000000 ) ) ;
#1854 = EDGE_LOOP ( 'NONE', ( #1212, #1938, #3361, #200 ) ) ;
#1855 = AXIS2_PLACEMENT_3D ( 'NONE', #1116, #1695, #2637 ) ;
#1856 = CIRCLE ( 'NONE', #2841, 3.557550373136730837 ) ;
#1857 = ORIENTED_EDGE ( 'NONE', *, *, #1606, .T. ) ;
#1858 = ADVANCED_FACE ( 'NONE', ( #1330 ), #2532, .T. ) ;
#1859 = ORIENTED_EDGE ( 'NONE', *, *, #3802, .F. ) ;
#1860 = CARTESIAN_POINT ( 'NONE',  ( -47.51270673859566074, -37.14727256197699035, 4.990000000000000213 ) ) ;
#1861 = CARTESIAN_POINT ( 'NONE',  ( 9.768335085804977780, -0.3411177778494447477, -0.009999999999999592548 ) ) ;
#1862 = FACE_BOUND ( 'NONE', #528, .T. ) ;
#1863 = EDGE_CURVE ( 'NONE', #215, #2528, #2729, .T. ) ;
#1864 = VERTEX_POINT ( 'NONE', #789 ) ;
#1865 = DIRECTION ( 'NONE',  ( -0.000000000000000000, -0.000000000000000000, -1.000000000000000000 ) ) ;
#1866 = AXIS2_PLACEMENT_3D ( 'NONE', #3657, #3333, #3354 ) ;
#1867 = DIRECTION ( 'NONE',  ( 1.000000000000000000, 4.625929269271481378E-15, 0.000000000000000000 ) ) ;
#1868 = VERTEX_POINT ( 'NONE', #3101 ) ;
#1869 = DIRECTION ( 'NONE',  ( 0.4164670122070419089, 0.9091508278296509538, 0.000000000000000000 ) ) ;
#1870 = AXIS2_PLACEMENT_3D ( 'NONE', #3170, #1744, #1132 ) ;
#1871 = CARTESIAN_POINT ( 'NONE',  ( 11.41610895238707712, 2.811818304917589550, 4.990000000000000213 ) ) ;
#1872 = EDGE_CURVE ( 'NONE', #2246, #543, #3758, .T. ) ;
#1873 = DIRECTION ( 'NONE',  ( 0.000000000000000000, 0.000000000000000000, 1.000000000000000000 ) ) ;
#1874 = ORIENTED_EDGE ( 'NONE', *, *, #1940, .F. ) ;
#1875 = CIRCLE ( 'NONE', #2860, 11.75728989999999996 ) ;
#1876 = EDGE_CURVE ( 'NONE', #781, #3731, #1602, .T. ) ;
#1877 = ORIENTED_EDGE ( 'NONE', *, *, #62, .F. ) ;
#1878 = EDGE_CURVE ( 'NONE', #2144, #1838, #772, .T. ) ;
#1879 = ORIENTED_EDGE ( 'NONE', *, *, #1424, .F. ) ;
#1880 = DIRECTION ( 'NONE',  ( 0.000000000000000000, 0.000000000000000000, 1.000000000000000000 ) ) ;
#1881 = EDGE_LOOP ( 'NONE', ( #482, #3114, #1761, #3068 ) ) ;
#1882 = CARTESIAN_POINT ( 'NONE',  ( 0.000000000000000000, 0.000000000000000000, -0.009999999999999592548 ) ) ;
#1883 = ADVANCED_FACE ( 'NONE', ( #1676 ), #1053, .F. ) ;
#1884 = ORIENTED_EDGE ( 'NONE', *, *, #399, .F. ) ;
#1885 = DIRECTION ( 'NONE',  ( 1.000000000000000000, 0.000000000000000000, 0.000000000000000000 ) ) ;
#1886 = LINE ( 'NONE', #2460, #655 ) ;
#1887 = VERTEX_POINT ( 'NONE', #114 ) ;
#1888 = DIRECTION ( 'NONE',  ( 1.000000000000000000, 0.000000000000000000, 0.000000000000000000 ) ) ;
#1889 = DIRECTION ( 'NONE',  ( -0.000000000000000000, 0.000000000000000000, 1.000000000000000000 ) ) ;
#1890 = LINE ( 'NONE', #794, #924 ) ;
#1891 = ORIENTED_EDGE ( 'NONE', *, *, #347, .F. ) ;
#1892 = ORIENTED_EDGE ( 'NONE', *, *, #2796, .T. ) ;
#1893 = ORIENTED_EDGE ( 'NONE', *, *, #3000, .T. ) ;
#1894 = CARTESIAN_POINT ( 'NONE',  ( -10.83569241491644242, 4.563073052446602773, -0.009999999999999592548 ) ) ;
#1895 = ORIENTED_EDGE ( 'NONE', *, *, #1151, .T. ) ;
#1896 = FACE_BOUND ( 'NONE', #591, .T. ) ;
#1897 = ORIENTED_EDGE ( 'NONE', *, *, #24, .F. ) ;
#1898 = DIRECTION ( 'NONE',  ( 0.000000000000000000, 0.000000000000000000, 1.000000000000000000 ) ) ;
#1899 = EDGE_CURVE ( 'NONE', #2953, #2793, #3415, .T. ) ;
#1900 = CARTESIAN_POINT ( 'NONE',  ( -58.28452317285918838, -48.53026311906409518, 4.990000000000000213 ) ) ;
#1901 = ORIENTED_EDGE ( 'NONE', *, *, #3125, .T. ) ;
#1902 = DIRECTION ( 'NONE',  ( 0.000000000000000000, 0.000000000000000000, 1.000000000000000000 ) ) ;
#1903 = AXIS2_PLACEMENT_3D ( 'NONE', #448, #1925, #1098 ) ;
#1904 = CYLINDRICAL_SURFACE ( 'NONE', #314, 9.605000000000000426 ) ;
#1905 = DIRECTION ( 'NONE',  ( 0.000000000000000000, 0.000000000000000000, -1.000000000000000000 ) ) ;
#1906 = EDGE_CURVE ( 'NONE', #1134, #1278, #2969, .T. ) ;
#1907 = AXIS2_PLACEMENT_3D ( 'NONE', #36, #971, #1224 ) ;
#1908 = AXIS2_PLACEMENT_3D ( 'NONE', #2349, #1263, #370 ) ;
#1909 = ORIENTED_EDGE ( 'NONE', *, *, #178, .F. ) ;
#1910 = EDGE_LOOP ( 'NONE', ( #998, #3072, #3704, #3668 ) ) ;
#1911 = AXIS2_PLACEMENT_3D ( 'NONE', #3450, #3472, #2910 ) ;
#1912 = DIRECTION ( 'NONE',  ( 0.000000000000000000, 0.000000000000000000, 1.000000000000000000 ) ) ;
#1913 = ORIENTED_EDGE ( 'NONE', *, *, #2843, .F. ) ;
#1914 = VECTOR ( 'NONE', #1276, 1000.000000000000000 ) ;
#1915 = CARTESIAN_POINT ( 'NONE',  ( -34.52729214000289204, -13.94289815983302638, 4.990000000000000213 ) ) ;
#1916 = EDGE_CURVE ( 'NONE', #1722, #1318, #634, .T. ) ;
#1917 = ORIENTED_EDGE ( 'NONE', *, *, #224, .F. ) ;
#1918 = CARTESIAN_POINT ( 'NONE',  ( -1.865022325433343120, 9.594708094182369251, -0.009999999999999592548 ) ) ;
#1919 = EDGE_CURVE ( 'NONE', #705, #2947, #2249, .T. ) ;
#1920 = LINE ( 'NONE', #790, #1095 ) ;
#1921 = ORIENTED_EDGE ( 'NONE', *, *, #1637, .F. ) ;
#1922 = CARTESIAN_POINT ( 'NONE',  ( 8.642644309387733870, 4.190551794383151396, -0.009999999999999592548 ) ) ;
#1923 = CARTESIAN_POINT ( 'NONE',  ( 0.000000000000000000, 0.000000000000000000, 4.990000000000000213 ) ) ;
#1924 = AXIS2_PLACEMENT_3D ( 'NONE', #2940, #2924, #264 ) ;
#1925 = DIRECTION ( 'NONE',  ( -0.000000000000000000, 0.000000000000000000, 1.000000000000000000 ) ) ;
#1926 = EDGE_CURVE ( 'NONE', #2889, #2728, #195, .T. ) ;
#1927 = FACE_OUTER_BOUND ( 'NONE', #1687, .T. ) ;
#1928 = ADVANCED_BREP_SHAPE_REPRESENTATION ( 'lianjiebi', ( #3775, #810 ), #1054 ) ;
#1929 = ORIENTED_EDGE ( 'NONE', *, *, #2765, .F. ) ;
#1930 = AXIS2_PLACEMENT_3D ( 'NONE', #1155, #1385, #2319 ) ;
#1931 = ORIENTED_EDGE ( 'NONE', *, *, #1312, .F. ) ;
#1932 = CARTESIAN_POINT ( 'NONE',  ( 1.865022325433343120, -9.594708094182369251, 4.990000000000000213 ) ) ;
#1933 = VECTOR ( 'NONE', #3701, 1000.000000000000000 ) ;
#1934 = ORIENTED_EDGE ( 'NONE', *, *, #2598, .F. ) ;
#1935 = DIRECTION ( 'NONE',  ( -0.000000000000000000, -0.000000000000000000, -1.000000000000000000 ) ) ;
#1936 = EDGE_CURVE ( 'NONE', #2845, #2899, #1001, .T. ) ;
#1937 = EDGE_CURVE ( 'NONE', #868, #1309, #1622, .T. ) ;
#1938 = ORIENTED_EDGE ( 'NONE', *, *, #1717, .F. ) ;
#1939 = DIRECTION ( 'NONE',  ( 0.000000000000000000, 0.000000000000000000, 1.000000000000000000 ) ) ;
#1940 = EDGE_CURVE ( 'NONE', #3509, #3722, #477, .T. ) ;
#1941 = DIRECTION ( 'NONE',  ( 1.000000000000000000, 0.000000000000000000, 0.000000000000000000 ) ) ;
#1942 = ORIENTED_EDGE ( 'NONE', *, *, #2598, .T. ) ;
#1943 = FACE_OUTER_BOUND ( 'NONE', #2104, .T. ) ;
#1944 = CARTESIAN_POINT ( 'NONE',  ( 0.000000000000000000, 0.000000000000000000, 4.990000000000000213 ) ) ;
#1945 = EDGE_LOOP ( 'NONE', ( #187, #3555, #2704, #2866 ) ) ;
#1946 = DIRECTION ( 'NONE',  ( 0.000000000000000000, 0.000000000000000000, 1.000000000000000000 ) ) ;
#1947 = DIRECTION ( 'NONE',  ( 1.000000000000000000, 0.000000000000000000, 0.000000000000000000 ) ) ;
#1948 = ORIENTED_EDGE ( 'NONE', *, *, #1305, .T. ) ;
#1949 = ORIENTED_EDGE ( 'NONE', *, *, #1699, .T. ) ;
#1950 = CARTESIAN_POINT ( 'NONE',  ( -46.09781215799607423, -61.42663475532753381, 0.000000000000000000 ) ) ;
#1951 = ORIENTED_EDGE ( 'NONE', *, *, #2675, .T. ) ;
#1952 = DIRECTION ( 'NONE',  ( 0.9510565162951576390, -0.3090169943749349613, 0.000000000000000000 ) ) ;
#1953 = CIRCLE ( 'NONE', #115, 3.000000000000002665 ) ;
#1954 = ORIENTED_EDGE ( 'NONE', *, *, #162, .T. ) ;
#1955 = DIRECTION ( 'NONE',  ( -0.000000000000000000, -0.000000000000000000, -1.000000000000000000 ) ) ;
#1956 = CARTESIAN_POINT ( 'NONE',  ( 1.314727622981662236, -9.514594908737260326, -0.009999999999999592548 ) ) ;
#1957 = CARTESIAN_POINT ( 'NONE',  ( 9.514594908737256773, 1.314727622981695543, -0.009999999999999592548 ) ) ;
#1958 = DIRECTION ( 'NONE',  ( 0.9510565162951533091, 0.3090169943749480619, 0.000000000000000000 ) ) ;
#1959 = ORIENTED_EDGE ( 'NONE', *, *, #1178, .F. ) ;
#1960 = PLANE ( 'NONE',  #2896 ) ;
#1961 = FACE_OUTER_BOUND ( 'NONE', #3348, .T. ) ;
#1962 = ORIENTED_EDGE ( 'NONE', *, *, #3349, .F. ) ;
#1963 = AXIS2_PLACEMENT_3D ( 'NONE', #1380, #2332, #3791 ) ;
#1964 = CIRCLE ( 'NONE', #436, 3.557550373136730837 ) ;
#1965 = CARTESIAN_POINT ( 'NONE',  ( 0.000000000000000000, 0.000000000000000000, -0.009999999999999592548 ) ) ;
#1966 = AXIS2_PLACEMENT_3D ( 'NONE', #1143, #830, #1433 ) ;
#1967 = EDGE_CURVE ( 'NONE', #2606, #3813, #3523, .T. ) ;
#1968 = ORIENTED_EDGE ( 'NONE', *, *, #2439, .F. ) ;
#1969 = CIRCLE ( 'NONE', #2031, 9.605000000000000426 ) ;
#1970 = CARTESIAN_POINT ( 'NONE',  ( 0.000000000000000000, 0.000000000000000000, 4.990000000000000213 ) ) ;
#1971 = AXIS2_PLACEMENT_3D ( 'NONE', #273, #2080, #3792 ) ;
#1972 = DIRECTION ( 'NONE',  ( 0.000000000000000000, 0.000000000000000000, 1.000000000000000000 ) ) ;
#1973 = AXIS2_PLACEMENT_3D ( 'NONE', #3621, #640, #348 ) ;
#1974 = ORIENTED_EDGE ( 'NONE', *, *, #3639, .F. ) ;
#1975 = CARTESIAN_POINT ( 'NONE',  ( 8.858514522346371933, -4.130793161647273948, 4.990000000000000213 ) ) ;
#1976 = EDGE_CURVE ( 'NONE', #85, #1016, #3661, .T. ) ;
#1977 = DIRECTION ( 'NONE',  ( 0.000000000000000000, 0.000000000000000000, 1.000000000000000000 ) ) ;
#1978 = CARTESIAN_POINT ( 'NONE',  ( 0.000000000000000000, 0.000000000000000000, -0.009999999999999592548 ) ) ;
#1979 = AXIS2_PLACEMENT_3D ( 'NONE', #535, #2055, #2553 ) ;
#1980 = DIRECTION ( 'NONE',  ( 0.000000000000000000, 0.000000000000000000, 1.000000000000000000 ) ) ;
#1981 = ORIENTED_EDGE ( 'NONE', *, *, #1863, .F. ) ;
#1982 = LINE ( 'NONE', #2948, #1485 ) ;
#1983 = EDGE_CURVE ( 'NONE', #1031, #2144, #3082, .T. ) ;
#1984 = DIRECTION ( 'NONE',  ( -0.000000000000000000, -0.000000000000000000, -1.000000000000000000 ) ) ;
#1985 = ADVANCED_FACE ( 'NONE', ( #2794 ), #3783, .T. ) ;
#1986 = VERTEX_POINT ( 'NONE', #205 ) ;
#1987 = CIRCLE ( 'NONE', #329, 3.557550373136731281 ) ;
#1988 = EDGE_CURVE ( 'NONE', #1575, #509, #1256, .T. ) ;
#1989 = AXIS2_PLACEMENT_3D ( 'NONE', #533, #1707, #3190 ) ;
#1990 = ORIENTED_EDGE ( 'NONE', *, *, #3321, .T. ) ;
#1991 = ORIENTED_EDGE ( 'NONE', *, *, #175, .F. ) ;
#1992 = CARTESIAN_POINT ( 'NONE',  ( -9.696723107426061361, 3.071771153853337655, 4.990000000000000213 ) ) ;
#1993 = AXIS2_PLACEMENT_3D ( 'NONE', #3496, #3221, #2597 ) ;
#1994 = CARTESIAN_POINT ( 'NONE',  ( 0.8535735543938504089, 11.72626445121725069, -0.009999999999999592548 ) ) ;
#1995 = ORIENTED_EDGE ( 'NONE', *, *, #1357, .F. ) ;
#1996 = DIRECTION ( 'NONE',  ( 1.000000000000000000, 0.000000000000000000, 0.000000000000000000 ) ) ;
#1997 = EDGE_CURVE ( 'NONE', #1058, #1868, #2232, .T. ) ;
#1998 = CARTESIAN_POINT ( 'NONE',  ( -33.02729214000292046, -13.94289815983302638, 4.990000000000000213 ) ) ;
#1999 = CARTESIAN_POINT ( 'NONE',  ( -7.702245092050553410, 6.017653382250981231, 4.990000000000000213 ) ) ;
#2000 = DIRECTION ( 'NONE',  ( 0.000000000000000000, 0.000000000000000000, 1.000000000000000000 ) ) ;
#2001 = VERTEX_POINT ( 'NONE', #3213 ) ;
#2002 = CYLINDRICAL_SURFACE ( 'NONE', #687, 3.557550373136732169 ) ;
#2003 = CYLINDRICAL_SURFACE ( 'NONE', #89, 9.605000000000000426 ) ;
#2004 = ORIENTED_EDGE ( 'NONE', *, *, #62, .T. ) ;
#2005 = CARTESIAN_POINT ( 'NONE',  ( 0.000000000000000000, 0.000000000000000000, -0.009999999999999592548 ) ) ;
#2006 = VERTEX_POINT ( 'NONE', #2030 ) ;
#2007 = ORIENTED_EDGE ( 'NONE', *, *, #3736, .F. ) ;
#2008 = FACE_OUTER_BOUND ( 'NONE', #945, .T. ) ;
#2009 = CARTESIAN_POINT ( 'NONE',  ( 9.514594908737256773, 1.314727622981695543, 0.000000000000000000 ) ) ;
#2010 = FACE_OUTER_BOUND ( 'NONE', #1065, .T. ) ;
#2011 = ORIENTED_EDGE ( 'NONE', *, *, #2786, .F. ) ;
#2012 = CARTESIAN_POINT ( 'NONE',  ( 0.000000000000000000, 0.000000000000000000, 4.990000000000000213 ) ) ;
#2013 = CARTESIAN_POINT ( 'NONE',  ( 8.470246483331964171, -4.528901578926452842, 0.000000000000000000 ) ) ;
#2014 = FACE_OUTER_BOUND ( 'NONE', #642, .T. ) ;
#2015 = AXIS2_PLACEMENT_3D ( 'NONE', #579, #3254, #3545 ) ;
#2016 = CARTESIAN_POINT ( 'NONE',  ( -6.656175558859113828, 6.924691468191673138, 4.990000000000000213 ) ) ;
#2017 = ADVANCED_FACE ( 'NONE', ( #3804 ), #575, .T. ) ;
#2018 = EDGE_LOOP ( 'NONE', ( #1498, #424, #3793, #3629 ) ) ;
#2019 = DIRECTION ( 'NONE',  ( -0.9510565162951510887, -0.3090169943749548342, 0.000000000000000000 ) ) ;
#2020 = DIRECTION ( 'NONE',  ( 0.000000000000000000, 0.000000000000000000, 1.000000000000000000 ) ) ;
#2021 = CARTESIAN_POINT ( 'NONE',  ( 11.44836635484840137, 2.677456553861728317, -0.009999999999999592548 ) ) ;
#2022 = ORIENTED_EDGE ( 'NONE', *, *, #1821, .F. ) ;
#2023 = EDGE_CURVE ( 'NONE', #1123, #1401, #2306, .T. ) ;
#2024 = ORIENTED_EDGE ( 'NONE', *, *, #786, .T. ) ;
#2025 = FACE_OUTER_BOUND ( 'NONE', #1758, .T. ) ;
#2026 = DIRECTION ( 'NONE',  ( 1.000000000000000000, 0.000000000000000000, 0.000000000000000000 ) ) ;
#2027 = AXIS2_PLACEMENT_3D ( 'NONE', #2383, #3015, #930 ) ;
#2028 = CIRCLE ( 'NONE', #2459, 3.557550373136732169 ) ;
#2029 = CARTESIAN_POINT ( 'NONE',  ( -8.470246483331933973, 4.528901578926510574, 4.990000000000000213 ) ) ;
#2030 = CARTESIAN_POINT ( 'NONE',  ( -3.148104807829725349, 9.074439989273136220, 0.000000000000000000 ) ) ;
#2031 = AXIS2_PLACEMENT_3D ( 'NONE', #3507, #887, #2911 ) ;
#2032 = AXIS2_PLACEMENT_3D ( 'NONE', #2536, #3785, #1405 ) ;
#2033 = PLANE ( 'NONE',  #914 ) ;
#2034 = EDGE_CURVE ( 'NONE', #192, #2109, #1566, .T. ) ;
#2035 = FACE_OUTER_BOUND ( 'NONE', #3192, .T. ) ;
#2036 = ADVANCED_FACE ( 'NONE', ( #1710 ), #2925, .F. ) ;
#2037 = AXIS2_PLACEMENT_3D ( 'NONE', #132, #3642, #1640 ) ;
#2038 = DIRECTION ( 'NONE',  ( 1.000000000000000000, 0.000000000000000000, 0.000000000000000000 ) ) ;
#2039 = ORIENTED_EDGE ( 'NONE', *, *, #2843, .T. ) ;
#2040 = ADVANCED_FACE ( 'NONE', ( #1387 ), #2906, .F. ) ;
#2041 = LINE ( 'NONE', #3220, #1789 ) ;
#2042 = DIRECTION ( 'NONE',  ( 0.000000000000000000, 0.000000000000000000, 1.000000000000000000 ) ) ;
#2043 = LINE ( 'NONE', #2546, #2894 ) ;
#2044 = CIRCLE ( 'NONE', #1190, 3.557550373136731725 ) ;
#2045 = DIRECTION ( 'NONE',  ( 1.000000000000000000, 0.000000000000000000, 0.000000000000000000 ) ) ;
#2046 = ORIENTED_EDGE ( 'NONE', *, *, #520, .T. ) ;
#2047 = VERTEX_POINT ( 'NONE', #1749 ) ;
#2048 = VECTOR ( 'NONE', #2972, 1000.000000000000000 ) ;
#2049 = VERTEX_POINT ( 'NONE', #283 ) ;
#2050 = CIRCLE ( 'NONE', #820, 3.557550373136731281 ) ;
#2051 = CARTESIAN_POINT ( 'NONE',  ( 9.514594908737256773, 1.314727622981695543, -0.009999999999999592548 ) ) ;
#2052 = DIRECTION ( 'NONE',  ( -0.000000000000000000, -0.000000000000000000, -1.000000000000000000 ) ) ;
#2053 = CIRCLE ( 'NONE', #2541, 9.605000000000000426 ) ;
#2054 = DIRECTION ( 'NONE',  ( -0.000000000000000000, 0.000000000000000000, 1.000000000000000000 ) ) ;
#2055 = DIRECTION ( 'NONE',  ( 0.000000000000000000, -0.000000000000000000, 1.000000000000000000 ) ) ;
#2056 = AXIS2_PLACEMENT_3D ( 'NONE', #3440, #1121, #1947 ) ;
#2057 = CARTESIAN_POINT ( 'NONE',  ( -19.80278665186279596, 13.45307327607305226, 4.990000000000000213 ) ) ;
#2058 = DIRECTION ( 'NONE',  ( 1.000000000000000000, 0.000000000000000000, 0.000000000000000000 ) ) ;
#2059 =( NAMED_UNIT ( * ) SI_UNIT ( $, .STERADIAN. ) SOLID_ANGLE_UNIT ( ) );
#2060 = EDGE_LOOP ( 'NONE', ( #1626, #233, #2469, #1046 ) ) ;
#2061 = DIRECTION ( 'NONE',  ( 0.000000000000000000, 0.000000000000000000, 1.000000000000000000 ) ) ;
#2062 = EDGE_CURVE ( 'NONE', #429, #2299, #2044, .T. ) ;
#2063 = LINE ( 'NONE', #603, #2184 ) ;
#2064 = DIRECTION ( 'NONE',  ( 1.023996547472437658E-14, -1.000000000000000000, 0.000000000000000000 ) ) ;
#2065 = DIRECTION ( 'NONE',  ( 1.000000000000000000, 0.000000000000000000, 0.000000000000000000 ) ) ;
#2066 = ORIENTED_EDGE ( 'NONE', *, *, #2713, .T. ) ;
#2067 = EDGE_LOOP ( 'NONE', ( #958, #3641 ) ) ;
#2068 = CARTESIAN_POINT ( 'NONE',  ( 0.000000000000000000, 0.000000000000000000, 4.990000000000000213 ) ) ;
#2069 = CARTESIAN_POINT ( 'NONE',  ( -4.190551794383057249, 8.642644309387780055, -0.009999999999999592548 ) ) ;
#2070 = CARTESIAN_POINT ( 'NONE',  ( 9.594708094182349711, 1.865022325433443484, -0.009999999999999592548 ) ) ;
#2071 = EDGE_CURVE ( 'NONE', #1516, #911, #3728, .T. ) ;
#2072 = CARTESIAN_POINT ( 'NONE',  ( -36.23400788493299274, -12.27648147332590867, 4.990000000000000213 ) ) ;
#2073 = DIRECTION ( 'NONE',  ( -0.000000000000000000, -0.000000000000000000, -1.000000000000000000 ) ) ;
#2074 = APPLICATION_CONTEXT ( 'automotive_design' ) ;
#2075 = ORIENTED_EDGE ( 'NONE', *, *, #2552, .F. ) ;
#2076 = LINE ( 'NONE', #3048, #3206 ) ;
#2077 = CARTESIAN_POINT ( 'NONE',  ( -8.470246483331933973, 4.528901578926510574, -0.009999999999999592548 ) ) ;
#2078 = DIRECTION ( 'NONE',  ( -1.000000000000000000, 0.000000000000000000, 0.000000000000000000 ) ) ;
#2079 = DIRECTION ( 'NONE',  ( 0.000000000000000000, 0.000000000000000000, 1.000000000000000000 ) ) ;
#2080 = DIRECTION ( 'NONE',  ( -0.000000000000000000, 0.000000000000000000, 1.000000000000000000 ) ) ;
#2081 = VERTEX_POINT ( 'NONE', #861 ) ;
#2082 = EDGE_LOOP ( 'NONE', ( #2979, #3541, #3007, #2136, #2381 ) ) ;
#2083 = DIRECTION ( 'NONE',  ( 1.000000000000000000, 0.000000000000000000, 0.000000000000000000 ) ) ;
#2084 = DIRECTION ( 'NONE',  ( 1.000000000000000000, 0.000000000000000000, 0.000000000000000000 ) ) ;
#2085 = AXIS2_PLACEMENT_3D ( 'NONE', #301, #1159, #2344 ) ;
#2086 = AXIS2_PLACEMENT_3D ( 'NONE', #610, #1800, #1745 ) ;
#2087 = EDGE_CURVE ( 'NONE', #3041, #1722, #3490, .T. ) ;
#2088 = FACE_OUTER_BOUND ( 'NONE', #948, .T. ) ;
#2089 = CIRCLE ( 'NONE', #2458, 9.605000000000000426 ) ;
#2090 = CYLINDRICAL_SURFACE ( 'NONE', #2516, 9.605000000000000426 ) ;
#2091 = CIRCLE ( 'NONE', #1786, 3.557550373136732169 ) ;
#2092 = EDGE_CURVE ( 'NONE', #518, #157, #696, .T. ) ;
#2093 = ORIENTED_EDGE ( 'NONE', *, *, #1824, .F. ) ;
#2094 = FACE_OUTER_BOUND ( 'NONE', #974, .T. ) ;
#2095 = STYLED_ITEM ( 'NONE', ( #538 ), #3775 ) ;
#2096 = CIRCLE ( 'NONE', #3341, 11.75728990000000174 ) ;
#2097 = CIRCLE ( 'NONE', #2221, 3.557550373136729949 ) ;
#2098 = FACE_OUTER_BOUND ( 'NONE', #2862, .T. ) ;
#2099 = VERTEX_POINT ( 'NONE', #553 ) ;
#2100 = FACE_OUTER_BOUND ( 'NONE', #445, .T. ) ;
#2101 = DIRECTION ( 'NONE',  ( 0.000000000000000000, 0.000000000000000000, 1.000000000000000000 ) ) ;
#2102 = CARTESIAN_POINT ( 'NONE',  ( 0.000000000000000000, 0.000000000000000000, 0.000000000000000000 ) ) ;
#2103 = ADVANCED_FACE ( 'NONE', ( #1174 ), #2612, .T. ) ;
#2104 = EDGE_LOOP ( 'NONE', ( #915, #1884, #2433, #3628, #1150 ) ) ;
#2105 = VECTOR ( 'NONE', #2175, 1000.000000000000000 ) ;
#2106 = EDGE_CURVE ( 'NONE', #2599, #1986, #234, .T. ) ;
#2107 = EDGE_CURVE ( 'NONE', #1787, #2109, #111, .T. ) ;
#2108 = VERTEX_POINT ( 'NONE', #1446 ) ;
#2109 = VERTEX_POINT ( 'NONE', #2323 ) ;
#2110 = DIRECTION ( 'NONE',  ( 0.8090169943749551118, -0.5877852522924625900, 0.000000000000000000 ) ) ;
#2111 = EDGE_CURVE ( 'NONE', #2450, #3266, #1473, .T. ) ;
#2112 = DIRECTION ( 'NONE',  ( 1.000000000000000000, 0.000000000000000000, 0.000000000000000000 ) ) ;
#2113 = ADVANCED_FACE ( 'NONE', ( #1482 ), #2651, .F. ) ;
#2114 = EDGE_CURVE ( 'NONE', #2889, #2334, #1455, .T. ) ;
#2115 = CYLINDRICAL_SURFACE ( 'NONE', #2626, 9.605000000000000426 ) ;
#2116 = EDGE_CURVE ( 'NONE', #1026, #20, #2573, .T. ) ;
#2117 = CARTESIAN_POINT ( 'NONE',  ( -5.465713223523603226, 8.103253090280020388, -0.009999999999999592548 ) ) ;
#2118 = CIRCLE ( 'NONE', #457, 3.557550373136730393 ) ;
#2119 = ORIENTED_EDGE ( 'NONE', *, *, #1254, .F. ) ;
#2120 = CARTESIAN_POINT ( 'NONE',  ( 4.435411687004291004, 10.88857148387370977, -0.009999999999999592548 ) ) ;
#2121 = AXIS2_PLACEMENT_3D ( 'NONE', #196, #1579, #1288 ) ;
#2122 = LINE ( 'NONE', #2742, #2250 ) ;
#2123 = ORIENTED_EDGE ( 'NONE', *, *, #138, .T. ) ;
#2124 = DIRECTION ( 'NONE',  ( 0.5877852522924713607, 0.8090169943749486725, 0.000000000000000000 ) ) ;
#2125 = DIRECTION ( 'NONE',  ( 1.000000000000000000, 0.000000000000000000, 0.000000000000000000 ) ) ;
#2126 = CARTESIAN_POINT ( 'NONE',  ( -2.811818304917468758, 11.41610895238710732, -0.009999999999999592548 ) ) ;
#2127 = VERTEX_POINT ( 'NONE', #892 ) ;
#2128 = ORIENTED_EDGE ( 'NONE', *, *, #1699, .F. ) ;
#2129 = PRODUCT_DEFINITION_SHAPE ( 'NONE', 'NONE',  #1075 ) ;
#2130 = ORIENTED_EDGE ( 'NONE', *, *, #1546, .F. ) ;
#2131 = DIRECTION ( 'NONE',  ( 1.000000000000000000, 0.000000000000000000, 0.000000000000000000 ) ) ;
#2132 = CARTESIAN_POINT ( 'NONE',  ( -2.677456553861607080, 11.44836635484843335, 4.990000000000000213 ) ) ;
#2133 = DIRECTION ( 'NONE',  ( -0.000000000000000000, -0.000000000000000000, -1.000000000000000000 ) ) ;
#2134 = DIRECTION ( 'NONE',  ( 0.9510565162951533091, 0.3090169943749481174, 0.000000000000000000 ) ) ;
#2135 = FILL_AREA_STYLE ('',( #3547 ) ) ;
#2136 = ORIENTED_EDGE ( 'NONE', *, *, #1064, .T. ) ;
#2137 = DIRECTION ( 'NONE',  ( 1.000000000000000000, 0.000000000000000000, 0.000000000000000000 ) ) ;
#2138 = CYLINDRICAL_SURFACE ( 'NONE', #420, 11.75728989999999996 ) ;
#2139 = ORIENTED_EDGE ( 'NONE', *, *, #8, .T. ) ;
#2140 = CARTESIAN_POINT ( 'NONE',  ( 3.343003833710739503, 9.184827546270467380, 4.990000000000000213 ) ) ;
#2141 = ADVANCED_FACE ( 'NONE', ( #2642 ), #876, .T. ) ;
#2142 = DIRECTION ( 'NONE',  ( -0.000000000000000000, 0.000000000000000000, 1.000000000000000000 ) ) ;
#2143 = DIRECTION ( 'NONE',  ( -0.000000000000000000, 0.000000000000000000, 1.000000000000000000 ) ) ;
#2144 = VERTEX_POINT ( 'NONE', #255 ) ;
#2145 = CIRCLE ( 'NONE', #3795, 1.499999999999973577 ) ;
#2146 = AXIS2_PLACEMENT_3D ( 'NONE', #3805, #1197, #3766 ) ;
#2147 = EDGE_LOOP ( 'NONE', ( #50, #3616, #3386, #2686 ) ) ;
#2148 = ADVANCED_FACE ( 'NONE', ( #2600 ), #2314, .T. ) ;
#2149 = ADVANCED_FACE ( 'NONE', ( #1438 ), #3480, .F. ) ;
#2150 = ORIENTED_EDGE ( 'NONE', *, *, #1250, .F. ) ;
#2151 = CIRCLE ( 'NONE', #3328, 11.75728990000000174 ) ;
#2152 = DIRECTION ( 'NONE',  ( -0.8090169943749421222, -0.5877852522924803536, 0.000000000000000000 ) ) ;
#2153 = FACE_OUTER_BOUND ( 'NONE', #2855, .T. ) ;
#2154 = FACE_OUTER_BOUND ( 'NONE', #1557, .T. ) ;
#2155 = AXIS2_PLACEMENT_3D ( 'NONE', #155, #2856, #1646 ) ;
#2156 = ORIENTED_EDGE ( 'NONE', *, *, #3446, .F. ) ;
#2157 = DIRECTION ( 'NONE',  ( 1.023996547472437658E-14, -1.000000000000000000, 0.000000000000000000 ) ) ;
#2158 = CIRCLE ( 'NONE', #3577, 1.500000000000015099 ) ;
#2159 = DIRECTION ( 'NONE',  ( 0.000000000000000000, 0.000000000000000000, 1.000000000000000000 ) ) ;
#2160 = EDGE_CURVE ( 'NONE', #2845, #3405, #486, .T. ) ;
#2161 = ORIENTED_EDGE ( 'NONE', *, *, #1706, .T. ) ;
#2162 = FACE_OUTER_BOUND ( 'NONE', #2060, .T. ) ;
#2163 = PRODUCT_RELATED_PRODUCT_CATEGORY ( 'part', '', ( #2712 ) ) ;
#2164 = DIRECTION ( 'NONE',  ( 0.000000000000000000, 0.000000000000000000, 1.000000000000000000 ) ) ;
#2165 = VECTOR ( 'NONE', #3239, 1000.000000000000000 ) ;
#2166 = CIRCLE ( 'NONE', #932, 9.605000000000000426 ) ;
#2167 = DIRECTION ( 'NONE',  ( 0.000000000000000000, 0.000000000000000000, 1.000000000000000000 ) ) ;
#2168 = ORIENTED_EDGE ( 'NONE', *, *, #1582, .T. ) ;
#2169 = ORIENTED_EDGE ( 'NONE', *, *, #396, .T. ) ;
#2170 = ORIENTED_EDGE ( 'NONE', *, *, #1709, .F. ) ;
#2171 = FACE_OUTER_BOUND ( 'NONE', #1476, .T. ) ;
#2172 = ORIENTED_EDGE ( 'NONE', *, *, #219, .F. ) ;
#2173 = CARTESIAN_POINT ( 'NONE',  ( -38.97554391256268502, -19.06191805682658114, 0.000000000000000000 ) ) ;
#2174 = ORIENTED_EDGE ( 'NONE', *, *, #1936, .T. ) ;
#2175 = DIRECTION ( 'NONE',  ( 0.000000000000000000, 0.000000000000000000, 1.000000000000000000 ) ) ;
#2176 = VECTOR ( 'NONE', #1277, 1000.000000000000000 ) ;
#2177 = CARTESIAN_POINT ( 'NONE',  ( -9.191785744470930553, 2.786951708900071267, -0.009999999999999592548 ) ) ;
#2178 = ORIENTED_EDGE ( 'NONE', *, *, #1650, .T. ) ;
#2179 = DIRECTION ( 'NONE',  ( 0.000000000000000000, 0.000000000000000000, 1.000000000000000000 ) ) ;
#2180 = AXIS2_PLACEMENT_3D ( 'NONE', #3542, #1231, #652 ) ;
#2181 = LINE ( 'NONE', #1349, #3145 ) ;
#2182 = CARTESIAN_POINT ( 'NONE',  ( -5.465713223523603226, 8.103253090280020388, 4.990000000000000213 ) ) ;
#2183 = ORIENTED_EDGE ( 'NONE', *, *, #3517, .T. ) ;
#2184 = VECTOR ( 'NONE', #1790, 1000.000000000000000 ) ;
#2185 = ORIENTED_EDGE ( 'NONE', *, *, #3602, .F. ) ;
#2186 = ORIENTED_EDGE ( 'NONE', *, *, #334, .F. ) ;
#2187 = CARTESIAN_POINT ( 'NONE',  ( 0.000000000000000000, 0.000000000000000000, 0.000000000000000000 ) ) ;
#2188 = ORIENTED_EDGE ( 'NONE', *, *, #3508, .T. ) ;
#2189 = UNCERTAINTY_MEASURE_WITH_UNIT (LENGTH_MEASURE( 1.000000000000000082E-05 ), #3451, 'distance_accuracy_value', 'NONE');
#2190 = FACE_BOUND ( 'NONE', #2067, .T. ) ;
#2191 = ORIENTED_EDGE ( 'NONE', *, *, #831, .T. ) ;
#2192 = CARTESIAN_POINT ( 'NONE',  ( 9.603123169220397770, 0.1898694203456419982, 4.990000000000000213 ) ) ;
#2193 = EDGE_CURVE ( 'NONE', #3620, #3173, #80, .T. ) ;
#2194 = CARTESIAN_POINT ( 'NONE',  ( 0.000000000000000000, 0.000000000000000000, 0.000000000000000000 ) ) ;
#2195 = EDGE_LOOP ( 'NONE', ( #3715, #1636, #2478, #2563, #1675 ) ) ;
#2196 = FACE_OUTER_BOUND ( 'NONE', #3318, .T. ) ;
#2197 = AXIS2_PLACEMENT_3D ( 'NONE', #1462, #2054, #3561 ) ;
#2198 = DIRECTION ( 'NONE',  ( -0.9104840587985005840, -0.4135441677424657736, 0.000000000000000000 ) ) ;
#2199 = CYLINDRICAL_SURFACE ( 'NONE', #3516, 3.557550373136730837 ) ;
#2200 = EDGE_LOOP ( 'NONE', ( #2316, #3185, #1623, #1909 ) ) ;
#2201 = ADVANCED_FACE ( 'NONE', ( #2917 ), #2624, .F. ) ;
#2202 = ORIENTED_EDGE ( 'NONE', *, *, #1759, .T. ) ;
#2203 = CARTESIAN_POINT ( 'NONE',  ( 8.858514522346371933, -4.130793161647273948, -0.009999999999999592548 ) ) ;
#2204 = ORIENTED_EDGE ( 'NONE', *, *, #3313, .T. ) ;
#2205 = EDGE_CURVE ( 'NONE', #3343, #1084, #3269, .T. ) ;
#2206 = DIRECTION ( 'NONE',  ( 0.000000000000000000, 0.000000000000000000, 1.000000000000000000 ) ) ;
#2207 = EDGE_CURVE ( 'NONE', #2879, #547, #2876, .T. ) ;
#2208 = ORIENTED_EDGE ( 'NONE', *, *, #3753, .F. ) ;
#2209 = DIRECTION ( 'NONE',  ( -1.000000000000000000, 0.000000000000000000, 0.000000000000000000 ) ) ;
#2210 = DIRECTION ( 'NONE',  ( 1.047444401652940007E-14, -1.000000000000000000, 0.000000000000000000 ) ) ;
#2211 = ORIENTED_EDGE ( 'NONE', *, *, #2621, .T. ) ;
#2212 = CARTESIAN_POINT ( 'NONE',  ( -3.148104807829725349, 9.074439989273136220, -0.009999999999999592548 ) ) ;
#2213 = EDGE_CURVE ( 'NONE', #2728, #1102, #995, .T. ) ;
#2214 = CARTESIAN_POINT ( 'NONE',  ( -36.02729214000286362, -13.94289815983302638, 4.990000000000000213 ) ) ;
#2215 = DIRECTION ( 'NONE',  ( 0.5877852522924713607, 0.8090169943749485615, 0.000000000000000000 ) ) ;
#2216 = AXIS2_PLACEMENT_3D ( 'NONE', #417, #1823, #107 ) ;
#2217 = FACE_OUTER_BOUND ( 'NONE', #2849, .T. ) ;
#2218 = AXIS2_PLACEMENT_3D ( 'NONE', #159, #489, #216 ) ;
#2219 = AXIS2_PLACEMENT_3D ( 'NONE', #1574, #58, #1266 ) ;
#2220 = VERTEX_POINT ( 'NONE', #1701 ) ;
#2221 = AXIS2_PLACEMENT_3D ( 'NONE', #584, #2330, #869 ) ;
#2222 = EDGE_CURVE ( 'NONE', #2127, #2752, #2166, .T. ) ;
#2223 = AXIS2_PLACEMENT_3D ( 'NONE', #3398, #466, #2815 ) ;
#2224 = EDGE_LOOP ( 'NONE', ( #1991, #2336, #2544, #2699, #3240 ) ) ;
#2225 = ADVANCED_FACE ( 'NONE', ( #1149 ), #1209, .T. ) ;
#2226 = VECTOR ( 'NONE', #2269, 1000.000000000000000 ) ;
#2227 = DIRECTION ( 'NONE',  ( 0.000000000000000000, 0.000000000000000000, 1.000000000000000000 ) ) ;
#2228 = VERTEX_POINT ( 'NONE', #2367 ) ;
#2229 = AXIS2_PLACEMENT_3D ( 'NONE', #1544, #3528, #3216 ) ;
#2230 = CARTESIAN_POINT ( 'NONE',  ( -2.080891717235860305, -9.376881926372925946, 4.990000000000000213 ) ) ;
#2231 = EDGE_CURVE ( 'NONE', #2627, #1776, #3336, .T. ) ;
#2232 = CIRCLE ( 'NONE', #449, 3.000000000000000444 ) ;
#2233 = ORIENTED_EDGE ( 'NONE', *, *, #1824, .T. ) ;
#2234 = DIRECTION ( 'NONE',  ( 0.5877852522924829071, -0.8090169943749403458, 0.000000000000000000 ) ) ;
#2235 = CARTESIAN_POINT ( 'NONE',  ( 0.000000000000000000, 0.000000000000000000, 4.990000000000000213 ) ) ;
#2236 = EDGE_LOOP ( 'NONE', ( #1532, #1000, #939, #2605, #3001 ) ) ;
#2237 = DIRECTION ( 'NONE',  ( 1.000000000000000000, 0.000000000000000000, 0.000000000000000000 ) ) ;
#2238 = DIRECTION ( 'NONE',  ( 0.000000000000000000, 0.000000000000000000, 1.000000000000000000 ) ) ;
#2239 = CIRCLE ( 'NONE', #706, 11.75728989999999996 ) ;
#2240 = DIRECTION ( 'NONE',  ( -0.000000000000000000, 0.000000000000000000, 1.000000000000000000 ) ) ;
#2241 = DIRECTION ( 'NONE',  ( 0.5877852522924713607, 0.8090169943749485615, 0.000000000000000000 ) ) ;
#2242 = ORIENTED_EDGE ( 'NONE', *, *, #1832, .F. ) ;
#2243 = VECTOR ( 'NONE', #3109, 1000.000000000000000 ) ;
#2244 = ORIENTED_EDGE ( 'NONE', *, *, #539, .T. ) ;
#2245 = CARTESIAN_POINT ( 'NONE',  ( -7.880692288115549005, 5.490966587044225911, -0.009999999999999592548 ) ) ;
#2246 = VERTEX_POINT ( 'NONE', #1757 ) ;
#2247 = DIRECTION ( 'NONE',  ( 0.3090169943749447867, 0.9510565162951545304, 0.000000000000000000 ) ) ;
#2248 = ORIENTED_EDGE ( 'NONE', *, *, #3009, .T. ) ;
#2249 = LINE ( 'NONE', #3061, #1120 ) ;
#2250 = VECTOR ( 'NONE', #54, 1000.000000000000114 ) ;
#2251 = LINE ( 'NONE', #1956, #2697 ) ;
#2252 = CARTESIAN_POINT ( 'NONE',  ( 1.191186221529767053, 9.701433248369598417, -0.009999999999999592548 ) ) ;
#2253 = DIRECTION ( 'NONE',  ( 1.000000000000000000, 0.000000000000000000, 0.000000000000000000 ) ) ;
#2254 = VERTEX_POINT ( 'NONE', #3554 ) ;
#2255 = CARTESIAN_POINT ( 'NONE',  ( 2.811818304917549582, -11.41610895238708778, 4.990000000000000213 ) ) ;
#2256 = DIRECTION ( 'NONE',  ( 1.000000000000000000, 0.000000000000000000, 0.000000000000000000 ) ) ;
#2257 = ADVANCED_FACE ( 'NONE', ( #2934 ), #910, .F. ) ;
#2258 = EDGE_LOOP ( 'NONE', ( #75, #1829, #3660, #2461 ) ) ;
#2259 = CARTESIAN_POINT ( 'NONE',  ( -0.9913272588312966871, -11.71542299955661193, 4.990000000000000213 ) ) ;
#2260 = ORIENTED_EDGE ( 'NONE', *, *, #1517, .F. ) ;
#2261 = EDGE_CURVE ( 'NONE', #2047, #2220, #82, .T. ) ;
#2262 = CARTESIAN_POINT ( 'NONE',  ( -55.63024757962698885, -45.94396256087145503, 4.990000000000000213 ) ) ;
#2263 = CYLINDRICAL_SURFACE ( 'NONE', #146, 9.605000000000000426 ) ;
#2264 = CIRCLE ( 'NONE', #3069, 11.75728990000000174 ) ;
#2265 = EDGE_LOOP ( 'NONE', ( #2075, #815, #1440, #3379, #2583 ) ) ;
#2266 = CARTESIAN_POINT ( 'NONE',  ( 4.563073052446490863, 10.83569241491648683, -0.009999999999999592548 ) ) ;
#2267 = EDGE_CURVE ( 'NONE', #2006, #1820, #101, .T. ) ;
#2268 = CARTESIAN_POINT ( 'NONE',  ( -9.696723107426061361, 3.071771153853338987, -0.009999999999999592548 ) ) ;
#2269 = DIRECTION ( 'NONE',  ( 0.000000000000000000, 0.000000000000000000, 1.000000000000000000 ) ) ;
#2270 = ORIENTED_EDGE ( 'NONE', *, *, #2392, .T. ) ;
#2271 = FACE_OUTER_BOUND ( 'NONE', #1020, .T. ) ;
#2272 = EDGE_CURVE ( 'NONE', #474, #3509, #1673, .T. ) ;
#2273 = DIRECTION ( 'NONE',  ( 1.000000000000000000, 0.000000000000000000, 0.000000000000000000 ) ) ;
#2274 = ORIENTED_EDGE ( 'NONE', *, *, #1916, .F. ) ;
#2275 = AXIS2_PLACEMENT_3D ( 'NONE', #3407, #2227, #510 ) ;
#2276 = VECTOR ( 'NONE', #3571, 1000.000000000000000 ) ;
#2277 = EDGE_CURVE ( 'NONE', #1575, #2606, #3627, .T. ) ;
#2278 = ORIENTED_EDGE ( 'NONE', *, *, #3802, .T. ) ;
#2279 = ORIENTED_EDGE ( 'NONE', *, *, #224, .T. ) ;
#2280 = CIRCLE ( 'NONE', #626, 3.557550373136732169 ) ;
#2281 = PLANE ( 'NONE',  #3771 ) ;
#2282 = CIRCLE ( 'NONE', #3754, 11.75728990000000351 ) ;
#2283 = DIRECTION ( 'NONE',  ( 1.000000000000000000, 0.000000000000000000, 0.000000000000000000 ) ) ;
#2284 = PRESENTATION_LAYER_ASSIGNMENT (  '', '', ( #1493 ) ) ;
#2285 = CIRCLE ( 'NONE', #1432, 11.75728990000000174 ) ;
#2286 = ORIENTED_EDGE ( 'NONE', *, *, #154, .T. ) ;
#2287 = CARTESIAN_POINT ( 'NONE',  ( 6.017653382250900407, 7.702245092050614694, -0.009999999999999592548 ) ) ;
#2288 = VECTOR ( 'NONE', #1344, 1000.000000000000000 ) ;
#2289 = CARTESIAN_POINT ( 'NONE',  ( -7.148462673975886084, 6.666049286174459354, -0.009999999999999592548 ) ) ;
#2290 = LINE ( 'NONE', #537, #2524 ) ;
#2291 = SURFACE_STYLE_FILL_AREA ( #3139 ) ;
#2292 = ORIENTED_EDGE ( 'NONE', *, *, #3356, .T. ) ;
#2293 = CARTESIAN_POINT ( 'NONE',  ( -5.798181762587582000, 7.657487397834670695, -0.009999999999999592548 ) ) ;
#2294 = FACE_OUTER_BOUND ( 'NONE', #1562, .T. ) ;
#2295 = ORIENTED_EDGE ( 'NONE', *, *, #2908, .T. ) ;
#2296 = CARTESIAN_POINT ( 'NONE',  ( 0.000000000000000000, 0.000000000000000000, 4.990000000000000213 ) ) ;
#2297 = CIRCLE ( 'NONE', #1924, 9.605000000000000426 ) ;
#2298 = VECTOR ( 'NONE', #1972, 1000.000000000000000 ) ;
#2299 = VERTEX_POINT ( 'NONE', #1531 ) ;
#2300 = ORIENTED_EDGE ( 'NONE', *, *, #2501, .T. ) ;
#2301 = DIRECTION ( 'NONE',  ( -0.000000000000000000, -0.000000000000000000, -1.000000000000000000 ) ) ;
#2302 = CIRCLE ( 'NONE', #649, 9.605000000000000426 ) ;
#2303 = FACE_OUTER_BOUND ( 'NONE', #686, .T. ) ;
#2304 = EDGE_CURVE ( 'NONE', #2310, #2644, #1555, .T. ) ;
#2305 = CARTESIAN_POINT ( 'NONE',  ( -1.865022325433343120, 9.594708094182369251, -0.009999999999999592548 ) ) ;
#2306 = LINE ( 'NONE', #1111, #2412 ) ;
#2307 = DIRECTION ( 'NONE',  ( 1.000000000000000000, 0.000000000000000000, 0.000000000000000000 ) ) ;
#2308 = CYLINDRICAL_SURFACE ( 'NONE', #3031, 3.557550373136730837 ) ;
#2309 = DIRECTION ( 'NONE',  ( -0.000000000000000000, 0.000000000000000000, 1.000000000000000000 ) ) ;
#2310 = VERTEX_POINT ( 'NONE', #2977 ) ;
#2311 = DIRECTION ( 'NONE',  ( 1.000000000000000000, 0.000000000000000000, 0.000000000000000000 ) ) ;
#2312 = ADVANCED_FACE ( 'NONE', ( #412 ), #1284, .F. ) ;
#2313 = DIRECTION ( 'NONE',  ( 0.000000000000000000, 0.000000000000000000, 1.000000000000000000 ) ) ;
#2314 = CYLINDRICAL_SURFACE ( 'NONE', #232, 11.75728989999999996 ) ;
#2315 = ORIENTED_EDGE ( 'NONE', *, *, #2261, .F. ) ;
#2316 = ORIENTED_EDGE ( 'NONE', *, *, #576, .T. ) ;
#2317 = ORIENTED_EDGE ( 'NONE', *, *, #795, .F. ) ;
#2318 = EDGE_CURVE ( 'NONE', #854, #3667, #3084, .T. ) ;
#2319 = DIRECTION ( 'NONE',  ( 1.000000000000000000, 0.000000000000000000, 0.000000000000000000 ) ) ;
#2320 = CARTESIAN_POINT ( 'NONE',  ( 4.563073052446490863, 10.83569241491648683, -0.009999999999999592548 ) ) ;
#2321 = EDGE_CURVE ( 'NONE', #375, #1367, #2995, .T. ) ;
#2322 = DIRECTION ( 'NONE',  ( 1.000000000000000000, 0.000000000000000000, 0.000000000000000000 ) ) ;
#2323 = CARTESIAN_POINT ( 'NONE',  ( 6.656175558859167118, -6.924691468191623400, 4.990000000000000213 ) ) ;
#2324 = AXIS2_PLACEMENT_3D ( 'NONE', #349, #2698, #2405 ) ;
#2325 = CARTESIAN_POINT ( 'NONE',  ( -44.19510768297611492, -22.45217449968878398, 4.990000000000000213 ) ) ;
#2326 = CARTESIAN_POINT ( 'NONE',  ( 4.130793161647242862, 8.858514522346386144, 4.990000000000000213 ) ) ;
#2327 = AXIS2_PLACEMENT_3D ( 'NONE', #2850, #223, #805 ) ;
#2328 = CYLINDRICAL_SURFACE ( 'NONE', #1855, 3.000000000000000444 ) ;
#2329 = EDGE_LOOP ( 'NONE', ( #1616, #78, #3383, #3500 ) ) ;
#2330 = DIRECTION ( 'NONE',  ( 0.000000000000000000, 0.000000000000000000, 1.000000000000000000 ) ) ;
#2331 = CARTESIAN_POINT ( 'NONE',  ( 2.677456553861688349, -11.44836635484841203, 4.990000000000000213 ) ) ;
#2332 = DIRECTION ( 'NONE',  ( -0.000000000000000000, 0.000000000000000000, 1.000000000000000000 ) ) ;
#2333 = DIRECTION ( 'NONE',  ( 0.3090169943749581649, -0.9510565162951500895, 0.000000000000000000 ) ) ;
#2334 = VERTEX_POINT ( 'NONE', #1556 ) ;
#2335 = ORIENTED_EDGE ( 'NONE', *, *, #2321, .T. ) ;
#2336 = ORIENTED_EDGE ( 'NONE', *, *, #3639, .T. ) ;
#2337 = AXIS2_PLACEMENT_3D ( 'NONE', #3222, #199, #798 ) ;
#2338 = DIRECTION ( 'NONE',  ( 0.000000000000000000, 0.000000000000000000, 1.000000000000000000 ) ) ;
#2339 = CARTESIAN_POINT ( 'NONE',  ( 7.583080820360526886, 8.985029274550099032, -0.009999999999999592548 ) ) ;
#2340 = EDGE_CURVE ( 'NONE', #2254, #369, #3394, .T. ) ;
#2341 = AXIS2_PLACEMENT_3D ( 'NONE', #328, #1512, #352 ) ;
#2342 = DIRECTION ( 'NONE',  ( -0.000000000000000000, -0.000000000000000000, -1.000000000000000000 ) ) ;
#2343 = DIRECTION ( 'NONE',  ( 0.000000000000000000, 0.000000000000000000, 1.000000000000000000 ) ) ;
#2344 = DIRECTION ( 'NONE',  ( 1.000000000000000000, 0.000000000000000000, 0.000000000000000000 ) ) ;
#2345 = DIRECTION ( 'NONE',  ( -0.000000000000000000, 0.000000000000000000, 1.000000000000000000 ) ) ;
#2346 = VERTEX_POINT ( 'NONE', #2702 ) ;
#2347 = DIRECTION ( 'NONE',  ( 0.000000000000000000, 0.000000000000000000, 1.000000000000000000 ) ) ;
#2348 = DIRECTION ( 'NONE',  ( 0.000000000000000000, 0.000000000000000000, 1.000000000000000000 ) ) ;
#2349 = CARTESIAN_POINT ( 'NONE',  ( 1.865022325433343120, -9.594708094182369251, -0.009999999999999592548 ) ) ;
#2350 = DIRECTION ( 'NONE',  ( -0.8090169943749422332, -0.5877852522924802425, 0.000000000000000000 ) ) ;
#2351 = ORIENTED_EDGE ( 'NONE', *, *, #1832, .T. ) ;
#2352 = VERTEX_POINT ( 'NONE', #2727 ) ;
#2353 = AXIS2_PLACEMENT_3D ( 'NONE', #1781, #2965, #1766 ) ;
#2354 = ORIENTED_EDGE ( 'NONE', *, *, #256, .T. ) ;
#2355 = DIRECTION ( 'NONE',  ( 0.000000000000000000, 0.000000000000000000, 1.000000000000000000 ) ) ;
#2356 = CYLINDRICAL_SURFACE ( 'NONE', #1609, 3.557550373136731281 ) ;
#2357 = VECTOR ( 'NONE', #318, 1000.000000000000000 ) ;
#2358 = DIRECTION ( 'NONE',  ( 0.9510565162951533091, 0.3090169943749481174, 0.000000000000000000 ) ) ;
#2359 = VECTOR ( 'NONE', #3002, 1000.000000000000000 ) ;
#2360 = CARTESIAN_POINT ( 'NONE',  ( 0.000000000000000000, 0.000000000000000000, -0.009999999999999592548 ) ) ;
#2361 = CARTESIAN_POINT ( 'NONE',  ( -1.314727622981594291, 9.514594908737270984, 0.000000000000000000 ) ) ;
#2362 = ORIENTED_EDGE ( 'NONE', *, *, #3356, .F. ) ;
#2363 = DIRECTION ( 'NONE',  ( -0.000000000000000000, 0.000000000000000000, 1.000000000000000000 ) ) ;
#2364 = CARTESIAN_POINT ( 'NONE',  ( 0.000000000000000000, 0.000000000000000000, 0.000000000000000000 ) ) ;
#2365 = DIRECTION ( 'NONE',  ( -0.000000000000000000, 0.000000000000000000, 1.000000000000000000 ) ) ;
#2366 = DIRECTION ( 'NONE',  ( 1.000000000000000000, 0.000000000000000000, 0.000000000000000000 ) ) ;
#2367 = CARTESIAN_POINT ( 'NONE',  ( 2.786951708899976232, 9.191785744470957198, 0.000000000000000000 ) ) ;
#2368 = ORIENTED_EDGE ( 'NONE', *, *, #2828, .F. ) ;
#2369 = ORIENTED_EDGE ( 'NONE', *, *, #2970, .F. ) ;
#2370 = ORIENTED_EDGE ( 'NONE', *, *, #2340, .F. ) ;
#2371 = PLANE ( 'NONE',  #1632 ) ;
#2372 = FACE_OUTER_BOUND ( 'NONE', #2935, .T. ) ;
#2373 = EDGE_CURVE ( 'NONE', #911, #817, #690, .T. ) ;
#2374 = DIRECTION ( 'NONE',  ( -0.000000000000000000, -0.000000000000000000, -1.000000000000000000 ) ) ;
#2375 = CARTESIAN_POINT ( 'NONE',  ( -5.798181762587581112, 7.657487397834669807, 4.990000000000000213 ) ) ;
#2376 = CARTESIAN_POINT ( 'NONE',  ( -54.13024757962696754, -45.94396256087145503, 0.000000000000000000 ) ) ;
#2377 = ORIENTED_EDGE ( 'NONE', *, *, #855, .F. ) ;
#2378 = DIRECTION ( 'NONE',  ( 0.000000000000000000, 0.000000000000000000, 1.000000000000000000 ) ) ;
#2379 = EDGE_CURVE ( 'NONE', #2644, #1352, #3692, .T. ) ;
#2380 = FACE_OUTER_BOUND ( 'NONE', #3219, .T. ) ;
#2381 = ORIENTED_EDGE ( 'NONE', *, *, #1702, .T. ) ;
#2382 = LINE ( 'NONE', #643, #3025 ) ;
#2383 = CARTESIAN_POINT ( 'NONE',  ( 5.465713223523663622, -8.103253090279981308, -0.009999999999999592548 ) ) ;
#2384 = CARTESIAN_POINT ( 'NONE',  ( -38.97554391256268502, -19.06191805682658114, 4.990000000000000213 ) ) ;
#2385 = ORIENTED_EDGE ( 'NONE', *, *, #900, .F. ) ;
#2386 = ADVANCED_FACE ( 'NONE', ( #355 ), #2447, .T. ) ;
#2387 = EDGE_CURVE ( 'NONE', #1721, #2665, #1964, .T. ) ;
#2388 = ORIENTED_EDGE ( 'NONE', *, *, #1777, .F. ) ;
#2389 = ORIENTED_EDGE ( 'NONE', *, *, #3168, .T. ) ;
#2390 = ORIENTED_EDGE ( 'NONE', *, *, #3709, .F. ) ;
#2391 = DIRECTION ( 'NONE',  ( 1.000000000000000000, 0.000000000000000000, 0.000000000000000000 ) ) ;
#2392 = EDGE_CURVE ( 'NONE', #275, #2047, #2580, .T. ) ;
#2393 = FACE_OUTER_BOUND ( 'NONE', #2265, .T. ) ;
#2394 = AXIS2_PLACEMENT_3D ( 'NONE', #3075, #692, #709 ) ;
#2395 = DIRECTION ( 'NONE',  ( 1.000000000000000000, 0.000000000000000000, 0.000000000000000000 ) ) ;
#2396 = CIRCLE ( 'NONE', #181, 1.499999999999973577 ) ;
#2397 = CIRCLE ( 'NONE', #2895, 3.557550373136730837 ) ;
#2398 = DIRECTION ( 'NONE',  ( -0.000000000000000000, 0.000000000000000000, 1.000000000000000000 ) ) ;
#2399 =( NAMED_UNIT ( * ) PLANE_ANGLE_UNIT ( ) SI_UNIT ( $, .RADIAN. ) );
#2400 = VERTEX_POINT ( 'NONE', #372 ) ;
#2401 = DIRECTION ( 'NONE',  ( -0.8090169943749421222, -0.5877852522924803536, 0.000000000000000000 ) ) ;
#2402 = CIRCLE ( 'NONE', #2649, 9.605000000000000426 ) ;
#2403 = AXIS2_PLACEMENT_3D ( 'NONE', #1999, #3767, #1078 ) ;
#2404 = AXIS2_PLACEMENT_3D ( 'NONE', #967, #2363, #2137 ) ;
#2405 = DIRECTION ( 'NONE',  ( 1.000000000000000000, 0.000000000000000000, 0.000000000000000000 ) ) ;
#2406 = VERTEX_POINT ( 'NONE', #1225 ) ;
#2407 = CARTESIAN_POINT ( 'NONE',  ( 9.768335085804977780, -0.3411177778494447477, -0.009999999999999592548 ) ) ;
#2408 = CIRCLE ( 'NONE', #2216, 1.500000000000015099 ) ;
#2409 = CARTESIAN_POINT ( 'NONE',  ( -8.895288759995880312, 7.688153462889057543, -0.009999999999999592548 ) ) ;
#2410 = DIRECTION ( 'NONE',  ( -0.3090169943749382919, -0.9510565162951565288, 0.000000000000000000 ) ) ;
#2411 = VERTEX_POINT ( 'NONE', #2126 ) ;
#2412 = VECTOR ( 'NONE', #2343, 1000.000000000000000 ) ;
#2413 = ORIENTED_EDGE ( 'NONE', *, *, #357, .T. ) ;
#2414 = VERTEX_POINT ( 'NONE', #665 ) ;
#2415 = CARTESIAN_POINT ( 'NONE',  ( 0.000000000000000000, 0.000000000000000000, -0.009999999999999592548 ) ) ;
#2416 = PLANE ( 'NONE',  #2394 ) ;
#2417 = DIRECTION ( 'NONE',  ( -0.000000000000000000, -0.000000000000000000, -1.000000000000000000 ) ) ;
#2418 = AXIS2_PLACEMENT_3D ( 'NONE', #3134, #2301, #3152 ) ;
#2419 = EDGE_CURVE ( 'NONE', #1833, #2703, #871, .T. ) ;
#2420 = CARTESIAN_POINT ( 'NONE',  ( 0.000000000000000000, 0.000000000000000000, 4.990000000000000213 ) ) ;
#2421 = DIRECTION ( 'NONE',  ( 1.000000000000000000, 0.000000000000000000, 0.000000000000000000 ) ) ;
#2422 = CIRCLE ( 'NONE', #824, 9.605000000000000426 ) ;
#2423 = ORIENTED_EDGE ( 'NONE', *, *, #2318, .T. ) ;
#2424 = DIRECTION ( 'NONE',  ( 1.000000000000000000, 0.000000000000000000, 0.000000000000000000 ) ) ;
#2425 = AXIS2_PLACEMENT_3D ( 'NONE', #2517, #761, #2574 ) ;
#2426 = CARTESIAN_POINT ( 'NONE',  ( -0.9913272588312966871, -11.71542299955661193, -0.009999999999999592548 ) ) ;
#2427 = ORIENTED_EDGE ( 'NONE', *, *, #2267, .F. ) ;
#2428 = DIRECTION ( 'NONE',  ( 0.000000000000000000, 0.000000000000000000, 1.000000000000000000 ) ) ;
#2429 = EDGE_CURVE ( 'NONE', #1347, #471, #1420, .T. ) ;
#2430 = DIRECTION ( 'NONE',  ( 1.000000000000000000, 0.000000000000000000, 0.000000000000000000 ) ) ;
#2431 = CARTESIAN_POINT ( 'NONE',  ( 0.000000000000000000, 0.000000000000000000, -0.009999999999999592548 ) ) ;
#2432 = EDGE_LOOP ( 'NONE', ( #1456, #1296, #1735, #3135 ) ) ;
#2433 = ORIENTED_EDGE ( 'NONE', *, *, #786, .F. ) ;
#2434 = ORIENTED_EDGE ( 'NONE', *, *, #3529, .F. ) ;
#2435 = FACE_OUTER_BOUND ( 'NONE', #1086, .T. ) ;
#2436 = LINE ( 'NONE', #3312, #3201 ) ;
#2437 = ADVANCED_FACE ( 'NONE', ( #3649 ), #1006, .F. ) ;
#2438 = CYLINDRICAL_SURFACE ( 'NONE', #3655, 9.605000000000000426 ) ;
#2439 = EDGE_CURVE ( 'NONE', #3722, #2144, #563, .T. ) ;
#2440 = EDGE_CURVE ( 'NONE', #509, #3813, #2382, .T. ) ;
#2441 = VERTEX_POINT ( 'NONE', #3013 ) ;
#2442 = DIRECTION ( 'NONE',  ( 0.000000000000000000, 0.000000000000000000, 1.000000000000000000 ) ) ;
#2443 = CARTESIAN_POINT ( 'NONE',  ( 0.000000000000000000, 0.000000000000000000, -0.009999999999999592548 ) ) ;
#2444 = ORIENTED_EDGE ( 'NONE', *, *, #3491, .T. ) ;
#2445 = LINE ( 'NONE', #2761, #936 ) ;
#2446 = CARTESIAN_POINT ( 'NONE',  ( 0.000000000000000000, 0.000000000000000000, 0.000000000000000000 ) ) ;
#2447 = CYLINDRICAL_SURFACE ( 'NONE', #1852, 11.75728989999999996 ) ;
#2448 = ORIENTED_EDGE ( 'NONE', *, *, #357, .F. ) ;
#2449 = ORIENTED_EDGE ( 'NONE', *, *, #2622, .F. ) ;
#2450 = VERTEX_POINT ( 'NONE', #3810 ) ;
#2451 = CARTESIAN_POINT ( 'NONE',  ( 4.528901578926422644, 8.470246483331980158, 4.990000000000000213 ) ) ;
#2452 = CARTESIAN_POINT ( 'NONE',  ( 0.000000000000000000, 0.000000000000000000, 4.990000000000000213 ) ) ;
#2453 = ORIENTED_EDGE ( 'NONE', *, *, #1863, .T. ) ;
#2454 = DIRECTION ( 'NONE',  ( -0.3090169943749382919, -0.9510565162951565288, 0.000000000000000000 ) ) ;
#2455 = EDGE_CURVE ( 'NONE', #3017, #3598, #929, .T. ) ;
#2456 = ORIENTED_EDGE ( 'NONE', *, *, #1298, .T. ) ;
#2457 = CARTESIAN_POINT ( 'NONE',  ( -5.798181762587582000, 7.657487397834670695, -0.009999999999999592548 ) ) ;
#2458 = AXIS2_PLACEMENT_3D ( 'NONE', #1289, #1580, #3371 ) ;
#2459 = AXIS2_PLACEMENT_3D ( 'NONE', #3244, #680, #1773 ) ;
#2460 = CARTESIAN_POINT ( 'NONE',  ( 9.191785744470946540, -2.786951708900008207, -0.009999999999999592548 ) ) ;
#2461 = ORIENTED_EDGE ( 'NONE', *, *, #3478, .F. ) ;
#2462 = DIRECTION ( 'NONE',  ( 0.9510565162951534202, 0.3090169943749481174, 0.000000000000000000 ) ) ;
#2463 = DIRECTION ( 'NONE',  ( 1.000000000000000000, 0.000000000000000000, 0.000000000000000000 ) ) ;
#2464 = COLOUR_RGB ( '',0.7921568627450980005, 0.8196078431372548767, 0.9333333333333333481 ) ;
#2465 = AXIS2_PLACEMENT_3D ( 'NONE', #1472, #3064, #410 ) ;
#2466 = DIRECTION ( 'NONE',  ( 1.000000000000000000, 0.000000000000000000, 0.000000000000000000 ) ) ;
#2467 = ORIENTED_EDGE ( 'NONE', *, *, #576, .F. ) ;
#2468 = AXIS2_PLACEMENT_3D ( 'NONE', #1059, #3087, #446 ) ;
#2469 = ORIENTED_EDGE ( 'NONE', *, *, #1229, .T. ) ;
#2470 = ORIENTED_EDGE ( 'NONE', *, *, #1717, .T. ) ;
#2471 = CARTESIAN_POINT ( 'NONE',  ( 0.000000000000000000, 0.000000000000000000, -0.009999999999999592548 ) ) ;
#2472 = ORIENTED_EDGE ( 'NONE', *, *, #32, .F. ) ;
#2473 = EDGE_CURVE ( 'NONE', #3257, #85, #3579, .T. ) ;
#2474 = CARTESIAN_POINT ( 'NONE',  ( -6.201969797453352307, 9.988465168589137022, -0.009999999999999592548 ) ) ;
#2475 = ORIENTED_EDGE ( 'NONE', *, *, #2533, .F. ) ;
#2476 = DIRECTION ( 'NONE',  ( -0.000000000000000000, 0.000000000000000000, 1.000000000000000000 ) ) ;
#2477 = CYLINDRICAL_SURFACE ( 'NONE', #1166, 9.605000000000000426 ) ;
#2478 = ORIENTED_EDGE ( 'NONE', *, *, #3709, .T. ) ;
#2479 = CYLINDRICAL_SURFACE ( 'NONE', #2964, 3.557550373136730837 ) ;
#2480 = AXIS2_PLACEMENT_3D ( 'NONE', #280, #1459, #297 ) ;
#2481 = CARTESIAN_POINT ( 'NONE',  ( -2.814921520413728118, 6.197502881243888595, 4.990000000000000213 ) ) ;
#2482 = ADVANCED_FACE ( 'NONE', ( #1207 ), #1184, .T. ) ;
#2483 = FACE_OUTER_BOUND ( 'NONE', #495, .T. ) ;
#2484 = ADVANCED_FACE ( 'NONE', ( #2100 ), #2950, .T. ) ;
#2485 = ORIENTED_EDGE ( 'NONE', *, *, #45, .F. ) ;
#2486 = ORIENTED_EDGE ( 'NONE', *, *, #1339, .T. ) ;
#2487 = EDGE_CURVE ( 'NONE', #1845, #2845, #1784, .T. ) ;
#2488 = CYLINDRICAL_SURFACE ( 'NONE', #2956, 9.605000000000000426 ) ;
#2489 = ORIENTED_EDGE ( 'NONE', *, *, #1606, .F. ) ;
#2490 = PRODUCT_DEFINITION_CONTEXT ( 'detailed design', #3462, 'design' ) ;
#2491 = DIRECTION ( 'NONE',  ( 0.000000000000000000, 0.000000000000000000, 1.000000000000000000 ) ) ;
#2492 = EDGE_CURVE ( 'NONE', #2879, #1031, #2397, .T. ) ;
#2493 = ORIENTED_EDGE ( 'NONE', *, *, #1630, .F. ) ;
#2494 = DIRECTION ( 'NONE',  ( 0.000000000000000000, 0.000000000000000000, 1.000000000000000000 ) ) ;
#2495 = CARTESIAN_POINT ( 'NONE',  ( 1.689791248403291757, 9.455190666338761929, 4.990000000000000213 ) ) ;
#2496 = EDGE_CURVE ( 'NONE', #1374, #2899, #2028, .T. ) ;
#2497 = ORIENTED_EDGE ( 'NONE', *, *, #3482, .T. ) ;
#2498 = CARTESIAN_POINT ( 'NONE',  ( 0.000000000000000000, 0.000000000000000000, -0.009999999999999592548 ) ) ;
#2499 = EDGE_CURVE ( 'NONE', #1029, #1887, #379, .T. ) ;
#2500 = DIRECTION ( 'NONE',  ( 0.000000000000000000, 0.000000000000000000, 1.000000000000000000 ) ) ;
#2501 = EDGE_CURVE ( 'NONE', #2081, #2743, #1492, .T. ) ;
#2502 = DIRECTION ( 'NONE',  ( -1.000000000000000000, 0.000000000000000000, 0.000000000000000000 ) ) ;
#2503 = ORIENTED_EDGE ( 'NONE', *, *, #702, .T. ) ;
#2504 = ADVANCED_FACE ( 'NONE', ( #3611 ), #619, .T. ) ;
#2505 = EDGE_LOOP ( 'NONE', ( #1741, #2202, #1948, #2286 ) ) ;
#2506 = CARTESIAN_POINT ( 'NONE',  ( 4.435411687004291004, 10.88857148387370977, 4.990000000000000213 ) ) ;
#2507 = ORIENTED_EDGE ( 'NONE', *, *, #2552, .T. ) ;
#2508 = CYLINDRICAL_SURFACE ( 'NONE', #2666, 1.499999999999973577 ) ;
#2509 = VERTEX_POINT ( 'NONE', #35 ) ;
#2510 = CARTESIAN_POINT ( 'NONE',  ( -47.51270673859566074, -37.14727256197699035, 4.990000000000000213 ) ) ;
#2511 = CARTESIAN_POINT ( 'NONE',  ( -9.696723107426061361, 3.071771153853338543, 0.000000000000000000 ) ) ;
#2512 = VERTEX_POINT ( 'NONE', #3282 ) ;
#2513 = DIRECTION ( 'NONE',  ( 0.000000000000000000, 0.000000000000000000, 1.000000000000000000 ) ) ;
#2514 = DIRECTION ( 'NONE',  ( -0.000000000000000000, -0.000000000000000000, -1.000000000000000000 ) ) ;
#2515 = FACE_OUTER_BOUND ( 'NONE', #179, .T. ) ;
#2516 = AXIS2_PLACEMENT_3D ( 'NONE', #3277, #2073, #1257 ) ;
#2517 = CARTESIAN_POINT ( 'NONE',  ( -0.3411177778494789981, -9.768335085804977780, 4.990000000000000213 ) ) ;
#2518 = CIRCLE ( 'NONE', #64, 1.499999999999973577 ) ;
#2519 = AXIS2_PLACEMENT_3D ( 'NONE', #3224, #3812, #589 ) ;
#2520 = ORIENTED_EDGE ( 'NONE', *, *, #222, .F. ) ;
#2521 = CIRCLE ( 'NONE', #3027, 3.557550373136731281 ) ;
#2522 = AXIS2_PLACEMENT_3D ( 'NONE', #2570, #2000, #3177 ) ;
#2523 = ORIENTED_EDGE ( 'NONE', *, *, #154, .F. ) ;
#2524 = VECTOR ( 'NONE', #188, 1000.000000000000000 ) ;
#2525 = DIRECTION ( 'NONE',  ( -0.000000000000000000, -0.000000000000000000, -1.000000000000000000 ) ) ;
#2526 = AXIS2_PLACEMENT_3D ( 'NONE', #1259, #3690, #1074 ) ;
#2527 = MECHANICAL_DESIGN_GEOMETRIC_PRESENTATION_REPRESENTATION (  '', ( #1493 ), #695 ) ;
#2528 = VERTEX_POINT ( 'NONE', #1528 ) ;
#2529 = DIRECTION ( 'NONE',  ( 0.000000000000000000, 0.000000000000000000, 1.000000000000000000 ) ) ;
#2530 = VECTOR ( 'NONE', #1898, 1000.000000000000000 ) ;
#2531 = ORIENTED_EDGE ( 'NONE', *, *, #3300, .F. ) ;
#2532 = CYLINDRICAL_SURFACE ( 'NONE', #1738, 3.557550373136731281 ) ;
#2533 = EDGE_CURVE ( 'NONE', #2099, #518, #803, .T. ) ;
#2534 = LINE ( 'NONE', #1037, #728 ) ;
#2535 = EDGE_LOOP ( 'NONE', ( #1962, #975, #1951, #1227 ) ) ;
#2536 = CARTESIAN_POINT ( 'NONE',  ( 8.548786061474356046, 4.738669492808634587, -0.009999999999999592548 ) ) ;
#2537 = CYLINDRICAL_SURFACE ( 'NONE', #1731, 3.557550373136731281 ) ;
#2538 = CIRCLE ( 'NONE', #203, 3.557550373136729505 ) ;
#2539 = ORIENTED_EDGE ( 'NONE', *, *, #1146, .F. ) ;
#2540 = CYLINDRICAL_SURFACE ( 'NONE', #305, 3.557550373136731281 ) ;
#2541 = AXIS2_PLACEMENT_3D ( 'NONE', #3710, #3738, #1672 ) ;
#2542 = CARTESIAN_POINT ( 'NONE',  ( -4.738669492808543993, 8.548786061474407560, -0.009999999999999592548 ) ) ;
#2543 = ADVANCED_FACE ( 'NONE', ( #970 ), #1240, .T. ) ;
#2544 = ORIENTED_EDGE ( 'NONE', *, *, #2731, .T. ) ;
#2545 = VECTOR ( 'NONE', #33, 1000.000000000000000 ) ;
#2546 = CARTESIAN_POINT ( 'NONE',  ( 4.190551794383121198, -8.642644309387746304, -0.009999999999999592548 ) ) ;
#2547 = ORIENTED_EDGE ( 'NONE', *, *, #1742, .T. ) ;
#2548 = CARTESIAN_POINT ( 'NONE',  ( -46.01270673859564653, -37.14727256197699035, 0.000000000000000000 ) ) ;
#2549 = EDGE_CURVE ( 'NONE', #1592, #817, #1051, .T. ) ;
#2550 = CARTESIAN_POINT ( 'NONE',  ( -55.63024757962698885, -45.94396256087145503, 4.990000000000000213 ) ) ;
#2551 = ORIENTED_EDGE ( 'NONE', *, *, #2114, .F. ) ;
#2552 = EDGE_CURVE ( 'NONE', #117, #3384, #1732, .T. ) ;
#2553 = DIRECTION ( 'NONE',  ( 0.3090169943749446757, 0.9510565162951544194, 0.000000000000000000 ) ) ;
#2554 = EDGE_CURVE ( 'NONE', #2144, #525, #315, .T. ) ;
#2555 = LINE ( 'NONE', #3729, #3010 ) ;
#2556 = CARTESIAN_POINT ( 'NONE',  ( 0.000000000000000000, 0.000000000000000000, 4.990000000000000213 ) ) ;
#2557 = CARTESIAN_POINT ( 'NONE',  ( 0.000000000000000000, 0.000000000000000000, -0.009999999999999592548 ) ) ;
#2558 = ORIENTED_EDGE ( 'NONE', *, *, #2272, .F. ) ;
#2559 = LINE ( 'NONE', #2801, #2581 ) ;
#2560 = DIRECTION ( 'NONE',  ( 1.000000000000000000, 0.000000000000000000, 0.000000000000000000 ) ) ;
#2561 = ORIENTED_EDGE ( 'NONE', *, *, #554, .T. ) ;
#2562 = CIRCLE ( 'NONE', #3559, 3.000000000000002665 ) ;
#2563 = ORIENTED_EDGE ( 'NONE', *, *, #214, .T. ) ;
#2564 = DIRECTION ( 'NONE',  ( -0.000000000000000000, 0.000000000000000000, 1.000000000000000000 ) ) ;
#2565 = CARTESIAN_POINT ( 'NONE',  ( 0.000000000000000000, 0.000000000000000000, -0.009999999999999592548 ) ) ;
#2566 = ORIENTED_EDGE ( 'NONE', *, *, #1383, .F. ) ;
#2567 = DIRECTION ( 'NONE',  ( -0.000000000000000000, -0.000000000000000000, -1.000000000000000000 ) ) ;
#2568 = CARTESIAN_POINT ( 'NONE',  ( -6.201969797453352307, 9.988465168589137022, 4.990000000000000213 ) ) ;
#2569 = CARTESIAN_POINT ( 'NONE',  ( 9.074439989273098917, 3.148104807829821272, -0.009999999999999592548 ) ) ;
#2570 = CARTESIAN_POINT ( 'NONE',  ( 2.694159262814937339, -9.395649927148305380, -0.009999999999999592548 ) ) ;
#2571 = ORIENTED_EDGE ( 'NONE', *, *, #1648, .T. ) ;
#2572 = DIRECTION ( 'NONE',  ( -0.9510565162951510887, -0.3090169943749549453, 0.000000000000000000 ) ) ;
#2573 = CIRCLE ( 'NONE', #3078, 3.000000000000002665 ) ;
#2574 = DIRECTION ( 'NONE',  ( -0.9510565162951510887, -0.3090169943749549453, 0.000000000000000000 ) ) ;
#2575 = CIRCLE ( 'NONE', #61, 1.500000000000015099 ) ;
#2576 = ORIENTED_EDGE ( 'NONE', *, *, #3670, .T. ) ;
#2577 = DIRECTION ( 'NONE',  ( 1.000000000000000000, 0.000000000000000000, 0.000000000000000000 ) ) ;
#2578 = EDGE_CURVE ( 'NONE', #2643, #1290, #875, .T. ) ;
#2579 = AXIS2_PLACEMENT_3D ( 'NONE', #1861, #88, #1618 ) ;
#2580 = CIRCLE ( 'NONE', #2837, 9.605000000000000426 ) ;
#2581 = VECTOR ( 'NONE', #1335, 1000.000000000000000 ) ;
#2582 = ORIENTED_EDGE ( 'NONE', *, *, #230, .F. ) ;
#2583 = ORIENTED_EDGE ( 'NONE', *, *, #3184, .T. ) ;
#2584 =( GEOMETRIC_REPRESENTATION_CONTEXT ( 3 ) GLOBAL_UNCERTAINTY_ASSIGNED_CONTEXT ( ( #2189 ) ) GLOBAL_UNIT_ASSIGNED_CONTEXT ( ( #3451, #2871, #227 ) ) REPRESENTATION_CONTEXT ( 'NONE', 'WORKASPACE' ) );
#2585 = DIRECTION ( 'NONE',  ( -0.000000000000000000, -0.000000000000000000, -1.000000000000000000 ) ) ;
#2586 = AXIS2_PLACEMENT_3D ( 'NONE', #2700, #56, #662 ) ;
#2587 = FACE_OUTER_BOUND ( 'NONE', #3286, .T. ) ;
#2588 = AXIS2_PLACEMENT_3D ( 'NONE', #2117, #13, #2987 ) ;
#2589 = EDGE_CURVE ( 'NONE', #215, #817, #986, .T. ) ;
#2590 = ORIENTED_EDGE ( 'NONE', *, *, #2827, .T. ) ;
#2591 = DIRECTION ( 'NONE',  ( 1.000000000000000000, 0.000000000000000000, 0.000000000000000000 ) ) ;
#2592 = PLANE ( 'NONE',  #2015 ) ;
#2593 = CARTESIAN_POINT ( 'NONE',  ( -36.02729214000286362, -13.94289815983302638, 0.000000000000000000 ) ) ;
#2594 = DIRECTION ( 'NONE',  ( -0.000000000000000000, -0.000000000000000000, 1.000000000000000000 ) ) ;
#2595 = VERTEX_POINT ( 'NONE', #2212 ) ;
#2596 = CARTESIAN_POINT ( 'NONE',  ( 0.000000000000000000, 0.000000000000000000, -0.009999999999999592548 ) ) ;
#2597 = DIRECTION ( 'NONE',  ( -1.000000000000000000, 0.000000000000000000, 0.000000000000000000 ) ) ;
#2598 = EDGE_CURVE ( 'NONE', #3041, #429, #2096, .T. ) ;
#2599 = VERTEX_POINT ( 'NONE', #3362 ) ;
#2600 = FACE_OUTER_BOUND ( 'NONE', #3288, .T. ) ;
#2601 = CIRCLE ( 'NONE', #950, 11.75728990000000174 ) ;
#2602 = ADVANCED_FACE ( 'NONE', ( #1039 ), #2479, .T. ) ;
#2603 = CIRCLE ( 'NONE', #1989, 3.557550373136732169 ) ;
#2604 = DIRECTION ( 'NONE',  ( 1.000000000000000000, 0.000000000000000000, 0.000000000000000000 ) ) ;
#2605 = ORIENTED_EDGE ( 'NONE', *, *, #3532, .F. ) ;
#2606 = VERTEX_POINT ( 'NONE', #464 ) ;
#2607 = ADVANCED_FACE ( 'NONE', ( #3051 ), #1021, .T. ) ;
#2608 = AXIS2_PLACEMENT_3D ( 'NONE', #3270, #67, #2391 ) ;
#2609 = DIRECTION ( 'NONE',  ( -1.000000000000000000, 0.000000000000000000, 0.000000000000000000 ) ) ;
#2610 = LINE ( 'NONE', #2960, #3585 ) ;
#2611 = DIRECTION ( 'NONE',  ( 0.000000000000000000, 0.000000000000000000, 1.000000000000000000 ) ) ;
#2612 = CYLINDRICAL_SURFACE ( 'NONE', #2636, 3.557550373136731281 ) ;
#2613 = EDGE_CURVE ( 'NONE', #2254, #1868, #2445, .T. ) ;
#2614 = DIRECTION ( 'NONE',  ( -0.000000000000000000, 0.000000000000000000, 1.000000000000000000 ) ) ;
#2615 = DIRECTION ( 'NONE',  ( 0.000000000000000000, 0.000000000000000000, 1.000000000000000000 ) ) ;
#2616 = DIRECTION ( 'NONE',  ( 1.000000000000000000, 0.000000000000000000, 0.000000000000000000 ) ) ;
#2617 = ORIENTED_EDGE ( 'NONE', *, *, #1194, .T. ) ;
#2618 = CARTESIAN_POINT ( 'NONE',  ( 7.880692288115590749, -5.490966587044167291, -0.009999999999999592548 ) ) ;
#2619 = LINE ( 'NONE', #832, #770 ) ;
#2620 = DIRECTION ( 'NONE',  ( 0.000000000000000000, 0.000000000000000000, 1.000000000000000000 ) ) ;
#2621 = EDGE_CURVE ( 'NONE', #3498, #3437, #2776, .T. ) ;
#2622 = EDGE_CURVE ( 'NONE', #732, #2595, #1307, .T. ) ;
#2623 = CIRCLE ( 'NONE', #139, 3.557550373136731281 ) ;
#2624 = PLANE ( 'NONE',  #1971 ) ;
#2625 = EDGE_LOOP ( 'NONE', ( #957, #2687, #3281, #3610, #3373 ) ) ;
#2626 = AXIS2_PLACEMENT_3D ( 'NONE', #3293, #901, #2632 ) ;
#2627 = VERTEX_POINT ( 'NONE', #118 ) ;
#2628 = VERTEX_POINT ( 'NONE', #425 ) ;
#2629 = ADVANCED_FACE ( 'NONE', ( #2162 ), #775, .T. ) ;
#2630 = CARTESIAN_POINT ( 'NONE',  ( -54.13024757962696754, -45.94396256087145503, 4.990000000000000213 ) ) ;
#2631 = CARTESIAN_POINT ( 'NONE',  ( 7.688343534783974142, 8.858514522346386144, -0.009999999999999592548 ) ) ;
#2632 = DIRECTION ( 'NONE',  ( 1.000000000000000000, 0.000000000000000000, 0.000000000000000000 ) ) ;
#2633 = DIRECTION ( 'NONE',  ( -0.000000000000000000, 0.000000000000000000, 1.000000000000000000 ) ) ;
#2634 = CARTESIAN_POINT ( 'NONE',  ( -6.084152264125789245, 10.06066384586897478, 4.990000000000000213 ) ) ;
#2635 = FACE_OUTER_BOUND ( 'NONE', #3727, .T. ) ;
#2636 = AXIS2_PLACEMENT_3D ( 'NONE', #597, #519, #2591 ) ;
#2637 = DIRECTION ( 'NONE',  ( 1.000000000000000000, 0.000000000000000000, 0.000000000000000000 ) ) ;
#2638 = EDGE_LOOP ( 'NONE', ( #3761, #3588, #2369, #1567 ) ) ;
#2639 = DIRECTION ( 'NONE',  ( 0.000000000000000000, 0.000000000000000000, 1.000000000000000000 ) ) ;
#2640 = CARTESIAN_POINT ( 'NONE',  ( 8.985029274550074163, -7.583080820360558860, -0.009999999999999592548 ) ) ;
#2641 = CARTESIAN_POINT ( 'NONE',  ( 0.000000000000000000, 0.000000000000000000, -0.009999999999999592548 ) ) ;
#2642 = FACE_OUTER_BOUND ( 'NONE', #1796, .T. ) ;
#2643 = VERTEX_POINT ( 'NONE', #3344 ) ;
#2644 = VERTEX_POINT ( 'NONE', #1348 ) ;
#2645 = EDGE_LOOP ( 'NONE', ( #198, #2679, #2295, #700, #3426 ) ) ;
#2646 = AXIS2_PLACEMENT_3D ( 'NONE', #1932, #2525, #3427 ) ;
#2647 = CARTESIAN_POINT ( 'NONE',  ( -2.811818304917468758, 11.41610895238710732, 4.990000000000000213 ) ) ;
#2648 = DIRECTION ( 'NONE',  ( -0.000000000000000000, 0.000000000000000000, 1.000000000000000000 ) ) ;
#2649 = AXIS2_PLACEMENT_3D ( 'NONE', #447, #1628, #2253 ) ;
#2650 = LINE ( 'NONE', #574, #1196 ) ;
#2651 = PLANE ( 'NONE',  #1292 ) ;
#2652 = AXIS2_PLACEMENT_3D ( 'NONE', #285, #637, #2654 ) ;
#2653 = DIRECTION ( 'NONE',  ( -0.5877852522924653655, -0.8090169943749530024, 0.000000000000000000 ) ) ;
#2654 = DIRECTION ( 'NONE',  ( 0.3090169943749583870, -0.9510565162951500895, 0.000000000000000000 ) ) ;
#2655 = CARTESIAN_POINT ( 'NONE',  ( -2.677456553861607080, 11.44836635484843335, -0.009999999999999592548 ) ) ;
#2656 = EDGE_CURVE ( 'NONE', #1287, #2441, #2814, .T. ) ;
#2657 = ORIENTED_EDGE ( 'NONE', *, *, #1534, .T. ) ;
#2658 = DIRECTION ( 'NONE',  ( -1.000000000000000000, 0.000000000000000000, 0.000000000000000000 ) ) ;
#2659 = CARTESIAN_POINT ( 'NONE',  ( -2.677456553861607080, 11.44836635484843335, -0.009999999999999592548 ) ) ;
#2660 = DIRECTION ( 'NONE',  ( 1.000000000000000000, 0.000000000000000000, 0.000000000000000000 ) ) ;
#2661 = DIRECTION ( 'NONE',  ( -1.000000000000000000, 0.000000000000000000, 0.000000000000000000 ) ) ;
#2662 = ORIENTED_EDGE ( 'NONE', *, *, #611, .T. ) ;
#2663 = ADVANCED_FACE ( 'NONE', ( #2196 ), #167, .F. ) ;
#2664 = VECTOR ( 'NONE', #2378, 1000.000000000000000 ) ;
#2665 = VERTEX_POINT ( 'NONE', #3695 ) ;
#2666 = AXIS2_PLACEMENT_3D ( 'NONE', #1915, #1935, #2824 ) ;
#2667 = CARTESIAN_POINT ( 'NONE',  ( -4.190551794383057249, 8.642644309387780055, -0.009999999999999592548 ) ) ;
#2668 = DIRECTION ( 'NONE',  ( 0.000000000000000000, 0.000000000000000000, 1.000000000000000000 ) ) ;
#2669 = AXIS2_PLACEMENT_3D ( 'NONE', #1688, #2529, #201 ) ;
#2670 = EDGE_CURVE ( 'NONE', #3405, #2775, #752, .T. ) ;
#2671 = CARTESIAN_POINT ( 'NONE',  ( 9.191785744470946540, -2.786951708900008207, -0.009999999999999592548 ) ) ;
#2672 = CIRCLE ( 'NONE', #3540, 3.557550373136731281 ) ;
#2673 = DIRECTION ( 'NONE',  ( 1.000000000000000000, 0.000000000000000000, 0.000000000000000000 ) ) ;
#2674 = CARTESIAN_POINT ( 'NONE',  ( 6.201969797453425137, -9.988465168589089060, -0.009999999999999592548 ) ) ;
#2675 = EDGE_CURVE ( 'NONE', #3807, #2411, #2282, .T. ) ;
#2676 = ORIENTED_EDGE ( 'NONE', *, *, #3161, .T. ) ;
#2677 = CARTESIAN_POINT ( 'NONE',  ( 0.000000000000000000, 0.000000000000000000, 0.000000000000000000 ) ) ;
#2678 = CARTESIAN_POINT ( 'NONE',  ( 0.000000000000000000, 0.000000000000000000, -0.009999999999999592548 ) ) ;
#2679 = ORIENTED_EDGE ( 'NONE', *, *, #343, .F. ) ;
#2680 = DIRECTION ( 'NONE',  ( 0.000000000000000000, 0.000000000000000000, 1.000000000000000000 ) ) ;
#2681 = VECTOR ( 'NONE', #3234, 1000.000000000000000 ) ;
#2682 = CARTESIAN_POINT ( 'NONE',  ( 6.251709635951667288, -9.395649927148305380, -0.009999999999999592548 ) ) ;
#2683 = DIRECTION ( 'NONE',  ( 0.000000000000000000, 0.000000000000000000, 1.000000000000000000 ) ) ;
#2684 = ORIENTED_EDGE ( 'NONE', *, *, #3481, .T. ) ;
#2685 = ADVANCED_FACE ( 'NONE', ( #1333 ), #3419, .F. ) ;
#2686 = ORIENTED_EDGE ( 'NONE', *, *, #156, .F. ) ;
#2687 = ORIENTED_EDGE ( 'NONE', *, *, #396, .F. ) ;
#2688 = EDGE_LOOP ( 'NONE', ( #1897, #358 ) ) ;
#2689 = DIRECTION ( 'NONE',  ( 1.000000000000000000, 0.000000000000000000, 0.000000000000000000 ) ) ;
#2690 = DIRECTION ( 'NONE',  ( 0.5877852522924830181, -0.8090169943749402348, 0.000000000000000000 ) ) ;
#2691 = CLOSED_SHELL ( 'NONE', ( #3751, #2225, #678, #60, #3703, #2799, #1858, #2036, #277, #1883, #415, #2607, #578, #1421, #272, #918, #1073, #3645, #443, #1269, #2017, #2846, #428, #1270, #2954, #3248, #1234, #3242, #1588, #943, #2504, #3596, #3295, #3181, #3392, #465, #723, #1525, #2312, #1793, #276, #1027, #3071, #3014, #3275, #2201, #2257, #715, #498, #490, #110, #3283, #1317, #1558, #1131, #1541, #468, #780, #2602, #1137, #2437, #3470, #2103, #40, #2386, #2040, #3227, #2484, #1478, #1825, #1313, #168, #1548, #1985, #2148, #2804, #2733, #438, #3781, #3189, #2113, #981, #2705, #3375, #2141, #668, #1414, #3466, #2482, #1360, #350, #2663, #459, #3562, #2629, #1600, #170, #2792, #2543, #1354, #1273, #2685, #742, #567, #750, #3079, #837, #2914, #1426, #3126, #615, #1818, #3687, #3247, #546, #1106, #2149 ) ) ;
#2692 = CARTESIAN_POINT ( 'NONE',  ( -10.88857148387366713, 4.435411687004404691, -0.009999999999999592548 ) ) ;
#2693 = DIRECTION ( 'NONE',  ( 0.000000000000000000, 0.000000000000000000, 1.000000000000000000 ) ) ;
#2694 = SURFACE_STYLE_USAGE ( .BOTH. , #3006 ) ;
#2695 = ORIENTED_EDGE ( 'NONE', *, *, #3532, .T. ) ;
#2696 = LINE ( 'NONE', #52, #130 ) ;
#2697 = VECTOR ( 'NONE', #3102, 1000.000000000000000 ) ;
#2698 = DIRECTION ( 'NONE',  ( 0.000000000000000000, 0.000000000000000000, 1.000000000000000000 ) ) ;
#2699 = ORIENTED_EDGE ( 'NONE', *, *, #1434, .F. ) ;
#2700 = CARTESIAN_POINT ( 'NONE',  ( 0.000000000000000000, 0.000000000000000000, -0.009999999999999592548 ) ) ;
#2701 = CARTESIAN_POINT ( 'NONE',  ( -6.656175558859115604, 6.924691468191674915, 0.000000000000000000 ) ) ;
#2702 = CARTESIAN_POINT ( 'NONE',  ( 8.470246483331964171, -4.528901578926452842, -0.009999999999999592548 ) ) ;
#2703 = VERTEX_POINT ( 'NONE', #3678 ) ;
#2704 = ORIENTED_EDGE ( 'NONE', *, *, #3194, .F. ) ;
#2705 = ADVANCED_FACE ( 'NONE', ( #1943 ), #865, .T. ) ;
#2706 = AXIS2_PLACEMENT_3D ( 'NONE', #825, #3175, #2673 ) ;
#2707 = ORIENTED_EDGE ( 'NONE', *, *, #458, .T. ) ;
#2708 = DIRECTION ( 'NONE',  ( -0.000000000000000000, 0.000000000000000000, 1.000000000000000000 ) ) ;
#2709 = FACE_OUTER_BOUND ( 'NONE', #1043, .T. ) ;
#2710 = CIRCLE ( 'NONE', #1549, 3.557550373136731281 ) ;
#2711 = DIRECTION ( 'NONE',  ( 0.000000000000000000, 0.000000000000000000, 1.000000000000000000 ) ) ;
#2712 = PRODUCT ( 'lianjiebi', 'lianjiebi', '', ( #323 ) ) ;
#2713 = EDGE_CURVE ( 'NONE', #1016, #414, #70, .T. ) ;
#2714 = CIRCLE ( 'NONE', #3811, 3.557550373136731281 ) ;
#2715 = AXIS2_PLACEMENT_3D ( 'NONE', #2296, #1495, #2661 ) ;
#2716 = LINE ( 'NONE', #2674, #1249 ) ;
#2717 =( NAMED_UNIT ( * ) SI_UNIT ( $, .STERADIAN. ) SOLID_ANGLE_UNIT ( ) );
#2718 = ORIENTED_EDGE ( 'NONE', *, *, #2387, .T. ) ;
#2719 = DIRECTION ( 'NONE',  ( 0.5877852522924714718, 0.8090169943749487835, 0.000000000000000000 ) ) ;
#2720 = AXIS2_PLACEMENT_3D ( 'NONE', #2762, #1451, #245 ) ;
#2721 = VECTOR ( 'NONE', #1869, 1000.000000000000227 ) ;
#2722 = LINE ( 'NONE', #116, #2748 ) ;
#2723 = EDGE_LOOP ( 'NONE', ( #3103, #1272, #2531, #2920 ) ) ;
#2724 = CARTESIAN_POINT ( 'NONE',  ( 6.666049286174379418, 7.148462673975957138, 4.990000000000000213 ) ) ;
#2725 = CIRCLE ( 'NONE', #755, 3.557550373136731281 ) ;
#2726 = DIRECTION ( 'NONE',  ( 0.000000000000000000, 0.000000000000000000, 1.000000000000000000 ) ) ;
#2727 = CARTESIAN_POINT ( 'NONE',  ( 1.689791248403291757, 9.455190666338761929, -0.009999999999999592548 ) ) ;
#2728 = VERTEX_POINT ( 'NONE', #1957 ) ;
#2729 = CIRCLE ( 'NONE', #1060, 9.605000000000000426 ) ;
#2730 = EDGE_CURVE ( 'NONE', #2703, #543, #3458, .T. ) ;
#2731 = EDGE_CURVE ( 'NONE', #3173, #1262, #129, .T. ) ;
#2732 = ORIENTED_EDGE ( 'NONE', *, *, #3587, .F. ) ;
#2733 = ADVANCED_FACE ( 'NONE', ( #1093 ), #3138, .F. ) ;
#2734 = ORIENTED_EDGE ( 'NONE', *, *, #3478, .T. ) ;
#2735 = CARTESIAN_POINT ( 'NONE',  ( -7.702245092050553410, 6.017653382250981231, 0.000000000000000000 ) ) ;
#2736 = DIRECTION ( 'NONE',  ( 0.000000000000000000, 0.000000000000000000, 1.000000000000000000 ) ) ;
#2737 = VECTOR ( 'NONE', #1503, 1000.000000000000114 ) ;
#2738 = LINE ( 'NONE', #71, #2176 ) ;
#2739 = AXIS2_PLACEMENT_3D ( 'NONE', #3511, #3200, #2973 ) ;
#2740 = VERTEX_POINT ( 'NONE', #2593 ) ;
#2741 = CARTESIAN_POINT ( 'NONE',  ( -60.76604953647606777, -46.84443189777459793, 4.990000000000000213 ) ) ;
#2742 = CARTESIAN_POINT ( 'NONE',  ( 3.676865396194256341, -5.588985673471457361, 4.990000000000000213 ) ) ;
#2743 = VERTEX_POINT ( 'NONE', #208 ) ;
#2744 = DIRECTION ( 'NONE',  ( 1.000000000000000000, 0.000000000000000000, 0.000000000000000000 ) ) ;
#2745 = DIRECTION ( 'NONE',  ( -0.000000000000000000, 0.000000000000000000, 1.000000000000000000 ) ) ;
#2746 = DIRECTION ( 'NONE',  ( 1.000000000000000000, 0.000000000000000000, 0.000000000000000000 ) ) ;
#2747 = ORIENTED_EDGE ( 'NONE', *, *, #2993, .T. ) ;
#2748 = VECTOR ( 'NONE', #77, 1000.000000000000000 ) ;
#2749 = ORIENTED_EDGE ( 'NONE', *, *, #2907, .F. ) ;
#2750 = EDGE_CURVE ( 'NONE', #3667, #148, #2901, .T. ) ;
#2751 = AXIS2_PLACEMENT_3D ( 'NONE', #2443, #408, #968 ) ;
#2752 = VERTEX_POINT ( 'NONE', #1139 ) ;
#2753 = DIRECTION ( 'NONE',  ( -0.000000000000000000, 0.000000000000000000, 1.000000000000000000 ) ) ;
#2754 = CYLINDRICAL_SURFACE ( 'NONE', #3142, 9.605000000000000426 ) ;
#2755 = ORIENTED_EDGE ( 'NONE', *, *, #681, .F. ) ;
#2756 = FACE_BOUND ( 'NONE', #2688, .T. ) ;
#2757 = EDGE_LOOP ( 'NONE', ( #1244, #2486, #1959, #3650, #1895, #3428, #3350, #896, #1129, #397, #1570, #2998, #2497, #793, #1101, #2444, #460, #2838, #1274, #3310, #822, #3519, #904, #1670, #2830, #2046, #2456, #1066, #1475, #1643, #1072, #3452, #2929, #2823, #1398, #2470, #928, #2292, #2657, #2936, #38, #3094, #1949, #592, #1236, #1153, #2351, #2233, #512, #2825, #2274, #3327, #1382, #96, #1437, #3595, #3050, #2507, #2561, #2520, #3468, #2183, #3702, #2130, #113, #684, #2413, #2892, #41, #2423, #42, #2434, #880, #2066 ) ) ;
#2758 = DIRECTION ( 'NONE',  ( 0.7320674874917125763, -0.6812321144496722436, 0.000000000000000000 ) ) ;
#2759 = CARTESIAN_POINT ( 'NONE',  ( 3.000000000000000444, 0.000000000000000000, 4.990000000000000213 ) ) ;
#2760 = ORIENTED_EDGE ( 'NONE', *, *, #1144, .F. ) ;
#2761 = CARTESIAN_POINT ( 'NONE',  ( -3.000000000000000444, 3.673940397442060361E-16, -0.009999999999999592548 ) ) ;
#2762 = CARTESIAN_POINT ( 'NONE',  ( 1.191186221529767053, 9.701433248369598417, -0.009999999999999592548 ) ) ;
#2763 = CARTESIAN_POINT ( 'NONE',  ( 0.000000000000000000, 0.000000000000000000, 0.000000000000000000 ) ) ;
#2764 = ORIENTED_EDGE ( 'NONE', *, *, #2106, .F. ) ;
#2765 = EDGE_CURVE ( 'NONE', #816, #2953, #3643, .T. ) ;
#2766 = ORIENTED_EDGE ( 'NONE', *, *, #1028, .F. ) ;
#2767 = ORIENTED_EDGE ( 'NONE', *, *, #2261, .T. ) ;
#2768 = FACE_OUTER_BOUND ( 'NONE', #1340, .T. ) ;
#2769 = VERTEX_POINT ( 'NONE', #845 ) ;
#2770 = DIRECTION ( 'NONE',  ( 1.000000000000000000, 0.000000000000000000, 0.000000000000000000 ) ) ;
#2771 = ORIENTED_EDGE ( 'NONE', *, *, #178, .T. ) ;
#2772 = DIRECTION ( 'NONE',  ( 1.000000000000000000, 0.000000000000000000, 0.000000000000000000 ) ) ;
#2773 = AXIS2_PLACEMENT_3D ( 'NONE', #2384, #1795, #1816 ) ;
#2774 = CARTESIAN_POINT ( 'NONE',  ( -36.23400788493299274, -12.27648147332590867, 0.000000000000000000 ) ) ;
#2775 = VERTEX_POINT ( 'NONE', #226 ) ;
#2776 = LINE ( 'NONE', #97, #3209 ) ;
#2777 = AXIS2_PLACEMENT_3D ( 'NONE', #2930, #2639, #2572 ) ;
#2778 = CARTESIAN_POINT ( 'NONE',  ( 0.000000000000000000, 0.000000000000000000, 0.000000000000000000 ) ) ;
#2779 = AXIS2_PLACEMENT_3D ( 'NONE', #1320, #190, #1607 ) ;
#2780 = VECTOR ( 'NONE', #501, 1000.000000000000000 ) ;
#2781 = DIRECTION ( 'NONE',  ( -0.000000000000000000, -0.000000000000000000, -1.000000000000000000 ) ) ;
#2782 = EDGE_CURVE ( 'NONE', #3406, #1084, #1694, .T. ) ;
#2783 = VECTOR ( 'NONE', #3241, 1000.000000000000000 ) ;
#2784 = VECTOR ( 'NONE', #614, 1000.000000000000114 ) ;
#2785 = ORIENTED_EDGE ( 'NONE', *, *, #3300, .T. ) ;
#2786 = EDGE_CURVE ( 'NONE', #1102, #1516, #2831, .T. ) ;
#2787 = EDGE_LOOP ( 'NONE', ( #3708, #2978, #1148, #2004 ) ) ;
#2788 = CYLINDRICAL_SURFACE ( 'NONE', #377, 3.557550373136731281 ) ;
#2789 = ORIENTED_EDGE ( 'NONE', *, *, #1983, .F. ) ;
#2790 = CARTESIAN_POINT ( 'NONE',  ( -44.19510768297611492, -22.45217449968878398, 4.990000000000000213 ) ) ;
#2791 = EDGE_CURVE ( 'NONE', #2299, #2228, #2869, .T. ) ;
#2792 = ADVANCED_FACE ( 'NONE', ( #1734 ), #480, .T. ) ;
#2793 = VERTEX_POINT ( 'NONE', #3745 ) ;
#2794 = FACE_OUTER_BOUND ( 'NONE', #2195, .T. ) ;
#2795 = DIRECTION ( 'NONE',  ( 0.000000000000000000, 0.000000000000000000, 1.000000000000000000 ) ) ;
#2796 = EDGE_CURVE ( 'NONE', #2400, #2643, #3699, .T. ) ;
#2797 = EDGE_LOOP ( 'NONE', ( #1696, #418, #2244, #2178, #2174 ) ) ;
#2798 = DIRECTION ( 'NONE',  ( 0.000000000000000000, 0.000000000000000000, 1.000000000000000000 ) ) ;
#2799 = ADVANCED_FACE ( 'NONE', ( #3716 ), #2308, .T. ) ;
#2800 = DIRECTION ( 'NONE',  ( 1.000000000000000000, 0.000000000000000000, 0.000000000000000000 ) ) ;
#2801 = CARTESIAN_POINT ( 'NONE',  ( 10.06066384586890727, 6.084152264125897602, -0.009999999999999592548 ) ) ;
#2802 = EDGE_CURVE ( 'NONE', #2411, #629, #2290, .T. ) ;
#2803 = ORIENTED_EDGE ( 'NONE', *, *, #1091, .T. ) ;
#2804 = ADVANCED_FACE ( 'NONE', ( #2014 ), #1713, .F. ) ;
#2805 = ORIENTED_EDGE ( 'NONE', *, *, #3233, .F. ) ;
#2806 = DIRECTION ( 'NONE',  ( 0.5619437404298281979, 0.8271754545389593538, 0.000000000000000000 ) ) ;
#2807 = ORIENTED_EDGE ( 'NONE', *, *, #51, .T. ) ;
#2808 = DIRECTION ( 'NONE',  ( 0.000000000000000000, 0.000000000000000000, 1.000000000000000000 ) ) ;
#2809 = ORIENTED_EDGE ( 'NONE', *, *, #399, .T. ) ;
#2810 = DIRECTION ( 'NONE',  ( 1.000000000000000000, 0.000000000000000000, 0.000000000000000000 ) ) ;
#2811 = CIRCLE ( 'NONE', #2353, 9.605000000000000426 ) ;
#2812 = DIRECTION ( 'NONE',  ( -0.000000000000000000, 0.000000000000000000, 1.000000000000000000 ) ) ;
#2813 = VERTEX_POINT ( 'NONE', #1160 ) ;
#2814 = LINE ( 'NONE', #701, #2721 ) ;
#2815 = DIRECTION ( 'NONE',  ( 0.3090169943749446202, 0.9510565162951544194, 0.000000000000000000 ) ) ;
#2816 = DIRECTION ( 'NONE',  ( 0.000000000000000000, 0.000000000000000000, 1.000000000000000000 ) ) ;
#2817 = CARTESIAN_POINT ( 'NONE',  ( 0.1898694203455414120, -9.603123169220399546, 0.000000000000000000 ) ) ;
#2818 = ORIENTED_EDGE ( 'NONE', *, *, #376, .F. ) ;
#2819 = ORIENTED_EDGE ( 'NONE', *, *, #1801, .T. ) ;
#2820 = AXIS2_PLACEMENT_3D ( 'NONE', #444, #3434, #3693 ) ;
#2821 = CARTESIAN_POINT ( 'NONE',  ( -0.1898694203455414120, 9.603123169220399546, 4.990000000000000213 ) ) ;
#2822 = EDGE_CURVE ( 'NONE', #2665, #616, #1856, .T. ) ;
#2823 = ORIENTED_EDGE ( 'NONE', *, *, #3484, .T. ) ;
#2824 = DIRECTION ( 'NONE',  ( -1.000000000000000000, 0.000000000000000000, 0.000000000000000000 ) ) ;
#2825 = ORIENTED_EDGE ( 'NONE', *, *, #3800, .F. ) ;
#2826 = CARTESIAN_POINT ( 'NONE',  ( 10.06066384586890727, 6.084152264125897602, -0.009999999999999592548 ) ) ;
#2827 = EDGE_CURVE ( 'NONE', #2334, #1003, #505, .T. ) ;
#2828 = EDGE_CURVE ( 'NONE', #3620, #117, #3148, .T. ) ;
#2829 = DIRECTION ( 'NONE',  ( -0.000000000000000000, -0.000000000000000000, -1.000000000000000000 ) ) ;
#2830 = ORIENTED_EDGE ( 'NONE', *, *, #2107, .F. ) ;
#2831 = LINE ( 'NONE', #2569, #2226 ) ;
#2832 = DIRECTION ( 'NONE',  ( -1.000000000000000000, 0.000000000000000000, 0.000000000000000000 ) ) ;
#2833 = ORIENTED_EDGE ( 'NONE', *, *, #560, .T. ) ;
#2834 = DIRECTION ( 'NONE',  ( 0.000000000000000000, 0.000000000000000000, 1.000000000000000000 ) ) ;
#2835 = DIRECTION ( 'NONE',  ( 0.000000000000000000, 0.000000000000000000, 1.000000000000000000 ) ) ;
#2836 = AXIS2_PLACEMENT_3D ( 'NONE', #3768, #2309, #2616 ) ;
#2837 = AXIS2_PLACEMENT_3D ( 'NONE', #2102, #1514, #2746 ) ;
#2838 = ORIENTED_EDGE ( 'NONE', *, *, #734, .T. ) ;
#2839 = VECTOR ( 'NONE', #698, 1000.000000000000000 ) ;
#2840 = VERTEX_POINT ( 'NONE', #2361 ) ;
#2841 = AXIS2_PLACEMENT_3D ( 'NONE', #2326, #3506, #1198 ) ;
#2842 = CARTESIAN_POINT ( 'NONE',  ( -54.15697885793779420, -52.02334105854918533, 4.990000000000000213 ) ) ;
#2843 = EDGE_CURVE ( 'NONE', #3441, #675, #580, .T. ) ;
#2844 = VECTOR ( 'NONE', #183, 1000.000000000000000 ) ;
#2845 = VERTEX_POINT ( 'NONE', #342 ) ;
#2846 = ADVANCED_FACE ( 'NONE', ( #2035 ), #656, .T. ) ;
#2847 = CARTESIAN_POINT ( 'NONE',  ( 3.000000000000000444, 0.000000000000000000, 0.000000000000000000 ) ) ;
#2848 = CARTESIAN_POINT ( 'NONE',  ( 1.314727622981662236, -9.514594908737260326, 0.000000000000000000 ) ) ;
#2849 = EDGE_LOOP ( 'NONE', ( #2300, #3607, #1228, #336 ) ) ;
#2850 = CARTESIAN_POINT ( 'NONE',  ( 0.000000000000000000, 0.000000000000000000, 0.000000000000000000 ) ) ;
#2851 = DIRECTION ( 'NONE',  ( 1.000000000000000000, 0.000000000000000000, 0.000000000000000000 ) ) ;
#2852 = DIRECTION ( 'NONE',  ( -0.000000000000000000, -0.000000000000000000, -1.000000000000000000 ) ) ;
#2853 = SURFACE_STYLE_USAGE ( .BOTH. , #3530 ) ;
#2854 = AXIS2_PLACEMENT_3D ( 'NONE', #1195, #1157, #2358 ) ;
#2855 = EDGE_LOOP ( 'NONE', ( #3425, #2684, #1808, #158 ) ) ;
#2856 = DIRECTION ( 'NONE',  ( 0.000000000000000000, 0.000000000000000000, 1.000000000000000000 ) ) ;
#2857 = AXIS2_PLACEMENT_3D ( 'NONE', #2262, #800, #532 ) ;
#2858 = CARTESIAN_POINT ( 'NONE',  ( 0.000000000000000000, 0.000000000000000000, 4.990000000000000213 ) ) ;
#2859 = ORIENTED_EDGE ( 'NONE', *, *, #1199, .F. ) ;
#2860 = AXIS2_PLACEMENT_3D ( 'NONE', #2949, #271, #1718 ) ;
#2861 = CARTESIAN_POINT ( 'NONE',  ( 3.000000000000000444, 0.000000000000000000, -0.009999999999999592548 ) ) ;
#2862 = EDGE_LOOP ( 'NONE', ( #2168, #1596, #351, #1336 ) ) ;
#2863 = EDGE_CURVE ( 'NONE', #2628, #192, #374, .T. ) ;
#2864 = CARTESIAN_POINT ( 'NONE',  ( -8.985029274550017320, 7.583080820360624585, -0.009999999999999592548 ) ) ;
#2865 = CYLINDRICAL_SURFACE ( 'NONE', #1201, 1.500000000000015099 ) ;
#2866 = ORIENTED_EDGE ( 'NONE', *, *, #2884, .F. ) ;
#2867 = DIRECTION ( 'NONE',  ( 0.000000000000000000, 0.000000000000000000, 1.000000000000000000 ) ) ;
#2868 = DIRECTION ( 'NONE',  ( 0.000000000000000000, 0.000000000000000000, 1.000000000000000000 ) ) ;
#2869 = LINE ( 'NONE', #3176, #193 ) ;
#2870 = AXIS2_PLACEMENT_3D ( 'NONE', #3245, #3183, #310 ) ;
#2871 =( NAMED_UNIT ( * ) PLANE_ANGLE_UNIT ( ) SI_UNIT ( $, .RADIAN. ) );
#2872 = VERTEX_POINT ( 'NONE', #3238 ) ;
#2873 = CARTESIAN_POINT ( 'NONE',  ( 11.41610895238707712, 2.811818304917589550, -0.009999999999999592548 ) ) ;
#2874 = CARTESIAN_POINT ( 'NONE',  ( 4.190551794383121198, -8.642644309387746304, -0.009999999999999592548 ) ) ;
#2875 = VERTEX_POINT ( 'NONE', #1827 ) ;
#2876 = LINE ( 'NONE', #834, #249 ) ;
#2877 = EDGE_CURVE ( 'NONE', #705, #1329, #3575, .T. ) ;
#2878 = EDGE_LOOP ( 'NONE', ( #1601, #1798, #1230, #2566 ) ) ;
#2879 = VERTEX_POINT ( 'NONE', #599 ) ;
#2880 = FACE_OUTER_BOUND ( 'NONE', #2329, .T. ) ;
#2881 = CARTESIAN_POINT ( 'NONE',  ( 7.657487397834607634, 5.798181762587663712, -0.009999999999999592548 ) ) ;
#2882 = ORIENTED_EDGE ( 'NONE', *, *, #99, .F. ) ;
#2883 = DIRECTION ( 'NONE',  ( -0.000000000000000000, 0.000000000000000000, 1.000000000000000000 ) ) ;
#2884 = EDGE_CURVE ( 'NONE', #3677, #1413, #2716, .T. ) ;
#2885 = AXIS2_PLACEMENT_3D ( 'NONE', #605, #3497, #1474 ) ;
#2886 = DIRECTION ( 'NONE',  ( 0.000000000000000000, 0.000000000000000000, 1.000000000000000000 ) ) ;
#2887 = CARTESIAN_POINT ( 'NONE',  ( 8.858514522346371933, -4.130793161647273948, -0.009999999999999592548 ) ) ;
#2888 = LINE ( 'NONE', #1430, #688 ) ;
#2889 = VERTEX_POINT ( 'NONE', #3806 ) ;
#2890 = CARTESIAN_POINT ( 'NONE',  ( 0.000000000000000000, 0.000000000000000000, 4.990000000000000213 ) ) ;
#2891 = DIRECTION ( 'NONE',  ( -0.000000000000000000, -0.000000000000000000, -1.000000000000000000 ) ) ;
#2892 = ORIENTED_EDGE ( 'NONE', *, *, #785, .F. ) ;
#2893 = DIRECTION ( 'NONE',  ( -0.000000000000000000, -0.000000000000000000, 1.000000000000000000 ) ) ;
#2894 = VECTOR ( 'NONE', #453, 1000.000000000000000 ) ;
#2895 = AXIS2_PLACEMENT_3D ( 'NONE', #891, #2992, #2064 ) ;
#2896 = AXIS2_PLACEMENT_3D ( 'NONE', #1681, #1392, #427 ) ;
#2897 = ORIENTED_EDGE ( 'NONE', *, *, #702, .F. ) ;
#2898 = EDGE_CURVE ( 'NONE', #3266, #3422, #73, .T. ) ;
#2899 = VERTEX_POINT ( 'NONE', #2375 ) ;
#2900 = VECTOR ( 'NONE', #703, 1000.000000000000000 ) ;
#2901 = CIRCLE ( 'NONE', #3400, 9.605000000000000426 ) ;
#2902 = CARTESIAN_POINT ( 'NONE',  ( 9.455190666338779693, -1.689791248403192725, -0.009999999999999592548 ) ) ;
#2903 = FACE_OUTER_BOUND ( 'NONE', #3347, .T. ) ;
#2904 = AXIS2_PLACEMENT_3D ( 'NONE', #302, #1484, #364 ) ;
#2905 = CARTESIAN_POINT ( 'NONE',  ( 0.000000000000000000, 0.000000000000000000, 0.000000000000000000 ) ) ;
#2906 = PLANE ( 'NONE',  #1979 ) ;
#2907 = EDGE_CURVE ( 'NONE', #2099, #1593, #2725, .T. ) ;
#2908 = EDGE_CURVE ( 'NONE', #3225, #1309, #3744, .T. ) ;
#2909 = CARTESIAN_POINT ( 'NONE',  ( 5.798181762587637067, -7.657487397834626286, -0.009999999999999592548 ) ) ;
#2910 = DIRECTION ( 'NONE',  ( 1.000000000000000000, 0.000000000000000000, 0.000000000000000000 ) ) ;
#2911 = DIRECTION ( 'NONE',  ( 1.000000000000000000, 0.000000000000000000, 0.000000000000000000 ) ) ;
#2912 = ORIENTED_EDGE ( 'NONE', *, *, #2613, .T. ) ;
#2913 = CARTESIAN_POINT ( 'NONE',  ( 0.1898694203455414120, -9.603123169220399546, -0.009999999999999592548 ) ) ;
#2914 = ADVANCED_FACE ( 'NONE', ( #1235 ), #1218, .T. ) ;
#2915 = CARTESIAN_POINT ( 'NONE',  ( -8.985029274550017320, 7.583080820360624585, 4.990000000000000213 ) ) ;
#2916 = CIRCLE ( 'NONE', #644, 3.557550373136731281 ) ;
#2917 = FACE_OUTER_BOUND ( 'NONE', #104, .T. ) ;
#2918 = ORIENTED_EDGE ( 'NONE', *, *, #2321, .F. ) ;
#2919 = VECTOR ( 'NONE', #1739, 1000.000000000000000 ) ;
#2920 = ORIENTED_EDGE ( 'NONE', *, *, #3789, .T. ) ;
#2921 = AXIS2_PLACEMENT_3D ( 'NONE', #1510, #3790, #307 ) ;
#2922 = CYLINDRICAL_SURFACE ( 'NONE', #2480, 11.75728989999999996 ) ;
#2923 = CARTESIAN_POINT ( 'NONE',  ( -1.865022325433343120, 9.594708094182369251, -0.009999999999999592548 ) ) ;
#2924 = DIRECTION ( 'NONE',  ( -0.000000000000000000, 0.000000000000000000, 1.000000000000000000 ) ) ;
#2925 = CYLINDRICAL_SURFACE ( 'NONE', #11, 1.499999999999924949 ) ;
#2926 = DIRECTION ( 'NONE',  ( -0.000000000000000000, -0.000000000000000000, -1.000000000000000000 ) ) ;
#2927 = CARTESIAN_POINT ( 'NONE',  ( -40.47554391256261397, -19.06191805682658114, 4.990000000000000213 ) ) ;
#2928 = FACE_OUTER_BOUND ( 'NONE', #1035, .T. ) ;
#2929 = ORIENTED_EDGE ( 'NONE', *, *, #1747, .F. ) ;
#2930 = CARTESIAN_POINT ( 'NONE',  ( -0.3411177778494789981, -9.768335085804977780, 4.990000000000000213 ) ) ;
#2931 = CARTESIAN_POINT ( 'NONE',  ( 9.455190666338779693, -1.689791248403192725, -0.009999999999999592548 ) ) ;
#2932 = CARTESIAN_POINT ( 'NONE',  ( 0.000000000000000000, 0.000000000000000000, -0.009999999999999592548 ) ) ;
#2933 = AXIS2_PLACEMENT_3D ( 'NONE', #2905, #320, #2322 ) ;
#2934 = FACE_OUTER_BOUND ( 'NONE', #246, .T. ) ;
#2935 = EDGE_LOOP ( 'NONE', ( #1974, #2749, #2803, #721 ) ) ;
#2936 = ORIENTED_EDGE ( 'NONE', *, *, #2373, .T. ) ;
#2937 = CARTESIAN_POINT ( 'NONE',  ( 0.000000000000000000, 0.000000000000000000, -0.009999999999999592548 ) ) ;
#2938 = DIRECTION ( 'NONE',  ( 0.000000000000000000, 0.000000000000000000, 1.000000000000000000 ) ) ;
#2939 = EDGE_CURVE ( 'NONE', #711, #463, #3403, .T. ) ;
#2940 = CARTESIAN_POINT ( 'NONE',  ( 0.000000000000000000, 0.000000000000000000, 4.990000000000000213 ) ) ;
#2941 = DIRECTION ( 'NONE',  ( -0.000000000000000000, 0.000000000000000000, 1.000000000000000000 ) ) ;
#2942 = DIRECTION ( 'NONE',  ( 0.000000000000000000, 0.000000000000000000, 1.000000000000000000 ) ) ;
#2943 = CARTESIAN_POINT ( 'NONE',  ( 0.000000000000000000, 0.000000000000000000, 0.000000000000000000 ) ) ;
#2944 = CIRCLE ( 'NONE', #3681, 11.75728989999999996 ) ;
#2945 = SURFACE_STYLE_FILL_AREA ( #2135 ) ;
#2946 = EDGE_CURVE ( 'NONE', #2953, #2299, #3757, .T. ) ;
#2947 = VERTEX_POINT ( 'NONE', #903 ) ;
#2948 = CARTESIAN_POINT ( 'NONE',  ( 1.689791248403291757, 9.455190666338761929, -0.009999999999999592548 ) ) ;
#2949 = CARTESIAN_POINT ( 'NONE',  ( 0.000000000000000000, 0.000000000000000000, -0.009999999999999592548 ) ) ;
#2950 = CYLINDRICAL_SURFACE ( 'NONE', #1908, 3.557550373136730837 ) ;
#2951 = DIRECTION ( 'NONE',  ( 1.000000000000000000, 0.000000000000000000, 0.000000000000000000 ) ) ;
#2952 = ORIENTED_EDGE ( 'NONE', *, *, #1194, .F. ) ;
#2953 = VERTEX_POINT ( 'NONE', #2968 ) ;
#2954 = ADVANCED_FACE ( 'NONE', ( #2635 ), #2090, .T. ) ;
#2955 = ORIENTED_EDGE ( 'NONE', *, *, #1647, .T. ) ;
#2956 = AXIS2_PLACEMENT_3D ( 'NONE', #2932, #3707, #290 ) ;
#2957 = AXIS2_PLACEMENT_3D ( 'NONE', #308, #2365, #2660 ) ;
#2958 = DIRECTION ( 'NONE',  ( -0.5877852522924653655, -0.8090169943749531134, 0.000000000000000000 ) ) ;
#2959 = EDGE_CURVE ( 'NONE', #3017, #1248, #3606, .T. ) ;
#2960 = CARTESIAN_POINT ( 'NONE',  ( 7.880692288115590749, -5.490966587044167291, -0.009999999999999592548 ) ) ;
#2961 = EDGE_CURVE ( 'NONE', #3769, #2769, #1118, .T. ) ;
#2962 = CIRCLE ( 'NONE', #1614, 3.557550373136729505 ) ;
#2963 = AXIS2_PLACEMENT_3D ( 'NONE', #3436, #1005, #2463 ) ;
#2964 = AXIS2_PLACEMENT_3D ( 'NONE', #3397, #1587, #1888 ) ;
#2965 = DIRECTION ( 'NONE',  ( -0.000000000000000000, 0.000000000000000000, 1.000000000000000000 ) ) ;
#2966 = AXIS2_PLACEMENT_3D ( 'NONE', #3005, #1769, #3546 ) ;
#2967 = DIRECTION ( 'NONE',  ( 0.000000000000000000, 0.000000000000000000, 1.000000000000000000 ) ) ;
#2968 = CARTESIAN_POINT ( 'NONE',  ( 4.528901578926422644, 8.470246483331980158, -0.009999999999999592548 ) ) ;
#2969 = CIRCLE ( 'NONE', #1497, 9.605000000000000426 ) ;
#2970 = EDGE_CURVE ( 'NONE', #2411, #2595, #1736, .T. ) ;
#2971 = ORIENTED_EDGE ( 'NONE', *, *, #343, .T. ) ;
#2972 = DIRECTION ( 'NONE',  ( 0.000000000000000000, 0.000000000000000000, 1.000000000000000000 ) ) ;
#2973 = DIRECTION ( 'NONE',  ( 1.000000000000000000, 0.000000000000000000, 0.000000000000000000 ) ) ;
#2974 = VERTEX_POINT ( 'NONE', #674 ) ;
#2975 = DIRECTION ( 'NONE',  ( 0.3090169943749447312, 0.9510565162951544194, 0.000000000000000000 ) ) ;
#2976 = DIRECTION ( 'NONE',  ( 0.000000000000000000, 0.000000000000000000, 1.000000000000000000 ) ) ;
#2977 = CARTESIAN_POINT ( 'NONE',  ( 10.83569241491647261, -4.563073052446528166, 4.990000000000000213 ) ) ;
#2978 = ORIENTED_EDGE ( 'NONE', *, *, #585, .F. ) ;
#2979 = ORIENTED_EDGE ( 'NONE', *, *, #2379, .F. ) ;
#2980 = VECTOR ( 'NONE', #2417, 1000.000000000000000 ) ;
#2981 = VERTEX_POINT ( 'NONE', #1843 ) ;
#2982 = CARTESIAN_POINT ( 'NONE',  ( 11.72626445121725958, -0.8535735543937276182, 4.990000000000000213 ) ) ;
#2983 = DIRECTION ( 'NONE',  ( 0.8090169943749466741, 0.5877852522924742473, 0.000000000000000000 ) ) ;
#2984 = AXIS2_PLACEMENT_3D ( 'NONE', #2565, #2338, #3739 ) ;
#2985 = CARTESIAN_POINT ( 'NONE',  ( -33.02729214000292046, -13.94289815983302638, 4.990000000000000213 ) ) ;
#2986 = VECTOR ( 'NONE', #3424, 1000.000000000000000 ) ;
#2987 = DIRECTION ( 'NONE',  ( 0.5877852522924715828, 0.8090169943749486725, 0.000000000000000000 ) ) ;
#2988 = EDGE_LOOP ( 'NONE', ( #1586, #55 ) ) ;
#2989 = CARTESIAN_POINT ( 'NONE',  ( 8.895288759995937156, -7.688153462888991818, 4.990000000000000213 ) ) ;
#2990 = CARTESIAN_POINT ( 'NONE',  ( 3.148104807829790186, -9.074439989273109575, 4.990000000000000213 ) ) ;
#2991 = VERTEX_POINT ( 'NONE', #965 ) ;
#2992 = DIRECTION ( 'NONE',  ( 0.000000000000000000, 0.000000000000000000, 1.000000000000000000 ) ) ;
#2993 = EDGE_CURVE ( 'NONE', #1029, #3343, #1156, .T. ) ;
#2994 = FACE_OUTER_BOUND ( 'NONE', #3098, .T. ) ;
#2995 = LINE ( 'NONE', #972, #3750 ) ;
#2996 = ORIENTED_EDGE ( 'NONE', *, *, #1147, .T. ) ;
#2997 = CIRCLE ( 'NONE', #2933, 9.605000000000000426 ) ;
#2998 = ORIENTED_EDGE ( 'NONE', *, *, #2205, .T. ) ;
#2999 = AXIS2_PLACEMENT_3D ( 'NONE', #3253, #341, #1748 ) ;
#3000 = EDGE_CURVE ( 'NONE', #1604, #2406, #1193, .T. ) ;
#3001 = ORIENTED_EDGE ( 'NONE', *, *, #2501, .F. ) ;
#3002 = DIRECTION ( 'NONE',  ( 0.000000000000000000, 0.000000000000000000, 1.000000000000000000 ) ) ;
#3003 = DIRECTION ( 'NONE',  ( -0.6812321144496722436, -0.7320674874917125763, 0.000000000000000000 ) ) ;
#3004 = DIRECTION ( 'NONE',  ( 0.000000000000000000, 0.000000000000000000, 1.000000000000000000 ) ) ;
#3005 = CARTESIAN_POINT ( 'NONE',  ( 4.130793161647242862, 8.858514522346386144, -0.009999999999999592548 ) ) ;
#3006 = SURFACE_SIDE_STYLE ('',( #2945 ) ) ;
#3007 = ORIENTED_EDGE ( 'NONE', *, *, #3433, .T. ) ;
#3008 = CARTESIAN_POINT ( 'NONE',  ( 0.8535735543938504089, 11.72626445121725069, -0.009999999999999592548 ) ) ;
#3009 = EDGE_CURVE ( 'NONE', #973, #2981, #3502, .T. ) ;
#3010 = VECTOR ( 'NONE', #3378, 1000.000000000000000 ) ;
#3011 = DIRECTION ( 'NONE',  ( -0.000000000000000000, -0.000000000000000000, -1.000000000000000000 ) ) ;
#3012 = ORIENTED_EDGE ( 'NONE', *, *, #857, .T. ) ;
#3013 = CARTESIAN_POINT ( 'NONE',  ( -38.96146036842194604, -11.02708043670478943, 0.000000000000000000 ) ) ;
#3014 = ADVANCED_FACE ( 'NONE', ( #2393 ), #1215, .T. ) ;
#3015 = DIRECTION ( 'NONE',  ( 0.000000000000000000, 0.000000000000000000, 1.000000000000000000 ) ) ;
#3016 = DIRECTION ( 'NONE',  ( 0.5877852522924826850, -0.8090169943749403458, 0.000000000000000000 ) ) ;
#3017 = VERTEX_POINT ( 'NONE', #3211 ) ;
#3018 = ORIENTED_EDGE ( 'NONE', *, *, #3317, .F. ) ;
#3019 = ORIENTED_EDGE ( 'NONE', *, *, #1025, .T. ) ;
#3020 = DIRECTION ( 'NONE',  ( -0.000000000000000000, 0.000000000000000000, 1.000000000000000000 ) ) ;
#3021 = CARTESIAN_POINT ( 'NONE',  ( 7.657487397834605858, 5.798181762587664601, 4.990000000000000213 ) ) ;
#3022 = AXIS2_PLACEMENT_3D ( 'NONE', #3271, #7, #635 ) ;
#3023 = DIRECTION ( 'NONE',  ( 1.000000000000000000, 0.000000000000000000, 0.000000000000000000 ) ) ;
#3024 = VECTOR ( 'NONE', #3382, 1000.000000000000000 ) ;
#3025 = VECTOR ( 'NONE', #1814, 1000.000000000000000 ) ;
#3026 = CARTESIAN_POINT ( 'NONE',  ( 0.3411177778495483870, 9.768335085804976003, -0.009999999999999592548 ) ) ;
#3027 = AXIS2_PLACEMENT_3D ( 'NONE', #617, #1865, #2157 ) ;
#3028 = EDGE_LOOP ( 'NONE', ( #3489, #3599, #2188, #2676, #777 ) ) ;
#3029 = CARTESIAN_POINT ( 'NONE',  ( 4.563073052446490863, 10.83569241491648683, 4.990000000000000213 ) ) ;
#3030 = CIRCLE ( 'NONE', #2963, 9.605000000000000426 ) ;
#3031 = AXIS2_PLACEMENT_3D ( 'NONE', #1678, #2615, #1115 ) ;
#3032 = DIRECTION ( 'NONE',  ( -1.000000000000000000, 0.000000000000000000, 0.000000000000000000 ) ) ;
#3033 = ORIENTED_EDGE ( 'NONE', *, *, #1529, .T. ) ;
#3034 = DIRECTION ( 'NONE',  ( 1.000000000000000000, 0.000000000000000000, 0.000000000000000000 ) ) ;
#3035 = EDGE_CURVE ( 'NONE', #2775, #3437, #1310, .T. ) ;
#3036 = DIRECTION ( 'NONE',  ( 1.000000000000000000, 0.000000000000000000, 0.000000000000000000 ) ) ;
#3037 = DIRECTION ( 'NONE',  ( -0.000000000000000000, -0.000000000000000000, -1.000000000000000000 ) ) ;
#3038 = ORIENTED_EDGE ( 'NONE', *, *, #539, .F. ) ;
#3039 = AXIS2_PLACEMENT_3D ( 'NONE', #1125, #1774, #2951 ) ;
#3040 = ORIENTED_EDGE ( 'NONE', *, *, #3414, .F. ) ;
#3041 = VERTEX_POINT ( 'NONE', #2320 ) ;
#3042 = CARTESIAN_POINT ( 'NONE',  ( 0.000000000000000000, 0.000000000000000000, -0.009999999999999592548 ) ) ;
#3043 = DIRECTION ( 'NONE',  ( -0.000000000000000000, -0.000000000000000000, -1.000000000000000000 ) ) ;
#3044 = AXIS2_PLACEMENT_3D ( 'NONE', #2173, #1032, #1328 ) ;
#3045 = CARTESIAN_POINT ( 'NONE',  ( -2.080891717235860305, -9.376881926372925946, 0.000000000000000000 ) ) ;
#3046 = AXIS2_PLACEMENT_3D ( 'NONE', #779, #2753, #3143 ) ;
#3047 = EDGE_LOOP ( 'NONE', ( #3197, #1633, #452, #2377 ) ) ;
#3048 = CARTESIAN_POINT ( 'NONE',  ( -60.08521899949308676, -50.92974109144541472, 4.990000000000000213 ) ) ;
#3049 = DIRECTION ( 'NONE',  ( 0.000000000000000000, 0.000000000000000000, 1.000000000000000000 ) ) ;
#3050 = ORIENTED_EDGE ( 'NONE', *, *, #2828, .T. ) ;
#3051 = FACE_OUTER_BOUND ( 'NONE', #125, .T. ) ;
#3052 = DIRECTION ( 'NONE',  ( -1.000000000000000000, 0.000000000000000000, 0.000000000000000000 ) ) ;
#3053 = CARTESIAN_POINT ( 'NONE',  ( 4.130793161647242862, 8.858514522346386144, 4.990000000000000213 ) ) ;
#3054 = ORIENTED_EDGE ( 'NONE', *, *, #1323, .T. ) ;
#3055 = ORIENTED_EDGE ( 'NONE', *, *, #340, .T. ) ;
#3056 = ORIENTED_EDGE ( 'NONE', *, *, #3800, .T. ) ;
#3057 = DIRECTION ( 'NONE',  ( 1.000000000000000000, 0.000000000000000000, 0.000000000000000000 ) ) ;
#3058 = EDGE_LOOP ( 'NONE', ( #304, #3747, #1652, #217 ) ) ;
#3059 = FACE_BOUND ( 'NONE', #1683, .T. ) ;
#3060 = ORIENTED_EDGE ( 'NONE', *, *, #1988, .F. ) ;
#3061 = CARTESIAN_POINT ( 'NONE',  ( 4.190551794383121198, -8.642644309387746304, -0.009999999999999592548 ) ) ;
#3062 = DIRECTION ( 'NONE',  ( 1.000000000000000000, 0.000000000000000000, 0.000000000000000000 ) ) ;
#3063 = ORIENTED_EDGE ( 'NONE', *, *, #1403, .F. ) ;
#3064 = DIRECTION ( 'NONE',  ( -0.000000000000000000, 0.000000000000000000, 1.000000000000000000 ) ) ;
#3065 = EDGE_CURVE ( 'NONE', #2049, #390, #551, .T. ) ;
#3066 = CARTESIAN_POINT ( 'NONE',  ( 1.314727622981662236, -9.514594908737260326, -0.009999999999999592548 ) ) ;
#3067 = CARTESIAN_POINT ( 'NONE',  ( -34.03248131559538336, -30.39709937034387366, 0.000000000000000000 ) ) ;
#3068 = ORIENTED_EDGE ( 'NONE', *, *, #2116, .F. ) ;
#3069 = AXIS2_PLACEMENT_3D ( 'NONE', #613, #2886, #3784 ) ;
#3070 = AXIS2_PLACEMENT_3D ( 'NONE', #1677, #1018, #1092 ) ;
#3071 = ADVANCED_FACE ( 'NONE', ( #2372 ), #2356, .T. ) ;
#3072 = ORIENTED_EDGE ( 'NONE', *, *, #2487, .T. ) ;
#3073 = EDGE_LOOP ( 'NONE', ( #1441, #3663, #3038, #3140 ) ) ;
#3074 = EDGE_CURVE ( 'NONE', #1222, #3778, #281, .T. ) ;
#3075 = CARTESIAN_POINT ( 'NONE',  ( -19.80278665186279596, 13.45307327607305226, 4.990000000000000213 ) ) ;
#3076 = EDGE_LOOP ( 'NONE', ( #811, #804, #3268, #2523 ) ) ;
#3077 = CYLINDRICAL_SURFACE ( 'NONE', #454, 9.605000000000000426 ) ;
#3078 = AXIS2_PLACEMENT_3D ( 'NONE', #568, #545, #1412 ) ;
#3079 = ADVANCED_FACE ( 'NONE', ( #2010 ), #1172, .F. ) ;
#3080 = CIRCLE ( 'NONE', #3573, 1.500000000000015099 ) ;
#3081 = ORIENTED_EDGE ( 'NONE', *, *, #739, .F. ) ;
#3082 = LINE ( 'NONE', #441, #1499 ) ;
#3083 = CIRCLE ( 'NONE', #3267, 9.605000000000000426 ) ;
#3084 = CIRCLE ( 'NONE', #3640, 3.557550373136729949 ) ;
#3085 = DIRECTION ( 'NONE',  ( 0.4164670122070419089, 0.9091508278296509538, 0.000000000000000000 ) ) ;
#3086 = ORIENTED_EDGE ( 'NONE', *, *, #2970, .T. ) ;
#3087 = DIRECTION ( 'NONE',  ( -0.000000000000000000, 0.000000000000000000, 1.000000000000000000 ) ) ;
#3088 = AXIS2_PLACEMENT_3D ( 'NONE', #3680, #3700, #3732 ) ;
#3089 = EDGE_CURVE ( 'NONE', #346, #2947, #257, .T. ) ;
#3090 = CARTESIAN_POINT ( 'NONE',  ( 4.130793161647242862, 8.858514522346386144, -0.009999999999999592548 ) ) ;
#3091 = CIRCLE ( 'NONE', #2836, 9.605000000000000426 ) ;
#3092 = CARTESIAN_POINT ( 'NONE',  ( -3.343003833710739503, -9.184827546270467380, -0.009999999999999592548 ) ) ;
#3093 = AXIS2_PLACEMENT_3D ( 'NONE', #1444, #44, #1479 ) ;
#3094 = ORIENTED_EDGE ( 'NONE', *, *, #3625, .T. ) ;
#3095 = AXIS2_PLACEMENT_3D ( 'NONE', #3674, #2494, #2234 ) ;
#3096 = VERTEX_POINT ( 'NONE', #2631 ) ;
#3097 = DIRECTION ( 'NONE',  ( 1.023996547472437658E-14, -1.000000000000000000, 0.000000000000000000 ) ) ;
#3098 = EDGE_LOOP ( 'NONE', ( #2211, #259, #1170, #3147 ) ) ;
#3099 = FACE_OUTER_BOUND ( 'NONE', #413, .T. ) ;
#3100 = ORIENTED_EDGE ( 'NONE', *, *, #963, .T. ) ;
#3101 = CARTESIAN_POINT ( 'NONE',  ( -3.000000000000000444, 3.673940397442060361E-16, 4.990000000000000213 ) ) ;
#3102 = DIRECTION ( 'NONE',  ( 0.000000000000000000, 0.000000000000000000, 1.000000000000000000 ) ) ;
#3103 = ORIENTED_EDGE ( 'NONE', *, *, #3144, .T. ) ;
#3104 = DIRECTION ( 'NONE',  ( 0.9510565162951576390, -0.3090169943749349613, 0.000000000000000000 ) ) ;
#3105 = CIRCLE ( 'NONE', #1635, 9.605000000000000426 ) ;
#3106 = DIRECTION ( 'NONE',  ( 0.000000000000000000, 0.000000000000000000, 1.000000000000000000 ) ) ;
#3107 = CARTESIAN_POINT ( 'NONE',  ( 8.103253090279959991, 5.465713223523691155, -0.009999999999999592548 ) ) ;
#3108 = VECTOR ( 'NONE', #3772, 1000.000000000000000 ) ;
#3109 = DIRECTION ( 'NONE',  ( 0.000000000000000000, 0.000000000000000000, 1.000000000000000000 ) ) ;
#3110 = EDGE_CURVE ( 'NONE', #375, #705, #442, .T. ) ;
#3111 = ORIENTED_EDGE ( 'NONE', *, *, #1997, .T. ) ;
#3112 = VERTEX_POINT ( 'NONE', #298 ) ;
#3113 = CARTESIAN_POINT ( 'NONE',  ( 9.184827546270502907, -3.343003833710643136, 4.990000000000000213 ) ) ;
#3114 = ORIENTED_EDGE ( 'NONE', *, *, #1461, .F. ) ;
#3115 = EDGE_CURVE ( 'NONE', #639, #1016, #1792, .T. ) ;
#3116 = CARTESIAN_POINT ( 'NONE',  ( 6.084152264125862963, -10.06066384586892859, -0.009999999999999592548 ) ) ;
#3117 = ORIENTED_EDGE ( 'NONE', *, *, #1599, .F. ) ;
#3118 = DIRECTION ( 'NONE',  ( -0.000000000000000000, 0.000000000000000000, 1.000000000000000000 ) ) ;
#3119 = DIRECTION ( 'NONE',  ( 0.000000000000000000, 0.000000000000000000, 1.000000000000000000 ) ) ;
#3120 = EDGE_LOOP ( 'NONE', ( #1013, #2734 ) ) ;
#3121 = DIRECTION ( 'NONE',  ( 0.000000000000000000, 0.000000000000000000, 1.000000000000000000 ) ) ;
#3122 = CARTESIAN_POINT ( 'NONE',  ( 0.000000000000000000, 0.000000000000000000, 4.990000000000000213 ) ) ;
#3123 = ORIENTED_EDGE ( 'NONE', *, *, #1876, .T. ) ;
#3124 = CARTESIAN_POINT ( 'NONE',  ( 9.768335085804977780, -0.3411177778494447477, 4.990000000000000213 ) ) ;
#3125 = EDGE_CURVE ( 'NONE', #2049, #781, #2575, .T. ) ;
#3126 = ADVANCED_FACE ( 'NONE', ( #2903 ), #919, .T. ) ;
#3127 = CARTESIAN_POINT ( 'NONE',  ( -49.01270673859567495, -37.14727256197699035, 4.990000000000000213 ) ) ;
#3128 = EDGE_CURVE ( 'NONE', #1515, #2414, #2285, .T. ) ;
#3129 = ORIENTED_EDGE ( 'NONE', *, *, #3625, .F. ) ;
#3130 = VERTEX_POINT ( 'NONE', #2069 ) ;
#3131 = VECTOR ( 'NONE', #1138, 1000.000000000000000 ) ;
#3132 = FACE_OUTER_BOUND ( 'NONE', #3028, .T. ) ;
#3133 = ORIENTED_EDGE ( 'NONE', *, *, #1742, .F. ) ;
#3134 = CARTESIAN_POINT ( 'NONE',  ( -7.148462673975886084, 6.666049286174459354, -0.009999999999999592548 ) ) ;
#3135 = ORIENTED_EDGE ( 'NONE', *, *, #2946, .F. ) ;
#3136 = DIRECTION ( 'NONE',  ( 0.3090169943749583870, -0.9510565162951500895, 0.000000000000000000 ) ) ;
#3137 = CARTESIAN_POINT ( 'NONE',  ( -33.02729214000292046, -13.94289815983302638, 0.000000000000000000 ) ) ;
#3138 = CYLINDRICAL_SURFACE ( 'NONE', #1366, 9.605000000000000426 ) ;
#3139 = FILL_AREA_STYLE ('',( #558 ) ) ;
#3140 = ORIENTED_EDGE ( 'NONE', *, *, #3128, .F. ) ;
#3141 = CARTESIAN_POINT ( 'NONE',  ( -6.656175558859113828, 6.924691468191673138, -0.009999999999999592548 ) ) ;
#3142 = AXIS2_PLACEMENT_3D ( 'NONE', #2471, #2736, #3057 ) ;
#3143 = DIRECTION ( 'NONE',  ( 1.000000000000000000, 0.000000000000000000, 0.000000000000000000 ) ) ;
#3144 = EDGE_CURVE ( 'NONE', #1667, #2509, #1232, .T. ) ;
#3145 = VECTOR ( 'NONE', #3106, 1000.000000000000000 ) ;
#3146 = AXIS2_PLACEMENT_3D ( 'NONE', #3552, #2680, #3034 ) ;
#3147 = ORIENTED_EDGE ( 'NONE', *, *, #385, .F. ) ;
#3148 = CIRCLE ( 'NONE', #1494, 11.75728989999999996 ) ;
#3149 = DIRECTION ( 'NONE',  ( 0.000000000000000000, 0.000000000000000000, 1.000000000000000000 ) ) ;
#3150 = AXIS2_PLACEMENT_3D ( 'NONE', #149, #2476, #1368 ) ;
#3151 = ORIENTED_EDGE ( 'NONE', *, *, #2750, .F. ) ;
#3152 = DIRECTION ( 'NONE',  ( 0.8090169943749465631, 0.5877852522924743583, 0.000000000000000000 ) ) ;
#3153 = LINE ( 'NONE', #2051, #3162 ) ;
#3154 = ORIENTED_EDGE ( 'NONE', *, *, #1203, .T. ) ;
#3155 = DIRECTION ( 'NONE',  ( 0.000000000000000000, 0.000000000000000000, 1.000000000000000000 ) ) ;
#3156 = DIRECTION ( 'NONE',  ( 1.000000000000000000, 0.000000000000000000, 0.000000000000000000 ) ) ;
#3157 = DIRECTION ( 'NONE',  ( -0.000000000000000000, 0.000000000000000000, 1.000000000000000000 ) ) ;
#3158 = DIRECTION ( 'NONE',  ( 0.000000000000000000, 0.000000000000000000, 1.000000000000000000 ) ) ;
#3159 = ORIENTED_EDGE ( 'NONE', *, *, #3416, .F. ) ;
#3160 = CARTESIAN_POINT ( 'NONE',  ( 10.06066384586890727, 6.084152264125897602, 4.990000000000000213 ) ) ;
#3161 = EDGE_CURVE ( 'NONE', #1680, #3207, #2610, .T. ) ;
#3162 = VECTOR ( 'NONE', #881, 1000.000000000000000 ) ;
#3163 = CYLINDRICAL_SURFACE ( 'NONE', #2121, 3.557550373136731281 ) ;
#3164 = ORIENTED_EDGE ( 'NONE', *, *, #3074, .F. ) ;
#3165 = AXIS2_PLACEMENT_3D ( 'NONE', #2542, #231, #2560 ) ;
#3166 = ORIENTED_EDGE ( 'NONE', *, *, #623, .F. ) ;
#3167 = ORIENTED_EDGE ( 'NONE', *, *, #3404, .T. ) ;
#3168 = EDGE_CURVE ( 'NONE', #781, #2049, #2408, .T. ) ;
#3169 = FACE_OUTER_BOUND ( 'NONE', #1258, .T. ) ;
#3170 = CARTESIAN_POINT ( 'NONE',  ( 0.000000000000000000, 0.000000000000000000, 4.990000000000000213 ) ) ;
#3171 = EDGE_CURVE ( 'NONE', #1527, #1026, #2436, .T. ) ;
#3172 = AXIS2_PLACEMENT_3D ( 'NONE', #2774, #3301, #677 ) ;
#3173 = VERTEX_POINT ( 'NONE', #3581 ) ;
#3174 = DIRECTION ( 'NONE',  ( 0.9510565162951576390, -0.3090169943749349613, 0.000000000000000000 ) ) ;
#3175 = DIRECTION ( 'NONE',  ( -0.000000000000000000, 0.000000000000000000, 1.000000000000000000 ) ) ;
#3176 = CARTESIAN_POINT ( 'NONE',  ( 2.786951708899976232, 9.191785744470957198, -0.009999999999999592548 ) ) ;
#3177 = DIRECTION ( 'NONE',  ( 1.000000000000000000, 0.000000000000000000, 0.000000000000000000 ) ) ;
#3178 = ORIENTED_EDGE ( 'NONE', *, *, #857, .F. ) ;
#3179 = DIRECTION ( 'NONE',  ( -0.8090169943749422332, -0.5877852522924803536, 0.000000000000000000 ) ) ;
#3180 = DIRECTION ( 'NONE',  ( -1.000000000000000000, 0.000000000000000000, 0.000000000000000000 ) ) ;
#3181 = ADVANCED_FACE ( 'NONE', ( #432 ), #2416, .T. ) ;
#3182 = VERTEX_POINT ( 'NONE', #2132 ) ;
#3183 = DIRECTION ( 'NONE',  ( 0.000000000000000000, -0.000000000000000000, -1.000000000000000000 ) ) ;
#3184 = EDGE_CURVE ( 'NONE', #1986, #3384, #671, .T. ) ;
#3185 = ORIENTED_EDGE ( 'NONE', *, *, #2429, .T. ) ;
#3186 = EDGE_CURVE ( 'NONE', #375, #3677, #630, .T. ) ;
#3187 = ORIENTED_EDGE ( 'NONE', *, *, #3317, .T. ) ;
#3188 = CARTESIAN_POINT ( 'NONE',  ( 9.455190666338779693, -1.689791248403192725, 0.000000000000000000 ) ) ;
#3189 = ADVANCED_FACE ( 'NONE', ( #941 ), #1595, .T. ) ;
#3190 = DIRECTION ( 'NONE',  ( 0.8090169943749465631, 0.5877852522924743583, 0.000000000000000000 ) ) ;
#3191 = CARTESIAN_POINT ( 'NONE',  ( -0.9913272588312966871, -11.71542299955661193, -0.009999999999999592548 ) ) ;
#3192 = EDGE_LOOP ( 'NONE', ( #1990, #1837, #782, #1117 ) ) ;
#3193 = CARTESIAN_POINT ( 'NONE',  ( -38.97554391256268502, -19.06191805682658114, 4.990000000000000213 ) ) ;
#3194 = EDGE_CURVE ( 'NONE', #1413, #2628, #2710, .T. ) ;
#3195 = CARTESIAN_POINT ( 'NONE',  ( 9.191785744470948316, -2.786951708900008651, 4.990000000000000213 ) ) ;
#3196 = DIRECTION ( 'NONE',  ( -0.9510565162951511997, -0.3090169943749548342, 0.000000000000000000 ) ) ;
#3197 = ORIENTED_EDGE ( 'NONE', *, *, #2499, .T. ) ;
#3198 = AXIS2_PLACEMENT_3D ( 'NONE', #1041, #1905, #2502 ) ;
#3199 = CARTESIAN_POINT ( 'NONE',  ( -58.15387714704682764, -52.37912268758148571, 4.990000000000000213 ) ) ;
#3200 = DIRECTION ( 'NONE',  ( -0.000000000000000000, 0.000000000000000000, 1.000000000000000000 ) ) ;
#3201 = VECTOR ( 'NONE', #3003, 1000.000000000000114 ) ;
#3202 = DIRECTION ( 'NONE',  ( 0.000000000000000000, 0.000000000000000000, 1.000000000000000000 ) ) ;
#3203 = VERTEX_POINT ( 'NONE', #3021 ) ;
#3204 = CIRCLE ( 'NONE', #2027, 3.557550373136729949 ) ;
#3205 = AXIS2_PLACEMENT_3D ( 'NONE', #3535, #17, #908 ) ;
#3206 = VECTOR ( 'NONE', #3319, 1000.000000000000000 ) ;
#3207 = VERTEX_POINT ( 'NONE', #997 ) ;
#3208 = VECTOR ( 'NONE', #1679, 1000.000000000000000 ) ;
#3209 = VECTOR ( 'NONE', #3624, 1000.000000000000000 ) ;
#3210 = DIRECTION ( 'NONE',  ( 0.000000000000000000, 0.000000000000000000, 1.000000000000000000 ) ) ;
#3211 = CARTESIAN_POINT ( 'NONE',  ( -37.47464038816039533, -9.545029296930406915, 0.000000000000000000 ) ) ;
#3212 = LINE ( 'NONE', #2790, #2980 ) ;
#3213 = CARTESIAN_POINT ( 'NONE',  ( 6.251709635951668176, -9.395649927148305380, -0.009999999999999592548 ) ) ;
#3214 = VECTOR ( 'NONE', #3391, 1000.000000000000000 ) ;
#3215 = CARTESIAN_POINT ( 'NONE',  ( -7.880692288115549005, 5.490966587044225911, -0.009999999999999592548 ) ) ;
#3216 = DIRECTION ( 'NONE',  ( -0.8090169943749423442, -0.5877852522924802425, 0.000000000000000000 ) ) ;
#3217 = AXIS2_PLACEMENT_3D ( 'NONE', #3469, #3526, #3448 ) ;
#3218 = FACE_OUTER_BOUND ( 'NONE', #1945, .T. ) ;
#3219 = EDGE_LOOP ( 'NONE', ( #606, #1913, #2354, #2971 ) ) ;
#3220 = CARTESIAN_POINT ( 'NONE',  ( 9.191785744470946540, -2.786951708900008207, -0.009999999999999592548 ) ) ;
#3221 = DIRECTION ( 'NONE',  ( -0.000000000000000000, -0.000000000000000000, -1.000000000000000000 ) ) ;
#3222 = CARTESIAN_POINT ( 'NONE',  ( -28.02860062826755083, 12.83944006063886079, 4.990000000000000213 ) ) ;
#3223 = VECTOR ( 'NONE', #2133, 1000.000000000000000 ) ;
#3224 = CARTESIAN_POINT ( 'NONE',  ( 0.000000000000000000, 0.000000000000000000, -0.009999999999999592548 ) ) ;
#3225 = VERTEX_POINT ( 'NONE', #1564 ) ;
#3226 = CIRCLE ( 'NONE', #1447, 3.557550373136731281 ) ;
#3227 = ADVANCED_FACE ( 'NONE', ( #2153 ), #2754, .F. ) ;
#3228 = ORIENTED_EDGE ( 'NONE', *, *, #611, .F. ) ;
#3229 = ORIENTED_EDGE ( 'NONE', *, *, #1250, .T. ) ;
#3230 = CARTESIAN_POINT ( 'NONE',  ( 0.000000000000000000, 0.000000000000000000, 0.000000000000000000 ) ) ;
#3231 = DIRECTION ( 'NONE',  ( -0.8090169943749422332, -0.5877852522924803536, 0.000000000000000000 ) ) ;
#3232 = EDGE_CURVE ( 'NONE', #530, #1102, #746, .T. ) ;
#3233 = EDGE_CURVE ( 'NONE', #366, #2220, #2089, .T. ) ;
#3234 = DIRECTION ( 'NONE',  ( 0.000000000000000000, 0.000000000000000000, 1.000000000000000000 ) ) ;
#3235 = CARTESIAN_POINT ( 'NONE',  ( 3.343003833710739503, 9.184827546270467380, -0.009999999999999592548 ) ) ;
#3236 = CIRCLE ( 'NONE', #1641, 9.605000000000000426 ) ;
#3237 = DIRECTION ( 'NONE',  ( 0.000000000000000000, 0.000000000000000000, 1.000000000000000000 ) ) ;
#3238 = CARTESIAN_POINT ( 'NONE',  ( -5.798181762587582000, 7.657487397834670695, -0.009999999999999592548 ) ) ;
#3239 = DIRECTION ( 'NONE',  ( 0.000000000000000000, 0.000000000000000000, 1.000000000000000000 ) ) ;
#3240 = ORIENTED_EDGE ( 'NONE', *, *, #1582, .F. ) ;
#3241 = DIRECTION ( 'NONE',  ( 0.000000000000000000, 0.000000000000000000, 1.000000000000000000 ) ) ;
#3242 = ADVANCED_FACE ( 'NONE', ( #3331 ), #3654, .T. ) ;
#3243 = CARTESIAN_POINT ( 'NONE',  ( 4.748736594666498334, 9.701433248369598417, -0.009999999999999592548 ) ) ;
#3244 = CARTESIAN_POINT ( 'NONE',  ( -2.694159262814868061, 9.395649927148326697, 4.990000000000000213 ) ) ;
#3245 = CARTESIAN_POINT ( 'NONE',  ( -1.865022325433343120, 9.594708094182369251, 4.990000000000000213 ) ) ;
#3246 = ORIENTED_EDGE ( 'NONE', *, *, #3065, .T. ) ;
#3247 = ADVANCED_FACE ( 'NONE', ( #2768 ), #2788, .T. ) ;
#3248 = ADVANCED_FACE ( 'NONE', ( #402, #142, #1012, #1308, #3290, #2171 ), #1326, .F. ) ;
#3249 = EDGE_LOOP ( 'NONE', ( #966, #745, #3019, #3322 ) ) ;
#3250 = ORIENTED_EDGE ( 'NONE', *, *, #638, .T. ) ;
#3251 = CARTESIAN_POINT ( 'NONE',  ( 8.470246483331964171, -4.528901578926452842, -0.009999999999999592548 ) ) ;
#3252 = CARTESIAN_POINT ( 'NONE',  ( -46.09781215799607423, -61.42663475532753381, 4.990000000000000213 ) ) ;
#3253 = CARTESIAN_POINT ( 'NONE',  ( 0.000000000000000000, 0.000000000000000000, -0.009999999999999592548 ) ) ;
#3254 = DIRECTION ( 'NONE',  ( 0.000000000000000000, 0.000000000000000000, 1.000000000000000000 ) ) ;
#3255 = CARTESIAN_POINT ( 'NONE',  ( -2.814921520413728118, 6.197502881243888595, 0.000000000000000000 ) ) ;
#3256 = DIRECTION ( 'NONE',  ( -0.000000000000000000, -0.000000000000000000, -1.000000000000000000 ) ) ;
#3257 = VERTEX_POINT ( 'NONE', #1894 ) ;
#3258 = CARTESIAN_POINT ( 'NONE',  ( 7.688153462888959844, 8.895288759995963801, 4.990000000000000213 ) ) ;
#3259 = DIRECTION ( 'NONE',  ( -0.000000000000000000, -0.000000000000000000, -1.000000000000000000 ) ) ;
#3260 = CARTESIAN_POINT ( 'NONE',  ( 6.924691468191600308, 6.656175558859191099, -0.009999999999999592548 ) ) ;
#3261 = DIRECTION ( 'NONE',  ( -0.000000000000000000, 0.000000000000000000, 1.000000000000000000 ) ) ;
#3262 = DIRECTION ( 'NONE',  ( 1.000000000000000000, 0.000000000000000000, 0.000000000000000000 ) ) ;
#3263 = EDGE_LOOP ( 'NONE', ( #540, #3178, #1097, #317, #1379 ) ) ;
#3264 = EDGE_LOOP ( 'NONE', ( #3366, #3737 ) ) ;
#3265 = VECTOR ( 'NONE', #2052, 1000.000000000000000 ) ;
#3266 = VERTEX_POINT ( 'NONE', #1540 ) ;
#3267 = AXIS2_PLACEMENT_3D ( 'NONE', #392, #1530, #2430 ) ;
#3268 = ORIENTED_EDGE ( 'NONE', *, *, #2656, .F. ) ;
#3269 = CIRCLE ( 'NONE', #2715, 11.75728989999999996 ) ;
#3270 = CARTESIAN_POINT ( 'NONE',  ( 4.130793161647242862, 8.858514522346386144, -0.009999999999999592548 ) ) ;
#3271 = CARTESIAN_POINT ( 'NONE',  ( 0.000000000000000000, 0.000000000000000000, -0.009999999999999592548 ) ) ;
#3272 = VECTOR ( 'NONE', #1096, 1000.000000000000000 ) ;
#3273 = AXIS2_PLACEMENT_3D ( 'NONE', #135, #2179, #1319 ) ;
#3274 = DIRECTION ( 'NONE',  ( 1.000000000000000000, 0.000000000000000000, 0.000000000000000000 ) ) ;
#3275 = ADVANCED_FACE ( 'NONE', ( #2709 ), #744, .T. ) ;
#3276 = AXIS2_PLACEMENT_3D ( 'NONE', #2420, #2345, #1785 ) ;
#3277 = CARTESIAN_POINT ( 'NONE',  ( 0.000000000000000000, 0.000000000000000000, 4.990000000000000213 ) ) ;
#3278 = EDGE_LOOP ( 'NONE', ( #3572, #1523, #394, #2172 ) ) ;
#3279 = CYLINDRICAL_SURFACE ( 'NONE', #1973, 11.75728989999999996 ) ;
#3280 = DIRECTION ( 'NONE',  ( 0.000000000000000000, 0.000000000000000000, 1.000000000000000000 ) ) ;
#3281 = ORIENTED_EDGE ( 'NONE', *, *, #48, .F. ) ;
#3282 = CARTESIAN_POINT ( 'NONE',  ( 1.314727622981662236, -9.514594908737260326, -0.009999999999999592548 ) ) ;
#3283 = ADVANCED_FACE ( 'NONE', ( #765 ), #2488, .F. ) ;
#3284 = CARTESIAN_POINT ( 'NONE',  ( -8.470246483331933973, 4.528901578926510574, 0.000000000000000000 ) ) ;
#3285 = DIRECTION ( 'NONE',  ( 1.047444401652940007E-14, -1.000000000000000000, 0.000000000000000000 ) ) ;
#3286 = EDGE_LOOP ( 'NONE', ( #2186, #1452, #1942, #1314 ) ) ;
#3287 = VERTEX_POINT ( 'NONE', #2506 ) ;
#3288 = EDGE_LOOP ( 'NONE', ( #1719, #2385, #2571, #2161 ) ) ;
#3289 = LINE ( 'NONE', #1822, #2359 ) ;
#3290 = FACE_BOUND ( 'NONE', #2988, .T. ) ;
#3291 = CIRCLE ( 'NONE', #2669, 3.557550373136730837 ) ;
#3292 = EDGE_CURVE ( 'NONE', #1309, #2775, #1067, .T. ) ;
#3293 = CARTESIAN_POINT ( 'NONE',  ( 0.000000000000000000, 0.000000000000000000, -0.009999999999999592548 ) ) ;
#3294 = AXIS2_PLACEMENT_3D ( 'NONE', #976, #1275, #1840 ) ;
#3295 = ADVANCED_FACE ( 'NONE', ( #1356 ), #1165, .T. ) ;
#3296 = CARTESIAN_POINT ( 'NONE',  ( -8.895288759995880312, 7.688153462889057543, -0.009999999999999592548 ) ) ;
#3297 = APPLICATION_PROTOCOL_DEFINITION ( 'draft international standard', 'automotive_design', 1998, #3462 ) ;
#3298 = VERTEX_POINT ( 'NONE', #2842 ) ;
#3299 = CARTESIAN_POINT ( 'NONE',  ( 2.694159262814937339, -9.395649927148305380, -0.009999999999999592548 ) ) ;
#3300 = EDGE_CURVE ( 'NONE', #20, #835, #588, .T. ) ;
#3301 = DIRECTION ( 'NONE',  ( 0.000000000000000000, -0.000000000000000000, -1.000000000000000000 ) ) ;
#3302 = ORIENTED_EDGE ( 'NONE', *, *, #681, .T. ) ;
#3303 = CARTESIAN_POINT ( 'NONE',  ( -37.47464038816039533, -9.545029296930406915, 4.990000000000000213 ) ) ;
#3304 = VECTOR ( 'NONE', #1261, 1000.000000000000000 ) ;
#3305 = CARTESIAN_POINT ( 'NONE',  ( -55.63024757962698885, -45.94396256087145503, 4.990000000000000213 ) ) ;
#3306 = DIRECTION ( 'NONE',  ( 0.000000000000000000, 0.000000000000000000, 1.000000000000000000 ) ) ;
#3307 = ORIENTED_EDGE ( 'NONE', *, *, #3171, .T. ) ;
#3308 = EDGE_CURVE ( 'NONE', #2875, #2108, #248, .T. ) ;
#3309 = ORIENTED_EDGE ( 'NONE', *, *, #3482, .F. ) ;
#3310 = ORIENTED_EDGE ( 'NONE', *, *, #1647, .F. ) ;
#3311 = CARTESIAN_POINT ( 'NONE',  ( -58.28452317285918838, -48.53026311906409518, 4.990000000000000213 ) ) ;
#3312 = CARTESIAN_POINT ( 'NONE',  ( -3.079509831235720529, 2.865666116370196193, 0.000000000000000000 ) ) ;
#3313 = EDGE_CURVE ( 'NONE', #3343, #2220, #3635, .T. ) ;
#3314 = EDGE_CURVE ( 'NONE', #547, #1838, #1302, .T. ) ;
#3315 = DIRECTION ( 'NONE',  ( -0.000000000000000000, -0.000000000000000000, -1.000000000000000000 ) ) ;
#3316 = DIRECTION ( 'NONE',  ( 0.000000000000000000, 0.000000000000000000, 1.000000000000000000 ) ) ;
#3317 = EDGE_CURVE ( 'NONE', #2228, #2599, #3454, .T. ) ;
#3318 = EDGE_LOOP ( 'NONE', ( #1874, #2558, #1457, #405 ) ) ;
#3319 = DIRECTION ( 'NONE',  ( -0.000000000000000000, -0.000000000000000000, -1.000000000000000000 ) ) ;
#3320 = DIRECTION ( 'NONE',  ( 0.000000000000000000, 0.000000000000000000, 1.000000000000000000 ) ) ;
#3321 = EDGE_CURVE ( 'NONE', #2947, #1278, #2043, .T. ) ;
#3322 = ORIENTED_EDGE ( 'NONE', *, *, #219, .T. ) ;
#3323 = DIRECTION ( 'NONE',  ( -0.000000000000000000, 0.000000000000000000, 1.000000000000000000 ) ) ;
#3324 = DIRECTION ( 'NONE',  ( -0.000000000000000000, -0.000000000000000000, -1.000000000000000000 ) ) ;
#3325 = CARTESIAN_POINT ( 'NONE',  ( -57.13024757962700306, -45.94396256087145503, 4.990000000000000213 ) ) ;
#3326 = ORIENTED_EDGE ( 'NONE', *, *, #1122, .T. ) ;
#3327 = ORIENTED_EDGE ( 'NONE', *, *, #334, .T. ) ;
#3328 = AXIS2_PLACEMENT_3D ( 'NONE', #1483, #1768, #2653 ) ;
#3329 = ORIENTED_EDGE ( 'NONE', *, *, #2959, .F. ) ;
#3330 = LINE ( 'NONE', #2667, #1807 ) ;
#3331 = FACE_OUTER_BOUND ( 'NONE', #1458, .T. ) ;
#3332 = AXIS2_PLACEMENT_3D ( 'NONE', #57, #2079, #3052 ) ;
#3333 = DIRECTION ( 'NONE',  ( 0.000000000000000000, 0.000000000000000000, 1.000000000000000000 ) ) ;
#3334 = VECTOR ( 'NONE', #247, 1000.000000000000000 ) ;
#3335 = AXIS2_PLACEMENT_3D ( 'NONE', #2778, #1889, #1299 ) ;
#3336 = CIRCLE ( 'NONE', #2519, 11.75728989999999996 ) ;
#3337 = VECTOR ( 'NONE', #905, 1000.000000000000000 ) ;
#3338 = ORIENTED_EDGE ( 'NONE', *, *, #1435, .T. ) ;
#3339 = CARTESIAN_POINT ( 'NONE',  ( 10.88857148387369378, -4.435411687004329195, -0.009999999999999592548 ) ) ;
#3340 = PRODUCT_DEFINITION_FORMATION_WITH_SPECIFIED_SOURCE ( 'ÈÎºÎ', '', #2712, .NOT_KNOWN. ) ;
#3341 = AXIS2_PLACEMENT_3D ( 'NONE', #1282, #3664, #3104 ) ;
#3342 = DIRECTION ( 'NONE',  ( 1.000000000000000000, 0.000000000000000000, 0.000000000000000000 ) ) ;
#3343 = VERTEX_POINT ( 'NONE', #2259 ) ;
#3344 = CARTESIAN_POINT ( 'NONE',  ( 3.216432595287251672, -9.768335085804977780, -0.009999999999999592548 ) ) ;
#3345 = CARTESIAN_POINT ( 'NONE',  ( 0.000000000000000000, 0.000000000000000000, 4.990000000000000213 ) ) ;
#3346 = DIRECTION ( 'NONE',  ( 0.000000000000000000, 0.000000000000000000, 1.000000000000000000 ) ) ;
#3347 = EDGE_LOOP ( 'NONE', ( #2242, #1917, #356, #416 ) ) ;
#3348 = EDGE_LOOP ( 'NONE', ( #1431, #1901, #3123, #989 ) ) ;
#3349 = EDGE_CURVE ( 'NONE', #3182, #629, #1727, .T. ) ;
#3350 = ORIENTED_EDGE ( 'NONE', *, *, #1461, .T. ) ;
#3351 = CARTESIAN_POINT ( 'NONE',  ( -0.1898694203455414120, 9.603123169220399546, -0.009999999999999592548 ) ) ;
#3352 = CIRCLE ( 'NONE', #1378, 9.605000000000000426 ) ;
#3353 = EDGE_LOOP ( 'NONE', ( #2707, #1859, #2467, #3159, #236 ) ) ;
#3354 = DIRECTION ( 'NONE',  ( 0.8090169943749552228, -0.5877852522924624790, 0.000000000000000000 ) ) ;
#3355 = CIRCLE ( 'NONE', #1068, 9.605000000000000426 ) ;
#3356 = EDGE_CURVE ( 'NONE', #2334, #3413, #562, .T. ) ;
#3357 = CIRCLE ( 'NONE', #3046, 9.605000000000000426 ) ;
#3358 = ORIENTED_EDGE ( 'NONE', *, *, #2782, .F. ) ;
#3359 = DIRECTION ( 'NONE',  ( 0.000000000000000000, 0.000000000000000000, 1.000000000000000000 ) ) ;
#3360 = CARTESIAN_POINT ( 'NONE',  ( 0.000000000000000000, 0.000000000000000000, -0.009999999999999592548 ) ) ;
#3361 = ORIENTED_EDGE ( 'NONE', *, *, #1878, .F. ) ;
#3362 = CARTESIAN_POINT ( 'NONE',  ( 1.689791248403291757, 9.455190666338761929, 0.000000000000000000 ) ) ;
#3363 = FACE_OUTER_BOUND ( 'NONE', #738, .T. ) ;
#3364 = EDGE_CURVE ( 'NONE', #697, #1287, #1756, .T. ) ;
#3365 = DIRECTION ( 'NONE',  ( 0.9104840587985004730, 0.4135441677424657181, 0.000000000000000000 ) ) ;
#3366 = ORIENTED_EDGE ( 'NONE', *, *, #1967, .T. ) ;
#3367 = CIRCLE ( 'NONE', #3439, 3.000000000000002665 ) ;
#3368 = EDGE_CURVE ( 'NONE', #3130, #2872, #126, .T. ) ;
#3369 = ORIENTED_EDGE ( 'NONE', *, *, #2487, .F. ) ;
#3370 = ORIENTED_EDGE ( 'NONE', *, *, #2884, .T. ) ;
#3371 = DIRECTION ( 'NONE',  ( 1.000000000000000000, 0.000000000000000000, 0.000000000000000000 ) ) ;
#3372 = CIRCLE ( 'NONE', #2999, 9.605000000000000426 ) ;
#3373 = ORIENTED_EDGE ( 'NONE', *, *, #862, .T. ) ;
#3374 = LINE ( 'NONE', #145, #3536 ) ;
#3375 = ADVANCED_FACE ( 'NONE', ( #3132 ), #3685, .T. ) ;
#3376 = ORIENTED_EDGE ( 'NONE', *, *, #2440, .F. ) ;
#3377 = DIRECTION ( 'NONE',  ( -0.000000000000000000, -0.000000000000000000, -1.000000000000000000 ) ) ;
#3378 = DIRECTION ( 'NONE',  ( 0.000000000000000000, 0.000000000000000000, 1.000000000000000000 ) ) ;
#3379 = ORIENTED_EDGE ( 'NONE', *, *, #1033, .T. ) ;
#3380 = DIRECTION ( 'NONE',  ( 1.000000000000000000, 0.000000000000000000, 0.000000000000000000 ) ) ;
#3381 = CARTESIAN_POINT ( 'NONE',  ( -37.47464038816039533, -9.545029296930406915, 4.990000000000000213 ) ) ;
#3382 = DIRECTION ( 'NONE',  ( 0.000000000000000000, 0.000000000000000000, 1.000000000000000000 ) ) ;
#3383 = ORIENTED_EDGE ( 'NONE', *, *, #263, .F. ) ;
#3384 = VERTEX_POINT ( 'NONE', #2821 ) ;
#3385 = DIRECTION ( 'NONE',  ( 0.000000000000000000, 0.000000000000000000, 1.000000000000000000 ) ) ;
#3386 = ORIENTED_EDGE ( 'NONE', *, *, #2898, .T. ) ;
#3387 = FACE_OUTER_BOUND ( 'NONE', #1343, .T. ) ;
#3388 = AXIS2_PLACEMENT_3D ( 'NONE', #1505, #2693, #944 ) ;
#3389 = EDGE_LOOP ( 'NONE', ( #3154, #1038, #2390, #991 ) ) ;
#3390 = AXIS2_PLACEMENT_3D ( 'NONE', #1629, #3666, #2215 ) ;
#3391 = DIRECTION ( 'NONE',  ( -0.000000000000000000, -0.000000000000000000, -1.000000000000000000 ) ) ;
#3392 = ADVANCED_FACE ( 'NONE', ( #177 ), #1685, .T. ) ;
#3393 = VECTOR ( 'NONE', #2620, 1000.000000000000000 ) ;
#3394 = CIRCLE ( 'NONE', #1049, 3.000000000000000444 ) ;
#3395 = CYLINDRICAL_SURFACE ( 'NONE', #3070, 9.605000000000000426 ) ;
#3396 = ORIENTED_EDGE ( 'NONE', *, *, #1599, .T. ) ;
#3397 = CARTESIAN_POINT ( 'NONE',  ( -5.465713223523603226, 8.103253090280020388, -0.009999999999999592548 ) ) ;
#3398 = CARTESIAN_POINT ( 'NONE',  ( -9.701433248369587758, 1.191186221529866751, -0.009999999999999592548 ) ) ;
#3399 = AXIS2_PLACEMENT_3D ( 'NONE', #119, #1334, #1958 ) ;
#3400 = AXIS2_PLACEMENT_3D ( 'NONE', #2556, #3157, #522 ) ;
#3401 = LINE ( 'NONE', #3141, #1480 ) ;
#3402 = CARTESIAN_POINT ( 'NONE',  ( 5.490966587044139757, 7.880692288115607624, -0.009999999999999592548 ) ) ;
#3403 = CIRCLE ( 'NONE', #864, 9.605000000000000426 ) ;
#3404 = EDGE_CURVE ( 'NONE', #369, #1058, #1085, .T. ) ;
#3405 = VERTEX_POINT ( 'NONE', #2701 ) ;
#3406 = VERTEX_POINT ( 'NONE', #1573 ) ;
#3407 = CARTESIAN_POINT ( 'NONE',  ( 5.465713223523663622, -8.103253090279981308, -0.009999999999999592548 ) ) ;
#3408 = ORIENTED_EDGE ( 'NONE', *, *, #2392, .F. ) ;
#3409 = CARTESIAN_POINT ( 'NONE',  ( 3.148104807829789742, -9.074439989273111351, 0.000000000000000000 ) ) ;
#3410 = CIRCLE ( 'NONE', #1127, 1.499999999999973577 ) ;
#3411 = VECTOR ( 'NONE', #127, 1000.000000000000000 ) ;
#3412 = EDGE_CURVE ( 'NONE', #2001, #2628, #3553, .T. ) ;
#3413 = VERTEX_POINT ( 'NONE', #1871 ) ;
#3414 = EDGE_CURVE ( 'NONE', #3634, #1327, #2518, .T. ) ;
#3415 = LINE ( 'NONE', #1294, #694 ) ;
#3416 = EDGE_CURVE ( 'NONE', #2627, #2346, #2714, .T. ) ;
#3417 = DIRECTION ( 'NONE',  ( -1.000000000000000000, 0.000000000000000000, 0.000000000000000000 ) ) ;
#3418 = ORIENTED_EDGE ( 'NONE', *, *, #3184, .F. ) ;
#3419 = CYLINDRICAL_SURFACE ( 'NONE', #1185, 9.605000000000000426 ) ;
#3420 = AXIS2_PLACEMENT_3D ( 'NONE', #1563, #2355, #2958 ) ;
#3421 = CARTESIAN_POINT ( 'NONE',  ( 9.184827546270502907, -3.343003833710643136, -0.009999999999999592548 ) ) ;
#3422 = VERTEX_POINT ( 'NONE', #1439 ) ;
#3423 = DIRECTION ( 'NONE',  ( 1.000000000000000000, 0.000000000000000000, 0.000000000000000000 ) ) ;
#3424 = DIRECTION ( 'NONE',  ( 0.000000000000000000, 0.000000000000000000, -1.000000000000000000 ) ) ;
#3425 = ORIENTED_EDGE ( 'NONE', *, *, #1711, .T. ) ;
#3426 = ORIENTED_EDGE ( 'NONE', *, *, #3736, .T. ) ;
#3427 = DIRECTION ( 'NONE',  ( -1.000000000000000000, 0.000000000000000000, 0.000000000000000000 ) ) ;
#3428 = ORIENTED_EDGE ( 'NONE', *, *, #3144, .F. ) ;
#3429 = CIRCLE ( 'NONE', #3172, 3.000000000000002665 ) ;
#3430 = CARTESIAN_POINT ( 'NONE',  ( 1.191186221529767053, 9.701433248369598417, -0.009999999999999592548 ) ) ;
#3431 = EDGE_LOOP ( 'NONE', ( #1080, #757, #784, #2388, #717 ) ) ;
#3432 = CARTESIAN_POINT ( 'NONE',  ( -49.01270673859567495, -37.14727256197699035, 4.990000000000000213 ) ) ;
#3433 = EDGE_CURVE ( 'NONE', #1776, #123, #1355, .T. ) ;
#3434 = DIRECTION ( 'NONE',  ( -0.000000000000000000, 0.000000000000000000, 1.000000000000000000 ) ) ;
#3435 = DIRECTION ( 'NONE',  ( 0.000000000000000000, 0.000000000000000000, 1.000000000000000000 ) ) ;
#3436 = CARTESIAN_POINT ( 'NONE',  ( 0.000000000000000000, 0.000000000000000000, 0.000000000000000000 ) ) ;
#3437 = VERTEX_POINT ( 'NONE', #3284 ) ;
#3438 = FACE_OUTER_BOUND ( 'NONE', #3073, .T. ) ;
#3439 = AXIS2_PLACEMENT_3D ( 'NONE', #641, #1526, #1867 ) ;
#3440 = CARTESIAN_POINT ( 'NONE',  ( 6.666049286174379418, 7.148462673975957138, -0.009999999999999592548 ) ) ;
#3441 = VERTEX_POINT ( 'NONE', #2409 ) ;
#3442 = DIRECTION ( 'NONE',  ( -0.000000000000000000, -0.000000000000000000, -1.000000000000000000 ) ) ;
#3443 = ORIENTED_EDGE ( 'NONE', *, *, #1357, .T. ) ;
#3444 = DIRECTION ( 'NONE',  ( 0.000000000000000000, 0.000000000000000000, 1.000000000000000000 ) ) ;
#3445 = DIRECTION ( 'NONE',  ( -0.000000000000000000, -0.000000000000000000, -1.000000000000000000 ) ) ;
#3446 = EDGE_CURVE ( 'NONE', #2528, #2743, #1107, .T. ) ;
#3447 = ORIENTED_EDGE ( 'NONE', *, *, #2578, .F. ) ;
#3448 = DIRECTION ( 'NONE',  ( -1.000000000000000000, 0.000000000000000000, 0.000000000000000000 ) ) ;
#3449 = DIRECTION ( 'NONE',  ( 1.047444401652940007E-14, -1.000000000000000000, 0.000000000000000000 ) ) ;
#3450 = CARTESIAN_POINT ( 'NONE',  ( -1.865022325433343120, 9.594708094182369251, 4.990000000000000213 ) ) ;
#3451 =( LENGTH_UNIT ( ) NAMED_UNIT ( * ) SI_UNIT ( .MILLI., .METRE. ) );
#3452 = ORIENTED_EDGE ( 'NONE', *, *, #585, .T. ) ;
#3453 = CYLINDRICAL_SURFACE ( 'NONE', #992, 3.557550373136730837 ) ;
#3454 = CIRCLE ( 'NONE', #1963, 9.605000000000000426 ) ;
#3455 = VECTOR ( 'NONE', #604, 1000.000000000000000 ) ;
#3456 = DIRECTION ( 'NONE',  ( 0.3090169943749581649, -0.9510565162951500895, 0.000000000000000000 ) ) ;
#3457 = MECHANICAL_DESIGN_GEOMETRIC_PRESENTATION_REPRESENTATION (  '', ( #2095 ), #2584 ) ;
#3458 = CIRCLE ( 'NONE', #1427, 9.605000000000000426 ) ;
#3459 = ORIENTED_EDGE ( 'NONE', *, *, #2863, .F. ) ;
#3460 = CIRCLE ( 'NONE', #189, 11.75728989999999996 ) ;
#3461 = AXIS2_PLACEMENT_3D ( 'NONE', #262, #3524, #859 ) ;
#3462 = APPLICATION_CONTEXT ( 'automotive_design' ) ;
#3463 = ORIENTED_EDGE ( 'NONE', *, *, #1926, .T. ) ;
#3464 = ORIENTED_EDGE ( 'NONE', *, *, #3089, .F. ) ;
#3465 = FACE_OUTER_BOUND ( 'NONE', #1468, .T. ) ;
#3466 = ADVANCED_FACE ( 'NONE', ( #645 ), #1815, .T. ) ;
#3467 = CARTESIAN_POINT ( 'NONE',  ( 4.738669492808604389, -8.548786061474373810, 4.990000000000000213 ) ) ;
#3468 = ORIENTED_EDGE ( 'NONE', *, *, #3349, .T. ) ;
#3469 = CARTESIAN_POINT ( 'NONE',  ( 0.000000000000000000, 0.000000000000000000, 4.990000000000000213 ) ) ;
#3470 = ADVANCED_FACE ( 'NONE', ( #2994 ), #354, .F. ) ;
#3471 = LINE ( 'NONE', #2057, #673 ) ;
#3472 = DIRECTION ( 'NONE',  ( 0.000000000000000000, -0.000000000000000000, -1.000000000000000000 ) ) ;
#3473 = LINE ( 'NONE', #286, #3272 ) ;
#3474 = ORIENTED_EDGE ( 'NONE', *, *, #900, .T. ) ;
#3475 = CARTESIAN_POINT ( 'NONE',  ( -47.51270673859566074, -37.14727256197699035, 0.000000000000000000 ) ) ;
#3476 = VECTOR ( 'NONE', #1341, 1000.000000000000000 ) ;
#3477 = CARTESIAN_POINT ( 'NONE',  ( -36.02729214000286362, -13.94289815983302638, 4.990000000000000213 ) ) ;
#3478 = EDGE_CURVE ( 'NONE', #1239, #2740, #2396, .T. ) ;
#3479 = ORIENTED_EDGE ( 'NONE', *, *, #2023, .T. ) ;
#3480 = CYLINDRICAL_SURFACE ( 'NONE', #1664, 3.000000000000000444 ) ;
#3481 = EDGE_CURVE ( 'NONE', #2047, #711, #3083, .T. ) ;
#3482 = EDGE_CURVE ( 'NONE', #1084, #2127, #1242, .T. ) ;
#3483 = VERTEX_POINT ( 'NONE', #1794 ) ;
#3484 = EDGE_CURVE ( 'NONE', #2406, #547, #1668, .T. ) ;
#3485 = ORIENTED_EDGE ( 'NONE', *, *, #2961, .F. ) ;
#3486 = CARTESIAN_POINT ( 'NONE',  ( 7.148462673975934933, -6.666049286174404287, -0.009999999999999592548 ) ) ;
#3487 = EDGE_CURVE ( 'NONE', #509, #1575, #2158, .T. ) ;
#3488 = CARTESIAN_POINT ( 'NONE',  ( 11.41610895238707712, 2.811818304917589550, -0.009999999999999592548 ) ) ;
#3489 = ORIENTED_EDGE ( 'NONE', *, *, #1298, .F. ) ;
#3490 = LINE ( 'NONE', #2266, #879 ) ;
#3491 = EDGE_CURVE ( 'NONE', #954, #1537, #494, .T. ) ;
#3492 = CARTESIAN_POINT ( 'NONE',  ( 7.657487397834607634, 5.798181762587663712, -0.009999999999999592548 ) ) ;
#3493 = CARTESIAN_POINT ( 'NONE',  ( 0.000000000000000000, 0.000000000000000000, -0.009999999999999592548 ) ) ;
#3494 = ORIENTED_EDGE ( 'NONE', *, *, #3161, .F. ) ;
#3495 = DIRECTION ( 'NONE',  ( 0.000000000000000000, 0.000000000000000000, 1.000000000000000000 ) ) ;
#3496 = CARTESIAN_POINT ( 'NONE',  ( 0.000000000000000000, 0.000000000000000000, 4.990000000000000213 ) ) ;
#3497 = DIRECTION ( 'NONE',  ( 0.000000000000000000, 0.000000000000000000, 1.000000000000000000 ) ) ;
#3498 = VERTEX_POINT ( 'NONE', #1835 ) ;
#3499 = ORIENTED_EDGE ( 'NONE', *, *, #2439, .T. ) ;
#3500 = ORIENTED_EDGE ( 'NONE', *, *, #2939, .T. ) ;
#3501 = FACE_OUTER_BOUND ( 'NONE', #1797, .T. ) ;
#3502 = LINE ( 'NONE', #319, #812 ) ;
#3503 = DIRECTION ( 'NONE',  ( 0.000000000000000000, 0.000000000000000000, 1.000000000000000000 ) ) ;
#3504 = CARTESIAN_POINT ( 'NONE',  ( -38.97554391256268502, -19.06191805682658114, 4.990000000000000213 ) ) ;
#3505 = FACE_OUTER_BOUND ( 'NONE', #3631, .T. ) ;
#3506 = DIRECTION ( 'NONE',  ( -0.000000000000000000, -0.000000000000000000, -1.000000000000000000 ) ) ;
#3507 = CARTESIAN_POINT ( 'NONE',  ( 0.000000000000000000, 0.000000000000000000, 0.000000000000000000 ) ) ;
#3508 = EDGE_CURVE ( 'NONE', #973, #1680, #3204, .T. ) ;
#3509 = VERTEX_POINT ( 'NONE', #371 ) ;
#3510 = CARTESIAN_POINT ( 'NONE',  ( -2.694159262814868061, 9.395649927148326697, -0.009999999999999592548 ) ) ;
#3511 = CARTESIAN_POINT ( 'NONE',  ( 0.000000000000000000, 0.000000000000000000, -0.009999999999999592548 ) ) ;
#3512 = DIRECTION ( 'NONE',  ( 0.3090169943749581649, -0.9510565162951500895, 0.000000000000000000 ) ) ;
#3513 = AXIS2_PLACEMENT_3D ( 'NONE', #2203, #3442, #1045 ) ;
#3514 = DIRECTION ( 'NONE',  ( 0.000000000000000000, 0.000000000000000000, 1.000000000000000000 ) ) ;
#3515 = ORIENTED_EDGE ( 'NONE', *, *, #1339, .F. ) ;
#3516 = AXIS2_PLACEMENT_3D ( 'NONE', #3092, #506, #467 ) ;
#3517 = EDGE_CURVE ( 'NONE', #629, #1820, #1181, .T. ) ;
#3518 = AXIS2_PLACEMENT_3D ( 'NONE', #1669, #873, #3723 ) ;
#3519 = ORIENTED_EDGE ( 'NONE', *, *, #3194, .T. ) ;
#3520 = VECTOR ( 'NONE', #846, 1000.000000000000114 ) ;
#3521 = AXIS2_PLACEMENT_3D ( 'NONE', #1372, #1429, #3196 ) ;
#3522 = CARTESIAN_POINT ( 'NONE',  ( 0.000000000000000000, 0.000000000000000000, 4.990000000000000213 ) ) ;
#3523 = CIRCLE ( 'NONE', #3150, 1.500000000000015099 ) ;
#3524 = DIRECTION ( 'NONE',  ( -0.000000000000000000, 0.000000000000000000, 1.000000000000000000 ) ) ;
#3525 = DIRECTION ( 'NONE',  ( -0.000000000000000000, 0.000000000000000000, 1.000000000000000000 ) ) ;
#3526 = DIRECTION ( 'NONE',  ( -0.000000000000000000, -0.000000000000000000, -1.000000000000000000 ) ) ;
#3527 = CARTESIAN_POINT ( 'NONE',  ( 4.748736594666498334, 9.701433248369598417, 4.990000000000000213 ) ) ;
#3528 = DIRECTION ( 'NONE',  ( 0.000000000000000000, 0.000000000000000000, 1.000000000000000000 ) ) ;
#3529 = EDGE_CURVE ( 'NONE', #639, #148, #2280, .T. ) ;
#3530 = SURFACE_SIDE_STYLE ('',( #2291 ) ) ;
#3531 = ORIENTED_EDGE ( 'NONE', *, *, #144, .F. ) ;
#3532 = EDGE_CURVE ( 'NONE', #2743, #616, #100, .T. ) ;
#3533 = LINE ( 'NONE', #889, #2783 ) ;
#3534 = DIRECTION ( 'NONE',  ( 1.000000000000000000, 0.000000000000000000, 0.000000000000000000 ) ) ;
#3535 = CARTESIAN_POINT ( 'NONE',  ( 0.000000000000000000, 0.000000000000000000, 0.000000000000000000 ) ) ;
#3536 = VECTOR ( 'NONE', #2206, 1000.000000000000000 ) ;
#3537 = DIRECTION ( 'NONE',  ( 0.000000000000000000, 0.000000000000000000, 1.000000000000000000 ) ) ;
#3538 = EDGE_LOOP ( 'NONE', ( #30, #2472, #103, #3651 ) ) ;
#3539 = CIRCLE ( 'NONE', #1870, 11.75728990000000174 ) ;
#3540 = AXIS2_PLACEMENT_3D ( 'NONE', #3558, #3617, #2152 ) ;
#3541 = ORIENTED_EDGE ( 'NONE', *, *, #1470, .F. ) ;
#3542 = CARTESIAN_POINT ( 'NONE',  ( 9.395649927148294722, 2.694159262814970202, -0.009999999999999592548 ) ) ;
#3543 = CARTESIAN_POINT ( 'NONE',  ( 0.000000000000000000, 0.000000000000000000, -0.009999999999999592548 ) ) ;
#3544 = CARTESIAN_POINT ( 'NONE',  ( 0.8535735543938504089, 11.72626445121725069, 4.990000000000000213 ) ) ;
#3545 = DIRECTION ( 'NONE',  ( 0.3090169943749582204, -0.9510565162951499785, 0.000000000000000000 ) ) ;
#3546 = DIRECTION ( 'NONE',  ( 1.000000000000000000, 0.000000000000000000, 0.000000000000000000 ) ) ;
#3547 = FILL_AREA_STYLE_COLOUR ( '', #4 ) ;
#3548 = ORIENTED_EDGE ( 'NONE', *, *, #1810, .T. ) ;
#3549 = LINE ( 'NONE', #2741, #3337 ) ;
#3550 = EDGE_CURVE ( 'NONE', #2228, #1778, #2181, .T. ) ;
#3551 = CARTESIAN_POINT ( 'NONE',  ( 9.988465168589069521, 6.201969797453458888, 4.990000000000000213 ) ) ;
#3552 = CARTESIAN_POINT ( 'NONE',  ( 7.702245092050592490, -6.017653382250927940, -0.009999999999999592548 ) ) ;
#3553 = LINE ( 'NONE', #2682, #434 ) ;
#3554 = CARTESIAN_POINT ( 'NONE',  ( -3.000000000000000444, 3.673940397442060361E-16, 0.000000000000000000 ) ) ;
#3555 = ORIENTED_EDGE ( 'NONE', *, *, #3412, .T. ) ;
#3556 = ORIENTED_EDGE ( 'NONE', *, *, #1988, .T. ) ;
#3557 = ORIENTED_EDGE ( 'NONE', *, *, #105, .T. ) ;
#3558 = CARTESIAN_POINT ( 'NONE',  ( 2.694159262814937339, -9.395649927148305380, -0.009999999999999592548 ) ) ;
#3559 = AXIS2_PLACEMENT_3D ( 'NONE', #1900, #756, #1941 ) ;
#3560 = CARTESIAN_POINT ( 'NONE',  ( 0.000000000000000000, 0.000000000000000000, -0.009999999999999592548 ) ) ;
#3561 = DIRECTION ( 'NONE',  ( 1.000000000000000000, 0.000000000000000000, 0.000000000000000000 ) ) ;
#3562 = ADVANCED_FACE ( 'NONE', ( #3363 ), #2537, .T. ) ;
#3563 = DIRECTION ( 'NONE',  ( 1.000000000000000000, 0.000000000000000000, 0.000000000000000000 ) ) ;
#3564 = VECTOR ( 'NONE', #3537, 1000.000000000000000 ) ;
#3565 = ORIENTED_EDGE ( 'NONE', *, *, #1147, .F. ) ;
#3566 = FACE_OUTER_BOUND ( 'NONE', #2432, .T. ) ;
#3567 = DIRECTION ( 'NONE',  ( -0.9510565162951511997, -0.3090169943749549453, 0.000000000000000000 ) ) ;
#3568 = ORIENTED_EDGE ( 'NONE', *, *, #1055, .F. ) ;
#3569 = DIRECTION ( 'NONE',  ( 0.000000000000000000, -0.000000000000000000, 1.000000000000000000 ) ) ;
#3570 = CARTESIAN_POINT ( 'NONE',  ( -34.52729214000289204, -13.94289815983302638, 0.000000000000000000 ) ) ;
#3571 = DIRECTION ( 'NONE',  ( -0.000000000000000000, -0.000000000000000000, -1.000000000000000000 ) ) ;
#3572 = ORIENTED_EDGE ( 'NONE', *, *, #3742, .T. ) ;
#3573 = AXIS2_PLACEMENT_3D ( 'NONE', #194, #2240, #3423 ) ;
#3574 = EDGE_CURVE ( 'NONE', #1778, #1262, #184, .T. ) ;
#3575 = CIRCLE ( 'NONE', #2229, 9.605000000000000426 ) ;
#3576 = ORIENTED_EDGE ( 'NONE', *, *, #3487, .T. ) ;
#3577 = AXIS2_PLACEMENT_3D ( 'NONE', #3305, #2745, #664 ) ;
#3578 = ORIENTED_EDGE ( 'NONE', *, *, #2898, .F. ) ;
#3579 = CIRCLE ( 'NONE', #3637, 11.75728990000000174 ) ;
#3580 = CARTESIAN_POINT ( 'NONE',  ( 0.000000000000000000, 0.000000000000000000, 4.990000000000000213 ) ) ;
#3581 = CARTESIAN_POINT ( 'NONE',  ( 1.692528047703388161, 9.594708094182369251, 4.990000000000000213 ) ) ;
#3582 = AXIS2_PLACEMENT_3D ( 'NONE', #74, #3256, #1486 ) ;
#3583 = AXIS2_PLACEMENT_3D ( 'NONE', #2887, #791, #1660 ) ;
#3584 = CYLINDRICAL_SURFACE ( 'NONE', #353, 3.557550373136730393 ) ;
#3585 = VECTOR ( 'NONE', #3780, 1000.000000000000000 ) ;
#3586 = DIRECTION ( 'NONE',  ( -0.000000000000000000, -0.000000000000000000, -1.000000000000000000 ) ) ;
#3587 = EDGE_CURVE ( 'NONE', #3207, #1347, #935, .T. ) ;
#3588 = ORIENTED_EDGE ( 'NONE', *, *, #2622, .T. ) ;
#3589 = CARTESIAN_POINT ( 'NONE',  ( 0.000000000000000000, 0.000000000000000000, 4.990000000000000213 ) ) ;
#3590 = CARTESIAN_POINT ( 'NONE',  ( -54.15697885793779420, -52.02334105854918533, 0.000000000000000000 ) ) ;
#3591 = ORIENTED_EDGE ( 'NONE', *, *, #293, .T. ) ;
#3592 = DIRECTION ( 'NONE',  ( 0.000000000000000000, 0.000000000000000000, 1.000000000000000000 ) ) ;
#3593 = CARTESIAN_POINT ( 'NONE',  ( -34.52729214000289204, -13.94289815983302638, 4.990000000000000213 ) ) ;
#3594 = DIRECTION ( 'NONE',  ( -0.3090169943749384585, -0.9510565162951564178, 0.000000000000000000 ) ) ;
#3595 = ORIENTED_EDGE ( 'NONE', *, *, #2193, .F. ) ;
#3596 = ADVANCED_FACE ( 'NONE', ( #136 ), #759, .T. ) ;
#3597 = EDGE_CURVE ( 'NONE', #3422, #3, #128, .T. ) ;
#3598 = VERTEX_POINT ( 'NONE', #3381 ) ;
#3599 = ORIENTED_EDGE ( 'NONE', *, *, #3009, .F. ) ;
#3600 = DIRECTION ( 'NONE',  ( 1.000000000000000000, 0.000000000000000000, 0.000000000000000000 ) ) ;
#3601 = DIRECTION ( 'NONE',  ( 0.000000000000000000, 0.000000000000000000, 1.000000000000000000 ) ) ;
#3602 = EDGE_CURVE ( 'NONE', #543, #2528, #3648, .T. ) ;
#3603 = CARTESIAN_POINT ( 'NONE',  ( 0.000000000000000000, 0.000000000000000000, -0.009999999999999592548 ) ) ;
#3604 = CIRCLE ( 'NONE', #1071, 3.557550373136730837 ) ;
#3605 = EDGE_CURVE ( 'NONE', #488, #3096, #1559, .T. ) ;
#3606 = LINE ( 'NONE', #3255, #2784 ) ;
#3607 = ORIENTED_EDGE ( 'NONE', *, *, #795, .T. ) ;
#3608 = CARTESIAN_POINT ( 'NONE',  ( -1.689791248403291757, -9.455190666338761929, -0.009999999999999592548 ) ) ;
#3609 = DIRECTION ( 'NONE',  ( -1.000000000000000000, 0.000000000000000000, 0.000000000000000000 ) ) ;
#3610 = ORIENTED_EDGE ( 'NONE', *, *, #3652, .F. ) ;
#3611 = FACE_OUTER_BOUND ( 'NONE', #3249, .T. ) ;
#3612 = DIRECTION ( 'NONE',  ( 0.3090169943749446202, 0.9510565162951544194, 0.000000000000000000 ) ) ;
#3613 = CARTESIAN_POINT ( 'NONE',  ( 0.000000000000000000, 0.000000000000000000, 4.990000000000000213 ) ) ;
#3614 = ORIENTED_EDGE ( 'NONE', *, *, #3602, .T. ) ;
#3615 = EDGE_LOOP ( 'NONE', ( #836, #1069, #228, #3531, #2582 ) ) ;
#3616 = ORIENTED_EDGE ( 'NONE', *, *, #2111, .T. ) ;
#3617 = DIRECTION ( 'NONE',  ( 0.000000000000000000, 0.000000000000000000, 1.000000000000000000 ) ) ;
#3618 = DIRECTION ( 'NONE',  ( -0.8090169943749422332, -0.5877852522924801315, 0.000000000000000000 ) ) ;
#3619 = CARTESIAN_POINT ( 'NONE',  ( 0.000000000000000000, 0.000000000000000000, -0.009999999999999592548 ) ) ;
#3620 = VERTEX_POINT ( 'NONE', #153 ) ;
#3621 = CARTESIAN_POINT ( 'NONE',  ( 0.000000000000000000, 0.000000000000000000, -0.009999999999999592548 ) ) ;
#3622 = DIRECTION ( 'NONE',  ( -0.000000000000000000, 0.000000000000000000, 1.000000000000000000 ) ) ;
#3623 = EDGE_LOOP ( 'NONE', ( #1929, #3100, #3056, #829, #559 ) ) ;
#3624 = DIRECTION ( 'NONE',  ( 0.000000000000000000, 0.000000000000000000, 1.000000000000000000 ) ) ;
#3625 = EDGE_CURVE ( 'NONE', #1592, #937, #874, .T. ) ;
#3626 = CARTESIAN_POINT ( 'NONE',  ( -9.701433248369587758, 1.191186221529866751, 4.990000000000000213 ) ) ;
#3627 = LINE ( 'NONE', #3325, #2276 ) ;
#3628 = ORIENTED_EDGE ( 'NONE', *, *, #3308, .F. ) ;
#3629 = ORIENTED_EDGE ( 'NONE', *, *, #1937, .F. ) ;
#3630 = EDGE_CURVE ( 'NONE', #463, #2752, #3679, .T. ) ;
#3631 = EDGE_LOOP ( 'NONE', ( #378, #3228, #3063, #2818, #2617 ) ) ;
#3632 = CARTESIAN_POINT ( 'NONE',  ( -60.08521899949309386, -50.92974109144540762, 0.000000000000000000 ) ) ;
#3633 = CARTESIAN_POINT ( 'NONE',  ( 6.017653382250900407, 7.702245092050614694, -0.009999999999999592548 ) ) ;
#3634 = VERTEX_POINT ( 'NONE', #2214 ) ;
#3635 = CIRCLE ( 'NONE', #2646, 3.557550373136731281 ) ;
#3636 = CARTESIAN_POINT ( 'NONE',  ( 0.000000000000000000, 0.000000000000000000, 4.990000000000000213 ) ) ;
#3637 = AXIS2_PLACEMENT_3D ( 'NONE', #2641, #1223, #2975 ) ;
#3638 = CIRCLE ( 'NONE', #3399, 3.557550373136732169 ) ;
#3639 = EDGE_CURVE ( 'NONE', #1593, #3173, #735, .T. ) ;
#3640 = AXIS2_PLACEMENT_3D ( 'NONE', #2182, #3306, #646 ) ;
#3641 = ORIENTED_EDGE ( 'NONE', *, *, #3125, .F. ) ;
#3642 = DIRECTION ( 'NONE',  ( -0.000000000000000000, -0.000000000000000000, -1.000000000000000000 ) ) ;
#3643 = CIRCLE ( 'NONE', #628, 3.557550373136731725 ) ;
#3644 = CARTESIAN_POINT ( 'NONE',  ( 0.000000000000000000, 0.000000000000000000, -0.009999999999999592548 ) ) ;
#3645 = ADVANCED_FACE ( 'NONE', ( #426 ), #1904, .T. ) ;
#3646 = ORIENTED_EDGE ( 'NONE', *, *, #2613, .F. ) ;
#3647 = CARTESIAN_POINT ( 'NONE',  ( -0.3411177778494789981, -9.768335085804977780, -0.009999999999999592548 ) ) ;
#3648 = LINE ( 'NONE', #1061, #565 ) ;
#3649 = FACE_OUTER_BOUND ( 'NONE', #3058, .T. ) ;
#3650 = ORIENTED_EDGE ( 'NONE', *, *, #1305, .F. ) ;
#3651 = ORIENTED_EDGE ( 'NONE', *, *, #1470, .T. ) ;
#3652 = EDGE_CURVE ( 'NONE', #3807, #732, #3638, .T. ) ;
#3653 = VERTEX_POINT ( 'NONE', #1040 ) ;
#3654 = CYLINDRICAL_SURFACE ( 'NONE', #990, 9.605000000000000426 ) ;
#3655 = AXIS2_PLACEMENT_3D ( 'NONE', #90, #1826, #1255 ) ;
#3656 = ORIENTED_EDGE ( 'NONE', *, *, #2765, .T. ) ;
#3657 = CARTESIAN_POINT ( 'NONE',  ( 0.000000000000000000, 0.000000000000000000, -0.009999999999999592548 ) ) ;
#3658 = CIRCLE ( 'NONE', #3713, 9.605000000000000426 ) ;
#3659 = VECTOR ( 'NONE', #1454, 1000.000000000000000 ) ;
#3660 = ORIENTED_EDGE ( 'NONE', *, *, #951, .T. ) ;
#3661 = LINE ( 'NONE', #3712, #2530 ) ;
#3662 = DIRECTION ( 'NONE',  ( -0.000000000000000000, -0.000000000000000000, -1.000000000000000000 ) ) ;
#3663 = ORIENTED_EDGE ( 'NONE', *, *, #3368, .T. ) ;
#3664 = DIRECTION ( 'NONE',  ( 0.000000000000000000, 0.000000000000000000, 1.000000000000000000 ) ) ;
#3665 = DIRECTION ( 'NONE',  ( 0.5877852522924830181, -0.8090169943749402348, 0.000000000000000000 ) ) ;
#3666 = DIRECTION ( 'NONE',  ( -0.000000000000000000, -0.000000000000000000, -1.000000000000000000 ) ) ;
#3667 = VERTEX_POINT ( 'NONE', #3718 ) ;
#3668 = ORIENTED_EDGE ( 'NONE', *, *, #3368, .F. ) ;
#3669 = DIRECTION ( 'NONE',  ( 1.000000000000000000, 0.000000000000000000, 0.000000000000000000 ) ) ;
#3670 = EDGE_CURVE ( 'NONE', #3257, #3498, #1, .T. ) ;
#3671 = VERTEX_POINT ( 'NONE', #169 ) ;
#3672 = CARTESIAN_POINT ( 'NONE',  ( -4.738669492808543993, 8.548786061474407560, 4.990000000000000213 ) ) ;
#3673 = ORIENTED_EDGE ( 'NONE', *, *, #2092, .F. ) ;
#3674 = CARTESIAN_POINT ( 'NONE',  ( 9.395649927148294722, 2.694159262814970202, -0.009999999999999592548 ) ) ;
#3675 = EDGE_CURVE ( 'NONE', #1516, #215, #3030, .T. ) ;
#3676 = LINE ( 'NONE', #1388, #363 ) ;
#3677 = VERTEX_POINT ( 'NONE', #1079 ) ;
#3678 = CARTESIAN_POINT ( 'NONE',  ( 8.642644309387733870, 4.190551794383151396, -0.009999999999999592548 ) ) ;
#3679 = LINE ( 'NONE', #3066, #69 ) ;
#3680 = CARTESIAN_POINT ( 'NONE',  ( -34.52729214000289204, -13.94289815983302638, 4.990000000000000213 ) ) ;
#3681 = AXIS2_PLACEMENT_3D ( 'NONE', #1331, #165, #2210 ) ;
#3682 = ORIENTED_EDGE ( 'NONE', *, *, #1345, .F. ) ;
#3683 = EDGE_CURVE ( 'NONE', #3112, #3671, #2402, .T. ) ;
#3684 = ORIENTED_EDGE ( 'NONE', *, *, #2277, .F. ) ;
#3685 = CYLINDRICAL_SURFACE ( 'NONE', #2275, 3.557550373136731281 ) ;
#3686 = ORIENTED_EDGE ( 'NONE', *, *, #2730, .T. ) ;
#3687 = ADVANCED_FACE ( 'NONE', ( #792 ), #1589, .T. ) ;
#3688 = LINE ( 'NONE', #2864, #1572 ) ;
#3689 = VERTEX_POINT ( 'NONE', #2016 ) ;
#3690 = DIRECTION ( 'NONE',  ( 0.000000000000000000, 0.000000000000000000, 1.000000000000000000 ) ) ;
#3691 = AXIS2_PLACEMENT_3D ( 'NONE', #682, #1241, #3036 ) ;
#3692 = CIRCLE ( 'NONE', #1108, 3.557550373136730837 ) ;
#3693 = DIRECTION ( 'NONE',  ( 1.000000000000000000, 0.000000000000000000, 0.000000000000000000 ) ) ;
#3694 = ORIENTED_EDGE ( 'NONE', *, *, #2231, .F. ) ;
#3695 = CARTESIAN_POINT ( 'NONE',  ( 7.688343534783974142, 8.858514522346386144, 4.990000000000000213 ) ) ;
#3696 = VECTOR ( 'NONE', #288, 1000.000000000000000 ) ;
#3697 = DIRECTION ( 'NONE',  ( -0.4135441677424657736, 0.9104840587985005840, 0.000000000000000000 ) ) ;
#3698 = AXIS2_PLACEMENT_3D ( 'NONE', #1944, #2238, #3665 ) ;
#3699 = CIRCLE ( 'NONE', #383, 3.557550373136731281 ) ;
#3700 = DIRECTION ( 'NONE',  ( -0.000000000000000000, -0.000000000000000000, -1.000000000000000000 ) ) ;
#3701 = DIRECTION ( 'NONE',  ( 0.000000000000000000, 0.000000000000000000, 1.000000000000000000 ) ) ;
#3702 = ORIENTED_EDGE ( 'NONE', *, *, #92, .T. ) ;
#3703 = ADVANCED_FACE ( 'NONE', ( #3218 ), #1141, .T. ) ;
#3704 = ORIENTED_EDGE ( 'NONE', *, *, #1650, .F. ) ;
#3705 = EDGE_CURVE ( 'NONE', #2108, #1680, #1050, .T. ) ;
#3706 = AXIS2_PLACEMENT_3D ( 'NONE', #2012, #2633, #1996 ) ;
#3707 = DIRECTION ( 'NONE',  ( 0.000000000000000000, 0.000000000000000000, 1.000000000000000000 ) ) ;
#3708 = ORIENTED_EDGE ( 'NONE', *, *, #844, .T. ) ;
#3709 = EDGE_CURVE ( 'NONE', #1290, #346, #581, .T. ) ;
#3710 = CARTESIAN_POINT ( 'NONE',  ( 0.000000000000000000, 0.000000000000000000, 4.990000000000000213 ) ) ;
#3711 = ORIENTED_EDGE ( 'NONE', *, *, #3414, .T. ) ;
#3712 = CARTESIAN_POINT ( 'NONE',  ( -10.88857148387366713, 4.435411687004404691, -0.009999999999999592548 ) ) ;
#3713 = AXIS2_PLACEMENT_3D ( 'NONE', #1416, #2564, #1655 ) ;
#3714 = FACE_OUTER_BOUND ( 'NONE', #1169, .T. ) ;
#3715 = ORIENTED_EDGE ( 'NONE', *, *, #894, .F. ) ;
#3716 = FACE_OUTER_BOUND ( 'NONE', #667, .T. ) ;
#3717 = CIRCLE ( 'NONE', #1205, 11.75728990000000174 ) ;
#3718 = CARTESIAN_POINT ( 'NONE',  ( -7.880692288115550781, 5.490966587044226799, 4.990000000000000213 ) ) ;
#3719 = ORIENTED_EDGE ( 'NONE', *, *, #3550, .T. ) ;
#3720 = CARTESIAN_POINT ( 'NONE',  ( 9.074439989273098917, 3.148104807829821272, 0.000000000000000000 ) ) ;
#3721 = CYLINDRICAL_SURFACE ( 'NONE', #2056, 3.557550373136731281 ) ;
#3722 = VERTEX_POINT ( 'NONE', #1161 ) ;
#3723 = DIRECTION ( 'NONE',  ( 0.7998259907937765867, -0.6002319422113036040, 0.000000000000000000 ) ) ;
#3724 = ORIENTED_EDGE ( 'NONE', *, *, #3683, .F. ) ;
#3725 = LINE ( 'NONE', #787, #3476 ) ;
#3726 = DIRECTION ( 'NONE',  ( -1.000000000000000000, 0.000000000000000000, 0.000000000000000000 ) ) ;
#3727 = EDGE_LOOP ( 'NONE', ( #3012, #3151, #2007, #1394 ) ) ;
#3728 = LINE ( 'NONE', #1090, #386 ) ;
#3729 = CARTESIAN_POINT ( 'NONE',  ( 5.798181762587637067, -7.657487397834626286, -0.009999999999999592548 ) ) ;
#3730 = DIRECTION ( 'NONE',  ( 0.000000000000000000, 0.000000000000000000, 1.000000000000000000 ) ) ;
#3731 = VERTEX_POINT ( 'NONE', #524 ) ;
#3732 = DIRECTION ( 'NONE',  ( -1.000000000000000000, 0.000000000000000000, 0.000000000000000000 ) ) ;
#3733 = DIRECTION ( 'NONE',  ( 0.000000000000000000, 0.000000000000000000, 1.000000000000000000 ) ) ;
#3734 = ORIENTED_EDGE ( 'NONE', *, *, #912, .F. ) ;
#3735 = ORIENTED_EDGE ( 'NONE', *, *, #1323, .F. ) ;
#3736 = EDGE_CURVE ( 'NONE', #2775, #3667, #210, .T. ) ;
#3737 = ORIENTED_EDGE ( 'NONE', *, *, #1396, .T. ) ;
#3738 = DIRECTION ( 'NONE',  ( -0.000000000000000000, 0.000000000000000000, 1.000000000000000000 ) ) ;
#3739 = DIRECTION ( 'NONE',  ( 1.000000000000000000, 0.000000000000000000, 0.000000000000000000 ) ) ;
#3740 = ORIENTED_EDGE ( 'NONE', *, *, #1126, .F. ) ;
#3741 = DIRECTION ( 'NONE',  ( -1.000000000000000000, 0.000000000000000000, 0.000000000000000000 ) ) ;
#3742 = EDGE_CURVE ( 'NONE', #2974, #3298, #1752, .T. ) ;
#3743 = CARTESIAN_POINT ( 'NONE',  ( 6.084152264125862963, -10.06066384586892859, 4.990000000000000213 ) ) ;
#3744 = CIRCLE ( 'NONE', #2588, 3.557550373136729949 ) ;
#3745 = CARTESIAN_POINT ( 'NONE',  ( 4.528901578926422644, 8.470246483331980158, 0.000000000000000000 ) ) ;
#3746 = DIRECTION ( 'NONE',  ( -0.5877852522924654766, -0.8090169943749531134, 0.000000000000000000 ) ) ;
#3747 = ORIENTED_EDGE ( 'NONE', *, *, #1937, .T. ) ;
#3748 = DIRECTION ( 'NONE',  ( 0.000000000000000000, 0.000000000000000000, 1.000000000000000000 ) ) ;
#3749 = AXIS2_PLACEMENT_3D ( 'NONE', #620, #1513, #2366 ) ;
#3750 = VECTOR ( 'NONE', #704, 1000.000000000000000 ) ;
#3751 = ADVANCED_FACE ( 'NONE', ( #2928 ), #2328, .F. ) ;
#3752 = CYLINDRICAL_SURFACE ( 'NONE', #3165, 3.557550373136731281 ) ;
#3753 = EDGE_CURVE ( 'NONE', #440, #3722, #1969, .T. ) ;
#3754 = AXIS2_PLACEMENT_3D ( 'NONE', #1627, #2798, #152 ) ;
#3755 = ORIENTED_EDGE ( 'NONE', *, *, #3675, .T. ) ;
#3756 = DIRECTION ( 'NONE',  ( -0.000000000000000000, 0.000000000000000000, 1.000000000000000000 ) ) ;
#3757 = CIRCLE ( 'NONE', #2904, 9.605000000000002203 ) ;
#3758 = CIRCLE ( 'NONE', #3095, 3.557550373136729949 ) ;
#3759 = EDGE_CURVE ( 'NONE', #707, #2813, #3473, .T. ) ;
#3760 = ORIENTED_EDGE ( 'NONE', *, *, #3110, .F. ) ;
#3761 = ORIENTED_EDGE ( 'NONE', *, *, #3652, .T. ) ;
#3762 = DIRECTION ( 'NONE',  ( -1.000000000000000000, 0.000000000000000000, 0.000000000000000000 ) ) ;
#3763 = CYLINDRICAL_SURFACE ( 'NONE', #582, 3.557550373136731281 ) ;
#3764 = CARTESIAN_POINT ( 'NONE',  ( -37.47554391256276318, -19.06191805682658114, 0.000000000000000000 ) ) ;
#3765 = DIRECTION ( 'NONE',  ( 1.000000000000000000, 0.000000000000000000, 0.000000000000000000 ) ) ;
#3766 = DIRECTION ( 'NONE',  ( -0.5877852522924655876, -0.8090169943749530024, 0.000000000000000000 ) ) ;
#3767 = DIRECTION ( 'NONE',  ( 0.000000000000000000, 0.000000000000000000, 1.000000000000000000 ) ) ;
#3768 = CARTESIAN_POINT ( 'NONE',  ( 0.000000000000000000, 0.000000000000000000, 0.000000000000000000 ) ) ;
#3769 = VERTEX_POINT ( 'NONE', #828 ) ;
#3770 = CARTESIAN_POINT ( 'NONE',  ( 1.692528047703388161, 9.594708094182369251, -0.009999999999999592548 ) ) ;
#3771 = AXIS2_PLACEMENT_3D ( 'NONE', #1638, #2808, #768 ) ;
#3772 = DIRECTION ( 'NONE',  ( 0.000000000000000000, 0.000000000000000000, 1.000000000000000000 ) ) ;
#3773 = ORIENTED_EDGE ( 'NONE', *, *, #1759, .F. ) ;
#3774 = CARTESIAN_POINT ( 'NONE',  ( 0.000000000000000000, 0.000000000000000000, 4.990000000000000213 ) ) ;
#3775 = MANIFOLD_SOLID_BREP ( 'ÇÐ³ý-À­Éì1', #2691 ) ;
#3776 = CARTESIAN_POINT ( 'NONE',  ( 9.701433248369593088, -1.191186221529800804, -0.009999999999999592548 ) ) ;
#3777 = ORIENTED_EDGE ( 'NONE', *, *, #1203, .F. ) ;
#3778 = VERTEX_POINT ( 'NONE', #1714 ) ;
#3779 = CARTESIAN_POINT ( 'NONE',  ( 9.594708094182349711, 1.865022325433443484, -0.009999999999999592548 ) ) ;
#3780 = DIRECTION ( 'NONE',  ( 0.000000000000000000, 0.000000000000000000, 1.000000000000000000 ) ) ;
#3781 = ADVANCED_FACE ( 'NONE', ( #1407 ), #1466, .T. ) ;
#3782 = PLANE ( 'NONE',  #2854 ) ;
#3783 = CYLINDRICAL_SURFACE ( 'NONE', #1124, 3.557550373136730837 ) ;
#3784 = DIRECTION ( 'NONE',  ( -0.8090169943749422332, -0.5877852522924801315, 0.000000000000000000 ) ) ;
#3785 = DIRECTION ( 'NONE',  ( 0.000000000000000000, 0.000000000000000000, 1.000000000000000000 ) ) ;
#3786 = CARTESIAN_POINT ( 'NONE',  ( 3.148104807829789742, -9.074439989273111351, -0.009999999999999592548 ) ) ;
#3787 = ORIENTED_EDGE ( 'NONE', *, *, #175, .T. ) ;
#3788 = CARTESIAN_POINT ( 'NONE',  ( 5.490966587044138869, 7.880692288115609401, 4.990000000000000213 ) ) ;
#3789 = EDGE_CURVE ( 'NONE', #20, #1667, #2888, .T. ) ;
#3790 = DIRECTION ( 'NONE',  ( -0.000000000000000000, 0.000000000000000000, 1.000000000000000000 ) ) ;
#3791 = DIRECTION ( 'NONE',  ( 1.000000000000000000, 0.000000000000000000, 0.000000000000000000 ) ) ;
#3792 = DIRECTION ( 'NONE',  ( 1.000000000000000000, 0.000000000000000000, 0.000000000000000000 ) ) ;
#3793 = ORIENTED_EDGE ( 'NONE', *, *, #3292, .F. ) ;
#3794 = EDGE_LOOP ( 'NONE', ( #1659, #1666, #552, #3755 ) ) ;
#3795 = AXIS2_PLACEMENT_3D ( 'NONE', #1370, #2812, #3156 ) ;
#3796 = ORIENTED_EDGE ( 'NONE', *, *, #1467, .F. ) ;
#3797 = EDGE_CURVE ( 'NONE', #2006, #1845, #3091, .T. ) ;
#3798 = VECTOR ( 'NONE', #1977, 1000.000000000000000 ) ;
#3799 = DIRECTION ( 'NONE',  ( -0.000000000000000000, -0.000000000000000000, -1.000000000000000000 ) ) ;
#3800 = EDGE_CURVE ( 'NONE', #1318, #833, #1425, .T. ) ;
#3801 = DIRECTION ( 'NONE',  ( -0.000000000000000000, -0.000000000000000000, -1.000000000000000000 ) ) ;
#3802 = EDGE_CURVE ( 'NONE', #1347, #2769, #922, .T. ) ;
#3803 = DIRECTION ( 'NONE',  ( 0.000000000000000000, 0.000000000000000000, 1.000000000000000000 ) ) ;
#3804 = FACE_OUTER_BOUND ( 'NONE', #856, .T. ) ;
#3805 = CARTESIAN_POINT ( 'NONE',  ( 5.465713223523663622, -8.103253090279981308, 4.990000000000000213 ) ) ;
#3806 = CARTESIAN_POINT ( 'NONE',  ( 11.44836635484840137, 2.677456553861728317, -0.009999999999999592548 ) ) ;
#3807 = VERTEX_POINT ( 'NONE', #2655 ) ;
#3808 = DIRECTION ( 'NONE',  ( 0.8090169943749466741, 0.5877852522924742473, 0.000000000000000000 ) ) ;
#3809 = FACE_OUTER_BOUND ( 'NONE', #1187, .T. ) ;
#3810 = CARTESIAN_POINT ( 'NONE',  ( -37.47554391256276318, -19.06191805682658114, 4.990000000000000213 ) ) ;
#3811 = AXIS2_PLACEMENT_3D ( 'NONE', #3776, #3324, #1265 ) ;
#3812 = DIRECTION ( 'NONE',  ( 0.000000000000000000, 0.000000000000000000, 1.000000000000000000 ) ) ;
#3813 = VERTEX_POINT ( 'NONE', #2376 ) ;
ENDSEC;
END-ISO-10303-21;
