ISO-10303-21;
HEADER;
FILE_DESCRIPTION (( 'STEP AP214' ),
    '1' );
FILE_NAME ('xuanzhuanduojizhijia.STEP',
    '2026-07-18T01:31:39',
    ( '' ),
    ( '' ),
    'SwSTEP 2.0',
    'SolidWorks 2020',
    '' );
FILE_SCHEMA (( 'AUTOMOTIVE_DESIGN' ));
ENDSEC;

DATA;
#1 = FILL_AREA_STYLE_COLOUR ( '', #2263 ) ;
#2 = LINE ( 'NONE', #5794, #6158 ) ;
#3 = CARTESIAN_POINT ( 'NONE',  ( -29.03558483421486613, -8.551356099630758933, 68.00000000000000000 ) ) ;
#4 =( NAMED_UNIT ( * ) PLANE_ANGLE_UNIT ( ) SI_UNIT ( $, .RADIAN. ) );
#5 = CARTESIAN_POINT ( 'NONE',  ( -28.03558483421486613, 14.44864390036923751, 43.50000000000000000 ) ) ;
#6 = VERTEX_POINT ( 'NONE', #1719 ) ;
#7 = EDGE_LOOP ( 'NONE', ( #508, #5798 ) ) ;
#8 = ORIENTED_EDGE ( 'NONE', *, *, #510, .T. ) ;
#9 = ADVANCED_FACE ( 'NONE', ( #5532 ), #523, .T. ) ;
#10 = SURFACE_STYLE_FILL_AREA ( #4247 ) ;
#11 = PRESENTATION_LAYER_ASSIGNMENT (  '', '', ( #3499 ) ) ;
#12 =( NAMED_UNIT ( * ) PLANE_ANGLE_UNIT ( ) SI_UNIT ( $, .RADIAN. ) );
#13 = CIRCLE ( 'NONE', #1033, 2.000000000000001776 ) ;
#14 = ORIENTED_EDGE ( 'NONE', *, *, #5107, .F. ) ;
#15 = PRESENTATION_LAYER_ASSIGNMENT (  '', '', ( #5405 ) ) ;
#16 = EDGE_CURVE ( 'NONE', #4710, #6171, #2675, .T. ) ;
#17 = PRESENTATION_STYLE_ASSIGNMENT (( #4381 ) ) ;
#18 =( LENGTH_UNIT ( ) NAMED_UNIT ( * ) SI_UNIT ( .MILLI., .METRE. ) );
#19 = CARTESIAN_POINT ( 'NONE',  ( -22.83558483421487040, -11.53914521253883763, 76.84091195102224958 ) ) ;
#20 = AXIS2_PLACEMENT_3D ( 'NONE', #3245, #373, #4654 ) ;
#21 = CARTESIAN_POINT ( 'NONE',  ( -1.035584834214869909, -8.551356099630758933, 55.00000000000000000 ) ) ;
#22 = CIRCLE ( 'NONE', #1545, 1.000000000000000888 ) ;
#23 = CARTESIAN_POINT ( 'NONE',  ( -12.53558483421487146, -2.451356099630760177, 74.50000000000000000 ) ) ;
#24 = CARTESIAN_POINT ( 'NONE',  ( -24.53558483421486969, 7.948643900369239290, 43.50000000000000000 ) ) ;
#25 = MECHANICAL_DESIGN_GEOMETRIC_PRESENTATION_REPRESENTATION (  '', ( #2726 ), #3015 ) ;
#26 = DIRECTION ( 'NONE',  ( 0.000000000000000000, 1.000000000000000000, 0.000000000000000000 ) ) ;
#27 =( BOUNDED_SURFACE ( )  B_SPLINE_SURFACE ( 1, 3, ( 
 ( #2122, #5399, #4992, #4926 ),
 ( #783, #4545, #1675, #3080 ) ),
 .UNSPECIFIED., .F., .F., .T. ) 
 B_SPLINE_SURFACE_WITH_KNOTS ( ( 2, 2 ),
 ( 4, 4 ),
 ( 0.04162577848936815234, 0.9583742215106310081 ),
 ( 0.000000000000000000, 1.000000000000000000 ),
 .UNSPECIFIED. ) 
 GEOMETRIC_REPRESENTATION_ITEM ( )  RATIONAL_B_SPLINE_SURFACE ( (
 ( 1.000000000000000000, 0.3333333333333335369, 0.3333333333333335369, 1.000000000000000000),
 ( 1.000000000000000000, 0.3333333333333335369, 0.3333333333333335369, 1.000000000000000000) ) ) 
 REPRESENTATION_ITEM ( '' )  SURFACE ( )  );
#28 = COLOUR_RGB ( '',1.000000000000000000, 1.000000000000000000, 1.000000000000000000 ) ;
#29 = ORIENTED_EDGE ( 'NONE', *, *, #2472, .T. ) ;
#30 = EDGE_CURVE ( 'NONE', #1913, #379, #804, .T. ) ;
#31 = EDGE_CURVE ( 'NONE', #279, #6014, #6045, .T. ) ;
#32 = CARTESIAN_POINT ( 'NONE',  ( -9.335584834214870398, 8.348643900369223658, 76.50000000000000000 ) ) ;
#33 = DIRECTION ( 'NONE',  ( 0.000000000000000000, 1.000000000000000000, 0.000000000000000000 ) ) ;
#34 = SURFACE_SIDE_STYLE ('',( #1497 ) ) ;
#35 = CARTESIAN_POINT ( 'NONE',  ( 4.264415165785130135, -5.651356099630778118, 76.50000000000000000 ) ) ;
#36 = SURFACE_STYLE_FILL_AREA ( #501 ) ;
#37 = CIRCLE ( 'NONE', #546, 1.499999999999999556 ) ;
#38 = CARTESIAN_POINT ( 'NONE',  ( -28.53558483421483061, -10.55135609963076604, 56.00000000000000000 ) ) ;
#39 = ORIENTED_EDGE ( 'NONE', *, *, #2713, .F. ) ;
#40 = ORIENTED_EDGE ( 'NONE', *, *, #810, .F. ) ;
#41 = ORIENTED_EDGE ( 'NONE', *, *, #2049, .T. ) ;
#42 = ORIENTED_EDGE ( 'NONE', *, *, #3388, .F. ) ;
#43 =( GEOMETRIC_REPRESENTATION_CONTEXT ( 3 ) GLOBAL_UNCERTAINTY_ASSIGNED_CONTEXT ( ( #4570 ) ) GLOBAL_UNIT_ASSIGNED_CONTEXT ( ( #2856, #12, #2882 ) ) REPRESENTATION_CONTEXT ( 'NONE', 'WORKASPACE' ) );
#44 = CARTESIAN_POINT ( 'NONE',  ( -22.83558483421487040, -10.55135609963075893, 75.50000000000000000 ) ) ;
#45 = CARTESIAN_POINT ( 'NONE',  ( -31.53558483421486969, 10.94864390036924107, 43.50000000000000000 ) ) ;
#46 =( GEOMETRIC_REPRESENTATION_CONTEXT ( 3 ) GLOBAL_UNCERTAINTY_ASSIGNED_CONTEXT ( ( #2578 ) ) GLOBAL_UNIT_ASSIGNED_CONTEXT ( ( #3522, #3944, #3054 ) ) REPRESENTATION_CONTEXT ( 'NONE', 'WORKASPACE' ) );
#47 =( LENGTH_UNIT ( ) NAMED_UNIT ( * ) SI_UNIT ( .MILLI., .METRE. ) );
#48 = STYLED_ITEM ( 'NONE', ( #3330 ), #1390 ) ;
#49 = UNCERTAINTY_MEASURE_WITH_UNIT (LENGTH_MEASURE( 1.000000000000000082E-05 ), #5498, 'distance_accuracy_value', 'NONE');
#50 =( LENGTH_UNIT ( ) NAMED_UNIT ( * ) SI_UNIT ( .MILLI., .METRE. ) );
#51 = SURFACE_STYLE_USAGE ( .BOTH. , #5782 ) ;
#52 = STYLED_ITEM ( 'NONE', ( #4546 ), #6071 ) ;
#53 = CARTESIAN_POINT ( 'NONE',  ( -4.035584834214870575, -10.55135609963075893, 69.00000000000000000 ) ) ;
#54 =( LENGTH_UNIT ( ) NAMED_UNIT ( * ) SI_UNIT ( .MILLI., .METRE. ) );
#55 =( NAMED_UNIT ( * ) SI_UNIT ( $, .STERADIAN. ) SOLID_ANGLE_UNIT ( ) );
#56 = CARTESIAN_POINT ( 'NONE',  ( 23.46441516578512676, -8.551356099630737617, 58.00000000000000711 ) ) ;
#57 = EDGE_CURVE ( 'NONE', #2118, #1823, #3041, .T. ) ;
#58 = CARTESIAN_POINT ( 'NONE',  ( -31.53558483421486969, -8.539145212538837626, 43.85280969941640450 ) ) ;
#59 = FACE_OUTER_BOUND ( 'NONE', #1090, .T. ) ;
#60 = DIRECTION ( 'NONE',  ( 1.000000000000000000, 0.000000000000000000, 0.000000000000000000 ) ) ;
#61 = FILL_AREA_STYLE ('',( #3864 ) ) ;
#62 = ADVANCED_FACE ( 'NONE', ( #3539 ), #3936, .T. ) ;
#63 = ORIENTED_EDGE ( 'NONE', *, *, #4762, .F. ) ;
#64 = PRESENTATION_LAYER_ASSIGNMENT (  '', '', ( #3360 ) ) ;
#65 =( BOUNDED_SURFACE ( )  B_SPLINE_SURFACE ( 1, 3, ( 
 ( #2940, #5823, #2018, #3895 ),
 ( #1561, #3439, #2971, #4880 ) ),
 .UNSPECIFIED., .F., .F., .T. ) 
 B_SPLINE_SURFACE_WITH_KNOTS ( ( 2, 2 ),
 ( 4, 4 ),
 ( 0.04162577848936815234, 0.9583742215106310081 ),
 ( 0.000000000000000000, 1.000000000000000000 ),
 .UNSPECIFIED. ) 
 GEOMETRIC_REPRESENTATION_ITEM ( )  RATIONAL_B_SPLINE_SURFACE ( (
 ( 1.000000000000000000, 0.8047378541243649375, 0.8047378541243649375, 1.000000000000000000),
 ( 1.000000000000000000, 0.8047378541243649375, 0.8047378541243649375, 1.000000000000000000) ) ) 
 REPRESENTATION_ITEM ( '' )  SURFACE ( )  );
#66 = SURFACE_SIDE_STYLE ('',( #3322 ) ) ;
#67 = CARTESIAN_POINT ( 'NONE',  ( -12.53558483421487146, 2.948643900369238402, 74.50000000000000000 ) ) ;
#68 = PRESENTATION_LAYER_ASSIGNMENT (  '', '', ( #2174 ) ) ;
#69 = AXIS2_PLACEMENT_3D ( 'NONE', #3974, #1642, #3153 ) ;
#70 = CARTESIAN_POINT ( 'NONE',  ( 6.464415165785129425, -8.551356099630758933, 45.00000000000000000 ) ) ;
#71 = ADVANCED_FACE ( 'NONE', ( #5161 ), #5236, .T. ) ;
#72 =( LENGTH_UNIT ( ) NAMED_UNIT ( * ) SI_UNIT ( .MILLI., .METRE. ) );
#73 = EDGE_LOOP ( 'NONE', ( #3947, #5602, #1822, #5082 ) ) ;
#74 = CARTESIAN_POINT ( 'NONE',  ( -11.03558483421488035, -10.55135609963074650, 59.00000000000000000 ) ) ;
#75 = ORIENTED_EDGE ( 'NONE', *, *, #958, .T. ) ;
#76 = ORIENTED_EDGE ( 'NONE', *, *, #417, .F. ) ;
#77 = ORIENTED_EDGE ( 'NONE', *, *, #1146, .T. ) ;
#78 = VECTOR ( 'NONE', #3797, 1000.000000000000000 ) ;
#79 = CARTESIAN_POINT ( 'NONE',  ( 16.31466769747929391, 14.44864390036923574, 76.50000000000001421 ) ) ;
#80 = EDGE_CURVE ( 'NONE', #549, #5568, #4769, .T. ) ;
#81 =( GEOMETRIC_REPRESENTATION_CONTEXT ( 3 ) GLOBAL_UNCERTAINTY_ASSIGNED_CONTEXT ( ( #2814 ) ) GLOBAL_UNIT_ASSIGNED_CONTEXT ( ( #4583, #4096, #5967 ) ) REPRESENTATION_CONTEXT ( 'NONE', 'WORKASPACE' ) );
#82 = PRESENTATION_LAYER_ASSIGNMENT (  '', '', ( #5682 ) ) ;
#83 = ORIENTED_EDGE ( 'NONE', *, *, #2183, .F. ) ;
#84 = VECTOR ( 'NONE', #489, 1000.000000000000000 ) ;
#85 = VECTOR ( 'NONE', #2532, 1000.000000000000000 ) ;
#86 = CARTESIAN_POINT ( 'NONE',  ( -4.035584834214870575, -8.551356099630758933, 69.00000000000000000 ) ) ;
#87 = EDGE_CURVE ( 'NONE', #2949, #1811, #954, .T. ) ;
#88 = FACE_OUTER_BOUND ( 'NONE', #1867, .T. ) ;
#89 = CARTESIAN_POINT ( 'NONE',  ( 6.464415165785129425, -8.551356099630758933, 59.00000000000000000 ) ) ;
#90 =( NAMED_UNIT ( * ) SI_UNIT ( $, .STERADIAN. ) SOLID_ANGLE_UNIT ( ) );
#91 = VERTEX_POINT ( 'NONE', #4152 ) ;
#92 = ADVANCED_FACE ( 'NONE', ( #6079 ), #4177, .T. ) ;
#93 =( LENGTH_UNIT ( ) NAMED_UNIT ( * ) SI_UNIT ( .MILLI., .METRE. ) );
#94 = DIRECTION ( 'NONE',  ( 1.000000000000000000, 0.000000000000000000, 0.000000000000000000 ) ) ;
#95 = CARTESIAN_POINT ( 'NONE',  ( 9.464415165785128536, -10.55135609963075893, 45.00000000000000000 ) ) ;
#96 = CARTESIAN_POINT ( 'NONE',  ( -24.53558483421487324, -10.55135609963076604, 56.00000000000000000 ) ) ;
#97 =( GEOMETRIC_REPRESENTATION_CONTEXT ( 3 ) GLOBAL_UNCERTAINTY_ASSIGNED_CONTEXT ( ( #5921 ) ) GLOBAL_UNIT_ASSIGNED_CONTEXT ( ( #2014, #5518, #4081 ) ) REPRESENTATION_CONTEXT ( 'NONE', 'WORKASPACE' ) );
#98 = EDGE_LOOP ( 'NONE', ( #881, #3327, #2727, #4484 ) ) ;
#99 = EDGE_LOOP ( 'NONE', ( #5913, #1655, #4839, #2155 ) ) ;
#100 = ORIENTED_EDGE ( 'NONE', *, *, #2295, .F. ) ;
#101 = CLOSED_SHELL ( 'NONE', ( #3145, #2911, #4784, #3008, #4200, #3493, #1724, #4673, #4302, #4127, #338, #3007, #1810, #4580, #1943, #808, #2672, #3527, #5610, #5804, #1305, #2891, #1014, #1193, #3026, #3571, #3838, #4578, #5490, #4028, #1843, #418, #5424, #4486, #1436, #1455, #3985, #221, #3302, #1926, #1351, #5245, #4472, #733, #608, #62, #5824, #5497, #344, #1072, #2442, #4705, #2522, #6147, #2481, #2641, #647, #3580, #2345, #4279, #4452, #9, #5718, #959, #258, #3218, #1907, #2395, #1390, #6054, #5876, #1977, #5041, #1276, #630, #4841, #1752, #1349, #4352, #2748, #2923, #2087, #4649, #3931, #1918, #4990, #3860, #4882, #555, #71, #2099, #5963, #6071, #2740, #900, #5646, #1785, #3564, #5887, #2202, #2615, #92, #170 ) ) ;
#102 = CARTESIAN_POINT ( 'NONE',  ( -12.53558483421487146, -2.451356099630760177, 74.50000000000000000 ) ) ;
#103 = EDGE_LOOP ( 'NONE', ( #4586, #3843 ) ) ;
#104 = CARTESIAN_POINT ( 'NONE',  ( -30.50005092828215680, -10.55135609963075538, 70.49999999999998579 ) ) ;
#105 = ORIENTED_EDGE ( 'NONE', *, *, #331, .F. ) ;
#106 = PRESENTATION_LAYER_ASSIGNMENT (  '', '', ( #5806 ) ) ;
#107 = MECHANICAL_DESIGN_GEOMETRIC_PRESENTATION_REPRESENTATION (  '', ( #3499 ), #3886 ) ;
#108 = FACE_OUTER_BOUND ( 'NONE', #4556, .T. ) ;
#109 = EDGE_CURVE ( 'NONE', #779, #279, #577, .T. ) ;
#110 = CARTESIAN_POINT ( 'NONE',  ( 27.62441516578512690, -8.551356099630758933, 75.19999999999998863 ) ) ;
#111 = LINE ( 'NONE', #1023, #3232 ) ;
#112 = FACE_OUTER_BOUND ( 'NONE', #2210, .T. ) ;
#113 = SURFACE_SIDE_STYLE ('',( #4386 ) ) ;
#114 = MECHANICAL_DESIGN_GEOMETRIC_PRESENTATION_REPRESENTATION (  '', ( #1928 ), #2898 ) ;
#115 = PRESENTATION_LAYER_ASSIGNMENT (  '', '', ( #1830 ) ) ;
#116 = UNCERTAINTY_MEASURE_WITH_UNIT (LENGTH_MEASURE( 1.000000000000000082E-05 ), #3524, 'distance_accuracy_value', 'NONE');
#117 = SURFACE_SIDE_STYLE ('',( #5404 ) ) ;
#118 = FACE_BOUND ( 'NONE', #5929, .T. ) ;
#119 = PRESENTATION_STYLE_ASSIGNMENT (( #2994 ) ) ;
#120 = CIRCLE ( 'NONE', #5628, 3.499999999999999556 ) ;
#121 = ORIENTED_EDGE ( 'NONE', *, *, #4091, .T. ) ;
#122 = COLOUR_RGB ( '',1.000000000000000000, 1.000000000000000000, 1.000000000000000000 ) ;
#123 =( NAMED_UNIT ( * ) SI_UNIT ( $, .STERADIAN. ) SOLID_ANGLE_UNIT ( ) );
#124 = DIRECTION ( 'NONE',  ( 0.000000000000000000, -1.000000000000000000, 0.000000000000000000 ) ) ;
#125 =( NAMED_UNIT ( * ) PLANE_ANGLE_UNIT ( ) SI_UNIT ( $, .RADIAN. ) );
#126 = EDGE_CURVE ( 'NONE', #4154, #4403, #280, .T. ) ;
#127 = VECTOR ( 'NONE', #2832, 1000.000000000000000 ) ;
#128 = ORIENTED_EDGE ( 'NONE', *, *, #3943, .F. ) ;
#129 = ORIENTED_EDGE ( 'NONE', *, *, #4498, .T. ) ;
#130 =( LENGTH_UNIT ( ) NAMED_UNIT ( * ) SI_UNIT ( .MILLI., .METRE. ) );
#131 = CARTESIAN_POINT ( 'NONE',  ( -26.53558483421487324, -2.051356099630759378, 45.50000000000000000 ) ) ;
#132 = AXIS2_PLACEMENT_3D ( 'NONE', #1093, #2002, #5434 ) ;
#133 = CARTESIAN_POINT ( 'NONE',  ( -26.53558483421487324, 7.948643900369239290, 45.50000000000000000 ) ) ;
#134 = SURFACE_SIDE_STYLE ('',( #5331 ) ) ;
#135 = EDGE_CURVE ( 'NONE', #3002, #3128, #6174, .T. ) ;
#136 = DIRECTION ( 'NONE',  ( 0.000000000000000000, 0.000000000000000000, -1.000000000000000000 ) ) ;
#137 = VERTEX_POINT ( 'NONE', #5739 ) ;
#138 = UNCERTAINTY_MEASURE_WITH_UNIT (LENGTH_MEASURE( 1.000000000000000082E-05 ), #5892, 'distance_accuracy_value', 'NONE');
#139 = VECTOR ( 'NONE', #229, 1000.000000000000000 ) ;
#140 = CARTESIAN_POINT ( 'NONE',  ( -1.035584834214869909, -8.551356099630758933, 69.00000000000000000 ) ) ;
#141 = CARTESIAN_POINT ( 'NONE',  ( 16.46441516578513031, -8.551356099630758933, 52.00000000000000000 ) ) ;
#142 = CARTESIAN_POINT ( 'NONE',  ( 17.76441516578512747, -11.53914521253883763, 70.50000000000000000 ) ) ;
#143 = SURFACE_SIDE_STYLE ('',( #2496 ) ) ;
#144 = EDGE_CURVE ( 'NONE', #3470, #2318, #3766, .T. ) ;
#145 = EDGE_CURVE ( 'NONE', #5551, #4885, #480, .T. ) ;
#146 = PRESENTATION_LAYER_ASSIGNMENT (  '', '', ( #52 ) ) ;
#147 = DIRECTION ( 'NONE',  ( 0.000000000000000000, 1.000000000000000000, 0.000000000000000000 ) ) ;
#148 =( NAMED_UNIT ( * ) SI_UNIT ( $, .STERADIAN. ) SOLID_ANGLE_UNIT ( ) );
#149 = EDGE_CURVE ( 'NONE', #3511, #3622, #4871, .T. ) ;
#150 = PRESENTATION_STYLE_ASSIGNMENT (( #963 ) ) ;
#151 = EDGE_LOOP ( 'NONE', ( #4469, #3033 ) ) ;
#152 = CARTESIAN_POINT ( 'NONE',  ( 17.85522694475712768, -10.64216787860075897, 49.49999999999999289 ) ) ;
#153 = DIRECTION ( 'NONE',  ( 0.000000000000000000, 1.000000000000000000, 0.000000000000000000 ) ) ;
#154 = CARTESIAN_POINT ( 'NONE',  ( -31.53558483421486969, 11.37864390036924256, 43.00999999999999801 ) ) ;
#155 = FILL_AREA_STYLE ('',( #1078 ) ) ;
#156 = CARTESIAN_POINT ( 'NONE',  ( -22.83558483421487040, -10.55135609963075893, 49.49999999999999289 ) ) ;
#157 = VERTEX_POINT ( 'NONE', #5352 ) ;
#158 = ORIENTED_EDGE ( 'NONE', *, *, #2561, .T. ) ;
#159 = UNCERTAINTY_MEASURE_WITH_UNIT (LENGTH_MEASURE( 1.000000000000000082E-05 ), #5154, 'distance_accuracy_value', 'NONE');
#160 = VECTOR ( 'NONE', #176, 1000.000000000000000 ) ;
#161 = CARTESIAN_POINT ( 'NONE',  ( 26.46441516578512676, -8.539145212538837626, 70.50000000000000000 ) ) ;
#162 = EDGE_CURVE ( 'NONE', #5886, #4412, #5384, .T. ) ;
#163 = FACE_OUTER_BOUND ( 'NONE', #6153, .T. ) ;
#164 = SURFACE_SIDE_STYLE ('',( #5358 ) ) ;
#165 = ORIENTED_EDGE ( 'NONE', *, *, #3449, .T. ) ;
#166 = STYLED_ITEM ( 'NONE', ( #2469 ), #2395 ) ;
#167 = STYLED_ITEM ( 'NONE', ( #5033 ), #3169 ) ;
#168 = ORIENTED_EDGE ( 'NONE', *, *, #4651, .F. ) ;
#169 = CARTESIAN_POINT ( 'NONE',  ( 26.46441516578512676, -11.53914521253883763, 43.85280969941640450 ) ) ;
#170 = ADVANCED_FACE ( 'NONE', ( #2973, #4883, #3925, #503, #3001, #2413, #5008, #4565, #4430, #1616, #3095, #2201, #1741, #3982, #4461, #704, #5491, #3563, #3316, #1368 ), #3654, .F. ) ;
#171 = CARTESIAN_POINT ( 'NONE',  ( 14.46441516578513031, 4.548643900369238935, 74.50000000000000000 ) ) ;
#172 = VECTOR ( 'NONE', #1318, 1000.000000000000000 ) ;
#173 = CARTESIAN_POINT ( 'NONE',  ( 7.464415165785128536, 1.348643900369240978, 76.50000000000000000 ) ) ;
#174 = DIRECTION ( 'NONE',  ( 1.000000000000000000, 0.000000000000000000, 0.000000000000000000 ) ) ;
#175 = CARTESIAN_POINT ( 'NONE',  ( 16.21441516578513031, -8.539145212538837626, 43.85280969941640450 ) ) ;
#176 = DIRECTION ( 'NONE',  ( 0.000000000000000000, 0.000000000000000000, -1.000000000000000000 ) ) ;
#177 = PRESENTATION_LAYER_ASSIGNMENT (  '', '', ( #3372 ) ) ;
#178 = CARTESIAN_POINT ( 'NONE',  ( -6.535584834214880345, -10.55135609963076604, 70.00000000000000000 ) ) ;
#179 = UNCERTAINTY_MEASURE_WITH_UNIT (LENGTH_MEASURE( 1.000000000000000082E-05 ), #3529, 'distance_accuracy_value', 'NONE');
#180 = STYLED_ITEM ( 'NONE', ( #4034 ), #258 ) ;
#181 =( NAMED_UNIT ( * ) SI_UNIT ( $, .STERADIAN. ) SOLID_ANGLE_UNIT ( ) );
#182 = CARTESIAN_POINT ( 'NONE',  ( 19.46441516578511255, 11.94864390036921975, 43.49999999999999289 ) ) ;
#183 = FACE_BOUND ( 'NONE', #5155, .T. ) ;
#184 =( NAMED_UNIT ( * ) SI_UNIT ( $, .STERADIAN. ) SOLID_ANGLE_UNIT ( ) );
#185 = CARTESIAN_POINT ( 'NONE',  ( 4.464415165785129425, -8.551356099630758933, 62.00000000000000000 ) ) ;
#186 =( NAMED_UNIT ( * ) PLANE_ANGLE_UNIT ( ) SI_UNIT ( $, .RADIAN. ) );
#187 = SURFACE_STYLE_FILL_AREA ( #4909 ) ;
#188 = CARTESIAN_POINT ( 'NONE',  ( 23.46441516578513031, -2.051356099630759378, 45.50000000000000000 ) ) ;
#189 = ORIENTED_EDGE ( 'NONE', *, *, #3637, .F. ) ;
#190 =( LENGTH_UNIT ( ) NAMED_UNIT ( * ) SI_UNIT ( .MILLI., .METRE. ) );
#191 = SURFACE_STYLE_FILL_AREA ( #4915 ) ;
#192 = DIRECTION ( 'NONE',  ( 0.000000000000000000, 0.000000000000000000, -1.000000000000000000 ) ) ;
#193 = SURFACE_STYLE_USAGE ( .BOTH. , #6128 ) ;
#194 = UNCERTAINTY_MEASURE_WITH_UNIT (LENGTH_MEASURE( 1.000000000000000082E-05 ), #2501, 'distance_accuracy_value', 'NONE');
#195 = DIRECTION ( 'NONE',  ( 0.000000000000000000, 0.000000000000000000, -1.000000000000000000 ) ) ;
#196 = EDGE_LOOP ( 'NONE', ( #1435, #3722, #3993, #906, #4175, #732, #3842 ) ) ;
#197 = VERTEX_POINT ( 'NONE', #3247 ) ;
#198 = EDGE_CURVE ( 'NONE', #2117, #3813, #5979, .T. ) ;
#199 = EDGE_LOOP ( 'NONE', ( #4379, #4658, #2416, #2171 ) ) ;
#200 = UNCERTAINTY_MEASURE_WITH_UNIT (LENGTH_MEASURE( 1.000000000000000082E-05 ), #2579, 'distance_accuracy_value', 'NONE');
#201 = FILL_AREA_STYLE_COLOUR ( '', #328 ) ;
#202 = DIRECTION ( 'NONE',  ( 0.000000000000000000, 1.000000000000000000, 0.000000000000000000 ) ) ;
#203 = CARTESIAN_POINT ( 'NONE',  ( -4.535584834214871464, -8.551356099630758933, 52.00000000000000000 ) ) ;
#204 = CARTESIAN_POINT ( 'NONE',  ( -18.78558483421487324, -8.539145212538837626, 39.49999999999999289 ) ) ;
#205 = CARTESIAN_POINT ( 'NONE',  ( 6.464415165785128536, -8.551356099630737617, 48.00000000000000000 ) ) ;
#206 = CARTESIAN_POINT ( 'NONE',  ( -26.53558483421487324, 7.948643900369239290, 43.50000000000000000 ) ) ;
#207 = STYLED_ITEM ( 'NONE', ( #4271 ), #3931 ) ;
#208 = DIRECTION ( 'NONE',  ( -1.000000000000000000, 0.000000000000000000, 0.000000000000000000 ) ) ;
#209 = SURFACE_STYLE_USAGE ( .BOTH. , #4481 ) ;
#210 = CARTESIAN_POINT ( 'NONE',  ( -26.53558483421487324, -8.551356099630758933, 62.00000000000000000 ) ) ;
#211 = CARTESIAN_POINT ( 'NONE',  ( -17.03558483421486969, -10.55135609963075893, 52.00000000000000000 ) ) ;
#212 = MECHANICAL_DESIGN_GEOMETRIC_PRESENTATION_REPRESENTATION (  '', ( #3994 ), #4501 ) ;
#213 = ORIENTED_EDGE ( 'NONE', *, *, #529, .F. ) ;
#214 = CARTESIAN_POINT ( 'NONE',  ( 19.46441516578512676, -8.551356099630758933, 62.00000000000000000 ) ) ;
#215 = SURFACE_STYLE_USAGE ( .BOTH. , #1159 ) ;
#216 = CARTESIAN_POINT ( 'NONE',  ( 16.46441516578513031, -10.55135609963075893, 52.00000000000000000 ) ) ;
#217 = FACE_OUTER_BOUND ( 'NONE', #3691, .T. ) ;
#218 = SURFACE_STYLE_USAGE ( .BOTH. , #667 ) ;
#219 = EDGE_CURVE ( 'NONE', #3622, #2117, #2773, .T. ) ;
#220 = DIRECTION ( 'NONE',  ( 0.000000000000000000, 0.000000000000000000, -1.000000000000000000 ) ) ;
#221 = ADVANCED_FACE ( 'NONE', ( #4761 ), #3713, .F. ) ;
#222 = ORIENTED_EDGE ( 'NONE', *, *, #1915, .F. ) ;
#223 = VECTOR ( 'NONE', #4957, 1000.000000000000000 ) ;
#224 = ORIENTED_EDGE ( 'NONE', *, *, #5221, .T. ) ;
#225 = VECTOR ( 'NONE', #5663, 1000.000000000000000 ) ;
#226 = LINE ( 'NONE', #2147, #3605 ) ;
#227 = DIRECTION ( 'NONE',  ( 0.000000000000000000, -1.000000000000000000, 0.000000000000000000 ) ) ;
#228 = SURFACE_STYLE_FILL_AREA ( #1170 ) ;
#229 = DIRECTION ( 'NONE',  ( 0.000000000000000000, 0.000000000000000000, -1.000000000000000000 ) ) ;
#230 = STYLED_ITEM ( 'NONE', ( #4186 ), #1193 ) ;
#231 = AXIS2_PLACEMENT_3D ( 'NONE', #2045, #2071, #601 ) ;
#232 = CARTESIAN_POINT ( 'NONE',  ( -15.73558483421485832, 4.548643900369216730, 74.49999999999998579 ) ) ;
#233 =( NAMED_UNIT ( * ) PLANE_ANGLE_UNIT ( ) SI_UNIT ( $, .RADIAN. ) );
#234 = EDGE_LOOP ( 'NONE', ( #4211, #5248 ) ) ;
#235 = VERTEX_POINT ( 'NONE', #1088 ) ;
#236 = CARTESIAN_POINT ( 'NONE',  ( 17.76441516578512747, -10.55135609963075893, 44.50000000000000000 ) ) ;
#237 = VECTOR ( 'NONE', #4357, 1000.000000000000000 ) ;
#238 = FILL_AREA_STYLE ('',( #688 ) ) ;
#239 =( LENGTH_UNIT ( ) NAMED_UNIT ( * ) SI_UNIT ( .MILLI., .METRE. ) );
#240 = SURFACE_STYLE_USAGE ( .BOTH. , #2188 ) ;
#241 = CARTESIAN_POINT ( 'NONE',  ( -32.69558483421486983, -10.55135609963075893, 76.21999999999999886 ) ) ;
#242 =( GEOMETRIC_REPRESENTATION_CONTEXT ( 3 ) GLOBAL_UNCERTAINTY_ASSIGNED_CONTEXT ( ( #288 ) ) GLOBAL_UNIT_ASSIGNED_CONTEXT ( ( #190, #3098, #4499 ) ) REPRESENTATION_CONTEXT ( 'NONE', 'WORKASPACE' ) );
#243 = PRESENTATION_STYLE_ASSIGNMENT (( #6057 ) ) ;
#244 =( NAMED_UNIT ( * ) SI_UNIT ( $, .STERADIAN. ) SOLID_ANGLE_UNIT ( ) );
#245 = DIRECTION ( 'NONE',  ( 1.000000000000000000, 0.000000000000000000, 0.000000000000000000 ) ) ;
#246 = EDGE_CURVE ( 'NONE', #3736, #714, #2867, .T. ) ;
#247 = PRESENTATION_LAYER_ASSIGNMENT (  '', '', ( #48 ) ) ;
#248 = CARTESIAN_POINT ( 'NONE',  ( 14.26441516578512925, 14.44864390036923751, 76.50000000000000000 ) ) ;
#249 = COLOUR_RGB ( '',1.000000000000000000, 1.000000000000000000, 1.000000000000000000 ) ;
#250 = ORIENTED_EDGE ( 'NONE', *, *, #801, .T. ) ;
#251 = CARTESIAN_POINT ( 'NONE',  ( 7.464415165785128536, -4.051356099630760710, 74.50000000000000000 ) ) ;
#252 = FACE_OUTER_BOUND ( 'NONE', #805, .T. ) ;
#253 = DIRECTION ( 'NONE',  ( 0.000000000000000000, 0.000000000000000000, 1.000000000000000000 ) ) ;
#254 = CARTESIAN_POINT ( 'NONE',  ( -26.53558483421487324, -2.051356099630759378, 43.50000000000000000 ) ) ;
#255 = EDGE_LOOP ( 'NONE', ( #4702, #6039, #5332, #5290 ) ) ;
#256 = VECTOR ( 'NONE', #5843, 1000.000000000000000 ) ;
#257 = FACE_OUTER_BOUND ( 'NONE', #98, .T. ) ;
#258 = ADVANCED_FACE ( 'NONE', ( #4606 ), #5874, .T. ) ;
#259 = LINE ( 'NONE', #2609, #3132 ) ;
#260 = UNCERTAINTY_MEASURE_WITH_UNIT (LENGTH_MEASURE( 1.000000000000000082E-05 ), #2886, 'distance_accuracy_value', 'NONE');
#261 = CARTESIAN_POINT ( 'NONE',  ( -14.53558483421486969, -10.55135609963075893, 59.00000000000000000 ) ) ;
#262 = EDGE_LOOP ( 'NONE', ( #1900, #4371 ) ) ;
#263 = EDGE_LOOP ( 'NONE', ( #5259, #4401 ) ) ;
#264 = VECTOR ( 'NONE', #1635, 1000.000000000000000 ) ;
#265 =( NAMED_UNIT ( * ) SI_UNIT ( $, .STERADIAN. ) SOLID_ANGLE_UNIT ( ) );
#266 =( BOUNDED_SURFACE ( )  B_SPLINE_SURFACE ( 1, 3, ( 
 ( #5735, #1463, #4238, #5315 ),
 ( #539, #32, #1523, #4303 ) ),
 .UNSPECIFIED., .F., .F., .T. ) 
 B_SPLINE_SURFACE_WITH_KNOTS ( ( 2, 2 ),
 ( 4, 4 ),
 ( 0.04162577848936890174, 0.9583742215106310081 ),
 ( 0.000000000000000000, 1.000000000000000000 ),
 .UNSPECIFIED. ) 
 GEOMETRIC_REPRESENTATION_ITEM ( )  RATIONAL_B_SPLINE_SURFACE ( (
 ( 1.000000000000000000, 0.3333333333333335369, 0.3333333333333335369, 1.000000000000000000),
 ( 1.000000000000000000, 0.3333333333333335369, 0.3333333333333335369, 1.000000000000000000) ) ) 
 REPRESENTATION_ITEM ( '' )  SURFACE ( )  );
#267 = FILL_AREA_STYLE_COLOUR ( '', #643 ) ;
#268 = SURFACE_STYLE_USAGE ( .BOTH. , #3047 ) ;
#269 = CARTESIAN_POINT ( 'NONE',  ( 3.964415165785129425, -10.55135609963075893, 52.00000000000000000 ) ) ;
#270 = B_SPLINE_SURFACE_WITH_KNOTS ( 'NONE', 1, 1, ( 
 ( #5538, #1245 ),
 ( #652, #2549 ) ),
 .UNSPECIFIED., .F., .F., .F.,
 ( 2, 2 ),
 ( 2, 2 ),
 ( -0.1199999999999999956, 6.120000000000000107 ),
 ( -0.4288000000000000145, 21.86880000000000024 ),
 .UNSPECIFIED. ) ;
#271 = FILL_AREA_STYLE_COLOUR ( '', #1923 ) ;
#272 = PRESENTATION_LAYER_ASSIGNMENT (  '', '', ( #4573 ) ) ;
#273 = COLOUR_RGB ( '',1.000000000000000000, 1.000000000000000000, 1.000000000000000000 ) ;
#274 = CARTESIAN_POINT ( 'NONE',  ( 6.464415165785128536, -10.55135609963074650, 48.00000000000000000 ) ) ;
#275 = STYLED_ITEM ( 'NONE', ( #318 ), #3302 ) ;
#276 = DIRECTION ( 'NONE',  ( 0.000000000000000000, 0.000000000000000000, -1.000000000000000000 ) ) ;
#277 = CARTESIAN_POINT ( 'NONE',  ( -5.535584834214870575, 2.948643900369238402, 74.50000000000000000 ) ) ;
#278 = MECHANICAL_DESIGN_GEOMETRIC_PRESENTATION_REPRESENTATION (  '', ( #5869 ), #6172 ) ;
#279 = VERTEX_POINT ( 'NONE', #156 ) ;
#280 = CIRCLE ( 'NONE', #3469, 1.499999999999999556 ) ;
#281 = EDGE_CURVE ( 'NONE', #4567, #1743, #893, .T. ) ;
#282 = SURFACE_STYLE_USAGE ( .BOTH. , #4050 ) ;
#283 = CARTESIAN_POINT ( 'NONE',  ( 17.76441516578512747, -9.551356099630760710, 43.50000000000000000 ) ) ;
#284 = CARTESIAN_POINT ( 'NONE',  ( 3.964415165785130313, -10.55135609963076604, 44.00000000000000711 ) ) ;
#285 = VECTOR ( 'NONE', #2550, 1000.000000000000000 ) ;
#286 = CARTESIAN_POINT ( 'NONE',  ( 17.76441516578512747, -8.551356099630758933, 45.50000000000000000 ) ) ;
#287 = VECTOR ( 'NONE', #5322, 1000.000000000000000 ) ;
#288 = UNCERTAINTY_MEASURE_WITH_UNIT (LENGTH_MEASURE( 1.000000000000000082E-05 ), #190, 'distance_accuracy_value', 'NONE');
#289 =( NAMED_UNIT ( * ) SI_UNIT ( $, .STERADIAN. ) SOLID_ANGLE_UNIT ( ) );
#290 = VERTEX_POINT ( 'NONE', #4787 ) ;
#291 = SURFACE_SIDE_STYLE ('',( #2298 ) ) ;
#292 = DIRECTION ( 'NONE',  ( 0.000000000000000000, 0.000000000000000000, 1.000000000000000000 ) ) ;
#293 = ORIENTED_EDGE ( 'NONE', *, *, #677, .T. ) ;
#294 = ORIENTED_EDGE ( 'NONE', *, *, #2625, .F. ) ;
#295 = ORIENTED_EDGE ( 'NONE', *, *, #2555, .T. ) ;
#296 =( NAMED_UNIT ( * ) PLANE_ANGLE_UNIT ( ) SI_UNIT ( $, .RADIAN. ) );
#297 = CARTESIAN_POINT ( 'NONE',  ( -22.83558483421487040, -10.55135609963075893, 75.50000000000000000 ) ) ;
#298 = EDGE_CURVE ( 'NONE', #2451, #2361, #505, .T. ) ;
#299 = ORIENTED_EDGE ( 'NONE', *, *, #3407, .T. ) ;
#300 = EDGE_CURVE ( 'NONE', #2668, #4507, #3410, .T. ) ;
#301 = SURFACE_STYLE_FILL_AREA ( #1353 ) ;
#302 = DIRECTION ( 'NONE',  ( 0.000000000000000000, 1.000000000000000000, 0.000000000000000000 ) ) ;
#303 = CARTESIAN_POINT ( 'NONE',  ( 6.464415165785129425, -8.551356099630758933, 45.00000000000000000 ) ) ;
#304 = CARTESIAN_POINT ( 'NONE',  ( -22.83558483421487040, -9.551356099630760710, 44.50000000000000000 ) ) ;
#305 = COLOUR_RGB ( '',1.000000000000000000, 1.000000000000000000, 1.000000000000000000 ) ;
#306 = FACE_OUTER_BOUND ( 'NONE', #2915, .T. ) ;
#307 = UNCERTAINTY_MEASURE_WITH_UNIT (LENGTH_MEASURE( 1.000000000000000082E-05 ), #844, 'distance_accuracy_value', 'NONE');
#308 = ORIENTED_EDGE ( 'NONE', *, *, #3089, .T. ) ;
#309 = CIRCLE ( 'NONE', #3203, 2.000000000000001776 ) ;
#310 = CARTESIAN_POINT ( 'NONE',  ( 13.46441516578512854, -8.551356099630758933, 52.00000000000000000 ) ) ;
#311 = PRESENTATION_STYLE_ASSIGNMENT (( #1361 ) ) ;
#312 =( GEOMETRIC_REPRESENTATION_CONTEXT ( 3 ) GLOBAL_UNCERTAINTY_ASSIGNED_CONTEXT ( ( #693 ) ) GLOBAL_UNIT_ASSIGNED_CONTEXT ( ( #952, #3779, #3836 ) ) REPRESENTATION_CONTEXT ( 'NONE', 'WORKASPACE' ) );
#313 = CARTESIAN_POINT ( 'NONE',  ( 23.46441516578513031, -6.051356099630770480, 43.49999999999999289 ) ) ;
#314 = CARTESIAN_POINT ( 'NONE',  ( -16.33558483421485619, 1.348643900369237647, 74.49999999999998579 ) ) ;
#315 = VERTEX_POINT ( 'NONE', #5770 ) ;
#316 = PLANE ( 'NONE',  #1835 ) ;
#317 = AXIS2_PLACEMENT_3D ( 'NONE', #4115, #5068, #1231 ) ;
#318 = PRESENTATION_STYLE_ASSIGNMENT (( #5563 ) ) ;
#319 = CARTESIAN_POINT ( 'NONE',  ( -19.53558483421487324, 1.348643900369240978, 76.50000000000000000 ) ) ;
#320 = EDGE_CURVE ( 'NONE', #4023, #5723, #2876, .T. ) ;
#321 = VECTOR ( 'NONE', #1481, 1000.000000000000000 ) ;
#322 = CARTESIAN_POINT ( 'NONE',  ( -12.53558483421487146, 4.548643900369238935, 74.50000000000000000 ) ) ;
#323 = ORIENTED_EDGE ( 'NONE', *, *, #2108, .T. ) ;
#324 =( BOUNDED_SURFACE ( )  B_SPLINE_SURFACE ( 1, 3, ( 
 ( #4598, #314, #4116, #669 ),
 ( #1134, #3032, #1652, #4462 ) ),
 .UNSPECIFIED., .F., .F., .T. ) 
 B_SPLINE_SURFACE_WITH_KNOTS ( ( 2, 2 ),
 ( 4, 4 ),
 ( 0.04162577848936890174, 0.9583742215106310081 ),
 ( 0.000000000000000000, 1.000000000000000000 ),
 .UNSPECIFIED. ) 
 GEOMETRIC_REPRESENTATION_ITEM ( )  RATIONAL_B_SPLINE_SURFACE ( (
 ( 1.000000000000000000, 0.3333333333333335369, 0.3333333333333335369, 1.000000000000000000),
 ( 1.000000000000000000, 0.3333333333333335369, 0.3333333333333335369, 1.000000000000000000) ) ) 
 REPRESENTATION_ITEM ( '' )  SURFACE ( )  );
#325 =( GEOMETRIC_REPRESENTATION_CONTEXT ( 3 ) GLOBAL_UNCERTAINTY_ASSIGNED_CONTEXT ( ( #3134 ) ) GLOBAL_UNIT_ASSIGNED_CONTEXT ( ( #2575, #3068, #3099 ) ) REPRESENTATION_CONTEXT ( 'NONE', 'WORKASPACE' ) );
#326 = ORIENTED_EDGE ( 'NONE', *, *, #1121, .F. ) ;
#327 = EDGE_LOOP ( 'NONE', ( #1542, #713, #1063, #5608 ) ) ;
#328 = COLOUR_RGB ( '',1.000000000000000000, 1.000000000000000000, 1.000000000000000000 ) ;
#329 = DIRECTION ( 'NONE',  ( 0.000000000000000000, 1.000000000000000000, 0.000000000000000000 ) ) ;
#330 = MECHANICAL_DESIGN_GEOMETRIC_PRESENTATION_REPRESENTATION (  '', ( #2918 ), #1551 ) ;
#331 = EDGE_CURVE ( 'NONE', #5597, #1285, #5081, .T. ) ;
#332 = ORIENTED_EDGE ( 'NONE', *, *, #5877, .F. ) ;
#333 = COLOUR_RGB ( '',1.000000000000000000, 1.000000000000000000, 1.000000000000000000 ) ;
#334 = CARTESIAN_POINT ( 'NONE',  ( -15.73558483421485832, 8.348643900369223658, 76.50000000000000000 ) ) ;
#335 = CARTESIAN_POINT ( 'NONE',  ( 26.46441516578512676, -11.53914521253883763, 43.85280969941640450 ) ) ;
#336 = EDGE_CURVE ( 'NONE', #5696, #4147, #1686, .T. ) ;
#337 = AXIS2_PLACEMENT_3D ( 'NONE', #5335, #3938, #3480 ) ;
#338 = ADVANCED_FACE ( 'NONE', ( #2106 ), #4825, .T. ) ;
#339 = FILL_AREA_STYLE ('',( #1453 ) ) ;
#340 = ORIENTED_EDGE ( 'NONE', *, *, #2948, .T. ) ;
#341 = LINE ( 'NONE', #2138, #1128 ) ;
#342 = LINE ( 'NONE', #4623, #1718 ) ;
#343 = CARTESIAN_POINT ( 'NONE',  ( 9.464415165785128536, -10.55135609963075893, 45.00000000000000000 ) ) ;
#344 = ADVANCED_FACE ( 'NONE', ( #4022 ), #324, .T. ) ;
#345 = PRESENTATION_LAYER_ASSIGNMENT (  '', '', ( #5445 ) ) ;
#346 = CARTESIAN_POINT ( 'NONE',  ( 23.46441516578513031, -6.051356099630770480, 45.50000000000000000 ) ) ;
#347 = CARTESIAN_POINT ( 'NONE',  ( -20.25005092828214615, -8.551356099630767815, 39.50000000000000000 ) ) ;
#348 = ORIENTED_EDGE ( 'NONE', *, *, #5987, .T. ) ;
#349 = VERTEX_POINT ( 'NONE', #5585 ) ;
#351 = FILL_AREA_STYLE_COLOUR ( '', #3805 ) ;
#350 = PRESENTATION_LAYER_ASSIGNMENT (  '', '', ( #4641 ) ) ;
#352 = FILL_AREA_STYLE ('',( #3592 ) ) ;
#353 =( NAMED_UNIT ( * ) PLANE_ANGLE_UNIT ( ) SI_UNIT ( $, .RADIAN. ) );
#354 = CARTESIAN_POINT ( 'NONE',  ( 2.964415165785129425, -8.551356099630758933, 62.00000000000000000 ) ) ;
#355 = ORIENTED_EDGE ( 'NONE', *, *, #594, .T. ) ;
#356 = ORIENTED_EDGE ( 'NONE', *, *, #3184, .T. ) ;
#357 = EDGE_CURVE ( 'NONE', #6101, #806, #3865, .T. ) ;
#358 = PRESENTATION_STYLE_ASSIGNMENT (( #1180 ) ) ;
#359 = LINE ( 'NONE', #4129, #2253 ) ;
#360 =( BOUNDED_SURFACE ( )  B_SPLINE_SURFACE ( 1, 3, ( 
 ( #1066, #4358, #5788, #5310 ),
 ( #4834, #3827, #565, #89 ) ),
 .UNSPECIFIED., .F., .F., .T. ) 
 B_SPLINE_SURFACE_WITH_KNOTS ( ( 2, 2 ),
 ( 4, 4 ),
 ( 0.04162577848936815234, 0.9583742215106310081 ),
 ( 0.000000000000000000, 1.000000000000000000 ),
 .UNSPECIFIED. ) 
 GEOMETRIC_REPRESENTATION_ITEM ( )  RATIONAL_B_SPLINE_SURFACE ( (
 ( 1.000000000000000000, 0.3333333333333329818, 0.3333333333333329818, 1.000000000000000000),
 ( 1.000000000000000000, 0.3333333333333329818, 0.3333333333333329818, 1.000000000000000000) ) ) 
 REPRESENTATION_ITEM ( '' )  SURFACE ( )  );
#361 = COLOUR_RGB ( '',1.000000000000000000, 1.000000000000000000, 1.000000000000000000 ) ;
#362 = VERTEX_POINT ( 'NONE', #5123 ) ;
#363 = PRODUCT_DEFINITION ( '未知', '', #728, #3935 ) ;
#364 = DIRECTION ( 'NONE',  ( 0.000000000000000000, 0.000000000000000000, 1.000000000000000000 ) ) ;
#365 = VECTOR ( 'NONE', #2471, 1000.000000000000000 ) ;
#366 =( LENGTH_UNIT ( ) NAMED_UNIT ( * ) SI_UNIT ( .MILLI., .METRE. ) );
#367 = SURFACE_STYLE_USAGE ( .BOTH. , #4677 ) ;
#368 = PRESENTATION_LAYER_ASSIGNMENT (  '', '', ( #166 ) ) ;
#369 = ORIENTED_EDGE ( 'NONE', *, *, #4820, .F. ) ;
#370 = DIRECTION ( 'NONE',  ( 0.000000000000000000, 0.000000000000000000, -1.000000000000000000 ) ) ;
#371 = CARTESIAN_POINT ( 'NONE',  ( -4.035584834214870575, -8.551356099630758933, 69.00000000000000000 ) ) ;
#372 = PRESENTATION_LAYER_ASSIGNMENT (  '', '', ( #5264 ) ) ;
#373 = DIRECTION ( 'NONE',  ( 0.000000000000000000, 1.000000000000000000, 0.000000000000000000 ) ) ;
#374 = FACE_OUTER_BOUND ( 'NONE', #5359, .T. ) ;
#375 = DIRECTION ( 'NONE',  ( 0.000000000000000000, 1.000000000000000000, 0.000000000000000000 ) ) ;
#376 =( GEOMETRIC_REPRESENTATION_CONTEXT ( 3 ) GLOBAL_UNCERTAINTY_ASSIGNED_CONTEXT ( ( #2426 ) ) GLOBAL_UNIT_ASSIGNED_CONTEXT ( ( #72, #2905, #5768 ) ) REPRESENTATION_CONTEXT ( 'NONE', 'WORKASPACE' ) );
#377 = CARTESIAN_POINT ( 'NONE',  ( -5.535584834214870575, 4.548643900369238935, 76.50000000000000000 ) ) ;
#378 = VERTEX_POINT ( 'NONE', #3743 ) ;
#379 = VERTEX_POINT ( 'NONE', #6099 ) ;
#380 = COLOUR_RGB ( '',1.000000000000000000, 1.000000000000000000, 1.000000000000000000 ) ;
#381 = FILL_AREA_STYLE ('',( #4659 ) ) ;
#382 = CARTESIAN_POINT ( 'NONE',  ( -22.83558483421487040, 11.37864390036924256, 49.61999999999999744 ) ) ;
#383 =( NAMED_UNIT ( * ) PLANE_ANGLE_UNIT ( ) SI_UNIT ( $, .RADIAN. ) );
#384 =( GEOMETRIC_REPRESENTATION_CONTEXT ( 3 ) GLOBAL_UNCERTAINTY_ASSIGNED_CONTEXT ( ( #2175 ) ) GLOBAL_UNIT_ASSIGNED_CONTEXT ( ( #2570, #3163, #2170 ) ) REPRESENTATION_CONTEXT ( 'NONE', 'WORKASPACE' ) );
#385 = LINE ( 'NONE', #803, #2412 ) ;
#386 = FILL_AREA_STYLE ('',( #4662 ) ) ;
#387 = ORIENTED_EDGE ( 'NONE', *, *, #5385, .T. ) ;
#388 = ORIENTED_EDGE ( 'NONE', *, *, #6081, .T. ) ;
#389 = EDGE_LOOP ( 'NONE', ( #1812, #6046 ) ) ;
#390 = DIRECTION ( 'NONE',  ( 0.000000000000000000, 0.000000000000000000, -1.000000000000000000 ) ) ;
#391 = FACE_OUTER_BOUND ( 'NONE', #2362, .T. ) ;
#392 = DIRECTION ( 'NONE',  ( -1.000000000000000000, 0.000000000000000000, 0.000000000000000000 ) ) ;
#393 = CARTESIAN_POINT ( 'NONE',  ( -9.035584834214869687, -10.55135609963076604, 44.00000000000000711 ) ) ;
#394 = EDGE_CURVE ( 'NONE', #5354, #2432, #593, .T. ) ;
#395 = DIRECTION ( 'NONE',  ( 1.000000000000000000, 0.000000000000000000, 0.000000000000000000 ) ) ;
#396 = ORIENTED_EDGE ( 'NONE', *, *, #298, .T. ) ;
#397 = CARTESIAN_POINT ( 'NONE',  ( -28.53558483421486613, -2.051356099630759378, 45.50000000000000000 ) ) ;
#398 = DIRECTION ( 'NONE',  ( 1.000000000000000000, 0.000000000000000000, 0.000000000000000000 ) ) ;
#399 = CARTESIAN_POINT ( 'NONE',  ( -31.53558483421486969, -8.539145212538837626, 70.50000000000000000 ) ) ;
#400 = ORIENTED_EDGE ( 'NONE', *, *, #3012, .T. ) ;
#401 = EDGE_CURVE ( 'NONE', #5462, #3929, #4876, .T. ) ;
#402 = LINE ( 'NONE', #1772, #5816 ) ;
#403 = ORIENTED_EDGE ( 'NONE', *, *, #4900, .F. ) ;
#404 =( LENGTH_UNIT ( ) NAMED_UNIT ( * ) SI_UNIT ( .MILLI., .METRE. ) );
#405 = CARTESIAN_POINT ( 'NONE',  ( 11.96441516578513031, -10.55135609963076604, 44.00000000000000711 ) ) ;
#406 = DIRECTION ( 'NONE',  ( 0.000000000000000000, 0.000000000000000000, 1.000000000000000000 ) ) ;
#407 = CARTESIAN_POINT ( 'NONE',  ( -12.53558483421487146, 9.948643900369241067, 74.50000000000000000 ) ) ;
#408 = CARTESIAN_POINT ( 'NONE',  ( -28.03558483421486613, 14.44864390036923751, 43.50000000000000000 ) ) ;
#409 = FILL_AREA_STYLE_COLOUR ( '', #5667 ) ;
#410 = CARTESIAN_POINT ( 'NONE',  ( -18.78558483421487324, -8.551356099630758933, 39.49999999999999289 ) ) ;
#411 = COLOUR_RGB ( '',1.000000000000000000, 1.000000000000000000, 1.000000000000000000 ) ;
#412 = ORIENTED_EDGE ( 'NONE', *, *, #883, .F. ) ;
#413 = PRESENTATION_LAYER_ASSIGNMENT (  '', '', ( #3308 ) ) ;
#414 = ORIENTED_EDGE ( 'NONE', *, *, #4260, .T. ) ;
#415 = LINE ( 'NONE', #5075, #2376 ) ;
#416 = AXIS2_PLACEMENT_3D ( 'NONE', #3903, #5833, #4408 ) ;
#417 = EDGE_CURVE ( 'NONE', #5339, #3233, #2787, .T. ) ;
#418 = ADVANCED_FACE ( 'NONE', ( #2264 ), #965, .F. ) ;
#419 = ORIENTED_EDGE ( 'NONE', *, *, #246, .T. ) ;
#420 = ORIENTED_EDGE ( 'NONE', *, *, #6033, .T. ) ;
#421 = VECTOR ( 'NONE', #3835, 1000.000000000000000 ) ;
#422 = FILL_AREA_STYLE_COLOUR ( '', #2738 ) ;
#423 = PRESENTATION_STYLE_ASSIGNMENT (( #3332 ) ) ;
#424 = STYLED_ITEM ( 'NONE', ( #4971 ), #879 ) ;
#425 = PRESENTATION_LAYER_ASSIGNMENT (  '', '', ( #2635 ) ) ;
#426 = DIRECTION ( 'NONE',  ( 0.000000000000000000, 0.000000000000000000, 1.000000000000000000 ) ) ;
#427 = CARTESIAN_POINT ( 'NONE',  ( 16.21441516578513031, -11.53914521253883763, 39.49999999999999289 ) ) ;
#428 = CARTESIAN_POINT ( 'NONE',  ( 0.4644151657851297021, 1.348643900369240978, 76.50000000000000000 ) ) ;
#429 = CARTESIAN_POINT ( 'NONE',  ( -24.53558483421486969, -8.551356099630758933, 62.00000000000000000 ) ) ;
#430 = CARTESIAN_POINT ( 'NONE',  ( 17.76441516578512747, 10.94864390036924107, 43.50000000000000000 ) ) ;
#431 = DIRECTION ( 'NONE',  ( 0.000000000000000000, -1.000000000000000000, 0.000000000000000000 ) ) ;
#432 = VERTEX_POINT ( 'NONE', #5222 ) ;
#433 =( GEOMETRIC_REPRESENTATION_CONTEXT ( 3 ) GLOBAL_UNCERTAINTY_ASSIGNED_CONTEXT ( ( #2151 ) ) GLOBAL_UNIT_ASSIGNED_CONTEXT ( ( #4615, #5603, #756 ) ) REPRESENTATION_CONTEXT ( 'NONE', 'WORKASPACE' ) );
#434 = ORIENTED_EDGE ( 'NONE', *, *, #4960, .T. ) ;
#435 = B_SPLINE_SURFACE_WITH_KNOTS ( 'NONE', 1, 1, ( 
 ( #1964, #1837 ),
 ( #4846, #3497 ) ),
 .UNSPECIFIED., .F., .F., .F.,
 ( 2, 2 ),
 ( 2, 2 ),
 ( -0.09081177897167000412, 1.790811778971999946 ),
 ( -2.090811778971999768, 0.09081177897167000412 ),
 .UNSPECIFIED. ) ;
#436 = EDGE_CURVE ( 'NONE', #5761, #5930, #1993, .T. ) ;
#437 = VECTOR ( 'NONE', #3263, 1000.000000000000000 ) ;
#438 = DIRECTION ( 'NONE',  ( -1.000000000000000000, 0.000000000000000000, 0.000000000000000000 ) ) ;
#439 = CARTESIAN_POINT ( 'NONE',  ( 14.46441516578513031, 1.348643900369240978, 76.50000000000000000 ) ) ;
#440 = CARTESIAN_POINT ( 'NONE',  ( -2.535584834214871464, -10.55135609963075893, 69.00000000000000000 ) ) ;
#441 = UNCERTAINTY_MEASURE_WITH_UNIT (LENGTH_MEASURE( 1.000000000000000082E-05 ), #4230, 'distance_accuracy_value', 'NONE');
#442 =( NAMED_UNIT ( * ) PLANE_ANGLE_UNIT ( ) SI_UNIT ( $, .RADIAN. ) );
#443 = ORIENTED_EDGE ( 'NONE', *, *, #3783, .F. ) ;
#444 = ORIENTED_EDGE ( 'NONE', *, *, #2419, .F. ) ;
#445 = CIRCLE ( 'NONE', #2541, 0.9999999999999991118 ) ;
#446 = SURFACE_STYLE_USAGE ( .BOTH. , #5197 ) ;
#447 =( NAMED_UNIT ( * ) PLANE_ANGLE_UNIT ( ) SI_UNIT ( $, .RADIAN. ) );
#448 = ORIENTED_EDGE ( 'NONE', *, *, #5280, .F. ) ;
#449 = ORIENTED_EDGE ( 'NONE', *, *, #5730, .T. ) ;
#450 = COLOUR_RGB ( '',1.000000000000000000, 1.000000000000000000, 1.000000000000000000 ) ;
#451 = EDGE_CURVE ( 'NONE', #507, #4225, #3188, .T. ) ;
#452 = SURFACE_STYLE_FILL_AREA ( #2825 ) ;
#453 = CARTESIAN_POINT ( 'NONE',  ( -22.83558483421488106, -10.55135609963075538, 76.08578643762689353 ) ) ;
#454 = FILL_AREA_STYLE_COLOUR ( '', #4723 ) ;
#455 = DIRECTION ( 'NONE',  ( 0.000000000000000000, 1.000000000000000000, 0.000000000000000000 ) ) ;
#456 = STYLED_ITEM ( 'NONE', ( #2477 ), #1455 ) ;
#457 = DIRECTION ( 'NONE',  ( 1.000000000000000000, 0.000000000000000000, 0.000000000000000000 ) ) ;
#458 =( NAMED_UNIT ( * ) PLANE_ANGLE_UNIT ( ) SI_UNIT ( $, .RADIAN. ) );
#459 =( NAMED_UNIT ( * ) SI_UNIT ( $, .STERADIAN. ) SOLID_ANGLE_UNIT ( ) );
#460 = CARTESIAN_POINT ( 'NONE',  ( 23.46441516578513031, -10.55135609963075893, 62.00000000000000000 ) ) ;
#461 = AXIS2_PLACEMENT_3D ( 'NONE', #1228, #767, #4560 ) ;
#462 = MECHANICAL_DESIGN_GEOMETRIC_PRESENTATION_REPRESENTATION (  '', ( #5858 ), #5256 ) ;
#463 = LINE ( 'NONE', #5215, #2977 ) ;
#464 = LINE ( 'NONE', #969, #4512 ) ;
#465 = CARTESIAN_POINT ( 'NONE',  ( 2.964415165785129425, -8.551356099630758933, 62.00000000000000000 ) ) ;
#466 =( BOUNDED_SURFACE ( )  B_SPLINE_SURFACE ( 1, 3, ( 
 ( #2259, #2378, #3342, #4264 ),
 ( #2839, #6125, #564, #1953 ) ),
 .UNSPECIFIED., .F., .F., .T. ) 
 B_SPLINE_SURFACE_WITH_KNOTS ( ( 2, 2 ),
 ( 4, 4 ),
 ( 0.04162577849020974996, 0.9583742215097900141 ),
 ( 0.000000000000000000, 1.000000000000000000 ),
 .UNSPECIFIED. ) 
 GEOMETRIC_REPRESENTATION_ITEM ( )  RATIONAL_B_SPLINE_SURFACE ( (
 ( 1.000000000000000000, 0.3333333333333335369, 0.3333333333333335369, 1.000000000000000000),
 ( 1.000000000000000000, 0.3333333333333335369, 0.3333333333333335369, 1.000000000000000000) ) ) 
 REPRESENTATION_ITEM ( '' )  SURFACE ( )  );
#467 = SURFACE_STYLE_FILL_AREA ( #4714 ) ;
#468 = MECHANICAL_DESIGN_GEOMETRIC_PRESENTATION_REPRESENTATION (  '', ( #2958 ), #5473 ) ;
#469 = EDGE_CURVE ( 'NONE', #4688, #4575, #6178, .T. ) ;
#470 = ORIENTED_EDGE ( 'NONE', *, *, #4518, .F. ) ;
#471 = CARTESIAN_POINT ( 'NONE',  ( -22.92639661318487398, -8.460544320660760675, 49.49999999999999289 ) ) ;
#472 = VECTOR ( 'NONE', #60, 1000.000000000000000 ) ;
#473 = CIRCLE ( 'NONE', #917, 2.000000000000001776 ) ;
#474 = DIRECTION ( 'NONE',  ( 1.000000000000000000, 0.000000000000000000, 0.000000000000000000 ) ) ;
#475 = DIRECTION ( 'NONE',  ( 0.000000000000000000, 0.000000000000000000, -1.000000000000000000 ) ) ;
#476 = ORIENTED_EDGE ( 'NONE', *, *, #5228, .F. ) ;
#477 = EDGE_LOOP ( 'NONE', ( #1774, #3501, #1941, #1176 ) ) ;
#478 = VECTOR ( 'NONE', #3336, 1000.000000000000000 ) ;
#479 = ORIENTED_EDGE ( 'NONE', *, *, #3465, .F. ) ;
#480 = CIRCLE ( 'NONE', #1089, 2.000000000000001776 ) ;
#481 =( LENGTH_UNIT ( ) NAMED_UNIT ( * ) SI_UNIT ( .MILLI., .METRE. ) );
#482 = CARTESIAN_POINT ( 'NONE',  ( 17.76441516578512747, -8.551356099630758933, 74.50000000000000000 ) ) ;
#483 = CIRCLE ( 'NONE', #4576, 0.9999999999999991118 ) ;
#484 =( NAMED_UNIT ( * ) PLANE_ANGLE_UNIT ( ) SI_UNIT ( $, .RADIAN. ) );
#485 = PRESENTATION_STYLE_ASSIGNMENT (( #4765 ) ) ;
#486 =( LENGTH_UNIT ( ) NAMED_UNIT ( * ) SI_UNIT ( .MILLI., .METRE. ) );
#487 = FILL_AREA_STYLE_COLOUR ( '', #3846 ) ;
#488 = EDGE_CURVE ( 'NONE', #3212, #5462, #4145, .T. ) ;
#489 = DIRECTION ( 'NONE',  ( -1.000000000000000000, 0.000000000000000000, 0.000000000000000000 ) ) ;
#490 = CARTESIAN_POINT ( 'NONE',  ( -0.5355848342148712415, -8.551356099630758933, 52.00000000000000000 ) ) ;
#491 = CARTESIAN_POINT ( 'NONE',  ( -24.53558483421486969, -2.051356099630759378, 43.50000000000000000 ) ) ;
#492 =( NAMED_UNIT ( * ) PLANE_ANGLE_UNIT ( ) SI_UNIT ( $, .RADIAN. ) );
#493 = PRESENTATION_STYLE_ASSIGNMENT (( #944 ) ) ;
#494 = ORIENTED_EDGE ( 'NONE', *, *, #3197, .F. ) ;
#495 = ORIENTED_EDGE ( 'NONE', *, *, #1486, .T. ) ;
#496 =( BOUNDED_SURFACE ( )  B_SPLINE_SURFACE ( 1, 3, ( 
 ( #1819, #4553, #3119, #3700 ),
 ( #5058, #1761, #5032, #4616 ) ),
 .UNSPECIFIED., .F., .F., .T. ) 
 B_SPLINE_SURFACE_WITH_KNOTS ( ( 2, 2 ),
 ( 4, 4 ),
 ( 0.04162577848936890174, 0.9583742215106310081 ),
 ( 0.000000000000000000, 1.000000000000000000 ),
 .UNSPECIFIED. ) 
 GEOMETRIC_REPRESENTATION_ITEM ( )  RATIONAL_B_SPLINE_SURFACE ( (
 ( 1.000000000000000000, 0.3333333333333335369, 0.3333333333333335369, 1.000000000000000000),
 ( 1.000000000000000000, 0.3333333333333335369, 0.3333333333333335369, 1.000000000000000000) ) ) 
 REPRESENTATION_ITEM ( '' )  SURFACE ( )  );
#497 = FILL_AREA_STYLE ('',( #4720 ) ) ;
#498 = SURFACE_STYLE_FILL_AREA ( #2969 ) ;
#499 = CARTESIAN_POINT ( 'NONE',  ( -18.78558483421487324, -10.55135609963075893, 41.99999999999999289 ) ) ;
#500 = FILL_AREA_STYLE_COLOUR ( '', #3893 ) ;
#501 = FILL_AREA_STYLE ('',( #4783 ) ) ;
#502 = AXIS2_PLACEMENT_3D ( 'NONE', #2525, #3014, #5936 ) ;
#503 = FACE_BOUND ( 'NONE', #4312, .T. ) ;
#504 = ORIENTED_EDGE ( 'NONE', *, *, #2693, .F. ) ;
#505 = LINE ( 'NONE', #2414, #2190 ) ;
#506 = VERTEX_POINT ( 'NONE', #1333 ) ;
#507 = VERTEX_POINT ( 'NONE', #377 ) ;
#508 = ORIENTED_EDGE ( 'NONE', *, *, #2217, .T. ) ;
#509 = LINE ( 'NONE', #3844, #4485 ) ;
#510 = EDGE_CURVE ( 'NONE', #2020, #2978, #483, .T. ) ;
#511 = FACE_OUTER_BOUND ( 'NONE', #1461, .T. ) ;
#512 = CARTESIAN_POINT ( 'NONE',  ( 7.464415165785128536, 8.348643900369239645, 74.50000000000000000 ) ) ;
#513 = COLOUR_RGB ( '',1.000000000000000000, 1.000000000000000000, 1.000000000000000000 ) ;
#514 = VECTOR ( 'NONE', #4604, 1000.000000000000000 ) ;
#515 = CARTESIAN_POINT ( 'NONE',  ( -13.03558483421487146, -8.551356099630758933, 45.00000000000000000 ) ) ;
#516 = VECTOR ( 'NONE', #841, 1000.000000000000000 ) ;
#517 = EDGE_CURVE ( 'NONE', #6140, #3009, #535, .T. ) ;
#518 = PRESENTATION_STYLE_ASSIGNMENT (( #51 ) ) ;
#519 = CARTESIAN_POINT ( 'NONE',  ( -11.53558483421489100, -8.551356099630766039, 62.00000000000000711 ) ) ;
#520 = CARTESIAN_POINT ( 'NONE',  ( -21.28558483421487324, -10.55135609963075893, 41.99999999999999289 ) ) ;
#521 = EDGE_LOOP ( 'NONE', ( #5272, #4913, #750, #1925 ) ) ;
#522 = PRESENTATION_LAYER_ASSIGNMENT (  '', '', ( #3808 ) ) ;
#523 =( BOUNDED_SURFACE ( )  B_SPLINE_SURFACE ( 1, 3, ( 
 ( #322, #232, #3136, #4122 ),
 ( #5048, #5566, #1274, #3570 ) ),
 .UNSPECIFIED., .F., .F., .T. ) 
 B_SPLINE_SURFACE_WITH_KNOTS ( ( 2, 2 ),
 ( 4, 4 ),
 ( 0.04162577848936890174, 0.9583742215106310081 ),
 ( 0.000000000000000000, 1.000000000000000000 ),
 .UNSPECIFIED. ) 
 GEOMETRIC_REPRESENTATION_ITEM ( )  RATIONAL_B_SPLINE_SURFACE ( (
 ( 1.000000000000000000, 0.3333333333333335369, 0.3333333333333335369, 1.000000000000000000),
 ( 1.000000000000000000, 0.3333333333333335369, 0.3333333333333335369, 1.000000000000000000) ) ) 
 REPRESENTATION_ITEM ( '' )  SURFACE ( )  );
#524 = VECTOR ( 'NONE', #4842, 1000.000000000000000 ) ;
#525 = EDGE_CURVE ( 'NONE', #2273, #6040, #5912, .T. ) ;
#526 = FACE_BOUND ( 'NONE', #4092, .T. ) ;
#527 = CARTESIAN_POINT ( 'NONE',  ( -12.53558483421487146, 11.54864390036923893, 74.50000000000000000 ) ) ;
#528 = LINE ( 'NONE', #2435, #5316 ) ;
#529 = EDGE_CURVE ( 'NONE', #4710, #378, #2196, .T. ) ;
#530 = CARTESIAN_POINT ( 'NONE',  ( 23.46441516578513031, -8.551356099630758933, 52.00000000000000000 ) ) ;
#531 = CIRCLE ( 'NONE', #1645, 1.499999999999999556 ) ;
#532 = FILL_AREA_STYLE ('',( #3370 ) ) ;
#533 = CARTESIAN_POINT ( 'NONE',  ( 23.46441516578513031, -8.551356099630758933, 52.00000000000000000 ) ) ;
#534 = MECHANICAL_DESIGN_GEOMETRIC_PRESENTATION_REPRESENTATION (  '', ( #5115 ), #5820 ) ;
#535 = LINE ( 'NONE', #3800, #4465 ) ;
#536 = VERTEX_POINT ( 'NONE', #3154 ) ;
#537 = MECHANICAL_DESIGN_GEOMETRIC_PRESENTATION_REPRESENTATION (  '', ( #5734 ), #5642 ) ;
#538 = EDGE_CURVE ( 'NONE', #4085, #1441, #1424, .T. ) ;
#539 = CARTESIAN_POINT ( 'NONE',  ( -12.53558483421487146, 8.348643900369239645, 76.50000000000000000 ) ) ;
#540 = CARTESIAN_POINT ( 'NONE',  ( -21.28558483421487324, -8.551356099630758933, 49.49999999999999289 ) ) ;
#541 = SURFACE_STYLE_USAGE ( .BOTH. , #5283 ) ;
#542 = CARTESIAN_POINT ( 'NONE',  ( -29.03558483421486613, -10.55135609963075893, 70.50000000000000000 ) ) ;
#543 =( NAMED_UNIT ( * ) SI_UNIT ( $, .STERADIAN. ) SOLID_ANGLE_UNIT ( ) );
#544 = B_SPLINE_SURFACE_WITH_KNOTS ( 'NONE', 1, 1, ( 
 ( #3348, #978 ),
 ( #5194, #5819 ) ),
 .UNSPECIFIED., .F., .F., .F.,
 ( 2, 2 ),
 ( 2, 2 ),
 ( -0.8120000000000000551, 41.41199999999999903 ),
 ( 0.5200000000000000178, 25.48000000000000043 ),
 .UNSPECIFIED. ) ;
#545 = CARTESIAN_POINT ( 'NONE',  ( 9.464415165785128536, -8.551356099630758933, 45.00000000000000000 ) ) ;
#546 = AXIS2_PLACEMENT_3D ( 'NONE', #2121, #3999, #558 ) ;
#547 = ORIENTED_EDGE ( 'NONE', *, *, #816, .F. ) ;
#548 = EDGE_LOOP ( 'NONE', ( #1720, #5281 ) ) ;
#549 = VERTEX_POINT ( 'NONE', #3239 ) ;
#550 = VECTOR ( 'NONE', #610, 1000.000000000000000 ) ;
#551 =( LENGTH_UNIT ( ) NAMED_UNIT ( * ) SI_UNIT ( .MILLI., .METRE. ) );
#552 = FILL_AREA_STYLE_COLOUR ( '', #2712 ) ;
#553 =( LENGTH_UNIT ( ) NAMED_UNIT ( * ) SI_UNIT ( .MILLI., .METRE. ) );
#554 =( GEOMETRIC_REPRESENTATION_CONTEXT ( 3 ) GLOBAL_UNCERTAINTY_ASSIGNED_CONTEXT ( ( #2585 ) ) GLOBAL_UNIT_ASSIGNED_CONTEXT ( ( #366, #4165, #3583 ) ) REPRESENTATION_CONTEXT ( 'NONE', 'WORKASPACE' ) );
#555 = ADVANCED_FACE ( 'NONE', ( #1856 ), #2719, .T. ) ;
#556 = ORIENTED_EDGE ( 'NONE', *, *, #2956, .F. ) ;
#557 = CARTESIAN_POINT ( 'NONE',  ( -12.53558483421487146, 4.548643900369238935, 76.50000000000000000 ) ) ;
#558 = DIRECTION ( 'NONE',  ( 1.000000000000000000, 0.000000000000000000, 0.000000000000000000 ) ) ;
#559 = STYLED_ITEM ( 'NONE', ( #5627 ), #6054 ) ;
#560 = CARTESIAN_POINT ( 'NONE',  ( -9.535584834214871464, -8.551356099630758933, 62.00000000000000000 ) ) ;
#561 = EDGE_CURVE ( 'NONE', #6, #5595, #1801, .T. ) ;
#562 = LINE ( 'NONE', #86, #1283 ) ;
#563 = UNCERTAINTY_MEASURE_WITH_UNIT (LENGTH_MEASURE( 1.000000000000000082E-05 ), #1498, 'distance_accuracy_value', 'NONE');
#564 = CARTESIAN_POINT ( 'NONE',  ( -28.53558483421483061, 3.948643900369246396, 43.49999999999999289 ) ) ;
#565 = CARTESIAN_POINT ( 'NONE',  ( 6.464415165785128536, -8.551356099630737617, 56.00000000000000000 ) ) ;
#566 = CARTESIAN_POINT ( 'NONE',  ( -22.83558483421487040, 10.94864390036924107, 43.50000000000000000 ) ) ;
#567 =( LENGTH_UNIT ( ) NAMED_UNIT ( * ) SI_UNIT ( .MILLI., .METRE. ) );
#568 = SURFACE_STYLE_FILL_AREA ( #61 ) ;
#569 = EDGE_LOOP ( 'NONE', ( #189, #6092, #3752, #5003 ) ) ;
#570 = AXIS2_PLACEMENT_3D ( 'NONE', #4707, #4646, #6151 ) ;
#571 = CIRCLE ( 'NONE', #2172, 1.599999999999999867 ) ;
#572 =( NAMED_UNIT ( * ) PLANE_ANGLE_UNIT ( ) SI_UNIT ( $, .RADIAN. ) );
#573 = FILL_AREA_STYLE ('',( #5766 ) ) ;
#574 = VECTOR ( 'NONE', #3909, 1000.000000000000000 ) ;
#575 = CIRCLE ( 'NONE', #69, 1.499999999999999556 ) ;
#576 = CARTESIAN_POINT ( 'NONE',  ( 9.464415165785130313, -8.551356099630737617, 41.99999999999999289 ) ) ;
#577 = LINE ( 'NONE', #1015, #3274 ) ;
#578 = ORIENTED_EDGE ( 'NONE', *, *, #2837, .F. ) ;
#579 = ORIENTED_EDGE ( 'NONE', *, *, #976, .F. ) ;
#580 = AXIS2_PLACEMENT_3D ( 'NONE', #3344, #5908, #3021 ) ;
#581 = CARTESIAN_POINT ( 'NONE',  ( -15.73558483421485832, -5.651356099630778118, 76.50000000000000000 ) ) ;
#582 = CARTESIAN_POINT ( 'NONE',  ( -24.53558483421486969, -8.551356099630758933, 62.00000000000000000 ) ) ;
#583 = DIRECTION ( 'NONE',  ( 0.000000000000000000, -1.000000000000000000, 0.000000000000000000 ) ) ;
#584 = DIRECTION ( 'NONE',  ( 0.000000000000000000, 0.000000000000000000, 1.000000000000000000 ) ) ;
#585 = MECHANICAL_DESIGN_GEOMETRIC_PRESENTATION_REPRESENTATION (  '', ( #3177 ), #4252 ) ;
#586 = ORIENTED_EDGE ( 'NONE', *, *, #57, .T. ) ;
#587 = STYLED_ITEM ( 'NONE', ( #993 ), #221 ) ;
#588 = ORIENTED_EDGE ( 'NONE', *, *, #5386, .F. ) ;
#589 = DIRECTION ( 'NONE',  ( 0.000000000000000000, 1.000000000000000000, 0.000000000000000000 ) ) ;
#590 = CIRCLE ( 'NONE', #1408, 4.000000000000000000 ) ;
#591 = CARTESIAN_POINT ( 'NONE',  ( 1.464415165785127426, -8.551356099630737617, 54.00000000000000711 ) ) ;
#592 = CARTESIAN_POINT ( 'NONE',  ( 0.4644151657851297021, 2.948643900369238402, 74.50000000000000000 ) ) ;
#593 = CIRCLE ( 'NONE', #5596, 1.500000000000000000 ) ;
#594 = EDGE_CURVE ( 'NONE', #1278, #3959, #2044, .T. ) ;
#595 =( NAMED_UNIT ( * ) PLANE_ANGLE_UNIT ( ) SI_UNIT ( $, .RADIAN. ) );
#596 = CARTESIAN_POINT ( 'NONE',  ( 23.46441516578513031, -8.551356099630758933, 52.00000000000000000 ) ) ;
#597 = CARTESIAN_POINT ( 'NONE',  ( 7.964415165785129425, -10.55135609963075893, 59.00000000000000000 ) ) ;
#598 =( NAMED_UNIT ( * ) SI_UNIT ( $, .STERADIAN. ) SOLID_ANGLE_UNIT ( ) );
#599 = ORIENTED_EDGE ( 'NONE', *, *, #1769, .T. ) ;
#600 = CARTESIAN_POINT ( 'NONE',  ( -4.535584834214871464, -8.551356099630758933, 52.00000000000000000 ) ) ;
#601 = DIRECTION ( 'NONE',  ( 0.000000000000000000, 1.000000000000000000, 0.000000000000000000 ) ) ;
#602 = CARTESIAN_POINT ( 'NONE',  ( 7.964415165785129425, -10.55135609963075893, 52.00000000000000000 ) ) ;
#603 = CARTESIAN_POINT ( 'NONE',  ( -24.53558483421487324, -8.551356099630760710, 56.00000000000000000 ) ) ;
#604 = ORIENTED_EDGE ( 'NONE', *, *, #331, .T. ) ;
#605 = ORIENTED_EDGE ( 'NONE', *, *, #2065, .T. ) ;
#606 = ORIENTED_EDGE ( 'NONE', *, *, #5305, .T. ) ;
#607 = PRESENTATION_STYLE_ASSIGNMENT (( #5455 ) ) ;
#608 = ADVANCED_FACE ( 'NONE', ( #3948 ), #5489, .T. ) ;
#609 = MECHANICAL_DESIGN_GEOMETRIC_PRESENTATION_REPRESENTATION (  '', ( #3588 ), #4898 ) ;
#610 = DIRECTION ( 'NONE',  ( 0.000000000000000000, -1.000000000000000000, 0.000000000000000000 ) ) ;
#611 = EDGE_CURVE ( 'NONE', #5597, #925, #1646, .T. ) ;
#612 = CARTESIAN_POINT ( 'NONE',  ( 0.4644151657851297021, 2.948643900369238402, 76.50000000000000000 ) ) ;
#613 = VERTEX_POINT ( 'NONE', #2564 ) ;
#614 = COLOUR_RGB ( '',1.000000000000000000, 1.000000000000000000, 1.000000000000000000 ) ;
#615 = FACE_OUTER_BOUND ( 'NONE', #2180, .T. ) ;
#616 = CARTESIAN_POINT ( 'NONE',  ( -31.53558483421486969, -10.55135609963075893, 44.50000000000000000 ) ) ;
#617 = SURFACE_STYLE_FILL_AREA ( #4894 ) ;
#618 = DIRECTION ( 'NONE',  ( 0.000000000000000000, -1.000000000000000000, 0.000000000000000000 ) ) ;
#619 = LINE ( 'NONE', #4003, #3240 ) ;
#620 = COLOUR_RGB ( '',1.000000000000000000, 1.000000000000000000, 1.000000000000000000 ) ;
#621 = DIRECTION ( 'NONE',  ( 0.000000000000000000, 1.000000000000000000, 0.000000000000000000 ) ) ;
#622 = CIRCLE ( 'NONE', #4908, 2.000000000000001776 ) ;
#623 = UNCERTAINTY_MEASURE_WITH_UNIT (LENGTH_MEASURE( 1.000000000000000082E-05 ), #6044, 'distance_accuracy_value', 'NONE');
#624 = CARTESIAN_POINT ( 'NONE',  ( 26.46441516578513742, 12.99889643206342527, 43.50000000000000000 ) ) ;
#625 = DIRECTION ( 'NONE',  ( 0.000000000000000000, -1.000000000000000000, 0.000000000000000000 ) ) ;
#626 = FILL_AREA_STYLE ('',( #1097 ) ) ;
#627 =( NAMED_UNIT ( * ) PLANE_ANGLE_UNIT ( ) SI_UNIT ( $, .RADIAN. ) );
#628 = PRESENTATION_LAYER_ASSIGNMENT (  '', '', ( #2819 ) ) ;
#629 = ORIENTED_EDGE ( 'NONE', *, *, #4012, .F. ) ;
#630 = ADVANCED_FACE ( 'NONE', ( #3436 ), #2871, .T. ) ;
#631 = DIRECTION ( 'NONE',  ( 0.000000000000000000, 1.000000000000000000, 0.000000000000000000 ) ) ;
#632 = STYLED_ITEM ( 'NONE', ( #3708 ), #4673 ) ;
#633 = CARTESIAN_POINT ( 'NONE',  ( 27.62441516578512690, -9.011356099630759786, 45.50000000000000000 ) ) ;
#634 = SURFACE_SIDE_STYLE ('',( #187 ) ) ;
#635 = CARTESIAN_POINT ( 'NONE',  ( 6.464415165785128536, -8.551356099630737617, 41.99999999999999289 ) ) ;
#636 =( NAMED_UNIT ( * ) PLANE_ANGLE_UNIT ( ) SI_UNIT ( $, .RADIAN. ) );
#637 = CARTESIAN_POINT ( 'NONE',  ( -28.53558483421486613, -10.55135609963075893, 52.00000000000000000 ) ) ;
#638 = VERTEX_POINT ( 'NONE', #283 ) ;
#639 = ORIENTED_EDGE ( 'NONE', *, *, #3848, .F. ) ;
#640 = CARTESIAN_POINT ( 'NONE',  ( -28.53558483421486613, 7.948643900369239290, 43.50000000000000000 ) ) ;
#641 = CARTESIAN_POINT ( 'NONE',  ( 7.464415165785128536, 4.548643900369238935, 76.50000000000000000 ) ) ;
#642 = CARTESIAN_POINT ( 'NONE',  ( -20.03558483421487324, -8.551356099630758933, 52.00000000000000000 ) ) ;
#643 = COLOUR_RGB ( '',1.000000000000000000, 1.000000000000000000, 1.000000000000000000 ) ;
#644 = PRODUCT_CONTEXT ( 'NONE', #1717, 'mechanical' ) ;
#645 = ORIENTED_EDGE ( 'NONE', *, *, #986, .T. ) ;
#646 = CARTESIAN_POINT ( 'NONE',  ( -31.53558483421485192, -10.55135609963075538, 69.46446609406723383 ) ) ;
#647 = ADVANCED_FACE ( 'NONE', ( #6031 ), #3513, .T. ) ;
#648 = ORIENTED_EDGE ( 'NONE', *, *, #2184, .T. ) ;
#649 = UNCERTAINTY_MEASURE_WITH_UNIT (LENGTH_MEASURE( 1.000000000000000082E-05 ), #5235, 'distance_accuracy_value', 'NONE');
#650 = STYLED_ITEM ( 'NONE', ( #5890 ), #5497 ) ;
#651 = SURFACE_STYLE_FILL_AREA ( #3907 ) ;
#652 = CARTESIAN_POINT ( 'NONE',  ( -22.83558483421487040, -10.98015609963075967, 76.61999999999999034 ) ) ;
#653 = SURFACE_STYLE_USAGE ( .BOTH. , #3483 ) ;
#654 = LINE ( 'NONE', #4004, #2806 ) ;
#655 = ADVANCED_BREP_SHAPE_REPRESENTATION ( 'xuanzhuanduojizhijia', ( #846, #879, #4698 ), #5304 ) ;
#656 = STYLED_ITEM ( 'NONE', ( #3210 ), #5834 ) ;
#657 = LINE ( 'NONE', #3517, #160 ) ;
#658 = SURFACE_STYLE_FILL_AREA ( #2558 ) ;
#659 = SURFACE_STYLE_USAGE ( .BOTH. , #4872 ) ;
#660 = CARTESIAN_POINT ( 'NONE',  ( 7.464415165785128536, 1.348643900369240978, 74.50000000000000000 ) ) ;
#661 = SURFACE_STYLE_USAGE ( .BOTH. , #2961 ) ;
#662 = MECHANICAL_DESIGN_GEOMETRIC_PRESENTATION_REPRESENTATION (  '', ( #2848 ), #6145 ) ;
#663 = EDGE_LOOP ( 'NONE', ( #857, #1849 ) ) ;
#664 = CARTESIAN_POINT ( 'NONE',  ( -28.53558483421486613, -2.051356099630759378, 43.50000000000000000 ) ) ;
#665 = CARTESIAN_POINT ( 'NONE',  ( 2.464415165785129869, -8.551356099630758933, 52.00000000000000000 ) ) ;
#666 = CARTESIAN_POINT ( 'NONE',  ( 17.76441516578512747, -10.55135609963075893, 49.49999999999999289 ) ) ;
#667 = SURFACE_SIDE_STYLE ('',( #2048 ) ) ;
#668 = EDGE_CURVE ( 'NONE', #3685, #3137, #5981, .T. ) ;
#669 = CARTESIAN_POINT ( 'NONE',  ( -19.53558483421487324, 4.548643900369238935, 74.50000000000000000 ) ) ;
#670 = ORIENTED_EDGE ( 'NONE', *, *, #5129, .F. ) ;
#671 = PRESENTATION_LAYER_ASSIGNMENT (  '', '', ( #4548 ) ) ;
#672 = CARTESIAN_POINT ( 'NONE',  ( 2.464415165785128981, -8.551356099630760710, 54.99999999999999289 ) ) ;
#673 = CARTESIAN_POINT ( 'NONE',  ( -28.53558483421486613, 7.948643900369239290, 45.50000000000000000 ) ) ;
#674 = PLANE ( 'NONE',  #2574 ) ;
#675 =( NAMED_UNIT ( * ) PLANE_ANGLE_UNIT ( ) SI_UNIT ( $, .RADIAN. ) );
#676 =( BOUNDED_SURFACE ( )  B_SPLINE_SURFACE ( 1, 3, ( 
 ( #460, #1912, #3455, #5370 ),
 ( #2988, #56, #1000, #1027 ) ),
 .UNSPECIFIED., .F., .F., .T. ) 
 B_SPLINE_SURFACE_WITH_KNOTS ( ( 2, 2 ),
 ( 4, 4 ),
 ( 0.04162577848936815234, 0.9583742215106310081 ),
 ( 0.000000000000000000, 1.000000000000000000 ),
 .UNSPECIFIED. ) 
 GEOMETRIC_REPRESENTATION_ITEM ( )  RATIONAL_B_SPLINE_SURFACE ( (
 ( 1.000000000000000000, 0.3333333333333329818, 0.3333333333333329818, 1.000000000000000000),
 ( 1.000000000000000000, 0.3333333333333329818, 0.3333333333333329818, 1.000000000000000000) ) ) 
 REPRESENTATION_ITEM ( '' )  SURFACE ( )  );
#677 = EDGE_CURVE ( 'NONE', #5723, #4023, #1914, .T. ) ;
#678 = COLOUR_RGB ( '',1.000000000000000000, 1.000000000000000000, 1.000000000000000000 ) ;
#679 = ORIENTED_EDGE ( 'NONE', *, *, #4731, .T. ) ;
#680 = AXIS2_PLACEMENT_3D ( 'NONE', #5797, #1529, #3406 ) ;
#681 = VERTEX_POINT ( 'NONE', #821 ) ;
#682 = SURFACE_SIDE_STYLE ('',( #2985 ) ) ;
#683 = DIRECTION ( 'NONE',  ( 0.000000000000000000, 1.000000000000000000, 0.000000000000000000 ) ) ;
#684 = CARTESIAN_POINT ( 'NONE',  ( 22.96441516578513031, 14.44864390036923751, 45.50000000000000000 ) ) ;
#685 = VECTOR ( 'NONE', #875, 1000.000000000000000 ) ;
#686 = DIRECTION ( 'NONE',  ( 0.000000000000000000, 0.000000000000000000, -1.000000000000000000 ) ) ;
#687 = AXIS2_PLACEMENT_3D ( 'NONE', #5350, #4812, #3892 ) ;
#688 = FILL_AREA_STYLE_COLOUR ( '', #4064 ) ;
#689 = LINE ( 'NONE', #5472, #3000 ) ;
#690 = CARTESIAN_POINT ( 'NONE',  ( 6.464415165785129425, -10.55135609963075893, 45.00000000000000000 ) ) ;
#691 = ORIENTED_EDGE ( 'NONE', *, *, #935, .T. ) ;
#692 = CARTESIAN_POINT ( 'NONE',  ( 1.464415165785129647, -10.55135609963075893, 62.00000000000000000 ) ) ;
#693 = UNCERTAINTY_MEASURE_WITH_UNIT (LENGTH_MEASURE( 1.000000000000000082E-05 ), #952, 'distance_accuracy_value', 'NONE');
#694 = CARTESIAN_POINT ( 'NONE',  ( 6.464415165785129425, -10.55135609963075893, 59.00000000000000000 ) ) ;
#695 = LINE ( 'NONE', #2311, #478 ) ;
#696 = CARTESIAN_POINT ( 'NONE',  ( 10.66441516578512783, 4.548643900369247817, 74.49999999999998579 ) ) ;
#697 = EDGE_CURVE ( 'NONE', #2118, #6004, #342, .T. ) ;
#698 = EDGE_CURVE ( 'NONE', #3212, #983, #4139, .T. ) ;
#699 = AXIS2_PLACEMENT_3D ( 'NONE', #5884, #3872, #1618 ) ;
#700 = ORIENTED_EDGE ( 'NONE', *, *, #885, .F. ) ;
#701 =( LENGTH_UNIT ( ) NAMED_UNIT ( * ) SI_UNIT ( .MILLI., .METRE. ) );
#702 = CARTESIAN_POINT ( 'NONE',  ( -22.83558483421487040, 10.88864390036923702, 74.50000000000000000 ) ) ;
#703 = FILL_AREA_STYLE_COLOUR ( '', #614 ) ;
#704 = FACE_BOUND ( 'NONE', #1047, .T. ) ;
#705 = DIRECTION ( 'NONE',  ( -1.000000000000000000, 0.000000000000000000, 0.000000000000000000 ) ) ;
#706 = EDGE_LOOP ( 'NONE', ( #6193, #1502, #4751, #1768 ) ) ;
#707 = ORIENTED_EDGE ( 'NONE', *, *, #4763, .F. ) ;
#708 = PRESENTATION_STYLE_ASSIGNMENT (( #1137 ) ) ;
#709 = SURFACE_STYLE_USAGE ( .BOTH. , #5889 ) ;
#710 = DIRECTION ( 'NONE',  ( 0.000000000000000000, 1.000000000000000000, 0.000000000000000000 ) ) ;
#711 = UNCERTAINTY_MEASURE_WITH_UNIT (LENGTH_MEASURE( 1.000000000000000082E-05 ), #2198, 'distance_accuracy_value', 'NONE');
#712 = VERTEX_POINT ( 'NONE', #5485 ) ;
#713 = ORIENTED_EDGE ( 'NONE', *, *, #5140, .T. ) ;
#714 = VERTEX_POINT ( 'NONE', #1194 ) ;
#715 = COLOUR_RGB ( '',1.000000000000000000, 1.000000000000000000, 1.000000000000000000 ) ;
#716 = EDGE_CURVE ( 'NONE', #3108, #3685, #5006, .T. ) ;
#717 = CARTESIAN_POINT ( 'NONE',  ( 7.464415165785128536, -5.651356099630762131, 76.50000000000000000 ) ) ;
#718 =( BOUNDED_SURFACE ( )  B_SPLINE_SURFACE ( 1, 3, ( 
 ( #3613, #4888, #2518, #2026 ),
 ( #3477, #2799, #4582, #2308 ) ),
 .UNSPECIFIED., .F., .F., .T. ) 
 B_SPLINE_SURFACE_WITH_KNOTS ( ( 2, 2 ),
 ( 4, 4 ),
 ( 0.04162577848936890174, 0.9583742215106310081 ),
 ( 0.000000000000000000, 1.000000000000000000 ),
 .UNSPECIFIED. ) 
 GEOMETRIC_REPRESENTATION_ITEM ( )  RATIONAL_B_SPLINE_SURFACE ( (
 ( 1.000000000000000000, 0.3333333333333335369, 0.3333333333333335369, 1.000000000000000000),
 ( 1.000000000000000000, 0.3333333333333335369, 0.3333333333333335369, 1.000000000000000000) ) ) 
 REPRESENTATION_ITEM ( '' )  SURFACE ( )  );
#719 =( NAMED_UNIT ( * ) SI_UNIT ( $, .STERADIAN. ) SOLID_ANGLE_UNIT ( ) );
#720 = FILL_AREA_STYLE ('',( #1148 ) ) ;
#721 = CARTESIAN_POINT ( 'NONE',  ( -9.035584834214869687, -8.551356099630760710, 59.99999999999999289 ) ) ;
#722 =( NAMED_UNIT ( * ) PLANE_ANGLE_UNIT ( ) SI_UNIT ( $, .RADIAN. ) );
#723 = PRESENTATION_LAYER_ASSIGNMENT (  '', '', ( #2405 ) ) ;
#724 = VECTOR ( 'NONE', #455, 1000.000000000000000 ) ;
#725 =( NAMED_UNIT ( * ) SI_UNIT ( $, .STERADIAN. ) SOLID_ANGLE_UNIT ( ) );
#726 =( GEOMETRIC_REPRESENTATION_CONTEXT ( 3 ) GLOBAL_UNCERTAINTY_ASSIGNED_CONTEXT ( ( #2557 ) ) GLOBAL_UNIT_ASSIGNED_CONTEXT ( ( #2269, #3226, #861 ) ) REPRESENTATION_CONTEXT ( 'NONE', 'WORKASPACE' ) );
#727 = SURFACE_STYLE_USAGE ( .BOTH. , #4075 ) ;
#728 = PRODUCT_DEFINITION_FORMATION_WITH_SPECIFIED_SOURCE ( '任何', '', #5392, .NOT_KNOWN. ) ;
#729 =( LENGTH_UNIT ( ) NAMED_UNIT ( * ) SI_UNIT ( .MILLI., .METRE. ) );
#730 = LINE ( 'NONE', #248, #2465 ) ;
#731 = VECTOR ( 'NONE', #3619, 1000.000000000000000 ) ;
#732 = ORIENTED_EDGE ( 'NONE', *, *, #538, .F. ) ;
#733 = ADVANCED_FACE ( 'NONE', ( #252 ), #4142, .T. ) ;
#734 = CARTESIAN_POINT ( 'NONE',  ( 23.46441516578515873, -8.551356099630737617, 66.00000000000001421 ) ) ;
#735 = CARTESIAN_POINT ( 'NONE',  ( 10.66441516578512783, -5.651356099630778118, 74.49999999999998579 ) ) ;
#736 = CARTESIAN_POINT ( 'NONE',  ( -24.28533230252069686, 14.44864390036923574, 45.50000000000000000 ) ) ;
#737 = PRESENTATION_LAYER_ASSIGNMENT (  '', '', ( #4914 ) ) ;
#738 = DIRECTION ( 'NONE',  ( 0.000000000000000000, 0.000000000000000000, 1.000000000000000000 ) ) ;
#739 = ORIENTED_EDGE ( 'NONE', *, *, #994, .T. ) ;
#740 = VECTOR ( 'NONE', #1021, 1000.000000000000000 ) ;
#741 =( BOUNDED_SURFACE ( )  B_SPLINE_SURFACE ( 1, 3, ( 
 ( #1937, #6023, #1903, #1443 ),
 ( #44, #453, #1758, #4791 ) ),
 .UNSPECIFIED., .F., .F., .T. ) 
 B_SPLINE_SURFACE_WITH_KNOTS ( ( 2, 2 ),
 ( 4, 4 ),
 ( 0.01923076923076914857, 0.9807692307692310596 ),
 ( 0.000000000000000000, 1.000000000000000000 ),
 .UNSPECIFIED. ) 
 GEOMETRIC_REPRESENTATION_ITEM ( )  RATIONAL_B_SPLINE_SURFACE ( (
 ( 1.000000000000000000, 0.8047378541243649375, 0.8047378541243649375, 1.000000000000000000),
 ( 1.000000000000000000, 0.8047378541243649375, 0.8047378541243649375, 1.000000000000000000) ) ) 
 REPRESENTATION_ITEM ( '' )  SURFACE ( )  );
#742 = ORIENTED_EDGE ( 'NONE', *, *, #3498, .F. ) ;
#743 = PRESENTATION_LAYER_ASSIGNMENT (  '', '', ( #6019 ) ) ;
#744 = CARTESIAN_POINT ( 'NONE',  ( 2.464415165785129869, -10.55135609963075893, 52.00000000000000000 ) ) ;
#745 = UNCERTAINTY_MEASURE_WITH_UNIT (LENGTH_MEASURE( 1.000000000000000082E-05 ), #4219, 'distance_accuracy_value', 'NONE');
#746 = CARTESIAN_POINT ( 'NONE',  ( -14.53558483421486969, -10.55135609963075893, 45.00000000000000000 ) ) ;
#747 = SURFACE_STYLE_FILL_AREA ( #1139 ) ;
#748 = FILL_AREA_STYLE ('',( #3193 ) ) ;
#749 = PRESENTATION_LAYER_ASSIGNMENT (  '', '', ( #2528 ) ) ;
#750 = ORIENTED_EDGE ( 'NONE', *, *, #1265, .T. ) ;
#751 = ORIENTED_EDGE ( 'NONE', *, *, #2049, .F. ) ;
#752 = EDGE_LOOP ( 'NONE', ( #1070, #2391, #5828, #5288 ) ) ;
#753 = AXIS2_PLACEMENT_3D ( 'NONE', #3013, #3514, #2059 ) ;
#754 = LINE ( 'NONE', #2658, #264 ) ;
#755 = EDGE_CURVE ( 'NONE', #5886, #507, #907, .T. ) ;
#756 =( NAMED_UNIT ( * ) SI_UNIT ( $, .STERADIAN. ) SOLID_ANGLE_UNIT ( ) );
#757 =( GEOMETRIC_REPRESENTATION_CONTEXT ( 3 ) GLOBAL_UNCERTAINTY_ASSIGNED_CONTEXT ( ( #2086 ) ) GLOBAL_UNIT_ASSIGNED_CONTEXT ( ( #1911, #3273, #55 ) ) REPRESENTATION_CONTEXT ( 'NONE', 'WORKASPACE' ) );
#758 = CARTESIAN_POINT ( 'NONE',  ( 10.66441516578512783, 8.348643900369223658, 76.50000000000000000 ) ) ;
#759 = CARTESIAN_POINT ( 'NONE',  ( -12.53558483421487146, -2.451356099630760177, 76.50000000000000000 ) ) ;
#760 = PRESENTATION_LAYER_ASSIGNMENT (  '', '', ( #2246 ) ) ;
#761 = CARTESIAN_POINT ( 'NONE',  ( 17.76441516578513102, 12.99889643206342527, 43.50000000000000000 ) ) ;
#762 = MECHANICAL_DESIGN_GEOMETRIC_PRESENTATION_REPRESENTATION (  '', ( #4838 ), #4130 ) ;
#763 = ORIENTED_EDGE ( 'NONE', *, *, #2127, .F. ) ;
#764 =( NAMED_UNIT ( * ) PLANE_ANGLE_UNIT ( ) SI_UNIT ( $, .RADIAN. ) );
#765 = CARTESIAN_POINT ( 'NONE',  ( 16.46441516578513387, -10.55135609963076604, 49.00000000000000000 ) ) ;
#766 = DIRECTION ( 'NONE',  ( 0.000000000000000000, 1.000000000000000000, 0.000000000000000000 ) ) ;
#767 = DIRECTION ( 'NONE',  ( 0.000000000000000000, 0.000000000000000000, -1.000000000000000000 ) ) ;
#768 = SURFACE_STYLE_USAGE ( .BOTH. , #5949 ) ;
#769 = DIRECTION ( 'NONE',  ( 1.000000000000000000, 0.000000000000000000, 0.000000000000000000 ) ) ;
#770 = VERTEX_POINT ( 'NONE', #2594 ) ;
#771 = STYLED_ITEM ( 'NONE', ( #3020 ), #1752 ) ;
#772 = DIRECTION ( 'NONE',  ( 0.000000000000000000, 1.000000000000000000, 0.000000000000000000 ) ) ;
#773 = CARTESIAN_POINT ( 'NONE',  ( 9.464415165785128536, -10.55135609963075893, 59.00000000000000000 ) ) ;
#774 = UNCERTAINTY_MEASURE_WITH_UNIT (LENGTH_MEASURE( 1.000000000000000082E-05 ), #4740, 'distance_accuracy_value', 'NONE');
#775 = CARTESIAN_POINT ( 'NONE',  ( -11.53558483421486969, -10.55135609963075893, 59.00000000000000000 ) ) ;
#776 = EDGE_CURVE ( 'NONE', #4694, #2451, #3194, .T. ) ;
#777 =( NAMED_UNIT ( * ) PLANE_ANGLE_UNIT ( ) SI_UNIT ( $, .RADIAN. ) );
#778 = VECTOR ( 'NONE', #4652, 1000.000000000000000 ) ;
#779 = VERTEX_POINT ( 'NONE', #3819 ) ;
#780 = ORIENTED_EDGE ( 'NONE', *, *, #776, .T. ) ;
#781 = DIRECTION ( 'NONE',  ( 0.000000000000000000, -1.000000000000000000, 0.000000000000000000 ) ) ;
#782 = CARTESIAN_POINT ( 'NONE',  ( -9.335584834214900596, 4.548643900369247817, 76.50000000000000000 ) ) ;
#783 = CARTESIAN_POINT ( 'NONE',  ( -18.53558483421487324, -8.551356099630758933, 52.00000000000000000 ) ) ;
#784 = CARTESIAN_POINT ( 'NONE',  ( -4.035584834214870575, -10.55135609963075893, 55.00000000000000000 ) ) ;
#785 = STYLED_ITEM ( 'NONE', ( #1525 ), #2279 ) ;
#786 =( GEOMETRIC_REPRESENTATION_CONTEXT ( 3 ) GLOBAL_UNCERTAINTY_ASSIGNED_CONTEXT ( ( #2989 ) ) GLOBAL_UNIT_ASSIGNED_CONTEXT ( ( #2962, #627, #148 ) ) REPRESENTATION_CONTEXT ( 'NONE', 'WORKASPACE' ) );
#787 = PRESENTATION_STYLE_ASSIGNMENT (( #1151 ) ) ;
#788 = VECTOR ( 'NONE', #276, 1000.000000000000000 ) ;
#789 = AXIS2_PLACEMENT_3D ( 'NONE', #5421, #2608, #4027 ) ;
#790 = SURFACE_STYLE_FILL_AREA ( #2659 ) ;
#791 = CARTESIAN_POINT ( 'NONE',  ( -26.53558483421487324, -8.551356099630758933, 62.00000000000000000 ) ) ;
#792 = CARTESIAN_POINT ( 'NONE',  ( -12.53558483421487146, -5.651356099630762131, 76.50000000000000000 ) ) ;
#793 = ORIENTED_EDGE ( 'NONE', *, *, #4181, .T. ) ;
#794 = MECHANICAL_DESIGN_GEOMETRIC_PRESENTATION_REPRESENTATION (  '', ( #5166 ), #1892 ) ;
#795 = EDGE_CURVE ( 'NONE', #2530, #1811, #5531, .T. ) ;
#796 = CARTESIAN_POINT ( 'NONE',  ( 16.21441516578513031, -8.539145212538837626, 43.85280969941640450 ) ) ;
#797 = LINE ( 'NONE', #2261, #2556 ) ;
#798 = VECTOR ( 'NONE', #5614, 1000.000000000000000 ) ;
#799 = UNCERTAINTY_MEASURE_WITH_UNIT (LENGTH_MEASURE( 1.000000000000000082E-05 ), #4544, 'distance_accuracy_value', 'NONE');
#800 = ORIENTED_EDGE ( 'NONE', *, *, #3983, .T. ) ;
#801 = EDGE_CURVE ( 'NONE', #806, #6101, #4197, .T. ) ;
#802 = FACE_OUTER_BOUND ( 'NONE', #6080, .T. ) ;
#803 = CARTESIAN_POINT ( 'NONE',  ( -21.28558483421487324, -10.55135609963075893, 41.99999999999999289 ) ) ;
#804 = LINE ( 'NONE', #2704, #5710 ) ;
#805 = EDGE_LOOP ( 'NONE', ( #556, #2297, #3653, #5855 ) ) ;
#806 = VERTEX_POINT ( 'NONE', #960 ) ;
#807 = ORIENTED_EDGE ( 'NONE', *, *, #4058, .F. ) ;
#808 = ADVANCED_FACE ( 'NONE', ( #5111 ), #5444, .T. ) ;
#809 = DIRECTION ( 'NONE',  ( 0.000000000000000000, -1.000000000000000000, 0.000000000000000000 ) ) ;
#810 = EDGE_CURVE ( 'NONE', #2451, #4694, #2907, .T. ) ;
#811 = CARTESIAN_POINT ( 'NONE',  ( -12.53558483421487146, 4.548643900369238935, 74.50000000000000000 ) ) ;
#812 = CARTESIAN_POINT ( 'NONE',  ( -4.035584834214862582, -8.551356099630760710, 57.99999999999999289 ) ) ;
#813 = CARTESIAN_POINT ( 'NONE',  ( -32.69558483421486983, -10.55135609963075893, 38.77999999999999403 ) ) ;
#814 = STYLED_ITEM ( 'NONE', ( #1327 ), #647 ) ;
#815 = ORIENTED_EDGE ( 'NONE', *, *, #3338, .F. ) ;
#816 = EDGE_CURVE ( 'NONE', #4124, #4213, #3698, .T. ) ;
#817 = FACE_OUTER_BOUND ( 'NONE', #3258, .T. ) ;
#818 = UNCERTAINTY_MEASURE_WITH_UNIT (LENGTH_MEASURE( 1.000000000000000082E-05 ), #3773, 'distance_accuracy_value', 'NONE');
#819 = VERTEX_POINT ( 'NONE', #19 ) ;
#820 =( GEOMETRIC_REPRESENTATION_CONTEXT ( 3 ) GLOBAL_UNCERTAINTY_ASSIGNED_CONTEXT ( ( #1120 ) ) GLOBAL_UNIT_ASSIGNED_CONTEXT ( ( #5822, #4, #1929 ) ) REPRESENTATION_CONTEXT ( 'NONE', 'WORKASPACE' ) );
#821 = CARTESIAN_POINT ( 'NONE',  ( -29.03558483421486613, -10.55135609963075893, 70.50000000000000000 ) ) ;
#822 = VECTOR ( 'NONE', #5625, 1000.000000000000000 ) ;
#823 = CIRCLE ( 'NONE', #4289, 1.599999999999999867 ) ;
#824 = EDGE_CURVE ( 'NONE', #1100, #2020, #1947, .T. ) ;
#825 = CARTESIAN_POINT ( 'NONE',  ( 0.9644151657851293136, -8.551356099630758933, 52.00000000000000000 ) ) ;
#826 = EDGE_LOOP ( 'NONE', ( #5652, #293 ) ) ;
#827 = ORIENTED_EDGE ( 'NONE', *, *, #1730, .T. ) ;
#828 = B_SPLINE_SURFACE_WITH_KNOTS ( 'NONE', 1, 1, ( 
 ( #3701, #5142 ),
 ( #1356, #5722 ) ),
 .UNSPECIFIED., .F., .F., .F.,
 ( 2, 2 ),
 ( 2, 2 ),
 ( -1.159999999999999920, 59.15999999999999659 ),
 ( -25.46000000000000085, -1.540000000000000036 ),
 .UNSPECIFIED. ) ;
#829 = FACE_BOUND ( 'NONE', #5854, .T. ) ;
#830 = CIRCLE ( 'NONE', #5106, 4.000000000000000000 ) ;
#831 = CARTESIAN_POINT ( 'NONE',  ( -9.035584834214871464, -8.551356099630758933, 52.00000000000000000 ) ) ;
#832 = SURFACE_STYLE_FILL_AREA ( #748 ) ;
#833 = EDGE_CURVE ( 'NONE', #3435, #4124, #2744, .T. ) ;
#834 = ORIENTED_EDGE ( 'NONE', *, *, #6030, .T. ) ;
#835 = ORIENTED_EDGE ( 'NONE', *, *, #6168, .T. ) ;
#836 = CARTESIAN_POINT ( 'NONE',  ( -12.53558483421487146, 1.348643900369240978, 76.50000000000000000 ) ) ;
#837 = AXIS2_PLACEMENT_3D ( 'NONE', #251, #2168, #5980 ) ;
#838 = DIRECTION ( 'NONE',  ( 0.000000000000000000, 0.000000000000000000, 1.000000000000000000 ) ) ;
#839 = CARTESIAN_POINT ( 'NONE',  ( -32.69558483421486983, -10.03135609963075936, 43.50000000000000000 ) ) ;
#840 = DIRECTION ( 'NONE',  ( 0.000000000000000000, -1.000000000000000000, 0.000000000000000000 ) ) ;
#841 = DIRECTION ( 'NONE',  ( 1.000000000000000000, 0.000000000000000000, 0.000000000000000000 ) ) ;
#842 = PRESENTATION_STYLE_ASSIGNMENT (( #1315 ) ) ;
#843 = LINE ( 'NONE', #427, #3950 ) ;
#844 =( LENGTH_UNIT ( ) NAMED_UNIT ( * ) SI_UNIT ( .MILLI., .METRE. ) );
#845 = CIRCLE ( 'NONE', #2242, 0.9999999999999991118 ) ;
#846 = MANIFOLD_SOLID_BREP ( 'NONE', #101 ) ;
#847 = VERTEX_POINT ( 'NONE', #2227 ) ;
#848 = AXIS2_PLACEMENT_3D ( 'NONE', #407, #4203, #710 ) ;
#849 = LINE ( 'NONE', #5268, #740 ) ;
#850 = CARTESIAN_POINT ( 'NONE',  ( 7.464415165785128536, -5.651356099630762131, 74.50000000000000000 ) ) ;
#851 = DIRECTION ( 'NONE',  ( 0.000000000000000000, 1.000000000000000000, 0.000000000000000000 ) ) ;
#852 = SURFACE_STYLE_FILL_AREA ( #1363 ) ;
#853 = CARTESIAN_POINT ( 'NONE',  ( -24.53558483421486969, -2.051356099630759378, 43.50000000000000000 ) ) ;
#854 = CARTESIAN_POINT ( 'NONE',  ( 7.964415165785129425, -10.55135609963075893, 52.00000000000000000 ) ) ;
#855 = MECHANICAL_DESIGN_GEOMETRIC_PRESENTATION_REPRESENTATION (  '', ( #48 ), #4531 ) ;
#856 = FILL_AREA_STYLE ('',( #1803 ) ) ;
#857 = ORIENTED_EDGE ( 'NONE', *, *, #80, .T. ) ;
#858 = ORIENTED_EDGE ( 'NONE', *, *, #357, .T. ) ;
#859 = COLOUR_RGB ( '',1.000000000000000000, 1.000000000000000000, 1.000000000000000000 ) ;
#860 = EDGE_CURVE ( 'NONE', #197, #3384, #1352, .T. ) ;
#861 =( NAMED_UNIT ( * ) SI_UNIT ( $, .STERADIAN. ) SOLID_ANGLE_UNIT ( ) );
#862 = CARTESIAN_POINT ( 'NONE',  ( -8.735584834214867200, 4.548643900369247817, 74.49999999999998579 ) ) ;
#863 = ORIENTED_EDGE ( 'NONE', *, *, #4234, .F. ) ;
#864 = MECHANICAL_DESIGN_GEOMETRIC_PRESENTATION_REPRESENTATION (  '', ( #456 ), #5463 ) ;
#865 = ORIENTED_EDGE ( 'NONE', *, *, #2889, .F. ) ;
#866 =( NAMED_UNIT ( * ) PLANE_ANGLE_UNIT ( ) SI_UNIT ( $, .RADIAN. ) );
#867 = CARTESIAN_POINT ( 'NONE',  ( -21.28558483421487324, -8.460544320660760675, 41.85000000000000142 ) ) ;
#868 = PRESENTATION_STYLE_ASSIGNMENT (( #3665 ) ) ;
#869 = AXIS2_PLACEMENT_3D ( 'NONE', #1524, #3402, #5317 ) ;
#870 = VECTOR ( 'NONE', #2685, 1000.000000000000000 ) ;
#871 = ORIENTED_EDGE ( 'NONE', *, *, #1951, .T. ) ;
#872 = SURFACE_SIDE_STYLE ('',( #1450 ) ) ;
#873 = DIRECTION ( 'NONE',  ( 0.000000000000000000, 1.000000000000000000, 0.000000000000000000 ) ) ;
#874 = CARTESIAN_POINT ( 'NONE',  ( -19.43558483421486827, -8.460544320660760675, 39.49999999999999289 ) ) ;
#875 = DIRECTION ( 'NONE',  ( 0.000000000000000000, -1.000000000000000000, 0.000000000000000000 ) ) ;
#876 = CARTESIAN_POINT ( 'NONE',  ( 21.26441516578513102, 14.44864390036923751, 43.50000000000000000 ) ) ;
#877 = CARTESIAN_POINT ( 'NONE',  ( 21.46441516578513031, -10.55135609963075893, 52.00000000000000000 ) ) ;
#878 = ORIENTED_EDGE ( 'NONE', *, *, #2352, .T. ) ;
#879 = MANIFOLD_SOLID_BREP ( '零件5-1-solid1', #3301 ) ;
#880 = AXIS2_PLACEMENT_3D ( 'NONE', #4231, #26, #4742 ) ;
#881 = ORIENTED_EDGE ( 'NONE', *, *, #776, .F. ) ;
#882 = COLOUR_RGB ( '',1.000000000000000000, 1.000000000000000000, 1.000000000000000000 ) ;
#883 = EDGE_CURVE ( 'NONE', #91, #4226, #5925, .T. ) ;
#884 = CARTESIAN_POINT ( 'NONE',  ( 11.96441516578513031, -10.55135609963075893, 52.00000000000000000 ) ) ;
#885 = EDGE_CURVE ( 'NONE', #1016, #4185, #341, .T. ) ;
#886 = MECHANICAL_DESIGN_GEOMETRIC_PRESENTATION_REPRESENTATION (  '', ( #4665 ), #2779 ) ;
#887 = AXIS2_PLACEMENT_3D ( 'NONE', #3870, #4785, #3408 ) ;
#888 = ORIENTED_EDGE ( 'NONE', *, *, #2184, .F. ) ;
#889 = ORIENTED_EDGE ( 'NONE', *, *, #5552, .T. ) ;
#890 = COLOUR_RGB ( '',1.000000000000000000, 1.000000000000000000, 1.000000000000000000 ) ;
#891 = FACE_BOUND ( 'NONE', #3871, .T. ) ;
#892 =( LENGTH_UNIT ( ) NAMED_UNIT ( * ) SI_UNIT ( .MILLI., .METRE. ) );
#893 = CIRCLE ( 'NONE', #699, 2.000000000000001776 ) ;
#894 = CARTESIAN_POINT ( 'NONE',  ( -21.53558483421486969, -8.551356099630760710, 54.99999999999999289 ) ) ;
#895 = ORIENTED_EDGE ( 'NONE', *, *, #4132, .T. ) ;
#896 = ORIENTED_EDGE ( 'NONE', *, *, #2821, .F. ) ;
#897 = CARTESIAN_POINT ( 'NONE',  ( 3.964415165785129425, -8.551356099630758933, 52.00000000000000000 ) ) ;
#898 =( NAMED_UNIT ( * ) PLANE_ANGLE_UNIT ( ) SI_UNIT ( $, .RADIAN. ) );
#899 = CARTESIAN_POINT ( 'NONE',  ( -17.03558483421486969, -10.55135609963075893, 52.00000000000000000 ) ) ;
#900 = ADVANCED_FACE ( 'NONE', ( #1683 ), #1164, .T. ) ;
#901 = ORIENTED_EDGE ( 'NONE', *, *, #149, .T. ) ;
#902 = FILL_AREA_STYLE ('',( #4253 ) ) ;
#903 = CARTESIAN_POINT ( 'NONE',  ( 19.46441516578512676, -10.55135609963075893, 52.00000000000000000 ) ) ;
#904 = CARTESIAN_POINT ( 'NONE',  ( -28.53558483421486613, -10.55135609963075893, 62.00000000000000000 ) ) ;
#905 = SURFACE_STYLE_USAGE ( .BOTH. , #3309 ) ;
#906 = ORIENTED_EDGE ( 'NONE', *, *, #1096, .F. ) ;
#907 = CIRCLE ( 'NONE', #2502, 1.600000000000000089 ) ;
#908 = ORIENTED_EDGE ( 'NONE', *, *, #5433, .T. ) ;
#909 = FACE_BOUND ( 'NONE', #5064, .T. ) ;
#910 =( NAMED_UNIT ( * ) PLANE_ANGLE_UNIT ( ) SI_UNIT ( $, .RADIAN. ) );
#911 = CARTESIAN_POINT ( 'NONE',  ( -24.53558483421486969, -2.051356099630759378, 45.50000000000000000 ) ) ;
#912 = LINE ( 'NONE', #3679, #5580 ) ;
#913 =( BOUNDED_SURFACE ( )  B_SPLINE_SURFACE ( 1, 3, ( 
 ( #3397, #4330, #4776, #5311 ),
 ( #439, #1034, #1955, #2379 ) ),
 .UNSPECIFIED., .F., .F., .T. ) 
 B_SPLINE_SURFACE_WITH_KNOTS ( ( 2, 2 ),
 ( 4, 4 ),
 ( 0.04162577848936890174, 0.9583742215106310081 ),
 ( 0.000000000000000000, 1.000000000000000000 ),
 .UNSPECIFIED. ) 
 GEOMETRIC_REPRESENTATION_ITEM ( )  RATIONAL_B_SPLINE_SURFACE ( (
 ( 1.000000000000000000, 0.3333333333333335369, 0.3333333333333335369, 1.000000000000000000),
 ( 1.000000000000000000, 0.3333333333333335369, 0.3333333333333335369, 1.000000000000000000) ) ) 
 REPRESENTATION_ITEM ( '' )  SURFACE ( )  );
#914 = FILL_AREA_STYLE_COLOUR ( '', #6131 ) ;
#915 = EDGE_CURVE ( 'NONE', #5785, #362, #2632, .T. ) ;
#916 = DIRECTION ( 'NONE',  ( 0.000000000000000000, 1.000000000000000000, 0.000000000000000000 ) ) ;
#917 = AXIS2_PLACEMENT_3D ( 'NONE', #2847, #5318, #2874 ) ;
#918 = VERTEX_POINT ( 'NONE', #1945 ) ;
#919 = ORIENTED_EDGE ( 'NONE', *, *, #135, .T. ) ;
#920 = DIRECTION ( 'NONE',  ( 0.000000000000000000, 1.000000000000000000, 0.000000000000000000 ) ) ;
#921 = MECHANICAL_DESIGN_GEOMETRIC_PRESENTATION_REPRESENTATION (  '', ( #6106 ), #3311 ) ;
#922 = CARTESIAN_POINT ( 'NONE',  ( -21.53558483421486613, -10.55135609963075893, 52.00000000000000000 ) ) ;
#923 = SURFACE_STYLE_FILL_AREA ( #386 ) ;
#924 = ORIENTED_EDGE ( 'NONE', *, *, #5167, .F. ) ;
#925 = VERTEX_POINT ( 'NONE', #3213 ) ;
#926 = LINE ( 'NONE', #4792, #437 ) ;
#927 = CARTESIAN_POINT ( 'NONE',  ( -17.03558483421488035, -10.55135609963076604, 44.00000000000000711 ) ) ;
#928 = AXIS2_PLACEMENT_3D ( 'NONE', #2917, #370, #2751 ) ;
#929 = CIRCLE ( 'NONE', #1648, 1.500000000000000000 ) ;
#930 = CARTESIAN_POINT ( 'NONE',  ( -24.53558483421486969, -2.051356099630759378, 43.50000000000000000 ) ) ;
#931 = LINE ( 'NONE', #3363, #127 ) ;
#932 = CARTESIAN_POINT ( 'NONE',  ( 21.46441516578513031, -8.551356099630758933, 62.00000000000000000 ) ) ;
#933 =( NAMED_UNIT ( * ) SI_UNIT ( $, .STERADIAN. ) SOLID_ANGLE_UNIT ( ) );
#934 = FILL_AREA_STYLE_COLOUR ( '', #249 ) ;
#935 = EDGE_CURVE ( 'NONE', #6140, #2943, #5239, .T. ) ;
#936 = LINE ( 'NONE', #4224, #3116 ) ;
#937 = AXIS2_PLACEMENT_3D ( 'NONE', #6149, #873, #457 ) ;
#938 = FILL_AREA_STYLE_COLOUR ( '', #6083 ) ;
#939 = FACE_BOUND ( 'NONE', #2582, .T. ) ;
#940 = CARTESIAN_POINT ( 'NONE',  ( 4.264415165785135464, 1.348643900369237647, 74.49999999999998579 ) ) ;
#941 = VECTOR ( 'NONE', #838, 1000.000000000000000 ) ;
#942 = DIRECTION ( 'NONE',  ( 0.000000000000000000, 1.000000000000000000, 0.000000000000000000 ) ) ;
#943 = CARTESIAN_POINT ( 'NONE',  ( 5.964415165785129425, -10.55135609963075893, 62.00000000000000000 ) ) ;
#944 = SURFACE_STYLE_USAGE ( .BOTH. , #5701 ) ;
#945 = UNCERTAINTY_MEASURE_WITH_UNIT (LENGTH_MEASURE( 1.000000000000000082E-05 ), #5940, 'distance_accuracy_value', 'NONE');
#946 = DIRECTION ( 'NONE',  ( 0.000000000000000000, 1.000000000000000000, 0.000000000000000000 ) ) ;
#947 = PRESENTATION_LAYER_ASSIGNMENT (  '', '', ( #3625 ) ) ;
#948 = EDGE_LOOP ( 'NONE', ( #105, #4338, #1048, #865 ) ) ;
#949 = ORIENTED_EDGE ( 'NONE', *, *, #4959, .F. ) ;
#950 = CARTESIAN_POINT ( 'NONE',  ( -22.92639661318487398, -10.64216787860075897, 49.49999999999999289 ) ) ;
#951 = CIRCLE ( 'NONE', #5559, 1.499999999999999556 ) ;
#952 =( LENGTH_UNIT ( ) NAMED_UNIT ( * ) SI_UNIT ( .MILLI., .METRE. ) );
#953 =( GEOMETRIC_REPRESENTATION_CONTEXT ( 3 ) GLOBAL_UNCERTAINTY_ASSIGNED_CONTEXT ( ( #4146 ) ) GLOBAL_UNIT_ASSIGNED_CONTEXT ( ( #6164, #1873, #3296 ) ) REPRESENTATION_CONTEXT ( 'NONE', 'WORKASPACE' ) );
#954 = LINE ( 'NONE', #354, #3859 ) ;
#955 = ORIENTED_EDGE ( 'NONE', *, *, #394, .T. ) ;
#956 = VERTEX_POINT ( 'NONE', #1511 ) ;
#957 = CARTESIAN_POINT ( 'NONE',  ( 16.46441516578513031, -10.55135609963075893, 52.00000000000000000 ) ) ;
#958 = EDGE_CURVE ( 'NONE', #4023, #3898, #849, .T. ) ;
#959 = ADVANCED_FACE ( 'NONE', ( #108 ), #3968, .T. ) ;
#960 = CARTESIAN_POINT ( 'NONE',  ( -1.035584834214869909, -10.55135609963075893, 55.00000000000000000 ) ) ;
#961 = SURFACE_STYLE_FILL_AREA ( #1421 ) ;
#962 = CARTESIAN_POINT ( 'NONE',  ( -1.035584834214869909, -10.55135609963075893, 55.00000000000000000 ) ) ;
#963 = SURFACE_STYLE_USAGE ( .BOTH. , #113 ) ;
#964 = LINE ( 'NONE', #2343, #4046 ) ;
#965 =( BOUNDED_SURFACE ( )  B_SPLINE_SURFACE ( 1, 3, ( 
 ( #6190, #3683, #1405, #1430 ),
 ( #410, #347, #3318, #1922 ) ),
 .UNSPECIFIED., .F., .F., .T. ) 
 B_SPLINE_SURFACE_WITH_KNOTS ( ( 2, 2 ),
 ( 4, 4 ),
 ( 0.04162577848936815234, 0.9583742215106310081 ),
 ( 0.000000000000000000, 1.000000000000000000 ),
 .UNSPECIFIED. ) 
 GEOMETRIC_REPRESENTATION_ITEM ( )  RATIONAL_B_SPLINE_SURFACE ( (
 ( 1.000000000000000000, 0.8047378541243649375, 0.8047378541243649375, 1.000000000000000000),
 ( 1.000000000000000000, 0.8047378541243649375, 0.8047378541243649375, 1.000000000000000000) ) ) 
 REPRESENTATION_ITEM ( '' )  SURFACE ( )  );
#966 = STYLED_ITEM ( 'NONE', ( #787 ), #2748 ) ;
#967 = SURFACE_STYLE_FILL_AREA ( #5308 ) ;
#968 = SURFACE_STYLE_FILL_AREA ( #5146 ) ;
#969 = CARTESIAN_POINT ( 'NONE',  ( 3.964415165785129425, -8.551356099630758933, 52.00000000000000000 ) ) ;
#970 = SURFACE_STYLE_USAGE ( .BOTH. , #2812 ) ;
#971 = CARTESIAN_POINT ( 'NONE',  ( 17.76441516578512747, -9.551356099630760710, 43.50000000000000000 ) ) ;
#972 = VECTOR ( 'NONE', #4141, 1000.000000000000000 ) ;
#973 = CARTESIAN_POINT ( 'NONE',  ( -11.53558483421486969, -8.551356099630758933, 59.00000000000000000 ) ) ;
#974 = CIRCLE ( 'NONE', #2370, 2.500000000000002220 ) ;
#975 = ORIENTED_EDGE ( 'NONE', *, *, #246, .F. ) ;
#976 = EDGE_CURVE ( 'NONE', #5108, #5200, #3610, .T. ) ;
#977 = ORIENTED_EDGE ( 'NONE', *, *, #1662, .T. ) ;
#978 = CARTESIAN_POINT ( 'NONE',  ( -23.64758483421487156, 14.92864390036923972, 76.50000000000000000 ) ) ;
#979 = PRESENTATION_LAYER_ASSIGNMENT (  '', '', ( #4968 ) ) ;
#980 = PLANE ( 'NONE',  #687 ) ;
#981 = CARTESIAN_POINT ( 'NONE',  ( 7.464415165785128536, -2.451356099630760177, 76.50000000000000000 ) ) ;
#982 = CARTESIAN_POINT ( 'NONE',  ( 17.76441516578512747, 10.94864390036924107, 76.50000000000000000 ) ) ;
#983 = VERTEX_POINT ( 'NONE', #2397 ) ;
#984 = VERTEX_POINT ( 'NONE', #557 ) ;
#985 = STYLED_ITEM ( 'NONE', ( #4520 ), #1810 ) ;
#986 = EDGE_CURVE ( 'NONE', #1417, #3769, #5334, .T. ) ;
#987 = VERTEX_POINT ( 'NONE', #3707 ) ;
#988 = PRESENTATION_LAYER_ASSIGNMENT (  '', '', ( #180 ) ) ;
#989 = CARTESIAN_POINT ( 'NONE',  ( 17.76441516578512747, 10.94864390036924107, 76.50000000000000000 ) ) ;
#990 = LINE ( 'NONE', #5357, #550 ) ;
#991 = EDGE_LOOP ( 'NONE', ( #1991, #39, #5010, #1621 ) ) ;
#992 =( GEOMETRIC_REPRESENTATION_CONTEXT ( 3 ) GLOBAL_UNCERTAINTY_ASSIGNED_CONTEXT ( ( #1236 ) ) GLOBAL_UNIT_ASSIGNED_CONTEXT ( ( #4899, #2128, #5348 ) ) REPRESENTATION_CONTEXT ( 'NONE', 'WORKASPACE' ) );
#993 = PRESENTATION_STYLE_ASSIGNMENT (( #2425 ) ) ;
#994 = EDGE_CURVE ( 'NONE', #1142, #4689, #1340, .T. ) ;
#995 = EDGE_CURVE ( 'NONE', #1504, #4987, #5217, .T. ) ;
#996 = CARTESIAN_POINT ( 'NONE',  ( -11.03558483421486969, -10.55135609963075893, 62.00000000000000000 ) ) ;
#997 =( NAMED_UNIT ( * ) PLANE_ANGLE_UNIT ( ) SI_UNIT ( $, .RADIAN. ) );
#998 = DIRECTION ( 'NONE',  ( 0.000000000000000000, 1.000000000000000000, 0.000000000000000000 ) ) ;
#999 = FACE_OUTER_BOUND ( 'NONE', #1871, .T. ) ;
#1000 = CARTESIAN_POINT ( 'NONE',  ( 19.46441516578513031, -8.551356099630737617, 58.00000000000000711 ) ) ;
#1001 = EDGE_LOOP ( 'NONE', ( #1209, #3011, #586, #1017 ) ) ;
#1002 = EDGE_CURVE ( 'NONE', #3003, #1902, #531, .T. ) ;
#1003 = DIRECTION ( 'NONE',  ( 0.000000000000000000, -1.000000000000000000, 0.000000000000000000 ) ) ;
#1004 = LINE ( 'NONE', #2893, #3122 ) ;
#1005 = CARTESIAN_POINT ( 'NONE',  ( 19.46441516578512676, -8.551356099630758933, 52.00000000000000000 ) ) ;
#1006 = DIRECTION ( 'NONE',  ( -1.000000000000000000, 0.000000000000000000, 0.000000000000000000 ) ) ;
#1007 = CARTESIAN_POINT ( 'NONE',  ( -31.53558483421485192, 12.99889643206342527, 45.50000000000000000 ) ) ;
#1008 =( BOUNDED_SURFACE ( )  B_SPLINE_SURFACE ( 1, 3, ( 
 ( #1608, #5406, #5757, #5276 ),
 ( #1005, #2895, #4805, #530 ) ),
 .UNSPECIFIED., .F., .F., .T. ) 
 B_SPLINE_SURFACE_WITH_KNOTS ( ( 2, 2 ),
 ( 4, 4 ),
 ( 0.04162577848936815234, 0.9583742215106310081 ),
 ( 0.000000000000000000, 1.000000000000000000 ),
 .UNSPECIFIED. ) 
 GEOMETRIC_REPRESENTATION_ITEM ( )  RATIONAL_B_SPLINE_SURFACE ( (
 ( 1.000000000000000000, 0.3333333333333335369, 0.3333333333333335369, 1.000000000000000000),
 ( 1.000000000000000000, 0.3333333333333335369, 0.3333333333333335369, 1.000000000000000000) ) ) 
 REPRESENTATION_ITEM ( '' )  SURFACE ( )  );
#1009 = ORIENTED_EDGE ( 'NONE', *, *, #668, .T. ) ;
#1010 =( NAMED_UNIT ( * ) PLANE_ANGLE_UNIT ( ) SI_UNIT ( $, .RADIAN. ) );
#1011 = CARTESIAN_POINT ( 'NONE',  ( -22.83558483421488106, -10.55135609963075538, 43.91421356237308515 ) ) ;
#1012 = CARTESIAN_POINT ( 'NONE',  ( -26.53558483421487324, -10.55135609963075893, 52.00000000000000000 ) ) ;
#1013 = LINE ( 'NONE', #4337, #421 ) ;
#1014 = ADVANCED_FACE ( 'NONE', ( #2427 ), #3057, .T. ) ;
#1015 = CARTESIAN_POINT ( 'NONE',  ( -21.28558483421487324, -10.55135609963075893, 49.49999999999999289 ) ) ;
#1016 = VERTEX_POINT ( 'NONE', #4319 ) ;
#1017 = ORIENTED_EDGE ( 'NONE', *, *, #6007, .T. ) ;
#1018 = CARTESIAN_POINT ( 'NONE',  ( 13.46441516578512854, -10.55135609963075893, 52.00000000000000000 ) ) ;
#1019 = CIRCLE ( 'NONE', #5813, 1.499999999999999556 ) ;
#1020 = ORIENTED_EDGE ( 'NONE', *, *, #1826, .T. ) ;
#1021 = DIRECTION ( 'NONE',  ( 0.000000000000000000, 0.000000000000000000, 1.000000000000000000 ) ) ;
#1022 = COLOUR_RGB ( '',1.000000000000000000, 1.000000000000000000, 1.000000000000000000 ) ;
#1023 = CARTESIAN_POINT ( 'NONE',  ( -21.28558483421487324, -8.551356099630758933, 49.49999999999999289 ) ) ;
#1024 = STYLED_ITEM ( 'NONE', ( #5420 ), #4352 ) ;
#1025 = CARTESIAN_POINT ( 'NONE',  ( -28.53558483421486613, -8.551356099630758933, 52.00000000000000000 ) ) ;
#1026 = SURFACE_STYLE_FILL_AREA ( #4799 ) ;
#1027 = CARTESIAN_POINT ( 'NONE',  ( 19.46441516578512676, -8.551356099630758933, 62.00000000000000000 ) ) ;
#1028 = VECTOR ( 'NONE', #5501, 1000.000000000000000 ) ;
#1029 = VECTOR ( 'NONE', #1980, 1000.000000000000000 ) ;
#1030 = DIRECTION ( 'NONE',  ( 0.000000000000000000, -1.000000000000000000, 0.000000000000000000 ) ) ;
#1031 = FILL_AREA_STYLE ('',( #5309 ) ) ;
#1032 =( LENGTH_UNIT ( ) NAMED_UNIT ( * ) SI_UNIT ( .MILLI., .METRE. ) );
#1033 = AXIS2_PLACEMENT_3D ( 'NONE', #4157, #1844, #1780 ) ;
#1034 = CARTESIAN_POINT ( 'NONE',  ( 17.66441516578511539, 1.348643900369237647, 76.50000000000000000 ) ) ;
#1035 = CARTESIAN_POINT ( 'NONE',  ( -7.535584834214870575, -10.55135609963075893, 52.00000000000000000 ) ) ;
#1036 = LINE ( 'NONE', #1099, #365 ) ;
#1037 = ORIENTED_EDGE ( 'NONE', *, *, #1202, .F. ) ;
#1038 = STYLED_ITEM ( 'NONE', ( #5932 ), #5041 ) ;
#1039 = DIRECTION ( 'NONE',  ( 0.000000000000000000, 0.000000000000000000, 1.000000000000000000 ) ) ;
#1040 = CARTESIAN_POINT ( 'NONE',  ( -21.53558483421486613, -10.55135609963075893, 52.00000000000000000 ) ) ;
#1041 = DIRECTION ( 'NONE',  ( 0.000000000000000000, -1.000000000000000000, 0.000000000000000000 ) ) ;
#1042 = SURFACE_STYLE_FILL_AREA ( #155 ) ;
#1043 = CIRCLE ( 'NONE', #337, 1.599999999999999867 ) ;
#1044 = CARTESIAN_POINT ( 'NONE',  ( -28.53558483421486613, -8.551356099630758933, 52.00000000000000000 ) ) ;
#1045 = ORIENTED_EDGE ( 'NONE', *, *, #2821, .T. ) ;
#1046 = DIRECTION ( 'NONE',  ( 0.000000000000000000, 0.000000000000000000, 1.000000000000000000 ) ) ;
#1047 = EDGE_LOOP ( 'NONE', ( #919, #1165 ) ) ;
#1048 = ORIENTED_EDGE ( 'NONE', *, *, #5626, .T. ) ;
#1049 =( LENGTH_UNIT ( ) NAMED_UNIT ( * ) SI_UNIT ( .MILLI., .METRE. ) );
#1050 = CIRCLE ( 'NONE', #1248, 1.499999999999999556 ) ;
#1051 = CARTESIAN_POINT ( 'NONE',  ( 7.464415165785128536, 2.948643900369238402, 74.50000000000000000 ) ) ;
#1052 = CARTESIAN_POINT ( 'NONE',  ( -31.53558483421486969, 10.94864390036924107, 43.50000000000000000 ) ) ;
#1053 = SURFACE_SIDE_STYLE ('',( #5330 ) ) ;
#1054 = APPLICATION_PROTOCOL_DEFINITION ( 'draft international standard', 'automotive_design', 1998, #1717 ) ;
#1055 = EDGE_LOOP ( 'NONE', ( #2512, #4067, #5958, #2764 ) ) ;
#1056 = ORIENTED_EDGE ( 'NONE', *, *, #4558, .T. ) ;
#1057 = UNCERTAINTY_MEASURE_WITH_UNIT (LENGTH_MEASURE( 1.000000000000000082E-05 ), #47, 'distance_accuracy_value', 'NONE');
#1058 = DIRECTION ( 'NONE',  ( 0.000000000000000000, 0.000000000000000000, 1.000000000000000000 ) ) ;
#1059 = DIRECTION ( 'NONE',  ( 1.000000000000000000, 0.000000000000000000, 0.000000000000000000 ) ) ;
#1060 = CARTESIAN_POINT ( 'NONE',  ( -1.035584834214865024, -10.55135609963076604, 66.00000000000001421 ) ) ;
#1061 = CARTESIAN_POINT ( 'NONE',  ( -14.53558483421486969, -8.551356099630758933, 45.00000000000000000 ) ) ;
#1062 = UNCERTAINTY_MEASURE_WITH_UNIT (LENGTH_MEASURE( 1.000000000000000082E-05 ), #551, 'distance_accuracy_value', 'NONE');
#1063 = ORIENTED_EDGE ( 'NONE', *, *, #5129, .T. ) ;
#1064 = UNCERTAINTY_MEASURE_WITH_UNIT (LENGTH_MEASURE( 1.000000000000000082E-05 ), #4813, 'distance_accuracy_value', 'NONE');
#1065 = LINE ( 'NONE', #2990, #4314 ) ;
#1066 = CARTESIAN_POINT ( 'NONE',  ( 9.464415165785128536, -10.55135609963075893, 59.00000000000000000 ) ) ;
#1067 = CARTESIAN_POINT ( 'NONE',  ( -28.53558483421486613, 7.948643900369239290, 45.50000000000000000 ) ) ;
#1068 = PRESENTATION_STYLE_ASSIGNMENT (( #661 ) ) ;
#1069 = SURFACE_STYLE_FILL_AREA ( #2931 ) ;
#1070 = ORIENTED_EDGE ( 'NONE', *, *, #109, .T. ) ;
#1071 = VECTOR ( 'NONE', #4929, 1000.000000000000000 ) ;
#1072 = ADVANCED_FACE ( 'NONE', ( #615 ), #5002, .T. ) ;
#1073 = EDGE_CURVE ( 'NONE', #3511, #3813, #4441, .T. ) ;
#1074 = DIRECTION ( 'NONE',  ( -1.000000000000000000, 0.000000000000000000, 0.000000000000000000 ) ) ;
#1075 = CARTESIAN_POINT ( 'NONE',  ( 4.264415165785130135, -5.651356099630778118, 74.49999999999998579 ) ) ;
#1076 = CARTESIAN_POINT ( 'NONE',  ( -4.535584834214871464, -10.55135609963075893, 52.00000000000000000 ) ) ;
#1077 = STYLED_ITEM ( 'NONE', ( #2897 ), #3008 ) ;
#1078 = FILL_AREA_STYLE_COLOUR ( '', #273 ) ;
#1079 =( BOUNDED_SURFACE ( )  B_SPLINE_SURFACE ( 1, 3, ( 
 ( #5182, #3739, #940, #2811 ),
 ( #3772, #5726, #1457, #2402 ) ),
 .UNSPECIFIED., .F., .F., .T. ) 
 B_SPLINE_SURFACE_WITH_KNOTS ( ( 2, 2 ),
 ( 4, 4 ),
 ( 0.04162577848936890174, 0.9583742215106310081 ),
 ( 0.000000000000000000, 1.000000000000000000 ),
 .UNSPECIFIED. ) 
 GEOMETRIC_REPRESENTATION_ITEM ( )  RATIONAL_B_SPLINE_SURFACE ( (
 ( 1.000000000000000000, 0.3333333333333335369, 0.3333333333333335369, 1.000000000000000000),
 ( 1.000000000000000000, 0.3333333333333335369, 0.3333333333333335369, 1.000000000000000000) ) ) 
 REPRESENTATION_ITEM ( '' )  SURFACE ( )  );
#1080 = ORIENTED_EDGE ( 'NONE', *, *, #3659, .F. ) ;
#1081 = CARTESIAN_POINT ( 'NONE',  ( -11.03558483421486969, -10.55135609963075893, 62.00000000000000000 ) ) ;
#1082 = ORIENTED_EDGE ( 'NONE', *, *, #1682, .F. ) ;
#1083 = VERTEX_POINT ( 'NONE', #169 ) ;
#1084 = MECHANICAL_DESIGN_GEOMETRIC_PRESENTATION_REPRESENTATION (  '', ( #1783 ), #4562 ) ;
#1085 = MECHANICAL_DESIGN_GEOMETRIC_PRESENTATION_REPRESENTATION (  '', ( #275 ), #6069 ) ;
#1086 = CARTESIAN_POINT ( 'NONE',  ( -12.53558483421487146, -2.451356099630760177, 76.50000000000000000 ) ) ;
#1087 = MECHANICAL_DESIGN_GEOMETRIC_PRESENTATION_REPRESENTATION (  '', ( #985 ), #1985 ) ;
#1088 = CARTESIAN_POINT ( 'NONE',  ( 7.464415165785128536, 11.54864390036923893, 74.50000000000000000 ) ) ;
#1089 = AXIS2_PLACEMENT_3D ( 'NONE', #2510, #5852, #5321 ) ;
#1090 = EDGE_LOOP ( 'NONE', ( #3189, #5325, #5258, #3382 ) ) ;
#1091 = DIRECTION ( 'NONE',  ( 0.000000000000000000, 0.000000000000000000, -1.000000000000000000 ) ) ;
#1092 = MECHANICAL_DESIGN_GEOMETRIC_PRESENTATION_REPRESENTATION (  '', ( #4573 ), #1588 ) ;
#1093 = CARTESIAN_POINT ( 'NONE',  ( 21.46441516578513031, -8.551356099630758933, 52.00000000000000000 ) ) ;
#1094 = LINE ( 'NONE', #5337, #5487 ) ;
#1095 =( GEOMETRIC_REPRESENTATION_CONTEXT ( 3 ) GLOBAL_UNCERTAINTY_ASSIGNED_CONTEXT ( ( #159 ) ) GLOBAL_UNIT_ASSIGNED_CONTEXT ( ( #5154, #3219, #6161 ) ) REPRESENTATION_CONTEXT ( 'NONE', 'WORKASPACE' ) );
#1096 = EDGE_CURVE ( 'NONE', #2809, #2273, #2655, .T. ) ;
#1097 = FILL_AREA_STYLE_COLOUR ( '', #678 ) ;
#1098 = FILL_AREA_STYLE ('',( #1639 ) ) ;
#1099 = CARTESIAN_POINT ( 'NONE',  ( 19.46441516578512676, -10.55135609963075893, 52.00000000000000000 ) ) ;
#1100 = VERTEX_POINT ( 'NONE', #236 ) ;
#1101 = CARTESIAN_POINT ( 'NONE',  ( -4.535584834214873240, -10.55135609963076604, 49.00000000000000000 ) ) ;
#1102 = FILL_AREA_STYLE ('',( #4019 ) ) ;
#1103 = EDGE_CURVE ( 'NONE', #4508, #362, #4989, .T. ) ;
#1104 = EDGE_LOOP ( 'NONE', ( #1839, #1924 ) ) ;
#1105 = EDGE_LOOP ( 'NONE', ( #1143, #5733 ) ) ;
#1106 = SURFACE_SIDE_STYLE ('',( #1657 ) ) ;
#1107 = DIRECTION ( 'NONE',  ( 0.000000000000000000, -1.000000000000000000, 0.000000000000000000 ) ) ;
#1108 = VECTOR ( 'NONE', #5427, 1000.000000000000000 ) ;
#1109 =( NAMED_UNIT ( * ) PLANE_ANGLE_UNIT ( ) SI_UNIT ( $, .RADIAN. ) );
#1110 =( BOUNDED_SURFACE ( )  B_SPLINE_SURFACE ( 1, 3, ( 
 ( #3149, #5509, #1759, #1789 ),
 ( #3207, #1700, #2165, #2191 ) ),
 .UNSPECIFIED., .F., .F., .T. ) 
 B_SPLINE_SURFACE_WITH_KNOTS ( ( 2, 2 ),
 ( 4, 4 ),
 ( 0.04162577848936815234, 0.9583742215106310081 ),
 ( 0.000000000000000000, 1.000000000000000000 ),
 .UNSPECIFIED. ) 
 GEOMETRIC_REPRESENTATION_ITEM ( )  RATIONAL_B_SPLINE_SURFACE ( (
 ( 1.000000000000000000, 0.3333333333333335369, 0.3333333333333335369, 1.000000000000000000),
 ( 1.000000000000000000, 0.3333333333333335369, 0.3333333333333335369, 1.000000000000000000) ) ) 
 REPRESENTATION_ITEM ( '' )  SURFACE ( )  );
#1111 =( LENGTH_UNIT ( ) NAMED_UNIT ( * ) SI_UNIT ( .MILLI., .METRE. ) );
#1112 = ORIENTED_EDGE ( 'NONE', *, *, #4488, .T. ) ;
#1113 = CIRCLE ( 'NONE', #4487, 1.500000000000000000 ) ;
#1114 = CARTESIAN_POINT ( 'NONE',  ( -19.53558483421487324, 1.348643900369240978, 74.50000000000000000 ) ) ;
#1115 = CARTESIAN_POINT ( 'NONE',  ( -9.035584834214871464, -8.551356099630758933, 52.00000000000000000 ) ) ;
#1116 = VECTOR ( 'NONE', #2024, 1000.000000000000000 ) ;
#1117 = CARTESIAN_POINT ( 'NONE',  ( -19.53558483421487324, 1.348643900369240978, 76.50000000000000000 ) ) ;
#1118 = AXIS2_PLACEMENT_3D ( 'NONE', #1685, #3647, #5094 ) ;
#1119 =( LENGTH_UNIT ( ) NAMED_UNIT ( * ) SI_UNIT ( .MILLI., .METRE. ) );
#1120 = UNCERTAINTY_MEASURE_WITH_UNIT (LENGTH_MEASURE( 1.000000000000000082E-05 ), #5822, 'distance_accuracy_value', 'NONE');
#1121 = EDGE_CURVE ( 'NONE', #2178, #1636, #2618, .T. ) ;
#1122 = SURFACE_SIDE_STYLE ('',( #2468 ) ) ;
#1123 = DIRECTION ( 'NONE',  ( 0.000000000000000000, 1.000000000000000000, 0.000000000000000000 ) ) ;
#1124 = CARTESIAN_POINT ( 'NONE',  ( -23.64758483421487156, -9.011356099630759786, 74.50000000000000000 ) ) ;
#1125 =( NAMED_UNIT ( * ) PLANE_ANGLE_UNIT ( ) SI_UNIT ( $, .RADIAN. ) );
#1126 =( GEOMETRIC_REPRESENTATION_CONTEXT ( 3 ) GLOBAL_UNCERTAINTY_ASSIGNED_CONTEXT ( ( #1205 ) ) GLOBAL_UNIT_ASSIGNED_CONTEXT ( ( #3832, #1010, #3289 ) ) REPRESENTATION_CONTEXT ( 'NONE', 'WORKASPACE' ) );
#1127 = VERTEX_POINT ( 'NONE', #3111 ) ;
#1128 = VECTOR ( 'NONE', #5554, 1000.000000000000000 ) ;
#1129 =( NAMED_UNIT ( * ) PLANE_ANGLE_UNIT ( ) SI_UNIT ( $, .RADIAN. ) );
#1130 = CARTESIAN_POINT ( 'NONE',  ( 16.12360338681313010, -10.64216787860075897, 49.49999999999999289 ) ) ;
#1131 = CARTESIAN_POINT ( 'NONE',  ( -22.83558483421487040, 10.94864390036924107, 43.50000000000000000 ) ) ;
#1132 = CARTESIAN_POINT ( 'NONE',  ( -21.28558483421486969, -8.539145212538837626, 43.85280969941640450 ) ) ;
#1133 = DIRECTION ( 'NONE',  ( -1.000000000000000000, 0.000000000000000000, 0.000000000000000000 ) ) ;
#1134 = CARTESIAN_POINT ( 'NONE',  ( -19.53558483421487324, 1.348643900369240978, 76.50000000000000000 ) ) ;
#1135 = AXIS2_PLACEMENT_3D ( 'NONE', #3852, #426, #3762 ) ;
#1136 = ORIENTED_EDGE ( 'NONE', *, *, #976, .T. ) ;
#1137 = SURFACE_STYLE_USAGE ( .BOTH. , #3591 ) ;
#1138 = CIRCLE ( 'NONE', #1850, 2.000000000000001776 ) ;
#1139 = FILL_AREA_STYLE ('',( #1204 ) ) ;
#1140 = EDGE_LOOP ( 'NONE', ( #6184, #6191, #2613, #294 ) ) ;
#1141 = CARTESIAN_POINT ( 'NONE',  ( -31.53558483421486969, -8.551356099630758933, 68.00000000000000000 ) ) ;
#1142 = VERTEX_POINT ( 'NONE', #4509 ) ;
#1143 = ORIENTED_EDGE ( 'NONE', *, *, #755, .T. ) ;
#1144 = UNCERTAINTY_MEASURE_WITH_UNIT (LENGTH_MEASURE( 1.000000000000000082E-05 ), #2987, 'distance_accuracy_value', 'NONE');
#1145 = EDGE_CURVE ( 'NONE', #3276, #6004, #2521, .T. ) ;
#1146 = EDGE_CURVE ( 'NONE', #956, #6087, #4413, .T. ) ;
#1147 = CARTESIAN_POINT ( 'NONE',  ( 14.96441516578513031, -8.551356099630758933, 52.00000000000000000 ) ) ;
#1148 = FILL_AREA_STYLE_COLOUR ( '', #3270 ) ;
#1149 = CARTESIAN_POINT ( 'NONE',  ( 17.76441516578512747, -8.539145212538837626, 70.50000000000000000 ) ) ;
#1150 = CARTESIAN_POINT ( 'NONE',  ( -17.03558483421486969, -8.551356099630758933, 52.00000000000000000 ) ) ;
#1151 = SURFACE_STYLE_USAGE ( .BOTH. , #3604 ) ;
#1152 = VECTOR ( 'NONE', #1906, 1000.000000000000000 ) ;
#1153 = FILL_AREA_STYLE ('',( #3519 ) ) ;
#1154 =( NAMED_UNIT ( * ) SI_UNIT ( $, .STERADIAN. ) SOLID_ANGLE_UNIT ( ) );
#1155 = SURFACE_STYLE_FILL_AREA ( #2689 ) ;
#1156 = CARTESIAN_POINT ( 'NONE',  ( 7.464415165785128536, 4.548643900369238935, 74.50000000000000000 ) ) ;
#1157 = PRESENTATION_STYLE_ASSIGNMENT (( #1610 ) ) ;
#1158 = EDGE_LOOP ( 'NONE', ( #403, #4622 ) ) ;
#1159 = SURFACE_SIDE_STYLE ('',( #4363 ) ) ;
#1160 = FILL_AREA_STYLE ('',( #4017 ) ) ;
#1161 =( GEOMETRIC_REPRESENTATION_CONTEXT ( 3 ) GLOBAL_UNCERTAINTY_ASSIGNED_CONTEXT ( ( #1767 ) ) GLOBAL_UNIT_ASSIGNED_CONTEXT ( ( #4072, #722, #4446 ) ) REPRESENTATION_CONTEXT ( 'NONE', 'WORKASPACE' ) );
#1162 = EDGE_CURVE ( 'NONE', #3952, #5651, #2709, .T. ) ;
#1163 = ORIENTED_EDGE ( 'NONE', *, *, #5167, .T. ) ;
#1164 =( BOUNDED_SURFACE ( )  B_SPLINE_SURFACE ( 1, 3, ( 
 ( #1297, #5609, #2599, #4489 ),
 ( #214, #5005, #734, #4526 ) ),
 .UNSPECIFIED., .F., .F., .T. ) 
 B_SPLINE_SURFACE_WITH_KNOTS ( ( 2, 2 ),
 ( 4, 4 ),
 ( 0.04162577848936815234, 0.9583742215106310081 ),
 ( 0.000000000000000000, 1.000000000000000000 ),
 .UNSPECIFIED. ) 
 GEOMETRIC_REPRESENTATION_ITEM ( )  RATIONAL_B_SPLINE_SURFACE ( (
 ( 1.000000000000000000, 0.3333333333333329818, 0.3333333333333329818, 1.000000000000000000),
 ( 1.000000000000000000, 0.3333333333333329818, 0.3333333333333329818, 1.000000000000000000) ) ) 
 REPRESENTATION_ITEM ( '' )  SURFACE ( )  );
#1165 = ORIENTED_EDGE ( 'NONE', *, *, #3355, .T. ) ;
#1166 = SURFACE_STYLE_USAGE ( .BOTH. , #1106 ) ;
#1167 = UNCERTAINTY_MEASURE_WITH_UNIT (LENGTH_MEASURE( 1.000000000000000082E-05 ), #6002, 'distance_accuracy_value', 'NONE');
#1168 = CARTESIAN_POINT ( 'NONE',  ( 13.71441516578512854, -8.551356099630758933, 39.49999999999999289 ) ) ;
#1169 = VECTOR ( 'NONE', #1264, 1000.000000000000000 ) ;
#1170 = FILL_AREA_STYLE ('',( #4466 ) ) ;
#1171 = CARTESIAN_POINT ( 'NONE',  ( -22.83558483421487040, 10.88864390036923702, 74.50000000000000000 ) ) ;
#1172 = SURFACE_STYLE_USAGE ( .BOTH. , #164 ) ;
#1173 = VERTEX_POINT ( 'NONE', #4610 ) ;
#1174 = EDGE_CURVE ( 'NONE', #2353, #1870, #5996, .T. ) ;
#1175 = AXIS2_PLACEMENT_3D ( 'NONE', #5184, #3285, #1799 ) ;
#1176 = ORIENTED_EDGE ( 'NONE', *, *, #5845, .F. ) ;
#1177 =( GEOMETRIC_REPRESENTATION_CONTEXT ( 3 ) GLOBAL_UNCERTAINTY_ASSIGNED_CONTEXT ( ( #5371 ) ) GLOBAL_UNIT_ASSIGNED_CONTEXT ( ( #2647, #1237, #1712 ) ) REPRESENTATION_CONTEXT ( 'NONE', 'WORKASPACE' ) );
#1178 = ORIENTED_EDGE ( 'NONE', *, *, #6098, .F. ) ;
#1179 = CARTESIAN_POINT ( 'NONE',  ( 17.76441516578512747, -8.551356099630758933, 45.50000000000000000 ) ) ;
#1180 = SURFACE_STYLE_USAGE ( .BOTH. , #5997 ) ;
#1181 = MECHANICAL_DESIGN_GEOMETRIC_PRESENTATION_REPRESENTATION (  '', ( #5264 ), #5584 ) ;
#1182 = VECTOR ( 'NONE', #392, 1000.000000000000000 ) ;
#1183 = DIRECTION ( 'NONE',  ( 0.000000000000000000, -1.000000000000000000, 0.000000000000000000 ) ) ;
#1184 = CARTESIAN_POINT ( 'NONE',  ( -22.83558483421487040, -11.53914521253883763, 70.50000000000000000 ) ) ;
#1185 = DIRECTION ( 'NONE',  ( 0.000000000000000000, 1.000000000000000000, 0.000000000000000000 ) ) ;
#1186 = EDGE_CURVE ( 'NONE', #91, #5805, #3725, .T. ) ;
#1187 = COLOUR_RGB ( '',1.000000000000000000, 1.000000000000000000, 1.000000000000000000 ) ;
#1188 = AXIS2_PLACEMENT_3D ( 'NONE', #592, #1676, #618 ) ;
#1189 = AXIS2_PLACEMENT_3D ( 'NONE', #1501, #1046, #4372 ) ;
#1190 = CARTESIAN_POINT ( 'NONE',  ( 9.464415165785128536, -8.551356099630758933, 59.00000000000000000 ) ) ;
#1191 = DIRECTION ( 'NONE',  ( 0.000000000000000000, 1.000000000000000000, 0.000000000000000000 ) ) ;
#1192 = SURFACE_STYLE_FILL_AREA ( #4078 ) ;
#1193 = ADVANCED_FACE ( 'NONE', ( #3262 ), #1816, .F. ) ;
#1194 = CARTESIAN_POINT ( 'NONE',  ( 0.4644151657851297021, 4.548643900369238935, 76.50000000000000000 ) ) ;
#1195 =( NAMED_UNIT ( * ) PLANE_ANGLE_UNIT ( ) SI_UNIT ( $, .RADIAN. ) );
#1196 = DIRECTION ( 'NONE',  ( 1.000000000000000000, 0.000000000000000000, 0.000000000000000000 ) ) ;
#1197 = CARTESIAN_POINT ( 'NONE',  ( -22.83558483421487040, 10.88864390036923702, 76.50000000000000000 ) ) ;
#1198 = ORIENTED_EDGE ( 'NONE', *, *, #2368, .F. ) ;
#1199 = ORIENTED_EDGE ( 'NONE', *, *, #145, .F. ) ;
#1200 = FILL_AREA_STYLE_COLOUR ( '', #4304 ) ;
#1201 = CARTESIAN_POINT ( 'NONE',  ( -31.53558483421486969, -9.551356099630760710, 43.50000000000000000 ) ) ;
#1202 = EDGE_CURVE ( 'NONE', #1173, #1415, #13, .T. ) ;
#1203 = LINE ( 'NONE', #5185, #5440 ) ;
#1204 = FILL_AREA_STYLE_COLOUR ( '', #5203 ) ;
#1205 = UNCERTAINTY_MEASURE_WITH_UNIT (LENGTH_MEASURE( 1.000000000000000082E-05 ), #3832, 'distance_accuracy_value', 'NONE');
#1206 = LINE ( 'NONE', #2982, #1116 ) ;
#1207 =( NAMED_UNIT ( * ) PLANE_ANGLE_UNIT ( ) SI_UNIT ( $, .RADIAN. ) );
#1208 = FILL_AREA_STYLE ('',( #5993 ) ) ;
#1209 = ORIENTED_EDGE ( 'NONE', *, *, #3649, .F. ) ;
#1210 = VERTEX_POINT ( 'NONE', #897 ) ;
#1211 = STYLED_ITEM ( 'NONE', ( #4755 ), #1305 ) ;
#1212 = DIRECTION ( 'NONE',  ( -1.000000000000000000, 0.000000000000000000, 0.000000000000000000 ) ) ;
#1213 = CARTESIAN_POINT ( 'NONE',  ( 14.26441516578512925, 10.94864390036924107, 76.50000000000000000 ) ) ;
#1214 = FACE_OUTER_BOUND ( 'NONE', #6173, .T. ) ;
#1215 = CARTESIAN_POINT ( 'NONE',  ( 11.96441516578512498, -8.551356099630760710, 59.99999999999999289 ) ) ;
#1216 = CARTESIAN_POINT ( 'NONE',  ( 16.21441516578513031, -8.551356099630758933, 49.49999999999999289 ) ) ;
#1217 = DIRECTION ( 'NONE',  ( -1.000000000000000000, 0.000000000000000000, 0.000000000000000000 ) ) ;
#1218 = VECTOR ( 'NONE', #2507, 1000.000000000000000 ) ;
#1219 = MECHANICAL_DESIGN_GEOMETRIC_PRESENTATION_REPRESENTATION (  '', ( #3308 ), #2219 ) ;
#1220 = DIRECTION ( 'NONE',  ( 1.000000000000000000, 0.000000000000000000, 0.000000000000000000 ) ) ;
#1221 =( GEOMETRIC_REPRESENTATION_CONTEXT ( 3 ) GLOBAL_UNCERTAINTY_ASSIGNED_CONTEXT ( ( #1638 ) ) GLOBAL_UNIT_ASSIGNED_CONTEXT ( ( #2093, #2161, #3579 ) ) REPRESENTATION_CONTEXT ( 'NONE', 'WORKASPACE' ) );
#1222 = SURFACE_STYLE_USAGE ( .BOTH. , #3152 ) ;
#1223 = SURFACE_STYLE_USAGE ( .BOTH. , #2662 ) ;
#1224 = CIRCLE ( 'NONE', #317, 3.499999999999999556 ) ;
#1225 = ORIENTED_EDGE ( 'NONE', *, *, #2065, .F. ) ;
#1226 = DIRECTION ( 'NONE',  ( 0.000000000000000000, -1.000000000000000000, 0.000000000000000000 ) ) ;
#1227 = FILL_AREA_STYLE_COLOUR ( '', #1449 ) ;
#1228 = CARTESIAN_POINT ( 'NONE',  ( 7.464415165785128536, -4.051356099630760710, 76.50000000000000000 ) ) ;
#1229 =( NAMED_UNIT ( * ) SI_UNIT ( $, .STERADIAN. ) SOLID_ANGLE_UNIT ( ) );
#1230 = COLOUR_RGB ( '',1.000000000000000000, 1.000000000000000000, 1.000000000000000000 ) ;
#1231 = DIRECTION ( 'NONE',  ( -1.000000000000000000, 0.000000000000000000, 0.000000000000000000 ) ) ;
#1232 = UNCERTAINTY_MEASURE_WITH_UNIT (LENGTH_MEASURE( 1.000000000000000082E-05 ), #1753, 'distance_accuracy_value', 'NONE');
#1233 = ORIENTED_EDGE ( 'NONE', *, *, #517, .F. ) ;
#1234 = VECTOR ( 'NONE', #2102, 1000.000000000000000 ) ;
#1235 = FACE_OUTER_BOUND ( 'NONE', #991, .T. ) ;
#1236 = UNCERTAINTY_MEASURE_WITH_UNIT (LENGTH_MEASURE( 1.000000000000000082E-05 ), #4899, 'distance_accuracy_value', 'NONE');
#1237 =( NAMED_UNIT ( * ) PLANE_ANGLE_UNIT ( ) SI_UNIT ( $, .RADIAN. ) );
#1238 = CARTESIAN_POINT ( 'NONE',  ( -22.83558483421487040, 10.88864390036923702, 76.50000000000000000 ) ) ;
#1239 = CARTESIAN_POINT ( 'NONE',  ( 17.76441516578512747, -10.55135609963075893, 44.50000000000000000 ) ) ;
#1240 =( GEOMETRIC_REPRESENTATION_CONTEXT ( 3 ) GLOBAL_UNCERTAINTY_ASSIGNED_CONTEXT ( ( #4505 ) ) GLOBAL_UNIT_ASSIGNED_CONTEXT ( ( #4901, #595, #181 ) ) REPRESENTATION_CONTEXT ( 'NONE', 'WORKASPACE' ) );
#1241 = ORIENTED_EDGE ( 'NONE', *, *, #594, .F. ) ;
#1242 = EDGE_CURVE ( 'NONE', #3644, #2955, #5536, .T. ) ;
#1243 = ORIENTED_EDGE ( 'NONE', *, *, #4104, .F. ) ;
#1244 = CARTESIAN_POINT ( 'NONE',  ( -21.28558483421486969, -8.539145212538837626, 43.85280969941640450 ) ) ;
#1245 = CARTESIAN_POINT ( 'NONE',  ( -22.83558483421487040, 11.31744390036923775, 70.37999999999999545 ) ) ;
#1246 =( LENGTH_UNIT ( ) NAMED_UNIT ( * ) SI_UNIT ( .MILLI., .METRE. ) );
#1247 = DIRECTION ( 'NONE',  ( 0.000000000000000000, 0.000000000000000000, 1.000000000000000000 ) ) ;
#1248 = AXIS2_PLACEMENT_3D ( 'NONE', #1401, #3070, #4503 ) ;
#1249 = CARTESIAN_POINT ( 'NONE',  ( -9.535584834214871464, -10.55135609963075893, 62.00000000000000000 ) ) ;
#1250 = EDGE_CURVE ( 'NONE', #1823, #2327, #4068, .T. ) ;
#1251 = MECHANICAL_DESIGN_GEOMETRIC_PRESENTATION_REPRESENTATION (  '', ( #3434 ), #6041 ) ;
#1252 = CARTESIAN_POINT ( 'NONE',  ( 23.46441516578513031, 7.948643900369239290, 43.50000000000000000 ) ) ;
#1253 = DIRECTION ( 'NONE',  ( 0.000000000000000000, 0.000000000000000000, 1.000000000000000000 ) ) ;
#1254 = FILL_AREA_STYLE ('',( #5114 ) ) ;
#1255 =( NAMED_UNIT ( * ) SI_UNIT ( $, .STERADIAN. ) SOLID_ANGLE_UNIT ( ) );
#1256 = DIRECTION ( 'NONE',  ( 0.000000000000000000, -1.000000000000000000, 0.000000000000000000 ) ) ;
#1257 = AXIS2_PLACEMENT_3D ( 'NONE', #5539, #2244, #1282 ) ;
#1258 = UNCERTAINTY_MEASURE_WITH_UNIT (LENGTH_MEASURE( 1.000000000000000082E-05 ), #54, 'distance_accuracy_value', 'NONE');
#1259 = VERTEX_POINT ( 'NONE', #6111 ) ;
#1260 = PRESENTATION_STYLE_ASSIGNMENT (( #1796 ) ) ;
#1261 =( NAMED_UNIT ( * ) SI_UNIT ( $, .STERADIAN. ) SOLID_ANGLE_UNIT ( ) );
#1262 =( NAMED_UNIT ( * ) SI_UNIT ( $, .STERADIAN. ) SOLID_ANGLE_UNIT ( ) );
#1263 = FACE_OUTER_BOUND ( 'NONE', #4877, .T. ) ;
#1264 = DIRECTION ( 'NONE',  ( 0.000000000000000000, 0.000000000000000000, -1.000000000000000000 ) ) ;
#1265 = EDGE_CURVE ( 'NONE', #5144, #5072, #3987, .T. ) ;
#1266 = SURFACE_STYLE_FILL_AREA ( #4532 ) ;
#1267 = EDGE_CURVE ( 'NONE', #3644, #5231, #3206, .T. ) ;
#1268 = ORIENTED_EDGE ( 'NONE', *, *, #5535, .T. ) ;
#1269 = EDGE_LOOP ( 'NONE', ( #1893, #4432, #4048, #1009 ) ) ;
#1270 = FACE_OUTER_BOUND ( 'NONE', #4708, .T. ) ;
#1271 = FILL_AREA_STYLE_COLOUR ( '', #3102 ) ;
#1272 = UNCERTAINTY_MEASURE_WITH_UNIT (LENGTH_MEASURE( 1.000000000000000082E-05 ), #4347, 'distance_accuracy_value', 'NONE');
#1273 = DIRECTION ( 'NONE',  ( 0.000000000000000000, 1.000000000000000000, 0.000000000000000000 ) ) ;
#1274 = CARTESIAN_POINT ( 'NONE',  ( -15.73558483421485832, 1.348643900369237647, 76.50000000000000000 ) ) ;
#1275 = VECTOR ( 'NONE', #2866, 1000.000000000000000 ) ;
#1276 = ADVANCED_FACE ( 'NONE', ( #3140 ), #5916, .T. ) ;
#1277 = VERTEX_POINT ( 'NONE', #5713 ) ;
#1278 = VERTEX_POINT ( 'NONE', #4851 ) ;
#1279 = COLOUR_RGB ( '',1.000000000000000000, 1.000000000000000000, 1.000000000000000000 ) ;
#1280 = SURFACE_STYLE_USAGE ( .BOTH. , #2275 ) ;
#1281 = DIRECTION ( 'NONE',  ( -1.000000000000000000, 0.000000000000000000, 0.000000000000000000 ) ) ;
#1282 = DIRECTION ( 'NONE',  ( -1.000000000000000000, 0.000000000000000000, 0.000000000000000000 ) ) ;
#1283 = VECTOR ( 'NONE', #3771, 1000.000000000000000 ) ;
#1284 =( GEOMETRIC_REPRESENTATION_CONTEXT ( 3 ) GLOBAL_UNCERTAINTY_ASSIGNED_CONTEXT ( ( #3051 ) ) GLOBAL_UNIT_ASSIGNED_CONTEXT ( ( #4370, #125, #1651 ) ) REPRESENTATION_CONTEXT ( 'NONE', 'WORKASPACE' ) );
#1285 = VERTEX_POINT ( 'NONE', #1419 ) ;
#1286 = COLOUR_RGB ( '',1.000000000000000000, 1.000000000000000000, 1.000000000000000000 ) ;
#1287 = VECTOR ( 'NONE', #1304, 1000.000000000000000 ) ;
#1288 = CARTESIAN_POINT ( 'NONE',  ( 2.964415165785129425, -10.55135609963075893, 62.00000000000000000 ) ) ;
#1289 = DIRECTION ( 'NONE',  ( 0.000000000000000000, -1.000000000000000000, 0.000000000000000000 ) ) ;
#1290 = DIRECTION ( 'NONE',  ( 1.000000000000000000, 0.000000000000000000, 0.000000000000000000 ) ) ;
#1291 = FACE_OUTER_BOUND ( 'NONE', #4236, .T. ) ;
#1292 = CARTESIAN_POINT ( 'NONE',  ( -9.335584834214870398, -2.451356099630771279, 76.50000000000000000 ) ) ;
#1293 = EDGE_CURVE ( 'NONE', #5096, #1654, #5292, .T. ) ;
#1294 = AXIS2_PLACEMENT_3D ( 'NONE', #932, #4194, #3789 ) ;
#1295 = ORIENTED_EDGE ( 'NONE', *, *, #1619, .T. ) ;
#1296 =( GEOMETRIC_REPRESENTATION_CONTEXT ( 3 ) GLOBAL_UNCERTAINTY_ASSIGNED_CONTEXT ( ( #4861 ) ) GLOBAL_UNIT_ASSIGNED_CONTEXT ( ( #3721, #1377, #5592 ) ) REPRESENTATION_CONTEXT ( 'NONE', 'WORKASPACE' ) );
#1297 = CARTESIAN_POINT ( 'NONE',  ( 19.46441516578512676, -10.55135609963075893, 62.00000000000000000 ) ) ;
#1298 = DIRECTION ( 'NONE',  ( 0.000000000000000000, -1.000000000000000000, 0.000000000000000000 ) ) ;
#1299 = CARTESIAN_POINT ( 'NONE',  ( -32.69558483421486983, 14.92864390036923972, 43.50000000000000000 ) ) ;
#1300 = CARTESIAN_POINT ( 'NONE',  ( 26.46441516578512676, -8.551356099630758933, 68.00000000000000000 ) ) ;
#1301 = VERTEX_POINT ( 'NONE', #5202 ) ;
#1302 = ORIENTED_EDGE ( 'NONE', *, *, #4260, .F. ) ;
#1303 = CARTESIAN_POINT ( 'NONE',  ( -5.535584834214870575, 1.348643900369240978, 74.50000000000000000 ) ) ;
#1305 = ADVANCED_FACE ( 'NONE', ( #4726 ), #1666, .F. ) ;
#1304 = DIRECTION ( 'NONE',  ( 0.000000000000000000, 1.000000000000000000, 0.000000000000000000 ) ) ;
#1306 = CARTESIAN_POINT ( 'NONE',  ( 7.464415165785128536, 2.948643900369238402, 76.50000000000000000 ) ) ;
#1307 = ORIENTED_EDGE ( 'NONE', *, *, #31, .T. ) ;
#1308 = ORIENTED_EDGE ( 'NONE', *, *, #5212, .T. ) ;
#1309 = CARTESIAN_POINT ( 'NONE',  ( 25.42888125985239611, -8.551356099630767815, 70.50000000000000000 ) ) ;
#1310 = CARTESIAN_POINT ( 'NONE',  ( -14.53558483421486969, -10.55135609963075893, 59.00000000000000000 ) ) ;
#1311 = CARTESIAN_POINT ( 'NONE',  ( 27.62441516578512690, 14.92864390036923972, 43.50000000000000000 ) ) ;
#1312 = CARTESIAN_POINT ( 'NONE',  ( -1.035584834214869909, -10.55135609963075893, 55.00000000000000000 ) ) ;
#1313 = CARTESIAN_POINT ( 'NONE',  ( -7.535584834214870575, -8.551356099630758933, 52.00000000000000000 ) ) ;
#1314 = FACE_OUTER_BOUND ( 'NONE', #5988, .T. ) ;
#1315 = SURFACE_STYLE_USAGE ( .BOTH. , #4133 ) ;
#1316 = CARTESIAN_POINT ( 'NONE',  ( -18.53558483421487324, -8.551356099630758933, 52.00000000000000000 ) ) ;
#1317 =( GEOMETRIC_REPRESENTATION_CONTEXT ( 3 ) GLOBAL_UNCERTAINTY_ASSIGNED_CONTEXT ( ( #2666 ) ) GLOBAL_UNIT_ASSIGNED_CONTEXT ( ( #1049, #2945, #2335 ) ) REPRESENTATION_CONTEXT ( 'NONE', 'WORKASPACE' ) );
#1318 = DIRECTION ( 'NONE',  ( 0.000000000000000000, -1.000000000000000000, 0.000000000000000000 ) ) ;
#1319 = FACE_OUTER_BOUND ( 'NONE', #4543, .T. ) ;
#1320 = CIRCLE ( 'NONE', #502, 1.499999999999999556 ) ;
#1321 = DIRECTION ( 'NONE',  ( 1.000000000000000000, 0.000000000000000000, 0.000000000000000000 ) ) ;
#1322 =( BOUNDED_SURFACE ( )  B_SPLINE_SURFACE ( 1, 3, ( 
 ( #1239, #5891, #5425, #6009 ),
 ( #3133, #2082, #3039, #1748 ) ),
 .UNSPECIFIED., .F., .F., .T. ) 
 B_SPLINE_SURFACE_WITH_KNOTS ( ( 2, 2 ),
 ( 4, 4 ),
 ( 0.01923076923076965164, 0.9807692307692310596 ),
 ( 0.000000000000000000, 1.000000000000000000 ),
 .UNSPECIFIED. ) 
 GEOMETRIC_REPRESENTATION_ITEM ( )  RATIONAL_B_SPLINE_SURFACE ( (
 ( 1.000000000000000000, 0.8047378541243649375, 0.8047378541243649375, 1.000000000000000000),
 ( 1.000000000000000000, 0.8047378541243649375, 0.8047378541243649375, 1.000000000000000000) ) ) 
 REPRESENTATION_ITEM ( '' )  SURFACE ( )  );
#1323 = SURFACE_STYLE_USAGE ( .BOTH. , #5089 ) ;
#1324 = ORIENTED_EDGE ( 'NONE', *, *, #1242, .T. ) ;
#1325 = EDGE_CURVE ( 'NONE', #2390, #4334, #509, .T. ) ;
#1326 = CARTESIAN_POINT ( 'NONE',  ( -11.03558483421486969, -8.551356099630758933, 62.00000000000000000 ) ) ;
#1327 = PRESENTATION_STYLE_ASSIGNMENT (( #5946 ) ) ;
#1328 = CARTESIAN_POINT ( 'NONE',  ( 3.964415165785130313, -8.551356099630760710, 44.00000000000000711 ) ) ;
#1329 = CARTESIAN_POINT ( 'NONE',  ( -4.035584834214870575, -8.551356099630758933, 55.00000000000000000 ) ) ;
#1330 = CARTESIAN_POINT ( 'NONE',  ( -21.28558483421486969, -8.539145212538837626, 39.49999999999999289 ) ) ;
#1331 = AXIS2_PLACEMENT_3D ( 'NONE', #6050, #781, #3663 ) ;
#1332 = DIRECTION ( 'NONE',  ( 0.000000000000000000, 1.000000000000000000, 0.000000000000000000 ) ) ;
#1333 = CARTESIAN_POINT ( 'NONE',  ( 17.76441516578512747, -10.55135609963075893, 70.50000000000000000 ) ) ;
#1334 = EDGE_LOOP ( 'NONE', ( #4868, #213, #3485, #4886 ) ) ;
#1335 = ORIENTED_EDGE ( 'NONE', *, *, #3407, .F. ) ;
#1336 = FACE_BOUND ( 'NONE', #5893, .T. ) ;
#1337 = COLOUR_RGB ( '',1.000000000000000000, 1.000000000000000000, 1.000000000000000000 ) ;
#1338 = CARTESIAN_POINT ( 'NONE',  ( -12.53558483421487146, -5.651356099630762131, 74.50000000000000000 ) ) ;
#1339 =( LENGTH_UNIT ( ) NAMED_UNIT ( * ) SI_UNIT ( .MILLI., .METRE. ) );
#1340 = CIRCLE ( 'NONE', #5426, 2.000000000000001776 ) ;
#1341 = FILL_AREA_STYLE_COLOUR ( '', #1916 ) ;
#1342 = ORIENTED_EDGE ( 'NONE', *, *, #4259, .F. ) ;
#1343 = CIRCLE ( 'NONE', #2129, 1.600000000000000755 ) ;
#1344 = ORIENTED_EDGE ( 'NONE', *, *, #5287, .F. ) ;
#1345 = EDGE_LOOP ( 'NONE', ( #5561, #1933, #2075, #5192 ) ) ;
#1346 = CARTESIAN_POINT ( 'NONE',  ( 23.96441516578513031, -8.551356099630758933, 70.50000000000000000 ) ) ;
#1347 = CARTESIAN_POINT ( 'NONE',  ( -21.28558483421487324, -10.64216787860075897, 41.85000000000000142 ) ) ;
#1348 = FILL_AREA_STYLE ('',( #5969 ) ) ;
#1349 = ADVANCED_FACE ( 'NONE', ( #5774 ), #2443, .T. ) ;
#1350 = ORIENTED_EDGE ( 'NONE', *, *, #4900, .T. ) ;
#1351 = ADVANCED_FACE ( 'NONE', ( #1568 ), #741, .F. ) ;
#1352 = LINE ( 'NONE', #3059, #4713 ) ;
#1353 = FILL_AREA_STYLE ('',( #5544 ) ) ;
#1354 = DIRECTION ( 'NONE',  ( 1.000000000000000000, 0.000000000000000000, 0.000000000000000000 ) ) ;
#1355 = CIRCLE ( 'NONE', #753, 4.000000000000000000 ) ;
#1356 = CARTESIAN_POINT ( 'NONE',  ( 27.62441516578512690, 14.90864390036924014, 45.50000000000000000 ) ) ;
#1357 = ORIENTED_EDGE ( 'NONE', *, *, #5683, .T. ) ;
#1358 = EDGE_LOOP ( 'NONE', ( #5952, #3076 ) ) ;
#1359 = STYLED_ITEM ( 'NONE', ( #1862 ), #5617 ) ;
#1360 = PRESENTATION_STYLE_ASSIGNMENT (( #1825 ) ) ;
#1361 = SURFACE_STYLE_USAGE ( .BOTH. , #5093 ) ;
#1362 = PRESENTATION_STYLE_ASSIGNMENT (( #970 ) ) ;
#1363 = FILL_AREA_STYLE ('',( #5122 ) ) ;
#1364 =( BOUNDED_SURFACE ( )  B_SPLINE_SURFACE ( 1, 3, ( 
 ( #95, #2904, #1591, #4944 ),
 ( #545, #576, #635, #70 ) ),
 .UNSPECIFIED., .F., .F., .T. ) 
 B_SPLINE_SURFACE_WITH_KNOTS ( ( 2, 2 ),
 ( 4, 4 ),
 ( 0.04162577848936815234, 0.9583742215106310081 ),
 ( 0.000000000000000000, 1.000000000000000000 ),
 .UNSPECIFIED. ) 
 GEOMETRIC_REPRESENTATION_ITEM ( )  RATIONAL_B_SPLINE_SURFACE ( (
 ( 1.000000000000000000, 0.3333333333333329818, 0.3333333333333329818, 1.000000000000000000),
 ( 1.000000000000000000, 0.3333333333333329818, 0.3333333333333329818, 1.000000000000000000) ) ) 
 REPRESENTATION_ITEM ( '' )  SURFACE ( )  );
#1365 = SURFACE_STYLE_USAGE ( .BOTH. , #4682 ) ;
#1366 = SURFACE_STYLE_FILL_AREA ( #5564 ) ;
#1367 = DIRECTION ( 'NONE',  ( 0.000000000000000000, 0.000000000000000000, 1.000000000000000000 ) ) ;
#1368 = FACE_OUTER_BOUND ( 'NONE', #2880, .T. ) ;
#1369 = SURFACE_STYLE_USAGE ( .BOTH. , #5647 ) ;
#1370 = VERTEX_POINT ( 'NONE', #3785 ) ;
#1371 = ORIENTED_EDGE ( 'NONE', *, *, #5571, .F. ) ;
#1373 = CARTESIAN_POINT ( 'NONE',  ( -22.83558483421487040, -8.539145212538837626, 75.50000000000000000 ) ) ;
#1372 = CIRCLE ( 'NONE', #1257, 1.499999999999999556 ) ;
#1374 = FILL_AREA_STYLE ('',( #3719 ) ) ;
#1375 = CARTESIAN_POINT ( 'NONE',  ( -11.53558483421489100, -10.55135609963074650, 56.00000000000000000 ) ) ;
#1376 = EDGE_CURVE ( 'NONE', #5231, #2010, #4277, .T. ) ;
#1377 =( NAMED_UNIT ( * ) PLANE_ANGLE_UNIT ( ) SI_UNIT ( $, .RADIAN. ) );
#1378 = ORIENTED_EDGE ( 'NONE', *, *, #3197, .T. ) ;
#1379 = ORIENTED_EDGE ( 'NONE', *, *, #5910, .T. ) ;
#1380 = DIRECTION ( 'NONE',  ( 0.000000000000000000, 1.000000000000000000, 0.000000000000000000 ) ) ;
#1381 = CARTESIAN_POINT ( 'NONE',  ( -6.535584834214871464, -8.551356099630758933, 62.00000000000000000 ) ) ;
#1382 = CARTESIAN_POINT ( 'NONE',  ( -31.53558483421486969, -8.551356099630758933, 45.50000000000000000 ) ) ;
#1383 =( BOUNDED_SURFACE ( )  B_SPLINE_SURFACE ( 1, 3, ( 
 ( #2998, #4811, #4906, #2533 ),
 ( #5282, #1011, #5793, #2900 ) ),
 .UNSPECIFIED., .F., .F., .T. ) 
 B_SPLINE_SURFACE_WITH_KNOTS ( ( 2, 2 ),
 ( 4, 4 ),
 ( 0.01923076923077005063, 0.9807692307692300604 ),
 ( 0.000000000000000000, 1.000000000000000000 ),
 .UNSPECIFIED. ) 
 GEOMETRIC_REPRESENTATION_ITEM ( )  RATIONAL_B_SPLINE_SURFACE ( (
 ( 1.000000000000000000, 0.8047378541243649375, 0.8047378541243649375, 1.000000000000000000),
 ( 1.000000000000000000, 0.8047378541243649375, 0.8047378541243649375, 1.000000000000000000) ) ) 
 REPRESENTATION_ITEM ( '' )  SURFACE ( )  );
#1384 = CIRCLE ( 'NONE', #461, 1.599999999999999867 ) ;
#1385 = DIRECTION ( 'NONE',  ( 1.000000000000000000, 0.000000000000000000, 0.000000000000000000 ) ) ;
#1386 = FILL_AREA_STYLE_COLOUR ( '', #3720 ) ;
#1387 = CIRCLE ( 'NONE', #1188, 1.600000000000000089 ) ;
#1388 = AXIS2_PLACEMENT_3D ( 'NONE', #277, #4483, #1732 ) ;
#1389 = CARTESIAN_POINT ( 'NONE',  ( -24.53558483421486969, -10.55135609963075893, 52.00000000000000000 ) ) ;
#1390 = ADVANCED_FACE ( 'NONE', ( #2855 ), #2908, .T. ) ;
#1391 = SURFACE_SIDE_STYLE ('',( #5177 ) ) ;
#1392 =( LENGTH_UNIT ( ) NAMED_UNIT ( * ) SI_UNIT ( .MILLI., .METRE. ) );
#1393 = VERTEX_POINT ( 'NONE', #5922 ) ;
#1394 = VERTEX_POINT ( 'NONE', #1658 ) ;
#1395 = VECTOR ( 'NONE', #1836, 1000.000000000000000 ) ;
#1396 = CARTESIAN_POINT ( 'NONE',  ( -14.53558483421489278, -10.55135609963074650, 41.99999999999999289 ) ) ;
#1397 = SURFACE_SIDE_STYLE ('',( #968 ) ) ;
#1398 = PRESENTATION_STYLE_ASSIGNMENT (( #3312 ) ) ;
#1399 = LINE ( 'NONE', #4681, #1275 ) ;
#1400 = CARTESIAN_POINT ( 'NONE',  ( 17.76441516578512747, -8.539145212538837626, 76.84091195102224958 ) ) ;
#1401 = CARTESIAN_POINT ( 'NONE',  ( 14.96441516578513031, -10.55135609963075893, 52.00000000000000000 ) ) ;
#1402 = UNCERTAINTY_MEASURE_WITH_UNIT (LENGTH_MEASURE( 1.000000000000000082E-05 ), #4903, 'distance_accuracy_value', 'NONE');
#1403 = SURFACE_STYLE_FILL_AREA ( #5668 ) ;
#1404 = STYLED_ITEM ( 'NONE', ( #1776 ), #71 ) ;
#1405 = CARTESIAN_POINT ( 'NONE',  ( -21.28558483421484127, -10.55135609963075538, 40.53553390593273065 ) ) ;
#1406 = ORIENTED_EDGE ( 'NONE', *, *, #2993, .T. ) ;
#1407 = EDGE_LOOP ( 'NONE', ( #4342, #2220 ) ) ;
#1408 = AXIS2_PLACEMENT_3D ( 'NONE', #2164, #1630, #5432 ) ;
#1409 = FACE_BOUND ( 'NONE', #3584, .T. ) ;
#1410 = CARTESIAN_POINT ( 'NONE',  ( -22.83558483421487040, -10.55135609963075893, 49.49999999999999289 ) ) ;
#1411 =( GEOMETRIC_REPRESENTATION_CONTEXT ( 3 ) GLOBAL_UNCERTAINTY_ASSIGNED_CONTEXT ( ( #2109 ) ) GLOBAL_UNIT_ASSIGNED_CONTEXT ( ( #1709, #5452, #289 ) ) REPRESENTATION_CONTEXT ( 'NONE', 'WORKASPACE' ) );
#1412 = SURFACE_STYLE_USAGE ( .BOTH. , #5676 ) ;
#1413 = FILL_AREA_STYLE_COLOUR ( '', #1634 ) ;
#1414 = SURFACE_STYLE_USAGE ( .BOTH. , #2300 ) ;
#1415 = VERTEX_POINT ( 'NONE', #3535 ) ;
#1416 = ORIENTED_EDGE ( 'NONE', *, *, #3449, .F. ) ;
#1417 = VERTEX_POINT ( 'NONE', #1168 ) ;
#1418 = EDGE_CURVE ( 'NONE', #1901, #3044, #4375, .T. ) ;
#1419 = CARTESIAN_POINT ( 'NONE',  ( -24.53558483421486969, -2.051356099630759378, 43.50000000000000000 ) ) ;
#1420 = DIRECTION ( 'NONE',  ( 1.000000000000000000, 0.000000000000000000, 0.000000000000000000 ) ) ;
#1421 = FILL_AREA_STYLE ('',( #2249 ) ) ;
#1422 = CARTESIAN_POINT ( 'NONE',  ( -5.535584834214870575, 1.348643900369240978, 76.50000000000000000 ) ) ;
#1423 = PRESENTATION_LAYER_ASSIGNMENT (  '', '', ( #4278 ) ) ;
#1424 = LINE ( 'NONE', #3643, #3954 ) ;
#1425 = CARTESIAN_POINT ( 'NONE',  ( -11.53558483421489100, -8.551356099630737617, 41.99999999999998579 ) ) ;
#1426 = FILL_AREA_STYLE ('',( #4833 ) ) ;
#1427 =( NAMED_UNIT ( * ) SI_UNIT ( $, .STERADIAN. ) SOLID_ANGLE_UNIT ( ) );
#1428 = SURFACE_SIDE_STYLE ('',( #2348 ) ) ;
#1429 = DIRECTION ( 'NONE',  ( 0.000000000000000000, 0.000000000000000000, -1.000000000000000000 ) ) ;
#1430 = CARTESIAN_POINT ( 'NONE',  ( -21.28558483421487324, -10.55135609963075893, 41.99999999999999289 ) ) ;
#1431 = CIRCLE ( 'NONE', #1726, 1.499999999999999556 ) ;
#1432 = EDGE_LOOP ( 'NONE', ( #494, #2000, #2824, #3781 ) ) ;
#1433 = VECTOR ( 'NONE', #1446, 1000.000000000000000 ) ;
#1434 = EDGE_CURVE ( 'NONE', #3328, #2644, #2552, .T. ) ;
#1435 = ORIENTED_EDGE ( 'NONE', *, *, #4376, .T. ) ;
#1436 = ADVANCED_FACE ( 'NONE', ( #4537 ), #2621, .T. ) ;
#1437 = FACE_OUTER_BOUND ( 'NONE', #5493, .T. ) ;
#1438 = CIRCLE ( 'NONE', #3005, 2.000000000000001776 ) ;
#1439 = CARTESIAN_POINT ( 'NONE',  ( 14.26441516578512925, 14.44864390036923751, 76.50000000000000000 ) ) ;
#1440 = SURFACE_SIDE_STYLE ('',( #4750 ) ) ;
#1441 = VERTEX_POINT ( 'NONE', #2701 ) ;
#1442 = ORIENTED_EDGE ( 'NONE', *, *, #3520, .T. ) ;
#1443 = CARTESIAN_POINT ( 'NONE',  ( 17.76441516578512747, -9.551356099630760710, 76.50000000000000000 ) ) ;
#1444 = CARTESIAN_POINT ( 'NONE',  ( -28.53558483421486613, -10.55135609963075893, 62.00000000000000000 ) ) ;
#1445 = COLOUR_RGB ( '',1.000000000000000000, 1.000000000000000000, 1.000000000000000000 ) ;
#1446 = DIRECTION ( 'NONE',  ( 0.000000000000000000, 0.000000000000000000, -1.000000000000000000 ) ) ;
#1447 = CARTESIAN_POINT ( 'NONE',  ( -8.035584834214871464, -8.551356099630758933, 62.00000000000000000 ) ) ;
#1448 = AXIS2_PLACEMENT_3D ( 'NONE', #1735, #1226, #3615 ) ;
#1449 = COLOUR_RGB ( '',1.000000000000000000, 1.000000000000000000, 1.000000000000000000 ) ;
#1450 = SURFACE_STYLE_FILL_AREA ( #902 ) ;
#1451 = PRESENTATION_STYLE_ASSIGNMENT (( #2803 ) ) ;
#1452 = CARTESIAN_POINT ( 'NONE',  ( -24.53558483421486258, -10.55135609963074650, 66.00000000000001421 ) ) ;
#1453 = FILL_AREA_STYLE_COLOUR ( '', #1279 ) ;
#1454 = ORIENTED_EDGE ( 'NONE', *, *, #5590, .F. ) ;
#1455 = ADVANCED_FACE ( 'NONE', ( #6104 ), #1383, .F. ) ;
#1456 = CARTESIAN_POINT ( 'NONE',  ( -11.53558483421486969, -8.551356099630758933, 45.00000000000000000 ) ) ;
#1457 = CARTESIAN_POINT ( 'NONE',  ( 4.264415165785135464, 1.348643900369237647, 76.50000000000000000 ) ) ;
#1458 = SURFACE_STYLE_FILL_AREA ( #5727 ) ;
#1459 = CARTESIAN_POINT ( 'NONE',  ( 5.964415165785129425, -8.551356099630758933, 62.00000000000000000 ) ) ;
#1460 = CARTESIAN_POINT ( 'NONE',  ( -31.53558483421486969, -8.539145212538837626, 70.50000000000000000 ) ) ;
#1461 = EDGE_LOOP ( 'NONE', ( #1574, #5994, #3590, #332 ) ) ;
#1462 = VERTEX_POINT ( 'NONE', #540 ) ;
#1463 = CARTESIAN_POINT ( 'NONE',  ( -9.335584834214870398, 8.348643900369223658, 74.49999999999998579 ) ) ;
#1464 = CARTESIAN_POINT ( 'NONE',  ( 17.76441516578512747, -8.551356099630758933, 49.49999999999999289 ) ) ;
#1465 = DIRECTION ( 'NONE',  ( -1.000000000000000000, 0.000000000000000000, 0.000000000000000000 ) ) ;
#1466 = VECTOR ( 'NONE', #3821, 1000.000000000000000 ) ;
#1467 = CARTESIAN_POINT ( 'NONE',  ( 7.464415165785128536, -5.651356099630762131, 74.50000000000000000 ) ) ;
#1468 = CARTESIAN_POINT ( 'NONE',  ( -18.53558483421487679, -8.551356099630760710, 54.99999999999999289 ) ) ;
#1469 = EDGE_CURVE ( 'NONE', #4085, #1259, #2851, .T. ) ;
#1470 = VECTOR ( 'NONE', #5743, 1000.000000000000000 ) ;
#1471 = EDGE_CURVE ( 'NONE', #4225, #4412, #2459, .T. ) ;
#1472 = CARTESIAN_POINT ( 'NONE',  ( -9.535584834214871464, -8.551356099630758933, 62.00000000000000000 ) ) ;
#1473 = EDGE_LOOP ( 'NONE', ( #3419, #2145, #896, #2359 ) ) ;
#1474 = ORIENTED_EDGE ( 'NONE', *, *, #3848, .T. ) ;
#1475 = ORIENTED_EDGE ( 'NONE', *, *, #4518, .T. ) ;
#1476 = CARTESIAN_POINT ( 'NONE',  ( 13.46441516578513031, -10.55135609963076604, 54.99999999999999289 ) ) ;
#1477 = CARTESIAN_POINT ( 'NONE',  ( -17.03558483421486969, -8.551356099630758933, 52.00000000000000000 ) ) ;
#1478 = EDGE_CURVE ( 'NONE', #290, #4507, #6148, .T. ) ;
#1479 = DIRECTION ( 'NONE',  ( -1.000000000000000000, 0.000000000000000000, 0.000000000000000000 ) ) ;
#1480 = CIRCLE ( 'NONE', #2166, 1.499999999999999556 ) ;
#1481 = DIRECTION ( 'NONE',  ( -1.000000000000000000, 0.000000000000000000, 0.000000000000000000 ) ) ;
#1482 = LINE ( 'NONE', #5269, #5225 ) ;
#1483 = PRESENTATION_STYLE_ASSIGNMENT (( #1910 ) ) ;
#1484 = EDGE_LOOP ( 'NONE', ( #2750, #1335 ) ) ;
#1485 = FACE_BOUND ( 'NONE', #548, .T. ) ;
#1486 = EDGE_CURVE ( 'NONE', #2870, #2068, #4439, .T. ) ;
#1487 = LINE ( 'NONE', #4201, #1840 ) ;
#1488 = FACE_OUTER_BOUND ( 'NONE', #4311, .T. ) ;
#1489 = FACE_OUTER_BOUND ( 'NONE', #1345, .T. ) ;
#1490 = DIRECTION ( 'NONE',  ( 0.000000000000000000, 1.000000000000000000, 0.000000000000000000 ) ) ;
#1491 = CIRCLE ( 'NONE', #1175, 3.500000000000003109 ) ;
#1492 = AXIS2_PLACEMENT_3D ( 'NONE', #2536, #5883, #1133 ) ;
#1493 = ORIENTED_EDGE ( 'NONE', *, *, #5624, .T. ) ;
#1494 =( NAMED_UNIT ( * ) SI_UNIT ( $, .STERADIAN. ) SOLID_ANGLE_UNIT ( ) );
#1495 =( NAMED_UNIT ( * ) PLANE_ANGLE_UNIT ( ) SI_UNIT ( $, .RADIAN. ) );
#1496 = LINE ( 'NONE', #2017, #2678 ) ;
#1497 = SURFACE_STYLE_FILL_AREA ( #2411 ) ;
#1498 =( LENGTH_UNIT ( ) NAMED_UNIT ( * ) SI_UNIT ( .MILLI., .METRE. ) );
#1499 = CARTESIAN_POINT ( 'NONE',  ( -13.03558483421487146, -8.551356099630758933, 59.00000000000000000 ) ) ;
#1500 = ORIENTED_EDGE ( 'NONE', *, *, #995, .F. ) ;
#1501 = CARTESIAN_POINT ( 'NONE',  ( 21.46441516578513031, 7.948643900369239290, 43.50000000000000000 ) ) ;
#1502 = ORIENTED_EDGE ( 'NONE', *, *, #5845, .T. ) ;
#1503 = CIRCLE ( 'NONE', #1294, 2.000000000000001776 ) ;
#1504 = VERTEX_POINT ( 'NONE', #5486 ) ;
#1505 = MECHANICAL_DESIGN_GEOMETRIC_PRESENTATION_REPRESENTATION (  '', ( #5402 ), #4061 ) ;
#1506 = DIRECTION ( 'NONE',  ( 0.000000000000000000, 0.000000000000000000, 1.000000000000000000 ) ) ;
#1507 = CARTESIAN_POINT ( 'NONE',  ( 5.964415165785129425, -10.55135609963074650, 59.00000000000000000 ) ) ;
#1508 = FILL_AREA_STYLE ('',( #4436 ) ) ;
#1509 = DIRECTION ( 'NONE',  ( 0.000000000000000000, 0.000000000000000000, -1.000000000000000000 ) ) ;
#1510 = ORIENTED_EDGE ( 'NONE', *, *, #5422, .T. ) ;
#1511 = CARTESIAN_POINT ( 'NONE',  ( -1.035584834214869909, -8.551356099630758933, 69.00000000000000000 ) ) ;
#1512 = FACE_OUTER_BOUND ( 'NONE', #5483, .T. ) ;
#1513 = CARTESIAN_POINT ( 'NONE',  ( -4.035584834214862582, -8.551356099630760710, 66.00000000000001421 ) ) ;
#1514 =( NAMED_UNIT ( * ) PLANE_ANGLE_UNIT ( ) SI_UNIT ( $, .RADIAN. ) );
#1515 = SURFACE_STYLE_USAGE ( .BOTH. , #1391 ) ;
#1516 = ORIENTED_EDGE ( 'NONE', *, *, #2661, .T. ) ;
#1517 = FACE_BOUND ( 'NONE', #3310, .T. ) ;
#1518 = FACE_OUTER_BOUND ( 'NONE', #255, .T. ) ;
#1519 = FACE_BOUND ( 'NONE', #4471, .T. ) ;
#1520 = CARTESIAN_POINT ( 'NONE',  ( -31.53558483421486969, 10.94864390036924107, 43.50000000000000000 ) ) ;
#1521 = EDGE_CURVE ( 'NONE', #1394, #1565, #797, .T. ) ;
#1522 = ORIENTED_EDGE ( 'NONE', *, *, #3110, .T. ) ;
#1523 = CARTESIAN_POINT ( 'NONE',  ( -9.335584834214870398, 11.54864390036920341, 76.50000000000000000 ) ) ;
#1524 = CARTESIAN_POINT ( 'NONE',  ( 21.26441516578513102, 10.94864390036924107, 43.50000000000000000 ) ) ;
#1525 = PRESENTATION_STYLE_ASSIGNMENT (( #541 ) ) ;
#1526 = DIRECTION ( 'NONE',  ( 0.000000000000000000, 1.000000000000000000, 0.000000000000000000 ) ) ;
#1527 = DIRECTION ( 'NONE',  ( 0.000000000000000000, 1.000000000000000000, 0.000000000000000000 ) ) ;
#1528 = CARTESIAN_POINT ( 'NONE',  ( -26.53558483421487324, -2.051356099630759378, 43.50000000000000000 ) ) ;
#1529 = DIRECTION ( 'NONE',  ( 0.000000000000000000, 0.000000000000000000, -1.000000000000000000 ) ) ;
#1530 = MECHANICAL_DESIGN_GEOMETRIC_PRESENTATION_REPRESENTATION (  '', ( #4187 ), #820 ) ;
#1531 =( BOUNDED_SURFACE ( )  B_SPLINE_SURFACE ( 1, 3, ( 
 ( #694, #3459, #2467, #4008 ),
 ( #1678, #3550, #5477, #1190 ) ),
 .UNSPECIFIED., .F., .F., .T. ) 
 B_SPLINE_SURFACE_WITH_KNOTS ( ( 2, 2 ),
 ( 4, 4 ),
 ( 0.04162577848936815234, 0.9583742215106310081 ),
 ( 0.000000000000000000, 1.000000000000000000 ),
 .UNSPECIFIED. ) 
 GEOMETRIC_REPRESENTATION_ITEM ( )  RATIONAL_B_SPLINE_SURFACE ( (
 ( 1.000000000000000000, 0.3333333333333329818, 0.3333333333333329818, 1.000000000000000000),
 ( 1.000000000000000000, 0.3333333333333329818, 0.3333333333333329818, 1.000000000000000000) ) ) 
 REPRESENTATION_ITEM ( '' )  SURFACE ( )  );
#1532 = ORIENTED_EDGE ( 'NONE', *, *, #5624, .F. ) ;
#1533 = EDGE_LOOP ( 'NONE', ( #4988, #1983, #3933, #4542 ) ) ;
#1534 = ORIENTED_EDGE ( 'NONE', *, *, #30, .T. ) ;
#1535 = CARTESIAN_POINT ( 'NONE',  ( 14.26441516578512925, 14.44864390036923751, 76.50000000000000000 ) ) ;
#1536 = VECTOR ( 'NONE', #475, 1000.000000000000000 ) ;
#1537 = CARTESIAN_POINT ( 'NONE',  ( -18.53558483421487324, -8.551356099630758933, 52.00000000000000000 ) ) ;
#1538 = DIRECTION ( 'NONE',  ( 0.000000000000000000, 0.000000000000000000, 1.000000000000000000 ) ) ;
#1539 = FILL_AREA_STYLE ('',( #2611 ) ) ;
#1540 = SHAPE_DEFINITION_REPRESENTATION ( #5447, #655 ) ;
#1541 = AXIS2_PLACEMENT_3D ( 'NONE', #67, #3867, #1527 ) ;
#1542 = ORIENTED_EDGE ( 'NONE', *, *, #2257, .F. ) ;
#1543 = CARTESIAN_POINT ( 'NONE',  ( -8.035584834214878569, -10.55135609963074650, 65.00000000000000000 ) ) ;
#1544 = DIRECTION ( 'NONE',  ( 0.000000000000000000, -1.000000000000000000, 0.000000000000000000 ) ) ;
#1545 = AXIS2_PLACEMENT_3D ( 'NONE', #4632, #5587, #3225 ) ;
#1546 = FILL_AREA_STYLE_COLOUR ( '', #380 ) ;
#1547 = DIRECTION ( 'NONE',  ( 0.000000000000000000, 0.000000000000000000, -1.000000000000000000 ) ) ;
#1548 = EDGE_CURVE ( 'NONE', #5568, #549, #1480, .T. ) ;
#1549 = EDGE_CURVE ( 'NONE', #4508, #770, #1384, .T. ) ;
#1550 = PRESENTATION_LAYER_ASSIGNMENT (  '', '', ( #6117 ) ) ;
#1551 =( GEOMETRIC_REPRESENTATION_CONTEXT ( 3 ) GLOBAL_UNCERTAINTY_ASSIGNED_CONTEXT ( ( #4950 ) ) GLOBAL_UNIT_ASSIGNED_CONTEXT ( ( #3558, #1195, #5007 ) ) REPRESENTATION_CONTEXT ( 'NONE', 'WORKASPACE' ) );
#1552 = SURFACE_STYLE_USAGE ( .BOTH. , #2595 ) ;
#1553 = FILL_AREA_STYLE_COLOUR ( '', #2798 ) ;
#1554 = CARTESIAN_POINT ( 'NONE',  ( 2.964415165785129425, -10.55135609963075893, 62.00000000000000000 ) ) ;
#1555 = DIRECTION ( 'NONE',  ( 0.000000000000000000, 0.000000000000000000, 1.000000000000000000 ) ) ;
#1556 = CARTESIAN_POINT ( 'NONE',  ( 19.46441516578512676, 7.948643900369239290, 43.50000000000000000 ) ) ;
#1557 = EDGE_LOOP ( 'NONE', ( #5049, #5639, #1522, #1593 ) ) ;
#1558 = AXIS2_PLACEMENT_3D ( 'NONE', #1213, #4158, #4581 ) ;
#1559 = PRESENTATION_STYLE_ASSIGNMENT (( #215 ) ) ;
#1560 = SURFACE_STYLE_FILL_AREA ( #1927 ) ;
#1561 = CARTESIAN_POINT ( 'NONE',  ( 16.21441516578513031, -8.551356099630758933, 41.99999999999999289 ) ) ;
#1562 = PRESENTATION_STYLE_ASSIGNMENT (( #2941 ) ) ;
#1563 = CIRCLE ( 'NONE', #1957, 1.500000000000001332 ) ;
#1564 = FILL_AREA_STYLE_COLOUR ( '', #2777 ) ;
#1565 = VERTEX_POINT ( 'NONE', #4113 ) ;
#1566 = ORIENTED_EDGE ( 'NONE', *, *, #5060, .F. ) ;
#1567 = VERTEX_POINT ( 'NONE', #5583 ) ;
#1568 = FACE_OUTER_BOUND ( 'NONE', #4161, .T. ) ;
#1569 = VECTOR ( 'NONE', #1889, 1000.000000000000000 ) ;
#1570 = EDGE_CURVE ( 'NONE', #1572, #3724, #4746, .T. ) ;
#1571 =( BOUNDED_SURFACE ( )  B_SPLINE_SURFACE ( 1, 3, ( 
 ( #884, #405, #284, #1736 ),
 ( #4171, #3242, #1328, #5119 ) ),
 .UNSPECIFIED., .F., .F., .T. ) 
 B_SPLINE_SURFACE_WITH_KNOTS ( ( 2, 2 ),
 ( 4, 4 ),
 ( 0.04162577848936815234, 0.9583742215106310081 ),
 ( 0.000000000000000000, 1.000000000000000000 ),
 .UNSPECIFIED. ) 
 GEOMETRIC_REPRESENTATION_ITEM ( )  RATIONAL_B_SPLINE_SURFACE ( (
 ( 1.000000000000000000, 0.3333333333333335369, 0.3333333333333335369, 1.000000000000000000),
 ( 1.000000000000000000, 0.3333333333333335369, 0.3333333333333335369, 1.000000000000000000) ) ) 
 REPRESENTATION_ITEM ( '' )  SURFACE ( )  );
#1572 = VERTEX_POINT ( 'NONE', #216 ) ;
#1573 = CARTESIAN_POINT ( 'NONE',  ( -29.03558483421486613, -10.55135609963075893, 70.50000000000000000 ) ) ;
#1574 = ORIENTED_EDGE ( 'NONE', *, *, #3824, .T. ) ;
#1575 = CARTESIAN_POINT ( 'NONE',  ( -6.535584834214875904, -8.551356099630737617, 54.00000000000000711 ) ) ;
#1576 = DIRECTION ( 'NONE',  ( 0.000000000000000000, 0.000000000000000000, 1.000000000000000000 ) ) ;
#1577 = DIRECTION ( 'NONE',  ( 1.000000000000000000, 0.000000000000000000, 0.000000000000000000 ) ) ;
#1578 = EDGE_CURVE ( 'NONE', #2668, #3812, #3746, .T. ) ;
#1579 = UNCERTAINTY_MEASURE_WITH_UNIT (LENGTH_MEASURE( 1.000000000000000082E-05 ), #3037, 'distance_accuracy_value', 'NONE');
#1580 = DIRECTION ( 'NONE',  ( 0.000000000000000000, 0.000000000000000000, 1.000000000000000000 ) ) ;
#1581 = CARTESIAN_POINT ( 'NONE',  ( 17.76441516578512747, -10.55135609963075893, 75.50000000000000000 ) ) ;
#1582 = MECHANICAL_DESIGN_GEOMETRIC_PRESENTATION_REPRESENTATION (  '', ( #5190 ), #1637 ) ;
#1583 = FACE_OUTER_BOUND ( 'NONE', #3146, .T. ) ;
#1584 = CIRCLE ( 'NONE', #2951, 3.499999999999999556 ) ;
#1585 = ORIENTED_EDGE ( 'NONE', *, *, #995, .T. ) ;
#1586 = FILL_AREA_STYLE_COLOUR ( '', #5690 ) ;
#1587 = FILL_AREA_STYLE ('',( #5413 ) ) ;
#1588 =( GEOMETRIC_REPRESENTATION_CONTEXT ( 3 ) GLOBAL_UNCERTAINTY_ASSIGNED_CONTEXT ( ( #5702 ) ) GLOBAL_UNIT_ASSIGNED_CONTEXT ( ( #2033, #4444, #4475 ) ) REPRESENTATION_CONTEXT ( 'NONE', 'WORKASPACE' ) );
#1589 = DIRECTION ( 'NONE',  ( 0.000000000000000000, 1.000000000000000000, 0.000000000000000000 ) ) ;
#1590 = PRESENTATION_LAYER_ASSIGNMENT (  '', '', ( #167 ) ) ;
#1591 = CARTESIAN_POINT ( 'NONE',  ( 6.464415165785128536, -10.55135609963074650, 41.99999999999999289 ) ) ;
#1592 = ORIENTED_EDGE ( 'NONE', *, *, #1202, .T. ) ;
#1593 = ORIENTED_EDGE ( 'NONE', *, *, #451, .F. ) ;
#1594 = STYLED_ITEM ( 'NONE', ( #6166 ), #3394 ) ;
#1595 = CARTESIAN_POINT ( 'NONE',  ( -24.53558483421487324, 11.94864390036921975, 45.50000000000000000 ) ) ;
#1596 = SURFACE_SIDE_STYLE ('',( #3386 ) ) ;
#1597 = DIRECTION ( 'NONE',  ( 0.000000000000000000, 0.000000000000000000, -1.000000000000000000 ) ) ;
#1598 = COLOUR_RGB ( '',1.000000000000000000, 1.000000000000000000, 1.000000000000000000 ) ;
#1599 = PRESENTATION_LAYER_ASSIGNMENT (  '', '', ( #1404 ) ) ;
#1600 = EDGE_CURVE ( 'NONE', #3352, #613, #1584, .T. ) ;
#1601 = ORIENTED_EDGE ( 'NONE', *, *, #6098, .T. ) ;
#1602 = CARTESIAN_POINT ( 'NONE',  ( 27.62441516578512690, -8.551356099630758933, 38.80000000000000426 ) ) ;
#1603 = DIRECTION ( 'NONE',  ( 1.000000000000000000, 0.000000000000000000, 0.000000000000000000 ) ) ;
#1604 = CARTESIAN_POINT ( 'NONE',  ( -28.53558483421486613, -8.551356099630758933, 52.00000000000000000 ) ) ;
#1605 = CARTESIAN_POINT ( 'NONE',  ( -9.035584834214871464, -10.55135609963075893, 52.00000000000000000 ) ) ;
#1606 = COLOUR_RGB ( '',1.000000000000000000, 1.000000000000000000, 1.000000000000000000 ) ;
#1607 = CARTESIAN_POINT ( 'NONE',  ( 16.21441516578513031, -8.539145212538837626, 43.85280969941640450 ) ) ;
#1608 = CARTESIAN_POINT ( 'NONE',  ( 19.46441516578512676, -10.55135609963075893, 52.00000000000000000 ) ) ;
#1609 = LINE ( 'NONE', #4423, #4758 ) ;
#1610 = SURFACE_STYLE_USAGE ( .BOTH. , #2560 ) ;
#1611 = ORIENTED_EDGE ( 'NONE', *, *, #4728, .T. ) ;
#1612 = CARTESIAN_POINT ( 'NONE',  ( 17.76441516578512747, -9.551356099630760710, 76.50000000000000000 ) ) ;
#1613 =( NAMED_UNIT ( * ) PLANE_ANGLE_UNIT ( ) SI_UNIT ( $, .RADIAN. ) );
#1614 = SURFACE_STYLE_USAGE ( .BOTH. , #2505 ) ;
#1615 = CARTESIAN_POINT ( 'NONE',  ( -24.28533230252069686, 14.44864390036923574, 43.50000000000000000 ) ) ;
#1616 = FACE_BOUND ( 'NONE', #3589, .T. ) ;
#1617 = EDGE_CURVE ( 'NONE', #1016, #2758, #5216, .T. ) ;
#1618 = DIRECTION ( 'NONE',  ( -1.000000000000000000, 0.000000000000000000, 0.000000000000000000 ) ) ;
#1619 = EDGE_CURVE ( 'NONE', #3418, #3044, #6056, .T. ) ;
#1620 = ORIENTED_EDGE ( 'NONE', *, *, #2816, .F. ) ;
#1621 = ORIENTED_EDGE ( 'NONE', *, *, #4745, .T. ) ;
#1622 = CARTESIAN_POINT ( 'NONE',  ( 2.464415165785129869, -10.55135609963075893, 52.00000000000000000 ) ) ;
#1623 = FILL_AREA_STYLE_COLOUR ( '', #4198 ) ;
#1624 = PRESENTATION_STYLE_ASSIGNMENT (( #709 ) ) ;
#1625 = SURFACE_STYLE_FILL_AREA ( #3167 ) ;
#1626 = FILL_AREA_STYLE ('',( #552 ) ) ;
#1627 = ORIENTED_EDGE ( 'NONE', *, *, #1471, .F. ) ;
#1628 = ORIENTED_EDGE ( 'NONE', *, *, #3465, .T. ) ;
#1629 = ORIENTED_EDGE ( 'NONE', *, *, #2260, .F. ) ;
#1630 = DIRECTION ( 'NONE',  ( 0.000000000000000000, 1.000000000000000000, 0.000000000000000000 ) ) ;
#1631 =( GEOMETRIC_REPRESENTATION_CONTEXT ( 3 ) GLOBAL_UNCERTAINTY_ASSIGNED_CONTEXT ( ( #1232 ) ) GLOBAL_UNIT_ASSIGNED_CONTEXT ( ( #1753, #866, #2304 ) ) REPRESENTATION_CONTEXT ( 'NONE', 'WORKASPACE' ) );
#1632 = LINE ( 'NONE', #2215, #2478 ) ;
#1633 = FILL_AREA_STYLE ('',( #5900 ) ) ;
#1634 = COLOUR_RGB ( '',1.000000000000000000, 1.000000000000000000, 1.000000000000000000 ) ;
#1635 = DIRECTION ( 'NONE',  ( -1.000000000000000000, 0.000000000000000000, 0.000000000000000000 ) ) ;
#1636 = VERTEX_POINT ( 'NONE', #2347 ) ;
#1637 =( GEOMETRIC_REPRESENTATION_CONTEXT ( 3 ) GLOBAL_UNCERTAINTY_ASSIGNED_CONTEXT ( ( #1402 ) ) GLOBAL_UNIT_ASSIGNED_CONTEXT ( ( #4903, #4422, #4294 ) ) REPRESENTATION_CONTEXT ( 'NONE', 'WORKASPACE' ) );
#1638 = UNCERTAINTY_MEASURE_WITH_UNIT (LENGTH_MEASURE( 1.000000000000000082E-05 ), #2093, 'distance_accuracy_value', 'NONE');
#1639 = FILL_AREA_STYLE_COLOUR ( '', #3825 ) ;
#1640 = EDGE_CURVE ( 'NONE', #2644, #3328, #571, .T. ) ;
#1641 = PRESENTATION_LAYER_ASSIGNMENT (  '', '', ( #2523 ) ) ;
#1642 = DIRECTION ( 'NONE',  ( 0.000000000000000000, 1.000000000000000000, 0.000000000000000000 ) ) ;
#1643 = STYLED_ITEM ( 'NONE', ( #2790 ), #4452 ) ;
#1644 = VERTEX_POINT ( 'NONE', #3243 ) ;
#1645 = AXIS2_PLACEMENT_3D ( 'NONE', #515, #589, #2288 ) ;
#1646 = LINE ( 'NONE', #664, #2604 ) ;
#1647 = CARTESIAN_POINT ( 'NONE',  ( 16.46441516578513031, -8.551356099630758933, 52.00000000000000000 ) ) ;
#1648 = AXIS2_PLACEMENT_3D ( 'NONE', #185, #6032, #3646 ) ;
#1649 = CARTESIAN_POINT ( 'NONE',  ( -21.28558483421487324, -10.55135609963075893, 49.49999999999999289 ) ) ;
#1650 =( NAMED_UNIT ( * ) PLANE_ANGLE_UNIT ( ) SI_UNIT ( $, .RADIAN. ) );
#1651 =( NAMED_UNIT ( * ) SI_UNIT ( $, .STERADIAN. ) SOLID_ANGLE_UNIT ( ) );
#1652 = CARTESIAN_POINT ( 'NONE',  ( -16.33558483421485619, 4.548643900369247817, 76.50000000000000000 ) ) ;
#1653 = STYLED_ITEM ( 'NONE', ( #2959 ), #4841 ) ;
#1654 = VERTEX_POINT ( 'NONE', #3215 ) ;
#1655 = ORIENTED_EDGE ( 'NONE', *, *, #3943, .T. ) ;
#1656 = FILL_AREA_STYLE ('',( #3445 ) ) ;
#1657 = SURFACE_STYLE_FILL_AREA ( #3503 ) ;
#1658 = CARTESIAN_POINT ( 'NONE',  ( -22.83558483421487040, -8.551356099630758933, 74.50000000000000000 ) ) ;
#1659 = EDGE_CURVE ( 'NONE', #6171, #819, #5664, .T. ) ;
#1660 =( NAMED_UNIT ( * ) SI_UNIT ( $, .STERADIAN. ) SOLID_ANGLE_UNIT ( ) );
#1661 = PRESENTATION_LAYER_ASSIGNMENT (  '', '', ( #3526 ) ) ;
#1662 = EDGE_CURVE ( 'NONE', #3108, #847, #1399, .T. ) ;
#1663 = UNCERTAINTY_MEASURE_WITH_UNIT (LENGTH_MEASURE( 1.000000000000000082E-05 ), #2997, 'distance_accuracy_value', 'NONE');
#1664 = DIRECTION ( 'NONE',  ( 0.000000000000000000, 1.000000000000000000, 0.000000000000000000 ) ) ;
#1665 = EDGE_LOOP ( 'NONE', ( #2334, #5705, #4911, #2233 ) ) ;
#1666 =( BOUNDED_SURFACE ( )  B_SPLINE_SURFACE ( 1, 3, ( 
 ( #6142, #1872, #3784, #1970 ),
 ( #989, #4790, #79, #1535 ) ),
 .UNSPECIFIED., .F., .F., .F. ) 
 B_SPLINE_SURFACE_WITH_KNOTS ( ( 2, 2 ),
 ( 4, 4 ),
 ( 0.04162577848936890174, 0.9583742215106310081 ),
 ( 0.000000000000000000, 1.000000000000000000 ),
 .UNSPECIFIED. ) 
 GEOMETRIC_REPRESENTATION_ITEM ( )  RATIONAL_B_SPLINE_SURFACE ( (
 ( 1.000000000000000000, 0.8047378541243649375, 0.8047378541243649375, 1.000000000000000000),
 ( 1.000000000000000000, 0.8047378541243649375, 0.8047378541243649375, 1.000000000000000000) ) ) 
 REPRESENTATION_ITEM ( '' )  SURFACE ( )  );
#1667 = ORIENTED_EDGE ( 'NONE', *, *, #4429, .F. ) ;
#1668 = B_SPLINE_SURFACE_WITH_KNOTS ( 'NONE', 1, 1, ( 
 ( #152, #3495 ),
 ( #1130, #5449 ) ),
 .UNSPECIFIED., .F., .F., .F.,
 ( 2, 2 ),
 ( 2, 2 ),
 ( -0.09081177897167000412, 1.640811778972000035 ),
 ( -0.09081177897167000412, 2.090811778971999768 ),
 .UNSPECIFIED. ) ;
#1669 = VERTEX_POINT ( 'NONE', #371 ) ;
#1670 = UNCERTAINTY_MEASURE_WITH_UNIT (LENGTH_MEASURE( 1.000000000000000082E-05 ), #3734, 'distance_accuracy_value', 'NONE');
#1671 = MECHANICAL_DESIGN_GEOMETRIC_PRESENTATION_REPRESENTATION (  '', ( #4021 ), #5942 ) ;
#1672 = CARTESIAN_POINT ( 'NONE',  ( -12.53558483421487146, -4.051356099630760710, 76.50000000000000000 ) ) ;
#1673 = EDGE_CURVE ( 'NONE', #3435, #1083, #6096, .T. ) ;
#1674 = FILL_AREA_STYLE ('',( #267 ) ) ;
#1675 = CARTESIAN_POINT ( 'NONE',  ( -21.53558483421486969, -8.551356099630760710, 49.00000000000000000 ) ) ;
#1676 = DIRECTION ( 'NONE',  ( 0.000000000000000000, 0.000000000000000000, -1.000000000000000000 ) ) ;
#1677 =( NAMED_UNIT ( * ) PLANE_ANGLE_UNIT ( ) SI_UNIT ( $, .RADIAN. ) );
#1678 = CARTESIAN_POINT ( 'NONE',  ( 6.464415165785129425, -8.551356099630758933, 59.00000000000000000 ) ) ;
#1679 = CARTESIAN_POINT ( 'NONE',  ( 14.36441516578513067, -8.460544320660760675, 39.49999999999999289 ) ) ;
#1680 = LINE ( 'NONE', #5549, #2766 ) ;
#1681 = ORIENTED_EDGE ( 'NONE', *, *, #986, .F. ) ;
#1682 = EDGE_CURVE ( 'NONE', #4636, #5143, #3359, .T. ) ;
#1683 = FACE_OUTER_BOUND ( 'NONE', #1140, .T. ) ;
#1684 =( NAMED_UNIT ( * ) PLANE_ANGLE_UNIT ( ) SI_UNIT ( $, .RADIAN. ) );
#1685 = CARTESIAN_POINT ( 'NONE',  ( 14.26441516578512925, 10.94864390036924107, 74.50000000000000000 ) ) ;
#1686 = LINE ( 'NONE', #1197, #2385 ) ;
#1687 = ORIENTED_EDGE ( 'NONE', *, *, #3089, .F. ) ;
#1688 = EDGE_CURVE ( 'NONE', #1934, #3328, #6127, .T. ) ;
#1689 = CIRCLE ( 'NONE', #5686, 1.499999999999999556 ) ;
#1690 = DIRECTION ( 'NONE',  ( 0.000000000000000000, 0.000000000000000000, -1.000000000000000000 ) ) ;
#1691 = SURFACE_SIDE_STYLE ('',( #3624 ) ) ;
#1692 = EDGE_LOOP ( 'NONE', ( #40, #396, #4823, #3738 ) ) ;
#1693 = ORIENTED_EDGE ( 'NONE', *, *, #4160, .F. ) ;
#1694 = CARTESIAN_POINT ( 'NONE',  ( -22.83558483421487040, -9.551356099630760710, 75.50000000000000000 ) ) ;
#1695 = SURFACE_STYLE_USAGE ( .BOTH. , #4443 ) ;
#1696 = CARTESIAN_POINT ( 'NONE',  ( -12.53558483421487146, -4.051356099630760710, 76.50000000000000000 ) ) ;
#1697 = CARTESIAN_POINT ( 'NONE',  ( 27.62441516578512690, -10.55135609963075893, 76.21999999999999886 ) ) ;
#1698 = PRESENTATION_LAYER_ASSIGNMENT (  '', '', ( #4360 ) ) ;
#1699 = STYLED_ITEM ( 'NONE', ( #3620 ), #338 ) ;
#1700 = CARTESIAN_POINT ( 'NONE',  ( -7.535584834214870575, -8.551356099630760710, 54.99999999999999289 ) ) ;
#1701 =( LENGTH_UNIT ( ) NAMED_UNIT ( * ) SI_UNIT ( .MILLI., .METRE. ) );
#1702 = CARTESIAN_POINT ( 'NONE',  ( 13.71441516578512854, -8.551356099630758933, 41.99999999999999289 ) ) ;
#1703 = CARTESIAN_POINT ( 'NONE',  ( 23.96441516578513031, -8.551356099630758933, 70.50000000000000000 ) ) ;
#1704 = FACE_OUTER_BOUND ( 'NONE', #477, .T. ) ;
#1705 = ORIENTED_EDGE ( 'NONE', *, *, #1997, .F. ) ;
#1706 =( NAMED_UNIT ( * ) PLANE_ANGLE_UNIT ( ) SI_UNIT ( $, .RADIAN. ) );
#1707 =( LENGTH_UNIT ( ) NAMED_UNIT ( * ) SI_UNIT ( .MILLI., .METRE. ) );
#1708 = CARTESIAN_POINT ( 'NONE',  ( 16.21441516578513031, -8.551356099630758933, 49.49999999999999289 ) ) ;
#1709 =( LENGTH_UNIT ( ) NAMED_UNIT ( * ) SI_UNIT ( .MILLI., .METRE. ) );
#1710 = ORIENTED_EDGE ( 'NONE', *, *, #3749, .F. ) ;
#1711 = ORIENTED_EDGE ( 'NONE', *, *, #4634, .F. ) ;
#1712 =( NAMED_UNIT ( * ) SI_UNIT ( $, .STERADIAN. ) SOLID_ANGLE_UNIT ( ) );
#1713 = CARTESIAN_POINT ( 'NONE',  ( -19.27558483421486812, 14.44864390036923751, 74.50000000000000000 ) ) ;
#1714 = CARTESIAN_POINT ( 'NONE',  ( -24.53558483421486258, -8.551356099630737617, 58.00000000000000711 ) ) ;
#1715 = UNCERTAINTY_MEASURE_WITH_UNIT (LENGTH_MEASURE( 1.000000000000000082E-05 ), #1781, 'distance_accuracy_value', 'NONE');
#1716 = FILL_AREA_STYLE ('',( #2650 ) ) ;
#1717 = APPLICATION_CONTEXT ( 'automotive_design' ) ;
#1718 = VECTOR ( 'NONE', #2258, 1000.000000000000000 ) ;
#1719 = CARTESIAN_POINT ( 'NONE',  ( 6.464415165785129425, -10.55135609963075893, 59.00000000000000000 ) ) ;
#1720 = ORIENTED_EDGE ( 'NONE', *, *, #126, .F. ) ;
#1721 = VERTEX_POINT ( 'NONE', #3284 ) ;
#1722 = SURFACE_STYLE_FILL_AREA ( #2737 ) ;
#1723 = DIRECTION ( 'NONE',  ( 0.000000000000000000, 0.000000000000000000, -1.000000000000000000 ) ) ;
#1724 = ADVANCED_FACE ( 'NONE', ( #5183 ), #2013, .T. ) ;
#1725 = CARTESIAN_POINT ( 'NONE',  ( -31.53558483421486969, -8.539145212538837626, 43.85280969941640450 ) ) ;
#1726 = AXIS2_PLACEMENT_3D ( 'NONE', #4529, #153, #5557 ) ;
#1727 = CARTESIAN_POINT ( 'NONE',  ( -52.39297128319858388, -8.539145212538837626, 96.66735389273472379 ) ) ;
#1728 = PRESENTATION_STYLE_ASSIGNMENT (( #727 ) ) ;
#1729 = CARTESIAN_POINT ( 'NONE',  ( 10.66441516578512783, 11.54864390036920341, 76.50000000000000000 ) ) ;
#1730 = EDGE_CURVE ( 'NONE', #1786, #6101, #3678, .T. ) ;
#1731 = EDGE_CURVE ( 'NONE', #2353, #3697, #4390, .T. ) ;
#1732 = DIRECTION ( 'NONE',  ( 0.000000000000000000, -1.000000000000000000, 0.000000000000000000 ) ) ;
#1733 = CIRCLE ( 'NONE', #2902, 1.600000000000000755 ) ;
#1734 = ORIENTED_EDGE ( 'NONE', *, *, #126, .T. ) ;
#1735 = CARTESIAN_POINT ( 'NONE',  ( -26.53558483421487324, -10.55135609963075893, 62.00000000000000000 ) ) ;
#1736 = CARTESIAN_POINT ( 'NONE',  ( 3.964415165785129425, -10.55135609963075893, 52.00000000000000000 ) ) ;
#1737 = CARTESIAN_POINT ( 'NONE',  ( -13.03558483421487146, -10.55135609963075893, 45.00000000000000000 ) ) ;
#1738 =( GEOMETRIC_REPRESENTATION_CONTEXT ( 3 ) GLOBAL_UNCERTAINTY_ASSIGNED_CONTEXT ( ( #4870 ) ) GLOBAL_UNIT_ASSIGNED_CONTEXT ( ( #130, #4434, #5990 ) ) REPRESENTATION_CONTEXT ( 'NONE', 'WORKASPACE' ) );
#1739 = CARTESIAN_POINT ( 'NONE',  ( 14.46441516578513031, 1.348643900369240978, 76.50000000000000000 ) ) ;
#1740 = UNCERTAINTY_MEASURE_WITH_UNIT (LENGTH_MEASURE( 1.000000000000000082E-05 ), #5516, 'distance_accuracy_value', 'NONE');
#1741 = FACE_BOUND ( 'NONE', #2212, .T. ) ;
#1742 = ORIENTED_EDGE ( 'NONE', *, *, #5363, .T. ) ;
#1743 = VERTEX_POINT ( 'NONE', #596 ) ;
#1744 = VECTOR ( 'NONE', #124, 1000.000000000000000 ) ;
#1745 =( NAMED_UNIT ( * ) PLANE_ANGLE_UNIT ( ) SI_UNIT ( $, .RADIAN. ) );
#1746 = CARTESIAN_POINT ( 'NONE',  ( 16.21441516578513031, -10.55135609963075893, 49.49999999999999289 ) ) ;
#1747 = LINE ( 'NONE', #2112, #5837 ) ;
#1748 = CARTESIAN_POINT ( 'NONE',  ( 26.46441516578512676, -9.551356099630760710, 43.50000000000000000 ) ) ;
#1749 = AXIS2_PLACEMENT_3D ( 'NONE', #5175, #3788, #1877 ) ;
#1750 = ORIENTED_EDGE ( 'NONE', *, *, #4597, .T. ) ;
#1751 = ORIENTED_EDGE ( 'NONE', *, *, #4762, .T. ) ;
#1752 = ADVANCED_FACE ( 'NONE', ( #59 ), #360, .T. ) ;
#1753 =( LENGTH_UNIT ( ) NAMED_UNIT ( * ) SI_UNIT ( .MILLI., .METRE. ) );
#1754 = VECTOR ( 'NONE', #3963, 1000.000000000000000 ) ;
#1755 = CARTESIAN_POINT ( 'NONE',  ( -12.53558483421487146, 1.348643900369240978, 74.50000000000000000 ) ) ;
#1756 = CARTESIAN_POINT ( 'NONE',  ( 6.464415165785129425, -8.551356099630758933, 45.00000000000000000 ) ) ;
#1757 = ORIENTED_EDGE ( 'NONE', *, *, #4772, .T. ) ;
#1758 = CARTESIAN_POINT ( 'NONE',  ( -22.83558483421488106, -10.13714253725766667, 76.50000000000001421 ) ) ;
#1759 = CARTESIAN_POINT ( 'NONE',  ( -4.535584834214873240, -10.55135609963076604, 54.99999999999999289 ) ) ;
#1760 = PRESENTATION_LAYER_ASSIGNMENT (  '', '', ( #5840 ) ) ;
#1761 = CARTESIAN_POINT ( 'NONE',  ( 3.664415165785118944, 1.348643900369237647, 76.50000000000000000 ) ) ;
#1762 = SURFACE_SIDE_STYLE ('',( #4589 ) ) ;
#1763 =( NAMED_UNIT ( * ) PLANE_ANGLE_UNIT ( ) SI_UNIT ( $, .RADIAN. ) );
#1764 =( BOUNDED_SURFACE ( )  B_SPLINE_SURFACE ( 1, 3, ( 
 ( #4297, #3920, #5846, #5313 ),
 ( #4393, #5279, #2529, #1556 ) ),
 .UNSPECIFIED., .F., .F., .T. ) 
 B_SPLINE_SURFACE_WITH_KNOTS ( ( 2, 2 ),
 ( 4, 4 ),
 ( 0.04162577849020974996, 0.9583742215097900141 ),
 ( 0.000000000000000000, 1.000000000000000000 ),
 .UNSPECIFIED. ) 
 GEOMETRIC_REPRESENTATION_ITEM ( )  RATIONAL_B_SPLINE_SURFACE ( (
 ( 1.000000000000000000, 0.3333333333333335369, 0.3333333333333335369, 1.000000000000000000),
 ( 1.000000000000000000, 0.3333333333333335369, 0.3333333333333335369, 1.000000000000000000) ) ) 
 REPRESENTATION_ITEM ( '' )  SURFACE ( )  );
#1765 = SURFACE_STYLE_FILL_AREA ( #3737 ) ;
#1766 = PRESENTATION_LAYER_ASSIGNMENT (  '', '', ( #4838 ) ) ;
#1767 = UNCERTAINTY_MEASURE_WITH_UNIT (LENGTH_MEASURE( 1.000000000000000082E-05 ), #4072, 'distance_accuracy_value', 'NONE');
#1768 = ORIENTED_EDGE ( 'NONE', *, *, #2767, .F. ) ;
#1769 = EDGE_CURVE ( 'NONE', #3697, #3276, #2006, .T. ) ;
#1770 =( NAMED_UNIT ( * ) SI_UNIT ( $, .STERADIAN. ) SOLID_ANGLE_UNIT ( ) );
#1771 = FACE_OUTER_BOUND ( 'NONE', #3723, .T. ) ;
#1772 = CARTESIAN_POINT ( 'NONE',  ( -7.535584834214870575, -8.551356099630758933, 52.00000000000000000 ) ) ;
#1773 = CARTESIAN_POINT ( 'NONE',  ( 19.46441516578512676, -2.051356099630759378, 43.50000000000000000 ) ) ;
#1774 = ORIENTED_EDGE ( 'NONE', *, *, #1469, .F. ) ;
#1775 = CARTESIAN_POINT ( 'NONE',  ( 17.76441516578512747, -11.53914521253883763, 76.84091195102224958 ) ) ;
#1776 = PRESENTATION_STYLE_ASSIGNMENT (( #1414 ) ) ;
#1777 = ORIENTED_EDGE ( 'NONE', *, *, #2576, .F. ) ;
#1778 = ORIENTED_EDGE ( 'NONE', *, *, #5987, .F. ) ;
#1779 = VECTOR ( 'NONE', #4995, 1000.000000000000000 ) ;
#1780 = DIRECTION ( 'NONE',  ( -1.000000000000000000, 0.000000000000000000, 0.000000000000000000 ) ) ;
#1781 =( LENGTH_UNIT ( ) NAMED_UNIT ( * ) SI_UNIT ( .MILLI., .METRE. ) );
#1782 = CARTESIAN_POINT ( 'NONE',  ( -9.035584834214871464, -10.55135609963075893, 52.00000000000000000 ) ) ;
#1783 = STYLED_ITEM ( 'NONE', ( #5644 ), #2345 ) ;
#1784 = MECHANICAL_DESIGN_GEOMETRIC_PRESENTATION_REPRESENTATION (  '', ( #167 ), #3946 ) ;
#1785 = ADVANCED_FACE ( 'NONE', ( #5815 ), #1008, .T. ) ;
#1786 = VERTEX_POINT ( 'NONE', #3150 ) ;
#1787 =( GEOMETRIC_REPRESENTATION_CONTEXT ( 3 ) GLOBAL_UNCERTAINTY_ASSIGNED_CONTEXT ( ( #1258 ) ) GLOBAL_UNIT_ASSIGNED_CONTEXT ( ( #54, #458, #6180 ) ) REPRESENTATION_CONTEXT ( 'NONE', 'WORKASPACE' ) );
#1788 = MECHANICAL_DESIGN_GEOMETRIC_PRESENTATION_REPRESENTATION (  '', ( #1594 ), #5265 ) ;
#1789 = CARTESIAN_POINT ( 'NONE',  ( -4.535584834214871464, -10.55135609963075893, 52.00000000000000000 ) ) ;
#1790 = CARTESIAN_POINT ( 'NONE',  ( 14.93521516578513086, 14.44864390036923751, 74.40918822103000707 ) ) ;
#1791 = FACE_BOUND ( 'NONE', #2614, .T. ) ;
#1792 = EDGE_CURVE ( 'NONE', #2432, #5354, #2278, .T. ) ;
#1793 = MECHANICAL_DESIGN_GEOMETRIC_PRESENTATION_REPRESENTATION (  '', ( #5482 ), #5073 ) ;
#1794 = ORIENTED_EDGE ( 'NONE', *, *, #2295, .T. ) ;
#1795 =( GEOMETRIC_REPRESENTATION_CONTEXT ( 3 ) GLOBAL_UNCERTAINTY_ASSIGNED_CONTEXT ( ( #1057 ) ) GLOBAL_UNIT_ASSIGNED_CONTEXT ( ( #47, #6115, #4858 ) ) REPRESENTATION_CONTEXT ( 'NONE', 'WORKASPACE' ) );
#1796 = SURFACE_STYLE_USAGE ( .BOTH. , #3092 ) ;
#1797 = DIRECTION ( 'NONE',  ( 1.000000000000000000, 0.000000000000000000, 0.000000000000000000 ) ) ;
#1798 = CARTESIAN_POINT ( 'NONE',  ( -28.53558483421486613, -2.051356099630759378, 43.50000000000000000 ) ) ;
#1799 = DIRECTION ( 'NONE',  ( -1.000000000000000000, 0.000000000000000000, 0.000000000000000000 ) ) ;
#1800 = CARTESIAN_POINT ( 'NONE',  ( 17.76441516578512747, -11.53914521253883763, 70.50000000000000000 ) ) ;
#1801 = CIRCLE ( 'NONE', #4672, 1.499999999999999556 ) ;
#1802 = PRESENTATION_STYLE_ASSIGNMENT (( #6070 ) ) ;
#1803 = FILL_AREA_STYLE_COLOUR ( '', #2287 ) ;
#1804 = ORIENTED_EDGE ( 'NONE', *, *, #3913, .F. ) ;
#1805 = UNCERTAINTY_MEASURE_WITH_UNIT (LENGTH_MEASURE( 1.000000000000000082E-05 ), #481, 'distance_accuracy_value', 'NONE');
#1806 = ORIENTED_EDGE ( 'NONE', *, *, #5591, .T. ) ;
#1807 = LINE ( 'NONE', #1746, #1395 ) ;
#1808 =( NAMED_UNIT ( * ) PLANE_ANGLE_UNIT ( ) SI_UNIT ( $, .RADIAN. ) );
#1809 = EDGE_CURVE ( 'NONE', #4575, #4688, #4457, .T. ) ;
#1810 = ADVANCED_FACE ( 'NONE', ( #5441 ), #5379, .T. ) ;
#1811 = VERTEX_POINT ( 'NONE', #2096 ) ;
#1812 = ORIENTED_EDGE ( 'NONE', *, *, #4214, .F. ) ;
#1813 = EDGE_LOOP ( 'NONE', ( #4176, #1474 ) ) ;
#1814 = CARTESIAN_POINT ( 'NONE',  ( -24.53558483421486969, -10.55135609963075893, 62.00000000000000000 ) ) ;
#1815 = FILL_AREA_STYLE ('',( #2711 ) ) ;
#1816 =( BOUNDED_SURFACE ( )  B_SPLINE_SURFACE ( 1, 3, ( 
 ( #5654, #5168, #2797, #4579 ),
 ( #1346, #1309, #6085, #3694 ) ),
 .UNSPECIFIED., .F., .F., .T. ) 
 B_SPLINE_SURFACE_WITH_KNOTS ( ( 2, 2 ),
 ( 4, 4 ),
 ( 0.04162577848936815234, 0.9583742215106310081 ),
 ( 0.000000000000000000, 1.000000000000000000 ),
 .UNSPECIFIED. ) 
 GEOMETRIC_REPRESENTATION_ITEM ( )  RATIONAL_B_SPLINE_SURFACE ( (
 ( 1.000000000000000000, 0.8047378541243649375, 0.8047378541243649375, 1.000000000000000000),
 ( 1.000000000000000000, 0.8047378541243649375, 0.8047378541243649375, 1.000000000000000000) ) ) 
 REPRESENTATION_ITEM ( '' )  SURFACE ( )  );
#1817 = DIRECTION ( 'NONE',  ( 1.000000000000000000, 0.000000000000000000, 0.000000000000000000 ) ) ;
#1818 = STYLED_ITEM ( 'NONE', ( #5494 ), #1349 ) ;
#1819 = CARTESIAN_POINT ( 'NONE',  ( 0.4644151657851297021, 1.348643900369240978, 74.50000000000000000 ) ) ;
#1820 = CARTESIAN_POINT ( 'NONE',  ( -52.39297128319858388, -11.53914521253883763, 96.66735389273472379 ) ) ;
#1821 =( GEOMETRIC_REPRESENTATION_CONTEXT ( 3 ) GLOBAL_UNCERTAINTY_ASSIGNED_CONTEXT ( ( #3970 ) ) GLOBAL_UNIT_ASSIGNED_CONTEXT ( ( #1707, #4907, #1229 ) ) REPRESENTATION_CONTEXT ( 'NONE', 'WORKASPACE' ) );
#1822 = ORIENTED_EDGE ( 'NONE', *, *, #4317, .T. ) ;
#1823 = VERTEX_POINT ( 'NONE', #2192 ) ;
#1824 = PRESENTATION_LAYER_ASSIGNMENT (  '', '', ( #4495 ) ) ;
#1825 = SURFACE_STYLE_USAGE ( .BOTH. , #2492 ) ;
#1826 = EDGE_CURVE ( 'NONE', #315, #5805, #2380, .T. ) ;
#1827 = FILL_AREA_STYLE ('',( #3677 ) ) ;
#1828 = DIRECTION ( 'NONE',  ( 0.000000000000000000, -1.000000000000000000, 0.000000000000000000 ) ) ;
#1829 = CARTESIAN_POINT ( 'NONE',  ( -2.535584834214871464, -8.551356099630758933, 62.00000000000000000 ) ) ;
#1830 = STYLED_ITEM ( 'NONE', ( #3378 ), #4200 ) ;
#1831 = CARTESIAN_POINT ( 'NONE',  ( 1.464415165785129647, -8.551356099630758933, 62.00000000000000000 ) ) ;
#1832 = ORIENTED_EDGE ( 'NONE', *, *, #3764, .F. ) ;
#1833 = ORIENTED_EDGE ( 'NONE', *, *, #1883, .T. ) ;
#1834 = CARTESIAN_POINT ( 'NONE',  ( -0.5355848342148712415, -8.551356099630758933, 52.00000000000000000 ) ) ;
#1835 = AXIS2_PLACEMENT_3D ( 'NONE', #1373, #3250, #3686 ) ;
#1836 = DIRECTION ( 'NONE',  ( 0.000000000000000000, 1.000000000000000000, 0.000000000000000000 ) ) ;
#1837 = CARTESIAN_POINT ( 'NONE',  ( 21.17360338681512744, 14.44864390036923751, 43.40918822102799624 ) ) ;
#1838 = VECTOR ( 'NONE', #1091, 1000.000000000000000 ) ;
#1839 = ORIENTED_EDGE ( 'NONE', *, *, #1809, .F. ) ;
#1840 = VECTOR ( 'NONE', #5275, 1000.000000000000000 ) ;
#1841 = ORIENTED_EDGE ( 'NONE', *, *, #4454, .T. ) ;
#1842 = EDGE_LOOP ( 'NONE', ( #6013, #4032, #3443, #6093 ) ) ;
#1843 = ADVANCED_FACE ( 'NONE', ( #6025 ), #3114, .T. ) ;
#1844 = DIRECTION ( 'NONE',  ( 0.000000000000000000, -1.000000000000000000, 0.000000000000000000 ) ) ;
#1845 = PRESENTATION_LAYER_ASSIGNMENT (  '', '', ( #230 ) ) ;
#1846 = CARTESIAN_POINT ( 'NONE',  ( 2.464415165785129869, -10.55135609963075893, 52.00000000000000000 ) ) ;
#1847 = PRESENTATION_LAYER_ASSIGNMENT (  '', '', ( #1038 ) ) ;
#1848 = CARTESIAN_POINT ( 'NONE',  ( 16.21441516578513031, -8.551356099630758933, 41.99999999999999289 ) ) ;
#1849 = ORIENTED_EDGE ( 'NONE', *, *, #1548, .T. ) ;
#1850 = AXIS2_PLACEMENT_3D ( 'NONE', #3175, #3664, #5083 ) ;
#1851 = EDGE_CURVE ( 'NONE', #2178, #1417, #695, .T. ) ;
#1852 = FILL_AREA_STYLE ('',( #2310 ) ) ;
#1853 = CIRCLE ( 'NONE', #5832, 1.499999999999999556 ) ;
#1854 = SURFACE_STYLE_FILL_AREA ( #6183 ) ;
#1855 = ORIENTED_EDGE ( 'NONE', *, *, #4378, .T. ) ;
#1856 = FACE_OUTER_BOUND ( 'NONE', #3630, .T. ) ;
#1857 = EDGE_LOOP ( 'NONE', ( #2540, #3223, #2247, #63 ) ) ;
#1858 = MECHANICAL_DESIGN_GEOMETRIC_PRESENTATION_REPRESENTATION (  '', ( #4120 ), #43 ) ;
#1859 = PRESENTATION_STYLE_ASSIGNMENT (( #4170 ) ) ;
#1860 = LINE ( 'NONE', #2865, #225 ) ;
#1861 = DIRECTION ( 'NONE',  ( 0.000000000000000000, 0.000000000000000000, -1.000000000000000000 ) ) ;
#1862 = PRESENTATION_STYLE_ASSIGNMENT (( #193 ) ) ;
#1863 = STYLED_ITEM ( 'NONE', ( #2371 ), #5876 ) ;
#1864 = EDGE_CURVE ( 'NONE', #847, #3137, #843, .T. ) ;
#1865 = DIRECTION ( 'NONE',  ( 0.000000000000000000, 0.000000000000000000, -1.000000000000000000 ) ) ;
#1866 = ORIENTED_EDGE ( 'NONE', *, *, #4686, .F. ) ;
#1867 = EDGE_LOOP ( 'NONE', ( #2491, #4125, #495, #348 ) ) ;
#1868 =( LENGTH_UNIT ( ) NAMED_UNIT ( * ) SI_UNIT ( .MILLI., .METRE. ) );
#1869 = CARTESIAN_POINT ( 'NONE',  ( 7.464415165785128536, 1.348643900369240978, 74.50000000000000000 ) ) ;
#1870 = VERTEX_POINT ( 'NONE', #399 ) ;
#1871 = EDGE_LOOP ( 'NONE', ( #4657, #3448, #5201, #827 ) ) ;
#1872 = CARTESIAN_POINT ( 'NONE',  ( 17.76441516578513102, 12.99889643206342527, 74.49999999999998579 ) ) ;
#1873 =( NAMED_UNIT ( * ) PLANE_ANGLE_UNIT ( ) SI_UNIT ( $, .RADIAN. ) );
#1874 = CARTESIAN_POINT ( 'NONE',  ( 27.62441516578512690, -10.03135609963075936, 43.50000000000000000 ) ) ;
#1875 = CARTESIAN_POINT ( 'NONE',  ( 7.464415165785128536, 11.54864390036923893, 74.50000000000000000 ) ) ;
#1876 = COLOUR_RGB ( '',1.000000000000000000, 1.000000000000000000, 1.000000000000000000 ) ;
#1877 = DIRECTION ( 'NONE',  ( 0.000000000000000000, 1.000000000000000000, 0.000000000000000000 ) ) ;
#1878 = CIRCLE ( 'NONE', #3260, 1.599999999999999867 ) ;
#1879 =( LENGTH_UNIT ( ) NAMED_UNIT ( * ) SI_UNIT ( .MILLI., .METRE. ) );
#1880 = PRESENTATION_STYLE_ASSIGNMENT (( #1515 ) ) ;
#1881 = DIRECTION ( 'NONE',  ( -1.000000000000000000, 0.000000000000000000, 0.000000000000000000 ) ) ;
#1882 = ORIENTED_EDGE ( 'NONE', *, *, #1731, .T. ) ;
#1883 = EDGE_CURVE ( 'NONE', #4885, #5551, #1503, .T. ) ;
#1884 =( GEOMETRIC_REPRESENTATION_CONTEXT ( 3 ) GLOBAL_UNCERTAINTY_ASSIGNED_CONTEXT ( ( #818 ) ) GLOBAL_UNIT_ASSIGNED_CONTEXT ( ( #3773, #5700, #3861 ) ) REPRESENTATION_CONTEXT ( 'NONE', 'WORKASPACE' ) );
#1885 = VERTEX_POINT ( 'NONE', #5604 ) ;
#1886 = MECHANICAL_DESIGN_GEOMETRIC_PRESENTATION_REPRESENTATION (  '', ( #5674 ), #1177 ) ;
#1887 = SURFACE_STYLE_USAGE ( .BOTH. , #4263 ) ;
#1888 = CARTESIAN_POINT ( 'NONE',  ( -0.5355848342148712415, -8.551356099630758933, 52.00000000000000000 ) ) ;
#1889 = DIRECTION ( 'NONE',  ( 0.000000000000000000, 0.000000000000000000, 1.000000000000000000 ) ) ;
#1890 = UNCERTAINTY_MEASURE_WITH_UNIT (LENGTH_MEASURE( 1.000000000000000082E-05 ), #1032, 'distance_accuracy_value', 'NONE');
#1891 = AXIS2_PLACEMENT_3D ( 'NONE', #791, #5975, #208 ) ;
#1892 =( GEOMETRIC_REPRESENTATION_CONTEXT ( 3 ) GLOBAL_UNCERTAINTY_ASSIGNED_CONTEXT ( ( #5808 ) ) GLOBAL_UNIT_ASSIGNED_CONTEXT ( ( #4716, #2349, #6160 ) ) REPRESENTATION_CONTEXT ( 'NONE', 'WORKASPACE' ) );
#1893 = ORIENTED_EDGE ( 'NONE', *, *, #1864, .F. ) ;
#1894 = ORIENTED_EDGE ( 'NONE', *, *, #4952, .F. ) ;
#1895 = DIRECTION ( 'NONE',  ( 0.000000000000000000, 1.000000000000000000, 0.000000000000000000 ) ) ;
#1896 = VECTOR ( 'NONE', #1256, 1000.000000000000000 ) ;
#1897 = PRESENTATION_STYLE_ASSIGNMENT (( #6167 ) ) ;
#1898 = B_SPLINE_SURFACE_WITH_KNOTS ( 'NONE', 1, 1, ( 
 ( #4119, #5159 ),
 ( #4690, #3687 ) ),
 .UNSPECIFIED., .F., .F., .F.,
 ( 2, 2 ),
 ( 2, 2 ),
 ( -0.1239999999999999991, 6.323999999999999844 ),
 ( -0.09081177897167000412, 2.090811778971999768 ),
 .UNSPECIFIED. ) ;
#1899 = CARTESIAN_POINT ( 'NONE',  ( -8.735584834214867200, 4.548643900369247817, 76.50000000000000000 ) ) ;
#1900 = ORIENTED_EDGE ( 'NONE', *, *, #5730, .F. ) ;
#1901 = VERTEX_POINT ( 'NONE', #1316 ) ;
#1902 = VERTEX_POINT ( 'NONE', #4163 ) ;
#1903 = CARTESIAN_POINT ( 'NONE',  ( 17.76441516578513102, -10.13714253725766667, 76.50000000000001421 ) ) ;
#1904 = EDGE_CURVE ( 'NONE', #1259, #3352, #4322, .T. ) ;
#1905 =( NAMED_UNIT ( * ) SI_UNIT ( $, .STERADIAN. ) SOLID_ANGLE_UNIT ( ) );
#1906 = DIRECTION ( 'NONE',  ( 0.000000000000000000, 1.000000000000000000, 0.000000000000000000 ) ) ;
#1907 = ADVANCED_FACE ( 'NONE', ( #3879 ), #5630, .T. ) ;
#1908 = PRESENTATION_STYLE_ASSIGNMENT (( #3761 ) ) ;
#1909 = CARTESIAN_POINT ( 'NONE',  ( -28.03558483421486613, 14.44864390036923751, 45.50000000000000000 ) ) ;
#1910 = SURFACE_STYLE_USAGE ( .BOTH. , #4350 ) ;
#1911 =( LENGTH_UNIT ( ) NAMED_UNIT ( * ) SI_UNIT ( .MILLI., .METRE. ) );
#1912 = CARTESIAN_POINT ( 'NONE',  ( 23.46441516578512676, -10.55135609963074650, 58.00000000000000711 ) ) ;
#1913 = VERTEX_POINT ( 'NONE', #5470 ) ;
#1914 = CIRCLE ( 'NONE', #3585, 2.000000000000001776 ) ;
#1915 = EDGE_CURVE ( 'NONE', #4374, #5868, #1632, .T. ) ;
#1916 = COLOUR_RGB ( '',1.000000000000000000, 1.000000000000000000, 1.000000000000000000 ) ;
#1917 = DIRECTION ( 'NONE',  ( -1.000000000000000000, 0.000000000000000000, 0.000000000000000000 ) ) ;
#1918 = ADVANCED_FACE ( 'NONE', ( #4001 ), #27, .T. ) ;
#1919 = CARTESIAN_POINT ( 'NONE',  ( -28.53558483421486613, -2.051356099630759378, 45.50000000000000000 ) ) ;
#1920 = CARTESIAN_POINT ( 'NONE',  ( 19.46441516578512676, 7.948643900369239290, 45.50000000000000000 ) ) ;
#1921 = FILL_AREA_STYLE ('',( #409 ) ) ;
#1922 = CARTESIAN_POINT ( 'NONE',  ( -21.28558483421487324, -8.551356099630758933, 41.99999999999999289 ) ) ;
#1923 = COLOUR_RGB ( '',1.000000000000000000, 1.000000000000000000, 1.000000000000000000 ) ;
#1924 = ORIENTED_EDGE ( 'NONE', *, *, #469, .F. ) ;
#1925 = ORIENTED_EDGE ( 'NONE', *, *, #3251, .T. ) ;
#1926 = ADVANCED_FACE ( 'NONE', ( #1214 ), #270, .T. ) ;
#1927 = FILL_AREA_STYLE ('',( #1 ) ) ;
#1928 = STYLED_ITEM ( 'NONE', ( #1897 ), #3960 ) ;
#1929 =( NAMED_UNIT ( * ) SI_UNIT ( $, .STERADIAN. ) SOLID_ANGLE_UNIT ( ) );
#1930 = DIRECTION ( 'NONE',  ( 0.000000000000000000, 0.000000000000000000, 1.000000000000000000 ) ) ;
#1931 = SURFACE_STYLE_USAGE ( .BOTH. , #5286 ) ;
#1932 = ORIENTED_EDGE ( 'NONE', *, *, #4983, .T. ) ;
#1933 = ORIENTED_EDGE ( 'NONE', *, *, #4326, .T. ) ;
#1934 = VERTEX_POINT ( 'NONE', #173 ) ;
#1935 = CIRCLE ( 'NONE', #2720, 4.000000000000000000 ) ;
#1936 =( NAMED_UNIT ( * ) PLANE_ANGLE_UNIT ( ) SI_UNIT ( $, .RADIAN. ) );
#1937 = CARTESIAN_POINT ( 'NONE',  ( 17.76441516578512747, -10.55135609963075893, 75.50000000000000000 ) ) ;
#1938 = PLANE ( 'NONE',  #4523 ) ;
#1939 = CARTESIAN_POINT ( 'NONE',  ( 26.46441516578512676, -10.55135609963075893, 68.00000000000000000 ) ) ;
#1940 = MECHANICAL_DESIGN_GEOMETRIC_PRESENTATION_REPRESENTATION (  '', ( #2627 ), #3811 ) ;
#1941 = ORIENTED_EDGE ( 'NONE', *, *, #4104, .T. ) ;
#1942 = FILL_AREA_STYLE_COLOUR ( '', #2686 ) ;
#1943 = ADVANCED_FACE ( 'NONE', ( #2619, #3142, #5053 ), #3265, .T. ) ;
#1944 = COLOUR_RGB ( '',1.000000000000000000, 1.000000000000000000, 1.000000000000000000 ) ;
#1945 = CARTESIAN_POINT ( 'NONE',  ( -28.03558483421486613, 14.44864390036923751, 45.50000000000000000 ) ) ;
#1946 = STYLED_ITEM ( 'NONE', ( #311 ), #4649 ) ;
#1947 = LINE ( 'NONE', #5632, #516 ) ;
#1948 = CARTESIAN_POINT ( 'NONE',  ( -14.53558483421486969, -10.55135609963075893, 59.00000000000000000 ) ) ;
#1949 = FILL_AREA_STYLE_COLOUR ( '', #6141 ) ;
#1950 = COLOUR_RGB ( '',1.000000000000000000, 1.000000000000000000, 1.000000000000000000 ) ;
#1951 = EDGE_CURVE ( 'NONE', #1278, #2652, #2090, .T. ) ;
#1952 = FACE_BOUND ( 'NONE', #1104, .T. ) ;
#1953 = CARTESIAN_POINT ( 'NONE',  ( -28.53558483421486613, 7.948643900369239290, 43.50000000000000000 ) ) ;
#1954 = VECTOR ( 'NONE', #4189, 1000.000000000000000 ) ;
#1955 = CARTESIAN_POINT ( 'NONE',  ( 17.66441516578511539, 4.548643900369216730, 76.50000000000000000 ) ) ;
#1956 = CARTESIAN_POINT ( 'NONE',  ( 26.46441516578512676, 11.37864390036924256, 43.00999999999999801 ) ) ;
#1957 = AXIS2_PLACEMENT_3D ( 'NONE', #642, #2981, #2488 ) ;
#1958 = ORIENTED_EDGE ( 'NONE', *, *, #1549, .F. ) ;
#1959 = PRESENTATION_STYLE_ASSIGNMENT (( #2354 ) ) ;
#1960 = PLANE ( 'NONE',  #5158 ) ;
#1961 = DIRECTION ( 'NONE',  ( -1.000000000000000000, 0.000000000000000000, 0.000000000000000000 ) ) ;
#1962 = SURFACE_STYLE_USAGE ( .BOTH. , #34 ) ;
#1963 = CARTESIAN_POINT ( 'NONE',  ( 0.4644151657851297021, 2.948643900369238402, 76.50000000000000000 ) ) ;
#1964 = CARTESIAN_POINT ( 'NONE',  ( 21.17360338681512744, 14.44864390036923751, 45.59081177897199666 ) ) ;
#1965 =( BOUNDED_SURFACE ( )  B_SPLINE_SURFACE ( 1, 3, ( 
 ( #922, #4722, #4748, #4307 ),
 ( #2356, #894, #1468, #4209 ) ),
 .UNSPECIFIED., .F., .F., .T. ) 
 B_SPLINE_SURFACE_WITH_KNOTS ( ( 2, 2 ),
 ( 4, 4 ),
 ( 0.04162577848936815234, 0.9583742215106310081 ),
 ( 0.000000000000000000, 1.000000000000000000 ),
 .UNSPECIFIED. ) 
 GEOMETRIC_REPRESENTATION_ITEM ( )  RATIONAL_B_SPLINE_SURFACE ( (
 ( 1.000000000000000000, 0.3333333333333335369, 0.3333333333333335369, 1.000000000000000000),
 ( 1.000000000000000000, 0.3333333333333335369, 0.3333333333333335369, 1.000000000000000000) ) ) 
 REPRESENTATION_ITEM ( '' )  SURFACE ( )  );
#1966 = VERTEX_POINT ( 'NONE', #3264 ) ;
#1967 = ORIENTED_EDGE ( 'NONE', *, *, #2012, .F. ) ;
#1968 = ORIENTED_EDGE ( 'NONE', *, *, #3618, .F. ) ;
#1969 = EDGE_LOOP ( 'NONE', ( #1378, #2146 ) ) ;
#1970 = CARTESIAN_POINT ( 'NONE',  ( 14.26441516578512925, 14.44864390036923751, 74.50000000000000000 ) ) ;
#1971 = CARTESIAN_POINT ( 'NONE',  ( 4.264415165785123918, 11.54864390036920341, 74.49999999999998579 ) ) ;
#1972 = CARTESIAN_POINT ( 'NONE',  ( -31.53558483421486969, -8.551356099630758933, 45.50000000000000000 ) ) ;
#1973 = CARTESIAN_POINT ( 'NONE',  ( -14.53558483421489278, -8.551356099630766039, 62.00000000000000711 ) ) ;
#1974 = CARTESIAN_POINT ( 'NONE',  ( -1.035584834214865024, -8.551356099630760710, 66.00000000000001421 ) ) ;
#1975 = CARTESIAN_POINT ( 'NONE',  ( -24.53558483421487324, -10.55135609963076604, 47.99999999999999289 ) ) ;
#1976 = FILL_AREA_STYLE ('',( #1949 ) ) ;
#1977 = ADVANCED_FACE ( 'NONE', ( #2306 ), #2195, .T. ) ;
#1978 = PRESENTATION_LAYER_ASSIGNMENT (  '', '', ( #4655 ) ) ;
#1979 = FACE_BOUND ( 'NONE', #2581, .T. ) ;
#1980 = DIRECTION ( 'NONE',  ( 0.000000000000000000, -1.000000000000000000, 0.000000000000000000 ) ) ;
#1981 = CARTESIAN_POINT ( 'NONE',  ( 23.46441516578513031, -8.551356099630760710, 47.99999999999999289 ) ) ;
#1982 = VECTOR ( 'NONE', #2299, 1000.000000000000000 ) ;
#1983 = ORIENTED_EDGE ( 'NONE', *, *, #3444, .T. ) ;
#1984 = SURFACE_STYLE_FILL_AREA ( #2872 ) ;
#1985 =( GEOMETRIC_REPRESENTATION_CONTEXT ( 3 ) GLOBAL_UNCERTAINTY_ASSIGNED_CONTEXT ( ( #4232 ) ) GLOBAL_UNIT_ASSIGNED_CONTEXT ( ( #4551, #3607, #244 ) ) REPRESENTATION_CONTEXT ( 'NONE', 'WORKASPACE' ) );
#1987 = EDGE_CURVE ( 'NONE', #1393, #5800, #5974, .T. ) ;
#1986 = SURFACE_STYLE_USAGE ( .BOTH. , #66 ) ;
#1988 = CARTESIAN_POINT ( 'NONE',  ( -11.53558483421489100, -8.551356099630737617, 56.00000000000000000 ) ) ;
#1989 = CARTESIAN_POINT ( 'NONE',  ( -24.53558483421486969, -8.551356099630758933, 52.00000000000000000 ) ) ;
#1990 = ORIENTED_EDGE ( 'NONE', *, *, #1995, .T. ) ;
#1991 = ORIENTED_EDGE ( 'NONE', *, *, #394, .F. ) ;
#1992 = ORIENTED_EDGE ( 'NONE', *, *, #2183, .T. ) ;
#1993 = CIRCLE ( 'NONE', #3279, 1.499999999999999556 ) ;
#1994 = CARTESIAN_POINT ( 'NONE',  ( 16.46441516578513387, -8.551356099630760710, 54.99999999999999289 ) ) ;
#1995 = EDGE_CURVE ( 'NONE', #4243, #378, #2620, .T. ) ;
#1996 = CARTESIAN_POINT ( 'NONE',  ( -15.73558483421485832, -2.451356099630771279, 74.49999999999998579 ) ) ;
#1997 = EDGE_CURVE ( 'NONE', #1902, #5568, #3081, .T. ) ;
#1998 =( BOUNDED_SURFACE ( )  B_SPLINE_SURFACE ( 1, 3, ( 
 ( #673, #2607, #1595, #4405 ),
 ( #640, #2542, #3473, #3004 ) ),
 .UNSPECIFIED., .F., .F., .T. ) 
 B_SPLINE_SURFACE_WITH_KNOTS ( ( 2, 2 ),
 ( 4, 4 ),
 ( 0.04162577849020974996, 0.9583742215097900141 ),
 ( 0.000000000000000000, 1.000000000000000000 ),
 .UNSPECIFIED. ) 
 GEOMETRIC_REPRESENTATION_ITEM ( )  RATIONAL_B_SPLINE_SURFACE ( (
 ( 1.000000000000000000, 0.3333333333333335369, 0.3333333333333335369, 1.000000000000000000),
 ( 1.000000000000000000, 0.3333333333333335369, 0.3333333333333335369, 1.000000000000000000) ) ) 
 REPRESENTATION_ITEM ( '' )  SURFACE ( )  );
#1999 = ORIENTED_EDGE ( 'NONE', *, *, #2369, .T. ) ;
#2000 = ORIENTED_EDGE ( 'NONE', *, *, #1162, .T. ) ;
#2001 = FILL_AREA_STYLE_COLOUR ( '', #4006 ) ;
#2002 = DIRECTION ( 'NONE',  ( 0.000000000000000000, -1.000000000000000000, 0.000000000000000000 ) ) ;
#2003 = SURFACE_STYLE_USAGE ( .BOTH. , #143 ) ;
#2004 = UNCERTAINTY_MEASURE_WITH_UNIT (LENGTH_MEASURE( 1.000000000000000082E-05 ), #1119, 'distance_accuracy_value', 'NONE');
#2005 = CARTESIAN_POINT ( 'NONE',  ( 26.46441516578513742, 12.99889643206342527, 45.50000000000000000 ) ) ;
#2006 = LINE ( 'NONE', #2038, #6105 ) ;
#2007 =( GEOMETRIC_REPRESENTATION_CONTEXT ( 3 ) GLOBAL_UNCERTAINTY_ASSIGNED_CONTEXT ( ( #1890 ) ) GLOBAL_UNIT_ASSIGNED_CONTEXT ( ( #1032, #3488, #3396 ) ) REPRESENTATION_CONTEXT ( 'NONE', 'WORKASPACE' ) );
#2008 = FACE_BOUND ( 'NONE', #103, .T. ) ;
#2009 = CARTESIAN_POINT ( 'NONE',  ( -28.03558483421486613, 14.44864390036923751, 45.50000000000000000 ) ) ;
#2010 = VERTEX_POINT ( 'NONE', #1604 ) ;
#2011 = VECTOR ( 'NONE', #4527, 1000.000000000000000 ) ;
#2012 = EDGE_CURVE ( 'NONE', #506, #432, #1094, .T. ) ;
#2013 =( BOUNDED_SURFACE ( )  B_SPLINE_SURFACE ( 1, 3, ( 
 ( #911, #4265, #6187, #1919 ),
 ( #491, #2403, #6066, #1798 ) ),
 .UNSPECIFIED., .F., .F., .T. ) 
 B_SPLINE_SURFACE_WITH_KNOTS ( ( 2, 2 ),
 ( 4, 4 ),
 ( 0.04162577849020974996, 0.9583742215097900141 ),
 ( 0.000000000000000000, 1.000000000000000000 ),
 .UNSPECIFIED. ) 
 GEOMETRIC_REPRESENTATION_ITEM ( )  RATIONAL_B_SPLINE_SURFACE ( (
 ( 1.000000000000000000, 0.3333333333333335369, 0.3333333333333335369, 1.000000000000000000),
 ( 1.000000000000000000, 0.3333333333333335369, 0.3333333333333335369, 1.000000000000000000) ) ) 
 REPRESENTATION_ITEM ( '' )  SURFACE ( )  );
#2014 =( LENGTH_UNIT ( ) NAMED_UNIT ( * ) SI_UNIT ( .MILLI., .METRE. ) );
#2015 = CARTESIAN_POINT ( 'NONE',  ( -21.19477305524486965, -8.460544320660760675, 49.49999999999999289 ) ) ;
#2016 = CARTESIAN_POINT ( 'NONE',  ( -5.535584834214870575, 2.948643900369238402, 74.50000000000000000 ) ) ;
#2017 = CARTESIAN_POINT ( 'NONE',  ( 14.46441516578513031, 4.548643900369238935, 76.50000000000000000 ) ) ;
#2018 = CARTESIAN_POINT ( 'NONE',  ( 15.17888125985239434, -10.55135609963075538, 39.50000000000000000 ) ) ;
#2019 = LINE ( 'NONE', #1300, #5362 ) ;
#2020 = VERTEX_POINT ( 'NONE', #3452 ) ;
#2021 = ORIENTED_EDGE ( 'NONE', *, *, #5999, .T. ) ;
#2022 = ORIENTED_EDGE ( 'NONE', *, *, #5571, .T. ) ;
#2023 = CARTESIAN_POINT ( 'NONE',  ( -15.73558483421485832, -2.451356099630771279, 76.50000000000000000 ) ) ;
#2024 = DIRECTION ( 'NONE',  ( 1.000000000000000000, 0.000000000000000000, 0.000000000000000000 ) ) ;
#2025 = PRESENTATION_STYLE_ASSIGNMENT (( #4854 ) ) ;
#2026 = CARTESIAN_POINT ( 'NONE',  ( 14.46441516578513031, 1.348643900369240978, 74.50000000000000000 ) ) ;
#2027 = CIRCLE ( 'NONE', #4802, 4.000000000000000000 ) ;
#2028 = EDGE_CURVE ( 'NONE', #4213, #4710, #4927, .T. ) ;
#2029 = ORIENTED_EDGE ( 'NONE', *, *, #5791, .T. ) ;
#2030 = SURFACE_STYLE_FILL_AREA ( #2458 ) ;
#2031 = SURFACE_STYLE_USAGE ( .BOTH. , #2460 ) ;
#2032 = MECHANICAL_DESIGN_GEOMETRIC_PRESENTATION_REPRESENTATION (  '', ( #4914 ), #1738 ) ;
#2033 =( LENGTH_UNIT ( ) NAMED_UNIT ( * ) SI_UNIT ( .MILLI., .METRE. ) );
#2034 = FILL_AREA_STYLE ('',( #2551 ) ) ;
#2035 = VECTOR ( 'NONE', #5299, 1000.000000000000000 ) ;
#2036 =( GEOMETRIC_REPRESENTATION_CONTEXT ( 3 ) GLOBAL_UNCERTAINTY_ASSIGNED_CONTEXT ( ( #711 ) ) GLOBAL_UNIT_ASSIGNED_CONTEXT ( ( #2198, #4624, #1262 ) ) REPRESENTATION_CONTEXT ( 'NONE', 'WORKASPACE' ) );
#2037 = CARTESIAN_POINT ( 'NONE',  ( 25.01466769747931451, 14.44864390036923574, 43.50000000000000000 ) ) ;
#2038 = CARTESIAN_POINT ( 'NONE',  ( -22.83558483421487040, -11.53914521253883763, 70.50000000000000000 ) ) ;
#2039 = CARTESIAN_POINT ( 'NONE',  ( 10.66441516578512783, 1.348643900369237647, 74.49999999999998579 ) ) ;
#2040 = SURFACE_STYLE_FILL_AREA ( #1098 ) ;
#2041 = SURFACE_SIDE_STYLE ('',( #568 ) ) ;
#2042 = ORIENTED_EDGE ( 'NONE', *, *, #1521, .T. ) ;
#2043 = CIRCLE ( 'NONE', #2150, 1.599999999999999867 ) ;
#2044 = LINE ( 'NONE', #1612, #85 ) ;
#2045 = CARTESIAN_POINT ( 'NONE',  ( -12.53558483421487146, 9.948643900369241067, 76.50000000000000000 ) ) ;
#2046 =( NAMED_UNIT ( * ) SI_UNIT ( $, .STERADIAN. ) SOLID_ANGLE_UNIT ( ) );
#2047 = CARTESIAN_POINT ( 'NONE',  ( -32.69558483421486983, 14.90864390036924014, 45.50000000000000000 ) ) ;
#2048 = SURFACE_STYLE_FILL_AREA ( #4943 ) ;
#2049 = EDGE_CURVE ( 'NONE', #4087, #349, #1387, .T. ) ;
#2050 = AXIS2_PLACEMENT_3D ( 'NONE', #4377, #4949, #4313 ) ;
#2051 = CARTESIAN_POINT ( 'NONE',  ( -24.53558483421486969, -10.55135609963075893, 52.00000000000000000 ) ) ;
#2052 = EDGE_LOOP ( 'NONE', ( #3566, #4953, #4110, #414, #4738, #2606 ) ) ;
#2053 = EDGE_LOOP ( 'NONE', ( #2584, #835, #3541, #4789 ) ) ;
#2054 = EDGE_LOOP ( 'NONE', ( #3890, #6063, #5417, #5848 ) ) ;
#2056 = CARTESIAN_POINT ( 'NONE',  ( 26.46441516578512676, -8.551356099630758933, 45.50000000000000000 ) ) ;
#2055 = COLOUR_RGB ( '',1.000000000000000000, 1.000000000000000000, 1.000000000000000000 ) ;
#2057 =( NAMED_UNIT ( * ) SI_UNIT ( $, .STERADIAN. ) SOLID_ANGLE_UNIT ( ) );
#2058 = ORIENTED_EDGE ( 'NONE', *, *, #1376, .F. ) ;
#2059 = DIRECTION ( 'NONE',  ( -1.000000000000000000, 0.000000000000000000, 0.000000000000000000 ) ) ;
#2060 = DIRECTION ( 'NONE',  ( 1.000000000000000000, 0.000000000000000000, 0.000000000000000000 ) ) ;
#2061 = DIRECTION ( 'NONE',  ( 0.000000000000000000, 0.000000000000000000, -1.000000000000000000 ) ) ;
#2062 = UNCERTAINTY_MEASURE_WITH_UNIT (LENGTH_MEASURE( 1.000000000000000082E-05 ), #892, 'distance_accuracy_value', 'NONE');
#2063 = CARTESIAN_POINT ( 'NONE',  ( -26.33558483421486685, 14.44864390036923751, 43.50000000000000000 ) ) ;
#2064 =( NAMED_UNIT ( * ) PLANE_ANGLE_UNIT ( ) SI_UNIT ( $, .RADIAN. ) );
#2065 = EDGE_CURVE ( 'NONE', #5266, #3565, #5376, .T. ) ;
#2066 = ADVANCED_FACE ( 'NONE', ( #5839 ), #3965, .T. ) ;
#2067 =( NAMED_UNIT ( * ) SI_UNIT ( $, .STERADIAN. ) SOLID_ANGLE_UNIT ( ) );
#2068 = VERTEX_POINT ( 'NONE', #203 ) ;
#2069 = CIRCLE ( 'NONE', #5468, 4.000000000000000000 ) ;
#2070 = CARTESIAN_POINT ( 'NONE',  ( -2.335584834214884609, 4.548643900369247817, 74.49999999999998579 ) ) ;
#2071 = DIRECTION ( 'NONE',  ( 0.000000000000000000, 0.000000000000000000, -1.000000000000000000 ) ) ;
#2072 = CARTESIAN_POINT ( 'NONE',  ( -26.33558483421486685, 14.44864390036923751, 45.50000000000000000 ) ) ;
#2073 = MECHANICAL_DESIGN_GEOMETRIC_PRESENTATION_REPRESENTATION (  '', ( #4054 ), #6165 ) ;
#2074 = SURFACE_STYLE_USAGE ( .BOTH. , #634 ) ;
#2075 = ORIENTED_EDGE ( 'NONE', *, *, #281, .F. ) ;
#2076 = ORIENTED_EDGE ( 'NONE', *, *, #2260, .T. ) ;
#2077 = PRESENTATION_LAYER_ASSIGNMENT (  '', '', ( #4054 ) ) ;
#2078 = PRESENTATION_LAYER_ASSIGNMENT (  '', '', ( #275 ) ) ;
#2079 = DIRECTION ( 'NONE',  ( 0.000000000000000000, 1.000000000000000000, 0.000000000000000000 ) ) ;
#2080 = FILL_AREA_STYLE ('',( #5923 ) ) ;
#2081 = CARTESIAN_POINT ( 'NONE',  ( 16.21441516578513031, -10.64216787860075897, 49.64999999999999858 ) ) ;
#2082 = CARTESIAN_POINT ( 'NONE',  ( 26.46441516578511255, -10.55135609963075538, 43.91421356237308515 ) ) ;
#2083 = PRESENTATION_STYLE_ASSIGNMENT (( #1172 ) ) ;
#2084 = COLOUR_RGB ( '',1.000000000000000000, 1.000000000000000000, 1.000000000000000000 ) ;
#2085 = ORIENTED_EDGE ( 'NONE', *, *, #3110, .F. ) ;
#2086 = UNCERTAINTY_MEASURE_WITH_UNIT (LENGTH_MEASURE( 1.000000000000000082E-05 ), #1911, 'distance_accuracy_value', 'NONE');
#2087 = ADVANCED_FACE ( 'NONE', ( #5436 ), #4771, .T. ) ;
#2088 = DIRECTION ( 'NONE',  ( 0.000000000000000000, 0.000000000000000000, 1.000000000000000000 ) ) ;
#2089 = CARTESIAN_POINT ( 'NONE',  ( -12.53558483421487146, -5.651356099630762131, 76.50000000000000000 ) ) ;
#2090 = LINE ( 'NONE', #3756, #1182 ) ;
#2091 = CARTESIAN_POINT ( 'NONE',  ( 14.46441516578513031, 2.948643900369238402, 76.50000000000000000 ) ) ;
#2092 = PRESENTATION_LAYER_ASSIGNMENT (  '', '', ( #4261 ) ) ;
#2093 =( LENGTH_UNIT ( ) NAMED_UNIT ( * ) SI_UNIT ( .MILLI., .METRE. ) );
#2094 = DIRECTION ( 'NONE',  ( 0.000000000000000000, 0.000000000000000000, 1.000000000000000000 ) ) ;
#2095 = FILL_AREA_STYLE_COLOUR ( '', #6022 ) ;
#2096 = CARTESIAN_POINT ( 'NONE',  ( 2.964415165785129425, -10.55135609963075893, 62.00000000000000000 ) ) ;
#2097 = SURFACE_STYLE_FILL_AREA ( #626 ) ;
#2098 = DIRECTION ( 'NONE',  ( 1.000000000000000000, 0.000000000000000000, 0.000000000000000000 ) ) ;
#2099 = ADVANCED_FACE ( 'NONE', ( #5028 ), #4939, .T. ) ;
#2100 = EDGE_CURVE ( 'NONE', #2390, #983, #4227, .T. ) ;
#2101 = PRESENTATION_STYLE_ASSIGNMENT (( #4972 ) ) ;
#2102 = DIRECTION ( 'NONE',  ( 0.000000000000000000, 1.000000000000000000, 0.000000000000000000 ) ) ;
#2103 = FILL_AREA_STYLE ('',( #703 ) ) ;
#2104 = PRESENTATION_STYLE_ASSIGNMENT (( #2074 ) ) ;
#2105 = PRESENTATION_LAYER_ASSIGNMENT (  '', '', ( #1211 ) ) ;
#2106 = FACE_OUTER_BOUND ( 'NONE', #4206, .T. ) ;
#2107 = EDGE_LOOP ( 'NONE', ( #4637, #6132, #1628, #3288 ) ) ;
#2108 = EDGE_CURVE ( 'NONE', #5772, #506, #463, .T. ) ;
#2109 = UNCERTAINTY_MEASURE_WITH_UNIT (LENGTH_MEASURE( 1.000000000000000082E-05 ), #1709, 'distance_accuracy_value', 'NONE');
#2110 = PRESENTATION_LAYER_ASSIGNMENT (  '', '', ( #1818 ) ) ;
#2111 = FACE_OUTER_BOUND ( 'NONE', #5130, .T. ) ;
#2112 = CARTESIAN_POINT ( 'NONE',  ( -12.53558483421487146, 4.548643900369238935, 76.50000000000000000 ) ) ;
#2113 = CIRCLE ( 'NONE', #2315, 2.000000000000001776 ) ;
#2114 =( NAMED_UNIT ( * ) SI_UNIT ( $, .STERADIAN. ) SOLID_ANGLE_UNIT ( ) );
#2115 = CARTESIAN_POINT ( 'NONE',  ( -26.24477305524486326, 14.44864390036923751, 43.40918822102799624 ) ) ;
#2116 = ORIENTED_EDGE ( 'NONE', *, *, #2235, .F. ) ;
#2117 = VERTEX_POINT ( 'NONE', #2924 ) ;
#2118 = VERTEX_POINT ( 'NONE', #58 ) ;
#2119 = COLOUR_RGB ( '',1.000000000000000000, 1.000000000000000000, 1.000000000000000000 ) ;
#2120 = CARTESIAN_POINT ( 'NONE',  ( -19.53558483421487324, 4.548643900369238935, 74.50000000000000000 ) ) ;
#2121 = CARTESIAN_POINT ( 'NONE',  ( -13.03558483421487146, -10.55135609963075893, 59.00000000000000000 ) ) ;
#2122 = CARTESIAN_POINT ( 'NONE',  ( -18.53558483421487324, -10.55135609963075893, 52.00000000000000000 ) ) ;
#2123 = SURFACE_STYLE_USAGE ( .BOTH. , #2588 ) ;
#2124 = DIRECTION ( 'NONE',  ( 0.000000000000000000, 1.000000000000000000, 0.000000000000000000 ) ) ;
#2125 = CIRCLE ( 'NONE', #1118, 3.500000000000001332 ) ;
#2126 = CARTESIAN_POINT ( 'NONE',  ( 9.464415165785130313, -8.551356099630737617, 48.00000000000000000 ) ) ;
#2127 = EDGE_CURVE ( 'NONE', #1934, #3196, #3555, .T. ) ;
#2128 =( NAMED_UNIT ( * ) PLANE_ANGLE_UNIT ( ) SI_UNIT ( $, .RADIAN. ) );
#2129 = AXIS2_PLACEMENT_3D ( 'NONE', #4600, #5074, #2205 ) ;
#2130 = CARTESIAN_POINT ( 'NONE',  ( -12.53558483421487146, 8.348643900369239645, 74.50000000000000000 ) ) ;
#2131 = SURFACE_STYLE_FILL_AREA ( #4963 ) ;
#2132 = FACE_OUTER_BOUND ( 'NONE', #99, .T. ) ;
#2133 = CARTESIAN_POINT ( 'NONE',  ( 16.21441516578513031, -11.53914521253883763, 43.85280969941640450 ) ) ;
#2134 =( GEOMETRIC_REPRESENTATION_CONTEXT ( 3 ) GLOBAL_UNCERTAINTY_ASSIGNED_CONTEXT ( ( #2649 ) ) GLOBAL_UNIT_ASSIGNED_CONTEXT ( ( #6134, #2267, #5098 ) ) REPRESENTATION_CONTEXT ( 'NONE', 'WORKASPACE' ) );
#2135 = CARTESIAN_POINT ( 'NONE',  ( 17.76441516578512747, -8.551356099630758933, 49.49999999999999289 ) ) ;
#2136 = EDGE_LOOP ( 'NONE', ( #5395, #168, #4779, #2850 ) ) ;
#2137 = COLOUR_RGB ( '',1.000000000000000000, 1.000000000000000000, 1.000000000000000000 ) ;
#2138 = CARTESIAN_POINT ( 'NONE',  ( -22.83558483421487040, -10.55135609963075893, 70.50000000000000000 ) ) ;
#2139 = CARTESIAN_POINT ( 'NONE',  ( -7.535584834214870575, -8.551356099630760710, 49.00000000000000000 ) ) ;
#2140 = FACE_OUTER_BOUND ( 'NONE', #6082, .T. ) ;
#2141 = CARTESIAN_POINT ( 'NONE',  ( -19.53558483421487324, 2.948643900369238402, 76.50000000000000000 ) ) ;
#2142 = PRESENTATION_STYLE_ASSIGNMENT (( #3528 ) ) ;
#2143 = CARTESIAN_POINT ( 'NONE',  ( -31.53558483421486969, -10.98135609963076043, 43.00999999999999801 ) ) ;
#2144 = CARTESIAN_POINT ( 'NONE',  ( 23.46441516578513031, 1.948643900369238846, 43.49999999999999289 ) ) ;
#2145 = ORIENTED_EDGE ( 'NONE', *, *, #5109, .F. ) ;
#2146 = ORIENTED_EDGE ( 'NONE', *, *, #5107, .T. ) ;
#2147 = CARTESIAN_POINT ( 'NONE',  ( 23.46441516578513031, -10.55135609963075893, 52.00000000000000000 ) ) ;
#2148 = SURFACE_SIDE_STYLE ('',( #228 ) ) ;
#2149 = DIRECTION ( 'NONE',  ( 0.000000000000000000, 0.000000000000000000, -1.000000000000000000 ) ) ;
#2150 = AXIS2_PLACEMENT_3D ( 'NONE', #4511, #1723, #5502 ) ;
#2151 = UNCERTAINTY_MEASURE_WITH_UNIT (LENGTH_MEASURE( 1.000000000000000082E-05 ), #4615, 'distance_accuracy_value', 'NONE');
#2152 = CARTESIAN_POINT ( 'NONE',  ( -26.24477305524486326, 14.44864390036923751, 45.59081177897199666 ) ) ;
#2153 = ORIENTED_EDGE ( 'NONE', *, *, #5228, .T. ) ;
#2154 = B_SPLINE_SURFACE_WITH_KNOTS ( 'NONE', 1, 1, ( 
 ( #1347, #867 ),
 ( #4669, #4887 ) ),
 .UNSPECIFIED., .F., .F., .F.,
 ( 2, 2 ),
 ( 2, 2 ),
 ( -0.1499999999999999944, 7.650000000000000355 ),
 ( -0.09081177897167000412, 2.090811778971999768 ),
 .UNSPECIFIED. ) ;
#2155 = ORIENTED_EDGE ( 'NONE', *, *, #2774, .F. ) ;
#2156 = MECHANICAL_DESIGN_GEOMETRIC_PRESENTATION_REPRESENTATION (  '', ( #1359 ), #5035 ) ;
#2157 =( NAMED_UNIT ( * ) PLANE_ANGLE_UNIT ( ) SI_UNIT ( $, .RADIAN. ) );
#2158 = CARTESIAN_POINT ( 'NONE',  ( -9.335584834214900596, 4.548643900369247817, 74.49999999999998579 ) ) ;
#2159 = FILL_AREA_STYLE_COLOUR ( '', #3074 ) ;
#2160 = PRESENTATION_STYLE_ASSIGNMENT (( #2123 ) ) ;
#2161 =( NAMED_UNIT ( * ) PLANE_ANGLE_UNIT ( ) SI_UNIT ( $, .RADIAN. ) );
#2162 = MECHANICAL_DESIGN_GEOMETRIC_PRESENTATION_REPRESENTATION (  '', ( #5840 ), #2745 ) ;
#2163 = LINE ( 'NONE', #5902, #1779 ) ;
#2164 = CARTESIAN_POINT ( 'NONE',  ( -2.535584834214871464, -10.55135609963075893, 62.00000000000000000 ) ) ;
#2165 = CARTESIAN_POINT ( 'NONE',  ( -4.535584834214873240, -8.551356099630760710, 54.99999999999999289 ) ) ;
#2166 = AXIS2_PLACEMENT_3D ( 'NONE', #1737, #4018, #4595 ) ;
#2167 = EDGE_LOOP ( 'NONE', ( #2029, #1020 ) ) ;
#2168 = DIRECTION ( 'NONE',  ( 0.000000000000000000, 0.000000000000000000, -1.000000000000000000 ) ) ;
#2169 = AXIS2_PLACEMENT_3D ( 'NONE', #3275, #3735, #431 ) ;
#2170 =( NAMED_UNIT ( * ) SI_UNIT ( $, .STERADIAN. ) SOLID_ANGLE_UNIT ( ) );
#2171 = ORIENTED_EDGE ( 'NONE', *, *, #697, .T. ) ;
#2172 = AXIS2_PLACEMENT_3D ( 'NONE', #2753, #2321, #851 ) ;
#2173 = CARTESIAN_POINT ( 'NONE',  ( -0.5355848342148712415, -10.55135609963075893, 52.00000000000000000 ) ) ;
#2174 = STYLED_ITEM ( 'NONE', ( #2160 ), #2087 ) ;
#2175 = UNCERTAINTY_MEASURE_WITH_UNIT (LENGTH_MEASURE( 1.000000000000000082E-05 ), #2570, 'distance_accuracy_value', 'NONE');
#2176 = CARTESIAN_POINT ( 'NONE',  ( -28.53558483421486613, -2.051356099630759378, 43.50000000000000000 ) ) ;
#2177 = FACE_OUTER_BOUND ( 'NONE', #2817, .T. ) ;
#2178 = VERTEX_POINT ( 'NONE', #2864 ) ;
#2179 = MECHANICAL_DESIGN_GEOMETRIC_PRESENTATION_REPRESENTATION (  '', ( #2473 ), #5972 ) ;
#2180 = EDGE_LOOP ( 'NONE', ( #5165, #5771, #4196, #4079 ) ) ;
#2181 = AXIS2_PLACEMENT_3D ( 'NONE', #5457, #1690, #5953 ) ;
#2182 = VERTEX_POINT ( 'NONE', #23 ) ;
#2183 = EDGE_CURVE ( 'NONE', #1669, #2417, #562, .T. ) ;
#2184 = EDGE_CURVE ( 'NONE', #1885, #3220, #5698, .T. ) ;
#2185 = CARTESIAN_POINT ( 'NONE',  ( 7.464415165785128536, -4.051356099630760710, 76.50000000000000000 ) ) ;
#2186 = COLOUR_RGB ( '',1.000000000000000000, 1.000000000000000000, 1.000000000000000000 ) ;
#2187 = FACE_OUTER_BOUND ( 'NONE', #3934, .T. ) ;
#2188 = SURFACE_SIDE_STYLE ('',( #5438 ) ) ;
#2189 = CARTESIAN_POINT ( 'NONE',  ( 9.464415165785128536, -10.55135609963075893, 45.00000000000000000 ) ) ;
#2190 = VECTOR ( 'NONE', #5799, 1000.000000000000000 ) ;
#2191 = CARTESIAN_POINT ( 'NONE',  ( -4.535584834214871464, -8.551356099630758933, 52.00000000000000000 ) ) ;
#2192 = CARTESIAN_POINT ( 'NONE',  ( -21.28558483421486969, -8.539145212538837626, 43.85280969941640450 ) ) ;
#2193 = PLANE ( 'NONE',  #5238 ) ;
#2194 = CARTESIAN_POINT ( 'NONE',  ( 16.21441516578513031, -8.539145212538837626, 39.49999999999999289 ) ) ;
#2195 =( BOUNDED_SURFACE ( )  B_SPLINE_SURFACE ( 1, 3, ( 
 ( #4450, #178, #3969, #692 ),
 ( #3549, #4996, #2628, #4043 ) ),
 .UNSPECIFIED., .F., .F., .T. ) 
 B_SPLINE_SURFACE_WITH_KNOTS ( ( 2, 2 ),
 ( 4, 4 ),
 ( 0.04162577848936815234, 0.9583742215106310081 ),
 ( 0.000000000000000000, 1.000000000000000000 ),
 .UNSPECIFIED. ) 
 GEOMETRIC_REPRESENTATION_ITEM ( )  RATIONAL_B_SPLINE_SURFACE ( (
 ( 1.000000000000000000, 0.3333333333333335369, 0.3333333333333335369, 1.000000000000000000),
 ( 1.000000000000000000, 0.3333333333333335369, 0.3333333333333335369, 1.000000000000000000) ) ) 
 REPRESENTATION_ITEM ( '' )  SURFACE ( )  );
#2196 = LINE ( 'NONE', #5550, #1896 ) ;
#2197 = FILL_AREA_STYLE ('',( #4650 ) ) ;
#2198 =( LENGTH_UNIT ( ) NAMED_UNIT ( * ) SI_UNIT ( .MILLI., .METRE. ) );
#2199 =( NAMED_UNIT ( * ) PLANE_ANGLE_UNIT ( ) SI_UNIT ( $, .RADIAN. ) );
#2200 = CARTESIAN_POINT ( 'NONE',  ( 7.464415165785128536, 9.948643900369241067, 76.50000000000000000 ) ) ;
#2201 = FACE_BOUND ( 'NONE', #3823, .T. ) ;
#2202 = ADVANCED_FACE ( 'NONE', ( #909, #939, #4291, #2836, #3281, #5787, #4711, #1979, #1952, #4739, #2377, #3826, #1485, #3368, #5274, #1517, #4803, #526, #3858, #1314 ), #2225, .T. ) ;
#2203 = CARTESIAN_POINT ( 'NONE',  ( 19.46441516578512676, -2.051356099630759378, 43.50000000000000000 ) ) ;
#2204 = EDGE_LOOP ( 'NONE', ( #4340, #3525, #3409, #1710, #1243, #3464 ) ) ;
#2205 = DIRECTION ( 'NONE',  ( 0.000000000000000000, 1.000000000000000000, 0.000000000000000000 ) ) ;
#2206 = DIRECTION ( 'NONE',  ( 0.000000000000000000, -1.000000000000000000, 0.000000000000000000 ) ) ;
#2207 = UNCERTAINTY_MEASURE_WITH_UNIT (LENGTH_MEASURE( 1.000000000000000082E-05 ), #5831, 'distance_accuracy_value', 'NONE');
#2208 = FACE_OUTER_BOUND ( 'NONE', #196, .T. ) ;
#2209 = MECHANICAL_DESIGN_GEOMETRIC_PRESENTATION_REPRESENTATION (  '', ( #814 ), #4592 ) ;
#2210 = EDGE_LOOP ( 'NONE', ( #4373, #2976, #5995, #977 ) ) ;
#2211 = ORIENTED_EDGE ( 'NONE', *, *, #5409, .T. ) ;
#2212 = EDGE_LOOP ( 'NONE', ( #4788, #605 ) ) ;
#2213 = VECTOR ( 'NONE', #5078, 1000.000000000000000 ) ;
#2214 = DIRECTION ( 'NONE',  ( 0.000000000000000000, 1.000000000000000000, 0.000000000000000000 ) ) ;
#2215 = CARTESIAN_POINT ( 'NONE',  ( -21.28558483421486969, -11.53914521253883763, 43.85280969941640450 ) ) ;
#2216 = DIRECTION ( 'NONE',  ( -1.000000000000000000, 0.000000000000000000, 0.000000000000000000 ) ) ;
#2217 = EDGE_CURVE ( 'NONE', #3233, #4921, #590, .T. ) ;
#2218 = VECTOR ( 'NONE', #3094, 1000.000000000000000 ) ;
#2219 =( GEOMETRIC_REPRESENTATION_CONTEXT ( 3 ) GLOBAL_UNCERTAINTY_ASSIGNED_CONTEXT ( ( #649 ) ) GLOBAL_UNIT_ASSIGNED_CONTEXT ( ( #5235, #3757, #4757 ) ) REPRESENTATION_CONTEXT ( 'NONE', 'WORKASPACE' ) );
#2220 = ORIENTED_EDGE ( 'NONE', *, *, #3375, .F. ) ;
#2221 = SURFACE_STYLE_FILL_AREA ( #2629 ) ;
#2222 = CARTESIAN_POINT ( 'NONE',  ( 23.46441516578513031, 11.94864390036921975, 45.50000000000000000 ) ) ;
#2223 = CARTESIAN_POINT ( 'NONE',  ( 17.76441516578512747, 10.94864390036924107, 76.50000000000000000 ) ) ;
#2224 =( NAMED_UNIT ( * ) PLANE_ANGLE_UNIT ( ) SI_UNIT ( $, .RADIAN. ) );
#2225 = B_SPLINE_SURFACE_WITH_KNOTS ( 'NONE', 1, 1, ( 
 ( #4892, #4863 ),
 ( #110, #1602 ) ),
 .UNSPECIFIED., .F., .F., .F.,
 ( 2, 2 ),
 ( 2, 2 ),
 ( -1.159999999999999920, 59.15999999999999659 ),
 ( 1.300000000000000044, 37.70000000000000284 ),
 .UNSPECIFIED. ) ;
#2226 = ORIENTED_EDGE ( 'NONE', *, *, #2235, .T. ) ;
#2227 = CARTESIAN_POINT ( 'NONE',  ( 16.21441516578513031, -11.53914521253883763, 39.49999999999999289 ) ) ;
#2228 = DIRECTION ( 'NONE',  ( 0.000000000000000000, -1.000000000000000000, 0.000000000000000000 ) ) ;
#2229 = AXIS2_PLACEMENT_3D ( 'NONE', #3234, #5138, #1817 ) ;
#2230 = DIRECTION ( 'NONE',  ( 0.000000000000000000, -1.000000000000000000, 0.000000000000000000 ) ) ;
#2231 = VECTOR ( 'NONE', #4107, 1000.000000000000000 ) ;
#2232 = SURFACE_SIDE_STYLE ('',( #1266 ) ) ;
#2233 = ORIENTED_EDGE ( 'NONE', *, *, #1418, .T. ) ;
#2234 = FACE_BOUND ( 'NONE', #1969, .T. ) ;
#2235 = EDGE_CURVE ( 'NONE', #1654, #5096, #1689, .T. ) ;
#2236 = SURFACE_STYLE_FILL_AREA ( #1716 ) ;
#2237 = CIRCLE ( 'NONE', #1135, 2.000000000000001776 ) ;
#2238 = DIRECTION ( 'NONE',  ( 0.000000000000000000, 0.000000000000000000, 1.000000000000000000 ) ) ;
#2239 = ORIENTED_EDGE ( 'NONE', *, *, #5237, .T. ) ;
#2240 = EDGE_LOOP ( 'NONE', ( #1999, #5492, #3292, #3471 ) ) ;
#2241 = ORIENTED_EDGE ( 'NONE', *, *, #5844, .T. ) ;
#2242 = AXIS2_PLACEMENT_3D ( 'NONE', #1694, #5600, #3200 ) ;
#2243 = DIRECTION ( 'NONE',  ( 1.000000000000000000, 0.000000000000000000, 0.000000000000000000 ) ) ;
#2244 = DIRECTION ( 'NONE',  ( 0.000000000000000000, 1.000000000000000000, 0.000000000000000000 ) ) ;
#2245 = AXIS2_PLACEMENT_3D ( 'NONE', #131, #1538, #3474 ) ;
#2246 = STYLED_ITEM ( 'NONE', ( #607 ), #1351 ) ;
#2247 = ORIENTED_EDGE ( 'NONE', *, *, #2948, .F. ) ;
#2248 = FILL_AREA_STYLE_COLOUR ( '', #333 ) ;
#2249 = FILL_AREA_STYLE_COLOUR ( '', #3856 ) ;
#2250 =( NAMED_UNIT ( * ) SI_UNIT ( $, .STERADIAN. ) SOLID_ANGLE_UNIT ( ) );
#2251 = MECHANICAL_DESIGN_GEOMETRIC_PRESENTATION_REPRESENTATION (  '', ( #2246 ), #953 ) ;
#2252 = PRESENTATION_STYLE_ASSIGNMENT (( #367 ) ) ;
#2253 = VECTOR ( 'NONE', #3634, 1000.000000000000000 ) ;
#2254 = UNCERTAINTY_MEASURE_WITH_UNIT (LENGTH_MEASURE( 1.000000000000000082E-05 ), #729, 'distance_accuracy_value', 'NONE');
#2255 = ORIENTED_EDGE ( 'NONE', *, *, #4012, .T. ) ;
#2256 = FILL_AREA_STYLE_COLOUR ( '', #1944 ) ;
#2257 = EDGE_CURVE ( 'NONE', #5919, #2406, #1878, .T. ) ;
#2258 = DIRECTION ( 'NONE',  ( 0.000000000000000000, -1.000000000000000000, 0.000000000000000000 ) ) ;
#2259 = CARTESIAN_POINT ( 'NONE',  ( -24.53558483421486969, 7.948643900369239290, 45.50000000000000000 ) ) ;
#2260 = EDGE_CURVE ( 'NONE', #4124, #4093, #2, .T. ) ;
#2261 = CARTESIAN_POINT ( 'NONE',  ( -22.83558483421487040, -8.551356099630758933, 74.50000000000000000 ) ) ;
#2262 = LINE ( 'NONE', #6067, #972 ) ;
#2263 = COLOUR_RGB ( '',1.000000000000000000, 1.000000000000000000, 1.000000000000000000 ) ;
#2264 = FACE_OUTER_BOUND ( 'NONE', #1857, .T. ) ;
#2265 = ORIENTED_EDGE ( 'NONE', *, *, #6146, .T. ) ;
#2266 = ORIENTED_EDGE ( 'NONE', *, *, #3593, .F. ) ;
#2267 =( NAMED_UNIT ( * ) PLANE_ANGLE_UNIT ( ) SI_UNIT ( $, .RADIAN. ) );
#2268 = SURFACE_STYLE_FILL_AREA ( #352 ) ;
#2269 =( LENGTH_UNIT ( ) NAMED_UNIT ( * ) SI_UNIT ( .MILLI., .METRE. ) );
#2270 = MECHANICAL_DESIGN_GEOMETRIC_PRESENTATION_REPRESENTATION (  '', ( #2563 ), #2462 ) ;
#2271 = DIRECTION ( 'NONE',  ( 0.000000000000000000, -1.000000000000000000, 0.000000000000000000 ) ) ;
#2272 = AXIS2_PLACEMENT_3D ( 'NONE', #6034, #3187, #1196 ) ;
#2273 = VERTEX_POINT ( 'NONE', #1464 ) ;
#2274 = ORIENTED_EDGE ( 'NONE', *, *, #994, .F. ) ;
#2275 = SURFACE_SIDE_STYLE ('',( #1722 ) ) ;
#2276 = AXIS2_PLACEMENT_3D ( 'NONE', #5872, #5374, #1123 ) ;
#2277 = COLOUR_RGB ( '',1.000000000000000000, 1.000000000000000000, 1.000000000000000000 ) ;
#2278 = CIRCLE ( 'NONE', #5680, 1.500000000000000000 ) ;
#2279 = ADVANCED_FACE ( 'NONE', ( #2873 ), #1960, .T. ) ;
#2280 = ORIENTED_EDGE ( 'NONE', *, *, #2661, .F. ) ;
#2281 = MECHANICAL_DESIGN_GEOMETRIC_PRESENTATION_REPRESENTATION (  '', ( #4759 ), #3268 ) ;
#2282 = DIRECTION ( 'NONE',  ( 0.000000000000000000, 0.000000000000000000, 1.000000000000000000 ) ) ;
#2283 =( NAMED_UNIT ( * ) PLANE_ANGLE_UNIT ( ) SI_UNIT ( $, .RADIAN. ) );
#2284 = VECTOR ( 'NONE', #5257, 1000.000000000000000 ) ;
#2285 =( NAMED_UNIT ( * ) SI_UNIT ( $, .STERADIAN. ) SOLID_ANGLE_UNIT ( ) );
#2286 = ORIENTED_EDGE ( 'NONE', *, *, #1659, .F. ) ;
#2287 = COLOUR_RGB ( '',1.000000000000000000, 1.000000000000000000, 1.000000000000000000 ) ;
#2288 = DIRECTION ( 'NONE',  ( 1.000000000000000000, 0.000000000000000000, 0.000000000000000000 ) ) ;
#2289 = SURFACE_STYLE_FILL_AREA ( #2197 ) ;
#2290 = SURFACE_STYLE_FILL_AREA ( #1827 ) ;
#2291 = DIRECTION ( 'NONE',  ( 0.000000000000000000, 1.000000000000000000, 0.000000000000000000 ) ) ;
#2292 = SURFACE_SIDE_STYLE ('',( #852 ) ) ;
#2293 = SURFACE_STYLE_FILL_AREA ( #1921 ) ;
#2294 = VECTOR ( 'NONE', #5669, 1000.000000000000000 ) ;
#2295 = EDGE_CURVE ( 'NONE', #4154, #3565, #2262, .T. ) ;
#2296 = CARTESIAN_POINT ( 'NONE',  ( 26.46441516578512676, -9.551356099630760710, 44.50000000000000000 ) ) ;
#2297 = ORIENTED_EDGE ( 'NONE', *, *, #860, .T. ) ;
#2298 = SURFACE_STYLE_FILL_AREA ( #381 ) ;
#2299 = DIRECTION ( 'NONE',  ( 0.000000000000000000, -1.000000000000000000, 0.000000000000000000 ) ) ;
#2300 = SURFACE_SIDE_STYLE ('',( #923 ) ) ;
#2301 = EDGE_CURVE ( 'NONE', #3319, #918, #1491, .T. ) ;
#2302 = ORIENTED_EDGE ( 'NONE', *, *, #4840, .F. ) ;
#2303 = ORIENTED_EDGE ( 'NONE', *, *, #30, .F. ) ;
#2304 =( NAMED_UNIT ( * ) SI_UNIT ( $, .STERADIAN. ) SOLID_ANGLE_UNIT ( ) );
#2305 = CARTESIAN_POINT ( 'NONE',  ( 1.464415165785129647, -8.551356099630758933, 62.00000000000000000 ) ) ;
#2306 = FACE_OUTER_BOUND ( 'NONE', #2735, .T. ) ;
#2307 = CARTESIAN_POINT ( 'NONE',  ( 7.464415165785128536, -2.451356099630760177, 76.50000000000000000 ) ) ;
#2308 = CARTESIAN_POINT ( 'NONE',  ( 14.46441516578513031, 1.348643900369240978, 76.50000000000000000 ) ) ;
#2309 = AXIS2_PLACEMENT_3D ( 'NONE', #3295, #4821, #3875 ) ;
#2310 = FILL_AREA_STYLE_COLOUR ( '', #1950 ) ;
#2311 = CARTESIAN_POINT ( 'NONE',  ( 13.71441516578512854, -10.55135609963075893, 39.49999999999999289 ) ) ;
#2312 = CARTESIAN_POINT ( 'NONE',  ( -24.53558483421486969, -2.051356099630759378, 45.50000000000000000 ) ) ;
#2313 = CARTESIAN_POINT ( 'NONE',  ( -12.53558483421487146, -2.451356099630760177, 74.50000000000000000 ) ) ;
#2314 = EDGE_CURVE ( 'NONE', #5930, #4636, #912, .T. ) ;
#2315 = AXIS2_PLACEMENT_3D ( 'NONE', #4747, #3403, #474 ) ;
#2316 = CARTESIAN_POINT ( 'NONE',  ( -19.53558483421487324, 4.548643900369238935, 76.50000000000000000 ) ) ;
#2317 = ORIENTED_EDGE ( 'NONE', *, *, #2700, .T. ) ;
#2318 = VERTEX_POINT ( 'NONE', #5612 ) ;
#2319 = PRESENTATION_LAYER_ASSIGNMENT (  '', '', ( #1928 ) ) ;
#2320 = FACE_OUTER_BOUND ( 'NONE', #1692, .T. ) ;
#2321 = DIRECTION ( 'NONE',  ( 0.000000000000000000, 0.000000000000000000, -1.000000000000000000 ) ) ;
#2322 = UNCERTAINTY_MEASURE_WITH_UNIT (LENGTH_MEASURE( 1.000000000000000082E-05 ), #486, 'distance_accuracy_value', 'NONE');
#2323 = SURFACE_SIDE_STYLE ('',( #2293 ) ) ;
#2324 = PRESENTATION_LAYER_ASSIGNMENT (  '', '', ( #3994 ) ) ;
#2325 = DIRECTION ( 'NONE',  ( 0.000000000000000000, 1.000000000000000000, 0.000000000000000000 ) ) ;
#2326 = ORIENTED_EDGE ( 'NONE', *, *, #4772, .F. ) ;
#2327 = VERTEX_POINT ( 'NONE', #1330 ) ;
#2328 = STYLED_ITEM ( 'NONE', ( #518 ), #846 ) ;
#2329 =( LENGTH_UNIT ( ) NAMED_UNIT ( * ) SI_UNIT ( .MILLI., .METRE. ) );
#2330 = CIRCLE ( 'NONE', #2524, 1.600000000000000089 ) ;
#2331 = CARTESIAN_POINT ( 'NONE',  ( -4.035584834214870575, -8.551356099630758933, 69.00000000000000000 ) ) ;
#2332 =( GEOMETRIC_REPRESENTATION_CONTEXT ( 3 ) GLOBAL_UNCERTAINTY_ASSIGNED_CONTEXT ( ( #4084 ) ) GLOBAL_UNIT_ASSIGNED_CONTEXT ( ( #50, #484, #5780 ) ) REPRESENTATION_CONTEXT ( 'NONE', 'WORKASPACE' ) );
#2333 = ORIENTED_EDGE ( 'NONE', *, *, #5422, .F. ) ;
#2334 = ORIENTED_EDGE ( 'NONE', *, *, #1619, .F. ) ;
#2335 =( NAMED_UNIT ( * ) SI_UNIT ( $, .STERADIAN. ) SOLID_ANGLE_UNIT ( ) );
#2336 = CARTESIAN_POINT ( 'NONE',  ( 16.21441516578513031, -11.53914521253883763, 43.85280969941640450 ) ) ;
#2337 = DIRECTION ( 'NONE',  ( 0.000000000000000000, -1.000000000000000000, 0.000000000000000000 ) ) ;
#2338 = PRESENTATION_LAYER_ASSIGNMENT (  '', '', ( #1653 ) ) ;
#2339 =( GEOMETRIC_REPRESENTATION_CONTEXT ( 3 ) GLOBAL_UNCERTAINTY_ASSIGNED_CONTEXT ( ( #1715 ) ) GLOBAL_UNIT_ASSIGNED_CONTEXT ( ( #1781, #296, #719 ) ) REPRESENTATION_CONTEXT ( 'NONE', 'WORKASPACE' ) );
#2340 = CARTESIAN_POINT ( 'NONE',  ( -12.53558483421487146, 11.54864390036923893, 74.50000000000000000 ) ) ;
#2341 = LINE ( 'NONE', #4223, #5450 ) ;
#2342 = DIRECTION ( 'NONE',  ( 0.000000000000000000, 1.000000000000000000, 0.000000000000000000 ) ) ;
#2343 = CARTESIAN_POINT ( 'NONE',  ( 2.464415165785129869, -8.551356099630758933, 52.00000000000000000 ) ) ;
#2344 = ORIENTED_EDGE ( 'NONE', *, *, #2520, .F. ) ;
#2345 = ADVANCED_FACE ( 'NONE', ( #3216 ), #913, .T. ) ;
#2346 = PRESENTATION_LAYER_ASSIGNMENT (  '', '', ( #3434 ) ) ;
#2347 = CARTESIAN_POINT ( 'NONE',  ( -18.78558483421487324, -10.55135609963075893, 39.49999999999999289 ) ) ;
#2348 = SURFACE_STYLE_FILL_AREA ( #532 ) ;
#2349 =( NAMED_UNIT ( * ) PLANE_ANGLE_UNIT ( ) SI_UNIT ( $, .RADIAN. ) );
#2350 = SURFACE_STYLE_FILL_AREA ( #856 ) ;
#2351 = ORIENTED_EDGE ( 'NONE', *, *, #4214, .T. ) ;
#2352 = EDGE_CURVE ( 'NONE', #1277, #5961, #2437, .T. ) ;
#2353 = VERTEX_POINT ( 'NONE', #2929 ) ;
#2354 = SURFACE_STYLE_USAGE ( .BOTH. , #4335 ) ;
#2355 = CARTESIAN_POINT ( 'NONE',  ( -4.035584834214862582, -8.551356099630760710, 72.00000000000000000 ) ) ;
#2356 = CARTESIAN_POINT ( 'NONE',  ( -21.53558483421486613, -8.551356099630758933, 52.00000000000000000 ) ) ;
#2357 =( NAMED_UNIT ( * ) SI_UNIT ( $, .STERADIAN. ) SOLID_ANGLE_UNIT ( ) );
#2358 = CARTESIAN_POINT ( 'NONE',  ( -14.53558483421486969, -10.55135609963075893, 45.00000000000000000 ) ) ;
#2359 = ORIENTED_EDGE ( 'NONE', *, *, #698, .T. ) ;
#2360 = MECHANICAL_DESIGN_GEOMETRIC_PRESENTATION_REPRESENTATION (  '', ( #771 ), #2007 ) ;
#2361 = VERTEX_POINT ( 'NONE', #1067 ) ;
#2362 = EDGE_LOOP ( 'NONE', ( #2344, #4394, #3441, #2076 ) ) ;
#2363 = SURFACE_SIDE_STYLE ('',( #452 ) ) ;
#2364 = SURFACE_SIDE_STYLE ('',( #3331 ) ) ;
#2365 = FILL_AREA_STYLE ('',( #2800 ) ) ;
#2366 = AXIS2_PLACEMENT_3D ( 'NONE', #5148, #2291, #4202 ) ;
#2367 = VECTOR ( 'NONE', #5601, 1000.000000000000000 ) ;
#2368 = EDGE_CURVE ( 'NONE', #5143, #4636, #4447, .T. ) ;
#2369 = EDGE_CURVE ( 'NONE', #681, #1016, #4806, .T. ) ;
#2370 = AXIS2_PLACEMENT_3D ( 'NONE', #3030, #2569, #4460 ) ;
#2371 = PRESENTATION_STYLE_ASSIGNMENT (( #4768 ) ) ;
#2372 = DIRECTION ( 'NONE',  ( 0.000000000000000000, -1.000000000000000000, 0.000000000000000000 ) ) ;
#2373 = VERTEX_POINT ( 'NONE', #1920 ) ;
#2374 = EDGE_CURVE ( 'NONE', #3196, #2644, #2840, .T. ) ;
#2375 = COLOUR_RGB ( '',1.000000000000000000, 1.000000000000000000, 1.000000000000000000 ) ;
#2376 = VECTOR ( 'NONE', #3623, 1000.000000000000000 ) ;
#2377 = FACE_BOUND ( 'NONE', #389, .T. ) ;
#2378 = CARTESIAN_POINT ( 'NONE',  ( -24.53558483421487324, 3.948643900369214865, 45.50000000000000000 ) ) ;
#2379 = CARTESIAN_POINT ( 'NONE',  ( 14.46441516578513031, 4.548643900369238935, 76.50000000000000000 ) ) ;
#2380 = CIRCLE ( 'NONE', #1891, 2.000000000000001776 ) ;
#2381 = MECHANICAL_DESIGN_GEOMETRIC_PRESENTATION_REPRESENTATION (  '', ( #587 ), #1795 ) ;
#2382 = EDGE_LOOP ( 'NONE', ( #3744, #924 ) ) ;
#2383 = EDGE_LOOP ( 'NONE', ( #4678, #5162, #793, #2664 ) ) ;
#2384 = CARTESIAN_POINT ( 'NONE',  ( -22.83558483421487040, 11.37864390036924256, 43.38000000000000256 ) ) ;
#2385 = VECTOR ( 'NONE', #220, 1000.000000000000000 ) ;
#2386 = DIRECTION ( 'NONE',  ( 1.000000000000000000, 0.000000000000000000, 0.000000000000000000 ) ) ;
#2387 = EDGE_CURVE ( 'NONE', #1100, #1885, #6157, .T. ) ;
#2388 =( LENGTH_UNIT ( ) NAMED_UNIT ( * ) SI_UNIT ( .MILLI., .METRE. ) );
#2389 =( BOUNDED_SURFACE ( )  B_SPLINE_SURFACE ( 1, 3, ( 
 ( #1948, #3820, #4321, #5750 ),
 ( #2430, #1973, #519, #5783 ) ),
 .UNSPECIFIED., .F., .F., .T. ) 
 B_SPLINE_SURFACE_WITH_KNOTS ( ( 2, 2 ),
 ( 4, 4 ),
 ( 0.04162577848936815234, 0.9583742215106310081 ),
 ( 0.000000000000000000, 1.000000000000000000 ),
 .UNSPECIFIED. ) 
 GEOMETRIC_REPRESENTATION_ITEM ( )  RATIONAL_B_SPLINE_SURFACE ( (
 ( 1.000000000000000000, 0.3333333333333329818, 0.3333333333333329818, 1.000000000000000000),
 ( 1.000000000000000000, 0.3333333333333329818, 0.3333333333333329818, 1.000000000000000000) ) ) 
 REPRESENTATION_ITEM ( '' )  SURFACE ( )  );
#2390 = VERTEX_POINT ( 'NONE', #566 ) ;
#2391 = ORIENTED_EDGE ( 'NONE', *, *, #3338, .T. ) ;
#2392 = FILL_AREA_STYLE_COLOUR ( '', #3881 ) ;
#2393 = CARTESIAN_POINT ( 'NONE',  ( -28.53558483421486613, -10.55135609963075893, 52.00000000000000000 ) ) ;
#2394 = CARTESIAN_POINT ( 'NONE',  ( -22.83558483421487040, -8.551356099630758933, 49.49999999999999289 ) ) ;
#2395 = ADVANCED_FACE ( 'NONE', ( #1488 ), #3056, .T. ) ;
#2396 = DIRECTION ( 'NONE',  ( 0.000000000000000000, 0.000000000000000000, -1.000000000000000000 ) ) ;
#2397 = CARTESIAN_POINT ( 'NONE',  ( -22.83558483421487040, -9.551356099630760710, 43.50000000000000000 ) ) ;
#2398 = CARTESIAN_POINT ( 'NONE',  ( -24.53558483421487324, -8.551356099630760710, 47.99999999999999289 ) ) ;
#2399 = EDGE_CURVE ( 'NONE', #4786, #2390, #2567, .T. ) ;
#2400 = CARTESIAN_POINT ( 'NONE',  ( -1.035584834214865024, -8.551356099630760710, 52.00000000000000000 ) ) ;
#2401 = FILL_AREA_STYLE ('',( #487 ) ) ;
#2402 = CARTESIAN_POINT ( 'NONE',  ( 7.464415165785128536, 1.348643900369240978, 76.50000000000000000 ) ) ;
#2403 = CARTESIAN_POINT ( 'NONE',  ( -24.53558483421487324, -6.051356099630770480, 43.49999999999999289 ) ) ;
#2404 = CARTESIAN_POINT ( 'NONE',  ( -12.53558483421487146, 1.348643900369240978, 74.50000000000000000 ) ) ;
#2405 = STYLED_ITEM ( 'NONE', ( #2142 ), #3493 ) ;
#2406 = VERTEX_POINT ( 'NONE', #3582 ) ;
#2407 = ORIENTED_EDGE ( 'NONE', *, *, #1549, .T. ) ;
#2408 = VECTOR ( 'NONE', #5133, 1000.000000000000000 ) ;
#2409 = SURFACE_STYLE_FILL_AREA ( #497 ) ;
#2410 = LINE ( 'NONE', #1649, #2218 ) ;
#2411 = FILL_AREA_STYLE ('',( #500 ) ) ;
#2412 = VECTOR ( 'NONE', #2761, 1000.000000000000000 ) ;
#2413 = FACE_BOUND ( 'NONE', #7, .T. ) ;
#2414 = CARTESIAN_POINT ( 'NONE',  ( -28.53558483421486613, 7.948643900369239290, 43.50000000000000000 ) ) ;
#2415 = ORIENTED_EDGE ( 'NONE', *, *, #5863, .T. ) ;
#2416 = ORIENTED_EDGE ( 'NONE', *, *, #4959, .T. ) ;
#2417 = VERTEX_POINT ( 'NONE', #2527 ) ;
#2418 = STYLED_ITEM ( 'NONE', ( #3018 ), #4279 ) ;
#2419 = EDGE_CURVE ( 'NONE', #2809, #4346, #1609, .T. ) ;
#2420 = SURFACE_STYLE_USAGE ( .BOTH. , #2364 ) ;
#2421 = MECHANICAL_DESIGN_GEOMETRIC_PRESENTATION_REPRESENTATION (  '', ( #2328 ), #4301 ) ;
#2422 = LINE ( 'NONE', #45, #3104 ) ;
#2423 = MECHANICAL_DESIGN_GEOMETRIC_PRESENTATION_REPRESENTATION (  '', ( #1643 ), #5418 ) ;
#2424 = EDGE_LOOP ( 'NONE', ( #1894, #5023, #4470, #908 ) ) ;
#2425 = SURFACE_STYLE_USAGE ( .BOTH. , #5267 ) ;
#2426 = UNCERTAINTY_MEASURE_WITH_UNIT (LENGTH_MEASURE( 1.000000000000000082E-05 ), #72, 'distance_accuracy_value', 'NONE');
#2427 = FACE_OUTER_BOUND ( 'NONE', #2053, .T. ) ;
#2428 = PRESENTATION_LAYER_ASSIGNMENT (  '', '', ( #1946 ) ) ;
#2429 = SURFACE_STYLE_FILL_AREA ( #2885 ) ;
#2430 = CARTESIAN_POINT ( 'NONE',  ( -14.53558483421486969, -8.551356099630758933, 59.00000000000000000 ) ) ;
#2431 = CARTESIAN_POINT ( 'NONE',  ( -2.735584834214858763, 1.348643900369237647, 74.49999999999998579 ) ) ;
#2432 = VERTEX_POINT ( 'NONE', #5442 ) ;
#2433 =( GEOMETRIC_REPRESENTATION_CONTEXT ( 3 ) GLOBAL_UNCERTAINTY_ASSIGNED_CONTEXT ( ( #5016 ) ) GLOBAL_UNIT_ASSIGNED_CONTEXT ( ( #5086, #2715, #725 ) ) REPRESENTATION_CONTEXT ( 'NONE', 'WORKASPACE' ) );
#2434 = FILL_AREA_STYLE_COLOUR ( '', #3569 ) ;
#2435 = CARTESIAN_POINT ( 'NONE',  ( -26.33558483421486685, 14.44864390036923751, 43.50000000000000000 ) ) ;
#2436 = CIRCLE ( 'NONE', #3127, 1.499999999999999556 ) ;
#2437 = LINE ( 'NONE', #4295, #78 ) ;
#2438 = CARTESIAN_POINT ( 'NONE',  ( -22.83558483421487040, 10.88864390036923702, 76.50000000000000000 ) ) ;
#2439 = CARTESIAN_POINT ( 'NONE',  ( -31.53558483421485192, 12.99889643206342527, 43.50000000000000000 ) ) ;
#2440 = ORIENTED_EDGE ( 'NONE', *, *, #3673, .F. ) ;
#2441 = EDGE_CURVE ( 'NONE', #987, #5595, #5510, .T. ) ;
#2442 = ADVANCED_FACE ( 'NONE', ( #2597 ), #3222, .T. ) ;
#2443 =( BOUNDED_SURFACE ( )  B_SPLINE_SURFACE ( 1, 3, ( 
 ( #3899, #5419, #3036, #1622 ),
 ( #5830, #4948, #672, #5920 ) ),
 .UNSPECIFIED., .F., .F., .T. ) 
 B_SPLINE_SURFACE_WITH_KNOTS ( ( 2, 2 ),
 ( 4, 4 ),
 ( 0.04162577848936815234, 0.9583742215106310081 ),
 ( 0.000000000000000000, 1.000000000000000000 ),
 .UNSPECIFIED. ) 
 GEOMETRIC_REPRESENTATION_ITEM ( )  RATIONAL_B_SPLINE_SURFACE ( (
 ( 1.000000000000000000, 0.3333333333333335369, 0.3333333333333335369, 1.000000000000000000),
 ( 1.000000000000000000, 0.3333333333333335369, 0.3333333333333335369, 1.000000000000000000) ) ) 
 REPRESENTATION_ITEM ( '' )  SURFACE ( )  );
#2444 = FACE_OUTER_BOUND ( 'NONE', #5411, .T. ) ;
#2445 = CARTESIAN_POINT ( 'NONE',  ( 16.21441516578513031, -10.55135609963075893, 41.99999999999999289 ) ) ;
#2446 = PRESENTATION_LAYER_ASSIGNMENT (  '', '', ( #656 ) ) ;
#2447 = VECTOR ( 'NONE', #5327, 1000.000000000000000 ) ;
#2448 = DIRECTION ( 'NONE',  ( 1.000000000000000000, 0.000000000000000000, 0.000000000000000000 ) ) ;
#2449 = ORIENTED_EDGE ( 'NONE', *, *, #1904, .T. ) ;
#2450 = CARTESIAN_POINT ( 'NONE',  ( -8.035584834214871464, -10.55135609963075893, 62.00000000000000000 ) ) ;
#2451 = VERTEX_POINT ( 'NONE', #4010 ) ;
#2452 = ORIENTED_EDGE ( 'NONE', *, *, #2108, .F. ) ;
#2453 = ORIENTED_EDGE ( 'NONE', *, *, #31, .F. ) ;
#2454 = CIRCLE ( 'NONE', #4427, 1.599999999999999867 ) ;
#2455 = SURFACE_STYLE_USAGE ( .BOTH. , #4916 ) ;
#2456 = DIRECTION ( 'NONE',  ( 1.000000000000000000, 0.000000000000000000, 0.000000000000000000 ) ) ;
#2457 = ORIENTED_EDGE ( 'NONE', *, *, #5076, .F. ) ;
#2458 = FILL_AREA_STYLE ('',( #2001 ) ) ;
#2459 = CIRCLE ( 'NONE', #4341, 1.599999999999999867 ) ;
#2460 = SURFACE_SIDE_STYLE ('',( #651 ) ) ;
#2461 = CARTESIAN_POINT ( 'NONE',  ( -24.53558483421486969, -10.55135609963075893, 62.00000000000000000 ) ) ;
#2462 =( GEOMETRIC_REPRESENTATION_CONTEXT ( 3 ) GLOBAL_UNCERTAINTY_ASSIGNED_CONTEXT ( ( #623 ) ) GLOBAL_UNIT_ASSIGNED_CONTEXT ( ( #6044, #353, #2357 ) ) REPRESENTATION_CONTEXT ( 'NONE', 'WORKASPACE' ) );
#2463 = EDGE_CURVE ( 'NONE', #6102, #1417, #3063, .T. ) ;
#2464 = STYLED_ITEM ( 'NONE', ( #2466 ), #2099 ) ;
#2465 = VECTOR ( 'NONE', #5481, 1000.000000000000000 ) ;
#2466 = PRESENTATION_STYLE_ASSIGNMENT (( #1887 ) ) ;
#2467 = CARTESIAN_POINT ( 'NONE',  ( 9.464415165785130313, -10.55135609963074650, 62.00000000000000711 ) ) ;
#2468 = SURFACE_STYLE_FILL_AREA ( #4934 ) ;
#2469 = PRESENTATION_STYLE_ASSIGNMENT (( #5277 ) ) ;
#2470 = CARTESIAN_POINT ( 'NONE',  ( 19.46441516578513031, -8.551356099630760710, 47.99999999999999289 ) ) ;
#2471 = DIRECTION ( 'NONE',  ( 0.000000000000000000, 1.000000000000000000, 0.000000000000000000 ) ) ;
#2472 = EDGE_CURVE ( 'NONE', #3803, #5696, #3462, .T. ) ;
#2473 = STYLED_ITEM ( 'NONE', ( #4999 ), #2442 ) ;
#2474 = VECTOR ( 'NONE', #3349, 1000.000000000000000 ) ;
#2475 = EDGE_LOOP ( 'NONE', ( #5826, #3278, #4205, #3190 ) ) ;
#2476 = SURFACE_SIDE_STYLE ('',( #4016 ) ) ;
#2477 = PRESENTATION_STYLE_ASSIGNMENT (( #1614 ) ) ;
#2478 = VECTOR ( 'NONE', #686, 1000.000000000000000 ) ;
#2479 = CARTESIAN_POINT ( 'NONE',  ( -31.53558483421486969, 11.37864390036924256, 68.48999999999999488 ) ) ;
#2480 = CARTESIAN_POINT ( 'NONE',  ( -31.53558483421486969, -8.551356099630758933, 68.00000000000000000 ) ) ;
#2481 = ADVANCED_FACE ( 'NONE', ( #4935 ), #496, .T. ) ;
#2482 = DIRECTION ( 'NONE',  ( 0.000000000000000000, 0.000000000000000000, -1.000000000000000000 ) ) ;
#2483 = CARTESIAN_POINT ( 'NONE',  ( -8.035584834214878569, -8.551356099630766039, 59.00000000000000000 ) ) ;
#2484 = ORIENTED_EDGE ( 'NONE', *, *, #5140, .F. ) ;
#2485 =( GEOMETRIC_REPRESENTATION_CONTEXT ( 3 ) GLOBAL_UNCERTAINTY_ASSIGNED_CONTEXT ( ( #5062 ) ) GLOBAL_UNIT_ASSIGNED_CONTEXT ( ( #18, #5781, #5897 ) ) REPRESENTATION_CONTEXT ( 'NONE', 'WORKASPACE' ) );
#2486 = ORIENTED_EDGE ( 'NONE', *, *, #6181, .T. ) ;
#2487 = STYLED_ITEM ( 'NONE', ( #4235 ), #418 ) ;
#2488 = DIRECTION ( 'NONE',  ( 1.000000000000000000, 0.000000000000000000, 0.000000000000000000 ) ) ;
#2489 = CARTESIAN_POINT ( 'NONE',  ( -18.78558483421487324, -8.551356099630758933, 39.49999999999999289 ) ) ;
#2490 = ORIENTED_EDGE ( 'NONE', *, *, #5363, .F. ) ;
#2491 = ORIENTED_EDGE ( 'NONE', *, *, #3650, .F. ) ;
#2492 = SURFACE_SIDE_STYLE ('',( #6094 ) ) ;
#2493 = CARTESIAN_POINT ( 'NONE',  ( 1.464415165785129647, -10.55135609963075893, 62.00000000000000000 ) ) ;
#2494 = CARTESIAN_POINT ( 'NONE',  ( -4.035584834214862582, -10.55135609963076604, 66.00000000000001421 ) ) ;
#2495 = CARTESIAN_POINT ( 'NONE',  ( 17.76441516578512747, -8.551356099630758933, 70.50000000000000000 ) ) ;
#2496 = SURFACE_STYLE_FILL_AREA ( #5400 ) ;
#2497 = ORIENTED_EDGE ( 'NONE', *, *, #1267, .T. ) ;
#2498 = UNCERTAINTY_MEASURE_WITH_UNIT (LENGTH_MEASURE( 1.000000000000000082E-05 ), #3377, 'distance_accuracy_value', 'NONE');
#2499 = EDGE_CURVE ( 'NONE', #1966, #2645, #2746, .T. ) ;
#2500 = CARTESIAN_POINT ( 'NONE',  ( -22.83558483421487040, -8.539145212538837626, 70.50000000000000000 ) ) ;
#2501 =( LENGTH_UNIT ( ) NAMED_UNIT ( * ) SI_UNIT ( .MILLI., .METRE. ) );
#2502 = AXIS2_PLACEMENT_3D ( 'NONE', #3148, #6024, #1289 ) ;
#2503 = ORIENTED_EDGE ( 'NONE', *, *, #5193, .T. ) ;
#2504 = FACE_OUTER_BOUND ( 'NONE', #2823, .T. ) ;
#2505 = SURFACE_SIDE_STYLE ('',( #1560 ) ) ;
#2506 = CARTESIAN_POINT ( 'NONE',  ( -17.03558483421486969, -8.551356099630758933, 52.00000000000000000 ) ) ;
#2507 = DIRECTION ( 'NONE',  ( 0.000000000000000000, 0.000000000000000000, -1.000000000000000000 ) ) ;
#2508 = CARTESIAN_POINT ( 'NONE',  ( -31.53558483421486969, -10.98135609963076043, 68.48999999999999488 ) ) ;
#2509 = VECTOR ( 'NONE', #5401, 1000.000000000000000 ) ;
#2510 = CARTESIAN_POINT ( 'NONE',  ( 21.46441516578513031, -8.551356099630758933, 62.00000000000000000 ) ) ;
#2511 = EDGE_LOOP ( 'NONE', ( #4273, #4316, #5189, #878 ) ) ;
#2512 = ORIENTED_EDGE ( 'NONE', *, *, #5697, .F. ) ;
#2513 = ORIENTED_EDGE ( 'NONE', *, *, #611, .F. ) ;
#2514 = SURFACE_SIDE_STYLE ('',( #2980 ) ) ;
#2515 = CARTESIAN_POINT ( 'NONE',  ( -0.5355848342148695762, -8.551356099630760710, 49.00000000000000000 ) ) ;
#2516 = CIRCLE ( 'NONE', #3599, 1.600000000000000089 ) ;
#2517 = CARTESIAN_POINT ( 'NONE',  ( -12.53558483421487146, -5.651356099630762131, 74.50000000000000000 ) ) ;
#2518 = CARTESIAN_POINT ( 'NONE',  ( 11.26441516578512925, 1.348643900369237647, 74.49999999999998579 ) ) ;
#2519 = VERTEX_POINT ( 'NONE', #2312 ) ;
#2520 = EDGE_CURVE ( 'NONE', #1083, #4093, #3671, .T. ) ;
#2521 = LINE ( 'NONE', #5024, #1838 ) ;
#2522 = ADVANCED_FACE ( 'NONE', ( #4676 ), #5599, .T. ) ;
#2523 = STYLED_ITEM ( 'NONE', ( #485 ), #808 ) ;
#2524 = AXIS2_PLACEMENT_3D ( 'NONE', #5562, #5157, #5672 ) ;
#2525 = CARTESIAN_POINT ( 'NONE',  ( -6.035584834214870575, -10.55135609963075893, 52.00000000000000000 ) ) ;
#2526 = CARTESIAN_POINT ( 'NONE',  ( 22.96441516578513031, 14.44864390036923751, 43.50000000000000000 ) ) ;
#2527 = CARTESIAN_POINT ( 'NONE',  ( -4.035584834214870575, -10.55135609963075893, 69.00000000000000000 ) ) ;
#2528 = STYLED_ITEM ( 'NONE', ( #243 ), #4882 ) ;
#2529 = CARTESIAN_POINT ( 'NONE',  ( 19.46441516578513031, 3.948643900369214865, 43.49999999999999289 ) ) ;
#2530 = VERTEX_POINT ( 'NONE', #4195 ) ;
#2531 =( GEOMETRIC_REPRESENTATION_CONTEXT ( 3 ) GLOBAL_UNCERTAINTY_ASSIGNED_CONTEXT ( ( #1272 ) ) GLOBAL_UNIT_ASSIGNED_CONTEXT ( ( #4347, #4826, #5810 ) ) REPRESENTATION_CONTEXT ( 'NONE', 'WORKASPACE' ) );
#2532 = DIRECTION ( 'NONE',  ( 0.000000000000000000, 1.000000000000000000, 0.000000000000000000 ) ) ;
#2533 = CARTESIAN_POINT ( 'NONE',  ( -31.53558483421486969, -9.551356099630760710, 43.50000000000000000 ) ) ;
#2534 = FACE_BOUND ( 'NONE', #151, .T. ) ;
#2535 = DIRECTION ( 'NONE',  ( 0.000000000000000000, 0.000000000000000000, 1.000000000000000000 ) ) ;
#2536 = CARTESIAN_POINT ( 'NONE',  ( -26.53558483421487324, -10.55135609963075893, 62.00000000000000000 ) ) ;
#2537 = CARTESIAN_POINT ( 'NONE',  ( -24.53558483421486969, -8.551356099630758933, 52.00000000000000000 ) ) ;
#2538 = EDGE_CURVE ( 'NONE', #5696, #2652, #5139, .T. ) ;
#2539 = ORIENTED_EDGE ( 'NONE', *, *, #1600, .T. ) ;
#2540 = ORIENTED_EDGE ( 'NONE', *, *, #3388, .T. ) ;
#2542 = CARTESIAN_POINT ( 'NONE',  ( -28.53558483421483061, 11.94864390036921975, 43.49999999999999289 ) ) ;
#2541 = AXIS2_PLACEMENT_3D ( 'NONE', #304, #3236, #5141 ) ;
#2543 = DIRECTION ( 'NONE',  ( 0.000000000000000000, -1.000000000000000000, 0.000000000000000000 ) ) ;
#2544 = CARTESIAN_POINT ( 'NONE',  ( -28.53558483421486613, -10.55135609963075893, 62.00000000000000000 ) ) ;
#2545 = AXIS2_PLACEMENT_3D ( 'NONE', #1696, #5105, #2741 ) ;
#2546 = DIRECTION ( 'NONE',  ( 0.000000000000000000, -1.000000000000000000, 0.000000000000000000 ) ) ;
#2547 = ORIENTED_EDGE ( 'NONE', *, *, #517, .T. ) ;
#2548 = FILL_AREA_STYLE ('',( #201 ) ) ;
#2549 = CARTESIAN_POINT ( 'NONE',  ( -22.83558483421487040, 11.31744390036923775, 76.61999999999999034 ) ) ;
#2550 = DIRECTION ( 'NONE',  ( 1.000000000000000000, 0.000000000000000000, 0.000000000000000000 ) ) ;
#2551 = FILL_AREA_STYLE_COLOUR ( '', #3830 ) ;
#2552 = CIRCLE ( 'NONE', #5347, 1.600000000000000089 ) ;
#2553 = DIRECTION ( 'NONE',  ( 0.000000000000000000, 1.000000000000000000, 0.000000000000000000 ) ) ;
#2554 = EDGE_CURVE ( 'NONE', #3745, #2530, #2717, .T. ) ;
#2555 = EDGE_CURVE ( 'NONE', #5761, #5143, #4588, .T. ) ;
#2556 = VECTOR ( 'NONE', #2697, 1000.000000000000000 ) ;
#2557 = UNCERTAINTY_MEASURE_WITH_UNIT (LENGTH_MEASURE( 1.000000000000000082E-05 ), #2269, 'distance_accuracy_value', 'NONE');
#2558 = FILL_AREA_STYLE ('',( #2095 ) ) ;
#2559 =( NAMED_UNIT ( * ) PLANE_ANGLE_UNIT ( ) SI_UNIT ( $, .RADIAN. ) );
#2560 = SURFACE_SIDE_STYLE ('',( #2040 ) ) ;
#2561 = EDGE_CURVE ( 'NONE', #638, #4085, #5576, .T. ) ;
#2562 = ORIENTED_EDGE ( 'NONE', *, *, #3783, .T. ) ;
#2563 = STYLED_ITEM ( 'NONE', ( #2025 ), #2911 ) ;
#2564 = CARTESIAN_POINT ( 'NONE',  ( 26.46441516578512676, 10.94864390036924107, 43.50000000000000000 ) ) ;
#2565 = FACE_BOUND ( 'NONE', #826, .T. ) ;
#2566 = LINE ( 'NONE', #666, #5907 ) ;
#2567 = CIRCLE ( 'NONE', #580, 3.499999999999999556 ) ;
#2568 = FACE_OUTER_BOUND ( 'NONE', #6152, .T. ) ;
#2569 = DIRECTION ( 'NONE',  ( 0.000000000000000000, 1.000000000000000000, 0.000000000000000000 ) ) ;
#2570 =( LENGTH_UNIT ( ) NAMED_UNIT ( * ) SI_UNIT ( .MILLI., .METRE. ) );
#2571 = EDGE_LOOP ( 'NONE', ( #975, #4663, #41, #1968 ) ) ;
#2572 = EDGE_LOOP ( 'NONE', ( #1225, #4057, #3229, #1794 ) ) ;
#2573 = VECTOR ( 'NONE', #6119, 1000.000000000000000 ) ;
#2574 = AXIS2_PLACEMENT_3D ( 'NONE', #3130, #292, #2206 ) ;
#2575 =( LENGTH_UNIT ( ) NAMED_UNIT ( * ) SI_UNIT ( .MILLI., .METRE. ) );
#2576 = EDGE_CURVE ( 'NONE', #1811, #2530, #3660, .T. ) ;
#2577 = CARTESIAN_POINT ( 'NONE',  ( -22.83558483421488106, 12.97404361832104058, 74.49999999999998579 ) ) ;
#2578 = UNCERTAINTY_MEASURE_WITH_UNIT (LENGTH_MEASURE( 1.000000000000000082E-05 ), #3522, 'distance_accuracy_value', 'NONE');
#2579 =( LENGTH_UNIT ( ) NAMED_UNIT ( * ) SI_UNIT ( .MILLI., .METRE. ) );
#2580 = PRESENTATION_LAYER_ASSIGNMENT (  '', '', ( #4568 ) ) ;
#2581 = EDGE_LOOP ( 'NONE', ( #807, #1416 ) ) ;
#2582 = EDGE_LOOP ( 'NONE', ( #2280, #3866 ) ) ;
#2583 = COLOUR_RGB ( '',1.000000000000000000, 1.000000000000000000, 1.000000000000000000 ) ;
#2584 = ORIENTED_EDGE ( 'NONE', *, *, #2012, .T. ) ;
#2585 = UNCERTAINTY_MEASURE_WITH_UNIT (LENGTH_MEASURE( 1.000000000000000082E-05 ), #366, 'distance_accuracy_value', 'NONE');
#2586 = CARTESIAN_POINT ( 'NONE',  ( 17.64041516578512869, -10.64216787860075897, 70.50000000000000000 ) ) ;
#2587 = PRESENTATION_STYLE_ASSIGNMENT (( #1695 ) ) ;
#2588 = SURFACE_SIDE_STYLE ('',( #3939 ) ) ;
#2589 = PLANE ( 'NONE',  #4033 ) ;
#2590 = PRESENTATION_LAYER_ASSIGNMENT (  '', '', ( #1699 ) ) ;
#2591 = CARTESIAN_POINT ( 'NONE',  ( -5.535584834214870575, 2.948643900369238402, 76.50000000000000000 ) ) ;
#2592 =( BOUNDED_SURFACE ( )  B_SPLINE_SURFACE ( 1, 3, ( 
 ( #3776, #346, #4233, #3682 ),
 ( #3161, #313, #6037, #1773 ) ),
 .UNSPECIFIED., .F., .F., .T. ) 
 B_SPLINE_SURFACE_WITH_KNOTS ( ( 2, 2 ),
 ( 4, 4 ),
 ( 0.04162577849020974996, 0.9583742215097900141 ),
 ( 0.000000000000000000, 1.000000000000000000 ),
 .UNSPECIFIED. ) 
 GEOMETRIC_REPRESENTATION_ITEM ( )  RATIONAL_B_SPLINE_SURFACE ( (
 ( 1.000000000000000000, 0.3333333333333335369, 0.3333333333333335369, 1.000000000000000000),
 ( 1.000000000000000000, 0.3333333333333335369, 0.3333333333333335369, 1.000000000000000000) ) ) 
 REPRESENTATION_ITEM ( '' )  SURFACE ( )  );
#2593 = B_SPLINE_SURFACE_WITH_KNOTS ( 'NONE', 1, 1, ( 
 ( #4364, #2015 ),
 ( #950, #471 ) ),
 .UNSPECIFIED., .F., .F., .F.,
 ( 2, 2 ),
 ( 2, 2 ),
 ( -0.09081177897167000412, 1.640811778972000035 ),
 ( -0.09081177897167000412, 2.090811778971999768 ),
 .UNSPECIFIED. ) ;
#2594 = CARTESIAN_POINT ( 'NONE',  ( 7.464415165785128536, -2.451356099630760177, 76.50000000000000000 ) ) ;
#2595 = SURFACE_SIDE_STYLE ('',( #658 ) ) ;
#2596 = CARTESIAN_POINT ( 'NONE',  ( 14.36441516578513067, -10.64216787860075897, 39.49999999999999289 ) ) ;
#2597 = FACE_OUTER_BOUND ( 'NONE', #4212, .T. ) ;
#2598 = FILL_AREA_STYLE ('',( #3973 ) ) ;
#2599 = CARTESIAN_POINT ( 'NONE',  ( 23.46441516578515873, -10.55135609963074650, 66.00000000000001421 ) ) ;
#2600 = CARTESIAN_POINT ( 'NONE',  ( -4.535584834214871464, -10.55135609963075893, 52.00000000000000000 ) ) ;
#2601 = DIRECTION ( 'NONE',  ( 1.000000000000000000, 0.000000000000000000, 0.000000000000000000 ) ) ;
#2602 =( LENGTH_UNIT ( ) NAMED_UNIT ( * ) SI_UNIT ( .MILLI., .METRE. ) );
#2603 =( NAMED_UNIT ( * ) SI_UNIT ( $, .STERADIAN. ) SOLID_ANGLE_UNIT ( ) );
#2604 = VECTOR ( 'NONE', #1039, 1000.000000000000000 ) ;
#2605 = CARTESIAN_POINT ( 'NONE',  ( 19.46441516578511255, 1.948643900369238846, 45.50000000000000000 ) ) ;
#2606 = ORIENTED_EDGE ( 'NONE', *, *, #2100, .T. ) ;
#2607 = CARTESIAN_POINT ( 'NONE',  ( -28.53558483421483061, 11.94864390036921975, 45.50000000000000000 ) ) ;
#2608 = DIRECTION ( 'NONE',  ( 0.000000000000000000, 1.000000000000000000, 0.000000000000000000 ) ) ;
#2609 = CARTESIAN_POINT ( 'NONE',  ( -21.28558483421487324, -8.551356099630758933, 41.99999999999999289 ) ) ;
#2610 = PRESENTATION_LAYER_ASSIGNMENT (  '', '', ( #4389 ) ) ;
#2611 = FILL_AREA_STYLE_COLOUR ( '', #4343 ) ;
#2612 =( NAMED_UNIT ( * ) SI_UNIT ( $, .STERADIAN. ) SOLID_ANGLE_UNIT ( ) );
#2613 = ORIENTED_EDGE ( 'NONE', *, *, #1883, .F. ) ;
#2614 = EDGE_LOOP ( 'NONE', ( #2440, #5289 ) ) ;
#2615 = ADVANCED_FACE ( 'NONE', ( #1291 ), #3690, .T. ) ;
#2616 = EDGE_LOOP ( 'NONE', ( #1832, #579 ) ) ;
#2617 = MECHANICAL_DESIGN_GEOMETRIC_PRESENTATION_REPRESENTATION (  '', ( #5405 ), #1221 ) ;
#2618 = LINE ( 'NONE', #3450, #4510 ) ;
#2619 = FACE_BOUND ( 'NONE', #5388, .T. ) ;
#2620 = LINE ( 'NONE', #142, #574 ) ;
#2621 = B_SPLINE_SURFACE_WITH_KNOTS ( 'NONE', 1, 1, ( 
 ( #5195, #382 ),
 ( #3778, #2384 ) ),
 .UNSPECIFIED., .F., .F., .F.,
 ( 2, 2 ),
 ( 2, 2 ),
 ( -0.1199999999999999956, 6.120000000000000107 ),
 ( -0.4299999999999999933, 21.92999999999999972 ),
 .UNSPECIFIED. ) ;
#2622 = CARTESIAN_POINT ( 'NONE',  ( -9.035584834214869687, -10.55135609963076604, 59.99999999999999289 ) ) ;
#2623 = DIRECTION ( 'NONE',  ( 1.000000000000000000, 0.000000000000000000, 0.000000000000000000 ) ) ;
#2624 = CARTESIAN_POINT ( 'NONE',  ( 7.964415165785129425, -8.551356099630758933, 52.00000000000000000 ) ) ;
#2625 = EDGE_CURVE ( 'NONE', #1415, #4885, #5784, .T. ) ;
#2626 = AXIS2_PLACEMENT_3D ( 'NONE', #206, #4007, #2831 ) ;
#2627 = STYLED_ITEM ( 'NONE', ( #1959 ), #4486 ) ;
#2628 = CARTESIAN_POINT ( 'NONE',  ( 1.464415165785123651, -8.551356099630760710, 70.00000000000000000 ) ) ;
#2629 = FILL_AREA_STYLE ('',( #4550 ) ) ;
#2630 = FILL_AREA_STYLE_COLOUR ( '', #4059 ) ;
#2631 = FILL_AREA_STYLE ('',( #4047 ) ) ;
#2632 = CIRCLE ( 'NONE', #837, 1.599999999999999867 ) ;
#2633 = DIRECTION ( 'NONE',  ( 0.000000000000000000, 0.000000000000000000, 1.000000000000000000 ) ) ;
#2634 =( BOUNDED_SURFACE ( )  B_SPLINE_SURFACE ( 1, 3, ( 
 ( #3475, #2946, #4917, #2544 ),
 ( #582, #1714, #4030, #4504 ) ),
 .UNSPECIFIED., .F., .F., .T. ) 
 B_SPLINE_SURFACE_WITH_KNOTS ( ( 2, 2 ),
 ( 4, 4 ),
 ( 0.04162577848936815234, 0.9583742215106310081 ),
 ( 0.000000000000000000, 1.000000000000000000 ),
 .UNSPECIFIED. ) 
 GEOMETRIC_REPRESENTATION_ITEM ( )  RATIONAL_B_SPLINE_SURFACE ( (
 ( 1.000000000000000000, 0.3333333333333329818, 0.3333333333333329818, 1.000000000000000000),
 ( 1.000000000000000000, 0.3333333333333329818, 0.3333333333333329818, 1.000000000000000000) ) ) 
 REPRESENTATION_ITEM ( '' )  SURFACE ( )  );
#2635 = STYLED_ITEM ( 'NONE', ( #5871 ), #4784 ) ;
#2636 = VECTOR ( 'NONE', #809, 1000.000000000000000 ) ;
#2637 = CARTESIAN_POINT ( 'NONE',  ( 16.21441516578513031, -8.539145212538837626, 39.49999999999999289 ) ) ;
#2638 =( NAMED_UNIT ( * ) SI_UNIT ( $, .STERADIAN. ) SOLID_ANGLE_UNIT ( ) );
#2639 = VECTOR ( 'NONE', #4932, 1000.000000000000000 ) ;
#2640 = CARTESIAN_POINT ( 'NONE',  ( -22.83558483421488106, 12.99889643206342527, 45.50000000000000000 ) ) ;
#2641 = ADVANCED_FACE ( 'NONE', ( #3855 ), #3420, .T. ) ;
#2642 = FILL_AREA_STYLE_COLOUR ( '', #1606 ) ;
#2643 = VECTOR ( 'NONE', #6112, 1000.000000000000000 ) ;
#2644 = VERTEX_POINT ( 'NONE', #5302 ) ;
#2645 = VERTEX_POINT ( 'NONE', #2340 ) ;
#2646 = CARTESIAN_POINT ( 'NONE',  ( 2.464415165785128981, -10.55135609963076604, 49.00000000000000000 ) ) ;
#2647 =( LENGTH_UNIT ( ) NAMED_UNIT ( * ) SI_UNIT ( .MILLI., .METRE. ) );
#2648 = CIRCLE ( 'NONE', #2833, 1.500000000000000000 ) ;
#2649 = UNCERTAINTY_MEASURE_WITH_UNIT (LENGTH_MEASURE( 1.000000000000000082E-05 ), #6134, 'distance_accuracy_value', 'NONE');
#2650 = FILL_AREA_STYLE_COLOUR ( '', #620 ) ;
#2651 = SURFACE_STYLE_USAGE ( .BOTH. , #5019 ) ;
#2652 = VERTEX_POINT ( 'NONE', #4828 ) ;
#2653 = ORIENTED_EDGE ( 'NONE', *, *, #1951, .F. ) ;
#2654 = MECHANICAL_DESIGN_GEOMETRIC_PRESENTATION_REPRESENTATION (  '', ( #650 ), #3031 ) ;
#2655 = LINE ( 'NONE', #1179, #3710 ) ;
#2656 = CARTESIAN_POINT ( 'NONE',  ( 11.96441516578513031, -8.551356099630758933, 52.00000000000000000 ) ) ;
#2657 =( NAMED_UNIT ( * ) SI_UNIT ( $, .STERADIAN. ) SOLID_ANGLE_UNIT ( ) );
#2658 = CARTESIAN_POINT ( 'NONE',  ( 17.76441516578512747, -10.55135609963075893, 75.50000000000000000 ) ) ;
#2659 = FILL_AREA_STYLE ('',( #2248 ) ) ;
#2660 = CARTESIAN_POINT ( 'NONE',  ( -22.83558483421487040, 10.88864390036923702, 76.50000000000000000 ) ) ;
#2661 = EDGE_CURVE ( 'NONE', #3622, #3511, #2862, .T. ) ;
#2662 = SURFACE_SIDE_STYLE ('',( #5514 ) ) ;
#2663 = COLOUR_RGB ( '',1.000000000000000000, 1.000000000000000000, 1.000000000000000000 ) ;
#2664 = ORIENTED_EDGE ( 'NONE', *, *, #5578, .F. ) ;
#2665 = EDGE_CURVE ( 'NONE', #3384, #2645, #2858, .T. ) ;
#2666 = UNCERTAINTY_MEASURE_WITH_UNIT (LENGTH_MEASURE( 1.000000000000000082E-05 ), #1049, 'distance_accuracy_value', 'NONE');
#2667 = STYLED_ITEM ( 'NONE', ( #2252 ), #2740 ) ;
#2668 = VERTEX_POINT ( 'NONE', #2316 ) ;
#2669 = EDGE_LOOP ( 'NONE', ( #3927, #3230, #5753, #2852, #5945, #6049, #3238, #1990, #5534, #679, #599, #3839 ) ) ;
#2670 = FILL_AREA_STYLE ('',( #351 ) ) ;
#2671 = STYLED_ITEM ( 'NONE', ( #6001 ), #3145 ) ;
#2672 = ADVANCED_FACE ( 'NONE', ( #4166, #1791, #5178 ), #828, .F. ) ;
#2673 = FACE_OUTER_BOUND ( 'NONE', #199, .T. ) ;
#2674 = CARTESIAN_POINT ( 'NONE',  ( -2.535584834214871464, -8.551356099630758933, 55.00000000000000000 ) ) ;
#2675 = LINE ( 'NONE', #3106, #2213 ) ;
#2676 = MECHANICAL_DESIGN_GEOMETRIC_PRESENTATION_REPRESENTATION (  '', ( #166 ), #1884 ) ;
#2677 = EDGE_LOOP ( 'NONE', ( #1302, #6138, #5453, #2326 ) ) ;
#2678 = VECTOR ( 'NONE', #5821, 1000.000000000000000 ) ;
#2679 = ORIENTED_EDGE ( 'NONE', *, *, #4293, .T. ) ;
#2680 = PRESENTATION_STYLE_ASSIGNMENT (( #5103 ) ) ;
#2681 = CARTESIAN_POINT ( 'NONE',  ( 22.96441516578513031, 10.94864390036924107, 45.50000000000000000 ) ) ;
#2682 = FILL_AREA_STYLE ('',( #3964 ) ) ;
#2683 = PRESENTATION_LAYER_ASSIGNMENT (  '', '', ( #5869 ) ) ;
#2684 = CARTESIAN_POINT ( 'NONE',  ( -4.035584834214862582, -10.55135609963076604, 57.99999999999999289 ) ) ;
#2685 = DIRECTION ( 'NONE',  ( 0.000000000000000000, 0.000000000000000000, 1.000000000000000000 ) ) ;
#2686 = COLOUR_RGB ( '',1.000000000000000000, 1.000000000000000000, 1.000000000000000000 ) ;
#2687 = ORIENTED_EDGE ( 'NONE', *, *, #915, .T. ) ;
#2688 =( GEOMETRIC_REPRESENTATION_CONTEXT ( 3 ) GLOBAL_UNCERTAINTY_ASSIGNED_CONTEXT ( ( #5579 ) ) GLOBAL_UNIT_ASSIGNED_CONTEXT ( ( #6185, #2892, #4328 ) ) REPRESENTATION_CONTEXT ( 'NONE', 'WORKASPACE' ) );
#2689 = FILL_AREA_STYLE ('',( #3551 ) ) ;
#2690 = DIRECTION ( 'NONE',  ( 0.000000000000000000, 0.000000000000000000, 1.000000000000000000 ) ) ;
#2691 = UNCERTAINTY_MEASURE_WITH_UNIT (LENGTH_MEASURE( 1.000000000000000082E-05 ), #4257, 'distance_accuracy_value', 'NONE');
#2692 = EDGE_LOOP ( 'NONE', ( #1958, #3921, #449, #3782 ) ) ;
#2693 = EDGE_CURVE ( 'NONE', #3967, #5679, #4749, .T. ) ;
#2694 =( NAMED_UNIT ( * ) PLANE_ANGLE_UNIT ( ) SI_UNIT ( $, .RADIAN. ) );
#2695 = CARTESIAN_POINT ( 'NONE',  ( 13.46441516578512854, -10.55135609963075893, 52.00000000000000000 ) ) ;
#2696 = CARTESIAN_POINT ( 'NONE',  ( 21.46441516578513031, -10.55135609963075893, 62.00000000000000000 ) ) ;
#2697 = DIRECTION ( 'NONE',  ( 1.000000000000000000, 0.000000000000000000, 0.000000000000000000 ) ) ;
#2698 = FILL_AREA_STYLE ('',( #3159 ) ) ;
#2699 = ORIENTED_EDGE ( 'NONE', *, *, #3618, .T. ) ;
#2700 = EDGE_CURVE ( 'NONE', #2778, #4147, #6058, .T. ) ;
#2701 = CARTESIAN_POINT ( 'NONE',  ( 17.76441516578512747, 10.94864390036924107, 45.50000000000000000 ) ) ;
#2702 = CARTESIAN_POINT ( 'NONE',  ( -4.035584834214862582, -10.55135609963076604, 72.00000000000000000 ) ) ;
#2703 = CARTESIAN_POINT ( 'NONE',  ( -14.53558483421486969, -8.551356099630758933, 59.00000000000000000 ) ) ;
#2704 = CARTESIAN_POINT ( 'NONE',  ( -31.53558483421486969, -10.55135609963075893, 44.50000000000000000 ) ) ;
#2705 = ORIENTED_EDGE ( 'NONE', *, *, #2956, .T. ) ;
#2706 = EDGE_LOOP ( 'NONE', ( #3718, #4036, #1308, #578 ) ) ;
#2707 = ORIENTED_EDGE ( 'NONE', *, *, #816, .T. ) ;
#2708 = PRESENTATION_LAYER_ASSIGNMENT (  '', '', ( #5402 ) ) ;
#2709 = LINE ( 'NONE', #836, #5320 ) ;
#2710 = CARTESIAN_POINT ( 'NONE',  ( -12.53558483421487146, 4.548643900369238935, 76.50000000000000000 ) ) ;
#2711 = FILL_AREA_STYLE_COLOUR ( '', #859 ) ;
#2712 = COLOUR_RGB ( '',1.000000000000000000, 1.000000000000000000, 1.000000000000000000 ) ;
#2713 = EDGE_CURVE ( 'NONE', #4575, #5354, #964, .T. ) ;
#2714 = ORIENTED_EDGE ( 'NONE', *, *, #5385, .F. ) ;
#2715 =( NAMED_UNIT ( * ) PLANE_ANGLE_UNIT ( ) SI_UNIT ( $, .RADIAN. ) );
#2716 = CIRCLE ( 'NONE', #4800, 1.000000000000000888 ) ;
#2717 = LINE ( 'NONE', #3641, #2573 ) ;
#2718 = CARTESIAN_POINT ( 'NONE',  ( 14.93521516578513086, 14.44864390036923751, 76.59081177896999293 ) ) ;
#2719 =( BOUNDED_SURFACE ( )  B_SPLINE_SURFACE ( 1, 3, ( 
 ( #2600, #1101, #2966, #4491 ),
 ( #600, #5412, #2139, #5380 ) ),
 .UNSPECIFIED., .F., .F., .T. ) 
 B_SPLINE_SURFACE_WITH_KNOTS ( ( 2, 2 ),
 ( 4, 4 ),
 ( 0.04162577848936815234, 0.9583742215106310081 ),
 ( 0.000000000000000000, 1.000000000000000000 ),
 .UNSPECIFIED. ) 
 GEOMETRIC_REPRESENTATION_ITEM ( )  RATIONAL_B_SPLINE_SURFACE ( (
 ( 1.000000000000000000, 0.3333333333333335369, 0.3333333333333335369, 1.000000000000000000),
 ( 1.000000000000000000, 0.3333333333333335369, 0.3333333333333335369, 1.000000000000000000) ) ) 
 REPRESENTATION_ITEM ( '' )  SURFACE ( )  );
#2720 = AXIS2_PLACEMENT_3D ( 'NONE', #3073, #4031, #5957 ) ;
#2721 = ORIENTED_EDGE ( 'NONE', *, *, #6073, .F. ) ;
#2722 = DIRECTION ( 'NONE',  ( -1.000000000000000000, 0.000000000000000000, 0.000000000000000000 ) ) ;
#2723 = FILL_AREA_STYLE_COLOUR ( '', #5297 ) ;
#2724 = DIRECTION ( 'NONE',  ( 0.000000000000000000, 1.000000000000000000, 0.000000000000000000 ) ) ;
#2725 = ORIENTED_EDGE ( 'NONE', *, *, #1073, .T. ) ;
#2726 = STYLED_ITEM ( 'NONE', ( #1360 ), #1014 ) ;
#2727 = ORIENTED_EDGE ( 'NONE', *, *, #3466, .T. ) ;
#2728 = CIRCLE ( 'NONE', #231, 1.600000000000000755 ) ;
#2729 = CARTESIAN_POINT ( 'NONE',  ( -26.33558483421486685, 10.94864390036924107, 45.50000000000000000 ) ) ;
#2730 = CARTESIAN_POINT ( 'NONE',  ( -1.035584834214869909, -10.55135609963075893, 69.00000000000000000 ) ) ;
#2731 = SURFACE_SIDE_STYLE ('',( #832 ) ) ;
#2732 = EDGE_CURVE ( 'NONE', #4987, #1504, #5662, .T. ) ;
#2733 = COLOUR_RGB ( '',1.000000000000000000, 1.000000000000000000, 1.000000000000000000 ) ;
#2734 = DIRECTION ( 'NONE',  ( 1.000000000000000000, 0.000000000000000000, 0.000000000000000000 ) ) ;
#2735 = EDGE_LOOP ( 'NONE', ( #2457, #2490, #4287, #6163 ) ) ;
#2736 = EDGE_LOOP ( 'NONE', ( #5387, #2699, #434, #707 ) ) ;
#2737 = FILL_AREA_STYLE ('',( #6015 ) ) ;
#2738 = COLOUR_RGB ( '',1.000000000000000000, 1.000000000000000000, 1.000000000000000000 ) ;
#2739 = LINE ( 'NONE', #4639, #1954 ) ;
#2740 = ADVANCED_FACE ( 'NONE', ( #2834 ), #676, .T. ) ;
#2741 = DIRECTION ( 'NONE',  ( 0.000000000000000000, 1.000000000000000000, 0.000000000000000000 ) ) ;
#2742 = COLOUR_RGB ( '',1.000000000000000000, 1.000000000000000000, 1.000000000000000000 ) ;
#2743 = ORIENTED_EDGE ( 'NONE', *, *, #162, .F. ) ;
#2744 = LINE ( 'NONE', #4642, #4100 ) ;
#2745 =( GEOMETRIC_REPRESENTATION_CONTEXT ( 3 ) GLOBAL_UNCERTAINTY_ASSIGNED_CONTEXT ( ( #194 ) ) GLOBAL_UNIT_ASSIGNED_CONTEXT ( ( #2501, #5480, #4522 ) ) REPRESENTATION_CONTEXT ( 'NONE', 'WORKASPACE' ) );
#2746 = LINE ( 'NONE', #3209, #788 ) ;
#2747 = EDGE_CURVE ( 'NONE', #1669, #956, #5145, .T. ) ;
#2748 = ADVANCED_FACE ( 'NONE', ( #4830 ), #6017, .T. ) ;
#2749 =( GEOMETRIC_REPRESENTATION_CONTEXT ( 3 ) GLOBAL_UNCERTAINTY_ASSIGNED_CONTEXT ( ( #5894 ) ) GLOBAL_UNIT_ASSIGNED_CONTEXT ( ( #1246, #5570, #2657 ) ) REPRESENTATION_CONTEXT ( 'NONE', 'WORKASPACE' ) );
#2750 = ORIENTED_EDGE ( 'NONE', *, *, #1267, .F. ) ;
#2751 = DIRECTION ( 'NONE',  ( 0.000000000000000000, 1.000000000000000000, 0.000000000000000000 ) ) ;
#2752 = LINE ( 'NONE', #5147, #4108 ) ;
#2753 = CARTESIAN_POINT ( 'NONE',  ( 7.464415165785128536, 2.948643900369238402, 74.50000000000000000 ) ) ;
#2754 = FACE_OUTER_BOUND ( 'NONE', #3953, .T. ) ;
#2755 = EDGE_CURVE ( 'NONE', #1210, #1277, #2069, .T. ) ;
#2756 = DIRECTION ( 'NONE',  ( -1.000000000000000000, 0.000000000000000000, 0.000000000000000000 ) ) ;
#2757 = ORIENTED_EDGE ( 'NONE', *, *, #6090, .F. ) ;
#2758 = VERTEX_POINT ( 'NONE', #297 ) ;
#2759 = FACE_BOUND ( 'NONE', #1813, .T. ) ;
#2760 =( NAMED_UNIT ( * ) SI_UNIT ( $, .STERADIAN. ) SOLID_ANGLE_UNIT ( ) );
#2761 = DIRECTION ( 'NONE',  ( 0.000000000000000000, 0.000000000000000000, 1.000000000000000000 ) ) ;
#2762 = AXIS2_PLACEMENT_3D ( 'NONE', #4585, #2216, #4099 ) ;
#2763 = CARTESIAN_POINT ( 'NONE',  ( -5.535584834214870575, 1.348643900369240978, 76.50000000000000000 ) ) ;
#2764 = ORIENTED_EDGE ( 'NONE', *, *, #3390, .F. ) ;
#2765 = ORIENTED_EDGE ( 'NONE', *, *, #1376, .T. ) ;
#2766 = VECTOR ( 'NONE', #2633, 1000.000000000000000 ) ;
#2767 = EDGE_CURVE ( 'NONE', #3352, #5156, #4005, .T. ) ;
#2768 = FILL_AREA_STYLE ('',( #3198 ) ) ;
#2769 = LINE ( 'NONE', #4729, #3912 ) ;
#2770 =( NAMED_UNIT ( * ) PLANE_ANGLE_UNIT ( ) SI_UNIT ( $, .RADIAN. ) );
#2771 = CARTESIAN_POINT ( 'NONE',  ( 4.264415165785123918, 8.348643900369223658, 76.50000000000000000 ) ) ;
#2772 = PRESENTATION_LAYER_ASSIGNMENT (  '', '', ( #1594 ) ) ;
#2773 = LINE ( 'NONE', #1447, #5372 ) ;
#2774 = EDGE_CURVE ( 'NONE', #3803, #2778, #2163, .T. ) ;
#2775 = CARTESIAN_POINT ( 'NONE',  ( 10.66441516578512783, 11.54864390036920341, 74.49999999999998579 ) ) ;
#2776 =( NAMED_UNIT ( * ) PLANE_ANGLE_UNIT ( ) SI_UNIT ( $, .RADIAN. ) );
#2777 = COLOUR_RGB ( '',1.000000000000000000, 1.000000000000000000, 1.000000000000000000 ) ;
#2778 = VERTEX_POINT ( 'NONE', #3084 ) ;
#2779 =( GEOMETRIC_REPRESENTATION_CONTEXT ( 3 ) GLOBAL_UNCERTAINTY_ASSIGNED_CONTEXT ( ( #945 ) ) GLOBAL_UNIT_ASSIGNED_CONTEXT ( ( #5940, #1677, #1154 ) ) REPRESENTATION_CONTEXT ( 'NONE', 'WORKASPACE' ) );
#2780 = EDGE_LOOP ( 'NONE', ( #1045, #1534, #1112, #5223, #5678, #6074, #3651 ) ) ;
#2781 = VECTOR ( 'NONE', #3123, 1000.000000000000000 ) ;
#2782 = CARTESIAN_POINT ( 'NONE',  ( -22.83558483421487040, -10.55135609963075893, 70.50000000000000000 ) ) ;
#2783 = DIRECTION ( 'NONE',  ( 0.000000000000000000, -1.000000000000000000, 0.000000000000000000 ) ) ;
#2784 =( LENGTH_UNIT ( ) NAMED_UNIT ( * ) SI_UNIT ( .MILLI., .METRE. ) );
#2785 = CARTESIAN_POINT ( 'NONE',  ( -5.535584834214870575, 4.548643900369238935, 74.50000000000000000 ) ) ;
#2786 = FILL_AREA_STYLE_COLOUR ( '', #1876 ) ;
#2787 = LINE ( 'NONE', #1831, #2294 ) ;
#2788 = ORIENTED_EDGE ( 'NONE', *, *, #144, .F. ) ;
#2789 = ORIENTED_EDGE ( 'NONE', *, *, #824, .T. ) ;
#2790 = PRESENTATION_STYLE_ASSIGNMENT (( #6103 ) ) ;
#2791 = LINE ( 'NONE', #1775, #5367 ) ;
#2792 = SURFACE_SIDE_STYLE ('',( #36 ) ) ;
#2793 = PRESENTATION_STYLE_ASSIGNMENT (( #6107 ) ) ;
#2794 = ORIENTED_EDGE ( 'NONE', *, *, #1995, .F. ) ;
#2795 = ORIENTED_EDGE ( 'NONE', *, *, #1174, .F. ) ;
#2796 = ORIENTED_EDGE ( 'NONE', *, *, #2399, .F. ) ;
#2797 = CARTESIAN_POINT ( 'NONE',  ( 26.46441516578511255, -10.55135609963075538, 69.46446609406726225 ) ) ;
#2798 = COLOUR_RGB ( '',1.000000000000000000, 1.000000000000000000, 1.000000000000000000 ) ;
#2799 = CARTESIAN_POINT ( 'NONE',  ( 11.26441516578512925, 4.548643900369247817, 76.50000000000000000 ) ) ;
#2800 = FILL_AREA_STYLE_COLOUR ( '', #5807 ) ;
#2801 = VERTEX_POINT ( 'NONE', #4517 ) ;
#2802 =( NAMED_UNIT ( * ) PLANE_ANGLE_UNIT ( ) SI_UNIT ( $, .RADIAN. ) );
#2803 = SURFACE_STYLE_USAGE ( .BOTH. , #4284 ) ;
#2804 = CARTESIAN_POINT ( 'NONE',  ( -28.53558483421483061, -8.551356099630760710, 47.99999999999999289 ) ) ;
#2805 = CARTESIAN_POINT ( 'NONE',  ( -28.53558483421486613, -8.551356099630758933, 62.00000000000000000 ) ) ;
#2806 = VECTOR ( 'NONE', #2623, 1000.000000000000000 ) ;
#2807 = CARTESIAN_POINT ( 'NONE',  ( -6.035584834214870575, -10.55135609963075893, 52.00000000000000000 ) ) ;
#2808 = ORIENTED_EDGE ( 'NONE', *, *, #1186, .T. ) ;
#2809 = VERTEX_POINT ( 'NONE', #3117 ) ;
#2810 = CIRCLE ( 'NONE', #3504, 1.599999999999999867 ) ;
#2811 = CARTESIAN_POINT ( 'NONE',  ( 7.464415165785128536, 1.348643900369240978, 74.50000000000000000 ) ) ;
#2812 = SURFACE_SIDE_STYLE ('',( #1458 ) ) ;
#2813 =( NAMED_UNIT ( * ) SI_UNIT ( $, .STERADIAN. ) SOLID_ANGLE_UNIT ( ) );
#2814 = UNCERTAINTY_MEASURE_WITH_UNIT (LENGTH_MEASURE( 1.000000000000000082E-05 ), #4583, 'distance_accuracy_value', 'NONE');
#2815 = FACE_OUTER_BOUND ( 'NONE', #2107, .T. ) ;
#2816 = EDGE_CURVE ( 'NONE', #5772, #2758, #754, .T. ) ;
#2817 = EDGE_LOOP ( 'NONE', ( #4237, #100, #1734, #5681 ) ) ;
#2818 = FACE_OUTER_BOUND ( 'NONE', #752, .T. ) ;
#2819 = STYLED_ITEM ( 'NONE', ( #3891 ), #4472 ) ;
#2820 = EDGE_CURVE ( 'NONE', #1142, #1127, #5998, .T. ) ;
#2821 = EDGE_CURVE ( 'NONE', #3212, #1913, #5575, .T. ) ;
#2822 =( BOUNDED_SURFACE ( )  B_SPLINE_SURFACE ( 1, 3, ( 
 ( #2493, #5864, #4442, #4893 ),
 ( #4864, #591, #1575, #5365 ) ),
 .UNSPECIFIED., .F., .F., .T. ) 
 B_SPLINE_SURFACE_WITH_KNOTS ( ( 2, 2 ),
 ( 4, 4 ),
 ( 0.04162577848936815234, 0.9583742215106310081 ),
 ( 0.000000000000000000, 1.000000000000000000 ),
 .UNSPECIFIED. ) 
 GEOMETRIC_REPRESENTATION_ITEM ( )  RATIONAL_B_SPLINE_SURFACE ( (
 ( 1.000000000000000000, 0.3333333333333329818, 0.3333333333333329818, 1.000000000000000000),
 ( 1.000000000000000000, 0.3333333333333329818, 0.3333333333333329818, 1.000000000000000000) ) ) 
 REPRESENTATION_ITEM ( '' )  SURFACE ( )  );
#2823 = EDGE_LOOP ( 'NONE', ( #648, #6029, #5829, #742 ) ) ;
#2824 = ORIENTED_EDGE ( 'NONE', *, *, #4429, .T. ) ;
#2825 = FILL_AREA_STYLE ('',( #5291 ) ) ;
#2826 = LINE ( 'NONE', #1381, #5329 ) ;
#2827 = CIRCLE ( 'NONE', #937, 1.500000000000001332 ) ;
#2828 = FILL_AREA_STYLE_COLOUR ( '', #4353 ) ;
#2829 = CARTESIAN_POINT ( 'NONE',  ( -4.035584834214870575, -10.55135609963075893, 55.00000000000000000 ) ) ;
#2830 = CIRCLE ( 'NONE', #4318, 3.499999999999999556 ) ;
#2831 = DIRECTION ( 'NONE',  ( 1.000000000000000000, 0.000000000000000000, 0.000000000000000000 ) ) ;
#2832 = DIRECTION ( 'NONE',  ( 0.000000000000000000, 0.000000000000000000, -1.000000000000000000 ) ) ;
#2833 = AXIS2_PLACEMENT_3D ( 'NONE', #440, #5219, #3887 ) ;
#2834 = FACE_OUTER_BOUND ( 'NONE', #4118, .T. ) ;
#2835 = MECHANICAL_DESIGN_GEOMETRIC_PRESENTATION_REPRESENTATION (  '', ( #5445 ), #46 ) ;
#2836 = FACE_BOUND ( 'NONE', #263, .T. ) ;
#2837 = EDGE_CURVE ( 'NONE', #3812, #290, #3636, .T. ) ;
#2838 = FILL_AREA_STYLE_COLOUR ( '', #5396 ) ;
#2839 = CARTESIAN_POINT ( 'NONE',  ( -24.53558483421486969, 7.948643900369239290, 43.50000000000000000 ) ) ;
#2840 = LINE ( 'NONE', #3828, #3758 ) ;
#2841 =( NAMED_UNIT ( * ) PLANE_ANGLE_UNIT ( ) SI_UNIT ( $, .RADIAN. ) );
#2842 = DIRECTION ( 'NONE',  ( -1.000000000000000000, 0.000000000000000000, 0.000000000000000000 ) ) ;
#2843 = ORIENTED_EDGE ( 'NONE', *, *, #5631, .F. ) ;
#2844 = ORIENTED_EDGE ( 'NONE', *, *, #3673, .T. ) ;
#2845 =( GEOMETRIC_REPRESENTATION_CONTEXT ( 3 ) GLOBAL_UNCERTAINTY_ASSIGNED_CONTEXT ( ( #441 ) ) GLOBAL_UNIT_ASSIGNED_CONTEXT ( ( #4230, #5246, #1427 ) ) REPRESENTATION_CONTEXT ( 'NONE', 'WORKASPACE' ) );
#2846 = PRESENTATION_STYLE_ASSIGNMENT (( #3833 ) ) ;
#2847 = CARTESIAN_POINT ( 'NONE',  ( 21.46441516578513031, 7.948643900369239290, 45.50000000000000000 ) ) ;
#2848 = STYLED_ITEM ( 'NONE', ( #2846 ), #1436 ) ;
#2849 = CARTESIAN_POINT ( 'NONE',  ( -5.535584834214870575, 4.548643900369238935, 74.50000000000000000 ) ) ;
#2850 = ORIENTED_EDGE ( 'NONE', *, *, #1997, .T. ) ;
#2851 = CIRCLE ( 'NONE', #869, 3.499999999999999556 ) ;
#2852 = ORIENTED_EDGE ( 'NONE', *, *, #1864, .T. ) ;
#2853 = EDGE_CURVE ( 'NONE', #3220, #4156, #657, .T. ) ;
#2854 =( LENGTH_UNIT ( ) NAMED_UNIT ( * ) SI_UNIT ( .MILLI., .METRE. ) );
#2855 = FACE_OUTER_BOUND ( 'NONE', #4778, .T. ) ;
#2856 =( LENGTH_UNIT ( ) NAMED_UNIT ( * ) SI_UNIT ( .MILLI., .METRE. ) );
#2857 = VECTOR ( 'NONE', #1861, 1000.000000000000000 ) ;
#2858 = CIRCLE ( 'NONE', #2169, 1.600000000000000755 ) ;
#2859 = DIRECTION ( 'NONE',  ( -1.000000000000000000, 0.000000000000000000, 0.000000000000000000 ) ) ;
#2860 = VECTOR ( 'NONE', #3553, 1000.000000000000000 ) ;
#2861 = CARTESIAN_POINT ( 'NONE',  ( -24.53558483421486258, -8.551356099630737617, 66.00000000000001421 ) ) ;
#2862 = CIRCLE ( 'NONE', #3648, 1.499999999999999556 ) ;
#2863 = PRESENTATION_LAYER_ASSIGNMENT (  '', '', ( #4759 ) ) ;
#2864 = CARTESIAN_POINT ( 'NONE',  ( 13.71441516578512854, -10.55135609963075893, 39.49999999999999289 ) ) ;
#2865 = CARTESIAN_POINT ( 'NONE',  ( -22.83558483421487040, -11.53914521253883763, 75.50000000000000000 ) ) ;
#2866 = DIRECTION ( 'NONE',  ( 0.000000000000000000, -1.000000000000000000, 0.000000000000000000 ) ) ;
#2867 = CIRCLE ( 'NONE', #3069, 1.600000000000000089 ) ;
#2868 = EDGE_CURVE ( 'NONE', #1654, #3724, #6053, .T. ) ;
#2869 = ORIENTED_EDGE ( 'NONE', *, *, #3824, .F. ) ;
#2870 = VERTEX_POINT ( 'NONE', #1313 ) ;
#2871 =( BOUNDED_SURFACE ( )  B_SPLINE_SURFACE ( 1, 3, ( 
 ( #4559, #765, #5118, #2695 ),
 ( #4593, #3676, #3616, #310 ) ),
 .UNSPECIFIED., .F., .F., .T. ) 
 B_SPLINE_SURFACE_WITH_KNOTS ( ( 2, 2 ),
 ( 4, 4 ),
 ( 0.04162577848936815234, 0.9583742215106310081 ),
 ( 0.000000000000000000, 1.000000000000000000 ),
 .UNSPECIFIED. ) 
 GEOMETRIC_REPRESENTATION_ITEM ( )  RATIONAL_B_SPLINE_SURFACE ( (
 ( 1.000000000000000000, 0.3333333333333335369, 0.3333333333333335369, 1.000000000000000000),
 ( 1.000000000000000000, 0.3333333333333335369, 0.3333333333333335369, 1.000000000000000000) ) ) 
 REPRESENTATION_ITEM ( '' )  SURFACE ( )  );
#2872 = FILL_AREA_STYLE ('',( #2935 ) ) ;
#2873 = FACE_OUTER_BOUND ( 'NONE', #1334, .T. ) ;
#2874 = DIRECTION ( 'NONE',  ( -1.000000000000000000, 0.000000000000000000, 0.000000000000000000 ) ) ;
#2875 = CARTESIAN_POINT ( 'NONE',  ( -22.83558483421487040, -8.551356099630758933, 70.50000000000000000 ) ) ;
#2876 = CIRCLE ( 'NONE', #1189, 2.000000000000001776 ) ;
#2877 = PLANE ( 'NONE',  #5812 ) ;
#2878 = B_SPLINE_SURFACE_WITH_KNOTS ( 'NONE', 1, 1, ( 
 ( #4985, #3105 ),
 ( #2152, #2115 ) ),
 .UNSPECIFIED., .F., .F., .F.,
 ( 2, 2 ),
 ( 2, 2 ),
 ( -0.09081177897167000412, 1.790811778971999946 ),
 ( -2.090811778971999768, 0.09081177897167000412 ),
 .UNSPECIFIED. ) ;
#2879 = CARTESIAN_POINT ( 'NONE',  ( -28.53558483421483061, -8.551356099630760710, 56.00000000000000000 ) ) ;
#2880 = EDGE_LOOP ( 'NONE', ( #5101, #4725, #3598, #3287, #2303, #4131, #2453, #5324, #2869, #42, #326, #629, #4848, #888, #2983, #2789, #1178, #3346, #1967, #2452 ) ) ;
#2881 = ORIENTED_EDGE ( 'NONE', *, *, #4234, .T. ) ;
#2882 =( NAMED_UNIT ( * ) SI_UNIT ( $, .STERADIAN. ) SOLID_ANGLE_UNIT ( ) );
#2883 = CARTESIAN_POINT ( 'NONE',  ( 7.464415165785128536, 8.348643900369239645, 76.50000000000000000 ) ) ;
#2884 = CARTESIAN_POINT ( 'NONE',  ( -11.03558483421488035, -10.55135609963074650, 65.00000000000000000 ) ) ;
#2885 = FILL_AREA_STYLE ('',( #4320 ) ) ;
#2886 =( LENGTH_UNIT ( ) NAMED_UNIT ( * ) SI_UNIT ( .MILLI., .METRE. ) );
#2887 = CARTESIAN_POINT ( 'NONE',  ( -2.735584834214858763, 4.548643900369247817, 74.49999999999998579 ) ) ;
#2888 = ORIENTED_EDGE ( 'NONE', *, *, #1121, .T. ) ;
#2889 = EDGE_CURVE ( 'NONE', #1285, #2519, #3126, .T. ) ;
#2890 = COLOUR_RGB ( '',1.000000000000000000, 1.000000000000000000, 1.000000000000000000 ) ;
#2891 = ADVANCED_FACE ( 'NONE', ( #374 ), #5525, .T. ) ;
#2892 =( NAMED_UNIT ( * ) PLANE_ANGLE_UNIT ( ) SI_UNIT ( $, .RADIAN. ) );
#2893 = CARTESIAN_POINT ( 'NONE',  ( 0.4644151657851297021, 1.348643900369240978, 76.50000000000000000 ) ) ;
#2894 = MECHANICAL_DESIGN_GEOMETRIC_PRESENTATION_REPRESENTATION (  '', ( #5905 ), #5515 ) ;
#2895 = CARTESIAN_POINT ( 'NONE',  ( 19.46441516578513031, -8.551356099630760710, 56.00000000000000000 ) ) ;
#2896 = CARTESIAN_POINT ( 'NONE',  ( 23.46441516578513031, -10.55135609963076604, 47.99999999999999289 ) ) ;
#2897 = PRESENTATION_STYLE_ASSIGNMENT (( #3829 ) ) ;
#2898 =( GEOMETRIC_REPRESENTATION_CONTEXT ( 3 ) GLOBAL_UNCERTAINTY_ASSIGNED_CONTEXT ( ( #563 ) ) GLOBAL_UNIT_ASSIGNED_CONTEXT ( ( #1498, #5709, #543 ) ) REPRESENTATION_CONTEXT ( 'NONE', 'WORKASPACE' ) );
#2899 = ORIENTED_EDGE ( 'NONE', *, *, #2217, .F. ) ;
#2900 = CARTESIAN_POINT ( 'NONE',  ( -22.83558483421487040, -9.551356099630760710, 43.50000000000000000 ) ) ;
#2901 = DIRECTION ( 'NONE',  ( 0.000000000000000000, 1.000000000000000000, 0.000000000000000000 ) ) ;
#2902 = AXIS2_PLACEMENT_3D ( 'NONE', #2200, #5558, #5208 ) ;
#2903 = CARTESIAN_POINT ( 'NONE',  ( 4.264415165785130135, -2.451356099630771279, 76.50000000000000000 ) ) ;
#2904 = CARTESIAN_POINT ( 'NONE',  ( 9.464415165785130313, -10.55135609963074650, 41.99999999999999289 ) ) ;
#2905 =( NAMED_UNIT ( * ) PLANE_ANGLE_UNIT ( ) SI_UNIT ( $, .RADIAN. ) );
#2906 = ORIENTED_EDGE ( 'NONE', *, *, #1570, .F. ) ;
#2907 = CIRCLE ( 'NONE', #5018, 2.000000000000001776 ) ;
#2908 =( BOUNDED_SURFACE ( )  B_SPLINE_SURFACE ( 1, 3, ( 
 ( #5775, #1507, #3639, #1288 ),
 ( #5857, #3900, #5803, #3988 ) ),
 .UNSPECIFIED., .F., .F., .F. ) 
 B_SPLINE_SURFACE_WITH_KNOTS ( ( 2, 2 ),
 ( 4, 4 ),
 ( 0.04162577848936815234, 0.9583742215106310081 ),
 ( 0.000000000000000000, 1.000000000000000000 ),
 .UNSPECIFIED. ) 
 GEOMETRIC_REPRESENTATION_ITEM ( )  RATIONAL_B_SPLINE_SURFACE ( (
 ( 1.000000000000000000, 0.3333333333333329818, 0.3333333333333329818, 1.000000000000000000),
 ( 1.000000000000000000, 0.3333333333333329818, 0.3333333333333329818, 1.000000000000000000) ) ) 
 REPRESENTATION_ITEM ( '' )  SURFACE ( )  );
#2909 = EDGE_LOOP ( 'NONE', ( #5333, #6122 ) ) ;
#2910 = FILL_AREA_STYLE ('',( #2392 ) ) ;
#2911 = ADVANCED_FACE ( 'NONE', ( #3246 ), #435, .T. ) ;
#2912 =( NAMED_UNIT ( * ) SI_UNIT ( $, .STERADIAN. ) SOLID_ANGLE_UNIT ( ) );
#2913 =( GEOMETRIC_REPRESENTATION_CONTEXT ( 3 ) GLOBAL_UNCERTAINTY_ASSIGNED_CONTEXT ( ( #3587 ) ) GLOBAL_UNIT_ASSIGNED_CONTEXT ( ( #3479, #4037, #4473 ) ) REPRESENTATION_CONTEXT ( 'NONE', 'WORKASPACE' ) );
#2914 = MECHANICAL_DESIGN_GEOMETRIC_PRESENTATION_REPRESENTATION (  '', ( #632 ), #2036 ) ;
#2915 = EDGE_LOOP ( 'NONE', ( #1866, #1629, #2707, #5465 ) ) ;
#2916 = MECHANICAL_DESIGN_GEOMETRIC_PRESENTATION_REPRESENTATION (  '', ( #4814 ), #3300 ) ;
#2917 = CARTESIAN_POINT ( 'NONE',  ( 14.46441516578513031, 2.948643900369238402, 74.50000000000000000 ) ) ;
#2918 = STYLED_ITEM ( 'NONE', ( #5947 ), #4580 ) ;
#2919 = DIRECTION ( 'NONE',  ( -1.000000000000000000, 0.000000000000000000, 0.000000000000000000 ) ) ;
#2920 = SURFACE_STYLE_USAGE ( .BOTH. , #3424 ) ;
#2921 = CARTESIAN_POINT ( 'NONE',  ( -2.735584834214858763, 1.348643900369237647, 76.50000000000000000 ) ) ;
#2922 = DIRECTION ( 'NONE',  ( -1.000000000000000000, 0.000000000000000000, 0.000000000000000000 ) ) ;
#2923 = ADVANCED_FACE ( 'NONE', ( #5461 ), #1364, .T. ) ;
#2924 = CARTESIAN_POINT ( 'NONE',  ( -8.035584834214871464, -10.55135609963075893, 62.00000000000000000 ) ) ;
#2925 = UNCERTAINTY_MEASURE_WITH_UNIT (LENGTH_MEASURE( 1.000000000000000082E-05 ), #553, 'distance_accuracy_value', 'NONE');
#2926 = CARTESIAN_POINT ( 'NONE',  ( 23.46441516578513031, -2.051356099630759378, 43.50000000000000000 ) ) ;
#2927 = MECHANICAL_DESIGN_GEOMETRIC_PRESENTATION_REPRESENTATION (  '', ( #3526 ), #4525 ) ;
#2928 = SURFACE_STYLE_USAGE ( .BOTH. , #1122 ) ;
#2929 = CARTESIAN_POINT ( 'NONE',  ( -22.83558483421487040, -8.539145212538837626, 70.50000000000000000 ) ) ;
#2930 = CARTESIAN_POINT ( 'NONE',  ( 14.26441516578512925, 14.44864390036923751, 74.50000000000000000 ) ) ;
#2931 = FILL_AREA_STYLE ('',( #3433 ) ) ;
#2932 = COLOUR_RGB ( '',1.000000000000000000, 1.000000000000000000, 1.000000000000000000 ) ;
#2933 = EDGE_CURVE ( 'NONE', #4226, #91, #5971, .T. ) ;
#2934 = FILL_AREA_STYLE ('',( #5914 ) ) ;
#2935 = FILL_AREA_STYLE_COLOUR ( '', #4000 ) ;
#2936 = CARTESIAN_POINT ( 'NONE',  ( 7.964415165785129425, -8.551356099630758933, 59.00000000000000000 ) ) ;
#2937 = CARTESIAN_POINT ( 'NONE',  ( 3.964415165785129425, -10.55135609963075893, 52.00000000000000000 ) ) ;
#2938 = PRESENTATION_LAYER_ASSIGNMENT (  '', '', ( #5745 ) ) ;
#2939 = DIRECTION ( 'NONE',  ( 0.000000000000000000, 0.000000000000000000, 1.000000000000000000 ) ) ;
#2940 = CARTESIAN_POINT ( 'NONE',  ( 16.21441516578513031, -10.55135609963075893, 41.99999999999999289 ) ) ;
#2941 = SURFACE_STYLE_USAGE ( .BOTH. , #4881 ) ;
#2942 = FILL_AREA_STYLE ('',( #1564 ) ) ;
#2943 = VERTEX_POINT ( 'NONE', #2480 ) ;
#2944 = ORIENTED_EDGE ( 'NONE', *, *, #5305, .F. ) ;
#2945 =( NAMED_UNIT ( * ) PLANE_ANGLE_UNIT ( ) SI_UNIT ( $, .RADIAN. ) );
#2946 = CARTESIAN_POINT ( 'NONE',  ( -24.53558483421486258, -10.55135609963074650, 58.00000000000000711 ) ) ;
#2947 = ORIENTED_EDGE ( 'NONE', *, *, #1325, .T. ) ;
#2948 = EDGE_CURVE ( 'NONE', #3769, #1370, #974, .T. ) ;
#2949 = VERTEX_POINT ( 'NONE', #3869 ) ;
#2950 = CARTESIAN_POINT ( 'NONE',  ( 21.46441516578513031, -10.55135609963075893, 52.00000000000000000 ) ) ;
#2951 = AXIS2_PLACEMENT_3D ( 'NONE', #5643, #5121, #4712 ) ;
#2952 = DIRECTION ( 'NONE',  ( -1.000000000000000000, 0.000000000000000000, 0.000000000000000000 ) ) ;
#2953 = CARTESIAN_POINT ( 'NONE',  ( -17.03558483421488035, -10.55135609963076604, 59.99999999999998579 ) ) ;
#2954 = PRESENTATION_LAYER_ASSIGNMENT (  '', '', ( #966 ) ) ;
#2955 = VERTEX_POINT ( 'NONE', #1989 ) ;
#2956 = EDGE_CURVE ( 'NONE', #197, #1966, #3058, .T. ) ;
#2957 = COLOUR_RGB ( '',1.000000000000000000, 1.000000000000000000, 1.000000000000000000 ) ;
#2958 = STYLED_ITEM ( 'NONE', ( #5152 ), #3007 ) ;
#2959 = PRESENTATION_STYLE_ASSIGNMENT (( #1552 ) ) ;
#2960 = DIRECTION ( 'NONE',  ( 0.000000000000000000, 0.000000000000000000, 1.000000000000000000 ) ) ;
#2961 = SURFACE_SIDE_STYLE ('',( #5000 ) ) ;
#2962 =( LENGTH_UNIT ( ) NAMED_UNIT ( * ) SI_UNIT ( .MILLI., .METRE. ) );
#2963 = MECHANICAL_DESIGN_GEOMETRIC_PRESENTATION_REPRESENTATION (  '', ( #5773 ), #5067 ) ;
#2964 = CIRCLE ( 'NONE', #2181, 1.599999999999999867 ) ;
#2965 = ORIENTED_EDGE ( 'NONE', *, *, #2853, .T. ) ;
#2966 = CARTESIAN_POINT ( 'NONE',  ( -7.535584834214870575, -10.55135609963076604, 49.00000000000000000 ) ) ;
#2967 = CARTESIAN_POINT ( 'NONE',  ( 27.62441516578512690, 14.92864390036923972, 43.50000000000000000 ) ) ;
#2968 = PRESENTATION_LAYER_ASSIGNMENT (  '', '', ( #5482 ) ) ;
#2969 = FILL_AREA_STYLE ('',( #4365 ) ) ;
#2970 = LINE ( 'NONE', #542, #5069 ) ;
#2971 = CARTESIAN_POINT ( 'NONE',  ( 15.17888125985239434, -8.551356099630767815, 39.50000000000000000 ) ) ;
#2972 = MECHANICAL_DESIGN_GEOMETRIC_PRESENTATION_REPRESENTATION (  '', ( #5682 ), #376 ) ;
#2973 = FACE_BOUND ( 'NONE', #1484, .T. ) ;
#2974 = ORIENTED_EDGE ( 'NONE', *, *, #3170, .T. ) ;
#2975 = EDGE_CURVE ( 'NONE', #3597, #4346, #2019, .T. ) ;
#2976 = ORIENTED_EDGE ( 'NONE', *, *, #4290, .F. ) ;
#2977 = VECTOR ( 'NONE', #5755, 1000.000000000000000 ) ;
#2978 = VERTEX_POINT ( 'NONE', #3562 ) ;
#2979 = EDGE_LOOP ( 'NONE', ( #4794, #75, #1932, #369 ) ) ;
#2980 = SURFACE_STYLE_FILL_AREA ( #1656 ) ;
#2981 = DIRECTION ( 'NONE',  ( 0.000000000000000000, 1.000000000000000000, 0.000000000000000000 ) ) ;
#2982 = CARTESIAN_POINT ( 'NONE',  ( 21.26441516578513102, 14.44864390036923751, 45.50000000000000000 ) ) ;
#2983 = ORIENTED_EDGE ( 'NONE', *, *, #2387, .F. ) ;
#2984 = ORIENTED_EDGE ( 'NONE', *, *, #1570, .T. ) ;
#2985 = SURFACE_STYLE_FILL_AREA ( #2548 ) ;
#2986 = CARTESIAN_POINT ( 'NONE',  ( 4.464415165785129425, -8.551356099630758933, 62.00000000000000000 ) ) ;
#2987 =( LENGTH_UNIT ( ) NAMED_UNIT ( * ) SI_UNIT ( .MILLI., .METRE. ) );
#2988 = CARTESIAN_POINT ( 'NONE',  ( 23.46441516578513031, -8.551356099630758933, 62.00000000000000000 ) ) ;
#2989 = UNCERTAINTY_MEASURE_WITH_UNIT (LENGTH_MEASURE( 1.000000000000000082E-05 ), #2962, 'distance_accuracy_value', 'NONE');
#2990 = CARTESIAN_POINT ( 'NONE',  ( 19.46441516578512676, 7.948643900369239290, 43.50000000000000000 ) ) ;
#2991 = CARTESIAN_POINT ( 'NONE',  ( 10.66441516578512783, 4.548643900369216730, 76.50000000000000000 ) ) ;
#2992 = VECTOR ( 'NONE', #1298, 1000.000000000000000 ) ;
#2993 = EDGE_CURVE ( 'NONE', #6040, #6102, #5985, .T. ) ;
#2994 = SURFACE_STYLE_USAGE ( .BOTH. , #5377 ) ;
#2995 = ORIENTED_EDGE ( 'NONE', *, *, #2441, .T. ) ;
#2996 = CARTESIAN_POINT ( 'NONE',  ( 7.964415165785129425, -10.55135609963075893, 59.00000000000000000 ) ) ;
#2997 =( LENGTH_UNIT ( ) NAMED_UNIT ( * ) SI_UNIT ( .MILLI., .METRE. ) );
#2998 = CARTESIAN_POINT ( 'NONE',  ( -31.53558483421486969, -10.55135609963075893, 44.50000000000000000 ) ) ;
#2999 = PRESENTATION_STYLE_ASSIGNMENT (( #768 ) ) ;
#3000 = VECTOR ( 'NONE', #4994, 1000.000000000000000 ) ;
#3001 = FACE_BOUND ( 'NONE', #5712, .T. ) ;
#3002 = VERTEX_POINT ( 'NONE', #4083 ) ;
#3003 = VERTEX_POINT ( 'NONE', #4627 ) ;
#3004 = CARTESIAN_POINT ( 'NONE',  ( -24.53558483421486969, 7.948643900369239290, 43.50000000000000000 ) ) ;
#3005 = AXIS2_PLACEMENT_3D ( 'NONE', #3380, #1930, #2386 ) ;
#3007 = ADVANCED_FACE ( 'NONE', ( #2815 ), #1764, .T. ) ;
#3006 = CARTESIAN_POINT ( 'NONE',  ( 16.21441516578513031, -10.55135609963075893, 41.99999999999999289 ) ) ;
#3008 = ADVANCED_FACE ( 'NONE', ( #1583 ), #4325, .F. ) ;
#3009 = VERTEX_POINT ( 'NONE', #3024 ) ;
#3010 = COLOUR_RGB ( '',1.000000000000000000, 1.000000000000000000, 1.000000000000000000 ) ;
#3011 = ORIENTED_EDGE ( 'NONE', *, *, #697, .F. ) ;
#3012 = EDGE_CURVE ( 'NONE', #4987, #4567, #1036, .T. ) ;
#3013 = CARTESIAN_POINT ( 'NONE',  ( -2.535584834214871464, -10.55135609963075893, 62.00000000000000000 ) ) ;
#3014 = DIRECTION ( 'NONE',  ( 0.000000000000000000, 1.000000000000000000, 0.000000000000000000 ) ) ;
#3015 =( GEOMETRIC_REPRESENTATION_CONTEXT ( 3 ) GLOBAL_UNCERTAINTY_ASSIGNED_CONTEXT ( ( #799 ) ) GLOBAL_UNIT_ASSIGNED_CONTEXT ( ( #4544, #2157, #265 ) ) REPRESENTATION_CONTEXT ( 'NONE', 'WORKASPACE' ) );
#3016 =( BOUNDED_SURFACE ( )  B_SPLINE_SURFACE ( 1, 3, ( 
 ( #4416, #2953, #2622, #1605 ),
 ( #1150, #3880, #721, #5369 ) ),
 .UNSPECIFIED., .F., .F., .T. ) 
 B_SPLINE_SURFACE_WITH_KNOTS ( ( 2, 2 ),
 ( 4, 4 ),
 ( 0.04162577848936815234, 0.9583742215106310081 ),
 ( 0.000000000000000000, 1.000000000000000000 ),
 .UNSPECIFIED. ) 
 GEOMETRIC_REPRESENTATION_ITEM ( )  RATIONAL_B_SPLINE_SURFACE ( (
 ( 1.000000000000000000, 0.3333333333333335369, 0.3333333333333335369, 1.000000000000000000),
 ( 1.000000000000000000, 0.3333333333333335369, 0.3333333333333335369, 1.000000000000000000) ) ) 
 REPRESENTATION_ITEM ( '' )  SURFACE ( )  );
#3017 = PRESENTATION_LAYER_ASSIGNMENT (  '', '', ( #2918 ) ) ;
#3018 = PRESENTATION_STYLE_ASSIGNMENT (( #3050 ) ) ;
#3019 = SURFACE_STYLE_USAGE ( .BOTH. , #117 ) ;
#3020 = PRESENTATION_STYLE_ASSIGNMENT (( #2928 ) ) ;
#3021 = DIRECTION ( 'NONE',  ( 0.000000000000000000, 1.000000000000000000, 0.000000000000000000 ) ) ;
#3022 = DIRECTION ( 'NONE',  ( 0.000000000000000000, -1.000000000000000000, 0.000000000000000000 ) ) ;
#3023 = PRESENTATION_LAYER_ASSIGNMENT (  '', '', ( #5734 ) ) ;
#3024 = CARTESIAN_POINT ( 'NONE',  ( -22.83558483421487040, -8.551356099630758933, 45.50000000000000000 ) ) ;
#3025 = ORIENTED_EDGE ( 'NONE', *, *, #4290, .T. ) ;
#3026 = ADVANCED_FACE ( 'NONE', ( #4837 ), #5689, .T. ) ;
#3027 = LINE ( 'NONE', #4456, #4309 ) ;
#3028 = FACE_OUTER_BOUND ( 'NONE', #2780, .T. ) ;
#3029 = B_SPLINE_SURFACE_WITH_KNOTS ( 'NONE', 1, 1, ( 
 ( #3658, #5589 ),
 ( #3628, #4179 ) ),
 .UNSPECIFIED., .F., .F., .F.,
 ( 2, 2 ),
 ( 2, 2 ),
 ( -0.1199999999999999956, 6.120000000000000107 ),
 ( -0.4299999999999999933, 21.92999999999999972 ),
 .UNSPECIFIED. ) ;
#3030 = CARTESIAN_POINT ( 'NONE',  ( -18.78558483421487324, -8.551356099630758933, 41.99999999999999289 ) ) ;
#3031 =( GEOMETRIC_REPRESENTATION_CONTEXT ( 3 ) GLOBAL_UNCERTAINTY_ASSIGNED_CONTEXT ( ( #1062 ) ) GLOBAL_UNIT_ASSIGNED_CONTEXT ( ( #551, #1109, #4853 ) ) REPRESENTATION_CONTEXT ( 'NONE', 'WORKASPACE' ) );
#3032 = CARTESIAN_POINT ( 'NONE',  ( -16.33558483421485619, 1.348643900369237647, 76.50000000000000000 ) ) ;
#3033 = ORIENTED_EDGE ( 'NONE', *, *, #5626, .F. ) ;
#3034 = EDGE_CURVE ( 'NONE', #432, #536, #3261, .T. ) ;
#3035 = ORIENTED_EDGE ( 'NONE', *, *, #1471, .T. ) ;
#3036 = CARTESIAN_POINT ( 'NONE',  ( 2.464415165785128981, -10.55135609963076604, 54.99999999999999289 ) ) ;
#3037 =( LENGTH_UNIT ( ) NAMED_UNIT ( * ) SI_UNIT ( .MILLI., .METRE. ) );
#3038 = CARTESIAN_POINT ( 'NONE',  ( -12.53558483421487146, -5.651356099630762131, 76.50000000000000000 ) ) ;
#3039 = CARTESIAN_POINT ( 'NONE',  ( 26.46441516578511255, -10.13714253725766667, 43.50000000000000000 ) ) ;
#3040 = APPLICATION_PROTOCOL_DEFINITION ( 'draft international standard', 'automotive_design', 1998, #5211 ) ;
#3041 = LINE ( 'NONE', #4951, #4596 ) ;
#3042 = CARTESIAN_POINT ( 'NONE',  ( -30.50005092828215680, -8.551356099630767815, 70.49999999999998579 ) ) ;
#3043 = ORIENTED_EDGE ( 'NONE', *, *, #1265, .F. ) ;
#3044 = VERTEX_POINT ( 'NONE', #3055 ) ;
#3045 = CARTESIAN_POINT ( 'NONE',  ( -22.73558483421481213, 1.348643900369237647, 74.49999999999998579 ) ) ;
#3046 = CARTESIAN_POINT ( 'NONE',  ( -17.03558483421486969, -8.551356099630758933, 52.00000000000000000 ) ) ;
#3047 = SURFACE_SIDE_STYLE ('',( #5899 ) ) ;
#3048 = DIRECTION ( 'NONE',  ( -1.000000000000000000, 0.000000000000000000, 0.000000000000000000 ) ) ;
#3049 =( NAMED_UNIT ( * ) SI_UNIT ( $, .STERADIAN. ) SOLID_ANGLE_UNIT ( ) );
#3050 = SURFACE_STYLE_USAGE ( .BOTH. , #5403 ) ;
#3051 = UNCERTAINTY_MEASURE_WITH_UNIT (LENGTH_MEASURE( 1.000000000000000082E-05 ), #4370, 'distance_accuracy_value', 'NONE');
#3052 = LINE ( 'NONE', #1607, #2639 ) ;
#3053 = DIRECTION ( 'NONE',  ( 0.000000000000000000, 1.000000000000000000, 0.000000000000000000 ) ) ;
#3054 =( NAMED_UNIT ( * ) SI_UNIT ( $, .STERADIAN. ) SOLID_ANGLE_UNIT ( ) );
#3055 = CARTESIAN_POINT ( 'NONE',  ( -18.53558483421487324, -10.55135609963075893, 52.00000000000000000 ) ) ;
#3056 =( BOUNDED_SURFACE ( )  B_SPLINE_SURFACE ( 1, 3, ( 
 ( #1554, #3313, #5218, #943 ),
 ( #465, #4266, #6188, #1459 ) ),
 .UNSPECIFIED., .F., .F., .T. ) 
 B_SPLINE_SURFACE_WITH_KNOTS ( ( 2, 2 ),
 ( 4, 4 ),
 ( 0.04162577848936815234, 0.9583742215106310081 ),
 ( 0.000000000000000000, 1.000000000000000000 ),
 .UNSPECIFIED. ) 
 GEOMETRIC_REPRESENTATION_ITEM ( )  RATIONAL_B_SPLINE_SURFACE ( (
 ( 1.000000000000000000, 0.3333333333333329818, 0.3333333333333329818, 1.000000000000000000),
 ( 1.000000000000000000, 0.3333333333333329818, 0.3333333333333329818, 1.000000000000000000) ) ) 
 REPRESENTATION_ITEM ( '' )  SURFACE ( )  );
#3057 = B_SPLINE_SURFACE_WITH_KNOTS ( 'NONE', 1, 1, ( 
 ( #2586, #3962 ),
 ( #5397, #4923 ) ),
 .UNSPECIFIED., .F., .F., .F.,
 ( 2, 2 ),
 ( 2, 2 ),
 ( -0.1239999999999999991, 6.323999999999999844 ),
 ( -0.09081177897167000412, 2.090811778971999768 ),
 .UNSPECIFIED. ) ;
#3058 = CIRCLE ( 'NONE', #680, 1.600000000000000755 ) ;
#3059 = CARTESIAN_POINT ( 'NONE',  ( -12.53558483421487146, 8.348643900369239645, 76.50000000000000000 ) ) ;
#3060 = DIRECTION ( 'NONE',  ( -1.000000000000000000, 0.000000000000000000, 0.000000000000000000 ) ) ;
#3061 = SURFACE_STYLE_FILL_AREA ( #1160 ) ;
#3062 = CARTESIAN_POINT ( 'NONE',  ( -22.83558483421487040, 10.94864390036924107, 45.50000000000000000 ) ) ;
#3063 = CIRCLE ( 'NONE', #5366, 2.499999999999998668 ) ;
#3064 =( NAMED_UNIT ( * ) PLANE_ANGLE_UNIT ( ) SI_UNIT ( $, .RADIAN. ) );
#3065 = AXIS2_PLACEMENT_3D ( 'NONE', #5196, #920, #3192 ) ;
#3066 = ORIENTED_EDGE ( 'NONE', *, *, #451, .T. ) ;
#3067 = COLOUR_RGB ( '',1.000000000000000000, 1.000000000000000000, 1.000000000000000000 ) ;
#3068 =( NAMED_UNIT ( * ) PLANE_ANGLE_UNIT ( ) SI_UNIT ( $, .RADIAN. ) );
#3069 = AXIS2_PLACEMENT_3D ( 'NONE', #612, #136, #2546 ) ;
#3070 = DIRECTION ( 'NONE',  ( 0.000000000000000000, 1.000000000000000000, 0.000000000000000000 ) ) ;
#3071 = SURFACE_SIDE_STYLE ('',( #747 ) ) ;
#3072 = UNCERTAINTY_MEASURE_WITH_UNIT (LENGTH_MEASURE( 1.000000000000000082E-05 ), #5765, 'distance_accuracy_value', 'NONE');
#3073 = CARTESIAN_POINT ( 'NONE',  ( 7.964415165785129425, -8.551356099630758933, 52.00000000000000000 ) ) ;
#3074 = COLOUR_RGB ( '',1.000000000000000000, 1.000000000000000000, 1.000000000000000000 ) ;
#3075 = EDGE_LOOP ( 'NONE', ( #2843, #3320, #1442, #1992 ) ) ;
#3076 = ORIENTED_EDGE ( 'NONE', *, *, #5999, .F. ) ;
#3077 = AXIS2_PLACEMENT_3D ( 'NONE', #825, #2724, #4628 ) ;
#3078 = ORIENTED_EDGE ( 'NONE', *, *, #198, .F. ) ;
#3079 = CARTESIAN_POINT ( 'NONE',  ( -22.83558483421487040, -8.539145212538837626, 76.84091195102224958 ) ) ;
#3080 = CARTESIAN_POINT ( 'NONE',  ( -21.53558483421486613, -8.551356099630758933, 52.00000000000000000 ) ) ;
#3081 = LINE ( 'NONE', #1061, #3863 ) ;
#3082 =( NAMED_UNIT ( * ) PLANE_ANGLE_UNIT ( ) SI_UNIT ( $, .RADIAN. ) );
#3083 = PRESENTATION_STYLE_ASSIGNMENT (( #240 ) ) ;
#3084 = CARTESIAN_POINT ( 'NONE',  ( -19.27558483421486812, 14.44864390036923751, 74.50000000000000000 ) ) ;
#3085 = LINE ( 'NONE', #4997, #237 ) ;
#3086 = DIRECTION ( 'NONE',  ( 0.000000000000000000, 1.000000000000000000, 0.000000000000000000 ) ) ;
#3087 = EDGE_CURVE ( 'NONE', #4299, #3803, #730, .T. ) ;
#3088 = DIRECTION ( 'NONE',  ( 1.000000000000000000, 0.000000000000000000, 0.000000000000000000 ) ) ;
#3089 = EDGE_CURVE ( 'NONE', #4689, #5224, #1680, .T. ) ;
#3090 = FILL_AREA_STYLE_COLOUR ( '', #4859 ) ;
#3091 = ORIENTED_EDGE ( 'NONE', *, *, #2314, .T. ) ;
#3092 = SURFACE_SIDE_STYLE ('',( #3125 ) ) ;
#3093 = CARTESIAN_POINT ( 'NONE',  ( 7.464415165785128536, -5.651356099630762131, 76.50000000000000000 ) ) ;
#3094 = DIRECTION ( 'NONE',  ( 0.000000000000000000, 1.000000000000000000, 0.000000000000000000 ) ) ;
#3095 = FACE_BOUND ( 'NONE', #4753, .T. ) ;
#3096 = SURFACE_STYLE_USAGE ( .BOTH. , #4566 ) ;
#3097 = ORIENTED_EDGE ( 'NONE', *, *, #281, .T. ) ;
#3098 =( NAMED_UNIT ( * ) PLANE_ANGLE_UNIT ( ) SI_UNIT ( $, .RADIAN. ) );
#3099 =( NAMED_UNIT ( * ) SI_UNIT ( $, .STERADIAN. ) SOLID_ANGLE_UNIT ( ) );
#3100 = SURFACE_STYLE_USAGE ( .BOTH. , #2148 ) ;
#3101 = CARTESIAN_POINT ( 'NONE',  ( 19.46441516578512676, -8.551356099630758933, 62.00000000000000000 ) ) ;
#3102 = COLOUR_RGB ( '',1.000000000000000000, 1.000000000000000000, 1.000000000000000000 ) ;
#3103 = CARTESIAN_POINT ( 'NONE',  ( 14.46441516578513031, 2.948643900369238402, 74.50000000000000000 ) ) ;
#3104 = VECTOR ( 'NONE', #4671, 1000.000000000000000 ) ;
#3105 = CARTESIAN_POINT ( 'NONE',  ( -28.12639661318486972, 14.44864390036923751, 43.40918822102799624 ) ) ;
#3106 = CARTESIAN_POINT ( 'NONE',  ( 17.76441516578512747, -8.539145212538837626, 76.84091195102224958 ) ) ;
#3107 = ORIENTED_EDGE ( 'NONE', *, *, #6081, .F. ) ;
#3108 = VERTEX_POINT ( 'NONE', #2194 ) ;
#3109 = MECHANICAL_DESIGN_GEOMETRIC_PRESENTATION_REPRESENTATION (  '', ( #4495 ), #4193 ) ;
#3110 = EDGE_CURVE ( 'NONE', #4412, #4225, #4961, .T. ) ;
#3111 = CARTESIAN_POINT ( 'NONE',  ( 19.46441516578512676, -2.051356099630759378, 45.50000000000000000 ) ) ;
#3112 = SURFACE_STYLE_FILL_AREA ( #1674 ) ;
#3113 = CARTESIAN_POINT ( 'NONE',  ( 3.964415165785130313, -8.551356099630760710, 59.99999999999998579 ) ) ;
#3114 = B_SPLINE_SURFACE_WITH_KNOTS ( 'NONE', 1, 1, ( 
 ( #2596, #1679 ),
 ( #4643, #874 ) ),
 .UNSPECIFIED., .F., .F., .F.,
 ( 2, 2 ),
 ( 2, 2 ),
 ( -0.6500000000000000222, 33.14999999999999858 ),
 ( -0.09081177897167000412, 2.090811778971999768 ),
 .UNSPECIFIED. ) ;
#3115 = SURFACE_STYLE_FILL_AREA ( #1815 ) ;
#3116 = VECTOR ( 'NONE', #738, 1000.000000000000000 ) ;
#3117 = CARTESIAN_POINT ( 'NONE',  ( 17.76441516578512747, -8.551356099630758933, 45.50000000000000000 ) ) ;
#3118 = COLOUR_RGB ( '',1.000000000000000000, 1.000000000000000000, 1.000000000000000000 ) ;
#3119 = CARTESIAN_POINT ( 'NONE',  ( 3.664415165785124273, 4.548643900369247817, 74.49999999999998579 ) ) ;
#3120 =( GEOMETRIC_REPRESENTATION_CONTEXT ( 3 ) GLOBAL_UNCERTAINTY_ASSIGNED_CONTEXT ( ( #1740 ) ) GLOBAL_UNIT_ASSIGNED_CONTEXT ( ( #5516, #764, #1770 ) ) REPRESENTATION_CONTEXT ( 'NONE', 'WORKASPACE' ) );
#3121 = FILL_AREA_STYLE ('',( #4966 ) ) ;
#3122 = VECTOR ( 'NONE', #4804, 1000.000000000000000 ) ;
#3123 = DIRECTION ( 'NONE',  ( -1.000000000000000000, 0.000000000000000000, 0.000000000000000000 ) ) ;
#3124 = EDGE_CURVE ( 'NONE', #4403, #4154, #575, .T. ) ;
#3125 = SURFACE_STYLE_FILL_AREA ( #4080 ) ;
#3126 = LINE ( 'NONE', #853, #4552 ) ;
#3127 = AXIS2_PLACEMENT_3D ( 'NONE', #2986, #3451, #1603 ) ;
#3128 = VERTEX_POINT ( 'NONE', #211 ) ;
#3129 = CARTESIAN_POINT ( 'NONE',  ( 2.464415165785128981, -8.551356099630760710, 49.00000000000000000 ) ) ;
#3130 = CARTESIAN_POINT ( 'NONE',  ( -22.83558483421487040, -8.539145212538837626, 70.50000000000000000 ) ) ;
#3131 = CARTESIAN_POINT ( 'NONE',  ( -24.53558483421486969, 7.948643900369239290, 45.50000000000000000 ) ) ;
#3132 = VECTOR ( 'NONE', #5458, 1000.000000000000000 ) ;
#3133 = CARTESIAN_POINT ( 'NONE',  ( 26.46441516578512676, -10.55135609963075893, 44.50000000000000000 ) ) ;
#3134 = UNCERTAINTY_MEASURE_WITH_UNIT (LENGTH_MEASURE( 1.000000000000000082E-05 ), #2575, 'distance_accuracy_value', 'NONE');
#3135 = SURFACE_STYLE_USAGE ( .BOTH. , #6078 ) ;
#3136 = CARTESIAN_POINT ( 'NONE',  ( -15.73558483421485832, 1.348643900369237647, 74.49999999999998579 ) ) ;
#3137 = VERTEX_POINT ( 'NONE', #2133 ) ;
#3138 = EDGE_LOOP ( 'NONE', ( #14, #889, #4199, #3996 ) ) ;
#3139 = VECTOR ( 'NONE', #147, 1000.000000000000000 ) ;
#3140 = FACE_OUTER_BOUND ( 'NONE', #3195, .T. ) ;
#3141 = CARTESIAN_POINT ( 'NONE',  ( -9.335584834214870398, 1.348643900369237647, 74.49999999999998579 ) ) ;
#3142 = FACE_BOUND ( 'NONE', #3183, .T. ) ;
#3143 = CARTESIAN_POINT ( 'NONE',  ( -22.83558483421487040, -10.55135609963075893, 44.50000000000000000 ) ) ;
#3144 = VECTOR ( 'NONE', #840, 1000.000000000000000 ) ;
#3145 = ADVANCED_FACE ( 'NONE', ( #1704 ), #4086, .F. ) ;
#3146 = EDGE_LOOP ( 'NONE', ( #4856, #2486, #3500, #5648 ) ) ;
#3147 = FILL_AREA_STYLE ('',( #5542 ) ) ;
#3148 = CARTESIAN_POINT ( 'NONE',  ( -5.535584834214870575, 2.948643900369238402, 76.50000000000000000 ) ) ;
#3149 = CARTESIAN_POINT ( 'NONE',  ( -7.535584834214870575, -10.55135609963075893, 52.00000000000000000 ) ) ;
#3150 = CARTESIAN_POINT ( 'NONE',  ( -4.035584834214870575, -8.551356099630758933, 55.00000000000000000 ) ) ;
#3151 = DIRECTION ( 'NONE',  ( -1.000000000000000000, 0.000000000000000000, 0.000000000000000000 ) ) ;
#3152 = SURFACE_SIDE_STYLE ('',( #5606 ) ) ;
#3153 = DIRECTION ( 'NONE',  ( -1.000000000000000000, 0.000000000000000000, 0.000000000000000000 ) ) ;
#3154 = CARTESIAN_POINT ( 'NONE',  ( 26.46441516578512676, -10.55135609963075893, 68.00000000000000000 ) ) ;
#3155 = ORIENTED_EDGE ( 'NONE', *, *, #5042, .T. ) ;
#3156 =( LENGTH_UNIT ( ) NAMED_UNIT ( * ) SI_UNIT ( .MILLI., .METRE. ) );
#3157 = CARTESIAN_POINT ( 'NONE',  ( 10.66441516578512783, -2.451356099630771279, 74.49999999999998579 ) ) ;
#3158 = SURFACE_SIDE_STYLE ('',( #3586 ) ) ;
#3159 = FILL_AREA_STYLE_COLOUR ( '', #1337 ) ;
#3160 = UNCERTAINTY_MEASURE_WITH_UNIT (LENGTH_MEASURE( 1.000000000000000082E-05 ), #3156, 'distance_accuracy_value', 'NONE');
#3161 = CARTESIAN_POINT ( 'NONE',  ( 23.46441516578513031, -2.051356099630759378, 43.50000000000000000 ) ) ;
#3162 = PRESENTATION_LAYER_ASSIGNMENT (  '', '', ( #5858 ) ) ;
#3163 =( NAMED_UNIT ( * ) PLANE_ANGLE_UNIT ( ) SI_UNIT ( $, .RADIAN. ) );
#3164 = EDGE_LOOP ( 'NONE', ( #3381, #1379 ) ) ;
#3165 = PRESENTATION_STYLE_ASSIGNMENT (( #4178 ) ) ;
#3166 = MECHANICAL_DESIGN_GEOMETRIC_PRESENTATION_REPRESENTATION (  '', ( #2174 ), #5983 ) ;
#3167 = FILL_AREA_STYLE ('',( #1271 ) ) ;
#3168 = DIRECTION ( 'NONE',  ( 0.000000000000000000, 1.000000000000000000, 0.000000000000000000 ) ) ;
#3169 = ADVANCED_FACE ( 'NONE', ( #306 ), #4538, .T. ) ;
#3170 = EDGE_CURVE ( 'NONE', #5339, #3873, #4969, .T. ) ;
#3171 = ORIENTED_EDGE ( 'NONE', *, *, #4498, .F. ) ;
#3172 = AXIS2_PLACEMENT_3D ( 'NONE', #2936, #1526, #1465 ) ;
#3173 = EDGE_LOOP ( 'NONE', ( #1833, #5326 ) ) ;
#3174 = DIRECTION ( 'NONE',  ( -1.000000000000000000, 0.000000000000000000, 0.000000000000000000 ) ) ;
#3175 = CARTESIAN_POINT ( 'NONE',  ( -26.53558483421487324, -8.551356099630758933, 52.00000000000000000 ) ) ;
#3176 = SURFACE_STYLE_USAGE ( .BOTH. , #4730 ) ;
#3177 = STYLED_ITEM ( 'NONE', ( #2587 ), #1926 ) ;
#3178 = MECHANICAL_DESIGN_GEOMETRIC_PRESENTATION_REPRESENTATION (  '', ( #1404 ), #1296 ) ;
#3179 = ORIENTED_EDGE ( 'NONE', *, *, #3383, .T. ) ;
#3180 = CARTESIAN_POINT ( 'NONE',  ( -6.035584834214870575, -8.551356099630758933, 52.00000000000000000 ) ) ;
#3181 =( LENGTH_UNIT ( ) NAMED_UNIT ( * ) SI_UNIT ( .MILLI., .METRE. ) );
#3182 = UNCERTAINTY_MEASURE_WITH_UNIT (LENGTH_MEASURE( 1.000000000000000082E-05 ), #1879, 'distance_accuracy_value', 'NONE');
#3183 = EDGE_LOOP ( 'NONE', ( #780, #3905 ) ) ;
#3184 = EDGE_CURVE ( 'NONE', #2182, #3293, #2964, .T. ) ;
#3185 = CARTESIAN_POINT ( 'NONE',  ( 21.46441516578513031, 7.948643900369239290, 43.50000000000000000 ) ) ;
#3186 =( NAMED_UNIT ( * ) SI_UNIT ( $, .STERADIAN. ) SOLID_ANGLE_UNIT ( ) );
#3187 = DIRECTION ( 'NONE',  ( 0.000000000000000000, 1.000000000000000000, 0.000000000000000000 ) ) ;
#3188 = LINE ( 'NONE', #4687, #5986 ) ;
#3189 = ORIENTED_EDGE ( 'NONE', *, *, #5776, .F. ) ;
#3190 = ORIENTED_EDGE ( 'NONE', *, *, #3283, .T. ) ;
#3191 = SURFACE_SIDE_STYLE ('',( #4088 ) ) ;
#3192 = DIRECTION ( 'NONE',  ( -1.000000000000000000, 0.000000000000000000, 0.000000000000000000 ) ) ;
#3193 = FILL_AREA_STYLE_COLOUR ( '', #5717 ) ;
#3194 = CIRCLE ( 'NONE', #2626, 2.000000000000001776 ) ;
#3195 = EDGE_LOOP ( 'NONE', ( #3793, #5622, #2226, #129 ) ) ;
#3196 = VERTEX_POINT ( 'NONE', #641 ) ;
#3197 = EDGE_CURVE ( 'NONE', #3952, #984, #3759, .T. ) ;
#3198 = FILL_AREA_STYLE_COLOUR ( '', #2137 ) ;
#3199 = ADVANCED_FACE ( 'NONE', ( #5390 ), #674, .T. ) ;
#3200 = DIRECTION ( 'NONE',  ( 0.000000000000000000, -1.000000000000000000, 0.000000000000000000 ) ) ;
#3201 = CARTESIAN_POINT ( 'NONE',  ( -21.28558483421486969, -8.539145212538837626, 43.85280969941640450 ) ) ;
#3202 = CARTESIAN_POINT ( 'NONE',  ( 27.62441516578512690, -10.55135609963075893, 38.77999999999999403 ) ) ;
#3203 = AXIS2_PLACEMENT_3D ( 'NONE', #1528, #2939, #4844 ) ;
#3204 = AXIS2_PLACEMENT_3D ( 'NONE', #3727, #4315, #5205 ) ;
#3205 = EDGE_CURVE ( 'NONE', #4156, #6102, #4435, .T. ) ;
#3206 = CIRCLE ( 'NONE', #1331, 2.000000000000001776 ) ;
#3207 = CARTESIAN_POINT ( 'NONE',  ( -7.535584834214870575, -8.551356099630758933, 52.00000000000000000 ) ) ;
#3208 = AXIS2_PLACEMENT_3D ( 'NONE', #133, #3932, #5992 ) ;
#3209 = CARTESIAN_POINT ( 'NONE',  ( -12.53558483421487146, 11.54864390036923893, 76.50000000000000000 ) ) ;
#3210 = PRESENTATION_STYLE_ASSIGNMENT (( #1222 ) ) ;
#3211 = MECHANICAL_DESIGN_GEOMETRIC_PRESENTATION_REPRESENTATION (  '', ( #2418 ), #5110 ) ;
#3212 = VERTEX_POINT ( 'NONE', #1201 ) ;
#3213 = CARTESIAN_POINT ( 'NONE',  ( -28.53558483421486613, -2.051356099630759378, 45.50000000000000000 ) ) ;
#3214 = CARTESIAN_POINT ( 'NONE',  ( -31.53558483421486969, -9.551356099630760710, 43.50000000000000000 ) ) ;
#3215 = CARTESIAN_POINT ( 'NONE',  ( 13.46441516578512854, -8.551356099630758933, 52.00000000000000000 ) ) ;
#3216 = FACE_OUTER_BOUND ( 'NONE', #4850, .T. ) ;
#3217 = CIRCLE ( 'NONE', #3704, 4.000000000000000000 ) ;
#3218 = ADVANCED_FACE ( 'NONE', ( #2111 ), #4534, .T. ) ;
#3219 =( NAMED_UNIT ( * ) PLANE_ANGLE_UNIT ( ) SI_UNIT ( $, .RADIAN. ) );
#3220 = VERTEX_POINT ( 'NONE', #5650 ) ;
#3221 = STYLED_ITEM ( 'NONE', ( #17 ), #959 ) ;
#3222 =( BOUNDED_SURFACE ( )  B_SPLINE_SURFACE ( 1, 3, ( 
 ( #660, #2039, #696, #1156 ),
 ( #3521, #4451, #2991, #4521 ) ),
 .UNSPECIFIED., .F., .F., .T. ) 
 B_SPLINE_SURFACE_WITH_KNOTS ( ( 2, 2 ),
 ( 4, 4 ),
 ( 0.04162577848936890174, 0.9583742215106310081 ),
 ( 0.000000000000000000, 1.000000000000000000 ),
 .UNSPECIFIED. ) 
 GEOMETRIC_REPRESENTATION_ITEM ( )  RATIONAL_B_SPLINE_SURFACE ( (
 ( 1.000000000000000000, 0.3333333333333335369, 0.3333333333333335369, 1.000000000000000000),
 ( 1.000000000000000000, 0.3333333333333335369, 0.3333333333333335369, 1.000000000000000000) ) ) 
 REPRESENTATION_ITEM ( '' )  SURFACE ( )  );
#3223 = ORIENTED_EDGE ( 'NONE', *, *, #5877, .T. ) ;
#3224 = PRESENTATION_LAYER_ASSIGNMENT (  '', '', ( #5115 ) ) ;
#3225 = DIRECTION ( 'NONE',  ( 0.000000000000000000, 0.000000000000000000, -1.000000000000000000 ) ) ;
#3226 =( NAMED_UNIT ( * ) PLANE_ANGLE_UNIT ( ) SI_UNIT ( $, .RADIAN. ) );
#3227 = PRESENTATION_LAYER_ASSIGNMENT (  '', '', ( #5931 ) ) ;
#3228 =( NAMED_UNIT ( * ) SI_UNIT ( $, .STERADIAN. ) SOLID_ANGLE_UNIT ( ) );
#3229 = ORIENTED_EDGE ( 'NONE', *, *, #3124, .T. ) ;
#3230 = ORIENTED_EDGE ( 'NONE', *, *, #1915, .T. ) ;
#3231 = CARTESIAN_POINT ( 'NONE',  ( -24.53558483421486969, -10.55135609963075893, 52.00000000000000000 ) ) ;
#3232 = VECTOR ( 'NONE', #2919, 1000.000000000000000 ) ;
#3233 = VERTEX_POINT ( 'NONE', #4661 ) ;
#3234 = CARTESIAN_POINT ( 'NONE',  ( 4.464415165785129425, -10.55135609963075893, 62.00000000000000000 ) ) ;
#3235 = PLANE ( 'NONE',  #4519 ) ;
#3236 = DIRECTION ( 'NONE',  ( 1.000000000000000000, 0.000000000000000000, 0.000000000000000000 ) ) ;
#3237 =( NAMED_UNIT ( * ) PLANE_ANGLE_UNIT ( ) SI_UNIT ( $, .RADIAN. ) );
#3238 = ORIENTED_EDGE ( 'NONE', *, *, #4686, .T. ) ;
#3239 = CARTESIAN_POINT ( 'NONE',  ( -11.53558483421486969, -10.55135609963075893, 45.00000000000000000 ) ) ;
#3240 = VECTOR ( 'NONE', #1547, 1000.000000000000000 ) ;
#3241 = EDGE_LOOP ( 'NONE', ( #5499, #5394 ) ) ;
#3242 = CARTESIAN_POINT ( 'NONE',  ( 11.96441516578513031, -8.551356099630760710, 44.00000000000000711 ) ) ;
#3243 = CARTESIAN_POINT ( 'NONE',  ( 14.46441516578513031, 4.548643900369238935, 76.50000000000000000 ) ) ;
#3244 =( LENGTH_UNIT ( ) NAMED_UNIT ( * ) SI_UNIT ( .MILLI., .METRE. ) );
#3245 = CARTESIAN_POINT ( 'NONE',  ( 23.96441516578513031, -8.551356099630758933, 68.00000000000000000 ) ) ;
#3246 = FACE_OUTER_BOUND ( 'NONE', #706, .T. ) ;
#3247 = CARTESIAN_POINT ( 'NONE',  ( -12.53558483421487146, 8.348643900369239645, 76.50000000000000000 ) ) ;
#3248 = ORIENTED_EDGE ( 'NONE', *, *, #4376, .F. ) ;
#3249 = ORIENTED_EDGE ( 'NONE', *, *, #1730, .F. ) ;
#3250 = DIRECTION ( 'NONE',  ( -1.000000000000000000, 0.000000000000000000, 0.000000000000000000 ) ) ;
#3251 = EDGE_CURVE ( 'NONE', #5072, #3002, #3657, .T. ) ;
#3252 = CARTESIAN_POINT ( 'NONE',  ( -14.53558483421489278, -8.551356099630737617, 55.99999999999998579 ) ) ;
#3253 =( GEOMETRIC_REPRESENTATION_CONTEXT ( 3 ) GLOBAL_UNCERTAINTY_ASSIGNED_CONTEXT ( ( #2691 ) ) GLOBAL_UNIT_ASSIGNED_CONTEXT ( ( #4257, #3237, #3792 ) ) REPRESENTATION_CONTEXT ( 'NONE', 'WORKASPACE' ) );
#3254 = CARTESIAN_POINT ( 'NONE',  ( -5.535584834214870575, 4.548643900369238935, 76.50000000000000000 ) ) ;
#3255 =( BOUNDED_SURFACE ( )  B_SPLINE_SURFACE ( 1, 3, ( 
 ( #1875, #1971, #4280, #512 ),
 ( #5295, #6144, #2771, #2883 ) ),
 .UNSPECIFIED., .F., .F., .F. ) 
 B_SPLINE_SURFACE_WITH_KNOTS ( ( 2, 2 ),
 ( 4, 4 ),
 ( 0.04162577848936890174, 0.9583742215106310081 ),
 ( 0.000000000000000000, 1.000000000000000000 ),
 .UNSPECIFIED. ) 
 GEOMETRIC_REPRESENTATION_ITEM ( )  RATIONAL_B_SPLINE_SURFACE ( (
 ( 1.000000000000000000, 0.3333333333333335369, 0.3333333333333335369, 1.000000000000000000),
 ( 1.000000000000000000, 0.3333333333333335369, 0.3333333333333335369, 1.000000000000000000) ) ) 
 REPRESENTATION_ITEM ( '' )  SURFACE ( )  );
#3256 = ORIENTED_EDGE ( 'NONE', *, *, #1826, .F. ) ;
#3257 = AXIS2_PLACEMENT_3D ( 'NONE', #3796, #3740, #438 ) ;
#3258 = EDGE_LOOP ( 'NONE', ( #4168, #4666, #949, #2795, #476, #3512, #5416, #547, #5567, #2302, #3961, #3412 ) ) ;
#3259 = ORIENTED_EDGE ( 'NONE', *, *, #5280, .T. ) ;
#3260 = AXIS2_PLACEMENT_3D ( 'NONE', #1672, #3544, #4069 ) ;
#3261 = CIRCLE ( 'NONE', #4150, 2.500000000000002220 ) ;
#3262 = FACE_OUTER_BOUND ( 'NONE', #3702, .T. ) ;
#3263 = DIRECTION ( 'NONE',  ( 0.000000000000000000, -1.000000000000000000, 0.000000000000000000 ) ) ;
#3264 = CARTESIAN_POINT ( 'NONE',  ( -12.53558483421487146, 11.54864390036923893, 76.50000000000000000 ) ) ;
#3265 = B_SPLINE_SURFACE_WITH_KNOTS ( 'NONE', 1, 1, ( 
 ( #1874, #1311 ),
 ( #839, #5685 ) ),
 .UNSPECIFIED., .F., .F., .F.,
 ( 2, 2 ),
 ( 2, 2 ),
 ( -50.46000000000000085, 9.859999999999999432 ),
 ( 0.5200000000000000178, 25.48000000000000043 ),
 .UNSPECIFIED. ) ;
#3266 = CARTESIAN_POINT ( 'NONE',  ( -17.03558483421488035, -8.551356099630760710, 44.00000000000000711 ) ) ;
#3267 = PRESENTATION_LAYER_ASSIGNMENT (  '', '', ( #2473 ) ) ;
#3268 =( GEOMETRIC_REPRESENTATION_CONTEXT ( 3 ) GLOBAL_UNCERTAINTY_ASSIGNED_CONTEXT ( ( #1579 ) ) GLOBAL_UNIT_ASSIGNED_CONTEXT ( ( #3037, #4982, #5496 ) ) REPRESENTATION_CONTEXT ( 'NONE', 'WORKASPACE' ) );
#3269 = ORIENTED_EDGE ( 'NONE', *, *, #2975, .F. ) ;
#3270 = COLOUR_RGB ( '',1.000000000000000000, 1.000000000000000000, 1.000000000000000000 ) ;
#3271 = LINE ( 'NONE', #1909, #5541 ) ;
#3272 = CARTESIAN_POINT ( 'NONE',  ( -24.53558483421486969, -8.551356099630758933, 52.00000000000000000 ) ) ;
#3273 =( NAMED_UNIT ( * ) PLANE_ANGLE_UNIT ( ) SI_UNIT ( $, .RADIAN. ) );
#3274 = VECTOR ( 'NONE', #3809, 1000.000000000000000 ) ;
#3275 = CARTESIAN_POINT ( 'NONE',  ( -12.53558483421487146, 9.948643900369241067, 74.50000000000000000 ) ) ;
#3276 = VERTEX_POINT ( 'NONE', #4633 ) ;
#3277 = PRESENTATION_LAYER_ASSIGNMENT (  '', '', ( #2464 ) ) ;
#3278 = ORIENTED_EDGE ( 'NONE', *, *, #1731, .F. ) ;
#3279 = AXIS2_PLACEMENT_3D ( 'NONE', #4656, #946, #2842 ) ;
#3280 = EDGE_CURVE ( 'NONE', #3220, #6040, #1807, .T. ) ;
#3281 = FACE_BOUND ( 'NONE', #2382, .T. ) ;
#3282 = LINE ( 'NONE', #6186, #5026 ) ;
#3283 = EDGE_CURVE ( 'NONE', #1870, #3276, #415, .T. ) ;
#3284 = CARTESIAN_POINT ( 'NONE',  ( 17.76441516578512747, 10.94864390036924107, 74.50000000000000000 ) ) ;
#3285 = DIRECTION ( 'NONE',  ( 0.000000000000000000, 0.000000000000000000, -1.000000000000000000 ) ) ;
#3286 = CARTESIAN_POINT ( 'NONE',  ( 7.464415165785128536, 8.348643900369239645, 76.50000000000000000 ) ) ;
#3287 = ORIENTED_EDGE ( 'NONE', *, *, #6124, .F. ) ;
#3288 = ORIENTED_EDGE ( 'NONE', *, *, #958, .F. ) ;
#3289 =( NAMED_UNIT ( * ) SI_UNIT ( $, .STERADIAN. ) SOLID_ANGLE_UNIT ( ) );
#3290 = CARTESIAN_POINT ( 'NONE',  ( 22.96441516578513031, 14.44864390036923751, 43.50000000000000000 ) ) ;
#3291 = CARTESIAN_POINT ( 'NONE',  ( -14.53558483421489278, -10.55135609963074650, 47.99999999999998579 ) ) ;
#3292 = ORIENTED_EDGE ( 'NONE', *, *, #4967, .F. ) ;
#3293 = VERTEX_POINT ( 'NONE', #1338 ) ;
#3294 = ORIENTED_EDGE ( 'NONE', *, *, #4952, .T. ) ;
#3295 = CARTESIAN_POINT ( 'NONE',  ( 14.96441516578513031, -8.551356099630758933, 52.00000000000000000 ) ) ;
#3296 =( NAMED_UNIT ( * ) SI_UNIT ( $, .STERADIAN. ) SOLID_ANGLE_UNIT ( ) );
#3297 =( LENGTH_UNIT ( ) NAMED_UNIT ( * ) SI_UNIT ( .MILLI., .METRE. ) );
#3298 = CARTESIAN_POINT ( 'NONE',  ( -1.035584834214869909, -10.55135609963075893, 69.00000000000000000 ) ) ;
#3299 = CARTESIAN_POINT ( 'NONE',  ( 13.46441516578512854, -8.551356099630758933, 52.00000000000000000 ) ) ;
#3300 =( GEOMETRIC_REPRESENTATION_CONTEXT ( 3 ) GLOBAL_UNCERTAINTY_ASSIGNED_CONTEXT ( ( #5040 ) ) GLOBAL_UNIT_ASSIGNED_CONTEXT ( ( #2854, #1936, #3385 ) ) REPRESENTATION_CONTEXT ( 'NONE', 'WORKASPACE' ) );
#3301 = CLOSED_SHELL ( 'NONE', ( #4922, #3960, #3730, #5617, #3199, #4411, #2279, #3394, #3169, #5341, #2066, #4924, #5965, #5834 ) ) ;
#3302 = ADVANCED_FACE ( 'NONE', ( #6043 ), #1898, .T. ) ;
#3303 = CARTESIAN_POINT ( 'NONE',  ( -28.53558483421486613, -2.051356099630759378, 43.50000000000000000 ) ) ;
#3304 = COLOUR_RGB ( '',1.000000000000000000, 1.000000000000000000, 1.000000000000000000 ) ;
#3305 = CARTESIAN_POINT ( 'NONE',  ( -28.53558483421486613, -10.55135609963075893, 52.00000000000000000 ) ) ;
#3306 = LINE ( 'NONE', #520, #5039 ) ;
#3307 =( GEOMETRIC_REPRESENTATION_CONTEXT ( 3 ) GLOBAL_UNCERTAINTY_ASSIGNED_CONTEXT ( ( #5814 ) ) GLOBAL_UNIT_ASSIGNED_CONTEXT ( ( #2602, #1684, #5521 ) ) REPRESENTATION_CONTEXT ( 'NONE', 'WORKASPACE' ) );
#3308 = STYLED_ITEM ( 'NONE', ( #423 ), #6147 ) ;
#3309 = SURFACE_SIDE_STYLE ('',( #6091 ) ) ;
#3310 = EDGE_LOOP ( 'NONE', ( #5079, #3043 ) ) ;
#3311 =( GEOMETRIC_REPRESENTATION_CONTEXT ( 3 ) GLOBAL_UNCERTAINTY_ASSIGNED_CONTEXT ( ( #4931 ) ) GLOBAL_UNIT_ASSIGNED_CONTEXT ( ( #1339, #1808, #5565 ) ) REPRESENTATION_CONTEXT ( 'NONE', 'WORKASPACE' ) );
#3312 = SURFACE_STYLE_USAGE ( .BOTH. , #3369 ) ;
#3313 = CARTESIAN_POINT ( 'NONE',  ( 2.964415165785129869, -10.55135609963074650, 65.00000000000000000 ) ) ;
#3314 =( NAMED_UNIT ( * ) PLANE_ANGLE_UNIT ( ) SI_UNIT ( $, .RADIAN. ) );
#3315 = UNCERTAINTY_MEASURE_WITH_UNIT (LENGTH_MEASURE( 1.000000000000000082E-05 ), #1701, 'distance_accuracy_value', 'NONE');
#3316 = FACE_BOUND ( 'NONE', #4123, .T. ) ;
#3317 = EDGE_CURVE ( 'NONE', #378, #819, #2791, .T. ) ;
#3318 = CARTESIAN_POINT ( 'NONE',  ( -21.28558483421484127, -8.551356099630767815, 40.53553390593273065 ) ) ;
#3319 = VERTEX_POINT ( 'NONE', #6135 ) ;
#3320 = ORIENTED_EDGE ( 'NONE', *, *, #1146, .F. ) ;
#3321 = PRESENTATION_LAYER_ASSIGNMENT (  '', '', ( #1643 ) ) ;
#3322 = SURFACE_STYLE_FILL_AREA ( #573 ) ;
#3323 = CARTESIAN_POINT ( 'NONE',  ( -14.53558483421486969, -8.551356099630758933, 59.00000000000000000 ) ) ;
#3324 = COLOUR_RGB ( '',1.000000000000000000, 1.000000000000000000, 1.000000000000000000 ) ;
#3325 = CARTESIAN_POINT ( 'NONE',  ( -8.735584834214867200, 1.348643900369237647, 76.50000000000000000 ) ) ;
#3326 = MECHANICAL_DESIGN_GEOMETRIC_PRESENTATION_REPRESENTATION (  '', ( #1946 ), #4410 ) ;
#3327 = ORIENTED_EDGE ( 'NONE', *, *, #5306, .T. ) ;
#3328 = VERTEX_POINT ( 'NONE', #1869 ) ;
#3329 = SURFACE_SIDE_STYLE ('',( #6175 ) ) ;
#3330 = PRESENTATION_STYLE_ASSIGNMENT (( #6176 ) ) ;
#3331 = SURFACE_STYLE_FILL_AREA ( #3356 ) ;
#3332 = SURFACE_STYLE_USAGE ( .BOTH. , #4700 ) ;
#3333 = DIRECTION ( 'NONE',  ( 0.000000000000000000, -1.000000000000000000, 0.000000000000000000 ) ) ;
#3334 = CIRCLE ( 'NONE', #1558, 3.500000000000001332 ) ;
#3335 = CARTESIAN_POINT ( 'NONE',  ( -28.53558483421489100, 1.948643900369238846, 43.49999999999999289 ) ) ;
#3336 = DIRECTION ( 'NONE',  ( 0.000000000000000000, 1.000000000000000000, 0.000000000000000000 ) ) ;
#3337 = SURFACE_STYLE_FILL_AREA ( #5176 ) ;
#3338 = EDGE_CURVE ( 'NONE', #279, #4809, #5588, .T. ) ;
#3339 =( GEOMETRIC_REPRESENTATION_CONTEXT ( 3 ) GLOBAL_UNCERTAINTY_ASSIGNED_CONTEXT ( ( #2207 ) ) GLOBAL_UNIT_ASSIGNED_CONTEXT ( ( #5831, #675, #2057 ) ) REPRESENTATION_CONTEXT ( 'NONE', 'WORKASPACE' ) );
#3340 = CIRCLE ( 'NONE', #4126, 1.599999999999999867 ) ;
#3341 = CARTESIAN_POINT ( 'NONE',  ( -14.53558483421489278, -8.551356099630737617, 41.99999999999999289 ) ) ;
#3342 = CARTESIAN_POINT ( 'NONE',  ( -28.53558483421483061, 3.948643900369246396, 45.50000000000000000 ) ) ;
#3343 = DIRECTION ( 'NONE',  ( 0.000000000000000000, 0.000000000000000000, -1.000000000000000000 ) ) ;
#3344 = CARTESIAN_POINT ( 'NONE',  ( -26.33558483421486685, 10.94864390036924107, 43.50000000000000000 ) ) ;
#3345 = LINE ( 'NONE', #971, #5553 ) ;
#3346 = ORIENTED_EDGE ( 'NONE', *, *, #3034, .F. ) ;
#3347 = ORIENTED_EDGE ( 'NONE', *, *, #1469, .T. ) ;
#3348 = CARTESIAN_POINT ( 'NONE',  ( -23.64758483421487156, -10.03135609963075936, 76.50000000000000000 ) ) ;
#3349 = DIRECTION ( 'NONE',  ( 0.000000000000000000, -1.000000000000000000, 0.000000000000000000 ) ) ;
#3350 = CARTESIAN_POINT ( 'NONE',  ( 4.264415165785130135, -2.451356099630771279, 74.49999999999998579 ) ) ;
#3351 = DIRECTION ( 'NONE',  ( -1.000000000000000000, 0.000000000000000000, 0.000000000000000000 ) ) ;
#3352 = VERTEX_POINT ( 'NONE', #3290 ) ;
#3353 = ORIENTED_EDGE ( 'NONE', *, *, #4731, .F. ) ;
#3354 = CARTESIAN_POINT ( 'NONE',  ( 13.46441516578512854, -8.551356099630758933, 52.00000000000000000 ) ) ;
#3355 = EDGE_CURVE ( 'NONE', #3128, #3002, #3367, .T. ) ;
#3356 = FILL_AREA_STYLE ('',( #454 ) ) ;
#3357 = EDGE_CURVE ( 'NONE', #5144, #3128, #4270, .T. ) ;
#3358 = LINE ( 'NONE', #5687, #724 ) ;
#3359 = CIRCLE ( 'NONE', #2366, 1.499999999999999556 ) ;
#3360 = STYLED_ITEM ( 'NONE', ( #6121 ), #2672 ) ;
#3361 = DIRECTION ( 'NONE',  ( 0.000000000000000000, -1.000000000000000000, 0.000000000000000000 ) ) ;
#3362 =( LENGTH_UNIT ( ) NAMED_UNIT ( * ) SI_UNIT ( .MILLI., .METRE. ) );
#3363 = CARTESIAN_POINT ( 'NONE',  ( -31.53558483421486969, -8.539145212538837626, 70.50000000000000000 ) ) ;
#3364 = SURFACE_STYLE_USAGE ( .BOTH. , #5242 ) ;
#3365 = CARTESIAN_POINT ( 'NONE',  ( -4.035584834214862582, -8.551356099630760710, 52.00000000000000000 ) ) ;
#3366 = AXIS2_PLACEMENT_3D ( 'NONE', #3608, #5546, #3151 ) ;
#3367 = CIRCLE ( 'NONE', #3065, 3.999999999999998224 ) ;
#3368 = FACE_BOUND ( 'NONE', #1158, .T. ) ;
#3369 = SURFACE_SIDE_STYLE ('',( #5699 ) ) ;
#3370 = FILL_AREA_STYLE_COLOUR ( '', #1286 ) ;
#3371 = CARTESIAN_POINT ( 'NONE',  ( -26.53558483421487324, -2.051356099630759378, 45.50000000000000000 ) ) ;
#3372 = STYLED_ITEM ( 'NONE', ( #868 ), #1943 ) ;
#3373 = CARTESIAN_POINT ( 'NONE',  ( 26.46441516578512676, 11.37864390036924256, 68.48999999999999488 ) ) ;
#3374 = VERTEX_POINT ( 'NONE', #4843 ) ;
#3375 = EDGE_CURVE ( 'NONE', #4607, #1901, #5973, .T. ) ;
#3376 = SURFACE_SIDE_STYLE ('',( #1984 ) ) ;
#3377 =( LENGTH_UNIT ( ) NAMED_UNIT ( * ) SI_UNIT ( .MILLI., .METRE. ) );
#3378 = PRESENTATION_STYLE_ASSIGNMENT (( #1962 ) ) ;
#3379 = MECHANICAL_DESIGN_GEOMETRIC_PRESENTATION_REPRESENTATION (  '', ( #4261 ), #992 ) ;
#3380 = CARTESIAN_POINT ( 'NONE',  ( 21.46441516578513031, -2.051356099630759378, 43.50000000000000000 ) ) ;
#3381 = ORIENTED_EDGE ( 'NONE', *, *, #5697, .T. ) ;
#3382 = ORIENTED_EDGE ( 'NONE', *, *, #3659, .T. ) ;
#3383 = EDGE_CURVE ( 'NONE', #2943, #5656, #4251, .T. ) ;
#3384 = VERTEX_POINT ( 'NONE', #5253 ) ;
#3385 =( NAMED_UNIT ( * ) SI_UNIT ( $, .STERADIAN. ) SOLID_ANGLE_UNIT ( ) );
#3386 = SURFACE_STYLE_FILL_AREA ( #3957 ) ;
#3387 = ORIENTED_EDGE ( 'NONE', *, *, #2554, .T. ) ;
#3388 = EDGE_CURVE ( 'NONE', #1636, #712, #4455, .T. ) ;
#3389 = ORIENTED_EDGE ( 'NONE', *, *, #2538, .T. ) ;
#3390 = EDGE_CURVE ( 'NONE', #1644, #5108, #1496, .T. ) ;
#3391 = CARTESIAN_POINT ( 'NONE',  ( -8.035584834214871464, -8.551356099630758933, 62.00000000000000000 ) ) ;
#3392 = CARTESIAN_POINT ( 'NONE',  ( -4.035584834214870575, -8.551356099630758933, 69.00000000000000000 ) ) ;
#3393 =( NAMED_UNIT ( * ) PLANE_ANGLE_UNIT ( ) SI_UNIT ( $, .RADIAN. ) );
#3394 = ADVANCED_FACE ( 'NONE', ( #2444 ), #980, .T. ) ;
#3395 = DIRECTION ( 'NONE',  ( 0.000000000000000000, 0.000000000000000000, -1.000000000000000000 ) ) ;
#3396 =( NAMED_UNIT ( * ) SI_UNIT ( $, .STERADIAN. ) SOLID_ANGLE_UNIT ( ) );
#3397 = CARTESIAN_POINT ( 'NONE',  ( 14.46441516578513031, 1.348643900369240978, 74.50000000000000000 ) ) ;
#3398 = FACE_BOUND ( 'NONE', #2616, .T. ) ;
#3399 = CARTESIAN_POINT ( 'NONE',  ( -28.03558483421486613, 14.44864390036923751, 43.50000000000000000 ) ) ;
#3400 = EDGE_LOOP ( 'NONE', ( #4889, #1080, #165, #2995 ) ) ;
#3401 = CARTESIAN_POINT ( 'NONE',  ( -2.335584834214884609, 1.348643900369237647, 74.49999999999998579 ) ) ;
#3402 = DIRECTION ( 'NONE',  ( 0.000000000000000000, 0.000000000000000000, -1.000000000000000000 ) ) ;
#3403 = DIRECTION ( 'NONE',  ( 0.000000000000000000, 0.000000000000000000, 1.000000000000000000 ) ) ;
#3404 = CARTESIAN_POINT ( 'NONE',  ( 7.464415165785128536, 9.948643900369241067, 74.50000000000000000 ) ) ;
#3405 = AXIS2_PLACEMENT_3D ( 'NONE', #5383, #1589, #94 ) ;
#3406 = DIRECTION ( 'NONE',  ( 0.000000000000000000, -1.000000000000000000, 0.000000000000000000 ) ) ;
#3407 = EDGE_CURVE ( 'NONE', #5231, #3644, #3561, .T. ) ;
#3408 = DIRECTION ( 'NONE',  ( 1.000000000000000000, 0.000000000000000000, 0.000000000000000000 ) ) ;
#3409 = ORIENTED_EDGE ( 'NONE', *, *, #5250, .F. ) ;
#3410 = LINE ( 'NONE', #3840, #287 ) ;
#3411 = ORIENTED_EDGE ( 'NONE', *, *, #3911, .T. ) ;
#3412 = ORIENTED_EDGE ( 'NONE', *, *, #5904, .F. ) ;
#3413 = MECHANICAL_DESIGN_GEOMETRIC_PRESENTATION_REPRESENTATION (  '', ( #4404 ), #2134 ) ;
#3414 = CARTESIAN_POINT ( 'NONE',  ( 16.21441516578513031, -10.64216787860075897, 41.85000000000000142 ) ) ;
#3415 = MECHANICAL_DESIGN_GEOMETRIC_PRESENTATION_REPRESENTATION (  '', ( #3221 ), #2332 ) ;
#3416 = CARTESIAN_POINT ( 'NONE',  ( 17.76441516578512747, 11.37864390036924256, 70.37999999999999545 ) ) ;
#3417 = COLOUR_RGB ( '',1.000000000000000000, 1.000000000000000000, 1.000000000000000000 ) ;
#3418 = VERTEX_POINT ( 'NONE', #1040 ) ;
#3419 = ORIENTED_EDGE ( 'NONE', *, *, #5844, .F. ) ;
#3420 =( BOUNDED_SURFACE ( )  B_SPLINE_SURFACE ( 1, 3, ( 
 ( #4704, #2887, #2431, #3763 ),
 ( #4323, #4735, #2921, #428 ) ),
 .UNSPECIFIED., .F., .F., .T. ) 
 B_SPLINE_SURFACE_WITH_KNOTS ( ( 2, 2 ),
 ( 4, 4 ),
 ( 0.04162577848936890174, 0.9583742215106310081 ),
 ( 0.000000000000000000, 1.000000000000000000 ),
 .UNSPECIFIED. ) 
 GEOMETRIC_REPRESENTATION_ITEM ( )  RATIONAL_B_SPLINE_SURFACE ( (
 ( 1.000000000000000000, 0.3333333333333335369, 0.3333333333333335369, 1.000000000000000000),
 ( 1.000000000000000000, 0.3333333333333335369, 0.3333333333333335369, 1.000000000000000000) ) ) 
 REPRESENTATION_ITEM ( '' )  SURFACE ( )  );
#3421 = CARTESIAN_POINT ( 'NONE',  ( -8.035584834214871464, -10.55135609963075893, 62.00000000000000000 ) ) ;
#3422 = MECHANICAL_DESIGN_GEOMETRIC_PRESENTATION_REPRESENTATION (  '', ( #2528 ), #433 ) ;
#3423 = LINE ( 'NONE', #2089, #1754 ) ;
#3424 = SURFACE_SIDE_STYLE ('',( #617 ) ) ;
#3425 = SURFACE_STYLE_USAGE ( .BOTH. , #3482 ) ;
#3426 = UNCERTAINTY_MEASURE_WITH_UNIT (LENGTH_MEASURE( 1.000000000000000082E-05 ), #567, 'distance_accuracy_value', 'NONE');
#3427 = CARTESIAN_POINT ( 'NONE',  ( 9.464415165785128536, -8.551356099630758933, 45.00000000000000000 ) ) ;
#3428 = ORIENTED_EDGE ( 'NONE', *, *, #3280, .F. ) ;
#3429 = CIRCLE ( 'NONE', #3818, 1.599999999999999867 ) ;
#3430 = UNCERTAINTY_MEASURE_WITH_UNIT (LENGTH_MEASURE( 1.000000000000000082E-05 ), #4468, 'distance_accuracy_value', 'NONE');
#3431 = MECHANICAL_DESIGN_GEOMETRIC_PRESENTATION_REPRESENTATION (  '', ( #3625 ), #3438 ) ;
#3432 = FILL_AREA_STYLE ('',( #1553 ) ) ;
#3433 = FILL_AREA_STYLE_COLOUR ( '', #5065 ) ;
#3434 = STYLED_ITEM ( 'NONE', ( #1880 ), #5887 ) ;
#3435 = VERTEX_POINT ( 'NONE', #3806 ) ;
#3436 = FACE_OUTER_BOUND ( 'NONE', #5629, .T. ) ;
#3437 =( LENGTH_UNIT ( ) NAMED_UNIT ( * ) SI_UNIT ( .MILLI., .METRE. ) );
#3438 =( GEOMETRIC_REPRESENTATION_CONTEXT ( 3 ) GLOBAL_UNCERTAINTY_ASSIGNED_CONTEXT ( ( #3426 ) ) GLOBAL_UNIT_ASSIGNED_CONTEXT ( ( #567, #2841, #90 ) ) REPRESENTATION_CONTEXT ( 'NONE', 'WORKASPACE' ) );
#3439 = CARTESIAN_POINT ( 'NONE',  ( 16.21441516578513031, -8.551356099630767815, 40.53553390593273065 ) ) ;
#3440 = DIRECTION ( 'NONE',  ( 0.000000000000000000, 1.000000000000000000, 0.000000000000000000 ) ) ;
#3441 = ORIENTED_EDGE ( 'NONE', *, *, #833, .T. ) ;
#3442 = ORIENTED_EDGE ( 'NONE', *, *, #5631, .T. ) ;
#3443 = ORIENTED_EDGE ( 'NONE', *, *, #469, .T. ) ;
#3444 = EDGE_CURVE ( 'NONE', #681, #5656, #2970, .T. ) ;
#3445 = FILL_AREA_STYLE_COLOUR ( '', #5555 ) ;
#3446 = PRESENTATION_STYLE_ASSIGNMENT (( #3992 ) ) ;
#3447 = CARTESIAN_POINT ( 'NONE',  ( -31.53558483421485192, -8.551356099630767815, 69.46446609406723383 ) ) ;
#3448 = ORIENTED_EDGE ( 'NONE', *, *, #3706, .F. ) ;
#3449 = EDGE_CURVE ( 'NONE', #3374, #987, #5865, .T. ) ;
#3450 = CARTESIAN_POINT ( 'NONE',  ( 13.71441516578512854, -10.55135609963075893, 39.49999999999999289 ) ) ;
#3451 = DIRECTION ( 'NONE',  ( 0.000000000000000000, 1.000000000000000000, 0.000000000000000000 ) ) ;
#3452 = CARTESIAN_POINT ( 'NONE',  ( 26.46441516578512676, -10.55135609963075893, 44.50000000000000000 ) ) ;
#3453 = DIRECTION ( 'NONE',  ( 0.000000000000000000, 1.000000000000000000, 0.000000000000000000 ) ) ;
#3454 = AXIS2_PLACEMENT_3D ( 'NONE', #4770, #621, #2922 ) ;
#3455 = CARTESIAN_POINT ( 'NONE',  ( 19.46441516578513031, -10.55135609963074650, 58.00000000000000711 ) ) ;
#3456 =( BOUNDED_SURFACE ( )  B_SPLINE_SURFACE ( 1, 3, ( 
 ( #6060, #4645, #4135, #2313 ),
 ( #792, #6027, #1292, #759 ) ),
 .UNSPECIFIED., .F., .F., .T. ) 
 B_SPLINE_SURFACE_WITH_KNOTS ( ( 2, 2 ),
 ( 4, 4 ),
 ( 0.04162577848936890174, 0.9583742215106310081 ),
 ( 0.000000000000000000, 1.000000000000000000 ),
 .UNSPECIFIED. ) 
 GEOMETRIC_REPRESENTATION_ITEM ( )  RATIONAL_B_SPLINE_SURFACE ( (
 ( 1.000000000000000000, 0.3333333333333335369, 0.3333333333333335369, 1.000000000000000000),
 ( 1.000000000000000000, 0.3333333333333335369, 0.3333333333333335369, 1.000000000000000000) ) ) 
 REPRESENTATION_ITEM ( '' )  SURFACE ( )  );
#3457 = AXIS2_PLACEMENT_3D ( 'NONE', #5181, #3395, #1030 ) ;
#3458 = COLOUR_RGB ( '',1.000000000000000000, 1.000000000000000000, 1.000000000000000000 ) ;
#3459 = CARTESIAN_POINT ( 'NONE',  ( 6.464415165785128536, -10.55135609963074650, 62.00000000000000711 ) ) ;
#3460 = FACE_OUTER_BOUND ( 'NONE', #6048, .T. ) ;
#3461 = CARTESIAN_POINT ( 'NONE',  ( -31.53558483421486969, 10.94864390036924107, 45.50000000000000000 ) ) ;
#3462 = CIRCLE ( 'NONE', #2276, 3.560000000000000497 ) ;
#3463 = AXIS2_PLACEMENT_3D ( 'NONE', #1012, #4781, #1074 ) ;
#3464 = ORIENTED_EDGE ( 'NONE', *, *, #4106, .F. ) ;
#3465 = EDGE_CURVE ( 'NONE', #2373, #3898, #473, .T. ) ;
#3466 = EDGE_CURVE ( 'NONE', #5615, #2361, #2113, .T. ) ;
#3467 = SURFACE_STYLE_USAGE ( .BOTH. , #3922 ) ;
#3468 = FACE_BOUND ( 'NONE', #5353, .T. ) ;
#3469 = AXIS2_PLACEMENT_3D ( 'NONE', #1499, #4815, #2448 ) ;
#3470 = VERTEX_POINT ( 'NONE', #4366 ) ;
#3471 = ORIENTED_EDGE ( 'NONE', *, *, #3444, .F. ) ;
#3472 = AXIS2_PLACEMENT_3D ( 'NONE', #5188, #1865, #2756 ) ;
#3473 = CARTESIAN_POINT ( 'NONE',  ( -24.53558483421487324, 11.94864390036921975, 43.49999999999999289 ) ) ;
#3474 = DIRECTION ( 'NONE',  ( 1.000000000000000000, 0.000000000000000000, 0.000000000000000000 ) ) ;
#3475 = CARTESIAN_POINT ( 'NONE',  ( -24.53558483421486969, -10.55135609963075893, 62.00000000000000000 ) ) ;
#3476 = CARTESIAN_POINT ( 'NONE',  ( 17.76441516578512747, -10.98135609963076043, 76.61999999999999034 ) ) ;
#3477 = CARTESIAN_POINT ( 'NONE',  ( 14.46441516578513031, 4.548643900369238935, 76.50000000000000000 ) ) ;
#3478 = ORIENTED_EDGE ( 'NONE', *, *, #5237, .F. ) ;
#3479 =( LENGTH_UNIT ( ) NAMED_UNIT ( * ) SI_UNIT ( .MILLI., .METRE. ) );
#3480 = DIRECTION ( 'NONE',  ( 0.000000000000000000, 1.000000000000000000, 0.000000000000000000 ) ) ;
#3481 = SURFACE_STYLE_FILL_AREA ( #720 ) ;
#3482 = SURFACE_SIDE_STYLE ('',( #4866 ) ) ;
#3483 = SURFACE_SIDE_STYLE ('',( #4867 ) ) ;
#3484 = PLANE ( 'NONE',  #5206 ) ;
#3485 = ORIENTED_EDGE ( 'NONE', *, *, #16, .T. ) ;
#3486 = EDGE_CURVE ( 'NONE', #779, #1462, #2410, .T. ) ;
#3487 = UNCERTAINTY_MEASURE_WITH_UNIT (LENGTH_MEASURE( 1.000000000000000082E-05 ), #4965, 'distance_accuracy_value', 'NONE');
#3488 =( NAMED_UNIT ( * ) PLANE_ANGLE_UNIT ( ) SI_UNIT ( $, .RADIAN. ) );
#3489 = CARTESIAN_POINT ( 'NONE',  ( 9.464415165785128536, -8.551356099630758933, 59.00000000000000000 ) ) ;
#3490 = CARTESIAN_POINT ( 'NONE',  ( 18.57641516578512864, 14.90864390036924014, 74.50000000000000000 ) ) ;
#3491 = MECHANICAL_DESIGN_GEOMETRIC_PRESENTATION_REPRESENTATION (  '', ( #6192 ), #5191 ) ;
#3492 = CARTESIAN_POINT ( 'NONE',  ( 26.46441516578512676, -10.98135609963076043, 68.48999999999999488 ) ) ;
#3493 = ADVANCED_FACE ( 'NONE', ( #217 ), #4980, .F. ) ;
#3494 = CARTESIAN_POINT ( 'NONE',  ( -2.335584834214884609, 1.348643900369237647, 76.50000000000000000 ) ) ;
#3495 = CARTESIAN_POINT ( 'NONE',  ( 17.85522694475712768, -8.460544320660760675, 49.49999999999999289 ) ) ;
#3496 = MECHANICAL_DESIGN_GEOMETRIC_PRESENTATION_REPRESENTATION (  '', ( #1211 ), #1317 ) ;
#3497 = CARTESIAN_POINT ( 'NONE',  ( 23.05522694475513035, 14.44864390036923751, 43.40918822102799624 ) ) ;
#3498 = EDGE_CURVE ( 'NONE', #1885, #2273, #2566, .T. ) ;
#3499 = STYLED_ITEM ( 'NONE', ( #3446 ), #655 ) ;
#3500 = ORIENTED_EDGE ( 'NONE', *, *, #2301, .T. ) ;
#3501 = ORIENTED_EDGE ( 'NONE', *, *, #538, .T. ) ;
#3502 = VECTOR ( 'NONE', #2214, 1000.000000000000000 ) ;
#3503 = FILL_AREA_STYLE ('',( #1623 ) ) ;
#3504 = AXIS2_PLACEMENT_3D ( 'NONE', #1963, #4691, #5160 ) ;
#3505 = CARTESIAN_POINT ( 'NONE',  ( -12.53558483421487146, 2.948643900369238402, 76.50000000000000000 ) ) ;
#3506 = CARTESIAN_POINT ( 'NONE',  ( 16.21441516578513031, -8.460544320660760675, 49.64999999999999858 ) ) ;
#3507 = SURFACE_STYLE_USAGE ( .BOTH. , #3071 ) ;
#3508 =( NAMED_UNIT ( * ) SI_UNIT ( $, .STERADIAN. ) SOLID_ANGLE_UNIT ( ) );
#3509 = CARTESIAN_POINT ( 'NONE',  ( -22.83558483421487040, -10.55135609963075893, 49.49999999999999289 ) ) ;
#3510 =( GEOMETRIC_REPRESENTATION_CONTEXT ( 3 ) GLOBAL_UNCERTAINTY_ASSIGNED_CONTEXT ( ( #2925 ) ) GLOBAL_UNIT_ASSIGNED_CONTEXT ( ( #553, #636, #4945 ) ) REPRESENTATION_CONTEXT ( 'NONE', 'WORKASPACE' ) );
#3511 = VERTEX_POINT ( 'NONE', #5880 ) ;
#3512 = ORIENTED_EDGE ( 'NONE', *, *, #16, .F. ) ;
#3513 =( BOUNDED_SURFACE ( )  B_SPLINE_SURFACE ( 1, 3, ( 
 ( #850, #735, #3157, #5066 ),
 ( #3093, #3645, #4111, #4052 ) ),
 .UNSPECIFIED., .F., .F., .T. ) 
 B_SPLINE_SURFACE_WITH_KNOTS ( ( 2, 2 ),
 ( 4, 4 ),
 ( 0.04162577848936890174, 0.9583742215106310081 ),
 ( 0.000000000000000000, 1.000000000000000000 ),
 .UNSPECIFIED. ) 
 GEOMETRIC_REPRESENTATION_ITEM ( )  RATIONAL_B_SPLINE_SURFACE ( (
 ( 1.000000000000000000, 0.3333333333333335369, 0.3333333333333335369, 1.000000000000000000),
 ( 1.000000000000000000, 0.3333333333333335369, 0.3333333333333335369, 1.000000000000000000) ) ) 
 REPRESENTATION_ITEM ( '' )  SURFACE ( )  );
#3514 = DIRECTION ( 'NONE',  ( 0.000000000000000000, 1.000000000000000000, 0.000000000000000000 ) ) ;
#3515 = SURFACE_STYLE_FILL_AREA ( #2682 ) ;
#3516 = DIRECTION ( 'NONE',  ( 0.000000000000000000, 1.000000000000000000, 0.000000000000000000 ) ) ;
#3517 = CARTESIAN_POINT ( 'NONE',  ( 16.21441516578513031, -10.55135609963075893, 49.49999999999999289 ) ) ;
#3518 =( GEOMETRIC_REPRESENTATION_CONTEXT ( 3 ) GLOBAL_UNCERTAINTY_ASSIGNED_CONTEXT ( ( #3160 ) ) GLOBAL_UNIT_ASSIGNED_CONTEXT ( ( #3156, #2694, #6064 ) ) REPRESENTATION_CONTEXT ( 'NONE', 'WORKASPACE' ) );
#3519 = FILL_AREA_STYLE_COLOUR ( '', #4298 ) ;
#3520 = EDGE_CURVE ( 'NONE', #956, #1669, #1113, .T. ) ;
#3521 = CARTESIAN_POINT ( 'NONE',  ( 7.464415165785128536, 1.348643900369240978, 76.50000000000000000 ) ) ;
#3522 =( LENGTH_UNIT ( ) NAMED_UNIT ( * ) SI_UNIT ( .MILLI., .METRE. ) );
#3523 = PRESENTATION_LAYER_ASSIGNMENT (  '', '', ( #4414 ) ) ;
#3524 =( LENGTH_UNIT ( ) NAMED_UNIT ( * ) SI_UNIT ( .MILLI., .METRE. ) );
#3525 = ORIENTED_EDGE ( 'NONE', *, *, #4454, .F. ) ;
#3526 = STYLED_ITEM ( 'NONE', ( #4217 ), #5341 ) ;
#3527 = ADVANCED_FACE ( 'NONE', ( #3468, #2534, #4458 ), #4572, .F. ) ;
#3528 = SURFACE_STYLE_USAGE ( .BOTH. , #5915 ) ;
#3529 =( LENGTH_UNIT ( ) NAMED_UNIT ( * ) SI_UNIT ( .MILLI., .METRE. ) );
#3530 = COLOUR_RGB ( '',1.000000000000000000, 1.000000000000000000, 1.000000000000000000 ) ;
#3531 = FILL_AREA_STYLE_COLOUR ( '', #4981 ) ;
#3532 = ORIENTED_EDGE ( 'NONE', *, *, #1851, .T. ) ;
#3533 = COLOUR_RGB ( '',1.000000000000000000, 1.000000000000000000, 1.000000000000000000 ) ;
#3534 = UNCERTAINTY_MEASURE_WITH_UNIT (LENGTH_MEASURE( 1.000000000000000082E-05 ), #701, 'distance_accuracy_value', 'NONE');
#3535 = CARTESIAN_POINT ( 'NONE',  ( 23.46441516578513031, -10.55135609963075893, 62.00000000000000000 ) ) ;
#3536 = FACE_OUTER_BOUND ( 'NONE', #4506, .T. ) ;
#3537 = CARTESIAN_POINT ( 'NONE',  ( 0.4644151657851297021, 1.348643900369240978, 76.50000000000000000 ) ) ;
#3538 = CARTESIAN_POINT ( 'NONE',  ( 17.76441516578512747, -10.98135609963076043, 70.37999999999999545 ) ) ;
#3539 = FACE_OUTER_BOUND ( 'NONE', #1557, .T. ) ;
#3540 = ORIENTED_EDGE ( 'NONE', *, *, #5060, .T. ) ;
#3541 = ORIENTED_EDGE ( 'NONE', *, *, #1987, .F. ) ;
#3542 = EDGE_CURVE ( 'NONE', #3813, #2117, #1431, .T. ) ;
#3543 = CARTESIAN_POINT ( 'NONE',  ( -22.73558483421481213, 4.548643900369216730, 76.50000000000000000 ) ) ;
#3544 = DIRECTION ( 'NONE',  ( 0.000000000000000000, 0.000000000000000000, -1.000000000000000000 ) ) ;
#3545 = CARTESIAN_POINT ( 'NONE',  ( -24.53558483421486969, 7.948643900369239290, 43.50000000000000000 ) ) ;
#3546 = FILL_AREA_STYLE ('',( #2159 ) ) ;
#3547 =( NAMED_UNIT ( * ) PLANE_ANGLE_UNIT ( ) SI_UNIT ( $, .RADIAN. ) );
#3548 = DIRECTION ( 'NONE',  ( 0.000000000000000000, 0.000000000000000000, -1.000000000000000000 ) ) ;
#3549 = CARTESIAN_POINT ( 'NONE',  ( -6.535584834214871464, -8.551356099630758933, 62.00000000000000000 ) ) ;
#3550 = CARTESIAN_POINT ( 'NONE',  ( 6.464415165785128536, -8.551356099630766039, 62.00000000000000711 ) ) ;
#3551 = FILL_AREA_STYLE_COLOUR ( '', #2186 ) ;
#3552 = PRESENTATION_LAYER_ASSIGNMENT (  '', '', ( #2667 ) ) ;
#3553 = DIRECTION ( 'NONE',  ( 0.000000000000000000, -1.000000000000000000, 0.000000000000000000 ) ) ;
#3554 = CARTESIAN_POINT ( 'NONE',  ( 19.21416263409096814, 14.44864390036923574, 45.50000000000000000 ) ) ;
#3555 = CIRCLE ( 'NONE', #3457, 1.600000000000000089 ) ;
#3556 = MECHANICAL_DESIGN_GEOMETRIC_PRESENTATION_REPRESENTATION (  '', ( #2671 ), #6159 ) ;
#3557 = DIRECTION ( 'NONE',  ( 1.000000000000000000, 0.000000000000000000, 0.000000000000000000 ) ) ;
#3558 =( LENGTH_UNIT ( ) NAMED_UNIT ( * ) SI_UNIT ( .MILLI., .METRE. ) );
#3559 = DIRECTION ( 'NONE',  ( 0.000000000000000000, 1.000000000000000000, 0.000000000000000000 ) ) ;
#3560 = COLOUR_RGB ( '',1.000000000000000000, 1.000000000000000000, 1.000000000000000000 ) ;
#3561 = CIRCLE ( 'NONE', #3463, 2.000000000000001776 ) ;
#3562 = CARTESIAN_POINT ( 'NONE',  ( 26.46441516578512676, -9.551356099630760710, 43.50000000000000000 ) ) ;
#3563 = FACE_BOUND ( 'NONE', #3662, .T. ) ;
#3564 = ADVANCED_FACE ( 'NONE', ( #2754 ), #2634, .T. ) ;
#3565 = VERTEX_POINT ( 'NONE', #3958 ) ;
#3566 = ORIENTED_EDGE ( 'NONE', *, *, #698, .F. ) ;
#3567 = LINE ( 'NONE', #3286, #139 ) ;
#3568 = UNCERTAINTY_MEASURE_WITH_UNIT (LENGTH_MEASURE( 1.000000000000000082E-05 ), #2329, 'distance_accuracy_value', 'NONE');
#3569 = COLOUR_RGB ( '',1.000000000000000000, 1.000000000000000000, 1.000000000000000000 ) ;
#3570 = CARTESIAN_POINT ( 'NONE',  ( -12.53558483421487146, 1.348643900369240978, 76.50000000000000000 ) ) ;
#3571 = ADVANCED_FACE ( 'NONE', ( #3536 ), #1322, .F. ) ;
#3572 = ORIENTED_EDGE ( 'NONE', *, *, #510, .F. ) ;
#3573 = AXIS2_PLACEMENT_3D ( 'NONE', #3777, #916, #4267 ) ;
#3574 = ORIENTED_EDGE ( 'NONE', *, *, #4049, .T. ) ;
#3575 = CARTESIAN_POINT ( 'NONE',  ( -19.53558483421487324, 4.548643900369238935, 76.50000000000000000 ) ) ;
#3576 = LINE ( 'NONE', #3079, #4014 ) ;
#3577 = CARTESIAN_POINT ( 'NONE',  ( 11.96441516578513031, -10.55135609963075893, 52.00000000000000000 ) ) ;
#3578 = CARTESIAN_POINT ( 'NONE',  ( -31.53558483421486969, -11.53914521253883763, 43.85280969941640450 ) ) ;
#3579 =( NAMED_UNIT ( * ) SI_UNIT ( $, .STERADIAN. ) SOLID_ANGLE_UNIT ( ) );
#3580 = ADVANCED_FACE ( 'NONE', ( #3626 ), #5818, .T. ) ;
#3581 =( NAMED_UNIT ( * ) SI_UNIT ( $, .STERADIAN. ) SOLID_ANGLE_UNIT ( ) );
#3582 = CARTESIAN_POINT ( 'NONE',  ( -12.53558483421487146, -2.451356099630760177, 76.50000000000000000 ) ) ;
#3583 =( NAMED_UNIT ( * ) SI_UNIT ( $, .STERADIAN. ) SOLID_ANGLE_UNIT ( ) );
#3584 = EDGE_LOOP ( 'NONE', ( #2407, #224 ) ) ;
#3585 = AXIS2_PLACEMENT_3D ( 'NONE', #3185, #5092, #2722 ) ;
#3586 = SURFACE_STYLE_FILL_AREA ( #5982 ) ;
#3587 = UNCERTAINTY_MEASURE_WITH_UNIT (LENGTH_MEASURE( 1.000000000000000082E-05 ), #3479, 'distance_accuracy_value', 'NONE');
#3588 = STYLED_ITEM ( 'NONE', ( #3629 ), #9 ) ;
#3589 = EDGE_LOOP ( 'NONE', ( #4440, #5817 ) ) ;
#3590 = ORIENTED_EDGE ( 'NONE', *, *, #5591, .F. ) ;
#3591 = SURFACE_SIDE_STYLE ('',( #191 ) ) ;
#3592 = FILL_AREA_STYLE_COLOUR ( '', #3930 ) ;
#3593 = EDGE_CURVE ( 'NONE', #1285, #5597, #309, .T. ) ;
#3594 = CARTESIAN_POINT ( 'NONE',  ( -22.83558483421488106, 12.97404361832104058, 76.50000000000001421 ) ) ;
#3595 = AXIS2_PLACEMENT_3D ( 'NONE', #3603, #1247, #4417 ) ;
#3596 =( LENGTH_UNIT ( ) NAMED_UNIT ( * ) SI_UNIT ( .MILLI., .METRE. ) );
#3597 = VERTEX_POINT ( 'NONE', #4367 ) ;
#3598 = ORIENTED_EDGE ( 'NONE', *, *, #2369, .F. ) ;
#3599 = AXIS2_PLACEMENT_3D ( 'NONE', #3103, #1597, #583 ) ;
#3600 = DIRECTION ( 'NONE',  ( -1.000000000000000000, 0.000000000000000000, 0.000000000000000000 ) ) ;
#3601 = DIRECTION ( 'NONE',  ( 0.000000000000000000, 0.000000000000000000, -1.000000000000000000 ) ) ;
#3602 = CARTESIAN_POINT ( 'NONE',  ( -4.035584834214870575, -8.551356099630758933, 55.00000000000000000 ) ) ;
#3603 = CARTESIAN_POINT ( 'NONE',  ( 21.46441516578513031, -2.051356099630759378, 45.50000000000000000 ) ) ;
#3604 = SURFACE_SIDE_STYLE ('',( #4286 ) ) ;
#3605 = VECTOR ( 'NONE', #5456, 1000.000000000000000 ) ;
#3606 = CARTESIAN_POINT ( 'NONE',  ( -15.73558483421485832, 11.54864390036920341, 76.50000000000000000 ) ) ;
#3607 =( NAMED_UNIT ( * ) PLANE_ANGLE_UNIT ( ) SI_UNIT ( $, .RADIAN. ) );
#3608 = CARTESIAN_POINT ( 'NONE',  ( 4.464415165785129425, -10.55135609963075893, 62.00000000000000000 ) ) ;
#3609 = LINE ( 'NONE', #876, #4025 ) ;
#3610 = CIRCLE ( 'NONE', #928, 1.599999999999999867 ) ;
#3611 = CARTESIAN_POINT ( 'NONE',  ( 19.21416263409096814, 14.44864390036923574, 43.50000000000000000 ) ) ;
#3612 = COLOUR_RGB ( '',1.000000000000000000, 1.000000000000000000, 1.000000000000000000 ) ;
#3613 = CARTESIAN_POINT ( 'NONE',  ( 14.46441516578513031, 4.548643900369238935, 74.50000000000000000 ) ) ;
#3614 = ORIENTED_EDGE ( 'NONE', *, *, #2665, .F. ) ;
#3615 = DIRECTION ( 'NONE',  ( 1.000000000000000000, 0.000000000000000000, 0.000000000000000000 ) ) ;
#3616 = CARTESIAN_POINT ( 'NONE',  ( 13.46441516578513031, -8.551356099630760710, 49.00000000000000000 ) ) ;
#3617 = MECHANICAL_DESIGN_GEOMETRIC_PRESENTATION_REPRESENTATION (  '', ( #5931 ), #4719 ) ;
#3618 = EDGE_CURVE ( 'NONE', #714, #349, #3894, .T. ) ;
#3619 = DIRECTION ( 'NONE',  ( 0.000000000000000000, 1.000000000000000000, 0.000000000000000000 ) ) ;
#3620 = PRESENTATION_STYLE_ASSIGNMENT (( #3096 ) ) ;
#3621 = MECHANICAL_DESIGN_GEOMETRIC_PRESENTATION_REPRESENTATION (  '', ( #4117 ), #2339 ) ;
#3622 = VERTEX_POINT ( 'NONE', #4398 ) ;
#3623 = DIRECTION ( 'NONE',  ( 0.000000000000000000, -1.000000000000000000, 0.000000000000000000 ) ) ;
#3624 = SURFACE_STYLE_FILL_AREA ( #4029 ) ;
#3625 = STYLED_ITEM ( 'NONE', ( #493 ), #5646 ) ;
#3626 = FACE_OUTER_BOUND ( 'NONE', #2692, .T. ) ;
#3627 = UNCERTAINTY_MEASURE_WITH_UNIT (LENGTH_MEASURE( 1.000000000000000082E-05 ), #2784, 'distance_accuracy_value', 'NONE');
#3628 = CARTESIAN_POINT ( 'NONE',  ( 17.76441516578512747, -10.98135609963076043, 49.61999999999999744 ) ) ;
#3629 = PRESENTATION_STYLE_ASSIGNMENT (( #2651 ) ) ;
#3630 = EDGE_LOOP ( 'NONE', ( #504, #1778, #1350, #2679 ) ) ;
#3631 = ORIENTED_EDGE ( 'NONE', *, *, #5287, .T. ) ;
#3632 = MECHANICAL_DESIGN_GEOMETRIC_PRESENTATION_REPRESENTATION (  '', ( #656 ), #554 ) ;
#3633 = CARTESIAN_POINT ( 'NONE',  ( -2.535584834214871464, -10.55135609963075893, 69.00000000000000000 ) ) ;
#3634 = DIRECTION ( 'NONE',  ( 0.000000000000000000, -1.000000000000000000, 0.000000000000000000 ) ) ;
#3635 =( GEOMETRIC_REPRESENTATION_CONTEXT ( 3 ) GLOBAL_UNCERTAINTY_ASSIGNED_CONTEXT ( ( #5467 ) ) GLOBAL_UNIT_ASSIGNED_CONTEXT ( ( #239, #5136, #4097 ) ) REPRESENTATION_CONTEXT ( 'NONE', 'WORKASPACE' ) );
#3636 = LINE ( 'NONE', #1117, #1071 ) ;
#3637 = EDGE_CURVE ( 'NONE', #3137, #1083, #5881, .T. ) ;
#3638 = ORIENTED_EDGE ( 'NONE', *, *, #2576, .T. ) ;
#3639 = CARTESIAN_POINT ( 'NONE',  ( 2.964415165785129869, -10.55135609963074650, 59.00000000000000000 ) ) ;
#3640 = CARTESIAN_POINT ( 'NONE',  ( -6.535584834214871464, -10.55135609963075893, 62.00000000000000000 ) ) ;
#3641 = CARTESIAN_POINT ( 'NONE',  ( 5.964415165785129425, -8.551356099630758933, 62.00000000000000000 ) ) ;
#3642 = AXIS2_PLACEMENT_3D ( 'NONE', #4140, #4974, #5556 ) ;
#3643 = CARTESIAN_POINT ( 'NONE',  ( 17.76441516578512747, 10.94864390036924107, 43.50000000000000000 ) ) ;
#3644 = VERTEX_POINT ( 'NONE', #4547 ) ;
#3645 = CARTESIAN_POINT ( 'NONE',  ( 10.66441516578512783, -5.651356099630778118, 76.50000000000000000 ) ) ;
#3646 = DIRECTION ( 'NONE',  ( -1.000000000000000000, 0.000000000000000000, 0.000000000000000000 ) ) ;
#3647 = DIRECTION ( 'NONE',  ( 0.000000000000000000, 0.000000000000000000, 1.000000000000000000 ) ) ;
#3648 = AXIS2_PLACEMENT_3D ( 'NONE', #560, #5721, #4619 ) ;
#3649 = EDGE_CURVE ( 'NONE', #6004, #4374, #654, .T. ) ;
#3650 = EDGE_CURVE ( 'NONE', #5679, #3967, #1320, .T. ) ;
#3651 = ORIENTED_EDGE ( 'NONE', *, *, #488, .F. ) ;
#3652 =( BOUNDED_SURFACE ( )  B_SPLINE_SURFACE ( 1, 3, ( 
 ( #784, #2684, #4612, #1312 ),
 ( #3602, #812, #4640, #6020 ) ),
 .UNSPECIFIED., .F., .F., .T. ) 
 B_SPLINE_SURFACE_WITH_KNOTS ( ( 2, 2 ),
 ( 4, 4 ),
 ( 0.04162577848936815234, 0.9583742215106310081 ),
 ( 0.000000000000000000, 1.000000000000000000 ),
 .UNSPECIFIED. ) 
 GEOMETRIC_REPRESENTATION_ITEM ( )  RATIONAL_B_SPLINE_SURFACE ( (
 ( 1.000000000000000000, 0.3333333333333335369, 0.3333333333333335369, 1.000000000000000000),
 ( 1.000000000000000000, 0.3333333333333335369, 0.3333333333333335369, 1.000000000000000000) ) ) 
 REPRESENTATION_ITEM ( '' )  SURFACE ( )  );
#3653 = ORIENTED_EDGE ( 'NONE', *, *, #2665, .T. ) ;
#3654 = B_SPLINE_SURFACE_WITH_KNOTS ( 'NONE', 1, 1, ( 
 ( #241, #813 ),
 ( #1697, #3202 ) ),
 .UNSPECIFIED., .F., .F., .F.,
 ( 2, 2 ),
 ( 2, 2 ),
 ( -1.159999999999999920, 59.15999999999999659 ),
 ( 0.2800000000000000266, 37.71999999999999886 ),
 .UNSPECIFIED. ) ;
#3655 = DIRECTION ( 'NONE',  ( 0.000000000000000000, 0.000000000000000000, -1.000000000000000000 ) ) ;
#3656 = STYLED_ITEM ( 'NONE', ( #119 ), #3026 ) ;
#3657 = LINE ( 'NONE', #831, #1982 ) ;
#3658 = CARTESIAN_POINT ( 'NONE',  ( 17.76441516578512747, -10.98135609963076043, 43.38000000000000256 ) ) ;
#3659 = EDGE_CURVE ( 'NONE', #3374, #6, #689, .T. ) ;
#3660 = CIRCLE ( 'NONE', #3366, 1.500000000000000000 ) ;
#3661 = ORIENTED_EDGE ( 'NONE', *, *, #3802, .F. ) ;
#3662 = EDGE_LOOP ( 'NONE', ( #1500, #4752 ) ) ;
#3663 = DIRECTION ( 'NONE',  ( 1.000000000000000000, 0.000000000000000000, 0.000000000000000000 ) ) ;
#3664 = DIRECTION ( 'NONE',  ( 0.000000000000000000, -1.000000000000000000, 0.000000000000000000 ) ) ;
#3665 = SURFACE_STYLE_USAGE ( .BOTH. , #5435 ) ;
#3666 = AXIS2_PLACEMENT_3D ( 'NONE', #4102, #3086, #1290 ) ;
#3667 = LINE ( 'NONE', #3201, #3144 ) ;
#3668 = AXIS2_PLACEMENT_3D ( 'NONE', #1249, #5506, #395 ) ;
#3669 = ORIENTED_EDGE ( 'NONE', *, *, #3542, .F. ) ;
#3670 = CARTESIAN_POINT ( 'NONE',  ( 23.46441516578513031, -8.551356099630758933, 62.00000000000000000 ) ) ;
#3671 = LINE ( 'NONE', #335, #4149 ) ;
#3672 = FACE_OUTER_BOUND ( 'NONE', #2669, .T. ) ;
#3673 = EDGE_CURVE ( 'NONE', #5224, #1127, #3791, .T. ) ;
#3674 = UNCERTAINTY_MEASURE_WITH_UNIT (LENGTH_MEASURE( 1.000000000000000082E-05 ), #3244, 'distance_accuracy_value', 'NONE');
#3675 = ORIENTED_EDGE ( 'NONE', *, *, #436, .T. ) ;
#3676 = CARTESIAN_POINT ( 'NONE',  ( 16.46441516578513387, -8.551356099630760710, 49.00000000000000000 ) ) ;
#3677 = FILL_AREA_STYLE_COLOUR ( '', #3904 ) ;
#3678 = LINE ( 'NONE', #1329, #5657 ) ;
#3679 = CARTESIAN_POINT ( 'NONE',  ( 9.464415165785128536, -8.551356099630758933, 45.00000000000000000 ) ) ;
#3680 = CARTESIAN_POINT ( 'NONE',  ( -21.28558483421486969, -8.539145212538837626, 39.49999999999999289 ) ) ;
#3681 = SURFACE_STYLE_USAGE ( .BOTH. , #2323 ) ;
#3682 = CARTESIAN_POINT ( 'NONE',  ( 19.46441516578512676, -2.051356099630759378, 45.50000000000000000 ) ) ;
#3683 = CARTESIAN_POINT ( 'NONE',  ( -20.25005092828214615, -10.55135609963075538, 39.50000000000000000 ) ) ;
#3684 = ORIENTED_EDGE ( 'NONE', *, *, #1096, .T. ) ;
#3685 = VERTEX_POINT ( 'NONE', #175 ) ;
#3686 = DIRECTION ( 'NONE',  ( 0.000000000000000000, -1.000000000000000000, 0.000000000000000000 ) ) ;
#3687 = CARTESIAN_POINT ( 'NONE',  ( -22.71158483421487162, -8.460544320660760675, 70.50000000000000000 ) ) ;
#3688 = SURFACE_STYLE_USAGE ( .BOTH. , #2731 ) ;
#3689 = CARTESIAN_POINT ( 'NONE',  ( -11.53558483421486969, -8.551356099630758933, 45.00000000000000000 ) ) ;
#3690 =( BOUNDED_SURFACE ( )  B_SPLINE_SURFACE ( 1, 3, ( 
 ( #1389, #1975, #4767, #3305 ),
 ( #3272, #2398, #2804, #1025 ) ),
 .UNSPECIFIED., .F., .F., .T. ) 
 B_SPLINE_SURFACE_WITH_KNOTS ( ( 2, 2 ),
 ( 4, 4 ),
 ( 0.04162577848936815234, 0.9583742215106310081 ),
 ( 0.000000000000000000, 1.000000000000000000 ),
 .UNSPECIFIED. ) 
 GEOMETRIC_REPRESENTATION_ITEM ( )  RATIONAL_B_SPLINE_SURFACE ( (
 ( 1.000000000000000000, 0.3333333333333335369, 0.3333333333333335369, 1.000000000000000000),
 ( 1.000000000000000000, 0.3333333333333335369, 0.3333333333333335369, 1.000000000000000000) ) ) 
 REPRESENTATION_ITEM ( '' )  SURFACE ( )  );
#3691 = EDGE_LOOP ( 'NONE', ( #2796, #1757, #5960, #5732 ) ) ;
#3692 = ORIENTED_EDGE ( 'NONE', *, *, #87, .T. ) ;
#3693 = ORIENTED_EDGE ( 'NONE', *, *, #219, .T. ) ;
#3694 = CARTESIAN_POINT ( 'NONE',  ( 26.46441516578512676, -8.551356099630758933, 68.00000000000000000 ) ) ;
#3695 = SURFACE_STYLE_USAGE ( .BOTH. , #4041 ) ;
#3696 = PRESENTATION_LAYER_ASSIGNMENT (  '', '', ( #5523 ) ) ;
#3697 = VERTEX_POINT ( 'NONE', #1184 ) ;
#3698 = LINE ( 'NONE', #4283, #321 ) ;
#3699 = CIRCLE ( 'NONE', #5527, 4.000000000000000000 ) ;
#3700 = CARTESIAN_POINT ( 'NONE',  ( 0.4644151657851297021, 4.548643900369238935, 74.50000000000000000 ) ) ;
#3701 = CARTESIAN_POINT ( 'NONE',  ( -32.69558483421486983, 14.90864390036924014, 45.50000000000000000 ) ) ;
#3702 = EDGE_LOOP ( 'NONE', ( #4274, #5903, #863, #4717 ) ) ;
#3703 = MECHANICAL_DESIGN_GEOMETRIC_PRESENTATION_REPRESENTATION (  '', ( #2523 ), #6113 ) ;
#3704 = AXIS2_PLACEMENT_3D ( 'NONE', #5526, #2079, #3955 ) ;
#3705 = ORIENTED_EDGE ( 'NONE', *, *, #5446, .T. ) ;
#3706 = EDGE_CURVE ( 'NONE', #5616, #806, #4516, .T. ) ;
#3707 = CARTESIAN_POINT ( 'NONE',  ( 9.464415165785128536, -8.551356099630758933, 59.00000000000000000 ) ) ;
#3708 = PRESENTATION_STYLE_ASSIGNMENT (( #5582 ) ) ;
#3709 = FILL_AREA_STYLE_COLOUR ( '', #4653 ) ;
#3710 = VECTOR ( 'NONE', #2088, 1000.000000000000000 ) ;
#3711 = SURFACE_STYLE_USAGE ( .BOTH. , #2292 ) ;
#3712 = SURFACE_STYLE_FILL_AREA ( #6097 ) ;
#3713 =( BOUNDED_SURFACE ( )  B_SPLINE_SURFACE ( 1, 3, ( 
 ( #5428, #646, #104, #1573 ),
 ( #1141, #3447, #3042, #5361 ) ),
 .UNSPECIFIED., .F., .F., .T. ) 
 B_SPLINE_SURFACE_WITH_KNOTS ( ( 2, 2 ),
 ( 4, 4 ),
 ( 0.04162577848936895031, 0.9583742215106310081 ),
 ( 0.000000000000000000, 1.000000000000000000 ),
 .UNSPECIFIED. ) 
 GEOMETRIC_REPRESENTATION_ITEM ( )  RATIONAL_B_SPLINE_SURFACE ( (
 ( 1.000000000000000000, 0.8047378541243649375, 0.8047378541243649375, 1.000000000000000000),
 ( 1.000000000000000000, 0.8047378541243649375, 0.8047378541243649375, 1.000000000000000000) ) ) 
 REPRESENTATION_ITEM ( '' )  SURFACE ( )  );
#3714 = VECTOR ( 'NONE', #766, 1000.000000000000000 ) ;
#3715 = DIRECTION ( 'NONE',  ( -1.000000000000000000, 0.000000000000000000, 0.000000000000000000 ) ) ;
#3716 = DIRECTION ( 'NONE',  ( 1.000000000000000000, 0.000000000000000000, 0.000000000000000000 ) ) ;
#3717 = ORIENTED_EDGE ( 'NONE', *, *, #5941, .T. ) ;
#3718 = ORIENTED_EDGE ( 'NONE', *, *, #1578, .F. ) ;
#3719 = FILL_AREA_STYLE_COLOUR ( '', #2277 ) ;
#3720 = COLOUR_RGB ( '',1.000000000000000000, 1.000000000000000000, 1.000000000000000000 ) ;
#3721 =( LENGTH_UNIT ( ) NAMED_UNIT ( * ) SI_UNIT ( .MILLI., .METRE. ) );
#3722 = ORIENTED_EDGE ( 'NONE', *, *, #2387, .T. ) ;
#3723 = EDGE_LOOP ( 'NONE', ( #4696, #4979, #2351, #1611 ) ) ;
#3724 = VERTEX_POINT ( 'NONE', #5867 ) ;
#3725 = LINE ( 'NONE', #1814, #2408 ) ;
#3726 = SURFACE_SIDE_STYLE ('',( #4756 ) ) ;
#3727 = CARTESIAN_POINT ( 'NONE',  ( -29.03558483421486613, -10.55135609963075893, 68.00000000000000000 ) ) ;
#3728 = AXIS2_PLACEMENT_3D ( 'NONE', #1460, #1006, #4777 ) ;
#3729 = EDGE_CURVE ( 'NONE', #507, #5886, #3976, .T. ) ;
#3730 = ADVANCED_FACE ( 'NONE', ( #3941 ), #3484, .T. ) ;
#3731 = B_SPLINE_SURFACE_WITH_KNOTS ( 'NONE', 1, 1, ( 
 ( #3919, #3490 ),
 ( #1124, #5443 ) ),
 .UNSPECIFIED., .F., .F., .F.,
 ( 2, 2 ),
 ( 2, 2 ),
 ( -25.46000000000000085, -1.540000000000000036 ),
 ( 7.887999999999999901, 50.11200000000000188 ),
 .UNSPECIFIED. ) ;
#3732 =( NAMED_UNIT ( * ) PLANE_ANGLE_UNIT ( ) SI_UNIT ( $, .RADIAN. ) );
#3733 = CARTESIAN_POINT ( 'NONE',  ( 17.76441516578512747, -9.551356099630760710, 43.50000000000000000 ) ) ;
#3734 =( LENGTH_UNIT ( ) NAMED_UNIT ( * ) SI_UNIT ( .MILLI., .METRE. ) );
#3735 = DIRECTION ( 'NONE',  ( 0.000000000000000000, 0.000000000000000000, -1.000000000000000000 ) ) ;
#3736 = VERTEX_POINT ( 'NONE', #3537 ) ;
#3737 = FILL_AREA_STYLE ('',( #938 ) ) ;
#3738 = ORIENTED_EDGE ( 'NONE', *, *, #5306, .F. ) ;
#3739 = CARTESIAN_POINT ( 'NONE',  ( 4.264415165785135464, 4.548643900369247817, 74.49999999999998579 ) ) ;
#3740 = DIRECTION ( 'NONE',  ( 0.000000000000000000, 1.000000000000000000, 0.000000000000000000 ) ) ;
#3741 = FACE_OUTER_BOUND ( 'NONE', #3841, .T. ) ;
#3742 = UNCERTAINTY_MEASURE_WITH_UNIT (LENGTH_MEASURE( 1.000000000000000082E-05 ), #93, 'distance_accuracy_value', 'NONE');
#3743 = CARTESIAN_POINT ( 'NONE',  ( 17.76441516578512747, -11.53914521253883763, 76.84091195102224958 ) ) ;
#3744 = ORIENTED_EDGE ( 'NONE', *, *, #3804, .F. ) ;
#3745 = VERTEX_POINT ( 'NONE', #5460 ) ;
#3746 = CIRCLE ( 'NONE', #3937, 1.599999999999999867 ) ;
#3747 = CARTESIAN_POINT ( 'NONE',  ( -14.53558483421486969, -8.551356099630758933, 59.00000000000000000 ) ) ;
#3748 = CARTESIAN_POINT ( 'NONE',  ( -1.035584834214865024, -10.55135609963076604, 72.00000000000000000 ) ) ;
#3749 = EDGE_CURVE ( 'NONE', #157, #5156, #1206, .T. ) ;
#3750 = ORIENTED_EDGE ( 'NONE', *, *, #3706, .T. ) ;
#3751 = ORIENTED_EDGE ( 'NONE', *, *, #2933, .T. ) ;
#3752 = ORIENTED_EDGE ( 'NONE', *, *, #4840, .T. ) ;
#3753 = MECHANICAL_DESIGN_GEOMETRIC_PRESENTATION_REPRESENTATION (  '', ( #3656 ), #786 ) ;
#3754 = CARTESIAN_POINT ( 'NONE',  ( 13.46441516578513031, -8.551356099630760710, 54.99999999999999289 ) ) ;
#3755 = DIRECTION ( 'NONE',  ( 0.000000000000000000, 1.000000000000000000, 0.000000000000000000 ) ) ;
#3756 = CARTESIAN_POINT ( 'NONE',  ( 17.76441516578512747, -9.551356099630760710, 76.50000000000000000 ) ) ;
#3757 =( NAMED_UNIT ( * ) PLANE_ANGLE_UNIT ( ) SI_UNIT ( $, .RADIAN. ) );
#3758 = VECTOR ( 'NONE', #5758, 1000.000000000000000 ) ;
#3759 = CIRCLE ( 'NONE', #4155, 1.600000000000000089 ) ;
#3760 = MECHANICAL_DESIGN_GEOMETRIC_PRESENTATION_REPRESENTATION (  '', ( #4568 ), #81 ) ;
#3761 = SURFACE_STYLE_USAGE ( .BOTH. , #4797 ) ;
#3762 = DIRECTION ( 'NONE',  ( 1.000000000000000000, 0.000000000000000000, 0.000000000000000000 ) ) ;
#3763 = CARTESIAN_POINT ( 'NONE',  ( 0.4644151657851297021, 1.348643900369240978, 74.50000000000000000 ) ) ;
#3764 = EDGE_CURVE ( 'NONE', #5200, #5108, #2516, .T. ) ;
#3765 = CARTESIAN_POINT ( 'NONE',  ( -21.28558483421486969, -11.53914521253883763, 39.49999999999999289 ) ) ;
#3766 = CIRCLE ( 'NONE', #4970, 1.600000000000000755 ) ;
#3767 = DIRECTION ( 'NONE',  ( 0.000000000000000000, 1.000000000000000000, 0.000000000000000000 ) ) ;
#3768 = VECTOR ( 'NONE', #1576, 1000.000000000000000 ) ;
#3769 = VERTEX_POINT ( 'NONE', #2489 ) ;
#3770 = MECHANICAL_DESIGN_GEOMETRIC_PRESENTATION_REPRESENTATION (  '', ( #4066 ), #1411 ) ;
#3771 = DIRECTION ( 'NONE',  ( 0.000000000000000000, -1.000000000000000000, 0.000000000000000000 ) ) ;
#3772 = CARTESIAN_POINT ( 'NONE',  ( 7.464415165785128536, 4.548643900369238935, 76.50000000000000000 ) ) ;
#3773 =( LENGTH_UNIT ( ) NAMED_UNIT ( * ) SI_UNIT ( .MILLI., .METRE. ) );
#3774 = DIRECTION ( 'NONE',  ( -1.000000000000000000, 0.000000000000000000, 0.000000000000000000 ) ) ;
#3775 =( NAMED_UNIT ( * ) SI_UNIT ( $, .STERADIAN. ) SOLID_ANGLE_UNIT ( ) );
#3776 = CARTESIAN_POINT ( 'NONE',  ( 23.46441516578513031, -2.051356099630759378, 45.50000000000000000 ) ) ;
#3777 = CARTESIAN_POINT ( 'NONE',  ( -2.535584834214871464, -10.55135609963075893, 55.00000000000000000 ) ) ;
#3778 = CARTESIAN_POINT ( 'NONE',  ( -22.83558483421487040, -10.98135609963076043, 43.38000000000000256 ) ) ;
#3779 =( NAMED_UNIT ( * ) PLANE_ANGLE_UNIT ( ) SI_UNIT ( $, .RADIAN. ) );
#3780 = FILL_AREA_STYLE ('',( #1341 ) ) ;
#3781 = ORIENTED_EDGE ( 'NONE', *, *, #5552, .F. ) ;
#3782 = ORIENTED_EDGE ( 'NONE', *, *, #6146, .F. ) ;
#3783 = EDGE_CURVE ( 'NONE', #2010, #2955, #6003, .T. ) ;
#3784 = CARTESIAN_POINT ( 'NONE',  ( 16.31466769747929391, 14.44864390036923574, 74.49999999999998579 ) ) ;
#3785 = CARTESIAN_POINT ( 'NONE',  ( -21.28558483421487324, -8.551356099630758933, 41.99999999999999289 ) ) ;
#3786 = FACE_OUTER_BOUND ( 'NONE', #2383, .T. ) ;
#3787 = CARTESIAN_POINT ( 'NONE',  ( -24.53558483421486969, -2.051356099630759378, 45.50000000000000000 ) ) ;
#3788 = DIRECTION ( 'NONE',  ( 0.000000000000000000, 0.000000000000000000, -1.000000000000000000 ) ) ;
#3789 = DIRECTION ( 'NONE',  ( 1.000000000000000000, 0.000000000000000000, 0.000000000000000000 ) ) ;
#3790 = CARTESIAN_POINT ( 'NONE',  ( -1.035584834214865024, -10.55135609963076604, 52.00000000000000000 ) ) ;
#3791 = CIRCLE ( 'NONE', #3595, 2.000000000000001776 ) ;
#3792 =( NAMED_UNIT ( * ) SI_UNIT ( $, .STERADIAN. ) SOLID_ANGLE_UNIT ( ) );
#3793 = ORIENTED_EDGE ( 'NONE', *, *, #5535, .F. ) ;
#3794 = COLOUR_RGB ( '',1.000000000000000000, 1.000000000000000000, 1.000000000000000000 ) ;
#3795 =( NAMED_UNIT ( * ) PLANE_ANGLE_UNIT ( ) SI_UNIT ( $, .RADIAN. ) );
#3796 = CARTESIAN_POINT ( 'NONE',  ( -20.03558483421487324, -10.55135609963075893, 52.00000000000000000 ) ) ;
#3797 = DIRECTION ( 'NONE',  ( 0.000000000000000000, -1.000000000000000000, 0.000000000000000000 ) ) ;
#3798 = CARTESIAN_POINT ( 'NONE',  ( 19.46441516578512676, -10.55135609963075893, 52.00000000000000000 ) ) ;
#3799 = CIRCLE ( 'NONE', #3405, 2.499999999999998668 ) ;
#3800 = CARTESIAN_POINT ( 'NONE',  ( -31.53558483421486969, -8.551356099630758933, 45.50000000000000000 ) ) ;
#3801 = ORIENTED_EDGE ( 'NONE', *, *, #1617, .T. ) ;
#3802 = EDGE_CURVE ( 'NONE', #2361, #5615, #5303, .T. ) ;
#3803 = VERTEX_POINT ( 'NONE', #5530 ) ;
#3804 = EDGE_CURVE ( 'NONE', #5616, #1786, #4701, .T. ) ;
#3805 = COLOUR_RGB ( '',1.000000000000000000, 1.000000000000000000, 1.000000000000000000 ) ;
#3806 = CARTESIAN_POINT ( 'NONE',  ( 26.46441516578512676, -8.539145212538837626, 43.85280969941640450 ) ) ;
#3807 = SURFACE_STYLE_FILL_AREA ( #5796 ) ;
#3808 = STYLED_ITEM ( 'NONE', ( #5896 ), #1072 ) ;
#3809 = DIRECTION ( 'NONE',  ( -1.000000000000000000, 0.000000000000000000, 0.000000000000000000 ) ) ;
#3810 = EDGE_LOOP ( 'NONE', ( #222, #3876, #6108, #3025 ) ) ;
#3811 =( GEOMETRIC_REPRESENTATION_CONTEXT ( 3 ) GLOBAL_UNCERTAINTY_ASSIGNED_CONTEXT ( ( #3072 ) ) GLOBAL_UNIT_ASSIGNED_CONTEXT ( ( #5765, #572, #1494 ) ) REPRESENTATION_CONTEXT ( 'NONE', 'WORKASPACE' ) );
#3812 = VERTEX_POINT ( 'NONE', #319 ) ;
#3813 = VERTEX_POINT ( 'NONE', #4151 ) ;
#3814 = LINE ( 'NONE', #2394, #2643 ) ;
#3815 = MECHANICAL_DESIGN_GEOMETRIC_PRESENTATION_REPRESENTATION (  '', ( #1653 ), #1240 ) ;
#3816 = LINE ( 'NONE', #4250, #5241 ) ;
#3817 = FILL_AREA_STYLE ('',( #1942 ) ) ;
#3818 = AXIS2_PLACEMENT_3D ( 'NONE', #5398, #4925, #1544 ) ;
#3819 = CARTESIAN_POINT ( 'NONE',  ( -21.28558483421487324, -10.55135609963075893, 49.49999999999999289 ) ) ;
#3820 = CARTESIAN_POINT ( 'NONE',  ( -14.53558483421489278, -10.55135609963074650, 62.00000000000000711 ) ) ;
#3821 = DIRECTION ( 'NONE',  ( 0.000000000000000000, 0.000000000000000000, -1.000000000000000000 ) ) ;
#3822 = PRESENTATION_LAYER_ASSIGNMENT (  '', '', ( #650 ) ) ;
#3823 = EDGE_LOOP ( 'NONE', ( #3294, #1295 ) ) ;
#3824 = EDGE_CURVE ( 'NONE', #712, #779, #385, .T. ) ;
#3825 = COLOUR_RGB ( '',1.000000000000000000, 1.000000000000000000, 1.000000000000000000 ) ;
#3826 = FACE_BOUND ( 'NONE', #1407, .T. ) ;
#3827 = CARTESIAN_POINT ( 'NONE',  ( 9.464415165785130313, -8.551356099630737617, 56.00000000000000000 ) ) ;
#3828 = CARTESIAN_POINT ( 'NONE',  ( 7.464415165785128536, 4.548643900369238935, 76.50000000000000000 ) ) ;
#3829 = SURFACE_STYLE_USAGE ( .BOTH. , #2041 ) ;
#3830 = COLOUR_RGB ( '',1.000000000000000000, 1.000000000000000000, 1.000000000000000000 ) ;
#3831 = ORIENTED_EDGE ( 'NONE', *, *, #4614, .F. ) ;
#3832 =( LENGTH_UNIT ( ) NAMED_UNIT ( * ) SI_UNIT ( .MILLI., .METRE. ) );
#3833 = SURFACE_STYLE_USAGE ( .BOTH. , #5707 ) ;
#3834 = DIRECTION ( 'NONE',  ( 0.000000000000000000, 0.000000000000000000, -1.000000000000000000 ) ) ;
#3835 = DIRECTION ( 'NONE',  ( 0.000000000000000000, 1.000000000000000000, 0.000000000000000000 ) ) ;
#3836 =( NAMED_UNIT ( * ) SI_UNIT ( $, .STERADIAN. ) SOLID_ANGLE_UNIT ( ) );
#3837 = EDGE_CURVE ( 'NONE', #4403, #5266, #4571, .T. ) ;
#3838 = ADVANCED_FACE ( 'NONE', ( #2208 ), #3029, .T. ) ;
#3839 = ORIENTED_EDGE ( 'NONE', *, *, #1145, .T. ) ;
#3840 = CARTESIAN_POINT ( 'NONE',  ( -19.53558483421487324, 4.548643900369238935, 76.50000000000000000 ) ) ;
#3841 = EDGE_LOOP ( 'NONE', ( #6109, #4541, #2317, #5260 ) ) ;
#3842 = ORIENTED_EDGE ( 'NONE', *, *, #2561, .F. ) ;
#3843 = ORIENTED_EDGE ( 'NONE', *, *, #4378, .F. ) ;
#3844 = CARTESIAN_POINT ( 'NONE',  ( -22.83558483421487040, 10.94864390036924107, 43.50000000000000000 ) ) ;
#3845 =( NAMED_UNIT ( * ) PLANE_ANGLE_UNIT ( ) SI_UNIT ( $, .RADIAN. ) );
#3846 = COLOUR_RGB ( '',1.000000000000000000, 1.000000000000000000, 1.000000000000000000 ) ;
#3847 = SURFACE_STYLE_FILL_AREA ( #1508 ) ;
#3848 = EDGE_CURVE ( 'NONE', #3196, #1934, #823, .T. ) ;
#3849 = PRESENTATION_LAYER_ASSIGNMENT (  '', '', ( #3656 ) ) ;
#3850 =( BOUNDED_SURFACE ( )  B_SPLINE_SURFACE ( 1, 3, ( 
 ( #744, #2646, #4536, #2173 ),
 ( #4060, #3129, #2515, #1834 ) ),
 .UNSPECIFIED., .F., .F., .T. ) 
 B_SPLINE_SURFACE_WITH_KNOTS ( ( 2, 2 ),
 ( 4, 4 ),
 ( 0.04162577848936815234, 0.9583742215106310081 ),
 ( 0.000000000000000000, 1.000000000000000000 ),
 .UNSPECIFIED. ) 
 GEOMETRIC_REPRESENTATION_ITEM ( )  RATIONAL_B_SPLINE_SURFACE ( (
 ( 1.000000000000000000, 0.3333333333333335369, 0.3333333333333335369, 1.000000000000000000),
 ( 1.000000000000000000, 0.3333333333333335369, 0.3333333333333335369, 1.000000000000000000) ) ) 
 REPRESENTATION_ITEM ( '' )  SURFACE ( )  );
#3851 = UNCERTAINTY_MEASURE_WITH_UNIT (LENGTH_MEASURE( 1.000000000000000082E-05 ), #3596, 'distance_accuracy_value', 'NONE');
#3852 = CARTESIAN_POINT ( 'NONE',  ( 21.46441516578513031, 7.948643900369239290, 45.50000000000000000 ) ) ;
#3853 = CARTESIAN_POINT ( 'NONE',  ( -1.035584834214869909, -8.551356099630758933, 69.00000000000000000 ) ) ;
#3854 = COLOUR_RGB ( '',1.000000000000000000, 1.000000000000000000, 1.000000000000000000 ) ;
#3855 = FACE_OUTER_BOUND ( 'NONE', #2571, .T. ) ;
#3856 = COLOUR_RGB ( '',1.000000000000000000, 1.000000000000000000, 1.000000000000000000 ) ;
#3857 =( GEOMETRIC_REPRESENTATION_CONTEXT ( 3 ) GLOBAL_UNCERTAINTY_ASSIGNED_CONTEXT ( ( #6129 ) ) GLOBAL_UNIT_ASSIGNED_CONTEXT ( ( #3297, #2770, #6086 ) ) REPRESENTATION_CONTEXT ( 'NONE', 'WORKASPACE' ) );
#3858 = FACE_BOUND ( 'NONE', #2167, .T. ) ;
#3859 = VECTOR ( 'NONE', #2271, 1000.000000000000000 ) ;
#3860 = ADVANCED_FACE ( 'NONE', ( #2177 ), #3882, .T. ) ;
#3861 =( NAMED_UNIT ( * ) SI_UNIT ( $, .STERADIAN. ) SOLID_ANGLE_UNIT ( ) );
#3862 = DIRECTION ( 'NONE',  ( 0.000000000000000000, -1.000000000000000000, 0.000000000000000000 ) ) ;
#3863 = VECTOR ( 'NONE', #5368, 1000.000000000000000 ) ;
#3864 = FILL_AREA_STYLE_COLOUR ( '', #3458 ) ;
#3865 = CIRCLE ( 'NONE', #3573, 1.499999999999999556 ) ;
#3866 = ORIENTED_EDGE ( 'NONE', *, *, #149, .F. ) ;
#3867 = DIRECTION ( 'NONE',  ( 0.000000000000000000, 0.000000000000000000, -1.000000000000000000 ) ) ;
#3868 = CARTESIAN_POINT ( 'NONE',  ( -6.535584834214871464, -8.551356099630758933, 62.00000000000000000 ) ) ;
#3869 = CARTESIAN_POINT ( 'NONE',  ( 2.964415165785129425, -8.551356099630758933, 62.00000000000000000 ) ) ;
#3870 = CARTESIAN_POINT ( 'NONE',  ( -13.03558483421487146, -10.55135609963075893, 52.00000000000000000 ) ) ;
#3871 = EDGE_LOOP ( 'NONE', ( #4380, #5836 ) ) ;
#3872 = DIRECTION ( 'NONE',  ( 0.000000000000000000, -1.000000000000000000, 0.000000000000000000 ) ) ;
#3873 = VERTEX_POINT ( 'NONE', #3868 ) ;
#3874 = ORIENTED_EDGE ( 'NONE', *, *, #5150, .F. ) ;
#3875 = DIRECTION ( 'NONE',  ( 1.000000000000000000, 0.000000000000000000, 0.000000000000000000 ) ) ;
#3876 = ORIENTED_EDGE ( 'NONE', *, *, #6007, .F. ) ;
#3877 = CARTESIAN_POINT ( 'NONE',  ( -11.03558483421488035, -8.551356099630766039, 65.00000000000000000 ) ) ;
#3878 = LINE ( 'NONE', #616, #5124 ) ;
#3879 = FACE_OUTER_BOUND ( 'NONE', #3075, .T. ) ;
#3880 = CARTESIAN_POINT ( 'NONE',  ( -17.03558483421488035, -8.551356099630760710, 59.99999999999998579 ) ) ;
#3881 = COLOUR_RGB ( '',1.000000000000000000, 1.000000000000000000, 1.000000000000000000 ) ;
#3882 =( BOUNDED_SURFACE ( )  B_SPLINE_SURFACE ( 1, 3, ( 
 ( #775, #1375, #5017, #261 ),
 ( #4063, #1988, #3252, #3323 ) ),
 .UNSPECIFIED., .F., .F., .T. ) 
 B_SPLINE_SURFACE_WITH_KNOTS ( ( 2, 2 ),
 ( 4, 4 ),
 ( 0.04162577848936815234, 0.9583742215106310081 ),
 ( 0.000000000000000000, 1.000000000000000000 ),
 .UNSPECIFIED. ) 
 GEOMETRIC_REPRESENTATION_ITEM ( )  RATIONAL_B_SPLINE_SURFACE ( (
 ( 1.000000000000000000, 0.3333333333333329818, 0.3333333333333329818, 1.000000000000000000),
 ( 1.000000000000000000, 0.3333333333333329818, 0.3333333333333329818, 1.000000000000000000) ) ) 
 REPRESENTATION_ITEM ( '' )  SURFACE ( )  );
#3883 =( LENGTH_UNIT ( ) NAMED_UNIT ( * ) SI_UNIT ( .MILLI., .METRE. ) );
#3884 = PRESENTATION_LAYER_ASSIGNMENT (  '', '', ( #5905 ) ) ;
#3885 = DIRECTION ( 'NONE',  ( -1.000000000000000000, 0.000000000000000000, 0.000000000000000000 ) ) ;
#3886 =( GEOMETRIC_REPRESENTATION_CONTEXT ( 3 ) GLOBAL_UNCERTAINTY_ASSIGNED_CONTEXT ( ( #138 ) ) GLOBAL_UNIT_ASSIGNED_CONTEXT ( ( #5892, #5860, #3508 ) ) REPRESENTATION_CONTEXT ( 'NONE', 'WORKASPACE' ) );
#3887 = DIRECTION ( 'NONE',  ( 1.000000000000000000, 0.000000000000000000, 0.000000000000000000 ) ) ;
#3888 = DIRECTION ( 'NONE',  ( 0.000000000000000000, -1.000000000000000000, 0.000000000000000000 ) ) ;
#3889 = PRESENTATION_LAYER_ASSIGNMENT (  '', '', ( #6106 ) ) ;
#3890 = ORIENTED_EDGE ( 'NONE', *, *, #883, .T. ) ;
#3891 = PRESENTATION_STYLE_ASSIGNMENT (( #4780 ) ) ;
#3892 = DIRECTION ( 'NONE',  ( 0.000000000000000000, 1.000000000000000000, 0.000000000000000000 ) ) ;
#3893 = COLOUR_RGB ( '',1.000000000000000000, 1.000000000000000000, 1.000000000000000000 ) ;
#3894 = LINE ( 'NONE', #4879, #1218 ) ;
#3895 = CARTESIAN_POINT ( 'NONE',  ( 13.71441516578512854, -10.55135609963075893, 39.49999999999999289 ) ) ;
#3896 = CARTESIAN_POINT ( 'NONE',  ( 7.464415165785128536, 9.948643900369241067, 76.50000000000000000 ) ) ;
#3897 = EDGE_LOOP ( 'NONE', ( #3442, #3259 ) ) ;
#3898 = VERTEX_POINT ( 'NONE', #5737 ) ;
#3899 = CARTESIAN_POINT ( 'NONE',  ( -0.5355848342148712415, -10.55135609963075893, 52.00000000000000000 ) ) ;
#3900 = CARTESIAN_POINT ( 'NONE',  ( 5.964415165785129425, -8.551356099630766039, 59.00000000000000000 ) ) ;
#3901 = PRESENTATION_STYLE_ASSIGNMENT (( #2455 ) ) ;
#3902 = MECHANICAL_DESIGN_GEOMETRIC_PRESENTATION_REPRESENTATION (  '', ( #6117 ), #3518 ) ;
#3903 = CARTESIAN_POINT ( 'NONE',  ( -26.53558483421487324, -8.551356099630758933, 52.00000000000000000 ) ) ;
#3904 = COLOUR_RGB ( '',1.000000000000000000, 1.000000000000000000, 1.000000000000000000 ) ;
#3905 = ORIENTED_EDGE ( 'NONE', *, *, #810, .T. ) ;
#3906 = MECHANICAL_DESIGN_GEOMETRIC_PRESENTATION_REPRESENTATION (  '', ( #4414 ), #2433 ) ;
#3907 = FILL_AREA_STYLE ('',( #1386 ) ) ;
#3908 = PRESENTATION_STYLE_ASSIGNMENT (( #2920 ) ) ;
#3909 = DIRECTION ( 'NONE',  ( 0.000000000000000000, 0.000000000000000000, 1.000000000000000000 ) ) ;
#3910 =( NAMED_UNIT ( * ) SI_UNIT ( $, .STERADIAN. ) SOLID_ANGLE_UNIT ( ) );
#3911 = EDGE_CURVE ( 'NONE', #714, #3736, #2810, .T. ) ;
#3912 = VECTOR ( 'NONE', #5234, 1000.000000000000000 ) ;
#3913 = EDGE_CURVE ( 'NONE', #4689, #1142, #1438, .T. ) ;
#3914 = UNCERTAINTY_MEASURE_WITH_UNIT (LENGTH_MEASURE( 1.000000000000000082E-05 ), #1111, 'distance_accuracy_value', 'NONE');
#3915 =( NAMED_UNIT ( * ) PLANE_ANGLE_UNIT ( ) SI_UNIT ( $, .RADIAN. ) );
#3916 = PRESENTATION_LAYER_ASSIGNMENT (  '', '', ( #1359 ) ) ;
#3917 = PRESENTATION_STYLE_ASSIGNMENT (( #659 ) ) ;
#3918 = SURFACE_STYLE_FILL_AREA ( #2631 ) ;
#3919 = CARTESIAN_POINT ( 'NONE',  ( -23.64758483421487156, 14.90864390036924014, 74.50000000000000000 ) ) ;
#3920 = CARTESIAN_POINT ( 'NONE',  ( 23.46441516578513031, 3.948643900369246396, 45.50000000000000000 ) ) ;
#3921 = ORIENTED_EDGE ( 'NONE', *, *, #1103, .T. ) ;
#3922 = SURFACE_SIDE_STYLE ('',( #3949 ) ) ;
#3923 = CARTESIAN_POINT ( 'NONE',  ( -32.69558483421486983, -9.011356099630759786, 45.50000000000000000 ) ) ;
#3924 = PRESENTATION_LAYER_ASSIGNMENT (  '', '', ( #559 ) ) ;
#3925 = FACE_BOUND ( 'NONE', #3897, .T. ) ;
#3926 = EDGE_LOOP ( 'NONE', ( #419, #3411 ) ) ;
#3927 = ORIENTED_EDGE ( 'NONE', *, *, #3649, .T. ) ;
#3928 = ORIENTED_EDGE ( 'NONE', *, *, #2820, .F. ) ;
#3929 = VERTEX_POINT ( 'NONE', #5 ) ;
#3930 = COLOUR_RGB ( '',1.000000000000000000, 1.000000000000000000, 1.000000000000000000 ) ;
#3931 = ADVANCED_FACE ( 'NONE', ( #5285 ), #1965, .T. ) ;
#3932 = DIRECTION ( 'NONE',  ( 0.000000000000000000, 0.000000000000000000, 1.000000000000000000 ) ) ;
#3933 = ORIENTED_EDGE ( 'NONE', *, *, #3383, .F. ) ;
#3934 = EDGE_LOOP ( 'NONE', ( #4608, #3249, #1163, #3750 ) ) ;
#3935 = PRODUCT_DEFINITION_CONTEXT ( 'detailed design', #5211, 'design' ) ;
#3936 =( BOUNDED_SURFACE ( )  B_SPLINE_SURFACE ( 1, 3, ( 
 ( #2849, #862, #5677, #4272 ),
 ( #3254, #1899, #3325, #2763 ) ),
 .UNSPECIFIED., .F., .F., .T. ) 
 B_SPLINE_SURFACE_WITH_KNOTS ( ( 2, 2 ),
 ( 4, 4 ),
 ( 0.04162577848936890174, 0.9583742215106310081 ),
 ( 0.000000000000000000, 1.000000000000000000 ),
 .UNSPECIFIED. ) 
 GEOMETRIC_REPRESENTATION_ITEM ( )  RATIONAL_B_SPLINE_SURFACE ( (
 ( 1.000000000000000000, 0.3333333333333335369, 0.3333333333333335369, 1.000000000000000000),
 ( 1.000000000000000000, 0.3333333333333335369, 0.3333333333333335369, 1.000000000000000000) ) ) 
 REPRESENTATION_ITEM ( '' )  SURFACE ( )  );
#3937 = AXIS2_PLACEMENT_3D ( 'NONE', #2141, #3343, #942 ) ;
#3938 = DIRECTION ( 'NONE',  ( 0.000000000000000000, 0.000000000000000000, -1.000000000000000000 ) ) ;
#3939 = SURFACE_STYLE_FILL_AREA ( #238 ) ;
#3940 = CARTESIAN_POINT ( 'NONE',  ( -12.53558483421487146, -5.651356099630762131, 76.50000000000000000 ) ) ;
#3941 = FACE_OUTER_BOUND ( 'NONE', #1001, .T. ) ;
#3942 = MECHANICAL_DESIGN_GEOMETRIC_PRESENTATION_REPRESENTATION (  '', ( #4655 ), #1284 ) ;
#3943 = EDGE_CURVE ( 'NONE', #4299, #5703, #6137, .T. ) ;
#3944 =( NAMED_UNIT ( * ) PLANE_ANGLE_UNIT ( ) SI_UNIT ( $, .RADIAN. ) );
#3945 = CARTESIAN_POINT ( 'NONE',  ( 23.96441516578513031, -10.55135609963075893, 68.00000000000000000 ) ) ;
#3946 =( GEOMETRIC_REPRESENTATION_CONTEXT ( 3 ) GLOBAL_UNCERTAINTY_ASSIGNED_CONTEXT ( ( #5439 ) ) GLOBAL_UNIT_ASSIGNED_CONTEXT ( ( #3181, #1763, #184 ) ) REPRESENTATION_CONTEXT ( 'NONE', 'WORKASPACE' ) );
#3947 = ORIENTED_EDGE ( 'NONE', *, *, #135, .F. ) ;
#3948 = FACE_OUTER_BOUND ( 'NONE', #4464, .T. ) ;
#3949 = SURFACE_STYLE_FILL_AREA ( #1587 ) ;
#3950 = VECTOR ( 'NONE', #6179, 1000.000000000000000 ) ;
#3951 = SURFACE_STYLE_FILL_AREA ( #1102 ) ;
#3952 = VERTEX_POINT ( 'NONE', #5255 ) ;
#3953 = EDGE_LOOP ( 'NONE', ( #3751, #2808, #3256, #588 ) ) ;
#3954 = VECTOR ( 'NONE', #5214, 1000.000000000000000 ) ;
#3955 = DIRECTION ( 'NONE',  ( 1.000000000000000000, 0.000000000000000000, 0.000000000000000000 ) ) ;
#3956 = SURFACE_STYLE_FILL_AREA ( #2080 ) ;
#3957 = FILL_AREA_STYLE ('',( #5423 ) ) ;
#3958 = CARTESIAN_POINT ( 'NONE',  ( -11.53558483421486969, -10.55135609963075893, 59.00000000000000000 ) ) ;
#3959 = VERTEX_POINT ( 'NONE', #982 ) ;
#3960 = ADVANCED_FACE ( 'NONE', ( #4240 ), #2877, .T. ) ;
#3961 = ORIENTED_EDGE ( 'NONE', *, *, #716, .F. ) ;
#3962 = CARTESIAN_POINT ( 'NONE',  ( 17.64041516578512869, -8.460544320660760675, 70.50000000000000000 ) ) ;
#3963 = DIRECTION ( 'NONE',  ( 0.000000000000000000, 0.000000000000000000, -1.000000000000000000 ) ) ;
#3964 = FILL_AREA_STYLE_COLOUR ( '', #1598 ) ;
#3965 = PLANE ( 'NONE',  #4857 ) ;
#3966 = DIRECTION ( 'NONE',  ( 0.000000000000000000, 0.000000000000000000, -1.000000000000000000 ) ) ;
#3967 = VERTEX_POINT ( 'NONE', #1076 ) ;
#3968 =( BOUNDED_SURFACE ( )  B_SPLINE_SURFACE ( 1, 3, ( 
 ( #996, #2884, #1543, #3421 ),
 ( #1326, #3877, #5809, #3391 ) ),
 .UNSPECIFIED., .F., .F., .T. ) 
 B_SPLINE_SURFACE_WITH_KNOTS ( ( 2, 2 ),
 ( 4, 4 ),
 ( 0.04162577848936815234, 0.9583742215106310081 ),
 ( 0.000000000000000000, 1.000000000000000000 ),
 .UNSPECIFIED. ) 
 GEOMETRIC_REPRESENTATION_ITEM ( )  RATIONAL_B_SPLINE_SURFACE ( (
 ( 1.000000000000000000, 0.3333333333333329818, 0.3333333333333329818, 1.000000000000000000),
 ( 1.000000000000000000, 0.3333333333333329818, 0.3333333333333329818, 1.000000000000000000) ) ) 
 REPRESENTATION_ITEM ( '' )  SURFACE ( )  );
#3969 = CARTESIAN_POINT ( 'NONE',  ( 1.464415165785123651, -10.55135609963076604, 70.00000000000000000 ) ) ;
#3970 = UNCERTAINTY_MEASURE_WITH_UNIT (LENGTH_MEASURE( 1.000000000000000082E-05 ), #1707, 'distance_accuracy_value', 'NONE');
#3971 = CARTESIAN_POINT ( 'NONE',  ( 23.46441516578513031, 11.94864390036921975, 43.49999999999999289 ) ) ;
#3972 = SURFACE_SIDE_STYLE ('',( #2097 ) ) ;
#3973 = FILL_AREA_STYLE_COLOUR ( '', #4218 ) ;
#3974 = CARTESIAN_POINT ( 'NONE',  ( -13.03558483421487146, -8.551356099630758933, 59.00000000000000000 ) ) ;
#3975 = EDGE_LOOP ( 'NONE', ( #2266, #5978, #3705, #2513 ) ) ;
#3976 = CIRCLE ( 'NONE', #4603, 1.599999999999999867 ) ;
#3977 = CARTESIAN_POINT ( 'NONE',  ( -5.535584834214870575, 4.548643900369238935, 76.50000000000000000 ) ) ;
#3978 = LINE ( 'NONE', #1647, #4919 ) ;
#3979 = DIRECTION ( 'NONE',  ( 0.000000000000000000, 1.000000000000000000, 0.000000000000000000 ) ) ;
#3980 = DIRECTION ( 'NONE',  ( 1.000000000000000000, 0.000000000000000000, 0.000000000000000000 ) ) ;
#3981 = MECHANICAL_DESIGN_GEOMETRIC_PRESENTATION_REPRESENTATION (  '', ( #207 ), #312 ) ;
#3982 = FACE_BOUND ( 'NONE', #2909, .T. ) ;
#3983 = EDGE_CURVE ( 'NONE', #1278, #5772, #2716, .T. ) ;
#3984 = CARTESIAN_POINT ( 'NONE',  ( 23.46441516578513031, -2.051356099630759378, 43.50000000000000000 ) ) ;
#3985 = ADVANCED_FACE ( 'NONE', ( #3028 ), #4369, .T. ) ;
#3986 = EDGE_LOOP ( 'NONE', ( #4947, #1705, #2021, #4275 ) ) ;
#3987 = CIRCLE ( 'NONE', #5911, 3.999999999999998224 ) ;
#3988 = CARTESIAN_POINT ( 'NONE',  ( 2.964415165785129425, -8.551356099630758933, 62.00000000000000000 ) ) ;
#3989 = DIRECTION ( 'NONE',  ( 0.000000000000000000, 0.000000000000000000, 1.000000000000000000 ) ) ;
#3990 = DIRECTION ( 'NONE',  ( 0.000000000000000000, 0.000000000000000000, -1.000000000000000000 ) ) ;
#3991 = UNCERTAINTY_MEASURE_WITH_UNIT (LENGTH_MEASURE( 1.000000000000000082E-05 ), #4254, 'distance_accuracy_value', 'NONE');
#3992 = SURFACE_STYLE_USAGE ( .BOTH. , #134 ) ;
#3993 = ORIENTED_EDGE ( 'NONE', *, *, #3498, .T. ) ;
#3994 = STYLED_ITEM ( 'NONE', ( #2104 ), #4028 ) ;
#3995 = ORIENTED_EDGE ( 'NONE', *, *, #1688, .F. ) ;
#3996 = ORIENTED_EDGE ( 'NONE', *, *, #1162, .F. ) ;
#3997 = CARTESIAN_POINT ( 'NONE',  ( -22.73558483421481213, 4.548643900369216730, 74.49999999999998579 ) ) ;
#3998 = DIRECTION ( 'NONE',  ( -1.000000000000000000, 0.000000000000000000, 0.000000000000000000 ) ) ;
#3999 = DIRECTION ( 'NONE',  ( 0.000000000000000000, 1.000000000000000000, 0.000000000000000000 ) ) ;
#4000 = COLOUR_RGB ( '',1.000000000000000000, 1.000000000000000000, 1.000000000000000000 ) ;
#4001 = FACE_OUTER_BOUND ( 'NONE', #2424, .T. ) ;
#4002 = CARTESIAN_POINT ( 'NONE',  ( -13.03558483421487146, -10.55135609963075893, 59.00000000000000000 ) ) ;
#4003 = CARTESIAN_POINT ( 'NONE',  ( -12.53558483421487146, -2.451356099630760177, 76.50000000000000000 ) ) ;
#4004 = CARTESIAN_POINT ( 'NONE',  ( -31.53558483421486969, -11.53914521253883763, 43.85280969941640450 ) ) ;
#4005 = LINE ( 'NONE', #5937, #4956 ) ;
#4006 = COLOUR_RGB ( '',1.000000000000000000, 1.000000000000000000, 1.000000000000000000 ) ;
#4007 = DIRECTION ( 'NONE',  ( 0.000000000000000000, 0.000000000000000000, 1.000000000000000000 ) ) ;
#4008 = CARTESIAN_POINT ( 'NONE',  ( 9.464415165785128536, -10.55135609963075893, 59.00000000000000000 ) ) ;
#4009 = DIRECTION ( 'NONE',  ( -1.000000000000000000, 0.000000000000000000, 0.000000000000000000 ) ) ;
#4010 = CARTESIAN_POINT ( 'NONE',  ( -28.53558483421486613, 7.948643900369239290, 43.50000000000000000 ) ) ;
#4011 = CARTESIAN_POINT ( 'NONE',  ( 7.464415165785128536, -4.051356099630760710, 74.50000000000000000 ) ) ;
#4012 = EDGE_CURVE ( 'NONE', #4156, #2178, #3799, .T. ) ;
#4013 = ORIENTED_EDGE ( 'NONE', *, *, #2301, .F. ) ;
#4014 = VECTOR ( 'NONE', #6051, 1000.000000000000000 ) ;
#4015 = SURFACE_STYLE_FILL_AREA ( #5091 ) ;
#4016 = SURFACE_STYLE_FILL_AREA ( #4425 ) ;
#4017 = FILL_AREA_STYLE_COLOUR ( '', #6118 ) ;
#4018 = DIRECTION ( 'NONE',  ( 0.000000000000000000, 1.000000000000000000, 0.000000000000000000 ) ) ;
#4019 = FILL_AREA_STYLE_COLOUR ( '', #411 ) ;
#4020 = DIRECTION ( 'NONE',  ( 0.000000000000000000, 0.000000000000000000, -1.000000000000000000 ) ) ;
#4021 = STYLED_ITEM ( 'NONE', ( #5014 ), #5610 ) ;
#4022 = FACE_OUTER_BOUND ( 'NONE', #2706, .T. ) ;
#4023 = VERTEX_POINT ( 'NONE', #5882 ) ;
#4024 = ORIENTED_EDGE ( 'NONE', *, *, #1851, .F. ) ;
#4025 = VECTOR ( 'NONE', #6120, 1000.000000000000000 ) ;
#4026 = UNCERTAINTY_MEASURE_WITH_UNIT (LENGTH_MEASURE( 1.000000000000000082E-05 ), #404, 'distance_accuracy_value', 'NONE');
#4028 = ADVANCED_FACE ( 'NONE', ( #2568 ), #65, .F. ) ;
#4027 = DIRECTION ( 'NONE',  ( 1.000000000000000000, 0.000000000000000000, 0.000000000000000000 ) ) ;
#4029 = FILL_AREA_STYLE ('',( #5954 ) ) ;
#4030 = CARTESIAN_POINT ( 'NONE',  ( -28.53558483421489456, -8.551356099630737617, 58.00000000000000711 ) ) ;
#4031 = DIRECTION ( 'NONE',  ( 0.000000000000000000, 1.000000000000000000, 0.000000000000000000 ) ) ;
#4032 = ORIENTED_EDGE ( 'NONE', *, *, #4745, .F. ) ;
#4033 = AXIS2_PLACEMENT_3D ( 'NONE', #204, #3548, #2124 ) ;
#4034 = PRESENTATION_STYLE_ASSIGNMENT (( #5594 ) ) ;
#4035 = ORIENTED_EDGE ( 'NONE', *, *, #3983, .F. ) ;
#4036 = ORIENTED_EDGE ( 'NONE', *, *, #300, .T. ) ;
#4037 =( NAMED_UNIT ( * ) PLANE_ANGLE_UNIT ( ) SI_UNIT ( $, .RADIAN. ) );
#4038 = EDGE_CURVE ( 'NONE', #5961, #4183, #2027, .T. ) ;
#4039 = CARTESIAN_POINT ( 'NONE',  ( -9.335584834214870398, 1.348643900369237647, 76.50000000000000000 ) ) ;
#4040 = CARTESIAN_POINT ( 'NONE',  ( 3.964415165785130313, -10.55135609963076604, 59.99999999999998579 ) ) ;
#4041 = SURFACE_SIDE_STYLE ('',( #3115 ) ) ;
#4042 = AXIS2_PLACEMENT_3D ( 'NONE', #5948, #3559, #4493 ) ;
#4043 = CARTESIAN_POINT ( 'NONE',  ( 1.464415165785129647, -8.551356099630758933, 62.00000000000000000 ) ) ;
#4044 = SURFACE_STYLE_USAGE ( .BOTH. , #4074 ) ;
#4045 = CARTESIAN_POINT ( 'NONE',  ( 23.46441516578513031, 7.948643900369239290, 45.50000000000000000 ) ) ;
#4046 = VECTOR ( 'NONE', #2372, 1000.000000000000000 ) ;
#4047 = FILL_AREA_STYLE_COLOUR ( '', #2375 ) ;
#4048 = ORIENTED_EDGE ( 'NONE', *, *, #716, .T. ) ;
#4049 = EDGE_CURVE ( 'NONE', #1721, #5703, #2125, .T. ) ;
#4050 = SURFACE_SIDE_STYLE ('',( #4015 ) ) ;
#4051 =( BOUNDED_SURFACE ( )  B_SPLINE_SURFACE ( 1, 3, ( 
 ( #1713, #4467, #2577, #1171 ),
 ( #4089, #6008, #3594, #1238 ) ),
 .UNSPECIFIED., .F., .F., .T. ) 
 B_SPLINE_SURFACE_WITH_KNOTS ( ( 2, 2 ),
 ( 4, 4 ),
 ( 0.04162577848936890174, 0.9583742215106310081 ),
 ( 0.000000000000000000, 1.000000000000000000 ),
 .UNSPECIFIED. ) 
 GEOMETRIC_REPRESENTATION_ITEM ( )  RATIONAL_B_SPLINE_SURFACE ( (
 ( 1.000000000000000000, 0.8047378541243649375, 0.8047378541243649375, 1.000000000000000000),
 ( 1.000000000000000000, 0.8047378541243649375, 0.8047378541243649375, 1.000000000000000000) ) ) 
 REPRESENTATION_ITEM ( '' )  SURFACE ( )  );
#4052 = CARTESIAN_POINT ( 'NONE',  ( 7.464415165785128536, -2.451356099630760177, 76.50000000000000000 ) ) ;
#4053 = DIRECTION ( 'NONE',  ( 0.000000000000000000, 1.000000000000000000, 0.000000000000000000 ) ) ;
#4054 = STYLED_ITEM ( 'NONE', ( #5479 ), #2481 ) ;
#4055 = PRESENTATION_LAYER_ASSIGNMENT (  '', '', ( #5674 ) ) ;
#4056 = SURFACE_STYLE_FILL_AREA ( #5951 ) ;
#4057 = ORIENTED_EDGE ( 'NONE', *, *, #3837, .F. ) ;
#4058 = EDGE_CURVE ( 'NONE', #987, #3374, #1019, .T. ) ;
#4059 = COLOUR_RGB ( '',1.000000000000000000, 1.000000000000000000, 1.000000000000000000 ) ;
#4060 = CARTESIAN_POINT ( 'NONE',  ( 2.464415165785129869, -8.551356099630758933, 52.00000000000000000 ) ) ;
#4061 =( GEOMETRIC_REPRESENTATION_CONTEXT ( 3 ) GLOBAL_UNCERTAINTY_ASSIGNED_CONTEXT ( ( #5298 ) ) GLOBAL_UNIT_ASSIGNED_CONTEXT ( ( #2388, #447, #3228 ) ) REPRESENTATION_CONTEXT ( 'NONE', 'WORKASPACE' ) );
#4062 = UNCERTAINTY_MEASURE_WITH_UNIT (LENGTH_MEASURE( 1.000000000000000082E-05 ), #3883, 'distance_accuracy_value', 'NONE');
#4063 = CARTESIAN_POINT ( 'NONE',  ( -11.53558483421486969, -8.551356099630758933, 59.00000000000000000 ) ) ;
#4064 = COLOUR_RGB ( '',1.000000000000000000, 1.000000000000000000, 1.000000000000000000 ) ;
#4065 = VERTEX_POINT ( 'NONE', #1739 ) ;
#4066 = STYLED_ITEM ( 'NONE', ( #5918 ), #344 ) ;
#4067 = ORIENTED_EDGE ( 'NONE', *, *, #4869, .T. ) ;
#4068 = LINE ( 'NONE', #1244, #822 ) ;
#4069 = DIRECTION ( 'NONE',  ( 0.000000000000000000, -1.000000000000000000, 0.000000000000000000 ) ) ;
#4070 = CARTESIAN_POINT ( 'NONE',  ( -28.53558483421486613, -10.55135609963075893, 52.00000000000000000 ) ) ;
#4071 = SURFACE_SIDE_STYLE ('',( #4515 ) ) ;
#4072 =( LENGTH_UNIT ( ) NAMED_UNIT ( * ) SI_UNIT ( .MILLI., .METRE. ) );
#4073 = EDGE_CURVE ( 'NONE', #3929, #918, #936, .T. ) ;
#4074 = SURFACE_SIDE_STYLE ('',( #790 ) ) ;
#4075 = SURFACE_SIDE_STYLE ('',( #1155 ) ) ;
#4076 = PRESENTATION_STYLE_ASSIGNMENT (( #6059 ) ) ;
#4077 = LINE ( 'NONE', #2223, #1466 ) ;
#4078 = FILL_AREA_STYLE ('',( #3090 ) ) ;
#4079 = ORIENTED_EDGE ( 'NONE', *, *, #300, .F. ) ;
#4080 = FILL_AREA_STYLE ('',( #2256 ) ) ;
#4081 =( NAMED_UNIT ( * ) SI_UNIT ( $, .STERADIAN. ) SOLID_ANGLE_UNIT ( ) );
#4082 =( NAMED_UNIT ( * ) PLANE_ANGLE_UNIT ( ) SI_UNIT ( $, .RADIAN. ) );
#4083 = CARTESIAN_POINT ( 'NONE',  ( -9.035584834214871464, -10.55135609963075893, 52.00000000000000000 ) ) ;
#4084 = UNCERTAINTY_MEASURE_WITH_UNIT (LENGTH_MEASURE( 1.000000000000000082E-05 ), #50, 'distance_accuracy_value', 'NONE');
#4085 = VERTEX_POINT ( 'NONE', #430 ) ;
#4086 =( BOUNDED_SURFACE ( )  B_SPLINE_SURFACE ( 1, 3, ( 
 ( #4590, #5976, #3554, #4524 ),
 ( #4555, #761, #3611, #5001 ) ),
 .UNSPECIFIED., .F., .F., .T. ) 
 B_SPLINE_SURFACE_WITH_KNOTS ( ( 2, 2 ),
 ( 4, 4 ),
 ( 0.04162577849020974996, 0.9583742215097900141 ),
 ( 0.000000000000000000, 1.000000000000000000 ),
 .UNSPECIFIED. ) 
 GEOMETRIC_REPRESENTATION_ITEM ( )  RATIONAL_B_SPLINE_SURFACE ( (
 ( 1.000000000000000000, 0.8047378541243649375, 0.8047378541243649375, 1.000000000000000000),
 ( 1.000000000000000000, 0.8047378541243649375, 0.8047378541243649375, 1.000000000000000000) ) ) 
 REPRESENTATION_ITEM ( '' )  SURFACE ( )  );
#4087 = VERTEX_POINT ( 'NONE', #6150 ) ;
#4088 = SURFACE_STYLE_FILL_AREA ( #2670 ) ;
#4089 = CARTESIAN_POINT ( 'NONE',  ( -19.27558483421486812, 14.44864390036923751, 76.50000000000000000 ) ) ;
#4090 = MECHANICAL_DESIGN_GEOMETRIC_PRESENTATION_REPRESENTATION (  '', ( #4389 ), #1821 ) ;
#4091 = EDGE_CURVE ( 'NONE', #1127, #5224, #622, .T. ) ;
#4092 = EDGE_LOOP ( 'NONE', ( #3540, #3097 ) ) ;
#4093 = VERTEX_POINT ( 'NONE', #5694 ) ;
#4094 = CARTESIAN_POINT ( 'NONE',  ( -13.03558483421487146, -8.551356099630758933, 52.00000000000000000 ) ) ;
#4095 = DIRECTION ( 'NONE',  ( 0.000000000000000000, 0.000000000000000000, -1.000000000000000000 ) ) ;
#4096 =( NAMED_UNIT ( * ) PLANE_ANGLE_UNIT ( ) SI_UNIT ( $, .RADIAN. ) );
#4097 =( NAMED_UNIT ( * ) SI_UNIT ( $, .STERADIAN. ) SOLID_ANGLE_UNIT ( ) );
#4098 =( GEOMETRIC_REPRESENTATION_CONTEXT ( 3 ) GLOBAL_UNCERTAINTY_ASSIGNED_CONTEXT ( ( #1064 ) ) GLOBAL_UNIT_ASSIGNED_CONTEXT ( ( #4813, #1207, #2612 ) ) REPRESENTATION_CONTEXT ( 'NONE', 'WORKASPACE' ) );
#4099 = DIRECTION ( 'NONE',  ( 0.000000000000000000, 0.000000000000000000, -1.000000000000000000 ) ) ;
#4100 = VECTOR ( 'NONE', #364, 1000.000000000000000 ) ;
#4101 = MECHANICAL_DESIGN_GEOMETRIC_PRESENTATION_REPRESENTATION (  '', ( #2819 ), #1126 ) ;
#4102 = CARTESIAN_POINT ( 'NONE',  ( 0.9644151657851293136, -8.551356099630758933, 52.00000000000000000 ) ) ;
#4103 =( NAMED_UNIT ( * ) SI_UNIT ( $, .STERADIAN. ) SOLID_ANGLE_UNIT ( ) );
#4104 = EDGE_CURVE ( 'NONE', #1441, #157, #1224, .T. ) ;
#4105 = FILL_AREA_STYLE ('',( #5059 ) ) ;
#4106 = EDGE_CURVE ( 'NONE', #2809, #1441, #5038, .T. ) ;
#4107 = DIRECTION ( 'NONE',  ( 0.000000000000000000, -1.000000000000000000, 0.000000000000000000 ) ) ;
#4108 = VECTOR ( 'NONE', #2228, 1000.000000000000000 ) ;
#4109 = UNCERTAINTY_MEASURE_WITH_UNIT (LENGTH_MEASURE( 1.000000000000000082E-05 ), #1392, 'distance_accuracy_value', 'NONE');
#4110 = ORIENTED_EDGE ( 'NONE', *, *, #401, .T. ) ;
#4111 = CARTESIAN_POINT ( 'NONE',  ( 10.66441516578512783, -2.451356099630771279, 76.50000000000000000 ) ) ;
#4112 = CIRCLE ( 'NONE', #1749, 1.599999999999999867 ) ;
#4113 = CARTESIAN_POINT ( 'NONE',  ( 17.76441516578512747, -8.551356099630758933, 74.50000000000000000 ) ) ;
#4114 = EDGE_CURVE ( 'NONE', #2318, #3470, #1733, .T. ) ;
#4115 = CARTESIAN_POINT ( 'NONE',  ( 21.26441516578513102, 10.94864390036924107, 45.50000000000000000 ) ) ;
#4116 = CARTESIAN_POINT ( 'NONE',  ( -16.33558483421485619, 4.548643900369247817, 74.49999999999998579 ) ) ;
#4117 = STYLED_ITEM ( 'NONE', ( #358 ), #5245 ) ;
#4118 = EDGE_LOOP ( 'NONE', ( #1592, #5044, #1199, #4535 ) ) ;
#4119 = CARTESIAN_POINT ( 'NONE',  ( -29.15958483421486491, -10.64216787860075897, 70.50000000000000000 ) ) ;
#4120 = STYLED_ITEM ( 'NONE', ( #4248 ), #5424 ) ;
#4121 = PRESENTATION_STYLE_ASSIGNMENT (( #3135 ) ) ;
#4122 = CARTESIAN_POINT ( 'NONE',  ( -12.53558483421487146, 1.348643900369240978, 74.50000000000000000 ) ) ;
#4123 = EDGE_LOOP ( 'NONE', ( #412, #4577 ) ) ;
#4124 = VERTEX_POINT ( 'NONE', #6035 ) ;
#4125 = ORIENTED_EDGE ( 'NONE', *, *, #4293, .F. ) ;
#4126 = AXIS2_PLACEMENT_3D ( 'NONE', #4011, #4424, #3022 ) ;
#4127 = ADVANCED_FACE ( 'NONE', ( #1263 ), #2592, .T. ) ;
#4128 = CARTESIAN_POINT ( 'NONE',  ( 23.46441516578513031, -2.051356099630759378, 45.50000000000000000 ) ) ;
#4129 = CARTESIAN_POINT ( 'NONE',  ( 26.46441516578512676, 10.94864390036924107, 43.50000000000000000 ) ) ;
#4130 =( GEOMETRIC_REPRESENTATION_CONTEXT ( 3 ) GLOBAL_UNCERTAINTY_ASSIGNED_CONTEXT ( ( #4955 ) ) GLOBAL_UNIT_ASSIGNED_CONTEXT ( ( #4896, #5437, #3910 ) ) REPRESENTATION_CONTEXT ( 'NONE', 'WORKASPACE' ) );
#4131 = ORIENTED_EDGE ( 'NONE', *, *, #5109, .T. ) ;
#4132 = EDGE_CURVE ( 'NONE', #4183, #5961, #3699, .T. ) ;
#4133 = SURFACE_SIDE_STYLE ('',( #301 ) ) ;
#4134 = SURFACE_SIDE_STYLE ('',( #4644 ) ) ;
#4135 = CARTESIAN_POINT ( 'NONE',  ( -9.335584834214870398, -2.451356099630771279, 74.49999999999998579 ) ) ;
#4136 = ORIENTED_EDGE ( 'NONE', *, *, #2028, .T. ) ;
#4137 = FILL_AREA_STYLE_COLOUR ( '', #122 ) ;
#4138 = MECHANICAL_DESIGN_GEOMETRIC_PRESENTATION_REPRESENTATION (  '', ( #3360 ), #3253 ) ;
#4139 = LINE ( 'NONE', #3214, #5895 ) ;
#4140 = CARTESIAN_POINT ( 'NONE',  ( -19.53558483421487324, 2.948643900369238402, 74.50000000000000000 ) ) ;
#4141 = DIRECTION ( 'NONE',  ( 0.000000000000000000, -1.000000000000000000, 0.000000000000000000 ) ) ;
#4142 =( BOUNDED_SURFACE ( )  B_SPLINE_SURFACE ( 1, 3, ( 
 ( #527, #5508, #4478, #2130 ),
 ( #5030, #3606, #334, #5543 ) ),
 .UNSPECIFIED., .F., .F., .T. ) 
 B_SPLINE_SURFACE_WITH_KNOTS ( ( 2, 2 ),
 ( 4, 4 ),
 ( 0.04162577848936890174, 0.9583742215106310081 ),
 ( 0.000000000000000000, 1.000000000000000000 ),
 .UNSPECIFIED. ) 
 GEOMETRIC_REPRESENTATION_ITEM ( )  RATIONAL_B_SPLINE_SURFACE ( (
 ( 1.000000000000000000, 0.3333333333333335369, 0.3333333333333335369, 1.000000000000000000),
 ( 1.000000000000000000, 0.3333333333333335369, 0.3333333333333335369, 1.000000000000000000) ) ) 
 REPRESENTATION_ITEM ( '' )  SURFACE ( )  );
#4143 = FACE_OUTER_BOUND ( 'NONE', #1055, .T. ) ;
#4144 = PRESENTATION_LAYER_ASSIGNMENT (  '', '', ( #2563 ) ) ;
#4145 = LINE ( 'NONE', #6072, #798 ) ;
#4146 = UNCERTAINTY_MEASURE_WITH_UNIT (LENGTH_MEASURE( 1.000000000000000082E-05 ), #6164, 'distance_accuracy_value', 'NONE');
#4147 = VERTEX_POINT ( 'NONE', #5729 ) ;
#4148 = CARTESIAN_POINT ( 'NONE',  ( -21.28558483421486969, -11.53914521253883763, 43.85280969941640450 ) ) ;
#4149 = VECTOR ( 'NONE', #1253, 1000.000000000000000 ) ;
#4150 = AXIS2_PLACEMENT_3D ( 'NONE', #3945, #1490, #2690 ) ;
#4151 = CARTESIAN_POINT ( 'NONE',  ( -11.03558483421486969, -10.55135609963075893, 62.00000000000000000 ) ) ;
#4152 = CARTESIAN_POINT ( 'NONE',  ( -24.53558483421486969, -10.55135609963075893, 62.00000000000000000 ) ) ;
#4153 = MECHANICAL_DESIGN_GEOMETRIC_PRESENTATION_REPRESENTATION (  '', ( #4968 ), #1787 ) ;
#4154 = VERTEX_POINT ( 'NONE', #973 ) ;
#4155 = AXIS2_PLACEMENT_3D ( 'NONE', #3505, #192, #1107 ) ;
#4156 = VERTEX_POINT ( 'NONE', #2445 ) ;
#4157 = CARTESIAN_POINT ( 'NONE',  ( 21.46441516578513031, -10.55135609963075893, 62.00000000000000000 ) ) ;
#4158 = DIRECTION ( 'NONE',  ( 0.000000000000000000, 0.000000000000000000, 1.000000000000000000 ) ) ;
#4159 = MECHANICAL_DESIGN_GEOMETRIC_PRESENTATION_REPRESENTATION (  '', ( #3372 ), #3857 ) ;
#4160 = EDGE_CURVE ( 'NONE', #6140, #3319, #1013, .T. ) ;
#4161 = EDGE_LOOP ( 'NONE', ( #3478, #1620, #4035, #871 ) ) ;
#4162 = PLANE ( 'NONE',  #5029 ) ;
#4163 = CARTESIAN_POINT ( 'NONE',  ( -14.53558483421486969, -8.551356099630758933, 45.00000000000000000 ) ) ;
#4164 = CARTESIAN_POINT ( 'NONE',  ( 7.464415165785128536, 8.348643900369239645, 74.50000000000000000 ) ) ;
#4165 =( NAMED_UNIT ( * ) PLANE_ANGLE_UNIT ( ) SI_UNIT ( $, .RADIAN. ) );
#4166 = FACE_BOUND ( 'NONE', #5586, .T. ) ;
#4167 = EDGE_CURVE ( 'NONE', #2801, #5651, #4397, .T. ) ;
#4168 = ORIENTED_EDGE ( 'NONE', *, *, #1250, .F. ) ;
#4169 = FILL_AREA_STYLE ('',( #4862 ) ) ;
#4170 = SURFACE_STYLE_USAGE ( .BOTH. , #1397 ) ;
#4171 = CARTESIAN_POINT ( 'NONE',  ( 11.96441516578513031, -8.551356099630758933, 52.00000000000000000 ) ) ;
#4172 = CARTESIAN_POINT ( 'NONE',  ( -22.83558483421487040, -8.539145212538837626, 76.84091195102224958 ) ) ;
#4173 = CARTESIAN_POINT ( 'NONE',  ( -28.53558483421486613, -10.55135609963075893, 62.00000000000000000 ) ) ;
#4174 = DIRECTION ( 'NONE',  ( 1.000000000000000000, 0.000000000000000000, 0.000000000000000000 ) ) ;
#4175 = ORIENTED_EDGE ( 'NONE', *, *, #4106, .T. ) ;
#4176 = ORIENTED_EDGE ( 'NONE', *, *, #2127, .T. ) ;
#4177 =( BOUNDED_SURFACE ( )  B_SPLINE_SURFACE ( 1, 3, ( 
 ( #637, #38, #96, #2051 ),
 ( #1044, #2879, #603, #2537 ) ),
 .UNSPECIFIED., .F., .F., .T. ) 
 B_SPLINE_SURFACE_WITH_KNOTS ( ( 2, 2 ),
 ( 4, 4 ),
 ( 0.04162577848936815234, 0.9583742215106310081 ),
 ( 0.000000000000000000, 1.000000000000000000 ),
 .UNSPECIFIED. ) 
 GEOMETRIC_REPRESENTATION_ITEM ( )  RATIONAL_B_SPLINE_SURFACE ( (
 ( 1.000000000000000000, 0.3333333333333335369, 0.3333333333333335369, 1.000000000000000000),
 ( 1.000000000000000000, 0.3333333333333335369, 0.3333333333333335369, 1.000000000000000000) ) ) 
 REPRESENTATION_ITEM ( '' )  SURFACE ( )  );
#4178 = SURFACE_STYLE_USAGE ( .BOTH. , #3191 ) ;
#4179 = CARTESIAN_POINT ( 'NONE',  ( 17.76441516578512747, 11.37864390036924256, 49.61999999999999744 ) ) ;
#4180 = PRESENTATION_LAYER_ASSIGNMENT (  '', '', ( #5190 ) ) ;
#4181 = EDGE_CURVE ( 'NONE', #137, #235, #6006, .T. ) ;
#4182 = PRESENTATION_LAYER_ASSIGNMENT (  '', '', ( #6192 ) ) ;
#4183 = VERTEX_POINT ( 'NONE', #2937 ) ;
#4184 = ORIENTED_EDGE ( 'NONE', *, *, #1688, .T. ) ;
#4185 = VERTEX_POINT ( 'NONE', #2875 ) ;
#4186 = PRESENTATION_STYLE_ASSIGNMENT (( #1280 ) ) ;
#4187 = STYLED_ITEM ( 'NONE', ( #5736 ), #3580 ) ;
#4188 = B_SPLINE_SURFACE_WITH_KNOTS ( 'NONE', 1, 1, ( 
 ( #1790, #2718 ),
 ( #5547, #5088 ) ),
 .UNSPECIFIED., .F., .F., .F.,
 ( 2, 2 ),
 ( 2, 2 ),
 ( -0.6707999999999999519, 34.21079999999999899 ),
 ( -2.090811778971999768, 0.09081177897167000412 ),
 .UNSPECIFIED. ) ;
#4189 = DIRECTION ( 'NONE',  ( 0.000000000000000000, 1.000000000000000000, 0.000000000000000000 ) ) ;
#4190 = FILL_AREA_STYLE ('',( #2828 ) ) ;
#4191 = LINE ( 'NONE', #482, #1152 ) ;
#4192 = ORIENTED_EDGE ( 'NONE', *, *, #529, .T. ) ;
#4193 =( GEOMETRIC_REPRESENTATION_CONTEXT ( 3 ) GLOBAL_UNCERTAINTY_ASSIGNED_CONTEXT ( ( #179 ) ) GLOBAL_UNIT_ASSIGNED_CONTEXT ( ( #3529, #1650, #5851 ) ) REPRESENTATION_CONTEXT ( 'NONE', 'WORKASPACE' ) );
#4194 = DIRECTION ( 'NONE',  ( 0.000000000000000000, -1.000000000000000000, 0.000000000000000000 ) ) ;
#4195 = CARTESIAN_POINT ( 'NONE',  ( 5.964415165785129425, -10.55135609963075893, 62.00000000000000000 ) ) ;
#4196 = ORIENTED_EDGE ( 'NONE', *, *, #1478, .T. ) ;
#4197 = CIRCLE ( 'NONE', #5213, 1.500000000000000000 ) ;
#4198 = COLOUR_RGB ( '',1.000000000000000000, 1.000000000000000000, 1.000000000000000000 ) ;
#4199 = ORIENTED_EDGE ( 'NONE', *, *, #4167, .T. ) ;
#4200 = ADVANCED_FACE ( 'NONE', ( #4782 ), #2878, .T. ) ;
#4201 = CARTESIAN_POINT ( 'NONE',  ( -18.78558483421487324, -10.55135609963075893, 39.49999999999999289 ) ) ;
#4202 = DIRECTION ( 'NONE',  ( 1.000000000000000000, 0.000000000000000000, 0.000000000000000000 ) ) ;
#4203 = DIRECTION ( 'NONE',  ( 0.000000000000000000, 0.000000000000000000, -1.000000000000000000 ) ) ;
#4204 = PRESENTATION_LAYER_ASSIGNMENT (  '', '', ( #632 ) ) ;
#4205 = ORIENTED_EDGE ( 'NONE', *, *, #1174, .T. ) ;
#4206 = EDGE_LOOP ( 'NONE', ( #1804, #308, #2844, #3928 ) ) ;
#4207 = AXIS2_PLACEMENT_3D ( 'NONE', #3180, #5633, #1220 ) ;
#4208 =( NAMED_UNIT ( * ) SI_UNIT ( $, .STERADIAN. ) SOLID_ANGLE_UNIT ( ) );
#4209 = CARTESIAN_POINT ( 'NONE',  ( -18.53558483421487324, -8.551356099630758933, 52.00000000000000000 ) ) ;
#4210 = AXIS2_PLACEMENT_3D ( 'NONE', #2185, #3601, #4991 ) ;
#4211 = ORIENTED_EDGE ( 'NONE', *, *, #1434, .F. ) ;
#4212 = EDGE_LOOP ( 'NONE', ( #639, #6084, #5050, #3995 ) ) ;
#4213 = VERTEX_POINT ( 'NONE', #5926 ) ;
#4214 = EDGE_CURVE ( 'NONE', #1277, #1210, #1935, .T. ) ;
#4215 = AXIS2_PLACEMENT_3D ( 'NONE', #3371, #1555, #3774 ) ;
#4216 = FILL_AREA_STYLE_COLOUR ( '', #5747 ) ;
#4217 = PRESENTATION_STYLE_ASSIGNMENT (( #5169 ) ) ;
#4218 = COLOUR_RGB ( '',1.000000000000000000, 1.000000000000000000, 1.000000000000000000 ) ;
#4219 =( LENGTH_UNIT ( ) NAMED_UNIT ( * ) SI_UNIT ( .MILLI., .METRE. ) );
#4220 = CARTESIAN_POINT ( 'NONE',  ( 16.21441516578513031, -8.539145212538837626, 39.49999999999999289 ) ) ;
#4221 = COLOUR_RGB ( '',1.000000000000000000, 1.000000000000000000, 1.000000000000000000 ) ;
#4222 = CARTESIAN_POINT ( 'NONE',  ( 23.46441516578513031, -10.55135609963075893, 62.00000000000000000 ) ) ;
#4223 = CARTESIAN_POINT ( 'NONE',  ( -21.28558483421486969, -8.539145212538837626, 39.49999999999999289 ) ) ;
#4224 = CARTESIAN_POINT ( 'NONE',  ( -28.03558483421486613, 14.44864390036923751, 43.50000000000000000 ) ) ;
#4225 = VERTEX_POINT ( 'NONE', #2785 ) ;
#4226 = VERTEX_POINT ( 'NONE', #4173 ) ;
#4227 = LINE ( 'NONE', #6155, #5153 ) ;
#4228 =( NAMED_UNIT ( * ) SI_UNIT ( $, .STERADIAN. ) SOLID_ANGLE_UNIT ( ) );
#4229 = CARTESIAN_POINT ( 'NONE',  ( 17.76441516578512747, -8.539145212538837626, 76.84091195102224958 ) ) ;
#4230 =( LENGTH_UNIT ( ) NAMED_UNIT ( * ) SI_UNIT ( .MILLI., .METRE. ) );
#4231 = CARTESIAN_POINT ( 'NONE',  ( 7.964415165785129425, -10.55135609963075893, 45.00000000000000000 ) ) ;
#4232 = UNCERTAINTY_MEASURE_WITH_UNIT (LENGTH_MEASURE( 1.000000000000000082E-05 ), #4551, 'distance_accuracy_value', 'NONE');
#4233 = CARTESIAN_POINT ( 'NONE',  ( 19.46441516578513031, -6.051356099630770480, 45.50000000000000000 ) ) ;
#4234 = EDGE_CURVE ( 'NONE', #5800, #3597, #5307, .T. ) ;
#4235 = PRESENTATION_STYLE_ASSIGNMENT (( #1369 ) ) ;
#4236 = EDGE_LOOP ( 'NONE', ( #299, #1324, #443, #2058 ) ) ;
#4237 = ORIENTED_EDGE ( 'NONE', *, *, #5174, .F. ) ;
#4238 = CARTESIAN_POINT ( 'NONE',  ( -9.335584834214900596, 11.54864390036920341, 74.49999999999998579 ) ) ;
#4239 = CARTESIAN_POINT ( 'NONE',  ( -1.035584834214869909, -8.551356099630758933, 69.00000000000000000 ) ) ;
#4240 = FACE_OUTER_BOUND ( 'NONE', #3810, .T. ) ;
#4241 = CARTESIAN_POINT ( 'NONE',  ( -14.53558483421489278, -8.551356099630737617, 47.99999999999998579 ) ) ;
#4242 = ORIENTED_EDGE ( 'NONE', *, *, #860, .F. ) ;
#4243 = VERTEX_POINT ( 'NONE', #1800 ) ;
#4244 = PRESENTATION_LAYER_ASSIGNMENT (  '', '', ( #785 ) ) ;
#4245 = COLOUR_RGB ( '',1.000000000000000000, 1.000000000000000000, 1.000000000000000000 ) ;
#4246 = CARTESIAN_POINT ( 'NONE',  ( 16.46441516578513387, -10.55135609963076604, 54.99999999999999289 ) ) ;
#4247 = FILL_AREA_STYLE ('',( #4216 ) ) ;
#4248 = PRESENTATION_STYLE_ASSIGNMENT (( #2420 ) ) ;
#4249 = SURFACE_STYLE_FILL_AREA ( #4190 ) ;
#4250 = CARTESIAN_POINT ( 'NONE',  ( 17.76441516578512747, -8.551356099630758933, 74.50000000000000000 ) ) ;
#4251 = CIRCLE ( 'NONE', #5476, 2.500000000000002220 ) ;
#4252 =( GEOMETRIC_REPRESENTATION_CONTEXT ( 3 ) GLOBAL_UNCERTAINTY_ASSIGNED_CONTEXT ( ( #5186 ) ) GLOBAL_UNIT_ASSIGNED_CONTEXT ( ( #4513, #5503, #5027 ) ) REPRESENTATION_CONTEXT ( 'NONE', 'WORKASPACE' ) );
#4253 = FILL_AREA_STYLE_COLOUR ( '', #1022 ) ;
#4254 =( LENGTH_UNIT ( ) NAMED_UNIT ( * ) SI_UNIT ( .MILLI., .METRE. ) );
#4255 = DIRECTION ( 'NONE',  ( 0.000000000000000000, 1.000000000000000000, 0.000000000000000000 ) ) ;
#4256 = PRESENTATION_LAYER_ASSIGNMENT (  '', '', ( #587 ) ) ;
#4257 =( LENGTH_UNIT ( ) NAMED_UNIT ( * ) SI_UNIT ( .MILLI., .METRE. ) );
#4258 = EDGE_LOOP ( 'NONE', ( #2705, #1056 ) ) ;
#4259 = EDGE_CURVE ( 'NONE', #3873, #5339, #830, .T. ) ;
#4260 = EDGE_CURVE ( 'NONE', #3929, #4786, #5151, .T. ) ;
#4261 = STYLED_ITEM ( 'NONE', ( #5116 ), #555 ) ;
#4262 = B_SPLINE_SURFACE_WITH_KNOTS ( 'NONE', 1, 1, ( 
 ( #2081, #3506 ),
 ( #3414, #4344 ) ),
 .UNSPECIFIED., .F., .F., .F.,
 ( 2, 2 ),
 ( 2, 2 ),
 ( -0.1499999999999999944, 7.650000000000000355 ),
 ( -0.09081177897167000412, 2.090811778971999768 ),
 .UNSPECIFIED. ) ;
#4263 = SURFACE_SIDE_STYLE ('',( #967 ) ) ;
#4264 = CARTESIAN_POINT ( 'NONE',  ( -28.53558483421486613, 7.948643900369239290, 45.50000000000000000 ) ) ;
#4265 = CARTESIAN_POINT ( 'NONE',  ( -24.53558483421487324, -6.051356099630770480, 45.50000000000000000 ) ) ;
#4266 = CARTESIAN_POINT ( 'NONE',  ( 2.964415165785129869, -8.551356099630766039, 65.00000000000000000 ) ) ;
#4267 = DIRECTION ( 'NONE',  ( -1.000000000000000000, 0.000000000000000000, 0.000000000000000000 ) ) ;
#4268 = ORIENTED_EDGE ( 'NONE', *, *, #3466, .F. ) ;
#4269 = ORIENTED_EDGE ( 'NONE', *, *, #2538, .F. ) ;
#4270 = LINE ( 'NONE', #2506, #2474 ) ;
#4271 = PRESENTATION_STYLE_ASSIGNMENT (( #446 ) ) ;
#4272 = CARTESIAN_POINT ( 'NONE',  ( -5.535584834214870575, 1.348643900369240978, 74.50000000000000000 ) ) ;
#4273 = ORIENTED_EDGE ( 'NONE', *, *, #4132, .F. ) ;
#4274 = ORIENTED_EDGE ( 'NONE', *, *, #3034, .T. ) ;
#4275 = ORIENTED_EDGE ( 'NONE', *, *, #4651, .T. ) ;
#4276 = SURFACE_STYLE_USAGE ( .BOTH. , #3329 ) ;
#4277 = LINE ( 'NONE', #2393, #1470 ) ;
#4278 = STYLED_ITEM ( 'NONE', ( #1559 ), #630 ) ;
#4279 = ADVANCED_FACE ( 'NONE', ( #4143 ), #718, .T. ) ;
#4280 = CARTESIAN_POINT ( 'NONE',  ( 4.264415165785123918, 8.348643900369223658, 74.49999999999998579 ) ) ;
#4281 =( BOUNDED_SURFACE ( )  B_SPLINE_SURFACE ( 1, 3, ( 
 ( #1782, #393, #927, #899 ),
 ( #5655, #5170, #3266, #1477 ) ),
 .UNSPECIFIED., .F., .F., .F. ) 
 B_SPLINE_SURFACE_WITH_KNOTS ( ( 2, 2 ),
 ( 4, 4 ),
 ( 0.04162577848936815234, 0.9583742215106310081 ),
 ( 0.000000000000000000, 1.000000000000000000 ),
 .UNSPECIFIED. ) 
 GEOMETRIC_REPRESENTATION_ITEM ( )  RATIONAL_B_SPLINE_SURFACE ( (
 ( 1.000000000000000000, 0.3333333333333335369, 0.3333333333333335369, 1.000000000000000000),
 ( 1.000000000000000000, 0.3333333333333335369, 0.3333333333333335369, 1.000000000000000000) ) ) 
 REPRESENTATION_ITEM ( '' )  SURFACE ( )  );
#4282 = CARTESIAN_POINT ( 'NONE',  ( 13.71441516578512854, -8.551356099630758933, 39.49999999999999289 ) ) ;
#4283 = CARTESIAN_POINT ( 'NONE',  ( 26.46441516578512676, -8.539145212538837626, 70.50000000000000000 ) ) ;
#4284 = SURFACE_SIDE_STYLE ('',( #5720 ) ) ;
#4285 = FILL_AREA_STYLE_COLOUR ( '', #3067 ) ;
#4286 = SURFACE_STYLE_FILL_AREA ( #2401 ) ;
#4287 = ORIENTED_EDGE ( 'NONE', *, *, #4259, .T. ) ;
#4288 = MECHANICAL_DESIGN_GEOMETRIC_PRESENTATION_REPRESENTATION (  '', ( #230 ), #1631 ) ;
#4289 = AXIS2_PLACEMENT_3D ( 'NONE', #1306, #5047, #1273 ) ;
#4290 = EDGE_CURVE ( 'NONE', #2327, #5868, #4306, .T. ) ;
#4291 = FACE_BOUND ( 'NONE', #5102, .T. ) ;
#4292 = FACE_OUTER_BOUND ( 'NONE', #5533, .T. ) ;
#4293 = EDGE_CURVE ( 'NONE', #2870, #5679, #402, .T. ) ;
#4294 =( NAMED_UNIT ( * ) SI_UNIT ( $, .STERADIAN. ) SOLID_ANGLE_UNIT ( ) );
#4295 = CARTESIAN_POINT ( 'NONE',  ( 11.96441516578513031, -8.551356099630758933, 52.00000000000000000 ) ) ;
#4296 = LINE ( 'NONE', #5759, #1569 ) ;
#4297 = CARTESIAN_POINT ( 'NONE',  ( 23.46441516578513031, 7.948643900369239290, 45.50000000000000000 ) ) ;
#4298 = COLOUR_RGB ( '',1.000000000000000000, 1.000000000000000000, 1.000000000000000000 ) ;
#4299 = VERTEX_POINT ( 'NONE', #4500 ) ;
#4300 = ORIENTED_EDGE ( 'NONE', *, *, #6033, .F. ) ;
#4301 =( GEOMETRIC_REPRESENTATION_CONTEXT ( 3 ) GLOBAL_UNCERTAINTY_ASSIGNED_CONTEXT ( ( #5991 ) ) GLOBAL_UNIT_ASSIGNED_CONTEXT ( ( #3362, #997, #5036 ) ) REPRESENTATION_CONTEXT ( 'NONE', 'WORKASPACE' ) );
#4302 = ADVANCED_FACE ( 'NONE', ( #257 ), #1998, .T. ) ;
#4303 = CARTESIAN_POINT ( 'NONE',  ( -12.53558483421487146, 11.54864390036923893, 76.50000000000000000 ) ) ;
#4304 = COLOUR_RGB ( '',1.000000000000000000, 1.000000000000000000, 1.000000000000000000 ) ;
#4305 = CARTESIAN_POINT ( 'NONE',  ( -20.03558483421487324, -8.551356099630758933, 52.00000000000000000 ) ) ;
#4306 = LINE ( 'NONE', #3680, #2231 ) ;
#4307 = CARTESIAN_POINT ( 'NONE',  ( -18.53558483421487324, -10.55135609963075893, 52.00000000000000000 ) ) ;
#4308 = PRESENTATION_LAYER_ASSIGNMENT (  '', '', ( #3221 ) ) ;
#4309 = VECTOR ( 'NONE', #2601, 1000.000000000000000 ) ;
#4310 = ORIENTED_EDGE ( 'NONE', *, *, #4946, .F. ) ;
#4311 = EDGE_LOOP ( 'NONE', ( #1777, #5199, #1750, #3387 ) ) ;
#4312 = EDGE_LOOP ( 'NONE', ( #5117, #3638 ) ) ;
#4313 = DIRECTION ( 'NONE',  ( 0.000000000000000000, -1.000000000000000000, 0.000000000000000000 ) ) ;
#4314 = VECTOR ( 'NONE', #1580, 1000.000000000000000 ) ;
#4315 = DIRECTION ( 'NONE',  ( 0.000000000000000000, 1.000000000000000000, 0.000000000000000000 ) ) ;
#4316 = ORIENTED_EDGE ( 'NONE', *, *, #4728, .F. ) ;
#4317 = EDGE_CURVE ( 'NONE', #5072, #5144, #3217, .T. ) ;
#4318 = AXIS2_PLACEMENT_3D ( 'NONE', #2681, #4095, #6018 ) ;
#4319 = CARTESIAN_POINT ( 'NONE',  ( -22.83558483421487040, -10.55135609963075893, 70.50000000000000000 ) ) ;
#4320 = FILL_AREA_STYLE_COLOUR ( '', #1445 ) ;
#4321 = CARTESIAN_POINT ( 'NONE',  ( -11.53558483421489100, -10.55135609963074650, 62.00000000000000711 ) ) ;
#4322 = LINE ( 'NONE', #4383, #4764 ) ;
#4323 = CARTESIAN_POINT ( 'NONE',  ( 0.4644151657851297021, 4.548643900369238935, 76.50000000000000000 ) ) ;
#4324 = PRESENTATION_LAYER_ASSIGNMENT (  '', '', ( #4021 ) ) ;
#4325 =( BOUNDED_SURFACE ( )  B_SPLINE_SURFACE ( 1, 3, ( 
 ( #3461, #1007, #5760, #2009 ),
 ( #1520, #2439, #4332, #3399 ) ),
 .UNSPECIFIED., .F., .F., .T. ) 
 B_SPLINE_SURFACE_WITH_KNOTS ( ( 2, 2 ),
 ( 4, 4 ),
 ( 0.04162577849020974996, 0.9583742215097900141 ),
 ( 0.000000000000000000, 1.000000000000000000 ),
 .UNSPECIFIED. ) 
 GEOMETRIC_REPRESENTATION_ITEM ( )  RATIONAL_B_SPLINE_SURFACE ( (
 ( 1.000000000000000000, 0.8047378541243649375, 0.8047378541243649375, 1.000000000000000000),
 ( 1.000000000000000000, 0.8047378541243649375, 0.8047378541243649375, 1.000000000000000000) ) ) 
 REPRESENTATION_ITEM ( '' )  SURFACE ( )  );
#4326 = EDGE_CURVE ( 'NONE', #1504, #1743, #226, .T. ) ;
#4327 = MECHANICAL_DESIGN_GEOMETRIC_PRESENTATION_REPRESENTATION (  '', ( #5745 ), #5132 ) ;
#4328 =( NAMED_UNIT ( * ) SI_UNIT ( $, .STERADIAN. ) SOLID_ANGLE_UNIT ( ) );
#4329 = DIRECTION ( 'NONE',  ( 0.000000000000000000, 0.000000000000000000, 1.000000000000000000 ) ) ;
#4330 = CARTESIAN_POINT ( 'NONE',  ( 17.66441516578511539, 1.348643900369237647, 74.49999999999998579 ) ) ;
#4331 = CARTESIAN_POINT ( 'NONE',  ( 14.46441516578513031, 2.948643900369238402, 76.50000000000000000 ) ) ;
#4332 = CARTESIAN_POINT ( 'NONE',  ( -30.08583736590903612, 14.44864390036923574, 43.50000000000000000 ) ) ;
#4333 = MECHANICAL_DESIGN_GEOMETRIC_PRESENTATION_REPRESENTATION (  '', ( #559 ), #2749 ) ;
#4334 = VERTEX_POINT ( 'NONE', #5389 ) ;
#4335 = SURFACE_SIDE_STYLE ('',( #2409 ) ) ;
#4336 = DIRECTION ( 'NONE',  ( -1.000000000000000000, 0.000000000000000000, 0.000000000000000000 ) ) ;
#4337 = CARTESIAN_POINT ( 'NONE',  ( -31.53558483421486969, -8.551356099630758933, 45.50000000000000000 ) ) ;
#4338 = ORIENTED_EDGE ( 'NONE', *, *, #611, .T. ) ;
#4339 = CARTESIAN_POINT ( 'NONE',  ( -11.03558483421488035, -8.551356099630766039, 59.00000000000000000 ) ) ;
#4340 = ORIENTED_EDGE ( 'NONE', *, *, #2419, .T. ) ;
#4341 = AXIS2_PLACEMENT_3D ( 'NONE', #2016, #5520, #4053 ) ;
#4342 = ORIENTED_EDGE ( 'NONE', *, *, #5511, .F. ) ;
#4343 = COLOUR_RGB ( '',1.000000000000000000, 1.000000000000000000, 1.000000000000000000 ) ;
#4344 = CARTESIAN_POINT ( 'NONE',  ( 16.21441516578513031, -8.460544320660760675, 41.85000000000000142 ) ) ;
#4345 =( NAMED_UNIT ( * ) SI_UNIT ( $, .STERADIAN. ) SOLID_ANGLE_UNIT ( ) );
#4346 = VERTEX_POINT ( 'NONE', #2056 ) ;
#4347 =( LENGTH_UNIT ( ) NAMED_UNIT ( * ) SI_UNIT ( .MILLI., .METRE. ) );
#4348 = VECTOR ( 'NONE', #2960, 1000.000000000000000 ) ;
#4349 = VECTOR ( 'NONE', #4502, 1000.000000000000000 ) ;
#4350 = SURFACE_SIDE_STYLE ('',( #961 ) ) ;
#4351 = CARTESIAN_POINT ( 'NONE',  ( -28.53558483421489456, -8.551356099630737617, 66.00000000000001421 ) ) ;
#4352 = ADVANCED_FACE ( 'NONE', ( #1235 ), #3850, .T. ) ;
#4353 = COLOUR_RGB ( '',1.000000000000000000, 1.000000000000000000, 1.000000000000000000 ) ;
#4354 = CARTESIAN_POINT ( 'NONE',  ( -11.53558483421489100, -10.55135609963074650, 41.99999999999998579 ) ) ;
#4355 = UNCERTAINTY_MEASURE_WITH_UNIT (LENGTH_MEASURE( 1.000000000000000082E-05 ), #5451, 'distance_accuracy_value', 'NONE');
#4356 = AXIS2_PLACEMENT_3D ( 'NONE', #1472, #3440, #3351 ) ;
#4357 = DIRECTION ( 'NONE',  ( 0.000000000000000000, 0.000000000000000000, -1.000000000000000000 ) ) ;
#4358 = CARTESIAN_POINT ( 'NONE',  ( 9.464415165785130313, -10.55135609963074650, 56.00000000000000000 ) ) ;
#4359 = CARTESIAN_POINT ( 'NONE',  ( -29.03558483421486613, -8.551356099630758933, 70.50000000000000000 ) ) ;
#4360 = STYLED_ITEM ( 'NONE', ( #1908 ), #2202 ) ;
#4361 = AXIS2_PLACEMENT_3D ( 'NONE', #254, #4978, #705 ) ;
#4362 = ORIENTED_EDGE ( 'NONE', *, *, #1103, .F. ) ;
#4363 = SURFACE_STYLE_FILL_AREA ( #2934 ) ;
#4364 = CARTESIAN_POINT ( 'NONE',  ( -21.19477305524486965, -10.64216787860075897, 49.49999999999999289 ) ) ;
#4365 = FILL_AREA_STYLE_COLOUR ( '', #2957 ) ;
#4366 = CARTESIAN_POINT ( 'NONE',  ( 7.464415165785128536, 11.54864390036923893, 76.50000000000000000 ) ) ;
#4367 = CARTESIAN_POINT ( 'NONE',  ( 26.46441516578512676, -8.551356099630758933, 68.00000000000000000 ) ) ;
#4368 = FILL_AREA_STYLE_COLOUR ( '', #2119 ) ;
#4369 = B_SPLINE_SURFACE_WITH_KNOTS ( 'NONE', 1, 1, ( 
 ( #2143, #154 ),
 ( #2508, #2479 ) ),
 .UNSPECIFIED., .F., .F., .F.,
 ( 2, 2 ),
 ( 2, 2 ),
 ( -0.4899999999999999911, 24.98999999999999844 ),
 ( -0.4299999999999999933, 21.92999999999999972 ),
 .UNSPECIFIED. ) ;
#4370 =( LENGTH_UNIT ( ) NAMED_UNIT ( * ) SI_UNIT ( .MILLI., .METRE. ) );
#4371 = ORIENTED_EDGE ( 'NONE', *, *, #915, .F. ) ;
#4372 = DIRECTION ( 'NONE',  ( 1.000000000000000000, 0.000000000000000000, 0.000000000000000000 ) ) ;
#4373 = ORIENTED_EDGE ( 'NONE', *, *, #4549, .F. ) ;
#4374 = VERTEX_POINT ( 'NONE', #4148 ) ;
#4375 = LINE ( 'NONE', #1537, #2447 ) ;
#4376 = EDGE_CURVE ( 'NONE', #638, #1100, #22, .T. ) ;
#4377 = CARTESIAN_POINT ( 'NONE',  ( -19.53558483421487324, 2.948643900369238402, 76.50000000000000000 ) ) ;
#4378 = EDGE_CURVE ( 'NONE', #235, #137, #1343, .T. ) ;
#4379 = ORIENTED_EDGE ( 'NONE', *, *, #1145, .F. ) ;
#4380 = ORIENTED_EDGE ( 'NONE', *, *, #4114, .T. ) ;
#4381 = SURFACE_STYLE_USAGE ( .BOTH. , #5748 ) ;
#4382 = LINE ( 'NONE', #4958, #6028 ) ;
#4383 = CARTESIAN_POINT ( 'NONE',  ( 21.26441516578513102, 14.44864390036923751, 43.50000000000000000 ) ) ;
#4384 = PRESENTATION_STYLE_ASSIGNMENT (( #3425 ) ) ;
#4385 = CARTESIAN_POINT ( 'NONE',  ( 11.96441516578513031, -10.55135609963075893, 52.00000000000000000 ) ) ;
#4386 = SURFACE_STYLE_FILL_AREA ( #2698 ) ;
#4387 = PRESENTATION_LAYER_ASSIGNMENT (  '', '', ( #3588 ) ) ;
#4388 = FACE_OUTER_BOUND ( 'NONE', #3400, .T. ) ;
#4389 = STYLED_ITEM ( 'NONE', ( #2999 ), #3527 ) ;
#4390 = LINE ( 'NONE', #2500, #256 ) ;
#4391 =( NAMED_UNIT ( * ) SI_UNIT ( $, .STERADIAN. ) SOLID_ANGLE_UNIT ( ) );
#4392 = FACE_BOUND ( 'NONE', #5172, .T. ) ;
#4393 = CARTESIAN_POINT ( 'NONE',  ( 23.46441516578513031, 7.948643900369239290, 43.50000000000000000 ) ) ;
#4394 = ORIENTED_EDGE ( 'NONE', *, *, #1673, .F. ) ;
#4395 = EDGE_CURVE ( 'NONE', #1567, #4334, #120, .T. ) ;
#4396 = DIRECTION ( 'NONE',  ( 0.000000000000000000, -1.000000000000000000, 0.000000000000000000 ) ) ;
#4397 = CIRCLE ( 'NONE', #1541, 1.599999999999999867 ) ;
#4398 = CARTESIAN_POINT ( 'NONE',  ( -8.035584834214871464, -8.551356099630758933, 62.00000000000000000 ) ) ;
#4399 = PRESENTATION_STYLE_ASSIGNMENT (( #218 ) ) ;
#4400 = CARTESIAN_POINT ( 'NONE',  ( -5.535584834214870575, 1.348643900369240978, 76.50000000000000000 ) ) ;
#4401 = ORIENTED_EDGE ( 'NONE', *, *, #4597, .F. ) ;
#4402 = ORIENTED_EDGE ( 'NONE', *, *, #3390, .T. ) ;
#4403 = VERTEX_POINT ( 'NONE', #3747 ) ;
#4404 = STYLED_ITEM ( 'NONE', ( #3165 ), #4411 ) ;
#4405 = CARTESIAN_POINT ( 'NONE',  ( -24.53558483421486969, 7.948643900369239290, 45.50000000000000000 ) ) ;
#4406 = CARTESIAN_POINT ( 'NONE',  ( -15.73558483421485832, -5.651356099630778118, 74.49999999999998579 ) ) ;
#4407 = PRESENTATION_LAYER_ASSIGNMENT (  '', '', ( #2726 ) ) ;
#4408 = DIRECTION ( 'NONE',  ( -1.000000000000000000, 0.000000000000000000, 0.000000000000000000 ) ) ;
#4409 =( NAMED_UNIT ( * ) PLANE_ANGLE_UNIT ( ) SI_UNIT ( $, .RADIAN. ) );
#4410 =( GEOMETRIC_REPRESENTATION_CONTEXT ( 3 ) GLOBAL_UNCERTAINTY_ASSIGNED_CONTEXT ( ( #5956 ) ) GLOBAL_UNIT_ASSIGNED_CONTEXT ( ( #5519, #4082, #3186 ) ) REPRESENTATION_CONTEXT ( 'NONE', 'WORKASPACE' ) );
#4411 = ADVANCED_FACE ( 'NONE', ( #802 ), #316, .T. ) ;
#4412 = VERTEX_POINT ( 'NONE', #1303 ) ;
#4413 = LINE ( 'NONE', #140, #2636 ) ;
#4414 = STYLED_ITEM ( 'NONE', ( #5574 ), #4922 ) ;
#4415 = DIRECTION ( 'NONE',  ( 0.000000000000000000, 1.000000000000000000, 0.000000000000000000 ) ) ;
#4416 = CARTESIAN_POINT ( 'NONE',  ( -17.03558483421486969, -10.55135609963075893, 52.00000000000000000 ) ) ;
#4417 = DIRECTION ( 'NONE',  ( 1.000000000000000000, 0.000000000000000000, 0.000000000000000000 ) ) ;
#4418 = CIRCLE ( 'NONE', #132, 2.000000000000001776 ) ;
#4419 = UNCERTAINTY_MEASURE_WITH_UNIT (LENGTH_MEASURE( 1.000000000000000082E-05 ), #6130, 'distance_accuracy_value', 'NONE');
#4420 = CARTESIAN_POINT ( 'NONE',  ( 26.46441516578512676, 10.94864390036924107, 43.50000000000000000 ) ) ;
#4421 = CIRCLE ( 'NONE', #2050, 1.600000000000000089 ) ;
#4422 =( NAMED_UNIT ( * ) PLANE_ANGLE_UNIT ( ) SI_UNIT ( $, .RADIAN. ) );
#4423 = CARTESIAN_POINT ( 'NONE',  ( 17.76441516578512747, -8.551356099630758933, 45.50000000000000000 ) ) ;
#4424 = DIRECTION ( 'NONE',  ( 0.000000000000000000, 0.000000000000000000, -1.000000000000000000 ) ) ;
#4425 = FILL_AREA_STYLE ('',( #1586 ) ) ;
#4426 = DIRECTION ( 'NONE',  ( 1.000000000000000000, 0.000000000000000000, 0.000000000000000000 ) ) ;
#4427 = AXIS2_PLACEMENT_3D ( 'NONE', #2091, #3966, #3453 ) ;
#4428 = CARTESIAN_POINT ( 'NONE',  ( 17.76441516578512747, -9.551356099630760710, 75.50000000000000000 ) ) ;
#4429 = EDGE_CURVE ( 'NONE', #5651, #2801, #2330, .T. ) ;
#4430 = FACE_BOUND ( 'NONE', #4884, .T. ) ;
#4431 = CARTESIAN_POINT ( 'NONE',  ( -8.035584834214871464, -8.551356099630758933, 62.00000000000000000 ) ) ;
#4432 = ORIENTED_EDGE ( 'NONE', *, *, #1662, .F. ) ;
#4433 = ORIENTED_EDGE ( 'NONE', *, *, #3520, .F. ) ;
#4434 =( NAMED_UNIT ( * ) PLANE_ANGLE_UNIT ( ) SI_UNIT ( $, .RADIAN. ) );
#4435 = LINE ( 'NONE', #3006, #4349 ) ;
#4436 = FILL_AREA_STYLE_COLOUR ( '', #3530 ) ;
#4437 = FILL_AREA_STYLE ('',( #2786 ) ) ;
#4438 = ORIENTED_EDGE ( 'NONE', *, *, #5229, .F. ) ;
#4439 = CIRCLE ( 'NONE', #4042, 1.499999999999999556 ) ;
#4440 = ORIENTED_EDGE ( 'NONE', *, *, #1682, .T. ) ;
#4441 = LINE ( 'NONE', #4891, #223 ) ;
#4442 = CARTESIAN_POINT ( 'NONE',  ( -6.535584834214875904, -10.55135609963074650, 54.00000000000000711 ) ) ;
#4443 = SURFACE_SIDE_STYLE ('',( #3481 ) ) ;
#4444 =( NAMED_UNIT ( * ) PLANE_ANGLE_UNIT ( ) SI_UNIT ( $, .RADIAN. ) );
#4445 = FILL_AREA_STYLE ('',( #271 ) ) ;
#4446 =( NAMED_UNIT ( * ) SI_UNIT ( $, .STERADIAN. ) SOLID_ANGLE_UNIT ( ) );
#4447 = CIRCLE ( 'NONE', #880, 1.499999999999999556 ) ;
#4448 =( NAMED_UNIT ( * ) PLANE_ANGLE_UNIT ( ) SI_UNIT ( $, .RADIAN. ) );
#4449 = PRESENTATION_LAYER_ASSIGNMENT (  '', '', ( #1077 ) ) ;
#4450 = CARTESIAN_POINT ( 'NONE',  ( -6.535584834214871464, -10.55135609963075893, 62.00000000000000000 ) ) ;
#4451 = CARTESIAN_POINT ( 'NONE',  ( 10.66441516578512783, 1.348643900369237647, 76.50000000000000000 ) ) ;
#4452 = ADVANCED_FACE ( 'NONE', ( #5127, #2234, #6042, #5618, #1336, #829, #2759, #891, #6005, #1409, #1270 ), #544, .T. ) ;
#4453 = CARTESIAN_POINT ( 'NONE',  ( 19.46441516578512676, 7.948643900369239290, 43.50000000000000000 ) ) ;
#4454 = EDGE_CURVE ( 'NONE', #1301, #4346, #5045, .T. ) ;
#4455 = CIRCLE ( 'NONE', #4564, 2.500000000000002220 ) ;
#4456 = CARTESIAN_POINT ( 'NONE',  ( -18.78558483421487324, -11.53914521253883763, 39.49999999999999289 ) ) ;
#4457 = CIRCLE ( 'NONE', #3666, 1.500000000000000000 ) ;
#4458 = FACE_OUTER_BOUND ( 'NONE', #5430, .T. ) ;
#4459 = FILL_AREA_STYLE_COLOUR ( '', #3010 ) ;
#4460 = DIRECTION ( 'NONE',  ( 0.000000000000000000, 0.000000000000000000, -1.000000000000000000 ) ) ;
#4461 = FACE_BOUND ( 'NONE', #663, .T. ) ;
#4462 = CARTESIAN_POINT ( 'NONE',  ( -19.53558483421487324, 4.548643900369238935, 76.50000000000000000 ) ) ;
#4463 = ORIENTED_EDGE ( 'NONE', *, *, #4049, .F. ) ;
#4464 = EDGE_LOOP ( 'NONE', ( #5126, #3066, #3035, #2743 ) ) ;
#4465 = VECTOR ( 'NONE', #5731, 1000.000000000000000 ) ;
#4466 = FILL_AREA_STYLE_COLOUR ( '', #3854 ) ;
#4467 = CARTESIAN_POINT ( 'NONE',  ( -21.36098455216668413, 14.44864390036923574, 74.49999999999998579 ) ) ;
#4468 =( LENGTH_UNIT ( ) NAMED_UNIT ( * ) SI_UNIT ( .MILLI., .METRE. ) );
#4469 = ORIENTED_EDGE ( 'NONE', *, *, #5446, .F. ) ;
#4470 = ORIENTED_EDGE ( 'NONE', *, *, #5511, .T. ) ;
#4471 = EDGE_LOOP ( 'NONE', ( #1667, #5560 ) ) ;
#4472 = ADVANCED_FACE ( 'NONE', ( #1437 ), #266, .T. ) ;
#4473 =( NAMED_UNIT ( * ) SI_UNIT ( $, .STERADIAN. ) SOLID_ANGLE_UNIT ( ) );
#4474 = CARTESIAN_POINT ( 'NONE',  ( -2.535584834214871464, -8.551356099630758933, 55.00000000000000000 ) ) ;
#4475 =( NAMED_UNIT ( * ) SI_UNIT ( $, .STERADIAN. ) SOLID_ANGLE_UNIT ( ) );
#4476 = FILL_AREA_STYLE_COLOUR ( '', #4221 ) ;
#4477 = SURFACE_STYLE_FILL_AREA ( #1153 ) ;
#4478 = CARTESIAN_POINT ( 'NONE',  ( -15.73558483421485832, 8.348643900369223658, 74.49999999999998579 ) ) ;
#4479 =( NAMED_UNIT ( * ) SI_UNIT ( $, .STERADIAN. ) SOLID_ANGLE_UNIT ( ) );
#4480 = CARTESIAN_POINT ( 'NONE',  ( 0.9644151657851293136, -10.55135609963075893, 52.00000000000000000 ) ) ;
#4481 = SURFACE_SIDE_STYLE ('',( #3918 ) ) ;
#4482 = LINE ( 'NONE', #4874, #3139 ) ;
#4483 = DIRECTION ( 'NONE',  ( 0.000000000000000000, 0.000000000000000000, -1.000000000000000000 ) ) ;
#4484 = ORIENTED_EDGE ( 'NONE', *, *, #298, .F. ) ;
#4485 = VECTOR ( 'NONE', #1506, 1000.000000000000000 ) ;
#4486 = ADVANCED_FACE ( 'NONE', ( #2818 ), #2593, .T. ) ;
#4487 = AXIS2_PLACEMENT_3D ( 'NONE', #5984, #3979, #4426 ) ;
#4488 = EDGE_CURVE ( 'NONE', #379, #2943, #5251, .T. ) ;
#4489 = CARTESIAN_POINT ( 'NONE',  ( 23.46441516578513031, -10.55135609963075893, 62.00000000000000000 ) ) ;
#4490 =( BOUNDED_SURFACE ( )  B_SPLINE_SURFACE ( 1, 3, ( 
 ( #4962, #5342, #2005, #5842 ),
 ( #2526, #2037, #624, #4420 ) ),
 .UNSPECIFIED., .F., .F., .T. ) 
 B_SPLINE_SURFACE_WITH_KNOTS ( ( 2, 2 ),
 ( 4, 4 ),
 ( 0.04162577849020974996, 0.9583742215097900141 ),
 ( 0.000000000000000000, 1.000000000000000000 ),
 .UNSPECIFIED. ) 
 GEOMETRIC_REPRESENTATION_ITEM ( )  RATIONAL_B_SPLINE_SURFACE ( (
 ( 1.000000000000000000, 0.8047378541243649375, 0.8047378541243649375, 1.000000000000000000),
 ( 1.000000000000000000, 0.8047378541243649375, 0.8047378541243649375, 1.000000000000000000) ) ) 
 REPRESENTATION_ITEM ( '' )  SURFACE ( )  );
#4491 = CARTESIAN_POINT ( 'NONE',  ( -7.535584834214870575, -10.55135609963075893, 52.00000000000000000 ) ) ;
#4492 = SURFACE_STYLE_USAGE ( .BOTH. , #4973 ) ;
#4493 = DIRECTION ( 'NONE',  ( -1.000000000000000000, 0.000000000000000000, 0.000000000000000000 ) ) ;
#4494 = DIRECTION ( 'NONE',  ( 0.000000000000000000, 1.000000000000000000, 0.000000000000000000 ) ) ;
#4495 = STYLED_ITEM ( 'NONE', ( #4399 ), #3985 ) ;
#4496 = CARTESIAN_POINT ( 'NONE',  ( 23.46441516578513031, 1.948643900369238846, 45.50000000000000000 ) ) ;
#4497 = ORIENTED_EDGE ( 'NONE', *, *, #824, .F. ) ;
#4498 = EDGE_CURVE ( 'NONE', #5096, #1572, #3978, .T. ) ;
#4499 =( NAMED_UNIT ( * ) SI_UNIT ( $, .STERADIAN. ) SOLID_ANGLE_UNIT ( ) );
#4500 = CARTESIAN_POINT ( 'NONE',  ( 14.26441516578512925, 14.44864390036923751, 76.50000000000000000 ) ) ;
#4501 =( GEOMETRIC_REPRESENTATION_CONTEXT ( 3 ) GLOBAL_UNCERTAINTY_ASSIGNED_CONTEXT ( ( #4355 ) ) GLOBAL_UNIT_ASSIGNED_CONTEXT ( ( #5451, #3064, #2603 ) ) REPRESENTATION_CONTEXT ( 'NONE', 'WORKASPACE' ) );
#4502 = DIRECTION ( 'NONE',  ( 0.000000000000000000, 1.000000000000000000, 0.000000000000000000 ) ) ;
#4503 = DIRECTION ( 'NONE',  ( -1.000000000000000000, 0.000000000000000000, 0.000000000000000000 ) ) ;
#4504 = CARTESIAN_POINT ( 'NONE',  ( -28.53558483421486613, -8.551356099630758933, 62.00000000000000000 ) ) ;
#4505 = UNCERTAINTY_MEASURE_WITH_UNIT (LENGTH_MEASURE( 1.000000000000000082E-05 ), #4901, 'distance_accuracy_value', 'NONE');
#4506 = EDGE_LOOP ( 'NONE', ( #3572, #4497, #3248, #1493 ) ) ;
#4507 = VERTEX_POINT ( 'NONE', #4878 ) ;
#4508 = VERTEX_POINT ( 'NONE', #4528 ) ;
#4509 = CARTESIAN_POINT ( 'NONE',  ( 19.46441516578512676, -2.051356099630759378, 43.50000000000000000 ) ) ;
#4510 = VECTOR ( 'NONE', #1212, 1000.000000000000000 ) ;
#4511 = CARTESIAN_POINT ( 'NONE',  ( -19.53558483421487324, 2.948643900369238402, 74.50000000000000000 ) ) ;
#4512 = VECTOR ( 'NONE', #5756, 1000.000000000000000 ) ;
#4513 =( LENGTH_UNIT ( ) NAMED_UNIT ( * ) SI_UNIT ( .MILLI., .METRE. ) );
#4514 = CARTESIAN_POINT ( 'NONE',  ( 16.21441516578513031, -8.539145212538837626, 43.85280969941640450 ) ) ;
#4515 = SURFACE_STYLE_FILL_AREA ( #1348 ) ;
#4516 = LINE ( 'NONE', #5054, #5004 ) ;
#4517 = CARTESIAN_POINT ( 'NONE',  ( -12.53558483421487146, 4.548643900369238935, 74.50000000000000000 ) ) ;
#4518 = EDGE_CURVE ( 'NONE', #4147, #1394, #5879, .T. ) ;
#4519 = AXIS2_PLACEMENT_3D ( 'NONE', #1727, #5112, #5031 ) ;
#4520 = PRESENTATION_STYLE_ASSIGNMENT (( #4998 ) ) ;
#4521 = CARTESIAN_POINT ( 'NONE',  ( 7.464415165785128536, 4.548643900369238935, 76.50000000000000000 ) ) ;
#4522 =( NAMED_UNIT ( * ) SI_UNIT ( $, .STERADIAN. ) SOLID_ANGLE_UNIT ( ) );
#4523 = AXIS2_PLACEMENT_3D ( 'NONE', #5684, #5204, #5715 ) ;
#4524 = CARTESIAN_POINT ( 'NONE',  ( 21.26441516578513102, 14.44864390036923751, 45.50000000000000000 ) ) ;
#4525 =( GEOMETRIC_REPRESENTATION_CONTEXT ( 3 ) GLOBAL_UNCERTAINTY_ASSIGNED_CONTEXT ( ( #5529 ) ) GLOBAL_UNIT_ASSIGNED_CONTEXT ( ( #4699, #898, #1905 ) ) REPRESENTATION_CONTEXT ( 'NONE', 'WORKASPACE' ) );
#4526 = CARTESIAN_POINT ( 'NONE',  ( 23.46441516578513031, -8.551356099630758933, 62.00000000000000000 ) ) ;
#4527 = DIRECTION ( 'NONE',  ( 0.000000000000000000, 0.000000000000000000, 1.000000000000000000 ) ) ;
#4528 = CARTESIAN_POINT ( 'NONE',  ( 7.464415165785128536, -5.651356099630762131, 76.50000000000000000 ) ) ;
#4529 = CARTESIAN_POINT ( 'NONE',  ( -9.535584834214871464, -10.55135609963075893, 62.00000000000000000 ) ) ;
#4530 = STYLED_ITEM ( 'NONE', ( #3901 ), #5490 ) ;
#4531 =( GEOMETRIC_REPRESENTATION_CONTEXT ( 3 ) GLOBAL_UNCERTAINTY_ASSIGNED_CONTEXT ( ( #1805 ) ) GLOBAL_UNIT_ASSIGNED_CONTEXT ( ( #481, #3845, #5262 ) ) REPRESENTATION_CONTEXT ( 'NONE', 'WORKASPACE' ) );
#4532 = FILL_AREA_STYLE ('',( #2642 ) ) ;
#4533 = ORIENTED_EDGE ( 'NONE', *, *, #6030, .F. ) ;
#4534 =( BOUNDED_SURFACE ( )  B_SPLINE_SURFACE ( 1, 3, ( 
 ( #6076, #2702, #3748, #2730 ),
 ( #2331, #2355, #4721, #4239 ) ),
 .UNSPECIFIED., .F., .F., .T. ) 
 B_SPLINE_SURFACE_WITH_KNOTS ( ( 2, 2 ),
 ( 4, 4 ),
 ( 0.04162577848936815234, 0.9583742215106310081 ),
 ( 0.000000000000000000, 1.000000000000000000 ),
 .UNSPECIFIED. ) 
 GEOMETRIC_REPRESENTATION_ITEM ( )  RATIONAL_B_SPLINE_SURFACE ( (
 ( 1.000000000000000000, 0.3333333333333335369, 0.3333333333333335369, 1.000000000000000000),
 ( 1.000000000000000000, 0.3333333333333335369, 0.3333333333333335369, 1.000000000000000000) ) ) 
 REPRESENTATION_ITEM ( '' )  SURFACE ( )  );
#4535 = ORIENTED_EDGE ( 'NONE', *, *, #5328, .F. ) ;
#4536 = CARTESIAN_POINT ( 'NONE',  ( -0.5355848342148695762, -10.55135609963076604, 49.00000000000000000 ) ) ;
#4537 = FACE_OUTER_BOUND ( 'NONE', #5989, .T. ) ;
#4538 = PLANE ( 'NONE',  #5779 ) ;
#4539 =( NAMED_UNIT ( * ) SI_UNIT ( $, .STERADIAN. ) SOLID_ANGLE_UNIT ( ) );
#4540 = PRESENTATION_STYLE_ASSIGNMENT (( #3688 ) ) ;
#4541 = ORIENTED_EDGE ( 'NONE', *, *, #2774, .T. ) ;
#4542 = ORIENTED_EDGE ( 'NONE', *, *, #4488, .F. ) ;
#4543 = EDGE_LOOP ( 'NONE', ( #4533, #3717, #356, #2484 ) ) ;
#4544 =( LENGTH_UNIT ( ) NAMED_UNIT ( * ) SI_UNIT ( .MILLI., .METRE. ) );
#4545 = CARTESIAN_POINT ( 'NONE',  ( -18.53558483421487679, -8.551356099630760710, 49.00000000000000000 ) ) ;
#4546 = PRESENTATION_STYLE_ASSIGNMENT (( #3695 ) ) ;
#4547 = CARTESIAN_POINT ( 'NONE',  ( -24.53558483421486969, -10.55135609963075893, 52.00000000000000000 ) ) ;
#4548 = STYLED_ITEM ( 'NONE', ( #1362 ), #1724 ) ;
#4549 = EDGE_CURVE ( 'NONE', #5868, #847, #3027, .T. ) ;
#4550 = FILL_AREA_STYLE_COLOUR ( '', #5431 ) ;
#4551 =( LENGTH_UNIT ( ) NAMED_UNIT ( * ) SI_UNIT ( .MILLI., .METRE. ) );
#4552 = VECTOR ( 'NONE', #1367, 1000.000000000000000 ) ;
#4553 = CARTESIAN_POINT ( 'NONE',  ( 3.664415165785124273, 1.348643900369237647, 74.49999999999998579 ) ) ;
#4554 = PRESENTATION_STYLE_ASSIGNMENT (( #5512 ) ) ;
#4555 = CARTESIAN_POINT ( 'NONE',  ( 17.76441516578512747, 10.94864390036924107, 43.50000000000000000 ) ) ;
#4556 = EDGE_LOOP ( 'NONE', ( #3669, #4630, #901, #3693 ) ) ;
#4557 = PRESENTATION_LAYER_ASSIGNMENT (  '', '', ( #2671 ) ) ;
#4558 = EDGE_CURVE ( 'NONE', #1966, #197, #2728, .T. ) ;
#4559 = CARTESIAN_POINT ( 'NONE',  ( 16.46441516578513031, -10.55135609963075893, 52.00000000000000000 ) ) ;
#4560 = DIRECTION ( 'NONE',  ( 0.000000000000000000, -1.000000000000000000, 0.000000000000000000 ) ) ;
#4561 = PRESENTATION_STYLE_ASSIGNMENT (( #1365 ) ) ;
#4562 =( GEOMETRIC_REPRESENTATION_CONTEXT ( 3 ) GLOBAL_UNCERTAINTY_ASSIGNED_CONTEXT ( ( #3674 ) ) GLOBAL_UNIT_ASSIGNED_CONTEXT ( ( #3244, #492, #5344 ) ) REPRESENTATION_CONTEXT ( 'NONE', 'WORKASPACE' ) );
#4563 = DIRECTION ( 'NONE',  ( -1.000000000000000000, 0.000000000000000000, 0.000000000000000000 ) ) ;
#4564 = AXIS2_PLACEMENT_3D ( 'NONE', #499, #1895, #3834 ) ;
#4565 = FACE_BOUND ( 'NONE', #3241, .T. ) ;
#4566 = SURFACE_SIDE_STYLE ('',( #4056 ) ) ;
#4567 = VERTEX_POINT ( 'NONE', #5849 ) ;
#4568 = STYLED_ITEM ( 'NONE', ( #5933 ), #1918 ) ;
#4569 = FILL_AREA_STYLE_COLOUR ( '', #4829 ) ;
#4570 = UNCERTAINTY_MEASURE_WITH_UNIT (LENGTH_MEASURE( 1.000000000000000082E-05 ), #2856, 'distance_accuracy_value', 'NONE');
#4571 = LINE ( 'NONE', #2703, #514 ) ;
#4572 = B_SPLINE_SURFACE_WITH_KNOTS ( 'NONE', 1, 1, ( 
 ( #2047, #3923 ),
 ( #5850, #633 ) ),
 .UNSPECIFIED., .F., .F., .F.,
 ( 2, 2 ),
 ( 2, 2 ),
 ( -1.159999999999999920, 59.15999999999999659 ),
 ( -25.46000000000000085, -1.540000000000000036 ),
 .UNSPECIFIED. ) ;
#4573 = STYLED_ITEM ( 'NONE', ( #4384 ), #2066 ) ;
#4574 = SURFACE_STYLE_FILL_AREA ( #1208 ) ;
#4575 = VERTEX_POINT ( 'NONE', #665 ) ;
#4576 = AXIS2_PLACEMENT_3D ( 'NONE', #2296, #4174, #3888 ) ;
#4577 = ORIENTED_EDGE ( 'NONE', *, *, #2933, .F. ) ;
#4578 = ADVANCED_FACE ( 'NONE', ( #2504 ), #1668, .T. ) ;
#4579 = CARTESIAN_POINT ( 'NONE',  ( 26.46441516578512676, -10.55135609963075893, 68.00000000000000000 ) ) ;
#4580 = ADVANCED_FACE ( 'NONE', ( #4941, #2565, #2140 ), #5939, .T. ) ;
#4581 = DIRECTION ( 'NONE',  ( 1.000000000000000000, 0.000000000000000000, 0.000000000000000000 ) ) ;
#4582 = CARTESIAN_POINT ( 'NONE',  ( 11.26441516578512925, 1.348643900369237647, 76.50000000000000000 ) ) ;
#4583 =( LENGTH_UNIT ( ) NAMED_UNIT ( * ) SI_UNIT ( .MILLI., .METRE. ) );
#4584 = SURFACE_STYLE_USAGE ( .BOTH. , #4071 ) ;
#4585 = CARTESIAN_POINT ( 'NONE',  ( -31.53558483421486969, -9.551356099630760710, 44.50000000000000000 ) ) ;
#4586 = ORIENTED_EDGE ( 'NONE', *, *, #4181, .F. ) ;
#4587 = FACE_OUTER_BOUND ( 'NONE', #1269, .T. ) ;
#4588 = LINE ( 'NONE', #303, #172 ) ;
#4589 = SURFACE_STYLE_FILL_AREA ( #4105 ) ;
#4590 = CARTESIAN_POINT ( 'NONE',  ( 17.76441516578512747, 10.94864390036924107, 45.50000000000000000 ) ) ;
#4591 = EDGE_LOOP ( 'NONE', ( #670, #5080 ) ) ;
#4592 =( GEOMETRIC_REPRESENTATION_CONTEXT ( 3 ) GLOBAL_UNCERTAINTY_ASSIGNED_CONTEXT ( ( #1167 ) ) GLOBAL_UNIT_ASSIGNED_CONTEXT ( ( #6002, #1706, #1261 ) ) REPRESENTATION_CONTEXT ( 'NONE', 'WORKASPACE' ) );
#4593 = CARTESIAN_POINT ( 'NONE',  ( 16.46441516578513031, -8.551356099630758933, 52.00000000000000000 ) ) ;
#4594 = DIRECTION ( 'NONE',  ( 0.000000000000000000, -1.000000000000000000, 0.000000000000000000 ) ) ;
#4595 = DIRECTION ( 'NONE',  ( -1.000000000000000000, 0.000000000000000000, 0.000000000000000000 ) ) ;
#4596 = VECTOR ( 'NONE', #5927, 1000.000000000000000 ) ;
#4597 = EDGE_CURVE ( 'NONE', #2949, #3745, #929, .T. ) ;
#4598 = CARTESIAN_POINT ( 'NONE',  ( -19.53558483421487324, 1.348643900369240978, 74.50000000000000000 ) ) ;
#4599 = ORIENTED_EDGE ( 'NONE', *, *, #4967, .T. ) ;
#4600 = CARTESIAN_POINT ( 'NONE',  ( 7.464415165785128536, 9.948643900369241067, 74.50000000000000000 ) ) ;
#4601 = SURFACE_STYLE_FILL_AREA ( #1374 ) ;
#4602 = UNCERTAINTY_MEASURE_WITH_UNIT (LENGTH_MEASURE( 1.000000000000000082E-05 ), #1868, 'distance_accuracy_value', 'NONE');
#4603 = AXIS2_PLACEMENT_3D ( 'NONE', #2591, #2061, #2553 ) ;
#4604 = DIRECTION ( 'NONE',  ( 0.000000000000000000, -1.000000000000000000, 0.000000000000000000 ) ) ;
#4605 =( NAMED_UNIT ( * ) SI_UNIT ( $, .STERADIAN. ) SOLID_ANGLE_UNIT ( ) );
#4606 = FACE_OUTER_BOUND ( 'NONE', #5454, .T. ) ;
#4607 = VERTEX_POINT ( 'NONE', #4680 ) ;
#4608 = ORIENTED_EDGE ( 'NONE', *, *, #357, .F. ) ;
#4609 = AXIS2_PLACEMENT_3D ( 'NONE', #2674, #3168, #5077 ) ;
#4610 = CARTESIAN_POINT ( 'NONE',  ( 19.46441516578512676, -10.55135609963075893, 62.00000000000000000 ) ) ;
#4611 = CARTESIAN_POINT ( 'NONE',  ( 7.964415165785129425, -8.551356099630758933, 45.00000000000000000 ) ) ;
#4612 = CARTESIAN_POINT ( 'NONE',  ( -1.035584834214865024, -10.55135609963076604, 57.99999999999999289 ) ) ;
#4613 = PRESENTATION_LAYER_ASSIGNMENT (  '', '', ( #5012 ) ) ;
#4614 = EDGE_CURVE ( 'NONE', #536, #3597, #6065, .T. ) ;
#4615 =( LENGTH_UNIT ( ) NAMED_UNIT ( * ) SI_UNIT ( .MILLI., .METRE. ) );
#4616 = CARTESIAN_POINT ( 'NONE',  ( 0.4644151657851297021, 4.548643900369238935, 76.50000000000000000 ) ) ;
#4617 =( LENGTH_UNIT ( ) NAMED_UNIT ( * ) SI_UNIT ( .MILLI., .METRE. ) );
#4618 = PRESENTATION_LAYER_ASSIGNMENT (  '', '', ( #424 ) ) ;
#4619 = DIRECTION ( 'NONE',  ( 1.000000000000000000, 0.000000000000000000, 0.000000000000000000 ) ) ;
#4620 = CIRCLE ( 'NONE', #5220, 2.000000000000001776 ) ;
#4621 = UNCERTAINTY_MEASURE_WITH_UNIT (LENGTH_MEASURE( 1.000000000000000082E-05 ), #4904, 'distance_accuracy_value', 'NONE');
#4622 = ORIENTED_EDGE ( 'NONE', *, *, #1486, .F. ) ;
#4623 = CARTESIAN_POINT ( 'NONE',  ( -31.53558483421486969, -8.539145212538837626, 43.85280969941640450 ) ) ;
#4624 =( NAMED_UNIT ( * ) PLANE_ANGLE_UNIT ( ) SI_UNIT ( $, .RADIAN. ) );
#4625 =( GEOMETRIC_REPRESENTATION_CONTEXT ( 3 ) GLOBAL_UNCERTAINTY_ASSIGNED_CONTEXT ( ( #4062 ) ) GLOBAL_UNIT_ASSIGNED_CONTEXT ( ( #3883, #3915, #4479 ) ) REPRESENTATION_CONTEXT ( 'NONE', 'WORKASPACE' ) );
#4626 = DIRECTION ( 'NONE',  ( 0.000000000000000000, 0.000000000000000000, 1.000000000000000000 ) ) ;
#4627 = CARTESIAN_POINT ( 'NONE',  ( -11.53558483421486969, -8.551356099630758933, 45.00000000000000000 ) ) ;
#4628 = DIRECTION ( 'NONE',  ( -1.000000000000000000, 0.000000000000000000, 0.000000000000000000 ) ) ;
#4629 = AXIS2_PLACEMENT_3D ( 'NONE', #3633, #5569, #1281 ) ;
#4630 = ORIENTED_EDGE ( 'NONE', *, *, #1073, .F. ) ;
#4631 = EDGE_LOOP ( 'NONE', ( #4438, #2415, #3574, #128 ) ) ;
#4632 = CARTESIAN_POINT ( 'NONE',  ( 17.76441516578512747, -9.551356099630760710, 44.50000000000000000 ) ) ;
#4633 = CARTESIAN_POINT ( 'NONE',  ( -31.53558483421486969, -11.53914521253883763, 70.50000000000000000 ) ) ;
#4634 = EDGE_CURVE ( 'NONE', #1415, #1173, #4620, .T. ) ;
#4635 = CARTESIAN_POINT ( 'NONE',  ( -13.03558483421487146, -10.55135609963075893, 45.00000000000000000 ) ) ;
#4636 = VERTEX_POINT ( 'NONE', #343 ) ;
#4637 = ORIENTED_EDGE ( 'NONE', *, *, #677, .F. ) ;
#4638 = CIRCLE ( 'NONE', #6036, 1.600000000000000089 ) ;
#4639 = CARTESIAN_POINT ( 'NONE',  ( 19.46441516578512676, -10.55135609963075893, 62.00000000000000000 ) ) ;
#4640 = CARTESIAN_POINT ( 'NONE',  ( -1.035584834214865024, -8.551356099630760710, 57.99999999999999289 ) ) ;
#4641 = STYLED_ITEM ( 'NONE', ( #5901 ), #5965 ) ;
#4642 = CARTESIAN_POINT ( 'NONE',  ( 26.46441516578512676, -8.539145212538837626, 43.85280969941640450 ) ) ;
#4643 = CARTESIAN_POINT ( 'NONE',  ( -19.43558483421486827, -10.64216787860075897, 39.49999999999999289 ) ) ;
#4644 = SURFACE_STYLE_FILL_AREA ( #5605 ) ;
#4645 = CARTESIAN_POINT ( 'NONE',  ( -9.335584834214870398, -5.651356099630778118, 74.49999999999998579 ) ) ;
#4646 = DIRECTION ( 'NONE',  ( 0.000000000000000000, 0.000000000000000000, 1.000000000000000000 ) ) ;
#4647 = ORIENTED_EDGE ( 'NONE', *, *, #336, .T. ) ;
#4648 = CARTESIAN_POINT ( 'NONE',  ( 21.46441516578513031, -2.051356099630759378, 43.50000000000000000 ) ) ;
#4649 = ADVANCED_FACE ( 'NONE', ( #1771 ), #1571, .T. ) ;
#4650 = FILL_AREA_STYLE_COLOUR ( '', #715 ) ;
#4651 = EDGE_CURVE ( 'NONE', #3003, #549, #2752, .T. ) ;
#4652 = DIRECTION ( 'NONE',  ( 0.000000000000000000, -1.000000000000000000, 0.000000000000000000 ) ) ;
#4653 = COLOUR_RGB ( '',1.000000000000000000, 1.000000000000000000, 1.000000000000000000 ) ;
#4654 = DIRECTION ( 'NONE',  ( 0.000000000000000000, 0.000000000000000000, 1.000000000000000000 ) ) ;
#4655 = STYLED_ITEM ( 'NONE', ( #1562 ), #2923 ) ;
#4656 = CARTESIAN_POINT ( 'NONE',  ( 7.964415165785129425, -8.551356099630758933, 45.00000000000000000 ) ) ;
#4657 = ORIENTED_EDGE ( 'NONE', *, *, #801, .F. ) ;
#4658 = ORIENTED_EDGE ( 'NONE', *, *, #3283, .F. ) ;
#4659 = FILL_AREA_STYLE_COLOUR ( '', #3118 ) ;
#4660 = COLOUR_RGB ( '',1.000000000000000000, 1.000000000000000000, 1.000000000000000000 ) ;
#4661 = CARTESIAN_POINT ( 'NONE',  ( 1.464415165785129647, -10.55135609963075893, 62.00000000000000000 ) ) ;
#4662 = FILL_AREA_STYLE_COLOUR ( '', #2583 ) ;
#4663 = ORIENTED_EDGE ( 'NONE', *, *, #4763, .T. ) ;
#4664 = EDGE_LOOP ( 'NONE', ( #8, #4300, #1357, #1841, #3269, #3831, #1601 ) ) ;
#4665 = STYLED_ITEM ( 'NONE', ( #5084 ), #1977 ) ;
#4666 = ORIENTED_EDGE ( 'NONE', *, *, #57, .F. ) ;
#4667 = MECHANICAL_DESIGN_GEOMETRIC_PRESENTATION_REPRESENTATION (  '', ( #180 ), #5273 ) ;
#4668 = SURFACE_STYLE_FILL_AREA ( #2768 ) ;
#4669 = CARTESIAN_POINT ( 'NONE',  ( -21.28558483421487324, -10.64216787860075897, 49.64999999999999858 ) ) ;
#4670 = COLOUR_RGB ( '',1.000000000000000000, 1.000000000000000000, 1.000000000000000000 ) ;
#4671 = DIRECTION ( 'NONE',  ( 0.000000000000000000, 0.000000000000000000, 1.000000000000000000 ) ) ;
#4672 = AXIS2_PLACEMENT_3D ( 'NONE', #2996, #631, #3060 ) ;
#4673 = ADVANCED_FACE ( 'NONE', ( #2320 ), #466, .T. ) ;
#4674 =( NAMED_UNIT ( * ) SI_UNIT ( $, .STERADIAN. ) SOLID_ANGLE_UNIT ( ) );
#4675 = DIRECTION ( 'NONE',  ( 1.000000000000000000, 0.000000000000000000, 0.000000000000000000 ) ) ;
#4676 = FACE_OUTER_BOUND ( 'NONE', #5661, .T. ) ;
#4677 = SURFACE_SIDE_STYLE ('',( #1854 ) ) ;
#4678 = ORIENTED_EDGE ( 'NONE', *, *, #4114, .F. ) ;
#4679 = ORIENTED_EDGE ( 'NONE', *, *, #2499, .T. ) ;
#4680 = CARTESIAN_POINT ( 'NONE',  ( -21.53558483421486613, -8.551356099630758933, 52.00000000000000000 ) ) ;
#4681 = CARTESIAN_POINT ( 'NONE',  ( 16.21441516578513031, -8.539145212538837626, 39.49999999999999289 ) ) ;
#4682 = SURFACE_SIDE_STYLE ('',( #3712 ) ) ;
#4683 = UNCERTAINTY_MEASURE_WITH_UNIT (LENGTH_MEASURE( 1.000000000000000082E-05 ), #5934, 'distance_accuracy_value', 'NONE');
#4684 = DIRECTION ( 'NONE',  ( 1.000000000000000000, 0.000000000000000000, 0.000000000000000000 ) ) ;
#4685 = FILL_AREA_STYLE_COLOUR ( '', #2084 ) ;
#4686 = EDGE_CURVE ( 'NONE', #4093, #4243, #3282, .T. ) ;
#4687 = CARTESIAN_POINT ( 'NONE',  ( -5.535584834214870575, 4.548643900369238935, 76.50000000000000000 ) ) ;
#4688 = VERTEX_POINT ( 'NONE', #1888 ) ;
#4689 = VERTEX_POINT ( 'NONE', #2926 ) ;
#4690 = CARTESIAN_POINT ( 'NONE',  ( -22.71158483421487162, -10.64216787860075897, 70.50000000000000000 ) ) ;
#4691 = DIRECTION ( 'NONE',  ( 0.000000000000000000, 0.000000000000000000, -1.000000000000000000 ) ) ;
#4692 = MECHANICAL_DESIGN_GEOMETRIC_PRESENTATION_REPRESENTATION (  '', ( #5293 ), #5704 ) ;
#4693 = CARTESIAN_POINT ( 'NONE',  ( -11.53558483421486969, -10.55135609963075893, 45.00000000000000000 ) ) ;
#4694 = VERTEX_POINT ( 'NONE', #24 ) ;
#4695 = EDGE_LOOP ( 'NONE', ( #2984, #1268 ) ) ;
#4696 = ORIENTED_EDGE ( 'NONE', *, *, #4038, .F. ) ;
#4697 = SURFACE_SIDE_STYLE ('',( #4668 ) ) ;
#4698 = AXIS2_PLACEMENT_3D ( 'NONE', #5835, #584, #2456 ) ;
#4699 =( LENGTH_UNIT ( ) NAMED_UNIT ( * ) SI_UNIT ( .MILLI., .METRE. ) );
#4700 = SURFACE_SIDE_STYLE ('',( #5744 ) ) ;
#4701 = CIRCLE ( 'NONE', #4609, 1.500000000000000000 ) ;
#4702 = ORIENTED_EDGE ( 'NONE', *, *, #1600, .F. ) ;
#4703 = AXIS2_PLACEMENT_3D ( 'NONE', #3404, #5319, #1041 ) ;
#4704 = CARTESIAN_POINT ( 'NONE',  ( 0.4644151657851297021, 4.548643900369238935, 74.50000000000000000 ) ) ;
#4705 = ADVANCED_FACE ( 'NONE', ( #4292 ), #1079, .T. ) ;
#4706 = DIRECTION ( 'NONE',  ( 1.000000000000000000, 0.000000000000000000, 0.000000000000000000 ) ) ;
#4707 = CARTESIAN_POINT ( 'NONE',  ( -19.27558483421486812, 10.88864390036923702, 74.50000000000000000 ) ) ;
#4708 = EDGE_LOOP ( 'NONE', ( #2653, #355, #6055, #4920, #29, #3389 ) ) ;
#4709 = PRESENTATION_LAYER_ASSIGNMENT (  '', '', ( #2627 ) ) ;
#4710 = VERTEX_POINT ( 'NONE', #4229 ) ;
#4711 = FACE_BOUND ( 'NONE', #5071, .T. ) ;
#4712 = DIRECTION ( 'NONE',  ( 0.000000000000000000, 1.000000000000000000, 0.000000000000000000 ) ) ;
#4713 = VECTOR ( 'NONE', #5484, 1000.000000000000000 ) ;
#4714 = FILL_AREA_STYLE ('',( #914 ) ) ;
#4715 = MECHANICAL_DESIGN_GEOMETRIC_PRESENTATION_REPRESENTATION (  '', ( #2635 ), #4625 ) ;
#4716 =( LENGTH_UNIT ( ) NAMED_UNIT ( * ) SI_UNIT ( .MILLI., .METRE. ) );
#4717 = ORIENTED_EDGE ( 'NONE', *, *, #6168, .F. ) ;
#4718 = ORIENTED_EDGE ( 'NONE', *, *, #795, .F. ) ;
#4719 =( GEOMETRIC_REPRESENTATION_CONTEXT ( 3 ) GLOBAL_UNCERTAINTY_ASSIGNED_CONTEXT ( ( #3991 ) ) GLOBAL_UNIT_ASSIGNED_CONTEXT ( ( #4254, #5692, #5207 ) ) REPRESENTATION_CONTEXT ( 'NONE', 'WORKASPACE' ) );
#4720 = FILL_AREA_STYLE_COLOUR ( '', #1230 ) ;
#4721 = CARTESIAN_POINT ( 'NONE',  ( -1.035584834214865024, -8.551356099630760710, 72.00000000000000000 ) ) ;
#4722 = CARTESIAN_POINT ( 'NONE',  ( -21.53558483421486969, -10.55135609963076604, 54.99999999999999289 ) ) ;
#4723 = COLOUR_RGB ( '',1.000000000000000000, 1.000000000000000000, 1.000000000000000000 ) ;
#4724 = ORIENTED_EDGE ( 'NONE', *, *, #3205, .T. ) ;
#4725 = ORIENTED_EDGE ( 'NONE', *, *, #1617, .F. ) ;
#4726 = FACE_OUTER_BOUND ( 'NONE', #4631, .T. ) ;
#4727 = CIRCLE ( 'NONE', #848, 1.600000000000000755 ) ;
#4728 = EDGE_CURVE ( 'NONE', #1210, #4183, #464, .T. ) ;
#4729 = CARTESIAN_POINT ( 'NONE',  ( -22.83558483421487040, -8.551356099630758933, 70.50000000000000000 ) ) ;
#4730 = SURFACE_SIDE_STYLE ('',( #4249 ) ) ;
#4731 = EDGE_CURVE ( 'NONE', #819, #3697, #1860, .T. ) ;
#4732 = LINE ( 'NONE', #2307, #1433 ) ;
#4733 =( BOUNDED_SURFACE ( )  B_SPLINE_SURFACE ( 1, 3, ( 
 ( #962, #3790, #5693, #6182 ),
 ( #21, #2400, #3365, #4736 ) ),
 .UNSPECIFIED., .F., .F., .T. ) 
 B_SPLINE_SURFACE_WITH_KNOTS ( ( 2, 2 ),
 ( 4, 4 ),
 ( 0.04162577848936815234, 0.9583742215106310081 ),
 ( 0.000000000000000000, 1.000000000000000000 ),
 .UNSPECIFIED. ) 
 GEOMETRIC_REPRESENTATION_ITEM ( )  RATIONAL_B_SPLINE_SURFACE ( (
 ( 1.000000000000000000, 0.3333333333333335369, 0.3333333333333335369, 1.000000000000000000),
 ( 1.000000000000000000, 0.3333333333333335369, 0.3333333333333335369, 1.000000000000000000) ) ) 
 REPRESENTATION_ITEM ( '' )  SURFACE ( )  );
#4734 = FACE_OUTER_BOUND ( 'NONE', #2572, .T. ) ;
#4735 = CARTESIAN_POINT ( 'NONE',  ( -2.735584834214858763, 4.548643900369247817, 76.50000000000000000 ) ) ;
#4736 = CARTESIAN_POINT ( 'NONE',  ( -4.035584834214870575, -8.551356099630758933, 55.00000000000000000 ) ) ;
#4737 = CARTESIAN_POINT ( 'NONE',  ( 21.46441516578513031, -2.051356099630759378, 45.50000000000000000 ) ) ;
#4738 = ORIENTED_EDGE ( 'NONE', *, *, #2399, .T. ) ;
#4739 = FACE_BOUND ( 'NONE', #5090, .T. ) ;
#4740 =( LENGTH_UNIT ( ) NAMED_UNIT ( * ) SI_UNIT ( .MILLI., .METRE. ) );
#4741 = CARTESIAN_POINT ( 'NONE',  ( 7.464415165785128536, 1.348643900369240978, 76.50000000000000000 ) ) ;
#4742 = DIRECTION ( 'NONE',  ( -1.000000000000000000, 0.000000000000000000, 0.000000000000000000 ) ) ;
#4743 = CARTESIAN_POINT ( 'NONE',  ( 0.9644151657851293136, -10.55135609963075893, 52.00000000000000000 ) ) ;
#4744 = EDGE_LOOP ( 'NONE', ( #4819, #2265, #2687, #4362 ) ) ;
#4745 = EDGE_CURVE ( 'NONE', #4688, #2432, #4774, .T. ) ;
#4746 = CIRCLE ( 'NONE', #2272, 1.500000000000001332 ) ;
#4747 = CARTESIAN_POINT ( 'NONE',  ( -26.53558483421487324, 7.948643900369239290, 45.50000000000000000 ) ) ;
#4748 = CARTESIAN_POINT ( 'NONE',  ( -18.53558483421487679, -10.55135609963076604, 54.99999999999999289 ) ) ;
#4749 = CIRCLE ( 'NONE', #5762, 1.499999999999999556 ) ;
#4750 = SURFACE_STYLE_FILL_AREA ( #3780 ) ;
#4751 = ORIENTED_EDGE ( 'NONE', *, *, #3749, .T. ) ;
#4752 = ORIENTED_EDGE ( 'NONE', *, *, #2732, .F. ) ;
#4753 = EDGE_LOOP ( 'NONE', ( #5885, #895 ) ) ;
#4754 =( GEOMETRIC_REPRESENTATION_CONTEXT ( 3 ) GLOBAL_UNCERTAINTY_ASSIGNED_CONTEXT ( ( #5870 ) ) GLOBAL_UNIT_ASSIGNED_CONTEXT ( ( #4937, #1125, #598 ) ) REPRESENTATION_CONTEXT ( 'NONE', 'WORKASPACE' ) );
#4755 = PRESENTATION_STYLE_ASSIGNMENT (( #4276 ) ) ;
#4756 = SURFACE_STYLE_FILL_AREA ( #6143 ) ;
#4757 =( NAMED_UNIT ( * ) SI_UNIT ( $, .STERADIAN. ) SOLID_ANGLE_UNIT ( ) );
#4758 = VECTOR ( 'NONE', #4964, 1000.000000000000000 ) ;
#4759 = STYLED_ITEM ( 'NONE', ( #1624 ), #3199 ) ;
#4760 = ORIENTED_EDGE ( 'NONE', *, *, #5212, .F. ) ;
#4761 = FACE_OUTER_BOUND ( 'NONE', #1533, .T. ) ;
#4762 = EDGE_CURVE ( 'NONE', #1636, #3769, #1487, .T. ) ;
#4763 = EDGE_CURVE ( 'NONE', #3736, #4087, #1004, .T. ) ;
#4764 = VECTOR ( 'NONE', #2060, 1000.000000000000000 ) ;
#4765 = SURFACE_STYLE_USAGE ( .BOTH. , #872 ) ;
#4766 =( NAMED_UNIT ( * ) SI_UNIT ( $, .STERADIAN. ) SOLID_ANGLE_UNIT ( ) );
#4767 = CARTESIAN_POINT ( 'NONE',  ( -28.53558483421483061, -10.55135609963076604, 47.99999999999999289 ) ) ;
#4768 = SURFACE_STYLE_USAGE ( .BOTH. , #5752 ) ;
#4769 = CIRCLE ( 'NONE', #4977, 1.499999999999999556 ) ;
#4770 = CARTESIAN_POINT ( 'NONE',  ( -2.535584834214871464, -8.551356099630758933, 69.00000000000000000 ) ) ;
#4771 =( BOUNDED_SURFACE ( )  B_SPLINE_SURFACE ( 1, 3, ( 
 ( #269, #4040, #5968, #3577 ),
 ( #5504, #3113, #1215, #2656 ) ),
 .UNSPECIFIED., .F., .F., .T. ) 
 B_SPLINE_SURFACE_WITH_KNOTS ( ( 2, 2 ),
 ( 4, 4 ),
 ( 0.04162577848936815234, 0.9583742215106310081 ),
 ( 0.000000000000000000, 1.000000000000000000 ),
 .UNSPECIFIED. ) 
 GEOMETRIC_REPRESENTATION_ITEM ( )  RATIONAL_B_SPLINE_SURFACE ( (
 ( 1.000000000000000000, 0.3333333333333335369, 0.3333333333333335369, 1.000000000000000000),
 ( 1.000000000000000000, 0.3333333333333335369, 0.3333333333333335369, 1.000000000000000000) ) ) 
 REPRESENTATION_ITEM ( '' )  SURFACE ( )  );
#4772 = EDGE_CURVE ( 'NONE', #4786, #1567, #528, .T. ) ;
#4773 = CARTESIAN_POINT ( 'NONE',  ( 17.76441516578512747, -10.55135609963075893, 49.49999999999999289 ) ) ;
#4774 = LINE ( 'NONE', #490, #1029 ) ;
#4775 = CARTESIAN_POINT ( 'NONE',  ( 26.46441516578512676, -8.539145212538837626, 43.85280969941640450 ) ) ;
#4776 = CARTESIAN_POINT ( 'NONE',  ( 17.66441516578511539, 4.548643900369247817, 74.49999999999998579 ) ) ;
#4777 = DIRECTION ( 'NONE',  ( 0.000000000000000000, -1.000000000000000000, 0.000000000000000000 ) ) ;
#4778 = EDGE_LOOP ( 'NONE', ( #4718, #6021, #3155, #3692 ) ) ;
#4779 = ORIENTED_EDGE ( 'NONE', *, *, #1002, .T. ) ;
#4780 = SURFACE_STYLE_USAGE ( .BOTH. , #3376 ) ;
#4781 = DIRECTION ( 'NONE',  ( 0.000000000000000000, -1.000000000000000000, 0.000000000000000000 ) ) ;
#4782 = FACE_OUTER_BOUND ( 'NONE', #2677, .T. ) ;
#4783 = FILL_AREA_STYLE_COLOUR ( '', #3794 ) ;
#4784 = ADVANCED_FACE ( 'NONE', ( #1518 ), #4490, .F. ) ;
#4785 = DIRECTION ( 'NONE',  ( 0.000000000000000000, 1.000000000000000000, 0.000000000000000000 ) ) ;
#4786 = VERTEX_POINT ( 'NONE', #2063 ) ;
#4787 = CARTESIAN_POINT ( 'NONE',  ( -19.53558483421487324, 1.348643900369240978, 74.50000000000000000 ) ) ;
#4788 = ORIENTED_EDGE ( 'NONE', *, *, #5174, .T. ) ;
#4789 = ORIENTED_EDGE ( 'NONE', *, *, #5777, .F. ) ;
#4790 = CARTESIAN_POINT ( 'NONE',  ( 17.76441516578513102, 12.99889643206342527, 76.50000000000001421 ) ) ;
#4791 = CARTESIAN_POINT ( 'NONE',  ( -22.83558483421487040, -9.551356099630760710, 76.50000000000000000 ) ) ;
#4792 = CARTESIAN_POINT ( 'NONE',  ( -22.83558483421487040, 10.94864390036924107, 45.50000000000000000 ) ) ;
#4793 = CARTESIAN_POINT ( 'NONE',  ( -22.83558483421487040, -8.539145212538837626, 76.84091195102224958 ) ) ;
#4794 = ORIENTED_EDGE ( 'NONE', *, *, #320, .F. ) ;
#4795 = MECHANICAL_DESIGN_GEOMETRIC_PRESENTATION_REPRESENTATION (  '', ( #2405 ), #3307 ) ;
#4796 = DIRECTION ( 'NONE',  ( 1.000000000000000000, 0.000000000000000000, 0.000000000000000000 ) ) ;
#4797 = SURFACE_SIDE_STYLE ('',( #5055 ) ) ;
#4798 = DIRECTION ( 'NONE',  ( 0.000000000000000000, 1.000000000000000000, 0.000000000000000000 ) ) ;
#4799 = FILL_AREA_STYLE ('',( #934 ) ) ;
#4800 = AXIS2_PLACEMENT_3D ( 'NONE', #4428, #3980, #2535 ) ;
#4801 = CIRCLE ( 'NONE', #3204, 2.500000000000002220 ) ;
#4802 = AXIS2_PLACEMENT_3D ( 'NONE', #602, #3767, #769 ) ;
#4803 = FACE_BOUND ( 'NONE', #3173, .T. ) ;
#4804 = DIRECTION ( 'NONE',  ( 0.000000000000000000, 0.000000000000000000, -1.000000000000000000 ) ) ;
#4805 = CARTESIAN_POINT ( 'NONE',  ( 23.46441516578513031, -8.551356099630760710, 56.00000000000000000 ) ) ;
#4806 = LINE ( 'NONE', #5728, #472 ) ;
#4807 = CARTESIAN_POINT ( 'NONE',  ( 19.46441516578513031, -10.55135609963076604, 47.99999999999999289 ) ) ;
#4808 = VECTOR ( 'NONE', #4684, 1000.000000000000000 ) ;
#4809 = VERTEX_POINT ( 'NONE', #5906 ) ;
#4810 = MECHANICAL_DESIGN_GEOMETRIC_PRESENTATION_REPRESENTATION (  '', ( #3808 ), #2913 ) ;
#4811 = CARTESIAN_POINT ( 'NONE',  ( -31.53558483421485192, -10.55135609963075538, 43.91421356237308515 ) ) ;
#4812 = DIRECTION ( 'NONE',  ( 1.000000000000000000, 0.000000000000000000, 0.000000000000000000 ) ) ;
#4813 =( LENGTH_UNIT ( ) NAMED_UNIT ( * ) SI_UNIT ( .MILLI., .METRE. ) );
#4814 = STYLED_ITEM ( 'NONE', ( #2680 ), #1276 ) ;
#4815 = DIRECTION ( 'NONE',  ( 0.000000000000000000, 1.000000000000000000, 0.000000000000000000 ) ) ;
#4816 = EDGE_LOOP ( 'NONE', ( #2497, #2765, #1344, #6133 ) ) ;
#4817 = MECHANICAL_DESIGN_GEOMETRIC_PRESENTATION_REPRESENTATION (  '', ( #6019 ), #5638 ) ;
#4818 = ORIENTED_EDGE ( 'NONE', *, *, #219, .F. ) ;
#4819 = ORIENTED_EDGE ( 'NONE', *, *, #5221, .F. ) ;
#4820 = EDGE_CURVE ( 'NONE', #5723, #2373, #1065, .T. ) ;
#4821 = DIRECTION ( 'NONE',  ( 0.000000000000000000, 1.000000000000000000, 0.000000000000000000 ) ) ;
#4822 = ORIENTED_EDGE ( 'NONE', *, *, #2463, .T. ) ;
#4823 = ORIENTED_EDGE ( 'NONE', *, *, #3802, .T. ) ;
#4824 = CIRCLE ( 'NONE', #5938, 1.499999999999999556 ) ;
#4825 =( BOUNDED_SURFACE ( )  B_SPLINE_SURFACE ( 1, 3, ( 
 ( #5009, #2605, #4496, #188 ),
 ( #2203, #6038, #2144, #3984 ) ),
 .UNSPECIFIED., .F., .F., .T. ) 
 B_SPLINE_SURFACE_WITH_KNOTS ( ( 2, 2 ),
 ( 4, 4 ),
 ( 0.04162577849020974996, 0.9583742215097900141 ),
 ( 0.000000000000000000, 1.000000000000000000 ),
 .UNSPECIFIED. ) 
 GEOMETRIC_REPRESENTATION_ITEM ( )  RATIONAL_B_SPLINE_SURFACE ( (
 ( 1.000000000000000000, 0.3333333333333335369, 0.3333333333333335369, 1.000000000000000000),
 ( 1.000000000000000000, 0.3333333333333335369, 0.3333333333333335369, 1.000000000000000000) ) ) 
 REPRESENTATION_ITEM ( '' )  SURFACE ( )  );
#4826 =( NAMED_UNIT ( * ) PLANE_ANGLE_UNIT ( ) SI_UNIT ( $, .RADIAN. ) );
#4827 =( NAMED_UNIT ( * ) SI_UNIT ( $, .STERADIAN. ) SOLID_ANGLE_UNIT ( ) );
#4828 = CARTESIAN_POINT ( 'NONE',  ( -22.83558483421487040, -9.551356099630760710, 76.50000000000000000 ) ) ;
#4829 = COLOUR_RGB ( '',1.000000000000000000, 1.000000000000000000, 1.000000000000000000 ) ;
#4830 = FACE_OUTER_BOUND ( 'NONE', #5232, .T. ) ;
#4831 = AXIS2_PLACEMENT_3D ( 'NONE', #210, #4936, #3088 ) ;
#4832 = CARTESIAN_POINT ( 'NONE',  ( -11.53558483421486969, -10.55135609963075893, 45.00000000000000000 ) ) ;
#4833 = FILL_AREA_STYLE_COLOUR ( '', #28 ) ;
#4834 = CARTESIAN_POINT ( 'NONE',  ( 9.464415165785128536, -8.551356099630758933, 59.00000000000000000 ) ) ;
#4835 = CARTESIAN_POINT ( 'NONE',  ( 17.76441516578512747, -10.55135609963075893, 44.50000000000000000 ) ) ;
#4836 = FACE_BOUND ( 'NONE', #5097, .T. ) ;
#4837 = FACE_OUTER_BOUND ( 'NONE', #4664, .T. ) ;
#4838 = STYLED_ITEM ( 'NONE', ( #5866 ), #5963 ) ;
#4839 = ORIENTED_EDGE ( 'NONE', *, *, #5150, .T. ) ;
#4840 = EDGE_CURVE ( 'NONE', #3685, #3435, #3052, .T. ) ;
#4841 = ADVANCED_FACE ( 'NONE', ( #4388 ), #1531, .T. ) ;
#4842 = DIRECTION ( 'NONE',  ( 0.000000000000000000, -1.000000000000000000, 0.000000000000000000 ) ) ;
#4843 = CARTESIAN_POINT ( 'NONE',  ( 6.464415165785129425, -8.551356099630758933, 59.00000000000000000 ) ) ;
#4844 = DIRECTION ( 'NONE',  ( 1.000000000000000000, 0.000000000000000000, 0.000000000000000000 ) ) ;
#4845 = DIRECTION ( 'NONE',  ( -1.000000000000000000, 0.000000000000000000, 0.000000000000000000 ) ) ;
#4846 = CARTESIAN_POINT ( 'NONE',  ( 23.05522694475513035, 14.44864390036923751, 45.59081177897199666 ) ) ;
#4847 = PRESENTATION_STYLE_ASSIGNMENT (( #1931 ) ) ;
#4848 = ORIENTED_EDGE ( 'NONE', *, *, #2853, .F. ) ;
#4849 = VECTOR ( 'NONE', #1828, 1000.000000000000000 ) ;
#4850 = EDGE_LOOP ( 'NONE', ( #5875, #4402, #1136, #5801 ) ) ;
#4851 = CARTESIAN_POINT ( 'NONE',  ( 17.76441516578512747, -9.551356099630760710, 76.50000000000000000 ) ) ;
#4852 =( GEOMETRIC_REPRESENTATION_CONTEXT ( 3 ) GLOBAL_UNCERTAINTY_ASSIGNED_CONTEXT ( ( #4109 ) ) GLOBAL_UNIT_ASSIGNED_CONTEXT ( ( #1392, #5695, #2285 ) ) REPRESENTATION_CONTEXT ( 'NONE', 'WORKASPACE' ) );
#4853 =( NAMED_UNIT ( * ) SI_UNIT ( $, .STERADIAN. ) SOLID_ANGLE_UNIT ( ) );
#4854 = SURFACE_STYLE_USAGE ( .BOTH. , #1053 ) ;
#4855 = VECTOR ( 'NONE', #406, 1000.000000000000000 ) ;
#4856 = ORIENTED_EDGE ( 'NONE', *, *, #401, .F. ) ;
#4857 = AXIS2_PLACEMENT_3D ( 'NONE', #4514, #4895, #4415 ) ;
#4858 =( NAMED_UNIT ( * ) SI_UNIT ( $, .STERADIAN. ) SOLID_ANGLE_UNIT ( ) );
#4859 = COLOUR_RGB ( '',1.000000000000000000, 1.000000000000000000, 1.000000000000000000 ) ;
#4860 = ORIENTED_EDGE ( 'NONE', *, *, #1293, .F. ) ;
#4861 = UNCERTAINTY_MEASURE_WITH_UNIT (LENGTH_MEASURE( 1.000000000000000082E-05 ), #3721, 'distance_accuracy_value', 'NONE');
#4862 = FILL_AREA_STYLE_COLOUR ( '', #3324 ) ;
#4863 = CARTESIAN_POINT ( 'NONE',  ( -32.69558483421486983, -8.551356099630758933, 38.80000000000000426 ) ) ;
#4864 = CARTESIAN_POINT ( 'NONE',  ( 1.464415165785129647, -8.551356099630758933, 62.00000000000000000 ) ) ;
#4865 = AXIS2_PLACEMENT_3D ( 'NONE', #4305, #33, #4336 ) ;
#4866 = SURFACE_STYLE_FILL_AREA ( #1633 ) ;
#4867 = SURFACE_STYLE_FILL_AREA ( #2034 ) ;
#4868 = ORIENTED_EDGE ( 'NONE', *, *, #3317, .F. ) ;
#4869 = EDGE_CURVE ( 'NONE', #4065, #5200, #3085, .T. ) ;
#4870 = UNCERTAINTY_MEASURE_WITH_UNIT (LENGTH_MEASURE( 1.000000000000000082E-05 ), #130, 'distance_accuracy_value', 'NONE');
#4871 = CIRCLE ( 'NONE', #4356, 1.499999999999999556 ) ;
#4872 = SURFACE_SIDE_STYLE ('',( #5343 ) ) ;
#4873 =( NAMED_UNIT ( * ) PLANE_ANGLE_UNIT ( ) SI_UNIT ( $, .RADIAN. ) );
#4874 = CARTESIAN_POINT ( 'NONE',  ( 17.76441516578512747, -10.55135609963075893, 70.50000000000000000 ) ) ;
#4875 = AXIS2_PLACEMENT_3D ( 'NONE', #4002, #3516, #3048 ) ;
#4876 = CIRCLE ( 'NONE', #3472, 3.500000000000003109 ) ;
#4877 = EDGE_LOOP ( 'NONE', ( #2274, #6116, #121, #1687 ) ) ;
#4878 = CARTESIAN_POINT ( 'NONE',  ( -19.53558483421487324, 4.548643900369238935, 74.50000000000000000 ) ) ;
#4879 = CARTESIAN_POINT ( 'NONE',  ( 0.4644151657851297021, 4.548643900369238935, 76.50000000000000000 ) ) ;
#4880 = CARTESIAN_POINT ( 'NONE',  ( 13.71441516578512854, -8.551356099630758933, 39.49999999999999289 ) ) ;
#4881 = SURFACE_SIDE_STYLE ('',( #1042 ) ) ;
#4882 = ADVANCED_FACE ( 'NONE', ( #88 ), #1110, .T. ) ;
#4883 = FACE_BOUND ( 'NONE', #4954, .T. ) ;
#4884 = EDGE_LOOP ( 'NONE', ( #955, #5740 ) ) ;
#4885 = VERTEX_POINT ( 'NONE', #3670 ) ;
#4886 = ORIENTED_EDGE ( 'NONE', *, *, #1659, .T. ) ;
#4887 = CARTESIAN_POINT ( 'NONE',  ( -21.28558483421487324, -8.460544320660760675, 49.64999999999999858 ) ) ;
#4888 = CARTESIAN_POINT ( 'NONE',  ( 11.26441516578512925, 4.548643900369247817, 74.49999999999998579 ) ) ;
#4889 = ORIENTED_EDGE ( 'NONE', *, *, #561, .F. ) ;
#4890 = PRESENTATION_LAYER_ASSIGNMENT (  '', '', ( #814 ) ) ;
#4891 = CARTESIAN_POINT ( 'NONE',  ( -11.03558483421486969, -8.551356099630758933, 62.00000000000000000 ) ) ;
#4892 = CARTESIAN_POINT ( 'NONE',  ( -32.69558483421486983, -8.551356099630758933, 75.19999999999998863 ) ) ;
#4893 = CARTESIAN_POINT ( 'NONE',  ( -6.535584834214871464, -10.55135609963075893, 62.00000000000000000 ) ) ;
#4894 = FILL_AREA_STYLE ('',( #1546 ) ) ;
#4895 = DIRECTION ( 'NONE',  ( 0.000000000000000000, 0.000000000000000000, -1.000000000000000000 ) ) ;
#4896 =( LENGTH_UNIT ( ) NAMED_UNIT ( * ) SI_UNIT ( .MILLI., .METRE. ) );
#4897 = ORIENTED_EDGE ( 'NONE', *, *, #5578, .T. ) ;
#4898 =( GEOMETRIC_REPRESENTATION_CONTEXT ( 3 ) GLOBAL_UNCERTAINTY_ASSIGNED_CONTEXT ( ( #3851 ) ) GLOBAL_UNIT_ASSIGNED_CONTEXT ( ( #3596, #777, #4605 ) ) REPRESENTATION_CONTEXT ( 'NONE', 'WORKASPACE' ) );
#4899 =( LENGTH_UNIT ( ) NAMED_UNIT ( * ) SI_UNIT ( .MILLI., .METRE. ) );
#4900 = EDGE_CURVE ( 'NONE', #2068, #2870, #5120, .T. ) ;
#4901 =( LENGTH_UNIT ( ) NAMED_UNIT ( * ) SI_UNIT ( .MILLI., .METRE. ) );
#4902 = MECHANICAL_DESIGN_GEOMETRIC_PRESENTATION_REPRESENTATION (  '', ( #5806 ), #6100 ) ;
#4903 =( LENGTH_UNIT ( ) NAMED_UNIT ( * ) SI_UNIT ( .MILLI., .METRE. ) );
#4904 =( LENGTH_UNIT ( ) NAMED_UNIT ( * ) SI_UNIT ( .MILLI., .METRE. ) );
#4905 = PRESENTATION_LAYER_ASSIGNMENT (  '', '', ( #207 ) ) ;
#4906 = CARTESIAN_POINT ( 'NONE',  ( -31.53558483421485192, -10.13714253725766667, 43.50000000000000000 ) ) ;
#4907 =( NAMED_UNIT ( * ) PLANE_ANGLE_UNIT ( ) SI_UNIT ( $, .RADIAN. ) );
#4908 = AXIS2_PLACEMENT_3D ( 'NONE', #4737, #253, #4563 ) ;
#4909 = FILL_AREA_STYLE ('',( #4459 ) ) ;
#4910 = SURFACE_STYLE_FILL_AREA ( #2942 ) ;
#4911 = ORIENTED_EDGE ( 'NONE', *, *, #3375, .T. ) ;
#4912 = PRESENTATION_LAYER_ASSIGNMENT (  '', '', ( #2328 ) ) ;
#4913 = ORIENTED_EDGE ( 'NONE', *, *, #3357, .F. ) ;
#4914 = STYLED_ITEM ( 'NONE', ( #708 ), #4302 ) ;
#4915 = FILL_AREA_STYLE ('',( #1200 ) ) ;
#4916 = SURFACE_SIDE_STYLE ('',( #3847 ) ) ;
#4917 = CARTESIAN_POINT ( 'NONE',  ( -28.53558483421489456, -10.55135609963074650, 58.00000000000000711 ) ) ;
#4918 = VECTOR ( 'NONE', #1479, 1000.000000000000000 ) ;
#4919 = VECTOR ( 'NONE', #4396, 1000.000000000000000 ) ;
#4920 = ORIENTED_EDGE ( 'NONE', *, *, #3087, .T. ) ;
#4921 = VERTEX_POINT ( 'NONE', #3640 ) ;
#4922 = ADVANCED_FACE ( 'NONE', ( #817 ), #3235, .F. ) ;
#4923 = CARTESIAN_POINT ( 'NONE',  ( 24.08841516578512909, -8.460544320660760675, 70.50000000000000000 ) ) ;
#4924 = ADVANCED_FACE ( 'NONE', ( #4587 ), #4162, .T. ) ;
#4925 = DIRECTION ( 'NONE',  ( 0.000000000000000000, 0.000000000000000000, -1.000000000000000000 ) ) ;
#4926 = CARTESIAN_POINT ( 'NONE',  ( -21.53558483421486613, -10.55135609963075893, 52.00000000000000000 ) ) ;
#4927 = LINE ( 'NONE', #1149, #3768 ) ;
#4928 = DIRECTION ( 'NONE',  ( 0.000000000000000000, -1.000000000000000000, 0.000000000000000000 ) ) ;
#4929 = DIRECTION ( 'NONE',  ( 0.000000000000000000, 0.000000000000000000, -1.000000000000000000 ) ) ;
#4930 = CIRCLE ( 'NONE', #4629, 1.499999999999999556 ) ;
#4931 = UNCERTAINTY_MEASURE_WITH_UNIT (LENGTH_MEASURE( 1.000000000000000082E-05 ), #1339, 'distance_accuracy_value', 'NONE');
#4932 = DIRECTION ( 'NONE',  ( 1.000000000000000000, 0.000000000000000000, 0.000000000000000000 ) ) ;
#4933 = CIRCLE ( 'NONE', #2245, 2.000000000000001776 ) ;
#4934 = FILL_AREA_STYLE ('',( #5373 ) ) ;
#4935 = FACE_OUTER_BOUND ( 'NONE', #2736, .T. ) ;
#4936 = DIRECTION ( 'NONE',  ( 0.000000000000000000, -1.000000000000000000, 0.000000000000000000 ) ) ;
#4937 =( LENGTH_UNIT ( ) NAMED_UNIT ( * ) SI_UNIT ( .MILLI., .METRE. ) );
#4938 = ORIENTED_EDGE ( 'NONE', *, *, #2868, .T. ) ;
#4939 =( BOUNDED_SURFACE ( )  B_SPLINE_SURFACE ( 1, 3, ( 
 ( #4832, #4354, #1396, #5725 ),
 ( #1456, #1425, #3341, #5244 ) ),
 .UNSPECIFIED., .F., .F., .T. ) 
 B_SPLINE_SURFACE_WITH_KNOTS ( ( 2, 2 ),
 ( 4, 4 ),
 ( 0.04162577848936815234, 0.9583742215106310081 ),
 ( 0.000000000000000000, 1.000000000000000000 ),
 .UNSPECIFIED. ) 
 GEOMETRIC_REPRESENTATION_ITEM ( )  RATIONAL_B_SPLINE_SURFACE ( (
 ( 1.000000000000000000, 0.3333333333333329818, 0.3333333333333329818, 1.000000000000000000),
 ( 1.000000000000000000, 0.3333333333333329818, 0.3333333333333329818, 1.000000000000000000) ) ) 
 REPRESENTATION_ITEM ( '' )  SURFACE ( )  );
#4940 = CARTESIAN_POINT ( 'NONE',  ( -5.535584834214870575, 1.348643900369240978, 74.50000000000000000 ) ) ;
#4941 = FACE_BOUND ( 'NONE', #5180, .T. ) ;
#4942 = VECTOR ( 'NONE', #1183, 1000.000000000000000 ) ;
#4943 = FILL_AREA_STYLE ('',( #4368 ) ) ;
#4944 = CARTESIAN_POINT ( 'NONE',  ( 6.464415165785129425, -10.55135609963075893, 45.00000000000000000 ) ) ;
#4945 =( NAMED_UNIT ( * ) SI_UNIT ( $, .STERADIAN. ) SOLID_ANGLE_UNIT ( ) );
#4946 = EDGE_CURVE ( 'NONE', #918, #1567, #3271, .T. ) ;
#4947 = ORIENTED_EDGE ( 'NONE', *, *, #1548, .F. ) ;
#4948 = CARTESIAN_POINT ( 'NONE',  ( -0.5355848342148695762, -8.551356099630760710, 54.99999999999999289 ) ) ;
#4949 = DIRECTION ( 'NONE',  ( 0.000000000000000000, 0.000000000000000000, -1.000000000000000000 ) ) ;
#4950 = UNCERTAINTY_MEASURE_WITH_UNIT (LENGTH_MEASURE( 1.000000000000000082E-05 ), #3558, 'distance_accuracy_value', 'NONE');
#4951 = CARTESIAN_POINT ( 'NONE',  ( -31.53558483421486969, -8.539145212538837626, 43.85280969941640450 ) ) ;
#4952 = EDGE_CURVE ( 'NONE', #3044, #3418, #2827, .T. ) ;
#4953 = ORIENTED_EDGE ( 'NONE', *, *, #488, .T. ) ;
#4954 = EDGE_LOOP ( 'NONE', ( #5790, #5621 ) ) ;
#4955 = UNCERTAINTY_MEASURE_WITH_UNIT (LENGTH_MEASURE( 1.000000000000000082E-05 ), #4896, 'distance_accuracy_value', 'NONE');
#4956 = VECTOR ( 'NONE', #2094, 1000.000000000000000 ) ;
#4957 = DIRECTION ( 'NONE',  ( 0.000000000000000000, -1.000000000000000000, 0.000000000000000000 ) ) ;
#4958 = CARTESIAN_POINT ( 'NONE',  ( 14.26441516578512925, 14.44864390036923751, 74.50000000000000000 ) ) ;
#4959 = EDGE_CURVE ( 'NONE', #1870, #2118, #931, .T. ) ;
#4960 = EDGE_CURVE ( 'NONE', #349, #4087, #4112, .T. ) ;
#4961 = CIRCLE ( 'NONE', #1388, 1.600000000000000089 ) ;
#4962 = CARTESIAN_POINT ( 'NONE',  ( 22.96441516578513031, 14.44864390036923751, 45.50000000000000000 ) ) ;
#4963 = FILL_AREA_STYLE ('',( #2630 ) ) ;
#4964 = DIRECTION ( 'NONE',  ( 1.000000000000000000, 0.000000000000000000, 0.000000000000000000 ) ) ;
#4965 =( LENGTH_UNIT ( ) NAMED_UNIT ( * ) SI_UNIT ( .MILLI., .METRE. ) );
#4966 = FILL_AREA_STYLE_COLOUR ( '', #4245 ) ;
#4967 = EDGE_CURVE ( 'NONE', #5656, #4185, #1482, .T. ) ;
#4968 = STYLED_ITEM ( 'NONE', ( #1483 ), #2615 ) ;
#4969 = CIRCLE ( 'NONE', #789, 4.000000000000000000 ) ;
#4970 = AXIS2_PLACEMENT_3D ( 'NONE', #3896, #2482, #5825 ) ;
#4971 = PRESENTATION_STYLE_ASSIGNMENT (( #282 ) ) ;
#4972 = SURFACE_STYLE_USAGE ( .BOTH. , #2476 ) ;
#4973 = SURFACE_SIDE_STYLE ('',( #3061 ) ) ;
#4974 = DIRECTION ( 'NONE',  ( 0.000000000000000000, 0.000000000000000000, -1.000000000000000000 ) ) ;
#4975 = PRESENTATION_LAYER_ASSIGNMENT (  '', '', ( #3177 ) ) ;
#4976 = CARTESIAN_POINT ( 'NONE',  ( -26.33558483421486685, 14.44864390036923751, 43.50000000000000000 ) ) ;
#4977 = AXIS2_PLACEMENT_3D ( 'NONE', #4635, #5230, #2734 ) ;
#4978 = DIRECTION ( 'NONE',  ( 0.000000000000000000, 0.000000000000000000, 1.000000000000000000 ) ) ;
#4979 = ORIENTED_EDGE ( 'NONE', *, *, #2352, .F. ) ;
#4980 =( BOUNDED_SURFACE ( )  B_SPLINE_SURFACE ( 1, 3, ( 
 ( #2072, #736, #2640, #3062 ),
 ( #4976, #1615, #5382, #1131 ) ),
 .UNSPECIFIED., .F., .F., .T. ) 
 B_SPLINE_SURFACE_WITH_KNOTS ( ( 2, 2 ),
 ( 4, 4 ),
 ( 0.04162577849020974996, 0.9583742215097900141 ),
 ( 0.000000000000000000, 1.000000000000000000 ),
 .UNSPECIFIED. ) 
 GEOMETRIC_REPRESENTATION_ITEM ( )  RATIONAL_B_SPLINE_SURFACE ( (
 ( 1.000000000000000000, 0.8047378541243649375, 0.8047378541243649375, 1.000000000000000000),
 ( 1.000000000000000000, 0.8047378541243649375, 0.8047378541243649375, 1.000000000000000000) ) ) 
 REPRESENTATION_ITEM ( '' )  SURFACE ( )  );
#4981 = COLOUR_RGB ( '',1.000000000000000000, 1.000000000000000000, 1.000000000000000000 ) ;
#4982 =( NAMED_UNIT ( * ) PLANE_ANGLE_UNIT ( ) SI_UNIT ( $, .RADIAN. ) );
#4983 = EDGE_CURVE ( 'NONE', #3898, #2373, #2237, .T. ) ;
#4984 =( NAMED_UNIT ( * ) PLANE_ANGLE_UNIT ( ) SI_UNIT ( $, .RADIAN. ) );
#4985 = CARTESIAN_POINT ( 'NONE',  ( -28.12639661318486972, 14.44864390036923751, 45.59081177897199666 ) ) ;
#4986 = ORIENTED_EDGE ( 'NONE', *, *, #5777, .T. ) ;
#4987 = VERTEX_POINT ( 'NONE', #903 ) ;
#4988 = ORIENTED_EDGE ( 'NONE', *, *, #6124, .T. ) ;
#4989 = LINE ( 'NONE', #717, #1028 ) ;
#4990 = ADVANCED_FACE ( 'NONE', ( #4734 ), #2389, .T. ) ;
#4991 = DIRECTION ( 'NONE',  ( 0.000000000000000000, 1.000000000000000000, 0.000000000000000000 ) ) ;
#4992 = CARTESIAN_POINT ( 'NONE',  ( -21.53558483421486969, -10.55135609963076604, 49.00000000000000000 ) ) ;
#4993 =( NAMED_UNIT ( * ) SI_UNIT ( $, .STERADIAN. ) SOLID_ANGLE_UNIT ( ) );
#4994 = DIRECTION ( 'NONE',  ( 0.000000000000000000, -1.000000000000000000, 0.000000000000000000 ) ) ;
#4995 = DIRECTION ( 'NONE',  ( 0.000000000000000000, 0.000000000000000000, -1.000000000000000000 ) ) ;
#4996 = CARTESIAN_POINT ( 'NONE',  ( -6.535584834214880345, -8.551356099630760710, 70.00000000000000000 ) ) ;
#4997 = CARTESIAN_POINT ( 'NONE',  ( 14.46441516578513031, 1.348643900369240978, 76.50000000000000000 ) ) ;
#4998 = SURFACE_STYLE_USAGE ( .BOTH. , #5545 ) ;
#4999 = PRESENTATION_STYLE_ASSIGNMENT (( #209 ) ) ;
#5000 = SURFACE_STYLE_FILL_AREA ( #2598 ) ;
#5001 = CARTESIAN_POINT ( 'NONE',  ( 21.26441516578513102, 14.44864390036923751, 43.50000000000000000 ) ) ;
#5002 =( BOUNDED_SURFACE ( )  B_SPLINE_SURFACE ( 1, 3, ( 
 ( #2120, #3997, #3045, #1114 ),
 ( #3575, #3543, #5469, #5964 ) ),
 .UNSPECIFIED., .F., .F., .T. ) 
 B_SPLINE_SURFACE_WITH_KNOTS ( ( 2, 2 ),
 ( 4, 4 ),
 ( 0.04162577848936890174, 0.9583742215106310081 ),
 ( 0.000000000000000000, 1.000000000000000000 ),
 .UNSPECIFIED. ) 
 GEOMETRIC_REPRESENTATION_ITEM ( )  RATIONAL_B_SPLINE_SURFACE ( (
 ( 1.000000000000000000, 0.3333333333333335369, 0.3333333333333335369, 1.000000000000000000),
 ( 1.000000000000000000, 0.3333333333333335369, 0.3333333333333335369, 1.000000000000000000) ) ) 
 REPRESENTATION_ITEM ( '' )  SURFACE ( )  );
#5003 = ORIENTED_EDGE ( 'NONE', *, *, #1673, .T. ) ;
#5004 = VECTOR ( 'NONE', #4928, 1000.000000000000000 ) ;
#5005 = CARTESIAN_POINT ( 'NONE',  ( 19.46441516578514808, -8.551356099630737617, 66.00000000000001421 ) ) ;
#5006 = LINE ( 'NONE', #2637, #2011 ) ;
#5007 =( NAMED_UNIT ( * ) SI_UNIT ( $, .STERADIAN. ) SOLID_ANGLE_UNIT ( ) );
#5008 = FACE_BOUND ( 'NONE', #4695, .T. ) ;
#5009 = CARTESIAN_POINT ( 'NONE',  ( 19.46441516578512676, -2.051356099630759378, 45.50000000000000000 ) ) ;
#5010 = ORIENTED_EDGE ( 'NONE', *, *, #1809, .T. ) ;
#5011 = ORIENTED_EDGE ( 'NONE', *, *, #2374, .F. ) ;
#5012 = STYLED_ITEM ( 'NONE', ( #150 ), #4127 ) ;
#5013 = PRESENTATION_STYLE_ASSIGNMENT (( #3100 ) ) ;
#5014 = PRESENTATION_STYLE_ASSIGNMENT (( #5924 ) ) ;
#5015 = PRESENTATION_STYLE_ASSIGNMENT (( #3507 ) ) ;
#5016 = UNCERTAINTY_MEASURE_WITH_UNIT (LENGTH_MEASURE( 1.000000000000000082E-05 ), #5086, 'distance_accuracy_value', 'NONE');
#5017 = CARTESIAN_POINT ( 'NONE',  ( -14.53558483421489278, -10.55135609963074650, 55.99999999999998579 ) ) ;
#5018 = AXIS2_PLACEMENT_3D ( 'NONE', #5240, #2282, #2859 ) ;
#5019 = SURFACE_SIDE_STYLE ('',( #4574 ) ) ;
#5020 =( NAMED_UNIT ( * ) SI_UNIT ( $, .STERADIAN. ) SOLID_ANGLE_UNIT ( ) );
#5021 = PRESENTATION_LAYER_ASSIGNMENT (  '', '', ( #4404 ) ) ;
#5022 = ORIENTED_EDGE ( 'NONE', *, *, #1578, .T. ) ;
#5023 = ORIENTED_EDGE ( 'NONE', *, *, #1418, .F. ) ;
#5024 = CARTESIAN_POINT ( 'NONE',  ( -31.53558483421486969, -11.53914521253883763, 70.50000000000000000 ) ) ;
#5025 = AXIS2_PLACEMENT_3D ( 'NONE', #2950, #3361, #4796 ) ;
#5026 = VECTOR ( 'NONE', #1917, 1000.000000000000000 ) ;
#5027 =( NAMED_UNIT ( * ) SI_UNIT ( $, .STERADIAN. ) SOLID_ANGLE_UNIT ( ) );
#5028 = FACE_OUTER_BOUND ( 'NONE', #2136, .T. ) ;
#5029 = AXIS2_PLACEMENT_3D ( 'NONE', #4220, #398, #998 ) ;
#5030 = CARTESIAN_POINT ( 'NONE',  ( -12.53558483421487146, 11.54864390036923893, 76.50000000000000000 ) ) ;
#5031 = DIRECTION ( 'NONE',  ( 1.000000000000000000, 0.000000000000000000, 0.000000000000000000 ) ) ;
#5032 = CARTESIAN_POINT ( 'NONE',  ( 3.664415165785118944, 4.548643900369216730, 76.50000000000000000 ) ) ;
#5033 = PRESENTATION_STYLE_ASSIGNMENT (( #1223 ) ) ;
#5034 = EDGE_LOOP ( 'NONE', ( #6139, #1342 ) ) ;
#5035 =( GEOMETRIC_REPRESENTATION_CONTEXT ( 3 ) GLOBAL_UNCERTAINTY_ASSIGNED_CONTEXT ( ( #3627 ) ) GLOBAL_UNIT_ASSIGNED_CONTEXT ( ( #2784, #3314, #2813 ) ) REPRESENTATION_CONTEXT ( 'NONE', 'WORKASPACE' ) );
#5036 =( NAMED_UNIT ( * ) SI_UNIT ( $, .STERADIAN. ) SOLID_ANGLE_UNIT ( ) );
#5037 = CARTESIAN_POINT ( 'NONE',  ( 26.46441516578512676, -10.55135609963075893, 68.00000000000000000 ) ) ;
#5038 = LINE ( 'NONE', #286, #731 ) ;
#5039 = VECTOR ( 'NONE', #4255, 1000.000000000000000 ) ;
#5040 = UNCERTAINTY_MEASURE_WITH_UNIT (LENGTH_MEASURE( 1.000000000000000082E-05 ), #2854, 'distance_accuracy_value', 'NONE');
#5041 = ADVANCED_FACE ( 'NONE', ( #1512 ), #2822, .T. ) ;
#5042 = EDGE_CURVE ( 'NONE', #3745, #2949, #2436, .T. ) ;
#5043 = ORIENTED_EDGE ( 'NONE', *, *, #1478, .F. ) ;
#5044 = ORIENTED_EDGE ( 'NONE', *, *, #2625, .T. ) ;
#5045 = LINE ( 'NONE', #5792, #524 ) ;
#5046 = CARTESIAN_POINT ( 'NONE',  ( -1.035584834214869909, -8.551356099630758933, 55.00000000000000000 ) ) ;
#5047 = DIRECTION ( 'NONE',  ( 0.000000000000000000, 0.000000000000000000, -1.000000000000000000 ) ) ;
#5048 = CARTESIAN_POINT ( 'NONE',  ( -12.53558483421487146, 4.548643900369238935, 76.50000000000000000 ) ) ;
#5049 = ORIENTED_EDGE ( 'NONE', *, *, #755, .F. ) ;
#5050 = ORIENTED_EDGE ( 'NONE', *, *, #1640, .T. ) ;
#5051 = CARTESIAN_POINT ( 'NONE',  ( -12.53558483421487146, 1.348643900369240978, 76.50000000000000000 ) ) ;
#5052 = PRESENTATION_LAYER_ASSIGNMENT (  '', '', ( #771 ) ) ;
#5053 = FACE_OUTER_BOUND ( 'NONE', #2052, .T. ) ;
#5054 = CARTESIAN_POINT ( 'NONE',  ( -1.035584834214869909, -8.551356099630758933, 55.00000000000000000 ) ) ;
#5055 = SURFACE_STYLE_FILL_AREA ( #3147 ) ;
#5056 = SURFACE_SIDE_STYLE ('',( #2221 ) ) ;
#5057 = CARTESIAN_POINT ( 'NONE',  ( 19.46441516578511255, 11.94864390036921975, 45.50000000000000000 ) ) ;
#5058 = CARTESIAN_POINT ( 'NONE',  ( 0.4644151657851297021, 1.348643900369240978, 76.50000000000000000 ) ) ;
#5059 = FILL_AREA_STYLE_COLOUR ( '', #2055 ) ;
#5060 = EDGE_CURVE ( 'NONE', #1743, #4567, #4418, .T. ) ;
#5061 = SURFACE_SIDE_STYLE ('',( #1192 ) ) ;
#5062 = UNCERTAINTY_MEASURE_WITH_UNIT (LENGTH_MEASURE( 1.000000000000000082E-05 ), #18, 'distance_accuracy_value', 'NONE');
#5063 = MECHANICAL_DESIGN_GEOMETRIC_PRESENTATION_REPRESENTATION (  '', ( #785 ), #5475 ) ;
#5064 = EDGE_LOOP ( 'NONE', ( #3631, #2562 ) ) ;
#5065 = COLOUR_RGB ( '',1.000000000000000000, 1.000000000000000000, 1.000000000000000000 ) ;
#5066 = CARTESIAN_POINT ( 'NONE',  ( 7.464415165785128536, -2.451356099630760177, 74.50000000000000000 ) ) ;
#5067 =( GEOMETRIC_REPRESENTATION_CONTEXT ( 3 ) GLOBAL_UNCERTAINTY_ASSIGNED_CONTEXT ( ( #307 ) ) GLOBAL_UNIT_ASSIGNED_CONTEXT ( ( #844, #2283, #4103 ) ) REPRESENTATION_CONTEXT ( 'NONE', 'WORKASPACE' ) );
#5068 = DIRECTION ( 'NONE',  ( 0.000000000000000000, 0.000000000000000000, -1.000000000000000000 ) ) ;
#5069 = VECTOR ( 'NONE', #5708, 1000.000000000000000 ) ;
#5070 = SURFACE_STYLE_USAGE ( .BOTH. , #2232 ) ;
#5071 = EDGE_LOOP ( 'NONE', ( #4860, #2116 ) ) ;
#5072 = VERTEX_POINT ( 'NONE', #1115 ) ;
#5073 =( GEOMETRIC_REPRESENTATION_CONTEXT ( 3 ) GLOBAL_UNCERTAINTY_ASSIGNED_CONTEXT ( ( #3315 ) ) GLOBAL_UNIT_ASSIGNED_CONTEXT ( ( #1701, #2559, #3581 ) ) REPRESENTATION_CONTEXT ( 'NONE', 'WORKASPACE' ) );
#5074 = DIRECTION ( 'NONE',  ( 0.000000000000000000, 0.000000000000000000, -1.000000000000000000 ) ) ;
#5076 = EDGE_CURVE ( 'NONE', #4921, #3233, #1355, .T. ) ;
#5075 = CARTESIAN_POINT ( 'NONE',  ( -31.53558483421486969, -8.539145212538837626, 70.50000000000000000 ) ) ;
#5077 = DIRECTION ( 'NONE',  ( 1.000000000000000000, 0.000000000000000000, 0.000000000000000000 ) ) ;
#5078 = DIRECTION ( 'NONE',  ( -1.000000000000000000, 0.000000000000000000, 0.000000000000000000 ) ) ;
#5079 = ORIENTED_EDGE ( 'NONE', *, *, #4317, .F. ) ;
#5080 = ORIENTED_EDGE ( 'NONE', *, *, #3184, .F. ) ;
#5081 = CIRCLE ( 'NONE', #4361, 2.000000000000001776 ) ;
#5082 = ORIENTED_EDGE ( 'NONE', *, *, #3357, .T. ) ;
#5083 = DIRECTION ( 'NONE',  ( 1.000000000000000000, 0.000000000000000000, 0.000000000000000000 ) ) ;
#5084 = PRESENTATION_STYLE_ASSIGNMENT (( #3176 ) ) ;
#5085 = ORIENTED_EDGE ( 'NONE', *, *, #6073, .T. ) ;
#5086 =( LENGTH_UNIT ( ) NAMED_UNIT ( * ) SI_UNIT ( .MILLI., .METRE. ) );
#5087 = CARTESIAN_POINT ( 'NONE',  ( 7.464415165785128536, 11.54864390036923893, 74.50000000000000000 ) ) ;
#5088 = CARTESIAN_POINT ( 'NONE',  ( -19.94638483421486796, 14.44864390036923751, 76.59081177896999293 ) ) ;
#5089 = SURFACE_SIDE_STYLE ('',( #1765 ) ) ;
#5090 = EDGE_LOOP ( 'NONE', ( #2944, #5524 ) ) ;
#5091 = FILL_AREA_STYLE ('',( #4137 ) ) ;
#5092 = DIRECTION ( 'NONE',  ( 0.000000000000000000, 0.000000000000000000, 1.000000000000000000 ) ) ;
#5093 = SURFACE_SIDE_STYLE ('',( #2290 ) ) ;
#5094 = DIRECTION ( 'NONE',  ( 1.000000000000000000, 0.000000000000000000, 0.000000000000000000 ) ) ;
#5095 = DIRECTION ( 'NONE',  ( 0.000000000000000000, 0.000000000000000000, -1.000000000000000000 ) ) ;
#5096 = VERTEX_POINT ( 'NONE', #141 ) ;
#5097 = EDGE_LOOP ( 'NONE', ( #751, #6123 ) ) ;
#5098 =( NAMED_UNIT ( * ) SI_UNIT ( $, .STERADIAN. ) SOLID_ANGLE_UNIT ( ) );
#5099 = CARTESIAN_POINT ( 'NONE',  ( -11.53558483421489100, -10.55135609963074650, 48.00000000000000711 ) ) ;
#5100 = VECTOR ( 'NONE', #3600, 1000.000000000000000 ) ;
#5101 = ORIENTED_EDGE ( 'NONE', *, *, #2816, .T. ) ;
#5102 = EDGE_LOOP ( 'NONE', ( #4433, #5741 ) ) ;
#5103 = SURFACE_STYLE_USAGE ( .BOTH. , #4697 ) ;
#5104 = LINE ( 'NONE', #3545, #941 ) ;
#5105 = DIRECTION ( 'NONE',  ( 0.000000000000000000, 0.000000000000000000, -1.000000000000000000 ) ) ;
#5106 = AXIS2_PLACEMENT_3D ( 'NONE', #1829, #1332, #3715 ) ;
#5107 = EDGE_CURVE ( 'NONE', #984, #3952, #1043, .T. ) ;
#5108 = VERTEX_POINT ( 'NONE', #171 ) ;
#5109 = EDGE_CURVE ( 'NONE', #1913, #6014, #3878, .T. ) ;
#5110 =( GEOMETRIC_REPRESENTATION_CONTEXT ( 3 ) GLOBAL_UNCERTAINTY_ASSIGNED_CONTEXT ( ( #2004 ) ) GLOBAL_UNIT_ASSIGNED_CONTEXT ( ( #1119, #4448, #2067 ) ) REPRESENTATION_CONTEXT ( 'NONE', 'WORKASPACE' ) );
#5111 = FACE_OUTER_BOUND ( 'NONE', #3975, .T. ) ;
#5112 = DIRECTION ( 'NONE',  ( 0.000000000000000000, -1.000000000000000000, 0.000000000000000000 ) ) ;
#5113 = FILL_AREA_STYLE_COLOUR ( '', #5673 ) ;
#5114 = FILL_AREA_STYLE_COLOUR ( '', #3533 ) ;
#5115 = STYLED_ITEM ( 'NONE', ( #1398 ), #4705 ) ;
#5116 = PRESENTATION_STYLE_ASSIGNMENT (( #1323 ) ) ;
#5117 = ORIENTED_EDGE ( 'NONE', *, *, #795, .T. ) ;
#5118 = CARTESIAN_POINT ( 'NONE',  ( 13.46441516578513031, -10.55135609963076604, 49.00000000000000000 ) ) ;
#5119 = CARTESIAN_POINT ( 'NONE',  ( 3.964415165785129425, -8.551356099630758933, 52.00000000000000000 ) ) ;
#5120 = CIRCLE ( 'NONE', #4207, 1.499999999999999556 ) ;
#5121 = DIRECTION ( 'NONE',  ( 0.000000000000000000, 0.000000000000000000, -1.000000000000000000 ) ) ;
#5122 = FILL_AREA_STYLE_COLOUR ( '', #3560 ) ;
#5123 = CARTESIAN_POINT ( 'NONE',  ( 7.464415165785128536, -5.651356099630762131, 74.50000000000000000 ) ) ;
#5124 = VECTOR ( 'NONE', #1059, 1000.000000000000000 ) ;
#5125 = ORIENTED_EDGE ( 'NONE', *, *, #4326, .F. ) ;
#5126 = ORIENTED_EDGE ( 'NONE', *, *, #3729, .F. ) ;
#5127 = FACE_BOUND ( 'NONE', #3164, .T. ) ;
#5128 = PRESENTATION_LAYER_ASSIGNMENT (  '', '', ( #4120 ) ) ;
#5129 = EDGE_CURVE ( 'NONE', #3293, #2182, #3429, .T. ) ;
#5130 = EDGE_LOOP ( 'NONE', ( #448, #83, #5581, #77 ) ) ;
#5131 = ORIENTED_EDGE ( 'NONE', *, *, #2314, .F. ) ;
#5132 =( GEOMETRIC_REPRESENTATION_CONTEXT ( 3 ) GLOBAL_UNCERTAINTY_ASSIGNED_CONTEXT ( ( #5459 ) ) GLOBAL_UNIT_ASSIGNED_CONTEXT ( ( #4617, #2776, #2250 ) ) REPRESENTATION_CONTEXT ( 'NONE', 'WORKASPACE' ) );
#5133 = DIRECTION ( 'NONE',  ( 0.000000000000000000, 1.000000000000000000, 0.000000000000000000 ) ) ;
#5134 =( BOUNDED_SURFACE ( )  B_SPLINE_SURFACE ( 1, 3, ( 
 ( #5278, #2896, #4807, #3798 ),
 ( #533, #1981, #2470, #5247 ) ),
 .UNSPECIFIED., .F., .F., .T. ) 
 B_SPLINE_SURFACE_WITH_KNOTS ( ( 2, 2 ),
 ( 4, 4 ),
 ( 0.04162577848936815234, 0.9583742215106310081 ),
 ( 0.000000000000000000, 1.000000000000000000 ),
 .UNSPECIFIED. ) 
 GEOMETRIC_REPRESENTATION_ITEM ( )  RATIONAL_B_SPLINE_SURFACE ( (
 ( 1.000000000000000000, 0.3333333333333335369, 0.3333333333333335369, 1.000000000000000000),
 ( 1.000000000000000000, 0.3333333333333335369, 0.3333333333333335369, 1.000000000000000000) ) ) 
 REPRESENTATION_ITEM ( '' )  SURFACE ( )  );
#5135 = LINE ( 'NONE', #1444, #6126 ) ;
#5136 =( NAMED_UNIT ( * ) PLANE_ANGLE_UNIT ( ) SI_UNIT ( $, .RADIAN. ) );
#5137 = MECHANICAL_DESIGN_GEOMETRIC_PRESENTATION_REPRESENTATION (  '', ( #4641 ), #5841 ) ;
#5138 = DIRECTION ( 'NONE',  ( 0.000000000000000000, 1.000000000000000000, 0.000000000000000000 ) ) ;
#5139 = LINE ( 'NONE', #2660, #685 ) ;
#5140 = EDGE_CURVE ( 'NONE', #5919, #3293, #3423, .T. ) ;
#5141 = DIRECTION ( 'NONE',  ( 0.000000000000000000, -1.000000000000000000, 0.000000000000000000 ) ) ;
#5142 = CARTESIAN_POINT ( 'NONE',  ( -32.69558483421486983, -9.011356099630759786, 45.50000000000000000 ) ) ;
#5143 = VERTEX_POINT ( 'NONE', #5898 ) ;
#5144 = VERTEX_POINT ( 'NONE', #3046 ) ;
#5145 = CIRCLE ( 'NONE', #3454, 1.499999999999999556 ) ;
#5146 = FILL_AREA_STYLE ('',( #2838 ) ) ;
#5147 = CARTESIAN_POINT ( 'NONE',  ( -11.53558483421486969, -8.551356099630758933, 45.00000000000000000 ) ) ;
#5148 = CARTESIAN_POINT ( 'NONE',  ( 7.964415165785129425, -10.55135609963075893, 45.00000000000000000 ) ) ;
#5149 = PLANE ( 'NONE',  #3728 ) ;
#5150 = EDGE_CURVE ( 'NONE', #5703, #2778, #4382, .T. ) ;
#5151 = LINE ( 'NONE', #408, #4808 ) ;
#5152 = PRESENTATION_STYLE_ASSIGNMENT (( #3681 ) ) ;
#5153 = VECTOR ( 'NONE', #1003, 1000.000000000000000 ) ;
#5154 =( LENGTH_UNIT ( ) NAMED_UNIT ( * ) SI_UNIT ( .MILLI., .METRE. ) );
#5155 = EDGE_LOOP ( 'NONE', ( #5043, #4760 ) ) ;
#5156 = VERTEX_POINT ( 'NONE', #684 ) ;
#5157 = DIRECTION ( 'NONE',  ( 0.000000000000000000, 0.000000000000000000, -1.000000000000000000 ) ) ;
#5158 = AXIS2_PLACEMENT_3D ( 'NONE', #1400, #4626, #2230 ) ;
#5159 = CARTESIAN_POINT ( 'NONE',  ( -29.15958483421486491, -8.460544320660760675, 70.50000000000000000 ) ) ;
#5160 = DIRECTION ( 'NONE',  ( 0.000000000000000000, 1.000000000000000000, 0.000000000000000000 ) ) ;
#5161 = FACE_OUTER_BOUND ( 'NONE', #3986, .T. ) ;
#5162 = ORIENTED_EDGE ( 'NONE', *, *, #5590, .T. ) ;
#5163 = ORIENTED_EDGE ( 'NONE', *, *, #2100, .F. ) ;
#5164 = PRESENTATION_LAYER_ASSIGNMENT (  '', '', ( #4665 ) ) ;
#5165 = ORIENTED_EDGE ( 'NONE', *, *, #5513, .F. ) ;
#5166 = STYLED_ITEM ( 'NONE', ( #1802 ), #170 ) ;
#5167 = EDGE_CURVE ( 'NONE', #1786, #5616, #4824, .T. ) ;
#5168 = CARTESIAN_POINT ( 'NONE',  ( 25.42888125985239611, -10.55135609963075538, 70.50000000000000000 ) ) ;
#5169 = SURFACE_STYLE_USAGE ( .BOTH. , #3726 ) ;
#5170 = CARTESIAN_POINT ( 'NONE',  ( -9.035584834214869687, -8.551356099630760710, 44.00000000000000711 ) ) ;
#5171 = MECHANICAL_DESIGN_GEOMETRIC_PRESENTATION_REPRESENTATION (  '', ( #1699 ), #384 ) ;
#5172 = EDGE_LOOP ( 'NONE', ( #2085, #1627 ) ) ;
#5173 =( BOUNDED_SURFACE ( )  B_SPLINE_SURFACE ( 1, 3, ( 
 ( #904, #5660, #1452, #2461 ),
 ( #2805, #4351, #2861, #429 ) ),
 .UNSPECIFIED., .F., .F., .T. ) 
 B_SPLINE_SURFACE_WITH_KNOTS ( ( 2, 2 ),
 ( 4, 4 ),
 ( 0.04162577848936815234, 0.9583742215106310081 ),
 ( 0.000000000000000000, 1.000000000000000000 ),
 .UNSPECIFIED. ) 
 GEOMETRIC_REPRESENTATION_ITEM ( )  RATIONAL_B_SPLINE_SURFACE ( (
 ( 1.000000000000000000, 0.3333333333333329818, 0.3333333333333329818, 1.000000000000000000),
 ( 1.000000000000000000, 0.3333333333333329818, 0.3333333333333329818, 1.000000000000000000) ) ) 
 REPRESENTATION_ITEM ( '' )  SURFACE ( )  );
#5174 = EDGE_CURVE ( 'NONE', #3565, #5266, #37, .T. ) ;
#5175 = CARTESIAN_POINT ( 'NONE',  ( 0.4644151657851297021, 2.948643900369238402, 74.50000000000000000 ) ) ;
#5176 = FILL_AREA_STYLE ('',( #4285 ) ) ;
#5177 = SURFACE_STYLE_FILL_AREA ( #1976 ) ;
#5178 = FACE_OUTER_BOUND ( 'NONE', #2204, .T. ) ;
#5179 = ORIENTED_EDGE ( 'NONE', *, *, #4983, .F. ) ;
#5180 = EDGE_LOOP ( 'NONE', ( #5355, #739 ) ) ;
#5181 = CARTESIAN_POINT ( 'NONE',  ( 7.464415165785128536, 2.948643900369238402, 76.50000000000000000 ) ) ;
#5182 = CARTESIAN_POINT ( 'NONE',  ( 7.464415165785128536, 4.548643900369238935, 74.50000000000000000 ) ) ;
#5183 = FACE_OUTER_BOUND ( 'NONE', #948, .T. ) ;
#5184 = CARTESIAN_POINT ( 'NONE',  ( -28.03558483421486613, 10.94864390036924107, 45.50000000000000000 ) ) ;
#5185 = CARTESIAN_POINT ( 'NONE',  ( 7.464415165785128536, 11.54864390036923893, 76.50000000000000000 ) ) ;
#5186 = UNCERTAINTY_MEASURE_WITH_UNIT (LENGTH_MEASURE( 1.000000000000000082E-05 ), #4513, 'distance_accuracy_value', 'NONE');
#5187 = SURFACE_SIDE_STYLE ('',( #1403 ) ) ;
#5188 = CARTESIAN_POINT ( 'NONE',  ( -28.03558483421486613, 10.94864390036924107, 43.50000000000000000 ) ) ;
#5189 = ORIENTED_EDGE ( 'NONE', *, *, #2755, .T. ) ;
#5190 = STYLED_ITEM ( 'NONE', ( #3917 ), #1785 ) ;
#5191 =( GEOMETRIC_REPRESENTATION_CONTEXT ( 3 ) GLOBAL_UNCERTAINTY_ASSIGNED_CONTEXT ( ( #4026 ) ) GLOBAL_UNIT_ASSIGNED_CONTEXT ( ( #404, #910, #4228 ) ) REPRESENTATION_CONTEXT ( 'NONE', 'WORKASPACE' ) );
#5192 = ORIENTED_EDGE ( 'NONE', *, *, #3012, .F. ) ;
#5193 = EDGE_CURVE ( 'NONE', #1462, #4809, #111, .T. ) ;
#5194 = CARTESIAN_POINT ( 'NONE',  ( 18.57641516578512864, -10.03135609963075936, 76.50000000000000000 ) ) ;
#5195 = CARTESIAN_POINT ( 'NONE',  ( -22.83558483421487040, -10.98135609963076043, 49.61999999999999744 ) ) ;
#5196 = CARTESIAN_POINT ( 'NONE',  ( -13.03558483421487146, -10.55135609963075893, 52.00000000000000000 ) ) ;
#5197 = SURFACE_SIDE_STYLE ('',( #3807 ) ) ;
#5198 = CARTESIAN_POINT ( 'NONE',  ( -14.53558483421486969, -8.551356099630758933, 45.00000000000000000 ) ) ;
#5199 = ORIENTED_EDGE ( 'NONE', *, *, #87, .F. ) ;
#5200 = VERTEX_POINT ( 'NONE', #5966 ) ;
#5201 = ORIENTED_EDGE ( 'NONE', *, *, #3804, .T. ) ;
#5202 = CARTESIAN_POINT ( 'NONE',  ( 26.46441516578512676, 10.94864390036924107, 45.50000000000000000 ) ) ;
#5203 = COLOUR_RGB ( '',1.000000000000000000, 1.000000000000000000, 1.000000000000000000 ) ;
#5204 = DIRECTION ( 'NONE',  ( 1.000000000000000000, 0.000000000000000000, 0.000000000000000000 ) ) ;
#5205 = DIRECTION ( 'NONE',  ( -1.000000000000000000, 0.000000000000000000, 0.000000000000000000 ) ) ;
#5206 = AXIS2_PLACEMENT_3D ( 'NONE', #1725, #195, #1664 ) ;
#5207 =( NAMED_UNIT ( * ) SI_UNIT ( $, .STERADIAN. ) SOLID_ANGLE_UNIT ( ) );
#5208 = DIRECTION ( 'NONE',  ( 0.000000000000000000, -1.000000000000000000, 0.000000000000000000 ) ) ;
#5209 = FILL_AREA_STYLE_COLOUR ( '', #361 ) ;
#5210 = ORIENTED_EDGE ( 'NONE', *, *, #4395, .F. ) ;
#5211 = APPLICATION_CONTEXT ( 'automotive_design' ) ;
#5212 = EDGE_CURVE ( 'NONE', #4507, #290, #2043, .T. ) ;
#5213 = AXIS2_PLACEMENT_3D ( 'NONE', #5658, #5749, #1385 ) ;
#5214 = DIRECTION ( 'NONE',  ( 0.000000000000000000, 0.000000000000000000, 1.000000000000000000 ) ) ;
#5215 = CARTESIAN_POINT ( 'NONE',  ( 17.76441516578512747, -10.55135609963075893, 75.50000000000000000 ) ) ;
#5216 = LINE ( 'NONE', #2782, #4855 ) ;
#5217 = CIRCLE ( 'NONE', #5025, 2.000000000000001776 ) ;
#5218 = CARTESIAN_POINT ( 'NONE',  ( 5.964415165785127648, -10.55135609963074650, 65.00000000000000000 ) ) ;
#5219 = DIRECTION ( 'NONE',  ( 0.000000000000000000, 1.000000000000000000, 0.000000000000000000 ) ) ;
#5220 = AXIS2_PLACEMENT_3D ( 'NONE', #2696, #4594, #1797 ) ;
#5221 = EDGE_CURVE ( 'NONE', #770, #4508, #5548, .T. ) ;
#5222 = CARTESIAN_POINT ( 'NONE',  ( 23.96441516578513031, -10.55135609963075893, 70.50000000000000000 ) ) ;
#5223 = ORIENTED_EDGE ( 'NONE', *, *, #935, .F. ) ;
#5224 = VERTEX_POINT ( 'NONE', #4128 ) ;
#5225 = VECTOR ( 'NONE', #4675, 1000.000000000000000 ) ;
#5226 =( NAMED_UNIT ( * ) SI_UNIT ( $, .STERADIAN. ) SOLID_ANGLE_UNIT ( ) );
#5227 =( NAMED_UNIT ( * ) PLANE_ANGLE_UNIT ( ) SI_UNIT ( $, .RADIAN. ) );
#5228 = EDGE_CURVE ( 'NONE', #6171, #2353, #3576, .T. ) ;
#5229 = EDGE_CURVE ( 'NONE', #3959, #4299, #3334, .T. ) ;
#5230 = DIRECTION ( 'NONE',  ( 0.000000000000000000, 1.000000000000000000, 0.000000000000000000 ) ) ;
#5231 = VERTEX_POINT ( 'NONE', #4070 ) ;
#5232 = EDGE_LOOP ( 'NONE', ( #1198, #5429, #3675, #3091 ) ) ;
#5233 = PRESENTATION_LAYER_ASSIGNMENT (  '', '', ( #4530 ) ) ;
#5234 = DIRECTION ( 'NONE',  ( 0.000000000000000000, 0.000000000000000000, 1.000000000000000000 ) ) ;
#5235 =( LENGTH_UNIT ( ) NAMED_UNIT ( * ) SI_UNIT ( .MILLI., .METRE. ) );
#5236 =( BOUNDED_SURFACE ( )  B_SPLINE_SURFACE ( 1, 3, ( 
 ( #2358, #3291, #5099, #4693 ),
 ( #5198, #4241, #6169, #3689 ) ),
 .UNSPECIFIED., .F., .F., .T. ) 
 B_SPLINE_SURFACE_WITH_KNOTS ( ( 2, 2 ),
 ( 4, 4 ),
 ( 0.04162577848936815234, 0.9583742215106310081 ),
 ( 0.000000000000000000, 1.000000000000000000 ),
 .UNSPECIFIED. ) 
 GEOMETRIC_REPRESENTATION_ITEM ( )  RATIONAL_B_SPLINE_SURFACE ( (
 ( 1.000000000000000000, 0.3333333333333329818, 0.3333333333333329818, 1.000000000000000000),
 ( 1.000000000000000000, 0.3333333333333329818, 0.3333333333333329818, 1.000000000000000000) ) ) 
 REPRESENTATION_ITEM ( '' )  SURFACE ( )  );
#5237 = EDGE_CURVE ( 'NONE', #2758, #2652, #845, .T. ) ;
#5238 = AXIS2_PLACEMENT_3D ( 'NONE', #1820, #5635, #1354 ) ;
#5239 = LINE ( 'NONE', #1972, #2035 ) ;
#5240 = CARTESIAN_POINT ( 'NONE',  ( -26.53558483421487324, 7.948643900369239290, 43.50000000000000000 ) ) ;
#5241 = VECTOR ( 'NONE', #1509, 1000.000000000000000 ) ;
#5242 = SURFACE_SIDE_STYLE ('',( #3337 ) ) ;
#5243 = DIRECTION ( 'NONE',  ( 0.000000000000000000, 1.000000000000000000, 0.000000000000000000 ) ) ;
#5244 = CARTESIAN_POINT ( 'NONE',  ( -14.53558483421486969, -8.551356099630758933, 45.00000000000000000 ) ) ;
#5245 = ADVANCED_FACE ( 'NONE', ( #5537 ), #5789, .T. ) ;
#5246 =( NAMED_UNIT ( * ) PLANE_ANGLE_UNIT ( ) SI_UNIT ( $, .RADIAN. ) );
#5247 = CARTESIAN_POINT ( 'NONE',  ( 19.46441516578512676, -8.551356099630758933, 52.00000000000000000 ) ) ;
#5248 = ORIENTED_EDGE ( 'NONE', *, *, #1640, .F. ) ;
#5249 = ORIENTED_EDGE ( 'NONE', *, *, #3205, .F. ) ;
#5250 = EDGE_CURVE ( 'NONE', #5156, #1301, #2830, .T. ) ;
#5251 = LINE ( 'NONE', #5706, #1234 ) ;
#5252 = DIRECTION ( 'NONE',  ( 0.000000000000000000, -1.000000000000000000, 0.000000000000000000 ) ) ;
#5253 = CARTESIAN_POINT ( 'NONE',  ( -12.53558483421487146, 8.348643900369239645, 74.50000000000000000 ) ) ;
#5254 = CARTESIAN_POINT ( 'NONE',  ( 7.464415165785128536, -2.451356099630760177, 74.50000000000000000 ) ) ;
#5255 = CARTESIAN_POINT ( 'NONE',  ( -12.53558483421487146, 1.348643900369240978, 76.50000000000000000 ) ) ;
#5256 =( GEOMETRIC_REPRESENTATION_CONTEXT ( 3 ) GLOBAL_UNCERTAINTY_ASSIGNED_CONTEXT ( ( #3914 ) ) GLOBAL_UNIT_ASSIGNED_CONTEXT ( ( #1111, #4984, #2114 ) ) REPRESENTATION_CONTEXT ( 'NONE', 'WORKASPACE' ) );
#5257 = DIRECTION ( 'NONE',  ( 0.000000000000000000, 0.000000000000000000, -1.000000000000000000 ) ) ;
#5258 = ORIENTED_EDGE ( 'NONE', *, *, #4058, .T. ) ;
#5259 = ORIENTED_EDGE ( 'NONE', *, *, #5042, .F. ) ;
#5260 = ORIENTED_EDGE ( 'NONE', *, *, #336, .F. ) ;
#5261 = PRESENTATION_LAYER_ASSIGNMENT (  '', '', ( #1783 ) ) ;
#5262 =( NAMED_UNIT ( * ) SI_UNIT ( $, .STERADIAN. ) SOLID_ANGLE_UNIT ( ) );
#5263 = LINE ( 'NONE', #1939, #5517 ) ;
#5264 = STYLED_ITEM ( 'NONE', ( #5270 ), #2641 ) ;
#5265 =( GEOMETRIC_REPRESENTATION_CONTEXT ( 3 ) GLOBAL_UNCERTAINTY_ASSIGNED_CONTEXT ( ( #2498 ) ) GLOBAL_UNIT_ASSIGNED_CONTEXT ( ( #3377, #5227, #5795 ) ) REPRESENTATION_CONTEXT ( 'NONE', 'WORKASPACE' ) );
#5266 = VERTEX_POINT ( 'NONE', #1310 ) ;
#5267 = SURFACE_SIDE_STYLE ('',( #5746 ) ) ;
#5268 = CARTESIAN_POINT ( 'NONE',  ( 23.46441516578513031, 7.948643900369239290, 43.50000000000000000 ) ) ;
#5269 = CARTESIAN_POINT ( 'NONE',  ( -29.03558483421486613, -8.551356099630758933, 70.50000000000000000 ) ) ;
#5270 = PRESENTATION_STYLE_ASSIGNMENT (( #3364 ) ) ;
#5271 = FACE_OUTER_BOUND ( 'NONE', #2054, .T. ) ;
#5272 = ORIENTED_EDGE ( 'NONE', *, *, #3355, .F. ) ;
#5273 =( GEOMETRIC_REPRESENTATION_CONTEXT ( 3 ) GLOBAL_UNCERTAINTY_ASSIGNED_CONTEXT ( ( #49 ) ) GLOBAL_UNIT_ASSIGNED_CONTEXT ( ( #5498, #233, #5020 ) ) REPRESENTATION_CONTEXT ( 'NONE', 'WORKASPACE' ) );
#5274 = FACE_BOUND ( 'NONE', #1358, .T. ) ;
#5275 = DIRECTION ( 'NONE',  ( 0.000000000000000000, 1.000000000000000000, 0.000000000000000000 ) ) ;
#5276 = CARTESIAN_POINT ( 'NONE',  ( 23.46441516578513031, -10.55135609963075893, 52.00000000000000000 ) ) ;
#5277 = SURFACE_STYLE_USAGE ( .BOTH. , #1428 ) ;
#5278 = CARTESIAN_POINT ( 'NONE',  ( 23.46441516578513031, -10.55135609963075893, 52.00000000000000000 ) ) ;
#5279 = CARTESIAN_POINT ( 'NONE',  ( 23.46441516578513031, 3.948643900369246396, 43.49999999999999289 ) ) ;
#5280 = EDGE_CURVE ( 'NONE', #2417, #6087, #4930, .T. ) ;
#5281 = ORIENTED_EDGE ( 'NONE', *, *, #3124, .F. ) ;
#5282 = CARTESIAN_POINT ( 'NONE',  ( -22.83558483421487040, -10.55135609963075893, 44.50000000000000000 ) ) ;
#5283 = SURFACE_SIDE_STYLE ('',( #498 ) ) ;
#5284 = CARTESIAN_POINT ( 'NONE',  ( 7.464415165785128536, -5.651356099630762131, 76.50000000000000000 ) ) ;
#5285 = FACE_OUTER_BOUND ( 'NONE', #1665, .T. ) ;
#5286 = SURFACE_SIDE_STYLE ('',( #4910 ) ) ;
#5287 = EDGE_CURVE ( 'NONE', #2955, #2010, #1138, .T. ) ;
#5288 = ORIENTED_EDGE ( 'NONE', *, *, #3486, .F. ) ;
#5289 = ORIENTED_EDGE ( 'NONE', *, *, #4091, .F. ) ;
#5290 = ORIENTED_EDGE ( 'NONE', *, *, #5683, .F. ) ;
#5291 = FILL_AREA_STYLE_COLOUR ( '', #3304 ) ;
#5292 = CIRCLE ( 'NONE', #2309, 1.500000000000001332 ) ;
#5293 = STYLED_ITEM ( 'NONE', ( #2101 ), #608 ) ;
#5294 =( NAMED_UNIT ( * ) PLANE_ANGLE_UNIT ( ) SI_UNIT ( $, .RADIAN. ) );
#5295 = CARTESIAN_POINT ( 'NONE',  ( 7.464415165785128536, 11.54864390036923893, 76.50000000000000000 ) ) ;
#5296 = ORIENTED_EDGE ( 'NONE', *, *, #2993, .F. ) ;
#5297 = COLOUR_RGB ( '',1.000000000000000000, 1.000000000000000000, 1.000000000000000000 ) ;
#5298 = UNCERTAINTY_MEASURE_WITH_UNIT (LENGTH_MEASURE( 1.000000000000000082E-05 ), #2388, 'distance_accuracy_value', 'NONE');
#5299 = DIRECTION ( 'NONE',  ( 0.000000000000000000, 0.000000000000000000, 1.000000000000000000 ) ) ;
#5300 = DIRECTION ( 'NONE',  ( -1.000000000000000000, 0.000000000000000000, 0.000000000000000000 ) ) ;
#5301 =( NAMED_UNIT ( * ) PLANE_ANGLE_UNIT ( ) SI_UNIT ( $, .RADIAN. ) );
#5302 = CARTESIAN_POINT ( 'NONE',  ( 7.464415165785128536, 4.548643900369238935, 74.50000000000000000 ) ) ;
#5303 = CIRCLE ( 'NONE', #3208, 2.000000000000001776 ) ;
#5304 =( GEOMETRIC_REPRESENTATION_CONTEXT ( 3 ) GLOBAL_UNCERTAINTY_ASSIGNED_CONTEXT ( ( #200 ) ) GLOBAL_UNIT_ASSIGNED_CONTEXT ( ( #2579, #4409, #4345 ) ) REPRESENTATION_CONTEXT ( 'NONE', 'WORKASPACE' ) );
#5305 = EDGE_CURVE ( 'NONE', #5930, #5761, #1853, .T. ) ;
#5306 = EDGE_CURVE ( 'NONE', #4694, #5615, #5104, .T. ) ;
#5307 = CIRCLE ( 'NONE', #20, 2.500000000000002220 ) ;
#5308 = FILL_AREA_STYLE ('',( #2434 ) ) ;
#5309 = FILL_AREA_STYLE_COLOUR ( '', #3417 ) ;
#5310 = CARTESIAN_POINT ( 'NONE',  ( 6.464415165785129425, -10.55135609963075893, 59.00000000000000000 ) ) ;
#5311 = CARTESIAN_POINT ( 'NONE',  ( 14.46441516578513031, 4.548643900369238935, 74.50000000000000000 ) ) ;
#5312 = FACE_BOUND ( 'NONE', #262, .T. ) ;
#5313 = CARTESIAN_POINT ( 'NONE',  ( 19.46441516578512676, 7.948643900369239290, 45.50000000000000000 ) ) ;
#5314 = CARTESIAN_POINT ( 'NONE',  ( -2.335584834214884609, 4.548643900369216730, 76.50000000000000000 ) ) ;
#5315 = CARTESIAN_POINT ( 'NONE',  ( -12.53558483421487146, 11.54864390036923893, 74.50000000000000000 ) ) ;
#5316 = VECTOR ( 'NONE', #4329, 1000.000000000000000 ) ;
#5317 = DIRECTION ( 'NONE',  ( -1.000000000000000000, 0.000000000000000000, 0.000000000000000000 ) ) ;
#5318 = DIRECTION ( 'NONE',  ( 0.000000000000000000, 0.000000000000000000, 1.000000000000000000 ) ) ;
#5319 = DIRECTION ( 'NONE',  ( 0.000000000000000000, 0.000000000000000000, -1.000000000000000000 ) ) ;
#5320 = VECTOR ( 'NONE', #390, 1000.000000000000000 ) ;
#5321 = DIRECTION ( 'NONE',  ( -1.000000000000000000, 0.000000000000000000, 0.000000000000000000 ) ) ;
#5322 = DIRECTION ( 'NONE',  ( 0.000000000000000000, 0.000000000000000000, -1.000000000000000000 ) ) ;
#5323 = MECHANICAL_DESIGN_GEOMETRIC_PRESENTATION_REPRESENTATION (  '', ( #1038 ), #2531 ) ;
#5324 = ORIENTED_EDGE ( 'NONE', *, *, #109, .F. ) ;
#5325 = ORIENTED_EDGE ( 'NONE', *, *, #2441, .F. ) ;
#5326 = ORIENTED_EDGE ( 'NONE', *, *, #145, .T. ) ;
#5327 = DIRECTION ( 'NONE',  ( 0.000000000000000000, -1.000000000000000000, 0.000000000000000000 ) ) ;
#5328 = EDGE_CURVE ( 'NONE', #1173, #5551, #2739, .T. ) ;
#5329 = VECTOR ( 'NONE', #2337, 1000.000000000000000 ) ;
#5330 = SURFACE_STYLE_FILL_AREA ( #1539 ) ;
#5331 = SURFACE_STYLE_FILL_AREA ( #1626 ) ;
#5332 = ORIENTED_EDGE ( 'NONE', *, *, #5250, .T. ) ;
#5333 = ORIENTED_EDGE ( 'NONE', *, *, #2693, .T. ) ;
#5334 = LINE ( 'NONE', #4282, #4918 ) ;
#5335 = CARTESIAN_POINT ( 'NONE',  ( -12.53558483421487146, 2.948643900369238402, 76.50000000000000000 ) ) ;
#5336 = CARTESIAN_POINT ( 'NONE',  ( -1.035584834214869909, -10.55135609963075893, 69.00000000000000000 ) ) ;
#5337 = CARTESIAN_POINT ( 'NONE',  ( 17.76441516578512747, -10.55135609963075893, 70.50000000000000000 ) ) ;
#5338 = CIRCLE ( 'NONE', #4215, 2.000000000000001776 ) ;
#5339 = VERTEX_POINT ( 'NONE', #2305 ) ;
#5340 = PRESENTATION_LAYER_ASSIGNMENT (  '', '', ( #1863 ) ) ;
#5341 = ADVANCED_FACE ( 'NONE', ( #391 ), #1938, .T. ) ;
#5342 = CARTESIAN_POINT ( 'NONE',  ( 25.01466769747931451, 14.44864390036923574, 45.50000000000000000 ) ) ;
#5343 = SURFACE_STYLE_FILL_AREA ( #3432 ) ;
#5344 =( NAMED_UNIT ( * ) SI_UNIT ( $, .STERADIAN. ) SOLID_ANGLE_UNIT ( ) );
#5345 =( BOUNDED_SURFACE ( )  B_SPLINE_SURFACE ( 1, 3, ( 
 ( #102, #1996, #4406, #2517 ),
 ( #1086, #2023, #581, #3038 ) ),
 .UNSPECIFIED., .F., .F., .T. ) 
 B_SPLINE_SURFACE_WITH_KNOTS ( ( 2, 2 ),
 ( 4, 4 ),
 ( 0.04162577848936890174, 0.9583742215106310081 ),
 ( 0.000000000000000000, 1.000000000000000000 ),
 .UNSPECIFIED. ) 
 GEOMETRIC_REPRESENTATION_ITEM ( )  RATIONAL_B_SPLINE_SURFACE ( (
 ( 1.000000000000000000, 0.3333333333333335369, 0.3333333333333335369, 1.000000000000000000),
 ( 1.000000000000000000, 0.3333333333333335369, 0.3333333333333335369, 1.000000000000000000) ) ) 
 REPRESENTATION_ITEM ( '' )  SURFACE ( )  );
#5346 = CARTESIAN_POINT ( 'NONE',  ( -24.53558483421486969, -8.551356099630758933, 62.00000000000000000 ) ) ;
#5347 = AXIS2_PLACEMENT_3D ( 'NONE', #1051, #5495, #227 ) ;
#5348 =( NAMED_UNIT ( * ) SI_UNIT ( $, .STERADIAN. ) SOLID_ANGLE_UNIT ( ) );
#5349 = CARTESIAN_POINT ( 'NONE',  ( 27.62441516578512690, -10.03135609963075936, 43.50000000000000000 ) ) ;
#5350 = CARTESIAN_POINT ( 'NONE',  ( 17.76441516578512747, -8.539145212538837626, 70.50000000000000000 ) ) ;
#5351 = DIRECTION ( 'NONE',  ( 0.000000000000000000, -1.000000000000000000, 0.000000000000000000 ) ) ;
#5352 = CARTESIAN_POINT ( 'NONE',  ( 21.26441516578513102, 14.44864390036923751, 45.50000000000000000 ) ) ;
#5353 = EDGE_LOOP ( 'NONE', ( #4268, #3661 ) ) ;
#5354 = VERTEX_POINT ( 'NONE', #1846 ) ;
#5355 = ORIENTED_EDGE ( 'NONE', *, *, #3913, .T. ) ;
#5356 = AXIS2_PLACEMENT_3D ( 'NONE', #877, #5607, #1881 ) ;
#5357 = CARTESIAN_POINT ( 'NONE',  ( -21.53558483421486613, -8.551356099630758933, 52.00000000000000000 ) ) ;
#5358 = SURFACE_STYLE_FILL_AREA ( #4437 ) ;
#5359 = EDGE_LOOP ( 'NONE', ( #800, #323, #4986, #2721, #388, #5593, #1241 ) ) ;
#5360 = MECHANICAL_DESIGN_GEOMETRIC_PRESENTATION_REPRESENTATION (  '', ( #4360 ), #2485 ) ;
#5361 = CARTESIAN_POINT ( 'NONE',  ( -29.03558483421486613, -8.551356099630758933, 70.50000000000000000 ) ) ;
#5362 = VECTOR ( 'NONE', #4020, 1000.000000000000000 ) ;
#5363 = EDGE_CURVE ( 'NONE', #3873, #4921, #2826, .T. ) ;
#5364 = ORIENTED_EDGE ( 'NONE', *, *, #1987, .T. ) ;
#5365 = CARTESIAN_POINT ( 'NONE',  ( -6.535584834214871464, -8.551356099630758933, 62.00000000000000000 ) ) ;
#5366 = AXIS2_PLACEMENT_3D ( 'NONE', #1702, #3053, #245 ) ;
#5367 = VECTOR ( 'NONE', #5675, 1000.000000000000000 ) ;
#5368 = DIRECTION ( 'NONE',  ( 0.000000000000000000, -1.000000000000000000, 0.000000000000000000 ) ) ;
#5369 = CARTESIAN_POINT ( 'NONE',  ( -9.035584834214871464, -8.551356099630758933, 52.00000000000000000 ) ) ;
#5370 = CARTESIAN_POINT ( 'NONE',  ( 19.46441516578512676, -10.55135609963075893, 62.00000000000000000 ) ) ;
#5371 = UNCERTAINTY_MEASURE_WITH_UNIT (LENGTH_MEASURE( 1.000000000000000082E-05 ), #2647, 'distance_accuracy_value', 'NONE');
#5372 = VECTOR ( 'NONE', #3333, 1000.000000000000000 ) ;
#5373 = FILL_AREA_STYLE_COLOUR ( '', #2663 ) ;
#5374 = DIRECTION ( 'NONE',  ( 0.000000000000000000, 0.000000000000000000, 1.000000000000000000 ) ) ;
#5375 = CARTESIAN_POINT ( 'NONE',  ( 7.464415165785128536, -2.451356099630760177, 74.50000000000000000 ) ) ;
#5376 = CIRCLE ( 'NONE', #4875, 1.499999999999999556 ) ;
#5377 = SURFACE_SIDE_STYLE ('',( #1069 ) ) ;
#5378 = PRESENTATION_LAYER_ASSIGNMENT (  '', '', ( #4066 ) ) ;
#5379 =( BOUNDED_SURFACE ( )  B_SPLINE_SURFACE ( 1, 3, ( 
 ( #6000, #5057, #2222, #4045 ),
 ( #5478, #182, #3971, #1252 ) ),
 .UNSPECIFIED., .F., .F., .T. ) 
 B_SPLINE_SURFACE_WITH_KNOTS ( ( 2, 2 ),
 ( 4, 4 ),
 ( 0.04162577849020974996, 0.9583742215097900141 ),
 ( 0.000000000000000000, 1.000000000000000000 ),
 .UNSPECIFIED. ) 
 GEOMETRIC_REPRESENTATION_ITEM ( )  RATIONAL_B_SPLINE_SURFACE ( (
 ( 1.000000000000000000, 0.3333333333333335369, 0.3333333333333335369, 1.000000000000000000),
 ( 1.000000000000000000, 0.3333333333333335369, 0.3333333333333335369, 1.000000000000000000) ) ) 
 REPRESENTATION_ITEM ( '' )  SURFACE ( )  );
#5380 = CARTESIAN_POINT ( 'NONE',  ( -7.535584834214870575, -8.551356099630758933, 52.00000000000000000 ) ) ;
#5381 = PRESENTATION_STYLE_ASSIGNMENT (( #3467 ) ) ;
#5382 = CARTESIAN_POINT ( 'NONE',  ( -22.83558483421488106, 12.99889643206342527, 43.50000000000000000 ) ) ;
#5383 = CARTESIAN_POINT ( 'NONE',  ( 13.71441516578512854, -10.55135609963075893, 41.99999999999999289 ) ) ;
#5384 = LINE ( 'NONE', #4400, #2284 ) ;
#5385 = EDGE_CURVE ( 'NONE', #4809, #3009, #3814, .T. ) ;
#5386 = EDGE_CURVE ( 'NONE', #4226, #315, #5135, .T. ) ;
#5387 = ORIENTED_EDGE ( 'NONE', *, *, #3911, .F. ) ;
#5388 = EDGE_LOOP ( 'NONE', ( #5671, #604 ) ) ;
#5389 = CARTESIAN_POINT ( 'NONE',  ( -22.83558483421487040, 10.94864390036924107, 45.50000000000000000 ) ) ;
#5390 = FACE_OUTER_BOUND ( 'NONE', #2475, .T. ) ;
#5391 = SURFACE_STYLE_USAGE ( .BOTH. , #1596 ) ;
#5392 = PRODUCT ( 'xuanzhuanduojizhijia', 'xuanzhuanduojizhijia', '', ( #644 ) ) ;
#5393 = CARTESIAN_POINT ( 'NONE',  ( 17.76441516578512747, 11.37864390036924256, 76.61999999999999034 ) ) ;
#5394 = ORIENTED_EDGE ( 'NONE', *, *, #561, .T. ) ;
#5395 = ORIENTED_EDGE ( 'NONE', *, *, #80, .F. ) ;
#5396 = COLOUR_RGB ( '',1.000000000000000000, 1.000000000000000000, 1.000000000000000000 ) ;
#5397 = CARTESIAN_POINT ( 'NONE',  ( 24.08841516578512909, -10.64216787860075897, 70.50000000000000000 ) ) ;
#5398 = CARTESIAN_POINT ( 'NONE',  ( -12.53558483421487146, -4.051356099630760710, 74.50000000000000000 ) ) ;
#5399 = CARTESIAN_POINT ( 'NONE',  ( -18.53558483421487679, -10.55135609963076604, 49.00000000000000000 ) ) ;
#5400 = FILL_AREA_STYLE ('',( #4476 ) ) ;
#5401 = DIRECTION ( 'NONE',  ( 1.000000000000000000, 0.000000000000000000, 0.000000000000000000 ) ) ;
#5402 = STYLED_ITEM ( 'NONE', ( #2793 ), #62 ) ;
#5403 = SURFACE_SIDE_STYLE ('',( #4477 ) ) ;
#5404 = SURFACE_STYLE_FILL_AREA ( #1031 ) ;
#5405 = STYLED_ITEM ( 'NONE', ( #3083 ), #3730 ) ;
#5406 = CARTESIAN_POINT ( 'NONE',  ( 19.46441516578513031, -10.55135609963076604, 56.00000000000000000 ) ) ;
#5407 = VECTOR ( 'NONE', #6177, 1000.000000000000000 ) ;
#5408 =( NAMED_UNIT ( * ) SI_UNIT ( $, .STERADIAN. ) SOLID_ANGLE_UNIT ( ) );
#5409 = EDGE_CURVE ( 'NONE', #4334, #3009, #926, .T. ) ;
#5410 = CARTESIAN_POINT ( 'NONE',  ( 26.46441516578512676, -10.98135609963076043, 43.00999999999999801 ) ) ;
#5411 = EDGE_LOOP ( 'NONE', ( #2794, #2757, #4136, #4192 ) ) ;
#5412 = CARTESIAN_POINT ( 'NONE',  ( -4.535584834214873240, -8.551356099630760710, 49.00000000000000000 ) ) ;
#5413 = FILL_AREA_STYLE_COLOUR ( '', #3612 ) ;
#5414 = MECHANICAL_DESIGN_GEOMETRIC_PRESENTATION_REPRESENTATION (  '', ( #5012 ), #3510 ) ;
#5415 = CARTESIAN_POINT ( 'NONE',  ( -11.03558483421486969, -8.551356099630758933, 62.00000000000000000 ) ) ;
#5416 = ORIENTED_EDGE ( 'NONE', *, *, #2028, .F. ) ;
#5417 = ORIENTED_EDGE ( 'NONE', *, *, #5791, .F. ) ;
#5418 =( GEOMETRIC_REPRESENTATION_CONTEXT ( 3 ) GLOBAL_UNCERTAINTY_ASSIGNED_CONTEXT ( ( #3568 ) ) GLOBAL_UNIT_ASSIGNED_CONTEXT ( ( #2329, #1745, #5226 ) ) REPRESENTATION_CONTEXT ( 'NONE', 'WORKASPACE' ) );
#5419 = CARTESIAN_POINT ( 'NONE',  ( -0.5355848342148695762, -10.55135609963076604, 54.99999999999999289 ) ) ;
#5420 = PRESENTATION_STYLE_ASSIGNMENT (( #1166 ) ) ;
#5422 = EDGE_CURVE ( 'NONE', #4185, #1394, #2769, .T. ) ;
#5421 = CARTESIAN_POINT ( 'NONE',  ( -2.535584834214871464, -8.551356099630758933, 62.00000000000000000 ) ) ;
#5423 = FILL_AREA_STYLE_COLOUR ( '', #2932 ) ;
#5424 = ADVANCED_FACE ( 'NONE', ( #511 ), #2154, .T. ) ;
#5425 = CARTESIAN_POINT ( 'NONE',  ( 17.76441516578513102, -10.13714253725766667, 43.50000000000000000 ) ) ;
#5426 = AXIS2_PLACEMENT_3D ( 'NONE', #4648, #1058, #5640 ) ;
#5427 = DIRECTION ( 'NONE',  ( 0.000000000000000000, 0.000000000000000000, -1.000000000000000000 ) ) ;
#5428 = CARTESIAN_POINT ( 'NONE',  ( -31.53558483421486969, -10.55135609963075893, 68.00000000000000000 ) ) ;
#5429 = ORIENTED_EDGE ( 'NONE', *, *, #2555, .F. ) ;
#5430 = EDGE_LOOP ( 'NONE', ( #2547, #6162, #5210, #4310, #4013, #1693 ) ) ;
#5431 = COLOUR_RGB ( '',1.000000000000000000, 1.000000000000000000, 1.000000000000000000 ) ;
#5432 = DIRECTION ( 'NONE',  ( 1.000000000000000000, 0.000000000000000000, 0.000000000000000000 ) ) ;
#5433 = EDGE_CURVE ( 'NONE', #4607, #3418, #990, .T. ) ;
#5434 = DIRECTION ( 'NONE',  ( 1.000000000000000000, 0.000000000000000000, 0.000000000000000000 ) ) ;
#5435 = SURFACE_SIDE_STYLE ('',( #3515 ) ) ;
#5436 = FACE_OUTER_BOUND ( 'NONE', #2511, .T. ) ;
#5437 =( NAMED_UNIT ( * ) PLANE_ANGLE_UNIT ( ) SI_UNIT ( $, .RADIAN. ) );
#5438 = SURFACE_STYLE_FILL_AREA ( #4445 ) ;
#5439 = UNCERTAINTY_MEASURE_WITH_UNIT (LENGTH_MEASURE( 1.000000000000000082E-05 ), #3181, 'distance_accuracy_value', 'NONE');
#5440 = VECTOR ( 'NONE', #3990, 1000.000000000000000 ) ;
#5441 = FACE_OUTER_BOUND ( 'NONE', #2979, .T. ) ;
#5442 = CARTESIAN_POINT ( 'NONE',  ( -0.5355848342148712415, -10.55135609963075893, 52.00000000000000000 ) ) ;
#5443 = CARTESIAN_POINT ( 'NONE',  ( 18.57641516578512864, -9.011356099630759786, 74.50000000000000000 ) ) ;
#5444 =( BOUNDED_SURFACE ( )  B_SPLINE_SURFACE ( 1, 3, ( 
 ( #397, #6088, #5691, #3787 ),
 ( #3303, #3335, #5719, #930 ) ),
 .UNSPECIFIED., .F., .F., .F. ) 
 B_SPLINE_SURFACE_WITH_KNOTS ( ( 2, 2 ),
 ( 4, 4 ),
 ( 0.04162577849020974996, 0.9583742215097900141 ),
 ( 0.000000000000000000, 1.000000000000000000 ),
 .UNSPECIFIED. ) 
 GEOMETRIC_REPRESENTATION_ITEM ( )  RATIONAL_B_SPLINE_SURFACE ( (
 ( 1.000000000000000000, 0.3333333333333335369, 0.3333333333333335369, 1.000000000000000000),
 ( 1.000000000000000000, 0.3333333333333335369, 0.3333333333333335369, 1.000000000000000000) ) ) 
 REPRESENTATION_ITEM ( '' )  SURFACE ( )  );
#5445 = STYLED_ITEM ( 'NONE', ( #1157 ), #5718 ) ;
#5446 = EDGE_CURVE ( 'NONE', #2519, #925, #4933, .T. ) ;
#5447 = PRODUCT_DEFINITION_SHAPE ( 'NONE', 'NONE',  #363 ) ;
#5448 = CARTESIAN_POINT ( 'NONE',  ( -5.535584834214870575, 1.348643900369240978, 76.50000000000000000 ) ) ;
#5449 = CARTESIAN_POINT ( 'NONE',  ( 16.12360338681313010, -8.460544320660760675, 49.49999999999999289 ) ) ;
#5450 = VECTOR ( 'NONE', #1577, 1000.000000000000000 ) ;
#5451 =( LENGTH_UNIT ( ) NAMED_UNIT ( * ) SI_UNIT ( .MILLI., .METRE. ) );
#5452 =( NAMED_UNIT ( * ) PLANE_ANGLE_UNIT ( ) SI_UNIT ( $, .RADIAN. ) );
#5453 = ORIENTED_EDGE ( 'NONE', *, *, #4946, .T. ) ;
#5454 = EDGE_LOOP ( 'NONE', ( #3078, #4818, #1516, #2725 ) ) ;
#5455 = SURFACE_STYLE_USAGE ( .BOTH. , #2514 ) ;
#5456 = DIRECTION ( 'NONE',  ( 0.000000000000000000, 1.000000000000000000, 0.000000000000000000 ) ) ;
#5457 = CARTESIAN_POINT ( 'NONE',  ( -12.53558483421487146, -4.051356099630760710, 74.50000000000000000 ) ) ;
#5458 = DIRECTION ( 'NONE',  ( 0.000000000000000000, 0.000000000000000000, 1.000000000000000000 ) ) ;
#5459 = UNCERTAINTY_MEASURE_WITH_UNIT (LENGTH_MEASURE( 1.000000000000000082E-05 ), #4617, 'distance_accuracy_value', 'NONE');
#5460 = CARTESIAN_POINT ( 'NONE',  ( 5.964415165785129425, -8.551356099630758933, 62.00000000000000000 ) ) ;
#5461 = FACE_OUTER_BOUND ( 'NONE', #6011, .T. ) ;
#5462 = VERTEX_POINT ( 'NONE', #1052 ) ;
#5463 =( GEOMETRIC_REPRESENTATION_CONTEXT ( 3 ) GLOBAL_UNCERTAINTY_ASSIGNED_CONTEXT ( ( #3742 ) ) GLOBAL_UNIT_ASSIGNED_CONTEXT ( ( #93, #186, #2046 ) ) REPRESENTATION_CONTEXT ( 'NONE', 'WORKASPACE' ) );
#5464 = SURFACE_SIDE_STYLE ('',( #5928 ) ) ;
#5465 = ORIENTED_EDGE ( 'NONE', *, *, #6090, .T. ) ;
#5466 = ORIENTED_EDGE ( 'NONE', *, *, #525, .T. ) ;
#5467 = UNCERTAINTY_MEASURE_WITH_UNIT (LENGTH_MEASURE( 1.000000000000000082E-05 ), #239, 'distance_accuracy_value', 'NONE');
#5468 = AXIS2_PLACEMENT_3D ( 'NONE', #2624, #1185, #1217 ) ;
#5469 = CARTESIAN_POINT ( 'NONE',  ( -22.73558483421481213, 1.348643900369237647, 76.50000000000000000 ) ) ;
#5470 = CARTESIAN_POINT ( 'NONE',  ( -31.53558483421486969, -10.55135609963075893, 44.50000000000000000 ) ) ;
#5471 = LINE ( 'NONE', #5811, #4942 ) ;
#5472 = CARTESIAN_POINT ( 'NONE',  ( 6.464415165785129425, -8.551356099630758933, 59.00000000000000000 ) ) ;
#5473 =( GEOMETRIC_REPRESENTATION_CONTEXT ( 3 ) GLOBAL_UNCERTAINTY_ASSIGNED_CONTEXT ( ( #4419 ) ) GLOBAL_UNIT_ASSIGNED_CONTEXT ( ( #6130, #442, #3775 ) ) REPRESENTATION_CONTEXT ( 'NONE', 'WORKASPACE' ) );
#5474 = CARTESIAN_POINT ( 'NONE',  ( 9.464415165785128536, -8.551356099630758933, 45.00000000000000000 ) ) ;
#5475 =( GEOMETRIC_REPRESENTATION_CONTEXT ( 3 ) GLOBAL_UNCERTAINTY_ASSIGNED_CONTEXT ( ( #6061 ) ) GLOBAL_UNIT_ASSIGNED_CONTEXT ( ( #3437, #2199, #5665 ) ) REPRESENTATION_CONTEXT ( 'NONE', 'WORKASPACE' ) );
#5476 = AXIS2_PLACEMENT_3D ( 'NONE', #3, #2901, #1961 ) ;
#5477 = CARTESIAN_POINT ( 'NONE',  ( 9.464415165785130313, -8.551356099630766039, 62.00000000000000711 ) ) ;
#5478 = CARTESIAN_POINT ( 'NONE',  ( 19.46441516578512676, 7.948643900369239290, 43.50000000000000000 ) ) ;
#5479 = PRESENTATION_STYLE_ASSIGNMENT (( #5943 ) ) ;
#5480 =( NAMED_UNIT ( * ) PLANE_ANGLE_UNIT ( ) SI_UNIT ( $, .RADIAN. ) );
#5481 = DIRECTION ( 'NONE',  ( -1.000000000000000000, 0.000000000000000000, 0.000000000000000000 ) ) ;
#5482 = STYLED_ITEM ( 'NONE', ( #1728 ), #1843 ) ;
#5483 = EDGE_LOOP ( 'NONE', ( #2899, #76, #2974, #1742 ) ) ;
#5484 = DIRECTION ( 'NONE',  ( 0.000000000000000000, 0.000000000000000000, -1.000000000000000000 ) ) ;
#5485 = CARTESIAN_POINT ( 'NONE',  ( -21.28558483421487324, -10.55135609963075893, 41.99999999999999289 ) ) ;
#5486 = CARTESIAN_POINT ( 'NONE',  ( 23.46441516578513031, -10.55135609963075893, 52.00000000000000000 ) ) ;
#5487 = VECTOR ( 'NONE', #174, 1000.000000000000000 ) ;
#5488 = SURFACE_STYLE_FILL_AREA ( #2103 ) ;
#5489 =( BOUNDED_SURFACE ( )  B_SPLINE_SURFACE ( 1, 3, ( 
 ( #4940, #3401, #2070, #5878 ),
 ( #5448, #3494, #5314, #3977 ) ),
 .UNSPECIFIED., .F., .F., .T. ) 
 B_SPLINE_SURFACE_WITH_KNOTS ( ( 2, 2 ),
 ( 4, 4 ),
 ( 0.04162577848936890174, 0.9583742215106310081 ),
 ( 0.000000000000000000, 1.000000000000000000 ),
 .UNSPECIFIED. ) 
 GEOMETRIC_REPRESENTATION_ITEM ( )  RATIONAL_B_SPLINE_SURFACE ( (
 ( 1.000000000000000000, 0.3333333333333335369, 0.3333333333333335369, 1.000000000000000000),
 ( 1.000000000000000000, 0.3333333333333335369, 0.3333333333333335369, 1.000000000000000000) ) ) 
 REPRESENTATION_ITEM ( '' )  SURFACE ( )  );
#5490 = ADVANCED_FACE ( 'NONE', ( #163 ), #4262, .T. ) ;
#5491 = FACE_BOUND ( 'NONE', #6075, .T. ) ;
#5492 = ORIENTED_EDGE ( 'NONE', *, *, #885, .T. ) ;
#5493 = EDGE_LOOP ( 'NONE', ( #5711, #4679, #2022, #4242 ) ) ;
#5494 = PRESENTATION_STYLE_ASSIGNMENT (( #5888 ) ) ;
#5495 = DIRECTION ( 'NONE',  ( 0.000000000000000000, 0.000000000000000000, -1.000000000000000000 ) ) ;
#5496 =( NAMED_UNIT ( * ) SI_UNIT ( $, .STERADIAN. ) SOLID_ANGLE_UNIT ( ) );
#5497 = ADVANCED_FACE ( 'NONE', ( #5859 ), #5345, .T. ) ;
#5498 =( LENGTH_UNIT ( ) NAMED_UNIT ( * ) SI_UNIT ( .MILLI., .METRE. ) );
#5499 = ORIENTED_EDGE ( 'NONE', *, *, #5776, .T. ) ;
#5500 = ORIENTED_EDGE ( 'NONE', *, *, #1293, .T. ) ;
#5501 = DIRECTION ( 'NONE',  ( 0.000000000000000000, 0.000000000000000000, -1.000000000000000000 ) ) ;
#5502 = DIRECTION ( 'NONE',  ( 0.000000000000000000, 1.000000000000000000, 0.000000000000000000 ) ) ;
#5503 =( NAMED_UNIT ( * ) PLANE_ANGLE_UNIT ( ) SI_UNIT ( $, .RADIAN. ) );
#5504 = CARTESIAN_POINT ( 'NONE',  ( 3.964415165785129425, -8.551356099630758933, 52.00000000000000000 ) ) ;
#5505 = CARTESIAN_POINT ( 'NONE',  ( 9.464415165785130313, -10.55135609963074650, 48.00000000000000000 ) ) ;
#5506 = DIRECTION ( 'NONE',  ( 0.000000000000000000, 1.000000000000000000, 0.000000000000000000 ) ) ;
#5507 = PRESENTATION_LAYER_ASSIGNMENT (  '', '', ( #5293 ) ) ;
#5508 = CARTESIAN_POINT ( 'NONE',  ( -15.73558483421485832, 11.54864390036920341, 74.49999999999998579 ) ) ;
#5509 = CARTESIAN_POINT ( 'NONE',  ( -7.535584834214870575, -10.55135609963076604, 54.99999999999999289 ) ) ;
#5510 = LINE ( 'NONE', #3489, #2860 ) ;
#5511 = EDGE_CURVE ( 'NONE', #1901, #4607, #1563, .T. ) ;
#5512 = SURFACE_STYLE_USAGE ( .BOTH. , #1762 ) ;
#5513 = EDGE_CURVE ( 'NONE', #3812, #2668, #4421, .T. ) ;
#5514 = SURFACE_STYLE_FILL_AREA ( #3121 ) ;
#5515 =( GEOMETRIC_REPRESENTATION_CONTEXT ( 3 ) GLOBAL_UNCERTAINTY_ASSIGNED_CONTEXT ( ( #3430 ) ) GLOBAL_UNIT_ASSIGNED_CONTEXT ( ( #4468, #5955, #4539 ) ) REPRESENTATION_CONTEXT ( 'NONE', 'WORKASPACE' ) );
#5516 =( LENGTH_UNIT ( ) NAMED_UNIT ( * ) SI_UNIT ( .MILLI., .METRE. ) );
#5517 = VECTOR ( 'NONE', #2396, 1000.000000000000000 ) ;
#5518 =( NAMED_UNIT ( * ) PLANE_ANGLE_UNIT ( ) SI_UNIT ( $, .RADIAN. ) );
#5519 =( LENGTH_UNIT ( ) NAMED_UNIT ( * ) SI_UNIT ( .MILLI., .METRE. ) );
#5520 = DIRECTION ( 'NONE',  ( 0.000000000000000000, 0.000000000000000000, -1.000000000000000000 ) ) ;
#5521 =( NAMED_UNIT ( * ) SI_UNIT ( $, .STERADIAN. ) SOLID_ANGLE_UNIT ( ) );
#5522 = CARTESIAN_POINT ( 'NONE',  ( 7.964415165785129425, -8.551356099630758933, 59.00000000000000000 ) ) ;
#5523 = STYLED_ITEM ( 'NONE', ( #4540 ), #3860 ) ;
#5524 = ORIENTED_EDGE ( 'NONE', *, *, #436, .F. ) ;
#5525 = B_SPLINE_SURFACE_WITH_KNOTS ( 'NONE', 1, 1, ( 
 ( #3476, #5393 ),
 ( #3538, #3416 ) ),
 .UNSPECIFIED., .F., .F., .F.,
 ( 2, 2 ),
 ( 2, 2 ),
 ( -0.1199999999999999956, 6.120000000000000107 ),
 ( -0.4299999999999999933, 21.92999999999999972 ),
 .UNSPECIFIED. ) ;
#5526 = CARTESIAN_POINT ( 'NONE',  ( -13.03558483421487146, -8.551356099630758933, 52.00000000000000000 ) ) ;
#5527 = AXIS2_PLACEMENT_3D ( 'NONE', #854, #375, #5645 ) ;
#5528 =( LENGTH_UNIT ( ) NAMED_UNIT ( * ) SI_UNIT ( .MILLI., .METRE. ) );
#5529 = UNCERTAINTY_MEASURE_WITH_UNIT (LENGTH_MEASURE( 1.000000000000000082E-05 ), #4699, 'distance_accuracy_value', 'NONE');
#5530 = CARTESIAN_POINT ( 'NONE',  ( -19.27558483421486812, 14.44864390036923751, 76.50000000000000000 ) ) ;
#5531 = CIRCLE ( 'NONE', #2229, 1.499999999999999556 ) ;
#5532 = FACE_OUTER_BOUND ( 'NONE', #1432, .T. ) ;
#5533 = EDGE_LOOP ( 'NONE', ( #763, #4184, #5637, #5011 ) ) ;
#5534 = ORIENTED_EDGE ( 'NONE', *, *, #3317, .T. ) ;
#5535 = EDGE_CURVE ( 'NONE', #3724, #1572, #1050, .T. ) ;
#5536 = LINE ( 'NONE', #3231, #3502 ) ;
#5537 = FACE_OUTER_BOUND ( 'NONE', #3138, .T. ) ;
#5538 = CARTESIAN_POINT ( 'NONE',  ( -22.83558483421487040, -10.98015609963075967, 70.37999999999999545 ) ) ;
#5539 = CARTESIAN_POINT ( 'NONE',  ( -13.03558483421487146, -8.551356099630758933, 45.00000000000000000 ) ) ;
#5540 = CARTESIAN_POINT ( 'NONE',  ( 19.46441516578512676, -2.051356099630759378, 43.50000000000000000 ) ) ;
#5541 = VECTOR ( 'NONE', #1420, 1000.000000000000000 ) ;
#5542 = FILL_AREA_STYLE_COLOUR ( '', #890 ) ;
#5543 = CARTESIAN_POINT ( 'NONE',  ( -12.53558483421487146, 8.348643900369239645, 76.50000000000000000 ) ) ;
#5544 = FILL_AREA_STYLE_COLOUR ( '', #2733 ) ;
#5545 = SURFACE_SIDE_STYLE ('',( #2131 ) ) ;
#5546 = DIRECTION ( 'NONE',  ( 0.000000000000000000, 1.000000000000000000, 0.000000000000000000 ) ) ;
#5547 = CARTESIAN_POINT ( 'NONE',  ( -19.94638483421486796, 14.44864390036923751, 74.40918822103000707 ) ) ;
#5548 = CIRCLE ( 'NONE', #4210, 1.599999999999999867 ) ;
#5549 = CARTESIAN_POINT ( 'NONE',  ( 23.46441516578513031, -2.051356099630759378, 43.50000000000000000 ) ) ;
#5550 = CARTESIAN_POINT ( 'NONE',  ( 17.76441516578512747, -8.539145212538837626, 76.84091195102224958 ) ) ;
#5551 = VERTEX_POINT ( 'NONE', #3101 ) ;
#5552 = EDGE_CURVE ( 'NONE', #984, #2801, #1747, .T. ) ;
#5553 = VECTOR ( 'NONE', #6189, 1000.000000000000000 ) ;
#5554 = DIRECTION ( 'NONE',  ( 0.000000000000000000, 1.000000000000000000, 0.000000000000000000 ) ) ;
#5555 = COLOUR_RGB ( '',1.000000000000000000, 1.000000000000000000, 1.000000000000000000 ) ;
#5556 = DIRECTION ( 'NONE',  ( 0.000000000000000000, -1.000000000000000000, 0.000000000000000000 ) ) ;
#5557 = DIRECTION ( 'NONE',  ( -1.000000000000000000, 0.000000000000000000, 0.000000000000000000 ) ) ;
#5558 = DIRECTION ( 'NONE',  ( 0.000000000000000000, 0.000000000000000000, -1.000000000000000000 ) ) ;
#5559 = AXIS2_PLACEMENT_3D ( 'NONE', #597, #1191, #2098 ) ;
#5560 = ORIENTED_EDGE ( 'NONE', *, *, #4167, .F. ) ;
#5561 = ORIENTED_EDGE ( 'NONE', *, *, #2732, .T. ) ;
#5562 = CARTESIAN_POINT ( 'NONE',  ( -12.53558483421487146, 2.948643900369238402, 74.50000000000000000 ) ) ;
#5563 = SURFACE_STYLE_USAGE ( .BOTH. , #5619 ) ;
#5564 = FILL_AREA_STYLE ('',( #4569 ) ) ;
#5565 =( NAMED_UNIT ( * ) SI_UNIT ( $, .STERADIAN. ) SOLID_ANGLE_UNIT ( ) );
#5566 = CARTESIAN_POINT ( 'NONE',  ( -15.73558483421485832, 4.548643900369216730, 76.50000000000000000 ) ) ;
#5567 = ORIENTED_EDGE ( 'NONE', *, *, #833, .F. ) ;
#5568 = VERTEX_POINT ( 'NONE', #746 ) ;
#5569 = DIRECTION ( 'NONE',  ( 0.000000000000000000, 1.000000000000000000, 0.000000000000000000 ) ) ;
#5570 =( NAMED_UNIT ( * ) PLANE_ANGLE_UNIT ( ) SI_UNIT ( $, .RADIAN. ) );
#5571 = EDGE_CURVE ( 'NONE', #2645, #3384, #4727, .T. ) ;
#5572 = ORIENTED_EDGE ( 'NONE', *, *, #2463, .F. ) ;
#5573 = SURFACE_SIDE_STYLE ('',( #10 ) ) ;
#5574 = PRESENTATION_STYLE_ASSIGNMENT (( #4044 ) ) ;
#5575 = CIRCLE ( 'NONE', #2762, 1.000000000000000888 ) ;
#5576 = LINE ( 'NONE', #3733, #6068 ) ;
#5577 = SURFACE_STYLE_USAGE ( .BOTH. , #5061 ) ;
#5578 = EDGE_CURVE ( 'NONE', #3470, #235, #1203, .T. ) ;
#5579 = UNCERTAINTY_MEASURE_WITH_UNIT (LENGTH_MEASURE( 1.000000000000000082E-05 ), #6185, 'distance_accuracy_value', 'NONE');
#5580 = VECTOR ( 'NONE', #2783, 1000.000000000000000 ) ;
#5581 = ORIENTED_EDGE ( 'NONE', *, *, #2747, .T. ) ;
#5582 = SURFACE_STYLE_USAGE ( .BOTH. , #3158 ) ;
#5583 = CARTESIAN_POINT ( 'NONE',  ( -26.33558483421486685, 14.44864390036923751, 45.50000000000000000 ) ) ;
#5584 =( GEOMETRIC_REPRESENTATION_CONTEXT ( 3 ) GLOBAL_UNCERTAINTY_ASSIGNED_CONTEXT ( ( #3182 ) ) GLOBAL_UNIT_ASSIGNED_CONTEXT ( ( #1879, #1514, #933 ) ) REPRESENTATION_CONTEXT ( 'NONE', 'WORKASPACE' ) );
#5585 = CARTESIAN_POINT ( 'NONE',  ( 0.4644151657851297021, 4.548643900369238935, 74.50000000000000000 ) ) ;
#5586 = EDGE_LOOP ( 'NONE', ( #5179, #479 ) ) ;
#5587 = DIRECTION ( 'NONE',  ( -1.000000000000000000, 0.000000000000000000, 0.000000000000000000 ) ) ;
#5588 = LINE ( 'NONE', #1410, #1287 ) ;
#5589 = CARTESIAN_POINT ( 'NONE',  ( 17.76441516578512747, 11.37864390036924256, 43.38000000000000256 ) ) ;
#5590 = EDGE_CURVE ( 'NONE', #2318, #137, #3567, .T. ) ;
#5591 = EDGE_CURVE ( 'NONE', #1370, #1462, #259, .T. ) ;
#5592 =( NAMED_UNIT ( * ) SI_UNIT ( $, .STERADIAN. ) SOLID_ANGLE_UNIT ( ) );
#5593 = ORIENTED_EDGE ( 'NONE', *, *, #5863, .F. ) ;
#5594 = SURFACE_STYLE_USAGE ( .BOTH. , #5464 ) ;
#5595 = VERTEX_POINT ( 'NONE', #773 ) ;
#5596 = AXIS2_PLACEMENT_3D ( 'NONE', #4743, #2325, #3716 ) ;
#5597 = VERTEX_POINT ( 'NONE', #2176 ) ;
#5598 = CARTESIAN_POINT ( 'NONE',  ( -22.83558483421487040, -8.539145212538837626, 70.50000000000000000 ) ) ;
#5599 =( BOUNDED_SURFACE ( )  B_SPLINE_SURFACE ( 1, 3, ( 
 ( #4164, #5634, #2775, #5087 ),
 ( #6026, #758, #1729, #6089 ) ),
 .UNSPECIFIED., .F., .F., .T. ) 
 B_SPLINE_SURFACE_WITH_KNOTS ( ( 2, 2 ),
 ( 4, 4 ),
 ( 0.04162577848936890174, 0.9583742215106310081 ),
 ( 0.000000000000000000, 1.000000000000000000 ),
 .UNSPECIFIED. ) 
 GEOMETRIC_REPRESENTATION_ITEM ( )  RATIONAL_B_SPLINE_SURFACE ( (
 ( 1.000000000000000000, 0.3333333333333335369, 0.3333333333333335369, 1.000000000000000000),
 ( 1.000000000000000000, 0.3333333333333335369, 0.3333333333333335369, 1.000000000000000000) ) ) 
 REPRESENTATION_ITEM ( '' )  SURFACE ( )  );
#5600 = DIRECTION ( 'NONE',  ( -1.000000000000000000, 0.000000000000000000, 0.000000000000000000 ) ) ;
#5601 = DIRECTION ( 'NONE',  ( 0.000000000000000000, -1.000000000000000000, 0.000000000000000000 ) ) ;
#5602 = ORIENTED_EDGE ( 'NONE', *, *, #3251, .F. ) ;
#5603 =( NAMED_UNIT ( * ) PLANE_ANGLE_UNIT ( ) SI_UNIT ( $, .RADIAN. ) );
#5604 = CARTESIAN_POINT ( 'NONE',  ( 17.76441516578512747, -10.55135609963075893, 49.49999999999999289 ) ) ;
#5605 = FILL_AREA_STYLE ('',( #5113 ) ) ;
#5606 = SURFACE_STYLE_FILL_AREA ( #1254 ) ;
#5607 = DIRECTION ( 'NONE',  ( 0.000000000000000000, -1.000000000000000000, 0.000000000000000000 ) ) ;
#5608 = ORIENTED_EDGE ( 'NONE', *, *, #5941, .F. ) ;
#5609 = CARTESIAN_POINT ( 'NONE',  ( 19.46441516578514808, -10.55135609963074650, 66.00000000000001421 ) ) ;
#5610 = ADVANCED_FACE ( 'NONE', ( #3741 ), #4051, .F. ) ;
#5611 = SURFACE_SIDE_STYLE ('',( #2289 ) ) ;
#5612 = CARTESIAN_POINT ( 'NONE',  ( 7.464415165785128536, 8.348643900369239645, 76.50000000000000000 ) ) ;
#5613 = MECHANICAL_DESIGN_GEOMETRIC_PRESENTATION_REPRESENTATION (  '', ( #1818 ), #242 ) ;
#5614 = DIRECTION ( 'NONE',  ( 0.000000000000000000, 1.000000000000000000, 0.000000000000000000 ) ) ;
#5615 = VERTEX_POINT ( 'NONE', #3131 ) ;
#5616 = VERTEX_POINT ( 'NONE', #5046 ) ;
#5617 = ADVANCED_FACE ( 'NONE', ( #2673 ), #5149, .T. ) ;
#5618 = FACE_BOUND ( 'NONE', #1105, .T. ) ;
#5619 = SURFACE_SIDE_STYLE ('',( #4601 ) ) ;
#5620 = MECHANICAL_DESIGN_GEOMETRIC_PRESENTATION_REPRESENTATION (  '', ( #5523 ), #726 ) ;
#5621 = ORIENTED_EDGE ( 'NONE', *, *, #3542, .T. ) ;
#5622 = ORIENTED_EDGE ( 'NONE', *, *, #2868, .F. ) ;
#5623 = MECHANICAL_DESIGN_GEOMETRIC_PRESENTATION_REPRESENTATION (  '', ( #1830 ), #4098 ) ;
#5624 = EDGE_CURVE ( 'NONE', #638, #2978, #3345, .T. ) ;
#5625 = DIRECTION ( 'NONE',  ( 0.000000000000000000, 0.000000000000000000, -1.000000000000000000 ) ) ;
#5626 = EDGE_CURVE ( 'NONE', #925, #2519, #5338, .T. ) ;
#5627 = PRESENTATION_STYLE_ASSIGNMENT (( #4584 ) ) ;
#5628 = AXIS2_PLACEMENT_3D ( 'NONE', #2729, #3655, #772 ) ;
#5629 = EDGE_LOOP ( 'NONE', ( #2906, #3171, #5500, #4938 ) ) ;
#5630 =( BOUNDED_SURFACE ( )  B_SPLINE_SURFACE ( 1, 3, ( 
 ( #5336, #1060, #2494, #53 ),
 ( #3853, #1974, #1513, #3392 ) ),
 .UNSPECIFIED., .F., .F., .T. ) 
 B_SPLINE_SURFACE_WITH_KNOTS ( ( 2, 2 ),
 ( 4, 4 ),
 ( 0.04162577848936815234, 0.9583742215106310081 ),
 ( 0.000000000000000000, 1.000000000000000000 ),
 .UNSPECIFIED. ) 
 GEOMETRIC_REPRESENTATION_ITEM ( )  RATIONAL_B_SPLINE_SURFACE ( (
 ( 1.000000000000000000, 0.3333333333333335369, 0.3333333333333335369, 1.000000000000000000),
 ( 1.000000000000000000, 0.3333333333333335369, 0.3333333333333335369, 1.000000000000000000) ) ) 
 REPRESENTATION_ITEM ( '' )  SURFACE ( )  );
#5631 = EDGE_CURVE ( 'NONE', #6087, #2417, #2648, .T. ) ;
#5632 = CARTESIAN_POINT ( 'NONE',  ( 17.76441516578512747, -10.55135609963075893, 44.50000000000000000 ) ) ;
#5633 = DIRECTION ( 'NONE',  ( 0.000000000000000000, 1.000000000000000000, 0.000000000000000000 ) ) ;
#5634 = CARTESIAN_POINT ( 'NONE',  ( 10.66441516578512783, 8.348643900369223658, 74.49999999999998579 ) ) ;
#5635 = DIRECTION ( 'NONE',  ( 0.000000000000000000, -1.000000000000000000, 0.000000000000000000 ) ) ;
#5636 = PRESENTATION_LAYER_ASSIGNMENT (  '', '', ( #4814 ) ) ;
#5637 = ORIENTED_EDGE ( 'NONE', *, *, #1434, .T. ) ;
#5638 =( GEOMETRIC_REPRESENTATION_CONTEXT ( 3 ) GLOBAL_UNCERTAINTY_ASSIGNED_CONTEXT ( ( #1663 ) ) GLOBAL_UNIT_ASSIGNED_CONTEXT ( ( #2997, #1613, #2638 ) ) REPRESENTATION_CONTEXT ( 'NONE', 'WORKASPACE' ) );
#5639 = ORIENTED_EDGE ( 'NONE', *, *, #162, .T. ) ;
#5640 = DIRECTION ( 'NONE',  ( -1.000000000000000000, 0.000000000000000000, 0.000000000000000000 ) ) ;
#5641 = CARTESIAN_POINT ( 'NONE',  ( -32.69558483421486983, -10.03135609963075936, 43.50000000000000000 ) ) ;
#5642 =( GEOMETRIC_REPRESENTATION_CONTEXT ( 3 ) GLOBAL_UNCERTAINTY_ASSIGNED_CONTEXT ( ( #260 ) ) GLOBAL_UNIT_ASSIGNED_CONTEXT ( ( #2886, #3732, #4766 ) ) REPRESENTATION_CONTEXT ( 'NONE', 'WORKASPACE' ) );
#5643 = CARTESIAN_POINT ( 'NONE',  ( 22.96441516578513031, 10.94864390036924107, 43.50000000000000000 ) ) ;
#5644 = PRESENTATION_STYLE_ASSIGNMENT (( #3711 ) ) ;
#5645 = DIRECTION ( 'NONE',  ( -1.000000000000000000, 0.000000000000000000, 0.000000000000000000 ) ) ;
#5646 = ADVANCED_FACE ( 'NONE', ( #1489 ), #5134, .T. ) ;
#5647 = SURFACE_SIDE_STYLE ('',( #2350 ) ) ;
#5648 = ORIENTED_EDGE ( 'NONE', *, *, #4073, .F. ) ;
#5649 = ORIENTED_EDGE ( 'NONE', *, *, #1521, .F. ) ;
#5650 = CARTESIAN_POINT ( 'NONE',  ( 16.21441516578513031, -10.55135609963075893, 49.49999999999999289 ) ) ;
#5651 = VERTEX_POINT ( 'NONE', #2404 ) ;
#5652 = ORIENTED_EDGE ( 'NONE', *, *, #320, .T. ) ;
#5653 = CIRCLE ( 'NONE', #4831, 2.000000000000001776 ) ;
#5654 = CARTESIAN_POINT ( 'NONE',  ( 23.96441516578513031, -10.55135609963075893, 70.50000000000000000 ) ) ;
#5655 = CARTESIAN_POINT ( 'NONE',  ( -9.035584834214871464, -8.551356099630758933, 52.00000000000000000 ) ) ;
#5656 = VERTEX_POINT ( 'NONE', #4359 ) ;
#5657 = VECTOR ( 'NONE', #625, 1000.000000000000000 ) ;
#5658 = CARTESIAN_POINT ( 'NONE',  ( -2.535584834214871464, -10.55135609963075893, 55.00000000000000000 ) ) ;
#5659 = DIRECTION ( 'NONE',  ( 0.000000000000000000, 1.000000000000000000, 0.000000000000000000 ) ) ;
#5660 = CARTESIAN_POINT ( 'NONE',  ( -28.53558483421489456, -10.55135609963074650, 66.00000000000001421 ) ) ;
#5661 = EDGE_LOOP ( 'NONE', ( #2788, #4897, #1855, #1454 ) ) ;
#5662 = CIRCLE ( 'NONE', #5356, 2.000000000000001776 ) ;
#5663 = DIRECTION ( 'NONE',  ( 0.000000000000000000, 0.000000000000000000, -1.000000000000000000 ) ) ;
#5664 = LINE ( 'NONE', #4172, #778 ) ;
#5665 =( NAMED_UNIT ( * ) SI_UNIT ( $, .STERADIAN. ) SOLID_ANGLE_UNIT ( ) );
#5666 =( NAMED_UNIT ( * ) PLANE_ANGLE_UNIT ( ) SI_UNIT ( $, .RADIAN. ) );
#5667 = COLOUR_RGB ( '',1.000000000000000000, 1.000000000000000000, 1.000000000000000000 ) ;
#5668 = FILL_AREA_STYLE ('',( #4685 ) ) ;
#5669 = DIRECTION ( 'NONE',  ( 0.000000000000000000, -1.000000000000000000, 0.000000000000000000 ) ) ;
#5670 = ORIENTED_EDGE ( 'NONE', *, *, #2700, .F. ) ;
#5671 = ORIENTED_EDGE ( 'NONE', *, *, #3593, .T. ) ;
#5672 = DIRECTION ( 'NONE',  ( 0.000000000000000000, -1.000000000000000000, 0.000000000000000000 ) ) ;
#5673 = COLOUR_RGB ( '',1.000000000000000000, 1.000000000000000000, 1.000000000000000000 ) ;
#5674 = STYLED_ITEM ( 'NONE', ( #5013 ), #3218 ) ;
#5675 = DIRECTION ( 'NONE',  ( -1.000000000000000000, 0.000000000000000000, 0.000000000000000000 ) ) ;
#5676 = SURFACE_SIDE_STYLE ('',( #1625 ) ) ;
#5677 = CARTESIAN_POINT ( 'NONE',  ( -8.735584834214867200, 1.348643900369237647, 74.49999999999998579 ) ) ;
#5678 = ORIENTED_EDGE ( 'NONE', *, *, #4160, .T. ) ;
#5679 = VERTEX_POINT ( 'NONE', #1035 ) ;
#5680 = AXIS2_PLACEMENT_3D ( 'NONE', #4480, #302, #4009 ) ;
#5681 = ORIENTED_EDGE ( 'NONE', *, *, #3837, .T. ) ;
#5682 = STYLED_ITEM ( 'NONE', ( #4847 ), #92 ) ;
#5683 = EDGE_CURVE ( 'NONE', #613, #1301, #4296, .T. ) ;
#5684 = CARTESIAN_POINT ( 'NONE',  ( 26.46441516578512676, -8.539145212538837626, 43.85280969941640450 ) ) ;
#5685 = CARTESIAN_POINT ( 'NONE',  ( -32.69558483421486983, 14.92864390036923972, 43.50000000000000000 ) ) ;
#5686 = AXIS2_PLACEMENT_3D ( 'NONE', #1147, #683, #3998 ) ;
#5687 = CARTESIAN_POINT ( 'NONE',  ( 23.96441516578513031, -10.55135609963075893, 70.50000000000000000 ) ) ;
#5688 = PRESENTATION_LAYER_ASSIGNMENT (  '', '', ( #2487 ) ) ;
#5689 = B_SPLINE_SURFACE_WITH_KNOTS ( 'NONE', 1, 1, ( 
 ( #3492, #3373 ),
 ( #5410, #1956 ) ),
 .UNSPECIFIED., .F., .F., .F.,
 ( 2, 2 ),
 ( 2, 2 ),
 ( -0.4899999999999999911, 24.98999999999999844 ),
 ( -0.4299999999999999933, 21.92999999999999972 ),
 .UNSPECIFIED. ) ;
#5690 = COLOUR_RGB ( '',1.000000000000000000, 1.000000000000000000, 1.000000000000000000 ) ;
#5691 = CARTESIAN_POINT ( 'NONE',  ( -24.53558483421487324, 1.948643900369238846, 45.50000000000000000 ) ) ;
#5692 =( NAMED_UNIT ( * ) PLANE_ANGLE_UNIT ( ) SI_UNIT ( $, .RADIAN. ) );
#5693 = CARTESIAN_POINT ( 'NONE',  ( -4.035584834214862582, -10.55135609963076604, 52.00000000000000000 ) ) ;
#5694 = CARTESIAN_POINT ( 'NONE',  ( 26.46441516578512676, -11.53914521253883763, 70.50000000000000000 ) ) ;
#5695 =( NAMED_UNIT ( * ) PLANE_ANGLE_UNIT ( ) SI_UNIT ( $, .RADIAN. ) );
#5696 = VERTEX_POINT ( 'NONE', #2438 ) ;
#5697 = EDGE_CURVE ( 'NONE', #4065, #1644, #4638, .T. ) ;
#5698 = LINE ( 'NONE', #4773, #84 ) ;
#5699 = SURFACE_STYLE_FILL_AREA ( #1426 ) ;
#5700 =( NAMED_UNIT ( * ) PLANE_ANGLE_UNIT ( ) SI_UNIT ( $, .RADIAN. ) );
#5701 = SURFACE_SIDE_STYLE ('',( #467 ) ) ;
#5702 = UNCERTAINTY_MEASURE_WITH_UNIT (LENGTH_MEASURE( 1.000000000000000082E-05 ), #2033, 'distance_accuracy_value', 'NONE');
#5703 = VERTEX_POINT ( 'NONE', #2930 ) ;
#5704 =( GEOMETRIC_REPRESENTATION_CONTEXT ( 3 ) GLOBAL_UNCERTAINTY_ASSIGNED_CONTEXT ( ( #3534 ) ) GLOBAL_UNIT_ASSIGNED_CONTEXT ( ( #701, #1129, #123 ) ) REPRESENTATION_CONTEXT ( 'NONE', 'WORKASPACE' ) );
#5705 = ORIENTED_EDGE ( 'NONE', *, *, #5433, .F. ) ;
#5706 = CARTESIAN_POINT ( 'NONE',  ( -31.53558483421486969, -10.55135609963075893, 68.00000000000000000 ) ) ;
#5707 = SURFACE_SIDE_STYLE ('',( #2268 ) ) ;
#5708 = DIRECTION ( 'NONE',  ( 0.000000000000000000, 1.000000000000000000, 0.000000000000000000 ) ) ;
#5709 =( NAMED_UNIT ( * ) PLANE_ANGLE_UNIT ( ) SI_UNIT ( $, .RADIAN. ) );
#5710 = VECTOR ( 'NONE', #2238, 1000.000000000000000 ) ;
#5711 = ORIENTED_EDGE ( 'NONE', *, *, #4558, .F. ) ;
#5712 = EDGE_LOOP ( 'NONE', ( #250, #858 ) ) ;
#5713 = CARTESIAN_POINT ( 'NONE',  ( 11.96441516578513031, -8.551356099630758933, 52.00000000000000000 ) ) ;
#5714 = PRESENTATION_LAYER_ASSIGNMENT (  '', '', ( #4187 ) ) ;
#5715 = DIRECTION ( 'NONE',  ( 0.000000000000000000, 1.000000000000000000, 0.000000000000000000 ) ) ;
#5716 = CARTESIAN_POINT ( 'NONE',  ( 17.76441516578512747, -8.539145212538837626, 70.50000000000000000 ) ) ;
#5717 = COLOUR_RGB ( '',1.000000000000000000, 1.000000000000000000, 1.000000000000000000 ) ;
#5718 = ADVANCED_FACE ( 'NONE', ( #1519, #3398, #5312, #4836, #2008, #5909, #183, #5873, #4392, #118, #3460 ), #3731, .F. ) ;
#5719 = CARTESIAN_POINT ( 'NONE',  ( -24.53558483421487324, 1.948643900369238846, 43.49999999999999289 ) ) ;
#5720 = SURFACE_STYLE_FILL_AREA ( #1852 ) ;
#5721 = DIRECTION ( 'NONE',  ( 0.000000000000000000, 1.000000000000000000, 0.000000000000000000 ) ) ;
#5722 = CARTESIAN_POINT ( 'NONE',  ( 27.62441516578512690, -9.011356099630759786, 45.50000000000000000 ) ) ;
#5723 = VERTEX_POINT ( 'NONE', #4453 ) ;
#5724 = MECHANICAL_DESIGN_GEOMETRIC_PRESENTATION_REPRESENTATION (  '', ( #1024 ), #325 ) ;
#5725 = CARTESIAN_POINT ( 'NONE',  ( -14.53558483421486969, -10.55135609963075893, 45.00000000000000000 ) ) ;
#5726 = CARTESIAN_POINT ( 'NONE',  ( 4.264415165785135464, 4.548643900369247817, 76.50000000000000000 ) ) ;
#5727 = FILL_AREA_STYLE ('',( #3709 ) ) ;
#5728 = CARTESIAN_POINT ( 'NONE',  ( -29.03558483421486613, -10.55135609963075893, 70.50000000000000000 ) ) ;
#5729 = CARTESIAN_POINT ( 'NONE',  ( -22.83558483421487040, 10.88864390036923702, 74.50000000000000000 ) ) ;
#5730 = EDGE_CURVE ( 'NONE', #362, #5785, #3340, .T. ) ;
#5731 = DIRECTION ( 'NONE',  ( 1.000000000000000000, 0.000000000000000000, 0.000000000000000000 ) ) ;
#5732 = ORIENTED_EDGE ( 'NONE', *, *, #1325, .F. ) ;
#5733 = ORIENTED_EDGE ( 'NONE', *, *, #3729, .T. ) ;
#5734 = STYLED_ITEM ( 'NONE', ( #1451 ), #4990 ) ;
#5735 = CARTESIAN_POINT ( 'NONE',  ( -12.53558483421487146, 8.348643900369239645, 74.50000000000000000 ) ) ;
#5736 = PRESENTATION_STYLE_ASSIGNMENT (( #1412 ) ) ;
#5737 = CARTESIAN_POINT ( 'NONE',  ( 23.46441516578513031, 7.948643900369239290, 45.50000000000000000 ) ) ;
#5738 = PRESENTATION_LAYER_ASSIGNMENT (  '', '', ( #4117 ) ) ;
#5739 = CARTESIAN_POINT ( 'NONE',  ( 7.464415165785128536, 8.348643900369239645, 74.50000000000000000 ) ) ;
#5740 = ORIENTED_EDGE ( 'NONE', *, *, #1792, .T. ) ;
#5741 = ORIENTED_EDGE ( 'NONE', *, *, #2747, .F. ) ;
#5742 = MECHANICAL_DESIGN_GEOMETRIC_PRESENTATION_REPRESENTATION (  '', ( #4530 ), #3339 ) ;
#5743 = DIRECTION ( 'NONE',  ( 0.000000000000000000, 1.000000000000000000, 0.000000000000000000 ) ) ;
#5744 = SURFACE_STYLE_FILL_AREA ( #2365 ) ;
#5745 = STYLED_ITEM ( 'NONE', ( #4554 ), #5824 ) ;
#5746 = SURFACE_STYLE_FILL_AREA ( #3817 ) ;
#5747 = COLOUR_RGB ( '',1.000000000000000000, 1.000000000000000000, 1.000000000000000000 ) ;
#5748 = SURFACE_SIDE_STYLE ('',( #2030 ) ) ;
#5749 = DIRECTION ( 'NONE',  ( 0.000000000000000000, 1.000000000000000000, 0.000000000000000000 ) ) ;
#5750 = CARTESIAN_POINT ( 'NONE',  ( -11.53558483421486969, -10.55135609963075893, 59.00000000000000000 ) ) ;
#5751 = MECHANICAL_DESIGN_GEOMETRIC_PRESENTATION_REPRESENTATION (  '', ( #52 ), #3635 ) ;
#5752 = SURFACE_SIDE_STYLE ('',( #1026 ) ) ;
#5753 = ORIENTED_EDGE ( 'NONE', *, *, #4549, .T. ) ;
#5754 = PRESENTATION_LAYER_ASSIGNMENT (  '', '', ( #456 ) ) ;
#5755 = DIRECTION ( 'NONE',  ( 0.000000000000000000, 0.000000000000000000, -1.000000000000000000 ) ) ;
#5756 = DIRECTION ( 'NONE',  ( 0.000000000000000000, -1.000000000000000000, 0.000000000000000000 ) ) ;
#5757 = CARTESIAN_POINT ( 'NONE',  ( 23.46441516578513031, -10.55135609963076604, 56.00000000000000000 ) ) ;
#5758 = DIRECTION ( 'NONE',  ( 0.000000000000000000, 0.000000000000000000, -1.000000000000000000 ) ) ;
#5759 = CARTESIAN_POINT ( 'NONE',  ( 26.46441516578512676, 10.94864390036924107, 43.50000000000000000 ) ) ;
#5760 = CARTESIAN_POINT ( 'NONE',  ( -30.08583736590903612, 14.44864390036923574, 45.50000000000000000 ) ) ;
#5761 = VERTEX_POINT ( 'NONE', #5944 ) ;
#5762 = AXIS2_PLACEMENT_3D ( 'NONE', #2807, #5243, #1321 ) ;
#5763 = MECHANICAL_DESIGN_GEOMETRIC_PRESENTATION_REPRESENTATION (  '', ( #4548 ), #2845 ) ;
#5764 = PRODUCT_RELATED_PRODUCT_CATEGORY ( 'part', '', ( #5392 ) ) ;
#5765 =( LENGTH_UNIT ( ) NAMED_UNIT ( * ) SI_UNIT ( .MILLI., .METRE. ) );
#5766 = FILL_AREA_STYLE_COLOUR ( '', #4660 ) ;
#5767 = PRESENTATION_LAYER_ASSIGNMENT (  '', '', ( #2958 ) ) ;
#5768 =( NAMED_UNIT ( * ) SI_UNIT ( $, .STERADIAN. ) SOLID_ANGLE_UNIT ( ) );
#5769 = ORIENTED_EDGE ( 'NONE', *, *, #2257, .T. ) ;
#5770 = CARTESIAN_POINT ( 'NONE',  ( -28.53558483421486613, -8.551356099630758933, 62.00000000000000000 ) ) ;
#5771 = ORIENTED_EDGE ( 'NONE', *, *, #2837, .T. ) ;
#5772 = VERTEX_POINT ( 'NONE', #1581 ) ;
#5773 = STYLED_ITEM ( 'NONE', ( #4076 ), #2522 ) ;
#5774 = FACE_OUTER_BOUND ( 'NONE', #1842, .T. ) ;
#5775 = CARTESIAN_POINT ( 'NONE',  ( 5.964415165785129425, -10.55135609963075893, 62.00000000000000000 ) ) ;
#5776 = EDGE_CURVE ( 'NONE', #5595, #6, #951, .T. ) ;
#5777 = EDGE_CURVE ( 'NONE', #506, #1393, #4482, .T. ) ;
#5778 = VECTOR ( 'NONE', #4798, 1000.000000000000000 ) ;
#5779 = AXIS2_PLACEMENT_3D ( 'NONE', #161, #3989, #2543 ) ;
#5780 =( NAMED_UNIT ( * ) SI_UNIT ( $, .STERADIAN. ) SOLID_ANGLE_UNIT ( ) );
#5781 =( NAMED_UNIT ( * ) PLANE_ANGLE_UNIT ( ) SI_UNIT ( $, .RADIAN. ) );
#5782 = SURFACE_SIDE_STYLE ('',( #2429 ) ) ;
#5783 = CARTESIAN_POINT ( 'NONE',  ( -11.53558483421486969, -8.551356099630758933, 59.00000000000000000 ) ) ;
#5784 = LINE ( 'NONE', #4222, #5778 ) ;
#5785 = VERTEX_POINT ( 'NONE', #5375 ) ;
#5786 = MECHANICAL_DESIGN_GEOMETRIC_PRESENTATION_REPRESENTATION (  '', ( #2487 ), #1095 ) ;
#5787 = FACE_BOUND ( 'NONE', #5034, .T. ) ;
#5788 = CARTESIAN_POINT ( 'NONE',  ( 6.464415165785128536, -10.55135609963074650, 56.00000000000000000 ) ) ;
#5789 =( BOUNDED_SURFACE ( )  B_SPLINE_SURFACE ( 1, 3, ( 
 ( #1755, #3141, #2158, #811 ),
 ( #5051, #4039, #782, #2710 ) ),
 .UNSPECIFIED., .F., .F., .T. ) 
 B_SPLINE_SURFACE_WITH_KNOTS ( ( 2, 2 ),
 ( 4, 4 ),
 ( 0.04162577848936890174, 0.9583742215106310081 ),
 ( 0.000000000000000000, 1.000000000000000000 ),
 .UNSPECIFIED. ) 
 GEOMETRIC_REPRESENTATION_ITEM ( )  RATIONAL_B_SPLINE_SURFACE ( (
 ( 1.000000000000000000, 0.3333333333333335369, 0.3333333333333335369, 1.000000000000000000),
 ( 1.000000000000000000, 0.3333333333333335369, 0.3333333333333335369, 1.000000000000000000) ) ) 
 REPRESENTATION_ITEM ( '' )  SURFACE ( )  );
#5790 = ORIENTED_EDGE ( 'NONE', *, *, #198, .T. ) ;
#5791 = EDGE_CURVE ( 'NONE', #5805, #315, #5653, .T. ) ;
#5792 = CARTESIAN_POINT ( 'NONE',  ( 26.46441516578512676, 10.94864390036924107, 45.50000000000000000 ) ) ;
#5793 = CARTESIAN_POINT ( 'NONE',  ( -22.83558483421488106, -10.13714253725766667, 43.50000000000000000 ) ) ;
#5794 = CARTESIAN_POINT ( 'NONE',  ( 26.46441516578512676, -8.539145212538837626, 70.50000000000000000 ) ) ;
#5795 =( NAMED_UNIT ( * ) SI_UNIT ( $, .STERADIAN. ) SOLID_ANGLE_UNIT ( ) );
#5796 = FILL_AREA_STYLE ('',( #1413 ) ) ;
#5797 = CARTESIAN_POINT ( 'NONE',  ( -12.53558483421487146, 9.948643900369241067, 76.50000000000000000 ) ) ;
#5798 = ORIENTED_EDGE ( 'NONE', *, *, #5076, .T. ) ;
#5799 = DIRECTION ( 'NONE',  ( 0.000000000000000000, 0.000000000000000000, 1.000000000000000000 ) ) ;
#5800 = VERTEX_POINT ( 'NONE', #1703 ) ;
#5801 = ORIENTED_EDGE ( 'NONE', *, *, #4869, .F. ) ;
#5802 = CARTESIAN_POINT ( 'NONE',  ( 16.46441516578513031, -8.551356099630758933, 52.00000000000000000 ) ) ;
#5803 = CARTESIAN_POINT ( 'NONE',  ( 2.964415165785129869, -8.551356099630766039, 59.00000000000000000 ) ) ;
#5804 = ADVANCED_FACE ( 'NONE', ( #2132 ), #4188, .T. ) ;
#5805 = VERTEX_POINT ( 'NONE', #5346 ) ;
#5806 = STYLED_ITEM ( 'NONE', ( #4561 ), #3564 ) ;
#5807 = COLOUR_RGB ( '',1.000000000000000000, 1.000000000000000000, 1.000000000000000000 ) ;
#5808 = UNCERTAINTY_MEASURE_WITH_UNIT (LENGTH_MEASURE( 1.000000000000000082E-05 ), #4716, 'distance_accuracy_value', 'NONE');
#5809 = CARTESIAN_POINT ( 'NONE',  ( -8.035584834214878569, -8.551356099630766039, 65.00000000000000000 ) ) ;
#5810 =( NAMED_UNIT ( * ) SI_UNIT ( $, .STERADIAN. ) SOLID_ANGLE_UNIT ( ) );
#5811 = CARTESIAN_POINT ( 'NONE',  ( -4.535584834214871464, -8.551356099630758933, 52.00000000000000000 ) ) ;
#5812 = AXIS2_PLACEMENT_3D ( 'NONE', #1132, #4845, #5351 ) ;
#5813 = AXIS2_PLACEMENT_3D ( 'NONE', #5522, #2342, #4706 ) ;
#5814 = UNCERTAINTY_MEASURE_WITH_UNIT (LENGTH_MEASURE( 1.000000000000000082E-05 ), #2602, 'distance_accuracy_value', 'NONE');
#5815 = FACE_OUTER_BOUND ( 'NONE', #6110, .T. ) ;
#5816 = VECTOR ( 'NONE', #5856, 1000.000000000000000 ) ;
#5817 = ORIENTED_EDGE ( 'NONE', *, *, #2368, .T. ) ;
#5818 =( BOUNDED_SURFACE ( )  B_SPLINE_SURFACE ( 1, 3, ( 
 ( #5254, #3350, #1075, #1467 ),
 ( #981, #2903, #35, #5284 ) ),
 .UNSPECIFIED., .F., .F., .T. ) 
 B_SPLINE_SURFACE_WITH_KNOTS ( ( 2, 2 ),
 ( 4, 4 ),
 ( 0.04162577848936890174, 0.9583742215106310081 ),
 ( 0.000000000000000000, 1.000000000000000000 ),
 .UNSPECIFIED. ) 
 GEOMETRIC_REPRESENTATION_ITEM ( )  RATIONAL_B_SPLINE_SURFACE ( (
 ( 1.000000000000000000, 0.3333333333333335369, 0.3333333333333335369, 1.000000000000000000),
 ( 1.000000000000000000, 0.3333333333333335369, 0.3333333333333335369, 1.000000000000000000) ) ) 
 REPRESENTATION_ITEM ( '' )  SURFACE ( )  );
#5819 = CARTESIAN_POINT ( 'NONE',  ( 18.57641516578512864, 14.92864390036923972, 76.50000000000000000 ) ) ;
#5820 =( GEOMETRIC_REPRESENTATION_CONTEXT ( 3 ) GLOBAL_UNCERTAINTY_ASSIGNED_CONTEXT ( ( #774 ) ) GLOBAL_UNIT_ASSIGNED_CONTEXT ( ( #4740, #3795, #6156 ) ) REPRESENTATION_CONTEXT ( 'NONE', 'WORKASPACE' ) );
#5821 = DIRECTION ( 'NONE',  ( 0.000000000000000000, 0.000000000000000000, -1.000000000000000000 ) ) ;
#5822 =( LENGTH_UNIT ( ) NAMED_UNIT ( * ) SI_UNIT ( .MILLI., .METRE. ) );
#5823 = CARTESIAN_POINT ( 'NONE',  ( 16.21441516578513031, -10.55135609963075538, 40.53553390593273065 ) ) ;
#5824 = ADVANCED_FACE ( 'NONE', ( #1319 ), #3456, .T. ) ;
#5825 = DIRECTION ( 'NONE',  ( 0.000000000000000000, 1.000000000000000000, 0.000000000000000000 ) ) ;
#5826 = ORIENTED_EDGE ( 'NONE', *, *, #1769, .F. ) ;
#5827 = CARTESIAN_POINT ( 'NONE',  ( -8.035584834214878569, -10.55135609963074650, 59.00000000000000000 ) ) ;
#5828 = ORIENTED_EDGE ( 'NONE', *, *, #5193, .F. ) ;
#5829 = ORIENTED_EDGE ( 'NONE', *, *, #525, .F. ) ;
#5830 = CARTESIAN_POINT ( 'NONE',  ( -0.5355848342148712415, -8.551356099630758933, 52.00000000000000000 ) ) ;
#5831 =( LENGTH_UNIT ( ) NAMED_UNIT ( * ) SI_UNIT ( .MILLI., .METRE. ) );
#5832 = AXIS2_PLACEMENT_3D ( 'NONE', #4611, #329, #2243 ) ;
#5833 = DIRECTION ( 'NONE',  ( 0.000000000000000000, -1.000000000000000000, 0.000000000000000000 ) ) ;
#5834 = ADVANCED_FACE ( 'NONE', ( #3672 ), #2193, .T. ) ;
#5835 = CARTESIAN_POINT ( 'NONE',  ( 0.000000000000000000, 0.000000000000000000, 0.000000000000000000 ) ) ;
#5836 = ORIENTED_EDGE ( 'NONE', *, *, #144, .T. ) ;
#5837 = VECTOR ( 'NONE', #2149, 1000.000000000000000 ) ;
#5838 = SURFACE_STYLE_USAGE ( .BOTH. , #682 ) ;
#5839 = FACE_OUTER_BOUND ( 'NONE', #569, .T. ) ;
#5840 = STYLED_ITEM ( 'NONE', ( #1068 ), #5804 ) ;
#5841 =( GEOMETRIC_REPRESENTATION_CONTEXT ( 3 ) GLOBAL_UNCERTAINTY_ASSIGNED_CONTEXT ( ( #1144 ) ) GLOBAL_UNIT_ASSIGNED_CONTEXT ( ( #2987, #3082, #3049 ) ) REPRESENTATION_CONTEXT ( 'NONE', 'WORKASPACE' ) );
#5842 = CARTESIAN_POINT ( 'NONE',  ( 26.46441516578512676, 10.94864390036924107, 45.50000000000000000 ) ) ;
#5843 = DIRECTION ( 'NONE',  ( 0.000000000000000000, -1.000000000000000000, 0.000000000000000000 ) ) ;
#5844 = EDGE_CURVE ( 'NONE', #6014, #983, #445, .T. ) ;
#5845 = EDGE_CURVE ( 'NONE', #1259, #157, #3609, .T. ) ;
#5846 = CARTESIAN_POINT ( 'NONE',  ( 19.46441516578513031, 3.948643900369214865, 45.50000000000000000 ) ) ;
#5847 = PRESENTATION_LAYER_ASSIGNMENT (  '', '', ( #2848 ) ) ;
#5848 = ORIENTED_EDGE ( 'NONE', *, *, #1186, .F. ) ;
#5849 = CARTESIAN_POINT ( 'NONE',  ( 19.46441516578512676, -8.551356099630758933, 52.00000000000000000 ) ) ;
#5850 = CARTESIAN_POINT ( 'NONE',  ( 27.62441516578512690, 14.90864390036924014, 45.50000000000000000 ) ) ;
#5851 =( NAMED_UNIT ( * ) SI_UNIT ( $, .STERADIAN. ) SOLID_ANGLE_UNIT ( ) );
#5852 = DIRECTION ( 'NONE',  ( 0.000000000000000000, -1.000000000000000000, 0.000000000000000000 ) ) ;
#5853 = EDGE_LOOP ( 'NONE', ( #2888, #1751, #1681, #4024 ) ) ;
#5854 = EDGE_LOOP ( 'NONE', ( #5862, #5022 ) ) ;
#5855 = ORIENTED_EDGE ( 'NONE', *, *, #2499, .F. ) ;
#5856 = DIRECTION ( 'NONE',  ( 0.000000000000000000, -1.000000000000000000, 0.000000000000000000 ) ) ;
#5857 = CARTESIAN_POINT ( 'NONE',  ( 5.964415165785129425, -8.551356099630758933, 62.00000000000000000 ) ) ;
#5858 = STYLED_ITEM ( 'NONE', ( #2083 ), #2891 ) ;
#5859 = FACE_OUTER_BOUND ( 'NONE', #327, .T. ) ;
#5860 =( NAMED_UNIT ( * ) PLANE_ANGLE_UNIT ( ) SI_UNIT ( $, .RADIAN. ) );
#5861 = MECHANICAL_DESIGN_GEOMETRIC_PRESENTATION_REPRESENTATION (  '', ( #1077 ), #4754 ) ;
#5862 = ORIENTED_EDGE ( 'NONE', *, *, #5513, .T. ) ;
#5863 = EDGE_CURVE ( 'NONE', #3959, #1721, #4077, .T. ) ;
#5864 = CARTESIAN_POINT ( 'NONE',  ( 1.464415165785127426, -10.55135609963074650, 54.00000000000000711 ) ) ;
#5865 = CIRCLE ( 'NONE', #3172, 1.499999999999999556 ) ;
#5866 = PRESENTATION_STYLE_ASSIGNMENT (( #2003 ) ) ;
#5867 = CARTESIAN_POINT ( 'NONE',  ( 13.46441516578512854, -10.55135609963075893, 52.00000000000000000 ) ) ;
#5868 = VERTEX_POINT ( 'NONE', #3765 ) ;
#5869 = STYLED_ITEM ( 'NONE', ( #3908 ), #1907 ) ;
#5870 = UNCERTAINTY_MEASURE_WITH_UNIT (LENGTH_MEASURE( 1.000000000000000082E-05 ), #4937, 'distance_accuracy_value', 'NONE');
#5871 = PRESENTATION_STYLE_ASSIGNMENT (( #3019 ) ) ;
#5872 = CARTESIAN_POINT ( 'NONE',  ( -19.27558483421486812, 10.88864390036923702, 76.50000000000000000 ) ) ;
#5873 = FACE_BOUND ( 'NONE', #4591, .T. ) ;
#5874 =( BOUNDED_SURFACE ( )  B_SPLINE_SURFACE ( 1, 3, ( 
 ( #2450, #5827, #74, #1081 ),
 ( #4431, #2483, #4339, #5415 ) ),
 .UNSPECIFIED., .F., .F., .T. ) 
 B_SPLINE_SURFACE_WITH_KNOTS ( ( 2, 2 ),
 ( 4, 4 ),
 ( 0.04162577848936815234, 0.9583742215106310081 ),
 ( 0.000000000000000000, 1.000000000000000000 ),
 .UNSPECIFIED. ) 
 GEOMETRIC_REPRESENTATION_ITEM ( )  RATIONAL_B_SPLINE_SURFACE ( (
 ( 1.000000000000000000, 0.3333333333333329818, 0.3333333333333329818, 1.000000000000000000),
 ( 1.000000000000000000, 0.3333333333333329818, 0.3333333333333329818, 1.000000000000000000) ) ) 
 REPRESENTATION_ITEM ( '' )  SURFACE ( )  );
#5875 = ORIENTED_EDGE ( 'NONE', *, *, #5910, .F. ) ;
#5876 = ADVANCED_FACE ( 'NONE', ( #999 ), #4733, .T. ) ;
#5877 = EDGE_CURVE ( 'NONE', #712, #1370, #3306, .T. ) ;
#5878 = CARTESIAN_POINT ( 'NONE',  ( -5.535584834214870575, 4.548643900369238935, 74.50000000000000000 ) ) ;
#5879 = LINE ( 'NONE', #702, #1744 ) ;
#5880 = CARTESIAN_POINT ( 'NONE',  ( -11.03558483421486969, -8.551356099630758933, 62.00000000000000000 ) ) ;
#5881 = LINE ( 'NONE', #2336, #2509 ) ;
#5882 = CARTESIAN_POINT ( 'NONE',  ( 23.46441516578513031, 7.948643900369239290, 43.50000000000000000 ) ) ;
#5883 = DIRECTION ( 'NONE',  ( 0.000000000000000000, -1.000000000000000000, 0.000000000000000000 ) ) ;
#5884 = CARTESIAN_POINT ( 'NONE',  ( 21.46441516578513031, -8.551356099630758933, 52.00000000000000000 ) ) ;
#5885 = ORIENTED_EDGE ( 'NONE', *, *, #4038, .T. ) ;
#5886 = VERTEX_POINT ( 'NONE', #1422 ) ;
#5887 = ADVANCED_FACE ( 'NONE', ( #5271 ), #5173, .T. ) ;
#5888 = SURFACE_STYLE_USAGE ( .BOTH. , #2363 ) ;
#5889 = SURFACE_SIDE_STYLE ('',( #3956 ) ) ;
#5890 = PRESENTATION_STYLE_ASSIGNMENT (( #5391 ) ) ;
#5891 = CARTESIAN_POINT ( 'NONE',  ( 17.76441516578513102, -10.55135609963075538, 43.91421356237308515 ) ) ;
#5892 =( LENGTH_UNIT ( ) NAMED_UNIT ( * ) SI_UNIT ( .MILLI., .METRE. ) );
#5893 = EDGE_LOOP ( 'NONE', ( #5769, #834 ) ) ;
#5894 = UNCERTAINTY_MEASURE_WITH_UNIT (LENGTH_MEASURE( 1.000000000000000082E-05 ), #1246, 'distance_accuracy_value', 'NONE');
#5895 = VECTOR ( 'NONE', #3557, 1000.000000000000000 ) ;
#5896 = PRESENTATION_STYLE_ASSIGNMENT (( #5838 ) ) ;
#5897 =( NAMED_UNIT ( * ) SI_UNIT ( $, .STERADIAN. ) SOLID_ANGLE_UNIT ( ) );
#5898 = CARTESIAN_POINT ( 'NONE',  ( 6.464415165785129425, -10.55135609963075893, 45.00000000000000000 ) ) ;
#5899 = SURFACE_STYLE_FILL_AREA ( #3546 ) ;
#5900 = FILL_AREA_STYLE_COLOUR ( '', #4670 ) ;
#5901 = PRESENTATION_STYLE_ASSIGNMENT (( #653 ) ) ;
#5902 = CARTESIAN_POINT ( 'NONE',  ( -19.27558483421486812, 14.44864390036923751, 76.50000000000000000 ) ) ;
#5903 = ORIENTED_EDGE ( 'NONE', *, *, #4614, .T. ) ;
#5904 = EDGE_CURVE ( 'NONE', #2327, #3108, #2341, .T. ) ;
#5905 = STYLED_ITEM ( 'NONE', ( #5015 ), #3571 ) ;
#5906 = CARTESIAN_POINT ( 'NONE',  ( -22.83558483421487040, -8.551356099630758933, 49.49999999999999289 ) ) ;
#5907 = VECTOR ( 'NONE', #4494, 1000.000000000000000 ) ;
#5908 = DIRECTION ( 'NONE',  ( 0.000000000000000000, 0.000000000000000000, -1.000000000000000000 ) ) ;
#5909 = FACE_BOUND ( 'NONE', #234, .T. ) ;
#5910 = EDGE_CURVE ( 'NONE', #1644, #4065, #2454, .T. ) ;
#5911 = AXIS2_PLACEMENT_3D ( 'NONE', #4094, #1380, #3174 ) ;
#5912 = LINE ( 'NONE', #2135, #2781 ) ;
#5913 = ORIENTED_EDGE ( 'NONE', *, *, #3087, .F. ) ;
#5914 = FILL_AREA_STYLE_COLOUR ( '', #2890 ) ;
#5915 = SURFACE_SIDE_STYLE ('',( #5488 ) ) ;
#5916 =( BOUNDED_SURFACE ( )  B_SPLINE_SURFACE ( 1, 3, ( 
 ( #1018, #1476, #4246, #957 ),
 ( #3354, #3754, #1994, #5802 ) ),
 .UNSPECIFIED., .F., .F., .T. ) 
 B_SPLINE_SURFACE_WITH_KNOTS ( ( 2, 2 ),
 ( 4, 4 ),
 ( 0.04162577848936815234, 0.9583742215106310081 ),
 ( 0.000000000000000000, 1.000000000000000000 ),
 .UNSPECIFIED. ) 
 GEOMETRIC_REPRESENTATION_ITEM ( )  RATIONAL_B_SPLINE_SURFACE ( (
 ( 1.000000000000000000, 0.3333333333333335369, 0.3333333333333335369, 1.000000000000000000),
 ( 1.000000000000000000, 0.3333333333333335369, 0.3333333333333335369, 1.000000000000000000) ) ) 
 REPRESENTATION_ITEM ( '' )  SURFACE ( )  );
#5917 = PRESENTATION_LAYER_ASSIGNMENT (  '', '', ( #2418 ) ) ;
#5918 = PRESENTATION_STYLE_ASSIGNMENT (( #5070 ) ) ;
#5919 = VERTEX_POINT ( 'NONE', #3940 ) ;
#5920 = CARTESIAN_POINT ( 'NONE',  ( 2.464415165785129869, -8.551356099630758933, 52.00000000000000000 ) ) ;
#5921 = UNCERTAINTY_MEASURE_WITH_UNIT (LENGTH_MEASURE( 1.000000000000000082E-05 ), #2014, 'distance_accuracy_value', 'NONE');
#5922 = CARTESIAN_POINT ( 'NONE',  ( 17.76441516578512747, -8.551356099630758933, 70.50000000000000000 ) ) ;
#5923 = FILL_AREA_STYLE_COLOUR ( '', #882 ) ;
#5924 = SURFACE_STYLE_USAGE ( .BOTH. , #1691 ) ;
#5925 = CIRCLE ( 'NONE', #1448, 2.000000000000001776 ) ;
#5926 = CARTESIAN_POINT ( 'NONE',  ( 17.76441516578512747, -8.539145212538837626, 70.50000000000000000 ) ) ;
#5927 = DIRECTION ( 'NONE',  ( 1.000000000000000000, 0.000000000000000000, 0.000000000000000000 ) ) ;
#5928 = SURFACE_STYLE_FILL_AREA ( #6047 ) ;
#5929 = EDGE_LOOP ( 'NONE', ( #3614, #1371 ) ) ;
#5930 = VERTEX_POINT ( 'NONE', #3427 ) ;
#5931 = STYLED_ITEM ( 'NONE', ( #842 ), #4924 ) ;
#5932 = PRESENTATION_STYLE_ASSIGNMENT (( #2031 ) ) ;
#5933 = PRESENTATION_STYLE_ASSIGNMENT (( #268 ) ) ;
#5934 =( LENGTH_UNIT ( ) NAMED_UNIT ( * ) SI_UNIT ( .MILLI., .METRE. ) );
#5935 = FACE_OUTER_BOUND ( 'NONE', #521, .T. ) ;
#5936 = DIRECTION ( 'NONE',  ( -1.000000000000000000, 0.000000000000000000, 0.000000000000000000 ) ) ;
#5937 = CARTESIAN_POINT ( 'NONE',  ( 22.96441516578513031, 14.44864390036923751, 43.50000000000000000 ) ) ;
#5938 = AXIS2_PLACEMENT_3D ( 'NONE', #4474, #202, #2952 ) ;
#5939 = B_SPLINE_SURFACE_WITH_KNOTS ( 'NONE', 1, 1, ( 
 ( #5349, #2967 ),
 ( #5641, #1299 ) ),
 .UNSPECIFIED., .F., .F., .F.,
 ( 2, 2 ),
 ( 2, 2 ),
 ( -50.46000000000000085, 9.859999999999999432 ),
 ( 0.5200000000000000178, 25.48000000000000043 ),
 .UNSPECIFIED. ) ;
#5940 =( LENGTH_UNIT ( ) NAMED_UNIT ( * ) SI_UNIT ( .MILLI., .METRE. ) );
#5941 = EDGE_CURVE ( 'NONE', #2406, #2182, #619, .T. ) ;
#5942 =( GEOMETRIC_REPRESENTATION_CONTEXT ( 3 ) GLOBAL_UNCERTAINTY_ASSIGNED_CONTEXT ( ( #6010 ) ) GLOBAL_UNIT_ASSIGNED_CONTEXT ( ( #5528, #5666, #1660 ) ) REPRESENTATION_CONTEXT ( 'NONE', 'WORKASPACE' ) );
#5943 = SURFACE_STYLE_USAGE ( .BOTH. , #3972 ) ;
#5944 = CARTESIAN_POINT ( 'NONE',  ( 6.464415165785129425, -8.551356099630758933, 45.00000000000000000 ) ) ;
#5945 = ORIENTED_EDGE ( 'NONE', *, *, #3637, .T. ) ;
#5946 = SURFACE_STYLE_USAGE ( .BOTH. , #5611 ) ;
#5947 = PRESENTATION_STYLE_ASSIGNMENT (( #4492 ) ) ;
#5948 = CARTESIAN_POINT ( 'NONE',  ( -6.035584834214870575, -8.551356099630758933, 52.00000000000000000 ) ) ;
#5949 = SURFACE_SIDE_STYLE ('',( #3951 ) ) ;
#5950 = CIRCLE ( 'NONE', #2545, 1.599999999999999867 ) ;
#5951 = FILL_AREA_STYLE ('',( #3531 ) ) ;
#5952 = ORIENTED_EDGE ( 'NONE', *, *, #1002, .F. ) ;
#5953 = DIRECTION ( 'NONE',  ( 0.000000000000000000, 1.000000000000000000, 0.000000000000000000 ) ) ;
#5954 = FILL_AREA_STYLE_COLOUR ( '', #2742 ) ;
#5955 =( NAMED_UNIT ( * ) PLANE_ANGLE_UNIT ( ) SI_UNIT ( $, .RADIAN. ) );
#5956 = UNCERTAINTY_MEASURE_WITH_UNIT (LENGTH_MEASURE( 1.000000000000000082E-05 ), #5519, 'distance_accuracy_value', 'NONE');
#5957 = DIRECTION ( 'NONE',  ( 1.000000000000000000, 0.000000000000000000, 0.000000000000000000 ) ) ;
#5958 = ORIENTED_EDGE ( 'NONE', *, *, #3764, .T. ) ;
#5959 = FILL_AREA_STYLE_COLOUR ( '', #1187 ) ;
#5960 = ORIENTED_EDGE ( 'NONE', *, *, #4395, .T. ) ;
#5961 = VERTEX_POINT ( 'NONE', #4385 ) ;
#5962 = MECHANICAL_DESIGN_GEOMETRIC_PRESENTATION_REPRESENTATION (  '', ( #966 ), #1161 ) ;
#5963 = ADVANCED_FACE ( 'NONE', ( #5935 ), #3016, .T. ) ;
#5964 = CARTESIAN_POINT ( 'NONE',  ( -19.53558483421487324, 1.348643900369240978, 76.50000000000000000 ) ) ;
#5965 = ADVANCED_FACE ( 'NONE', ( #112 ), #2589, .T. ) ;
#5966 = CARTESIAN_POINT ( 'NONE',  ( 14.46441516578513031, 1.348643900369240978, 74.50000000000000000 ) ) ;
#5967 =( NAMED_UNIT ( * ) SI_UNIT ( $, .STERADIAN. ) SOLID_ANGLE_UNIT ( ) );
#5968 = CARTESIAN_POINT ( 'NONE',  ( 11.96441516578512498, -10.55135609963076604, 59.99999999999999289 ) ) ;
#5969 = FILL_AREA_STYLE_COLOUR ( '', #450 ) ;
#5970 = MECHANICAL_DESIGN_GEOMETRIC_PRESENTATION_REPRESENTATION (  '', ( #2464 ), #2688 ) ;
#5971 = CIRCLE ( 'NONE', #1492, 2.000000000000001776 ) ;
#5972 =( GEOMETRIC_REPRESENTATION_CONTEXT ( 3 ) GLOBAL_UNCERTAINTY_ASSIGNED_CONTEXT ( ( #4621 ) ) GLOBAL_UNIT_ASSIGNED_CONTEXT ( ( #4904, #2064, #5408 ) ) REPRESENTATION_CONTEXT ( 'NONE', 'WORKASPACE' ) );
#5973 = CIRCLE ( 'NONE', #4865, 1.500000000000001332 ) ;
#5974 = LINE ( 'NONE', #2495, #285 ) ;
#5975 = DIRECTION ( 'NONE',  ( 0.000000000000000000, -1.000000000000000000, 0.000000000000000000 ) ) ;
#5976 = CARTESIAN_POINT ( 'NONE',  ( 17.76441516578513102, 12.99889643206342527, 45.50000000000000000 ) ) ;
#5977 = PRESENTATION_LAYER_ASSIGNMENT (  '', '', ( #985 ) ) ;
#5978 = ORIENTED_EDGE ( 'NONE', *, *, #2889, .T. ) ;
#5979 = CIRCLE ( 'NONE', #3668, 1.499999999999999556 ) ;
#5980 = DIRECTION ( 'NONE',  ( 0.000000000000000000, 1.000000000000000000, 0.000000000000000000 ) ) ;
#5981 = LINE ( 'NONE', #796, #2992 ) ;
#5982 = FILL_AREA_STYLE ('',( #1227 ) ) ;
#5983 =( GEOMETRIC_REPRESENTATION_CONTEXT ( 3 ) GLOBAL_UNCERTAINTY_ASSIGNED_CONTEXT ( ( #4683 ) ) GLOBAL_UNIT_ASSIGNED_CONTEXT ( ( #5934, #3547, #4993 ) ) REPRESENTATION_CONTEXT ( 'NONE', 'WORKASPACE' ) );
#5984 = CARTESIAN_POINT ( 'NONE',  ( -2.535584834214871464, -8.551356099630758933, 69.00000000000000000 ) ) ;
#5985 = LINE ( 'NONE', #1708, #1169 ) ;
#5986 = VECTOR ( 'NONE', #5095, 1000.000000000000000 ) ;
#5987 = EDGE_CURVE ( 'NONE', #2068, #3967, #5471, .T. ) ;
#5988 = EDGE_LOOP ( 'NONE', ( #2042, #5085, #5364, #2881, #6170, #444, #3684, #5466, #1406, #4822, #645, #340, #1806, #2503, #387, #1233, #691, #3179, #4599, #1510 ) ) ;
#5989 = EDGE_LOOP ( 'NONE', ( #2241, #5163, #2947, #2211, #2714, #815, #1307 ) ) ;
#5990 =( NAMED_UNIT ( * ) SI_UNIT ( $, .STERADIAN. ) SOLID_ANGLE_UNIT ( ) );
#5991 = UNCERTAINTY_MEASURE_WITH_UNIT (LENGTH_MEASURE( 1.000000000000000082E-05 ), #3362, 'distance_accuracy_value', 'NONE');
#5992 = DIRECTION ( 'NONE',  ( -1.000000000000000000, 0.000000000000000000, 0.000000000000000000 ) ) ;
#5993 = FILL_AREA_STYLE_COLOUR ( '', #305 ) ;
#5994 = ORIENTED_EDGE ( 'NONE', *, *, #3486, .T. ) ;
#5995 = ORIENTED_EDGE ( 'NONE', *, *, #5904, .T. ) ;
#5996 = LINE ( 'NONE', #5598, #5100 ) ;
#5997 = SURFACE_SIDE_STYLE ('',( #3112 ) ) ;
#5998 = LINE ( 'NONE', #5540, #870 ) ;
#5999 = EDGE_CURVE ( 'NONE', #1902, #3003, #1372, .T. ) ;
#6000 = CARTESIAN_POINT ( 'NONE',  ( 19.46441516578512676, 7.948643900369239290, 45.50000000000000000 ) ) ;
#6001 = PRESENTATION_STYLE_ASSIGNMENT (( #5577 ) ) ;
#6002 =( LENGTH_UNIT ( ) NAMED_UNIT ( * ) SI_UNIT ( .MILLI., .METRE. ) );
#6003 = CIRCLE ( 'NONE', #416, 2.000000000000001776 ) ;
#6004 = VERTEX_POINT ( 'NONE', #3578 ) ;
#6005 = FACE_BOUND ( 'NONE', #3926, .T. ) ;
#6006 = CIRCLE ( 'NONE', #4703, 1.600000000000000755 ) ;
#6007 = EDGE_CURVE ( 'NONE', #1823, #4374, #3667, .T. ) ;
#6008 = CARTESIAN_POINT ( 'NONE',  ( -21.36098455216662728, 14.44864390036923574, 76.50000000000001421 ) ) ;
#6009 = CARTESIAN_POINT ( 'NONE',  ( 17.76441516578512747, -9.551356099630760710, 43.50000000000000000 ) ) ;
#6010 = UNCERTAINTY_MEASURE_WITH_UNIT (LENGTH_MEASURE( 1.000000000000000082E-05 ), #5528, 'distance_accuracy_value', 'NONE');
#6011 = EDGE_LOOP ( 'NONE', ( #1082, #5131, #606, #295 ) ) ;
#6012 = PRESENTATION_LAYER_ASSIGNMENT (  '', '', ( #1024 ) ) ;
#6013 = ORIENTED_EDGE ( 'NONE', *, *, #1792, .F. ) ;
#6014 = VERTEX_POINT ( 'NONE', #3143 ) ;
#6015 = FILL_AREA_STYLE_COLOUR ( '', #513 ) ;
#6016 = MECHANICAL_DESIGN_GEOMETRIC_PRESENTATION_REPRESENTATION (  '', ( #424 ), #3120 ) ;
#6017 =( BOUNDED_SURFACE ( )  B_SPLINE_SURFACE ( 1, 3, ( 
 ( #690, #274, #5505, #2189 ),
 ( #1756, #205, #2126, #5474 ) ),
 .UNSPECIFIED., .F., .F., .F. ) 
 B_SPLINE_SURFACE_WITH_KNOTS ( ( 2, 2 ),
 ( 4, 4 ),
 ( 0.04162577848936815234, 0.9583742215106310081 ),
 ( 0.000000000000000000, 1.000000000000000000 ),
 .UNSPECIFIED. ) 
 GEOMETRIC_REPRESENTATION_ITEM ( )  RATIONAL_B_SPLINE_SURFACE ( (
 ( 1.000000000000000000, 0.3333333333333329818, 0.3333333333333329818, 1.000000000000000000),
 ( 1.000000000000000000, 0.3333333333333329818, 0.3333333333333329818, 1.000000000000000000) ) ) 
 REPRESENTATION_ITEM ( '' )  SURFACE ( )  );
#6018 = DIRECTION ( 'NONE',  ( 0.000000000000000000, 1.000000000000000000, 0.000000000000000000 ) ) ;
#6019 = STYLED_ITEM ( 'NONE', ( #5381 ), #4578 ) ;
#6020 = CARTESIAN_POINT ( 'NONE',  ( -1.035584834214869909, -8.551356099630758933, 55.00000000000000000 ) ) ;
#6021 = ORIENTED_EDGE ( 'NONE', *, *, #2554, .F. ) ;
#6022 = COLOUR_RGB ( '',1.000000000000000000, 1.000000000000000000, 1.000000000000000000 ) ;
#6023 = CARTESIAN_POINT ( 'NONE',  ( 17.76441516578513102, -10.55135609963075538, 76.08578643762689353 ) ) ;
#6024 = DIRECTION ( 'NONE',  ( 0.000000000000000000, 0.000000000000000000, -1.000000000000000000 ) ) ;
#6025 = FACE_OUTER_BOUND ( 'NONE', #5853, .T. ) ;
#6026 = CARTESIAN_POINT ( 'NONE',  ( 7.464415165785128536, 8.348643900369239645, 76.50000000000000000 ) ) ;
#6027 = CARTESIAN_POINT ( 'NONE',  ( -9.335584834214870398, -5.651356099630778118, 76.50000000000000000 ) ) ;
#6028 = VECTOR ( 'NONE', #5300, 1000.000000000000000 ) ;
#6029 = ORIENTED_EDGE ( 'NONE', *, *, #3280, .T. ) ;
#6030 = EDGE_CURVE ( 'NONE', #2406, #5919, #5950, .T. ) ;
#6031 = FACE_OUTER_BOUND ( 'NONE', #4744, .T. ) ;
#6032 = DIRECTION ( 'NONE',  ( 0.000000000000000000, 1.000000000000000000, 0.000000000000000000 ) ) ;
#6033 = EDGE_CURVE ( 'NONE', #613, #2978, #359, .T. ) ;
#6034 = CARTESIAN_POINT ( 'NONE',  ( 14.96441516578513031, -10.55135609963075893, 52.00000000000000000 ) ) ;
#6035 = CARTESIAN_POINT ( 'NONE',  ( 26.46441516578512676, -8.539145212538837626, 70.50000000000000000 ) ) ;
#6036 = AXIS2_PLACEMENT_3D ( 'NONE', #4331, #1429, #3862 ) ;
#6037 = CARTESIAN_POINT ( 'NONE',  ( 19.46441516578513031, -6.051356099630770480, 43.49999999999999289 ) ) ;
#6038 = CARTESIAN_POINT ( 'NONE',  ( 19.46441516578511255, 1.948643900369238846, 43.49999999999999289 ) ) ;
#6039 = ORIENTED_EDGE ( 'NONE', *, *, #2767, .T. ) ;
#6040 = VERTEX_POINT ( 'NONE', #1216 ) ;
#6042 = FACE_BOUND ( 'NONE', #4258, .T. ) ;
#6041 =( GEOMETRIC_REPRESENTATION_CONTEXT ( 3 ) GLOBAL_UNCERTAINTY_ASSIGNED_CONTEXT ( ( #1670 ) ) GLOBAL_UNIT_ASSIGNED_CONTEXT ( ( #3734, #3393, #459 ) ) REPRESENTATION_CONTEXT ( 'NONE', 'WORKASPACE' ) );
#6043 = FACE_OUTER_BOUND ( 'NONE', #2240, .T. ) ;
#6044 =( LENGTH_UNIT ( ) NAMED_UNIT ( * ) SI_UNIT ( .MILLI., .METRE. ) );
#6045 = LINE ( 'NONE', #3509, #1108 ) ;
#6046 = ORIENTED_EDGE ( 'NONE', *, *, #2755, .F. ) ;
#6047 = FILL_AREA_STYLE ('',( #5959 ) ) ;
#6048 = EDGE_LOOP ( 'NONE', ( #5649, #470, #5670, #3874, #4463, #3107 ) ) ;
#6049 = ORIENTED_EDGE ( 'NONE', *, *, #2520, .T. ) ;
#6050 = CARTESIAN_POINT ( 'NONE',  ( -26.53558483421487324, -10.55135609963075893, 52.00000000000000000 ) ) ;
#6051 = DIRECTION ( 'NONE',  ( 0.000000000000000000, 0.000000000000000000, -1.000000000000000000 ) ) ;
#6052 = FACE_OUTER_BOUND ( 'NONE', #73, .T. ) ;
#6053 = LINE ( 'NONE', #3299, #2367 ) ;
#6054 = ADVANCED_FACE ( 'NONE', ( #2187 ), #3652, .T. ) ;
#6055 = ORIENTED_EDGE ( 'NONE', *, *, #5229, .T. ) ;
#6056 = CIRCLE ( 'NONE', #3257, 1.500000000000001332 ) ;
#6057 = SURFACE_STYLE_USAGE ( .BOTH. , #5056 ) ;
#6058 = CIRCLE ( 'NONE', #570, 3.560000000000000497 ) ;
#6059 = SURFACE_STYLE_USAGE ( .BOTH. , #4134 ) ;
#6060 = CARTESIAN_POINT ( 'NONE',  ( -12.53558483421487146, -5.651356099630762131, 74.50000000000000000 ) ) ;
#6061 = UNCERTAINTY_MEASURE_WITH_UNIT (LENGTH_MEASURE( 1.000000000000000082E-05 ), #3437, 'distance_accuracy_value', 'NONE');
#6062 = PRESENTATION_LAYER_ASSIGNMENT (  '', '', ( #5773 ) ) ;
#6063 = ORIENTED_EDGE ( 'NONE', *, *, #5386, .T. ) ;
#6064 =( NAMED_UNIT ( * ) SI_UNIT ( $, .STERADIAN. ) SOLID_ANGLE_UNIT ( ) );
#6065 = LINE ( 'NONE', #5037, #3714 ) ;
#6066 = CARTESIAN_POINT ( 'NONE',  ( -28.53558483421483061, -6.051356099630770480, 43.49999999999999289 ) ) ;
#6067 = CARTESIAN_POINT ( 'NONE',  ( -11.53558483421486969, -8.551356099630758933, 59.00000000000000000 ) ) ;
#6068 = VECTOR ( 'NONE', #5659, 1000.000000000000000 ) ;
#6069 =( GEOMETRIC_REPRESENTATION_CONTEXT ( 3 ) GLOBAL_UNCERTAINTY_ASSIGNED_CONTEXT ( ( #2062 ) ) GLOBAL_UNIT_ASSIGNED_CONTEXT ( ( #892, #383, #4208 ) ) REPRESENTATION_CONTEXT ( 'NONE', 'WORKASPACE' ) );
#6070 = SURFACE_STYLE_USAGE ( .BOTH. , #5187 ) ;
#6071 = ADVANCED_FACE ( 'NONE', ( #6052 ), #4281, .T. ) ;
#6072 = CARTESIAN_POINT ( 'NONE',  ( -31.53558483421486969, -9.551356099630760710, 43.50000000000000000 ) ) ;
#6073 = EDGE_CURVE ( 'NONE', #1565, #1393, #3816, .T. ) ;
#6074 = ORIENTED_EDGE ( 'NONE', *, *, #6181, .F. ) ;
#6075 = EDGE_LOOP ( 'NONE', ( #1711, #1037 ) ) ;
#6076 = CARTESIAN_POINT ( 'NONE',  ( -4.035584834214870575, -10.55135609963075893, 69.00000000000000000 ) ) ;
#6077 = PRESENTATION_LAYER_ASSIGNMENT (  '', '', ( #5166 ) ) ;
#6078 = SURFACE_SIDE_STYLE ('',( #2236 ) ) ;
#6079 = FACE_OUTER_BOUND ( 'NONE', #4816, .T. ) ;
#6080 = EDGE_LOOP ( 'NONE', ( #3353, #2286, #2153, #1882 ) ) ;
#6081 = EDGE_CURVE ( 'NONE', #1565, #1721, #4191, .T. ) ;
#6082 = EDGE_LOOP ( 'NONE', ( #1532, #158, #3347, #2449, #2539, #420 ) ) ;
#6083 = COLOUR_RGB ( '',1.000000000000000000, 1.000000000000000000, 1.000000000000000000 ) ;
#6084 = ORIENTED_EDGE ( 'NONE', *, *, #2374, .T. ) ;
#6085 = CARTESIAN_POINT ( 'NONE',  ( 26.46441516578511255, -8.551356099630767815, 69.46446609406726225 ) ) ;
#6086 =( NAMED_UNIT ( * ) SI_UNIT ( $, .STERADIAN. ) SOLID_ANGLE_UNIT ( ) );
#6087 = VERTEX_POINT ( 'NONE', #3298 ) ;
#6088 = CARTESIAN_POINT ( 'NONE',  ( -28.53558483421489100, 1.948643900369238846, 45.50000000000000000 ) ) ;
#6089 = CARTESIAN_POINT ( 'NONE',  ( 7.464415165785128536, 11.54864390036923893, 76.50000000000000000 ) ) ;
#6090 = EDGE_CURVE ( 'NONE', #4213, #4243, #6114, .T. ) ;
#6091 = SURFACE_STYLE_FILL_AREA ( #339 ) ;
#6092 = ORIENTED_EDGE ( 'NONE', *, *, #668, .F. ) ;
#6093 = ORIENTED_EDGE ( 'NONE', *, *, #2713, .T. ) ;
#6094 = SURFACE_STYLE_FILL_AREA ( #4169 ) ;
#6095 = MECHANICAL_DESIGN_GEOMETRIC_PRESENTATION_REPRESENTATION (  '', ( #4278 ), #97 ) ;
#6096 = LINE ( 'NONE', #4775, #4849 ) ;
#6098 = EDGE_CURVE ( 'NONE', #536, #2020, #5263, .T. ) ;
#6097 = FILL_AREA_STYLE ('',( #2723 ) ) ;
#6099 = CARTESIAN_POINT ( 'NONE',  ( -31.53558483421486969, -10.55135609963075893, 68.00000000000000000 ) ) ;
#6100 =( GEOMETRIC_REPRESENTATION_CONTEXT ( 3 ) GLOBAL_UNCERTAINTY_ASSIGNED_CONTEXT ( ( #3487 ) ) GLOBAL_UNIT_ASSIGNED_CONTEXT ( ( #4965, #5294, #2912 ) ) REPRESENTATION_CONTEXT ( 'NONE', 'WORKASPACE' ) );
#6101 = VERTEX_POINT ( 'NONE', #2829 ) ;
#6102 = VERTEX_POINT ( 'NONE', #1848 ) ;
#6103 = SURFACE_STYLE_USAGE ( .BOTH. , #291 ) ;
#6104 = FACE_OUTER_BOUND ( 'NONE', #1473, .T. ) ;
#6105 = VECTOR ( 'NONE', #3885, 1000.000000000000000 ) ;
#6106 = STYLED_ITEM ( 'NONE', ( #4121 ), #3838 ) ;
#6107 = SURFACE_STYLE_USAGE ( .BOTH. , #1440 ) ;
#6108 = ORIENTED_EDGE ( 'NONE', *, *, #1250, .T. ) ;
#6109 = ORIENTED_EDGE ( 'NONE', *, *, #2472, .F. ) ;
#6110 = EDGE_LOOP ( 'NONE', ( #1585, #400, #1566, #5125 ) ) ;
#6111 = CARTESIAN_POINT ( 'NONE',  ( 21.26441516578513102, 14.44864390036923751, 43.50000000000000000 ) ) ;
#6112 = DIRECTION ( 'NONE',  ( 0.000000000000000000, 0.000000000000000000, -1.000000000000000000 ) ) ;
#6113 =( GEOMETRIC_REPRESENTATION_CONTEXT ( 3 ) GLOBAL_UNCERTAINTY_ASSIGNED_CONTEXT ( ( #745 ) ) GLOBAL_UNIT_ASSIGNED_CONTEXT ( ( #4219, #2802, #4674 ) ) REPRESENTATION_CONTEXT ( 'NONE', 'WORKASPACE' ) );
#6114 = LINE ( 'NONE', #5716, #5407 ) ;
#6115 =( NAMED_UNIT ( * ) PLANE_ANGLE_UNIT ( ) SI_UNIT ( $, .RADIAN. ) );
#6116 = ORIENTED_EDGE ( 'NONE', *, *, #2820, .T. ) ;
#6117 = STYLED_ITEM ( 'NONE', ( #1260 ), #900 ) ;
#6118 = COLOUR_RGB ( '',1.000000000000000000, 1.000000000000000000, 1.000000000000000000 ) ;
#6119 = DIRECTION ( 'NONE',  ( 0.000000000000000000, -1.000000000000000000, 0.000000000000000000 ) ) ;
#6120 = DIRECTION ( 'NONE',  ( 0.000000000000000000, 0.000000000000000000, 1.000000000000000000 ) ) ;
#6121 = PRESENTATION_STYLE_ASSIGNMENT (( #905 ) ) ;
#6122 = ORIENTED_EDGE ( 'NONE', *, *, #3650, .T. ) ;
#6123 = ORIENTED_EDGE ( 'NONE', *, *, #4960, .F. ) ;
#6124 = EDGE_CURVE ( 'NONE', #379, #681, #4801, .T. ) ;
#6125 = CARTESIAN_POINT ( 'NONE',  ( -24.53558483421487324, 3.948643900369214865, 43.49999999999999289 ) ) ;
#6126 = VECTOR ( 'NONE', #3755, 1000.000000000000000 ) ;
#6127 = LINE ( 'NONE', #4741, #2857 ) ;
#6128 = SURFACE_SIDE_STYLE ('',( #1366 ) ) ;
#6129 = UNCERTAINTY_MEASURE_WITH_UNIT (LENGTH_MEASURE( 1.000000000000000082E-05 ), #3297, 'distance_accuracy_value', 'NONE');
#6130 =( LENGTH_UNIT ( ) NAMED_UNIT ( * ) SI_UNIT ( .MILLI., .METRE. ) );
#6131 = COLOUR_RGB ( '',1.000000000000000000, 1.000000000000000000, 1.000000000000000000 ) ;
#6132 = ORIENTED_EDGE ( 'NONE', *, *, #4820, .T. ) ;
#6133 = ORIENTED_EDGE ( 'NONE', *, *, #1242, .F. ) ;
#6134 =( LENGTH_UNIT ( ) NAMED_UNIT ( * ) SI_UNIT ( .MILLI., .METRE. ) );
#6135 = CARTESIAN_POINT ( 'NONE',  ( -31.53558483421486969, 10.94864390036924107, 45.50000000000000000 ) ) ;
#6136 = MECHANICAL_DESIGN_GEOMETRIC_PRESENTATION_REPRESENTATION (  '', ( #1863 ), #757 ) ;
#6137 = LINE ( 'NONE', #1439, #1536 ) ;
#6138 = ORIENTED_EDGE ( 'NONE', *, *, #4073, .T. ) ;
#6139 = ORIENTED_EDGE ( 'NONE', *, *, #3170, .F. ) ;
#6140 = VERTEX_POINT ( 'NONE', #1382 ) ;
#6141 = COLOUR_RGB ( '',1.000000000000000000, 1.000000000000000000, 1.000000000000000000 ) ;
#6142 = CARTESIAN_POINT ( 'NONE',  ( 17.76441516578512747, 10.94864390036924107, 74.50000000000000000 ) ) ;
#6143 = FILL_AREA_STYLE ('',( #422 ) ) ;
#6144 = CARTESIAN_POINT ( 'NONE',  ( 4.264415165785123918, 11.54864390036920341, 76.50000000000000000 ) ) ;
#6145 =( GEOMETRIC_REPRESENTATION_CONTEXT ( 3 ) GLOBAL_UNCERTAINTY_ASSIGNED_CONTEXT ( ( #4602 ) ) GLOBAL_UNIT_ASSIGNED_CONTEXT ( ( #1868, #1495, #2760 ) ) REPRESENTATION_CONTEXT ( 'NONE', 'WORKASPACE' ) );
#6146 = EDGE_CURVE ( 'NONE', #770, #5785, #4732, .T. ) ;
#6147 = ADVANCED_FACE ( 'NONE', ( #3786 ), #3255, .T. ) ;
#6148 = CIRCLE ( 'NONE', #3642, 1.600000000000000089 ) ;
#6149 = CARTESIAN_POINT ( 'NONE',  ( -20.03558483421487324, -10.55135609963075893, 52.00000000000000000 ) ) ;
#6150 = CARTESIAN_POINT ( 'NONE',  ( 0.4644151657851297021, 1.348643900369240978, 74.50000000000000000 ) ) ;
#6151 = DIRECTION ( 'NONE',  ( 0.000000000000000000, 1.000000000000000000, 0.000000000000000000 ) ) ;
#6152 = EDGE_LOOP ( 'NONE', ( #2255, #3532, #5572, #5249 ) ) ;
#6153 = EDGE_LOOP ( 'NONE', ( #2965, #4724, #5296, #3428 ) ) ;
#6154 = MECHANICAL_DESIGN_GEOMETRIC_PRESENTATION_REPRESENTATION (  '', ( #2667 ), #4852 ) ;
#6155 = CARTESIAN_POINT ( 'NONE',  ( -22.83558483421487040, 10.94864390036924107, 43.50000000000000000 ) ) ;
#6156 =( NAMED_UNIT ( * ) SI_UNIT ( $, .STERADIAN. ) SOLID_ANGLE_UNIT ( ) );
#6157 = LINE ( 'NONE', #4835, #4348 ) ;
#6158 = VECTOR ( 'NONE', #5252, 1000.000000000000000 ) ;
#6159 =( GEOMETRIC_REPRESENTATION_CONTEXT ( 3 ) GLOBAL_UNCERTAINTY_ASSIGNED_CONTEXT ( ( #116 ) ) GLOBAL_UNIT_ASSIGNED_CONTEXT ( ( #3524, #2224, #1255 ) ) REPRESENTATION_CONTEXT ( 'NONE', 'WORKASPACE' ) );
#6160 =( NAMED_UNIT ( * ) SI_UNIT ( $, .STERADIAN. ) SOLID_ANGLE_UNIT ( ) );
#6161 =( NAMED_UNIT ( * ) SI_UNIT ( $, .STERADIAN. ) SOLID_ANGLE_UNIT ( ) );
#6162 = ORIENTED_EDGE ( 'NONE', *, *, #5409, .F. ) ;
#6163 = ORIENTED_EDGE ( 'NONE', *, *, #417, .T. ) ;
#6164 =( LENGTH_UNIT ( ) NAMED_UNIT ( * ) SI_UNIT ( .MILLI., .METRE. ) );
#6165 =( GEOMETRIC_REPRESENTATION_CONTEXT ( 3 ) GLOBAL_UNCERTAINTY_ASSIGNED_CONTEXT ( ( #2254 ) ) GLOBAL_UNIT_ASSIGNED_CONTEXT ( ( #729, #4873, #4391 ) ) REPRESENTATION_CONTEXT ( 'NONE', 'WORKASPACE' ) );
#6166 = PRESENTATION_STYLE_ASSIGNMENT (( #1986 ) ) ;
#6167 = SURFACE_STYLE_USAGE ( .BOTH. , #2792 ) ;
#6168 = EDGE_CURVE ( 'NONE', #432, #5800, #3358, .T. ) ;
#6169 = CARTESIAN_POINT ( 'NONE',  ( -11.53558483421489100, -8.551356099630737617, 48.00000000000000711 ) ) ;
#6170 = ORIENTED_EDGE ( 'NONE', *, *, #2975, .T. ) ;
#6171 = VERTEX_POINT ( 'NONE', #4793 ) ;
#6172 =( GEOMETRIC_REPRESENTATION_CONTEXT ( 3 ) GLOBAL_UNCERTAINTY_ASSIGNED_CONTEXT ( ( #2322 ) ) GLOBAL_UNIT_ASSIGNED_CONTEXT ( ( #486, #5301, #4827 ) ) REPRESENTATION_CONTEXT ( 'NONE', 'WORKASPACE' ) );
#6173 = EDGE_LOOP ( 'NONE', ( #2239, #4269, #4647, #1475, #2333, #700, #3801 ) ) ;
#6174 = CIRCLE ( 'NONE', #887, 4.000000000000000000 ) ;
#6175 = SURFACE_STYLE_FILL_AREA ( #2910 ) ;
#6176 = SURFACE_STYLE_USAGE ( .BOTH. , #5573 ) ;
#6177 = DIRECTION ( 'NONE',  ( 0.000000000000000000, -1.000000000000000000, 0.000000000000000000 ) ) ;
#6178 = CIRCLE ( 'NONE', #3077, 1.500000000000000000 ) ;
#6179 = DIRECTION ( 'NONE',  ( 0.000000000000000000, 0.000000000000000000, 1.000000000000000000 ) ) ;
#6180 =( NAMED_UNIT ( * ) SI_UNIT ( $, .STERADIAN. ) SOLID_ANGLE_UNIT ( ) );
#6181 = EDGE_CURVE ( 'NONE', #5462, #3319, #2422, .T. ) ;
#6182 = CARTESIAN_POINT ( 'NONE',  ( -4.035584834214870575, -10.55135609963075893, 55.00000000000000000 ) ) ;
#6183 = FILL_AREA_STYLE ('',( #5209 ) ) ;
#6184 = ORIENTED_EDGE ( 'NONE', *, *, #4634, .T. ) ;
#6185 =( LENGTH_UNIT ( ) NAMED_UNIT ( * ) SI_UNIT ( .MILLI., .METRE. ) );
#6186 = CARTESIAN_POINT ( 'NONE',  ( 26.46441516578512676, -11.53914521253883763, 70.50000000000000000 ) ) ;
#6187 = CARTESIAN_POINT ( 'NONE',  ( -28.53558483421483061, -6.051356099630770480, 45.50000000000000000 ) ) ;
#6188 = CARTESIAN_POINT ( 'NONE',  ( 5.964415165785127648, -8.551356099630766039, 65.00000000000000000 ) ) ;
#6189 = DIRECTION ( 'NONE',  ( 1.000000000000000000, 0.000000000000000000, 0.000000000000000000 ) ) ;
#6190 = CARTESIAN_POINT ( 'NONE',  ( -18.78558483421487324, -10.55135609963075893, 39.49999999999999289 ) ) ;
#6191 = ORIENTED_EDGE ( 'NONE', *, *, #5328, .T. ) ;
#6192 = STYLED_ITEM ( 'NONE', ( #1859 ), #733 ) ;
#6193 = ORIENTED_EDGE ( 'NONE', *, *, #1904, .F. ) ;
ENDSEC;
END-ISO-10303-21;
