ISO-10303-21;
HEADER;
FILE_DESCRIPTION (( 'STEP AP214' ),
    '1' );
FILE_NAME ('舵机连接副臂.STEP',
    '2026-07-17T06:44:24',
    ( '' ),
    ( '' ),
    'SwSTEP 2.0',
    'SolidWorks 2020',
    '' );
FILE_SCHEMA (( 'AUTOMOTIVE_DESIGN' ));
ENDSEC;

DATA;
#1 = EDGE_LOOP ( 'NONE', ( #1288, #619, #3160, #3071 ) ) ;
#2 = ORIENTED_EDGE ( 'NONE', *, *, #1912, .T. ) ;
#3 =( LENGTH_UNIT ( ) NAMED_UNIT ( * ) SI_UNIT ( .MILLI., .METRE. ) );
#4 = ORIENTED_EDGE ( 'NONE', *, *, #3458, .T. ) ;
#5 = CARTESIAN_POINT ( 'NONE',  ( 21.67281267413515167, 6.044765569636401104, 14.99999999999988098 ) ) ;
#6 = DIRECTION ( 'NONE',  ( 0.6353906706864889120, -0.7721908414404911047, 1.503073264317007448E-17 ) ) ;
#7 = VERTEX_POINT ( 'NONE', #129 ) ;
#8 = DIRECTION ( 'NONE',  ( -4.800258967122366038E-17, -1.302709821111998600E-17, -1.000000000000000000 ) ) ;
#9 = DIRECTION ( 'NONE',  ( 0.9830921976803952411, -0.1831112526851657318, -2.326533403457361424E-17 ) ) ;
#10 = DIRECTION ( 'NONE',  ( 3.223082373619878746E-17, 4.598590846719930620E-17, 1.000000000000000000 ) ) ;
#11 = VERTEX_POINT ( 'NONE', #2225 ) ;
#12 = SURFACE_STYLE_USAGE ( .BOTH. , #408 ) ;
#13 = CARTESIAN_POINT ( 'NONE',  ( 12.56493313821630942, 0.6778269350177285046, -1.179611963664228824E-13 ) ) ;
#14 = ADVANCED_FACE ( 'NONE', ( #961 ), #2169, .T. ) ;
#15 = LINE ( 'NONE', #1580, #345 ) ;
#16 = EDGE_LOOP ( 'NONE', ( #3662, #19, #3870, #2236 ) ) ;
#17 = ORIENTED_EDGE ( 'NONE', *, *, #270, .T. ) ;
#18 = EDGE_CURVE ( 'NONE', #2673, #2421, #1604, .T. ) ;
#19 = ORIENTED_EDGE ( 'NONE', *, *, #3449, .F. ) ;
#20 = AXIS2_PLACEMENT_3D ( 'NONE', #1774, #3602, #62 ) ;
#21 = DIRECTION ( 'NONE',  ( 3.223082373619878746E-17, 4.598590846719930620E-17, 1.000000000000000000 ) ) ;
#22 = VERTEX_POINT ( 'NONE', #1001 ) ;
#23 =( NAMED_UNIT ( * ) SI_UNIT ( $, .STERADIAN. ) SOLID_ANGLE_UNIT ( ) );
#24 =( GEOMETRIC_REPRESENTATION_CONTEXT ( 3 ) GLOBAL_UNCERTAINTY_ASSIGNED_CONTEXT ( ( #1968 ) ) GLOBAL_UNIT_ASSIGNED_CONTEXT ( ( #2892, #2567, #2917 ) ) REPRESENTATION_CONTEXT ( 'NONE', 'WORKASPACE' ) );
#25 = SURFACE_SIDE_STYLE ('',( #2399 ) ) ;
#26 = VERTEX_POINT ( 'NONE', #1566 ) ;
#27 = CARTESIAN_POINT ( 'NONE',  ( 21.24014650129721460, -6.447744185528164529, 4.999999999999880984 ) ) ;
#28 = COLOUR_RGB ( '',1.000000000000000000, 1.000000000000000000, 1.000000000000000000 ) ;
#29 = AXIS2_PLACEMENT_3D ( 'NONE', #590, #3975, #1208 ) ;
#30 = EDGE_CURVE ( 'NONE', #2022, #879, #1577, .T. ) ;
#31 =( NAMED_UNIT ( * ) PLANE_ANGLE_UNIT ( ) SI_UNIT ( $, .RADIAN. ) );
#32 = VERTEX_POINT ( 'NONE', #3203 ) ;
#33 = LINE ( 'NONE', #2233, #980 ) ;
#34 = FACE_BOUND ( 'NONE', #3727, .T. ) ;
#35 = COLOUR_RGB ( '',0.7921568627450980005, 0.8196078431372548767, 0.9333333333333333481 ) ;
#36 = AXIS2_PLACEMENT_3D ( 'NONE', #120, #3480, #2196 ) ;
#37 = VECTOR ( 'NONE', #2559, 1000.000000000000000 ) ;
#38 = LINE ( 'NONE', #2358, #656 ) ;
#39 = EDGE_LOOP ( 'NONE', ( #3842, #639 ) ) ;
#40 = CARTESIAN_POINT ( 'NONE',  ( 12.56493313821630942, 0.6778269350177285046, 4.999999999999880984 ) ) ;
#41 = AXIS2_PLACEMENT_3D ( 'NONE', #2455, #1175, #2149 ) ;
#42 = CARTESIAN_POINT ( 'NONE',  ( 94.66523941377143103, -0.7976406564679329181, -7.084833304444825370E-17 ) ) ;
#43 = CARTESIAN_POINT ( 'NONE',  ( 93.41370018839785416, -1.624471695647859315, 0.000000000000000000 ) ) ;
#44 = CARTESIAN_POINT ( 'NONE',  ( 37.98137637465533345, 32.20741880427053871, 2.602085213965210642E-15 ) ) ;
#45 = FACE_OUTER_BOUND ( 'NONE', #1523, .T. ) ;
#46 = VERTEX_POINT ( 'NONE', #2879 ) ;
#47 = PRESENTATION_LAYER_ASSIGNMENT (  '', '', ( #3374 ) ) ;
#48 = DIRECTION ( 'NONE',  ( -4.800258967122366038E-17, -1.302709821111998600E-17, -1.000000000000000000 ) ) ;
#49 = PRESENTATION_LAYER_ASSIGNMENT (  '', '', ( #2792 ) ) ;
#50 = ORIENTED_EDGE ( 'NONE', *, *, #3193, .T. ) ;
#51 =( NAMED_UNIT ( * ) SI_UNIT ( $, .STERADIAN. ) SOLID_ANGLE_UNIT ( ) );
#52 = AXIS2_PLACEMENT_3D ( 'NONE', #1539, #2986, #3288 ) ;
#53 = DIRECTION ( 'NONE',  ( 0.6353906706864890230, -0.7721908414404909937, 0.000000000000000000 ) ) ;
#54 = UNCERTAINTY_MEASURE_WITH_UNIT (LENGTH_MEASURE( 1.000000000000000082E-05 ), #852, 'distance_accuracy_value', 'NONE');
#55 = CYLINDRICAL_SURFACE ( 'NONE', #1108, 4.500000000000000000 ) ;
#56 = FACE_OUTER_BOUND ( 'NONE', #1061, .T. ) ;
#57 = FILL_AREA_STYLE_COLOUR ( '', #2471 ) ;
#58 = ORIENTED_EDGE ( 'NONE', *, *, #1187, .F. ) ;
#59 = EDGE_CURVE ( 'NONE', #747, #3932, #945, .T. ) ;
#60 = CIRCLE ( 'NONE', #687, 4.500000000000000000 ) ;
#61 = DIRECTION ( 'NONE',  ( 3.223082373619878746E-17, 4.598590846719930620E-17, 1.000000000000000000 ) ) ;
#62 = DIRECTION ( 'NONE',  ( 0.6353906706864889120, -0.7721908414404911047, 1.503073264317007448E-17 ) ) ;
#63 = EDGE_CURVE ( 'NONE', #1766, #1462, #995, .T. ) ;
#64 = PRESENTATION_LAYER_ASSIGNMENT (  '', '', ( #3724 ) ) ;
#65 = FACE_OUTER_BOUND ( 'NONE', #915, .T. ) ;
#66 = CARTESIAN_POINT ( 'NONE',  ( 21.67281267413515167, 6.044765569636400215, -1.188285581044112860E-13 ) ) ;
#67 = VERTEX_POINT ( 'NONE', #1042 ) ;
#68 = FACE_OUTER_BOUND ( 'NONE', #3213, .T. ) ;
#69 = EDGE_CURVE ( 'NONE', #2227, #2848, #264, .T. ) ;
#70 = ADVANCED_FACE ( 'NONE', ( #3845 ), #3267, .T. ) ;
#71 = ORIENTED_EDGE ( 'NONE', *, *, #3290, .F. ) ;
#72 = CARTESIAN_POINT ( 'NONE',  ( 93.41370018839785416, -1.624471695647859315, 0.000000000000000000 ) ) ;
#73 = SURFACE_STYLE_USAGE ( .BOTH. , #969 ) ;
#74 =( LENGTH_UNIT ( ) NAMED_UNIT ( * ) SI_UNIT ( .MILLI., .METRE. ) );
#75 =( NAMED_UNIT ( * ) PLANE_ANGLE_UNIT ( ) SI_UNIT ( $, .RADIAN. ) );
#76 = DIRECTION ( 'NONE',  ( 0.6353906706864890230, -0.7721908414404909937, 0.000000000000000000 ) ) ;
#77 = ORIENTED_EDGE ( 'NONE', *, *, #2243, .F. ) ;
#78 = LINE ( 'NONE', #1855, #2604 ) ;
#79 = EDGE_CURVE ( 'NONE', #3768, #1903, #2938, .T. ) ;
#80 = ORIENTED_EDGE ( 'NONE', *, *, #3049, .F. ) ;
#81 = CARTESIAN_POINT ( 'NONE',  ( 30.67578221348813372, 0.5036429918500112679, -1.188285581044112860E-13 ) ) ;
#82 = DIRECTION ( 'NONE',  ( 3.223082373619878746E-17, 4.598590846719930620E-17, 1.000000000000000000 ) ) ;
#83 = VERTEX_POINT ( 'NONE', #1428 ) ;
#84 = EDGE_CURVE ( 'NONE', #200, #283, #2352, .T. ) ;
#85 = VERTEX_POINT ( 'NONE', #527 ) ;
#86 = LINE ( 'NONE', #3456, #3119 ) ;
#87 = CARTESIAN_POINT ( 'NONE',  ( 17.80669590705601735, 17.93186534810674715, -1.188285581044112860E-13 ) ) ;
#88 = ORIENTED_EDGE ( 'NONE', *, *, #2112, .F. ) ;
#89 =( NAMED_UNIT ( * ) SI_UNIT ( $, .STERADIAN. ) SOLID_ANGLE_UNIT ( ) );
#90 = PRESENTATION_LAYER_ASSIGNMENT (  '', '', ( #1101 ) ) ;
#91 = SURFACE_SIDE_STYLE ('',( #741 ) ) ;
#92 = UNCERTAINTY_MEASURE_WITH_UNIT (LENGTH_MEASURE( 1.000000000000000082E-05 ), #1043, 'distance_accuracy_value', 'NONE');
#93 = VECTOR ( 'NONE', #2824, 1000.000000000000000 ) ;
#94 = SURFACE_STYLE_FILL_AREA ( #395 ) ;
#95 = VECTOR ( 'NONE', #3404, 1000.000000000000000 ) ;
#96 = DIRECTION ( 'NONE',  ( 3.223082373619878746E-17, 4.598590846719930620E-17, 1.000000000000000000 ) ) ;
#97 = ORIENTED_EDGE ( 'NONE', *, *, #3643, .T. ) ;
#98 = VECTOR ( 'NONE', #506, 1000.000000000000000 ) ;
#99 = CIRCLE ( 'NONE', #2116, 12.50000000000000533 ) ;
#100 = EDGE_CURVE ( 'NONE', #3812, #3021, #3457, .T. ) ;
#101 = CARTESIAN_POINT ( 'NONE',  ( 21.67281267413515167, 6.044765569636400215, -1.188285581044112860E-13 ) ) ;
#102 = COLOUR_RGB ( '',0.7764705882352941346, 0.7568627450980391913, 0.7372549019607843590 ) ;
#103 =( LENGTH_UNIT ( ) NAMED_UNIT ( * ) SI_UNIT ( .MILLI., .METRE. ) );
#104 = STYLED_ITEM ( 'NONE', ( #478 ), #1174 ) ;
#105 = CIRCLE ( 'NONE', #3366, 4.500000000000000000 ) ;
#106 = EDGE_CURVE ( 'NONE', #32, #122, #1707, .T. ) ;
#107 = PRESENTATION_LAYER_ASSIGNMENT (  '', '', ( #1810 ) ) ;
#108 = DIRECTION ( 'NONE',  ( 0.6353906706864889120, -0.7721908414404912158, 1.503073264317127626E-17 ) ) ;
#109 = PRESENTATION_LAYER_ASSIGNMENT (  '', '', ( #1811 ) ) ;
#110 = ORIENTED_EDGE ( 'NONE', *, *, #3224, .F. ) ;
#111 = VERTEX_POINT ( 'NONE', #1982 ) ;
#112 = CYLINDRICAL_SURFACE ( 'NONE', #2575, 9.686500000000002331 ) ;
#113 = LINE ( 'NONE', #2498, #2392 ) ;
#114 = EDGE_CURVE ( 'NONE', #1865, #2780, #3223, .T. ) ;
#115 = ORIENTED_EDGE ( 'NONE', *, *, #84, .F. ) ;
#116 = CIRCLE ( 'NONE', #2334, 12.50000000000000533 ) ;
#117 = FILL_AREA_STYLE_COLOUR ( '', #2077 ) ;
#118 =( GEOMETRIC_REPRESENTATION_CONTEXT ( 3 ) GLOBAL_UNCERTAINTY_ASSIGNED_CONTEXT ( ( #92 ) ) GLOBAL_UNIT_ASSIGNED_CONTEXT ( ( #1043, #2637, #2268 ) ) REPRESENTATION_CONTEXT ( 'NONE', 'WORKASPACE' ) );
#119 = PRESENTATION_STYLE_ASSIGNMENT (( #2844 ) ) ;
#120 = CARTESIAN_POINT ( 'NONE',  ( 21.67281267413515167, 6.044765569636400215, 4.999999999999880096 ) ) ;
#121 = CARTESIAN_POINT ( 'NONE',  ( 58.16660029668184961, 13.44353415481432812, 1.734723475976807094E-15 ) ) ;
#122 = VERTEX_POINT ( 'NONE', #1686 ) ;
#123 = STYLED_ITEM ( 'NONE', ( #721 ), #3588 ) ;
#124 = CARTESIAN_POINT ( 'NONE',  ( 17.21735364650887234, 17.72375888469329297, 2.499999999999880984 ) ) ;
#125 = EDGE_LOOP ( 'NONE', ( #1233, #152, #943, #503 ) ) ;
#126 = ADVANCED_FACE ( 'NONE', ( #1387 ), #2620, .F. ) ;
#127 = VECTOR ( 'NONE', #1658, 1000.000000000000227 ) ;
#128 = CARTESIAN_POINT ( 'NONE',  ( 97.05394258709371513, -2.319284462422221527, 0.000000000000000000 ) ) ;
#129 = CARTESIAN_POINT ( 'NONE',  ( 23.88556488048605075, -3.385611407096251746, -1.188285581044112860E-13 ) ) ;
#130 = FACE_OUTER_BOUND ( 'NONE', #2550, .T. ) ;
#131 = EDGE_LOOP ( 'NONE', ( #239, #1861, #1442, #571 ) ) ;
#132 = CARTESIAN_POINT ( 'NONE',  ( 21.67281267413515167, 6.044765569636400215, -1.188285581044112860E-13 ) ) ;
#133 = ADVANCED_FACE ( 'NONE', ( #508 ), #1709, .T. ) ;
#134 = CARTESIAN_POINT ( 'NONE',  ( 26.97749847926802502, -2.060084259868266710, -1.188285581044112860E-13 ) ) ;
#135 = EDGE_CURVE ( 'NONE', #1066, #2786, #2802, .T. ) ;
#136 = ORIENTED_EDGE ( 'NONE', *, *, #2296, .T. ) ;
#137 = SURFACE_STYLE_FILL_AREA ( #968 ) ;
#138 =( GEOMETRIC_REPRESENTATION_CONTEXT ( 3 ) GLOBAL_UNCERTAINTY_ASSIGNED_CONTEXT ( ( #1444 ) ) GLOBAL_UNIT_ASSIGNED_CONTEXT ( ( #1783, #2137, #2425 ) ) REPRESENTATION_CONTEXT ( 'NONE', 'WORKASPACE' ) );
#139 = UNCERTAINTY_MEASURE_WITH_UNIT (LENGTH_MEASURE( 1.000000000000000082E-05 ), #3853, 'distance_accuracy_value', 'NONE');
#140 = LINE ( 'NONE', #1895, #3426 ) ;
#141 = AXIS2_PLACEMENT_3D ( 'NONE', #3525, #2607, #826 ) ;
#142 = EDGE_CURVE ( 'NONE', #2165, #1744, #1072, .T. ) ;
#143 = ORIENTED_EDGE ( 'NONE', *, *, #3359, .T. ) ;
#144 = SURFACE_STYLE_USAGE ( .BOTH. , #1399 ) ;
#145 = DIRECTION ( 'NONE',  ( 0.6501250953843409341, 0.7598271911109140131, -5.589541101712799601E-17 ) ) ;
#146 = VERTEX_POINT ( 'NONE', #3285 ) ;
#147 = CARTESIAN_POINT ( 'NONE',  ( 92.16216096302427729, -2.451302734827786267, 4.999999999999999112 ) ) ;
#148 = ADVANCED_FACE ( 'NONE', ( #2721 ), #893, .T. ) ;
#149 = CARTESIAN_POINT ( 'NONE',  ( 30.77984314712906766, 28.18517061820158887, 5.000000000000001776 ) ) ;
#150 = DIRECTION ( 'NONE',  ( 3.223082373619878746E-17, 4.598590846719930620E-17, 1.000000000000000000 ) ) ;
#151 = SURFACE_SIDE_STYLE ('',( #219 ) ) ;
#152 = ORIENTED_EDGE ( 'NONE', *, *, #2423, .F. ) ;
#153 = PRESENTATION_STYLE_ASSIGNMENT (( #403 ) ) ;
#154 = EDGE_CURVE ( 'NONE', #666, #474, #2042, .T. ) ;
#155 = CARTESIAN_POINT ( 'NONE',  ( 80.54029622352287276, 0.4137425037671572658, 9.382100710328515421E-16 ) ) ;
#156 = ORIENTED_EDGE ( 'NONE', *, *, #135, .T. ) ;
#157 = SURFACE_STYLE_USAGE ( .BOTH. , #2361 ) ;
#158 = DIRECTION ( 'NONE',  ( 3.223082373619878746E-17, 4.598590846719930620E-17, 1.000000000000000000 ) ) ;
#159 = DIRECTION ( 'NONE',  ( -0.3364821336160891962, -0.9416898500871527800, 2.841949995317117561E-17 ) ) ;
#160 =( NAMED_UNIT ( * ) PLANE_ANGLE_UNIT ( ) SI_UNIT ( $, .RADIAN. ) );
#161 = ORIENTED_EDGE ( 'NONE', *, *, #2076, .T. ) ;
#162 =( GEOMETRIC_REPRESENTATION_CONTEXT ( 3 ) GLOBAL_UNCERTAINTY_ASSIGNED_CONTEXT ( ( #3019 ) ) GLOBAL_UNIT_ASSIGNED_CONTEXT ( ( #256, #1519, #382 ) ) REPRESENTATION_CONTEXT ( 'NONE', 'WORKASPACE' ) );
#163 = COLOUR_RGB ( '',0.7764705882352941346, 0.7568627450980391913, 0.7372549019607843590 ) ;
#164 = CARTESIAN_POINT ( 'NONE',  ( 13.97422370705525196, 15.89269570322060154, 4.999999999999880096 ) ) ;
#165 = DIRECTION ( 'NONE',  ( 3.223082373619878746E-17, 4.598590846719930620E-17, 1.000000000000000000 ) ) ;
#166 = VERTEX_POINT ( 'NONE', #3646 ) ;
#167 = PRESENTATION_LAYER_ASSIGNMENT (  '', '', ( #1541 ) ) ;
#168 = CARTESIAN_POINT ( 'NONE',  ( 25.20005152494201539, 16.01051120345278633, -1.196959198423996895E-13 ) ) ;
#169 = AXIS2_PLACEMENT_3D ( 'NONE', #3891, #2411, #3580 ) ;
#170 = ORIENTED_EDGE ( 'NONE', *, *, #1794, .T. ) ;
#171 = CARTESIAN_POINT ( 'NONE',  ( 21.67281267413515167, 6.044765569636400215, -1.188285581044112860E-13 ) ) ;
#172 = STYLED_ITEM ( 'NONE', ( #3440 ), #2558 ) ;
#173 = DIRECTION ( 'NONE',  ( 4.800258967122366038E-17, 1.302709821111998600E-17, 1.000000000000000000 ) ) ;
#174 = ORIENTED_EDGE ( 'NONE', *, *, #497, .T. ) ;
#175 = FACE_OUTER_BOUND ( 'NONE', #929, .T. ) ;
#176 = DIRECTION ( 'NONE',  ( 3.223082373619878746E-17, 4.598590846719930620E-17, 1.000000000000000000 ) ) ;
#177 = PRESENTATION_LAYER_ASSIGNMENT (  '', '', ( #864 ) ) ;
#178 = CARTESIAN_POINT ( 'NONE',  ( 21.67281267413515167, 6.044765569636400215, -1.188285581044112860E-13 ) ) ;
#179 = FILL_AREA_STYLE ('',( #2911 ) ) ;
#180 =( NAMED_UNIT ( * ) PLANE_ANGLE_UNIT ( ) SI_UNIT ( $, .RADIAN. ) );
#181 = CARTESIAN_POINT ( 'NONE',  ( 30.67578221348813372, 0.5036429918500121561, 4.999999999999880096 ) ) ;
#182 = ORIENTED_EDGE ( 'NONE', *, *, #69, .T. ) ;
#183 = UNCERTAINTY_MEASURE_WITH_UNIT (LENGTH_MEASURE( 1.000000000000000082E-05 ), #1440, 'distance_accuracy_value', 'NONE');
#184 = CARTESIAN_POINT ( 'NONE',  ( 13.31134067219906925, -3.246939653886304455, 4.999999999999880984 ) ) ;
#185 = AXIS2_PLACEMENT_3D ( 'NONE', #1906, #343, #3725 ) ;
#186 =( NAMED_UNIT ( * ) PLANE_ANGLE_UNIT ( ) SI_UNIT ( $, .RADIAN. ) );
#187 = AXIS2_PLACEMENT_3D ( 'NONE', #2941, #1091, #195 ) ;
#188 = ORIENTED_EDGE ( 'NONE', *, *, #2492, .T. ) ;
#189 = EDGE_CURVE ( 'NONE', #3122, #1173, #1329, .T. ) ;
#190 = CARTESIAN_POINT ( 'NONE',  ( 21.67281267413515167, 6.044765569636400215, -1.188285581044112860E-13 ) ) ;
#191 = CARTESIAN_POINT ( 'NONE',  ( 25.00772252457048239, -3.986977859999401463, 4.999999999999880096 ) ) ;
#192 = PRESENTATION_LAYER_ASSIGNMENT (  '', '', ( #1883 ) ) ;
#193 = CARTESIAN_POINT ( 'NONE',  ( 14.80584321299972039, 14.08231683655875344, -1.188285581044112860E-13 ) ) ;
#194 = CARTESIAN_POINT ( 'NONE',  ( 17.77922145323962155, -3.783634470712842202, -1.179611963664228824E-13 ) ) ;
#195 = DIRECTION ( 'NONE',  ( 0.6353906706864889120, -0.7721908414404912158, 1.503073264317127626E-17 ) ) ;
#196 = ADVANCED_FACE ( 'NONE', ( #3330 ), #2103, .T. ) ;
#197 = VECTOR ( 'NONE', #3111, 1000.000000000000000 ) ;
#198 = CYLINDRICAL_SURFACE ( 'NONE', #2647, 9.686500000000002331 ) ;
#199 =( LENGTH_UNIT ( ) NAMED_UNIT ( * ) SI_UNIT ( .MILLI., .METRE. ) );
#200 = VERTEX_POINT ( 'NONE', #2812 ) ;
#201 = FILL_AREA_STYLE ('',( #1718 ) ) ;
#202 = DIRECTION ( 'NONE',  ( -0.6353906706864889120, 0.7721908414404912158, 0.000000000000000000 ) ) ;
#203 = CARTESIAN_POINT ( 'NONE',  ( 29.75165479824011427, 14.21978275136397762, -1.198349634650421891E-13 ) ) ;
#204 = CIRCLE ( 'NONE', #573, 12.50000000000000533 ) ;
#205 = EDGE_CURVE ( 'NONE', #2092, #346, #1712, .T. ) ;
#206 = ADVANCED_FACE ( 'NONE', ( #670 ), #3723, .T. ) ;
#207 = PRESENTATION_LAYER_ASSIGNMENT (  '', '', ( #2547 ) ) ;
#208 = CIRCLE ( 'NONE', #2419, 4.500000000000000000 ) ;
#209 = VERTEX_POINT ( 'NONE', #2201 ) ;
#210 = SURFACE_STYLE_FILL_AREA ( #1062 ) ;
#211 = EDGE_CURVE ( 'NONE', #3912, #200, #60, .T. ) ;
#212 = SURFACE_STYLE_USAGE ( .BOTH. , #3243 ) ;
#213 = CARTESIAN_POINT ( 'NONE',  ( 37.98137637465533345, 32.20741880427053871, 5.000000000000001776 ) ) ;
#214 = ADVANCED_FACE ( 'NONE', ( #1252 ), #2474, .T. ) ;
#215 = FILL_AREA_STYLE_COLOUR ( '', #3632 ) ;
#216 = DIRECTION ( 'NONE',  ( 3.223082373619878746E-17, 4.598590846719930620E-17, 1.000000000000000000 ) ) ;
#217 = CARTESIAN_POINT ( 'NONE',  ( 60.25903154448072740, 18.32057960730546853, 1.734723475976807094E-15 ) ) ;
#218 = DIRECTION ( 'NONE',  ( 3.223082373619878746E-17, 4.598590846719930620E-17, 1.000000000000000000 ) ) ;
#219 = SURFACE_STYLE_FILL_AREA ( #1687 ) ;
#220 =( LENGTH_UNIT ( ) NAMED_UNIT ( * ) SI_UNIT ( .MILLI., .METRE. ) );
#221 = FILL_AREA_STYLE ('',( #3189 ) ) ;
#222 = FILL_AREA_STYLE_COLOUR ( '', #931 ) ;
#223 = ORIENTED_EDGE ( 'NONE', *, *, #2000, .F. ) ;
#224 = DIRECTION ( 'NONE',  ( 0.6353906706864889120, -0.7721908414404912158, 1.503073264317127626E-17 ) ) ;
#225 = CARTESIAN_POINT ( 'NONE',  ( 99.06650787426137583, -5.602631737249589960, 4.999999999999999112 ) ) ;
#226 = EDGE_CURVE ( 'NONE', #3364, #1682, #2999, .T. ) ;
#227 = LINE ( 'NONE', #1413, #2362 ) ;
#228 = CARTESIAN_POINT ( 'NONE',  ( 21.67281267413515167, 6.044765569636400215, -1.188285581044112860E-13 ) ) ;
#229 = ORIENTED_EDGE ( 'NONE', *, *, #318, .F. ) ;
#230 = FACE_OUTER_BOUND ( 'NONE', #1943, .T. ) ;
#231 = SURFACE_SIDE_STYLE ('',( #3345 ) ) ;
#232 =( LENGTH_UNIT ( ) NAMED_UNIT ( * ) SI_UNIT ( .MILLI., .METRE. ) );
#233 = DIRECTION ( 'NONE',  ( 3.223082373619878746E-17, 4.598590846719930620E-17, 1.000000000000000000 ) ) ;
#234 =( LENGTH_UNIT ( ) NAMED_UNIT ( * ) SI_UNIT ( .MILLI., .METRE. ) );
#235 = SURFACE_SIDE_STYLE ('',( #3889 ) ) ;
#236 = PRESENTATION_STYLE_ASSIGNMENT (( #3332 ) ) ;
#237 = CARTESIAN_POINT ( 'NONE',  ( 11.21437295018893465, 4.502514458709399925, 4.999999999999880096 ) ) ;
#238 = STYLED_ITEM ( 'NONE', ( #2698 ), #2184 ) ;
#239 = ORIENTED_EDGE ( 'NONE', *, *, #3343, .T. ) ;
#240 = COLOUR_RGB ( '',0.7764705882352941346, 0.7568627450980391913, 0.7372549019607843590 ) ;
#241 = STYLED_ITEM ( 'NONE', ( #3729 ), #1841 ) ;
#242 = CARTESIAN_POINT ( 'NONE',  ( 12.34737340602445599, 3.424753221043534523, -1.179611963664228824E-13 ) ) ;
#243 = CARTESIAN_POINT ( 'NONE',  ( 22.81888463939673173, 15.66322705266171411, -1.188285581044112860E-13 ) ) ;
#244 = CIRCLE ( 'NONE', #1303, 2.999999999999997780 ) ;
#245 = ORIENTED_EDGE ( 'NONE', *, *, #3834, .T. ) ;
#246 = VERTEX_POINT ( 'NONE', #1944 ) ;
#247 = CIRCLE ( 'NONE', #2018, 4.500000000000000000 ) ;
#248 = ADVANCED_FACE ( 'NONE', ( #1328 ), #2876, .T. ) ;
#249 = EDGE_CURVE ( 'NONE', #1809, #1212, #479, .T. ) ;
#250 = DIRECTION ( 'NONE',  ( 0.6501250953843409341, 0.7598271911109142351, -5.589541101712972165E-17 ) ) ;
#251 =( GEOMETRIC_REPRESENTATION_CONTEXT ( 3 ) GLOBAL_UNCERTAINTY_ASSIGNED_CONTEXT ( ( #574 ) ) GLOBAL_UNIT_ASSIGNED_CONTEXT ( ( #451, #1075, #1433 ) ) REPRESENTATION_CONTEXT ( 'NONE', 'WORKASPACE' ) );
#252 = DIRECTION ( 'NONE',  ( -4.800258967122366038E-17, -1.302709821111998600E-17, -1.000000000000000000 ) ) ;
#253 = CIRCLE ( 'NONE', #3968, 12.50000000000000533 ) ;
#254 = CARTESIAN_POINT ( 'NONE',  ( 58.67205140383602924, 15.77470175611164827, 1.734723475976807094E-15 ) ) ;
#255 = SURFACE_STYLE_FILL_AREA ( #567 ) ;
#256 =( LENGTH_UNIT ( ) NAMED_UNIT ( * ) SI_UNIT ( .MILLI., .METRE. ) );
#257 = CIRCLE ( 'NONE', #3718, 4.500000000000000888 ) ;
#258 = ORIENTED_EDGE ( 'NONE', *, *, #633, .F. ) ;
#259 = AXIS2_PLACEMENT_3D ( 'NONE', #2785, #953, #3556 ) ;
#260 = FACE_OUTER_BOUND ( 'NONE', #3027, .T. ) ;
#261 = CARTESIAN_POINT ( 'NONE',  ( 11.21437295018893465, 4.502514458709399925, -1.179611963664228824E-13 ) ) ;
#262 = ORIENTED_EDGE ( 'NONE', *, *, #1068, .F. ) ;
#263 = DIRECTION ( 'NONE',  ( -0.6501250953843464853, -0.7598271911109094612, 5.589541101712970932E-17 ) ) ;
#264 = CIRCLE ( 'NONE', #3854, 12.50000000000000533 ) ;
#265 = LINE ( 'NONE', #2613, #3331 ) ;
#266 = ORIENTED_EDGE ( 'NONE', *, *, #2243, .T. ) ;
#267 = DIRECTION ( 'NONE',  ( -0.8611767468245417056, 0.5083056272841164347, 4.381539882963415767E-18 ) ) ;
#268 = LINE ( 'NONE', #971, #2059 ) ;
#269 = CYLINDRICAL_SURFACE ( 'NONE', #1544, 9.686500000000002331 ) ;
#270 = EDGE_CURVE ( 'NONE', #2456, #330, #3386, .T. ) ;
#271 = SURFACE_STYLE_USAGE ( .BOTH. , #1806 ) ;
#272 = FILL_AREA_STYLE ('',( #2159 ) ) ;
#273 = FILL_AREA_STYLE_COLOUR ( '', #2323 ) ;
#274 = VERTEX_POINT ( 'NONE', #147 ) ;
#275 = LINE ( 'NONE', #3949, #1180 ) ;
#276 = EDGE_CURVE ( 'NONE', #2434, #2890, #3916, .T. ) ;
#277 = FILL_AREA_STYLE ('',( #2704 ) ) ;
#278 = LINE ( 'NONE', #2705, #2893 ) ;
#279 = ORIENTED_EDGE ( 'NONE', *, *, #2539, .F. ) ;
#280 = CARTESIAN_POINT ( 'NONE',  ( 56.91506107130830827, 12.61670311563442581, 5.000000000000000888 ) ) ;
#281 = DIRECTION ( 'NONE',  ( 0.6353906706864890230, -0.7721908414404909937, 1.503073264317039496E-17 ) ) ;
#282 =( LENGTH_UNIT ( ) NAMED_UNIT ( * ) SI_UNIT ( .MILLI., .METRE. ) );
#283 = VERTEX_POINT ( 'NONE', #1107 ) ;
#284 = CARTESIAN_POINT ( 'NONE',  ( 26.03947561777780706, 14.69118315072847203, -1.196959198423996895E-13 ) ) ;
#285 = CIRCLE ( 'NONE', #3416, 4.500000000000000000 ) ;
#286 =( LENGTH_UNIT ( ) NAMED_UNIT ( * ) SI_UNIT ( .MILLI., .METRE. ) );
#287 = ORIENTED_EDGE ( 'NONE', *, *, #701, .F. ) ;
#288 = CIRCLE ( 'NONE', #3225, 4.500000000000000000 ) ;
#289 =( LENGTH_UNIT ( ) NAMED_UNIT ( * ) SI_UNIT ( .MILLI., .METRE. ) );
#290 = FACE_OUTER_BOUND ( 'NONE', #1557, .T. ) ;
#291 = STYLED_ITEM ( 'NONE', ( #119 ), #2310 ) ;
#292 =( LENGTH_UNIT ( ) NAMED_UNIT ( * ) SI_UNIT ( .MILLI., .METRE. ) );
#293 = ORIENTED_EDGE ( 'NONE', *, *, #189, .F. ) ;
#294 = FACE_OUTER_BOUND ( 'NONE', #2566, .T. ) ;
#295 = UNCERTAINTY_MEASURE_WITH_UNIT (LENGTH_MEASURE( 1.000000000000000082E-05 ), #1348, 'distance_accuracy_value', 'NONE');
#296 = AXIS2_PLACEMENT_3D ( 'NONE', #1097, #492, #2276 ) ;
#297 = VECTOR ( 'NONE', #3395, 1000.000000000000000 ) ;
#298 = ORIENTED_EDGE ( 'NONE', *, *, #1703, .F. ) ;
#299 = DIRECTION ( 'NONE',  ( -0.8343594835823761047, -0.5512206927866103445, 0.000000000000000000 ) ) ;
#300 = CIRCLE ( 'NONE', #1184, 9.686500000000002331 ) ;
#301 = EDGE_CURVE ( 'NONE', #415, #3392, #3322, .T. ) ;
#302 = MECHANICAL_DESIGN_GEOMETRIC_PRESENTATION_REPRESENTATION (  '', ( #2010 ), #1306 ) ;
#303 = DIRECTION ( 'NONE',  ( 3.223082373619878746E-17, 4.598590846719930620E-17, 1.000000000000000000 ) ) ;
#304 = SURFACE_STYLE_FILL_AREA ( #591 ) ;
#305 = COLOUR_RGB ( '',0.7764705882352941346, 0.7568627450980391913, 0.7372549019607843590 ) ;
#306 = ORIENTED_EDGE ( 'NONE', *, *, #2423, .T. ) ;
#307 = ORIENTED_EDGE ( 'NONE', *, *, #1249, .T. ) ;
#308 =( GEOMETRIC_REPRESENTATION_CONTEXT ( 3 ) GLOBAL_UNCERTAINTY_ASSIGNED_CONTEXT ( ( #1959 ) ) GLOBAL_UNIT_ASSIGNED_CONTEXT ( ( #3446, #685, #1633 ) ) REPRESENTATION_CONTEXT ( 'NONE', 'WORKASPACE' ) );
#309 = DIRECTION ( 'NONE',  ( 3.223082373619878746E-17, 4.598590846719930620E-17, 1.000000000000000000 ) ) ;
#310 = ORIENTED_EDGE ( 'NONE', *, *, #2253, .T. ) ;
#311 = CARTESIAN_POINT ( 'NONE',  ( 18.33790282369988134, 16.07650899927222810, 4.999999999999880096 ) ) ;
#312 = SURFACE_SIDE_STYLE ('',( #332 ) ) ;
#313 = ADVANCED_FACE ( 'NONE', ( #811 ), #2616, .T. ) ;
#314 = DIRECTION ( 'NONE',  ( 0.9876251117499666998, 0.1568331554259680960, -4.945164390682398972E-17 ) ) ;
#315 = ORIENTED_EDGE ( 'NONE', *, *, #2617, .F. ) ;
#316 = DIRECTION ( 'NONE',  ( -0.8486259503979436403, 0.5289933802149009434, 3.384499456421283566E-17 ) ) ;
#317 = VECTOR ( 'NONE', #364, 1000.000000000000000 ) ;
#318 = EDGE_CURVE ( 'NONE', #3812, #3337, #2832, .T. ) ;
#319 = DIRECTION ( 'NONE',  ( 3.223082373619878746E-17, 4.598590846719930620E-17, 1.000000000000000000 ) ) ;
#320 = CARTESIAN_POINT ( 'NONE',  ( 81.79183544889644963, 1.240573542947079666, 5.000000000000000000 ) ) ;
#321 = SURFACE_STYLE_FILL_AREA ( #2121 ) ;
#322 = ADVANCED_FACE ( 'NONE', ( #65 ), #1564, .T. ) ;
#323 = ORIENTED_EDGE ( 'NONE', *, *, #1402, .T. ) ;
#324 = DIRECTION ( 'NONE',  ( 0.000000000000000000, 0.000000000000000000, 1.000000000000000000 ) ) ;
#325 = ORIENTED_EDGE ( 'NONE', *, *, #3933, .T. ) ;
#326 = CARTESIAN_POINT ( 'NONE',  ( 58.67205140383602924, 15.77470175611164827, 5.000000000000000888 ) ) ;
#327 = ORIENTED_EDGE ( 'NONE', *, *, #30, .F. ) ;
#328 = CARTESIAN_POINT ( 'NONE',  ( 25.00772252457048239, -3.986977859999401463, -1.188285581044112860E-13 ) ) ;
#329 = FILL_AREA_STYLE ('',( #1779 ) ) ;
#330 = VERTEX_POINT ( 'NONE', #1270 ) ;
#331 = FILL_AREA_STYLE_COLOUR ( '', #2391 ) ;
#332 = SURFACE_STYLE_FILL_AREA ( #2461 ) ;
#333 = UNCERTAINTY_MEASURE_WITH_UNIT (LENGTH_MEASURE( 1.000000000000000082E-05 ), #2223, 'distance_accuracy_value', 'NONE');
#334 = SURFACE_STYLE_FILL_AREA ( #1893 ) ;
#335 =( NAMED_UNIT ( * ) PLANE_ANGLE_UNIT ( ) SI_UNIT ( $, .RADIAN. ) );
#336 = ORIENTED_EDGE ( 'NONE', *, *, #2056, .F. ) ;
#337 = CARTESIAN_POINT ( 'NONE',  ( 21.68574971586973632, -0.6452219216041034100, 3.469446951953614189E-15 ) ) ;
#338 = DIRECTION ( 'NONE',  ( -4.800258967122365422E-17, -1.302709821111998446E-17, -1.000000000000000000 ) ) ;
#339 = DIRECTION ( 'NONE',  ( 3.223082373619878746E-17, 4.598590846719930620E-17, 1.000000000000000000 ) ) ;
#340 = VECTOR ( 'NONE', #3541, 1000.000000000000000 ) ;
#341 = VERTEX_POINT ( 'NONE', #2168 ) ;
#342 = FILL_AREA_STYLE_COLOUR ( '', #2957 ) ;
#343 = DIRECTION ( 'NONE',  ( 3.223082373619878746E-17, 4.598590846719930620E-17, 1.000000000000000000 ) ) ;
#344 = ORIENTED_EDGE ( 'NONE', *, *, #2134, .T. ) ;
#345 = VECTOR ( 'NONE', #2144, 1000.000000000000114 ) ;
#346 = VERTEX_POINT ( 'NONE', #3429 ) ;
#347 = COLOUR_RGB ( '',0.7921568627450980005, 0.8196078431372548767, 0.9333333333333333481 ) ;
#348 = AXIS2_PLACEMENT_3D ( 'NONE', #101, #2524, #3365 ) ;
#349 = EDGE_CURVE ( 'NONE', #2673, #1865, #3414, .T. ) ;
#350 = EDGE_LOOP ( 'NONE', ( #1601, #325, #2404, #3171 ) ) ;
#351 = DIRECTION ( 'NONE',  ( -0.8343594835823761047, -0.5512206927866103445, 4.723222202963157133E-17 ) ) ;
#352 = CYLINDRICAL_SURFACE ( 'NONE', #3572, 4.500000000000000000 ) ;
#353 =( GEOMETRIC_REPRESENTATION_CONTEXT ( 3 ) GLOBAL_UNCERTAINTY_ASSIGNED_CONTEXT ( ( #295 ) ) GLOBAL_UNIT_ASSIGNED_CONTEXT ( ( #1348, #3492, #3148 ) ) REPRESENTATION_CONTEXT ( 'NONE', 'WORKASPACE' ) );
#354 = LINE ( 'NONE', #3381, #3074 ) ;
#355 = CIRCLE ( 'NONE', #3105, 12.50000000000000533 ) ;
#356 = MECHANICAL_DESIGN_GEOMETRIC_PRESENTATION_REPRESENTATION (  '', ( #3126 ), #3759 ) ;
#357 = CARTESIAN_POINT ( 'NONE',  ( 9.445223905119885188, 8.640160124584049584, -1.188285581044112860E-13 ) ) ;
#358 = ORIENTED_EDGE ( 'NONE', *, *, #2727, .T. ) ;
#359 = AXIS2_PLACEMENT_3D ( 'NONE', #2155, #1491, #1219 ) ;
#360 = DIRECTION ( 'NONE',  ( -0.009617212702353760204, -0.9999537535405512712, 0.000000000000000000 ) ) ;
#361 = ORIENTED_EDGE ( 'NONE', *, *, #1031, .T. ) ;
#362 = ADVANCED_FACE ( 'NONE', ( #3163 ), #932, .T. ) ;
#363 = COLOUR_RGB ( '',0.7921568627450980005, 0.8196078431372548767, 0.9333333333333333481 ) ;
#364 = DIRECTION ( 'NONE',  ( 3.223082373619878746E-17, 4.598590846719930620E-17, 1.000000000000000000 ) ) ;
#365 = DIRECTION ( 'NONE',  ( -4.800258967122366038E-17, -1.302709821111998600E-17, -1.000000000000000000 ) ) ;
#366 = ORIENTED_EDGE ( 'NONE', *, *, #1138, .F. ) ;
#367 = AXIS2_PLACEMENT_3D ( 'NONE', #1630, #2869, #1027 ) ;
#368 = FILL_AREA_STYLE ('',( #657 ) ) ;
#369 = COLOUR_RGB ( '',0.7764705882352941346, 0.7568627450980391913, 0.7372549019607843590 ) ;
#370 = VERTEX_POINT ( 'NONE', #2814 ) ;
#371 = SURFACE_STYLE_USAGE ( .BOTH. , #1866 ) ;
#372 = EDGE_CURVE ( 'NONE', #2124, #884, #1800, .T. ) ;
#373 = MECHANICAL_DESIGN_GEOMETRIC_PRESENTATION_REPRESENTATION (  '', ( #2143 ), #3716 ) ;
#374 = UNCERTAINTY_MEASURE_WITH_UNIT (LENGTH_MEASURE( 1.000000000000000082E-05 ), #3192, 'distance_accuracy_value', 'NONE');
#375 = SURFACE_STYLE_USAGE ( .BOTH. , #410 ) ;
#376 = DIRECTION ( 'NONE',  ( 4.800258967122366038E-17, 1.302709821111998600E-17, 1.000000000000000000 ) ) ;
#377 = AXIS2_PLACEMENT_3D ( 'NONE', #941, #3399, #281 ) ;
#378 = DIRECTION ( 'NONE',  ( -4.800258967122366038E-17, -1.302709821111998600E-17, -1.000000000000000000 ) ) ;
#379 = ORIENTED_EDGE ( 'NONE', *, *, #2767, .F. ) ;
#380 = AXIS2_PLACEMENT_3D ( 'NONE', #1065, #3530, #3218 ) ;
#381 = DIRECTION ( 'NONE',  ( -0.8343594835823755496, -0.5512206927866112327, 4.723222202963162679E-17 ) ) ;
#382 =( NAMED_UNIT ( * ) SI_UNIT ( $, .STERADIAN. ) SOLID_ANGLE_UNIT ( ) );
#383 = ORIENTED_EDGE ( 'NONE', *, *, #1192, .T. ) ;
#384 =( LENGTH_UNIT ( ) NAMED_UNIT ( * ) SI_UNIT ( .MILLI., .METRE. ) );
#385 = EDGE_CURVE ( 'NONE', #2762, #987, #1905, .T. ) ;
#386 =( NAMED_UNIT ( * ) SI_UNIT ( $, .STERADIAN. ) SOLID_ANGLE_UNIT ( ) );
#387 = COLOUR_RGB ( '',0.7764705882352941346, 0.7568627450980391913, 0.7372549019607843590 ) ;
#388 =( NAMED_UNIT ( * ) PLANE_ANGLE_UNIT ( ) SI_UNIT ( $, .RADIAN. ) );
#389 = CARTESIAN_POINT ( 'NONE',  ( 58.20155193755812917, 18.73757709136154759, 1.734723475976807094E-15 ) ) ;
#390 = ORIENTED_EDGE ( 'NONE', *, *, #2537, .F. ) ;
#391 = SURFACE_SIDE_STYLE ('',( #1569 ) ) ;
#392 = ORIENTED_EDGE ( 'NONE', *, *, #3613, .F. ) ;
#393 = FILL_AREA_STYLE_COLOUR ( '', #240 ) ;
#394 = FILL_AREA_STYLE ('',( #955 ) ) ;
#395 = FILL_AREA_STYLE ('',( #1917 ) ) ;
#396 = DIRECTION ( 'NONE',  ( 3.223082373619878746E-17, 4.598590846719930620E-17, 1.000000000000000000 ) ) ;
#397 = EDGE_LOOP ( 'NONE', ( #1505, #835, #3376, #3706 ) ) ;
#398 = LINE ( 'NONE', #2162, #93 ) ;
#399 =( NAMED_UNIT ( * ) SI_UNIT ( $, .STERADIAN. ) SOLID_ANGLE_UNIT ( ) );
#400 = SURFACE_STYLE_FILL_AREA ( #1904 ) ;
#401 = DIRECTION ( 'NONE',  ( 4.800258967122366038E-17, 1.302709821111998600E-17, 1.000000000000000000 ) ) ;
#402 = ORIENTED_EDGE ( 'NONE', *, *, #142, .F. ) ;
#403 = SURFACE_STYLE_USAGE ( .BOTH. , #1093 ) ;
#404 = ORIENTED_EDGE ( 'NONE', *, *, #833, .T. ) ;
#405 = SURFACE_SIDE_STYLE ('',( #2255 ) ) ;
#406 = COLOUR_RGB ( '',0.7764705882352941346, 0.7568627450980391913, 0.7372549019607843590 ) ;
#407 =( NAMED_UNIT ( * ) PLANE_ANGLE_UNIT ( ) SI_UNIT ( $, .RADIAN. ) );
#408 = SURFACE_SIDE_STYLE ('',( #742 ) ) ;
#409 = UNCERTAINTY_MEASURE_WITH_UNIT (LENGTH_MEASURE( 1.000000000000000082E-05 ), #473, 'distance_accuracy_value', 'NONE');
#410 = SURFACE_SIDE_STYLE ('',( #334 ) ) ;
#411 = EDGE_CURVE ( 'NONE', #2642, #1212, #1000, .T. ) ;
#412 = AXIS2_PLACEMENT_3D ( 'NONE', #2612, #440, #1940 ) ;
#413 = SURFACE_SIDE_STYLE ('',( #94 ) ) ;
#414 = SURFACE_SIDE_STYLE ('',( #702 ) ) ;
#415 = VERTEX_POINT ( 'NONE', #1403 ) ;
#416 = COLOUR_RGB ( '',0.7764705882352941346, 0.7568627450980391913, 0.7372549019607843590 ) ;
#417 = DIRECTION ( 'NONE',  ( 0.6353906706864890230, -0.7721908414404909937, 0.000000000000000000 ) ) ;
#418 = ORIENTED_EDGE ( 'NONE', *, *, #2805, .T. ) ;
#419 =( NAMED_UNIT ( * ) SI_UNIT ( $, .STERADIAN. ) SOLID_ANGLE_UNIT ( ) );
#420 = PRESENTATION_LAYER_ASSIGNMENT (  '', '', ( #104 ) ) ;
#421 = ADVANCED_FACE ( 'NONE', ( #1088 ), #1109, .T. ) ;
#422 = COLOUR_RGB ( '',0.7764705882352941346, 0.7568627450980391913, 0.7372549019607843590 ) ;
#423 = DIRECTION ( 'NONE',  ( -0.8707939595268988642, -0.4916481262564371679, 5.067529235215587544E-17 ) ) ;
#424 = FACE_OUTER_BOUND ( 'NONE', #3219, .T. ) ;
#425 = SURFACE_STYLE_FILL_AREA ( #2512 ) ;
#426 = ORIENTED_EDGE ( 'NONE', *, *, #430, .F. ) ;
#427 = CIRCLE ( 'NONE', #867, 12.50000000000000533 ) ;
#428 = CARTESIAN_POINT ( 'NONE',  ( 22.81888463939673173, 15.66322705266171411, -1.188285581044112860E-13 ) ) ;
#429 = CARTESIAN_POINT ( 'NONE',  ( 21.67281267413515167, 6.044765569636400215, -1.188285581044112860E-13 ) ) ;
#430 = EDGE_CURVE ( 'NONE', #3147, #755, #3883, .T. ) ;
#431 = ORIENTED_EDGE ( 'NONE', *, *, #349, .F. ) ;
#432 = SURFACE_STYLE_USAGE ( .BOTH. , #405 ) ;
#433 = PRESENTATION_STYLE_ASSIGNMENT (( #73 ) ) ;
#434 = LINE ( 'NONE', #337, #1558 ) ;
#435 = STYLED_ITEM ( 'NONE', ( #2043 ), #3473 ) ;
#436 = CIRCLE ( 'NONE', #615, 4.500000000000000000 ) ;
#437 = AXIS2_PLACEMENT_3D ( 'NONE', #3805, #1896, #3137 ) ;
#438 = ORIENTED_EDGE ( 'NONE', *, *, #600, .F. ) ;
#439 = EDGE_CURVE ( 'NONE', #370, #666, #285, .T. ) ;
#440 = DIRECTION ( 'NONE',  ( 3.223082373619878746E-17, 4.598590846719930620E-17, 1.000000000000000000 ) ) ;
#441 =( GEOMETRIC_REPRESENTATION_CONTEXT ( 3 ) GLOBAL_UNCERTAINTY_ASSIGNED_CONTEXT ( ( #1642 ) ) GLOBAL_UNIT_ASSIGNED_CONTEXT ( ( #1248, #3101, #1874 ) ) REPRESENTATION_CONTEXT ( 'NONE', 'WORKASPACE' ) );
#442 = DIRECTION ( 'NONE',  ( 3.223082373619878746E-17, 4.598590846719930620E-17, 1.000000000000000000 ) ) ;
#443 = ORIENTED_EDGE ( 'NONE', *, *, #226, .T. ) ;
#444 = DIRECTION ( 'NONE',  ( -4.800258967122366038E-17, -1.302709821111998600E-17, -1.000000000000000000 ) ) ;
#445 = CARTESIAN_POINT ( 'NONE',  ( 12.47096770804380306, 11.24895130504122420, 4.999999999999880096 ) ) ;
#446 = ORIENTED_EDGE ( 'NONE', *, *, #2539, .T. ) ;
#447 = AXIS2_PLACEMENT_3D ( 'NONE', #579, #2756, #1191 ) ;
#448 = DIRECTION ( 'NONE',  ( 0.6353906706864889120, -0.7721908414404911047, 1.503073264317007448E-17 ) ) ;
#449 = DIRECTION ( 'NONE',  ( -3.223082373619878746E-17, -4.598590846719930620E-17, -1.000000000000000000 ) ) ;
#450 = AXIS2_PLACEMENT_3D ( 'NONE', #3342, #1801, #3042 ) ;
#451 =( LENGTH_UNIT ( ) NAMED_UNIT ( * ) SI_UNIT ( .MILLI., .METRE. ) );
#452 = ORIENTED_EDGE ( 'NONE', *, *, #1598, .F. ) ;
#453 = CYLINDRICAL_SURFACE ( 'NONE', #3302, 4.500000000000000000 ) ;
#454 = PRESENTATION_STYLE_ASSIGNMENT (( #12 ) ) ;
#455 = FACE_OUTER_BOUND ( 'NONE', #841, .T. ) ;
#456 = DIRECTION ( 'NONE',  ( 0.9864322206003919291, 0.1641690414218817673, -3.934298554185406715E-17 ) ) ;
#457 = ORIENTED_EDGE ( 'NONE', *, *, #2839, .F. ) ;
#458 = UNCERTAINTY_MEASURE_WITH_UNIT (LENGTH_MEASURE( 1.000000000000000082E-05 ), #3681, 'distance_accuracy_value', 'NONE');
#459 = DIRECTION ( 'NONE',  ( 3.223082373619878746E-17, 4.598590846719930620E-17, 1.000000000000000000 ) ) ;
#460 = PRESENTATION_STYLE_ASSIGNMENT (( #1921 ) ) ;
#461 = ORIENTED_EDGE ( 'NONE', *, *, #1402, .F. ) ;
#462 = DIRECTION ( 'NONE',  ( 3.223082373619878746E-17, 4.598590846719930620E-17, 1.000000000000000000 ) ) ;
#463 = SURFACE_STYLE_USAGE ( .BOTH. , #734 ) ;
#464 =( LENGTH_UNIT ( ) NAMED_UNIT ( * ) SI_UNIT ( .MILLI., .METRE. ) );
#465 = CARTESIAN_POINT ( 'NONE',  ( 22.10547884697317755, 18.53727532480096230, 2.499999999999880540 ) ) ;
#466 = DIRECTION ( 'NONE',  ( 3.223082373619878746E-17, 4.598590846719930620E-17, 1.000000000000000000 ) ) ;
#467 = VERTEX_POINT ( 'NONE', #1708 ) ;
#468 = FILL_AREA_STYLE_COLOUR ( '', #979 ) ;
#469 = DIRECTION ( 'NONE',  ( 0.3329671022960500881, -0.9429384437960792731, 0.000000000000000000 ) ) ;
#470 = FACE_OUTER_BOUND ( 'NONE', #529, .T. ) ;
#471 = FILL_AREA_STYLE ('',( #2630 ) ) ;
#472 = AXIS2_PLACEMENT_3D ( 'NONE', #168, #2286, #1660 ) ;
#473 =( LENGTH_UNIT ( ) NAMED_UNIT ( * ) SI_UNIT ( .MILLI., .METRE. ) );
#474 = VERTEX_POINT ( 'NONE', #3862 ) ;
#475 = MECHANICAL_DESIGN_GEOMETRIC_PRESENTATION_REPRESENTATION (  '', ( #3548 ), #2703 ) ;
#476 = FILL_AREA_STYLE_COLOUR ( '', #2643 ) ;
#477 = AXIS2_PLACEMENT_3D ( 'NONE', #2238, #2506, #2852 ) ;
#478 = PRESENTATION_STYLE_ASSIGNMENT (( #2549 ) ) ;
#479 = LINE ( 'NONE', #213, #127 ) ;
#480 = COLOUR_RGB ( '',0.7921568627450980005, 0.8196078431372548767, 0.9333333333333333481 ) ;
#481 = ORIENTED_EDGE ( 'NONE', *, *, #1134, .F. ) ;
#482 = DIRECTION ( 'NONE',  ( 3.223082373619878746E-17, 4.598590846719930620E-17, 1.000000000000000000 ) ) ;
#483 = DIRECTION ( 'NONE',  ( 3.223082373619878746E-17, 4.598590846719930620E-17, 1.000000000000000000 ) ) ;
#484 = AXIS2_PLACEMENT_3D ( 'NONE', #2351, #837, #3612 ) ;
#485 = DIRECTION ( 'NONE',  ( -0.6353906706864889120, 0.7721908414404912158, 0.000000000000000000 ) ) ;
#486 = EDGE_CURVE ( 'NONE', #85, #1809, #3575, .T. ) ;
#487 = LINE ( 'NONE', #428, #1357 ) ;
#488 = CARTESIAN_POINT ( 'NONE',  ( 12.66984313478220514, 11.58588814742284434, -1.188285581044112860E-13 ) ) ;
#489 = PRESENTATION_LAYER_ASSIGNMENT (  '', '', ( #1683 ) ) ;
#490 = VECTOR ( 'NONE', #3850, 1000.000000000000000 ) ;
#491 = ORIENTED_EDGE ( 'NONE', *, *, #733, .F. ) ;
#492 = DIRECTION ( 'NONE',  ( 3.223082373619878746E-17, 4.598590846719930620E-17, 1.000000000000000000 ) ) ;
#493 = PRESENTATION_STYLE_ASSIGNMENT (( #3896 ) ) ;
#494 = COLOUR_RGB ( '',0.7764705882352941346, 0.7568627450980391913, 0.7372549019607843590 ) ;
#495 = DIRECTION ( 'NONE',  ( 3.223082373619878746E-17, 4.598590846719930620E-17, 1.000000000000000000 ) ) ;
#496 = AXIS2_PLACEMENT_3D ( 'NONE', #2955, #1463, #539 ) ;
#497 = EDGE_CURVE ( 'NONE', #3021, #274, #1981, .T. ) ;
#498 = ORIENTED_EDGE ( 'NONE', *, *, #106, .T. ) ;
#499 = MECHANICAL_DESIGN_GEOMETRIC_PRESENTATION_REPRESENTATION (  '', ( #2921 ), #803 ) ;
#500 = UNCERTAINTY_MEASURE_WITH_UNIT (LENGTH_MEASURE( 1.000000000000000082E-05 ), #2477, 'distance_accuracy_value', 'NONE');
#501 = PRESENTATION_STYLE_ASSIGNMENT (( #212 ) ) ;
#502 =( GEOMETRIC_REPRESENTATION_CONTEXT ( 3 ) GLOBAL_UNCERTAINTY_ASSIGNED_CONTEXT ( ( #2520 ) ) GLOBAL_UNIT_ASSIGNED_CONTEXT ( ( #2248, #2594, #3552 ) ) REPRESENTATION_CONTEXT ( 'NONE', 'WORKASPACE' ) );
#503 = ORIENTED_EDGE ( 'NONE', *, *, #3682, .T. ) ;
#504 = PRESENTATION_STYLE_ASSIGNMENT (( #3245 ) ) ;
#505 = CIRCLE ( 'NONE', #3583, 4.500000000000000000 ) ;
#506 = DIRECTION ( 'NONE',  ( 3.223082373619878746E-17, 4.598590846719930620E-17, 1.000000000000000000 ) ) ;
#507 = CARTESIAN_POINT ( 'NONE',  ( 28.39581874401277162, 14.20311646506620917, 4.999999999999879208 ) ) ;
#508 = FACE_OUTER_BOUND ( 'NONE', #1, .T. ) ;
#509 = MECHANICAL_DESIGN_GEOMETRIC_PRESENTATION_REPRESENTATION (  '', ( #3066 ), #1826 ) ;
#510 = AXIS2_PLACEMENT_3D ( 'NONE', #1459, #586, #1782 ) ;
#511 = SURFACE_STYLE_FILL_AREA ( #566 ) ;
#512 = CARTESIAN_POINT ( 'NONE',  ( 17.21735364650887234, 17.72375888469329297, 4.999999999999880096 ) ) ;
#513 = FACE_OUTER_BOUND ( 'NONE', #2744, .T. ) ;
#514 = VERTEX_POINT ( 'NONE', #3266 ) ;
#515 = CARTESIAN_POINT ( 'NONE',  ( 60.25903154448072740, 18.32057960730547208, 1.734723475976807094E-15 ) ) ;
#516 = COLOUR_RGB ( '',0.7764705882352941346, 0.7568627450980391913, 0.7372549019607843590 ) ;
#517 = DIRECTION ( 'NONE',  ( 0.000000000000000000, 1.000000000000000000, 0.000000000000000000 ) ) ;
#518 = PRESENTATION_LAYER_ASSIGNMENT (  '', '', ( #1641 ) ) ;
#519 = SURFACE_STYLE_FILL_AREA ( #1722 ) ;
#520 =( GEOMETRIC_REPRESENTATION_CONTEXT ( 3 ) GLOBAL_UNCERTAINTY_ASSIGNED_CONTEXT ( ( #1677 ) ) GLOBAL_UNIT_ASSIGNED_CONTEXT ( ( #2633, #3282, #2085 ) ) REPRESENTATION_CONTEXT ( 'NONE', 'WORKASPACE' ) );
#521 = ORIENTED_EDGE ( 'NONE', *, *, #1891, .T. ) ;
#522 = CARTESIAN_POINT ( 'NONE',  ( 64.69975104248845810, 11.62439978087056147, 5.000000000000000888 ) ) ;
#523 = DIRECTION ( 'NONE',  ( 0.6353906706864889120, -0.7721908414404912158, 1.503073264317127626E-17 ) ) ;
#524 = STYLED_ITEM ( 'NONE', ( #2971 ), #1542 ) ;
#525 = CARTESIAN_POINT ( 'NONE',  ( 21.67281267413515167, 6.044765569636400215, -1.188285581044112860E-13 ) ) ;
#526 = SURFACE_SIDE_STYLE ('',( #672 ) ) ;
#527 = CARTESIAN_POINT ( 'NONE',  ( 98.19516258861668234, 0.4551734861010462430, 4.999999999999999112 ) ) ;
#528 = DIRECTION ( 'NONE',  ( -4.800258967122366038E-17, -1.302709821111998600E-17, -1.000000000000000000 ) ) ;
#529 = EDGE_LOOP ( 'NONE', ( #611, #310, #2170, #3585 ) ) ;
#530 = DIRECTION ( 'NONE',  ( 0.8611767468245452584, -0.5083056272841105505, -4.381539882965520423E-18 ) ) ;
#531 = PRESENTATION_STYLE_ASSIGNMENT (( #3587 ) ) ;
#532 = DIRECTION ( 'NONE',  ( 3.223082373619878746E-17, 4.598590846719930620E-17, 1.000000000000000000 ) ) ;
#533 = ORIENTED_EDGE ( 'NONE', *, *, #1192, .F. ) ;
#534 = UNCERTAINTY_MEASURE_WITH_UNIT (LENGTH_MEASURE( 1.000000000000000082E-05 ), #464, 'distance_accuracy_value', 'NONE');
#535 =( LENGTH_UNIT ( ) NAMED_UNIT ( * ) SI_UNIT ( .MILLI., .METRE. ) );
#536 = CARTESIAN_POINT ( 'NONE',  ( 22.81888463939673173, 15.66322705266171411, 4.999999999999879208 ) ) ;
#537 =( NAMED_UNIT ( * ) SI_UNIT ( $, .STERADIAN. ) SOLID_ANGLE_UNIT ( ) );
#538 = ORIENTED_EDGE ( 'NONE', *, *, #3760, .T. ) ;
#539 = DIRECTION ( 'NONE',  ( -0.9830921976803940199, 0.1831112526851728095, 0.000000000000000000 ) ) ;
#540 = EDGE_CURVE ( 'NONE', #1276, #1996, #716, .T. ) ;
#541 = FILL_AREA_STYLE ('',( #2120 ) ) ;
#542 = DIRECTION ( 'NONE',  ( -3.223082373619878746E-17, -4.598590846719930620E-17, -1.000000000000000000 ) ) ;
#543 = EDGE_CURVE ( 'NONE', #3529, #2762, #2860, .T. ) ;
#544 = FACE_OUTER_BOUND ( 'NONE', #2996, .T. ) ;
#545 = DIRECTION ( 'NONE',  ( -0.8343594835823753275, -0.5512206927866114547, 0.000000000000000000 ) ) ;
#546 = AXIS2_PLACEMENT_3D ( 'NONE', #525, #3380, #1450 ) ;
#547 = APPLICATION_CONTEXT ( 'automotive_design' ) ;
#548 = ORIENTED_EDGE ( 'NONE', *, *, #2775, .F. ) ;
#549 = DIRECTION ( 'NONE',  ( -0.8343594835823713307, -0.5512206927866176720, 0.000000000000000000 ) ) ;
#550 = CARTESIAN_POINT ( 'NONE',  ( 21.67281267413489942, 4.544765569636152414, 4.999999999999999112 ) ) ;
#551 = CARTESIAN_POINT ( 'NONE',  ( 29.85402561212487882, -3.406041531520070276, -1.188285581044112860E-13 ) ) ;
#552 = AXIS2_PLACEMENT_3D ( 'NONE', #1488, #3292, #898 ) ;
#553 = PRESENTATION_STYLE_ASSIGNMENT (( #828 ) ) ;
#554 = DIRECTION ( 'NONE',  ( 3.223082373619878746E-17, 4.598590846719930620E-17, 1.000000000000000000 ) ) ;
#555 = COLOUR_RGB ( '',0.7764705882352941346, 0.7568627450980391913, 0.7372549019607843590 ) ;
#556 = SURFACE_STYLE_FILL_AREA ( #2693 ) ;
#557 = EDGE_LOOP ( 'NONE', ( #703, #1351, #2557, #3520 ) ) ;
#558 = CARTESIAN_POINT ( 'NONE',  ( 11.24597051076659326, 7.787884168232445781, 4.999999999999880096 ) ) ;
#559 = MECHANICAL_DESIGN_GEOMETRIC_PRESENTATION_REPRESENTATION (  '', ( #3549 ), #2799 ) ;
#560 = CIRCLE ( 'NONE', #1498, 2.999999999999997335 ) ;
#561 = CARTESIAN_POINT ( 'NONE',  ( 12.66984313478220514, 11.58588814742284434, -1.188285581044112860E-13 ) ) ;
#562 = EDGE_CURVE ( 'NONE', #166, #246, #1669, .T. ) ;
#563 = PRESENTATION_LAYER_ASSIGNMENT (  '', '', ( #3181 ) ) ;
#564 = CARTESIAN_POINT ( 'NONE',  ( 64.69975104248845810, 11.62439978087056147, 1.734723475976807094E-15 ) ) ;
#565 = ORIENTED_EDGE ( 'NONE', *, *, #2253, .F. ) ;
#566 = FILL_AREA_STYLE ('',( #273 ) ) ;
#567 = FILL_AREA_STYLE ('',( #1971 ) ) ;
#568 = DIRECTION ( 'NONE',  ( -4.800258967122366038E-17, -1.302709821111998600E-17, -1.000000000000000000 ) ) ;
#569 = VERTEX_POINT ( 'NONE', #2245 ) ;
#570 = DIRECTION ( 'NONE',  ( 0.6353906706864890230, -0.7721908414404909937, 0.000000000000000000 ) ) ;
#571 = ORIENTED_EDGE ( 'NONE', *, *, #2435, .T. ) ;
#572 = DIRECTION ( 'NONE',  ( 0.3364821336160891962, 0.9416898500871527800, -2.841949995317117561E-17 ) ) ;
#573 = AXIS2_PLACEMENT_3D ( 'NONE', #2871, #1612, #1010 ) ;
#574 = UNCERTAINTY_MEASURE_WITH_UNIT (LENGTH_MEASURE( 1.000000000000000082E-05 ), #451, 'distance_accuracy_value', 'NONE');
#575 = CARTESIAN_POINT ( 'NONE',  ( 12.39949054184534560, 8.843654435022822113, -1.188285581044112860E-13 ) ) ;
#576 = ORIENTED_EDGE ( 'NONE', *, *, #1756, .F. ) ;
#577 = CARTESIAN_POINT ( 'NONE',  ( 26.03947561777780706, 14.69118315072847203, 4.999999999999879208 ) ) ;
#578 = DIRECTION ( 'NONE',  ( -0.8707939595268990862, -0.4916481262564370569, 5.067529235215586928E-17 ) ) ;
#579 = CARTESIAN_POINT ( 'NONE',  ( 22.66261644465088665, 10.13325081322723520, 3.469446951953614189E-15 ) ) ;
#580 = ORIENTED_EDGE ( 'NONE', *, *, #845, .T. ) ;
#581 = LINE ( 'NONE', #618, #792 ) ;
#582 =( NAMED_UNIT ( * ) PLANE_ANGLE_UNIT ( ) SI_UNIT ( $, .RADIAN. ) );
#583 = ORIENTED_EDGE ( 'NONE', *, *, #801, .F. ) ;
#584 = LINE ( 'NONE', #1159, #729 ) ;
#585 = EDGE_CURVE ( 'NONE', #2747, #2460, #3619, .T. ) ;
#586 = DIRECTION ( 'NONE',  ( 3.223082373619878746E-17, 4.598590846719930620E-17, 1.000000000000000000 ) ) ;
#587 = ORIENTED_EDGE ( 'NONE', *, *, #79, .T. ) ;
#588 = DIRECTION ( 'NONE',  ( 3.223082373619878746E-17, 4.598590846719930620E-17, 1.000000000000000000 ) ) ;
#589 = CIRCLE ( 'NONE', #3348, 4.500000000000000888 ) ;
#590 = CARTESIAN_POINT ( 'NONE',  ( 96.24143832399991538, -4.593185336401317542, 4.999999999999999112 ) ) ;
#591 = FILL_AREA_STYLE ('',( #3347 ) ) ;
#592 = MECHANICAL_DESIGN_GEOMETRIC_PRESENTATION_REPRESENTATION (  '', ( #655 ), #1026 ) ;
#593 = ORIENTED_EDGE ( 'NONE', *, *, #832, .T. ) ;
#594 = ORIENTED_EDGE ( 'NONE', *, *, #1262, .F. ) ;
#595 = AXIS2_PLACEMENT_3D ( 'NONE', #3476, #711, #770 ) ;
#596 = EDGE_CURVE ( 'NONE', #1813, #2375, #1330, .T. ) ;
#597 = ORIENTED_EDGE ( 'NONE', *, *, #1282, .F. ) ;
#598 = AXIS2_PLACEMENT_3D ( 'NONE', #1130, #3595, #1312 ) ;
#599 = VERTEX_POINT ( 'NONE', #2592 ) ;
#600 = EDGE_CURVE ( 'NONE', #3364, #1717, #1685, .T. ) ;
#601 =( NAMED_UNIT ( * ) SI_UNIT ( $, .STERADIAN. ) SOLID_ANGLE_UNIT ( ) );
#602 = AXIS2_PLACEMENT_3D ( 'NONE', #1200, #8, #351 ) ;
#603 = EDGE_CURVE ( 'NONE', #879, #3940, #1286, .T. ) ;
#604 =( GEOMETRIC_REPRESENTATION_CONTEXT ( 3 ) GLOBAL_UNCERTAINTY_ASSIGNED_CONTEXT ( ( #1278 ) ) GLOBAL_UNIT_ASSIGNED_CONTEXT ( ( #289, #3350, #3053 ) ) REPRESENTATION_CONTEXT ( 'NONE', 'WORKASPACE' ) );
#605 = CIRCLE ( 'NONE', #3957, 12.50000000000000533 ) ;
#606 = CARTESIAN_POINT ( 'NONE',  ( 17.96897658064419900, 15.94623506366229293, -1.188285581044112860E-13 ) ) ;
#607 = EDGE_LOOP ( 'NONE', ( #1999, #2396, #780, #383 ) ) ;
#608 = PRESENTATION_STYLE_ASSIGNMENT (( #3385 ) ) ;
#609 = CARTESIAN_POINT ( 'NONE',  ( 9.445223905119888741, 8.640160124584053136, 2.499999999999881428 ) ) ;
#610 = AXIS2_PLACEMENT_3D ( 'NONE', #1585, #2836, #2816 ) ;
#611 = ORIENTED_EDGE ( 'NONE', *, *, #3463, .T. ) ;
#612 = DIRECTION ( 'NONE',  ( 0.3329671022960504767, -0.9429384437960792731, 3.263007698255060695E-17 ) ) ;
#613 = AXIS2_PLACEMENT_3D ( 'NONE', #3914, #3275, #2966 ) ;
#614 =( NAMED_UNIT ( * ) SI_UNIT ( $, .STERADIAN. ) SOLID_ANGLE_UNIT ( ) );
#615 = AXIS2_PLACEMENT_3D ( 'NONE', #237, #773, #2338 ) ;
#616 = ORIENTED_EDGE ( 'NONE', *, *, #3458, .F. ) ;
#617 = STYLED_ITEM ( 'NONE', ( #553 ), #3692 ) ;
#618 = CARTESIAN_POINT ( 'NONE',  ( 99.06650787426137583, -5.602631737249589960, 0.000000000000000000 ) ) ;
#619 = ORIENTED_EDGE ( 'NONE', *, *, #385, .T. ) ;
#620 = AXIS2_PLACEMENT_3D ( 'NONE', #2439, #2795, #946 ) ;
#621 = PRESENTATION_STYLE_ASSIGNMENT (( #917 ) ) ;
#622 = ORIENTED_EDGE ( 'NONE', *, *, #1942, .F. ) ;
#623 = CYLINDRICAL_SURFACE ( 'NONE', #1938, 12.50000000000000533 ) ;
#624 = CYLINDRICAL_SURFACE ( 'NONE', #510, 12.50000000000000533 ) ;
#625 = ADVANCED_FACE ( 'NONE', ( #2682 ), #3004, .T. ) ;
#626 = CARTESIAN_POINT ( 'NONE',  ( 58.16660029668184961, 13.44353415481432812, 1.734723475976807094E-15 ) ) ;
#627 = CARTESIAN_POINT ( 'NONE',  ( 28.60452956030087890, -0.7212955636999602849, -1.188285581044112860E-13 ) ) ;
#628 = SURFACE_SIDE_STYLE ('',( #2138 ) ) ;
#629 = ORIENTED_EDGE ( 'NONE', *, *, #2551, .T. ) ;
#630 =( LENGTH_UNIT ( ) NAMED_UNIT ( * ) SI_UNIT ( .MILLI., .METRE. ) );
#631 = FACE_BOUND ( 'NONE', #1222, .T. ) ;
#632 = CARTESIAN_POINT ( 'NONE',  ( 10.94493185090636977, -0.3710409301421191408, -1.179611963664228824E-13 ) ) ;
#633 = EDGE_CURVE ( 'NONE', #1996, #1360, #1426, .T. ) ;
#634 = FILL_AREA_STYLE_COLOUR ( '', #3427 ) ;
#635 = DIRECTION ( 'NONE',  ( 4.800258967122366038E-17, 1.302709821111998600E-17, 1.000000000000000000 ) ) ;
#636 = ORIENTED_EDGE ( 'NONE', *, *, #249, .F. ) ;
#637 = ORIENTED_EDGE ( 'NONE', *, *, #1056, .T. ) ;
#638 = CARTESIAN_POINT ( 'NONE',  ( 19.27909029219017256, -3.341307912292861726, 4.999999999999880984 ) ) ;
#639 = ORIENTED_EDGE ( 'NONE', *, *, #2288, .F. ) ;
#640 = DIRECTION ( 'NONE',  ( -0.9830921976803939089, 0.1831112526851726430, 0.000000000000000000 ) ) ;
#641 = PRESENTATION_STYLE_ASSIGNMENT (( #1798 ) ) ;
#642 = UNCERTAINTY_MEASURE_WITH_UNIT (LENGTH_MEASURE( 1.000000000000000082E-05 ), #2631, 'distance_accuracy_value', 'NONE');
#643 = FACE_OUTER_BOUND ( 'NONE', #131, .T. ) ;
#644 = CARTESIAN_POINT ( 'NONE',  ( 20.60527730848593819, 12.76735386375348469, 3.469446951953614189E-15 ) ) ;
#645 = CARTESIAN_POINT ( 'NONE',  ( 22.10547884697317755, 18.53727532480096585, -1.196959198423996895E-13 ) ) ;
#646 = ORIENTED_EDGE ( 'NONE', *, *, #3228, .F. ) ;
#647 = ADVANCED_FACE ( 'NONE', ( #2720 ), #1747, .F. ) ;
#648 = EDGE_CURVE ( 'NONE', #146, #2467, #3808, .T. ) ;
#649 = CARTESIAN_POINT ( 'NONE',  ( 21.67281267413515167, 6.044765569636400215, -1.188285581044112860E-13 ) ) ;
#650 = SURFACE_STYLE_USAGE ( .BOTH. , #1842 ) ;
#651 = PRESENTATION_LAYER_ASSIGNMENT (  '', '', ( #1522 ) ) ;
#652 = FILL_AREA_STYLE ('',( #342 ) ) ;
#653 = SURFACE_STYLE_FILL_AREA ( #3408 ) ;
#654 = VERTEX_POINT ( 'NONE', #284 ) ;
#655 = STYLED_ITEM ( 'NONE', ( #3222 ), #421 ) ;
#656 = VECTOR ( 'NONE', #2472, 1000.000000000000000 ) ;
#657 = FILL_AREA_STYLE_COLOUR ( '', #2519 ) ;
#658 = STYLED_ITEM ( 'NONE', ( #2943 ), #2857 ) ;
#659 = ORIENTED_EDGE ( 'NONE', *, *, #880, .T. ) ;
#660 =( NAMED_UNIT ( * ) PLANE_ANGLE_UNIT ( ) SI_UNIT ( $, .RADIAN. ) );
#661 =( NAMED_UNIT ( * ) PLANE_ANGLE_UNIT ( ) SI_UNIT ( $, .RADIAN. ) );
#662 = FILL_AREA_STYLE_COLOUR ( '', #102 ) ;
#663 = DIRECTION ( 'NONE',  ( -3.223082373619878746E-17, -4.598590846719930620E-17, -1.000000000000000000 ) ) ;
#664 = STYLED_ITEM ( 'NONE', ( #2942 ), #2237 ) ;
#665 = FILL_AREA_STYLE_COLOUR ( '', #989 ) ;
#666 = VERTEX_POINT ( 'NONE', #2408 ) ;
#667 = ADVANCED_FACE ( 'NONE', ( #892 ), #3584, .T. ) ;
#668 = PRESENTATION_LAYER_ASSIGNMENT (  '', '', ( #172 ) ) ;
#669 = ORIENTED_EDGE ( 'NONE', *, *, #1638, .F. ) ;
#670 = FACE_OUTER_BOUND ( 'NONE', #1796, .T. ) ;
#671 = VECTOR ( 'NONE', #1052, 1000.000000000000000 ) ;
#672 = SURFACE_STYLE_FILL_AREA ( #1272 ) ;
#673 = ORIENTED_EDGE ( 'NONE', *, *, #3881, .T. ) ;
#674 = VERTEX_POINT ( 'NONE', #821 ) ;
#675 = CIRCLE ( 'NONE', #2199, 4.500000000000000000 ) ;
#676 = PRESENTATION_LAYER_ASSIGNMENT (  '', '', ( #2933 ) ) ;
#677 = EDGE_CURVE ( 'NONE', #2568, #3316, #3272, .T. ) ;
#678 = AXIS2_PLACEMENT_3D ( 'NONE', #3252, #3847, #3888 ) ;
#679 = ORIENTED_EDGE ( 'NONE', *, *, #1901, .F. ) ;
#680 = LINE ( 'NONE', #3800, #1310 ) ;
#681 = CIRCLE ( 'NONE', #1323, 12.50000000000000533 ) ;
#682 = UNCERTAINTY_MEASURE_WITH_UNIT (LENGTH_MEASURE( 1.000000000000000082E-05 ), #3172, 'distance_accuracy_value', 'NONE');
#683 = CYLINDRICAL_SURFACE ( 'NONE', #2006, 12.50000000000000533 ) ;
#684 = PRESENTATION_LAYER_ASSIGNMENT (  '', '', ( #2346 ) ) ;
#685 =( NAMED_UNIT ( * ) PLANE_ANGLE_UNIT ( ) SI_UNIT ( $, .RADIAN. ) );
#686 = EDGE_LOOP ( 'NONE', ( #1038, #1646, #1504, #2627 ) ) ;
#687 = AXIS2_PLACEMENT_3D ( 'NONE', #40, #3084, #2166 ) ;
#688 = DIRECTION ( 'NONE',  ( 0.6353906706864890230, -0.7721908414404909937, 1.503073264317039496E-17 ) ) ;
#689 = FILL_AREA_STYLE ('',( #1037 ) ) ;
#690 = AXIS2_PLACEMENT_3D ( 'NONE', #1210, #1464, #612 ) ;
#691 = DIRECTION ( 'NONE',  ( 3.223082373619878746E-17, 4.598590846719930620E-17, 1.000000000000000000 ) ) ;
#692 = AXIS2_PLACEMENT_3D ( 'NONE', #874, #2089, #250 ) ;
#693 =( NAMED_UNIT ( * ) PLANE_ANGLE_UNIT ( ) SI_UNIT ( $, .RADIAN. ) );
#694 = MECHANICAL_DESIGN_GEOMETRIC_PRESENTATION_REPRESENTATION (  '', ( #3598 ), #3133 ) ;
#695 = DIRECTION ( 'NONE',  ( 3.223082373619878746E-17, 4.598590846719930620E-17, 1.000000000000000000 ) ) ;
#696 = EDGE_LOOP ( 'NONE', ( #379, #2154, #3755, #2555 ) ) ;
#697 = SURFACE_STYLE_USAGE ( .BOTH. , #91 ) ;
#698 = FILL_AREA_STYLE ('',( #2562 ) ) ;
#699 = MECHANICAL_DESIGN_GEOMETRIC_PRESENTATION_REPRESENTATION (  '', ( #3013 ), #1211 ) ;
#700 = DIRECTION ( 'NONE',  ( 0.6353906706864890230, -0.7721908414404909937, 1.503073264317039496E-17 ) ) ;
#701 = EDGE_CURVE ( 'NONE', #3155, #2532, #3321, .T. ) ;
#702 = SURFACE_STYLE_FILL_AREA ( #2502 ) ;
#703 = ORIENTED_EDGE ( 'NONE', *, *, #677, .T. ) ;
#704 = SURFACE_SIDE_STYLE ('',( #1340 ) ) ;
#705 = ORIENTED_EDGE ( 'NONE', *, *, #2743, .T. ) ;
#706 = DIRECTION ( 'NONE',  ( 3.223082373619878746E-17, 4.598590846719930620E-17, 1.000000000000000000 ) ) ;
#707 = EDGE_CURVE ( 'NONE', #246, #3775, #982, .T. ) ;
#708 = CARTESIAN_POINT ( 'NONE',  ( 65.95129026786196391, 12.45123082005043536, 5.000000000000000888 ) ) ;
#709 = VERTEX_POINT ( 'NONE', #1621 ) ;
#710 = ORIENTED_EDGE ( 'NONE', *, *, #1988, .T. ) ;
#711 = DIRECTION ( 'NONE',  ( 3.223082373619878746E-17, 4.598590846719930620E-17, 1.000000000000000000 ) ) ;
#712 = DIRECTION ( 'NONE',  ( 0.6353906706864889120, -0.7721908414404912158, 1.503073264317127626E-17 ) ) ;
#713 = EDGE_CURVE ( 'NONE', #3741, #3364, #1384, .T. ) ;
#714 = EDGE_LOOP ( 'NONE', ( #978, #1534, #2294, #3397 ) ) ;
#715 = CYLINDRICAL_SURFACE ( 'NONE', #1176, 1.500000000000016653 ) ;
#716 = CIRCLE ( 'NONE', #910, 4.500000000000000000 ) ;
#717 = CARTESIAN_POINT ( 'NONE',  ( 10.63764878271873293, 0.1732105890899860168, 4.999999999999880984 ) ) ;
#718 = UNCERTAINTY_MEASURE_WITH_UNIT (LENGTH_MEASURE( 1.000000000000000082E-05 ), #2527, 'distance_accuracy_value', 'NONE');
#719 = CIRCLE ( 'NONE', #1858, 12.50000000000000533 ) ;
#720 = PRESENTATION_STYLE_ASSIGNMENT (( #3786 ) ) ;
#721 = PRESENTATION_STYLE_ASSIGNMENT (( #2235 ) ) ;
#722 = ORIENTED_EDGE ( 'NONE', *, *, #1711, .T. ) ;
#723 = PRESENTATION_LAYER_ASSIGNMENT (  '', '', ( #3549 ) ) ;
#724 =( GEOMETRIC_REPRESENTATION_CONTEXT ( 3 ) GLOBAL_UNCERTAINTY_ASSIGNED_CONTEXT ( ( #2734 ) ) GLOBAL_UNIT_ASSIGNED_CONTEXT ( ( #220, #1139, #1193 ) ) REPRESENTATION_CONTEXT ( 'NONE', 'WORKASPACE' ) );
#725 = DIRECTION ( 'NONE',  ( 3.223082373619878746E-17, 4.598590846719930620E-17, 1.000000000000000000 ) ) ;
#726 = ORIENTED_EDGE ( 'NONE', *, *, #891, .T. ) ;
#727 = CARTESIAN_POINT ( 'NONE',  ( 17.77922145323962155, -3.783634470712842202, -1.179611963664228824E-13 ) ) ;
#728 = STYLED_ITEM ( 'NONE', ( #501 ), #1182 ) ;
#729 = VECTOR ( 'NONE', #2731, 1000.000000000000000 ) ;
#730 = COLOUR_RGB ( '',0.7764705882352941346, 0.7568627450980391913, 0.7372549019607843590 ) ;
#731 = PRESENTATION_LAYER_ASSIGNMENT (  '', '', ( #2002 ) ) ;
#732 = DIRECTION ( 'NONE',  ( -4.800258967122366038E-17, -1.302709821111998600E-17, -1.000000000000000000 ) ) ;
#733 = EDGE_CURVE ( 'NONE', #3021, #3812, #1960, .T. ) ;
#734 = SURFACE_SIDE_STYLE ('',( #2863 ) ) ;
#735 = ORIENTED_EDGE ( 'NONE', *, *, #3400, .T. ) ;
#736 = VECTOR ( 'NONE', #2117, 1000.000000000000000 ) ;
#737 = FACE_OUTER_BOUND ( 'NONE', #3413, .T. ) ;
#738 = FILL_AREA_STYLE ('',( #794 ) ) ;
#739 = EDGE_LOOP ( 'NONE', ( #298, #2499, #266, #358 ) ) ;
#740 = FACE_OUTER_BOUND ( 'NONE', #2426, .T. ) ;
#741 = SURFACE_STYLE_FILL_AREA ( #394 ) ;
#742 = SURFACE_STYLE_FILL_AREA ( #3152 ) ;
#743 = AXIS2_PLACEMENT_3D ( 'NONE', #3234, #1695, #530 ) ;
#744 = CARTESIAN_POINT ( 'NONE',  ( 21.67281267413515167, 6.044765569636400215, 4.999999999999880096 ) ) ;
#745 = AXIS2_PLACEMENT_3D ( 'NONE', #3190, #2274, #3519 ) ;
#746 = CIRCLE ( 'NONE', #1700, 4.500000000000000000 ) ;
#747 = VERTEX_POINT ( 'NONE', #3088 ) ;
#748 = DIRECTION ( 'NONE',  ( 0.9864322206003921512, 0.1641690414218817951, 0.000000000000000000 ) ) ;
#749 = ORIENTED_EDGE ( 'NONE', *, *, #3061, .T. ) ;
#750 = DIRECTION ( 'NONE',  ( -4.800258967122366038E-17, -1.302709821111998600E-17, -1.000000000000000000 ) ) ;
#751 = EDGE_CURVE ( 'NONE', #3546, #1831, #3251, .T. ) ;
#752 = CLOSED_SHELL ( 'NONE', ( #2776, #3454, #1721, #126, #1828, #3633, #647, #2558, #2211, #3807, #3028, #1182, #1230, #14, #1542, #1346, #1728, #3143, #771, #2719, #133, #3473, #3907, #2960, #3956, #2063, #322, #3749, #1470, #3150, #3737, #2606, #2553, #3571, #2184, #1309, #1174, #3588, #1207, #2009, #3445, #3562, #3938, #421, #248, #2813, #3692, #986, #2336, #2665, #206, #2588, #767, #1594, #3017, #3206, #625, #1477, #196, #148, #2237, #214, #808, #1841, #2638, #2289, #2182, #3188, #2111, #2327, #362, #2017, #70, #2310, #2163, #1581, #313, #667, #2020, #3040 ) ) ;
#753 =( LENGTH_UNIT ( ) NAMED_UNIT ( * ) SI_UNIT ( .MILLI., .METRE. ) );
#754 = CARTESIAN_POINT ( 'NONE',  ( 21.67281267413515167, 6.044765569636400215, 4.999999999999880096 ) ) ;
#755 = VERTEX_POINT ( 'NONE', #708 ) ;
#756 = CARTESIAN_POINT ( 'NONE',  ( 21.67281267413489942, 6.044765569636153302, 4.999999999999999112 ) ) ;
#757 = EDGE_CURVE ( 'NONE', #1276, #11, #1543, .T. ) ;
#758 = CARTESIAN_POINT ( 'NONE',  ( 98.19516258861665392, 0.4551734861010601207, 0.000000000000000000 ) ) ;
#759 = CARTESIAN_POINT ( 'NONE',  ( 21.67281267413515167, 6.044765569636401104, 14.99999999999988098 ) ) ;
#760 = DIRECTION ( 'NONE',  ( 4.800258967122366038E-17, 1.302709821111998600E-17, 1.000000000000000000 ) ) ;
#761 = ORIENTED_EDGE ( 'NONE', *, *, #1420, .T. ) ;
#762 = UNCERTAINTY_MEASURE_WITH_UNIT (LENGTH_MEASURE( 1.000000000000000082E-05 ), #3008, 'distance_accuracy_value', 'NONE');
#763 = CARTESIAN_POINT ( 'NONE',  ( 15.10796417108450918, 14.33091449905864856, -1.188285581044112860E-13 ) ) ;
#764 = ORIENTED_EDGE ( 'NONE', *, *, #839, .T. ) ;
#765 = DIRECTION ( 'NONE',  ( 0.6353906706864889120, -0.7721908414404911047, 1.503073264317007448E-17 ) ) ;
#766 = SURFACE_STYLE_USAGE ( .BOTH. , #3844 ) ;
#767 = ADVANCED_FACE ( 'NONE', ( #1256 ), #1860, .T. ) ;
#768 =( NAMED_UNIT ( * ) PLANE_ANGLE_UNIT ( ) SI_UNIT ( $, .RADIAN. ) );
#769 = CYLINDRICAL_SURFACE ( 'NONE', #187, 4.500000000000000000 ) ;
#770 = DIRECTION ( 'NONE',  ( 0.6353906706864890230, -0.7721908414404909937, 0.000000000000000000 ) ) ;
#771 = ADVANCED_FACE ( 'NONE', ( #513 ), #1691, .F. ) ;
#772 = CARTESIAN_POINT ( 'NONE',  ( 9.294960520217005140, 4.301557017642686276, -1.179611963664228824E-13 ) ) ;
#773 = DIRECTION ( 'NONE',  ( 3.223082373619878746E-17, 4.598590846719930620E-17, 1.000000000000000000 ) ) ;
#774 =( NAMED_UNIT ( * ) SI_UNIT ( $, .STERADIAN. ) SOLID_ANGLE_UNIT ( ) );
#775 = ORIENTED_EDGE ( 'NONE', *, *, #3757, .T. ) ;
#776 = FACE_OUTER_BOUND ( 'NONE', #1002, .T. ) ;
#777 = DIRECTION ( 'NONE',  ( 0.000000000000000000, 1.000000000000000000, -4.598590846719933701E-17 ) ) ;
#778 = SURFACE_STYLE_USAGE ( .BOTH. , #2932 ) ;
#779 = AXIS2_PLACEMENT_3D ( 'NONE', #2266, #732, #2005 ) ;
#780 = ORIENTED_EDGE ( 'NONE', *, *, #1901, .T. ) ;
#781 = FILL_AREA_STYLE ('',( #476 ) ) ;
#782 = PRESENTATION_LAYER_ASSIGNMENT (  '', '', ( #2384 ) ) ;
#783 = ORIENTED_EDGE ( 'NONE', *, *, #1888, .T. ) ;
#784 = CARTESIAN_POINT ( 'NONE',  ( 10.75262084794725759, 12.12747964143520285, 4.999999999999880096 ) ) ;
#785 = MECHANICAL_DESIGN_GEOMETRIC_PRESENTATION_REPRESENTATION (  '', ( #1172 ), #3557 ) ;
#786 = DIRECTION ( 'NONE',  ( 0.9719232228336938118, -0.2352982127355960906, -4.358957873141146526E-17 ) ) ;
#787 = CARTESIAN_POINT ( 'NONE',  ( 81.79183544889644963, 1.240573542947079666, 8.673617379884035472E-16 ) ) ;
#788 = CIRCLE ( 'NONE', #2652, 4.500000000000000000 ) ;
#789 = DIRECTION ( 'NONE',  ( 0.6353906706864890230, -0.7721908414404909937, 1.503073264317039496E-17 ) ) ;
#790 = DIRECTION ( 'NONE',  ( 0.6353906706864890230, -0.7721908414404911047, 1.503073264317127935E-17 ) ) ;
#791 = LINE ( 'NONE', #465, #1363 ) ;
#792 = VECTOR ( 'NONE', #1526, 1000.000000000000000 ) ;
#793 = AXIS2_PLACEMENT_3D ( 'NONE', #2688, #695, #1318 ) ;
#794 = FILL_AREA_STYLE_COLOUR ( '', #2476 ) ;
#795 = CARTESIAN_POINT ( 'NONE',  ( 21.57884724396267373, 16.61588993965987626, -1.188285581044112860E-13 ) ) ;
#796 = ORIENTED_EDGE ( 'NONE', *, *, #2596, .T. ) ;
#797 = SURFACE_STYLE_FILL_AREA ( #201 ) ;
#798 = LINE ( 'NONE', #2033, #3774 ) ;
#799 = CIRCLE ( 'NONE', #1119, 9.686500000000002331 ) ;
#800 = SURFACE_STYLE_FILL_AREA ( #1080 ) ;
#801 = EDGE_CURVE ( 'NONE', #3537, #674, #3208, .T. ) ;
#802 = CARTESIAN_POINT ( 'NONE',  ( 29.55938806178993872, 15.74280293060989777, -1.196959198423996895E-13 ) ) ;
#803 =( GEOMETRIC_REPRESENTATION_CONTEXT ( 3 ) GLOBAL_UNCERTAINTY_ASSIGNED_CONTEXT ( ( #1591 ) ) GLOBAL_UNIT_ASSIGNED_CONTEXT ( ( #3784, #407, #2256 ) ) REPRESENTATION_CONTEXT ( 'NONE', 'WORKASPACE' ) );
#804 = DIRECTION ( 'NONE',  ( 0.6353906706864890230, -0.7721908414404909937, 0.000000000000000000 ) ) ;
#805 = ORIENTED_EDGE ( 'NONE', *, *, #733, .T. ) ;
#806 = UNCERTAINTY_MEASURE_WITH_UNIT (LENGTH_MEASURE( 1.000000000000000082E-05 ), #199, 'distance_accuracy_value', 'NONE');
#807 = CIRCLE ( 'NONE', #1563, 2.999999999999999556 ) ;
#808 = ADVANCED_FACE ( 'NONE', ( #3851 ), #3497, .T. ) ;
#809 = DIRECTION ( 'NONE',  ( -4.800258967122366038E-17, -1.302709821111998600E-17, -1.000000000000000000 ) ) ;
#810 = AXIS2_PLACEMENT_3D ( 'NONE', #2342, #3539, #224 ) ;
#811 = FACE_OUTER_BOUND ( 'NONE', #3015, .T. ) ;
#812 = DIRECTION ( 'NONE',  ( 3.223082373619878746E-17, 4.598590846719930620E-17, 1.000000000000000000 ) ) ;
#813 = COLOUR_RGB ( '',0.7921568627450980005, 0.8196078431372548767, 0.9333333333333333481 ) ;
#814 = DIRECTION ( 'NONE',  ( 0.6353906706864889120, -0.7721908414404912158, 1.503073264317127626E-17 ) ) ;
#815 = CARTESIAN_POINT ( 'NONE',  ( 92.16216096302427729, -2.451302734827785823, 7.084833304444825370E-17 ) ) ;
#816 = DIRECTION ( 'NONE',  ( -3.223082373619878746E-17, -4.598590846719930620E-17, -1.000000000000000000 ) ) ;
#817 = MECHANICAL_DESIGN_GEOMETRIC_PRESENTATION_REPRESENTATION (  '', ( #2536 ), #3258 ) ;
#818 =( LENGTH_UNIT ( ) NAMED_UNIT ( * ) SI_UNIT ( .MILLI., .METRE. ) );
#819 = FILL_AREA_STYLE ('',( #895 ) ) ;
#820 = DIRECTION ( 'NONE',  ( -4.800258967122366038E-17, -1.302709821111998600E-17, -1.000000000000000000 ) ) ;
#821 = CARTESIAN_POINT ( 'NONE',  ( 17.30614973049254957, -2.601652011455701352, 4.999999999999880984 ) ) ;
#822 = ORIENTED_EDGE ( 'NONE', *, *, #1068, .T. ) ;
#823 = EDGE_CURVE ( 'NONE', #1819, #1356, #436, .T. ) ;
#824 = PRESENTATION_LAYER_ASSIGNMENT (  '', '', ( #2615 ) ) ;
#825 = DIRECTION ( 'NONE',  ( -0.6501250953843462632, -0.7598271911109095722, 8.954335807447513128E-17 ) ) ;
#826 = DIRECTION ( 'NONE',  ( -0.6353906706864889120, 0.7721908414404912158, 0.000000000000000000 ) ) ;
#827 = AXIS2_PLACEMENT_3D ( 'NONE', #644, #3972, #314 ) ;
#828 = SURFACE_STYLE_USAGE ( .BOTH. , #1123 ) ;
#829 = ORIENTED_EDGE ( 'NONE', *, *, #1282, .T. ) ;
#830 = EDGE_CURVE ( 'NONE', #2460, #2747, #2469, .T. ) ;
#831 =( NAMED_UNIT ( * ) PLANE_ANGLE_UNIT ( ) SI_UNIT ( $, .RADIAN. ) );
#832 = EDGE_CURVE ( 'NONE', #2375, #67, #3513, .T. ) ;
#833 = EDGE_CURVE ( 'NONE', #46, #2513, #3314, .T. ) ;
#834 =( LENGTH_UNIT ( ) NAMED_UNIT ( * ) SI_UNIT ( .MILLI., .METRE. ) );
#835 = ORIENTED_EDGE ( 'NONE', *, *, #1006, .F. ) ;
#836 = SURFACE_STYLE_USAGE ( .BOTH. , #231 ) ;
#837 = DIRECTION ( 'NONE',  ( 3.223082373619878746E-17, 4.598590846719930620E-17, 1.000000000000000000 ) ) ;
#838 = FACE_BOUND ( 'NONE', #1155, .T. ) ;
#839 = EDGE_CURVE ( 'NONE', #2576, #987, #2903, .T. ) ;
#840 = CARTESIAN_POINT ( 'NONE',  ( 20.60527730848593819, 12.76735386375348469, 5.000000000000002665 ) ) ;
#841 = EDGE_LOOP ( 'NONE', ( #2072, #3578, #1179, #1889 ) ) ;
#842 = CARTESIAN_POINT ( 'NONE',  ( 21.97008082230527748, 16.61212718910676145, 4.999999999999879208 ) ) ;
#843 = DIRECTION ( 'NONE',  ( -3.223082373619878746E-17, -4.598590846719930620E-17, -1.000000000000000000 ) ) ;
#844 = DIRECTION ( 'NONE',  ( 3.223082373619878746E-17, 4.598590846719930620E-17, 1.000000000000000000 ) ) ;
#845 = EDGE_CURVE ( 'NONE', #1922, #1813, #1764, .T. ) ;
#846 = CARTESIAN_POINT ( 'NONE',  ( 21.67281267413515167, 6.044765569636400215, 4.999999999999880096 ) ) ;
#847 = AXIS2_PLACEMENT_3D ( 'NONE', #2560, #2483, #3767 ) ;
#848 = DIRECTION ( 'NONE',  ( 0.6353906706864890230, -0.7721908414404909937, 0.000000000000000000 ) ) ;
#849 = UNCERTAINTY_MEASURE_WITH_UNIT (LENGTH_MEASURE( 1.000000000000000082E-05 ), #1241, 'distance_accuracy_value', 'NONE');
#850 = DIRECTION ( 'NONE',  ( 0.6353906706864890230, -0.7721908414404909937, 0.000000000000000000 ) ) ;
#851 = FACE_OUTER_BOUND ( 'NONE', #1637, .T. ) ;
#852 =( LENGTH_UNIT ( ) NAMED_UNIT ( * ) SI_UNIT ( .MILLI., .METRE. ) );
#853 =( NAMED_UNIT ( * ) PLANE_ANGLE_UNIT ( ) SI_UNIT ( $, .RADIAN. ) );
#854 = FACE_BOUND ( 'NONE', #1965, .T. ) ;
#855 = VECTOR ( 'NONE', #1073, 1000.000000000000000 ) ;
#856 = SURFACE_STYLE_FILL_AREA ( #3618 ) ;
#857 = SURFACE_STYLE_FILL_AREA ( #3668 ) ;
#858 = CYLINDRICAL_SURFACE ( 'NONE', #20, 9.686500000000002331 ) ;
#859 = STYLED_ITEM ( 'NONE', ( #2685 ), #2211 ) ;
#860 = ORIENTED_EDGE ( 'NONE', *, *, #439, .F. ) ;
#861 = DIRECTION ( 'NONE',  ( -3.223082373619878746E-17, -4.598590846719930620E-17, -1.000000000000000000 ) ) ;
#862 = CARTESIAN_POINT ( 'NONE',  ( 21.67281267413515167, 6.044765569636400215, -1.188285581044112860E-13 ) ) ;
#863 = ORIENTED_EDGE ( 'NONE', *, *, #3750, .T. ) ;
#864 = STYLED_ITEM ( 'NONE', ( #1308 ), #2776 ) ;
#865 = DIRECTION ( 'NONE',  ( 3.223082373619878746E-17, 4.598590846719930620E-17, 1.000000000000000000 ) ) ;
#866 =( NAMED_UNIT ( * ) PLANE_ANGLE_UNIT ( ) SI_UNIT ( $, .RADIAN. ) );
#867 = AXIS2_PLACEMENT_3D ( 'NONE', #890, #2386, #1131 ) ;
#868 = DIRECTION ( 'NONE',  ( -0.6353906706864889120, 0.7721908414404912158, 0.000000000000000000 ) ) ;
#869 = MECHANICAL_DESIGN_GEOMETRIC_PRESENTATION_REPRESENTATION (  '', ( #3056 ), #983 ) ;
#870 = ORIENTED_EDGE ( 'NONE', *, *, #1291, .T. ) ;
#871 = DIRECTION ( 'NONE',  ( -0.9864322206003932614, -0.1641690414218748006, 3.934298554185152184E-17 ) ) ;
#872 = AXIS2_PLACEMENT_3D ( 'NONE', #2667, #176, #1973 ) ;
#873 = CARTESIAN_POINT ( 'NONE',  ( 21.67281267413515167, 6.044765569636400215, -1.188285581044112860E-13 ) ) ;
#874 = CARTESIAN_POINT ( 'NONE',  ( 25.37664876762616473, -3.856703924389471627, -1.188285581044112860E-13 ) ) ;
#875 = MECHANICAL_DESIGN_GEOMETRIC_PRESENTATION_REPRESENTATION (  '', ( #1883 ), #2403 ) ;
#876 = FILL_AREA_STYLE_COLOUR ( '', #3165 ) ;
#877 = CARTESIAN_POINT ( 'NONE',  ( 21.67281267413515167, 6.044765569636400215, -1.188285581044112860E-13 ) ) ;
#878 = COLOUR_RGB ( '',0.7921568627450980005, 0.8196078431372548767, 0.9333333333333333481 ) ;
#879 = VERTEX_POINT ( 'NONE', #2493 ) ;
#880 = EDGE_CURVE ( 'NONE', #3073, #2762, #807, .T. ) ;
#881 = CARTESIAN_POINT ( 'NONE',  ( 19.46006046778431653, 15.47514254636906550, -1.188285581044112860E-13 ) ) ;
#882 = COLOUR_RGB ( '',0.7764705882352941346, 0.7568627450980391913, 0.7372549019607843590 ) ;
#883 = CYLINDRICAL_SURFACE ( 'NONE', #3270, 4.499999999999997335 ) ;
#884 = VERTEX_POINT ( 'NONE', #632 ) ;
#885 = DIRECTION ( 'NONE',  ( 0.6353906706864889120, -0.7721908414404912158, 1.503073264317127626E-17 ) ) ;
#886 = FILL_AREA_STYLE_COLOUR ( '', #2209 ) ;
#887 = UNCERTAINTY_MEASURE_WITH_UNIT (LENGTH_MEASURE( 1.000000000000000082E-05 ), #1297, 'distance_accuracy_value', 'NONE');
#888 = CARTESIAN_POINT ( 'NONE',  ( 21.67281267413515167, 6.044765569636401104, 14.99999999999988098 ) ) ;
#889 = VERTEX_POINT ( 'NONE', #3702 ) ;
#890 = CARTESIAN_POINT ( 'NONE',  ( 21.67281267413515167, 6.044765569636400215, 4.999999999999880096 ) ) ;
#891 = EDGE_CURVE ( 'NONE', #3508, #111, #1127, .T. ) ;
#892 = FACE_OUTER_BOUND ( 'NONE', #2595, .T. ) ;
#893 = CYLINDRICAL_SURFACE ( 'NONE', #999, 9.686500000000002331 ) ;
#894 =( NAMED_UNIT ( * ) SI_UNIT ( $, .STERADIAN. ) SOLID_ANGLE_UNIT ( ) );
#895 = FILL_AREA_STYLE_COLOUR ( '', #1862 ) ;
#896 = EDGE_CURVE ( 'NONE', #2801, #2730, #3843, .T. ) ;
#897 = ORIENTED_EDGE ( 'NONE', *, *, #100, .F. ) ;
#898 = DIRECTION ( 'NONE',  ( -0.6353906706864889120, 0.7721908414404912158, 0.000000000000000000 ) ) ;
#899 = EDGE_LOOP ( 'NONE', ( #3708, #2127, #1231, #3076 ) ) ;
#900 = EDGE_CURVE ( 'NONE', #11, #1360, #1626, .T. ) ;
#901 = DIRECTION ( 'NONE',  ( 0.8343594835823753275, 0.5512206927866114547, -4.723222202963164528E-17 ) ) ;
#902 = FACE_OUTER_BOUND ( 'NONE', #2713, .T. ) ;
#903 = ORIENTED_EDGE ( 'NONE', *, *, #757, .F. ) ;
#904 = DIRECTION ( 'NONE',  ( -3.223082373619878746E-17, -4.598590846719930620E-17, -1.000000000000000000 ) ) ;
#905 = FILL_AREA_STYLE ('',( #886 ) ) ;
#906 = CARTESIAN_POINT ( 'NONE',  ( 29.37140164121511177, -3.803164563947750043, 2.499999999999880984 ) ) ;
#907 = ORIENTED_EDGE ( 'NONE', *, *, #1377, .T. ) ;
#908 = CARTESIAN_POINT ( 'NONE',  ( 14.65252294504056430, -1.859222794989447314, -1.179611963664228824E-13 ) ) ;
#909 = DIRECTION ( 'NONE',  ( -0.6353906706864889120, 0.7721908414404912158, 0.000000000000000000 ) ) ;
#910 = AXIS2_PLACEMENT_3D ( 'NONE', #1620, #482, #1041 ) ;
#911 = COLOUR_RGB ( '',0.7764705882352941346, 0.7568627450980391913, 0.7372549019607843590 ) ;
#912 = ORIENTED_EDGE ( 'NONE', *, *, #2551, .F. ) ;
#913 = PRESENTATION_LAYER_ASSIGNMENT (  '', '', ( #3553 ) ) ;
#914 = DIRECTION ( 'NONE',  ( 4.800258967122366038E-17, 1.302709821111998600E-17, 1.000000000000000000 ) ) ;
#915 = EDGE_LOOP ( 'NONE', ( #1164, #1012, #2206, #1854 ) ) ;
#916 = MECHANICAL_DESIGN_GEOMETRIC_PRESENTATION_REPRESENTATION (  '', ( #859 ), #3955 ) ;
#917 = SURFACE_STYLE_USAGE ( .BOTH. , #25 ) ;
#918 = EDGE_LOOP ( 'NONE', ( #565, #1931, #3531, #3373 ) ) ;
#919 = FACE_OUTER_BOUND ( 'NONE', #1170, .T. ) ;
#920 = AXIS2_PLACEMENT_3D ( 'NONE', #2011, #449, #3867 ) ;
#921 = DIRECTION ( 'NONE',  ( -4.800258967122366038E-17, -1.302709821111998600E-17, -1.000000000000000000 ) ) ;
#922 = CIRCLE ( 'NONE', #552, 4.500000000000000000 ) ;
#923 = LINE ( 'NONE', #906, #1074 ) ;
#924 = ORIENTED_EDGE ( 'NONE', *, *, #3086, .F. ) ;
#925 = ORIENTED_EDGE ( 'NONE', *, *, #3933, .F. ) ;
#926 = AXIS2_PLACEMENT_3D ( 'NONE', #191, #2635, #3265 ) ;
#927 = CARTESIAN_POINT ( 'NONE',  ( 21.67281267413515167, 6.044765569636400215, -1.188285581044112860E-13 ) ) ;
#928 = DIRECTION ( 'NONE',  ( -0.8343594835823761047, -0.5512206927866103445, 0.000000000000000000 ) ) ;
#929 = EDGE_LOOP ( 'NONE', ( #1584, #3622, #1755, #1319 ) ) ;
#930 = PRESENTATION_LAYER_ASSIGNMENT (  '', '', ( #435 ) ) ;
#931 = COLOUR_RGB ( '',0.7764705882352941346, 0.7568627450980391913, 0.7372549019607843590 ) ;
#932 = CYLINDRICAL_SURFACE ( 'NONE', #2181, 4.500000000000000000 ) ;
#933 = ORIENTED_EDGE ( 'NONE', *, *, #3503, .T. ) ;
#934 =( NAMED_UNIT ( * ) SI_UNIT ( $, .STERADIAN. ) SOLID_ANGLE_UNIT ( ) );
#935 = EDGE_LOOP ( 'NONE', ( #3859, #2875, #1124, #3877 ) ) ;
#936 = LINE ( 'NONE', #2151, #2453 ) ;
#937 = EDGE_CURVE ( 'NONE', #274, #3337, #2178, .T. ) ;
#938 = DIRECTION ( 'NONE',  ( 0.9248193161744250324, -0.3804066671743132622, -3.943812714089796597E-17 ) ) ;
#939 = EDGE_LOOP ( 'NONE', ( #2523, #3007, #2058, #1266 ) ) ;
#940 = AXIS2_PLACEMENT_3D ( 'NONE', #727, #2589, #1383 ) ;
#941 = CARTESIAN_POINT ( 'NONE',  ( 21.67281267413515167, 6.044765569636400215, -1.188285581044112860E-13 ) ) ;
#942 = DIRECTION ( 'NONE',  ( 3.223082373619878746E-17, 4.598590846719930620E-17, 1.000000000000000000 ) ) ;
#943 = ORIENTED_EDGE ( 'NONE', *, *, #2167, .F. ) ;
#944 = DIRECTION ( 'NONE',  ( 0.6353906706864889120, -0.7721908414404912158, 1.503073264317127626E-17 ) ) ;
#945 = CIRCLE ( 'NONE', #2283, 4.500000000000000888 ) ;
#946 = DIRECTION ( 'NONE',  ( 0.8707939595268955335, 0.4916481262564428856, -8.954335807447513128E-17 ) ) ;
#947 = CARTESIAN_POINT ( 'NONE',  ( 95.53554368579314371, -7.508955004902411190, 4.999999999999999112 ) ) ;
#948 = ORIENTED_EDGE ( 'NONE', *, *, #2481, .T. ) ;
#949 = SURFACE_STYLE_FILL_AREA ( #1602 ) ;
#950 = FILL_AREA_STYLE_COLOUR ( '', #2407 ) ;
#951 = ORIENTED_EDGE ( 'NONE', *, *, #2076, .F. ) ;
#952 = ORIENTED_EDGE ( 'NONE', *, *, #1427, .F. ) ;
#953 = DIRECTION ( 'NONE',  ( 3.223082373619878746E-17, 4.598590846719930620E-17, 1.000000000000000000 ) ) ;
#954 = ORIENTED_EDGE ( 'NONE', *, *, #2617, .T. ) ;
#955 = FILL_AREA_STYLE_COLOUR ( '', #305 ) ;
#956 = SURFACE_STYLE_FILL_AREA ( #1592 ) ;
#957 = VERTEX_POINT ( 'NONE', #1268 ) ;
#958 = FILL_AREA_STYLE_COLOUR ( '', #878 ) ;
#959 = DIRECTION ( 'NONE',  ( 0.6353906706864890230, -0.7721908414404909937, 1.503073264317039496E-17 ) ) ;
#960 = CARTESIAN_POINT ( 'NONE',  ( 12.56493313821630942, 0.6778269350177285046, -1.179611963664228824E-13 ) ) ;
#961 = FACE_OUTER_BOUND ( 'NONE', #1258, .T. ) ;
#962 = ORIENTED_EDGE ( 'NONE', *, *, #3939, .T. ) ;
#963 = CIRCLE ( 'NONE', #1417, 12.50000000000000533 ) ;
#964 =( GEOMETRIC_REPRESENTATION_CONTEXT ( 3 ) GLOBAL_UNCERTAINTY_ASSIGNED_CONTEXT ( ( #3543 ) ) GLOBAL_UNIT_ASSIGNED_CONTEXT ( ( #3642, #2328, #3045 ) ) REPRESENTATION_CONTEXT ( 'NONE', 'WORKASPACE' ) );
#965 = MECHANICAL_DESIGN_GEOMETRIC_PRESENTATION_REPRESENTATION (  '', ( #658 ), #1743 ) ;
#966 = ORIENTED_EDGE ( 'NONE', *, *, #1532, .T. ) ;
#967 = AXIS2_PLACEMENT_3D ( 'NONE', #5, #1506, #570 ) ;
#968 = FILL_AREA_STYLE ('',( #2541 ) ) ;
#969 = SURFACE_SIDE_STYLE ('',( #2215 ) ) ;
#970 = PRESENTATION_LAYER_ASSIGNMENT (  '', '', ( #2712 ) ) ;
#971 = CARTESIAN_POINT ( 'NONE',  ( 17.80906462234678855, -5.588444112275666953, -1.178935580695286034E-13 ) ) ;
#972 = LINE ( 'NONE', #2545, #3701 ) ;
#973 = CARTESIAN_POINT ( 'NONE',  ( 21.67281267413515167, 6.044765569636401104, 14.99999999999988098 ) ) ;
#974 = ORIENTED_EDGE ( 'NONE', *, *, #3815, .T. ) ;
#975 = DIRECTION ( 'NONE',  ( -0.6353906706864889120, 0.7721908414404912158, 0.000000000000000000 ) ) ;
#976 = AXIS2_PLACEMENT_3D ( 'NONE', #328, #3128, #1586 ) ;
#977 = FACE_OUTER_BOUND ( 'NONE', #3052, .T. ) ;
#978 = ORIENTED_EDGE ( 'NONE', *, *, #1056, .F. ) ;
#979 = COLOUR_RGB ( '',0.7764705882352941346, 0.7568627450980391913, 0.7372549019607843590 ) ;
#980 = VECTOR ( 'NONE', #316, 1000.000000000000227 ) ;
#981 = SURFACE_SIDE_STYLE ('',( #3391 ) ) ;
#982 = LINE ( 'NONE', #3431, #3660 ) ;
#983 =( GEOMETRIC_REPRESENTATION_CONTEXT ( 3 ) GLOBAL_UNCERTAINTY_ASSIGNED_CONTEXT ( ( #2563 ) ) GLOBAL_UNIT_ASSIGNED_CONTEXT ( ( #2603, #1991, #1738 ) ) REPRESENTATION_CONTEXT ( 'NONE', 'WORKASPACE' ) );
#984 = AXIS2_PLACEMENT_3D ( 'NONE', #43, #2800, #2478 ) ;
#985 = AXIS2_PLACEMENT_3D ( 'NONE', #2948, #1373, #202 ) ;
#986 = ADVANCED_FACE ( 'NONE', ( #2755 ), #858, .T. ) ;
#987 = VERTEX_POINT ( 'NONE', #947 ) ;
#988 = DIRECTION ( 'NONE',  ( 0.6353906706864890230, -0.7721908414404909937, 0.000000000000000000 ) ) ;
#989 = COLOUR_RGB ( '',0.7764705882352941346, 0.7568627450980391913, 0.7372549019607843590 ) ;
#990 = UNCERTAINTY_MEASURE_WITH_UNIT (LENGTH_MEASURE( 1.000000000000000082E-05 ), #1411, 'distance_accuracy_value', 'NONE');
#991 = DIRECTION ( 'NONE',  ( 3.223082373619878746E-17, 4.598590846719930620E-17, 1.000000000000000000 ) ) ;
#992 = CIRCLE ( 'NONE', #377, 12.50000000000000533 ) ;
#993 = DIRECTION ( 'NONE',  ( 3.223082373619878746E-17, 4.598590846719930620E-17, 1.000000000000000000 ) ) ;
#994 = EDGE_LOOP ( 'NONE', ( #2706, #3273 ) ) ;
#995 = CIRCLE ( 'NONE', #1894, 9.686500000000002331 ) ;
#996 = SURFACE_STYLE_USAGE ( .BOTH. , #3736 ) ;
#997 = EDGE_CURVE ( 'NONE', #1654, #3775, #15, .T. ) ;
#998 = EDGE_CURVE ( 'NONE', #2467, #889, #1665, .T. ) ;
#999 = AXIS2_PLACEMENT_3D ( 'NONE', #1770, #3005, #2390 ) ;
#1000 = LINE ( 'NONE', #217, #2961 ) ;
#1001 = CARTESIAN_POINT ( 'NONE',  ( 20.52674070887363555, -3.573695913388919010, 4.999999999999880984 ) ) ;
#1002 = EDGE_LOOP ( 'NONE', ( #2905, #481, #3064, #3115 ) ) ;
#1003 = EDGE_CURVE ( 'NONE', #2757, #341, #2825, .T. ) ;
#1004 = ORIENTED_EDGE ( 'NONE', *, *, #1992, .F. ) ;
#1005 = SURFACE_STYLE_USAGE ( .BOTH. , #2231 ) ;
#1006 = EDGE_CURVE ( 'NONE', #1744, #2964, #38, .T. ) ;
#1007 = CARTESIAN_POINT ( 'NONE',  ( 13.80586320728514593, 0.3932712242416857018, -1.179611963664228824E-13 ) ) ;
#1008 = VECTOR ( 'NONE', #2459, 1000.000000000000000 ) ;
#1009 =( NAMED_UNIT ( * ) SI_UNIT ( $, .STERADIAN. ) SOLID_ANGLE_UNIT ( ) );
#1010 = DIRECTION ( 'NONE',  ( 0.6353906706864890230, -0.7721908414404909937, 0.000000000000000000 ) ) ;
#1011 =( LENGTH_UNIT ( ) NAMED_UNIT ( * ) SI_UNIT ( .MILLI., .METRE. ) );
#1012 = ORIENTED_EDGE ( 'NONE', *, *, #3944, .T. ) ;
#1013 = PRESENTATION_STYLE_ASSIGNMENT (( #144 ) ) ;
#1014 = ORIENTED_EDGE ( 'NONE', *, *, #1129, .T. ) ;
#1015 = DIRECTION ( 'NONE',  ( 3.223082373619878746E-17, 4.598590846719930620E-17, 1.000000000000000000 ) ) ;
#1016 = CARTESIAN_POINT ( 'NONE',  ( 22.66261644465088665, 10.13325081322723520, 3.469446951953614189E-15 ) ) ;
#1017 = AXIS2_PLACEMENT_3D ( 'NONE', #1157, #1472, #6 ) ;
#1018 = ORIENTED_EDGE ( 'NONE', *, *, #603, .T. ) ;
#1019 = FACE_BOUND ( 'NONE', #994, .T. ) ;
#1020 = ORIENTED_EDGE ( 'NONE', *, *, #833, .F. ) ;
#1021 = DIRECTION ( 'NONE',  ( 3.223082373619878746E-17, 4.598590846719930620E-17, 1.000000000000000000 ) ) ;
#1022 = LINE ( 'NONE', #2598, #490 ) ;
#1023 = PRODUCT_DEFINITION ( '未知', '', #3890, #1449 ) ;
#1024 = ORIENTED_EDGE ( 'NONE', *, *, #562, .T. ) ;
#1025 = DIRECTION ( 'NONE',  ( 4.800258967122366038E-17, 1.302709821111998600E-17, 1.000000000000000000 ) ) ;
#1026 =( GEOMETRIC_REPRESENTATION_CONTEXT ( 3 ) GLOBAL_UNCERTAINTY_ASSIGNED_CONTEXT ( ( #1161 ) ) GLOBAL_UNIT_ASSIGNED_CONTEXT ( ( #1069, #2619, #3886 ) ) REPRESENTATION_CONTEXT ( 'NONE', 'WORKASPACE' ) );
#1027 = DIRECTION ( 'NONE',  ( 0.8343594835823755496, 0.5512206927866112327, -4.723222202963162679E-17 ) ) ;
#1028 = CIRCLE ( 'NONE', #3289, 12.50000000000000533 ) ;
#1029 = UNCERTAINTY_MEASURE_WITH_UNIT (LENGTH_MEASURE( 1.000000000000000082E-05 ), #234, 'distance_accuracy_value', 'NONE');
#1030 = CIRCLE ( 'NONE', #348, 12.50000000000000533 ) ;
#1031 = EDGE_CURVE ( 'NONE', #3104, #709, #2164, .T. ) ;
#1032 = DIRECTION ( 'NONE',  ( -0.9830921976803939089, 0.1831112526851726430, 2.326533403457361732E-17 ) ) ;
#1033 = ORIENTED_EDGE ( 'NONE', *, *, #3205, .F. ) ;
#1034 = PRESENTATION_LAYER_ASSIGNMENT (  '', '', ( #3360 ) ) ;
#1035 = DIRECTION ( 'NONE',  ( 0.6353906706864889120, -0.7721908414404912158, 1.503073264317127626E-17 ) ) ;
#1036 = AXIS2_PLACEMENT_3D ( 'NONE', #626, #921, #2657 ) ;
#1037 = FILL_AREA_STYLE_COLOUR ( '', #2514 ) ;
#1038 = ORIENTED_EDGE ( 'NONE', *, *, #1291, .F. ) ;
#1039 = SURFACE_SIDE_STYLE ('',( #1727 ) ) ;
#1040 = STYLED_ITEM ( 'NONE', ( #3168 ), #2009 ) ;
#1041 = DIRECTION ( 'NONE',  ( -0.009617212702353760204, -0.9999537535405512712, 4.629375246919245351E-17 ) ) ;
#1042 = CARTESIAN_POINT ( 'NONE',  ( 21.86512367709430649, -6.453755001940898239, 4.999999999999880984 ) ) ;
#1043 =( LENGTH_UNIT ( ) NAMED_UNIT ( * ) SI_UNIT ( .MILLI., .METRE. ) );
#1044 = ORIENTED_EDGE ( 'NONE', *, *, #562, .F. ) ;
#1045 = CIRCLE ( 'NONE', #3175, 1.500000000000015321 ) ;
#1046 = CARTESIAN_POINT ( 'NONE',  ( 13.31134067219906925, -3.246939653886304455, 2.499999999999881872 ) ) ;
#1047 = SURFACE_STYLE_FILL_AREA ( #1259 ) ;
#1048 = CARTESIAN_POINT ( 'NONE',  ( 29.85402561212487882, -3.406041531520070276, 4.999999999999880096 ) ) ;
#1049 = FILL_AREA_STYLE ('',( #1115 ) ) ;
#1050 = ORIENTED_EDGE ( 'NONE', *, *, #701, .T. ) ;
#1051 = CIRCLE ( 'NONE', #1250, 9.686500000000000554 ) ;
#1052 = DIRECTION ( 'NONE',  ( -3.223082373619878746E-17, -4.598590846719930620E-17, -1.000000000000000000 ) ) ;
#1053 =( NAMED_UNIT ( * ) SI_UNIT ( $, .STERADIAN. ) SOLID_ANGLE_UNIT ( ) );
#1054 = LINE ( 'NONE', #2769, #2264 ) ;
#1055 = MECHANICAL_DESIGN_GEOMETRIC_PRESENTATION_REPRESENTATION (  '', ( #2792 ), #118 ) ;
#1056 = EDGE_CURVE ( 'NONE', #2254, #3410, #2046, .T. ) ;
#1057 = FILL_AREA_STYLE_COLOUR ( '', #2486 ) ;
#1058 = MECHANICAL_DESIGN_GEOMETRIC_PRESENTATION_REPRESENTATION (  '', ( #3181 ), #251 ) ;
#1059 = DIRECTION ( 'NONE',  ( 3.223082373619878746E-17, 4.598590846719930620E-17, 1.000000000000000000 ) ) ;
#1060 = CIRCLE ( 'NONE', #2021, 1.499999999999974465 ) ;
#1061 = EDGE_LOOP ( 'NONE', ( #2929, #2230, #1245, #2490 ) ) ;
#1062 = FILL_AREA_STYLE ('',( #3178 ) ) ;
#1063 =( LENGTH_UNIT ( ) NAMED_UNIT ( * ) SI_UNIT ( .MILLI., .METRE. ) );
#1064 = ORIENTED_EDGE ( 'NONE', *, *, #633, .T. ) ;
#1065 = CARTESIAN_POINT ( 'NONE',  ( 11.31761309460525666, 8.172520634646387450, 4.999999999999880096 ) ) ;
#1066 = VERTEX_POINT ( 'NONE', #1656 ) ;
#1067 = AXIS2_PLACEMENT_3D ( 'NONE', #3792, #1015, #765 ) ;
#1068 = EDGE_CURVE ( 'NONE', #2532, #146, #1672, .T. ) ;
#1069 =( LENGTH_UNIT ( ) NAMED_UNIT ( * ) SI_UNIT ( .MILLI., .METRE. ) );
#1070 = SURFACE_STYLE_USAGE ( .BOTH. , #1661 ) ;
#1071 = DIRECTION ( 'NONE',  ( 3.223082373619878746E-17, 4.598590846719930620E-17, 1.000000000000000000 ) ) ;
#1072 = CIRCLE ( 'NONE', #690, 4.500000000000000000 ) ;
#1073 = DIRECTION ( 'NONE',  ( -3.223082373619878746E-17, -4.598590846719930620E-17, -1.000000000000000000 ) ) ;
#1074 = VECTOR ( 'NONE', #942, 1000.000000000000000 ) ;
#1075 =( NAMED_UNIT ( * ) PLANE_ANGLE_UNIT ( ) SI_UNIT ( $, .RADIAN. ) );
#1076 = EDGE_CURVE ( 'NONE', #1717, #2601, #963, .T. ) ;
#1077 = ORIENTED_EDGE ( 'NONE', *, *, #2982, .T. ) ;
#1078 = CYLINDRICAL_SURFACE ( 'NONE', #296, 12.50000000000000533 ) ;
#1079 = DIRECTION ( 'NONE',  ( 0.6353906706864890230, -0.7721908414404909937, 0.000000000000000000 ) ) ;
#1080 = FILL_AREA_STYLE ('',( #2908 ) ) ;
#1081 = FACE_OUTER_BOUND ( 'NONE', #350, .T. ) ;
#1082 = ORIENTED_EDGE ( 'NONE', *, *, #3343, .F. ) ;
#1083 = UNCERTAINTY_MEASURE_WITH_UNIT (LENGTH_MEASURE( 1.000000000000000082E-05 ), #282, 'distance_accuracy_value', 'NONE');
#1084 = DIRECTION ( 'NONE',  ( -0.8343594835823755496, -0.5512206927866113437, 4.723222202963162063E-17 ) ) ;
#1085 = SURFACE_SIDE_STYLE ('',( #556 ) ) ;
#1086 = EDGE_LOOP ( 'NONE', ( #3280, #1508, #3697, #1044 ) ) ;
#1087 = SURFACE_SIDE_STYLE ('',( #3573 ) ) ;
#1088 = FACE_OUTER_BOUND ( 'NONE', #3093, .T. ) ;
#1089 = PRESENTATION_STYLE_ASSIGNMENT (( #1343 ) ) ;
#1090 =( NAMED_UNIT ( * ) SI_UNIT ( $, .STERADIAN. ) SOLID_ANGLE_UNIT ( ) );
#1091 = DIRECTION ( 'NONE',  ( 3.223082373619878746E-17, 4.598590846719930620E-17, 1.000000000000000000 ) ) ;
#1092 = DIRECTION ( 'NONE',  ( 3.223082373619878746E-17, 4.598590846719930620E-17, 1.000000000000000000 ) ) ;
#1093 = SURFACE_SIDE_STYLE ('',( #1368 ) ) ;
#1094 = CARTESIAN_POINT ( 'NONE',  ( 11.27860436219288509, 4.116571202742333568, -1.179611963664228824E-13 ) ) ;
#1095 =( NAMED_UNIT ( * ) PLANE_ANGLE_UNIT ( ) SI_UNIT ( $, .RADIAN. ) );
#1096 = ORIENTED_EDGE ( 'NONE', *, *, #3018, .T. ) ;
#1097 = CARTESIAN_POINT ( 'NONE',  ( 21.67281267413515167, 6.044765569636401104, 14.99999999999988098 ) ) ;
#1098 = DIRECTION ( 'NONE',  ( -0.8343594835823761047, -0.5512206927866102335, 0.000000000000000000 ) ) ;
#1099 = CARTESIAN_POINT ( 'NONE',  ( 99.06650787426137583, -5.602631737249589960, 0.000000000000000000 ) ) ;
#1100 = AXIS2_PLACEMENT_3D ( 'NONE', #261, #1457, #3564 ) ;
#1101 = STYLED_ITEM ( 'NONE', ( #1499 ), #647 ) ;
#1102 = ORIENTED_EDGE ( 'NONE', *, *, #1003, .T. ) ;
#1103 = MECHANICAL_DESIGN_GEOMETRIC_PRESENTATION_REPRESENTATION (  '', ( #1541 ), #1805 ) ;
#1104 = FILL_AREA_STYLE ('',( #2674 ) ) ;
#1105 = CARTESIAN_POINT ( 'NONE',  ( 25.56640389503061428, 15.87316560998566750, -1.196959198423996895E-13 ) ) ;
#1106 = COLOUR_RGB ( '',0.7764705882352941346, 0.7568627450980391913, 0.7372549019607843590 ) ;
#1107 = CARTESIAN_POINT ( 'NONE',  ( 13.78623728648042857, -3.653271791337150631, 4.999999999999880984 ) ) ;
#1108 = AXIS2_PLACEMENT_3D ( 'NONE', #2521, #2463, #1868 ) ;
#1109 = CYLINDRICAL_SURFACE ( 'NONE', #472, 4.500000000000000000 ) ;
#1110 = FILL_AREA_STYLE ('',( #3887 ) ) ;
#1111 = AXIS2_PLACEMENT_3D ( 'NONE', #311, #2098, #640 ) ;
#1112 = CARTESIAN_POINT ( 'NONE',  ( 21.37554452596508980, -4.522596049833964571, -1.188285581044112860E-13 ) ) ;
#1113 = PRESENTATION_LAYER_ASSIGNMENT (  '', '', ( #1040 ) ) ;
#1114 = CARTESIAN_POINT ( 'NONE',  ( 21.67281267413515167, 6.044765569636400215, -1.188285581044112860E-13 ) ) ;
#1115 = FILL_AREA_STYLE_COLOUR ( '', #163 ) ;
#1116 = EDGE_LOOP ( 'NONE', ( #1487, #3180 ) ) ;
#1117 =( NAMED_UNIT ( * ) PLANE_ANGLE_UNIT ( ) SI_UNIT ( $, .RADIAN. ) );
#1118 = DIRECTION ( 'NONE',  ( -3.223082373619878746E-17, -4.598590846719930620E-17, -1.000000000000000000 ) ) ;
#1119 = AXIS2_PLACEMENT_3D ( 'NONE', #3960, #3001, #871 ) ;
#1120 = DIRECTION ( 'NONE',  ( -3.223082373619878746E-17, -4.598590846719930620E-17, -1.000000000000000000 ) ) ;
#1121 = EDGE_CURVE ( 'NONE', #2848, #2013, #3358, .T. ) ;
#1122 = AXIS2_PLACEMENT_3D ( 'NONE', #2668, #495, #3235 ) ;
#1123 = SURFACE_SIDE_STYLE ('',( #1441 ) ) ;
#1124 = ORIENTED_EDGE ( 'NONE', *, *, #2055, .T. ) ;
#1125 = CIRCLE ( 'NONE', #2139, 9.686500000000002331 ) ;
#1126 = UNCERTAINTY_MEASURE_WITH_UNIT (LENGTH_MEASURE( 1.000000000000000082E-05 ), #2689, 'distance_accuracy_value', 'NONE');
#1127 = CIRCLE ( 'NONE', #3059, 1.500000000000015321 ) ;
#1128 = CIRCLE ( 'NONE', #3063, 9.686500000000000554 ) ;
#1129 = EDGE_CURVE ( 'NONE', #1955, #3155, #1616, .T. ) ;
#1130 = CARTESIAN_POINT ( 'NONE',  ( 21.76677810430769355, -4.526358800387076720, -1.188285581044112860E-13 ) ) ;
#1131 = DIRECTION ( 'NONE',  ( 0.6353906706864890230, -0.7721908414404909937, 0.000000000000000000 ) ) ;
#1132 = UNCERTAINTY_MEASURE_WITH_UNIT (LENGTH_MEASURE( 1.000000000000000082E-05 ), #1733, 'distance_accuracy_value', 'NONE');
#1133 = AXIS2_PLACEMENT_3D ( 'NONE', #3715, #1201, #263 ) ;
#1134 = EDGE_CURVE ( 'NONE', #3932, #467, #1028, .T. ) ;
#1135 = SURFACE_STYLE_FILL_AREA ( #2593 ) ;
#1136 = STYLED_ITEM ( 'NONE', ( #2920 ), #248 ) ;
#1137 = SURFACE_STYLE_USAGE ( .BOTH. , #3286 ) ;
#1138 = EDGE_CURVE ( 'NONE', #1173, #514, #1540, .T. ) ;
#1139 =( NAMED_UNIT ( * ) PLANE_ANGLE_UNIT ( ) SI_UNIT ( $, .RADIAN. ) );
#1140 = PRESENTATION_STYLE_ASSIGNMENT (( #3649 ) ) ;
#1141 =( LENGTH_UNIT ( ) NAMED_UNIT ( * ) SI_UNIT ( .MILLI., .METRE. ) );
#1142 = ORIENTED_EDGE ( 'NONE', *, *, #3873, .T. ) ;
#1143 = SURFACE_STYLE_USAGE ( .BOTH. , #1650 ) ;
#1144 = MECHANICAL_DESIGN_GEOMETRIC_PRESENTATION_REPRESENTATION (  '', ( #3724 ), #3922 ) ;
#1145 = CARTESIAN_POINT ( 'NONE',  ( 26.35207586097342869, 17.63590425521428529, 4.999999999999879208 ) ) ;
#1146 = CARTESIAN_POINT ( 'NONE',  ( 30.77984314712906766, 28.18517061820158887, 2.602085213965210642E-15 ) ) ;
#1147 = CARTESIAN_POINT ( 'NONE',  ( 58.16660029668184961, 13.44353415481432812, 1.734723475976807094E-15 ) ) ;
#1148 = ORIENTED_EDGE ( 'NONE', *, *, #1829, .F. ) ;
#1149 = CYLINDRICAL_SURFACE ( 'NONE', #1900, 4.500000000000000000 ) ;
#1150 = ORIENTED_EDGE ( 'NONE', *, *, #1769, .T. ) ;
#1151 = DIRECTION ( 'NONE',  ( -3.223082373619878746E-17, -4.598590846719930620E-17, -1.000000000000000000 ) ) ;
#1152 = MANIFOLD_SOLID_BREP ( '凸台-拉伸1', #752 ) ;
#1153 = FACE_OUTER_BOUND ( 'NONE', #696, .T. ) ;
#1154 = CARTESIAN_POINT ( 'NONE',  ( 21.76677810430769355, -4.526358800387076720, -1.188285581044112860E-13 ) ) ;
#1155 = EDGE_LOOP ( 'NONE', ( #2952, #3689 ) ) ;
#1156 = DIRECTION ( 'NONE',  ( 0.8707939595268955335, 0.4916481262564428856, -5.067529235215741002E-17 ) ) ;
#1157 = CARTESIAN_POINT ( 'NONE',  ( 21.67281267413515167, 6.044765569636400215, -1.188285581044112860E-13 ) ) ;
#1158 = ORIENTED_EDGE ( 'NONE', *, *, #3199, .T. ) ;
#1159 = CARTESIAN_POINT ( 'NONE',  ( 29.85402561212487882, -3.406041531520070276, 2.499999999999880984 ) ) ;
#1160 = SURFACE_STYLE_USAGE ( .BOTH. , #2732 ) ;
#1161 = UNCERTAINTY_MEASURE_WITH_UNIT (LENGTH_MEASURE( 1.000000000000000082E-05 ), #1069, 'distance_accuracy_value', 'NONE');
#1162 =( GEOMETRIC_REPRESENTATION_CONTEXT ( 3 ) GLOBAL_UNCERTAINTY_ASSIGNED_CONTEXT ( ( #183 ) ) GLOBAL_UNIT_ASSIGNED_CONTEXT ( ( #1440, #180, #3855 ) ) REPRESENTATION_CONTEXT ( 'NONE', 'WORKASPACE' ) );
#1163 = DIRECTION ( 'NONE',  ( -0.8343594835823765488, -0.5512206927866094563, 0.000000000000000000 ) ) ;
#1164 = ORIENTED_EDGE ( 'NONE', *, *, #2134, .F. ) ;
#1165 = CARTESIAN_POINT ( 'NONE',  ( 13.31134067219906925, -3.246939653886306232, -1.179611963664228824E-13 ) ) ;
#1166 = SURFACE_SIDE_STYLE ('',( #2406 ) ) ;
#1167 = PRESENTATION_LAYER_ASSIGNMENT (  '', '', ( #3161 ) ) ;
#1168 =( LENGTH_UNIT ( ) NAMED_UNIT ( * ) SI_UNIT ( .MILLI., .METRE. ) );
#1169 = FILL_AREA_STYLE_COLOUR ( '', #2027 ) ;
#1170 = EDGE_LOOP ( 'NONE', ( #2726, #1623, #3351, #952 ) ) ;
#1171 = MECHANICAL_DESIGN_GEOMETRIC_PRESENTATION_REPRESENTATION (  '', ( #3627 ), #1481 ) ;
#1172 = STYLED_ITEM ( 'NONE', ( #3906 ), #2289 ) ;
#1173 = VERTEX_POINT ( 'NONE', #3811 ) ;
#1174 = ADVANCED_FACE ( 'NONE', ( #977 ), #1636, .T. ) ;
#1175 = DIRECTION ( 'NONE',  ( 3.223082373619878746E-17, 4.598590846719930620E-17, 1.000000000000000000 ) ) ;
#1176 = AXIS2_PLACEMENT_3D ( 'NONE', #72, #1025, #2213 ) ;
#1177 =( GEOMETRIC_REPRESENTATION_CONTEXT ( 3 ) GLOBAL_UNCERTAINTY_ASSIGNED_CONTEXT ( ( #1997 ) ) GLOBAL_UNIT_ASSIGNED_CONTEXT ( ( #3710, #2760, #23 ) ) REPRESENTATION_CONTEXT ( 'NONE', 'WORKASPACE' ) );
#1178 = DIRECTION ( 'NONE',  ( 3.223082373619878746E-17, 4.598590846719930620E-17, 1.000000000000000000 ) ) ;
#1179 = ORIENTED_EDGE ( 'NONE', *, *, #997, .F. ) ;
#1180 = VECTOR ( 'NONE', #1830, 1000.000000000000000 ) ;
#1181 = CARTESIAN_POINT ( 'NONE',  ( 14.94980660425758856, -2.113585325793456704, -1.179611963664228824E-13 ) ) ;
#1182 = ADVANCED_FACE ( 'NONE', ( #3216 ), #2954, .T. ) ;
#1183 = DIRECTION ( 'NONE',  ( 0.6353906706864890230, -0.7721908414404909937, 0.000000000000000000 ) ) ;
#1184 = AXIS2_PLACEMENT_3D ( 'NONE', #178, #2949, #1438 ) ;
#1185 = VERTEX_POINT ( 'NONE', #536 ) ;
#1186 = FACE_OUTER_BOUND ( 'NONE', #2115, .T. ) ;
#1187 = EDGE_CURVE ( 'NONE', #755, #3147, #1714, .T. ) ;
#1188 = AXIS2_PLACEMENT_3D ( 'NONE', #3204, #1071, #2556 ) ;
#1189 = EDGE_CURVE ( 'NONE', #2786, #879, #265, .T. ) ;
#1190 =( NAMED_UNIT ( * ) PLANE_ANGLE_UNIT ( ) SI_UNIT ( $, .RADIAN. ) );
#1191 = DIRECTION ( 'NONE',  ( -0.9719232228336938118, 0.2352982127355960906, 4.358957873141146526E-17 ) ) ;
#1192 = EDGE_CURVE ( 'NONE', #1823, #1979, #208, .T. ) ;
#1193 =( NAMED_UNIT ( * ) SI_UNIT ( $, .STERADIAN. ) SOLID_ANGLE_UNIT ( ) );
#1194 = FACE_OUTER_BOUND ( 'NONE', #3401, .T. ) ;
#1195 =( GEOMETRIC_REPRESENTATION_CONTEXT ( 3 ) GLOBAL_UNCERTAINTY_ASSIGNED_CONTEXT ( ( #3096 ) ) GLOBAL_UNIT_ASSIGNED_CONTEXT ( ( #3036, #2135, #601 ) ) REPRESENTATION_CONTEXT ( 'NONE', 'WORKASPACE' ) );
#1196 = ORIENTED_EDGE ( 'NONE', *, *, #2926, .F. ) ;
#1197 = MECHANICAL_DESIGN_GEOMETRIC_PRESENTATION_REPRESENTATION (  '', ( #2933 ), #1497 ) ;
#1198 = PRESENTATION_LAYER_ASSIGNMENT (  '', '', ( #2536 ) ) ;
#1199 = ORIENTED_EDGE ( 'NONE', *, *, #1871, .T. ) ;
#1200 = CARTESIAN_POINT ( 'NONE',  ( 81.79183544889644963, 1.240573542947079666, 8.673617379884035472E-16 ) ) ;
#1201 = DIRECTION ( 'NONE',  ( 3.223082373619878746E-17, 4.598590846719930620E-17, 1.000000000000000000 ) ) ;
#1202 = MECHANICAL_DESIGN_GEOMETRIC_PRESENTATION_REPRESENTATION (  '', ( #1641 ), #3070 ) ;
#1203 = UNCERTAINTY_MEASURE_WITH_UNIT (LENGTH_MEASURE( 1.000000000000000082E-05 ), #292, 'distance_accuracy_value', 'NONE');
#1204 =( GEOMETRIC_REPRESENTATION_CONTEXT ( 3 ) GLOBAL_UNCERTAINTY_ASSIGNED_CONTEXT ( ( #2402 ) ) GLOBAL_UNIT_ASSIGNED_CONTEXT ( ( #384, #3142, #2494 ) ) REPRESENTATION_CONTEXT ( 'NONE', 'WORKASPACE' ) );
#1205 = FILL_AREA_STYLE_COLOUR ( '', #387 ) ;
#1206 = EDGE_LOOP ( 'NONE', ( #2430, #174, #3483, #229 ) ) ;
#1207 = ADVANCED_FACE ( 'NONE', ( #851 ), #1149, .T. ) ;
#1208 = DIRECTION ( 'NONE',  ( -0.8343594835823747724, -0.5512206927866122319, 0.000000000000000000 ) ) ;
#1209 = PRESENTATION_STYLE_ASSIGNMENT (( #1730 ) ) ;
#1210 = CARTESIAN_POINT ( 'NONE',  ( 11.24597051076659326, 7.787884168232445781, -1.188285581044112860E-13 ) ) ;
#1211 =( GEOMETRIC_REPRESENTATION_CONTEXT ( 3 ) GLOBAL_UNCERTAINTY_ASSIGNED_CONTEXT ( ( #1203 ) ) GLOBAL_UNIT_ASSIGNED_CONTEXT ( ( #292, #582, #3315 ) ) REPRESENTATION_CONTEXT ( 'NONE', 'WORKASPACE' ) );
#1212 = VERTEX_POINT ( 'NONE', #3609 ) ;
#1213 =( NAMED_UNIT ( * ) SI_UNIT ( $, .STERADIAN. ) SOLID_ANGLE_UNIT ( ) );
#1214 = ORIENTED_EDGE ( 'NONE', *, *, #1777, .F. ) ;
#1215 = EDGE_LOOP ( 'NONE', ( #646, #679, #1802, #1345 ) ) ;
#1216 =( NAMED_UNIT ( * ) PLANE_ANGLE_UNIT ( ) SI_UNIT ( $, .RADIAN. ) );
#1217 = SURFACE_SIDE_STYLE ('',( #2096 ) ) ;
#1218 = ORIENTED_EDGE ( 'NONE', *, *, #497, .F. ) ;
#1219 = DIRECTION ( 'NONE',  ( -0.009617212702353760204, -0.9999537535405512712, 4.629375246919245351E-17 ) ) ;
#1220 = CARTESIAN_POINT ( 'NONE',  ( 99.87901213735517558, -3.328730863270483287, 4.999999999999999112 ) ) ;
#1221 = CARTESIAN_POINT ( 'NONE',  ( 80.54029622352287276, 0.4137425037671572658, 5.000000000000000000 ) ) ;
#1222 = EDGE_LOOP ( 'NONE', ( #3177, #3469 ) ) ;
#1223 =( NAMED_UNIT ( * ) PLANE_ANGLE_UNIT ( ) SI_UNIT ( $, .RADIAN. ) );
#1224 = STYLED_ITEM ( 'NONE', ( #3705 ), #362 ) ;
#1225 = CARTESIAN_POINT ( 'NONE',  ( 13.97422370705525196, 15.89269570322060154, 2.499999999999880984 ) ) ;
#1226 = CARTESIAN_POINT ( 'NONE',  ( 96.24143832399991538, -4.593185336401317542, 0.000000000000000000 ) ) ;
#1227 = ORIENTED_EDGE ( 'NONE', *, *, #1888, .F. ) ;
#1228 = CARTESIAN_POINT ( 'NONE',  ( 14.80584321299972039, 14.08231683655875344, -1.188285581044112860E-13 ) ) ;
#1229 = AXIS2_PLACEMENT_3D ( 'NONE', #193, #1386, #3249 ) ;
#1230 = ADVANCED_FACE ( 'NONE', ( #230 ), #1419, .T. ) ;
#1231 = ORIENTED_EDGE ( 'NONE', *, *, #1788, .F. ) ;
#1232 = COLOUR_RGB ( '',0.7764705882352941346, 0.7568627450980391913, 0.7372549019607843590 ) ;
#1233 = ORIENTED_EDGE ( 'NONE', *, *, #1936, .T. ) ;
#1234 = ORIENTED_EDGE ( 'NONE', *, *, #1638, .T. ) ;
#1235 = MECHANICAL_DESIGN_GEOMETRIC_PRESENTATION_REPRESENTATION (  '', ( #728 ), #520 ) ;
#1236 = CARTESIAN_POINT ( 'NONE',  ( 21.67281267413489942, 7.544765569636153302, -1.045485504059462220E-15 ) ) ;
#1237 = DIRECTION ( 'NONE',  ( 0.6353906706864890230, -0.7721908414404909937, 0.000000000000000000 ) ) ;
#1238 = AXIS2_PLACEMENT_3D ( 'NONE', #3058, #865, #2707 ) ;
#1239 =( GEOMETRIC_REPRESENTATION_CONTEXT ( 3 ) GLOBAL_UNCERTAINTY_ASSIGNED_CONTEXT ( ( #1725 ) ) GLOBAL_UNIT_ASSIGNED_CONTEXT ( ( #2420, #3934, #2095 ) ) REPRESENTATION_CONTEXT ( 'NONE', 'WORKASPACE' ) );
#1240 = UNCERTAINTY_MEASURE_WITH_UNIT (LENGTH_MEASURE( 1.000000000000000082E-05 ), #1063, 'distance_accuracy_value', 'NONE');
#1241 =( LENGTH_UNIT ( ) NAMED_UNIT ( * ) SI_UNIT ( .MILLI., .METRE. ) );
#1242 = MECHANICAL_DESIGN_GEOMETRIC_PRESENTATION_REPRESENTATION (  '', ( #1810 ), #604 ) ;
#1243 = SURFACE_SIDE_STYLE ('',( #2487 ) ) ;
#1244 = DIRECTION ( 'NONE',  ( -0.8343594835823755496, -0.5512206927866113437, 4.723222202963162063E-17 ) ) ;
#1245 = ORIENTED_EDGE ( 'NONE', *, *, #677, .F. ) ;
#1246 = DIRECTION ( 'NONE',  ( 0.9999981302302332065, 0.001933788002217606827, -4.802769156365713318E-17 ) ) ;
#1247 = CIRCLE ( 'NONE', #496, 9.686500000000002331 ) ;
#1248 =( LENGTH_UNIT ( ) NAMED_UNIT ( * ) SI_UNIT ( .MILLI., .METRE. ) );
#1249 = EDGE_CURVE ( 'NONE', #346, #2227, #923, .T. ) ;
#1250 = AXIS2_PLACEMENT_3D ( 'NONE', #1934, #1957, #2578 ) ;
#1251 = ORIENTED_EDGE ( 'NONE', *, *, #2429, .F. ) ;
#1252 = FACE_OUTER_BOUND ( 'NONE', #2175, .T. ) ;
#1253 = VECTOR ( 'NONE', #1118, 1000.000000000000000 ) ;
#1254 = AXIS2_PLACEMENT_3D ( 'NONE', #3582, #820, #2663 ) ;
#1255 = SURFACE_STYLE_USAGE ( .BOTH. , #981 ) ;
#1256 = FACE_OUTER_BOUND ( 'NONE', #1972, .T. ) ;
#1257 =( GEOMETRIC_REPRESENTATION_CONTEXT ( 3 ) GLOBAL_UNCERTAINTY_ASSIGNED_CONTEXT ( ( #3501 ) ) GLOBAL_UNIT_ASSIGNED_CONTEXT ( ( #818, #335, #2465 ) ) REPRESENTATION_CONTEXT ( 'NONE', 'WORKASPACE' ) );
#1258 = EDGE_LOOP ( 'NONE', ( #1077, #2140, #636, #2197 ) ) ;
#1259 = FILL_AREA_STYLE ('',( #1910 ) ) ;
#1260 =( GEOMETRIC_REPRESENTATION_CONTEXT ( 3 ) GLOBAL_UNCERTAINTY_ASSIGNED_CONTEXT ( ( #3472 ) ) GLOBAL_UNIT_ASSIGNED_CONTEXT ( ( #3318, #866, #3078 ) ) REPRESENTATION_CONTEXT ( 'NONE', 'WORKASPACE' ) );
#1261 = EDGE_LOOP ( 'NONE', ( #1561, #3057, #548, #629 ) ) ;
#1262 = EDGE_CURVE ( 'NONE', #514, #569, #3958, .T. ) ;
#1263 = COLOUR_RGB ( '',0.7764705882352941346, 0.7568627450980391913, 0.7372549019607843590 ) ;
#1264 = DIRECTION ( 'NONE',  ( -3.223082373619878746E-17, -4.598590846719930620E-17, -1.000000000000000000 ) ) ;
#1265 = FACE_OUTER_BOUND ( 'NONE', #2614, .T. ) ;
#1266 = ORIENTED_EDGE ( 'NONE', *, *, #1311, .F. ) ;
#1267 = FACE_OUTER_BOUND ( 'NONE', #1086, .T. ) ;
#1268 = CARTESIAN_POINT ( 'NONE',  ( 17.47325866540214179, 14.77357009131831056, 4.999999999999880096 ) ) ;
#1269 = ORIENTED_EDGE ( 'NONE', *, *, #540, .T. ) ;
#1270 = CARTESIAN_POINT ( 'NONE',  ( 21.67281267413489942, 4.544765569636151525, -9.075277786578639873E-16 ) ) ;
#1271 = PRESENTATION_LAYER_ASSIGNMENT (  '', '', ( #3013 ) ) ;
#1272 = FILL_AREA_STYLE ('',( #950 ) ) ;
#1273 = DIRECTION ( 'NONE',  ( 3.223082373619878746E-17, 4.598590846719930620E-17, 1.000000000000000000 ) ) ;
#1274 = CARTESIAN_POINT ( 'NONE',  ( 21.48050167117607856, 18.54328614121370222, -1.188285581044112860E-13 ) ) ;
#1275 = APPLICATION_CONTEXT ( 'automotive_design' ) ;
#1276 = VERTEX_POINT ( 'NONE', #2114 ) ;
#1277 =( NAMED_UNIT ( * ) SI_UNIT ( $, .STERADIAN. ) SOLID_ANGLE_UNIT ( ) );
#1278 = UNCERTAINTY_MEASURE_WITH_UNIT (LENGTH_MEASURE( 1.000000000000000082E-05 ), #289, 'distance_accuracy_value', 'NONE');
#1279 = PLANE ( 'NONE',  #3753 ) ;
#1280 = VERTEX_POINT ( 'NONE', #575 ) ;
#1281 = DIRECTION ( 'NONE',  ( -0.9876251117499666998, -0.1568331554259681515, 4.945164390682398972E-17 ) ) ;
#1282 = EDGE_CURVE ( 'NONE', #889, #1314, #1579, .T. ) ;
#1283 = ORIENTED_EDGE ( 'NONE', *, *, #1871, .F. ) ;
#1284 = FILL_AREA_STYLE_COLOUR ( '', #882 ) ;
#1285 = SURFACE_STYLE_USAGE ( .BOTH. , #3409 ) ;
#1286 = CIRCLE ( 'NONE', #1229, 4.500000000000000000 ) ;
#1287 = CARTESIAN_POINT ( 'NONE',  ( 21.67281267413515167, 6.044765569636401104, 14.99999999999988098 ) ) ;
#1288 = ORIENTED_EDGE ( 'NONE', *, *, #543, .T. ) ;
#1289 = FILL_AREA_STYLE_COLOUR ( '', #1869 ) ;
#1290 = SURFACE_STYLE_FILL_AREA ( #3436 ) ;
#1291 = EDGE_CURVE ( 'NONE', #67, #2757, #354, .T. ) ;
#1292 = CIRCLE ( 'NONE', #412, 4.500000000000003553 ) ;
#1293 = ORIENTED_EDGE ( 'NONE', *, *, #1525, .F. ) ;
#1294 = CARTESIAN_POINT ( 'NONE',  ( 26.35207586097342869, 17.63590425521428884, -1.196959198423996895E-13 ) ) ;
#1295 = PRESENTATION_STYLE_ASSIGNMENT (( #697 ) ) ;
#1296 = SURFACE_SIDE_STYLE ('',( #956 ) ) ;
#1297 =( LENGTH_UNIT ( ) NAMED_UNIT ( * ) SI_UNIT ( .MILLI., .METRE. ) );
#1298 = AXIS2_PLACEMENT_3D ( 'NONE', #2899, #1092, #790 ) ;
#1299 = DIRECTION ( 'NONE',  ( 3.223082373619878746E-17, 4.598590846719930620E-17, 1.000000000000000000 ) ) ;
#1300 = ORIENTED_EDGE ( 'NONE', *, *, #205, .T. ) ;
#1301 = EDGE_CURVE ( 'NONE', #1173, #3962, #2100, .T. ) ;
#1302 = DIRECTION ( 'NONE',  ( 3.223082373619878746E-17, 4.598590846719930620E-17, 1.000000000000000000 ) ) ;
#1303 = AXIS2_PLACEMENT_3D ( 'NONE', #326, #2989, #549 ) ;
#1304 = COLOUR_RGB ( '',0.7764705882352941346, 0.7568627450980391913, 0.7372549019607843590 ) ;
#1305 = CARTESIAN_POINT ( 'NONE',  ( 21.67281267413515167, 6.044765569636401104, 14.99999999999988098 ) ) ;
#1306 =( GEOMETRIC_REPRESENTATION_CONTEXT ( 3 ) GLOBAL_UNCERTAINTY_ASSIGNED_CONTEXT ( ( #3174 ) ) GLOBAL_UNIT_ASSIGNED_CONTEXT ( ( #630, #1517, #3801 ) ) REPRESENTATION_CONTEXT ( 'NONE', 'WORKASPACE' ) );
#1307 = COLOUR_RGB ( '',0.7764705882352941346, 0.7568627450980391913, 0.7372549019607843590 ) ;
#1308 = PRESENTATION_STYLE_ASSIGNMENT (( #1285 ) ) ;
#1309 = ADVANCED_FACE ( 'NONE', ( #56 ), #2711, .T. ) ;
#1310 = VECTOR ( 'NONE', #1867, 1000.000000000000000 ) ;
#1311 = EDGE_CURVE ( 'NONE', #2650, #1662, #3924, .T. ) ;
#1312 = DIRECTION ( 'NONE',  ( 0.6353906706864889120, -0.7721908414404912158, 1.503073264317127626E-17 ) ) ;
#1313 = FILL_AREA_STYLE_COLOUR ( '', #2412 ) ;
#1314 = VERTEX_POINT ( 'NONE', #1493 ) ;
#1315 = CARTESIAN_POINT ( 'NONE',  ( 63.44821181711495228, 10.79756874169068759, 5.000000000000000888 ) ) ;
#1316 = DIRECTION ( 'NONE',  ( 3.223082373619878746E-17, 4.598590846719930620E-17, 1.000000000000000000 ) ) ;
#1317 = MECHANICAL_DESIGN_GEOMETRIC_PRESENTATION_REPRESENTATION (  '', ( #3773 ), #2528 ) ;
#1318 = DIRECTION ( 'NONE',  ( 0.9864322206003921512, 0.1641690414218817951, -3.934298554185479438E-17 ) ) ;
#1319 = ORIENTED_EDGE ( 'NONE', *, *, #439, .T. ) ;
#1320 = PRESENTATION_STYLE_ASSIGNMENT (( #1005 ) ) ;
#1321 = DIRECTION ( 'NONE',  ( 0.6353906706864890230, -0.7721908414404909937, 0.000000000000000000 ) ) ;
#1322 = CYLINDRICAL_SURFACE ( 'NONE', #2398, 4.500000000000000000 ) ;
#1323 = AXIS2_PLACEMENT_3D ( 'NONE', #228, #1675, #2915 ) ;
#1324 = DIRECTION ( 'NONE',  ( -0.009617212702353598874, -0.9999537535405512712, 8.954335807447514361E-17 ) ) ;
#1325 = ORIENTED_EDGE ( 'NONE', *, *, #2926, .T. ) ;
#1326 = CARTESIAN_POINT ( 'NONE',  ( 21.67281267413489942, 6.044765569636153302, 5.000000000000002665 ) ) ;
#1327 = VERTEX_POINT ( 'NONE', #1632 ) ;
#1328 = FACE_OUTER_BOUND ( 'NONE', #3389, .T. ) ;
#1329 = CIRCLE ( 'NONE', #692, 4.499999999999998224 ) ;
#1330 = LINE ( 'NONE', #2878, #2569 ) ;
#1331 = COLOUR_RGB ( '',0.7764705882352941346, 0.7568627450980391913, 0.7372549019607843590 ) ;
#1332 = PRESENTATION_STYLE_ASSIGNMENT (( #2861 ) ) ;
#1333 = ORIENTED_EDGE ( 'NONE', *, *, #1189, .T. ) ;
#1334 = SURFACE_STYLE_USAGE ( .BOTH. , #3227 ) ;
#1335 = DIRECTION ( 'NONE',  ( 3.223082373619878746E-17, 4.598590846719930620E-17, 1.000000000000000000 ) ) ;
#1336 = ORIENTED_EDGE ( 'NONE', *, *, #2849, .F. ) ;
#1337 = FILL_AREA_STYLE_COLOUR ( '', #555 ) ;
#1338 = EDGE_CURVE ( 'NONE', #3511, #1609, #204, .T. ) ;
#1339 = ORIENTED_EDGE ( 'NONE', *, *, #2118, .F. ) ;
#1340 = SURFACE_STYLE_FILL_AREA ( #2586 ) ;
#1341 = ORIENTED_EDGE ( 'NONE', *, *, #998, .F. ) ;
#1342 = DIRECTION ( 'NONE',  ( 4.800258967122366038E-17, 1.302709821111998600E-17, 1.000000000000000000 ) ) ;
#1343 = SURFACE_STYLE_USAGE ( .BOTH. , #526 ) ;
#1344 = CARTESIAN_POINT ( 'NONE',  ( 21.67281267413515167, 6.044765569636400215, 4.999999999999880096 ) ) ;
#1345 = ORIENTED_EDGE ( 'NONE', *, *, #2968, .T. ) ;
#1346 = ADVANCED_FACE ( 'NONE', ( #455 ), #1279, .T. ) ;
#1347 = EDGE_CURVE ( 'NONE', #2601, #1682, #2808, .T. ) ;
#1348 =( LENGTH_UNIT ( ) NAMED_UNIT ( * ) SI_UNIT ( .MILLI., .METRE. ) );
#1349 = CARTESIAN_POINT ( 'NONE',  ( 30.77984314712906766, 28.18517061820158887, 2.602085213965210642E-15 ) ) ;
#1350 = AXIS2_PLACEMENT_3D ( 'NONE', #3083, #3734, #360 ) ;
#1351 = ORIENTED_EDGE ( 'NONE', *, *, #3393, .F. ) ;
#1352 = AXIS2_PLACEMENT_3D ( 'NONE', #2510, #82, #3761 ) ;
#1353 = DIRECTION ( 'NONE',  ( 3.223082373619878746E-17, 4.598590846719930620E-17, 1.000000000000000000 ) ) ;
#1354 = CARTESIAN_POINT ( 'NONE',  ( 21.67281267413515167, 6.044765569636400215, 4.999999999999880096 ) ) ;
#1355 = CIRCLE ( 'NONE', #2250, 12.50000000000000533 ) ;
#1356 = VERTEX_POINT ( 'NONE', #2501 ) ;
#1357 = VECTOR ( 'NONE', #1316, 1000.000000000000000 ) ;
#1358 = UNCERTAINTY_MEASURE_WITH_UNIT (LENGTH_MEASURE( 1.000000000000000082E-05 ), #3599, 'distance_accuracy_value', 'NONE');
#1359 = SURFACE_SIDE_STYLE ('',( #3157 ) ) ;
#1360 = VERTEX_POINT ( 'NONE', #3747 ) ;
#1361 = FILL_AREA_STYLE ('',( #2284 ) ) ;
#1362 = AXIS2_PLACEMENT_3D ( 'NONE', #3377, #3713, #1836 ) ;
#1363 = VECTOR ( 'NONE', #1390, 1000.000000000000000 ) ;
#1364 = DIRECTION ( 'NONE',  ( 4.800258967122366038E-17, 1.302709821111998600E-17, 1.000000000000000000 ) ) ;
#1365 = FILL_AREA_STYLE_COLOUR ( '', #516 ) ;
#1366 = FILL_AREA_STYLE_COLOUR ( '', #2529 ) ;
#1367 = AXIS2_PLACEMENT_3D ( 'NONE', #2102, #1820, #1914 ) ;
#1368 = SURFACE_STYLE_FILL_AREA ( #2271 ) ;
#1369 = DIRECTION ( 'NONE',  ( 3.223082373619878746E-17, 4.598590846719930620E-17, 1.000000000000000000 ) ) ;
#1370 = SURFACE_STYLE_FILL_AREA ( #738 ) ;
#1371 = ORIENTED_EDGE ( 'NONE', *, *, #1003, .F. ) ;
#1372 = CYLINDRICAL_SURFACE ( 'NONE', #2518, 4.500000000000000000 ) ;
#1373 = DIRECTION ( 'NONE',  ( 3.223082373619878746E-17, 4.598590846719930620E-17, 1.000000000000000000 ) ) ;
#1374 = FILL_AREA_STYLE_COLOUR ( '', #2661 ) ;
#1375 = CIRCLE ( 'NONE', #1697, 4.500000000000000000 ) ;
#1376 = PRODUCT ( '舵机连接副臂', '舵机连接副臂', '', ( #2068 ) ) ;
#1377 = EDGE_CURVE ( 'NONE', #32, #11, #3432, .T. ) ;
#1378 = DIRECTION ( 'NONE',  ( 3.223082373619878746E-17, 4.598590846719930620E-17, 1.000000000000000000 ) ) ;
#1379 = PRESENTATION_LAYER_ASSIGNMENT (  '', '', ( #123 ) ) ;
#1380 = ORIENTED_EDGE ( 'NONE', *, *, #648, .F. ) ;
#1381 = FACE_OUTER_BOUND ( 'NONE', #918, .T. ) ;
#1382 = ORIENTED_EDGE ( 'NONE', *, *, #3804, .T. ) ;
#1383 = DIRECTION ( 'NONE',  ( 0.6353906706864835829, -0.7721908414404955456, 1.503073264317127626E-17 ) ) ;
#1384 = CIRCLE ( 'NONE', #1890, 4.500000000000000000 ) ;
#1385 = AXIS2_PLACEMENT_3D ( 'NONE', #3487, #750, #2306 ) ;
#1386 = DIRECTION ( 'NONE',  ( 3.223082373619878746E-17, 4.598590846719930620E-17, 1.000000000000000000 ) ) ;
#1387 = FACE_OUTER_BOUND ( 'NONE', #1692, .T. ) ;
#1388 = DIRECTION ( 'NONE',  ( -3.223082373619878746E-17, -4.598590846719930620E-17, -1.000000000000000000 ) ) ;
#1389 = CARTESIAN_POINT ( 'NONE',  ( 16.36812686900232805, 14.14961539914109956, -1.188285581044112860E-13 ) ) ;
#1390 = DIRECTION ( 'NONE',  ( 3.223082373619878746E-17, 4.598590846719930620E-17, 1.000000000000000000 ) ) ;
#1391 = COLOUR_RGB ( '',0.7921568627450980005, 0.8196078431372548767, 0.9333333333333333481 ) ;
#1392 = SURFACE_STYLE_FILL_AREA ( #1049 ) ;
#1393 = ORIENTED_EDGE ( 'NONE', *, *, #2828, .F. ) ;
#1394 = CARTESIAN_POINT ( 'NONE',  ( 15.42419115630550941, -2.797031851464480745, -1.178935580695286034E-13 ) ) ;
#1395 = CIRCLE ( 'NONE', #2292, 9.686500000000000554 ) ;
#1396 = SURFACE_SIDE_STYLE ('',( #3567 ) ) ;
#1397 = ORIENTED_EDGE ( 'NONE', *, *, #301, .T. ) ;
#1398 = UNCERTAINTY_MEASURE_WITH_UNIT (LENGTH_MEASURE( 1.000000000000000082E-05 ), #3467, 'distance_accuracy_value', 'NONE');
#1399 = SURFACE_SIDE_STYLE ('',( #210 ) ) ;
#1400 = SURFACE_STYLE_FILL_AREA ( #3594 ) ;
#1401 = CARTESIAN_POINT ( 'NONE',  ( 26.97749847926802502, -2.060084259868266710, -1.188285581044112860E-13 ) ) ;
#1402 = EDGE_CURVE ( 'NONE', #2031, #2747, #972, .T. ) ;
#1403 = CARTESIAN_POINT ( 'NONE',  ( 13.91601666714386099, 11.84652374763072302, 4.999999999999880096 ) ) ;
#1404 = DIRECTION ( 'NONE',  ( -0.6353906706864889120, 0.7721908414404912158, 0.000000000000000000 ) ) ;
#1405 = CYLINDRICAL_SURFACE ( 'NONE', #3563, 4.500000000000000000 ) ;
#1406 = EDGE_CURVE ( 'NONE', #1744, #3683, #2834, .T. ) ;
#1407 = SURFACE_SIDE_STYLE ('',( #1648 ) ) ;
#1408 =( GEOMETRIC_REPRESENTATION_CONTEXT ( 3 ) GLOBAL_UNCERTAINTY_ASSIGNED_CONTEXT ( ( #3340 ) ) GLOBAL_UNIT_ASSIGNED_CONTEXT ( ( #3355, #2152, #3396 ) ) REPRESENTATION_CONTEXT ( 'NONE', 'WORKASPACE' ) );
#1409 = PRESENTATION_STYLE_ASSIGNMENT (( #1715 ) ) ;
#1410 = ORIENTED_EDGE ( 'NONE', *, *, #1639, .F. ) ;
#1411 =( LENGTH_UNIT ( ) NAMED_UNIT ( * ) SI_UNIT ( .MILLI., .METRE. ) );
#1412 = CARTESIAN_POINT ( 'NONE',  ( 14.65252294504056430, -1.859222794989447314, 4.999999999999880984 ) ) ;
#1413 = CARTESIAN_POINT ( 'NONE',  ( 16.21322321805667599, -1.956557147332139701, -1.179611963664228824E-13 ) ) ;
#1414 = VECTOR ( 'NONE', #1789, 1000.000000000000000 ) ;
#1415 = CARTESIAN_POINT ( 'NONE',  ( 30.78069221005402767, 11.41170420425500964, -1.196959198423996895E-13 ) ) ;
#1416 = ORIENTED_EDGE ( 'NONE', *, *, #2913, .T. ) ;
#1417 = AXIS2_PLACEMENT_3D ( 'NONE', #3159, #725, #1941 ) ;
#1418 = SURFACE_SIDE_STYLE ('',( #3341 ) ) ;
#1419 = PLANE ( 'NONE',  #827 ) ;
#1420 = EDGE_CURVE ( 'NONE', #3481, #3147, #140, .T. ) ;
#1421 = CARTESIAN_POINT ( 'NONE',  ( 24.06653505608018762, 15.43083905156565017, -1.188285581044112860E-13 ) ) ;
#1422 =( NAMED_UNIT ( * ) SI_UNIT ( $, .STERADIAN. ) SOLID_ANGLE_UNIT ( ) );
#1423 = STYLED_ITEM ( 'NONE', ( #1881 ), #322 ) ;
#1424 = MECHANICAL_DESIGN_GEOMETRIC_PRESENTATION_REPRESENTATION (  '', ( #3226 ), #2189 ) ;
#1425 = PRESENTATION_LAYER_ASSIGNMENT (  '', '', ( #728 ) ) ;
#1426 = LINE ( 'NONE', #3680, #1414 ) ;
#1427 = EDGE_CURVE ( 'NONE', #1356, #122, #3495, .T. ) ;
#1428 = CARTESIAN_POINT ( 'NONE',  ( 25.53892944121436415, -5.842334208833917408, -1.188285581044112860E-13 ) ) ;
#1429 = VECTOR ( 'NONE', #1471, 1000.000000000000000 ) ;
#1430 = SURFACE_STYLE_USAGE ( .BOTH. , #235 ) ;
#1431 = CARTESIAN_POINT ( 'NONE',  ( 70.92352307965465741, 11.67283872356342123, 8.673617379884035472E-16 ) ) ;
#1432 = MECHANICAL_DESIGN_GEOMETRIC_PRESENTATION_REPRESENTATION (  '', ( #2261 ), #2195 ) ;
#1433 =( NAMED_UNIT ( * ) SI_UNIT ( $, .STERADIAN. ) SOLID_ANGLE_UNIT ( ) );
#1434 = ORIENTED_EDGE ( 'NONE', *, *, #3139, .T. ) ;
#1435 = FILL_AREA_STYLE_COLOUR ( '', #422 ) ;
#1436 = CARTESIAN_POINT ( 'NONE',  ( 21.67281267413515167, 6.044765569636400215, 4.999999999999880096 ) ) ;
#1437 = VECTOR ( 'NONE', #3022, 1000.000000000000000 ) ;
#1438 = DIRECTION ( 'NONE',  ( -0.9830921976803940199, 0.1831112526851728095, 2.326533403457433839E-17 ) ) ;
#1439 = CARTESIAN_POINT ( 'NONE',  ( 93.41370018839785416, -1.624471695647859315, 0.000000000000000000 ) ) ;
#1440 =( LENGTH_UNIT ( ) NAMED_UNIT ( * ) SI_UNIT ( .MILLI., .METRE. ) );
#1441 = SURFACE_STYLE_FILL_AREA ( #2935 ) ;
#1442 = ORIENTED_EDGE ( 'NONE', *, *, #2000, .T. ) ;
#1443 = CIRCLE ( 'NONE', #872, 9.686499999999998778 ) ;
#1444 = UNCERTAINTY_MEASURE_WITH_UNIT (LENGTH_MEASURE( 1.000000000000000082E-05 ), #1783, 'distance_accuracy_value', 'NONE');
#1445 = AXIS2_PLACEMENT_3D ( 'NONE', #2599, #173, #3271 ) ;
#1446 = CARTESIAN_POINT ( 'NONE',  ( 21.68574971586973632, -0.6452219216041034100, 3.469446951953614189E-15 ) ) ;
#1447 = EDGE_LOOP ( 'NONE', ( #3827, #863, #2809, #1033 ) ) ;
#1448 = CARTESIAN_POINT ( 'NONE',  ( 21.67281267413489942, 6.044765569636153302, 4.999999999999999112 ) ) ;
#1449 = PRODUCT_DEFINITION_CONTEXT ( 'detailed design', #547, 'design' ) ;
#1450 = DIRECTION ( 'NONE',  ( -0.8611767468245420387, 0.5083056272841161016, 4.381539882965518882E-18 ) ) ;
#1451 = FACE_OUTER_BOUND ( 'NONE', #2349, .T. ) ;
#1452 = SURFACE_SIDE_STYLE ('',( #2335 ) ) ;
#1453 = DIRECTION ( 'NONE',  ( 3.223082373619878746E-17, 4.598590846719930620E-17, 1.000000000000000000 ) ) ;
#1454 = SURFACE_STYLE_FILL_AREA ( #1754 ) ;
#1455 = ORIENTED_EDGE ( 'NONE', *, *, #3647, .T. ) ;
#1456 = CARTESIAN_POINT ( 'NONE',  ( 12.39949054184534560, 8.843654435022822113, 4.999999999999880096 ) ) ;
#1457 = DIRECTION ( 'NONE',  ( 3.223082373619878746E-17, 4.598590846719930620E-17, 1.000000000000000000 ) ) ;
#1458 = ORIENTED_EDGE ( 'NONE', *, *, #896, .T. ) ;
#1459 = CARTESIAN_POINT ( 'NONE',  ( 21.67281267413515167, 6.044765569636401104, 14.99999999999988098 ) ) ;
#1460 = VECTOR ( 'NONE', #3353, 1000.000000000000000 ) ;
#1461 = COLOUR_RGB ( '',0.7921568627450980005, 0.8196078431372548767, 0.9333333333333333481 ) ;
#1462 = VERTEX_POINT ( 'NONE', #3443 ) ;
#1463 = DIRECTION ( 'NONE',  ( 3.223082373619878746E-17, 4.598590846719930620E-17, 1.000000000000000000 ) ) ;
#1464 = DIRECTION ( 'NONE',  ( 3.223082373619878746E-17, 4.598590846719930620E-17, 1.000000000000000000 ) ) ;
#1465 = SURFACE_STYLE_FILL_AREA ( #272 ) ;
#1466 = ORIENTED_EDGE ( 'NONE', *, *, #3750, .F. ) ;
#1467 = SURFACE_STYLE_USAGE ( .BOTH. , #1452 ) ;
#1468 = PRESENTATION_STYLE_ASSIGNMENT (( #3009 ) ) ;
#1469 = ORIENTED_EDGE ( 'NONE', *, *, #2828, .T. ) ;
#1470 = ADVANCED_FACE ( 'NONE', ( #2820 ), #683, .T. ) ;
#1471 = DIRECTION ( 'NONE',  ( 3.223082373619878746E-17, 4.598590846719930620E-17, 1.000000000000000000 ) ) ;
#1472 = DIRECTION ( 'NONE',  ( 3.223082373619878746E-17, 4.598590846719930620E-17, 1.000000000000000000 ) ) ;
#1473 = ORIENTED_EDGE ( 'NONE', *, *, #3820, .F. ) ;
#1474 = CARTESIAN_POINT ( 'NONE',  ( 11.27860436219288509, 4.116571202742333568, 4.999999999999880096 ) ) ;
#1475 = DIRECTION ( 'NONE',  ( -0.8343594835823754385, -0.5512206927866114547, 4.723222202963166994E-17 ) ) ;
#1476 = UNCERTAINTY_MEASURE_WITH_UNIT (LENGTH_MEASURE( 1.000000000000000082E-05 ), #3114, 'distance_accuracy_value', 'NONE');
#1477 = ADVANCED_FACE ( 'NONE', ( #2052 ), #2019, .T. ) ;
#1478 = AXIS2_PLACEMENT_3D ( 'NONE', #3124, #2447, #959 ) ;
#1479 = ORIENTED_EDGE ( 'NONE', *, *, #2492, .F. ) ;
#1480 = DIRECTION ( 'NONE',  ( 0.000000000000000000, 1.000000000000000000, 0.000000000000000000 ) ) ;
#1481 =( GEOMETRIC_REPRESENTATION_CONTEXT ( 3 ) GLOBAL_UNCERTAINTY_ASSIGNED_CONTEXT ( ( #534 ) ) GLOBAL_UNIT_ASSIGNED_CONTEXT ( ( #464, #2309, #2290 ) ) REPRESENTATION_CONTEXT ( 'NONE', 'WORKASPACE' ) );
#1482 = CIRCLE ( 'NONE', #2901, 9.686500000000002331 ) ;
#1483 =( NAMED_UNIT ( * ) PLANE_ANGLE_UNIT ( ) SI_UNIT ( $, .RADIAN. ) );
#1484 =( LENGTH_UNIT ( ) NAMED_UNIT ( * ) SI_UNIT ( .MILLI., .METRE. ) );
#1485 = SURFACE_SIDE_STYLE ('',( #856 ) ) ;
#1486 = MECHANICAL_DESIGN_GEOMETRIC_PRESENTATION_REPRESENTATION (  '', ( #172 ), #1749 ) ;
#1487 = ORIENTED_EDGE ( 'NONE', *, *, #585, .T. ) ;
#1488 = CARTESIAN_POINT ( 'NONE',  ( 18.14557382332835545, -3.920980064180012103, 4.999999999999880984 ) ) ;
#1489 = ORIENTED_EDGE ( 'NONE', *, *, #3532, .F. ) ;
#1490 = AXIS2_PLACEMENT_3D ( 'NONE', #3538, #2316, #1989 ) ;
#1491 = DIRECTION ( 'NONE',  ( 3.223082373619878746E-17, 4.598590846719930620E-17, 1.000000000000000000 ) ) ;
#1492 = EDGE_CURVE ( 'NONE', #2124, #3191, #3296, .T. ) ;
#1493 = CARTESIAN_POINT ( 'NONE',  ( 14.74109578796946707, 12.81082670297280757, -1.188285581044112860E-13 ) ) ;
#1494 = MECHANICAL_DESIGN_GEOMETRIC_PRESENTATION_REPRESENTATION (  '', ( #3374 ), #3837 ) ;
#1495 = ORIENTED_EDGE ( 'NONE', *, *, #18, .T. ) ;
#1496 = FILL_AREA_STYLE ('',( #2427 ) ) ;
#1497 =( GEOMETRIC_REPRESENTATION_CONTEXT ( 3 ) GLOBAL_UNCERTAINTY_ASSIGNED_CONTEXT ( ( #2083 ) ) GLOBAL_UNIT_ASSIGNED_CONTEXT ( ( #232, #3460, #3730 ) ) REPRESENTATION_CONTEXT ( 'NONE', 'WORKASPACE' ) );
#1498 = AXIS2_PLACEMENT_3D ( 'NONE', #2317, #1670, #1098 ) ;
#1499 = PRESENTATION_STYLE_ASSIGNMENT (( #271 ) ) ;
#1500 = SURFACE_SIDE_STYLE ('',( #304 ) ) ;
#1501 = AXIS2_PLACEMENT_3D ( 'NONE', #564, #252, #1853 ) ;
#1502 = SHAPE_DEFINITION_REPRESENTATION ( #2925, #2857 ) ;
#1503 = AXIS2_PLACEMENT_3D ( 'NONE', #81, #706, #1877 ) ;
#1504 = ORIENTED_EDGE ( 'NONE', *, *, #596, .F. ) ;
#1505 = ORIENTED_EDGE ( 'NONE', *, *, #3199, .F. ) ;
#1506 = DIRECTION ( 'NONE',  ( 3.223082373619878746E-17, 4.598590846719930620E-17, 1.000000000000000000 ) ) ;
#1507 = AXIS2_PLACEMENT_3D ( 'NONE', #66, #1273, #2940 ) ;
#1508 = ORIENTED_EDGE ( 'NONE', *, *, #3264, .F. ) ;
#1509 = DIRECTION ( 'NONE',  ( 0.8611767468245452584, -0.5083056272841104395, -4.381539882963415767E-18 ) ) ;
#1510 = DIRECTION ( 'NONE',  ( 3.223082373619878746E-17, 4.598590846719930620E-17, 1.000000000000000000 ) ) ;
#1511 = UNCERTAINTY_MEASURE_WITH_UNIT (LENGTH_MEASURE( 1.000000000000000082E-05 ), #2287, 'distance_accuracy_value', 'NONE');
#1512 = VECTOR ( 'NONE', #542, 1000.000000000000000 ) ;
#1513 = DIRECTION ( 'NONE',  ( 3.223082373619878746E-17, 4.598590846719930620E-17, 1.000000000000000000 ) ) ;
#1514 = STYLED_ITEM ( 'NONE', ( #3693 ), #1230 ) ;
#1515 =( NAMED_UNIT ( * ) PLANE_ANGLE_UNIT ( ) SI_UNIT ( $, .RADIAN. ) );
#1516 = ORIENTED_EDGE ( 'NONE', *, *, #3106, .T. ) ;
#1517 =( NAMED_UNIT ( * ) PLANE_ANGLE_UNIT ( ) SI_UNIT ( $, .RADIAN. ) );
#1518 = CARTESIAN_POINT ( 'NONE',  ( 20.60527730848593819, 12.76735386375348469, 3.469446951953614189E-15 ) ) ;
#1519 =( NAMED_UNIT ( * ) PLANE_ANGLE_UNIT ( ) SI_UNIT ( $, .RADIAN. ) );
#1520 = VERTEX_POINT ( 'NONE', #243 ) ;
#1521 = PRESENTATION_STYLE_ASSIGNMENT (( #2697 ) ) ;
#1522 = STYLED_ITEM ( 'NONE', ( #3336 ), #1594 ) ;
#1523 = EDGE_LOOP ( 'NONE', ( #188, #1840, #3333, #1919 ) ) ;
#1524 = ORIENTED_EDGE ( 'NONE', *, *, #1262, .T. ) ;
#1525 = EDGE_CURVE ( 'NONE', #3962, #2013, #2034, .T. ) ;
#1526 = DIRECTION ( 'NONE',  ( -4.800258967122366038E-17, -1.302709821111998600E-17, -1.000000000000000000 ) ) ;
#1527 = ORIENTED_EDGE ( 'NONE', *, *, #3589, .F. ) ;
#1528 = CARTESIAN_POINT ( 'NONE',  ( 64.69975104248845810, 11.62439978087056147, 1.734723475976807094E-15 ) ) ;
#1529 = ORIENTED_EDGE ( 'NONE', *, *, #2830, .F. ) ;
#1530 = DIRECTION ( 'NONE',  ( -3.223082373619878746E-17, -4.598590846719930620E-17, -1.000000000000000000 ) ) ;
#1531 = CYLINDRICAL_SURFACE ( 'NONE', #1886, 12.50000000000000533 ) ;
#1532 = EDGE_CURVE ( 'NONE', #3198, #3912, #227, .T. ) ;
#1533 = SURFACE_STYLE_FILL_AREA ( #1852 ) ;
#1534 = ORIENTED_EDGE ( 'NONE', *, *, #3641, .T. ) ;
#1535 = CARTESIAN_POINT ( 'NONE',  ( 12.34737340602445599, 3.424753221043534523, 4.999999999999880096 ) ) ;
#1536 = PRESENTATION_STYLE_ASSIGNMENT (( #2754 ) ) ;
#1537 = AXIS2_PLACEMENT_3D ( 'NONE', #3010, #568, #545 ) ;
#1538 = EDGE_CURVE ( 'NONE', #957, #747, #1395, .T. ) ;
#1539 = CARTESIAN_POINT ( 'NONE',  ( 25.00772252457048239, -3.986977859999401463, -1.188285581044112860E-13 ) ) ;
#1540 = CIRCLE ( 'NONE', #3810, 9.686500000000000554 ) ;
#1541 = STYLED_ITEM ( 'NONE', ( #2382 ), #3956 ) ;
#1542 = ADVANCED_FACE ( 'NONE', ( #3278 ), #2648, .T. ) ;
#1543 = LINE ( 'NONE', #1565, #197 ) ;
#1544 = AXIS2_PLACEMENT_3D ( 'NONE', #3679, #2741, #3346 ) ;
#1545 = DIRECTION ( 'NONE',  ( 3.223082373619878746E-17, 4.598590846719930620E-17, 1.000000000000000000 ) ) ;
#1546 = ORIENTED_EDGE ( 'NONE', *, *, #59, .F. ) ;
#1547 = CYLINDRICAL_SURFACE ( 'NONE', #976, 4.500000000000000000 ) ;
#1548 = VECTOR ( 'NONE', #3002, 1000.000000000000000 ) ;
#1549 = CYLINDRICAL_SURFACE ( 'NONE', #1017, 9.686500000000002331 ) ;
#1550 = ORIENTED_EDGE ( 'NONE', *, *, #1988, .F. ) ;
#1551 = CYLINDRICAL_SURFACE ( 'NONE', #3765, 4.500000000000000000 ) ;
#1552 = DIRECTION ( 'NONE',  ( 3.223082373619878746E-17, 4.598590846719930620E-17, 1.000000000000000000 ) ) ;
#1553 = AXIS2_PLACEMENT_3D ( 'NONE', #3971, #3094, #1509 ) ;
#1554 = STYLED_ITEM ( 'NONE', ( #2130 ), #1828 ) ;
#1555 =( NAMED_UNIT ( * ) PLANE_ANGLE_UNIT ( ) SI_UNIT ( $, .RADIAN. ) );
#1556 = VECTOR ( 'NONE', #365, 1000.000000000000000 ) ;
#1557 = EDGE_LOOP ( 'NONE', ( #1218, #805, #1680, #1605 ) ) ;
#1558 = VECTOR ( 'NONE', #1246, 1000.000000000000000 ) ;
#1559 = FACE_OUTER_BOUND ( 'NONE', #2262, .T. ) ;
#1560 = VECTOR ( 'NONE', #1120, 1000.000000000000000 ) ;
#1561 = ORIENTED_EDGE ( 'NONE', *, *, #3795, .T. ) ;
#1562 = CIRCLE ( 'NONE', #2466, 12.50000000000000533 ) ;
#1563 = AXIS2_PLACEMENT_3D ( 'NONE', #1226, #2071, #2179 ) ;
#1564 = CYLINDRICAL_SURFACE ( 'NONE', #2896, 12.50000000000000533 ) ;
#1565 = CARTESIAN_POINT ( 'NONE',  ( 12.00146392535969397, 5.503197818049001100, -1.188285581044112860E-13 ) ) ;
#1566 = CARTESIAN_POINT ( 'NONE',  ( 26.97749847926802502, -2.060084259868264933, 4.999999999999880096 ) ) ;
#1567 = AXIS2_PLACEMENT_3D ( 'NONE', #181, #1378, #3607 ) ;
#1568 = CIRCLE ( 'NONE', #3125, 3.000000000000000000 ) ;
#1569 = SURFACE_STYLE_FILL_AREA ( #368 ) ;
#1570 = EDGE_LOOP ( 'NONE', ( #3000, #2347, #258, #3217 ) ) ;
#1571 = PRESENTATION_LAYER_ASSIGNMENT (  '', '', ( #1136 ) ) ;
#1572 = PRESENTATION_STYLE_ASSIGNMENT (( #375 ) ) ;
#1573 = EDGE_CURVE ( 'NONE', #2517, #1922, #1723, .T. ) ;
#1574 = MECHANICAL_DESIGN_GEOMETRIC_PRESENTATION_REPRESENTATION (  '', ( #2414 ), #3231 ) ;
#1575 = CARTESIAN_POINT ( 'NONE',  ( 17.77922145323962155, -3.783634470712842202, 4.999999999999880984 ) ) ;
#1576 = ORIENTED_EDGE ( 'NONE', *, *, #2715, .T. ) ;
#1577 = CIRCLE ( 'NONE', #1507, 12.50000000000000533 ) ;
#1578 = CARTESIAN_POINT ( 'NONE',  ( 21.67281267413515167, 6.044765569636400215, 4.999999999999880096 ) ) ;
#1579 = CIRCLE ( 'NONE', #2030, 4.499999999999999112 ) ;
#1580 = CARTESIAN_POINT ( 'NONE',  ( 93.99459158593961661, -19.79706172934445618, 4.999999999999999112 ) ) ;
#1581 = ADVANCED_FACE ( 'NONE', ( #902 ), #883, .T. ) ;
#1582 = SURFACE_STYLE_FILL_AREA ( #652 ) ;
#1583 = COLOUR_RGB ( '',0.7764705882352941346, 0.7568627450980391913, 0.7372549019607843590 ) ;
#1584 = ORIENTED_EDGE ( 'NONE', *, *, #154, .T. ) ;
#1585 = CARTESIAN_POINT ( 'NONE',  ( 81.79183544889644963, 1.240573542947079666, 8.673617379884035472E-16 ) ) ;
#1586 = DIRECTION ( 'NONE',  ( 0.6353906706864889120, -0.7721908414404912158, 1.503073264317127626E-17 ) ) ;
#1587 = EDGE_CURVE ( 'NONE', #3490, #2460, #3092, .T. ) ;
#1588 = ORIENTED_EDGE ( 'NONE', *, *, #135, .F. ) ;
#1589 = DIRECTION ( 'NONE',  ( 3.223082373619878746E-17, 4.598590846719930620E-17, 1.000000000000000000 ) ) ;
#1590 = DIRECTION ( 'NONE',  ( -0.6353906706864889120, 0.7721908414404912158, 0.000000000000000000 ) ) ;
#1591 = UNCERTAINTY_MEASURE_WITH_UNIT (LENGTH_MEASURE( 1.000000000000000082E-05 ), #3784, 'distance_accuracy_value', 'NONE');
#1592 = FILL_AREA_STYLE ('',( #2543 ) ) ;
#1593 = PRESENTATION_STYLE_ASSIGNMENT (( #3506 ) ) ;
#1594 = ADVANCED_FACE ( 'NONE', ( #2749 ), #1549, .T. ) ;
#1595 = FACE_OUTER_BOUND ( 'NONE', #2299, .T. ) ;
#1596 = ORIENTED_EDGE ( 'NONE', *, *, #1587, .F. ) ;
#1597 = DIRECTION ( 'NONE',  ( -0.3510415499139108997, -0.9363598828623742598, 5.437371818502414163E-17 ) ) ;
#1598 = EDGE_CURVE ( 'NONE', #2868, #370, #278, .T. ) ;
#1599 = COLOUR_RGB ( '',0.7764705882352941346, 0.7568627450980391913, 0.7372549019607843590 ) ;
#1600 = SURFACE_SIDE_STYLE ('',( #3754 ) ) ;
#1601 = ORIENTED_EDGE ( 'NONE', *, *, #1347, .T. ) ;
#1602 = FILL_AREA_STYLE ('',( #3453 ) ) ;
#1603 = DIRECTION ( 'NONE',  ( 4.800258967122366038E-17, 1.302709821111998600E-17, 1.000000000000000000 ) ) ;
#1604 = LINE ( 'NONE', #3474, #317 ) ;
#1605 = ORIENTED_EDGE ( 'NONE', *, *, #937, .F. ) ;
#1606 =( NAMED_UNIT ( * ) SI_UNIT ( $, .STERADIAN. ) SOLID_ANGLE_UNIT ( ) );
#1607 = SURFACE_STYLE_USAGE ( .BOTH. , #391 ) ;
#1608 = MECHANICAL_DESIGN_GEOMETRIC_PRESENTATION_REPRESENTATION (  '', ( #3553 ), #2508 ) ;
#1609 = VERTEX_POINT ( 'NONE', #3629 ) ;
#1610 =( NAMED_UNIT ( * ) PLANE_ANGLE_UNIT ( ) SI_UNIT ( $, .RADIAN. ) );
#1611 = PRESENTATION_LAYER_ASSIGNMENT (  '', '', ( #291 ) ) ;
#1612 = DIRECTION ( 'NONE',  ( 3.223082373619878746E-17, 4.598590846719930620E-17, 1.000000000000000000 ) ) ;
#1613 = CIRCLE ( 'NONE', #2064, 4.500000000000000000 ) ;
#1614 = CYLINDRICAL_SURFACE ( 'NONE', #3255, 12.50000000000000533 ) ;
#1615 = ORIENTED_EDGE ( 'NONE', *, *, #3804, .F. ) ;
#1616 = LINE ( 'NONE', #124, #1926 ) ;
#1617 = DIRECTION ( 'NONE',  ( 0.6353906706864889120, -0.7721908414404911047, 1.503073264317007448E-17 ) ) ;
#1618 = VECTOR ( 'NONE', #3597, 1000.000000000000000 ) ;
#1619 = STYLED_ITEM ( 'NONE', ( #493 ), #3206 ) ;
#1620 = CARTESIAN_POINT ( 'NONE',  ( 12.37257498661210953, 1.018526527952469563, -1.179611963664228824E-13 ) ) ;
#1621 = CARTESIAN_POINT ( 'NONE',  ( 29.75165479824011427, 14.21978275136397762, 5.000000000000002665 ) ) ;
#1622 = CARTESIAN_POINT ( 'NONE',  ( 59.41813952205539096, 14.27036519399423042, 5.000000000000000888 ) ) ;
#1623 = ORIENTED_EDGE ( 'NONE', *, *, #3892, .T. ) ;
#1624 = CIRCLE ( 'NONE', #3966, 1.500000000000000444 ) ;
#1625 = FILL_AREA_STYLE_COLOUR ( '', #1106 ) ;
#1626 = CIRCLE ( 'NONE', #1350, 4.500000000000000000 ) ;
#1627 = DIRECTION ( 'NONE',  ( 3.223082373619878746E-17, 4.598590846719930620E-17, 1.000000000000000000 ) ) ;
#1628 = ORIENTED_EDGE ( 'NONE', *, *, #600, .T. ) ;
#1629 = CARTESIAN_POINT ( 'NONE',  ( 66.82364638326632189, -0.5579346353762216770, 5.000000000000000888 ) ) ;
#1630 = CARTESIAN_POINT ( 'NONE',  ( 96.24143832399991538, -4.593185336401317542, 0.000000000000000000 ) ) ;
#1631 = UNCERTAINTY_MEASURE_WITH_UNIT (LENGTH_MEASURE( 1.000000000000000082E-05 ), #1885, 'distance_accuracy_value', 'NONE');
#1632 = CARTESIAN_POINT ( 'NONE',  ( 27.13240213021367708, 14.04608828660490438, 4.999999999999879208 ) ) ;
#1633 =( NAMED_UNIT ( * ) SI_UNIT ( $, .STERADIAN. ) SOLID_ANGLE_UNIT ( ) );
#1634 = ORIENTED_EDGE ( 'NONE', *, *, #997, .T. ) ;
#1635 =( NAMED_UNIT ( * ) PLANE_ANGLE_UNIT ( ) SI_UNIT ( $, .RADIAN. ) );
#1636 = CYLINDRICAL_SURFACE ( 'NONE', #1937, 12.50000000000000533 ) ;
#1637 = EDGE_LOOP ( 'NONE', ( #3943, #1516, #3959, #1628 ) ) ;
#1638 = EDGE_CURVE ( 'NONE', #674, #3410, #3742, .T. ) ;
#1639 = EDGE_CURVE ( 'NONE', #2473, #415, #3876, .T. ) ;
#1640 =( NAMED_UNIT ( * ) SI_UNIT ( $, .STERADIAN. ) SOLID_ANGLE_UNIT ( ) );
#1641 = STYLED_ITEM ( 'NONE', ( #2464 ), #1309 ) ;
#1642 = UNCERTAINTY_MEASURE_WITH_UNIT (LENGTH_MEASURE( 1.000000000000000082E-05 ), #1248, 'distance_accuracy_value', 'NONE');
#1643 = DIRECTION ( 'NONE',  ( -0.8343594835823765488, -0.5512206927866094563, 0.000000000000000000 ) ) ;
#1644 = DIRECTION ( 'NONE',  ( 3.223082373619878746E-17, 4.598590846719930620E-17, 1.000000000000000000 ) ) ;
#1645 = CARTESIAN_POINT ( 'NONE',  ( 17.57878010726211926, -5.765776219010851911, 4.999999999999880984 ) ) ;
#1646 = ORIENTED_EDGE ( 'NONE', *, *, #832, .F. ) ;
#1647 = CARTESIAN_POINT ( 'NONE',  ( 17.57878010726211926, -5.765776219010851911, 2.499999999999881428 ) ) ;
#1648 = SURFACE_STYLE_FILL_AREA ( #221 ) ;
#1649 = ORIENTED_EDGE ( 'NONE', *, *, #3820, .T. ) ;
#1650 = SURFACE_SIDE_STYLE ('',( #2947 ) ) ;
#1651 = CARTESIAN_POINT ( 'NONE',  ( 9.397567169272400989, 3.685030882145663433, 4.999999999999880984 ) ) ;
#1652 = FACE_OUTER_BOUND ( 'NONE', #3033, .T. ) ;
#1653 = DIRECTION ( 'NONE',  ( 0.6353906706864835829, -0.7721908414404955456, 0.000000000000000000 ) ) ;
#1654 = VERTEX_POINT ( 'NONE', #225 ) ;
#1655 =( NAMED_UNIT ( * ) SI_UNIT ( $, .STERADIAN. ) SOLID_ANGLE_UNIT ( ) );
#1656 = CARTESIAN_POINT ( 'NONE',  ( 12.84500026825422658, 10.03199648551961332, 4.999999999999880096 ) ) ;
#1657 = ORIENTED_EDGE ( 'NONE', *, *, #2715, .F. ) ;
#1658 = DIRECTION ( 'NONE',  ( -0.8486259503979436403, 0.5289933802149009434, 3.384499456421283566E-17 ) ) ;
#1659 = DIRECTION ( 'NONE',  ( 0.6353906706864889120, -0.7721908414404912158, 1.503073264317127626E-17 ) ) ;
#1660 = DIRECTION ( 'NONE',  ( 0.6353906706864889120, -0.7721908414404912158, 1.503073264317127626E-17 ) ) ;
#1661 = SURFACE_SIDE_STYLE ('',( #1135 ) ) ;
#1662 = VERTEX_POINT ( 'NONE', #3874 ) ;
#1663 = LINE ( 'NONE', #1349, #3239 ) ;
#1664 = DIRECTION ( 'NONE',  ( 0.9864322206003919291, 0.1641690414218817673, 0.000000000000000000 ) ) ;
#1665 = CIRCLE ( 'NONE', #1478, 12.50000000000000533 ) ;
#1666 = PRESENTATION_STYLE_ASSIGNMENT (( #2946 ) ) ;
#1667 = EDGE_LOOP ( 'NONE', ( #870, #1102, #2418, #2694 ) ) ;
#1668 = SURFACE_STYLE_FILL_AREA ( #2906 ) ;
#1669 = CIRCLE ( 'NONE', #3946, 2.999999999999999556 ) ;
#1670 = DIRECTION ( 'NONE',  ( 4.800258967122366038E-17, 1.302709821111998600E-17, 1.000000000000000000 ) ) ;
#1671 = FACE_OUTER_BOUND ( 'NONE', #3764, .T. ) ;
#1672 = CIRCLE ( 'NONE', #477, 9.686500000000000554 ) ;
#1673 = CYLINDRICAL_SURFACE ( 'NONE', #967, 12.50000000000000533 ) ;
#1674 = VECTOR ( 'NONE', #1281, 1000.000000000000000 ) ;
#1675 = DIRECTION ( 'NONE',  ( 3.223082373619878746E-17, 4.598590846719930620E-17, 1.000000000000000000 ) ) ;
#1676 = ORIENTED_EDGE ( 'NONE', *, *, #2830, .T. ) ;
#1677 = UNCERTAINTY_MEASURE_WITH_UNIT (LENGTH_MEASURE( 1.000000000000000082E-05 ), #2633, 'distance_accuracy_value', 'NONE');
#1678 = CARTESIAN_POINT ( 'NONE',  ( 21.67281267413515167, 6.044765569636400215, 4.999999999999880096 ) ) ;
#1679 =( LENGTH_UNIT ( ) NAMED_UNIT ( * ) SI_UNIT ( .MILLI., .METRE. ) );
#1680 = ORIENTED_EDGE ( 'NONE', *, *, #318, .T. ) ;
#1681 = SURFACE_STYLE_USAGE ( .BOTH. , #1039 ) ;
#1682 = VERTEX_POINT ( 'NONE', #802 ) ;
#1683 = STYLED_ITEM ( 'NONE', ( #3462 ), #2588 ) ;
#1684 = CIRCLE ( 'NONE', #2192, 9.686500000000002331 ) ;
#1685 = LINE ( 'NONE', #2554, #3221 ) ;
#1686 = CARTESIAN_POINT ( 'NONE',  ( 9.330778258854103058, 8.025721523719751005, 4.999999999999880096 ) ) ;
#1687 = FILL_AREA_STYLE ('',( #2008 ) ) ;
#1688 = ORIENTED_EDGE ( 'NONE', *, *, #2805, .F. ) ;
#1689 = MECHANICAL_DESIGN_GEOMETRIC_PRESENTATION_REPRESENTATION (  '', ( #3246 ), #3769 ) ;
#1690 = FACE_OUTER_BOUND ( 'NONE', #1963, .T. ) ;
#1691 = CYLINDRICAL_SURFACE ( 'NONE', #1445, 1.499999999999974465 ) ;
#1692 = EDGE_LOOP ( 'NONE', ( #110, #735, #3423, #279 ) ) ;
#1693 = VECTOR ( 'NONE', #843, 1000.000000000000000 ) ;
#1694 =( LENGTH_UNIT ( ) NAMED_UNIT ( * ) SI_UNIT ( .MILLI., .METRE. ) );
#1695 = DIRECTION ( 'NONE',  ( 3.223082373619878746E-17, 4.598590846719930620E-17, 1.000000000000000000 ) ) ;
#1696 = LINE ( 'NONE', #1760, #3248 ) ;
#1697 = AXIS2_PLACEMENT_3D ( 'NONE', #842, #1758, #2990 ) ;
#1698 =( NAMED_UNIT ( * ) PLANE_ANGLE_UNIT ( ) SI_UNIT ( $, .RADIAN. ) );
#1699 = FILL_AREA_STYLE_COLOUR ( '', #2993 ) ;
#1700 = AXIS2_PLACEMENT_3D ( 'NONE', #1575, #1299, #1653 ) ;
#1701 = EDGE_LOOP ( 'NONE', ( #1410, #2531, #783, #1824 ) ) ;
#1702 = PRESENTATION_STYLE_ASSIGNMENT (( #3470 ) ) ;
#1703 = EDGE_CURVE ( 'NONE', #1327, #2872, #2173, .T. ) ;
#1704 = VECTOR ( 'NONE', #61, 1000.000000000000000 ) ;
#1705 = ORIENTED_EDGE ( 'NONE', *, *, #3647, .F. ) ;
#1706 = SURFACE_STYLE_USAGE ( .BOTH. , #1166 ) ;
#1707 = CIRCLE ( 'NONE', #3664, 4.500000000000000000 ) ;
#1708 = CARTESIAN_POINT ( 'NONE',  ( 13.49159973614548669, 15.49557267079292799, 4.999999999999880096 ) ) ;
#1709 = PLANE ( 'NONE',  #447 ) ;
#1710 = FILL_AREA_STYLE ('',( #1366 ) ) ;
#1711 = EDGE_CURVE ( 'NONE', #85, #166, #1974, .T. ) ;
#1712 = CIRCLE ( 'NONE', #1503, 4.499999999999996447 ) ;
#1713 = LINE ( 'NONE', #2902, #37 ) ;
#1714 = CIRCLE ( 'NONE', #3978, 1.499999999999931388 ) ;
#1715 = SURFACE_STYLE_USAGE ( .BOTH. , #2625 ) ;
#1716 = SURFACE_SIDE_STYLE ('',( #1392 ) ) ;
#1717 = VERTEX_POINT ( 'NONE', #3212 ) ;
#1718 = FILL_AREA_STYLE_COLOUR ( '', #494 ) ;
#1719 = CARTESIAN_POINT ( 'NONE',  ( 21.67281267413489942, 6.044765569636153302, -9.765066413586630052E-16 ) ) ;
#1720 = LINE ( 'NONE', #2646, #3309 ) ;
#1721 = ADVANCED_FACE ( 'NONE', ( #470 ), #1673, .T. ) ;
#1722 = FILL_AREA_STYLE ('',( #3237 ) ) ;
#1723 = CIRCLE ( 'NONE', #2424, 9.686499999999998778 ) ;
#1724 = ORIENTED_EDGE ( 'NONE', *, *, #3873, .F. ) ;
#1725 = UNCERTAINTY_MEASURE_WITH_UNIT (LENGTH_MEASURE( 1.000000000000000082E-05 ), #2420, 'distance_accuracy_value', 'NONE');
#1726 = DIRECTION ( 'NONE',  ( 3.223082373619878746E-17, 4.598590846719930620E-17, 1.000000000000000000 ) ) ;
#1727 = SURFACE_STYLE_FILL_AREA ( #1361 ) ;
#1728 = ADVANCED_FACE ( 'NONE', ( #290 ), #1812, .F. ) ;
#1729 = UNCERTAINTY_MEASURE_WITH_UNIT (LENGTH_MEASURE( 1.000000000000000082E-05 ), #535, 'distance_accuracy_value', 'NONE');
#1730 = SURFACE_STYLE_USAGE ( .BOTH. , #3614 ) ;
#1731 = DIRECTION ( 'NONE',  ( 0.8611767468245452584, -0.5083056272841105505, 0.000000000000000000 ) ) ;
#1732 = CYLINDRICAL_SURFACE ( 'NONE', #169, 12.50000000000000533 ) ;
#1733 =( LENGTH_UNIT ( ) NAMED_UNIT ( * ) SI_UNIT ( .MILLI., .METRE. ) );
#1734 = DIRECTION ( 'NONE',  ( 0.6353906706864889120, -0.7721908414404911047, 1.503073264317007448E-17 ) ) ;
#1735 = CARTESIAN_POINT ( 'NONE',  ( 26.35207586097342869, 17.63590425521428529, 2.499999999999880540 ) ) ;
#1736 = ORIENTED_EDGE ( 'NONE', *, *, #3760, .F. ) ;
#1737 = FACE_OUTER_BOUND ( 'NONE', #2632, .T. ) ;
#1738 =( NAMED_UNIT ( * ) SI_UNIT ( $, .STERADIAN. ) SOLID_ANGLE_UNIT ( ) );
#1739 = MECHANICAL_DESIGN_GEOMETRIC_PRESENTATION_REPRESENTATION (  '', ( #1224 ), #2242 ) ;
#1740 = CARTESIAN_POINT ( 'NONE',  ( 21.48050167117607856, 18.54328614121369867, 2.499999999999880540 ) ) ;
#1741 = DIRECTION ( 'NONE',  ( 3.223082373619878746E-17, 4.598590846719930620E-17, 1.000000000000000000 ) ) ;
#1742 = ORIENTED_EDGE ( 'NONE', *, *, #3815, .F. ) ;
#1743 =( GEOMETRIC_REPRESENTATION_CONTEXT ( 3 ) GLOBAL_UNCERTAINTY_ASSIGNED_CONTEXT ( ( #1132 ) ) GLOBAL_UNIT_ASSIGNED_CONTEXT ( ( #1733, #3667, #614 ) ) REPRESENTATION_CONTEXT ( 'NONE', 'WORKASPACE' ) );
#1744 = VERTEX_POINT ( 'NONE', #242 ) ;
#1745 = CARTESIAN_POINT ( 'NONE',  ( 27.13240213021367708, 14.04608828660490438, -1.196959198423996895E-13 ) ) ;
#1746 = PRESENTATION_LAYER_ASSIGNMENT (  '', '', ( #859 ) ) ;
#1747 = CYLINDRICAL_SURFACE ( 'NONE', #1857, 1.500000000000015321 ) ;
#1748 = SURFACE_STYLE_FILL_AREA ( #1110 ) ;
#1749 =( GEOMETRIC_REPRESENTATION_CONTEXT ( 3 ) GLOBAL_UNCERTAINTY_ASSIGNED_CONTEXT ( ( #682 ) ) GLOBAL_UNIT_ASSIGNED_CONTEXT ( ( #3172, #2819, #89 ) ) REPRESENTATION_CONTEXT ( 'NONE', 'WORKASPACE' ) );
#1750 =( NAMED_UNIT ( * ) SI_UNIT ( $, .STERADIAN. ) SOLID_ANGLE_UNIT ( ) );
#1751 = MECHANICAL_DESIGN_GEOMETRIC_PRESENTATION_REPRESENTATION (  '', ( #241 ), #2914 ) ;
#1752 = CYLINDRICAL_SURFACE ( 'NONE', #2973, 3.000000000000000000 ) ;
#1753 =( GEOMETRIC_REPRESENTATION_CONTEXT ( 3 ) GLOBAL_UNCERTAINTY_ASSIGNED_CONTEXT ( ( #990 ) ) GLOBAL_UNIT_ASSIGNED_CONTEXT ( ( #1411, #3521, #3560 ) ) REPRESENTATION_CONTEXT ( 'NONE', 'WORKASPACE' ) );
#1754 = FILL_AREA_STYLE ('',( #3103 ) ) ;
#1755 = ORIENTED_EDGE ( 'NONE', *, *, #1598, .T. ) ;
#1756 = EDGE_CURVE ( 'NONE', #3970, #2517, #589, .T. ) ;
#1757 = FACE_OUTER_BOUND ( 'NONE', #1939, .T. ) ;
#1758 = DIRECTION ( 'NONE',  ( 3.223082373619878746E-17, 4.598590846719930620E-17, 1.000000000000000000 ) ) ;
#1759 = MECHANICAL_DESIGN_GEOMETRIC_PRESENTATION_REPRESENTATION (  '', ( #3504 ), #3051 ) ;
#1760 = CARTESIAN_POINT ( 'NONE',  ( 80.54029622352287276, 0.4137425037671559336, 9.382100710328515421E-16 ) ) ;
#1761 = SURFACE_STYLE_USAGE ( .BOTH. , #2436 ) ;
#1762 =( NAMED_UNIT ( * ) SI_UNIT ( $, .STERADIAN. ) SOLID_ANGLE_UNIT ( ) );
#1763 = SURFACE_STYLE_USAGE ( .BOTH. , #1396 ) ;
#1764 = CIRCLE ( 'NONE', #52, 4.500000000000000888 ) ;
#1765 = MECHANICAL_DESIGN_GEOMETRIC_PRESENTATION_REPRESENTATION (  '', ( #3908 ), #1257 ) ;
#1766 = VERTEX_POINT ( 'NONE', #2107 ) ;
#1767 = LINE ( 'NONE', #2714, #736 ) ;
#1768 = LINE ( 'NONE', #3024, #98 ) ;
#1769 = EDGE_CURVE ( 'NONE', #467, #889, #1778, .T. ) ;
#1770 = CARTESIAN_POINT ( 'NONE',  ( 21.67281267413515167, 6.044765569636400215, -1.188285581044112860E-13 ) ) ;
#1771 = CARTESIAN_POINT ( 'NONE',  ( 25.53892944121436415, -5.842334208833915632, 4.999999999999880096 ) ) ;
#1772 = ORIENTED_EDGE ( 'NONE', *, *, #276, .F. ) ;
#1773 = CARTESIAN_POINT ( 'NONE',  ( 59.41813952205539096, 14.27036519399423042, 1.663875142932360874E-15 ) ) ;
#1774 = CARTESIAN_POINT ( 'NONE',  ( 21.67281267413515167, 6.044765569636400215, -1.188285581044112860E-13 ) ) ;
#1775 = ORIENTED_EDGE ( 'NONE', *, *, #1189, .F. ) ;
#1776 = VECTOR ( 'NONE', #483, 1000.000000000000000 ) ;
#1777 = EDGE_CURVE ( 'NONE', #3384, #200, #1795, .T. ) ;
#1778 = LINE ( 'NONE', #3335, #1460 ) ;
#1779 = FILL_AREA_STYLE_COLOUR ( '', #2552 ) ;
#1780 = ORIENTED_EDGE ( 'NONE', *, *, #1492, .F. ) ;
#1781 =( NAMED_UNIT ( * ) SI_UNIT ( $, .STERADIAN. ) SOLID_ANGLE_UNIT ( ) );
#1782 = DIRECTION ( 'NONE',  ( 0.6353906706864890230, -0.7721908414404909937, 0.000000000000000000 ) ) ;
#1783 =( LENGTH_UNIT ( ) NAMED_UNIT ( * ) SI_UNIT ( .MILLI., .METRE. ) );
#1784 = EDGE_CURVE ( 'NONE', #1662, #1831, #3626, .T. ) ;
#1785 = ORIENTED_EDGE ( 'NONE', *, *, #2435, .F. ) ;
#1786 = CARTESIAN_POINT ( 'NONE',  ( 23.88556488048605075, -3.385611407096251746, -1.188285581044112860E-13 ) ) ;
#1787 = CARTESIAN_POINT ( 'NONE',  ( 21.67281267413515167, 6.044765569636401104, 14.99999999999988098 ) ) ;
#1788 = EDGE_CURVE ( 'NONE', #3011, #415, #3055, .T. ) ;
#1789 = DIRECTION ( 'NONE',  ( 3.223082373619878746E-17, 4.598590846719930620E-17, 1.000000000000000000 ) ) ;
#1790 = SURFACE_SIDE_STYLE ('',( #321 ) ) ;
#1791 =( LENGTH_UNIT ( ) NAMED_UNIT ( * ) SI_UNIT ( .MILLI., .METRE. ) );
#1792 = ORIENTED_EDGE ( 'NONE', *, *, #3106, .F. ) ;
#1793 = SURFACE_SIDE_STYLE ('',( #1668 ) ) ;
#1794 = EDGE_CURVE ( 'NONE', #1360, #3244, #605, .T. ) ;
#1795 = LINE ( 'NONE', #3606, #1429 ) ;
#1796 = EDGE_LOOP ( 'NONE', ( #3919, #452, #3673, #3526 ) ) ;
#1797 = DIRECTION ( 'NONE',  ( 3.223082373619878746E-17, 4.598590846719930620E-17, 1.000000000000000000 ) ) ;
#1798 = SURFACE_STYLE_USAGE ( .BOTH. , #312 ) ;
#1799 = UNCERTAINTY_MEASURE_WITH_UNIT (LENGTH_MEASURE( 1.000000000000000082E-05 ), #2394, 'distance_accuracy_value', 'NONE');
#1800 = CIRCLE ( 'NONE', #1352, 12.50000000000000533 ) ;
#1801 = DIRECTION ( 'NONE',  ( 3.223082373619878746E-17, 4.598590846719930620E-17, 1.000000000000000000 ) ) ;
#1802 = ORIENTED_EDGE ( 'NONE', *, *, #1573, .T. ) ;
#1803 = CARTESIAN_POINT ( 'NONE',  ( 21.97008082230527748, 16.61212718910676145, -1.188285581044112860E-13 ) ) ;
#1804 = MECHANICAL_DESIGN_GEOMETRIC_PRESENTATION_REPRESENTATION (  '', ( #2384 ), #3037 ) ;
#1805 =( GEOMETRIC_REPRESENTATION_CONTEXT ( 3 ) GLOBAL_UNCERTAINTY_ASSIGNED_CONTEXT ( ( #1924 ) ) GLOBAL_UNIT_ASSIGNED_CONTEXT ( ( #2784, #2366, #3281 ) ) REPRESENTATION_CONTEXT ( 'NONE', 'WORKASPACE' ) );
#1806 = SURFACE_SIDE_STYLE ('',( #2659 ) ) ;
#1807 = CIRCLE ( 'NONE', #602, 1.500000000000015321 ) ;
#1808 = VERTEX_POINT ( 'NONE', #3294 ) ;
#1809 = VERTEX_POINT ( 'NONE', #3031 ) ;
#1810 = STYLED_ITEM ( 'NONE', ( #3029 ), #2719 ) ;
#1811 = STYLED_ITEM ( 'NONE', ( #1140 ), #2017 ) ;
#1812 = CYLINDRICAL_SURFACE ( 'NONE', #2700, 1.500000000000016653 ) ;
#1813 = VERTEX_POINT ( 'NONE', #2994 ) ;
#1814 = PRESENTATION_LAYER_ASSIGNMENT (  '', '', ( #3435 ) ) ;
#1815 = CARTESIAN_POINT ( 'NONE',  ( 13.97422370705524841, 15.89269570322060154, -1.188285581044112860E-13 ) ) ;
#1816 = AXIS2_PLACEMENT_3D ( 'NONE', #3132, #1552, #53 ) ;
#1817 = SURFACE_STYLE_USAGE ( .BOTH. , #3020 ) ;
#1818 =( GEOMETRIC_REPRESENTATION_CONTEXT ( 3 ) GLOBAL_UNCERTAINTY_ASSIGNED_CONTEXT ( ( #1029 ) ) GLOBAL_UNIT_ASSIGNED_CONTEXT ( ( #234, #31, #1750 ) ) REPRESENTATION_CONTEXT ( 'NONE', 'WORKASPACE' ) );
#1819 = VERTEX_POINT ( 'NONE', #1456 ) ;
#1820 = DIRECTION ( 'NONE',  ( -3.223082373619878746E-17, -4.598590846719930620E-17, -1.000000000000000000 ) ) ;
#1821 = EDGE_CURVE ( 'NONE', #7, #83, #3825, .T. ) ;
#1822 = VECTOR ( 'NONE', #2035, 1000.000000000000000 ) ;
#1823 = VERTEX_POINT ( 'NONE', #638 ) ;
#1824 = ORIENTED_EDGE ( 'NONE', *, *, #1788, .T. ) ;
#1825 = CIRCLE ( 'NONE', #1954, 9.686500000000002331 ) ;
#1826 =( GEOMETRIC_REPRESENTATION_CONTEXT ( 3 ) GLOBAL_UNCERTAINTY_ASSIGNED_CONTEXT ( ( #2692 ) ) GLOBAL_UNIT_ASSIGNED_CONTEXT ( ( #103, #2797, #2895 ) ) REPRESENTATION_CONTEXT ( 'NONE', 'WORKASPACE' ) );
#1827 = VERTEX_POINT ( 'NONE', #1887 ) ;
#1828 = ADVANCED_FACE ( 'NONE', ( #68 ), #2210, .F. ) ;
#1829 = EDGE_CURVE ( 'NONE', #83, #3511, #113, .T. ) ;
#1830 = DIRECTION ( 'NONE',  ( 3.223082373619878746E-17, 4.598590846719930620E-17, 1.000000000000000000 ) ) ;
#1831 = VERTEX_POINT ( 'NONE', #1274 ) ;
#1832 = SURFACE_SIDE_STYLE ('',( #1290 ) ) ;
#1833 = AXIS2_PLACEMENT_3D ( 'NONE', #44, #3112, #3763 ) ;
#1834 = ORIENTED_EDGE ( 'NONE', *, *, #1301, .T. ) ;
#1835 = EDGE_CURVE ( 'NONE', #3337, #274, #3496, .T. ) ;
#1836 = DIRECTION ( 'NONE',  ( -0.6353906706864889120, 0.7721908414404912158, 0.000000000000000000 ) ) ;
#1837 = UNCERTAINTY_MEASURE_WITH_UNIT (LENGTH_MEASURE( 1.000000000000000082E-05 ), #3780, 'distance_accuracy_value', 'NONE');
#1838 = DIRECTION ( 'NONE',  ( 3.223082373619878746E-17, 4.598590846719930620E-17, 1.000000000000000000 ) ) ;
#1839 = SURFACE_STYLE_USAGE ( .BOTH. , #628 ) ;
#1840 = ORIENTED_EDGE ( 'NONE', *, *, #1777, .T. ) ;
#1841 = ADVANCED_FACE ( 'NONE', ( #3075 ), #1547, .T. ) ;
#1842 = SURFACE_SIDE_STYLE ('',( #1454 ) ) ;
#1843 = DIRECTION ( 'NONE',  ( 3.223082373619878746E-17, 4.598590846719930620E-17, 1.000000000000000000 ) ) ;
#1844 = DIRECTION ( 'NONE',  ( -0.9864322206003931504, -0.1641690414218747451, 3.934298554185480054E-17 ) ) ;
#1845 = DIRECTION ( 'NONE',  ( 3.223082373619878746E-17, 4.598590846719930620E-17, 1.000000000000000000 ) ) ;
#1846 = ORIENTED_EDGE ( 'NONE', *, *, #2302, .T. ) ;
#1847 = FILL_AREA_STYLE_COLOUR ( '', #3170 ) ;
#1848 = DIRECTION ( 'NONE',  ( 0.6353906706864885789, -0.7721908414404916599, 1.503073264317128551E-17 ) ) ;
#1849 = EDGE_LOOP ( 'NONE', ( #2690, #722, #2222, #2546 ) ) ;
#1850 = CARTESIAN_POINT ( 'NONE',  ( 30.78069221005402767, 11.41170420425500964, 4.999999999999879208 ) ) ;
#1851 = PRESENTATION_LAYER_ASSIGNMENT (  '', '', ( #3284 ) ) ;
#1852 = FILL_AREA_STYLE ('',( #3904 ) ) ;
#1853 = DIRECTION ( 'NONE',  ( -0.8343594835823765488, -0.5512206927866094563, 4.723222202963152202E-17 ) ) ;
#1854 = ORIENTED_EDGE ( 'NONE', *, *, #3864, .F. ) ;
#1855 = CARTESIAN_POINT ( 'NONE',  ( 12.76994470188231112, 2.228062264605387366, -1.179611963664228824E-13 ) ) ;
#1856 = PRESENTATION_STYLE_ASSIGNMENT (( #650 ) ) ;
#1857 = AXIS2_PLACEMENT_3D ( 'NONE', #2981, #3329, #3645 ) ;
#1858 = AXIS2_PLACEMENT_3D ( 'NONE', #1578, #319, #3067 ) ;
#1859 = CARTESIAN_POINT ( 'NONE',  ( 15.10796417108450918, 14.33091449905864856, -1.188285581044112860E-13 ) ) ;
#1860 = CYLINDRICAL_SURFACE ( 'NONE', #259, 4.500000000000000000 ) ;
#1861 = ORIENTED_EDGE ( 'NONE', *, *, #1942, .T. ) ;
#1862 = COLOUR_RGB ( '',0.7764705882352941346, 0.7568627450980391913, 0.7372549019607843590 ) ;
#1863 =( GEOMETRIC_REPRESENTATION_CONTEXT ( 3 ) GLOBAL_UNCERTAINTY_ASSIGNED_CONTEXT ( ( #762 ) ) GLOBAL_UNIT_ASSIGNED_CONTEXT ( ( #3008, #2724, #894 ) ) REPRESENTATION_CONTEXT ( 'NONE', 'WORKASPACE' ) );
#1864 = EDGE_CURVE ( 'NONE', #3768, #111, #936, .T. ) ;
#1865 = VERTEX_POINT ( 'NONE', #87 ) ;
#1866 = SURFACE_SIDE_STYLE ('',( #137 ) ) ;
#1867 = DIRECTION ( 'NONE',  ( 4.800258967122366038E-17, 1.302709821111998600E-17, 1.000000000000000000 ) ) ;
#1868 = DIRECTION ( 'NONE',  ( 0.6353906706864889120, -0.7721908414404912158, 1.503073264317127626E-17 ) ) ;
#1869 = COLOUR_RGB ( '',0.7764705882352941346, 0.7568627450980391913, 0.7372549019607843590 ) ;
#1870 = DIRECTION ( 'NONE',  ( 0.3329671022960502547, -0.9429384437960791621, 3.263007698255365763E-17 ) ) ;
#1871 = EDGE_CURVE ( 'NONE', #2434, #1462, #2515, .T. ) ;
#1872 = FILL_AREA_STYLE ('',( #1918 ) ) ;
#1873 = ORIENTED_EDGE ( 'NONE', *, *, #2482, .F. ) ;
#1874 =( NAMED_UNIT ( * ) SI_UNIT ( $, .STERADIAN. ) SOLID_ANGLE_UNIT ( ) );
#1875 = STYLED_ITEM ( 'NONE', ( #433 ), #3150 ) ;
#1876 = ORIENTED_EDGE ( 'NONE', *, *, #1134, .T. ) ;
#1877 = DIRECTION ( 'NONE',  ( 0.8707939595268955335, 0.4916481262564432742, -5.067529235215590625E-17 ) ) ;
#1878 = AXIS2_PLACEMENT_3D ( 'NONE', #795, #2495, #423 ) ;
#1879 = MECHANICAL_DESIGN_GEOMETRIC_PRESENTATION_REPRESENTATION (  '', ( #3651 ), #502 ) ;
#1880 = EDGE_CURVE ( 'NONE', #166, #2218, #1663, .T. ) ;
#1881 = PRESENTATION_STYLE_ASSIGNMENT (( #1255 ) ) ;
#1882 = ORIENTED_EDGE ( 'NONE', *, *, #900, .T. ) ;
#1883 = STYLED_ITEM ( 'NONE', ( #3856 ), #3633 ) ;
#1884 = ORIENTED_EDGE ( 'NONE', *, *, #2982, .F. ) ;
#1885 =( LENGTH_UNIT ( ) NAMED_UNIT ( * ) SI_UNIT ( .MILLI., .METRE. ) );
#1886 = AXIS2_PLACEMENT_3D ( 'NONE', #3060, #1510, #1237 ) ;
#1887 = CARTESIAN_POINT ( 'NONE',  ( 17.57878010726211571, -5.765776219010855463, -1.179611963664228824E-13 ) ) ;
#1888 = EDGE_CURVE ( 'NONE', #1314, #3011, #2258, .T. ) ;
#1889 = ORIENTED_EDGE ( 'NONE', *, *, #2677, .T. ) ;
#1890 = AXIS2_PLACEMENT_3D ( 'NONE', #2246, #1845, #2205 ) ;
#1891 = EDGE_CURVE ( 'NONE', #2092, #26, #2867, .T. ) ;
#1892 = FACE_OUTER_BOUND ( 'NONE', #1667, .T. ) ;
#1893 = FILL_AREA_STYLE ('',( #662 ) ) ;
#1894 = AXIS2_PLACEMENT_3D ( 'NONE', #2570, #218, #3576 ) ;
#1895 = CARTESIAN_POINT ( 'NONE',  ( 63.44821181711495228, 10.79756874169068581, 1.805571809021251145E-15 ) ) ;
#1896 = DIRECTION ( 'NONE',  ( 3.223082373619878746E-17, 4.598590846719930620E-17, 1.000000000000000000 ) ) ;
#1897 = VERTEX_POINT ( 'NONE', #3798 ) ;
#1898 = PRESENTATION_LAYER_ASSIGNMENT (  '', '', ( #2417 ) ) ;
#1899 = CARTESIAN_POINT ( 'NONE',  ( 94.66523941377143103, -0.7976406564679325850, -7.084833304444821673E-17 ) ) ;
#1900 = AXIS2_PLACEMENT_3D ( 'NONE', #1105, #1726, #2367 ) ;
#1901 = EDGE_CURVE ( 'NONE', #2517, #1823, #2273, .T. ) ;
#1902 =( NAMED_UNIT ( * ) SI_UNIT ( $, .STERADIAN. ) SOLID_ANGLE_UNIT ( ) );
#1903 = VERTEX_POINT ( 'NONE', #155 ) ;
#1904 = FILL_AREA_STYLE ('',( #1284 ) ) ;
#1905 = LINE ( 'NONE', #3145, #2380 ) ;
#1906 = CARTESIAN_POINT ( 'NONE',  ( 21.67281267413515167, 6.044765569636400215, -1.188285581044112860E-13 ) ) ;
#1907 = ORIENTED_EDGE ( 'NONE', *, *, #1121, .T. ) ;
#1908 = DIRECTION ( 'NONE',  ( 4.800258967122366038E-17, 1.302709821111998600E-17, 1.000000000000000000 ) ) ;
#1909 = DIRECTION ( 'NONE',  ( 3.223082373619878746E-17, 4.598590846719930620E-17, 1.000000000000000000 ) ) ;
#1910 = FILL_AREA_STYLE_COLOUR ( '', #3688 ) ;
#1911 = DIRECTION ( 'NONE',  ( 4.800258967122366038E-17, 1.302709821111998600E-17, 1.000000000000000000 ) ) ;
#1912 = EDGE_CURVE ( 'NONE', #2180, #1662, #3048, .T. ) ;
#1913 = ORIENTED_EDGE ( 'NONE', *, *, #2288, .T. ) ;
#1914 = DIRECTION ( 'NONE',  ( 0.000000000000000000, 1.000000000000000000, 0.000000000000000000 ) ) ;
#1915 = UNCERTAINTY_MEASURE_WITH_UNIT (LENGTH_MEASURE( 1.000000000000000082E-05 ), #1011, 'distance_accuracy_value', 'NONE');
#1916 = DIRECTION ( 'NONE',  ( 3.223082373619878746E-17, 4.598590846719930620E-17, 1.000000000000000000 ) ) ;
#1917 = FILL_AREA_STYLE_COLOUR ( '', #2778 ) ;
#1918 = FILL_AREA_STYLE_COLOUR ( '', #813 ) ;
#1919 = ORIENTED_EDGE ( 'NONE', *, *, #3707, .T. ) ;
#1920 = AXIS2_PLACEMENT_3D ( 'NONE', #744, #3524, #2564 ) ;
#1921 = SURFACE_STYLE_USAGE ( .BOTH. , #704 ) ;
#1922 = VERTEX_POINT ( 'NONE', #1952 ) ;
#1923 =( NAMED_UNIT ( * ) PLANE_ANGLE_UNIT ( ) SI_UNIT ( $, .RADIAN. ) );
#1924 = UNCERTAINTY_MEASURE_WITH_UNIT (LENGTH_MEASURE( 1.000000000000000082E-05 ), #2784, 'distance_accuracy_value', 'NONE');
#1925 =( LENGTH_UNIT ( ) NAMED_UNIT ( * ) SI_UNIT ( .MILLI., .METRE. ) );
#1926 = VECTOR ( 'NONE', #3179, 1000.000000000000000 ) ;
#1927 = CYLINDRICAL_SURFACE ( 'NONE', #2329, 4.500000000000000000 ) ;
#1928 = VERTEX_POINT ( 'NONE', #3229 ) ;
#1929 = PRESENTATION_STYLE_ASSIGNMENT (( #1334 ) ) ;
#1930 = STYLED_ITEM ( 'NONE', ( #2388 ), #2111 ) ;
#1931 = ORIENTED_EDGE ( 'NONE', *, *, #3290, .T. ) ;
#1932 = PRESENTATION_LAYER_ASSIGNMENT (  '', '', ( #1224 ) ) ;
#1933 =( NAMED_UNIT ( * ) SI_UNIT ( $, .STERADIAN. ) SOLID_ANGLE_UNIT ( ) );
#1934 = CARTESIAN_POINT ( 'NONE',  ( 21.67281267413515167, 6.044765569636400215, 4.999999999999880096 ) ) ;
#1935 = COLOUR_RGB ( '',0.7764705882352941346, 0.7568627450980391913, 0.7372549019607843590 ) ;
#1936 = EDGE_CURVE ( 'NONE', #3546, #2650, #791, .T. ) ;
#1937 = AXIS2_PLACEMENT_3D ( 'NONE', #1305, #3777, #1978 ) ;
#1938 = AXIS2_PLACEMENT_3D ( 'NONE', #3499, #1589, #988 ) ;
#1939 = EDGE_LOOP ( 'NONE', ( #2385, #3739, #3712, #426 ) ) ;
#1940 = DIRECTION ( 'NONE',  ( -0.8611767468245418167, 0.5083056272841159906, 4.381539882963412685E-18 ) ) ;
#1941 = DIRECTION ( 'NONE',  ( 0.6353906706864890230, -0.7721908414404909937, 0.000000000000000000 ) ) ;
#1942 = EDGE_CURVE ( 'NONE', #884, #2977, #3762, .T. ) ;
#1943 = EDGE_LOOP ( 'NONE', ( #1792, #3261, #2079, #2840 ) ) ;
#1944 = CARTESIAN_POINT ( 'NONE',  ( 99.87901213735517558, -3.328730863270483287, 0.000000000000000000 ) ) ;
#1945 =( GEOMETRIC_REPRESENTATION_CONTEXT ( 3 ) GLOBAL_UNCERTAINTY_ASSIGNED_CONTEXT ( ( #718 ) ) GLOBAL_UNIT_ASSIGNED_CONTEXT ( ( #2527, #1923, #3085 ) ) REPRESENTATION_CONTEXT ( 'NONE', 'WORKASPACE' ) );
#1946 = MECHANICAL_DESIGN_GEOMETRIC_PRESENTATION_REPRESENTATION (  '', ( #1619 ), #2341 ) ;
#1947 = DIRECTION ( 'NONE',  ( 0.6353906706864889120, -0.7721908414404912158, 1.503073264317127626E-17 ) ) ;
#1948 = CARTESIAN_POINT ( 'NONE',  ( 21.76677810430769355, -4.526358800387076720, 4.999999999999880984 ) ) ;
#1949 = ORIENTED_EDGE ( 'NONE', *, *, #2849, .T. ) ;
#1950 = CIRCLE ( 'NONE', #3121, 4.500000000000000000 ) ;
#1951 = CARTESIAN_POINT ( 'NONE',  ( 12.01366920932363591, 6.772247374349776194, -1.188285581044112860E-13 ) ) ;
#1952 = CARTESIAN_POINT ( 'NONE',  ( 20.52674070887363555, -3.573695913388919010, -1.188285581044112860E-13 ) ) ;
#1953 = DIRECTION ( 'NONE',  ( 3.223082373619878746E-17, 4.598590846719930620E-17, 1.000000000000000000 ) ) ;
#1954 = AXIS2_PLACEMENT_3D ( 'NONE', #3507, #396, #456 ) ;
#1955 = VERTEX_POINT ( 'NONE', #512 ) ;
#1956 = SURFACE_STYLE_FILL_AREA ( #2804 ) ;
#1957 = DIRECTION ( 'NONE',  ( 3.223082373619878746E-17, 4.598590846719930620E-17, 1.000000000000000000 ) ) ;
#1958 =( GEOMETRIC_REPRESENTATION_CONTEXT ( 3 ) GLOBAL_UNCERTAINTY_ASSIGNED_CONTEXT ( ( #642 ) ) GLOBAL_UNIT_ASSIGNED_CONTEXT ( ( #2631, #2997, #2321 ) ) REPRESENTATION_CONTEXT ( 'NONE', 'WORKASPACE' ) );
#1959 = UNCERTAINTY_MEASURE_WITH_UNIT (LENGTH_MEASURE( 1.000000000000000082E-05 ), #3446, 'distance_accuracy_value', 'NONE');
#1960 = CIRCLE ( 'NONE', #984, 1.500000000000016653 ) ;
#1961 = DIRECTION ( 'NONE',  ( 0.9416898500871527800, -0.3364821336160891962, -4.082016567038572347E-17 ) ) ;
#1962 = FILL_AREA_STYLE_COLOUR ( '', #2344 ) ;
#1963 = EDGE_LOOP ( 'NONE', ( #1489, #3405, #143, #2150 ) ) ;
#1964 = CARTESIAN_POINT ( 'NONE',  ( 12.84500026825422658, 10.03199648551961154, -1.188285581044112860E-13 ) ) ;
#1965 = EDGE_LOOP ( 'NONE', ( #2208, #2186 ) ) ;
#1966 = AXIS2_PLACEMENT_3D ( 'NONE', #3928, #3615, #909 ) ;
#1967 = DIRECTION ( 'NONE',  ( -3.223082373619878746E-17, -4.598590846719930620E-17, -1.000000000000000000 ) ) ;
#1968 = UNCERTAINTY_MEASURE_WITH_UNIT (LENGTH_MEASURE( 1.000000000000000082E-05 ), #2892, 'distance_accuracy_value', 'NONE');
#1969 = DIRECTION ( 'NONE',  ( 0.6353906706864890230, -0.7721908414404909937, 0.000000000000000000 ) ) ;
#1970 = PRESENTATION_STYLE_ASSIGNMENT (( #463 ) ) ;
#1971 = FILL_AREA_STYLE_COLOUR ( '', #1304 ) ;
#1972 = EDGE_LOOP ( 'NONE', ( #749, #3054, #3371, #498 ) ) ;
#1973 = DIRECTION ( 'NONE',  ( 0.9830921976803952411, -0.1831112526851658984, 0.000000000000000000 ) ) ;
#1974 = LINE ( 'NONE', #758, #340 ) ;
#1975 = CARTESIAN_POINT ( 'NONE',  ( 9.330778258854099505, 8.025721523719754558, -1.179611963664228824E-13 ) ) ;
#1976 = ORIENTED_EDGE ( 'NONE', *, *, #1587, .T. ) ;
#1977 = DIRECTION ( 'NONE',  ( 0.6353906706864890230, -0.7721908414404909937, 1.503073264317039496E-17 ) ) ;
#1978 = DIRECTION ( 'NONE',  ( 0.6353906706864890230, -0.7721908414404909937, 0.000000000000000000 ) ) ;
#1979 = VERTEX_POINT ( 'NONE', #2311 ) ;
#1980 = DIRECTION ( 'NONE',  ( 3.223082373619878746E-17, 4.598590846719930620E-17, 1.000000000000000000 ) ) ;
#1981 = LINE ( 'NONE', #815, #2441 ) ;
#1982 = CARTESIAN_POINT ( 'NONE',  ( 83.04337467427002650, 2.067404582127001955, 5.000000000000000000 ) ) ;
#1983 = CARTESIAN_POINT ( 'NONE',  ( 10.63764878271873471, 0.1732105890899851564, -1.179611963664228824E-13 ) ) ;
#1984 = VECTOR ( 'NONE', #3918, 1000.000000000000000 ) ;
#1985 = DIRECTION ( 'NONE',  ( 3.223082373619878746E-17, 4.598590846719930620E-17, 1.000000000000000000 ) ) ;
#1986 = CARTESIAN_POINT ( 'NONE',  ( 22.66261644465088665, 10.13325081322723520, 5.000000000000002665 ) ) ;
#1987 = ORIENTED_EDGE ( 'NONE', *, *, #3944, .F. ) ;
#1988 = EDGE_CURVE ( 'NONE', #2532, #957, #1713, .T. ) ;
#1989 = DIRECTION ( 'NONE',  ( -0.9864322206003931504, -0.1641690414218747451, 3.934298554185480054E-17 ) ) ;
#1990 = CARTESIAN_POINT ( 'NONE',  ( 94.66523941377143103, -0.7976406564679325850, 4.999999999999999112 ) ) ;
#1991 =( NAMED_UNIT ( * ) PLANE_ANGLE_UNIT ( ) SI_UNIT ( $, .RADIAN. ) );
#1992 = EDGE_CURVE ( 'NONE', #2977, #2434, #1684, .T. ) ;
#1993 = SURFACE_SIDE_STYLE ('',( #2605 ) ) ;
#1994 = DIRECTION ( 'NONE',  ( 3.223082373619878746E-17, 4.598590846719930620E-17, 1.000000000000000000 ) ) ;
#1995 = LINE ( 'NONE', #2364, #1822 ) ;
#1996 = VERTEX_POINT ( 'NONE', #772 ) ;
#1997 = UNCERTAINTY_MEASURE_WITH_UNIT (LENGTH_MEASURE( 1.000000000000000082E-05 ), #3710, 'distance_accuracy_value', 'NONE');
#1998 = STYLED_ITEM ( 'NONE', ( #1320 ), #2553 ) ;
#1999 = ORIENTED_EDGE ( 'NONE', *, *, #2302, .F. ) ;
#2000 = EDGE_CURVE ( 'NONE', #2977, #1766, #1022, .T. ) ;
#2001 = ORIENTED_EDGE ( 'NONE', *, *, #1338, .F. ) ;
#2002 = STYLED_ITEM ( 'NONE', ( #3913 ), #2606 ) ;
#2003 = VECTOR ( 'NONE', #1627, 1000.000000000000000 ) ;
#2004 = PRESENTATION_LAYER_ASSIGNMENT (  '', '', ( #2070 ) ) ;
#2005 = DIRECTION ( 'NONE',  ( -0.8343594835823756606, -0.5512206927866111217, 0.000000000000000000 ) ) ;
#2006 = AXIS2_PLACEMENT_3D ( 'NONE', #759, #1741, #804 ) ;
#2007 = CARTESIAN_POINT ( 'NONE',  ( 21.67281267413489942, 6.044765569636153302, 4.999999999999999112 ) ) ;
#2008 = FILL_AREA_STYLE_COLOUR ( '', #369 ) ;
#2009 = ADVANCED_FACE ( 'NONE', ( #737 ), #3823, .T. ) ;
#2010 = STYLED_ITEM ( 'NONE', ( #608 ), #3028 ) ;
#2011 = CARTESIAN_POINT ( 'NONE',  ( 25.20005152494201539, 16.01051120345278633, 4.999999999999879208 ) ) ;
#2012 =( NAMED_UNIT ( * ) SI_UNIT ( $, .STERADIAN. ) SOLID_ANGLE_UNIT ( ) );
#2013 = VERTEX_POINT ( 'NONE', #1048 ) ;
#2014 = AXIS2_PLACEMENT_3D ( 'NONE', #3415, #3746, #1321 ) ;
#2015 = DIRECTION ( 'NONE',  ( 0.6353906706864889120, -0.7721908414404912158, 1.503073264317127626E-17 ) ) ;
#2016 = CARTESIAN_POINT ( 'NONE',  ( 11.07031495555671796, 12.66572034425457716, 4.999999999999880096 ) ) ;
#2017 = ADVANCED_FACE ( 'NONE', ( #1690 ), #198, .T. ) ;
#2018 = AXIS2_PLACEMENT_3D ( 'NONE', #1948, #1388, #485 ) ;
#2019 = CYLINDRICAL_SURFACE ( 'NONE', #1100, 4.500000000000000000 ) ;
#2020 = ADVANCED_FACE ( 'NONE', ( #544 ), #3287, .T. ) ;
#2021 = AXIS2_PLACEMENT_3D ( 'NONE', #121, #378, #3154 ) ;
#2022 = VERTEX_POINT ( 'NONE', #2413 ) ;
#2023 = SURFACE_STYLE_USAGE ( .BOTH. , #1085 ) ;
#2024 = FILL_AREA_STYLE_COLOUR ( '', #2608 ) ;
#2025 = FILL_AREA_STYLE_COLOUR ( '', #406 ) ;
#2026 = CARTESIAN_POINT ( 'NONE',  ( 21.67281267413489942, 6.044765569636153302, 3.469446951953614189E-15 ) ) ;
#2027 = COLOUR_RGB ( '',0.7764705882352941346, 0.7568627450980391913, 0.7372549019607843590 ) ;
#2028 =( NAMED_UNIT ( * ) PLANE_ANGLE_UNIT ( ) SI_UNIT ( $, .RADIAN. ) );
#2029 = CYLINDRICAL_SURFACE ( 'NONE', #3295, 12.50000000000000533 ) ;
#2030 = AXIS2_PLACEMENT_3D ( 'NONE', #606, #2442, #3661 ) ;
#2031 = VERTEX_POINT ( 'NONE', #1773 ) ;
#2032 = CARTESIAN_POINT ( 'NONE',  ( 22.10547884697317755, 18.53727532480096230, 4.999999999999879208 ) ) ;
#2033 = CARTESIAN_POINT ( 'NONE',  ( 14.74109578796946707, 12.81082670297280757, -1.188285581044112860E-13 ) ) ;
#2034 = CIRCLE ( 'NONE', #141, 4.500000000000000000 ) ;
#2035 = DIRECTION ( 'NONE',  ( 3.223082373619878746E-17, 4.598590846719930620E-17, 1.000000000000000000 ) ) ;
#2036 = ORIENTED_EDGE ( 'NONE', *, *, #1538, .T. ) ;
#2037 = UNCERTAINTY_MEASURE_WITH_UNIT (LENGTH_MEASURE( 1.000000000000000082E-05 ), #1791, 'distance_accuracy_value', 'NONE');
#2038 = DIRECTION ( 'NONE',  ( 0.001933788002217606827, -0.9999981302302332065, 1.293424702146401340E-17 ) ) ;
#2039 =( NAMED_UNIT ( * ) PLANE_ANGLE_UNIT ( ) SI_UNIT ( $, .RADIAN. ) );
#2040 = ORIENTED_EDGE ( 'NONE', *, *, #3623, .F. ) ;
#2041 = CARTESIAN_POINT ( 'NONE',  ( 81.79183544889644963, 1.240573542947079666, 5.000000000000000000 ) ) ;
#2042 = LINE ( 'NONE', #3047, #1512 ) ;
#2043 = PRESENTATION_STYLE_ASSIGNMENT (( #1137 ) ) ;
#2044 = SURFACE_STYLE_USAGE ( .BOTH. , #2356 ) ;
#2045 = DIRECTION ( 'NONE',  ( 3.223082373619878746E-17, 4.598590846719930620E-17, 1.000000000000000000 ) ) ;
#2046 = LINE ( 'NONE', #3510, #3417 ) ;
#2047 = ORIENTED_EDGE ( 'NONE', *, *, #1338, .T. ) ;
#2048 = CARTESIAN_POINT ( 'NONE',  ( 29.55938806178993872, 15.74280293060989777, 4.999999999999879208 ) ) ;
#2049 = LINE ( 'NONE', #550, #2270 ) ;
#2050 = CYLINDRICAL_SURFACE ( 'NONE', #1122, 9.686500000000002331 ) ;
#2051 = DIRECTION ( 'NONE',  ( 0.6353906706864890230, -0.7721908414404909937, 0.000000000000000000 ) ) ;
#2052 = FACE_OUTER_BOUND ( 'NONE', #1261, .T. ) ;
#2053 = AXIS2_PLACEMENT_3D ( 'NONE', #561, #3666, #578 ) ;
#2054 = CARTESIAN_POINT ( 'NONE',  ( 18.33790282369988134, 16.07650899927222810, -1.188285581044112860E-13 ) ) ;
#2055 = EDGE_CURVE ( 'NONE', #2160, #1276, #2656, .T. ) ;
#2056 = EDGE_CURVE ( 'NONE', #1813, #2757, #2970, .T. ) ;
#2057 = AXIS2_PLACEMENT_3D ( 'NONE', #3403, #338, #381 ) ;
#2058 = ORIENTED_EDGE ( 'NONE', *, *, #1784, .F. ) ;
#2059 = VECTOR ( 'NONE', #1916, 1000.000000000000000 ) ;
#2060 = LINE ( 'NONE', #3303, #1548 ) ;
#2061 = COLOUR_RGB ( '',0.7921568627450980005, 0.8196078431372548767, 0.9333333333333333481 ) ;
#2062 = FILL_AREA_STYLE ('',( #3941 ) ) ;
#2063 = ADVANCED_FACE ( 'NONE', ( #1194 ), #2029, .T. ) ;
#2064 = AXIS2_PLACEMENT_3D ( 'NONE', #3357, #2751, #3690 ) ;
#2065 = DIRECTION ( 'NONE',  ( -4.800258967122366038E-17, -1.302709821111998138E-17, -1.000000000000000000 ) ) ;
#2066 = STYLED_ITEM ( 'NONE', ( #720 ), #1470 ) ;
#2067 = VECTOR ( 'NONE', #2671, 1000.000000000000000 ) ;
#2068 = PRODUCT_CONTEXT ( 'NONE', #1275, 'mechanical' ) ;
#2069 = SURFACE_SIDE_STYLE ('',( #857 ) ) ;
#2070 = STYLED_ITEM ( 'NONE', ( #2397 ), #2665 ) ;
#2071 = DIRECTION ( 'NONE',  ( -4.800258967122366038E-17, -1.302709821111998600E-17, -1.000000000000000000 ) ) ;
#2072 = ORIENTED_EDGE ( 'NONE', *, *, #2429, .T. ) ;
#2073 = CARTESIAN_POINT ( 'NONE',  ( 26.03947561777780706, 14.69118315072847203, -1.196959198423996895E-13 ) ) ;
#2074 = AXIS2_PLACEMENT_3D ( 'NONE', #3720, #2579, #2161 ) ;
#2075 = SURFACE_STYLE_FILL_AREA ( #277 ) ;
#2076 = EDGE_CURVE ( 'NONE', #3940, #1066, #1768, .T. ) ;
#2077 = COLOUR_RGB ( '',0.7764705882352941346, 0.7568627450980391913, 0.7372549019607843590 ) ;
#2078 = DIRECTION ( 'NONE',  ( 0.9830921976803952411, -0.1831112526851658984, -2.326533403457434455E-17 ) ) ;
#2079 = ORIENTED_EDGE ( 'NONE', *, *, #2767, .T. ) ;
#2080 = CARTESIAN_POINT ( 'NONE',  ( 14.74109578796946884, 12.81082670297280934, 4.999999999999880096 ) ) ;
#2081 = FACE_OUTER_BOUND ( 'NONE', #3733, .T. ) ;
#2082 = MECHANICAL_DESIGN_GEOMETRIC_PRESENTATION_REPRESENTATION (  '', ( #435 ), #1818 ) ;
#2083 = UNCERTAINTY_MEASURE_WITH_UNIT (LENGTH_MEASURE( 1.000000000000000082E-05 ), #232, 'distance_accuracy_value', 'NONE');
#2084 = CARTESIAN_POINT ( 'NONE',  ( 17.80906462234678855, -5.588444112275666065, -1.178935580695286034E-13 ) ) ;
#2085 =( NAMED_UNIT ( * ) SI_UNIT ( $, .STERADIAN. ) SOLID_ANGLE_UNIT ( ) );
#2086 = ORIENTED_EDGE ( 'NONE', *, *, #3018, .F. ) ;
#2087 = STYLED_ITEM ( 'NONE', ( #2708 ), #3749 ) ;
#2088 = VECTOR ( 'NONE', #3558, 1000.000000000000000 ) ;
#2089 = DIRECTION ( 'NONE',  ( 3.223082373619878746E-17, 4.598590846719930620E-17, 1.000000000000000000 ) ) ;
#2090 = AXIS2_PLACEMENT_3D ( 'NONE', #3512, #1967, #2634 ) ;
#2091 = DIRECTION ( 'NONE',  ( 0.6353906706864889120, -0.7721908414404912158, 1.503073264317127626E-17 ) ) ;
#2092 = VERTEX_POINT ( 'NONE', #1401 ) ;
#2093 = SURFACE_SIDE_STYLE ('',( #3967 ) ) ;
#2094 = VECTOR ( 'NONE', #3062, 1000.000000000000000 ) ;
#2095 =( NAMED_UNIT ( * ) SI_UNIT ( $, .STERADIAN. ) SOLID_ANGLE_UNIT ( ) );
#2096 = SURFACE_STYLE_FILL_AREA ( #329 ) ;
#2097 = ORIENTED_EDGE ( 'NONE', *, *, #2305, .F. ) ;
#2098 = DIRECTION ( 'NONE',  ( 3.223082373619878746E-17, 4.598590846719930620E-17, 1.000000000000000000 ) ) ;
#2099 = CARTESIAN_POINT ( 'NONE',  ( 83.04337467427002650, 2.067404582127001955, 7.965134049439554537E-16 ) ) ;
#2100 = LINE ( 'NONE', #627, #2094 ) ;
#2101 = ORIENTED_EDGE ( 'NONE', *, *, #1912, .F. ) ;
#2102 = CARTESIAN_POINT ( 'NONE',  ( 21.67281267413489942, 6.044765569636153302, 4.999999999999999112 ) ) ;
#2103 = CYLINDRICAL_SURFACE ( 'NONE', #2146, 4.500000000000000000 ) ;
#2104 = CARTESIAN_POINT ( 'NONE',  ( 25.37664876762616473, -3.856703924389471627, -1.188285581044112860E-13 ) ) ;
#2105 = ORIENTED_EDGE ( 'NONE', *, *, #3939, .F. ) ;
#2106 = ORIENTED_EDGE ( 'NONE', *, *, #3393, .T. ) ;
#2107 = CARTESIAN_POINT ( 'NONE',  ( 13.80586320728514593, 0.3932712242416857018, 4.999999999999880984 ) ) ;
#2108 = CARTESIAN_POINT ( 'NONE',  ( 30.67578221348813372, 0.5036429918500112679, -1.188285581044112860E-13 ) ) ;
#2109 = ORIENTED_EDGE ( 'NONE', *, *, #1311, .T. ) ;
#2110 = CARTESIAN_POINT ( 'NONE',  ( 22.63367561316610121, -3.593959691641507970, -1.188285581044112860E-13 ) ) ;
#2111 = ADVANCED_FACE ( 'NONE', ( #3003 ), #269, .T. ) ;
#2112 = EDGE_CURVE ( 'NONE', #987, #1654, #3485, .T. ) ;
#2113 = COLOUR_RGB ( '',0.7764705882352941346, 0.7568627450980391913, 0.7372549019607843590 ) ;
#2114 = CARTESIAN_POINT ( 'NONE',  ( 12.00146392535969397, 5.503197818049001100, -1.188285581044112860E-13 ) ) ;
#2115 = EDGE_LOOP ( 'NONE', ( #3471, #3311, #446, #17 ) ) ;
#2116 = AXIS2_PLACEMENT_3D ( 'NONE', #927, #2810, #688 ) ;
#2117 = DIRECTION ( 'NONE',  ( 4.800258967122366038E-17, 1.302709821111998600E-17, 1.000000000000000000 ) ) ;
#2118 = EDGE_CURVE ( 'NONE', #146, #747, #2428, .T. ) ;
#2119 = AXIS2_PLACEMENT_3D ( 'NONE', #3581, #3947, #3931 ) ;
#2120 = FILL_AREA_STYLE_COLOUR ( '', #347 ) ;
#2121 = FILL_AREA_STYLE ('',( #1169 ) ) ;
#2122 = AXIS2_PLACEMENT_3D ( 'NONE', #2573, #1909, #2091 ) ;
#2123 = STYLED_ITEM ( 'NONE', ( #3909 ), #2336 ) ;
#2124 = VERTEX_POINT ( 'NONE', #1983 ) ;
#2125 = EDGE_CURVE ( 'NONE', #3410, #3434, #2771, .T. ) ;
#2126 = CARTESIAN_POINT ( 'NONE',  ( 21.67281267413515167, 6.044765569636400215, -1.188285581044112860E-13 ) ) ;
#2127 = ORIENTED_EDGE ( 'NONE', *, *, #301, .F. ) ;
#2128 = COLOUR_RGB ( '',0.7921568627450980005, 0.8196078431372548767, 0.9333333333333333481 ) ;
#2129 = AXIS2_PLACEMENT_3D ( 'NONE', #2104, #1453, #2725 ) ;
#2130 = PRESENTATION_STYLE_ASSIGNMENT (( #1607 ) ) ;
#2131 = EDGE_LOOP ( 'NONE', ( #1014, #1050, #710, #3799 ) ) ;
#2132 = CIRCLE ( 'NONE', #2522, 1.500000000000000444 ) ;
#2133 = DIRECTION ( 'NONE',  ( -0.6353906706864889120, 0.7721908414404912158, 0.000000000000000000 ) ) ;
#2134 = EDGE_CURVE ( 'NONE', #2890, #3952, #3848, .T. ) ;
#2135 =( NAMED_UNIT ( * ) PLANE_ANGLE_UNIT ( ) SI_UNIT ( $, .RADIAN. ) );
#2136 = FILL_AREA_STYLE ('',( #215 ) ) ;
#2137 =( NAMED_UNIT ( * ) PLANE_ANGLE_UNIT ( ) SI_UNIT ( $, .RADIAN. ) );
#2138 = SURFACE_STYLE_FILL_AREA ( #2683 ) ;
#2139 = AXIS2_PLACEMENT_3D ( 'NONE', #3307, #10, #3616 ) ;
#2140 = ORIENTED_EDGE ( 'NONE', *, *, #411, .T. ) ;
#2141 = SURFACE_STYLE_FILL_AREA ( #698 ) ;
#2142 = LINE ( 'NONE', #1225, #3484 ) ;
#2143 = STYLED_ITEM ( 'NONE', ( #2889 ), #3571 ) ;
#2144 = DIRECTION ( 'NONE',  ( 0.3364821336160891962, 0.9416898500871527800, -2.841949995317117561E-17 ) ) ;
#2145 = CIRCLE ( 'NONE', #620, 9.686500000000002331 ) ;
#2146 = AXIS2_PLACEMENT_3D ( 'NONE', #1228, #1843, #2507 ) ;
#2147 = DIRECTION ( 'NONE',  ( 3.223082373619878746E-17, 4.598590846719930620E-17, 1.000000000000000000 ) ) ;
#2148 = VERTEX_POINT ( 'NONE', #3797 ) ;
#2149 = DIRECTION ( 'NONE',  ( 0.6501250953843409341, 0.7598271911109140131, -8.954335807447514361E-17 ) ) ;
#2150 = ORIENTED_EDGE ( 'NONE', *, *, #801, .T. ) ;
#2151 = CARTESIAN_POINT ( 'NONE',  ( 83.04337467427002650, 2.067404582127003732, 7.965134049439554537E-16 ) ) ;
#2152 =( NAMED_UNIT ( * ) PLANE_ANGLE_UNIT ( ) SI_UNIT ( $, .RADIAN. ) );
#2153 = COLOUR_RGB ( '',0.7921568627450980005, 0.8196078431372548767, 0.9333333333333333481 ) ;
#2154 = ORIENTED_EDGE ( 'NONE', *, *, #2684, .F. ) ;
#2155 = CARTESIAN_POINT ( 'NONE',  ( 12.47096770804380306, 11.24895130504122420, -1.188285581044112860E-13 ) ) ;
#2156 = CARTESIAN_POINT ( 'NONE',  ( 29.75165479824011427, 14.21978275136397762, -1.197547816137549746E-13 ) ) ;
#2157 = CARTESIAN_POINT ( 'NONE',  ( 21.67281267413515167, 6.044765569636400215, -1.188285581044112860E-13 ) ) ;
#2158 = DIRECTION ( 'NONE',  ( -3.223082373619878746E-17, -4.598590846719930620E-17, -1.000000000000000000 ) ) ;
#2159 = FILL_AREA_STYLE_COLOUR ( '', #3574 ) ;
#2160 = VERTEX_POINT ( 'NONE', #1951 ) ;
#2161 = DIRECTION ( 'NONE',  ( -0.8343594835823765488, -0.5512206927866094563, 4.723222202963152202E-17 ) ) ;
#2162 = CARTESIAN_POINT ( 'NONE',  ( 21.68574971586973632, -0.6452219216041034100, 5.000000000000002665 ) ) ;
#2163 = ADVANCED_FACE ( 'NONE', ( #3782 ), #112, .T. ) ;
#2164 = LINE ( 'NONE', #840, #95 ) ;
#2165 = VERTEX_POINT ( 'NONE', #3167 ) ;
#2166 = DIRECTION ( 'NONE',  ( -0.6353906706864889120, 0.7721908414404912158, 0.000000000000000000 ) ) ;
#2167 = EDGE_CURVE ( 'NONE', #1520, #1185, #487, .T. ) ;
#2168 = CARTESIAN_POINT ( 'NONE',  ( 22.63367561316610121, -3.593959691641507970, -1.188285581044112860E-13 ) ) ;
#2169 = PLANE ( 'NONE',  #1833 ) ;
#2170 = ORIENTED_EDGE ( 'NONE', *, *, #69, .F. ) ;
#2171 = EDGE_LOOP ( 'NONE', ( #2432, #3419 ) ) ;
#2172 = FILL_AREA_STYLE ('',( #393 ) ) ;
#2173 = CIRCLE ( 'NONE', #1920, 9.686500000000004107 ) ;
#2174 = CYLINDRICAL_SURFACE ( 'NONE', #3183, 1.499999999999974465 ) ;
#2175 = EDGE_LOOP ( 'NONE', ( #1150, #829, #3141, #1382 ) ) ;
#2176 = EDGE_CURVE ( 'NONE', #3434, #1827, #2837, .T. ) ;
#2177 = AXIS2_PLACEMENT_3D ( 'NONE', #873, #303, #3305 ) ;
#2178 = CIRCLE ( 'NONE', #1537, 1.500000000000016653 ) ;
#2179 = DIRECTION ( 'NONE',  ( -0.8343594835823755496, -0.5512206927866112327, 4.723222202963162679E-17 ) ) ;
#2180 = VERTEX_POINT ( 'NONE', #2865 ) ;
#2181 = AXIS2_PLACEMENT_3D ( 'NONE', #960, #2147, #108 ) ;
#2182 = ADVANCED_FACE ( 'NONE', ( #2883 ), #2927, .T. ) ;
#2183 = MECHANICAL_DESIGN_GEOMETRIC_PRESENTATION_REPRESENTATION (  '', ( #2509 ), #3038 ) ;
#2184 = ADVANCED_FACE ( 'NONE', ( #3601 ), #1732, .T. ) ;
#2185 = FILL_AREA_STYLE ('',( #634 ) ) ;
#2186 = ORIENTED_EDGE ( 'NONE', *, *, #2489, .F. ) ;
#2187 = ORIENTED_EDGE ( 'NONE', *, *, #751, .F. ) ;
#2188 =( NAMED_UNIT ( * ) PLANE_ANGLE_UNIT ( ) SI_UNIT ( $, .RADIAN. ) );
#2189 =( GEOMETRIC_REPRESENTATION_CONTEXT ( 3 ) GLOBAL_UNCERTAINTY_ASSIGNED_CONTEXT ( ( #3214 ) ) GLOBAL_UNIT_ASSIGNED_CONTEXT ( ( #2363, #1216, #2377 ) ) REPRESENTATION_CONTEXT ( 'NONE', 'WORKASPACE' ) );
#2190 = ORIENTED_EDGE ( 'NONE', *, *, #189, .T. ) ;
#2191 = FACE_OUTER_BOUND ( 'NONE', #1206, .T. ) ;
#2192 = AXIS2_PLACEMENT_3D ( 'NONE', #171, #1369, #3493 ) ;
#2193 = UNCERTAINTY_MEASURE_WITH_UNIT (LENGTH_MEASURE( 1.000000000000000082E-05 ), #3065, 'distance_accuracy_value', 'NONE');
#2194 = DIRECTION ( 'NONE',  ( 3.223082373619878746E-17, 4.598590846719930620E-17, 1.000000000000000000 ) ) ;
#2195 =( GEOMETRIC_REPRESENTATION_CONTEXT ( 3 ) GLOBAL_UNCERTAINTY_ASSIGNED_CONTEXT ( ( #2807 ) ) GLOBAL_UNIT_ASSIGNED_CONTEXT ( ( #1694, #1117, #2644 ) ) REPRESENTATION_CONTEXT ( 'NONE', 'WORKASPACE' ) );
#2196 = DIRECTION ( 'NONE',  ( 0.6353906706864890230, -0.7721908414404909937, 0.000000000000000000 ) ) ;
#2197 = ORIENTED_EDGE ( 'NONE', *, *, #2909, .F. ) ;
#2198 = DIRECTION ( 'NONE',  ( 0.8611767468245452584, -0.5083056272841104395, -4.381539882963415767E-18 ) ) ;
#2199 = AXIS2_PLACEMENT_3D ( 'NONE', #3464, #1264, #1590 ) ;
#2200 = ORIENTED_EDGE ( 'NONE', *, *, #63, .T. ) ;
#2201 = CARTESIAN_POINT ( 'NONE',  ( 10.94493185090637155, -0.3710409301421200290, 4.999999999999880984 ) ) ;
#2202 = UNCERTAINTY_MEASURE_WITH_UNIT (LENGTH_MEASURE( 1.000000000000000082E-05 ), #3544, 'distance_accuracy_value', 'NONE');
#2203 = PRESENTATION_LAYER_ASSIGNMENT (  '', '', ( #3651 ) ) ;
#2204 = SURFACE_SIDE_STYLE ('',( #1582 ) ) ;
#2205 = DIRECTION ( 'NONE',  ( -0.6353906706864889120, 0.7721908414404912158, -1.503073264317127626E-17 ) ) ;
#2206 = ORIENTED_EDGE ( 'NONE', *, *, #3707, .F. ) ;
#2207 = CIRCLE ( 'NONE', #1567, 4.499999999999996447 ) ;
#2208 = ORIENTED_EDGE ( 'NONE', *, *, #79, .F. ) ;
#2209 = COLOUR_RGB ( '',0.7764705882352941346, 0.7568627450980391913, 0.7372549019607843590 ) ;
#2210 = CYLINDRICAL_SURFACE ( 'NONE', #3110, 1.499999999999931388 ) ;
#2211 = ADVANCED_FACE ( 'NONE', ( #1153 ), #1752, .T. ) ;
#2212 = ORIENTED_EDGE ( 'NONE', *, *, #3263, .T. ) ;
#2213 = DIRECTION ( 'NONE',  ( 0.8343594835823753275, 0.5512206927866114547, -4.723222202963164528E-17 ) ) ;
#2214 = PRESENTATION_LAYER_ASSIGNMENT (  '', '', ( #3066 ) ) ;
#2215 = SURFACE_STYLE_FILL_AREA ( #2806 ) ;
#2216 = MECHANICAL_DESIGN_GEOMETRIC_PRESENTATION_REPRESENTATION (  '', ( #3390 ), #2681 ) ;
#2217 = CARTESIAN_POINT ( 'NONE',  ( 21.67281267413515167, 6.044765569636400215, -1.188285581044112860E-13 ) ) ;
#2218 = VERTEX_POINT ( 'NONE', #1431 ) ;
#2219 = MECHANICAL_DESIGN_GEOMETRIC_PRESENTATION_REPRESENTATION (  '', ( #2417 ), #3072 ) ;
#2220 = PLANE ( 'NONE',  #2320 ) ;
#2221 =( NAMED_UNIT ( * ) PLANE_ANGLE_UNIT ( ) SI_UNIT ( $, .RADIAN. ) );
#2222 = ORIENTED_EDGE ( 'NONE', *, *, #1880, .T. ) ;
#2223 =( LENGTH_UNIT ( ) NAMED_UNIT ( * ) SI_UNIT ( .MILLI., .METRE. ) );
#2224 = SURFACE_STYLE_USAGE ( .BOTH. , #2204 ) ;
#2225 = CARTESIAN_POINT ( 'NONE',  ( 12.00146392535969397, 5.503197818049001100, 4.999999999999880096 ) ) ;
#2226 = LINE ( 'NONE', #389, #1556 ) ;
#2227 = VERTEX_POINT ( 'NONE', #2372 ) ;
#2228 = DIRECTION ( 'NONE',  ( 3.223082373619878746E-17, 4.598590846719930620E-17, 1.000000000000000000 ) ) ;
#2229 =( NAMED_UNIT ( * ) PLANE_ANGLE_UNIT ( ) SI_UNIT ( $, .RADIAN. ) );
#2230 = ORIENTED_EDGE ( 'NONE', *, *, #3193, .F. ) ;
#2231 = SURFACE_SIDE_STYLE ('',( #1956 ) ) ;
#2232 = CARTESIAN_POINT ( 'NONE',  ( 18.14557382332835545, -3.920980064180012103, -1.179611963664228824E-13 ) ) ;
#2233 = CARTESIAN_POINT ( 'NONE',  ( 37.98137637465533345, 32.20741880427053871, 2.602085213965210642E-15 ) ) ;
#2234 = SURFACE_STYLE_FILL_AREA ( #3136 ) ;
#2235 = SURFACE_STYLE_USAGE ( .BOTH. , #414 ) ;
#2236 = ORIENTED_EDGE ( 'NONE', *, *, #349, .T. ) ;
#2237 = ADVANCED_FACE ( 'NONE', ( #2662 ), #3910, .T. ) ;
#2238 = CARTESIAN_POINT ( 'NONE',  ( 21.67281267413515167, 6.044765569636400215, -1.188285581044112860E-13 ) ) ;
#2239 = ORIENTED_EDGE ( 'NONE', *, *, #1992, .T. ) ;
#2240 = DIRECTION ( 'NONE',  ( 3.223082373619878746E-17, 4.598590846719930620E-17, 1.000000000000000000 ) ) ;
#2241 = CARTESIAN_POINT ( 'NONE',  ( 26.12827170176150915, -5.634227745420464117, -1.188285581044112860E-13 ) ) ;
#2242 =( GEOMETRIC_REPRESENTATION_CONTEXT ( 3 ) GLOBAL_UNCERTAINTY_ASSIGNED_CONTEXT ( ( #2651 ) ) GLOBAL_UNIT_ASSIGNED_CONTEXT ( ( #1925, #2452, #3738 ) ) REPRESENTATION_CONTEXT ( 'NONE', 'WORKASPACE' ) );
#2243 = EDGE_CURVE ( 'NONE', #2864, #654, #2257, .T. ) ;
#2244 = AXIS2_PLACEMENT_3D ( 'NONE', #3388, #339, #2772 ) ;
#2245 = CARTESIAN_POINT ( 'NONE',  ( 28.69089059545283504, -0.6316754388885156279, 5.000000000000002665 ) ) ;
#2246 = CARTESIAN_POINT ( 'NONE',  ( 25.56640389503061428, 15.87316560998566750, -1.196959198423996895E-13 ) ) ;
#2247 = ORIENTED_EDGE ( 'NONE', *, *, #2775, .T. ) ;
#2248 =( LENGTH_UNIT ( ) NAMED_UNIT ( * ) SI_UNIT ( .MILLI., .METRE. ) );
#2249 = ORIENTED_EDGE ( 'NONE', *, *, #3659, .F. ) ;
#2250 = AXIS2_PLACEMENT_3D ( 'NONE', #3197, #459, #1977 ) ;
#2251 = DIRECTION ( 'NONE',  ( -0.9248193161744251434, 0.3804066671743131511, 3.943812714089797213E-17 ) ) ;
#2252 = VECTOR ( 'NONE', #2535, 1000.000000000000000 ) ;
#2253 = EDGE_CURVE ( 'NONE', #1928, #2848, #2680, .T. ) ;
#2254 = VERTEX_POINT ( 'NONE', #3861 ) ;
#2255 = SURFACE_STYLE_FILL_AREA ( #2172 ) ;
#2256 =( NAMED_UNIT ( * ) SI_UNIT ( $, .STERADIAN. ) SOLID_ANGLE_UNIT ( ) );
#2257 = CIRCLE ( 'NONE', #546, 9.686500000000004107 ) ;
#2258 = CIRCLE ( 'NONE', #2582, 9.686500000000002331 ) ;
#2259 = CYLINDRICAL_SURFACE ( 'NONE', #437, 12.50000000000000533 ) ;
#2260 = EDGE_LOOP ( 'NONE', ( #3630, #2105, #1196, #2610 ) ) ;
#2261 = STYLED_ITEM ( 'NONE', ( #2666 ), #2638 ) ;
#2262 = EDGE_LOOP ( 'NONE', ( #705, #673, #764, #3685, #1634, #2916, #3806, #2768, #3669, #361, #2496, #2835, #3113, #3677, #2106, #50, #860, #1416, #306, #2109, #2101, #2359, #3438, #3735, #1873, #2036, #3232, #1876, #1615, #2854, #1397, #1949, #1588, #3781, #3349, #2584, #3256, #907, #1882, #170, #2972, #1158, #2212, #1455, #1785, #2200, #3719, #3025, #115, #3081, #2759, #1234, #3791, #3164, #533, #3356, #418, #593, #2987, #404, #962, #2047, #3324, #3461, #3819, #182, #1907, #1293 ) ) ;
#2263 =( LENGTH_UNIT ( ) NAMED_UNIT ( * ) SI_UNIT ( .MILLI., .METRE. ) );
#2264 = VECTOR ( 'NONE', #1353, 1000.000000000000000 ) ;
#2265 = MECHANICAL_DESIGN_GEOMETRIC_PRESENTATION_REPRESENTATION (  '', ( #1875 ), #2983 ) ;
#2266 = CARTESIAN_POINT ( 'NONE',  ( 58.16660029668184961, 13.44353415481432812, 5.000000000000000888 ) ) ;
#2267 = PRESENTATION_STYLE_ASSIGNMENT (( #1070 ) ) ;
#2268 =( NAMED_UNIT ( * ) SI_UNIT ( $, .STERADIAN. ) SOLID_ANGLE_UNIT ( ) );
#2269 = ORIENTED_EDGE ( 'NONE', *, *, #3796, .F. ) ;
#2270 = VECTOR ( 'NONE', #3293, 1000.000000000000000 ) ;
#2271 = FILL_AREA_STYLE ('',( #3822 ) ) ;
#2272 = PRESENTATION_LAYER_ASSIGNMENT (  '', '', ( #3773 ) ) ;
#2273 = LINE ( 'NONE', #3555, #2003 ) ;
#2274 = DIRECTION ( 'NONE',  ( 3.223082373619878746E-17, 4.598590846719930620E-17, 1.000000000000000000 ) ) ;
#2275 = ORIENTED_EDGE ( 'NONE', *, *, #2953, .T. ) ;
#2276 = DIRECTION ( 'NONE',  ( 0.6353906706864890230, -0.7721908414404909937, 0.000000000000000000 ) ) ;
#2277 = DIRECTION ( 'NONE',  ( 3.223082373619878746E-17, 4.598590846719930620E-17, 1.000000000000000000 ) ) ;
#2278 = AXIS2_PLACEMENT_3D ( 'NONE', #1415, #532, #2298 ) ;
#2279 = ORIENTED_EDGE ( 'NONE', *, *, #900, .F. ) ;
#2280 = UNCERTAINTY_MEASURE_WITH_UNIT (LENGTH_MEASURE( 1.000000000000000082E-05 ), #1484, 'distance_accuracy_value', 'NONE');
#2281 = FILL_AREA_STYLE_COLOUR ( '', #28 ) ;
#2282 = ORIENTED_EDGE ( 'NONE', *, *, #1301, .F. ) ;
#2283 = AXIS2_PLACEMENT_3D ( 'NONE', #2923, #1644, #2636 ) ;
#2284 = FILL_AREA_STYLE_COLOUR ( '', #1263 ) ;
#2285 = ORIENTED_EDGE ( 'NONE', *, *, #1821, .F. ) ;
#2286 = DIRECTION ( 'NONE',  ( 3.223082373619878746E-17, 4.598590846719930620E-17, 1.000000000000000000 ) ) ;
#2287 =( LENGTH_UNIT ( ) NAMED_UNIT ( * ) SI_UNIT ( .MILLI., .METRE. ) );
#2288 = EDGE_CURVE ( 'NONE', #3490, #2031, #2774, .T. ) ;
#2289 = ADVANCED_FACE ( 'NONE', ( #3927 ), #2369, .T. ) ;
#2290 =( NAMED_UNIT ( * ) SI_UNIT ( $, .STERADIAN. ) SOLID_ANGLE_UNIT ( ) );
#2291 = SURFACE_SIDE_STYLE ('',( #1047 ) ) ;
#2292 = AXIS2_PLACEMENT_3D ( 'NONE', #846, #3875, #2297 ) ;
#2293 = SURFACE_SIDE_STYLE ('',( #1370 ) ) ;
#2294 = ORIENTED_EDGE ( 'NONE', *, *, #2176, .F. ) ;
#2295 = FILL_AREA_STYLE ('',( #1374 ) ) ;
#2296 = EDGE_CURVE ( 'NONE', #1609, #2801, #2060, .T. ) ;
#2297 = DIRECTION ( 'NONE',  ( -0.8707939595268988642, -0.4916481262564372789, 8.954335807447514361E-17 ) ) ;
#2298 = DIRECTION ( 'NONE',  ( 0.6353906706864889120, -0.7721908414404912158, 1.503073264317127626E-17 ) ) ;
#2299 = EDGE_LOOP ( 'NONE', ( #2745, #1976, #2919, #461 ) ) ;
#2300 = DIRECTION ( 'NONE',  ( 3.223082373619878746E-17, 4.598590846719930620E-17, 1.000000000000000000 ) ) ;
#2301 = ORIENTED_EDGE ( 'NONE', *, *, #2489, .T. ) ;
#2302 = EDGE_CURVE ( 'NONE', #3970, #1979, #268, .T. ) ;
#2303 = SURFACE_STYLE_FILL_AREA ( #3860 ) ;
#2304 = FILL_AREA_STYLE ('',( #2025 ) ) ;
#2305 = EDGE_CURVE ( 'NONE', #2568, #474, #355, .T. ) ;
#2306 = DIRECTION ( 'NONE',  ( -0.8343594835823753275, -0.5512206927866114547, 4.723222202963164528E-17 ) ) ;
#2307 = DIRECTION ( 'NONE',  ( 3.223082373619878746E-17, 4.598590846719930620E-17, 1.000000000000000000 ) ) ;
#2308 = CYLINDRICAL_SURFACE ( 'NONE', #1298, 4.499999999999999112 ) ;
#2309 =( NAMED_UNIT ( * ) PLANE_ANGLE_UNIT ( ) SI_UNIT ( $, .RADIAN. ) );
#2310 = ADVANCED_FACE ( 'NONE', ( #643 ), #55, .T. ) ;
#2311 = CARTESIAN_POINT ( 'NONE',  ( 17.80906462234678855, -5.588444112275666065, 4.999999999999880984 ) ) ;
#2312 = MECHANICAL_DESIGN_GEOMETRIC_PRESENTATION_REPRESENTATION (  '', ( #3617 ), #162 ) ;
#2313 = DIRECTION ( 'NONE',  ( 0.6353906706864889120, -0.7721908414404911047, 1.503073264317007448E-17 ) ) ;
#2314 = ORIENTED_EDGE ( 'NONE', *, *, #63, .F. ) ;
#2315 = CIRCLE ( 'NONE', #3751, 9.686500000000002331 ) ;
#2316 = DIRECTION ( 'NONE',  ( 3.223082373619878746E-17, 4.598590846719930620E-17, 1.000000000000000000 ) ) ;
#2317 = CARTESIAN_POINT ( 'NONE',  ( 97.05394258709371513, -2.319284462422221527, 4.999999999999999112 ) ) ;
#2318 = CARTESIAN_POINT ( 'NONE',  ( 20.71194973510426962, 15.68349083091431417, -1.188285581044112860E-13 ) ) ;
#2319 = AXIS2_PLACEMENT_3D ( 'NONE', #2373, #3620, #3964 ) ;
#2320 = AXIS2_PLACEMENT_3D ( 'NONE', #1326, #2939, #1084 ) ;
#2321 =( NAMED_UNIT ( * ) SI_UNIT ( $, .STERADIAN. ) SOLID_ANGLE_UNIT ( ) );
#2322 = ORIENTED_EDGE ( 'NONE', *, *, #1864, .F. ) ;
#2323 = COLOUR_RGB ( '',0.7921568627450980005, 0.8196078431372548767, 0.9333333333333333481 ) ;
#2324 = UNCERTAINTY_MEASURE_WITH_UNIT (LENGTH_MEASURE( 1.000000000000000082E-05 ), #3536, 'distance_accuracy_value', 'NONE');
#2325 = CIRCLE ( 'NONE', #1362, 4.500000000000000000 ) ;
#2326 =( NAMED_UNIT ( * ) SI_UNIT ( $, .STERADIAN. ) SOLID_ANGLE_UNIT ( ) );
#2327 = ADVANCED_FACE ( 'NONE', ( #1265 ), #2308, .T. ) ;
#2328 =( NAMED_UNIT ( * ) PLANE_ANGLE_UNIT ( ) SI_UNIT ( $, .RADIAN. ) );
#2329 = AXIS2_PLACEMENT_3D ( 'NONE', #3201, #812, #1659 ) ;
#2330 = DIRECTION ( 'NONE',  ( -0.6353906706864889120, 0.7721908414404912158, 0.000000000000000000 ) ) ;
#2331 = DIRECTION ( 'NONE',  ( -3.223082373619878746E-17, -4.598590846719930620E-17, -1.000000000000000000 ) ) ;
#2332 = DIRECTION ( 'NONE',  ( 0.8611767468245454804, -0.5083056272841104395, -4.381539882963414996E-18 ) ) ;
#2333 = FACE_OUTER_BOUND ( 'NONE', #125, .T. ) ;
#2334 = AXIS2_PLACEMENT_3D ( 'NONE', #1436, #2629, #1079 ) ;
#2335 = SURFACE_STYLE_FILL_AREA ( #2640 ) ;
#2336 = ADVANCED_FACE ( 'NONE', ( #2333 ), #1405, .T. ) ;
#2337 =( NAMED_UNIT ( * ) SI_UNIT ( $, .STERADIAN. ) SOLID_ANGLE_UNIT ( ) );
#2338 = DIRECTION ( 'NONE',  ( -0.3510415499139109552, -0.9363598828623742598, 0.000000000000000000 ) ) ;
#2339 =( NAMED_UNIT ( * ) PLANE_ANGLE_UNIT ( ) SI_UNIT ( $, .RADIAN. ) );
#2340 = ORIENTED_EDGE ( 'NONE', *, *, #713, .F. ) ;
#2341 =( GEOMETRIC_REPRESENTATION_CONTEXT ( 3 ) GLOBAL_UNCERTAINTY_ASSIGNED_CONTEXT ( ( #139 ) ) GLOBAL_UNIT_ASSIGNED_CONTEXT ( ( #3853, #2886, #1053 ) ) REPRESENTATION_CONTEXT ( 'NONE', 'WORKASPACE' ) );
#2342 = CARTESIAN_POINT ( 'NONE',  ( 11.24597051076659326, 7.787884168232445781, -1.188285581044112860E-13 ) ) ;
#2343 = LINE ( 'NONE', #2318, #2462 ) ;
#2344 = COLOUR_RGB ( '',0.7764705882352941346, 0.7568627450980391913, 0.7372549019607843590 ) ;
#2345 = SURFACE_STYLE_USAGE ( .BOTH. , #3900 ) ;
#2346 = STYLED_ITEM ( 'NONE', ( #641 ), #3737 ) ;
#2347 = ORIENTED_EDGE ( 'NONE', *, *, #1794, .F. ) ;
#2348 = FILL_AREA_STYLE_COLOUR ( '', #2061 ) ;
#2349 = EDGE_LOOP ( 'NONE', ( #2448, #1550, #822, #3610 ) ) ;
#2350 = DIRECTION ( 'NONE',  ( -0.6353906706864889120, 0.7721908414404912158, 0.000000000000000000 ) ) ;
#2351 = CARTESIAN_POINT ( 'NONE',  ( 21.67281267413515167, 6.044765569636400215, -1.188285581044112860E-13 ) ) ;
#2352 = CIRCLE ( 'NONE', #3127, 4.500000000000000000 ) ;
#2353 = SURFACE_STYLE_FILL_AREA ( #2062 ) ;
#2354 =( NAMED_UNIT ( * ) PLANE_ANGLE_UNIT ( ) SI_UNIT ( $, .RADIAN. ) );
#2355 = CYLINDRICAL_SURFACE ( 'NONE', #2670, 9.686500000000002331 ) ;
#2356 = SURFACE_SIDE_STYLE ('',( #511 ) ) ;
#2357 =( NAMED_UNIT ( * ) SI_UNIT ( $, .STERADIAN. ) SOLID_ANGLE_UNIT ( ) );
#2358 = CARTESIAN_POINT ( 'NONE',  ( 12.34737340602445599, 3.424753221043534523, -1.179611963664228824E-13 ) ) ;
#2359 = ORIENTED_EDGE ( 'NONE', *, *, #3502, .T. ) ;
#2360 = EDGE_CURVE ( 'NONE', #3638, #2160, #3898, .T. ) ;
#2361 = SURFACE_SIDE_STYLE ('',( #797 ) ) ;
#2362 = VECTOR ( 'NONE', #1994, 1000.000000000000000 ) ;
#2363 =( LENGTH_UNIT ( ) NAMED_UNIT ( * ) SI_UNIT ( .MILLI., .METRE. ) );
#2364 = CARTESIAN_POINT ( 'NONE',  ( 25.87236668286821484, -2.684038952045481263, -1.188285581044112860E-13 ) ) ;
#2365 = UNCERTAINTY_MEASURE_WITH_UNIT (LENGTH_MEASURE( 1.000000000000000082E-05 ), #2984, 'distance_accuracy_value', 'NONE');
#2366 =( NAMED_UNIT ( * ) PLANE_ANGLE_UNIT ( ) SI_UNIT ( $, .RADIAN. ) );
#2367 = DIRECTION ( 'NONE',  ( 0.6353906706864889120, -0.7721908414404912158, 1.503073264317127626E-17 ) ) ;
#2368 = ORIENTED_EDGE ( 'NONE', *, *, #3866, .F. ) ;
#2369 = CYLINDRICAL_SURFACE ( 'NONE', #484, 9.686500000000002331 ) ;
#2370 = SURFACE_SIDE_STYLE ('',( #1748 ) ) ;
#2371 = PRESENTATION_STYLE_ASSIGNMENT (( #1839 ) ) ;
#2372 = CARTESIAN_POINT ( 'NONE',  ( 29.37140164121511177, -3.803164563947750043, 4.999999999999880096 ) ) ;
#2373 = CARTESIAN_POINT ( 'NONE',  ( 21.67281267413515167, 6.044765569636400215, -1.188285581044112860E-13 ) ) ;
#2374 = DIRECTION ( 'NONE',  ( 0.9719232228336938118, -0.2352982127355960906, -4.358957873141146526E-17 ) ) ;
#2375 = VERTEX_POINT ( 'NONE', #27 ) ;
#2376 = SURFACE_STYLE_USAGE ( .BOTH. , #2093 ) ;
#2377 =( NAMED_UNIT ( * ) SI_UNIT ( $, .STERADIAN. ) SOLID_ANGLE_UNIT ( ) );
#2378 = DIRECTION ( 'NONE',  ( 3.223082373619878746E-17, 4.598590846719930620E-17, 1.000000000000000000 ) ) ;
#2379 = ORIENTED_EDGE ( 'NONE', *, *, #2856, .T. ) ;
#2380 = VECTOR ( 'NONE', #401, 1000.000000000000000 ) ;
#2381 = DIRECTION ( 'NONE',  ( 3.223082373619878746E-17, 4.598590846719930620E-17, 1.000000000000000000 ) ) ;
#2382 = PRESENTATION_STYLE_ASSIGNMENT (( #3923 ) ) ;
#2383 = DIRECTION ( 'NONE',  ( -3.223082373619878746E-17, -4.598590846719930620E-17, -1.000000000000000000 ) ) ;
#2384 = STYLED_ITEM ( 'NONE', ( #1468 ), #2063 ) ;
#2385 = ORIENTED_EDGE ( 'NONE', *, *, #1420, .F. ) ;
#2386 = DIRECTION ( 'NONE',  ( 3.223082373619878746E-17, 4.598590846719930620E-17, 1.000000000000000000 ) ) ;
#2387 = PRESENTATION_LAYER_ASSIGNMENT (  '', '', ( #238 ) ) ;
#2388 = PRESENTATION_STYLE_ASSIGNMENT (( #1706 ) ) ;
#2389 =( NAMED_UNIT ( * ) SI_UNIT ( $, .STERADIAN. ) SOLID_ANGLE_UNIT ( ) );
#2390 = DIRECTION ( 'NONE',  ( 0.6353906706864889120, -0.7721908414404911047, 1.503073264317007448E-17 ) ) ;
#2391 = COLOUR_RGB ( '',0.7764705882352941346, 0.7568627450980391913, 0.7372549019607843590 ) ;
#2392 = VECTOR ( 'NONE', #3149, 1000.000000000000000 ) ;
#2393 = ORIENTED_EDGE ( 'NONE', *, *, #1864, .T. ) ;
#2394 =( LENGTH_UNIT ( ) NAMED_UNIT ( * ) SI_UNIT ( .MILLI., .METRE. ) );
#2395 = MECHANICAL_DESIGN_GEOMETRIC_PRESENTATION_REPRESENTATION (  '', ( #864 ), #1945 ) ;
#2396 = ORIENTED_EDGE ( 'NONE', *, *, #1756, .T. ) ;
#2397 = PRESENTATION_STYLE_ASSIGNMENT (( #3670 ) ) ;
#2398 = AXIS2_PLACEMENT_3D ( 'NONE', #2542, #3082, #944 ) ;
#2399 = SURFACE_STYLE_FILL_AREA ( #3951 ) ;
#2400 = ORIENTED_EDGE ( 'NONE', *, *, #1076, .F. ) ;
#2401 = CARTESIAN_POINT ( 'NONE',  ( 17.47325866540214179, 14.77357009131831056, -1.188285581044112860E-13 ) ) ;
#2402 = UNCERTAINTY_MEASURE_WITH_UNIT (LENGTH_MEASURE( 1.000000000000000082E-05 ), #384, 'distance_accuracy_value', 'NONE');
#2403 =( GEOMETRIC_REPRESENTATION_CONTEXT ( 3 ) GLOBAL_UNCERTAINTY_ASSIGNED_CONTEXT ( ( #409 ) ) GLOBAL_UNIT_ASSIGNED_CONTEXT ( ( #473, #2583, #3279 ) ) REPRESENTATION_CONTEXT ( 'NONE', 'WORKASPACE' ) );
#2404 = ORIENTED_EDGE ( 'NONE', *, *, #2887, .T. ) ;
#2405 = FACE_OUTER_BOUND ( 'NONE', #557, .T. ) ;
#2406 = SURFACE_STYLE_FILL_AREA ( #2696 ) ;
#2407 = COLOUR_RGB ( '',0.7764705882352941346, 0.7568627450980391913, 0.7372549019607843590 ) ;
#2408 = CARTESIAN_POINT ( 'NONE',  ( 25.76684524100826934, 17.85530735828362481, 4.999999999999879208 ) ) ;
#2409 = PRESENTATION_STYLE_ASSIGNMENT (( #3306 ) ) ;
#2410 = PRESENTATION_LAYER_ASSIGNMENT (  '', '', ( #3126 ) ) ;
#2411 = DIRECTION ( 'NONE',  ( 3.223082373619878746E-17, 4.598590846719930620E-17, 1.000000000000000000 ) ) ;
#2412 = COLOUR_RGB ( '',0.7921568627450980005, 0.8196078431372548767, 0.9333333333333333481 ) ;
#2413 = CARTESIAN_POINT ( 'NONE',  ( 11.07031495555671796, 12.66572034425457538, -1.188285581044112860E-13 ) ) ;
#2414 = STYLED_ITEM ( 'NONE', ( #1593 ), #1346 ) ;
#2415 = ORIENTED_EDGE ( 'NONE', *, *, #3613, .T. ) ;
#2416 =( NAMED_UNIT ( * ) PLANE_ANGLE_UNIT ( ) SI_UNIT ( $, .RADIAN. ) );
#2417 = STYLED_ITEM ( 'NONE', ( #1521 ), #148 ) ;
#2418 = ORIENTED_EDGE ( 'NONE', *, *, #2533, .T. ) ;
#2419 = AXIS2_PLACEMENT_3D ( 'NONE', #3299, #3570, #868 ) ;
#2420 =( LENGTH_UNIT ( ) NAMED_UNIT ( * ) SI_UNIT ( .MILLI., .METRE. ) );
#2421 = VERTEX_POINT ( 'NONE', #3398 ) ;
#2422 = LINE ( 'NONE', #2110, #3636 ) ;
#2423 = EDGE_CURVE ( 'NONE', #1185, #2650, #3238, .T. ) ;
#2424 = AXIS2_PLACEMENT_3D ( 'NONE', #862, #2378, #2078 ) ;
#2425 =( NAMED_UNIT ( * ) SI_UNIT ( $, .STERADIAN. ) SOLID_ANGLE_UNIT ( ) );
#2426 = EDGE_LOOP ( 'NONE', ( #1064, #2279, #903, #1269 ) ) ;
#2427 = FILL_AREA_STYLE_COLOUR ( '', #3439 ) ;
#2428 = LINE ( 'NONE', #1389, #2252 ) ;
#2429 = EDGE_CURVE ( 'NONE', #3073, #246, #3338, .T. ) ;
#2430 = ORIENTED_EDGE ( 'NONE', *, *, #100, .T. ) ;
#2431 = EDGE_CURVE ( 'NONE', #1327, #2601, #788, .T. ) ;
#2432 = ORIENTED_EDGE ( 'NONE', *, *, #1187, .T. ) ;
#2433 = CYLINDRICAL_SURFACE ( 'NONE', #3640, 1.499999999999931388 ) ;
#2434 = VERTEX_POINT ( 'NONE', #3631 ) ;
#2435 = EDGE_CURVE ( 'NONE', #1766, #209, #105, .T. ) ;
#2436 = SURFACE_SIDE_STYLE ('',( #2075 ) ) ;
#2437 = EDGE_LOOP ( 'NONE', ( #897, #491 ) ) ;
#2438 = CARTESIAN_POINT ( 'NONE',  ( 18.33790282369988134, 16.07650899927222810, -1.188285581044112860E-13 ) ) ;
#2439 = CARTESIAN_POINT ( 'NONE',  ( 21.67281267413515167, 6.044765569636400215, 4.999999999999880096 ) ) ;
#2440 =( LENGTH_UNIT ( ) NAMED_UNIT ( * ) SI_UNIT ( .MILLI., .METRE. ) );
#2441 = VECTOR ( 'NONE', #1364, 1000.000000000000000 ) ;
#2442 = DIRECTION ( 'NONE',  ( 3.223082373619878746E-17, 4.598590846719930620E-17, 1.000000000000000000 ) ) ;
#2443 = CARTESIAN_POINT ( 'NONE',  ( 21.67281267413515167, 6.044765569636400215, 4.999999999999880096 ) ) ;
#2444 = ORIENTED_EDGE ( 'NONE', *, *, #1525, .T. ) ;
#2445 = SURFACE_STYLE_FILL_AREA ( #3140 ) ;
#2446 = MECHANICAL_DESIGN_GEOMETRIC_PRESENTATION_REPRESENTATION (  '', ( #1930 ), #964 ) ;
#2447 = DIRECTION ( 'NONE',  ( 3.223082373619878746E-17, 4.598590846719930620E-17, 1.000000000000000000 ) ) ;
#2448 = ORIENTED_EDGE ( 'NONE', *, *, #1538, .F. ) ;
#2449 = VECTOR ( 'NONE', #663, 1000.000000000000000 ) ;
#2450 = VECTOR ( 'NONE', #1603, 1000.000000000000000 ) ;
#2451 = DIRECTION ( 'NONE',  ( 1.000000000000000000, 0.000000000000000000, 0.000000000000000000 ) ) ;
#2452 =( NAMED_UNIT ( * ) PLANE_ANGLE_UNIT ( ) SI_UNIT ( $, .RADIAN. ) );
#2453 = VECTOR ( 'NONE', #2817, 1000.000000000000000 ) ;
#2454 = VERTEX_POINT ( 'NONE', #3034 ) ;
#2455 = CARTESIAN_POINT ( 'NONE',  ( 21.67281267413515167, 6.044765569636400215, 4.999999999999880096 ) ) ;
#2456 = VERTEX_POINT ( 'NONE', #1236 ) ;
#2457 = MECHANICAL_DESIGN_GEOMETRIC_PRESENTATION_REPRESENTATION (  '', ( #2002 ), #1753 ) ;
#2458 =( NAMED_UNIT ( * ) SI_UNIT ( $, .STERADIAN. ) SOLID_ANGLE_UNIT ( ) );
#2459 = DIRECTION ( 'NONE',  ( 4.800258967122366038E-17, 1.302709821111998600E-17, 1.000000000000000000 ) ) ;
#2460 = VERTEX_POINT ( 'NONE', #280 ) ;
#2461 = FILL_AREA_STYLE ('',( #3691 ) ) ;
#2462 = VECTOR ( 'NONE', #2277, 1000.000000000000000 ) ;
#2463 = DIRECTION ( 'NONE',  ( 3.223082373619878746E-17, 4.598590846719930620E-17, 1.000000000000000000 ) ) ;
#2464 = PRESENTATION_STYLE_ASSIGNMENT (( #3361 ) ) ;
#2465 =( NAMED_UNIT ( * ) SI_UNIT ( $, .STERADIAN. ) SOLID_ANGLE_UNIT ( ) );
#2466 = AXIS2_PLACEMENT_3D ( 'NONE', #3865, #2307, #789 ) ;
#2467 = VERTEX_POINT ( 'NONE', #1815 ) ;
#2468 = CARTESIAN_POINT ( 'NONE',  ( 92.16216096302427729, -2.451302734827786267, 7.084833304444826603E-17 ) ) ;
#2469 = CIRCLE ( 'NONE', #1254, 1.499999999999974465 ) ;
#2470 = DIRECTION ( 'NONE',  ( 3.223082373619878746E-17, 4.598590846719930620E-17, 1.000000000000000000 ) ) ;
#2471 = COLOUR_RGB ( '',0.7764705882352941346, 0.7568627450980391913, 0.7372549019607843590 ) ;
#2472 = DIRECTION ( 'NONE',  ( 3.223082373619878746E-17, 4.598590846719930620E-17, 1.000000000000000000 ) ) ;
#2473 = VERTEX_POINT ( 'NONE', #2080 ) ;
#2474 = CYLINDRICAL_SURFACE ( 'NONE', #2866, 4.500000000000000000 ) ;
#2475 = STYLED_ITEM ( 'NONE', ( #1536 ), #3807 ) ;
#2476 = COLOUR_RGB ( '',0.7921568627450980005, 0.8196078431372548767, 0.9333333333333333481 ) ;
#2477 =( LENGTH_UNIT ( ) NAMED_UNIT ( * ) SI_UNIT ( .MILLI., .METRE. ) );
#2478 = DIRECTION ( 'NONE',  ( -0.8343594835823753275, -0.5512206927866114547, 4.723222202963164528E-17 ) ) ;
#2479 = ORIENTED_EDGE ( 'NONE', *, *, #2533, .F. ) ;
#2480 = ORIENTED_EDGE ( 'NONE', *, *, #3224, .T. ) ;
#2481 = EDGE_CURVE ( 'NONE', #2013, #3122, #584, .T. ) ;
#2482 = EDGE_CURVE ( 'NONE', #957, #1955, #2325, .T. ) ;
#2483 = DIRECTION ( 'NONE',  ( 3.223082373619878746E-17, 4.598590846719930620E-17, 1.000000000000000000 ) ) ;
#2484 = VERTEX_POINT ( 'NONE', #3936 ) ;
#2485 = CARTESIAN_POINT ( 'NONE',  ( 16.21322321805667599, -1.956557147332139701, -1.179611963664228824E-13 ) ) ;
#2486 = COLOUR_RGB ( '',0.7921568627450980005, 0.8196078431372548767, 0.9333333333333333481 ) ;
#2487 = SURFACE_STYLE_FILL_AREA ( #2766 ) ;
#2488 = SURFACE_STYLE_USAGE ( .BOTH. , #3120 ) ;
#2489 = EDGE_CURVE ( 'NONE', #1903, #3768, #1807, .T. ) ;
#2490 = ORIENTED_EDGE ( 'NONE', *, *, #2305, .T. ) ;
#2491 = LINE ( 'NONE', #609, #1704 ) ;
#2492 = EDGE_CURVE ( 'NONE', #599, #3384, #2975, .T. ) ;
#2493 = CARTESIAN_POINT ( 'NONE',  ( 10.75262084794725581, 12.12747964143520285, -1.188285581044112860E-13 ) ) ;
#2494 =( NAMED_UNIT ( * ) SI_UNIT ( $, .STERADIAN. ) SOLID_ANGLE_UNIT ( ) );
#2495 = DIRECTION ( 'NONE',  ( 3.223082373619878746E-17, 4.598590846719930620E-17, 1.000000000000000000 ) ) ;
#2496 = ORIENTED_EDGE ( 'NONE', *, *, #3327, .T. ) ;
#2497 = ORIENTED_EDGE ( 'NONE', *, *, #2968, .F. ) ;
#2498 = CARTESIAN_POINT ( 'NONE',  ( 25.53892944121436415, -5.842334208833915632, 2.499999999999881428 ) ) ;
#2499 = ORIENTED_EDGE ( 'NONE', *, *, #2887, .F. ) ;
#2500 = CYLINDRICAL_SURFACE ( 'NONE', #2014, 12.50000000000000533 ) ;
#2501 = CARTESIAN_POINT ( 'NONE',  ( 9.445223905119888741, 8.640160124584053136, 4.999999999999880096 ) ) ;
#2502 = FILL_AREA_STYLE ('',( #665 ) ) ;
#2503 = ORIENTED_EDGE ( 'NONE', *, *, #2900, .T. ) ;
#2504 = PRESENTATION_LAYER_ASSIGNMENT (  '', '', ( #655 ) ) ;
#2505 = DIRECTION ( 'NONE',  ( 3.223082373619878746E-17, 4.598590846719930620E-17, 1.000000000000000000 ) ) ;
#2506 = DIRECTION ( 'NONE',  ( 3.223082373619878746E-17, 4.598590846719930620E-17, 1.000000000000000000 ) ) ;
#2507 = DIRECTION ( 'NONE',  ( 0.6353906706864889120, -0.7721908414404912158, 1.503073264317127626E-17 ) ) ;
#2508 =( GEOMETRIC_REPRESENTATION_CONTEXT ( 3 ) GLOBAL_UNCERTAINTY_ASSIGNED_CONTEXT ( ( #2037 ) ) GLOBAL_UNIT_ASSIGNED_CONTEXT ( ( #1791, #3026, #2337 ) ) REPRESENTATION_CONTEXT ( 'NONE', 'WORKASPACE' ) );
#2509 = STYLED_ITEM ( 'NONE', ( #1702 ), #3907 ) ;
#2510 = CARTESIAN_POINT ( 'NONE',  ( 21.67281267413515167, 6.044765569636400215, -1.188285581044112860E-13 ) ) ;
#2511 = MECHANICAL_DESIGN_GEOMETRIC_PRESENTATION_REPRESENTATION (  '', ( #291 ), #2580 ) ;
#2512 = FILL_AREA_STYLE ('',( #1289 ) ) ;
#2513 = VERTEX_POINT ( 'NONE', #3317 ) ;
#2514 = COLOUR_RGB ( '',0.7764705882352941346, 0.7568627450980391913, 0.7372549019607843590 ) ;
#2515 = LINE ( 'NONE', #3766, #297 ) ;
#2516 = VECTOR ( 'NONE', #572, 1000.000000000000114 ) ;
#2517 = VERTEX_POINT ( 'NONE', #3077 ) ;
#2518 = AXIS2_PLACEMENT_3D ( 'NONE', #3012, #21, #2702 ) ;
#2519 = COLOUR_RGB ( '',0.7921568627450980005, 0.8196078431372548767, 0.9333333333333333481 ) ;
#2520 = UNCERTAINTY_MEASURE_WITH_UNIT (LENGTH_MEASURE( 1.000000000000000082E-05 ), #2248, 'distance_accuracy_value', 'NONE');
#2521 = CARTESIAN_POINT ( 'NONE',  ( 11.27860436219288509, 4.116571202742333568, -1.179611963664228824E-13 ) ) ;
#2522 = AXIS2_PLACEMENT_3D ( 'NONE', #1448, #1151, #1480 ) ;
#2523 = ORIENTED_EDGE ( 'NONE', *, *, #1936, .F. ) ;
#2524 = DIRECTION ( 'NONE',  ( 3.223082373619878746E-17, 4.598590846719930620E-17, 1.000000000000000000 ) ) ;
#2525 = DIRECTION ( 'NONE',  ( 0.6353906706864890230, -0.7721908414404909937, 0.000000000000000000 ) ) ;
#2526 = PRESENTATION_LAYER_ASSIGNMENT (  '', '', ( #2921 ) ) ;
#2527 =( LENGTH_UNIT ( ) NAMED_UNIT ( * ) SI_UNIT ( .MILLI., .METRE. ) );
#2528 =( GEOMETRIC_REPRESENTATION_CONTEXT ( 3 ) GLOBAL_UNCERTAINTY_ASSIGNED_CONTEXT ( ( #806 ) ) GLOBAL_UNIT_ASSIGNED_CONTEXT ( ( #199, #1095, #2012 ) ) REPRESENTATION_CONTEXT ( 'NONE', 'WORKASPACE' ) );
#2529 = COLOUR_RGB ( '',0.7764705882352941346, 0.7568627450980391913, 0.7372549019607843590 ) ;
#2530 = DIRECTION ( 'NONE',  ( 3.223082373619878746E-17, 4.598590846719930620E-17, 1.000000000000000000 ) ) ;
#2531 = ORIENTED_EDGE ( 'NONE', *, *, #3277, .F. ) ;
#2532 = VERTEX_POINT ( 'NONE', #2401 ) ;
#2533 = EDGE_CURVE ( 'NONE', #341, #46, #2422, .T. ) ;
#2534 = FACE_OUTER_BOUND ( 'NONE', #686, .T. ) ;
#2535 = DIRECTION ( 'NONE',  ( 3.223082373619878746E-17, 4.598590846719930620E-17, 1.000000000000000000 ) ) ;
#2536 = STYLED_ITEM ( 'NONE', ( #3424 ), #206 ) ;
#2537 = EDGE_CURVE ( 'NONE', #1996, #2165, #3824, .T. ) ;
#2538 = DIRECTION ( 'NONE',  ( -0.8343594835823753275, -0.5512206927866114547, 0.000000000000000000 ) ) ;
#2539 = EDGE_CURVE ( 'NONE', #1808, #2456, #3674, .T. ) ;
#2540 = ORIENTED_EDGE ( 'NONE', *, *, #830, .F. ) ;
#2541 = FILL_AREA_STYLE_COLOUR ( '', #35 ) ;
#2542 = CARTESIAN_POINT ( 'NONE',  ( 14.65252294504056430, -1.859222794989447314, -1.179611963664228824E-13 ) ) ;
#2543 = FILL_AREA_STYLE_COLOUR ( '', #2716 ) ;
#2544 = PRESENTATION_LAYER_ASSIGNMENT (  '', '', ( #3390 ) ) ;
#2545 = CARTESIAN_POINT ( 'NONE',  ( 59.41813952205539096, 14.27036519399423042, 1.663875142932360874E-15 ) ) ;
#2546 = ORIENTED_EDGE ( 'NONE', *, *, #2909, .T. ) ;
#2547 = STYLED_ITEM ( 'NONE', ( #3977 ), #196 ) ;
#2548 = PRESENTATION_LAYER_ASSIGNMENT (  '', '', ( #3598 ) ) ;
#2549 = SURFACE_STYLE_USAGE ( .BOTH. , #1600 ) ;
#2550 = EDGE_LOOP ( 'NONE', ( #2086, #366, #293, #71, #2936, #3247, #1657, #3852, #1724, #2285, #392, #1371, #336, #3903, #3596, #576, #1736, #2686, #616, #3475, #1473, #1479, #1987, #1772, #1004, #622, #3973, #1529, #2822, #402, #390, #2758, #3657, #3789, #3099, #912, #1742, #2587, #327, #3448, #1227, #597, #1341, #1380, #262, #287, #1466, #431, #1393, #315, #2187, #2894, #2818, #1527, #2097, #457, #77, #925, #3300, #2340, #2368, #775, #1884, #3748, #1024, #1251, #659, #2737 ) ) ;
#2551 = EDGE_CURVE ( 'NONE', #1280, #3478, #1613, .T. ) ;
#2552 = COLOUR_RGB ( '',0.7764705882352941346, 0.7568627450980391913, 0.7372549019607843590 ) ;
#2553 = ADVANCED_FACE ( 'NONE', ( #919 ), #623, .T. ) ;
#2554 = CARTESIAN_POINT ( 'NONE',  ( 30.03428467607116659, 15.33647079315916173, 2.499999999999880096 ) ) ;
#2555 = ORIENTED_EDGE ( 'NONE', *, *, #3757, .F. ) ;
#2556 = DIRECTION ( 'NONE',  ( -0.9864322206003931504, -0.1641690414218747451, 0.000000000000000000 ) ) ;
#2557 = ORIENTED_EDGE ( 'NONE', *, *, #2727, .F. ) ;
#2558 = ADVANCED_FACE ( 'NONE', ( #2191 ), #715, .F. ) ;
#2559 = DIRECTION ( 'NONE',  ( 3.223082373619878746E-17, 4.598590846719930620E-17, 1.000000000000000000 ) ) ;
#2560 = CARTESIAN_POINT ( 'NONE',  ( 21.37554452596508980, -4.522596049833964571, 4.999999999999880984 ) ) ;
#2561 = ORIENTED_EDGE ( 'NONE', *, *, #2296, .F. ) ;
#2562 = FILL_AREA_STYLE_COLOUR ( '', #363 ) ;
#2563 = UNCERTAINTY_MEASURE_WITH_UNIT (LENGTH_MEASURE( 1.000000000000000082E-05 ), #2603, 'distance_accuracy_value', 'NONE');
#2564 = DIRECTION ( 'NONE',  ( -0.8611767468245420387, 0.5083056272841161016, 0.000000000000000000 ) ) ;
#2565 = FACE_OUTER_BOUND ( 'NONE', #1570, .T. ) ;
#2566 = EDGE_LOOP ( 'NONE', ( #80, #3498, #1775, #1336 ) ) ;
#2567 =( NAMED_UNIT ( * ) PLANE_ANGLE_UNIT ( ) SI_UNIT ( $, .RADIAN. ) );
#2568 = VERTEX_POINT ( 'NONE', #1294 ) ;
#2569 = VECTOR ( 'NONE', #462, 1000.000000000000000 ) ;
#2570 = CARTESIAN_POINT ( 'NONE',  ( 21.67281267413515167, 6.044765569636400215, 4.999999999999880096 ) ) ;
#2571 = ORIENTED_EDGE ( 'NONE', *, *, #3779, .F. ) ;
#2572 = PRESENTATION_LAYER_ASSIGNMENT (  '', '', ( #2509 ) ) ;
#2573 = CARTESIAN_POINT ( 'NONE',  ( 28.23766117718584923, -2.241383359785804164, -1.188285581044112860E-13 ) ) ;
#2574 = SURFACE_STYLE_FILL_AREA ( #2885 ) ;
#2575 = AXIS2_PLACEMENT_3D ( 'NONE', #132, #2228, #448 ) ;
#2576 = VERTEX_POINT ( 'NONE', #1629 ) ;
#2577 = FILL_AREA_STYLE ('',( #1435 ) ) ;
#2578 = DIRECTION ( 'NONE',  ( 0.3329671022960502547, -0.9429384437960791621, 0.000000000000000000 ) ) ;
#2579 = DIRECTION ( 'NONE',  ( -4.800258967122366038E-17, -1.302709821111998600E-17, -1.000000000000000000 ) ) ;
#2580 =( GEOMETRIC_REPRESENTATION_CONTEXT ( 3 ) GLOBAL_UNCERTAINTY_ASSIGNED_CONTEXT ( ( #849 ) ) GLOBAL_UNIT_ASSIGNED_CONTEXT ( ( #1241, #1555, #1009 ) ) REPRESENTATION_CONTEXT ( 'NONE', 'WORKASPACE' ) );
#2581 = MECHANICAL_DESIGN_GEOMETRIC_PRESENTATION_REPRESENTATION (  '', ( #1998 ), #3494 ) ;
#2582 = AXIS2_PLACEMENT_3D ( 'NONE', #429, #2884, #3207 ) ;
#2583 =( NAMED_UNIT ( * ) PLANE_ANGLE_UNIT ( ) SI_UNIT ( $, .RADIAN. ) );
#2584 = ORIENTED_EDGE ( 'NONE', *, *, #1427, .T. ) ;
#2585 = VECTOR ( 'NONE', #3372, 1000.000000000000000 ) ;
#2586 = FILL_AREA_STYLE ('',( #2281 ) ) ;
#2587 = ORIENTED_EDGE ( 'NONE', *, *, #603, .F. ) ;
#2588 = ADVANCED_FACE ( 'NONE', ( #740 ), #1551, .T. ) ;
#2589 = DIRECTION ( 'NONE',  ( 3.223082373619878746E-17, 4.598590846719930620E-17, 1.000000000000000000 ) ) ;
#2590 = PRESENTATION_LAYER_ASSIGNMENT (  '', '', ( #2010 ) ) ;
#2591 = PRESENTATION_LAYER_ASSIGNMENT (  '', '', ( #3056 ) ) ;
#2592 = CARTESIAN_POINT ( 'NONE',  ( 13.78623728648042324, -3.653271791337152408, -1.179611963664228824E-13 ) ) ;
#2593 = FILL_AREA_STYLE ('',( #1365 ) ) ;
#2594 =( NAMED_UNIT ( * ) PLANE_ANGLE_UNIT ( ) SI_UNIT ( $, .RADIAN. ) );
#2595 = EDGE_LOOP ( 'NONE', ( #2571, #3948, #1576, #521 ) ) ;
#2596 = EDGE_CURVE ( 'NONE', #3244, #2165, #3871, .T. ) ;
#2597 = CIRCLE ( 'NONE', #2988, 1.500000000000000444 ) ;
#2598 = CARTESIAN_POINT ( 'NONE',  ( 13.80586320728514593, 0.3932712242416857018, -1.179611963664228824E-13 ) ) ;
#2599 = CARTESIAN_POINT ( 'NONE',  ( 58.16660029668184961, 13.44353415481432812, 1.734723475976807094E-15 ) ) ;
#2600 = CIRCLE ( 'NONE', #3450, 4.500000000000000000 ) ;
#2601 = VERTEX_POINT ( 'NONE', #2048 ) ;
#2602 = LINE ( 'NONE', #3604, #1253 ) ;
#2603 =( LENGTH_UNIT ( ) NAMED_UNIT ( * ) SI_UNIT ( .MILLI., .METRE. ) );
#2604 = VECTOR ( 'NONE', #2505, 1000.000000000000000 ) ;
#2605 = SURFACE_STYLE_FILL_AREA ( #179 ) ;
#2606 = ADVANCED_FACE ( 'NONE', ( #776 ), #1078, .T. ) ;
#2607 = DIRECTION ( 'NONE',  ( -3.223082373619878746E-17, -4.598590846719930620E-17, -1.000000000000000000 ) ) ;
#2608 = COLOUR_RGB ( '',0.7764705882352941346, 0.7568627450980391913, 0.7372549019607843590 ) ;
#2609 = CARTESIAN_POINT ( 'NONE',  ( 12.76994470188231112, 2.228062264605387366, -1.179611963664228824E-13 ) ) ;
#2610 = ORIENTED_EDGE ( 'NONE', *, *, #1821, .T. ) ;
#2611 = UNCERTAINTY_MEASURE_WITH_UNIT (LENGTH_MEASURE( 1.000000000000000082E-05 ), #1679, 'distance_accuracy_value', 'NONE');
#2612 = CARTESIAN_POINT ( 'NONE',  ( 30.78069221005402767, 11.41170420425500964, -1.196959198423996895E-13 ) ) ;
#2613 = CARTESIAN_POINT ( 'NONE',  ( 10.75262084794725759, 12.12747964143520285, 2.499999999999881428 ) ) ;
#2614 = EDGE_LOOP ( 'NONE', ( #637, #669, #583, #4 ) ) ;
#2615 = STYLED_ITEM ( 'NONE', ( #2267 ), #70 ) ;
#2616 = CYLINDRICAL_SURFACE ( 'NONE', #598, 4.500000000000000000 ) ;
#2617 = EDGE_CURVE ( 'NONE', #1831, #2484, #3565, .T. ) ;
#2618 = PRESENTATION_LAYER_ASSIGNMENT (  '', '', ( #1514 ) ) ;
#2619 =( NAMED_UNIT ( * ) PLANE_ANGLE_UNIT ( ) SI_UNIT ( $, .RADIAN. ) );
#2620 = CYLINDRICAL_SURFACE ( 'NONE', #2870, 1.500000000000000444 ) ;
#2621 = DIRECTION ( 'NONE',  ( 3.223082373619878746E-17, 4.598590846719930620E-17, 1.000000000000000000 ) ) ;
#2622 = SURFACE_STYLE_FILL_AREA ( #3517 ) ;
#2623 = SURFACE_STYLE_USAGE ( .BOTH. , #2291 ) ;
#2624 = SURFACE_STYLE_USAGE ( .BOTH. , #1407 ) ;
#2625 = SURFACE_SIDE_STYLE ('',( #2574 ) ) ;
#2626 = CARTESIAN_POINT ( 'NONE',  ( 21.67281267413515167, 6.044765569636400215, -1.188285581044112860E-13 ) ) ;
#2627 = ORIENTED_EDGE ( 'NONE', *, *, #2056, .T. ) ;
#2628 = DIRECTION ( 'NONE',  ( 3.223082373619878746E-17, 4.598590846719930620E-17, 1.000000000000000000 ) ) ;
#2629 = DIRECTION ( 'NONE',  ( 3.223082373619878746E-17, 4.598590846719930620E-17, 1.000000000000000000 ) ) ;
#2630 = FILL_AREA_STYLE_COLOUR ( '', #1307 ) ;
#2631 =( LENGTH_UNIT ( ) NAMED_UNIT ( * ) SI_UNIT ( .MILLI., .METRE. ) );
#2632 = EDGE_LOOP ( 'NONE', ( #796, #2826, #3559, #2503 ) ) ;
#2633 =( LENGTH_UNIT ( ) NAMED_UNIT ( * ) SI_UNIT ( .MILLI., .METRE. ) );
#2634 = DIRECTION ( 'NONE',  ( 0.000000000000000000, 1.000000000000000000, -4.598590846719933701E-17 ) ) ;
#2635 = DIRECTION ( 'NONE',  ( 3.223082373619878746E-17, 4.598590846719930620E-17, 1.000000000000000000 ) ) ;
#2636 = DIRECTION ( 'NONE',  ( -0.8707939595268988642, -0.4916481262564373345, 0.000000000000000000 ) ) ;
#2637 =( NAMED_UNIT ( * ) PLANE_ANGLE_UNIT ( ) SI_UNIT ( $, .RADIAN. ) );
#2638 = ADVANCED_FACE ( 'NONE', ( #3233 ), #453, .T. ) ;
#2639 = ORIENTED_EDGE ( 'NONE', *, *, #276, .T. ) ;
#2640 = FILL_AREA_STYLE ('',( #3945 ) ) ;
#2641 = VECTOR ( 'NONE', #3793, 1000.000000000000000 ) ;
#2642 = VERTEX_POINT ( 'NONE', #515 ) ;
#2643 = COLOUR_RGB ( '',0.7921568627450980005, 0.8196078431372548767, 0.9333333333333333481 ) ;
#2644 =( NAMED_UNIT ( * ) SI_UNIT ( $, .STERADIAN. ) SOLID_ANGLE_UNIT ( ) );
#2645 = SURFACE_SIDE_STYLE ('',( #3872 ) ) ;
#2646 = CARTESIAN_POINT ( 'NONE',  ( 11.07031495555671796, 12.66572034425457716, 2.499999999999880984 ) ) ;
#2647 = AXIS2_PLACEMENT_3D ( 'NONE', #877, #2045, #1734 ) ;
#2648 = PLANE ( 'NONE',  #3672 ) ;
#2649 = LINE ( 'NONE', #3902, #3911 ) ;
#2650 = VERTEX_POINT ( 'NONE', #2032 ) ;
#2651 = UNCERTAINTY_MEASURE_WITH_UNIT (LENGTH_MEASURE( 1.000000000000000082E-05 ), #1925, 'distance_accuracy_value', 'NONE');
#2652 = AXIS2_PLACEMENT_3D ( 'NONE', #1850, #1530, #3016 ) ;
#2653 =( GEOMETRIC_REPRESENTATION_CONTEXT ( 3 ) GLOBAL_UNCERTAINTY_ASSIGNED_CONTEXT ( ( #3592 ) ) GLOBAL_UNIT_ASSIGNED_CONTEXT ( ( #286, #3893, #2357 ) ) REPRESENTATION_CONTEXT ( 'NONE', 'WORKASPACE' ) );
#2654 = LINE ( 'NONE', #1786, #1618 ) ;
#2655 = CIRCLE ( 'NONE', #41, 9.686500000000000554 ) ;
#2656 = CIRCLE ( 'NONE', #2119, 9.686500000000000554 ) ;
#2657 = DIRECTION ( 'NONE',  ( -0.8343594835823756606, -0.5512206927866111217, 4.723222202963170075E-17 ) ) ;
#2658 = AXIS2_PLACEMENT_3D ( 'NONE', #1803, #2978, #267 ) ;
#2659 = SURFACE_STYLE_FILL_AREA ( #541 ) ;
#2660 = CARTESIAN_POINT ( 'NONE',  ( 12.56493313821630942, 0.6778269350177285046, 4.999999999999880984 ) ) ;
#2661 = COLOUR_RGB ( '',0.7921568627450980005, 0.8196078431372548767, 0.9333333333333333481 ) ;
#2662 = FACE_OUTER_BOUND ( 'NONE', #899, .T. ) ;
#2663 = DIRECTION ( 'NONE',  ( -0.8343594835823756606, -0.5512206927866111217, 0.000000000000000000 ) ) ;
#2664 = CIRCLE ( 'NONE', #1501, 1.499999999999931388 ) ;
#2665 = ADVANCED_FACE ( 'NONE', ( #175 ), #1372, .T. ) ;
#2666 = PRESENTATION_STYLE_ASSIGNMENT (( #1143 ) ) ;
#2667 = CARTESIAN_POINT ( 'NONE',  ( 21.67281267413515167, 6.044765569636400215, 4.999999999999880096 ) ) ;
#2668 = CARTESIAN_POINT ( 'NONE',  ( 21.67281267413515167, 6.044765569636400215, -1.188285581044112860E-13 ) ) ;
#2669 = AXIS2_PLACEMENT_3D ( 'NONE', #1114, #3826, #2963 ) ;
#2670 = AXIS2_PLACEMENT_3D ( 'NONE', #3929, #993, #2847 ) ;
#2671 = DIRECTION ( 'NONE',  ( 3.223082373619878746E-17, 4.598590846719930620E-17, 1.000000000000000000 ) ) ;
#2672 = DIRECTION ( 'NONE',  ( 3.223082373619878746E-17, 4.598590846719930620E-17, 1.000000000000000000 ) ) ;
#2673 = VERTEX_POINT ( 'NONE', #881 ) ;
#2674 = FILL_AREA_STYLE_COLOUR ( '', #3624 ) ;
#2675 = COLOUR_RGB ( '',0.7764705882352941346, 0.7568627450980391913, 0.7372549019607843590 ) ;
#2676 = EDGE_CURVE ( 'NONE', #46, #67, #922, .T. ) ;
#2677 = EDGE_CURVE ( 'NONE', #1654, #3073, #581, .T. ) ;
#2678 = ORIENTED_EDGE ( 'NONE', *, *, #3437, .T. ) ;
#2679 = CARTESIAN_POINT ( 'NONE',  ( 27.13240213021367708, 14.04608828660490438, -1.196959198423996895E-13 ) ) ;
#2680 = LINE ( 'NONE', #2956, #3818 ) ;
#2681 =( GEOMETRIC_REPRESENTATION_CONTEXT ( 3 ) GLOBAL_UNCERTAINTY_ASSIGNED_CONTEXT ( ( #1837 ) ) GLOBAL_UNIT_ASSIGNED_CONTEXT ( ( #3780, #388, #3089 ) ) REPRESENTATION_CONTEXT ( 'NONE', 'WORKASPACE' ) );
#2682 = FACE_OUTER_BOUND ( 'NONE', #397, .T. ) ;
#2683 = FILL_AREA_STYLE ('',( #57 ) ) ;
#2684 = EDGE_CURVE ( 'NONE', #1212, #3104, #244, .T. ) ;
#2685 = PRESENTATION_STYLE_ASSIGNMENT (( #2044 ) ) ;
#2686 = ORIENTED_EDGE ( 'NONE', *, *, #3641, .F. ) ;
#2687 = CYLINDRICAL_SURFACE ( 'NONE', #610, 1.500000000000015321 ) ;
#2688 = CARTESIAN_POINT ( 'NONE',  ( 28.23766117718584923, -2.241383359785804164, -1.188285581044112860E-13 ) ) ;
#2689 =( LENGTH_UNIT ( ) NAMED_UNIT ( * ) SI_UNIT ( .MILLI., .METRE. ) );
#2690 = ORIENTED_EDGE ( 'NONE', *, *, #486, .F. ) ;
#2691 = CARTESIAN_POINT ( 'NONE',  ( 93.99459158593961661, -19.79706172934445618, 0.000000000000000000 ) ) ;
#2692 = UNCERTAINTY_MEASURE_WITH_UNIT (LENGTH_MEASURE( 1.000000000000000082E-05 ), #103, 'distance_accuracy_value', 'NONE');
#2693 = FILL_AREA_STYLE ('',( #3545 ) ) ;
#2694 = ORIENTED_EDGE ( 'NONE', *, *, #2676, .T. ) ;
#2695 = PRESENTATION_STYLE_ASSIGNMENT (( #836 ) ) ;
#2696 = FILL_AREA_STYLE ('',( #2718 ) ) ;
#2697 = SURFACE_STYLE_USAGE ( .BOTH. , #1790 ) ;
#2698 = PRESENTATION_STYLE_ASSIGNMENT (( #1467 ) ) ;
#2699 = AXIS2_PLACEMENT_3D ( 'NONE', #1354, #3802, #825 ) ;
#2700 = AXIS2_PLACEMENT_3D ( 'NONE', #1439, #3687, #901 ) ;
#2701 = ORIENTED_EDGE ( 'NONE', *, *, #1492, .T. ) ;
#2702 = DIRECTION ( 'NONE',  ( 0.6353906706864889120, -0.7721908414404912158, 1.503073264317127626E-17 ) ) ;
#2703 =( GEOMETRIC_REPRESENTATION_CONTEXT ( 3 ) GLOBAL_UNCERTAINTY_ASSIGNED_CONTEXT ( ( #3634 ) ) GLOBAL_UNIT_ASSIGNED_CONTEXT ( ( #1168, #1483, #3046 ) ) REPRESENTATION_CONTEXT ( 'NONE', 'WORKASPACE' ) );
#2704 = FILL_AREA_STYLE_COLOUR ( '', #480 ) ;
#2705 = CARTESIAN_POINT ( 'NONE',  ( 24.06653505608018762, 15.43083905156565017, -1.188285581044112860E-13 ) ) ;
#2706 = ORIENTED_EDGE ( 'NONE', *, *, #270, .F. ) ;
#2707 = DIRECTION ( 'NONE',  ( 0.6353906706864890230, -0.7721908414404909937, 1.503073264317039496E-17 ) ) ;
#2708 = PRESENTATION_STYLE_ASSIGNMENT (( #1160 ) ) ;
#2709 = PRESENTATION_LAYER_ASSIGNMENT (  '', '', ( #658 ) ) ;
#2710 = MECHANICAL_DESIGN_GEOMETRIC_PRESENTATION_REPRESENTATION (  '', ( #3041 ), #2831 ) ;
#2711 = CYLINDRICAL_SURFACE ( 'NONE', #3326, 12.50000000000000533 ) ;
#2712 = STYLED_ITEM ( 'NONE', ( #1572 ), #2327 ) ;
#2713 = EDGE_LOOP ( 'NONE', ( #307, #2249, #3394, #1300 ) ) ;
#2714 = CARTESIAN_POINT ( 'NONE',  ( 70.92352307965465741, 11.67283872356342123, 8.673617379884035472E-16 ) ) ;
#2715 = EDGE_CURVE ( 'NONE', #2730, #2092, #2841, .T. ) ;
#2716 = COLOUR_RGB ( '',0.7764705882352941346, 0.7568627450980391913, 0.7372549019607843590 ) ;
#2717 = MECHANICAL_DESIGN_GEOMETRIC_PRESENTATION_REPRESENTATION (  '', ( #1423 ), #3363 ) ;
#2718 = FILL_AREA_STYLE_COLOUR ( '', #1232 ) ;
#2719 = ADVANCED_FACE ( 'NONE', ( #1757 ), #2433, .F. ) ;
#2720 = FACE_OUTER_BOUND ( 'NONE', #2833, .T. ) ;
#2721 = FACE_OUTER_BOUND ( 'NONE', #3650, .T. ) ;
#2722 = MECHANICAL_DESIGN_GEOMETRIC_PRESENTATION_REPRESENTATION (  '', ( #1683 ), #3242 ) ;
#2723 = PRESENTATION_LAYER_ASSIGNMENT (  '', '', ( #241 ) ) ;
#2724 =( NAMED_UNIT ( * ) PLANE_ANGLE_UNIT ( ) SI_UNIT ( $, .RADIAN. ) );
#2725 = DIRECTION ( 'NONE',  ( 0.6353906706864889120, -0.7721908414404912158, 1.503073264317127626E-17 ) ) ;
#2726 = ORIENTED_EDGE ( 'NONE', *, *, #3795, .F. ) ;
#2727 = EDGE_CURVE ( 'NONE', #654, #2872, #3652, .T. ) ;
#2728 = FILL_AREA_STYLE ('',( #3334 ) ) ;
#2729 = CIRCLE ( 'NONE', #2658, 4.500000000000000000 ) ;
#2730 = VERTEX_POINT ( 'NONE', #3313 ) ;
#2731 = DIRECTION ( 'NONE',  ( -3.223082373619878746E-17, -4.598590846719930620E-17, -1.000000000000000000 ) ) ;
#2732 = SURFACE_SIDE_STYLE ('',( #3675 ) ) ;
#2733 = AXIS2_PLACEMENT_3D ( 'NONE', #1112, #2621, #2332 ) ;
#2734 = UNCERTAINTY_MEASURE_WITH_UNIT (LENGTH_MEASURE( 1.000000000000000082E-05 ), #220, 'distance_accuracy_value', 'NONE');
#2735 = CARTESIAN_POINT ( 'NONE',  ( 28.69089059545283149, -0.6316754388885174043, -1.189684324000889724E-13 ) ) ;
#2736 = PRESENTATION_LAYER_ASSIGNMENT (  '', '', ( #617 ) ) ;
#2737 = ORIENTED_EDGE ( 'NONE', *, *, #543, .F. ) ;
#2738 = DIRECTION ( 'NONE',  ( 0.3329671022960500881, -0.9429384437960792731, 3.263007698255060695E-17 ) ) ;
#2739 = EDGE_CURVE ( 'NONE', #2160, #32, #275, .T. ) ;
#2740 =( GEOMETRIC_REPRESENTATION_CONTEXT ( 3 ) GLOBAL_UNCERTAINTY_ASSIGNED_CONTEXT ( ( #2891 ) ) GLOBAL_UNIT_ASSIGNED_CONTEXT ( ( #2263, #3882, #1640 ) ) REPRESENTATION_CONTEXT ( 'NONE', 'WORKASPACE' ) );
#2741 = DIRECTION ( 'NONE',  ( 3.223082373619878746E-17, 4.598590846719930620E-17, 1.000000000000000000 ) ) ;
#2742 = SURFACE_STYLE_USAGE ( .BOTH. , #1500 ) ;
#2743 = EDGE_CURVE ( 'NONE', #3962, #569, #2655, .T. ) ;
#2744 = EDGE_LOOP ( 'NONE', ( #1596, #1913, #323, #2540 ) ) ;
#2745 = ORIENTED_EDGE ( 'NONE', *, *, #3579, .T. ) ;
#2746 = DIRECTION ( 'NONE',  ( 3.223082373619878746E-17, 4.598590846719930620E-17, 1.000000000000000000 ) ) ;
#2747 = VERTEX_POINT ( 'NONE', #1622 ) ;
#2748 = AXIS2_PLACEMENT_3D ( 'NONE', #1446, #2038, #3880 ) ;
#2749 = FACE_OUTER_BOUND ( 'NONE', #935, .T. ) ;
#2750 = ORIENTED_EDGE ( 'NONE', *, *, #3263, .F. ) ;
#2751 = DIRECTION ( 'NONE',  ( 3.223082373619878746E-17, 4.598590846719930620E-17, 1.000000000000000000 ) ) ;
#2752 = CARTESIAN_POINT ( 'NONE',  ( 58.67205140383602924, 15.77470175611164827, 1.734723475976807094E-15 ) ) ;
#2753 = SURFACE_STYLE_USAGE ( .BOTH. , #1087 ) ;
#2754 = SURFACE_STYLE_USAGE ( .BOTH. , #3752 ) ;
#2755 = FACE_OUTER_BOUND ( 'NONE', #739, .T. ) ;
#2756 = DIRECTION ( 'NONE',  ( -0.2352982127355961184, -0.9719232228336939228, 2.395626283384189525E-17 ) ) ;
#2757 = VERTEX_POINT ( 'NONE', #2781 ) ;
#2758 = ORIENTED_EDGE ( 'NONE', *, *, #540, .F. ) ;
#2759 = ORIENTED_EDGE ( 'NONE', *, *, #3532, .T. ) ;
#2760 =( NAMED_UNIT ( * ) PLANE_ANGLE_UNIT ( ) SI_UNIT ( $, .RADIAN. ) );
#2761 = CARTESIAN_POINT ( 'NONE',  ( 56.91506107130830827, 12.61670311563442581, 1.805571809021253512E-15 ) ) ;
#2762 = VERTEX_POINT ( 'NONE', #3740 ) ;
#2763 = DIRECTION ( 'NONE',  ( -3.223082373619878746E-17, -4.598590846719930620E-17, -1.000000000000000000 ) ) ;
#2764 = UNCERTAINTY_MEASURE_WITH_UNIT (LENGTH_MEASURE( 1.000000000000000082E-05 ), #834, 'distance_accuracy_value', 'NONE');
#2765 =( GEOMETRIC_REPRESENTATION_CONTEXT ( 3 ) GLOBAL_UNCERTAINTY_ASSIGNED_CONTEXT ( ( #1358 ) ) GLOBAL_UNIT_ASSIGNED_CONTEXT ( ( #3599, #1190, #2389 ) ) REPRESENTATION_CONTEXT ( 'NONE', 'WORKASPACE' ) );
#2766 = FILL_AREA_STYLE ('',( #1205 ) ) ;
#2767 = EDGE_CURVE ( 'NONE', #3104, #3151, #2226, .T. ) ;
#2768 = ORIENTED_EDGE ( 'NONE', *, *, #249, .T. ) ;
#2769 = CARTESIAN_POINT ( 'NONE',  ( 20.52674070887363555, -3.573695913388919010, -1.188285581044112860E-13 ) ) ;
#2770 = DIRECTION ( 'NONE',  ( 3.223082373619878746E-17, 4.598590846719930620E-17, 1.000000000000000000 ) ) ;
#2771 = CIRCLE ( 'NONE', #595, 12.50000000000000533 ) ;
#2772 = DIRECTION ( 'NONE',  ( 0.9864322206003921512, 0.1641690414218818228, -3.934298554185479438E-17 ) ) ;
#2773 = CARTESIAN_POINT ( 'NONE',  ( 21.67281267413515167, 6.044765569636400215, -1.188285581044112860E-13 ) ) ;
#2774 = CIRCLE ( 'NONE', #1036, 1.499999999999974465 ) ;
#2775 = EDGE_CURVE ( 'NONE', #1280, #1819, #3726, .T. ) ;
#2776 = ADVANCED_FACE ( 'NONE', ( #45 ), #1927, .T. ) ;
#2777 = COLOUR_RGB ( '',0.7764705882352941346, 0.7568627450980391913, 0.7372549019607843590 ) ;
#2778 = COLOUR_RGB ( '',0.7764705882352941346, 0.7568627450980391913, 0.7372549019607843590 ) ;
#2779 =( GEOMETRIC_REPRESENTATION_CONTEXT ( 3 ) GLOBAL_UNCERTAINTY_ASSIGNED_CONTEXT ( ( #3717 ) ) GLOBAL_UNIT_ASSIGNED_CONTEXT ( ( #753, #2229, #3477 ) ) REPRESENTATION_CONTEXT ( 'NONE', 'WORKASPACE' ) );
#2780 = VERTEX_POINT ( 'NONE', #3220 ) ;
#2781 = CARTESIAN_POINT ( 'NONE',  ( 21.86512367709430649, -6.453755001940901792, -1.188285581044112860E-13 ) ) ;
#2782 = ORIENTED_EDGE ( 'NONE', *, *, #2176, .T. ) ;
#2783 =( GEOMETRIC_REPRESENTATION_CONTEXT ( 3 ) GLOBAL_UNCERTAINTY_ASSIGNED_CONTEXT ( ( #3466 ) ) GLOBAL_UNIT_ASSIGNED_CONTEXT ( ( #3, #2416, #934 ) ) REPRESENTATION_CONTEXT ( 'NONE', 'WORKASPACE' ) );
#2784 =( LENGTH_UNIT ( ) NAMED_UNIT ( * ) SI_UNIT ( .MILLI., .METRE. ) );
#2785 = CARTESIAN_POINT ( 'NONE',  ( 12.47096770804380306, 11.24895130504122420, -1.188285581044112860E-13 ) ) ;
#2786 = VERTEX_POINT ( 'NONE', #784 ) ;
#2787 = PRESENTATION_LAYER_ASSIGNMENT (  '', '', ( #3246 ) ) ;
#2788 = DIRECTION ( 'NONE',  ( 3.223082373619878746E-17, 4.598590846719930620E-17, 1.000000000000000000 ) ) ;
#2789 = PRESENTATION_LAYER_ASSIGNMENT (  '', '', ( #1619 ) ) ;
#2790 =( NAMED_UNIT ( * ) SI_UNIT ( $, .STERADIAN. ) SOLID_ANGLE_UNIT ( ) );
#2791 = CARTESIAN_POINT ( 'NONE',  ( 56.91506107130830827, 12.61670311563442581, 1.805571809021253512E-15 ) ) ;
#2792 = STYLED_ITEM ( 'NONE', ( #2898 ), #3445 ) ;
#2793 = VERTEX_POINT ( 'NONE', #2877 ) ;
#2794 = VECTOR ( 'NONE', #1953, 1000.000000000000000 ) ;
#2795 = DIRECTION ( 'NONE',  ( 3.223082373619878746E-17, 4.598590846719930620E-17, 1.000000000000000000 ) ) ;
#2796 = EDGE_LOOP ( 'NONE', ( #3131, #1688, #2497, #580 ) ) ;
#2797 =( NAMED_UNIT ( * ) PLANE_ANGLE_UNIT ( ) SI_UNIT ( $, .RADIAN. ) );
#2798 = MECHANICAL_DESIGN_GEOMETRIC_PRESENTATION_REPRESENTATION (  '', ( #2346 ), #1195 ) ;
#2799 =( GEOMETRIC_REPRESENTATION_CONTEXT ( 3 ) GLOBAL_UNCERTAINTY_ASSIGNED_CONTEXT ( ( #3921 ) ) GLOBAL_UNIT_ASSIGNED_CONTEXT ( ( #1141, #2339, #774 ) ) REPRESENTATION_CONTEXT ( 'NONE', 'WORKASPACE' ) );
#2800 = DIRECTION ( 'NONE',  ( -4.800258967122366038E-17, -1.302709821111998600E-17, -1.000000000000000000 ) ) ;
#2801 = VERTEX_POINT ( 'NONE', #2241 ) ;
#2802 = CIRCLE ( 'NONE', #1966, 4.500000000000000000 ) ;
#2803 = ORIENTED_EDGE ( 'NONE', *, *, #1347, .F. ) ;
#2804 = FILL_AREA_STYLE ('',( #331 ) ) ;
#2805 = EDGE_CURVE ( 'NONE', #22, #2375, #3961, .T. ) ;
#2806 = FILL_AREA_STYLE ('',( #117 ) ) ;
#2807 = UNCERTAINTY_MEASURE_WITH_UNIT (LENGTH_MEASURE( 1.000000000000000082E-05 ), #1694, 'distance_accuracy_value', 'NONE');
#2808 = LINE ( 'NONE', #3833, #2449 ) ;
#2809 = ORIENTED_EDGE ( 'NONE', *, *, #1129, .F. ) ;
#2810 = DIRECTION ( 'NONE',  ( 3.223082373619878746E-17, 4.598590846719930620E-17, 1.000000000000000000 ) ) ;
#2811 = CARTESIAN_POINT ( 'NONE',  ( 21.67281267413515167, 6.044765569636400215, -1.188285581044112860E-13 ) ) ;
#2812 = CARTESIAN_POINT ( 'NONE',  ( 15.42419115630550941, -2.797031851464480745, 4.999999999999880984 ) ) ;
#2813 = ADVANCED_FACE ( 'NONE', ( #2405 ), #3325, .T. ) ;
#2814 = CARTESIAN_POINT ( 'NONE',  ( 24.06653505608018762, 15.43083905156565017, 4.999999999999879208 ) ) ;
#2815 = CARTESIAN_POINT ( 'NONE',  ( 12.39949054184534560, 8.843654435022822113, -1.188285581044112860E-13 ) ) ;
#2816 = DIRECTION ( 'NONE',  ( 0.8343594835823761047, 0.5512206927866104555, -4.723222202963157133E-17 ) ) ;
#2817 = DIRECTION ( 'NONE',  ( 4.800258967122366038E-17, 1.302709821111998600E-17, 1.000000000000000000 ) ) ;
#2818 = ORIENTED_EDGE ( 'NONE', *, *, #3035, .F. ) ;
#2819 =( NAMED_UNIT ( * ) PLANE_ANGLE_UNIT ( ) SI_UNIT ( $, .RADIAN. ) );
#2820 = FACE_OUTER_BOUND ( 'NONE', #714, .T. ) ;
#2821 = DIRECTION ( 'NONE',  ( 3.223082373619878746E-17, 4.598590846719930620E-17, 1.000000000000000000 ) ) ;
#2822 = ORIENTED_EDGE ( 'NONE', *, *, #1406, .F. ) ;
#2823 = VECTOR ( 'NONE', #786, 1000.000000000000227 ) ;
#2824 = DIRECTION ( 'NONE',  ( 0.9999981302302332065, 0.001933788002217606827, -4.802769156365713318E-17 ) ) ;
#2825 = CIRCLE ( 'NONE', #2244, 4.500000000000000000 ) ;
#2826 = ORIENTED_EDGE ( 'NONE', *, *, #142, .T. ) ;
#2827 = CIRCLE ( 'NONE', #3100, 4.500000000000000000 ) ;
#2828 = EDGE_CURVE ( 'NONE', #2484, #2673, #799, .T. ) ;
#2829 = VECTOR ( 'NONE', #1021, 1000.000000000000000 ) ;
#2830 = EDGE_CURVE ( 'NONE', #3683, #2124, #3370, .T. ) ;
#2831 =( GEOMETRIC_REPRESENTATION_CONTEXT ( 3 ) GLOBAL_UNCERTAINTY_ASSIGNED_CONTEXT ( ( #1240 ) ) GLOBAL_UNIT_ASSIGNED_CONTEXT ( ( #1063, #3840, #399 ) ) REPRESENTATION_CONTEXT ( 'NONE', 'WORKASPACE' ) );
#2832 = LINE ( 'NONE', #42, #2450 ) ;
#2833 = EDGE_LOOP ( 'NONE', ( #587, #1434, #3671, #2322 ) ) ;
#2834 = CIRCLE ( 'NONE', #3489, 9.686500000000000554 ) ;
#2835 = ORIENTED_EDGE ( 'NONE', *, *, #1076, .T. ) ;
#2836 = DIRECTION ( 'NONE',  ( 4.800258967122366038E-17, 1.302709821111998600E-17, 1.000000000000000000 ) ) ;
#2837 = LINE ( 'NONE', #1647, #855 ) ;
#2838 = VECTOR ( 'NONE', #904, 1000.000000000000000 ) ;
#2839 = EDGE_CURVE ( 'NONE', #654, #2568, #2729, .T. ) ;
#2840 = ORIENTED_EDGE ( 'NONE', *, *, #3866, .T. ) ;
#2841 = CIRCLE ( 'NONE', #3369, 9.686500000000002331 ) ;
#2842 = CARTESIAN_POINT ( 'NONE',  ( 13.91601666714386099, 11.84652374763072302, -1.188285581044112860E-13 ) ) ;
#2843 = MECHANICAL_DESIGN_GEOMETRIC_PRESENTATION_REPRESENTATION (  '', ( #1811 ), #2653 ) ;
#2844 = SURFACE_STYLE_USAGE ( .BOTH. , #1296 ) ;
#2845 = MECHANICAL_DESIGN_GEOMETRIC_PRESENTATION_REPRESENTATION (  '', ( #3435 ), #1162 ) ;
#2846 = DIRECTION ( 'NONE',  ( 4.800258967122366038E-17, 1.302709821111998600E-17, 1.000000000000000000 ) ) ;
#2847 = DIRECTION ( 'NONE',  ( 0.6353906706864889120, -0.7721908414404911047, 1.503073264317007448E-17 ) ) ;
#2848 = VERTEX_POINT ( 'NONE', #3301 ) ;
#2849 = EDGE_CURVE ( 'NONE', #3392, #2786, #427, .T. ) ;
#2850 = COLOUR_RGB ( '',0.7764705882352941346, 0.7568627450980391913, 0.7372549019607843590 ) ;
#2851 = FACE_OUTER_BOUND ( 'NONE', #16, .T. ) ;
#2852 = DIRECTION ( 'NONE',  ( -0.8707939595268988642, -0.4916481262564372789, 5.067529235215742235E-17 ) ) ;
#2853 = AXIS2_PLACEMENT_3D ( 'NONE', #2026, #2065, #1244 ) ;
#2854 = ORIENTED_EDGE ( 'NONE', *, *, #1639, .T. ) ;
#2855 = SURFACE_STYLE_USAGE ( .BOTH. , #3703 ) ;
#2856 = EDGE_CURVE ( 'NONE', #111, #3508, #1045, .T. ) ;
#2857 = ADVANCED_BREP_SHAPE_REPRESENTATION ( '舵机连接副臂', ( #1152, #3628 ), #3885 ) ;
#2858 = VECTOR ( 'NONE', #2374, 1000.000000000000227 ) ;
#2859 = MECHANICAL_DESIGN_GEOMETRIC_PRESENTATION_REPRESENTATION (  '', ( #617 ), #1958 ) ;
#2860 = LINE ( 'NONE', #1016, #2823 ) ;
#2861 = SURFACE_STYLE_USAGE ( .BOTH. , #3433 ) ;
#2862 = CIRCLE ( 'NONE', #3382, 4.500000000000000000 ) ;
#2863 = SURFACE_STYLE_FILL_AREA ( #1710 ) ;
#2864 = VERTEX_POINT ( 'NONE', #1745 ) ;
#2865 = CARTESIAN_POINT ( 'NONE',  ( 20.71194973510426962, 15.68349083091431417, 4.999999999999880096 ) ) ;
#2866 = AXIS2_PLACEMENT_3D ( 'NONE', #3200, #2240, #523 ) ;
#2867 = LINE ( 'NONE', #134, #3430 ) ;
#2868 = VERTEX_POINT ( 'NONE', #1421 ) ;
#2869 = DIRECTION ( 'NONE',  ( 4.800258967122366038E-17, 1.302709821111998600E-17, 1.000000000000000000 ) ) ;
#2870 = AXIS2_PLACEMENT_3D ( 'NONE', #2007, #2331, #3250 ) ;
#2871 = CARTESIAN_POINT ( 'NONE',  ( 21.67281267413515167, 6.044765569636400215, 4.999999999999880096 ) ) ;
#2872 = VERTEX_POINT ( 'NONE', #577 ) ;
#2873 = DIRECTION ( 'NONE',  ( 3.223082373619878746E-17, 4.598590846719930620E-17, 1.000000000000000000 ) ) ;
#2874 = CARTESIAN_POINT ( 'NONE',  ( 21.67281267413515167, 6.044765569636400215, 4.999999999999880096 ) ) ;
#2875 = ORIENTED_EDGE ( 'NONE', *, *, #2739, .F. ) ;
#2876 = CYLINDRICAL_SURFACE ( 'NONE', #1067, 9.686500000000002331 ) ;
#2877 = CARTESIAN_POINT ( 'NONE',  ( 21.67281267413489942, 4.544765569636151525, 4.999999999999999112 ) ) ;
#2878 = CARTESIAN_POINT ( 'NONE',  ( 21.24014650129721460, -6.447744185528164529, 2.499999999999881428 ) ) ;
#2879 = CARTESIAN_POINT ( 'NONE',  ( 22.63367561316610121, -3.593959691641506193, 4.999999999999880096 ) ) ;
#2880 = FACE_OUTER_BOUND ( 'NONE', #2131, .T. ) ;
#2881 = ORIENTED_EDGE ( 'NONE', *, *, #1138, .T. ) ;
#2882 = FILL_AREA_STYLE_COLOUR ( '', #2777 ) ;
#2883 = FACE_OUTER_BOUND ( 'NONE', #2260, .T. ) ;
#2884 = DIRECTION ( 'NONE',  ( 3.223082373619878746E-17, 4.598590846719930620E-17, 1.000000000000000000 ) ) ;
#2885 = FILL_AREA_STYLE ('',( #222 ) ) ;
#2886 =( NAMED_UNIT ( * ) PLANE_ANGLE_UNIT ( ) SI_UNIT ( $, .RADIAN. ) );
#2887 = EDGE_CURVE ( 'NONE', #2864, #1327, #3905, .T. ) ;
#2888 = SURFACE_SIDE_STYLE ('',( #2234 ) ) ;
#2889 = PRESENTATION_STYLE_ASSIGNMENT (( #2488 ) ) ;
#2890 = VERTEX_POINT ( 'NONE', #1165 ) ;
#2891 = UNCERTAINTY_MEASURE_WITH_UNIT (LENGTH_MEASURE( 1.000000000000000082E-05 ), #2263, 'distance_accuracy_value', 'NONE');
#2892 =( LENGTH_UNIT ( ) NAMED_UNIT ( * ) SI_UNIT ( .MILLI., .METRE. ) );
#2893 = VECTOR ( 'NONE', #1178, 1000.000000000000000 ) ;
#2894 = ORIENTED_EDGE ( 'NONE', *, *, #3682, .F. ) ;
#2895 =( NAMED_UNIT ( * ) SI_UNIT ( $, .STERADIAN. ) SOLID_ANGLE_UNIT ( ) );
#2896 = AXIS2_PLACEMENT_3D ( 'NONE', #1287, #2530, #3087 ) ;
#2897 = SURFACE_STYLE_FILL_AREA ( #2304 ) ;
#2898 = PRESENTATION_STYLE_ASSIGNMENT (( #3166 ) ) ;
#2899 = CARTESIAN_POINT ( 'NONE',  ( 21.37554452596508980, -4.522596049833964571, -1.188285581044112860E-13 ) ) ;
#2900 = EDGE_CURVE ( 'NONE', #2964, #3244, #3116, .T. ) ;
#2901 = AXIS2_PLACEMENT_3D ( 'NONE', #1678, #2300, #3809 ) ;
#2902 = CARTESIAN_POINT ( 'NONE',  ( 17.47325866540214179, 14.77357009131831056, -1.188285581044112860E-13 ) ) ;
#2903 = LINE ( 'NONE', #1986, #2858 ) ;
#2904 = PRESENTATION_LAYER_ASSIGNMENT (  '', '', ( #3627 ) ) ;
#2905 = ORIENTED_EDGE ( 'NONE', *, *, #1769, .F. ) ;
#2906 = FILL_AREA_STYLE ('',( #468 ) ) ;
#2907 = DIRECTION ( 'NONE',  ( 3.223082373619878746E-17, 4.598590846719930620E-17, 1.000000000000000000 ) ) ;
#2908 = FILL_AREA_STYLE_COLOUR ( '', #3963 ) ;
#2909 = EDGE_CURVE ( 'NONE', #2218, #1809, #1767, .T. ) ;
#2910 = MECHANICAL_DESIGN_GEOMETRIC_PRESENTATION_REPRESENTATION (  '', ( #238 ), #724 ) ;
#2911 = FILL_AREA_STYLE_COLOUR ( '', #1599 ) ;
#2912 = PRESENTATION_STYLE_ASSIGNMENT (( #3260 ) ) ;
#2913 = EDGE_CURVE ( 'NONE', #370, #1185, #1247, .T. ) ;
#2914 =( GEOMETRIC_REPRESENTATION_CONTEXT ( 3 ) GLOBAL_UNCERTAINTY_ASSIGNED_CONTEXT ( ( #1476 ) ) GLOBAL_UNIT_ASSIGNED_CONTEXT ( ( #3114, #2188, #2458 ) ) REPRESENTATION_CONTEXT ( 'NONE', 'WORKASPACE' ) );
#2915 = DIRECTION ( 'NONE',  ( 0.6353906706864890230, -0.7721908414404909937, 1.503073264317039496E-17 ) ) ;
#2916 = ORIENTED_EDGE ( 'NONE', *, *, #3264, .T. ) ;
#2917 =( NAMED_UNIT ( * ) SI_UNIT ( $, .STERADIAN. ) SOLID_ANGLE_UNIT ( ) );
#2918 = MECHANICAL_DESIGN_GEOMETRIC_PRESENTATION_REPRESENTATION (  '', ( #2070 ), #2783 ) ;
#2919 = ORIENTED_EDGE ( 'NONE', *, *, #585, .F. ) ;
#2920 = PRESENTATION_STYLE_ASSIGNMENT (( #1681 ) ) ;
#2921 = STYLED_ITEM ( 'NONE', ( #1295 ), #3188 ) ;
#2922 = DIRECTION ( 'NONE',  ( 3.223082373619878746E-17, 4.598590846719930620E-17, 1.000000000000000000 ) ) ;
#2923 = CARTESIAN_POINT ( 'NONE',  ( 12.66984313478220514, 11.58588814742284612, 4.999999999999880096 ) ) ;
#2924 = CIRCLE ( 'NONE', #1188, 4.499999999999999112 ) ;
#2925 = PRODUCT_DEFINITION_SHAPE ( 'NONE', 'NONE',  #1023 ) ;
#2926 = EDGE_CURVE ( 'NONE', #7, #2513, #2654, .T. ) ;
#2927 = CYLINDRICAL_SURFACE ( 'NONE', #2122, 4.500000000000000000 ) ;
#2928 = SURFACE_STYLE_USAGE ( .BOTH. , #2293 ) ;
#2929 = ORIENTED_EDGE ( 'NONE', *, *, #154, .F. ) ;
#2930 = CARTESIAN_POINT ( 'NONE',  ( 9.397567169272400989, 3.685030882145663433, 2.499999999999881428 ) ) ;
#2931 = CARTESIAN_POINT ( 'NONE',  ( 30.03428467607117014, 15.33647079315916528, -1.196959198423996895E-13 ) ) ;
#2932 = SURFACE_SIDE_STYLE ('',( #3540 ) ) ;
#2933 = STYLED_ITEM ( 'NONE', ( #1089 ), #767 ) ;
#2934 =( NAMED_UNIT ( * ) SI_UNIT ( $, .STERADIAN. ) SOLID_ANGLE_UNIT ( ) );
#2935 = FILL_AREA_STYLE ('',( #1699 ) ) ;
#2936 = ORIENTED_EDGE ( 'NONE', *, *, #3463, .F. ) ;
#2937 = UNCERTAINTY_MEASURE_WITH_UNIT (LENGTH_MEASURE( 1.000000000000000082E-05 ), #2440, 'distance_accuracy_value', 'NONE');
#2938 = CIRCLE ( 'NONE', #3069, 1.500000000000015321 ) ;
#2939 = DIRECTION ( 'NONE',  ( -4.800258967122366038E-17, -1.302709821111998138E-17, -1.000000000000000000 ) ) ;
#2940 = DIRECTION ( 'NONE',  ( 0.6353906706864890230, -0.7721908414404909937, 1.503073264317039496E-17 ) ) ;
#2941 = CARTESIAN_POINT ( 'NONE',  ( 14.94980660425758856, -2.113585325793456704, -1.179611963664228824E-13 ) ) ;
#2942 = PRESENTATION_STYLE_ASSIGNMENT (( #3310 ) ) ;
#2943 = PRESENTATION_STYLE_ASSIGNMENT (( #2623 ) ) ;
#2944 = DIRECTION ( 'NONE',  ( 3.223082373619878746E-17, 4.598590846719930620E-17, 1.000000000000000000 ) ) ;
#2945 = PRESENTATION_STYLE_ASSIGNMENT (( #2928 ) ) ;
#2946 = SURFACE_STYLE_USAGE ( .BOTH. , #1716 ) ;
#2947 = SURFACE_STYLE_FILL_AREA ( #2577 ) ;
#2948 = CARTESIAN_POINT ( 'NONE',  ( 25.56640389503061428, 15.87316560998566750, 4.999999999999879208 ) ) ;
#2949 = DIRECTION ( 'NONE',  ( 3.223082373619878746E-17, 4.598590846719930620E-17, 1.000000000000000000 ) ) ;
#2950 = CARTESIAN_POINT ( 'NONE',  ( 10.63764878271873293, 0.1732105890899860168, 2.499999999999881872 ) ) ;
#2951 = CYLINDRICAL_SURFACE ( 'NONE', #2278, 4.500000000000000000 ) ;
#2952 = ORIENTED_EDGE ( 'NONE', *, *, #3503, .F. ) ;
#2953 = EDGE_CURVE ( 'NONE', #1808, #2793, #2132, .T. ) ;
#2954 = PLANE ( 'NONE',  #2748 ) ;
#2955 = CARTESIAN_POINT ( 'NONE',  ( 21.67281267413515167, 6.044765569636400215, 4.999999999999880096 ) ) ;
#2956 = CARTESIAN_POINT ( 'NONE',  ( 29.61519605771626473, -3.607619948369741536, 14.99999999999988098 ) ) ;
#2957 = COLOUR_RGB ( '',0.7764705882352941346, 0.7568627450980391913, 0.7372549019607843590 ) ;
#2958 = CARTESIAN_POINT ( 'NONE',  ( 66.82364638326632189, -0.5579346353762216770, 1.734723475976807094E-15 ) ) ;
#2959 = FILL_AREA_STYLE ('',( #2882 ) ) ;
#2960 = ADVANCED_FACE ( 'NONE', ( #1186 ), #3663, .F. ) ;
#2961 = VECTOR ( 'NONE', #1342, 1000.000000000000000 ) ;
#2962 = SURFACE_STYLE_FILL_AREA ( #819 ) ;
#2963 = DIRECTION ( 'NONE',  ( 0.6353906706864889120, -0.7721908414404911047, 1.503073264317007448E-17 ) ) ;
#2964 = VERTEX_POINT ( 'NONE', #1535 ) ;
#2965 = MECHANICAL_DESIGN_GEOMETRIC_PRESENTATION_REPRESENTATION (  '', ( #3161 ), #24 ) ;
#2966 = DIRECTION ( 'NONE',  ( 0.6353906706864890230, -0.7721908414404909937, 1.503073264317039496E-17 ) ) ;
#2967 = DIRECTION ( 'NONE',  ( 3.223082373619878746E-17, 4.598590846719930620E-17, 1.000000000000000000 ) ) ;
#2968 = EDGE_CURVE ( 'NONE', #1922, #22, #1054, .T. ) ;
#2969 = DIRECTION ( 'NONE',  ( 3.223082373619878746E-17, 4.598590846719930620E-17, 1.000000000000000000 ) ) ;
#2970 = CIRCLE ( 'NONE', #2319, 12.50000000000000533 ) ;
#2971 = PRESENTATION_STYLE_ASSIGNMENT (( #2345 ) ) ;
#2972 = ORIENTED_EDGE ( 'NONE', *, *, #2900, .F. ) ;
#2973 = AXIS2_PLACEMENT_3D ( 'NONE', #254, #528, #3253 ) ;
#2974 = MECHANICAL_DESIGN_GEOMETRIC_PRESENTATION_REPRESENTATION (  '', ( #104 ), #3821 ) ;
#2975 = CIRCLE ( 'NONE', #1553, 4.500000000000000000 ) ;
#2976 = MECHANICAL_DESIGN_GEOMETRIC_PRESENTATION_REPRESENTATION (  '', ( #1040 ), #2779 ) ;
#2977 = VERTEX_POINT ( 'NONE', #1007 ) ;
#2978 = DIRECTION ( 'NONE',  ( 3.223082373619878746E-17, 4.598590846719930620E-17, 1.000000000000000000 ) ) ;
#2979 = MECHANICAL_DESIGN_GEOMETRIC_PRESENTATION_REPRESENTATION (  '', ( #2066 ), #3505 ) ;
#2980 = PRESENTATION_LAYER_ASSIGNMENT (  '', '', ( #3504 ) ) ;
#2981 = CARTESIAN_POINT ( 'NONE',  ( 81.79183544889644963, 1.240573542947079666, 8.673617379884035472E-16 ) ) ;
#2982 = EDGE_CURVE ( 'NONE', #2218, #2642, #33, .T. ) ;
#2983 =( GEOMETRIC_REPRESENTATION_CONTEXT ( 3 ) GLOBAL_UNCERTAINTY_ASSIGNED_CONTEXT ( ( #3134 ) ) GLOBAL_UNIT_ASSIGNED_CONTEXT ( ( #3770, #661, #1277 ) ) REPRESENTATION_CONTEXT ( 'NONE', 'WORKASPACE' ) );
#2984 =( LENGTH_UNIT ( ) NAMED_UNIT ( * ) SI_UNIT ( .MILLI., .METRE. ) );
#2985 = SURFACE_SIDE_STYLE ('',( #2962 ) ) ;
#2986 = DIRECTION ( 'NONE',  ( 3.223082373619878746E-17, 4.598590846719930620E-17, 1.000000000000000000 ) ) ;
#2987 = ORIENTED_EDGE ( 'NONE', *, *, #2676, .F. ) ;
#2988 = AXIS2_PLACEMENT_3D ( 'NONE', #1719, #3586, #777 ) ;
#2989 = DIRECTION ( 'NONE',  ( 4.800258967122366038E-17, 1.302709821111998600E-17, 1.000000000000000000 ) ) ;
#2990 = DIRECTION ( 'NONE',  ( -0.8611767468245417056, 0.5083056272841164347, 0.000000000000000000 ) ) ;
#2991 = DIRECTION ( 'NONE',  ( 4.800258967122366038E-17, 1.302709821111998600E-17, 1.000000000000000000 ) ) ;
#2992 = AXIS2_PLACEMENT_3D ( 'NONE', #754, #466, #1664 ) ;
#2993 = COLOUR_RGB ( '',0.7764705882352941346, 0.7568627450980391913, 0.7372549019607843590 ) ;
#2994 = CARTESIAN_POINT ( 'NONE',  ( 21.24014650129721460, -6.447744185528168082, -1.179611963664228824E-13 ) ) ;
#2995 = SURFACE_STYLE_FILL_AREA ( #471 ) ;
#2996 = EDGE_LOOP ( 'NONE', ( #948, #2190, #1834, #2444 ) ) ;
#2997 =( NAMED_UNIT ( * ) PLANE_ANGLE_UNIT ( ) SI_UNIT ( $, .RADIAN. ) );
#2998 = CIRCLE ( 'NONE', #1133, 4.500000000000000000 ) ;
#2999 = CIRCLE ( 'NONE', #3518, 12.50000000000000533 ) ;
#3000 = ORIENTED_EDGE ( 'NONE', *, *, #2596, .F. ) ;
#3001 = DIRECTION ( 'NONE',  ( 3.223082373619878746E-17, 4.598590846719930620E-17, 1.000000000000000000 ) ) ;
#3002 = DIRECTION ( 'NONE',  ( -3.223082373619878746E-17, -4.598590846719930620E-17, -1.000000000000000000 ) ) ;
#3003 = FACE_OUTER_BOUND ( 'NONE', #3241, .T. ) ;
#3004 = CYLINDRICAL_SURFACE ( 'NONE', #2177, 9.686500000000002331 ) ;
#3005 = DIRECTION ( 'NONE',  ( 3.223082373619878746E-17, 4.598590846719930620E-17, 1.000000000000000000 ) ) ;
#3006 = DIRECTION ( 'NONE',  ( 3.223082373619878746E-17, 4.598590846719930620E-17, 1.000000000000000000 ) ) ;
#3007 = ORIENTED_EDGE ( 'NONE', *, *, #751, .T. ) ;
#3008 =( LENGTH_UNIT ( ) NAMED_UNIT ( * ) SI_UNIT ( .MILLI., .METRE. ) );
#3009 = SURFACE_STYLE_USAGE ( .BOTH. , #2069 ) ;
#3010 = CARTESIAN_POINT ( 'NONE',  ( 93.41370018839785416, -1.624471695647859315, 4.999999999999999112 ) ) ;
#3011 = VERTEX_POINT ( 'NONE', #2842 ) ;
#3012 = CARTESIAN_POINT ( 'NONE',  ( 28.39581874401277162, 14.20311646506620917, -1.196959198423996895E-13 ) ) ;
#3013 = STYLED_ITEM ( 'NONE', ( #621 ), #1581 ) ;
#3014 = CARTESIAN_POINT ( 'NONE',  ( 21.67281267413515167, 6.044765569636400215, 4.999999999999880096 ) ) ;
#3015 = EDGE_LOOP ( 'NONE', ( #136, #1458, #97, #2678 ) ) ;
#3016 = DIRECTION ( 'NONE',  ( -0.6353906706864889120, 0.7721908414404912158, 0.000000000000000000 ) ) ;
#3017 = ADVANCED_FACE ( 'NONE', ( #1652 ), #1322, .T. ) ;
#3018 = EDGE_CURVE ( 'NONE', #514, #3529, #434, .T. ) ;
#3019 = UNCERTAINTY_MEASURE_WITH_UNIT (LENGTH_MEASURE( 1.000000000000000082E-05 ), #256, 'distance_accuracy_value', 'NONE');
#3020 = SURFACE_SIDE_STYLE ('',( #1533 ) ) ;
#3021 = VERTEX_POINT ( 'NONE', #2468 ) ;
#3022 = DIRECTION ( 'NONE',  ( 3.223082373619878746E-17, 4.598590846719930620E-17, 1.000000000000000000 ) ) ;
#3023 = EDGE_CURVE ( 'NONE', #3481, #2148, #3832, .T. ) ;
#3024 = CARTESIAN_POINT ( 'NONE',  ( 12.84500026825422658, 10.03199648551961154, -1.188285581044112860E-13 ) ) ;
#3025 = ORIENTED_EDGE ( 'NONE', *, *, #3864, .T. ) ;
#3026 =( NAMED_UNIT ( * ) PLANE_ANGLE_UNIT ( ) SI_UNIT ( $, .RADIAN. ) );
#3027 = EDGE_LOOP ( 'NONE', ( #3455, #2301, #2393, #3603 ) ) ;
#3028 = ADVANCED_FACE ( 'NONE', ( #3698 ), #3402, .T. ) ;
#3029 = PRESENTATION_STYLE_ASSIGNMENT (( #2376 ) ) ;
#3030 = PRESENTATION_LAYER_ASSIGNMENT (  '', '', ( #3617 ) ) ;
#3031 = CARTESIAN_POINT ( 'NONE',  ( 70.92352307965465741, 11.67283872356342123, 5.000000000000000000 ) ) ;
#3032 = SURFACE_STYLE_USAGE ( .BOTH. , #1217 ) ;
#3033 = EDGE_LOOP ( 'NONE', ( #2701, #2750, #2269, #1676 ) ) ;
#3034 = CARTESIAN_POINT ( 'NONE',  ( 25.87236668286821484, -2.684038952045481263, 4.999999999999880096 ) ) ;
#3035 = EDGE_CURVE ( 'NONE', #2868, #1520, #300, .T. ) ;
#3036 =( LENGTH_UNIT ( ) NAMED_UNIT ( * ) SI_UNIT ( .MILLI., .METRE. ) );
#3037 =( GEOMETRIC_REPRESENTATION_CONTEXT ( 3 ) GLOBAL_UNCERTAINTY_ASSIGNED_CONTEXT ( ( #1799 ) ) GLOBAL_UNIT_ASSIGNED_CONTEXT ( ( #2394, #693, #1213 ) ) REPRESENTATION_CONTEXT ( 'NONE', 'WORKASPACE' ) );
#3038 =( GEOMETRIC_REPRESENTATION_CONTEXT ( 3 ) GLOBAL_UNCERTAINTY_ASSIGNED_CONTEXT ( ( #2202 ) ) GLOBAL_UNIT_ASSIGNED_CONTEXT ( ( #3544, #1635, #1655 ) ) REPRESENTATION_CONTEXT ( 'NONE', 'WORKASPACE' ) );
#3039 = PRESENTATION_LAYER_ASSIGNMENT (  '', '', ( #3226 ) ) ;
#3040 = ADVANCED_FACE ( 'NONE', ( #1671 ), #2050, .T. ) ;
#3041 = STYLED_ITEM ( 'NONE', ( #460 ), #1152 ) ;
#3042 = DIRECTION ( 'NONE',  ( 0.6353906706864890230, -0.7721908414404909937, 0.000000000000000000 ) ) ;
#3043 = CARTESIAN_POINT ( 'NONE',  ( 21.97008082230527748, 16.61212718910676145, -1.188285581044112860E-13 ) ) ;
#3044 =( GEOMETRIC_REPRESENTATION_CONTEXT ( 3 ) GLOBAL_UNCERTAINTY_ASSIGNED_CONTEXT ( ( #3878 ) ) GLOBAL_UNIT_ASSIGNED_CONTEXT ( ( #74, #3442, #3135 ) ) REPRESENTATION_CONTEXT ( 'NONE', 'WORKASPACE' ) );
#3045 =( NAMED_UNIT ( * ) SI_UNIT ( $, .STERADIAN. ) SOLID_ANGLE_UNIT ( ) );
#3046 =( NAMED_UNIT ( * ) SI_UNIT ( $, .STERADIAN. ) SOLID_ANGLE_UNIT ( ) );
#3047 = CARTESIAN_POINT ( 'NONE',  ( 25.76684524100826934, 17.85530735828362481, 2.499999999999880540 ) ) ;
#3048 = CIRCLE ( 'NONE', #920, 4.500000000000000000 ) ;
#3049 = EDGE_CURVE ( 'NONE', #2022, #3392, #1720, .T. ) ;
#3050 = FILL_AREA_STYLE_COLOUR ( '', #416 ) ;
#3051 =( GEOMETRIC_REPRESENTATION_CONTEXT ( 3 ) GLOBAL_UNCERTAINTY_ASSIGNED_CONTEXT ( ( #54 ) ) GLOBAL_UNIT_ASSIGNED_CONTEXT ( ( #852, #3974, #3611 ) ) REPRESENTATION_CONTEXT ( 'NONE', 'WORKASPACE' ) );
#3052 = EDGE_LOOP ( 'NONE', ( #2803, #2400, #438, #443 ) ) ;
#3053 =( NAMED_UNIT ( * ) SI_UNIT ( $, .STERADIAN. ) SOLID_ANGLE_UNIT ( ) );
#3054 = ORIENTED_EDGE ( 'NONE', *, *, #2360, .T. ) ;
#3055 = LINE ( 'NONE', #3917, #2067 ) ;
#3056 = STYLED_ITEM ( 'NONE', ( #531 ), #3040 ) ;
#3057 = ORIENTED_EDGE ( 'NONE', *, *, #823, .F. ) ;
#3058 = CARTESIAN_POINT ( 'NONE',  ( 21.67281267413515167, 6.044765569636400215, -1.188285581044112860E-13 ) ) ;
#3059 = AXIS2_PLACEMENT_3D ( 'NONE', #320, #3422, #928 ) ;
#3060 = CARTESIAN_POINT ( 'NONE',  ( 21.67281267413515167, 6.044765569636401104, 14.99999999999988098 ) ) ;
#3061 = EDGE_CURVE ( 'NONE', #122, #3638, #3523, .T. ) ;
#3062 = DIRECTION ( 'NONE',  ( 3.223082373619878746E-17, 4.598590846719930620E-17, 1.000000000000000000 ) ) ;
#3063 = AXIS2_PLACEMENT_3D ( 'NONE', #2443, #3006, #1731 ) ;
#3064 = ORIENTED_EDGE ( 'NONE', *, *, #3834, .F. ) ;
#3065 =( LENGTH_UNIT ( ) NAMED_UNIT ( * ) SI_UNIT ( .MILLI., .METRE. ) );
#3066 = STYLED_ITEM ( 'NONE', ( #3406 ), #214 ) ;
#3067 = DIRECTION ( 'NONE',  ( 0.6353906706864890230, -0.7721908414404909937, 0.000000000000000000 ) ) ;
#3068 =( NAMED_UNIT ( * ) SI_UNIT ( $, .STERADIAN. ) SOLID_ANGLE_UNIT ( ) );
#3069 = AXIS2_PLACEMENT_3D ( 'NONE', #787, #3863, #3185 ) ;
#3070 =( GEOMETRIC_REPRESENTATION_CONTEXT ( 3 ) GLOBAL_UNCERTAINTY_ASSIGNED_CONTEXT ( ( #1083 ) ) GLOBAL_UNIT_ASSIGNED_CONTEXT ( ( #282, #1515, #2790 ) ) REPRESENTATION_CONTEXT ( 'NONE', 'WORKASPACE' ) );
#3071 = ORIENTED_EDGE ( 'NONE', *, *, #3144, .F. ) ;
#3072 =( GEOMETRIC_REPRESENTATION_CONTEXT ( 3 ) GLOBAL_UNCERTAINTY_ASSIGNED_CONTEXT ( ( #2280 ) ) GLOBAL_UNIT_ASSIGNED_CONTEXT ( ( #1484, #2354, #3942 ) ) REPRESENTATION_CONTEXT ( 'NONE', 'WORKASPACE' ) );
#3073 = VERTEX_POINT ( 'NONE', #1099 ) ;
#3074 = VECTOR ( 'NONE', #2158, 1000.000000000000000 ) ;
#3075 = FACE_OUTER_BOUND ( 'NONE', #2796, .T. ) ;
#3076 = ORIENTED_EDGE ( 'NONE', *, *, #3714, .T. ) ;
#3077 = CARTESIAN_POINT ( 'NONE',  ( 19.27909029219017256, -3.341307912292861726, -1.188285581044112860E-13 ) ) ;
#3078 =( NAMED_UNIT ( * ) SI_UNIT ( $, .STERADIAN. ) SOLID_ANGLE_UNIT ( ) );
#3079 = PRESENTATION_LAYER_ASSIGNMENT (  '', '', ( #524 ) ) ;
#3080 = DIRECTION ( 'NONE',  ( 3.223082373619878746E-17, 4.598590846719930620E-17, 1.000000000000000000 ) ) ;
#3081 = ORIENTED_EDGE ( 'NONE', *, *, #211, .F. ) ;
#3082 = DIRECTION ( 'NONE',  ( 3.223082373619878746E-17, 4.598590846719930620E-17, 1.000000000000000000 ) ) ;
#3083 = CARTESIAN_POINT ( 'NONE',  ( 12.37257498661210953, 1.018526527952469563, 4.999999999999880984 ) ) ;
#3084 = DIRECTION ( 'NONE',  ( -3.223082373619878746E-17, -4.598590846719930620E-17, -1.000000000000000000 ) ) ;
#3085 =( NAMED_UNIT ( * ) SI_UNIT ( $, .STERADIAN. ) SOLID_ANGLE_UNIT ( ) );
#3086 = EDGE_CURVE ( 'NONE', #2484, #2180, #2343, .T. ) ;
#3087 = DIRECTION ( 'NONE',  ( 0.6353906706864890230, -0.7721908414404909937, 0.000000000000000000 ) ) ;
#3088 = CARTESIAN_POINT ( 'NONE',  ( 16.36812686900232805, 14.14961539914110311, 4.999999999999880096 ) ) ;
#3089 =( NAMED_UNIT ( * ) SI_UNIT ( $, .STERADIAN. ) SOLID_ANGLE_UNIT ( ) );
#3090 = EDGE_LOOP ( 'NONE', ( #3308, #3925, #3591, #88 ) ) ;
#3091 = MECHANICAL_DESIGN_GEOMETRIC_PRESENTATION_REPRESENTATION (  '', ( #1522 ), #1408 ) ;
#3092 = LINE ( 'NONE', #2761, #1008 ) ;
#3093 = EDGE_LOOP ( 'NONE', ( #3542, #954, #3452, #2 ) ) ;
#3094 = DIRECTION ( 'NONE',  ( 3.223082373619878746E-17, 4.598590846719930620E-17, 1.000000000000000000 ) ) ;
#3095 = COLOUR_RGB ( '',0.7764705882352941346, 0.7568627450980391913, 0.7372549019607843590 ) ;
#3096 = UNCERTAINTY_MEASURE_WITH_UNIT (LENGTH_MEASURE( 1.000000000000000082E-05 ), #3036, 'distance_accuracy_value', 'NONE');
#3097 = AXIS2_PLACEMENT_3D ( 'NONE', #3550, #3184, #1643 ) ;
#3098 = PLANE ( 'NONE',  #2853 ) ;
#3099 = ORIENTED_EDGE ( 'NONE', *, *, #3892, .F. ) ;
#3100 = AXIS2_PLACEMENT_3D ( 'NONE', #3215, #3509, #748 ) ;
#3101 =( NAMED_UNIT ( * ) PLANE_ANGLE_UNIT ( ) SI_UNIT ( $, .RADIAN. ) );
#3102 = COLOUR_RGB ( '',0.7764705882352941346, 0.7568627450980391913, 0.7372549019607843590 ) ;
#3103 = FILL_AREA_STYLE_COLOUR ( '', #3095 ) ;
#3104 = VERTEX_POINT ( 'NONE', #3915 ) ;
#3105 = AXIS2_PLACEMENT_3D ( 'NONE', #2157, #2194, #700 ) ;
#3106 = EDGE_CURVE ( 'NONE', #709, #3741, #3605, .T. ) ;
#3107 = MECHANICAL_DESIGN_GEOMETRIC_PRESENTATION_REPRESENTATION (  '', ( #2123 ), #3758 ) ;
#3108 =( NAMED_UNIT ( * ) PLANE_ANGLE_UNIT ( ) SI_UNIT ( $, .RADIAN. ) );
#3109 = PRESENTATION_LAYER_ASSIGNMENT (  '', '', ( #2066 ) ) ;
#3110 = AXIS2_PLACEMENT_3D ( 'NONE', #1528, #1911, #3459 ) ;
#3111 = DIRECTION ( 'NONE',  ( 3.223082373619878746E-17, 4.598590846719930620E-17, 1.000000000000000000 ) ) ;
#3112 = DIRECTION ( 'NONE',  ( 0.5289933802149010544, 0.8486259503979436403, -3.644818576958854598E-17 ) ) ;
#3113 = ORIENTED_EDGE ( 'NONE', *, *, #2431, .F. ) ;
#3114 =( LENGTH_UNIT ( ) NAMED_UNIT ( * ) SI_UNIT ( .MILLI., .METRE. ) );
#3115 = ORIENTED_EDGE ( 'NONE', *, *, #998, .T. ) ;
#3116 = CIRCLE ( 'NONE', #3704, 4.500000000000000000 ) ;
#3117 =( LENGTH_UNIT ( ) NAMED_UNIT ( * ) SI_UNIT ( .MILLI., .METRE. ) );
#3118 = CARTESIAN_POINT ( 'NONE',  ( 58.20155193755812206, 18.73757709136154759, 1.734723475976807094E-15 ) ) ;
#3119 = VECTOR ( 'NONE', #1908, 1000.000000000000000 ) ;
#3120 = SURFACE_SIDE_STYLE ('',( #3468 ) ) ;
#3121 = AXIS2_PLACEMENT_3D ( 'NONE', #1412, #158, #469 ) ;
#3122 = VERTEX_POINT ( 'NONE', #551 ) ;
#3123 = CYLINDRICAL_SURFACE ( 'NONE', #2057, 2.999999999999999556 ) ;
#3124 = CARTESIAN_POINT ( 'NONE',  ( 21.67281267413515167, 6.044765569636400215, -1.188285581044112860E-13 ) ) ;
#3125 = AXIS2_PLACEMENT_3D ( 'NONE', #2752, #3954, #1475 ) ;
#3126 = STYLED_ITEM ( 'NONE', ( #504 ), #313 ) ;
#3127 = AXIS2_PLACEMENT_3D ( 'NONE', #2660, #3817, #1404 ) ;
#3128 = DIRECTION ( 'NONE',  ( 3.223082373619878746E-17, 4.598590846719930620E-17, 1.000000000000000000 ) ) ;
#3129 = PRESENTATION_LAYER_ASSIGNMENT (  '', '', ( #2414 ) ) ;
#3130 = AXIS2_PLACEMENT_3D ( 'NONE', #194, #233, #1947 ) ;
#3131 = ORIENTED_EDGE ( 'NONE', *, *, #596, .T. ) ;
#3132 = CARTESIAN_POINT ( 'NONE',  ( 21.67281267413515167, 6.044765569636400215, 4.999999999999880096 ) ) ;
#3133 =( GEOMETRIC_REPRESENTATION_CONTEXT ( 3 ) GLOBAL_UNCERTAINTY_ASSIGNED_CONTEXT ( ( #2611 ) ) GLOBAL_UNIT_ASSIGNED_CONTEXT ( ( #1679, #186, #2326 ) ) REPRESENTATION_CONTEXT ( 'NONE', 'WORKASPACE' ) );
#3134 = UNCERTAINTY_MEASURE_WITH_UNIT (LENGTH_MEASURE( 1.000000000000000082E-05 ), #3770, 'distance_accuracy_value', 'NONE');
#3135 =( NAMED_UNIT ( * ) SI_UNIT ( $, .STERADIAN. ) SOLID_ANGLE_UNIT ( ) );
#3136 = FILL_AREA_STYLE ('',( #1057 ) ) ;
#3137 = DIRECTION ( 'NONE',  ( 0.6353906706864890230, -0.7721908414404909937, 0.000000000000000000 ) ) ;
#3138 = ORIENTED_EDGE ( 'NONE', *, *, #372, .T. ) ;
#3139 = EDGE_CURVE ( 'NONE', #1903, #3508, #1696, .T. ) ;
#3140 = FILL_AREA_STYLE ('',( #958 ) ) ;
#3141 = ORIENTED_EDGE ( 'NONE', *, *, #3277, .T. ) ;
#3142 =( NAMED_UNIT ( * ) PLANE_ANGLE_UNIT ( ) SI_UNIT ( $, .RADIAN. ) );
#3143 = ADVANCED_FACE ( 'NONE', ( #260 ), #2687, .F. ) ;
#3144 = EDGE_CURVE ( 'NONE', #3529, #2576, #86, .T. ) ;
#3145 = CARTESIAN_POINT ( 'NONE',  ( 95.53554368579312950, -7.508955004902407637, 0.000000000000000000 ) ) ;
#3146 = ORIENTED_EDGE ( 'NONE', *, *, #3881, .F. ) ;
#3147 = VERTEX_POINT ( 'NONE', #1315 ) ;
#3148 =( NAMED_UNIT ( * ) SI_UNIT ( $, .STERADIAN. ) SOLID_ANGLE_UNIT ( ) );
#3149 = DIRECTION ( 'NONE',  ( 3.223082373619878746E-17, 4.598590846719930620E-17, 1.000000000000000000 ) ) ;
#3150 = ADVANCED_FACE ( 'NONE', ( #2534 ), #2500, .T. ) ;
#3151 = VERTEX_POINT ( 'NONE', #3118 ) ;
#3152 = FILL_AREA_STYLE ('',( #1337 ) ) ;
#3153 = DIRECTION ( 'NONE',  ( 3.223082373619878746E-17, 4.598590846719930620E-17, 1.000000000000000000 ) ) ;
#3154 = DIRECTION ( 'NONE',  ( -0.8343594835823756606, -0.5512206927866111217, 4.723222202963170075E-17 ) ) ;
#3155 = VERTEX_POINT ( 'NONE', #3441 ) ;
#3156 = PRESENTATION_LAYER_ASSIGNMENT (  '', '', ( #3548 ) ) ;
#3157 = SURFACE_STYLE_FILL_AREA ( #781 ) ;
#3158 = EDGE_CURVE ( 'NONE', #2148, #755, #680, .T. ) ;
#3159 = CARTESIAN_POINT ( 'NONE',  ( 21.67281267413515167, 6.044765569636400215, 4.999999999999880096 ) ) ;
#3160 = ORIENTED_EDGE ( 'NONE', *, *, #839, .F. ) ;
#3161 = STYLED_ITEM ( 'NONE', ( #1013 ), #3938 ) ;
#3162 = PRESENTATION_LAYER_ASSIGNMENT (  '', '', ( #1930 ) ) ;
#3163 = FACE_OUTER_BOUND ( 'NONE', #3291, .T. ) ;
#3164 = ORIENTED_EDGE ( 'NONE', *, *, #3182, .F. ) ;
#3165 = COLOUR_RGB ( '',0.7764705882352941346, 0.7568627450980391913, 0.7372549019607843590 ) ;
#3166 = SURFACE_STYLE_USAGE ( .BOTH. , #151 ) ;
#3167 = CARTESIAN_POINT ( 'NONE',  ( 9.397567169272400989, 3.685030882145663433, -1.179611963664228824E-13 ) ) ;
#3168 = PRESENTATION_STYLE_ASSIGNMENT (( #2624 ) ) ;
#3169 = PRESENTATION_LAYER_ASSIGNMENT (  '', '', ( #1998 ) ) ;
#3170 = COLOUR_RGB ( '',0.7764705882352941346, 0.7568627450980391913, 0.7372549019607843590 ) ;
#3171 = ORIENTED_EDGE ( 'NONE', *, *, #2431, .T. ) ;
#3172 =( LENGTH_UNIT ( ) NAMED_UNIT ( * ) SI_UNIT ( .MILLI., .METRE. ) );
#3173 = PRESENTATION_LAYER_ASSIGNMENT (  '', '', ( #2261 ) ) ;
#3174 = UNCERTAINTY_MEASURE_WITH_UNIT (LENGTH_MEASURE( 1.000000000000000082E-05 ), #630, 'distance_accuracy_value', 'NONE');
#3175 = AXIS2_PLACEMENT_3D ( 'NONE', #2041, #3283, #299 ) ;
#3176 = CARTESIAN_POINT ( 'NONE',  ( 21.67281267413515167, 6.044765569636400215, 4.999999999999880096 ) ) ;
#3177 = ORIENTED_EDGE ( 'NONE', *, *, #1835, .T. ) ;
#3178 = FILL_AREA_STYLE_COLOUR ( '', #911 ) ;
#3179 = DIRECTION ( 'NONE',  ( -3.223082373619878746E-17, -4.598590846719930620E-17, -1.000000000000000000 ) ) ;
#3180 = ORIENTED_EDGE ( 'NONE', *, *, #830, .T. ) ;
#3181 = STYLED_ITEM ( 'NONE', ( #1409 ), #808 ) ;
#3182 = EDGE_CURVE ( 'NONE', #1979, #3434, #675, .T. ) ;
#3183 = AXIS2_PLACEMENT_3D ( 'NONE', #1147, #760, #3297 ) ;
#3184 = DIRECTION ( 'NONE',  ( -4.800258967122366038E-17, -1.302709821111998600E-17, -1.000000000000000000 ) ) ;
#3185 = DIRECTION ( 'NONE',  ( -0.8343594835823761047, -0.5512206927866103445, 4.723222202963157133E-17 ) ) ;
#3186 = COLOUR_RGB ( '',0.7764705882352941346, 0.7568627450980391913, 0.7372549019607843590 ) ;
#3187 = ORIENTED_EDGE ( 'NONE', *, *, #648, .T. ) ;
#3188 = ADVANCED_FACE ( 'NONE', ( #1892 ), #352, .T. ) ;
#3189 = FILL_AREA_STYLE_COLOUR ( '', #730 ) ;
#3190 = CARTESIAN_POINT ( 'NONE',  ( 21.67281267413515167, 6.044765569636400215, 4.999999999999880096 ) ) ;
#3191 = VERTEX_POINT ( 'NONE', #717 ) ;
#3192 =( LENGTH_UNIT ( ) NAMED_UNIT ( * ) SI_UNIT ( .MILLI., .METRE. ) );
#3193 = EDGE_CURVE ( 'NONE', #3316, #666, #3709, .T. ) ;
#3194 = CARTESIAN_POINT ( 'NONE',  ( 93.99459158593961661, -19.79706172934445618, 0.000000000000000000 ) ) ;
#3195 = CARTESIAN_POINT ( 'NONE',  ( 28.39581874401277162, 14.20311646506620917, -1.196959198423996895E-13 ) ) ;
#3196 = EDGE_LOOP ( 'NONE', ( #344, #2040, #1283, #2639 ) ) ;
#3197 = CARTESIAN_POINT ( 'NONE',  ( 21.67281267413515167, 6.044765569636400215, -1.188285581044112860E-13 ) ) ;
#3198 = VERTEX_POINT ( 'NONE', #2485 ) ;
#3199 = EDGE_CURVE ( 'NONE', #2964, #1897, #1051, .T. ) ;
#3200 = CARTESIAN_POINT ( 'NONE',  ( 17.96897658064419900, 15.94623506366229293, -1.188285581044112860E-13 ) ) ;
#3201 = CARTESIAN_POINT ( 'NONE',  ( 12.56493313821630942, 0.6778269350177285046, -1.179611963664228824E-13 ) ) ;
#3202 = DIRECTION ( 'NONE',  ( -0.8343594835823755496, -0.5512206927866112327, 4.723222202963162679E-17 ) ) ;
#3203 = CARTESIAN_POINT ( 'NONE',  ( 12.01366920932363591, 6.772247374349776194, 4.999999999999880096 ) ) ;
#3204 = CARTESIAN_POINT ( 'NONE',  ( 15.10796417108450918, 14.33091449905864856, 4.999999999999880096 ) ) ;
#3205 = EDGE_CURVE ( 'NONE', #2780, #1955, #116, .T. ) ;
#3206 = ADVANCED_FACE ( 'NONE', ( #1737 ), #3257, .T. ) ;
#3207 = DIRECTION ( 'NONE',  ( -0.6501250953843462632, -0.7598271911109095722, 5.589541101712798369E-17 ) ) ;
#3208 = LINE ( 'NONE', #3868, #2794 ) ;
#3209 = EDGE_LOOP ( 'NONE', ( #594, #1096, #3965, #3146 ) ) ;
#3210 = DIRECTION ( 'NONE',  ( 0.6353906706864889120, -0.7721908414404912158, 1.503073264317127626E-17 ) ) ;
#3211 = DIRECTION ( 'NONE',  ( -3.223082373619878746E-17, -4.598590846719930620E-17, -1.000000000000000000 ) ) ;
#3212 = CARTESIAN_POINT ( 'NONE',  ( 30.03428467607116659, 15.33647079315916173, 4.999999999999879208 ) ) ;
#3213 = EDGE_LOOP ( 'NONE', ( #933, #761, #58, #3731 ) ) ;
#3214 = UNCERTAINTY_MEASURE_WITH_UNIT (LENGTH_MEASURE( 1.000000000000000082E-05 ), #2363, 'distance_accuracy_value', 'NONE');
#3215 = CARTESIAN_POINT ( 'NONE',  ( 28.23766117718584923, -2.241383359785804164, 4.999999999999880096 ) ) ;
#3216 = FACE_OUTER_BOUND ( 'NONE', #3209, .T. ) ;
#3217 = ORIENTED_EDGE ( 'NONE', *, *, #2537, .T. ) ;
#3218 = DIRECTION ( 'NONE',  ( -0.6501250953843464853, -0.7598271911109094612, 0.000000000000000000 ) ) ;
#3219 = EDGE_LOOP ( 'NONE', ( #538, #1846, #3568, #2782 ) ) ;
#3220 = CARTESIAN_POINT ( 'NONE',  ( 17.80669590705601735, 17.93186534810674360, 4.999999999999880096 ) ) ;
#3221 = VECTOR ( 'NONE', #2922, 1000.000000000000000 ) ;
#3222 = PRESENTATION_STYLE_ASSIGNMENT (( #766 ) ) ;
#3223 = LINE ( 'NONE', #3551, #1776 ) ;
#3224 = EDGE_CURVE ( 'NONE', #2793, #1808, #1624, .T. ) ;
#3225 = AXIS2_PLACEMENT_3D ( 'NONE', #13, #1302, #2198 ) ;
#3226 = STYLED_ITEM ( 'NONE', ( #3655 ), #1728 ) ;
#3227 = SURFACE_SIDE_STYLE ('',( #2622 ) ) ;
#3228 = EDGE_CURVE ( 'NONE', #1823, #22, #1443, .T. ) ;
#3229 = CARTESIAN_POINT ( 'NONE',  ( 29.61519605771626473, -3.607619948369740648, -1.186406739463716500E-13 ) ) ;
#3230 = MECHANICAL_DESIGN_GEOMETRIC_PRESENTATION_REPRESENTATION (  '', ( #2712 ), #3044 ) ;
#3231 =( GEOMETRIC_REPRESENTATION_CONTEXT ( 3 ) GLOBAL_UNCERTAINTY_ASSIGNED_CONTEXT ( ( #1398 ) ) GLOBAL_UNIT_ASSIGNED_CONTEXT ( ( #3467, #75, #3772 ) ) REPRESENTATION_CONTEXT ( 'NONE', 'WORKASPACE' ) );
#3232 = ORIENTED_EDGE ( 'NONE', *, *, #59, .T. ) ;
#3233 = FACE_OUTER_BOUND ( 'NONE', #607, .T. ) ;
#3234 = CARTESIAN_POINT ( 'NONE',  ( 21.67281267413515167, 6.044765569636400215, -1.188285581044112860E-13 ) ) ;
#3235 = DIRECTION ( 'NONE',  ( 0.6353906706864889120, -0.7721908414404911047, 1.503073264317007448E-17 ) ) ;
#3236 = PRESENTATION_STYLE_ASSIGNMENT (( #3259 ) ) ;
#3237 = FILL_AREA_STYLE_COLOUR ( '', #1461 ) ;
#3238 = CIRCLE ( 'NONE', #1111, 4.500000000000000000 ) ;
#3239 = VECTOR ( 'NONE', #2251, 1000.000000000000000 ) ;
#3240 = CARTESIAN_POINT ( 'NONE',  ( 21.67281267413515167, 6.044765569636400215, 4.999999999999880096 ) ) ;
#3241 = EDGE_LOOP ( 'NONE', ( #1020, #2479, #2415, #1325 ) ) ;
#3242 =( GEOMETRIC_REPRESENTATION_CONTEXT ( 3 ) GLOBAL_UNCERTAINTY_ASSIGNED_CONTEXT ( ( #374 ) ) GLOBAL_UNIT_ASSIGNED_CONTEXT ( ( #3192, #1610, #51 ) ) REPRESENTATION_CONTEXT ( 'NONE', 'WORKASPACE' ) );
#3243 = SURFACE_SIDE_STYLE ('',( #1400 ) ) ;
#3244 = VERTEX_POINT ( 'NONE', #1651 ) ;
#3245 = SURFACE_STYLE_USAGE ( .BOTH. , #3547 ) ;
#3246 = STYLED_ITEM ( 'NONE', ( #454 ), #3017 ) ;
#3247 = ORIENTED_EDGE ( 'NONE', *, *, #205, .F. ) ;
#3248 = VECTOR ( 'NONE', #2991, 1000.000000000000000 ) ;
#3249 = DIRECTION ( 'NONE',  ( -0.3510415499139109552, -0.9363598828623742598, 5.437371818502607064E-17 ) ) ;
#3250 = DIRECTION ( 'NONE',  ( 0.000000000000000000, 1.000000000000000000, 0.000000000000000000 ) ) ;
#3251 = CIRCLE ( 'NONE', #185, 12.50000000000000533 ) ;
#3252 = CARTESIAN_POINT ( 'NONE',  ( 21.57884724396267373, 16.61588993965987626, -1.188285581044112860E-13 ) ) ;
#3253 = DIRECTION ( 'NONE',  ( -0.8343594835823754385, -0.5512206927866114547, 4.723222202963166994E-17 ) ) ;
#3254 = DIRECTION ( 'NONE',  ( 0.6353906706864835829, -0.7721908414404955456, 1.503073264317127626E-17 ) ) ;
#3255 = AXIS2_PLACEMENT_3D ( 'NONE', #973, #96, #76 ) ;
#3256 = ORIENTED_EDGE ( 'NONE', *, *, #106, .F. ) ;
#3257 = CYLINDRICAL_SURFACE ( 'NONE', #810, 4.500000000000000000 ) ;
#3258 =( GEOMETRIC_REPRESENTATION_CONTEXT ( 3 ) GLOBAL_UNCERTAINTY_ASSIGNED_CONTEXT ( ( #333 ) ) GLOBAL_UNIT_ASSIGNED_CONTEXT ( ( #2223, #3756, #419 ) ) REPRESENTATION_CONTEXT ( 'NONE', 'WORKASPACE' ) );
#3259 = SURFACE_STYLE_USAGE ( .BOTH. , #1993 ) ;
#3260 = SURFACE_STYLE_USAGE ( .BOTH. , #3590 ) ;
#3261 = ORIENTED_EDGE ( 'NONE', *, *, #1031, .F. ) ;
#3262 = UNCERTAINTY_MEASURE_WITH_UNIT (LENGTH_MEASURE( 1.000000000000000082E-05 ), #3117, 'distance_accuracy_value', 'NONE');
#3263 = EDGE_CURVE ( 'NONE', #1897, #3191, #1950, .T. ) ;
#3264 = EDGE_CURVE ( 'NONE', #3775, #85, #560, .T. ) ;
#3265 = DIRECTION ( 'NONE',  ( 0.9830921976803952411, -0.1831112526851658429, 0.000000000000000000 ) ) ;
#3266 = CARTESIAN_POINT ( 'NONE',  ( 28.69089059545283504, -0.6316754388885156279, 3.219535689934705822E-15 ) ) ;
#3267 = CYLINDRICAL_SURFACE ( 'NONE', #3130, 4.500000000000000000 ) ;
#3268 =( NAMED_UNIT ( * ) SI_UNIT ( $, .STERADIAN. ) SOLID_ANGLE_UNIT ( ) );
#3269 = SURFACE_SIDE_STYLE ('',( #255 ) ) ;
#3270 = AXIS2_PLACEMENT_3D ( 'NONE', #2108, #309, #1848 ) ;
#3271 = DIRECTION ( 'NONE',  ( 0.8343594835823756606, 0.5512206927866111217, -4.723222202963157749E-17 ) ) ;
#3272 = LINE ( 'NONE', #1735, #2088 ) ;
#3273 = ORIENTED_EDGE ( 'NONE', *, *, #3312, .F. ) ;
#3274 = CARTESIAN_POINT ( 'NONE',  ( 14.94980660425758856, -2.113585325793456704, -1.179611963664228824E-13 ) ) ;
#3275 = DIRECTION ( 'NONE',  ( 3.223082373619878746E-17, 4.598590846719930620E-17, 1.000000000000000000 ) ) ;
#3276 = CARTESIAN_POINT ( 'NONE',  ( 14.94980660425758856, -2.113585325793456704, -1.179611963664228824E-13 ) ) ;
#3277 = EDGE_CURVE ( 'NONE', #1314, #2473, #798, .T. ) ;
#3278 = FACE_OUTER_BOUND ( 'NONE', #1849, .T. ) ;
#3279 =( NAMED_UNIT ( * ) SI_UNIT ( $, .STERADIAN. ) SOLID_ANGLE_UNIT ( ) );
#3280 = ORIENTED_EDGE ( 'NONE', *, *, #1711, .F. ) ;
#3281 =( NAMED_UNIT ( * ) SI_UNIT ( $, .STERADIAN. ) SOLID_ANGLE_UNIT ( ) );
#3282 =( NAMED_UNIT ( * ) PLANE_ANGLE_UNIT ( ) SI_UNIT ( $, .RADIAN. ) );
#3283 = DIRECTION ( 'NONE',  ( -4.800258967122366038E-17, -1.302709821111998600E-17, -1.000000000000000000 ) ) ;
#3284 = STYLED_ITEM ( 'NONE', ( #3236 ), #1721 ) ;
#3285 = CARTESIAN_POINT ( 'NONE',  ( 16.36812686900232805, 14.14961539914109956, -1.188285581044112860E-13 ) ) ;
#3286 = SURFACE_SIDE_STYLE ('',( #1465 ) ) ;
#3287 = CYLINDRICAL_SURFACE ( 'NONE', #2129, 4.500000000000000000 ) ;
#3288 = DIRECTION ( 'NONE',  ( 0.9830921976803952411, -0.1831112526851658429, -2.326533403457361424E-17 ) ) ;
#3289 = AXIS2_PLACEMENT_3D ( 'NONE', #2874, #442, #2525 ) ;
#3290 = EDGE_CURVE ( 'NONE', #1928, #3122, #3375, .T. ) ;
#3291 = EDGE_LOOP ( 'NONE', ( #1214, #1649, #966, #3857 ) ) ;
#3292 = DIRECTION ( 'NONE',  ( -3.223082373619878746E-17, -4.598590846719930620E-17, -1.000000000000000000 ) ) ;
#3293 = DIRECTION ( 'NONE',  ( -3.223082373619878746E-17, -4.598590846719930620E-17, -1.000000000000000000 ) ) ;
#3294 = CARTESIAN_POINT ( 'NONE',  ( 21.67281267413489942, 7.544765569636153302, 4.999999999999999112 ) ) ;
#3295 = AXIS2_PLACEMENT_3D ( 'NONE', #1787, #216, #3304 ) ;
#3296 = LINE ( 'NONE', #2950, #1984 ) ;
#3297 = DIRECTION ( 'NONE',  ( 0.8343594835823756606, 0.5512206927866111217, -4.723222202963157749E-17 ) ) ;
#3298 = PRESENTATION_LAYER_ASSIGNMENT (  '', '', ( #1554 ) ) ;
#3299 = CARTESIAN_POINT ( 'NONE',  ( 14.94980660425758856, -2.113585325793456704, 4.999999999999880984 ) ) ;
#3300 = ORIENTED_EDGE ( 'NONE', *, *, #226, .F. ) ;
#3301 = CARTESIAN_POINT ( 'NONE',  ( 29.61519605771626473, -3.607619948369740648, 4.999999999999880096 ) ) ;
#3302 = AXIS2_PLACEMENT_3D ( 'NONE', #3274, #3828, #3210 ) ;
#3303 = CARTESIAN_POINT ( 'NONE',  ( 26.12827170176150915, -5.634227745420462341, 2.499999999999880984 ) ) ;
#3304 = DIRECTION ( 'NONE',  ( 0.6353906706864890230, -0.7721908414404909937, 0.000000000000000000 ) ) ;
#3305 = DIRECTION ( 'NONE',  ( 0.6353906706864889120, -0.7721908414404911047, 1.503073264317007448E-17 ) ) ;
#3306 = SURFACE_STYLE_USAGE ( .BOTH. , #2370 ) ;
#3307 = CARTESIAN_POINT ( 'NONE',  ( 21.67281267413515167, 6.044765569636400215, 4.999999999999880096 ) ) ;
#3308 = ORIENTED_EDGE ( 'NONE', *, *, #385, .F. ) ;
#3309 = VECTOR ( 'NONE', #2967, 1000.000000000000000 ) ;
#3310 = SURFACE_STYLE_USAGE ( .BOTH. , #1485 ) ;
#3311 = ORIENTED_EDGE ( 'NONE', *, *, #2953, .F. ) ;
#3312 = EDGE_CURVE ( 'NONE', #330, #2456, #2597, .T. ) ;
#3313 = CARTESIAN_POINT ( 'NONE',  ( 25.87236668286821484, -2.684038952045481263, -1.188285581044112860E-13 ) ) ;
#3314 = CIRCLE ( 'NONE', #2992, 9.686500000000002331 ) ;
#3315 =( NAMED_UNIT ( * ) SI_UNIT ( $, .STERADIAN. ) SOLID_ANGLE_UNIT ( ) );
#3316 = VERTEX_POINT ( 'NONE', #1145 ) ;
#3317 = CARTESIAN_POINT ( 'NONE',  ( 23.88556488048605075, -3.385611407096249970, 4.999999999999880096 ) ) ;
#3318 =( LENGTH_UNIT ( ) NAMED_UNIT ( * ) SI_UNIT ( .MILLI., .METRE. ) );
#3319 = MECHANICAL_DESIGN_GEOMETRIC_PRESENTATION_REPRESENTATION (  '', ( #2087 ), #1260 ) ;
#3320 =( NAMED_UNIT ( * ) SI_UNIT ( $, .STERADIAN. ) SOLID_ANGLE_UNIT ( ) );
#3321 = CIRCLE ( 'NONE', #1878, 4.499999999999999112 ) ;
#3322 = CIRCLE ( 'NONE', #380, 4.500000000000000000 ) ;
#3323 = PRESENTATION_STYLE_ASSIGNMENT (( #2023 ) ) ;
#3324 = ORIENTED_EDGE ( 'NONE', *, *, #3437, .F. ) ;
#3325 = CYLINDRICAL_SURFACE ( 'NONE', #3644, 4.500000000000000000 ) ;
#3326 = AXIS2_PLACEMENT_3D ( 'NONE', #888, #1838, #1183 ) ;
#3327 = EDGE_CURVE ( 'NONE', #709, #1717, #3711, .T. ) ;
#3328 =( GEOMETRIC_REPRESENTATION_CONTEXT ( 3 ) GLOBAL_UNCERTAINTY_ASSIGNED_CONTEXT ( ( #1511 ) ) GLOBAL_UNIT_ASSIGNED_CONTEXT ( ( #2287, #768, #1090 ) ) REPRESENTATION_CONTEXT ( 'NONE', 'WORKASPACE' ) );
#3329 = DIRECTION ( 'NONE',  ( 4.800258967122366038E-17, 1.302709821111998600E-17, 1.000000000000000000 ) ) ;
#3330 = FACE_OUTER_BOUND ( 'NONE', #3783, .T. ) ;
#3331 = VECTOR ( 'NONE', #2383, 1000.000000000000000 ) ;
#3332 = SURFACE_STYLE_USAGE ( .BOTH. , #2985 ) ;
#3333 = ORIENTED_EDGE ( 'NONE', *, *, #84, .T. ) ;
#3334 = FILL_AREA_STYLE_COLOUR ( '', #2128 ) ;
#3335 = CARTESIAN_POINT ( 'NONE',  ( 13.49159973614548669, 15.49557267079292799, 2.499999999999880984 ) ) ;
#3336 = PRESENTATION_STYLE_ASSIGNMENT (( #3032 ) ) ;
#3337 = VERTEX_POINT ( 'NONE', #1990 ) ;
#3338 = LINE ( 'NONE', #2691, #2516 ) ;
#3339 = DIRECTION ( 'NONE',  ( -3.223082373619878746E-17, -4.598590846719930620E-17, -1.000000000000000000 ) ) ;
#3340 = UNCERTAINTY_MEASURE_WITH_UNIT (LENGTH_MEASURE( 1.000000000000000082E-05 ), #3355, 'distance_accuracy_value', 'NONE');
#3341 = SURFACE_STYLE_FILL_AREA ( #1104 ) ;
#3342 = CARTESIAN_POINT ( 'NONE',  ( 21.67281267413515167, 6.044765569636400215, 4.999999999999880096 ) ) ;
#3343 = EDGE_CURVE ( 'NONE', #209, #884, #2602, .T. ) ;
#3344 = EDGE_LOOP ( 'NONE', ( #2314, #223, #2239, #1199 ) ) ;
#3345 = SURFACE_STYLE_FILL_AREA ( #1496 ) ;
#3346 = DIRECTION ( 'NONE',  ( 0.6353906706864889120, -0.7721908414404911047, 1.503073264317007448E-17 ) ) ;
#3347 = FILL_AREA_STYLE_COLOUR ( '', #3665 ) ;
#3348 = AXIS2_PLACEMENT_3D ( 'NONE', #3276, #2969, #3950 ) ;
#3349 = ORIENTED_EDGE ( 'NONE', *, *, #823, .T. ) ;
#3350 =( NAMED_UNIT ( * ) PLANE_ANGLE_UNIT ( ) SI_UNIT ( $, .RADIAN. ) );
#3351 = ORIENTED_EDGE ( 'NONE', *, *, #3061, .F. ) ;
#3352 = MECHANICAL_DESIGN_GEOMETRIC_PRESENTATION_REPRESENTATION (  '', ( #1101 ), #2765 ) ;
#3353 = DIRECTION ( 'NONE',  ( -3.223082373619878746E-17, -4.598590846719930620E-17, -1.000000000000000000 ) ) ;
#3354 = AXIS2_PLACEMENT_3D ( 'NONE', #3608, #554, #850 ) ;
#3355 =( LENGTH_UNIT ( ) NAMED_UNIT ( * ) SI_UNIT ( .MILLI., .METRE. ) );
#3356 = ORIENTED_EDGE ( 'NONE', *, *, #3228, .T. ) ;
#3357 = CARTESIAN_POINT ( 'NONE',  ( 11.21437295018893465, 4.502514458709399925, -1.179611963664228824E-13 ) ) ;
#3358 = CIRCLE ( 'NONE', #3686, 12.50000000000000533 ) ;
#3359 = EDGE_CURVE ( 'NONE', #3198, #3537, #3447, .T. ) ;
#3360 = STYLED_ITEM ( 'NONE', ( #1929 ), #2163 ) ;
#3361 = SURFACE_STYLE_USAGE ( .BOTH. , #1243 ) ;
#3362 = PRESENTATION_LAYER_ASSIGNMENT (  '', '', ( #1172 ) ) ;
#3363 =( GEOMETRIC_REPRESENTATION_CONTEXT ( 3 ) GLOBAL_UNCERTAINTY_ASSIGNED_CONTEXT ( ( #500 ) ) GLOBAL_UNIT_ASSIGNED_CONTEXT ( ( #2477, #3108, #386 ) ) REPRESENTATION_CONTEXT ( 'NONE', 'WORKASPACE' ) );
#3364 = VERTEX_POINT ( 'NONE', #2931 ) ;
#3365 = DIRECTION ( 'NONE',  ( 0.6353906706864890230, -0.7721908414404909937, 1.503073264317039496E-17 ) ) ;
#3366 = AXIS2_PLACEMENT_3D ( 'NONE', #1474, #2763, #2133 ) ;
#3367 = AXIS2_PLACEMENT_3D ( 'NONE', #3176, #991, #1324 ) ;
#3368 =( NAMED_UNIT ( * ) PLANE_ANGLE_UNIT ( ) SI_UNIT ( $, .RADIAN. ) );
#3369 = AXIS2_PLACEMENT_3D ( 'NONE', #2126, #2746, #1156 ) ;
#3370 = CIRCLE ( 'NONE', #3569, 4.500000000000000000 ) ;
#3371 = ORIENTED_EDGE ( 'NONE', *, *, #2739, .T. ) ;
#3372 = DIRECTION ( 'NONE',  ( 3.223082373619878746E-17, 4.598590846719930620E-17, 1.000000000000000000 ) ) ;
#3373 = ORIENTED_EDGE ( 'NONE', *, *, #1121, .F. ) ;
#3374 = STYLED_ITEM ( 'NONE', ( #3653 ), #3143 ) ;
#3375 = CIRCLE ( 'NONE', #613, 12.50000000000000533 ) ;
#3376 = ORIENTED_EDGE ( 'NONE', *, *, #1406, .T. ) ;
#3377 = CARTESIAN_POINT ( 'NONE',  ( 21.57884724396267373, 16.61588993965987626, 4.999999999999879208 ) ) ;
#3378 = AXIS2_PLACEMENT_3D ( 'NONE', #1154, #3722, #3621 ) ;
#3379 = PRESENTATION_LAYER_ASSIGNMENT (  '', '', ( #2143 ) ) ;
#3380 = DIRECTION ( 'NONE',  ( 3.223082373619878746E-17, 4.598590846719930620E-17, 1.000000000000000000 ) ) ;
#3381 = CARTESIAN_POINT ( 'NONE',  ( 21.86512367709430649, -6.453755001940898239, 2.499999999999881428 ) ) ;
#3382 = AXIS2_PLACEMENT_3D ( 'NONE', #3420, #3776, #975 ) ;
#3383 = CARTESIAN_POINT ( 'NONE',  ( 63.44821181711495228, 10.79756874169068759, 1.805571809021250751E-15 ) ) ;
#3384 = VERTEX_POINT ( 'NONE', #1394 ) ;
#3385 = SURFACE_STYLE_USAGE ( .BOTH. , #3831 ) ;
#3386 = CIRCLE ( 'NONE', #2090, 1.500000000000000444 ) ;
#3387 = FACE_BOUND ( 'NONE', #3935, .T. ) ;
#3388 = CARTESIAN_POINT ( 'NONE',  ( 18.14557382332835545, -3.920980064180012103, -1.179611963664228824E-13 ) ) ;
#3389 = EDGE_LOOP ( 'NONE', ( #3794, #924, #1469, #1495 ) ) ;
#3390 = STYLED_ITEM ( 'NONE', ( #1332 ), #14 ) ;
#3391 = SURFACE_STYLE_FILL_AREA ( #2185 ) ;
#3392 = VERTEX_POINT ( 'NONE', #2016 ) ;
#3393 = EDGE_CURVE ( 'NONE', #2872, #3316, #1375, .T. ) ;
#3394 = ORIENTED_EDGE ( 'NONE', *, *, #1891, .F. ) ;
#3395 = DIRECTION ( 'NONE',  ( 3.223082373619878746E-17, 4.598590846719930620E-17, 1.000000000000000000 ) ) ;
#3396 =( NAMED_UNIT ( * ) SI_UNIT ( $, .STERADIAN. ) SOLID_ANGLE_UNIT ( ) );
#3397 = ORIENTED_EDGE ( 'NONE', *, *, #2125, .F. ) ;
#3398 = CARTESIAN_POINT ( 'NONE',  ( 19.46006046778431653, 15.47514254636906550, 4.999999999999880096 ) ) ;
#3399 = DIRECTION ( 'NONE',  ( 3.223082373619878746E-17, 4.598590846719930620E-17, 1.000000000000000000 ) ) ;
#3400 = EDGE_CURVE ( 'NONE', #2793, #330, #2049, .T. ) ;
#3401 = EDGE_LOOP ( 'NONE', ( #2561, #2001, #1148, #1142 ) ) ;
#3402 = CYLINDRICAL_SURFACE ( 'NONE', #367, 2.999999999999999556 ) ;
#3403 = CARTESIAN_POINT ( 'NONE',  ( 97.05394258709371513, -2.319284462422221527, 0.000000000000000000 ) ) ;
#3404 = DIRECTION ( 'NONE',  ( -0.9876251117499666998, -0.1568331554259681515, 4.945164390682398972E-17 ) ) ;
#3405 = ORIENTED_EDGE ( 'NONE', *, *, #1532, .F. ) ;
#3406 = PRESENTATION_STYLE_ASSIGNMENT (( #2855 ) ) ;
#3407 = DIRECTION ( 'NONE',  ( 3.223082373619878746E-17, 4.598590846719930620E-17, 1.000000000000000000 ) ) ;
#3408 = FILL_AREA_STYLE ('',( #1313 ) ) ;
#3409 = SURFACE_SIDE_STYLE ('',( #425 ) ) ;
#3410 = VERTEX_POINT ( 'NONE', #3488 ) ;
#3411 = MECHANICAL_DESIGN_GEOMETRIC_PRESENTATION_REPRESENTATION (  '', ( #3284 ), #1239 ) ;
#3412 = CARTESIAN_POINT ( 'NONE',  ( 93.41370018839785416, -1.624471695647859315, 4.999999999999999112 ) ) ;
#3413 = EDGE_LOOP ( 'NONE', ( #245, #1546, #1339, #3187 ) ) ;
#3414 = CIRCLE ( 'NONE', #3816, 4.499999999999999112 ) ;
#3415 = CARTESIAN_POINT ( 'NONE',  ( 21.67281267413515167, 6.044765569636401104, 14.99999999999988098 ) ) ;
#3416 = AXIS2_PLACEMENT_3D ( 'NONE', #507, #3515, #2330 ) ;
#3417 = VECTOR ( 'NONE', #165, 1000.000000000000000 ) ;
#3418 = FACE_OUTER_BOUND ( 'NONE', #1447, .T. ) ;
#3419 = ORIENTED_EDGE ( 'NONE', *, *, #430, .T. ) ;
#3420 = CARTESIAN_POINT ( 'NONE',  ( 17.96897658064419900, 15.94623506366229293, 4.999999999999880096 ) ) ;
#3421 = PRESENTATION_LAYER_ASSIGNMENT (  '', '', ( #3041 ) ) ;
#3422 = DIRECTION ( 'NONE',  ( -4.800258967122366038E-17, -1.302709821111998600E-17, -1.000000000000000000 ) ) ;
#3423 = ORIENTED_EDGE ( 'NONE', *, *, #3312, .T. ) ;
#3424 = PRESENTATION_STYLE_ASSIGNMENT (( #996 ) ) ;
#3425 = MECHANICAL_DESIGN_GEOMETRIC_PRESENTATION_REPRESENTATION (  '', ( #664 ), #1863 ) ;
#3426 = VECTOR ( 'NONE', #376, 1000.000000000000000 ) ;
#3427 = COLOUR_RGB ( '',0.7764705882352941346, 0.7568627450980391913, 0.7372549019607843590 ) ;
#3428 = PRESENTATION_LAYER_ASSIGNMENT (  '', '', ( #2123 ) ) ;
#3429 = CARTESIAN_POINT ( 'NONE',  ( 29.37140164121511532, -3.803164563947751819, -1.188285581044112860E-13 ) ) ;
#3430 = VECTOR ( 'NONE', #1985, 1000.000000000000000 ) ;
#3431 = CARTESIAN_POINT ( 'NONE',  ( 99.87901213735517558, -3.328730863270483287, 0.000000000000000000 ) ) ;
#3432 = CIRCLE ( 'NONE', #3367, 9.686500000000000554 ) ;
#3433 = SURFACE_SIDE_STYLE ('',( #653 ) ) ;
#3434 = VERTEX_POINT ( 'NONE', #1645 ) ;
#3435 = STYLED_ITEM ( 'NONE', ( #2912 ), #1477 ) ;
#3436 = FILL_AREA_STYLE ('',( #1847 ) ) ;
#3437 = EDGE_CURVE ( 'NONE', #2454, #1609, #247, .T. ) ;
#3438 = ORIENTED_EDGE ( 'NONE', *, *, #3449, .T. ) ;
#3439 = COLOUR_RGB ( '',0.7764705882352941346, 0.7568627450980391913, 0.7372549019607843590 ) ;
#3440 = PRESENTATION_STYLE_ASSIGNMENT (( #371 ) ) ;
#3441 = CARTESIAN_POINT ( 'NONE',  ( 17.21735364650887234, 17.72375888469329297, -1.188285581044112860E-13 ) ) ;
#3442 =( NAMED_UNIT ( * ) PLANE_ANGLE_UNIT ( ) SI_UNIT ( $, .RADIAN. ) );
#3443 = CARTESIAN_POINT ( 'NONE',  ( 14.61224274819621805, -0.5867225417098544948, 4.999999999999880984 ) ) ;
#3444 = AXIS2_PLACEMENT_3D ( 'NONE', #2626, #3869, #2313 ) ;
#3445 = ADVANCED_FACE ( 'NONE', ( #2880 ), #3535, .T. ) ;
#3446 =( LENGTH_UNIT ( ) NAMED_UNIT ( * ) SI_UNIT ( .MILLI., .METRE. ) );
#3447 = CIRCLE ( 'NONE', #743, 9.686500000000000554 ) ;
#3448 = ORIENTED_EDGE ( 'NONE', *, *, #3714, .F. ) ;
#3449 = EDGE_CURVE ( 'NONE', #2421, #2780, #2924, .T. ) ;
#3450 = AXIS2_PLACEMENT_3D ( 'NONE', #3195, #2821, #1032 ) ;
#3451 = DIRECTION ( 'NONE',  ( 3.223082373619878746E-17, 4.598590846719930620E-17, 1.000000000000000000 ) ) ;
#3452 = ORIENTED_EDGE ( 'NONE', *, *, #3086, .T. ) ;
#3453 = FILL_AREA_STYLE_COLOUR ( '', #2675 ) ;
#3454 = ADVANCED_FACE ( 'NONE', ( #424 ), #769, .T. ) ;
#3455 = ORIENTED_EDGE ( 'NONE', *, *, #3139, .F. ) ;
#3456 = CARTESIAN_POINT ( 'NONE',  ( 66.82364638326632189, -0.5579346353762216770, 1.734723475976807094E-15 ) ) ;
#3457 = CIRCLE ( 'NONE', #1385, 1.500000000000016653 ) ;
#3458 = EDGE_CURVE ( 'NONE', #3537, #2254, #3841, .T. ) ;
#3459 = DIRECTION ( 'NONE',  ( 0.8343594835823765488, 0.5512206927866094563, -4.723222202963152202E-17 ) ) ;
#3460 =( NAMED_UNIT ( * ) PLANE_ANGLE_UNIT ( ) SI_UNIT ( $, .RADIAN. ) );
#3461 = ORIENTED_EDGE ( 'NONE', *, *, #3779, .T. ) ;
#3462 = PRESENTATION_STYLE_ASSIGNMENT (( #432 ) ) ;
#3463 = EDGE_CURVE ( 'NONE', #346, #1928, #1562, .T. ) ;
#3464 = CARTESIAN_POINT ( 'NONE',  ( 14.94980660425758856, -2.113585325793456704, 4.999999999999880984 ) ) ;
#3465 = VECTOR ( 'NONE', #3080, 1000.000000000000000 ) ;
#3466 = UNCERTAINTY_MEASURE_WITH_UNIT (LENGTH_MEASURE( 1.000000000000000082E-05 ), #3, 'distance_accuracy_value', 'NONE');
#3467 =( LENGTH_UNIT ( ) NAMED_UNIT ( * ) SI_UNIT ( .MILLI., .METRE. ) );
#3468 = SURFACE_STYLE_FILL_AREA ( #3788 ) ;
#3469 = ORIENTED_EDGE ( 'NONE', *, *, #937, .T. ) ;
#3470 = SURFACE_STYLE_USAGE ( .BOTH. , #1359 ) ;
#3471 = ORIENTED_EDGE ( 'NONE', *, *, #3400, .F. ) ;
#3472 = UNCERTAINTY_MEASURE_WITH_UNIT (LENGTH_MEASURE( 1.000000000000000082E-05 ), #3318, 'distance_accuracy_value', 'NONE');
#3473 = ADVANCED_FACE ( 'NONE', ( #130, #1019, #3600, #854, #3577, #838 ), #3098, .T. ) ;
#3474 = CARTESIAN_POINT ( 'NONE',  ( 19.46006046778431653, 15.47514254636906550, -1.188285581044112860E-13 ) ) ;
#3475 = ORIENTED_EDGE ( 'NONE', *, *, #3359, .F. ) ;
#3476 = CARTESIAN_POINT ( 'NONE',  ( 21.67281267413515167, 6.044765569636400215, 4.999999999999880096 ) ) ;
#3477 =( NAMED_UNIT ( * ) SI_UNIT ( $, .STERADIAN. ) SOLID_ANGLE_UNIT ( ) );
#3478 = VERTEX_POINT ( 'NONE', #357 ) ;
#3479 = DIRECTION ( 'NONE',  ( 0.6353906706864889120, -0.7721908414404912158, 1.503073264317127626E-17 ) ) ;
#3480 = DIRECTION ( 'NONE',  ( 3.223082373619878746E-17, 4.598590846719930620E-17, 1.000000000000000000 ) ) ;
#3481 = VERTEX_POINT ( 'NONE', #3383 ) ;
#3482 = CARTESIAN_POINT ( 'NONE',  ( 21.67281267413515167, 6.044765569636400215, 4.999999999999880096 ) ) ;
#3483 = ORIENTED_EDGE ( 'NONE', *, *, #1835, .F. ) ;
#3484 = VECTOR ( 'NONE', #2470, 1000.000000000000000 ) ;
#3485 = CIRCLE ( 'NONE', #29, 3.000000000000002220 ) ;
#3486 = CARTESIAN_POINT ( 'NONE',  ( 11.31761309460525666, 8.172520634646387450, -1.188285581044112860E-13 ) ) ;
#3487 = CARTESIAN_POINT ( 'NONE',  ( 93.41370018839785416, -1.624471695647859315, 0.000000000000000000 ) ) ;
#3488 = CARTESIAN_POINT ( 'NONE',  ( 16.99354948729694925, -5.546373115941514165, 4.999999999999880984 ) ) ;
#3489 = AXIS2_PLACEMENT_3D ( 'NONE', #2217, #3153, #1870 ) ;
#3490 = VERTEX_POINT ( 'NONE', #2791 ) ;
#3491 =( NAMED_UNIT ( * ) PLANE_ANGLE_UNIT ( ) SI_UNIT ( $, .RADIAN. ) );
#3492 =( NAMED_UNIT ( * ) PLANE_ANGLE_UNIT ( ) SI_UNIT ( $, .RADIAN. ) );
#3493 = DIRECTION ( 'NONE',  ( 0.6353906706864835829, -0.7721908414404955456, 1.503073264317007448E-17 ) ) ;
#3494 =( GEOMETRIC_REPRESENTATION_CONTEXT ( 3 ) GLOBAL_UNCERTAINTY_ASSIGNED_CONTEXT ( ( #3262 ) ) GLOBAL_UNIT_ASSIGNED_CONTEXT ( ( #3117, #660, #1933 ) ) REPRESENTATION_CONTEXT ( 'NONE', 'WORKASPACE' ) );
#3495 = CIRCLE ( 'NONE', #36, 12.50000000000000533 ) ;
#3496 = CIRCLE ( 'NONE', #3899, 1.500000000000016653 ) ;
#3497 = CYLINDRICAL_SURFACE ( 'NONE', #2669, 9.686500000000002331 ) ;
#3498 = ORIENTED_EDGE ( 'NONE', *, *, #30, .T. ) ;
#3499 = CARTESIAN_POINT ( 'NONE',  ( 21.67281267413515167, 6.044765569636401104, 14.99999999999988098 ) ) ;
#3500 =( NAMED_UNIT ( * ) SI_UNIT ( $, .STERADIAN. ) SOLID_ANGLE_UNIT ( ) );
#3501 = UNCERTAINTY_MEASURE_WITH_UNIT (LENGTH_MEASURE( 1.000000000000000082E-05 ), #818, 'distance_accuracy_value', 'NONE');
#3502 = EDGE_CURVE ( 'NONE', #2180, #2421, #1125, .T. ) ;
#3503 = EDGE_CURVE ( 'NONE', #2148, #3481, #2664, .T. ) ;
#3504 = STYLED_ITEM ( 'NONE', ( #2695 ), #2813 ) ;
#3505 =( GEOMETRIC_REPRESENTATION_CONTEXT ( 3 ) GLOBAL_UNCERTAINTY_ASSIGNED_CONTEXT ( ( #887 ) ) GLOBAL_UNIT_ASSIGNED_CONTEXT ( ( #1297, #3803, #1762 ) ) REPRESENTATION_CONTEXT ( 'NONE', 'WORKASPACE' ) );
#3506 = SURFACE_STYLE_USAGE ( .BOTH. , #2888 ) ;
#3507 = CARTESIAN_POINT ( 'NONE',  ( 21.67281267413515167, 6.044765569636400215, -1.188285581044112860E-13 ) ) ;
#3508 = VERTEX_POINT ( 'NONE', #1221 ) ;
#3509 = DIRECTION ( 'NONE',  ( 3.223082373619878746E-17, 4.598590846719930620E-17, 1.000000000000000000 ) ) ;
#3510 = CARTESIAN_POINT ( 'NONE',  ( 16.99354948729694925, -5.546373115941514165, 2.499999999999881428 ) ) ;
#3511 = VERTEX_POINT ( 'NONE', #1771 ) ;
#3512 = CARTESIAN_POINT ( 'NONE',  ( 21.67281267413489942, 6.044765569636153302, -9.765066413586630052E-16 ) ) ;
#3513 = CIRCLE ( 'NONE', #745, 12.50000000000000533 ) ;
#3514 = PRESENTATION_LAYER_ASSIGNMENT (  '', '', ( #3908 ) ) ;
#3515 = DIRECTION ( 'NONE',  ( -3.223082373619878746E-17, -4.598590846719930620E-17, -1.000000000000000000 ) ) ;
#3516 = PRESENTATION_LAYER_ASSIGNMENT (  '', '', ( #2475 ) ) ;
#3517 = FILL_AREA_STYLE ('',( #1625 ) ) ;
#3518 = AXIS2_PLACEMENT_3D ( 'NONE', #190, #1980, #3813 ) ;
#3519 = DIRECTION ( 'NONE',  ( 0.6353906706864890230, -0.7721908414404909937, 0.000000000000000000 ) ) ;
#3520 = ORIENTED_EDGE ( 'NONE', *, *, #2839, .T. ) ;
#3521 =( NAMED_UNIT ( * ) PLANE_ANGLE_UNIT ( ) SI_UNIT ( $, .RADIAN. ) );
#3522 = FILL_AREA_STYLE ('',( #3829 ) ) ;
#3523 = LINE ( 'NONE', #3897, #1560 ) ;
#3524 = DIRECTION ( 'NONE',  ( 3.223082373619878746E-17, 4.598590846719930620E-17, 1.000000000000000000 ) ) ;
#3525 = CARTESIAN_POINT ( 'NONE',  ( 25.37664876762616473, -3.856703924389469851, 4.999999999999880096 ) ) ;
#3526 = ORIENTED_EDGE ( 'NONE', *, *, #2167, .T. ) ;
#3527 = CYLINDRICAL_SURFACE ( 'NONE', #3554, 4.500000000000000000 ) ;
#3528 = DIRECTION ( 'NONE',  ( 3.223082373619878746E-17, 4.598590846719930620E-17, 1.000000000000000000 ) ) ;
#3529 = VERTEX_POINT ( 'NONE', #2958 ) ;
#3530 = DIRECTION ( 'NONE',  ( 3.223082373619878746E-17, 4.598590846719930620E-17, 1.000000000000000000 ) ) ;
#3531 = ORIENTED_EDGE ( 'NONE', *, *, #2481, .F. ) ;
#3532 = EDGE_CURVE ( 'NONE', #3912, #674, #1128, .T. ) ;
#3533 = MECHANICAL_DESIGN_GEOMETRIC_PRESENTATION_REPRESENTATION (  '', ( #524 ), #3787 ) ;
#3534 = DIRECTION ( 'NONE',  ( -0.6353906706864889120, 0.7721908414404912158, 0.000000000000000000 ) ) ;
#3535 = CYLINDRICAL_SURFACE ( 'NONE', #678, 4.500000000000000000 ) ;
#3536 =( LENGTH_UNIT ( ) NAMED_UNIT ( * ) SI_UNIT ( .MILLI., .METRE. ) );
#3537 = VERTEX_POINT ( 'NONE', #3696 ) ;
#3538 = CARTESIAN_POINT ( 'NONE',  ( 25.20005152494201539, 16.01051120345278633, -1.196959198423996895E-13 ) ) ;
#3539 = DIRECTION ( 'NONE',  ( 3.223082373619878746E-17, 4.598590846719930620E-17, 1.000000000000000000 ) ) ;
#3540 = SURFACE_STYLE_FILL_AREA ( #2295 ) ;
#3541 = DIRECTION ( 'NONE',  ( -4.800258967122366038E-17, -1.302709821111998600E-17, -1.000000000000000000 ) ) ;
#3542 = ORIENTED_EDGE ( 'NONE', *, *, #1784, .T. ) ;
#3543 = UNCERTAINTY_MEASURE_WITH_UNIT (LENGTH_MEASURE( 1.000000000000000082E-05 ), #3642, 'distance_accuracy_value', 'NONE');
#3544 =( LENGTH_UNIT ( ) NAMED_UNIT ( * ) SI_UNIT ( .MILLI., .METRE. ) );
#3545 = FILL_AREA_STYLE_COLOUR ( '', #1331 ) ;
#3546 = VERTEX_POINT ( 'NONE', #645 ) ;
#3547 = SURFACE_SIDE_STYLE ('',( #2303 ) ) ;
#3548 = STYLED_ITEM ( 'NONE', ( #1209 ), #625 ) ;
#3549 = STYLED_ITEM ( 'NONE', ( #1666 ), #667 ) ;
#3550 = CARTESIAN_POINT ( 'NONE',  ( 64.69975104248845810, 11.62439978087056147, 5.000000000000000888 ) ) ;
#3551 = CARTESIAN_POINT ( 'NONE',  ( 17.80669590705601735, 17.93186534810674360, 2.499999999999880540 ) ) ;
#3552 =( NAMED_UNIT ( * ) SI_UNIT ( $, .STERADIAN. ) SOLID_ANGLE_UNIT ( ) );
#3553 = STYLED_ITEM ( 'NONE', ( #236 ), #2020 ) ;
#3554 = AXIS2_PLACEMENT_3D ( 'NONE', #763, #2873, #1035 ) ;
#3555 = CARTESIAN_POINT ( 'NONE',  ( 19.27909029219017256, -3.341307912292861726, -1.188285581044112860E-13 ) ) ;
#3556 = DIRECTION ( 'NONE',  ( 0.6353906706864889120, -0.7721908414404912158, 1.503073264317127626E-17 ) ) ;
#3557 =( GEOMETRIC_REPRESENTATION_CONTEXT ( 3 ) GLOBAL_UNCERTAINTY_ASSIGNED_CONTEXT ( ( #2937 ) ) GLOBAL_UNIT_ASSIGNED_CONTEXT ( ( #2440, #853, #1422 ) ) REPRESENTATION_CONTEXT ( 'NONE', 'WORKASPACE' ) );
#3558 = DIRECTION ( 'NONE',  ( 3.223082373619878746E-17, 4.598590846719930620E-17, 1.000000000000000000 ) ) ;
#3559 = ORIENTED_EDGE ( 'NONE', *, *, #1006, .T. ) ;
#3560 =( NAMED_UNIT ( * ) SI_UNIT ( $, .STERADIAN. ) SOLID_ANGLE_UNIT ( ) );
#3561 = SURFACE_SIDE_STYLE ('',( #800 ) ) ;
#3562 = ADVANCED_FACE ( 'NONE', ( #1451 ), #2355, .T. ) ;
#3563 = AXIS2_PLACEMENT_3D ( 'NONE', #2438, #1797, #885 ) ;
#3564 = DIRECTION ( 'NONE',  ( 0.6353906706864889120, -0.7721908414404912158, 1.503073264317127626E-17 ) ) ;
#3565 = CIRCLE ( 'NONE', #1490, 4.499999999999999112 ) ;
#3566 = AXIS2_PLACEMENT_3D ( 'NONE', #488, #2944, #712 ) ;
#3567 = SURFACE_STYLE_FILL_AREA ( #1872 ) ;
#3568 = ORIENTED_EDGE ( 'NONE', *, *, #3182, .T. ) ;
#3569 = AXIS2_PLACEMENT_3D ( 'NONE', #908, #588, #2738 ) ;
#3570 = DIRECTION ( 'NONE',  ( -3.223082373619878746E-17, -4.598590846719930620E-17, -1.000000000000000000 ) ) ;
#3571 = ADVANCED_FACE ( 'NONE', ( #2565 ), #1614, .T. ) ;
#3572 = AXIS2_PLACEMENT_3D ( 'NONE', #2232, #2788, #3479 ) ;
#3573 = SURFACE_STYLE_FILL_AREA ( #2136 ) ;
#3574 = COLOUR_RGB ( '',0.7921568627450980005, 0.8196078431372548767, 0.9333333333333333481 ) ;
#3575 = LINE ( 'NONE', #149, #2641 ) ;
#3576 = DIRECTION ( 'NONE',  ( 0.6353906706864835829, -0.7721908414404955456, 0.000000000000000000 ) ) ;
#3577 = FACE_BOUND ( 'NONE', #39, .T. ) ;
#3578 = ORIENTED_EDGE ( 'NONE', *, *, #707, .T. ) ;
#3579 = EDGE_CURVE ( 'NONE', #2031, #3490, #1060, .T. ) ;
#3580 = DIRECTION ( 'NONE',  ( 0.6353906706864890230, -0.7721908414404909937, 0.000000000000000000 ) ) ;
#3581 = CARTESIAN_POINT ( 'NONE',  ( 21.67281267413515167, 6.044765569636400215, -1.188285581044112860E-13 ) ) ;
#3582 = CARTESIAN_POINT ( 'NONE',  ( 58.16660029668184961, 13.44353415481432812, 5.000000000000000888 ) ) ;
#3583 = AXIS2_PLACEMENT_3D ( 'NONE', #2054, #1059, #3835 ) ;
#3584 = CYLINDRICAL_SURFACE ( 'NONE', #3444, 9.686500000000002331 ) ;
#3585 = ORIENTED_EDGE ( 'NONE', *, *, #1249, .F. ) ;
#3586 = DIRECTION ( 'NONE',  ( -3.223082373619878746E-17, -4.598590846719930620E-17, -1.000000000000000000 ) ) ;
#3587 = SURFACE_STYLE_USAGE ( .BOTH. , #3561 ) ;
#3588 = ADVANCED_FACE ( 'NONE', ( #3418 ), #2259, .T. ) ;
#3589 = EDGE_CURVE ( 'NONE', #474, #2868, #2600, .T. ) ;
#3590 = SURFACE_SIDE_STYLE ('',( #2995 ) ) ;
#3591 = ORIENTED_EDGE ( 'NONE', *, *, #2677, .F. ) ;
#3592 = UNCERTAINTY_MEASURE_WITH_UNIT (LENGTH_MEASURE( 1.000000000000000082E-05 ), #286, 'distance_accuracy_value', 'NONE');
#3593 = MECHANICAL_DESIGN_GEOMETRIC_PRESENTATION_REPRESENTATION (  '', ( #2615 ), #3328 ) ;
#3594 = FILL_AREA_STYLE ('',( #2348 ) ) ;
#3595 = DIRECTION ( 'NONE',  ( 3.223082373619878746E-17, 4.598590846719930620E-17, 1.000000000000000000 ) ) ;
#3596 = ORIENTED_EDGE ( 'NONE', *, *, #1573, .F. ) ;
#3597 = DIRECTION ( 'NONE',  ( 3.223082373619878746E-17, 4.598590846719930620E-17, 1.000000000000000000 ) ) ;
#3598 = STYLED_ITEM ( 'NONE', ( #3323 ), #1207 ) ;
#3599 =( LENGTH_UNIT ( ) NAMED_UNIT ( * ) SI_UNIT ( .MILLI., .METRE. ) );
#3600 = FACE_BOUND ( 'NONE', #2437, .T. ) ;
#3601 = FACE_OUTER_BOUND ( 'NONE', #939, .T. ) ;
#3602 = DIRECTION ( 'NONE',  ( 3.223082373619878746E-17, 4.598590846719930620E-17, 1.000000000000000000 ) ) ;
#3603 = ORIENTED_EDGE ( 'NONE', *, *, #891, .F. ) ;
#3604 = CARTESIAN_POINT ( 'NONE',  ( 10.94493185090637333, -0.3710409301421191408, 2.499999999999881872 ) ) ;
#3605 = LINE ( 'NONE', #203, #1693 ) ;
#3606 = CARTESIAN_POINT ( 'NONE',  ( 15.42419115630550941, -2.797031851464481633, -1.178935580695286034E-13 ) ) ;
#3607 = DIRECTION ( 'NONE',  ( 0.8707939595268955335, 0.4916481262564432742, 0.000000000000000000 ) ) ;
#3608 = CARTESIAN_POINT ( 'NONE',  ( 21.67281267413515167, 6.044765569636401104, 14.99999999999988098 ) ) ;
#3609 = CARTESIAN_POINT ( 'NONE',  ( 60.25903154448072740, 18.32057960730547208, 5.000000000000000888 ) ) ;
#3610 = ORIENTED_EDGE ( 'NONE', *, *, #2118, .T. ) ;
#3611 =( NAMED_UNIT ( * ) SI_UNIT ( $, .STERADIAN. ) SOLID_ANGLE_UNIT ( ) );
#3612 = DIRECTION ( 'NONE',  ( 0.6353906706864889120, -0.7721908414404911047, 1.503073264317007448E-17 ) ) ;
#3613 = EDGE_CURVE ( 'NONE', #341, #7, #1825, .T. ) ;
#3614 = SURFACE_SIDE_STYLE ('',( #2353 ) ) ;
#3615 = DIRECTION ( 'NONE',  ( -3.223082373619878746E-17, -4.598590846719930620E-17, -1.000000000000000000 ) ) ;
#3616 = DIRECTION ( 'NONE',  ( -0.9864322206003932614, -0.1641690414218748006, 0.000000000000000000 ) ) ;
#3617 = STYLED_ITEM ( 'NONE', ( #1856 ), #986 ) ;
#3618 = FILL_AREA_STYLE ('',( #876 ) ) ;
#3619 = CIRCLE ( 'NONE', #779, 1.499999999999974465 ) ;
#3620 = DIRECTION ( 'NONE',  ( 3.223082373619878746E-17, 4.598590846719930620E-17, 1.000000000000000000 ) ) ;
#3621 = DIRECTION ( 'NONE',  ( 0.8707939595268956445, 0.4916481262564429411, -5.067529235215587544E-17 ) ) ;
#3622 = ORIENTED_EDGE ( 'NONE', *, *, #3589, .T. ) ;
#3623 = EDGE_CURVE ( 'NONE', #1462, #3952, #746, .T. ) ;
#3624 = COLOUR_RGB ( '',0.7764705882352941346, 0.7568627450980391913, 0.7372549019607843590 ) ;
#3625 = DIRECTION ( 'NONE',  ( 0.8343594835823765488, 0.5512206927866094563, -4.723222202963152202E-17 ) ) ;
#3626 = LINE ( 'NONE', #1740, #3700 ) ;
#3627 = STYLED_ITEM ( 'NONE', ( #153 ), #2182 ) ;
#3628 = AXIS2_PLACEMENT_3D ( 'NONE', #3648, #324, #2451 ) ;
#3629 = CARTESIAN_POINT ( 'NONE',  ( 26.12827170176150915, -5.634227745420462341, 4.999999999999880096 ) ) ;
#3630 = ORIENTED_EDGE ( 'NONE', *, *, #1829, .T. ) ;
#3631 = CARTESIAN_POINT ( 'NONE',  ( 14.61224274819621805, -0.5867225417098544948, -1.179611963664228824E-13 ) ) ;
#3632 = COLOUR_RGB ( '',0.7764705882352941346, 0.7568627450980391913, 0.7372549019607843590 ) ;
#3633 = ADVANCED_FACE ( 'NONE', ( #1595 ), #2174, .F. ) ;
#3634 = UNCERTAINTY_MEASURE_WITH_UNIT (LENGTH_MEASURE( 1.000000000000000082E-05 ), #1168, 'distance_accuracy_value', 'NONE');
#3635 = CARTESIAN_POINT ( 'NONE',  ( 28.60452956030087890, -0.7212955636999602849, 4.999999999999880096 ) ) ;
#3636 = VECTOR ( 'NONE', #2381, 1000.000000000000000 ) ;
#3637 = AXIS2_PLACEMENT_3D ( 'NONE', #1094, #1335, #3254 ) ;
#3638 = VERTEX_POINT ( 'NONE', #1975 ) ;
#3639 = DIRECTION ( 'NONE',  ( 3.223082373619878746E-17, 4.598590846719930620E-17, 1.000000000000000000 ) ) ;
#3640 = AXIS2_PLACEMENT_3D ( 'NONE', #3684, #914, #3625 ) ;
#3641 = EDGE_CURVE ( 'NONE', #2254, #1827, #681, .T. ) ;
#3642 =( LENGTH_UNIT ( ) NAMED_UNIT ( * ) SI_UNIT ( .MILLI., .METRE. ) );
#3643 = EDGE_CURVE ( 'NONE', #2730, #2454, #1995, .T. ) ;
#3644 = AXIS2_PLACEMENT_3D ( 'NONE', #3043, #3639, #3678 ) ;
#3645 = DIRECTION ( 'NONE',  ( 0.8343594835823761047, 0.5512206927866104555, -4.723222202963157133E-17 ) ) ;
#3646 = CARTESIAN_POINT ( 'NONE',  ( 98.19516258861668234, 0.4551734861010462430, 0.000000000000000000 ) ) ;
#3647 = EDGE_CURVE ( 'NONE', #3191, #209, #253, .T. ) ;
#3648 = CARTESIAN_POINT ( 'NONE',  ( 0.000000000000000000, 0.000000000000000000, 0.000000000000000000 ) ) ;
#3649 = SURFACE_STYLE_USAGE ( .BOTH. , #3269 ) ;
#3650 = EDGE_LOOP ( 'NONE', ( #3836, #951, #974, #2247 ) ) ;
#3651 = STYLED_ITEM ( 'NONE', ( #1970 ), #3454 ) ;
#3652 = LINE ( 'NONE', #2073, #2585 ) ;
#3653 = PRESENTATION_STYLE_ASSIGNMENT (( #778 ) ) ;
#3654 = MECHANICAL_DESIGN_GEOMETRIC_PRESENTATION_REPRESENTATION (  '', ( #123 ), #308 ) ;
#3655 = PRESENTATION_STYLE_ASSIGNMENT (( #1761 ) ) ;
#3656 = FILL_AREA_STYLE_COLOUR ( '', #1583 ) ;
#3657 = ORIENTED_EDGE ( 'NONE', *, *, #2055, .F. ) ;
#3658 = MECHANICAL_DESIGN_GEOMETRIC_PRESENTATION_REPRESENTATION (  '', ( #2475 ), #441 ) ;
#3659 = EDGE_CURVE ( 'NONE', #26, #2227, #2207, .T. ) ;
#3660 = VECTOR ( 'NONE', #635, 1000.000000000000000 ) ;
#3661 = DIRECTION ( 'NONE',  ( -0.6501250953843462632, -0.7598271911109096832, 5.589541101712970932E-17 ) ) ;
#3662 = ORIENTED_EDGE ( 'NONE', *, *, #114, .T. ) ;
#3663 = CYLINDRICAL_SURFACE ( 'NONE', #1367, 1.500000000000000444 ) ;
#3664 = AXIS2_PLACEMENT_3D ( 'NONE', #445, #816, #3534 ) ;
#3665 = COLOUR_RGB ( '',0.7764705882352941346, 0.7568627450980391913, 0.7372549019607843590 ) ;
#3666 = DIRECTION ( 'NONE',  ( 3.223082373619878746E-17, 4.598590846719930620E-17, 1.000000000000000000 ) ) ;
#3667 =( NAMED_UNIT ( * ) PLANE_ANGLE_UNIT ( ) SI_UNIT ( $, .RADIAN. ) );
#3668 = FILL_AREA_STYLE ('',( #3050 ) ) ;
#3669 = ORIENTED_EDGE ( 'NONE', *, *, #2684, .T. ) ;
#3670 = SURFACE_STYLE_USAGE ( .BOTH. , #1793 ) ;
#3671 = ORIENTED_EDGE ( 'NONE', *, *, #2856, .F. ) ;
#3672 = AXIS2_PLACEMENT_3D ( 'NONE', #1146, #3969, #938 ) ;
#3673 = ORIENTED_EDGE ( 'NONE', *, *, #3035, .T. ) ;
#3674 = LINE ( 'NONE', #3953, #2838 ) ;
#3675 = SURFACE_STYLE_FILL_AREA ( #905 ) ;
#3676 =( NAMED_UNIT ( * ) PLANE_ANGLE_UNIT ( ) SI_UNIT ( $, .RADIAN. ) );
#3677 = ORIENTED_EDGE ( 'NONE', *, *, #1703, .T. ) ;
#3678 = DIRECTION ( 'NONE',  ( 0.6353906706864889120, -0.7721908414404912158, 1.503073264317127626E-17 ) ) ;
#3679 = CARTESIAN_POINT ( 'NONE',  ( 21.67281267413515167, 6.044765569636400215, -1.188285581044112860E-13 ) ) ;
#3680 = CARTESIAN_POINT ( 'NONE',  ( 9.294960520217003364, 4.301557017642684499, 2.499999999999881428 ) ) ;
#3681 =( LENGTH_UNIT ( ) NAMED_UNIT ( * ) SI_UNIT ( .MILLI., .METRE. ) );
#3682 = EDGE_CURVE ( 'NONE', #1520, #3546, #505, .T. ) ;
#3683 = VERTEX_POINT ( 'NONE', #2609 ) ;
#3684 = CARTESIAN_POINT ( 'NONE',  ( 64.69975104248845810, 11.62439978087056147, 1.734723475976807094E-15 ) ) ;
#3685 = ORIENTED_EDGE ( 'NONE', *, *, #2112, .T. ) ;
#3686 = AXIS2_PLACEMENT_3D ( 'NONE', #3482, #3528, #417 ) ;
#3687 = DIRECTION ( 'NONE',  ( 4.800258967122366038E-17, 1.302709821111998600E-17, 1.000000000000000000 ) ) ;
#3688 = COLOUR_RGB ( '',1.000000000000000000, 1.000000000000000000, 1.000000000000000000 ) ;
#3689 = ORIENTED_EDGE ( 'NONE', *, *, #3023, .F. ) ;
#3690 = DIRECTION ( 'NONE',  ( -0.3510415499139109552, -0.9363598828623742598, 5.437371818502607064E-17 ) ) ;
#3691 = FILL_AREA_STYLE_COLOUR ( '', #3186 ) ;
#3692 = ADVANCED_FACE ( 'NONE', ( #1081 ), #2951, .T. ) ;
#3693 = PRESENTATION_STYLE_ASSIGNMENT (( #1817 ) ) ;
#3694 = PRESENTATION_LAYER_ASSIGNMENT (  '', '', ( #664 ) ) ;
#3695 = PRESENTATION_LAYER_ASSIGNMENT (  '', '', ( #1423 ) ) ;
#3696 = CARTESIAN_POINT ( 'NONE',  ( 17.30614973049254957, -2.601652011455701352, -1.179611963664228824E-13 ) ) ;
#3697 = ORIENTED_EDGE ( 'NONE', *, *, #707, .F. ) ;
#3698 = FACE_OUTER_BOUND ( 'NONE', #3090, .T. ) ;
#3699 = LINE ( 'NONE', #1518, #1674 ) ;
#3700 = VECTOR ( 'NONE', #861, 1000.000000000000000 ) ;
#3701 = VECTOR ( 'NONE', #2846, 1000.000000000000000 ) ;
#3702 = CARTESIAN_POINT ( 'NONE',  ( 13.49159973614548669, 15.49557267079292799, -1.188285581044112860E-13 ) ) ;
#3703 = SURFACE_SIDE_STYLE ('',( #949 ) ) ;
#3704 = AXIS2_PLACEMENT_3D ( 'NONE', #558, #3926, #2350 ) ;
#3705 = PRESENTATION_STYLE_ASSIGNMENT (( #2224 ) ) ;
#3706 = ORIENTED_EDGE ( 'NONE', *, *, #3796, .T. ) ;
#3707 = EDGE_CURVE ( 'NONE', #283, #599, #2649, .T. ) ;
#3708 = ORIENTED_EDGE ( 'NONE', *, *, #3049, .T. ) ;
#3709 = CIRCLE ( 'NONE', #1816, 12.50000000000000533 ) ;
#3710 =( LENGTH_UNIT ( ) NAMED_UNIT ( * ) SI_UNIT ( .MILLI., .METRE. ) );
#3711 = CIRCLE ( 'NONE', #985, 4.500000000000000000 ) ;
#3712 = ORIENTED_EDGE ( 'NONE', *, *, #3158, .T. ) ;
#3713 = DIRECTION ( 'NONE',  ( -3.223082373619878746E-17, -4.598590846719930620E-17, -1.000000000000000000 ) ) ;
#3714 = EDGE_CURVE ( 'NONE', #3011, #2022, #2998, .T. ) ;
#3715 = CARTESIAN_POINT ( 'NONE',  ( 11.31761309460525666, 8.172520634646387450, -1.188285581044112860E-13 ) ) ;
#3716 =( GEOMETRIC_REPRESENTATION_CONTEXT ( 3 ) GLOBAL_UNCERTAINTY_ASSIGNED_CONTEXT ( ( #1915 ) ) GLOBAL_UNIT_ASSIGNED_CONTEXT ( ( #1011, #160, #3732 ) ) REPRESENTATION_CONTEXT ( 'NONE', 'WORKASPACE' ) );
#3717 = UNCERTAINTY_MEASURE_WITH_UNIT (LENGTH_MEASURE( 1.000000000000000082E-05 ), #753, 'distance_accuracy_value', 'NONE');
#3718 = AXIS2_PLACEMENT_3D ( 'NONE', #1181, #3937, #9 ) ;
#3719 = ORIENTED_EDGE ( 'NONE', *, *, #3623, .T. ) ;
#3720 = CARTESIAN_POINT ( 'NONE',  ( 64.69975104248845810, 11.62439978087056147, 1.734723475976807094E-15 ) ) ;
#3721 = FACE_BOUND ( 'NONE', #1116, .T. ) ;
#3722 = DIRECTION ( 'NONE',  ( 3.223082373619878746E-17, 4.598590846719930620E-17, 1.000000000000000000 ) ) ;
#3723 = CYLINDRICAL_SURFACE ( 'NONE', #3778, 9.686500000000002331 ) ;
#3724 = STYLED_ITEM ( 'NONE', ( #2409 ), #133 ) ;
#3725 = DIRECTION ( 'NONE',  ( 0.6353906706864890230, -0.7721908414404909937, 1.503073264317039496E-17 ) ) ;
#3726 = LINE ( 'NONE', #2815, #3830 ) ;
#3727 = EDGE_LOOP ( 'NONE', ( #2379, #726 ) ) ;
#3728 = PRODUCT_RELATED_PRODUCT_CATEGORY ( 'part', '', ( #1376 ) ) ;
#3729 = PRESENTATION_STYLE_ASSIGNMENT (( #3744 ) ) ;
#3730 =( NAMED_UNIT ( * ) SI_UNIT ( $, .STERADIAN. ) SOLID_ANGLE_UNIT ( ) );
#3731 = ORIENTED_EDGE ( 'NONE', *, *, #3158, .F. ) ;
#3732 =( NAMED_UNIT ( * ) SI_UNIT ( $, .STERADIAN. ) SOLID_ANGLE_UNIT ( ) );
#3733 = EDGE_LOOP ( 'NONE', ( #1082, #1705, #1780, #3138 ) ) ;
#3734 = DIRECTION ( 'NONE',  ( 3.223082373619878746E-17, 4.598590846719930620E-17, 1.000000000000000000 ) ) ;
#3735 = ORIENTED_EDGE ( 'NONE', *, *, #3205, .T. ) ;
#3736 = SURFACE_SIDE_STYLE ('',( #400 ) ) ;
#3737 = ADVANCED_FACE ( 'NONE', ( #294 ), #624, .T. ) ;
#3738 =( NAMED_UNIT ( * ) SI_UNIT ( $, .STERADIAN. ) SOLID_ANGLE_UNIT ( ) );
#3739 = ORIENTED_EDGE ( 'NONE', *, *, #3023, .T. ) ;
#3740 = CARTESIAN_POINT ( 'NONE',  ( 95.53554368579314371, -7.508955004902411190, 0.000000000000000000 ) ) ;
#3741 = VERTEX_POINT ( 'NONE', #2156 ) ;
#3742 = CIRCLE ( 'NONE', #847, 4.500000000000000888 ) ;
#3743 = APPLICATION_PROTOCOL_DEFINITION ( 'draft international standard', 'automotive_design', 1998, #1275 ) ;
#3744 = SURFACE_STYLE_USAGE ( .BOTH. , #1832 ) ;
#3745 = ORIENTED_EDGE ( 'NONE', *, *, #2743, .F. ) ;
#3746 = DIRECTION ( 'NONE',  ( 3.223082373619878746E-17, 4.598590846719930620E-17, 1.000000000000000000 ) ) ;
#3747 = CARTESIAN_POINT ( 'NONE',  ( 9.294960520217003364, 4.301557017642684499, 4.999999999999880984 ) ) ;
#3748 = ORIENTED_EDGE ( 'NONE', *, *, #1880, .F. ) ;
#3749 = ADVANCED_FACE ( 'NONE', ( #2081 ), #1531, .T. ) ;
#3750 = EDGE_CURVE ( 'NONE', #1865, #3155, #992, .T. ) ;
#3751 = AXIS2_PLACEMENT_3D ( 'NONE', #649, #2770, #1597 ) ;
#3752 = SURFACE_SIDE_STYLE ('',( #2445 ) ) ;
#3753 = AXIS2_PLACEMENT_3D ( 'NONE', #3194, #1961, #159 ) ;
#3754 = SURFACE_STYLE_FILL_AREA ( #689 ) ;
#3755 = ORIENTED_EDGE ( 'NONE', *, *, #411, .F. ) ;
#3756 =( NAMED_UNIT ( * ) PLANE_ANGLE_UNIT ( ) SI_UNIT ( $, .RADIAN. ) );
#3757 = EDGE_CURVE ( 'NONE', #3151, #2642, #1568, .T. ) ;
#3758 =( GEOMETRIC_REPRESENTATION_CONTEXT ( 3 ) GLOBAL_UNCERTAINTY_ASSIGNED_CONTEXT ( ( #2324 ) ) GLOBAL_UNIT_ASSIGNED_CONTEXT ( ( #3536, #3676, #1781 ) ) REPRESENTATION_CONTEXT ( 'NONE', 'WORKASPACE' ) );
#3759 =( GEOMETRIC_REPRESENTATION_CONTEXT ( 3 ) GLOBAL_UNCERTAINTY_ASSIGNED_CONTEXT ( ( #2764 ) ) GLOBAL_UNIT_ASSIGNED_CONTEXT ( ( #834, #2039, #537 ) ) REPRESENTATION_CONTEXT ( 'NONE', 'WORKASPACE' ) );
#3760 = EDGE_CURVE ( 'NONE', #1827, #3970, #257, .T. ) ;
#3761 = DIRECTION ( 'NONE',  ( 0.6353906706864890230, -0.7721908414404909937, 1.503073264317039496E-17 ) ) ;
#3762 = CIRCLE ( 'NONE', #3637, 4.500000000000000000 ) ;
#3763 = DIRECTION ( 'NONE',  ( 0.8486259503979436403, -0.5289933802149010544, -3.384499456421284182E-17 ) ) ;
#3764 = EDGE_LOOP ( 'NONE', ( #2881, #1524, #3745, #2282 ) ) ;
#3765 = AXIS2_PLACEMENT_3D ( 'NONE', #3895, #2628, #2015 ) ;
#3766 = CARTESIAN_POINT ( 'NONE',  ( 14.61224274819621805, -0.5867225417098544948, -1.179611963664228824E-13 ) ) ;
#3767 = DIRECTION ( 'NONE',  ( 0.8611767468245454804, -0.5083056272841104395, 0.000000000000000000 ) ) ;
#3768 = VERTEX_POINT ( 'NONE', #2099 ) ;
#3769 =( GEOMETRIC_REPRESENTATION_CONTEXT ( 3 ) GLOBAL_UNCERTAINTY_ASSIGNED_CONTEXT ( ( #2193 ) ) GLOBAL_UNIT_ASSIGNED_CONTEXT ( ( #3065, #1223, #3500 ) ) REPRESENTATION_CONTEXT ( 'NONE', 'WORKASPACE' ) );
#3770 =( LENGTH_UNIT ( ) NAMED_UNIT ( * ) SI_UNIT ( .MILLI., .METRE. ) );
#3771 = PRESENTATION_LAYER_ASSIGNMENT (  '', '', ( #1875 ) ) ;
#3772 =( NAMED_UNIT ( * ) SI_UNIT ( $, .STERADIAN. ) SOLID_ANGLE_UNIT ( ) );
#3773 = STYLED_ITEM ( 'NONE', ( #2945 ), #771 ) ;
#3774 = VECTOR ( 'NONE', #2907, 1000.000000000000000 ) ;
#3775 = VERTEX_POINT ( 'NONE', #1220 ) ;
#3776 = DIRECTION ( 'NONE',  ( -3.223082373619878746E-17, -4.598590846719930620E-17, -1.000000000000000000 ) ) ;
#3777 = DIRECTION ( 'NONE',  ( 3.223082373619878746E-17, 4.598590846719930620E-17, 1.000000000000000000 ) ) ;
#3778 = AXIS2_PLACEMENT_3D ( 'NONE', #2773, #691, #1617 ) ;
#3779 = EDGE_CURVE ( 'NONE', #2454, #26, #2145, .T. ) ;
#3780 =( LENGTH_UNIT ( ) NAMED_UNIT ( * ) SI_UNIT ( .MILLI., .METRE. ) );
#3781 = ORIENTED_EDGE ( 'NONE', *, *, #3920, .T. ) ;
#3782 = FACE_OUTER_BOUND ( 'NONE', #3344, .T. ) ;
#3783 = EDGE_LOOP ( 'NONE', ( #1333, #1018, #161, #156 ) ) ;
#3784 =( LENGTH_UNIT ( ) NAMED_UNIT ( * ) SI_UNIT ( .MILLI., .METRE. ) );
#3785 = MECHANICAL_DESIGN_GEOMETRIC_PRESENTATION_REPRESENTATION (  '', ( #1514 ), #138 ) ;
#3786 = SURFACE_STYLE_USAGE ( .BOTH. , #413 ) ;
#3787 =( GEOMETRIC_REPRESENTATION_CONTEXT ( 3 ) GLOBAL_UNCERTAINTY_ASSIGNED_CONTEXT ( ( #1126 ) ) GLOBAL_UNIT_ASSIGNED_CONTEXT ( ( #2689, #1698, #2934 ) ) REPRESENTATION_CONTEXT ( 'NONE', 'WORKASPACE' ) );
#3788 = FILL_AREA_STYLE ('',( #1962 ) ) ;
#3789 = ORIENTED_EDGE ( 'NONE', *, *, #2360, .F. ) ;
#3790 =( LENGTH_UNIT ( ) NAMED_UNIT ( * ) SI_UNIT ( .MILLI., .METRE. ) );
#3791 = ORIENTED_EDGE ( 'NONE', *, *, #2125, .T. ) ;
#3792 = CARTESIAN_POINT ( 'NONE',  ( 21.67281267413515167, 6.044765569636400215, -1.188285581044112860E-13 ) ) ;
#3793 = DIRECTION ( 'NONE',  ( -0.9248193161744251434, 0.3804066671743131511, 3.943812714089797213E-17 ) ) ;
#3794 = ORIENTED_EDGE ( 'NONE', *, *, #3502, .F. ) ;
#3795 = EDGE_CURVE ( 'NONE', #3478, #1356, #2491, .T. ) ;
#3796 = EDGE_CURVE ( 'NONE', #3683, #1897, #78, .T. ) ;
#3797 = CARTESIAN_POINT ( 'NONE',  ( 65.95129026786196391, 12.45123082005043536, 1.663875142932363044E-15 ) ) ;
#3798 = CARTESIAN_POINT ( 'NONE',  ( 12.76994470188231112, 2.228062264605387366, 4.999999999999880984 ) ) ;
#3799 = ORIENTED_EDGE ( 'NONE', *, *, #2482, .T. ) ;
#3800 = CARTESIAN_POINT ( 'NONE',  ( 65.95129026786196391, 12.45123082005043713, 1.663875142932363044E-15 ) ) ;
#3801 =( NAMED_UNIT ( * ) SI_UNIT ( $, .STERADIAN. ) SOLID_ANGLE_UNIT ( ) );
#3802 = DIRECTION ( 'NONE',  ( 3.223082373619878746E-17, 4.598590846719930620E-17, 1.000000000000000000 ) ) ;
#3803 =( NAMED_UNIT ( * ) PLANE_ANGLE_UNIT ( ) SI_UNIT ( $, .RADIAN. ) );
#3804 = EDGE_CURVE ( 'NONE', #2473, #467, #2862, .T. ) ;
#3805 = CARTESIAN_POINT ( 'NONE',  ( 21.67281267413515167, 6.044765569636401104, 14.99999999999988098 ) ) ;
#3806 = ORIENTED_EDGE ( 'NONE', *, *, #486, .T. ) ;
#3807 = ADVANCED_FACE ( 'NONE', ( #1267 ), #3123, .T. ) ;
#3808 = CIRCLE ( 'NONE', #2053, 4.500000000000000000 ) ;
#3809 = DIRECTION ( 'NONE',  ( -0.3510415499139108997, -0.9363598828623742598, 8.954335807447513128E-17 ) ) ;
#3810 = AXIS2_PLACEMENT_3D ( 'NONE', #2811, #3451, #145 ) ;
#3811 = CARTESIAN_POINT ( 'NONE',  ( 28.60452956030087890, -0.7212955636999602849, -1.188285581044112860E-13 ) ) ;
#3812 = VERTEX_POINT ( 'NONE', #1899 ) ;
#3813 = DIRECTION ( 'NONE',  ( 0.6353906706864890230, -0.7721908414404909937, 1.503073264317039496E-17 ) ) ;
#3814 = MECHANICAL_DESIGN_GEOMETRIC_PRESENTATION_REPRESENTATION (  '', ( #3360 ), #353 ) ;
#3815 = EDGE_CURVE ( 'NONE', #3940, #1280, #2315, .T. ) ;
#3816 = AXIS2_PLACEMENT_3D ( 'NONE', #1859, #3407, #1844 ) ;
#3817 = DIRECTION ( 'NONE',  ( -3.223082373619878746E-17, -4.598590846719930620E-17, -1.000000000000000000 ) ) ;
#3818 = VECTOR ( 'NONE', #3884, 1000.000000000000000 ) ;
#3819 = ORIENTED_EDGE ( 'NONE', *, *, #3659, .T. ) ;
#3820 = EDGE_CURVE ( 'NONE', #3384, #3198, #288, .T. ) ;
#3821 =( GEOMETRIC_REPRESENTATION_CONTEXT ( 3 ) GLOBAL_UNCERTAINTY_ASSIGNED_CONTEXT ( ( #3838 ) ) GLOBAL_UNIT_ASSIGNED_CONTEXT ( ( #3790, #2221, #1902 ) ) REPRESENTATION_CONTEXT ( 'NONE', 'WORKASPACE' ) );
#3822 = FILL_AREA_STYLE_COLOUR ( '', #3102 ) ;
#3823 = CYLINDRICAL_SURFACE ( 'NONE', #3566, 4.500000000000000000 ) ;
#3824 = CIRCLE ( 'NONE', #1238, 12.50000000000000533 ) ;
#3825 = CIRCLE ( 'NONE', #793, 4.500000000000000000 ) ;
#3826 = DIRECTION ( 'NONE',  ( 3.223082373619878746E-17, 4.598590846719930620E-17, 1.000000000000000000 ) ) ;
#3827 = ORIENTED_EDGE ( 'NONE', *, *, #114, .F. ) ;
#3828 = DIRECTION ( 'NONE',  ( 3.223082373619878746E-17, 4.598590846719930620E-17, 1.000000000000000000 ) ) ;
#3829 = FILL_AREA_STYLE_COLOUR ( '', #2850 ) ;
#3830 = VECTOR ( 'NONE', #1545, 1000.000000000000000 ) ;
#3831 = SURFACE_SIDE_STYLE ('',( #2141 ) ) ;
#3832 = CIRCLE ( 'NONE', #2074, 1.499999999999931388 ) ;
#3833 = CARTESIAN_POINT ( 'NONE',  ( 29.55938806178993872, 15.74280293060989777, 2.499999999999880096 ) ) ;
#3834 = EDGE_CURVE ( 'NONE', #2467, #3932, #2142, .T. ) ;
#3835 = DIRECTION ( 'NONE',  ( -0.9830921976803939089, 0.1831112526851726430, 2.326533403457361732E-17 ) ) ;
#3836 = ORIENTED_EDGE ( 'NONE', *, *, #3920, .F. ) ;
#3837 =( GEOMETRIC_REPRESENTATION_CONTEXT ( 3 ) GLOBAL_UNCERTAINTY_ASSIGNED_CONTEXT ( ( #1631 ) ) GLOBAL_UNIT_ASSIGNED_CONTEXT ( ( #1885, #3491, #1606 ) ) REPRESENTATION_CONTEXT ( 'NONE', 'WORKASPACE' ) );
#3838 = UNCERTAINTY_MEASURE_WITH_UNIT (LENGTH_MEASURE( 1.000000000000000082E-05 ), #3790, 'distance_accuracy_value', 'NONE');
#3839 = FACE_BOUND ( 'NONE', #2171, .T. ) ;
#3840 =( NAMED_UNIT ( * ) PLANE_ANGLE_UNIT ( ) SI_UNIT ( $, .RADIAN. ) );
#3841 = CIRCLE ( 'NONE', #2733, 4.500000000000000888 ) ;
#3842 = ORIENTED_EDGE ( 'NONE', *, *, #3579, .F. ) ;
#3843 = CIRCLE ( 'NONE', #3378, 4.499999999999999112 ) ;
#3844 = SURFACE_SIDE_STYLE ('',( #2897 ) ) ;
#3845 = FACE_OUTER_BOUND ( 'NONE', #3196, .T. ) ;
#3846 = PRESENTATION_LAYER_ASSIGNMENT (  '', '', ( #2087 ) ) ;
#3847 = DIRECTION ( 'NONE',  ( 3.223082373619878746E-17, 4.598590846719930620E-17, 1.000000000000000000 ) ) ;
#3848 = LINE ( 'NONE', #1046, #2829 ) ;
#3849 = MECHANICAL_DESIGN_GEOMETRIC_PRESENTATION_REPRESENTATION (  '', ( #1136 ), #2740 ) ;
#3850 = DIRECTION ( 'NONE',  ( 3.223082373619878746E-17, 4.598590846719930620E-17, 1.000000000000000000 ) ) ;
#3851 = FACE_OUTER_BOUND ( 'NONE', #1701, .T. ) ;
#3852 = ORIENTED_EDGE ( 'NONE', *, *, #896, .F. ) ;
#3853 =( LENGTH_UNIT ( ) NAMED_UNIT ( * ) SI_UNIT ( .MILLI., .METRE. ) );
#3854 = AXIS2_PLACEMENT_3D ( 'NONE', #1344, #150, #1969 ) ;
#3855 =( NAMED_UNIT ( * ) SI_UNIT ( $, .STERADIAN. ) SOLID_ANGLE_UNIT ( ) );
#3856 = PRESENTATION_STYLE_ASSIGNMENT (( #1763 ) ) ;
#3857 = ORIENTED_EDGE ( 'NONE', *, *, #211, .T. ) ;
#3858 = CYLINDRICAL_SURFACE ( 'NONE', #3354, 12.50000000000000533 ) ;
#3859 = ORIENTED_EDGE ( 'NONE', *, *, #1377, .F. ) ;
#3860 = FILL_AREA_STYLE ('',( #2024 ) ) ;
#3861 = CARTESIAN_POINT ( 'NONE',  ( 16.99354948729694925, -5.546373115941515941, -1.179611963664228824E-13 ) ) ;
#3862 = CARTESIAN_POINT ( 'NONE',  ( 25.76684524100826934, 17.85530735828362836, -1.196959198423996895E-13 ) ) ;
#3863 = DIRECTION ( 'NONE',  ( -4.800258967122366038E-17, -1.302709821111998600E-17, -1.000000000000000000 ) ) ;
#3864 = EDGE_CURVE ( 'NONE', #3952, #283, #719, .T. ) ;
#3865 = CARTESIAN_POINT ( 'NONE',  ( 21.67281267413515167, 6.044765569636400215, -1.188285581044112860E-13 ) ) ;
#3866 = EDGE_CURVE ( 'NONE', #3151, #3741, #3699, .T. ) ;
#3867 = DIRECTION ( 'NONE',  ( -0.6353906706864889120, 0.7721908414404912158, 0.000000000000000000 ) ) ;
#3868 = CARTESIAN_POINT ( 'NONE',  ( 17.30614973049254957, -2.601652011455701352, -1.179611963664228824E-13 ) ) ;
#3869 = DIRECTION ( 'NONE',  ( 3.223082373619878746E-17, 4.598590846719930620E-17, 1.000000000000000000 ) ) ;
#3870 = ORIENTED_EDGE ( 'NONE', *, *, #18, .F. ) ;
#3871 = LINE ( 'NONE', #2930, #671 ) ;
#3872 = SURFACE_STYLE_FILL_AREA ( #3522 ) ;
#3873 = EDGE_CURVE ( 'NONE', #83, #2801, #99, .T. ) ;
#3874 = CARTESIAN_POINT ( 'NONE',  ( 21.48050167117607856, 18.54328614121369867, 4.999999999999879208 ) ) ;
#3875 = DIRECTION ( 'NONE',  ( 3.223082373619878746E-17, 4.598590846719930620E-17, 1.000000000000000000 ) ) ;
#3876 = CIRCLE ( 'NONE', #2699, 9.686500000000002331 ) ;
#3877 = ORIENTED_EDGE ( 'NONE', *, *, #757, .T. ) ;
#3878 = UNCERTAINTY_MEASURE_WITH_UNIT (LENGTH_MEASURE( 1.000000000000000082E-05 ), #74, 'distance_accuracy_value', 'NONE');
#3879 = CARTESIAN_POINT ( 'NONE',  ( 16.21322321805667599, -1.956557147332139701, 4.999999999999880984 ) ) ;
#3880 = DIRECTION ( 'NONE',  ( -0.9999981302302332065, -0.001933788002217606827, 4.802769156365713318E-17 ) ) ;
#3881 = EDGE_CURVE ( 'NONE', #569, #2576, #398, .T. ) ;
#3882 =( NAMED_UNIT ( * ) PLANE_ANGLE_UNIT ( ) SI_UNIT ( $, .RADIAN. ) );
#3883 = CIRCLE ( 'NONE', #3097, 1.499999999999931388 ) ;
#3884 = DIRECTION ( 'NONE',  ( 3.223082373619878746E-17, 4.598590846719930620E-17, 1.000000000000000000 ) ) ;
#3885 =( GEOMETRIC_REPRESENTATION_CONTEXT ( 3 ) GLOBAL_UNCERTAINTY_ASSIGNED_CONTEXT ( ( #1729 ) ) GLOBAL_UNIT_ASSIGNED_CONTEXT ( ( #535, #831, #3320 ) ) REPRESENTATION_CONTEXT ( 'NONE', 'WORKASPACE' ) );
#3886 =( NAMED_UNIT ( * ) SI_UNIT ( $, .STERADIAN. ) SOLID_ANGLE_UNIT ( ) );
#3887 = FILL_AREA_STYLE_COLOUR ( '', #2153 ) ;
#3888 = DIRECTION ( 'NONE',  ( 0.6353906706864889120, -0.7721908414404912158, 1.503073264317127626E-17 ) ) ;
#3889 = SURFACE_STYLE_FILL_AREA ( #2959 ) ;
#3890 = PRODUCT_DEFINITION_FORMATION_WITH_SPECIFIED_SOURCE ( '任何', '', #1376, .NOT_KNOWN. ) ;
#3891 = CARTESIAN_POINT ( 'NONE',  ( 21.67281267413515167, 6.044765569636401104, 14.99999999999988098 ) ) ;
#3892 = EDGE_CURVE ( 'NONE', #3478, #3638, #1030, .T. ) ;
#3893 =( NAMED_UNIT ( * ) PLANE_ANGLE_UNIT ( ) SI_UNIT ( $, .RADIAN. ) );
#3894 = AXIS2_PLACEMENT_3D ( 'NONE', #3486, #1513, #814 ) ;
#3895 = CARTESIAN_POINT ( 'NONE',  ( 12.37257498661210953, 1.018526527952469563, -1.179611963664228824E-13 ) ) ;
#3896 = SURFACE_STYLE_USAGE ( .BOTH. , #2645 ) ;
#3897 = CARTESIAN_POINT ( 'NONE',  ( 9.330778258854103058, 8.025721523719751005, 2.499999999999881428 ) ) ;
#3898 = CIRCLE ( 'NONE', #359, 4.500000000000000000 ) ;
#3899 = AXIS2_PLACEMENT_3D ( 'NONE', #3412, #48, #2538 ) ;
#3900 = SURFACE_SIDE_STYLE ('',( #519 ) ) ;
#3901 = MECHANICAL_DESIGN_GEOMETRIC_PRESENTATION_REPRESENTATION (  '', ( #1554 ), #1177 ) ;
#3902 = CARTESIAN_POINT ( 'NONE',  ( 13.78623728648042857, -3.653271791337150631, 2.499999999999881872 ) ) ;
#3903 = ORIENTED_EDGE ( 'NONE', *, *, #845, .F. ) ;
#3904 = FILL_AREA_STYLE_COLOUR ( '', #1391 ) ;
#3905 = LINE ( 'NONE', #2679, #1437 ) ;
#3906 = PRESENTATION_STYLE_ASSIGNMENT (( #2753 ) ) ;
#3907 = ADVANCED_FACE ( 'NONE', ( #1559, #3387, #631, #34, #3721, #3839 ), #2220, .F. ) ;
#3908 = STYLED_ITEM ( 'NONE', ( #2371 ), #3562 ) ;
#3909 = PRESENTATION_STYLE_ASSIGNMENT (( #1430 ) ) ;
#3910 = CYLINDRICAL_SURFACE ( 'NONE', #3894, 4.500000000000000000 ) ;
#3911 = VECTOR ( 'NONE', #3339, 1000.000000000000000 ) ;
#3912 = VERTEX_POINT ( 'NONE', #3879 ) ;
#3913 = PRESENTATION_STYLE_ASSIGNMENT (( #157 ) ) ;
#3914 = CARTESIAN_POINT ( 'NONE',  ( 21.67281267413515167, 6.044765569636400215, -1.188285581044112860E-13 ) ) ;
#3915 = CARTESIAN_POINT ( 'NONE',  ( 58.20155193755812206, 18.73757709136154759, 5.000000000000000888 ) ) ;
#3916 = CIRCLE ( 'NONE', #940, 4.500000000000000000 ) ;
#3917 = CARTESIAN_POINT ( 'NONE',  ( 13.91601666714386099, 11.84652374763072302, -1.188285581044112860E-13 ) ) ;
#3918 = DIRECTION ( 'NONE',  ( 3.223082373619878746E-17, 4.598590846719930620E-17, 1.000000000000000000 ) ) ;
#3919 = ORIENTED_EDGE ( 'NONE', *, *, #2913, .F. ) ;
#3920 = EDGE_CURVE ( 'NONE', #1066, #1819, #1482, .T. ) ;
#3921 = UNCERTAINTY_MEASURE_WITH_UNIT (LENGTH_MEASURE( 1.000000000000000082E-05 ), #1141, 'distance_accuracy_value', 'NONE');
#3922 =( GEOMETRIC_REPRESENTATION_CONTEXT ( 3 ) GLOBAL_UNCERTAINTY_ASSIGNED_CONTEXT ( ( #458 ) ) GLOBAL_UNIT_ASSIGNED_CONTEXT ( ( #3681, #3368, #3068 ) ) REPRESENTATION_CONTEXT ( 'NONE', 'WORKASPACE' ) );
#3923 = SURFACE_STYLE_USAGE ( .BOTH. , #1418 ) ;
#3924 = CIRCLE ( 'NONE', #450, 12.50000000000000533 ) ;
#3925 = ORIENTED_EDGE ( 'NONE', *, *, #880, .F. ) ;
#3926 = DIRECTION ( 'NONE',  ( -3.223082373619878746E-17, -4.598590846719930620E-17, -1.000000000000000000 ) ) ;
#3927 = FACE_OUTER_BOUND ( 'NONE', #1215, .T. ) ;
#3928 = CARTESIAN_POINT ( 'NONE',  ( 14.80584321299972039, 14.08231683655875344, 4.999999999999880096 ) ) ;
#3929 = CARTESIAN_POINT ( 'NONE',  ( 21.67281267413515167, 6.044765569636400215, -1.188285581044112860E-13 ) ) ;
#3930 = APPLICATION_PROTOCOL_DEFINITION ( 'draft international standard', 'automotive_design', 1998, #547 ) ;
#3931 = DIRECTION ( 'NONE',  ( -0.009617212702353598874, -0.9999537535405512712, 4.629375246919190500E-17 ) ) ;
#3932 = VERTEX_POINT ( 'NONE', #164 ) ;
#3933 = EDGE_CURVE ( 'NONE', #1682, #2864, #1292, .T. ) ;
#3934 =( NAMED_UNIT ( * ) PLANE_ANGLE_UNIT ( ) SI_UNIT ( $, .RADIAN. ) );
#3935 = EDGE_LOOP ( 'NONE', ( #2275, #2480 ) ) ;
#3936 = CARTESIAN_POINT ( 'NONE',  ( 20.71194973510426962, 15.68349083091431417, -1.188285581044112860E-13 ) ) ;
#3937 = DIRECTION ( 'NONE',  ( 3.223082373619878746E-17, 4.598590846719930620E-17, 1.000000000000000000 ) ) ;
#3938 = ADVANCED_FACE ( 'NONE', ( #2851 ), #3527, .T. ) ;
#3939 = EDGE_CURVE ( 'NONE', #2513, #3511, #2827, .T. ) ;
#3940 = VERTEX_POINT ( 'NONE', #1964 ) ;
#3941 = FILL_AREA_STYLE_COLOUR ( '', #2113 ) ;
#3942 =( NAMED_UNIT ( * ) SI_UNIT ( $, .STERADIAN. ) SOLID_ANGLE_UNIT ( ) );
#3943 = ORIENTED_EDGE ( 'NONE', *, *, #3327, .F. ) ;
#3944 = EDGE_CURVE ( 'NONE', #2890, #599, #1355, .T. ) ;
#3945 = FILL_AREA_STYLE_COLOUR ( '', #1935 ) ;
#3946 = AXIS2_PLACEMENT_3D ( 'NONE', #128, #444, #3202 ) ;
#3947 = DIRECTION ( 'NONE',  ( 3.223082373619878746E-17, 4.598590846719930620E-17, 1.000000000000000000 ) ) ;
#3948 = ORIENTED_EDGE ( 'NONE', *, *, #3643, .F. ) ;
#3949 = CARTESIAN_POINT ( 'NONE',  ( 12.01366920932363591, 6.772247374349776194, -1.188285581044112860E-13 ) ) ;
#3950 = DIRECTION ( 'NONE',  ( 0.9830921976803952411, -0.1831112526851657318, -2.326533403457361424E-17 ) ) ;
#3951 = FILL_AREA_STYLE ('',( #3656 ) ) ;
#3952 = VERTEX_POINT ( 'NONE', #184 ) ;
#3953 = CARTESIAN_POINT ( 'NONE',  ( 21.67281267413489942, 7.544765569636153302, 4.999999999999999112 ) ) ;
#3954 = DIRECTION ( 'NONE',  ( -4.800258967122366038E-17, -1.302709821111998600E-17, -1.000000000000000000 ) ) ;
#3955 =( GEOMETRIC_REPRESENTATION_CONTEXT ( 3 ) GLOBAL_UNCERTAINTY_ASSIGNED_CONTEXT ( ( #2365 ) ) GLOBAL_UNIT_ASSIGNED_CONTEXT ( ( #2984, #2028, #3268 ) ) REPRESENTATION_CONTEXT ( 'NONE', 'WORKASPACE' ) );
#3956 = ADVANCED_FACE ( 'NONE', ( #1381 ), #3858, .T. ) ;
#3957 = AXIS2_PLACEMENT_3D ( 'NONE', #3014, #844, #2051 ) ;
#3958 = LINE ( 'NONE', #2735, #3465 ) ;
#3959 = ORIENTED_EDGE ( 'NONE', *, *, #713, .T. ) ;
#3960 = CARTESIAN_POINT ( 'NONE',  ( 21.67281267413515167, 6.044765569636400215, -1.188285581044112860E-13 ) ) ;
#3961 = CIRCLE ( 'NONE', #926, 4.500000000000000888 ) ;
#3962 = VERTEX_POINT ( 'NONE', #3635 ) ;
#3963 = COLOUR_RGB ( '',0.7764705882352941346, 0.7568627450980391913, 0.7372549019607843590 ) ;
#3964 = DIRECTION ( 'NONE',  ( 0.6353906706864890230, -0.7721908414404909937, 1.503073264317039496E-17 ) ) ;
#3965 = ORIENTED_EDGE ( 'NONE', *, *, #3144, .T. ) ;
#3966 = AXIS2_PLACEMENT_3D ( 'NONE', #756, #3211, #517 ) ;
#3967 = SURFACE_STYLE_FILL_AREA ( #2728 ) ;
#3968 = AXIS2_PLACEMENT_3D ( 'NONE', #3240, #2672, #848 ) ;
#3969 = DIRECTION ( 'NONE',  ( 0.3804066671743133177, 0.9248193161744251434, -3.030821721191136257E-17 ) ) ;
#3970 = VERTEX_POINT ( 'NONE', #2084 ) ;
#3971 = CARTESIAN_POINT ( 'NONE',  ( 12.56493313821630942, 0.6778269350177285046, -1.179611963664228824E-13 ) ) ;
#3972 = DIRECTION ( 'NONE',  ( -0.1568331554259680960, 0.9876251117499666998, -5.337491719779173296E-18 ) ) ;
#3973 = ORIENTED_EDGE ( 'NONE', *, *, #372, .F. ) ;
#3974 =( NAMED_UNIT ( * ) PLANE_ANGLE_UNIT ( ) SI_UNIT ( $, .RADIAN. ) );
#3975 = DIRECTION ( 'NONE',  ( 4.800258967122366038E-17, 1.302709821111998600E-17, 1.000000000000000000 ) ) ;
#3976 = MECHANICAL_DESIGN_GEOMETRIC_PRESENTATION_REPRESENTATION (  '', ( #2547 ), #1204 ) ;
#3977 = PRESENTATION_STYLE_ASSIGNMENT (( #2742 ) ) ;
#3978 = AXIS2_PLACEMENT_3D ( 'NONE', #522, #809, #1163 ) ;
ENDSEC;
END-ISO-10303-21;
