ISO-10303-21;
HEADER;
FILE_DESCRIPTION (( 'STEP AP214' ),
    '1' );
FILE_NAME ('装舵机孔m3STP.STEP',
    '2026-07-16T04:52:17',
    ( '' ),
    ( '' ),
    'SwSTEP 2.0',
    'SolidWorks 2020',
    '' );
FILE_SCHEMA (( 'AUTOMOTIVE_DESIGN' ));
ENDSEC;

DATA;
#1 = VERTEX_POINT ( 'NONE', #3089 ) ;
#2 = EDGE_CURVE ( 'NONE', #1852, #2525, #1648, .T. ) ;
#3 = ADVANCED_FACE ( 'NONE', ( #2626 ), #1178, .T. ) ;
#4 = FACE_OUTER_BOUND ( 'NONE', #1939, .T. ) ;
#5 = VECTOR ( 'NONE', #1205, 1000.000000000000000 ) ;
#6 = CYLINDRICAL_SURFACE ( 'NONE', #2269, 12.50000000000000178 ) ;
#7 = VERTEX_POINT ( 'NONE', #2093 ) ;
#8 = EDGE_CURVE ( 'NONE', #467, #319, #1302, .T. ) ;
#9 = LINE ( 'NONE', #964, #2756 ) ;
#10 = AXIS2_PLACEMENT_3D ( 'NONE', #1840, #1667, #2309 ) ;
#11 = CARTESIAN_POINT ( 'NONE',  ( 11.21437295018893998, 4.502514458709399925, 4.999999999999880096 ) ) ;
#12 = VERTEX_POINT ( 'NONE', #2831 ) ;
#13 = DIRECTION ( 'NONE',  ( 3.223082373619919421E-17, 4.598590846719879467E-17, 1.000000000000000000 ) ) ;
#14 = DIRECTION ( 'NONE',  ( -0.009617212702353602344, -0.9999537535405512712, 8.954335807447518058E-17 ) ) ;
#15 = CARTESIAN_POINT ( 'NONE',  ( 37.98137637465535477, 32.20741880427054582, 2.602085213965209853E-15 ) ) ;
#16 = VECTOR ( 'NONE', #2637, 1000.000000000000000 ) ;
#17 = CYLINDRICAL_SURFACE ( 'NONE', #568, 4.500000000000001776 ) ;
#18 = ORIENTED_EDGE ( 'NONE', *, *, #2158, .F. ) ;
#19 = AXIS2_PLACEMENT_3D ( 'NONE', #2581, #2075, #3070 ) ;
#20 = ORIENTED_EDGE ( 'NONE', *, *, #971, .T. ) ;
#21 = FACE_OUTER_BOUND ( 'NONE', #521, .T. ) ;
#22 = AXIS2_PLACEMENT_3D ( 'NONE', #2825, #2338, #3039 ) ;
#23 = CIRCLE ( 'NONE', #1011, 4.499999999999997335 ) ;
#24 = EDGE_CURVE ( 'NONE', #2783, #728, #1454, .T. ) ;
#25 = LINE ( 'NONE', #1459, #611 ) ;
#26 = AXIS2_PLACEMENT_3D ( 'NONE', #2232, #2266, #292 ) ;
#27 = ORIENTED_EDGE ( 'NONE', *, *, #2140, .F. ) ;
#28 = CARTESIAN_POINT ( 'NONE',  ( 21.67281267413515167, 6.044765569636400215, -1.188285581044112102E-13 ) ) ;
#29 = EDGE_CURVE ( 'NONE', #2620, #259, #2560, .T. ) ;
#30 = DIRECTION ( 'NONE',  ( 0.6353906706864890230, -0.7721908414404911047, 1.503073264317007757E-17 ) ) ;
#31 = ORIENTED_EDGE ( 'NONE', *, *, #1281, .T. ) ;
#32 = DIRECTION ( 'NONE',  ( 0.6353906706864835829, -0.7721908414404955456, 1.503073264317007140E-17 ) ) ;
#33 = DIRECTION ( 'NONE',  ( 0.6353906706864891341, -0.7721908414404909937, 0.000000000000000000 ) ) ;
#34 = CARTESIAN_POINT ( 'NONE',  ( 21.67281267413515167, 6.044765569636400215, -1.188285581044112102E-13 ) ) ;
#35 = CARTESIAN_POINT ( 'NONE',  ( 18.14557382332835189, -3.920980064180009439, -1.179611963664229834E-13 ) ) ;
#36 = ORIENTED_EDGE ( 'NONE', *, *, #2221, .F. ) ;
#37 = EDGE_LOOP ( 'NONE', ( #1809, #1899, #2949, #2879 ) ) ;
#38 = DIRECTION ( 'NONE',  ( 3.223082373619879362E-17, 4.598590846719929387E-17, 1.000000000000000000 ) ) ;
#39 = DIRECTION ( 'NONE',  ( 0.6353906706864890230, -0.7721908414404911047, 1.503073264317007757E-17 ) ) ;
#40 = ORIENTED_EDGE ( 'NONE', *, *, #492, .F. ) ;
#41 = DIRECTION ( 'NONE',  ( 3.223082373619839303E-17, 4.598590846719979307E-17, 1.000000000000000000 ) ) ;
#42 = EDGE_CURVE ( 'NONE', #1320, #78, #2105, .T. ) ;
#43 = ORIENTED_EDGE ( 'NONE', *, *, #1535, .T. ) ;
#44 = EDGE_CURVE ( 'NONE', #235, #1057, #2909, .T. ) ;
#45 = DIRECTION ( 'NONE',  ( 0.8707939595268957556, 0.4916481262564427746, -8.954335807447510663E-17 ) ) ;
#46 = FACE_OUTER_BOUND ( 'NONE', #1764, .T. ) ;
#47 = AXIS2_PLACEMENT_3D ( 'NONE', #434, #602, #1330 ) ;
#48 = VERTEX_POINT ( 'NONE', #1888 ) ;
#49 = AXIS2_PLACEMENT_3D ( 'NONE', #349, #1045, #2950 ) ;
#50 = ORIENTED_EDGE ( 'NONE', *, *, #1628, .T. ) ;
#51 = CARTESIAN_POINT ( 'NONE',  ( 21.67281267413515167, 6.044765569636400215, 14.99999999999987921 ) ) ;
#52 = VECTOR ( 'NONE', #252, 1000.000000000000000 ) ;
#53 = FACE_OUTER_BOUND ( 'NONE', #974, .T. ) ;
#54 = ORIENTED_EDGE ( 'NONE', *, *, #519, .F. ) ;
#55 = FACE_OUTER_BOUND ( 'NONE', #2649, .T. ) ;
#56 = AXIS2_PLACEMENT_3D ( 'NONE', #766, #2250, #782 ) ;
#57 = AXIS2_PLACEMENT_3D ( 'NONE', #1571, #364, #789 ) ;
#58 = CARTESIAN_POINT ( 'NONE',  ( 11.07031495555671974, 12.66572034425457893, 2.499999999999880096 ) ) ;
#59 = EDGE_LOOP ( 'NONE', ( #1665, #2925 ) ) ;
#60 = AXIS2_PLACEMENT_3D ( 'NONE', #1647, #433, #446 ) ;
#61 = DIRECTION ( 'NONE',  ( 1.000000000000000000, 0.000000000000000000, 0.000000000000000000 ) ) ;
#62 = AXIS2_PLACEMENT_3D ( 'NONE', #1643, #1601, #1132 ) ;
#63 = ADVANCED_FACE ( 'NONE', ( #2133 ), #687, .T. ) ;
#64 = DIRECTION ( 'NONE',  ( 3.223082373619899700E-17, 4.598590846719909049E-17, 1.000000000000000000 ) ) ;
#65 = DIRECTION ( 'NONE',  ( -3.223082373619879362E-17, -4.598590846719929387E-17, -1.000000000000000000 ) ) ;
#66 = DIRECTION ( 'NONE',  ( 0.001933788002217605309, -0.9999981302302332065, 1.293424702146400416E-17 ) ) ;
#67 = VERTEX_POINT ( 'NONE', #2844 ) ;
#68 = EDGE_CURVE ( 'NONE', #882, #275, #1805, .T. ) ;
#69 = VERTEX_POINT ( 'NONE', #2863 ) ;
#70 = DIRECTION ( 'NONE',  ( -0.9830921976803939089, 0.1831112526851726430, 0.000000000000000000 ) ) ;
#71 = AXIS2_PLACEMENT_3D ( 'NONE', #241, #743, #30 ) ;
#72 = DIRECTION ( 'NONE',  ( 0.6353906706864890230, -0.7721908414404911047, 1.503073264317007757E-17 ) ) ;
#73 = VERTEX_POINT ( 'NONE', #214 ) ;
#74 = AXIS2_PLACEMENT_3D ( 'NONE', #930, #2433, #2618 ) ;
#75 = DIRECTION ( 'NONE',  ( -0.009617212702353602344, -0.9999537535405512712, 4.629375246919191733E-17 ) ) ;
#76 = CIRCLE ( 'NONE', #1469, 9.686500000000004107 ) ;
#77 = CYLINDRICAL_SURFACE ( 'NONE', #2923, 1.500000000000001332 ) ;
#78 = VERTEX_POINT ( 'NONE', #2612 ) ;
#79 = CYLINDRICAL_SURFACE ( 'NONE', #1405, 4.500000000000000000 ) ;
#80 = CARTESIAN_POINT ( 'NONE',  ( 28.23766117718584923, -2.241383359785805052, -1.188285581044112102E-13 ) ) ;
#81 = DIRECTION ( 'NONE',  ( 0.000000000000000000, 0.000000000000000000, 1.000000000000000000 ) ) ;
#82 = EDGE_CURVE ( 'NONE', #630, #1078, #449, .T. ) ;
#83 = VECTOR ( 'NONE', #1423, 1000.000000000000000 ) ;
#84 = EDGE_LOOP ( 'NONE', ( #1615, #3087, #1745, #398 ) ) ;
#85 = CARTESIAN_POINT ( 'NONE',  ( 80.54029622352290119, 0.4137425037671574879, 9.382100710328519365E-16 ) ) ;
#86 = EDGE_CURVE ( 'NONE', #467, #1323, #1197, .T. ) ;
#88 = ORIENTED_EDGE ( 'NONE', *, *, #512, .T. ) ;
#87 = CYLINDRICAL_SURFACE ( 'NONE', #2868, 4.500000000000000000 ) ;
#89 = LINE ( 'NONE', #2465, #689 ) ;
#90 = CARTESIAN_POINT ( 'NONE',  ( 21.67281267413515167, 6.044765569636400215, -1.188285581044112102E-13 ) ) ;
#91 = ORIENTED_EDGE ( 'NONE', *, *, #1762, .T. ) ;
#92 = CARTESIAN_POINT ( 'NONE',  ( 27.13240213021370195, 14.04608828660490083, -1.196959198423995885E-13 ) ) ;
#93 = CARTESIAN_POINT ( 'NONE',  ( 81.79183544889649227, 1.240573542947080110, 5.000000000000000000 ) ) ;
#94 = CARTESIAN_POINT ( 'NONE',  ( 26.35207586097344645, 17.63590425521430305, 4.999999999999880096 ) ) ;
#95 = DIRECTION ( 'NONE',  ( -4.800258967122359875E-17, -1.302709821111989972E-17, -1.000000000000000000 ) ) ;
#96 = VECTOR ( 'NONE', #1376, 1000.000000000000000 ) ;
#97 = ADVANCED_FACE ( 'NONE', ( #1388 ), #173, .T. ) ;
#98 = CARTESIAN_POINT ( 'NONE',  ( 21.67281267413515167, 6.044765569636400215, -1.188285581044112102E-13 ) ) ;
#99 = EDGE_CURVE ( 'NONE', #947, #459, #2078, .T. ) ;
#100 = ORIENTED_EDGE ( 'NONE', *, *, #2280, .T. ) ;
#101 = FACE_OUTER_BOUND ( 'NONE', #1432, .T. ) ;
#102 = ORIENTED_EDGE ( 'NONE', *, *, #2436, .F. ) ;
#103 = EDGE_CURVE ( 'NONE', #1086, #113, #305, .T. ) ;
#104 = CYLINDRICAL_SURFACE ( 'NONE', #1866, 4.500000000000000000 ) ;
#105 = ORIENTED_EDGE ( 'NONE', *, *, #232, .F. ) ;
#106 = CARTESIAN_POINT ( 'NONE',  ( 25.53892944121434994, -5.842334208833920073, 4.999999999999880096 ) ) ;
#107 = AXIS2_PLACEMENT_3D ( 'NONE', #476, #2596, #890 ) ;
#108 = VERTEX_POINT ( 'NONE', #2940 ) ;
#109 = CYLINDRICAL_SURFACE ( 'NONE', #799, 1.499999999999931388 ) ;
#110 = CARTESIAN_POINT ( 'NONE',  ( 16.21322321805670086, -1.956557147332140145, -1.179611963664229834E-13 ) ) ;
#111 = CARTESIAN_POINT ( 'NONE',  ( 13.13324258506532161, 4.533324879078722169, 4.999999999999880984 ) ) ;
#112 = CARTESIAN_POINT ( 'NONE',  ( 12.01366920932364124, 6.772247374349779747, -1.188285581044112102E-13 ) ) ;
#113 = VERTEX_POINT ( 'NONE', #1934 ) ;
#114 = FACE_OUTER_BOUND ( 'NONE', #1834, .T. ) ;
#115 = AXIS2_PLACEMENT_3D ( 'NONE', #773, #906, #486 ) ;
#116 = EDGE_CURVE ( 'NONE', #866, #1044, #1503, .T. ) ;
#118 = CARTESIAN_POINT ( 'NONE',  ( 12.01366920932364124, 6.772247374349779747, 4.999999999999880096 ) ) ;
#117 = CARTESIAN_POINT ( 'NONE',  ( 10.63764878271871872, 0.1732105890899859890, 4.999999999999880096 ) ) ;
#119 = AXIS2_PLACEMENT_3D ( 'NONE', #3097, #656, #2623 ) ;
#120 = VERTEX_POINT ( 'NONE', #2181 ) ;
#121 = DIRECTION ( 'NONE',  ( 1.000000000000000000, 0.000000000000000000, 0.000000000000000000 ) ) ;
#122 = EDGE_CURVE ( 'NONE', #2386, #69, #646, .T. ) ;
#123 = AXIS2_PLACEMENT_3D ( 'NONE', #993, #238, #1956 ) ;
#124 = CIRCLE ( 'NONE', #1964, 9.686500000000004107 ) ;
#125 = ORIENTED_EDGE ( 'NONE', *, *, #86, .F. ) ;
#126 = LINE ( 'NONE', #2329, #949 ) ;
#127 = ORIENTED_EDGE ( 'NONE', *, *, #68, .T. ) ;
#128 = FACE_OUTER_BOUND ( 'NONE', #1879, .T. ) ;
#129 = DIRECTION ( 'NONE',  ( 3.223082373619879362E-17, 4.598590846719929387E-17, 1.000000000000000000 ) ) ;
#130 = CARTESIAN_POINT ( 'NONE',  ( 21.67281267413515167, 6.044765569636400215, 4.999999999999880096 ) ) ;
#131 = CYLINDRICAL_SURFACE ( 'NONE', #2367, 12.50000000000000178 ) ;
#132 = AXIS2_PLACEMENT_3D ( 'NONE', #1087, #1811, #2297 ) ;
#133 = VERTEX_POINT ( 'NONE', #527 ) ;
#134 = DIRECTION ( 'NONE',  ( 4.309556591677649812E-17, 1.521775445632455025E-17, 1.000000000000000000 ) ) ;
#135 = DIRECTION ( 'NONE',  ( 3.223082373619839303E-17, 4.598590846719979307E-17, 1.000000000000000000 ) ) ;
#136 = ORIENTED_EDGE ( 'NONE', *, *, #2012, .F. ) ;
#137 = DIRECTION ( 'NONE',  ( 3.223082373619839303E-17, 4.598590846719979307E-17, 1.000000000000000000 ) ) ;
#138 = EDGE_LOOP ( 'NONE', ( #2098, #2231 ) ) ;
#139 = EDGE_CURVE ( 'NONE', #2125, #2274, #1902, .T. ) ;
#140 = CARTESIAN_POINT ( 'NONE',  ( 30.67578221348815148, 0.5036429918500110459, -1.188285581044112102E-13 ) ) ;
#141 = ORIENTED_EDGE ( 'NONE', *, *, #1820, .F. ) ;
#142 = DIRECTION ( 'NONE',  ( -0.6353906706864891341, 0.7721908414404911047, 0.000000000000000000 ) ) ;
#143 = ORIENTED_EDGE ( 'NONE', *, *, #44, .F. ) ;
#144 = DIRECTION ( 'NONE',  ( 3.223082373619839303E-17, 4.598590846719979307E-17, 1.000000000000000000 ) ) ;
#145 = VERTEX_POINT ( 'NONE', #2895 ) ;
#146 = CARTESIAN_POINT ( 'NONE',  ( 10.94493185090636089, -0.3710409301421190298, 2.499999999999880096 ) ) ;
#147 = VECTOR ( 'NONE', #834, 1000.000000000000000 ) ;
#148 = VERTEX_POINT ( 'NONE', #729 ) ;
#149 = DIRECTION ( 'NONE',  ( 3.223082373619839303E-17, 4.598590846719979307E-17, 1.000000000000000000 ) ) ;
#150 = ORIENTED_EDGE ( 'NONE', *, *, #82, .F. ) ;
#151 = CARTESIAN_POINT ( 'NONE',  ( 21.67281267413515167, 6.044765569636400215, -1.188285581044112102E-13 ) ) ;
#152 = AXIS2_PLACEMENT_3D ( 'NONE', #1220, #237, #1895 ) ;
#153 = ORIENTED_EDGE ( 'NONE', *, *, #232, .T. ) ;
#154 = DIRECTION ( 'NONE',  ( 4.800258967122369736E-17, 1.302709821111999986E-17, 1.000000000000000000 ) ) ;
#155 = ORIENTED_EDGE ( 'NONE', *, *, #2780, .F. ) ;
#156 = DIRECTION ( 'NONE',  ( 1.000000000000000000, 0.000000000000000000, 0.000000000000000000 ) ) ;
#157 = ADVANCED_FACE ( 'NONE', ( #2670 ), #2439, .T. ) ;
#158 = VERTEX_POINT ( 'NONE', #290 ) ;
#159 = DIRECTION ( 'NONE',  ( 0.6353906706864890230, -0.7721908414404911047, 1.503073264317007757E-17 ) ) ;
#160 = ADVANCED_FACE ( 'NONE', ( #244 ), #1239, .F. ) ;
#161 = VECTOR ( 'NONE', #1868, 1000.000000000000114 ) ;
#162 = ORIENTED_EDGE ( 'NONE', *, *, #1873, .F. ) ;
#163 = CARTESIAN_POINT ( 'NONE',  ( 21.68425336469269737, -0.9948045194336642139, 4.999999999999880984 ) ) ;
#164 = ORIENTED_EDGE ( 'NONE', *, *, #2589, .F. ) ;
#165 = CYLINDRICAL_SURFACE ( 'NONE', #2317, 12.50000000000000178 ) ;
#166 = ORIENTED_EDGE ( 'NONE', *, *, #1593, .T. ) ;
#167 = AXIS2_PLACEMENT_3D ( 'NONE', #2147, #673, #2119 ) ;
#168 = DIRECTION ( 'NONE',  ( 0.6353906706864891341, -0.7721908414404909937, 0.000000000000000000 ) ) ;
#169 = AXIS2_PLACEMENT_3D ( 'NONE', #2094, #422, #2301 ) ;
#170 = CIRCLE ( 'NONE', #1767, 4.500000000000000000 ) ;
#171 = ORIENTED_EDGE ( 'NONE', *, *, #2700, .T. ) ;
#172 = DIRECTION ( 'NONE',  ( 1.000000000000000000, 0.000000000000000000, 0.000000000000000000 ) ) ;
#173 = CYLINDRICAL_SURFACE ( 'NONE', #2199, 2.999999999999999556 ) ;
#174 = AXIS2_PLACEMENT_3D ( 'NONE', #2807, #636, #2578 ) ;
#175 = AXIS2_PLACEMENT_3D ( 'NONE', #1001, #489, #2150 ) ;
#176 = CIRCLE ( 'NONE', #2577, 3.000000000000001332 ) ;
#177 = ADVANCED_FACE ( 'NONE', ( #999 ), #2425, .T. ) ;
#178 = CARTESIAN_POINT ( 'NONE',  ( 21.67281267413515167, 6.044765569636400215, 4.999999999999880096 ) ) ;
#179 = ORIENTED_EDGE ( 'NONE', *, *, #647, .T. ) ;
#180 = CARTESIAN_POINT ( 'NONE',  ( 0.000000000000000000, 0.000000000000000000, 0.000000000000000000 ) ) ;
#181 = ORIENTED_EDGE ( 'NONE', *, *, #1127, .F. ) ;
#182 = EDGE_CURVE ( 'NONE', #1223, #69, #2654, .T. ) ;
#183 = CARTESIAN_POINT ( 'NONE',  ( 56.91506107130830117, 12.61670311563442048, 5.000000000000000000 ) ) ;
#184 = DIRECTION ( 'NONE',  ( 3.223082373619839303E-17, 4.598590846719979307E-17, 1.000000000000000000 ) ) ;
#185 = ORIENTED_EDGE ( 'NONE', *, *, #966, .T. ) ;
#186 = CARTESIAN_POINT ( 'NONE',  ( 64.69975104248850073, 11.62439978087055970, 5.000000000000000000 ) ) ;
#187 = CARTESIAN_POINT ( 'NONE',  ( 17.30614973049255312, -2.601652011455700020, -1.179611963664229834E-13 ) ) ;
#188 = ORIENTED_EDGE ( 'NONE', *, *, #1453, .T. ) ;
#189 = CARTESIAN_POINT ( 'NONE',  ( 17.47325866540215245, 14.77357009131829990, 4.999999999999880096 ) ) ;
#190 = ORIENTED_EDGE ( 'NONE', *, *, #1073, .T. ) ;
#191 = DIRECTION ( 'NONE',  ( 0.6353906706864889120, -0.7721908414404911047, 1.503073264317127626E-17 ) ) ;
#192 = ORIENTED_EDGE ( 'NONE', *, *, #3051, .F. ) ;
#193 = DIRECTION ( 'NONE',  ( 3.223082373619879362E-17, 4.598590846719929387E-17, 1.000000000000000000 ) ) ;
#194 = EDGE_CURVE ( 'NONE', #1672, #551, #764, .T. ) ;
#195 = ADVANCED_FACE ( 'NONE', ( #1976 ), #79, .T. ) ;
#196 = ORIENTED_EDGE ( 'NONE', *, *, #1431, .T. ) ;
#197 = FACE_OUTER_BOUND ( 'NONE', #537, .T. ) ;
#198 = CIRCLE ( 'NONE', #586, 1.500000000000001332 ) ;
#199 = DIRECTION ( 'NONE',  ( -0.8611767468245419277, 0.5083056272841159906, 4.381539882965519653E-18 ) ) ;
#200 = ORIENTED_EDGE ( 'NONE', *, *, #3017, .T. ) ;
#201 = DIRECTION ( 'NONE',  ( -4.800258967122359875E-17, -1.302709821111993978E-17, -1.000000000000000000 ) ) ;
#202 = ORIENTED_EDGE ( 'NONE', *, *, #864, .F. ) ;
#203 = DIRECTION ( 'NONE',  ( 2.845754347370484793E-17, 4.821306984588029466E-17, 1.000000000000000000 ) ) ;
#204 = ORIENTED_EDGE ( 'NONE', *, *, #2012, .T. ) ;
#205 = LINE ( 'NONE', #2870, #52 ) ;
#206 = AXIS2_PLACEMENT_3D ( 'NONE', #2535, #566, #2485 ) ;
#207 = CARTESIAN_POINT ( 'NONE',  ( 12.47096770804379950, 11.24895130504122065, -1.188285581044112102E-13 ) ) ;
#208 = ORIENTED_EDGE ( 'NONE', *, *, #2833, .T. ) ;
#209 = CARTESIAN_POINT ( 'NONE',  ( 21.67281267413515167, 6.044765569636400215, 14.99999999999987921 ) ) ;
#210 = EDGE_CURVE ( 'NONE', #1143, #2283, #1257, .T. ) ;
#211 = DIRECTION ( 'NONE',  ( 1.000000000000000000, 0.000000000000000000, 0.000000000000000000 ) ) ;
#212 = ORIENTED_EDGE ( 'NONE', *, *, #523, .F. ) ;
#213 = CARTESIAN_POINT ( 'NONE',  ( 11.07031495555671974, 12.66572034425457893, -1.188285581044112102E-13 ) ) ;
#214 = CARTESIAN_POINT ( 'NONE',  ( 29.61519605771624697, -3.607619948369739760, 4.999999999999880096 ) ) ;
#215 = EDGE_CURVE ( 'NONE', #681, #1796, #1494, .T. ) ;
#216 = AXIS2_PLACEMENT_3D ( 'NONE', #2404, #2843, #686 ) ;
#217 = VECTOR ( 'NONE', #1304, 1000.000000000000000 ) ;
#218 = DIRECTION ( 'NONE',  ( 0.6501250953843409341, 0.7598271911109140131, -8.954335807447514361E-17 ) ) ;
#219 = ORIENTED_EDGE ( 'NONE', *, *, #2931, .F. ) ;
#220 = CIRCLE ( 'NONE', #1065, 4.500000000000000000 ) ;
#221 = AXIS2_PLACEMENT_3D ( 'NONE', #1480, #1467, #746 ) ;
#222 = VERTEX_POINT ( 'NONE', #1434 ) ;
#223 = CARTESIAN_POINT ( 'NONE',  ( 25.56640389503060362, 15.87316560998564974, 4.999999999999880096 ) ) ;
#224 = CYLINDRICAL_SURFACE ( 'NONE', #22, 12.50000000000000178 ) ;
#225 = ORIENTED_EDGE ( 'NONE', *, *, #1966, .T. ) ;
#226 = CARTESIAN_POINT ( 'NONE',  ( 16.36812686900234937, 14.14961539914109956, -1.188285581044112102E-13 ) ) ;
#227 = EDGE_CURVE ( 'NONE', #1783, #158, #1557, .T. ) ;
#228 = DIRECTION ( 'NONE',  ( 3.223082373619879362E-17, 4.598590846719929387E-17, 1.000000000000000000 ) ) ;
#229 = ORIENTED_EDGE ( 'NONE', *, *, #2794, .F. ) ;
#230 = CARTESIAN_POINT ( 'NONE',  ( 17.77922145323960024, -3.783634470712839981, 4.999999999999880096 ) ) ;
#231 = DIRECTION ( 'NONE',  ( 4.800258967122369736E-17, 1.302709821111999986E-17, 1.000000000000000000 ) ) ;
#232 = EDGE_CURVE ( 'NONE', #2251, #416, #2405, .T. ) ;
#233 = ADVANCED_FACE ( 'NONE', ( #1464 ), #2881, .T. ) ;
#234 = DIRECTION ( 'NONE',  ( 3.223082373619899700E-17, 4.598590846719909049E-17, 1.000000000000000000 ) ) ;
#235 = VERTEX_POINT ( 'NONE', #970 ) ;
#236 = ORIENTED_EDGE ( 'NONE', *, *, #983, .F. ) ;
#237 = DIRECTION ( 'NONE',  ( 0.000000000000000000, 0.000000000000000000, 1.000000000000000000 ) ) ;
#238 = DIRECTION ( 'NONE',  ( 4.178121103125229940E-17, 3.437931438000229393E-17, 1.000000000000000000 ) ) ;
#239 = VERTEX_POINT ( 'NONE', #2230 ) ;
#240 = DIRECTION ( 'NONE',  ( 3.223082373619879362E-17, 4.598590846719929387E-17, 1.000000000000000000 ) ) ;
#241 = CARTESIAN_POINT ( 'NONE',  ( 21.67281267413515167, 6.044765569636400215, -1.188285581044112102E-13 ) ) ;
#242 = ORIENTED_EDGE ( 'NONE', *, *, #2352, .T. ) ;
#243 = CARTESIAN_POINT ( 'NONE',  ( 17.80906462234679921, -5.588444112275670506, 4.999999999999880096 ) ) ;
#244 = FACE_OUTER_BOUND ( 'NONE', #1596, .T. ) ;
#245 = VECTOR ( 'NONE', #2791, 1000.000000000000000 ) ;
#246 = DIRECTION ( 'NONE',  ( -0.8611767468245419277, 0.5083056272841161016, 4.381539882963416537E-18 ) ) ;
#247 = CARTESIAN_POINT ( 'NONE',  ( 64.69975104248850073, 11.62439978087055970, 1.734723475976804925E-15 ) ) ;
#248 = EDGE_CURVE ( 'NONE', #2646, #1383, #855, .T. ) ;
#249 = ORIENTED_EDGE ( 'NONE', *, *, #1168, .T. ) ;
#250 = EDGE_LOOP ( 'NONE', ( #2185, #2323, #1699, #2766 ) ) ;
#251 = VECTOR ( 'NONE', #240, 1000.000000000000000 ) ;
#252 = DIRECTION ( 'NONE',  ( 4.800258967122369736E-17, 1.302709821111999986E-17, 1.000000000000000000 ) ) ;
#253 = ADVANCED_FACE ( 'NONE', ( #593 ), #1513, .T. ) ;
#254 = DIRECTION ( 'NONE',  ( -4.178121103125229940E-17, -3.437931438000229393E-17, -1.000000000000000000 ) ) ;
#255 = VERTEX_POINT ( 'NONE', #2518 ) ;
#256 = DIRECTION ( 'NONE',  ( 3.223082373619879362E-17, 4.598590846719929387E-17, 1.000000000000000000 ) ) ;
#257 = AXIS2_PLACEMENT_3D ( 'NONE', #3024, #137, #793 ) ;
#258 = DIRECTION ( 'NONE',  ( 3.223082373620004470E-17, 4.598590846720079147E-17, 1.000000000000000000 ) ) ;
#259 = VERTEX_POINT ( 'NONE', #1807 ) ;
#260 = CARTESIAN_POINT ( 'NONE',  ( 17.47325866540215245, 14.77357009131829990, -1.188285581044112102E-13 ) ) ;
#261 = DIRECTION ( 'NONE',  ( 4.800258967122369736E-17, 1.302709821111999986E-17, 1.000000000000000000 ) ) ;
#262 = CARTESIAN_POINT ( 'NONE',  ( 80.54029622352290119, 0.4137425037671574879, 5.000000000000000000 ) ) ;
#263 = AXIS2_PLACEMENT_3D ( 'NONE', #93, #1036, #1997 ) ;
#264 = DIRECTION ( 'NONE',  ( 0.8343594835823765488, 0.5512206927866094563, -4.723222202963138644E-17 ) ) ;
#265 = ORIENTED_EDGE ( 'NONE', *, *, #2816, .F. ) ;
#266 = CIRCLE ( 'NONE', #2113, 4.500000000000000000 ) ;
#267 = EDGE_CURVE ( 'NONE', #2848, #2908, #1047, .T. ) ;
#268 = VERTEX_POINT ( 'NONE', #2028 ) ;
#269 = CARTESIAN_POINT ( 'NONE',  ( 99.87901213735520400, -3.328730863270484619, 5.000000000000000000 ) ) ;
#270 = CIRCLE ( 'NONE', #174, 12.50000000000000178 ) ;
#271 = AXIS2_PLACEMENT_3D ( 'NONE', #15, #2390, #1019 ) ;
#272 = EDGE_CURVE ( 'NONE', #1346, #1692, #1697, .T. ) ;
#273 = DIRECTION ( 'NONE',  ( 3.223082373619879362E-17, 4.598590846719929387E-17, 1.000000000000000000 ) ) ;
#274 =( GEOMETRIC_REPRESENTATION_CONTEXT ( 3 ) GLOBAL_UNCERTAINTY_ASSIGNED_CONTEXT ( ( #618 ) ) GLOBAL_UNIT_ASSIGNED_CONTEXT ( ( #1860, #3048, #1878 ) ) REPRESENTATION_CONTEXT ( 'NONE', 'WORKASPACE' ) );
#275 = VERTEX_POINT ( 'NONE', #2954 ) ;
#276 = FACE_OUTER_BOUND ( 'NONE', #3025, .T. ) ;
#277 = VERTEX_POINT ( 'NONE', #92 ) ;
#278 = DIRECTION ( 'NONE',  ( 3.223082373619919421E-17, 4.598590846719879467E-17, 1.000000000000000000 ) ) ;
#279 = DIRECTION ( 'NONE',  ( 0.6353906706864890230, -0.7721908414404911047, 1.503073264317127935E-17 ) ) ;
#280 = ORIENTED_EDGE ( 'NONE', *, *, #1512, .T. ) ;
#281 = VERTEX_POINT ( 'NONE', #1288 ) ;
#282 = CARTESIAN_POINT ( 'NONE',  ( 29.37140164121510111, -3.803164563947750043, 4.999999999999880096 ) ) ;
#283 = AXIS2_PLACEMENT_3D ( 'NONE', #1713, #66, #1730 ) ;
#284 = DIRECTION ( 'NONE',  ( 3.223082373619839303E-17, 4.598590846719979307E-17, 1.000000000000000000 ) ) ;
#285 = VERTEX_POINT ( 'NONE', #1033 ) ;
#286 = CARTESIAN_POINT ( 'NONE',  ( 83.04337467426999808, 2.067404582126999735, 5.000000000000000000 ) ) ;
#287 = EDGE_CURVE ( 'NONE', #823, #1392, #2758, .T. ) ;
#288 = LINE ( 'NONE', #58, #2519 ) ;
#289 = EDGE_LOOP ( 'NONE', ( #2920, #2128, #485, #2030 ) ) ;
#290 = CARTESIAN_POINT ( 'NONE',  ( 12.00146392535970108, 5.503197818048999324, 4.999999999999880096 ) ) ;
#291 = ADVANCED_FACE ( 'NONE', ( #2246 ), #1324, .T. ) ;
#292 = DIRECTION ( 'NONE',  ( -0.6353906706864889120, 0.7721908414404911047, 0.000000000000000000 ) ) ;
#293 = FACE_BOUND ( 'NONE', #2532, .T. ) ;
#294 = VERTEX_POINT ( 'NONE', #106 ) ;
#295 = AXIS2_PLACEMENT_3D ( 'NONE', #223, #2414, #297 ) ;
#296 = ORIENTED_EDGE ( 'NONE', *, *, #2589, .T. ) ;
#297 = DIRECTION ( 'NONE',  ( -0.6353906706864889120, 0.7721908414404912158, 0.000000000000000000 ) ) ;
#298 = CYLINDRICAL_SURFACE ( 'NONE', #123, 12.50000000000000178 ) ;
#299 = ORIENTED_EDGE ( 'NONE', *, *, #1602, .F. ) ;
#300 = CARTESIAN_POINT ( 'NONE',  ( 12.37257498661210064, 1.018526527952470007, -1.179611963664229834E-13 ) ) ;
#301 = EDGE_LOOP ( 'NONE', ( #2138, #1578, #2051, #399 ) ) ;
#302 = DIRECTION ( 'NONE',  ( -0.000000000000000000, -0.000000000000000000, 1.000000000000000000 ) ) ;
#303 = ORIENTED_EDGE ( 'NONE', *, *, #2432, .T. ) ;
#304 = EDGE_CURVE ( 'NONE', #1119, #1831, #3006, .T. ) ;
#305 = CIRCLE ( 'NONE', #2957, 1.500000000000001332 ) ;
#306 = DIRECTION ( 'NONE',  ( 3.223082373619879362E-17, 4.598590846719929387E-17, 1.000000000000000000 ) ) ;
#307 = CARTESIAN_POINT ( 'NONE',  ( 13.80586320728514060, 0.3932712242416855353, -1.179611963664229834E-13 ) ) ;
#308 = EDGE_CURVE ( 'NONE', #696, #425, #3018, .T. ) ;
#309 = CARTESIAN_POINT ( 'NONE',  ( 12.56493313821630053, 0.6778269350177290598, -1.179611963664229834E-13 ) ) ;
#310 = CARTESIAN_POINT ( 'NONE',  ( 21.68574971586975053, -0.6452219216041029659, 5.000000000000000000 ) ) ;
#311 = ORIENTED_EDGE ( 'NONE', *, *, #439, .F. ) ;
#312 = AXIS2_PLACEMENT_3D ( 'NONE', #2214, #1020, #1291 ) ;
#313 = CARTESIAN_POINT ( 'NONE',  ( 58.16660029668189935, 13.44353415481432101, 1.734723475976804925E-15 ) ) ;
#314 = CIRCLE ( 'NONE', #2064, 4.499999999999999112 ) ;
#316 = ORIENTED_EDGE ( 'NONE', *, *, #1983, .T. ) ;
#315 = DIRECTION ( 'NONE',  ( 3.223082373619839303E-17, 4.598590846719979307E-17, 1.000000000000000000 ) ) ;
#317 = DIRECTION ( 'NONE',  ( -0.8707939595268990862, -0.4916481262564370569, 0.000000000000000000 ) ) ;
#318 = VECTOR ( 'NONE', #1963, 1000.000000000000000 ) ;
#319 = VERTEX_POINT ( 'NONE', #2974 ) ;
#320 = AXIS2_PLACEMENT_3D ( 'NONE', #2595, #2343, #716 ) ;
#321 = DIRECTION ( 'NONE',  ( -3.223082373619879362E-17, -4.598590846719929387E-17, -1.000000000000000000 ) ) ;
#322 = ORIENTED_EDGE ( 'NONE', *, *, #2716, .T. ) ;
#323 = CARTESIAN_POINT ( 'NONE',  ( 28.39581874401274675, 14.20311646506619851, -1.196959198423995885E-13 ) ) ;
#324 = PRODUCT_DEFINITION ( '未知', '', #374, #861 ) ;
#325 = ORIENTED_EDGE ( 'NONE', *, *, #790, .F. ) ;
#326 = CARTESIAN_POINT ( 'NONE',  ( 14.74109578796945996, 12.81082670297280046, -1.188285581044112102E-13 ) ) ;
#327 = CARTESIAN_POINT ( 'NONE',  ( 99.87901213735520400, -3.328730863270484619, 0.000000000000000000 ) ) ;
#328 = ADVANCED_FACE ( 'NONE', ( #2992 ), #2731, .T. ) ;
#329 = EDGE_LOOP ( 'NONE', ( #1612, #532, #303, #1525 ) ) ;
#330 = DIRECTION ( 'NONE',  ( 3.223082373619899700E-17, 4.598590846719909049E-17, 1.000000000000000000 ) ) ;
#331 = EDGE_CURVE ( 'NONE', #1954, #1176, #2056, .T. ) ;
#332 = DIRECTION ( 'NONE',  ( 1.000000000000000000, 0.000000000000000000, 0.000000000000000000 ) ) ;
#333 = ORIENTED_EDGE ( 'NONE', *, *, #424, .F. ) ;
#334 = CARTESIAN_POINT ( 'NONE',  ( 60.25903154448069188, 18.32057960730545076, 5.000000000000000000 ) ) ;
#336 = DIRECTION ( 'NONE',  ( 0.6353906706864890230, -0.7721908414404911047, 1.503073264317007757E-17 ) ) ;
#335 = CARTESIAN_POINT ( 'NONE',  ( 21.67281267413515167, 6.044765569636400215, 14.99999999999987921 ) ) ;
#337 = ORIENTED_EDGE ( 'NONE', *, *, #1199, .T. ) ;
#338 = CARTESIAN_POINT ( 'NONE',  ( 65.95129026786199233, 12.45123082005044068, 1.663875142932365016E-15 ) ) ;
#339 = CARTESIAN_POINT ( 'NONE',  ( 58.16660029668189935, 13.44353415481432101, 5.000000000000000000 ) ) ;
#340 = DIRECTION ( 'NONE',  ( 3.223082373619839303E-17, 4.598590846719979307E-17, 1.000000000000000000 ) ) ;
#341 = ORIENTED_EDGE ( 'NONE', *, *, #24, .F. ) ;
#342 = EDGE_CURVE ( 'NONE', #1672, #2646, #1953, .T. ) ;
#343 = DIRECTION ( 'NONE',  ( 1.000000000000000000, 0.000000000000000000, 0.000000000000000000 ) ) ;
#344 = CIRCLE ( 'NONE', #438, 9.686499999999998778 ) ;
#345 = CIRCLE ( 'NONE', #531, 9.686499999999997002 ) ;
#346 = CARTESIAN_POINT ( 'NONE',  ( 22.10547884697320242, 18.53727532480095164, 2.499999999999880096 ) ) ;
#347 = EDGE_LOOP ( 'NONE', ( #1128, #744, #1891, #1816 ) ) ;
#348 = ADVANCED_FACE ( 'NONE', ( #1529 ), #1053, .F. ) ;
#349 = CARTESIAN_POINT ( 'NONE',  ( 28.23766117718584923, -2.241383359785805052, -1.188285581044112102E-13 ) ) ;
#351 = DIRECTION ( 'NONE',  ( 3.223082373619899700E-17, 4.598590846719909049E-17, 1.000000000000000000 ) ) ;
#350 = DIRECTION ( 'NONE',  ( 0.6353906706864891341, -0.7721908414404909937, 0.000000000000000000 ) ) ;
#352 = ORIENTED_EDGE ( 'NONE', *, *, #1990, .T. ) ;
#353 = DIRECTION ( 'NONE',  ( 0.000000000000000000, 0.000000000000000000, 1.000000000000000000 ) ) ;
#354 = AXIS2_PLACEMENT_3D ( 'NONE', #1676, #2650, #2190 ) ;
#355 = CIRCLE ( 'NONE', #56, 12.50000000000000178 ) ;
#356 = ORIENTED_EDGE ( 'NONE', *, *, #1421, .T. ) ;
#357 = CARTESIAN_POINT ( 'NONE',  ( 21.67281267413515167, 6.044765569636400215, -1.188285581044112102E-13 ) ) ;
#358 = DIRECTION ( 'NONE',  ( 3.223082373619879362E-17, 4.598590846719929387E-17, 1.000000000000000000 ) ) ;
#359 = CARTESIAN_POINT ( 'NONE',  ( 21.67281267413515167, 6.044765569636400215, 4.999999999999880096 ) ) ;
#360 = ADVANCED_FACE ( 'NONE', ( #2291 ), #580, .T. ) ;
#361 = DIRECTION ( 'NONE',  ( 3.223082373619879362E-17, 4.598590846719929387E-17, 1.000000000000000000 ) ) ;
#362 = ORIENTED_EDGE ( 'NONE', *, *, #2333, .F. ) ;
#363 = VECTOR ( 'NONE', #706, 1000.000000000000000 ) ;
#364 = DIRECTION ( 'NONE',  ( 3.223082373619899700E-17, 4.598590846719909049E-17, 1.000000000000000000 ) ) ;
#365 = CIRCLE ( 'NONE', #806, 9.686500000000005883 ) ;
#366 = ADVANCED_FACE ( 'NONE', ( #2263 ), #2750, .T. ) ;
#367 = CARTESIAN_POINT ( 'NONE',  ( 29.75165479824011783, 14.21978275136399006, -1.197547816137548737E-13 ) ) ;
#368 = CIRCLE ( 'NONE', #752, 12.50000000000000178 ) ;
#369 = ORIENTED_EDGE ( 'NONE', *, *, #750, .F. ) ;
#370 = DIRECTION ( 'NONE',  ( 0.9864322206003919291, 0.1641690414218819616, -3.934298554185478205E-17 ) ) ;
#371 = VECTOR ( 'NONE', #2223, 1000.000000000000000 ) ;
#372 = CIRCLE ( 'NONE', #2821, 1.500000000000001332 ) ;
#373 = CARTESIAN_POINT ( 'NONE',  ( 14.61224274819621982, -0.5867225417098550500, -1.179611963664229834E-13 ) ) ;
#374 = PRODUCT_DEFINITION_FORMATION_WITH_SPECIFIED_SOURCE ( '任何', '', #2741, .NOT_KNOWN. ) ;
#375 = VERTEX_POINT ( 'NONE', #885 ) ;
#376 = DIRECTION ( 'NONE',  ( 0.000000000000000000, -1.000000000000000000, 4.598590846719929387E-17 ) ) ;
#377 = ORIENTED_EDGE ( 'NONE', *, *, #1801, .F. ) ;
#378 = DIRECTION ( 'NONE',  ( 0.6353906706864890230, -0.7721908414404911047, 1.503073264317007757E-17 ) ) ;
#379 = AXIS2_PLACEMENT_3D ( 'NONE', #2642, #490, #732 ) ;
#380 = CARTESIAN_POINT ( 'NONE',  ( 13.97422370705523953, 15.89269570322060154, -1.188285581044112102E-13 ) ) ;
#381 = ORIENTED_EDGE ( 'NONE', *, *, #215, .T. ) ;
#382 = CARTESIAN_POINT ( 'NONE',  ( 25.76684524100824802, 17.85530735828364968, 4.999999999999880096 ) ) ;
#383 = EDGE_LOOP ( 'NONE', ( #1917, #1329 ) ) ;
#384 = DIRECTION ( 'NONE',  ( 0.6353906706864891341, -0.7721908414404909937, 0.000000000000000000 ) ) ;
#385 = ADVANCED_FACE ( 'NONE', ( #2129 ), #2116, .T. ) ;
#386 = AXIS2_PLACEMENT_3D ( 'NONE', #2045, #3029, #1565 ) ;
#387 = ORIENTED_EDGE ( 'NONE', *, *, #1041, .T. ) ;
#388 = CARTESIAN_POINT ( 'NONE',  ( 22.66261644465090086, 10.13325081322723875, 3.469446951953614978E-15 ) ) ;
#389 = EDGE_LOOP ( 'NONE', ( #1219, #741 ) ) ;
#390 = ADVANCED_FACE ( 'NONE', ( #197 ), #2088, .T. ) ;
#391 = FACE_BOUND ( 'NONE', #138, .T. ) ;
#392 = DIRECTION ( 'NONE',  ( 3.223082373619919421E-17, 4.598590846719879467E-17, 1.000000000000000000 ) ) ;
#393 = PRODUCT_CONTEXT ( 'NONE', #836, 'mechanical' ) ;
#394 = AXIS2_PLACEMENT_3D ( 'NONE', #1968, #330, #2963 ) ;
#395 = EDGE_LOOP ( 'NONE', ( #1380, #1134, #2588, #2161 ) ) ;
#396 = LINE ( 'NONE', #146, #245 ) ;
#397 = AXIS2_PLACEMENT_3D ( 'NONE', #651, #1613, #2303 ) ;
#398 = ORIENTED_EDGE ( 'NONE', *, *, #1516, .F. ) ;
#399 = ORIENTED_EDGE ( 'NONE', *, *, #1378, .F. ) ;
#400 = CARTESIAN_POINT ( 'NONE',  ( 93.99459158593960240, -19.79706172934444552, 0.000000000000000000 ) ) ;
#401 = EDGE_CURVE ( 'NONE', #3049, #3068, #1052, .T. ) ;
#402 = ORIENTED_EDGE ( 'NONE', *, *, #2546, .T. ) ;
#403 = DIRECTION ( 'NONE',  ( -4.178121103125229940E-17, -3.437931438000229393E-17, -1.000000000000000000 ) ) ;
#404 = EDGE_LOOP ( 'NONE', ( #1511, #1590, #1270, #2365 ) ) ;
#405 = CYLINDRICAL_SURFACE ( 'NONE', #2019, 9.686500000000000554 ) ;
#406 = EDGE_CURVE ( 'NONE', #73, #2869, #693, .T. ) ;
#407 = AXIS2_PLACEMENT_3D ( 'NONE', #659, #1622, #645 ) ;
#408 = DIRECTION ( 'NONE',  ( 4.800258967122369736E-17, 1.302709821111999986E-17, 1.000000000000000000 ) ) ;
#409 = AXIS2_PLACEMENT_3D ( 'NONE', #2356, #3041, #414 ) ;
#410 = ORIENTED_EDGE ( 'NONE', *, *, #2658, .F. ) ;
#411 = LINE ( 'NONE', #1139, #2347 ) ;
#412 = VERTEX_POINT ( 'NONE', #2580 ) ;
#413 = AXIS2_PLACEMENT_3D ( 'NONE', #1808, #1149, #1735 ) ;
#414 = DIRECTION ( 'NONE',  ( 0.6353906706864891341, -0.7721908414404909937, 1.503073264317039804E-17 ) ) ;
#415 = CARTESIAN_POINT ( 'NONE',  ( 25.53892944121434994, -5.842334208833920073, 2.499999999999880096 ) ) ;
#416 = VERTEX_POINT ( 'NONE', #654 ) ;
#417 = CYLINDRICAL_SURFACE ( 'NONE', #2815, 1.500000000000000666 ) ;
#418 = DIRECTION ( 'NONE',  ( 0.000000000000000000, 0.000000000000000000, 1.000000000000000000 ) ) ;
#419 = AXIS2_PLACEMENT_3D ( 'NONE', #2025, #577, #1049 ) ;
#420 = AXIS2_PLACEMENT_3D ( 'NONE', #357, #2912, #797 ) ;
#421 = AXIS2_PLACEMENT_3D ( 'NONE', #2685, #1498, #1782 ) ;
#422 = DIRECTION ( 'NONE',  ( -6.578364856900049902E-18, 3.952700824411869402E-17, 1.000000000000000000 ) ) ;
#423 = EDGE_CURVE ( 'NONE', #1183, #1798, #2547, .T. ) ;
#424 = EDGE_CURVE ( 'NONE', #579, #108, #2099, .T. ) ;
#425 = VERTEX_POINT ( 'NONE', #931 ) ;
#426 = CARTESIAN_POINT ( 'NONE',  ( 17.80906462234679921, -5.588444112275670506, -1.178935580695285781E-13 ) ) ;
#427 = EDGE_CURVE ( 'NONE', #2373, #707, #893, .T. ) ;
#428 = ORIENTED_EDGE ( 'NONE', *, *, #194, .F. ) ;
#429 = DIRECTION ( 'NONE',  ( 3.223082373619839303E-17, 4.598590846719979307E-17, 1.000000000000000000 ) ) ;
#430 = CARTESIAN_POINT ( 'NONE',  ( 21.67281267413515167, 6.044765569636400215, 4.999999999999880096 ) ) ;
#431 = ORIENTED_EDGE ( 'NONE', *, *, #1140, .F. ) ;
#432 = CARTESIAN_POINT ( 'NONE',  ( 21.67281267413515167, 6.044765569636400215, 4.999999999999880096 ) ) ;
#433 = DIRECTION ( 'NONE',  ( -8.593937290132108409E-18, 1.300827993790460054E-17, -1.000000000000000000 ) ) ;
#434 = CARTESIAN_POINT ( 'NONE',  ( 12.47096770804379950, 11.24895130504122065, -1.188285581044112102E-13 ) ) ;
#435 = EDGE_CURVE ( 'NONE', #2542, #1183, #1352, .T. ) ;
#436 = ORIENTED_EDGE ( 'NONE', *, *, #731, .F. ) ;
#437 = CARTESIAN_POINT ( 'NONE',  ( 11.21437295018893998, 4.502514458709399925, -1.179611963664229834E-13 ) ) ;
#438 = AXIS2_PLACEMENT_3D ( 'NONE', #2478, #1312, #2999 ) ;
#439 = EDGE_CURVE ( 'NONE', #1386, #1886, #1369, .T. ) ;
#440 = CARTESIAN_POINT ( 'NONE',  ( 22.81888463939674949, 15.66322705266169990, 4.999999999999880096 ) ) ;
#441 = EDGE_LOOP ( 'NONE', ( #1971, #1153, #1460, #934 ) ) ;
#442 = DIRECTION ( 'NONE',  ( 0.9416898500871528910, -0.3364821336160889742, -4.082016567038569265E-17 ) ) ;
#443 = DIRECTION ( 'NONE',  ( 3.223082373619754254E-17, 4.598590846719949109E-17, 1.000000000000000000 ) ) ;
#444 = ORIENTED_EDGE ( 'NONE', *, *, #272, .T. ) ;
#445 = CARTESIAN_POINT ( 'NONE',  ( 56.91506107130830117, 12.61670311563442048, 1.805571809021255089E-15 ) ) ;
#446 = DIRECTION ( 'NONE',  ( -0.8343594835823756606, -0.5512206927866111217, 0.000000000000000000 ) ) ;
#447 = AXIS2_PLACEMENT_3D ( 'NONE', #961, #723, #1701 ) ;
#448 = DIRECTION ( 'NONE',  ( 4.178121103125229940E-17, 3.437931438000229393E-17, 1.000000000000000000 ) ) ;
#449 = CIRCLE ( 'NONE', #407, 1.500000000000001332 ) ;
#450 = ORIENTED_EDGE ( 'NONE', *, *, #1983, .F. ) ;
#451 = DIRECTION ( 'NONE',  ( -0.6353906706864889120, 0.7721908414404912158, 0.000000000000000000 ) ) ;
#452 = ADVANCED_FACE ( 'NONE', ( #1159 ), #1631, .T. ) ;
#453 = AXIS2_PLACEMENT_3D ( 'NONE', #186, #1848, #1414 ) ;
#454 = CARTESIAN_POINT ( 'NONE',  ( 21.67281267413515167, 6.044765569636400215, -1.188285581044112102E-13 ) ) ;
#455 = ORIENTED_EDGE ( 'NONE', *, *, #868, .T. ) ;
#456 = DIRECTION ( 'NONE',  ( 0.6353906706864889120, -0.7721908414404912158, 1.503073264317127626E-17 ) ) ;
#457 = ADVANCED_FACE ( 'NONE', ( #2306 ), #670, .T. ) ;
#458 = FACE_OUTER_BOUND ( 'NONE', #1822, .T. ) ;
#459 = VERTEX_POINT ( 'NONE', #2840 ) ;
#460 = DIRECTION ( 'NONE',  ( 0.6353906706864890230, -0.7721908414404911047, 1.503073264317007757E-17 ) ) ;
#461 = DIRECTION ( 'NONE',  ( -0.6353906706864889120, 0.7721908414404912158, 0.000000000000000000 ) ) ;
#462 = VECTOR ( 'NONE', #699, 1000.000000000000000 ) ;
#463 = CIRCLE ( 'NONE', #1265, 12.50000000000000178 ) ;
#464 = CARTESIAN_POINT ( 'NONE',  ( 22.63367561316610121, -3.593959691641510190, -1.188285581044112102E-13 ) ) ;
#465 = VERTEX_POINT ( 'NONE', #2325 ) ;
#466 = VECTOR ( 'NONE', #1947, 1000.000000000000000 ) ;
#467 = VERTEX_POINT ( 'NONE', #2074 ) ;
#468 = DIRECTION ( 'NONE',  ( -0.000000000000000000, -0.000000000000000000, 1.000000000000000000 ) ) ;
#469 = LINE ( 'NONE', #1688, #2422 ) ;
#470 = ORIENTED_EDGE ( 'NONE', *, *, #1258, .T. ) ;
#471 = CARTESIAN_POINT ( 'NONE',  ( 15.10796417108450029, 14.33091449905863968, -1.188285581044112102E-13 ) ) ;
#472 = DIRECTION ( 'NONE',  ( 4.800258967122369736E-17, 1.302709821111999986E-17, 1.000000000000000000 ) ) ;
#473 = ORIENTED_EDGE ( 'NONE', *, *, #694, .T. ) ;
#474 = EDGE_CURVE ( 'NONE', #465, #1, #1406, .T. ) ;
#475 = CYLINDRICAL_SURFACE ( 'NONE', #1859, 9.686500000000000554 ) ;
#476 = CARTESIAN_POINT ( 'NONE',  ( 21.67281267413515167, 6.044765569636400215, -1.188285581044112102E-13 ) ) ;
#477 = CARTESIAN_POINT ( 'NONE',  ( 26.12827170176150204, -5.634227745420459676, -1.188285581044112102E-13 ) ) ;
#478 = ADVANCED_FACE ( 'NONE', ( #872 ), #2606, .T. ) ;
#479 = CARTESIAN_POINT ( 'NONE',  ( 16.36812686900234937, 14.14961539914109956, -1.188285581044112102E-13 ) ) ;
#480 = ORIENTED_EDGE ( 'NONE', *, *, #1660, .T. ) ;
#481 = CARTESIAN_POINT ( 'NONE',  ( 18.66137198357773386, 13.08433565870607396, 4.999999999999880984 ) ) ;
#482 = CARTESIAN_POINT ( 'NONE',  ( 12.56493313821630053, 0.6778269350177290598, -1.179611963664229834E-13 ) ) ;
#483 = ORIENTED_EDGE ( 'NONE', *, *, #2221, .T. ) ;
#484 = DIRECTION ( 'NONE',  ( 0.6353906706864835829, -0.7721908414404954346, 1.503073264317127010E-17 ) ) ;
#485 = ORIENTED_EDGE ( 'NONE', *, *, #2049, .T. ) ;
#486 = DIRECTION ( 'NONE',  ( 1.000000000000000000, 0.000000000000000000, 0.000000000000000000 ) ) ;
#487 = CARTESIAN_POINT ( 'NONE',  ( 16.99354948729695280, -5.546373115941509724, 2.499999999999880096 ) ) ;
#488 = CIRCLE ( 'NONE', #1890, 2.999999999999998668 ) ;
#489 = DIRECTION ( 'NONE',  ( 5.410619852634419581E-17, 7.155253356643218957E-17, 1.000000000000000000 ) ) ;
#490 = DIRECTION ( 'NONE',  ( 3.223082373620094450E-17, 4.598590846719969446E-17, 1.000000000000000000 ) ) ;
#491 = CIRCLE ( 'NONE', #2247, 9.686499999999998778 ) ;
#492 = EDGE_CURVE ( 'NONE', #551, #1383, #547, .T. ) ;
#493 = VERTEX_POINT ( 'NONE', #626 ) ;
#494 = ORIENTED_EDGE ( 'NONE', *, *, #1103, .F. ) ;
#495 = CARTESIAN_POINT ( 'NONE',  ( 12.37257498661210064, 1.018526527952470007, 4.999999999999880096 ) ) ;
#496 = AXIS2_PLACEMENT_3D ( 'NONE', #323, #1562, #2717 ) ;
#497 = CYLINDRICAL_SURFACE ( 'NONE', #2977, 4.499999999999999112 ) ;
#498 = EDGE_LOOP ( 'NONE', ( #316, #2819, #1531, #848 ) ) ;
#499 = DIRECTION ( 'NONE',  ( 3.223082373619919421E-17, 4.598590846719879467E-17, 1.000000000000000000 ) ) ;
#500 = FACE_OUTER_BOUND ( 'NONE', #1630, .T. ) ;
#501 = VERTEX_POINT ( 'NONE', #2371 ) ;
#502 = CARTESIAN_POINT ( 'NONE',  ( 21.37554452596510046, -4.522596049833960130, -1.188285581044112102E-13 ) ) ;
#503 = CARTESIAN_POINT ( 'NONE',  ( 94.66523941377140261, -0.7976406564679330291, -7.084833304444820440E-17 ) ) ;
#504 = DIRECTION ( 'NONE',  ( 0.6353906706864891341, -0.7721908414404909937, 1.503073264317039804E-17 ) ) ;
#505 = ORIENTED_EDGE ( 'NONE', *, *, #830, .T. ) ;
#506 = ORIENTED_EDGE ( 'NONE', *, *, #1146, .T. ) ;
#507 = ADVANCED_FACE ( 'NONE', ( #1835 ), #2793, .T. ) ;
#508 = CYLINDRICAL_SURFACE ( 'NONE', #1744, 4.499999999999999112 ) ;
#509 = AXIS2_PLACEMENT_3D ( 'NONE', #1142, #898, #2368 ) ;
#510 = DIRECTION ( 'NONE',  ( 0.6353906706864891341, -0.7721908414404909937, 0.000000000000000000 ) ) ;
#511 = ORIENTED_EDGE ( 'NONE', *, *, #1474, .T. ) ;
#512 = EDGE_CURVE ( 'NONE', #222, #2332, #1649, .T. ) ;
#513 = CARTESIAN_POINT ( 'NONE',  ( 19.46006046778430232, 15.47514254636904951, -1.188285581044112102E-13 ) ) ;
#514 = VERTEX_POINT ( 'NONE', #978 ) ;
#515 = CARTESIAN_POINT ( 'NONE',  ( 25.76684524100824802, 17.85530735828364968, -1.196959198423995885E-13 ) ) ;
#516 = DIRECTION ( 'NONE',  ( 1.000000000000000000, 0.000000000000000000, 0.000000000000000000 ) ) ;
#517 = ORIENTED_EDGE ( 'NONE', *, *, #1435, .T. ) ;
#518 = DIRECTION ( 'NONE',  ( -0.009617212702353763673, -0.9999537535405512712, 0.000000000000000000 ) ) ;
#519 = EDGE_CURVE ( 'NONE', #2294, #145, #1043, .T. ) ;
#520 = DIRECTION ( 'NONE',  ( 0.3804066671743130956, 0.9248193161744252544, -3.030821721191135025E-17 ) ) ;
#521 = EDGE_LOOP ( 'NONE', ( #2781, #2438, #3084, #155 ) ) ;
#522 = CARTESIAN_POINT ( 'NONE',  ( 21.67281267413515167, 6.044765569636400215, 4.999999999999880096 ) ) ;
#523 = EDGE_CURVE ( 'NONE', #1831, #526, #990, .T. ) ;
#525 = CARTESIAN_POINT ( 'NONE',  ( 13.80586320728514060, 0.3932712242416855353, -1.179611963664229834E-13 ) ) ;
#524 = FILL_AREA_STYLE ('',( #2680 ) ) ;
#526 = VERTEX_POINT ( 'NONE', #286 ) ;
#527 = CARTESIAN_POINT ( 'NONE',  ( 22.81888463939674949, 15.66322705266169990, -1.188285581044112102E-13 ) ) ;
#528 = DIRECTION ( 'NONE',  ( 0.8707939595268957556, 0.4916481262564427746, -5.067529235215740386E-17 ) ) ;
#529 = CARTESIAN_POINT ( 'NONE',  ( 21.67281267413515167, 6.044765569636400215, 4.999999999999880096 ) ) ;
#530 = FACE_BOUND ( 'NONE', #1412, .T. ) ;
#531 = AXIS2_PLACEMENT_3D ( 'NONE', #2936, #134, #3003 ) ;
#532 = ORIENTED_EDGE ( 'NONE', *, *, #2738, .F. ) ;
#533 = AXIS2_PLACEMENT_3D ( 'NONE', #1184, #2126, #3094 ) ;
#534 = CARTESIAN_POINT ( 'NONE',  ( 14.63324258506532338, 4.533324879078722169, -1.188285581044112860E-13 ) ) ;
#535 = CARTESIAN_POINT ( 'NONE',  ( 20.17281267413514811, 6.044765569636400215, -1.188285581044112860E-13 ) ) ;
#537 = EDGE_LOOP ( 'NONE', ( #2514, #2443, #1570, #1017 ) ) ;
#536 = FACE_OUTER_BOUND ( 'NONE', #2587, .T. ) ;
#538 = CARTESIAN_POINT ( 'NONE',  ( 59.41813952205539806, 14.27036519399421977, 1.663875142932359888E-15 ) ) ;
#539 = EDGE_CURVE ( 'NONE', #1392, #888, #2421, .T. ) ;
#540 = AXIS2_PLACEMENT_3D ( 'NONE', #1271, #2530, #1029 ) ;
#542 = CYLINDRICAL_SURFACE ( 'NONE', #2114, 4.500000000000000000 ) ;
#541 = CARTESIAN_POINT ( 'NONE',  ( 13.78623728648042146, -3.653271791337149743, -1.179611963664229834E-13 ) ) ;
#543 = VERTEX_POINT ( 'NONE', #2876 ) ;
#544 = DIRECTION ( 'NONE',  ( 3.223082373619894153E-17, 4.598590846719949109E-17, 1.000000000000000000 ) ) ;
#545 = EDGE_CURVE ( 'NONE', #2525, #2720, #1430, .T. ) ;
#546 = ADVANCED_FACE ( 'NONE', ( #276 ), #2634, .T. ) ;
#547 = CIRCLE ( 'NONE', #453, 1.499999999999931388 ) ;
#548 = DIRECTION ( 'NONE',  ( 4.178121103125229940E-17, 3.437931438000229393E-17, 1.000000000000000000 ) ) ;
#549 = EDGE_CURVE ( 'NONE', #3068, #1905, #786, .T. ) ;
#550 = FACE_OUTER_BOUND ( 'NONE', #2790, .T. ) ;
#551 = VERTEX_POINT ( 'NONE', #1722 ) ;
#552 = VECTOR ( 'NONE', #2735, 1000.000000000000000 ) ;
#553 = LINE ( 'NONE', #1522, #96 ) ;
#554 = AXIS2_PLACEMENT_3D ( 'NONE', #2651, #258, #2891 ) ;
#555 = FACE_OUTER_BOUND ( 'NONE', #395, .T. ) ;
#556 = VERTEX_POINT ( 'NONE', #1461 ) ;
#557 = AXIS2_PLACEMENT_3D ( 'NONE', #2696, #2496, #1776 ) ;
#558 = CYLINDRICAL_SURFACE ( 'NONE', #2446, 12.50000000000000178 ) ;
#559 = AXIS2_PLACEMENT_3D ( 'NONE', #1527, #1777, #1492 ) ;
#560 = ORIENTED_EDGE ( 'NONE', *, *, #2931, .T. ) ;
#561 = AXIS2_PLACEMENT_3D ( 'NONE', #98, #1025, #2004 ) ;
#562 = CIRCLE ( 'NONE', #1763, 12.50000000000000178 ) ;
#564 = FACE_OUTER_BOUND ( 'NONE', #2324, .T. ) ;
#563 = DIRECTION ( 'NONE',  ( 0.000000000000000000, 0.000000000000000000, 1.000000000000000000 ) ) ;
#565 = ORIENTED_EDGE ( 'NONE', *, *, #523, .T. ) ;
#566 = DIRECTION ( 'NONE',  ( -4.800258967122359875E-17, -1.302709821111989972E-17, -1.000000000000000000 ) ) ;
#567 = ADVANCED_FACE ( 'NONE', ( #55 ), #2922, .T. ) ;
#568 = AXIS2_PLACEMENT_3D ( 'NONE', #720, #1470, #1683 ) ;
#569 = ORIENTED_EDGE ( 'NONE', *, *, #1338, .T. ) ;
#570 = CARTESIAN_POINT ( 'NONE',  ( 64.69975104248850073, 11.62439978087055970, 5.000000000000000000 ) ) ;
#571 = CARTESIAN_POINT ( 'NONE',  ( 21.67281267413515167, 6.044765569636400215, -1.188285581044112860E-13 ) ) ;
#572 = EDGE_CURVE ( 'NONE', #1032, #73, #2195, .T. ) ;
#573 = DIRECTION ( 'NONE',  ( -3.223082373619919421E-17, -4.598590846719879467E-17, -1.000000000000000000 ) ) ;
#574 = LINE ( 'NONE', #588, #371 ) ;
#575 = VERTEX_POINT ( 'NONE', #2666 ) ;
#576 = CARTESIAN_POINT ( 'NONE',  ( 17.80669590705599958, 17.93186534810675070, 2.499999999999880096 ) ) ;
#578 = LINE ( 'NONE', #2483, #1214 ) ;
#577 = DIRECTION ( 'NONE',  ( -0.000000000000000000, -0.000000000000000000, 1.000000000000000000 ) ) ;
#579 = VERTEX_POINT ( 'NONE', #513 ) ;
#580 = CYLINDRICAL_SURFACE ( 'NONE', #2407, 12.50000000000000178 ) ;
#581 = ORIENTED_EDGE ( 'NONE', *, *, #886, .T. ) ;
#582 = CARTESIAN_POINT ( 'NONE',  ( 97.05394258709370092, -2.319284462422219750, 5.000000000000000000 ) ) ;
#583 = DIRECTION ( 'NONE',  ( 0.000000000000000000, -1.000000000000000000, 4.598590846719929387E-17 ) ) ;
#584 = ORIENTED_EDGE ( 'NONE', *, *, #2106, .F. ) ;
#585 = CARTESIAN_POINT ( 'NONE',  ( 93.99459158593960240, -19.79706172934444552, 5.000000000000000000 ) ) ;
#586 = AXIS2_PLACEMENT_3D ( 'NONE', #534, #1982, #343 ) ;
#587 = EDGE_CURVE ( 'NONE', #2856, #3004, #1098, .T. ) ;
#588 = CARTESIAN_POINT ( 'NONE',  ( 15.42419115630550053, -2.797031851464479857, -1.178935580695285781E-13 ) ) ;
#589 = ORIENTED_EDGE ( 'NONE', *, *, #1048, .F. ) ;
#590 = DIRECTION ( 'NONE',  ( 4.800258967122359875E-17, 1.302709821111995981E-17, 1.000000000000000000 ) ) ;
#591 = CARTESIAN_POINT ( 'NONE',  ( 20.71194973510424830, 15.68349083091429996, 4.999999999999880096 ) ) ;
#592 = VERTEX_POINT ( 'NONE', #1445 ) ;
#593 = FACE_OUTER_BOUND ( 'NONE', #751, .T. ) ;
#594 = AXIS2_PLACEMENT_3D ( 'NONE', #2481, #1284, #317 ) ;
#595 = AXIS2_PLACEMENT_3D ( 'NONE', #2910, #745, #1708 ) ;
#596 = ORIENTED_EDGE ( 'NONE', *, *, #2492, .T. ) ;
#597 = CARTESIAN_POINT ( 'NONE',  ( 17.80906462234679921, -5.588444112275670506, -1.178935580695285781E-13 ) ) ;
#598 = ORIENTED_EDGE ( 'NONE', *, *, #3090, .F. ) ;
#599 = DIRECTION ( 'NONE',  ( -0.000000000000000000, -0.000000000000000000, 1.000000000000000000 ) ) ;
#600 = AXIS2_PLACEMENT_3D ( 'NONE', #901, #2592, #1120 ) ;
#601 = ORIENTED_EDGE ( 'NONE', *, *, #1538, .F. ) ;
#602 = DIRECTION ( 'NONE',  ( 3.223082373619879362E-17, 4.598590846720049565E-17, 1.000000000000000000 ) ) ;
#603 = EDGE_CURVE ( 'NONE', #1176, #2469, #2162, .T. ) ;
#604 = DIRECTION ( 'NONE',  ( 3.223082373619859640E-17, 4.598590846719929387E-17, 1.000000000000000000 ) ) ;
#605 = ORIENTED_EDGE ( 'NONE', *, *, #3038, .F. ) ;
#606 = VECTOR ( 'NONE', #3046, 1000.000000000000000 ) ;
#607 = CARTESIAN_POINT ( 'NONE',  ( 20.71194973510424830, 15.68349083091429996, -1.188285581044112102E-13 ) ) ;
#608 = CIRCLE ( 'NONE', #2364, 9.686500000000002331 ) ;
#609 = ADVANCED_FACE ( 'NONE', ( #2205 ), #697, .T. ) ;
#610 = CARTESIAN_POINT ( 'NONE',  ( 21.67281267413515167, 6.044765569636400215, 14.99999999999987921 ) ) ;
#611 = VECTOR ( 'NONE', #1475, 1000.000000000000000 ) ;
#612 = ORIENTED_EDGE ( 'NONE', *, *, #1375, .T. ) ;
#613 = DIRECTION ( 'NONE',  ( 0.6353906706864890230, -0.7721908414404911047, 1.503073264317127935E-17 ) ) ;
#614 = AXIS2_PLACEMENT_3D ( 'NONE', #2896, #955, #246 ) ;
#615 = VERTEX_POINT ( 'NONE', #2384 ) ;
#616 = CARTESIAN_POINT ( 'NONE',  ( 14.74109578796945996, 12.81082670297280046, 4.999999999999880096 ) ) ;
#617 = ORIENTED_EDGE ( 'NONE', *, *, #2627, .T. ) ;
#618 = UNCERTAINTY_MEASURE_WITH_UNIT (LENGTH_MEASURE( 1.000000000000000082E-05 ), #1860, 'distance_accuracy_value', 'NONE');
#619 = FACE_BOUND ( 'NONE', #2991, .T. ) ;
#620 = CARTESIAN_POINT ( 'NONE',  ( 21.67281267413515167, 6.044765569636400215, -1.188285581044112102E-13 ) ) ;
#621 = ORIENTED_EDGE ( 'NONE', *, *, #331, .F. ) ;
#622 = DIRECTION ( 'NONE',  ( -4.178121103125229940E-17, -3.437931438000229393E-17, -1.000000000000000000 ) ) ;
#623 = EDGE_CURVE ( 'NONE', #3054, #2242, #2955, .T. ) ;
#624 = DIRECTION ( 'NONE',  ( 3.223082373619919421E-17, 4.598590846719879467E-17, 1.000000000000000000 ) ) ;
#625 = ORIENTED_EDGE ( 'NONE', *, *, #772, .T. ) ;
#626 = CARTESIAN_POINT ( 'NONE',  ( 21.66137198357773386, 13.08433565870607396, 4.999999999999880984 ) ) ;
#627 = EDGE_CURVE ( 'NONE', #459, #690, #9, .T. ) ;
#628 = VERTEX_POINT ( 'NONE', #2857 ) ;
#629 = DIRECTION ( 'NONE',  ( 0.9719232228336939228, -0.2352982127355959796, -4.358957873141144061E-17 ) ) ;
#630 = VERTEX_POINT ( 'NONE', #1659 ) ;
#631 = CARTESIAN_POINT ( 'NONE',  ( 9.445223905119890517, 8.640160124584051360, 2.499999999999880096 ) ) ;
#632 = DIRECTION ( 'NONE',  ( -0.6353906706864890230, 0.7721908414404911047, 0.000000000000000000 ) ) ;
#633 = ORIENTED_EDGE ( 'NONE', *, *, #2571, .F. ) ;
#634 = CARTESIAN_POINT ( 'NONE',  ( 13.91601666714386099, 11.84652374763072125, 4.999999999999880096 ) ) ;
#635 = VECTOR ( 'NONE', #1364, 1000.000000000000114 ) ;
#636 = DIRECTION ( 'NONE',  ( 3.223082373619899700E-17, 4.598590846719909049E-17, 1.000000000000000000 ) ) ;
#637 = ORIENTED_EDGE ( 'NONE', *, *, #248, .F. ) ;
#638 = DIRECTION ( 'NONE',  ( 3.223082373619879362E-17, 4.598590846719929387E-17, 1.000000000000000000 ) ) ;
#639 = VECTOR ( 'NONE', #2431, 1000.000000000000000 ) ;
#640 = DIRECTION ( 'NONE',  ( 0.6353906706864891341, -0.7721908414404909937, 0.000000000000000000 ) ) ;
#641 = ORIENTED_EDGE ( 'NONE', *, *, #1107, .T. ) ;
#642 = EDGE_CURVE ( 'NONE', #1115, #1844, #948, .T. ) ;
#643 = CARTESIAN_POINT ( 'NONE',  ( 58.67205140383600082, 15.77470175611165182, 1.734723475976804925E-15 ) ) ;
#644 = EDGE_CURVE ( 'NONE', #67, #222, #2258, .T. ) ;
#645 = DIRECTION ( 'NONE',  ( 1.000000000000000000, 0.000000000000000000, 0.000000000000000000 ) ) ;
#646 = CIRCLE ( 'NONE', #892, 4.499999999999997335 ) ;
#647 = EDGE_CURVE ( 'NONE', #2394, #1032, #1450, .T. ) ;
#648 = CARTESIAN_POINT ( 'NONE',  ( 94.66523941377140261, -0.7976406564679330291, -7.084833304444820440E-17 ) ) ;
#649 = ORIENTED_EDGE ( 'NONE', *, *, #642, .T. ) ;
#650 = ORIENTED_EDGE ( 'NONE', *, *, #42, .T. ) ;
#651 = CARTESIAN_POINT ( 'NONE',  ( 21.67281267413515167, 6.044765569636400215, -1.188285581044112102E-13 ) ) ;
#652 = ORIENTED_EDGE ( 'NONE', *, *, #2352, .F. ) ;
#653 = AXIS2_PLACEMENT_3D ( 'NONE', #582, #1547, #2771 ) ;
#654 = CARTESIAN_POINT ( 'NONE',  ( 19.27909029219014769, -3.341307912292859505, -1.188285581044112102E-13 ) ) ;
#655 = AXIS2_PLACEMENT_3D ( 'NONE', #430, #920, #2090 ) ;
#656 = DIRECTION ( 'NONE',  ( -8.593937290132128439E-18, 1.300827993790460054E-17, -1.000000000000000000 ) ) ;
#657 = ORIENTED_EDGE ( 'NONE', *, *, #1299, .T. ) ;
#658 = CARTESIAN_POINT ( 'NONE',  ( 13.49159973614550090, 15.49557267079295109, 4.999999999999880096 ) ) ;
#659 = CARTESIAN_POINT ( 'NONE',  ( 14.63324258506532338, 4.533324879078722169, 4.999999999999880984 ) ) ;
#660 = AXIS2_PLACEMENT_3D ( 'NONE', #570, #1978, #2702 ) ;
#661 = EDGE_CURVE ( 'NONE', #1506, #2460, #2853, .T. ) ;
#662 = VECTOR ( 'NONE', #1970, 1000.000000000000000 ) ;
#663 = FACE_OUTER_BOUND ( 'NONE', #250, .T. ) ;
#664 = EDGE_CURVE ( 'NONE', #3035, #1819, #89, .T. ) ;
#665 = EDGE_LOOP ( 'NONE', ( #2118, #998, #2336, #1232 ) ) ;
#666 = ORIENTED_EDGE ( 'NONE', *, *, #698, .F. ) ;
#667 = CYLINDRICAL_SURFACE ( 'NONE', #2398, 4.499999999999999112 ) ;
#668 = CYLINDRICAL_SURFACE ( 'NONE', #2667, 1.499999999999997780 ) ;
#669 = ORIENTED_EDGE ( 'NONE', *, *, #1069, .F. ) ;
#670 = CYLINDRICAL_SURFACE ( 'NONE', #2760, 12.50000000000000178 ) ;
#671 = FACE_OUTER_BOUND ( 'NONE', #2287, .T. ) ;
#672 = ORIENTED_EDGE ( 'NONE', *, *, #1573, .F. ) ;
#673 = DIRECTION ( 'NONE',  ( 3.223082373619824511E-17, 4.598590846719939248E-17, 1.000000000000000000 ) ) ;
#674 = DIRECTION ( 'NONE',  ( -4.800258967122369736E-17, -1.302709821111999986E-17, -1.000000000000000000 ) ) ;
#675 = DIRECTION ( 'NONE',  ( 4.800258967122359875E-17, 1.302709821111989972E-17, 1.000000000000000000 ) ) ;
#676 = EDGE_LOOP ( 'NONE', ( #1515, #190, #352, #1716, #569, #196, #2504, #341, #896, #1101, #1951, #1576, #483, #31, #88, #1162, #963, #1096, #2558, #701, #2115, #3014, #1975, #18, #2484, #2430, #1368, #2262, #1341, #1999, #736, #54, #625, #249, #2727, #125, #1781, #3002, #2418, #265, #1447, #3058, #725, #1599, #2005, #2835, #387, #1996, #2069, #2937, #20, #1015, #1081, #1251, #1332, #179, #1203, #2111, #1483, #1870, #2624, #994, #1550, #337, #2082, #3010, #1104, #641 ) ) ;
#677 = ADVANCED_FACE ( 'NONE', ( #101 ), #1737, .F. ) ;
#678 = FACE_OUTER_BOUND ( 'NONE', #715, .T. ) ;
#679 = AXIS2_PLACEMENT_3D ( 'NONE', #784, #95, #769 ) ;
#680 = FACE_OUTER_BOUND ( 'NONE', #1625, .T. ) ;
#681 = VERTEX_POINT ( 'NONE', #607 ) ;
#682 = DIRECTION ( 'NONE',  ( 3.223082373619839303E-17, 4.598590846719979307E-17, 1.000000000000000000 ) ) ;
#683 = CARTESIAN_POINT ( 'NONE',  ( 13.31134067219906036, -3.246939653886304900, 4.999999999999880096 ) ) ;
#684 = CIRCLE ( 'NONE', #1145, 9.686499999999997002 ) ;
#685 = ORIENTED_EDGE ( 'NONE', *, *, #2882, .F. ) ;
#686 = DIRECTION ( 'NONE',  ( -0.8343594835823755496, -0.5512206927866111217, 4.723222202963160831E-17 ) ) ;
#687 = CYLINDRICAL_SURFACE ( 'NONE', #1249, 9.686500000000000554 ) ;
#688 = LINE ( 'NONE', #2428, #363 ) ;
#689 = VECTOR ( 'NONE', #2989, 1000.000000000000000 ) ;
#690 = VERTEX_POINT ( 'NONE', #334 ) ;
#691 = ORIENTED_EDGE ( 'NONE', *, *, #2065, .T. ) ;
#692 = CYLINDRICAL_SURFACE ( 'NONE', #447, 1.499999999999974465 ) ;
#693 = CIRCLE ( 'NONE', #2151, 12.50000000000000178 ) ;
#694 = EDGE_CURVE ( 'NONE', #7, #514, #2050, .T. ) ;
#695 = CARTESIAN_POINT ( 'NONE',  ( 12.56493313821630053, 0.6778269350177290598, -1.179611963664229834E-13 ) ) ;
#696 = VERTEX_POINT ( 'NONE', #1333 ) ;
#697 = CYLINDRICAL_SURFACE ( 'NONE', #2000, 9.686500000000000554 ) ;
#698 = EDGE_CURVE ( 'NONE', #120, #281, #2006, .T. ) ;
#699 = DIRECTION ( 'NONE',  ( -0.000000000000000000, -0.000000000000000000, 1.000000000000000000 ) ) ;
#700 = CIRCLE ( 'NONE', #2265, 4.500000000000002665 ) ;
#701 = ORIENTED_EDGE ( 'NONE', *, *, #139, .F. ) ;
#702 = CARTESIAN_POINT ( 'NONE',  ( 13.49159973614550090, 15.49557267079295109, 2.499999999999880096 ) ) ;
#703 = CARTESIAN_POINT ( 'NONE',  ( 28.39581874401274675, 14.20311646506619851, 4.999999999999880096 ) ) ;
#704 = AXIS2_PLACEMENT_3D ( 'NONE', #1619, #1385, #1885 ) ;
#705 = AXIS2_PLACEMENT_3D ( 'NONE', #90, #351, #1992 ) ;
#706 = DIRECTION ( 'NONE',  ( -0.000000000000000000, -0.000000000000000000, 1.000000000000000000 ) ) ;
#707 = VERTEX_POINT ( 'NONE', #538 ) ;
#708 = VECTOR ( 'NONE', #2786, 1000.000000000000000 ) ;
#709 = ORIENTED_EDGE ( 'NONE', *, *, #2998, .F. ) ;
#710 = CARTESIAN_POINT ( 'NONE',  ( 9.445223905119890517, 8.640160124584051360, 4.999999999999880096 ) ) ;
#711 = CARTESIAN_POINT ( 'NONE',  ( 21.67281267413515167, 6.044765569636400215, 4.999999999999880096 ) ) ;
#712 = ORIENTED_EDGE ( 'NONE', *, *, #1073, .F. ) ;
#713 = DIRECTION ( 'NONE',  ( 3.223082373619839303E-17, 4.598590846719979307E-17, 1.000000000000000000 ) ) ;
#714 = EDGE_CURVE ( 'NONE', #1886, #1350, #1501, .T. ) ;
#715 = EDGE_LOOP ( 'NONE', ( #185, #1402, #1285, #3081 ) ) ;
#716 = DIRECTION ( 'NONE',  ( 0.6353906706864891341, -0.7721908414404909937, 0.000000000000000000 ) ) ;
#717 = CARTESIAN_POINT ( 'NONE',  ( 21.67281267413515167, 6.044765569636400215, -1.188285581044112860E-13 ) ) ;
#718 = EDGE_CURVE ( 'NONE', #412, #2290, #2353, .T. ) ;
#719 = DIRECTION ( 'NONE',  ( -0.6353906706864890230, 0.7721908414404911047, 0.000000000000000000 ) ) ;
#720 = CARTESIAN_POINT ( 'NONE',  ( 30.78069221005405254, 11.41170420425500076, -1.196959198423995885E-13 ) ) ;
#721 = ORIENTED_EDGE ( 'NONE', *, *, #2510, .T. ) ;
#722 = ORIENTED_EDGE ( 'NONE', *, *, #1853, .T. ) ;
#723 = DIRECTION ( 'NONE',  ( 4.800258967122359875E-17, 1.302709821111995981E-17, 1.000000000000000000 ) ) ;
#724 = CARTESIAN_POINT ( 'NONE',  ( 29.85402561212490014, -3.406041531520069832, 4.999999999999880096 ) ) ;
#725 = ORIENTED_EDGE ( 'NONE', *, *, #122, .T. ) ;
#726 = DIRECTION ( 'NONE',  ( -0.8343594835823755496, -0.5512206927866111217, 0.000000000000000000 ) ) ;
#727 = DIRECTION ( 'NONE',  ( 3.223082373619879362E-17, 4.598590846719929387E-17, 1.000000000000000000 ) ) ;
#728 = VERTEX_POINT ( 'NONE', #382 ) ;
#729 = CARTESIAN_POINT ( 'NONE',  ( 94.66523941377140261, -0.7976406564679330291, 5.000000000000000000 ) ) ;
#730 = ADVANCED_FACE ( 'NONE', ( #1301 ), #2240, .T. ) ;
#731 = EDGE_CURVE ( 'NONE', #113, #1086, #831, .T. ) ;
#732 = DIRECTION ( 'NONE',  ( -0.9864322206003932614, -0.1641690414218743843, 3.934298554185480670E-17 ) ) ;
#733 = CIRCLE ( 'NONE', #1446, 4.500000000000000000 ) ;
#734 = EDGE_LOOP ( 'NONE', ( #1088, #1216 ) ) ;
#735 = ADVANCED_FACE ( 'NONE', ( #804 ), #558, .T. ) ;
#736 = ORIENTED_EDGE ( 'NONE', *, *, #2676, .T. ) ;
#737 = AXIS2_PLACEMENT_3D ( 'NONE', #2039, #2746, #2226 ) ;
#738 = DIRECTION ( 'NONE',  ( 0.6353906706864891341, -0.7721908414404909937, 0.000000000000000000 ) ) ;
#739 = AXIS2_PLACEMENT_3D ( 'NONE', #2638, #1209, #33 ) ;
#740 = DIRECTION ( 'NONE',  ( 4.178121103125229940E-17, 3.437931438000229393E-17, 1.000000000000000000 ) ) ;
#741 = ORIENTED_EDGE ( 'NONE', *, *, #940, .T. ) ;
#742 = DIRECTION ( 'NONE',  ( 0.6353906706864890230, -0.7721908414404911047, 1.503073264317127935E-17 ) ) ;
#743 = DIRECTION ( 'NONE',  ( 3.223082373619919421E-17, 4.598590846719879467E-17, 1.000000000000000000 ) ) ;
#744 = ORIENTED_EDGE ( 'NONE', *, *, #2049, .F. ) ;
#745 = DIRECTION ( 'NONE',  ( 4.178121103125229940E-17, 3.437931438000229393E-17, 1.000000000000000000 ) ) ;
#746 = DIRECTION ( 'NONE',  ( -0.8707939595268988642, -0.4916481262564371679, 5.067529235215587544E-17 ) ) ;
#747 = DIRECTION ( 'NONE',  ( 0.6353906706864891341, -0.7721908414404909937, 0.000000000000000000 ) ) ;
#748 = MECHANICAL_DESIGN_GEOMETRIC_PRESENTATION_REPRESENTATION (  '', ( #2420 ), #801 ) ;
#749 = FACE_BOUND ( 'NONE', #2669, .T. ) ;
#750 = EDGE_CURVE ( 'NONE', #2245, #7, #1495, .T. ) ;
#751 = EDGE_LOOP ( 'NONE', ( #691, #1731, #1554, #2429 ) ) ;
#752 = AXIS2_PLACEMENT_3D ( 'NONE', #2372, #2358, #874 ) ;
#753 = ORIENTED_EDGE ( 'NONE', *, *, #2946, .F. ) ;
#754 = DIRECTION ( 'NONE',  ( 4.178121103125229940E-17, 3.437931438000229393E-17, 1.000000000000000000 ) ) ;
#755 = EDGE_CURVE ( 'NONE', #2856, #493, #2728, .T. ) ;
#756 = AXIS2_PLACEMENT_3D ( 'NONE', #711, #2382, #1202 ) ;
#757 = CIRCLE ( 'NONE', #2472, 4.500000000000000000 ) ;
#758 = LINE ( 'NONE', #976, #908 ) ;
#759 = EDGE_LOOP ( 'NONE', ( #2464, #141 ) ) ;
#760 = DIRECTION ( 'NONE',  ( 4.178121103125229940E-17, 3.437931438000229393E-17, 1.000000000000000000 ) ) ;
#762 = CARTESIAN_POINT ( 'NONE',  ( 29.61519605771624697, -3.607619948369739760, 14.99999999999987921 ) ) ;
#761 = DIRECTION ( 'NONE',  ( -0.3510415499139110107, -0.9363598828623741488, 0.000000000000000000 ) ) ;
#763 = EDGE_LOOP ( 'NONE', ( #428, #1131, #1877, #40 ) ) ;
#764 = LINE ( 'NONE', #1681, #1099 ) ;
#765 = DIRECTION ( 'NONE',  ( 0.8343594835823765488, 0.5512206927866094563, -4.723222202963138644E-17 ) ) ;
#766 = CARTESIAN_POINT ( 'NONE',  ( 21.67281267413515167, 6.044765569636400215, -1.188285581044112102E-13 ) ) ;
#767 = ORIENTED_EDGE ( 'NONE', *, *, #910, .F. ) ;
#768 = ADVANCED_FACE ( 'NONE', ( #114 ), #2024, .F. ) ;
#769 = DIRECTION ( 'NONE',  ( -0.8343594835823765488, -0.5512206927866094563, 4.723222202963138644E-17 ) ) ;
#770 = EDGE_CURVE ( 'NONE', #48, #1544, #1804, .T. ) ;
#771 = CARTESIAN_POINT ( 'NONE',  ( 25.56640389503060362, 15.87316560998564974, -1.196959198423995885E-13 ) ) ;
#772 = EDGE_CURVE ( 'NONE', #2294, #2900, #345, .T. ) ;
#774 = ORIENTED_EDGE ( 'NONE', *, *, #1660, .F. ) ;
#773 = CARTESIAN_POINT ( 'NONE',  ( 21.67281267413515167, 6.044765569636400215, 4.999999999999880984 ) ) ;
#775 = CARTESIAN_POINT ( 'NONE',  ( 93.41370018839779732, -1.624471695647859981, 0.000000000000000000 ) ) ;
#776 = ORIENTED_EDGE ( 'NONE', *, *, #1981, .F. ) ;
#777 = DIRECTION ( 'NONE',  ( -3.223082373619879362E-17, -4.598590846719929387E-17, -1.000000000000000000 ) ) ;
#778 = ORIENTED_EDGE ( 'NONE', *, *, #406, .F. ) ;
#779 = CARTESIAN_POINT ( 'NONE',  ( 17.96897658064419900, 15.94623506366230004, 4.999999999999880096 ) ) ;
#780 = AXIS2_PLACEMENT_3D ( 'NONE', #1502, #2986, #2725 ) ;
#781 = CARTESIAN_POINT ( 'NONE',  ( 21.67281267413515167, 6.044765569636400215, -1.188285581044112102E-13 ) ) ;
#782 = DIRECTION ( 'NONE',  ( 0.6353906706864891341, -0.7721908414404909937, 1.503073264317039804E-17 ) ) ;
#783 = ORIENTED_EDGE ( 'NONE', *, *, #2794, .T. ) ;
#784 = CARTESIAN_POINT ( 'NONE',  ( 64.69975104248850073, 11.62439978087055970, 1.734723475976804925E-15 ) ) ;
#785 = CARTESIAN_POINT ( 'NONE',  ( 21.86512367709429938, -6.453755001940900016, 2.499999999999880096 ) ) ;
#786 = CIRCLE ( 'NONE', #2603, 4.500000000000002665 ) ;
#788 = VERTEX_POINT ( 'NONE', #3066 ) ;
#787 = CYLINDRICAL_SURFACE ( 'NONE', #1313, 4.500000000000000000 ) ;
#789 = DIRECTION ( 'NONE',  ( 0.6353906706864891341, -0.7721908414404909937, 1.503073264317039804E-17 ) ) ;
#790 = EDGE_CURVE ( 'NONE', #3049, #2660, #411, .T. ) ;
#791 = DIRECTION ( 'NONE',  ( -0.6501250953843463742, -0.7598271911109092391, 5.589541101712966002E-17 ) ) ;
#792 = EDGE_LOOP ( 'NONE', ( #1923, #1263, #2380, #879 ) ) ;
#793 = DIRECTION ( 'NONE',  ( 0.6353906706864889120, -0.7721908414404912158, 1.503073264317127626E-17 ) ) ;
#794 = EDGE_CURVE ( 'NONE', #1500, #1844, #2689, .T. ) ;
#795 = AXIS2_PLACEMENT_3D ( 'NONE', #400, #442, #2827 ) ;
#796 = ORIENTED_EDGE ( 'NONE', *, *, #2121, .T. ) ;
#797 = DIRECTION ( 'NONE',  ( 0.6353906706864891341, -0.7721908414404909937, 1.503073264317039804E-17 ) ) ;
#798 = CARTESIAN_POINT ( 'NONE',  ( 25.53892944121434994, -5.842334208833920073, -1.188285581044112102E-13 ) ) ;
#799 = AXIS2_PLACEMENT_3D ( 'NONE', #1055, #2014, #765 ) ;
#800 = DIRECTION ( 'NONE',  ( 9.358855370380449379E-18, 5.024605292640919620E-17, 1.000000000000000000 ) ) ;
#801 =( GEOMETRIC_REPRESENTATION_CONTEXT ( 3 ) GLOBAL_UNCERTAINTY_ASSIGNED_CONTEXT ( ( #2310 ) ) GLOBAL_UNIT_ASSIGNED_CONTEXT ( ( #2423, #1973, #1740 ) ) REPRESENTATION_CONTEXT ( 'NONE', 'WORKASPACE' ) );
#802 = ORIENTED_EDGE ( 'NONE', *, *, #1221, .T. ) ;
#803 = CIRCLE ( 'NONE', #557, 12.50000000000000178 ) ;
#804 = FACE_OUTER_BOUND ( 'NONE', #37, .T. ) ;
#805 = CIRCLE ( 'NONE', #614, 4.499999999999999112 ) ;
#806 = AXIS2_PLACEMENT_3D ( 'NONE', #1177, #2880, #32 ) ;
#807 = DIRECTION ( 'NONE',  ( -0.9719232228336939228, 0.2352982127355959796, 0.000000000000000000 ) ) ;
#808 = ORIENTED_EDGE ( 'NONE', *, *, #1969, .F. ) ;
#809 = EDGE_CURVE ( 'NONE', #268, #690, #3021, .T. ) ;
#810 = CARTESIAN_POINT ( 'NONE',  ( 28.71238276320504923, 7.556206260193733648, -1.188285581044112860E-13 ) ) ;
#811 = ORIENTED_EDGE ( 'NONE', *, *, #3056, .F. ) ;
#812 = EDGE_CURVE ( 'NONE', #1323, #3068, #396, .T. ) ;
#813 = DIRECTION ( 'NONE',  ( -0.8343594835823749944, -0.5512206927866118988, 4.723222202963166994E-17 ) ) ;
#814 = FACE_BOUND ( 'NONE', #3043, .T. ) ;
#815 = DIRECTION ( 'NONE',  ( 4.178121103125229940E-17, 3.437931438000229393E-17, 1.000000000000000000 ) ) ;
#816 = DIRECTION ( 'NONE',  ( 3.223082373619919421E-17, 4.598590846719879467E-17, 1.000000000000000000 ) ) ;
#817 = AXIS2_PLACEMENT_3D ( 'NONE', #1784, #2737, #583 ) ;
#818 = VERTEX_POINT ( 'NONE', #3036 ) ;
#819 = CARTESIAN_POINT ( 'NONE',  ( 21.67281267413515167, 6.044765569636400215, -1.188285581044112102E-13 ) ) ;
#820 = CYLINDRICAL_SURFACE ( 'NONE', #1916, 4.500000000000000000 ) ;
#821 = ORIENTED_EDGE ( 'NONE', *, *, #718, .F. ) ;
#822 = DIRECTION ( 'NONE',  ( 0.6353906706864838050, -0.7721908414404954346, 1.503073264317126702E-17 ) ) ;
#823 = VERTEX_POINT ( 'NONE', #1597 ) ;
#824 = DIRECTION ( 'NONE',  ( 3.223082373619799243E-17, 4.598590846719879467E-17, 1.000000000000000000 ) ) ;
#825 = EDGE_LOOP ( 'NONE', ( #1463, #511, #381, #2103 ) ) ;
#826 = CARTESIAN_POINT ( 'NONE',  ( 12.47096770804379950, 11.24895130504122065, 4.999999999999880096 ) ) ;
#827 = EDGE_CURVE ( 'NONE', #1320, #459, #2576, .T. ) ;
#828 = CIRCLE ( 'NONE', #679, 1.499999999999931388 ) ;
#829 = DIRECTION ( 'NONE',  ( 4.178121103125229940E-17, 3.437931438000229393E-17, 1.000000000000000000 ) ) ;
#830 = EDGE_CURVE ( 'NONE', #2797, #1346, #2395, .T. ) ;
#831 = CIRCLE ( 'NONE', #1141, 1.500000000000001332 ) ;
#832 = CARTESIAN_POINT ( 'NONE',  ( 99.06650787426140425, -5.602631737249589960, 0.000000000000000000 ) ) ;
#833 = ORIENTED_EDGE ( 'NONE', *, *, #2676, .F. ) ;
#834 = DIRECTION ( 'NONE',  ( -0.000000000000000000, -0.000000000000000000, 1.000000000000000000 ) ) ;
#835 = AXIS2_PLACEMENT_3D ( 'NONE', #1955, #2887, #2616 ) ;
#836 = APPLICATION_CONTEXT ( 'automotive_design' ) ;
#837 = EDGE_LOOP ( 'NONE', ( #1157, #650, #721, #2591 ) ) ;
#838 = ORIENTED_EDGE ( 'NONE', *, *, #849, .F. ) ;
#839 = CARTESIAN_POINT ( 'NONE',  ( 21.67281267413515167, 6.044765569636400215, 4.999999999999880096 ) ) ;
#840 = VECTOR ( 'NONE', #1507, 1000.000000000000000 ) ;
#841 = AXIS2_PLACEMENT_3D ( 'NONE', #907, #1606, #2362 ) ;
#842 = ORIENTED_EDGE ( 'NONE', *, *, #945, .F. ) ;
#843 = DIRECTION ( 'NONE',  ( 0.9999981302302332065, 0.001933788002217605309, -4.802769156365710237E-17 ) ) ;
#844 = ORIENTED_EDGE ( 'NONE', *, *, #1836, .T. ) ;
#845 = DIRECTION ( 'NONE',  ( 0.6353906706864888010, -0.7721908414404913268, 1.503073264317128243E-17 ) ) ;
#846 = EDGE_CURVE ( 'NONE', #1796, #239, #733, .T. ) ;
#847 = CARTESIAN_POINT ( 'NONE',  ( 13.97422370705523953, 15.89269570322060154, 4.999999999999880096 ) ) ;
#848 = ORIENTED_EDGE ( 'NONE', *, *, #1756, .T. ) ;
#849 = EDGE_CURVE ( 'NONE', #2251, #2410, #1129, .T. ) ;
#850 = DIRECTION ( 'NONE',  ( 3.223082373619879362E-17, 4.598590846719929387E-17, 1.000000000000000000 ) ) ;
#851 = VECTOR ( 'NONE', #129, 1000.000000000000000 ) ;
#852 = DIRECTION ( 'NONE',  ( 0.6353906706864891341, -0.7721908414404909937, 0.000000000000000000 ) ) ;
#853 = CIRCLE ( 'NONE', #756, 9.686499999999998778 ) ;
#854 = ORIENTED_EDGE ( 'NONE', *, *, #3017, .F. ) ;
#855 = LINE ( 'NONE', #338, #2507 ) ;
#856 = VECTOR ( 'NONE', #2511, 1000.000000000000000 ) ;
#857 = AXIS2_PLACEMENT_3D ( 'NONE', #2774, #599, #156 ) ;
#858 = VERTEX_POINT ( 'NONE', #1155 ) ;
#859 = DIRECTION ( 'NONE',  ( 3.223082373619879362E-17, 4.598590846719929387E-17, 1.000000000000000000 ) ) ;
#860 = ORIENTED_EDGE ( 'NONE', *, *, #1555, .F. ) ;
#861 = PRODUCT_DEFINITION_CONTEXT ( 'detailed design', #1607, 'design' ) ;
#862 = FACE_OUTER_BOUND ( 'NONE', #676, .T. ) ;
#863 = CARTESIAN_POINT ( 'NONE',  ( 17.77922145323960024, -3.783634470712839981, -1.179611963664229834E-13 ) ) ;
#864 = EDGE_CURVE ( 'NONE', #493, #942, #2501, .T. ) ;
#865 = APPLICATION_PROTOCOL_DEFINITION ( 'draft international standard', 'automotive_design', 1998, #1607 ) ;
#866 = VERTEX_POINT ( 'NONE', #163 ) ;
#867 = CARTESIAN_POINT ( 'NONE',  ( 12.01366920932364124, 6.772247374349779747, -1.188285581044112102E-13 ) ) ;
#868 = EDGE_CURVE ( 'NONE', #2411, #255, #684, .T. ) ;
#869 = ADVANCED_FACE ( 'NONE', ( #678 ), #1093, .T. ) ;
#870 = VECTOR ( 'NONE', #2476, 1000.000000000000114 ) ;
#871 = ORIENTED_EDGE ( 'NONE', *, *, #68, .F. ) ;
#872 = FACE_OUTER_BOUND ( 'NONE', #289, .T. ) ;
#873 = EDGE_CURVE ( 'NONE', #113, #2973, #3082, .T. ) ;
#874 = DIRECTION ( 'NONE',  ( 0.6353906706864891341, -0.7721908414404909937, 0.000000000000000000 ) ) ;
#875 = ORIENTED_EDGE ( 'NONE', *, *, #1766, .F. ) ;
#876 = LINE ( 'NONE', #2538, #708 ) ;
#877 = DIRECTION ( 'NONE',  ( -4.178121103125229940E-17, -3.437931438000229393E-17, -1.000000000000000000 ) ) ;
#878 = CARTESIAN_POINT ( 'NONE',  ( 16.99354948729695280, -5.546373115941519494, -1.179611963664229834E-13 ) ) ;
#879 = ORIENTED_EDGE ( 'NONE', *, *, #1240, .F. ) ;
#880 = ORIENTED_EDGE ( 'NONE', *, *, #1534, .F. ) ;
#881 = CARTESIAN_POINT ( 'NONE',  ( 11.31761309460526022, 8.172520634646389226, 4.999999999999880096 ) ) ;
#882 = VERTEX_POINT ( 'NONE', #183 ) ;
#883 = DIRECTION ( 'NONE',  ( 4.800258967122369736E-17, 1.302709821111999986E-17, 1.000000000000000000 ) ) ;
#884 = VERTEX_POINT ( 'NONE', #1347 ) ;
#885 = CARTESIAN_POINT ( 'NONE',  ( 83.04337467426999808, 2.067404582126999735, 7.965134049439549607E-16 ) ) ;
#886 = EDGE_CURVE ( 'NONE', #255, #2900, #1112, .T. ) ;
#887 = DIRECTION ( 'NONE',  ( 4.178121103125229940E-17, 3.437931438000229393E-17, 1.000000000000000000 ) ) ;
#888 = VERTEX_POINT ( 'NONE', #634 ) ;
#889 = CARTESIAN_POINT ( 'NONE',  ( 93.41370018839779732, -1.624471695647859981, 0.000000000000000000 ) ) ;
#890 = DIRECTION ( 'NONE',  ( 0.6353906706864891341, -0.7721908414404909937, 1.503073264317039804E-17 ) ) ;
#891 = EDGE_CURVE ( 'NONE', #3054, #1783, #2590, .T. ) ;
#892 = AXIS2_PLACEMENT_3D ( 'NONE', #1191, #1944, #2406 ) ;
#893 = CIRCLE ( 'NONE', #600, 1.499999999999974465 ) ;
#894 = CARTESIAN_POINT ( 'NONE',  ( 14.94980660425759922, -2.113585325793454928, 4.999999999999880096 ) ) ;
#895 = ORIENTED_EDGE ( 'NONE', *, *, #2179, .F. ) ;
#896 = ORIENTED_EDGE ( 'NONE', *, *, #3090, .T. ) ;
#897 = CARTESIAN_POINT ( 'NONE',  ( 20.16137198357773386, 13.08433565870607396, 4.999999999999880984 ) ) ;
#898 = DIRECTION ( 'NONE',  ( 3.223082373619894153E-17, 4.598590846719949109E-17, 1.000000000000000000 ) ) ;
#899 = ORIENTED_EDGE ( 'NONE', *, *, #770, .F. ) ;
#900 = AXIS2_PLACEMENT_3D ( 'NONE', #2995, #403, #2032 ) ;
#901 = CARTESIAN_POINT ( 'NONE',  ( 58.16660029668189935, 13.44353415481432101, 1.734723475976804925E-15 ) ) ;
#902 = CIRCLE ( 'NONE', #2313, 1.499999999999999778 ) ;
#903 = EDGE_CURVE ( 'NONE', #1893, #788, #1379, .T. ) ;
#904 = CARTESIAN_POINT ( 'NONE',  ( 14.94980660425759922, -2.113585325793454928, -1.179611963664229834E-13 ) ) ;
#905 = ORIENTED_EDGE ( 'NONE', *, *, #2389, .T. ) ;
#906 = DIRECTION ( 'NONE',  ( 0.000000000000000000, 0.000000000000000000, 1.000000000000000000 ) ) ;
#907 = CARTESIAN_POINT ( 'NONE',  ( 21.67281267413515167, 6.044765569636400215, 4.999999999999880096 ) ) ;
#908 = VECTOR ( 'NONE', #1486, 1000.000000000000000 ) ;
#909 = AXIS2_PLACEMENT_3D ( 'NONE', #2655, #2883, #719 ) ;
#910 = EDGE_CURVE ( 'NONE', #888, #1932, #2598, .T. ) ;
#911 = AXIS2_PLACEMENT_3D ( 'NONE', #1504, #2947, #1752 ) ;
#912 = FACE_OUTER_BOUND ( 'NONE', #1684, .T. ) ;
#913 = ORIENTED_EDGE ( 'NONE', *, *, #1762, .F. ) ;
#914 = ORIENTED_EDGE ( 'NONE', *, *, #474, .T. ) ;
#915 = DIRECTION ( 'NONE',  ( -0.000000000000000000, -0.000000000000000000, 1.000000000000000000 ) ) ;
#916 = CARTESIAN_POINT ( 'NONE',  ( 21.24014650129720039, -6.447744185528169858, -1.179611963664229834E-13 ) ) ;
#917 = ORIENTED_EDGE ( 'NONE', *, *, #519, .T. ) ;
#918 = DIRECTION ( 'NONE',  ( 0.6353906706864891341, -0.7721908414404909937, 0.000000000000000000 ) ) ;
#919 = PRODUCT_DEFINITION_SHAPE ( 'NONE', 'NONE',  #324 ) ;
#920 = DIRECTION ( 'NONE',  ( 4.178121103125229940E-17, 3.437931438000229393E-17, 1.000000000000000000 ) ) ;
#921 = EDGE_LOOP ( 'NONE', ( #596, #1938, #657, #1294 ) ) ;
#922 = DIRECTION ( 'NONE',  ( 3.223082373619754254E-17, 4.598590846719949109E-17, 1.000000000000000000 ) ) ;
#923 = CARTESIAN_POINT ( 'NONE',  ( 21.97008082230529880, 16.61212718910674724, -1.188285581044112102E-13 ) ) ;
#924 = VECTOR ( 'NONE', #2268, 999.9999999999998863 ) ;
#925 = CARTESIAN_POINT ( 'NONE',  ( 81.79183544889649227, 1.240573542947080110, 8.673617379884030542E-16 ) ) ;
#926 = ADVANCED_FACE ( 'NONE', ( #2805 ), #667, .T. ) ;
#927 = EDGE_LOOP ( 'NONE', ( #2734, #1943, #2762, #100 ) ) ;
#928 = CARTESIAN_POINT ( 'NONE',  ( 13.13324258506532161, 4.533324879078722169, -1.188285581044112860E-13 ) ) ;
#929 = EDGE_CURVE ( 'NONE', #2373, #882, #205, .T. ) ;
#930 = CARTESIAN_POINT ( 'NONE',  ( 21.67281267413515167, 6.044765569636400215, -1.188285581044112102E-13 ) ) ;
#931 = CARTESIAN_POINT ( 'NONE',  ( 21.86512367709429938, -6.453755001940900016, 4.999999999999880096 ) ) ;
#932 = LINE ( 'NONE', #415, #851 ) ;
#933 = AXIS2_PLACEMENT_3D ( 'NONE', #881, #2112, #2824 ) ;
#934 = ORIENTED_EDGE ( 'NONE', *, *, #2193, .T. ) ;
#935 = CARTESIAN_POINT ( 'NONE',  ( 17.21735364650884748, 17.72375888469330008, 4.999999999999880096 ) ) ;
#936 = DIRECTION ( 'NONE',  ( -4.800258967122369736E-17, -1.302709821111999986E-17, -1.000000000000000000 ) ) ;
#937 = CARTESIAN_POINT ( 'NONE',  ( 20.17281267413514811, 6.044765569636400215, 4.999999999999880984 ) ) ;
#938 = DIRECTION ( 'NONE',  ( 3.223082373619899700E-17, 4.598590846719909049E-17, 1.000000000000000000 ) ) ;
#939 = AXIS2_PLACEMENT_3D ( 'NONE', #300, #41, #742 ) ;
#940 = EDGE_CURVE ( 'NONE', #3035, #1928, #2450, .T. ) ;
#941 = VECTOR ( 'NONE', #936, 1000.000000000000000 ) ;
#942 = VERTEX_POINT ( 'NONE', #481 ) ;
#943 = DIRECTION ( 'NONE',  ( 3.223082373619839303E-17, 4.598590846719979307E-17, 1.000000000000000000 ) ) ;
#944 = AXIS2_PLACEMENT_3D ( 'NONE', #2809, #2679, #2890 ) ;
#945 = EDGE_CURVE ( 'NONE', #942, #493, #1995, .T. ) ;
#946 = CARTESIAN_POINT ( 'NONE',  ( 27.21238276320504923, 7.556206260193733648, 4.999999999999880984 ) ) ;
#947 = VERTEX_POINT ( 'NONE', #1171 ) ;
#948 = LINE ( 'NONE', #1929, #1694 ) ;
#949 = VECTOR ( 'NONE', #859, 1000.000000000000000 ) ;
#950 = ORIENTED_EDGE ( 'NONE', *, *, #2089, .T. ) ;
#951 = FACE_OUTER_BOUND ( 'NONE', #1720, .T. ) ;
#952 = CARTESIAN_POINT ( 'NONE',  ( 14.94980660425759922, -2.113585325793454928, -1.179611963664229834E-13 ) ) ;
#953 = CIRCLE ( 'NONE', #1210, 9.686500000000002331 ) ;
#954 = AXIS2_PLACEMENT_3D ( 'NONE', #3088, #922, #3099 ) ;
#955 = DIRECTION ( 'NONE',  ( 3.223082373619724671E-17, 4.598590846720019367E-17, 1.000000000000000000 ) ) ;
#956 = AXIS2_PLACEMENT_3D ( 'NONE', #339, #2441, #2928 ) ;
#957 = CARTESIAN_POINT ( 'NONE',  ( 13.91601666714386099, 11.84652374763072125, -1.188285581044112102E-13 ) ) ;
#958 = ORIENTED_EDGE ( 'NONE', *, *, #512, .F. ) ;
#959 = AXIS2_PLACEMENT_3D ( 'NONE', #230, #1433, #3073 ) ;
#960 = ORIENTED_EDGE ( 'NONE', *, *, #1127, .T. ) ;
#961 = CARTESIAN_POINT ( 'NONE',  ( 58.16660029668189935, 13.44353415481432101, 1.734723475976804925E-15 ) ) ;
#962 = CARTESIAN_POINT ( 'NONE',  ( 12.56493313821630053, 0.6778269350177290598, 4.999999999999880096 ) ) ;
#963 = ORIENTED_EDGE ( 'NONE', *, *, #2877, .T. ) ;
#964 = CARTESIAN_POINT ( 'NONE',  ( 37.98137637465535477, 32.20741880427054582, 5.000000000000000000 ) ) ;
#965 = EDGE_CURVE ( 'NONE', #3065, #1350, #2156, .T. ) ;
#966 = EDGE_CURVE ( 'NONE', #2797, #696, #991, .T. ) ;
#967 = LINE ( 'NONE', #997, #1812 ) ;
#968 = ORIENTED_EDGE ( 'NONE', *, *, #1551, .T. ) ;
#969 = LINE ( 'NONE', #702, #16 ) ;
#970 = CARTESIAN_POINT ( 'NONE',  ( 29.37140164121510111, -3.803164563947750043, -1.188285581044112102E-13 ) ) ;
#971 = EDGE_CURVE ( 'NONE', #2058, #1585, #1799, .T. ) ;
#972 = DIRECTION ( 'NONE',  ( -0.000000000000000000, -0.000000000000000000, 1.000000000000000000 ) ) ;
#973 = VERTEX_POINT ( 'NONE', #710 ) ;
#974 = EDGE_LOOP ( 'NONE', ( #2444, #833, #899, #2730 ) ) ;
#975 = CARTESIAN_POINT ( 'NONE',  ( 21.24014650129720039, -6.447744185528169858, 2.499999999999880096 ) ) ;
#976 = CARTESIAN_POINT ( 'NONE',  ( 18.66137198357773386, 13.08433565870607396, -1.188285581044112860E-13 ) ) ;
#977 = ORIENTED_EDGE ( 'NONE', *, *, #794, .F. ) ;
#978 = CARTESIAN_POINT ( 'NONE',  ( 9.330778258854099505, 8.025721523719749229, -1.179611963664229834E-13 ) ) ;
#979 = VERTEX_POINT ( 'NONE', #2139 ) ;
#980 = ADVANCED_FACE ( 'NONE', ( #1940 ), #2630, .T. ) ;
#981 = DIRECTION ( 'NONE',  ( 0.000000000000000000, 0.000000000000000000, 1.000000000000000000 ) ) ;
#982 = AXIS2_PLACEMENT_3D ( 'NONE', #313, #1750, #2706 ) ;
#983 = EDGE_CURVE ( 'NONE', #2296, #1078, #2902, .T. ) ;
#984 = CARTESIAN_POINT ( 'NONE',  ( 17.21735364650884748, 17.72375888469330008, 2.499999999999880096 ) ) ;
#985 = DIRECTION ( 'NONE',  ( 4.800258967122359875E-17, 1.302709821111993978E-17, 1.000000000000000000 ) ) ;
#986 = VECTOR ( 'NONE', #193, 1000.000000000000000 ) ;
#987 = ORIENTED_EDGE ( 'NONE', *, *, #435, .T. ) ;
#988 = AXIS2_PLACEMENT_3D ( 'NONE', #1292, #1747, #1519 ) ;
#989 = VERTEX_POINT ( 'NONE', #2661 ) ;
#990 = CIRCLE ( 'NONE', #1946, 1.499999999999999778 ) ;
#991 = LINE ( 'NONE', #975, #639 ) ;
#992 = AXIS2_PLACEMENT_3D ( 'NONE', #2470, #1068, #370 ) ;
#993 = CARTESIAN_POINT ( 'NONE',  ( 21.67281267413515167, 6.044765569636400215, 14.99999999999987921 ) ) ;
#994 = ORIENTED_EDGE ( 'NONE', *, *, #1969, .T. ) ;
#995 = CARTESIAN_POINT ( 'NONE',  ( 21.67281267413515167, 6.044765569636400215, -1.188285581044112102E-13 ) ) ;
#996 = VECTOR ( 'NONE', #638, 1000.000000000000000 ) ;
#997 = CARTESIAN_POINT ( 'NONE',  ( 95.53554368579308687, -7.508955004902410302, 0.000000000000000000 ) ) ;
#998 = ORIENTED_EDGE ( 'NONE', *, *, #2473, .T. ) ;
#999 = FACE_OUTER_BOUND ( 'NONE', #921, .T. ) ;
#1000 = ADVANCED_FACE ( 'NONE', ( #21 ), #692, .F. ) ;
#1001 = CARTESIAN_POINT ( 'NONE',  ( 21.67281267413515167, 6.044765569636400215, 4.999999999999880096 ) ) ;
#1002 = CARTESIAN_POINT ( 'NONE',  ( 16.21322321805670086, -1.956557147332140145, -1.179611963664229834E-13 ) ) ;
#1003 = AXIS2_PLACEMENT_3D ( 'NONE', #2363, #972, #2898 ) ;
#1004 = AXIS2_PLACEMENT_3D ( 'NONE', #1133, #887, #640 ) ;
#1005 = FACE_BOUND ( 'NONE', #759, .T. ) ;
#1006 = ADVANCED_FACE ( 'NONE', ( #4 ), #508, .T. ) ;
#1007 = ORIENTED_EDGE ( 'NONE', *, *, #864, .T. ) ;
#1008 = AXIS2_PLACEMENT_3D ( 'NONE', #2690, #2987, #332 ) ;
#1009 = LINE ( 'NONE', #2759, #2899 ) ;
#1010 = CIRCLE ( 'NONE', #2021, 9.686500000000000554 ) ;
#1011 = AXIS2_PLACEMENT_3D ( 'NONE', #309, #2722, #1308 ) ;
#1012 = CYLINDRICAL_SURFACE ( 'NONE', #911, 1.500000000000001332 ) ;
#1013 = ORIENTED_EDGE ( 'NONE', *, *, #661, .T. ) ;
#1014 = CARTESIAN_POINT ( 'NONE',  ( 11.21437295018893998, 4.502514458709399925, -1.179611963664229834E-13 ) ) ;
#1015 = ORIENTED_EDGE ( 'NONE', *, *, #2976, .T. ) ;
#1016 = CARTESIAN_POINT ( 'NONE',  ( 99.87901213735520400, -3.328730863270484619, 0.000000000000000000 ) ) ;
#1017 = ORIENTED_EDGE ( 'NONE', *, *, #2536, .T. ) ;
#1018 = CARTESIAN_POINT ( 'NONE',  ( 20.71194973510424830, 15.68349083091429996, -1.188285581044112102E-13 ) ) ;
#1019 = DIRECTION ( 'NONE',  ( -6.890102434699969856E-17, 0.000000000000000000, -1.000000000000000000 ) ) ;
#1020 = DIRECTION ( 'NONE',  ( 3.223082373619809720E-17, 4.598590846719889328E-17, 1.000000000000000000 ) ) ;
#1021 = CARTESIAN_POINT ( 'NONE',  ( 9.294960520216999811, 4.301557017642685388, 4.999999999999880096 ) ) ;
#1022 = ORIENTED_EDGE ( 'NONE', *, *, #424, .T. ) ;
#1023 = ADVANCED_FACE ( 'NONE', ( #1907 ), #1473, .T. ) ;
#1024 = DIRECTION ( 'NONE',  ( 0.9830921976803952411, -0.1831112526851661759, 0.000000000000000000 ) ) ;
#1025 = DIRECTION ( 'NONE',  ( 3.223082373619944690E-17, 4.598590846719969446E-17, 1.000000000000000000 ) ) ;
#1027 = ORIENTED_EDGE ( 'NONE', *, *, #103, .F. ) ;
#1026 = DIRECTION ( 'NONE',  ( 0.6353906706864889120, -0.7721908414404912158, 1.503073264317127626E-17 ) ) ;
#1028 = EDGE_CURVE ( 'NONE', #2752, #1961, #1686, .T. ) ;
#1029 = DIRECTION ( 'NONE',  ( -0.8343594835823749944, -0.5512206927866117878, 0.000000000000000000 ) ) ;
#1031 = CYLINDRICAL_SURFACE ( 'NONE', #559, 1.500000000000001332 ) ;
#1030 = FACE_OUTER_BOUND ( 'NONE', #2962, .T. ) ;
#1032 = VERTEX_POINT ( 'NONE', #282 ) ;
#1033 = CARTESIAN_POINT ( 'NONE',  ( 30.21238276320504923, 7.556206260193733648, 4.999999999999880984 ) ) ;
#1034 = CIRCLE ( 'NONE', #2241, 12.50000000000000178 ) ;
#1035 = ORIENTED_EDGE ( 'NONE', *, *, #1319, .T. ) ;
#1036 = DIRECTION ( 'NONE',  ( -8.593937290132068350E-18, 1.300827993790456048E-17, -1.000000000000000000 ) ) ;
#1037 = DIRECTION ( 'NONE',  ( -8.593937290132128439E-18, 1.300827993790460054E-17, -1.000000000000000000 ) ) ;
#1038 = ORIENTED_EDGE ( 'NONE', *, *, #1130, .F. ) ;
#1039 = VECTOR ( 'NONE', #2917, 1000.000000000000000 ) ;
#1040 = CARTESIAN_POINT ( 'NONE',  ( 10.75262084794725936, 12.12747964143519752, 4.999999999999880096 ) ) ;
#1041 = EDGE_CURVE ( 'NONE', #2210, #1334, #491, .T. ) ;
#1042 = CARTESIAN_POINT ( 'NONE',  ( 10.94493185090636089, -0.3710409301421190298, -1.179611963664229834E-13 ) ) ;
#1043 = CIRCLE ( 'NONE', #1846, 4.500000000000000000 ) ;
#1044 = VERTEX_POINT ( 'NONE', #2366 ) ;
#1045 = DIRECTION ( 'NONE',  ( 3.223082373619839303E-17, 4.598590846719979307E-17, 1.000000000000000000 ) ) ;
#1046 = AXIS2_PLACEMENT_3D ( 'NONE', #1979, #340, #2929 ) ;
#1047 = CIRCLE ( 'NONE', #3064, 1.499999999999997780 ) ;
#1048 = EDGE_CURVE ( 'NONE', #2245, #884, #2647, .T. ) ;
#1050 = DIRECTION ( 'NONE',  ( 3.223082373619839303E-17, 4.598590846719979307E-17, 1.000000000000000000 ) ) ;
#1049 = DIRECTION ( 'NONE',  ( 1.000000000000000000, 0.000000000000000000, 0.000000000000000000 ) ) ;
#1051 = EDGE_LOOP ( 'NONE', ( #50, #2087, #589, #1620 ) ) ;
#1052 = CIRCLE ( 'NONE', #409, 12.50000000000000178 ) ;
#1053 = CYLINDRICAL_SURFACE ( 'NONE', #2911, 1.500000000000001332 ) ;
#1054 = VERTEX_POINT ( 'NONE', #2186 ) ;
#1055 = CARTESIAN_POINT ( 'NONE',  ( 64.69975104248850073, 11.62439978087055970, 1.734723475976804925E-15 ) ) ;
#1056 = LINE ( 'NONE', #310, #870 ) ;
#1057 = VERTEX_POINT ( 'NONE', #1718 ) ;
#1058 = VECTOR ( 'NONE', #2092, 1000.000000000000000 ) ;
#1059 = DIRECTION ( 'NONE',  ( 0.6353906706864891341, -0.7721908414404909937, 0.000000000000000000 ) ) ;
#1060 = CIRCLE ( 'NONE', #169, 4.499999999999998224 ) ;
#1061 = CARTESIAN_POINT ( 'NONE',  ( 21.67281267413515167, 6.044765569636400215, -1.188285581044112102E-13 ) ) ;
#1062 = EDGE_LOOP ( 'NONE', ( #1182, #565 ) ) ;
#1063 = CARTESIAN_POINT ( 'NONE',  ( 21.66137198357773386, 13.08433565870607396, -1.188285581044112860E-13 ) ) ;
#1064 = AXIS2_PLACEMENT_3D ( 'NONE', #2713, #2990, #807 ) ;
#1065 = AXIS2_PLACEMENT_3D ( 'NONE', #771, #2707, #2022 ) ;
#1066 = FACE_OUTER_BOUND ( 'NONE', #441, .T. ) ;
#1067 = ORIENTED_EDGE ( 'NONE', *, *, #1375, .F. ) ;
#1068 = DIRECTION ( 'NONE',  ( 3.223082373620064251E-17, 4.598590846719958969E-17, 1.000000000000000000 ) ) ;
#1069 = EDGE_CURVE ( 'NONE', #158, #1544, #1244, .T. ) ;
#1070 = VERTEX_POINT ( 'NONE', #269 ) ;
#1071 = DIRECTION ( 'NONE',  ( 0.8343594835823749944, 0.5512206927866117878, -4.723222202963166994E-17 ) ) ;
#1072 = ORIENTED_EDGE ( 'NONE', *, *, #868, .F. ) ;
#1073 = EDGE_CURVE ( 'NONE', #3023, #788, #2298, .T. ) ;
#1074 = CARTESIAN_POINT ( 'NONE',  ( 21.67281267413515167, 6.044765569636400215, -1.188285581044112102E-13 ) ) ;
#1075 = DIRECTION ( 'NONE',  ( -3.223082373619879362E-17, -4.598590846719929387E-17, -1.000000000000000000 ) ) ;
#1076 = CARTESIAN_POINT ( 'NONE',  ( 18.33790282369990265, 16.07650899927224941, 4.999999999999880096 ) ) ;
#1077 = CARTESIAN_POINT ( 'NONE',  ( 21.67281267413515167, 6.044765569636400215, -1.188285581044112102E-13 ) ) ;
#1078 = VERTEX_POINT ( 'NONE', #111 ) ;
#1079 = DIRECTION ( 'NONE',  ( 0.000000000000000000, 0.000000000000000000, 1.000000000000000000 ) ) ;
#1080 = CARTESIAN_POINT ( 'NONE',  ( 63.44821181711500202, 10.79756874169069825, 1.805571809021249962E-15 ) ) ;
#1081 = ORIENTED_EDGE ( 'NONE', *, *, #1113, .T. ) ;
#1082 = DIRECTION ( 'NONE',  ( -0.6501250953843459301, -0.7598271911109097942, 5.589541101712798369E-17 ) ) ;
#1083 = ADVANCED_FACE ( 'NONE', ( #1267 ), #2272, .T. ) ;
#1084 = EDGE_LOOP ( 'NONE', ( #1794, #2448 ) ) ;
#1085 = CARTESIAN_POINT ( 'NONE',  ( 21.67281267413515167, 6.044765569636400215, 4.999999999999880096 ) ) ;
#1086 = VERTEX_POINT ( 'NONE', #1296 ) ;
#1087 = CARTESIAN_POINT ( 'NONE',  ( 25.37664876762615052, -3.856703924389470295, -1.188285581044112102E-13 ) ) ;
#1088 = ORIENTED_EDGE ( 'NONE', *, *, #2389, .F. ) ;
#1089 = EDGE_CURVE ( 'NONE', #1334, #696, #2801, .T. ) ;
#1090 = DIRECTION ( 'NONE',  ( 0.6353906706864889120, -0.7721908414404912158, 1.503073264317127626E-17 ) ) ;
#1091 = VECTOR ( 'NONE', #38, 1000.000000000000000 ) ;
#1092 = ORIENTED_EDGE ( 'NONE', *, *, #2946, .T. ) ;
#1093 = CYLINDRICAL_SURFACE ( 'NONE', #2903, 4.499999999999999112 ) ;
#1094 = EDGE_LOOP ( 'NONE', ( #202, #842 ) ) ;
#1095 = DIRECTION ( 'NONE',  ( 0.6353906706864891341, -0.7721908414404909937, 0.000000000000000000 ) ) ;
#1096 = ORIENTED_EDGE ( 'NONE', *, *, #714, .T. ) ;
#1097 = DIRECTION ( 'NONE',  ( 3.223082373619919421E-17, 4.598590846719879467E-17, 1.000000000000000000 ) ) ;
#1098 = CIRCLE ( 'NONE', #354, 1.500000000000001332 ) ;
#1099 = VECTOR ( 'NONE', #261, 1000.000000000000000 ) ;
#1100 = DIRECTION ( 'NONE',  ( -4.800258967122369736E-17, -1.302709821111999986E-17, -1.000000000000000000 ) ) ;
#1101 = ORIENTED_EDGE ( 'NONE', *, *, #1106, .T. ) ;
#1102 = PLANE ( 'NONE',  #1381 ) ;
#1103 = EDGE_CURVE ( 'NONE', #2318, #884, #344, .T. ) ;
#1104 = ORIENTED_EDGE ( 'NONE', *, *, #627, .T. ) ;
#1105 = DIRECTION ( 'NONE',  ( -0.9876251117499666998, -0.1568331554259679572, 4.945164390682397739E-17 ) ) ;
#1106 = EDGE_CURVE ( 'NONE', #2749, #1054, #1490, .T. ) ;
#1107 = EDGE_CURVE ( 'NONE', #690, #2542, #488, .T. ) ;
#1108 = CIRCLE ( 'NONE', #2062, 2.999999999999999112 ) ;
#1109 = PRESENTATION_STYLE_ASSIGNMENT (( #3019 ) ) ;
#1110 = EDGE_LOOP ( 'NONE', ( #2629, #473, #913, #1372 ) ) ;
#1111 = VECTOR ( 'NONE', #1105, 1000.000000000000114 ) ;
#1112 = LINE ( 'NONE', #2071, #986 ) ;
#1113 = EDGE_CURVE ( 'NONE', #294, #1115, #1034, .T. ) ;
#1114 = CIRCLE ( 'NONE', #216, 1.499999999999999778 ) ;
#1115 = VERTEX_POINT ( 'NONE', #1800 ) ;
#1116 = DIRECTION ( 'NONE',  ( 0.6353906706864890230, -0.7721908414404909937, 1.503073264317127935E-17 ) ) ;
#1117 = CIRCLE ( 'NONE', #509, 9.686500000000000554 ) ;
#1118 = VECTOR ( 'NONE', #2487, 1000.000000000000114 ) ;
#1119 = VERTEX_POINT ( 'NONE', #85 ) ;
#1120 = DIRECTION ( 'NONE',  ( -0.8343594835823756606, -0.5512206927866111217, 4.723222202963157749E-17 ) ) ;
#1121 = CIRCLE ( 'NONE', #26, 4.500000000000000000 ) ;
#1122 = ORIENTED_EDGE ( 'NONE', *, *, #1945, .F. ) ;
#1123 = DIRECTION ( 'NONE',  ( -0.000000000000000000, -0.000000000000000000, 1.000000000000000000 ) ) ;
#1124 = ORIENTED_EDGE ( 'NONE', *, *, #2951, .T. ) ;
#1125 = CYLINDRICAL_SURFACE ( 'NONE', #2207, 9.686500000000000554 ) ;
#1126 = ORIENTED_EDGE ( 'NONE', *, *, #1815, .F. ) ;
#1127 = EDGE_CURVE ( 'NONE', #3020, #1238, #2508, .T. ) ;
#1128 = ORIENTED_EDGE ( 'NONE', *, *, #1876, .F. ) ;
#1129 = LINE ( 'NONE', #426, #1398 ) ;
#1130 = EDGE_CURVE ( 'NONE', #2875, #979, #1009, .T. ) ;
#1131 = ORIENTED_EDGE ( 'NONE', *, *, #342, .T. ) ;
#1132 = DIRECTION ( 'NONE',  ( -0.6353906706864889120, 0.7721908414404912158, 0.000000000000000000 ) ) ;
#1133 = CARTESIAN_POINT ( 'NONE',  ( 21.67281267413515167, 6.044765569636400215, 14.99999999999987921 ) ) ;
#1134 = ORIENTED_EDGE ( 'NONE', *, *, #891, .F. ) ;
#1135 = DIRECTION ( 'NONE',  ( 2.845754347370449664E-17, 4.821306984588049803E-17, 1.000000000000000000 ) ) ;
#1136 = CARTESIAN_POINT ( 'NONE',  ( 21.67281267413515167, 6.044765569636400215, -1.188285581044112102E-13 ) ) ;
#1137 = LINE ( 'NONE', #2586, #1111 ) ;
#1138 = EDGE_LOOP ( 'NONE', ( #2474, #633, #1326, #2055 ) ) ;
#1139 = CARTESIAN_POINT ( 'NONE',  ( 10.63764878271871872, 0.1732105890899859890, 2.499999999999880096 ) ) ;
#1140 = EDGE_CURVE ( 'NONE', #2958, #2296, #198, .T. ) ;
#1141 = AXIS2_PLACEMENT_3D ( 'NONE', #2288, #1079, #1755 ) ;
#1142 = CARTESIAN_POINT ( 'NONE',  ( 21.67281267413515167, 6.044765569636400215, -1.188285581044112102E-13 ) ) ;
#1143 = VERTEX_POINT ( 'NONE', #1040 ) ;
#1144 = CARTESIAN_POINT ( 'NONE',  ( 20.60527730848594885, 12.76735386375349890, 3.469446951953614978E-15 ) ) ;
#1145 = AXIS2_PLACEMENT_3D ( 'NONE', #2543, #1409, #1817 ) ;
#1146 = EDGE_CURVE ( 'NONE', #67, #556, #2187, .T. ) ;
#1147 = DIRECTION ( 'NONE',  ( -0.3510415499139110107, -0.9363598828623741488, 5.437371818502608297E-17 ) ) ;
#1148 = ORIENTED_EDGE ( 'NONE', *, *, #2639, .T. ) ;
#1149 = DIRECTION ( 'NONE',  ( 3.223082373619689542E-17, 4.598590846720039088E-17, 1.000000000000000000 ) ) ;
#1150 = VECTOR ( 'NONE', #2693, 1000.000000000000000 ) ;
#1151 = CARTESIAN_POINT ( 'NONE',  ( 93.41370018839779732, -1.624471695647859981, 0.000000000000000000 ) ) ;
#1152 = DIRECTION ( 'NONE',  ( -0.8611767468245419277, 0.5083056272841159906, 0.000000000000000000 ) ) ;
#1153 = ORIENTED_EDGE ( 'NONE', *, *, #1856, .T. ) ;
#1154 = EDGE_LOOP ( 'NONE', ( #1493, #1685, #1774, #1170 ) ) ;
#1155 = CARTESIAN_POINT ( 'NONE',  ( 13.78623728648042146, -3.653271791337149743, 4.999999999999880096 ) ) ;
#1156 = CARTESIAN_POINT ( 'NONE',  ( 17.47325866540215245, 14.77357009131829990, -1.188285581044112102E-13 ) ) ;
#1157 = ORIENTED_EDGE ( 'NONE', *, *, #827, .F. ) ;
#1158 = AXIS2_PLACEMENT_3D ( 'NONE', #2593, #2130, #211 ) ;
#1159 = FACE_OUTER_BOUND ( 'NONE', #1274, .T. ) ;
#1160 = AXIS2_PLACEMENT_3D ( 'NONE', #2399, #2176, #2203 ) ;
#1161 = DIRECTION ( 'NONE',  ( 3.223082373619789383E-17, 4.598590846719949109E-17, 1.000000000000000000 ) ) ;
#1162 = ORIENTED_EDGE ( 'NONE', *, *, #2193, .F. ) ;
#1163 = EDGE_CURVE ( 'NONE', #2646, #1672, #828, .T. ) ;
#1164 = CARTESIAN_POINT ( 'NONE',  ( 10.75262084794725936, 12.12747964143519752, -1.188285581044112102E-13 ) ) ;
#1165 = CARTESIAN_POINT ( 'NONE',  ( 96.24143832399990117, -4.593185336401319319, 0.000000000000000000 ) ) ;
#1166 = CIRCLE ( 'NONE', #1008, 1.499999999999997780 ) ;
#1167 = CIRCLE ( 'NONE', #2619, 4.500000000000003553 ) ;
#1168 = EDGE_CURVE ( 'NONE', #2900, #2660, #1343, .T. ) ;
#1169 = DIRECTION ( 'NONE',  ( -0.8611767468245421497, 0.5083056272841157686, 0.000000000000000000 ) ) ;
#1170 = ORIENTED_EDGE ( 'NONE', *, *, #86, .T. ) ;
#1171 = CARTESIAN_POINT ( 'NONE',  ( 70.92352307965470004, 11.67283872356342123, 8.673617379884030542E-16 ) ) ;
#1172 = FACE_OUTER_BOUND ( 'NONE', #1528, .T. ) ;
#1173 = ORIENTED_EDGE ( 'NONE', *, *, #1801, .T. ) ;
#1174 = CARTESIAN_POINT ( 'NONE',  ( 58.20155193755810785, 18.73757709136154759, 1.734723475976804925E-15 ) ) ;
#1175 = CYLINDRICAL_SURFACE ( 'NONE', #1158, 1.500000000000001332 ) ;
#1176 = VERTEX_POINT ( 'NONE', #1771 ) ;
#1177 = CARTESIAN_POINT ( 'NONE',  ( 21.67281267413515167, 6.044765569636400215, -1.188285581044112102E-13 ) ) ;
#1178 = CYLINDRICAL_SURFACE ( 'NONE', #2002, 9.686500000000000554 ) ;
#1179 = EDGE_CURVE ( 'NONE', #1044, #866, #3101, .T. ) ;
#1180 = CARTESIAN_POINT ( 'NONE',  ( 58.67205140383600082, 15.77470175611165182, 1.734723475976804925E-15 ) ) ;
#1181 = EDGE_CURVE ( 'NONE', #2660, #1323, #1989, .T. ) ;
#1182 = ORIENTED_EDGE ( 'NONE', *, *, #2070, .T. ) ;
#1183 = VERTEX_POINT ( 'NONE', #1485 ) ;
#1184 = CARTESIAN_POINT ( 'NONE',  ( 21.67281267413515167, 6.044765569636400215, 4.999999999999880096 ) ) ;
#1185 = DIRECTION ( 'NONE',  ( -3.223082373619879362E-17, -4.598590846719929387E-17, -1.000000000000000000 ) ) ;
#1186 = ORIENTED_EDGE ( 'NONE', *, *, #1733, .T. ) ;
#1187 = DIRECTION ( 'NONE',  ( 0.6353906706864890230, -0.7721908414404911047, 1.503073264317007757E-17 ) ) ;
#1188 = CYLINDRICAL_SURFACE ( 'NONE', #71, 9.686500000000000554 ) ;
#1189 = ORIENTED_EDGE ( 'NONE', *, *, #2182, .F. ) ;
#1190 = FACE_OUTER_BOUND ( 'NONE', #1703, .T. ) ;
#1191 = CARTESIAN_POINT ( 'NONE',  ( 21.37554452596510046, -4.522596049833960130, 4.999999999999880096 ) ) ;
#1192 = VECTOR ( 'NONE', #256, 1000.000000000000000 ) ;
#1193 = CARTESIAN_POINT ( 'NONE',  ( 17.30614973049255312, -2.601652011455700020, -1.179611963664229834E-13 ) ) ;
#1194 = FACE_OUTER_BOUND ( 'NONE', #2360, .T. ) ;
#1195 = AXIS2_PLACEMENT_3D ( 'NONE', #952, #1449, #1919 ) ;
#1196 = EDGE_LOOP ( 'NONE', ( #2652, #2806, #1993, #280 ) ) ;
#1197 = CIRCLE ( 'NONE', #10, 4.499999999999999112 ) ;
#1198 = VERTEX_POINT ( 'NONE', #2742 ) ;
#1199 = EDGE_CURVE ( 'NONE', #2290, #1070, #2445, .T. ) ;
#1200 = EDGE_CURVE ( 'NONE', #69, #120, #1442, .T. ) ;
#1201 = DIRECTION ( 'NONE',  ( 1.000000000000000000, 0.000000000000000000, 0.000000000000000000 ) ) ;
#1202 = DIRECTION ( 'NONE',  ( -0.8707939595268989752, -0.4916481262564370569, 8.954335807447515593E-17 ) ) ;
#1203 = ORIENTED_EDGE ( 'NONE', *, *, #572, .T. ) ;
#1204 = EDGE_CURVE ( 'NONE', #707, #2373, #2643, .T. ) ;
#1205 = DIRECTION ( 'NONE',  ( 4.800258967122369736E-17, 1.302709821111999986E-17, 1.000000000000000000 ) ) ;
#1206 = AXIS2_PLACEMENT_3D ( 'NONE', #432, #1135, #1839 ) ;
#1207 = ORIENTED_EDGE ( 'NONE', *, *, #1474, .F. ) ;
#1208 = CARTESIAN_POINT ( 'NONE',  ( 12.34737340602446132, 3.424753221043534968, -1.179611963664229834E-13 ) ) ;
#1209 = DIRECTION ( 'NONE',  ( 4.178121103125229940E-17, 3.437931438000229393E-17, 1.000000000000000000 ) ) ;
#1210 = AXIS2_PLACEMENT_3D ( 'NONE', #178, #203, #1152 ) ;
#1211 = CIRCLE ( 'NONE', #704, 1.500000000000001332 ) ;
#1212 = CYLINDRICAL_SURFACE ( 'NONE', #1367, 9.686500000000000554 ) ;
#1213 = AXIS2_PLACEMENT_3D ( 'NONE', #962, #254, #2904 ) ;
#1214 = VECTOR ( 'NONE', #777, 1000.000000000000000 ) ;
#1215 = CARTESIAN_POINT ( 'NONE',  ( 21.67281267413515167, 6.044765569636400215, 4.999999999999880096 ) ) ;
#1216 = ORIENTED_EDGE ( 'NONE', *, *, #2374, .F. ) ;
#1217 = PRESENTATION_LAYER_ASSIGNMENT (  '', '', ( #2319 ) ) ;
#1218 = AXIS2_PLACEMENT_3D ( 'NONE', #1900, #13, #460 ) ;
#1219 = ORIENTED_EDGE ( 'NONE', *, *, #1538, .T. ) ;
#1220 = CARTESIAN_POINT ( 'NONE',  ( 20.16137198357773386, 13.08433565870607396, 4.999999999999880984 ) ) ;
#1221 = EDGE_CURVE ( 'NONE', #501, #2307, #553, .T. ) ;
#1222 = FACE_OUTER_BOUND ( 'NONE', #1700, .T. ) ;
#1223 = VERTEX_POINT ( 'NONE', #878 ) ;
#1224 = CARTESIAN_POINT ( 'NONE',  ( 13.91601666714386099, 11.84652374763072125, -1.188285581044112102E-13 ) ) ;
#1225 = ADVANCED_FACE ( 'NONE', ( #663 ), #2079, .T. ) ;
#1226 = CARTESIAN_POINT ( 'NONE',  ( 21.76677810430769711, -4.526358800387079384, -1.188285581044112102E-13 ) ) ;
#1227 = ORIENTED_EDGE ( 'NONE', *, *, #2280, .F. ) ;
#1228 = CARTESIAN_POINT ( 'NONE',  ( 23.18425336469269382, -0.9948045194336644359, 4.999999999999880984 ) ) ;
#1229 = CIRCLE ( 'NONE', #1881, 4.499999999999998224 ) ;
#1230 = DIRECTION ( 'NONE',  ( 0.6353906706864890230, -0.7721908414404911047, 1.503073264317007757E-17 ) ) ;
#1231 = CYLINDRICAL_SURFACE ( 'NONE', #1003, 1.500000000000001332 ) ;
#1232 = ORIENTED_EDGE ( 'NONE', *, *, #2158, .T. ) ;
#1233 = ORIENTED_EDGE ( 'NONE', *, *, #1551, .F. ) ;
#1234 = CARTESIAN_POINT ( 'NONE',  ( 12.39949054184534027, 8.843654435022820337, -1.188285581044112102E-13 ) ) ;
#1235 = CARTESIAN_POINT ( 'NONE',  ( 21.66137198357773386, 13.08433565870607396, -1.188285581044112860E-13 ) ) ;
#1236 = EDGE_LOOP ( 'NONE', ( #1828, #1027, #2143, #402 ) ) ;
#1237 = CARTESIAN_POINT ( 'NONE',  ( 11.27860436219287976, 4.116571202742335345, -1.179611963664229834E-13 ) ) ;
#1238 = VERTEX_POINT ( 'NONE', #2570 ) ;
#1239 = CYLINDRICAL_SURFACE ( 'NONE', #2459, 1.500000000000001332 ) ;
#1240 = EDGE_CURVE ( 'NONE', #78, #1560, #1841, .T. ) ;
#1241 = AXIS2_PLACEMENT_3D ( 'NONE', #51, #754, #738 ) ;
#1242 = LINE ( 'NONE', #326, #552 ) ;
#1243 = PLANE ( 'NONE',  #817 ) ;
#1244 = CIRCLE ( 'NONE', #3007, 4.499999999999998224 ) ;
#1245 = ORIENTED_EDGE ( 'NONE', *, *, #427, .T. ) ;
#1246 = ORIENTED_EDGE ( 'NONE', *, *, #1357, .F. ) ;
#1247 = AXIS2_PLACEMENT_3D ( 'NONE', #819, #2710, #2764 ) ;
#1248 = CARTESIAN_POINT ( 'NONE',  ( 25.00772252457049660, -3.986977859999399687, 4.999999999999880096 ) ) ;
#1249 = AXIS2_PLACEMENT_3D ( 'NONE', #3074, #1872, #1404 ) ;
#1250 = CARTESIAN_POINT ( 'NONE',  ( 21.68425336469269737, -0.9948045194336642139, -1.188285581044112860E-13 ) ) ;
#1251 = ORIENTED_EDGE ( 'NONE', *, *, #1930, .F. ) ;
#1252 = CARTESIAN_POINT ( 'NONE',  ( 13.31134067219906036, -3.246939653886304900, 2.499999999999880096 ) ) ;
#1253 = ORIENTED_EDGE ( 'NONE', *, *, #2607, .F. ) ;
#1255 = PLANE ( 'NONE',  #1064 ) ;
#1254 = CARTESIAN_POINT ( 'NONE',  ( 65.95129026786199233, 12.45123082005044068, 1.663875142932365016E-15 ) ) ;
#1256 = EDGE_LOOP ( 'NONE', ( #36, #1867, #2334, #1022 ) ) ;
#1257 = LINE ( 'NONE', #1726, #1849 ) ;
#1258 = EDGE_CURVE ( 'NONE', #514, #3054, #1289, .T. ) ;
#1259 = FACE_OUTER_BOUND ( 'NONE', #2023, .T. ) ;
#1260 = LINE ( 'NONE', #1517, #1118 ) ;
#1261 = VECTOR ( 'NONE', #1075, 1000.000000000000000 ) ;
#1262 = FACE_BOUND ( 'NONE', #389, .T. ) ;
#1263 = ORIENTED_EDGE ( 'NONE', *, *, #2100, .F. ) ;
#1264 = ADVANCED_FACE ( 'NONE', ( #1623 ), #1358, .T. ) ;
#1265 = AXIS2_PLACEMENT_3D ( 'NONE', #1272, #1991, #1095 ) ;
#1266 = AXIS2_PLACEMENT_3D ( 'NONE', #1977, #64, #2171 ) ;
#1267 = FACE_OUTER_BOUND ( 'NONE', #1138, .T. ) ;
#1268 =( LENGTH_UNIT ( ) NAMED_UNIT ( * ) SI_UNIT ( .MILLI., .METRE. ) );
#1270 = ORIENTED_EDGE ( 'NONE', *, *, #1335, .F. ) ;
#1269 = DIRECTION ( 'NONE',  ( 0.6353906706864889120, -0.7721908414404912158, 1.503073264317127626E-17 ) ) ;
#1271 = CARTESIAN_POINT ( 'NONE',  ( 96.24143832399990117, -4.593185336401319319, 5.000000000000000000 ) ) ;
#1273 = LINE ( 'NONE', #2228, #1818 ) ;
#1272 = CARTESIAN_POINT ( 'NONE',  ( 21.67281267413515167, 6.044765569636400215, 4.999999999999880096 ) ) ;
#1274 = EDGE_LOOP ( 'NONE', ( #2180, #1186, #1476, #1911 ) ) ;
#1275 = CARTESIAN_POINT ( 'NONE',  ( 80.54029622352290119, 0.4137425037671559336, 9.382100710328519365E-16 ) ) ;
#1276 = ORIENTED_EDGE ( 'NONE', *, *, #873, .T. ) ;
#1277 = CARTESIAN_POINT ( 'NONE',  ( 22.63367561316610121, -3.593959691641505305, 4.999999999999880096 ) ) ;
#1278 = CARTESIAN_POINT ( 'NONE',  ( 93.99459158593960240, -19.79706172934444552, 0.000000000000000000 ) ) ;
#1279 = ADVANCED_FACE ( 'NONE', ( #1568 ), #1344, .T. ) ;
#1280 = CARTESIAN_POINT ( 'NONE',  ( 21.67281267413515167, 6.044765569636400215, 4.999999999999880096 ) ) ;
#1281 = EDGE_CURVE ( 'NONE', #108, #222, #1060, .T. ) ;
#1282 = DIRECTION ( 'NONE',  ( -3.223082373619879362E-17, -4.598590846719929387E-17, -1.000000000000000000 ) ) ;
#1283 = ORIENTED_EDGE ( 'NONE', *, *, #1179, .T. ) ;
#1284 = DIRECTION ( 'NONE',  ( -1.189691474131889886E-17, 2.107149593476429960E-17, 1.000000000000000000 ) ) ;
#1285 = ORIENTED_EDGE ( 'NONE', *, *, #1319, .F. ) ;
#1286 = CARTESIAN_POINT ( 'NONE',  ( 14.80584321299972039, 14.08231683655873923, -1.188285581044112102E-13 ) ) ;
#1287 = EDGE_LOOP ( 'NONE', ( #2339, #2934, #1455, #2081 ) ) ;
#1288 = CARTESIAN_POINT ( 'NONE',  ( 17.57878010726210150, -5.765776219010859904, -1.179611963664229834E-13 ) ) ;
#1289 = CIRCLE ( 'NONE', #47, 4.499999999999998224 ) ;
#1290 = EDGE_LOOP ( 'NONE', ( #649, #1957, #802, #2839 ) ) ;
#1291 = DIRECTION ( 'NONE',  ( -0.8707939595268990862, -0.4916481262564370569, 5.067529235215586928E-17 ) ) ;
#1292 = CARTESIAN_POINT ( 'NONE',  ( 14.65252294504055897, -1.859222794989450200, -1.179611963664229834E-13 ) ) ;
#1293 = VECTOR ( 'NONE', #2513, 1000.000000000000000 ) ;
#1294 = ORIENTED_EDGE ( 'NONE', *, *, #698, .T. ) ;
#1295 = EDGE_CURVE ( 'NONE', #1086, #285, #1813, .T. ) ;
#1296 = CARTESIAN_POINT ( 'NONE',  ( 30.21238276320504923, 7.556206260193733648, -1.188285581044112860E-13 ) ) ;
#1297 = EDGE_CURVE ( 'NONE', #2542, #3023, #1137, .T. ) ;
#1298 = CARTESIAN_POINT ( 'NONE',  ( 18.66137198357773386, 13.08433565870607396, -1.188285581044112860E-13 ) ) ;
#1299 = EDGE_CURVE ( 'NONE', #2410, #120, #2264, .T. ) ;
#1300 = ORIENTED_EDGE ( 'NONE', *, *, #342, .F. ) ;
#1301 = FACE_OUTER_BOUND ( 'NONE', #2076, .T. ) ;
#1302 = CIRCLE ( 'NONE', #841, 9.686500000000005883 ) ;
#1303 = ADVANCED_FACE ( 'NONE', ( #3016 ), #1125, .T. ) ;
#1305 = DIRECTION ( 'NONE',  ( 3.223082373619839303E-17, 4.598590846719979307E-17, 1.000000000000000000 ) ) ;
#1304 = DIRECTION ( 'NONE',  ( 3.223082373619879362E-17, 4.598590846719929387E-17, 1.000000000000000000 ) ) ;
#1306 = EDGE_LOOP ( 'NONE', ( #2424, #2201, #2192, #821 ) ) ;
#1307 = DIRECTION ( 'NONE',  ( 4.178121103125229940E-17, 3.437931438000229393E-17, 1.000000000000000000 ) ) ;
#1308 = DIRECTION ( 'NONE',  ( 0.8611767468245453694, -0.5083056272841103285, -4.381539882963418078E-18 ) ) ;
#1309 = CARTESIAN_POINT ( 'NONE',  ( 37.98137637465535477, 32.20741880427054582, 2.602085213965209853E-15 ) ) ;
#1310 = VECTOR ( 'NONE', #1390, 1000.000000000000000 ) ;
#1311 = CARTESIAN_POINT ( 'NONE',  ( 30.77984314712904990, 28.18517061820159952, 2.602085213965209853E-15 ) ) ;
#1312 = DIRECTION ( 'NONE',  ( 4.457682863290584385E-17, 7.891734835439779813E-17, 1.000000000000000000 ) ) ;
#1313 = AXIS2_PLACEMENT_3D ( 'NONE', #2708, #1505, #1269 ) ;
#1314 = CARTESIAN_POINT ( 'NONE',  ( 66.82364638326629347, -0.5579346353762220101, 1.734723475976804925E-15 ) ) ;
#1315 = EDGE_LOOP ( 'NONE', ( #617, #767, #2539, #2866 ) ) ;
#1316 = VECTOR ( 'NONE', #2744, 1000.000000000000000 ) ;
#1317 = DIRECTION ( 'NONE',  ( 4.178121103125229940E-17, 3.437931438000229393E-17, 1.000000000000000000 ) ) ;
#1318 = CIRCLE ( 'NONE', #1266, 12.50000000000000178 ) ;
#1319 = EDGE_CURVE ( 'NONE', #818, #1334, #1857, .T. ) ;
#1320 = VERTEX_POINT ( 'NONE', #2555 ) ;
#1322 = LINE ( 'NONE', #762, #2775 ) ;
#1321 = LINE ( 'NONE', #1575, #3028 ) ;
#1323 = VERTEX_POINT ( 'NONE', #1842 ) ;
#1324 = CYLINDRICAL_SURFACE ( 'NONE', #257, 4.500000000000000000 ) ;
#1325 = EDGE_CURVE ( 'NONE', #1852, #148, #2802, .T. ) ;
#1326 = ORIENTED_EDGE ( 'NONE', *, *, #965, .F. ) ;
#1327 = LINE ( 'NONE', #373, #1058 ) ;
#1328 = DIRECTION ( 'NONE',  ( 3.223082373619879362E-17, 4.598590846719929387E-17, 1.000000000000000000 ) ) ;
#1329 = ORIENTED_EDGE ( 'NONE', *, *, #2300, .F. ) ;
#1330 = DIRECTION ( 'NONE',  ( -0.009617212702353763673, -0.9999537535405512712, 4.629375246919247200E-17 ) ) ;
#1331 = CARTESIAN_POINT ( 'NONE',  ( 22.10547884697320242, 18.53727532480095164, -1.196959198423995885E-13 ) ) ;
#1332 = ORIENTED_EDGE ( 'NONE', *, *, #1873, .T. ) ;
#1333 = CARTESIAN_POINT ( 'NONE',  ( 21.24014650129720039, -6.447744185528169858, 4.999999999999880096 ) ) ;
#1334 = VERTEX_POINT ( 'NONE', #1609 ) ;
#1335 = EDGE_CURVE ( 'NONE', #2620, #1540, #2314, .T. ) ;
#1336 = DIRECTION ( 'NONE',  ( -0.000000000000000000, -0.000000000000000000, 1.000000000000000000 ) ) ;
#1337 = ORIENTED_EDGE ( 'NONE', *, *, #1785, .F. ) ;
#1338 = EDGE_CURVE ( 'NONE', #465, #1540, #953, .T. ) ;
#1339 = CARTESIAN_POINT ( 'NONE',  ( 29.55938806178994938, 15.74280293060990132, 2.499999999999880096 ) ) ;
#1340 = ADVANCED_FACE ( 'NONE', ( #912 ), #2776, .T. ) ;
#1341 = ORIENTED_EDGE ( 'NONE', *, *, #227, .T. ) ;
#1342 = FACE_BOUND ( 'NONE', #1094, .T. ) ;
#1343 = CIRCLE ( 'NONE', #1793, 4.499999999999997335 ) ;
#1344 = CYLINDRICAL_SURFACE ( 'NONE', #2417, 4.500000000000004441 ) ;
#1345 = AXIS2_PLACEMENT_3D ( 'NONE', #897, #2096, #2836 ) ;
#1346 = VERTEX_POINT ( 'NONE', #3078 ) ;
#1347 = CARTESIAN_POINT ( 'NONE',  ( 12.39949054184534027, 8.843654435022820337, 4.999999999999880096 ) ) ;
#1348 = VERTEX_POINT ( 'NONE', #1874 ) ;
#1349 = DIRECTION ( 'NONE',  ( 4.178121103125229940E-17, 3.437931438000229393E-17, 1.000000000000000000 ) ) ;
#1350 = VERTEX_POINT ( 'NONE', #847 ) ;
#1351 = CIRCLE ( 'NONE', #2852, 1.500000000000000666 ) ;
#1352 = LINE ( 'NONE', #1174, #1508 ) ;
#1353 = AXIS2_PLACEMENT_3D ( 'NONE', #923, #2567, #3060 ) ;
#1354 = ORIENTED_EDGE ( 'NONE', *, *, #2455, .T. ) ;
#1355 = CARTESIAN_POINT ( 'NONE',  ( 14.80584321299972039, 14.08231683655873923, 4.999999999999880096 ) ) ;
#1356 = EDGE_LOOP ( 'NONE', ( #2968, #2534, #2174, #1408 ) ) ;
#1357 = EDGE_CURVE ( 'NONE', #259, #1967, #2969, .T. ) ;
#1358 = CYLINDRICAL_SURFACE ( 'NONE', #2160, 9.686500000000000554 ) ;
#1359 = ADVANCED_FACE ( 'NONE', ( #1637 ), #1904, .T. ) ;
#1360 = CIRCLE ( 'NONE', #167, 9.686499999999998778 ) ;
#1361 = SURFACE_STYLE_FILL_AREA ( #2574 ) ;
#1362 = ORIENTED_EDGE ( 'NONE', *, *, #2531, .T. ) ;
#1363 = VECTOR ( 'NONE', #2331, 1000.000000000000000 ) ;
#1364 = DIRECTION ( 'NONE',  ( -0.9248193161744251434, 0.3804066671743130401, 3.943812714089794748E-17 ) ) ;
#1365 = PRESENTATION_LAYER_ASSIGNMENT (  '', '', ( #2420 ) ) ;
#1366 = AXIS2_PLACEMENT_3D ( 'NONE', #2561, #184, #1116 ) ;
#1367 = AXIS2_PLACEMENT_3D ( 'NONE', #34, #278, #1230 ) ;
#1368 = ORIENTED_EDGE ( 'NONE', *, *, #2357, .T. ) ;
#1369 = LINE ( 'NONE', #226, #996 ) ;
#1370 = VECTOR ( 'NONE', #843, 1000.000000000000114 ) ;
#1371 = DIRECTION ( 'NONE',  ( -0.9248193161744251434, 0.3804066671743130401, 3.943812714089794748E-17 ) ) ;
#1372 = ORIENTED_EDGE ( 'NONE', *, *, #2357, .F. ) ;
#1373 = CARTESIAN_POINT ( 'NONE',  ( 12.39949054184534027, 8.843654435022820337, -1.188285581044112102E-13 ) ) ;
#1374 = DIRECTION ( 'NONE',  ( 1.000000000000000000, 0.000000000000000000, 0.000000000000000000 ) ) ;
#1375 = EDGE_CURVE ( 'NONE', #1928, #989, #2613, .T. ) ;
#1376 = DIRECTION ( 'NONE',  ( 3.223082373619879362E-17, 4.598590846719929387E-17, 1.000000000000000000 ) ) ;
#1377 = VERTEX_POINT ( 'NONE', #2865 ) ;
#1378 = EDGE_CURVE ( 'NONE', #2908, #1044, #688, .T. ) ;
#1379 = LINE ( 'NONE', #2320, #3104 ) ;
#1380 = ORIENTED_EDGE ( 'NONE', *, *, #227, .F. ) ;
#1381 = AXIS2_PLACEMENT_3D ( 'NONE', #2997, #2524, #376 ) ;
#1382 = DIRECTION ( 'NONE',  ( 1.000000000000000000, 0.000000000000000000, 0.000000000000000000 ) ) ;
#1383 = VERTEX_POINT ( 'NONE', #1670 ) ;
#1384 = DIRECTION ( 'NONE',  ( -4.800258967122369736E-17, -1.302709821111999986E-17, -1.000000000000000000 ) ) ;
#1385 = DIRECTION ( 'NONE',  ( 0.000000000000000000, 0.000000000000000000, 1.000000000000000000 ) ) ;
#1386 = VERTEX_POINT ( 'NONE', #479 ) ;
#1387 = CARTESIAN_POINT ( 'NONE',  ( 16.13324258506532516, 4.533324879078722169, -1.188285581044112860E-13 ) ) ;
#1388 = FACE_OUTER_BOUND ( 'NONE', #1306, .T. ) ;
#1389 = CARTESIAN_POINT ( 'NONE',  ( 28.71238276320504923, 7.556206260193733648, 4.999999999999880984 ) ) ;
#1390 = DIRECTION ( 'NONE',  ( 3.223082373619879362E-17, 4.598590846719929387E-17, 1.000000000000000000 ) ) ;
#1391 = AXIS2_PLACEMENT_3D ( 'NONE', #863, #2541, #191 ) ;
#1392 = VERTEX_POINT ( 'NONE', #957 ) ;
#1393 = DIRECTION ( 'NONE',  ( 3.223082373619839303E-17, 4.598590846719979307E-17, 1.000000000000000000 ) ) ;
#1394 = ADVANCED_FACE ( 'NONE', ( #46 ), #1231, .F. ) ;
#1395 = CARTESIAN_POINT ( 'NONE',  ( 28.60452956030090021, -0.7212955636999599518, -1.188285581044112102E-13 ) ) ;
#1396 = ORIENTED_EDGE ( 'NONE', *, *, #772, .F. ) ;
#1397 = DIRECTION ( 'NONE',  ( 0.6353906706864889120, -0.7721908414404912158, 1.503073264317127626E-17 ) ) ;
#1398 = VECTOR ( 'NONE', #850, 1000.000000000000000 ) ;
#1399 = EDGE_CURVE ( 'NONE', #2469, #858, #1959, .T. ) ;
#1400 = CARTESIAN_POINT ( 'NONE',  ( 21.48050167117609988, 18.54328614121369867, -1.188285581044112102E-13 ) ) ;
#1401 = AXIS2_PLACEMENT_3D ( 'NONE', #571, #81, #516 ) ;
#1402 = ORIENTED_EDGE ( 'NONE', *, *, #1089, .F. ) ;
#1403 = DIRECTION ( 'NONE',  ( -0.8343594835823755496, -0.5512206927866111217, 4.723222202963160831E-17 ) ) ;
#1404 = DIRECTION ( 'NONE',  ( 0.6353906706864890230, -0.7721908414404911047, 1.503073264317007757E-17 ) ) ;
#1405 = AXIS2_PLACEMENT_3D ( 'NONE', #502, #1743, #2454 ) ;
#1406 = CIRCLE ( 'NONE', #62, 4.500000000000000000 ) ;
#1407 = CARTESIAN_POINT ( 'NONE',  ( 23.17281267413515167, 6.044765569636400215, -1.188285581044112860E-13 ) ) ;
#1408 = ORIENTED_EDGE ( 'NONE', *, *, #2136, .F. ) ;
#1409 = DIRECTION ( 'NONE',  ( 3.223082373619859640E-17, 4.598590846719989168E-17, 1.000000000000000000 ) ) ;
#1410 = CARTESIAN_POINT ( 'NONE',  ( 59.41813952205539806, 14.27036519399421977, 1.663875142932359888E-15 ) ) ;
#1411 = CIRCLE ( 'NONE', #1862, 9.686500000000000554 ) ;
#1412 = EDGE_LOOP ( 'NONE', ( #150, #1652 ) ) ;
#1413 = AXIS2_PLACEMENT_3D ( 'NONE', #1850, #3086, #1632 ) ;
#1414 = DIRECTION ( 'NONE',  ( -0.8343594835823765488, -0.5512206927866094563, 0.000000000000000000 ) ) ;
#1415 = EDGE_CURVE ( 'NONE', #1961, #2875, #1411, .T. ) ;
#1416 = CIRCLE ( 'NONE', #2523, 4.499999999999997335 ) ;
#1417 = LINE ( 'NONE', #1603, #462 ) ;
#1418 = ORIENTED_EDGE ( 'NONE', *, *, #1914, .T. ) ;
#1419 = CARTESIAN_POINT ( 'NONE',  ( 81.79183544889649227, 1.240573542947080110, 8.673617379884030542E-16 ) ) ;
#1420 = CARTESIAN_POINT ( 'NONE',  ( 98.19516258861659708, 0.4551734861010600097, 0.000000000000000000 ) ) ;
#1421 = EDGE_CURVE ( 'NONE', #2506, #2245, #2029, .T. ) ;
#1422 = CIRCLE ( 'NONE', #956, 1.499999999999974465 ) ;
#1423 = DIRECTION ( 'NONE',  ( 3.223082373619879362E-17, 4.598590846719929387E-17, 1.000000000000000000 ) ) ;
#1424 = ORIENTED_EDGE ( 'NONE', *, *, #644, .F. ) ;
#1425 = AXIS2_PLACEMENT_3D ( 'NONE', #925, #985, #1889 ) ;
#1426 = EDGE_LOOP ( 'NONE', ( #905, #1725, #2673, #1788 ) ) ;
#1427 = DIRECTION ( 'NONE',  ( 9.358855370380079601E-18, 5.024605292640909143E-17, 1.000000000000000000 ) ) ;
#1428 = PLANE ( 'NONE',  #2617 ) ;
#1429 = ORIENTED_EDGE ( 'NONE', *, *, #891, .T. ) ;
#1430 = LINE ( 'NONE', #2905, #5 ) ;
#1431 = EDGE_CURVE ( 'NONE', #1540, #1587, #1924, .T. ) ;
#1432 = EDGE_LOOP ( 'NONE', ( #1987, #2572, #2610, #2994 ) ) ;
#1433 = DIRECTION ( 'NONE',  ( 4.178121103125244731E-17, 3.437931438000189334E-17, 1.000000000000000000 ) ) ;
#1434 = CARTESIAN_POINT ( 'NONE',  ( 17.80669590705599958, 17.93186534810675070, 4.999999999999880096 ) ) ;
#1435 = EDGE_CURVE ( 'NONE', #1692, #2058, #1452, .T. ) ;
#1436 = ADVANCED_FACE ( 'NONE', ( #2122 ), #3091, .F. ) ;
#1437 = DIRECTION ( 'NONE',  ( 0.6353906706864891341, -0.7721908414404909937, 0.000000000000000000 ) ) ;
#1438 = ORIENTED_EDGE ( 'NONE', *, *, #2733, .F. ) ;
#1439 = ADVANCED_FACE ( 'NONE', ( #2409 ), #2846, .F. ) ;
#1440 = ORIENTED_EDGE ( 'NONE', *, *, #965, .T. ) ;
#1441 = DIRECTION ( 'NONE',  ( 0.9830921976803952411, -0.1831112526851660927, 0.000000000000000000 ) ) ;
#1442 = CIRCLE ( 'NONE', #2345, 12.50000000000000178 ) ;
#1443 = DIRECTION ( 'NONE',  ( 3.223082373619694473E-17, 4.598590846720039088E-17, 1.000000000000000000 ) ) ;
#1444 = ORIENTED_EDGE ( 'NONE', *, *, #2300, .T. ) ;
#1445 = CARTESIAN_POINT ( 'NONE',  ( 16.21322321805670086, -1.956557147332140145, 4.999999999999880096 ) ) ;
#1446 = AXIS2_PLACEMENT_3D ( 'NONE', #3050, #622, #451 ) ;
#1447 = ORIENTED_EDGE ( 'NONE', *, *, #2031, .F. ) ;
#1448 = CARTESIAN_POINT ( 'NONE',  ( 21.67281267413515167, 6.044765569636400215, -1.188285581044112102E-13 ) ) ;
#1449 = DIRECTION ( 'NONE',  ( 3.223082373619754254E-17, 4.598590846719949109E-17, 1.000000000000000000 ) ) ;
#1450 = CIRCLE ( 'NONE', #737, 4.500000000000002665 ) ;
#1451 = LINE ( 'NONE', #1193, #466 ) ;
#1452 = LINE ( 'NONE', #464, #83 ) ;
#1453 = EDGE_CURVE ( 'NONE', #1223, #281, #2222, .T. ) ;
#1454 = CIRCLE ( 'NONE', #2858, 4.500000000000000000 ) ;
#1455 = ORIENTED_EDGE ( 'NONE', *, *, #2569, .F. ) ;
#1456 = ORIENTED_EDGE ( 'NONE', *, *, #1240, .T. ) ;
#1457 = DIRECTION ( 'NONE',  ( 3.178560687191244474E-17, -3.057030798456650082E-19, 1.000000000000000000 ) ) ;
#1458 = ADVANCED_FACE ( 'NONE', ( #1194 ), #17, .T. ) ;
#1459 = CARTESIAN_POINT ( 'NONE',  ( 29.37140164121510111, -3.803164563947750043, 2.499999999999880096 ) ) ;
#1460 = ORIENTED_EDGE ( 'NONE', *, *, #2393, .T. ) ;
#1461 = CARTESIAN_POINT ( 'NONE',  ( 17.21735364650884748, 17.72375888469330008, -1.188285581044112102E-13 ) ) ;
#1462 = VECTOR ( 'NONE', #2942, 1000.000000000000000 ) ;
#1463 = ORIENTED_EDGE ( 'NONE', *, *, #1785, .T. ) ;
#1464 = FACE_OUTER_BOUND ( 'NONE', #2529, .T. ) ;
#1465 = AXIS2_PLACEMENT_3D ( 'NONE', #2107, #144, #1090 ) ;
#1466 = CIRCLE ( 'NONE', #1864, 4.500000000000002665 ) ;
#1467 = DIRECTION ( 'NONE',  ( 3.223082373619809720E-17, 4.598590846719889328E-17, 1.000000000000000000 ) ) ;
#1468 = VECTOR ( 'NONE', #273, 1000.000000000000000 ) ;
#1469 = AXIS2_PLACEMENT_3D ( 'NONE', #1936, #2941, #528 ) ;
#1470 = DIRECTION ( 'NONE',  ( 3.223082373619839303E-17, 4.598590846719979307E-17, 1.000000000000000000 ) ) ;
#1471 = ORIENTED_EDGE ( 'NONE', *, *, #731, .T. ) ;
#1472 = ORIENTED_EDGE ( 'NONE', *, *, #603, .F. ) ;
#1473 = CYLINDRICAL_SURFACE ( 'NONE', #835, 2.999999999999999112 ) ;
#1474 = EDGE_CURVE ( 'NONE', #2553, #681, #1530, .T. ) ;
#1475 = DIRECTION ( 'NONE',  ( 3.223082373619879362E-17, 4.598590846719929387E-17, 1.000000000000000000 ) ) ;
#1476 = ORIENTED_EDGE ( 'NONE', *, *, #1199, .F. ) ;
#1477 = DIRECTION ( 'NONE',  ( -4.178121103125229940E-17, -3.437931438000229393E-17, -1.000000000000000000 ) ) ;
#1478 = ORIENTED_EDGE ( 'NONE', *, *, #1200, .F. ) ;
#1479 = DIRECTION ( 'NONE',  ( 1.000000000000000000, 0.000000000000000000, 0.000000000000000000 ) ) ;
#1480 = CARTESIAN_POINT ( 'NONE',  ( 21.57884724396270215, 16.61588993965990113, -1.188285581044112102E-13 ) ) ;
#1481 = DIRECTION ( 'NONE',  ( 0.6353906706864891341, -0.7721908414404909937, 0.000000000000000000 ) ) ;
#1482 = DIRECTION ( 'NONE',  ( 0.3364821336160889742, 0.9416898500871528910, -2.841949995317114479E-17 ) ) ;
#1483 = ORIENTED_EDGE ( 'NONE', *, *, #2640, .F. ) ;
#1484 = ORIENTED_EDGE ( 'NONE', *, *, #2976, .F. ) ;
#1485 = CARTESIAN_POINT ( 'NONE',  ( 58.20155193755810785, 18.73757709136154759, 1.734723475976804925E-15 ) ) ;
#1486 = DIRECTION ( 'NONE',  ( -0.000000000000000000, -0.000000000000000000, 1.000000000000000000 ) ) ;
#1487 = ORIENTED_EDGE ( 'NONE', *, *, #2065, .F. ) ;
#1488 = CARTESIAN_POINT ( 'NONE',  ( 11.24597051076660037, 7.787884168232450222, 4.999999999999880096 ) ) ;
#1489 = ADVANCED_FACE ( 'NONE', ( #2172 ), #1696, .T. ) ;
#1490 = CIRCLE ( 'NONE', #3001, 4.500000000000000000 ) ;
#1491 = ORIENTED_EDGE ( 'NONE', *, *, #2849, .T. ) ;
#1492 = DIRECTION ( 'NONE',  ( 1.000000000000000000, 0.000000000000000000, 0.000000000000000000 ) ) ;
#1493 = ORIENTED_EDGE ( 'NONE', *, *, #812, .T. ) ;
#1494 = LINE ( 'NONE', #1018, #2149 ) ;
#1495 = CIRCLE ( 'NONE', #2500, 4.499999999999999112 ) ;
#1496 = ADVANCED_FACE ( 'NONE', ( #2960 ), #1533, .T. ) ;
#1497 = DIRECTION ( 'NONE',  ( 3.223082373619899700E-17, 4.598590846719909049E-17, 1.000000000000000000 ) ) ;
#1498 = DIRECTION ( 'NONE',  ( 3.223082373620094450E-17, 4.598590846719969446E-17, 1.000000000000000000 ) ) ;
#1499 = LINE ( 'NONE', #2488, #2001 ) ;
#1500 = VERTEX_POINT ( 'NONE', #798 ) ;
#1501 = CIRCLE ( 'NONE', #594, 4.500000000000000000 ) ;
#1502 = CARTESIAN_POINT ( 'NONE',  ( 23.18425336469269382, -0.9948045194336644359, 4.999999999999880984 ) ) ;
#1503 = CIRCLE ( 'NONE', #3015, 1.499999999999997780 ) ;
#1504 = CARTESIAN_POINT ( 'NONE',  ( 14.63324258506532338, 4.533324879078722169, -1.188285581044112860E-13 ) ) ;
#1506 = VERTEX_POINT ( 'NONE', #110 ) ;
#1505 = DIRECTION ( 'NONE',  ( 3.223082373619839303E-17, 4.598590846719979307E-17, 1.000000000000000000 ) ) ;
#1507 = DIRECTION ( 'NONE',  ( 3.223082373619879362E-17, 4.598590846719929387E-17, 1.000000000000000000 ) ) ;
#1508 = VECTOR ( 'NONE', #1384, 1000.000000000000000 ) ;
#1510 = CARTESIAN_POINT ( 'NONE',  ( 14.65252294504055897, -1.859222794989450200, -1.179611963664229834E-13 ) ) ;
#1509 = CARTESIAN_POINT ( 'NONE',  ( 27.13240213021370195, 14.04608828660490083, -1.196959198423995885E-13 ) ) ;
#1511 = ORIENTED_EDGE ( 'NONE', *, *, #2196, .T. ) ;
#1512 = EDGE_CURVE ( 'NONE', #255, #3049, #2956, .T. ) ;
#1513 = CYLINDRICAL_SURFACE ( 'NONE', #496, 4.499999999999997335 ) ;
#1514 = CIRCLE ( 'NONE', #653, 2.999999999999997780 ) ;
#1515 = ORIENTED_EDGE ( 'NONE', *, *, #1297, .T. ) ;
#1516 = EDGE_CURVE ( 'NONE', #2720, #148, #1351, .T. ) ;
#1517 = CARTESIAN_POINT ( 'NONE',  ( 22.66261644465090086, 10.13325081322723875, 5.000000000000000000 ) ) ;
#1518 = AXIS2_PLACEMENT_3D ( 'NONE', #2341, #2326, #1147 ) ;
#1519 = DIRECTION ( 'NONE',  ( 0.3329671022960499216, -0.9429384437960793841, 3.263007698255062544E-17 ) ) ;
#1520 = CIRCLE ( 'NONE', #1213, 4.500000000000000000 ) ;
#1521 = CIRCLE ( 'NONE', #2370, 12.50000000000000178 ) ;
#1522 = CARTESIAN_POINT ( 'NONE',  ( 25.87236668286819707, -2.684038952045479931, -1.188285581044112102E-13 ) ) ;
#1523 = VECTOR ( 'NONE', #1123, 1000.000000000000000 ) ;
#1524 = LINE ( 'NONE', #832, #662 ) ;
#1525 = ORIENTED_EDGE ( 'NONE', *, *, #1335, .T. ) ;
#1526 = DIRECTION ( 'NONE',  ( 0.6353906706864891341, -0.7721908414404909937, 0.000000000000000000 ) ) ;
#1527 = CARTESIAN_POINT ( 'NONE',  ( 28.71238276320504923, 7.556206260193733648, -1.188285581044112860E-13 ) ) ;
#1528 = EDGE_LOOP ( 'NONE', ( #91, #470, #1429, #2996 ) ) ;
#1529 = FACE_OUTER_BOUND ( 'NONE', #1236, .T. ) ;
#1530 = CIRCLE ( 'NONE', #379, 4.499999999999998224 ) ;
#1531 = ORIENTED_EDGE ( 'NONE', *, *, #2816, .T. ) ;
#1532 = DIRECTION ( 'NONE',  ( 3.223082373620064251E-17, 4.598590846719958969E-17, 1.000000000000000000 ) ) ;
#1533 = CYLINDRICAL_SURFACE ( 'NONE', #1046, 4.499999999999999112 ) ;
#1534 = EDGE_CURVE ( 'NONE', #1348, #2411, #3013, .T. ) ;
#1535 = EDGE_CURVE ( 'NONE', #133, #2749, #1499, .T. ) ;
#1536 = ORIENTED_EDGE ( 'NONE', *, *, #903, .T. ) ;
#1537 = CARTESIAN_POINT ( 'NONE',  ( 21.67281267413515167, 6.044765569636400215, 14.99999999999987921 ) ) ;
#1538 = EDGE_CURVE ( 'NONE', #1928, #3035, #1695, .T. ) ;
#1539 = CARTESIAN_POINT ( 'NONE',  ( 21.67281267413515167, 6.044765569636400215, 14.99999999999987921 ) ) ;
#1540 = VERTEX_POINT ( 'NONE', #2458 ) ;
#1541 = DIRECTION ( 'NONE',  ( 4.800258967122369736E-17, 1.302709821111999986E-17, 1.000000000000000000 ) ) ;
#1543 = LINE ( 'NONE', #2497, #2215 ) ;
#1542 = LINE ( 'NONE', #1509, #217 ) ;
#1544 = VERTEX_POINT ( 'NONE', #1021 ) ;
#1545 = DIRECTION ( 'NONE',  ( 4.178121103125229940E-17, 3.437931438000229393E-17, 1.000000000000000000 ) ) ;
#1546 = ORIENTED_EDGE ( 'NONE', *, *, #627, .F. ) ;
#1547 = DIRECTION ( 'NONE',  ( 8.593937290132068350E-18, -1.300827993790456048E-17, 1.000000000000000000 ) ) ;
#1548 = ORIENTED_EDGE ( 'NONE', *, *, #1945, .T. ) ;
#1549 = FACE_BOUND ( 'NONE', #2342, .T. ) ;
#1550 = ORIENTED_EDGE ( 'NONE', *, *, #718, .T. ) ;
#1551 = EDGE_CURVE ( 'NONE', #1893, #2965, #355, .T. ) ;
#1552 = DIRECTION ( 'NONE',  ( 0.3364821336160889742, 0.9416898500871528910, -2.841949995317114479E-17 ) ) ;
#1553 = DIRECTION ( 'NONE',  ( -6.578364856900290258E-18, 3.952700824411834889E-17, 1.000000000000000000 ) ) ;
#1554 = ORIENTED_EDGE ( 'NONE', *, *, #3051, .T. ) ;
#1555 = EDGE_CURVE ( 'NONE', #2875, #1238, #1056, .T. ) ;
#1556 = DIRECTION ( 'NONE',  ( 0.8343594835823756606, 0.5512206927866111217, -4.723222202963157749E-17 ) ) ;
#1557 = CIRCLE ( 'NONE', #2961, 9.686499999999997002 ) ;
#1558 = ORIENTED_EDGE ( 'NONE', *, *, #2374, .T. ) ;
#1559 = DIRECTION ( 'NONE',  ( 3.223082373619919421E-17, 4.598590846719879467E-17, 1.000000000000000000 ) ) ;
#1560 = VERTEX_POINT ( 'NONE', #327 ) ;
#1561 = AXIS2_PLACEMENT_3D ( 'NONE', #151, #1097, #1823 ) ;
#1562 = DIRECTION ( 'NONE',  ( 3.223082373619839303E-17, 4.598590846719979307E-17, 1.000000000000000000 ) ) ;
#1563 = LINE ( 'NONE', #1387, #1523 ) ;
#1564 = ORIENTED_EDGE ( 'NONE', *, *, #2432, .F. ) ;
#1565 = DIRECTION ( 'NONE',  ( -0.6353906706864890230, 0.7721908414404911047, 0.000000000000000000 ) ) ;
#1566 = ORIENTED_EDGE ( 'NONE', *, *, #1378, .T. ) ;
#1567 = VECTOR ( 'NONE', #1646, 1000.000000000000000 ) ;
#1568 = FACE_OUTER_BOUND ( 'NONE', #2467, .T. ) ;
#1569 = DIRECTION ( 'NONE',  ( 4.178121103125229940E-17, 3.437931438000229393E-17, 1.000000000000000000 ) ) ;
#1570 = ORIENTED_EDGE ( 'NONE', *, *, #1535, .F. ) ;
#1571 = CARTESIAN_POINT ( 'NONE',  ( 21.67281267413515167, 6.044765569636400215, -1.188285581044112102E-13 ) ) ;
#1572 = VECTOR ( 'NONE', #2729, 1000.000000000000000 ) ;
#1573 = EDGE_CURVE ( 'NONE', #1377, #1560, #2703, .T. ) ;
#1574 = AXIS2_PLACEMENT_3D ( 'NONE', #180, #2110, #2599 ) ;
#1575 = CARTESIAN_POINT ( 'NONE',  ( 29.75165479824011783, 14.21978275136398828, -1.198349634650420881E-13 ) ) ;
#1576 = ORIENTED_EDGE ( 'NONE', *, *, #846, .F. ) ;
#1577 = DIRECTION ( 'NONE',  ( 3.223082373619864571E-17, 4.598590846719949109E-17, 1.000000000000000000 ) ) ;
#1578 = ORIENTED_EDGE ( 'NONE', *, *, #2550, .T. ) ;
#1579 = DIRECTION ( 'NONE',  ( -0.8343594835823749944, -0.5512206927866117878, 4.723222202963171308E-17 ) ) ;
#1580 = EDGE_LOOP ( 'NONE', ( #3030, #2350, #1536, #712 ) ) ;
#1581 = DIRECTION ( 'NONE',  ( -4.178121103125229940E-17, -3.437931438000229393E-17, -1.000000000000000000 ) ) ;
#1582 = DIRECTION ( 'NONE',  ( 3.223082373619839303E-17, 4.598590846719979307E-17, 1.000000000000000000 ) ) ;
#1583 = ORIENTED_EDGE ( 'NONE', *, *, #1421, .F. ) ;
#1584 = CARTESIAN_POINT ( 'NONE',  ( 27.21238276320504923, 7.556206260193733648, -1.188285581044112860E-13 ) ) ;
#1585 = VERTEX_POINT ( 'NONE', #2017 ) ;
#1586 = CARTESIAN_POINT ( 'NONE',  ( 23.18425336469269382, -0.9948045194336644359, -1.188285581044112860E-13 ) ) ;
#1587 = VERTEX_POINT ( 'NONE', #94 ) ;
#1588 = DIRECTION ( 'NONE',  ( 4.178121103125229940E-17, 3.437931438000229393E-17, 1.000000000000000000 ) ) ;
#1589 = ADVANCED_FACE ( 'NONE', ( #2984, #814, #2442, #1549, #1262, #550, #293, #2216, #749, #2233 ), #1243, .F. ) ;
#1590 = ORIENTED_EDGE ( 'NONE', *, *, #1431, .F. ) ;
#1591 = LINE ( 'NONE', #388, #2466 ) ;
#1592 = ORIENTED_EDGE ( 'NONE', *, *, #966, .F. ) ;
#1593 = EDGE_CURVE ( 'NONE', #1692, #543, #2080, .T. ) ;
#1594 = FACE_OUTER_BOUND ( 'NONE', #2131, .T. ) ;
#1595 = CARTESIAN_POINT ( 'NONE',  ( 20.52674070887364977, -3.573695913388919454, -1.188285581044112102E-13 ) ) ;
#1596 = EDGE_LOOP ( 'NONE', ( #2453, #601, #612, #1354 ) ) ;
#1597 = CARTESIAN_POINT ( 'NONE',  ( 14.74109578796945996, 12.81082670297280046, -1.188285581044112102E-13 ) ) ;
#1598 = CARTESIAN_POINT ( 'NONE',  ( 26.97749847926804989, -2.060084259868264933, -1.188285581044112102E-13 ) ) ;
#1599 = ORIENTED_EDGE ( 'NONE', *, *, #1200, .T. ) ;
#1600 = AXIS2_PLACEMENT_3D ( 'NONE', #1998, #1768, #2724 ) ;
#1601 = DIRECTION ( 'NONE',  ( -4.178121103125229940E-17, -3.437931438000229393E-17, -1.000000000000000000 ) ) ;
#1602 = EDGE_CURVE ( 'NONE', #947, #268, #2198, .T. ) ;
#1603 = CARTESIAN_POINT ( 'NONE',  ( 21.68425336469269737, -0.9948045194336642139, -1.188285581044112860E-13 ) ) ;
#1604 = ORIENTED_EDGE ( 'NONE', *, *, #2007, .T. ) ;
#1605 = DIRECTION ( 'NONE',  ( 1.000000000000000000, 0.000000000000000000, 0.000000000000000000 ) ) ;
#1606 = DIRECTION ( 'NONE',  ( 4.178121103125244731E-17, 3.437931438000189334E-17, 1.000000000000000000 ) ) ;
#1607 = APPLICATION_CONTEXT ( 'automotive_design' ) ;
#1608 = ADVANCED_FACE ( 'NONE', ( #128 ), #2913, .T. ) ;
#1609 = CARTESIAN_POINT ( 'NONE',  ( 20.52674070887364977, -3.573695913388919454, 4.999999999999880096 ) ) ;
#1610 = ORIENTED_EDGE ( 'NONE', *, *, #2182, .T. ) ;
#1611 = AXIS2_PLACEMENT_3D ( 'NONE', #2798, #2282, #1605 ) ;
#1612 = ORIENTED_EDGE ( 'NONE', *, *, #1338, .F. ) ;
#1613 = DIRECTION ( 'NONE',  ( 3.223082373619899700E-17, 4.598590846719909049E-17, 1.000000000000000000 ) ) ;
#1614 = CIRCLE ( 'NONE', #119, 1.500000000000000666 ) ;
#1615 = ORIENTED_EDGE ( 'NONE', *, *, #545, .F. ) ;
#1616 = AXIS2_PLACEMENT_3D ( 'NONE', #529, #2959, #747 ) ;
#1617 = ORIENTED_EDGE ( 'NONE', *, *, #1833, .F. ) ;
#1618 = CARTESIAN_POINT ( 'NONE',  ( 17.96897658064419900, 15.94623506366230004, -1.188285581044112102E-13 ) ) ;
#1619 = CARTESIAN_POINT ( 'NONE',  ( 21.67281267413515167, 6.044765569636400215, 4.999999999999880984 ) ) ;
#1620 = ORIENTED_EDGE ( 'NONE', *, *, #750, .T. ) ;
#1621 = CARTESIAN_POINT ( 'NONE',  ( 15.42419115630550053, -2.797031851464479857, -1.178935580695285781E-13 ) ) ;
#1622 = DIRECTION ( 'NONE',  ( 0.000000000000000000, 0.000000000000000000, 1.000000000000000000 ) ) ;
#1623 = FACE_OUTER_BOUND ( 'NONE', #329, .T. ) ;
#1624 = ADVANCED_FACE ( 'NONE', ( #1005, #2686, #530, #1342, #2061, #862, #2285, #3011, #619, #391 ), #1102, .F. ) ;
#1625 = EDGE_LOOP ( 'NONE', ( #494, #685, #356, #2745 ) ) ;
#1626 = ORIENTED_EDGE ( 'NONE', *, *, #1914, .F. ) ;
#1627 = CARTESIAN_POINT ( 'NONE',  ( 25.00772252457049660, -3.986977859999399687, -1.188285581044112102E-13 ) ) ;
#1628 = EDGE_CURVE ( 'NONE', #7, #973, #2034, .T. ) ;
#1629 = DIRECTION ( 'NONE',  ( -0.000000000000000000, -0.000000000000000000, 1.000000000000000000 ) ) ;
#1630 = EDGE_LOOP ( 'NONE', ( #2562, #1126, #242, #1678 ) ) ;
#1631 = PLANE ( 'NONE',  #795 ) ;
#1632 = DIRECTION ( 'NONE',  ( 1.000000000000000000, 0.000000000000000000, 0.000000000000000000 ) ) ;
#1633 = ORIENTED_EDGE ( 'NONE', *, *, #401, .T. ) ;
#1634 = DIRECTION ( 'NONE',  ( 3.223082373619899700E-17, 4.598590846719909049E-17, 1.000000000000000000 ) ) ;
#1635 = DIRECTION ( 'NONE',  ( 0.6353906706864890230, -0.7721908414404911047, 1.503073264317007757E-17 ) ) ;
#1636 = DIRECTION ( 'NONE',  ( 0.000000000000000000, 0.000000000000000000, 1.000000000000000000 ) ) ;
#1637 = FACE_OUTER_BOUND ( 'NONE', #1356, .T. ) ;
#1638 = EDGE_CURVE ( 'NONE', #1783, #615, #1229, .T. ) ;
#1639 = ORIENTED_EDGE ( 'NONE', *, *, #1146, .F. ) ;
#1640 = CARTESIAN_POINT ( 'NONE',  ( 21.67281267413515167, 6.044765569636400215, -1.188285581044112102E-13 ) ) ;
#1641 = EDGE_CURVE ( 'NONE', #2058, #425, #1727, .T. ) ;
#1642 = EDGE_LOOP ( 'NONE', ( #377, #2804, #164, #778 ) ) ;
#1643 = CARTESIAN_POINT ( 'NONE',  ( 30.78069221005405254, 11.41170420425500076, 4.999999999999880096 ) ) ;
#1644 = CYLINDRICAL_SURFACE ( 'NONE', #1004, 12.50000000000000178 ) ;
#1645 = ORIENTED_EDGE ( 'NONE', *, *, #2893, .F. ) ;
#1646 = DIRECTION ( 'NONE',  ( 3.223082373619879362E-17, 4.598590846719929387E-17, 1.000000000000000000 ) ) ;
#1647 = CARTESIAN_POINT ( 'NONE',  ( 58.16660029668189935, 13.44353415481432101, 5.000000000000000000 ) ) ;
#1648 = CIRCLE ( 'NONE', #1950, 1.500000000000000666 ) ;
#1649 = CIRCLE ( 'NONE', #2705, 12.50000000000000178 ) ;
#1650 = DIRECTION ( 'NONE',  ( 5.410619852634399244E-17, 7.155253356643228817E-17, 1.000000000000000000 ) ) ;
#1651 = ORIENTED_EDGE ( 'NONE', *, *, #549, .F. ) ;
#1652 = ORIENTED_EDGE ( 'NONE', *, *, #2218, .F. ) ;
#1653 = CARTESIAN_POINT ( 'NONE',  ( 11.24597051076660037, 7.787884168232450222, -1.188285581044112102E-13 ) ) ;
#1654 = ADVANCED_FACE ( 'NONE', ( #1594 ), #1827, .T. ) ;
#1655 = CIRCLE ( 'NONE', #413, 4.499999999999997335 ) ;
#1656 = DIRECTION ( 'NONE',  ( -4.178121103125229940E-17, -3.437931438000229393E-17, -1.000000000000000000 ) ) ;
#1657 = EDGE_LOOP ( 'NONE', ( #296, #480, #2305, #2267 ) ) ;
#1658 = CIRCLE ( 'NONE', #2614, 4.499999999999999112 ) ;
#1659 = CARTESIAN_POINT ( 'NONE',  ( 16.13324258506532516, 4.533324879078722169, 4.999999999999880984 ) ) ;
#1660 = EDGE_CURVE ( 'NONE', #1198, #2752, #2123, .T. ) ;
#1661 = ADVANCED_FACE ( 'NONE', ( #2788 ), #2755, .F. ) ;
#1662 = AXIS2_PLACEMENT_3D ( 'NONE', #335, #3022, #852 ) ;
#1663 = CIRCLE ( 'NONE', #2271, 12.50000000000000178 ) ;
#1664 = CARTESIAN_POINT ( 'NONE',  ( 21.67281267413515167, 6.044765569636400215, -1.188285581044112102E-13 ) ) ;
#1665 = ORIENTED_EDGE ( 'NONE', *, *, #1140, .T. ) ;
#1666 = DIRECTION ( 'NONE',  ( 4.800258967122359875E-17, 1.302709821111993978E-17, 1.000000000000000000 ) ) ;
#1667 = DIRECTION ( 'NONE',  ( -4.178121103125229940E-17, -3.437931438000229393E-17, -1.000000000000000000 ) ) ;
#1668 = CIRCLE ( 'NONE', #320, 12.50000000000000178 ) ;
#1669 = ADVANCED_FACE ( 'NONE', ( #2554 ), #405, .T. ) ;
#1670 = CARTESIAN_POINT ( 'NONE',  ( 65.95129026786199233, 12.45123082005044068, 5.000000000000000000 ) ) ;
#1671 = AXIS2_PLACEMENT_3D ( 'NONE', #2378, #234, #2152 ) ;
#1672 = VERTEX_POINT ( 'NONE', #1080 ) ;
#1673 = CARTESIAN_POINT ( 'NONE',  ( 21.67281267413515167, 6.044765569636400215, 4.999999999999880096 ) ) ;
#1674 = LINE ( 'NONE', #1941, #1468 ) ;
#1675 = ORIENTED_EDGE ( 'NONE', *, *, #2239, .F. ) ;
#1676 = CARTESIAN_POINT ( 'NONE',  ( 20.16137198357773386, 13.08433565870607396, -1.188285581044112860E-13 ) ) ;
#1677 = SURFACE_STYLE_FILL_AREA ( #524 ) ;
#1678 = ORIENTED_EDGE ( 'NONE', *, *, #2254, .T. ) ;
#1679 = ADVANCED_FACE ( 'NONE', ( #2244 ), #104, .T. ) ;
#1680 = CARTESIAN_POINT ( 'NONE',  ( 81.79183544889649227, 1.240573542947080110, 8.673617379884030542E-16 ) ) ;
#1681 = CARTESIAN_POINT ( 'NONE',  ( 63.44821181711500202, 10.79756874169069825, 1.805571809021249962E-15 ) ) ;
#1682 = EDGE_CURVE ( 'NONE', #1392, #2330, #1167, .T. ) ;
#1683 = DIRECTION ( 'NONE',  ( 0.6353906706864894671, -0.7721908414404908827, 1.503073264317127318E-17 ) ) ;
#1684 = EDGE_LOOP ( 'NONE', ( #1440, #2498, #311, #204 ) ) ;
#1685 = ORIENTED_EDGE ( 'NONE', *, *, #549, .T. ) ;
#1686 = LINE ( 'NONE', #2175, #1039 ) ;
#1687 = VECTOR ( 'NONE', #2688, 1000.000000000000000 ) ;
#1688 = CARTESIAN_POINT ( 'NONE',  ( 12.84500026825421948, 10.03199648551959910, -1.188285581044112102E-13 ) ) ;
#1689 = ORIENTED_EDGE ( 'NONE', *, *, #103, .T. ) ;
#1690 = DIRECTION ( 'NONE',  ( -3.223082373619879362E-17, -4.598590846719929387E-17, -1.000000000000000000 ) ) ;
#1691 = SURFACE_STYLE_USAGE ( .BOTH. , #2635 ) ;
#1692 = VERTEX_POINT ( 'NONE', #2452 ) ;
#1693 = DIRECTION ( 'NONE',  ( 0.6353906706864888010, -0.7721908414404913268, 1.503073264317128243E-17 ) ) ;
#1694 = VECTOR ( 'NONE', #1690, 1000.000000000000000 ) ;
#1695 = CIRCLE ( 'NONE', #1401, 1.500000000000001332 ) ;
#1696 = CYLINDRICAL_SURFACE ( 'NONE', #1749, 4.499999999999999112 ) ;
#1697 = CIRCLE ( 'NONE', #992, 4.500000000000000888 ) ;
#1698 = ADVANCED_FACE ( 'NONE', ( #2009 ), #77, .F. ) ;
#1699 = ORIENTED_EDGE ( 'NONE', *, *, #2254, .F. ) ;
#1700 = EDGE_LOOP ( 'NONE', ( #2792, #2615, #325, #1633 ) ) ;
#1701 = DIRECTION ( 'NONE',  ( 0.8343594835823756606, 0.5512206927866111217, -4.723222202963157749E-17 ) ) ;
#1702 = FACE_OUTER_BOUND ( 'NONE', #837, .T. ) ;
#1703 = EDGE_LOOP ( 'NONE', ( #2754, #1858, #166, #560 ) ) ;
#1704 = DIRECTION ( 'NONE',  ( 3.223082373619864571E-17, 4.598590846719949109E-17, 1.000000000000000000 ) ) ;
#1705 = AXIS2_PLACEMENT_3D ( 'NONE', #1180, #2597, #2183 ) ;
#1706 = DIRECTION ( 'NONE',  ( -0.6353906706864890230, 0.7721908414404911047, 0.000000000000000000 ) ) ;
#1707 = ORIENTED_EDGE ( 'NONE', *, *, #1516, .T. ) ;
#1708 = DIRECTION ( 'NONE',  ( 0.6353906706864891341, -0.7721908414404909937, 0.000000000000000000 ) ) ;
#1709 = CIRCLE ( 'NONE', #954, 4.499999999999997335 ) ;
#1710 = LINE ( 'NONE', #1002, #318 ) ;
#1711 = CIRCLE ( 'NONE', #2921, 4.500000000000000000 ) ;
#1712 = VECTOR ( 'NONE', #2952, 1000.000000000000000 ) ;
#1713 = CARTESIAN_POINT ( 'NONE',  ( 21.68574971586975053, -0.6452219216041029659, 3.469446951953614978E-15 ) ) ;
#1714 = ORIENTED_EDGE ( 'NONE', *, *, #1981, .T. ) ;
#1715 =( GEOMETRIC_REPRESENTATION_CONTEXT ( 3 ) GLOBAL_UNCERTAINTY_ASSIGNED_CONTEXT ( ( #1810 ) ) GLOBAL_UNIT_ASSIGNED_CONTEXT ( ( #1268, #2803, #1830 ) ) REPRESENTATION_CONTEXT ( 'NONE', 'WORKASPACE' ) );
#1716 = ORIENTED_EDGE ( 'NONE', *, *, #474, .F. ) ;
#1717 = ADVANCED_FACE ( 'NONE', ( #2971 ), #1255, .T. ) ;
#1718 = CARTESIAN_POINT ( 'NONE',  ( 29.61519605771624697, -3.607619948369739760, -1.186406739463715995E-13 ) ) ;
#1719 = CARTESIAN_POINT ( 'NONE',  ( 16.13324258506532516, 4.533324879078722169, -1.188285581044112860E-13 ) ) ;
#1720 = EDGE_LOOP ( 'NONE', ( #2302, #1558, #2939, #212 ) ) ;
#1721 = ADVANCED_FACE ( 'NONE', ( #1066 ), #820, .T. ) ;
#1722 = CARTESIAN_POINT ( 'NONE',  ( 63.44821181711500202, 10.79756874169069825, 5.000000000000000000 ) ) ;
#1724 = DIRECTION ( 'NONE',  ( 3.223082373619879362E-17, 4.598590846719929387E-17, 1.000000000000000000 ) ) ;
#1723 = DIRECTION ( 'NONE',  ( 3.223082373619794313E-17, 4.598590846719879467E-17, 1.000000000000000000 ) ) ;
#1725 = ORIENTED_EDGE ( 'NONE', *, *, #304, .T. ) ;
#1726 = CARTESIAN_POINT ( 'NONE',  ( 10.75262084794725936, 12.12747964143519752, 2.499999999999880096 ) ) ;
#1727 = CIRCLE ( 'NONE', #386, 4.499999999999999112 ) ;
#1728 = CARTESIAN_POINT ( 'NONE',  ( 16.36812686900234937, 14.14961539914109956, 4.999999999999880096 ) ) ;
#1729 = CARTESIAN_POINT ( 'NONE',  ( 93.41370018839779732, -1.624471695647859981, 0.000000000000000000 ) ) ;
#1730 = DIRECTION ( 'NONE',  ( 0.000000000000000000, -1.293427120557325931E-17, -1.000000000000000000 ) ) ;
#1731 = ORIENTED_EDGE ( 'NONE', *, *, #2412, .T. ) ;
#1732 = CARTESIAN_POINT ( 'NONE',  ( 14.65252294504055897, -1.859222794989450200, 4.999999999999880096 ) ) ;
#1733 = EDGE_CURVE ( 'NONE', #1560, #1070, #1974, .T. ) ;
#1734 = DIRECTION ( 'NONE',  ( 0.6353906706864891341, -0.7721908414404909937, 0.000000000000000000 ) ) ;
#1736 = ORIENTED_EDGE ( 'NONE', *, *, #2473, .F. ) ;
#1735 = DIRECTION ( 'NONE',  ( 0.8611767468245453694, -0.5083056272841102174, -4.381539882963418078E-18 ) ) ;
#1737 = CYLINDRICAL_SURFACE ( 'NONE', #2906, 1.500000000000000666 ) ;
#1738 = ADVANCED_FACE ( 'NONE', ( #564 ), #1031, .F. ) ;
#1739 = EDGE_LOOP ( 'NONE', ( #162, #2633, #844, #2173 ) ) ;
#1741 = CARTESIAN_POINT ( 'NONE',  ( 11.31761309460526022, 8.172520634646389226, -1.188285581044112102E-13 ) ) ;
#1740 =( NAMED_UNIT ( * ) SI_UNIT ( $, .STERADIAN. ) SOLID_ANGLE_UNIT ( ) );
#1742 = ORIENTED_EDGE ( 'NONE', *, *, #1295, .F. ) ;
#1743 = DIRECTION ( 'NONE',  ( 3.223082373619839303E-17, 4.598590846719979307E-17, 1.000000000000000000 ) ) ;
#1744 = AXIS2_PLACEMENT_3D ( 'NONE', #1653, #943, #1926 ) ;
#1745 = ORIENTED_EDGE ( 'NONE', *, *, #1325, .T. ) ;
#1746 = CARTESIAN_POINT ( 'NONE',  ( 28.60452956030090021, -0.7212955636999599518, 4.999999999999880096 ) ) ;
#1747 = DIRECTION ( 'NONE',  ( 3.223082373619959481E-17, 4.598590846719709369E-17, 1.000000000000000000 ) ) ;
#1748 = ORIENTED_EDGE ( 'NONE', *, *, #2047, .F. ) ;
#1749 = AXIS2_PLACEMENT_3D ( 'NONE', #35, #1937, #279 ) ;
#1750 = DIRECTION ( 'NONE',  ( -4.800258967122369736E-17, -1.302709821112001989E-17, -1.000000000000000000 ) ) ;
#1751 = AXIS2_PLACEMENT_3D ( 'NONE', #1962, #2211, #1693 ) ;
#1752 = DIRECTION ( 'NONE',  ( 1.000000000000000000, 0.000000000000000000, 0.000000000000000000 ) ) ;
#1754 = EDGE_LOOP ( 'NONE', ( #2091, #444, #517, #1806 ) ) ;
#1753 = DIRECTION ( 'NONE',  ( -0.9830921976803939089, 0.1831112526851726430, 2.326533403457361732E-17 ) ) ;
#1755 = DIRECTION ( 'NONE',  ( 1.000000000000000000, 0.000000000000000000, 0.000000000000000000 ) ) ;
#1756 = EDGE_CURVE ( 'NONE', #858, #2736, #578, .T. ) ;
#1757 = AXIS2_PLACEMENT_3D ( 'NONE', #1994, #1577, #822 ) ;
#1758 = DIRECTION ( 'NONE',  ( 0.6353906706864889120, -0.7721908414404912158, 1.503073264317127626E-17 ) ) ;
#1759 = ORIENTED_EDGE ( 'NONE', *, *, #2998, .T. ) ;
#1760 = DIRECTION ( 'NONE',  ( 4.800258967122369736E-17, 1.302709821111999986E-17, 1.000000000000000000 ) ) ;
#1761 = ADVANCED_FACE ( 'NONE', ( #2697 ), #542, .T. ) ;
#1762 = EDGE_CURVE ( 'NONE', #615, #514, #1543, .T. ) ;
#1763 = AXIS2_PLACEMENT_3D ( 'NONE', #1448, #1634, #2387 ) ;
#1764 = EDGE_LOOP ( 'NONE', ( #1778, #1124, #1906, #2814 ) ) ;
#1765 = CARTESIAN_POINT ( 'NONE',  ( 21.67281267413515167, 6.044765569636400215, 4.999999999999880096 ) ) ;
#1766 = EDGE_CURVE ( 'NONE', #48, #1348, #2719, .T. ) ;
#1767 = AXIS2_PLACEMENT_3D ( 'NONE', #904, #443, #2841 ) ;
#1768 = DIRECTION ( 'NONE',  ( 3.223082373619959481E-17, 4.598590846719709369E-17, 1.000000000000000000 ) ) ;
#1769 = VECTOR ( 'NONE', #883, 1000.000000000000000 ) ;
#1770 = CIRCLE ( 'NONE', #312, 4.500000000000000000 ) ;
#1771 = CARTESIAN_POINT ( 'NONE',  ( 13.31134067219906036, -3.246939653886304900, -1.179611963664229834E-13 ) ) ;
#1772 = CIRCLE ( 'NONE', #2568, 1.500000000000000666 ) ;
#1773 = CYLINDRICAL_SURFACE ( 'NONE', #2823, 9.686500000000000554 ) ;
#1774 = ORIENTED_EDGE ( 'NONE', *, *, #1815, .T. ) ;
#1775 = CARTESIAN_POINT ( 'NONE',  ( 21.67281267413515167, 6.044765569636400215, 14.99999999999987921 ) ) ;
#1777 = DIRECTION ( 'NONE',  ( -0.000000000000000000, -0.000000000000000000, 1.000000000000000000 ) ) ;
#1776 = DIRECTION ( 'NONE',  ( 0.6353906706864891341, -0.7721908414404909937, 0.000000000000000000 ) ) ;
#1778 = ORIENTED_EDGE ( 'NONE', *, *, #2700, .F. ) ;
#1779 = DIRECTION ( 'NONE',  ( 1.000000000000000000, 0.000000000000000000, 0.000000000000000000 ) ) ;
#1780 = EDGE_CURVE ( 'NONE', #375, #526, #1273, .T. ) ;
#1781 = ORIENTED_EDGE ( 'NONE', *, *, #8, .T. ) ;
#1782 = DIRECTION ( 'NONE',  ( -0.9864322206003932614, -0.1641690414218743843, 3.934298554185480670E-17 ) ) ;
#1783 = VERTEX_POINT ( 'NONE', #118 ) ;
#1784 = CARTESIAN_POINT ( 'NONE',  ( 21.67281267413515167, 6.044765569636400215, -1.196959198423995885E-13 ) ) ;
#1785 = EDGE_CURVE ( 'NONE', #239, #2553, #1790, .T. ) ;
#1786 = DIRECTION ( 'NONE',  ( 0.6353906706864891341, -0.7721908414404909937, 0.000000000000000000 ) ) ;
#1787 = CARTESIAN_POINT ( 'NONE',  ( 21.67281267413515167, 6.044765569636400215, 4.999999999999880096 ) ) ;
#1788 = ORIENTED_EDGE ( 'NONE', *, *, #1780, .F. ) ;
#1789 = CARTESIAN_POINT ( 'NONE',  ( 58.16660029668189935, 13.44353415481432101, 1.734723475976804925E-15 ) ) ;
#1790 = LINE ( 'NONE', #2516, #1712 ) ;
#1791 = VERTEX_POINT ( 'NONE', #2748 ) ;
#1792 = CARTESIAN_POINT ( 'NONE',  ( 21.67281267413515167, 6.044765569636400215, 14.99999999999987921 ) ) ;
#1793 = AXIS2_PLACEMENT_3D ( 'NONE', #1732, #2236, #2003 ) ;
#1794 = ORIENTED_EDGE ( 'NONE', *, *, #1179, .F. ) ;
#1795 = LINE ( 'NONE', #1339, #2311 ) ;
#1796 = VERTEX_POINT ( 'NONE', #591 ) ;
#1797 = CARTESIAN_POINT ( 'NONE',  ( 14.94980660425759922, -2.113585325793454928, -1.179611963664229834E-13 ) ) ;
#1798 = VERTEX_POINT ( 'NONE', #367 ) ;
#1799 = CIRCLE ( 'NONE', #533, 9.686500000000002331 ) ;
#1800 = CARTESIAN_POINT ( 'NONE',  ( 26.12827170176150204, -5.634227745420459676, 4.999999999999880096 ) ) ;
#1801 = EDGE_CURVE ( 'NONE', #1057, #73, #1322, .T. ) ;
#1802 = FACE_OUTER_BOUND ( 'NONE', #1287, .T. ) ;
#1803 = ORIENTED_EDGE ( 'NONE', *, *, #1130, .T. ) ;
#1804 = LINE ( 'NONE', #1972, #1293 ) ;
#1805 = CIRCLE ( 'NONE', #60, 1.499999999999974465 ) ;
#1806 = ORIENTED_EDGE ( 'NONE', *, *, #1641, .T. ) ;
#1807 = CARTESIAN_POINT ( 'NONE',  ( 26.35207586097344645, 17.63590425521430305, -1.196959198423995885E-13 ) ) ;
#1808 = CARTESIAN_POINT ( 'NONE',  ( 21.37554452596510046, -4.522596049833960130, -1.188285581044112102E-13 ) ) ;
#1809 = ORIENTED_EDGE ( 'NONE', *, *, #2627, .F. ) ;
#1810 = UNCERTAINTY_MEASURE_WITH_UNIT (LENGTH_MEASURE( 1.000000000000000082E-05 ), #1268, 'distance_accuracy_value', 'NONE');
#1811 = DIRECTION ( 'NONE',  ( 3.223082373620004470E-17, 4.598590846720079147E-17, 1.000000000000000000 ) ) ;
#1812 = VECTOR ( 'NONE', #472, 1000.000000000000000 ) ;
#1813 = LINE ( 'NONE', #2048, #1363 ) ;
#1814 = CIRCLE ( 'NONE', #1160, 4.499999999999998224 ) ;
#1815 = EDGE_CURVE ( 'NONE', #1905, #467, #2681, .T. ) ;
#1816 = ORIENTED_EDGE ( 'NONE', *, *, #539, .T. ) ;
#1817 = DIRECTION ( 'NONE',  ( 0.3329671022960506988, -0.9429384437960791621, 3.263007698255366995E-17 ) ) ;
#1818 = VECTOR ( 'NONE', #2261, 1000.000000000000000 ) ;
#1819 = VERTEX_POINT ( 'NONE', #937 ) ;
#1820 = EDGE_CURVE ( 'NONE', #2973, #285, #372, .T. ) ;
#1821 = FACE_OUTER_BOUND ( 'NONE', #2565, .T. ) ;
#1822 = EDGE_LOOP ( 'NONE', ( #2522, #322, #2988, #987 ) ) ;
#1823 = DIRECTION ( 'NONE',  ( 0.6353906706864890230, -0.7721908414404911047, 1.503073264317007757E-17 ) ) ;
#1824 = EDGE_LOOP ( 'NONE', ( #1689, #1471 ) ) ;
#1825 = CARTESIAN_POINT ( 'NONE',  ( 96.24143832399990117, -4.593185336401319319, 0.000000000000000000 ) ) ;
#1826 = ORIENTED_EDGE ( 'NONE', *, *, #664, .T. ) ;
#1827 = CYLINDRICAL_SURFACE ( 'NONE', #1875, 4.499999999999998224 ) ;
#1828 = ORIENTED_EDGE ( 'NONE', *, *, #873, .F. ) ;
#1829 = CARTESIAN_POINT ( 'NONE',  ( 97.05394258709370092, -2.319284462422219750, 0.000000000000000000 ) ) ;
#1830 =( NAMED_UNIT ( * ) SI_UNIT ( $, .STERADIAN. ) SOLID_ANGLE_UNIT ( ) );
#1831 = VERTEX_POINT ( 'NONE', #262 ) ;
#1832 = DIRECTION ( 'NONE',  ( 0.6353906706864890230, -0.7721908414404911047, 1.503073264317127935E-17 ) ) ;
#1833 = EDGE_CURVE ( 'NONE', #2330, #2283, #1318, .T. ) ;
#1834 = EDGE_LOOP ( 'NONE', ( #2886, #1245, #2400, #871 ) ) ;
#1835 = FACE_OUTER_BOUND ( 'NONE', #2073, .T. ) ;
#1836 = EDGE_CURVE ( 'NONE', #501, #1791, #76, .T. ) ;
#1837 = DIRECTION ( 'NONE',  ( 3.223082373619904630E-17, 4.598590846719919526E-17, 1.000000000000000000 ) ) ;
#1838 = ORIENTED_EDGE ( 'NONE', *, *, #2569, .T. ) ;
#1839 = DIRECTION ( 'NONE',  ( 0.8611767468245449253, -0.5083056272841108836, 0.000000000000000000 ) ) ;
#1840 = CARTESIAN_POINT ( 'NONE',  ( 11.27860436219287976, 4.116571202742335345, 4.999999999999880096 ) ) ;
#1841 = CIRCLE ( 'NONE', #2747, 2.999999999999999112 ) ;
#1842 = CARTESIAN_POINT ( 'NONE',  ( 10.94493185090636089, -0.3710409301421200290, 4.999999999999880096 ) ) ;
#1843 = SHAPE_DEFINITION_REPRESENTATION ( #919, #2385 ) ;
#1844 = VERTEX_POINT ( 'NONE', #477 ) ;
#1845 = DIRECTION ( 'NONE',  ( 4.800258967122369736E-17, 1.302709821111999986E-17, 1.000000000000000000 ) ) ;
#1846 = AXIS2_PLACEMENT_3D ( 'NONE', #1488, #1477, #2401 ) ;
#1847 = ORIENTED_EDGE ( 'NONE', *, *, #903, .F. ) ;
#1848 = DIRECTION ( 'NONE',  ( -8.593937290132039076E-18, 1.300827993790454045E-17, -1.000000000000000000 ) ) ;
#1849 = VECTOR ( 'NONE', #2699, 1000.000000000000000 ) ;
#1850 = CARTESIAN_POINT ( 'NONE',  ( 28.71238276320504923, 7.556206260193733648, 4.999999999999880984 ) ) ;
#1851 = AXIS2_PLACEMENT_3D ( 'NONE', #839, #1545, #384 ) ;
#1852 = VERTEX_POINT ( 'NONE', #503 ) ;
#1853 = EDGE_CURVE ( 'NONE', #2460, #2386, #1451, .T. ) ;
#1854 = DIRECTION ( 'NONE',  ( -3.223082373619879362E-17, -4.598590846719929387E-17, -1.000000000000000000 ) ) ;
#1855 = ORIENTED_EDGE ( 'NONE', *, *, #2154, .F. ) ;
#1856 = EDGE_CURVE ( 'NONE', #556, #2740, #2164, .T. ) ;
#1857 = LINE ( 'NONE', #1595, #606 ) ;
#1858 = ORIENTED_EDGE ( 'NONE', *, *, #1435, .F. ) ;
#1859 = AXIS2_PLACEMENT_3D ( 'NONE', #2132, #2830, #2691 ) ;
#1860 =( LENGTH_UNIT ( ) NAMED_UNIT ( * ) SI_UNIT ( .MILLI., .METRE. ) );
#1861 = ORIENTED_EDGE ( 'NONE', *, *, #1966, .F. ) ;
#1862 = AXIS2_PLACEMENT_3D ( 'NONE', #1215, #1650, #218 ) ;
#1863 = DIRECTION ( 'NONE',  ( 3.223082373619839303E-17, 4.598590846719979307E-17, 1.000000000000000000 ) ) ;
#1864 = AXIS2_PLACEMENT_3D ( 'NONE', #1226, #1723, #2765 ) ;
#1865 = CYLINDRICAL_SURFACE ( 'NONE', #2471, 4.499999999999999112 ) ;
#1866 = AXIS2_PLACEMENT_3D ( 'NONE', #1286, #1050, #2938 ) ;
#1867 = ORIENTED_EDGE ( 'NONE', *, *, #215, .F. ) ;
#1868 = DIRECTION ( 'NONE',  ( -0.9876251117499666998, -0.1568331554259679572, 4.945164390682397739E-17 ) ) ;
#1869 = CARTESIAN_POINT ( 'NONE',  ( 12.84500026825421948, 10.03199648551959910, -1.188285581044112102E-13 ) ) ;
#1870 = ORIENTED_EDGE ( 'NONE', *, *, #1415, .T. ) ;
#1871 = CARTESIAN_POINT ( 'NONE',  ( 25.87236668286819707, -2.684038952045479931, 4.999999999999880096 ) ) ;
#1872 = DIRECTION ( 'NONE',  ( 3.223082373619919421E-17, 4.598590846719879467E-17, 1.000000000000000000 ) ) ;
#1873 = EDGE_CURVE ( 'NONE', #2307, #2394, #124, .T. ) ;
#1874 = CARTESIAN_POINT ( 'NONE',  ( 9.397567169272400989, 3.685030882145665210, -1.179611963664229834E-13 ) ) ;
#1875 = AXIS2_PLACEMENT_3D ( 'NONE', #1797, #2540, #845 ) ;
#1876 = EDGE_CURVE ( 'NONE', #2125, #888, #2978, .T. ) ;
#1877 = ORIENTED_EDGE ( 'NONE', *, *, #248, .T. ) ;
#1878 =( NAMED_UNIT ( * ) SI_UNIT ( $, .STERADIAN. ) SOLID_ANGLE_UNIT ( ) );
#1879 = EDGE_LOOP ( 'NONE', ( #860, #1803, #3027, #960 ) ) ;
#1880 = CARTESIAN_POINT ( 'NONE',  ( 30.77984314712904990, 28.18517061820159952, 5.000000000000000000 ) ) ;
#1881 = AXIS2_PLACEMENT_3D ( 'NONE', #826, #1581, #142 ) ;
#1882 = DIRECTION ( 'NONE',  ( 3.223082373619839303E-17, 4.598590846719979307E-17, 1.000000000000000000 ) ) ;
#1883 = EDGE_LOOP ( 'NONE', ( #1424, #506, #1748, #958 ) ) ;
#1884 = DIRECTION ( 'NONE',  ( 4.178121103125229940E-17, 3.437931438000229393E-17, 1.000000000000000000 ) ) ;
#1885 = DIRECTION ( 'NONE',  ( 1.000000000000000000, 0.000000000000000000, 0.000000000000000000 ) ) ;
#1886 = VERTEX_POINT ( 'NONE', #1728 ) ;
#1887 = CARTESIAN_POINT ( 'NONE',  ( 17.30614973049255312, -2.601652011455700020, 4.999999999999880096 ) ) ;
#1888 = CARTESIAN_POINT ( 'NONE',  ( 9.294960520216999811, 4.301557017642685388, -1.179611963664229834E-13 ) ) ;
#1889 = DIRECTION ( 'NONE',  ( 0.8343594835823755496, 0.5512206927866112327, -4.723222202963160831E-17 ) ) ;
#1890 = AXIS2_PLACEMENT_3D ( 'NONE', #2253, #2491, #2036 ) ;
#1891 = ORIENTED_EDGE ( 'NONE', *, *, #287, .T. ) ;
#1892 = AXIS2_PLACEMENT_3D ( 'NONE', #1789, #590, #1556 ) ;
#1893 = VERTEX_POINT ( 'NONE', #2684 ) ;
#1894 = EDGE_CURVE ( 'NONE', #1057, #1198, #1663, .T. ) ;
#1895 = DIRECTION ( 'NONE',  ( 1.000000000000000000, 0.000000000000000000, 0.000000000000000000 ) ) ;
#1896 = CARTESIAN_POINT ( 'NONE',  ( 29.55938806178994938, 15.74280293060990132, -1.196959198423995885E-13 ) ) ;
#1897 = DIRECTION ( 'NONE',  ( -0.8486259503979438623, 0.5289933802149009434, 3.384499456421284182E-17 ) ) ;
#1898 = CARTESIAN_POINT ( 'NONE',  ( 18.33790282369990265, 16.07650899927224941, -1.188285581044112102E-13 ) ) ;
#1899 = ORIENTED_EDGE ( 'NONE', *, *, #1833, .T. ) ;
#1900 = CARTESIAN_POINT ( 'NONE',  ( 21.67281267413515167, 6.044765569636400215, -1.188285581044112102E-13 ) ) ;
#1901 = DIRECTION ( 'NONE',  ( 3.223082373619919421E-17, 4.598590846719879467E-17, 1.000000000000000000 ) ) ;
#1902 = CIRCLE ( 'NONE', #2653, 4.500000000000000000 ) ;
#1903 = AXIS2_PLACEMENT_3D ( 'NONE', #1618, #2784, #456 ) ;
#1904 = CYLINDRICAL_SURFACE ( 'NONE', #1705, 3.000000000000001332 ) ;
#1905 = VERTEX_POINT ( 'NONE', #307 ) ;
#1906 = ORIENTED_EDGE ( 'NONE', *, *, #945, .T. ) ;
#1907 = FACE_OUTER_BOUND ( 'NONE', #792, .T. ) ;
#1908 = AXIS2_PLACEMENT_3D ( 'NONE', #2584, #2308, #172 ) ;
#1909 = ADVANCED_FACE ( 'NONE', ( #1259 ), #2213, .T. ) ;
#1910 = LINE ( 'NONE', #2855, #2820 ) ;
#1911 = ORIENTED_EDGE ( 'NONE', *, *, #3102, .T. ) ;
#1912 = CIRCLE ( 'NONE', #554, 4.500000000000000888 ) ;
#1913 = DIRECTION ( 'NONE',  ( 0.6353906706864891341, -0.7721908414404909937, 0.000000000000000000 ) ) ;
#1914 = EDGE_CURVE ( 'NONE', #2965, #277, #805, .T. ) ;
#1915 = CIRCLE ( 'NONE', #2212, 1.500000000000001332 ) ;
#1916 = AXIS2_PLACEMENT_3D ( 'NONE', #2209, #1305, #1758 ) ;
#1917 = ORIENTED_EDGE ( 'NONE', *, *, #2455, .F. ) ;
#1918 = DIRECTION ( 'NONE',  ( 0.8343594835823755496, 0.5512206927866112327, -4.723222202963160831E-17 ) ) ;
#1919 = DIRECTION ( 'NONE',  ( 0.9830921976803951301, -0.1831112526851659816, -2.326533403457361732E-17 ) ) ;
#1920 = CIRCLE ( 'NONE', #115, 1.500000000000001332 ) ;
#1921 = CARTESIAN_POINT ( 'NONE',  ( 23.17281267413515167, 6.044765569636400215, -1.188285581044112860E-13 ) ) ;
#1922 = CARTESIAN_POINT ( 'NONE',  ( 21.67281267413515167, 6.044765569636400215, -1.188285581044112102E-13 ) ) ;
#1923 = ORIENTED_EDGE ( 'NONE', *, *, #42, .F. ) ;
#1924 = CIRCLE ( 'NONE', #2327, 4.499999999999998224 ) ;
#1925 = EDGE_LOOP ( 'NONE', ( #2709, #1148, #808, #181 ) ) ;
#1926 = DIRECTION ( 'NONE',  ( 0.6353906706864890230, -0.7721908414404911047, 1.503073264317127935E-17 ) ) ;
#1927 = DIRECTION ( 'NONE',  ( -0.6353906706864890230, 0.7721908414404911047, 0.000000000000000000 ) ) ;
#1928 = VERTEX_POINT ( 'NONE', #1921 ) ;
#1929 = CARTESIAN_POINT ( 'NONE',  ( 26.12827170176150204, -5.634227745420459676, 2.499999999999880096 ) ) ;
#1930 = EDGE_CURVE ( 'NONE', #2307, #1115, #3032, .T. ) ;
#1931 = CARTESIAN_POINT ( 'NONE',  ( 25.37664876762615052, -3.856703924389470295, 4.999999999999880096 ) ) ;
#1932 = VERTEX_POINT ( 'NONE', #2408 ) ;
#1933 = CARTESIAN_POINT ( 'NONE',  ( 99.06650787426140425, -5.602631737249589960, 5.000000000000000000 ) ) ;
#1934 = CARTESIAN_POINT ( 'NONE',  ( 27.21238276320504923, 7.556206260193733648, -1.188285581044112860E-13 ) ) ;
#1935 = ADVANCED_FACE ( 'NONE', ( #2427 ), #1212, .T. ) ;
#1936 = CARTESIAN_POINT ( 'NONE',  ( 21.67281267413515167, 6.044765569636400215, -1.188285581044112102E-13 ) ) ;
#1937 = DIRECTION ( 'NONE',  ( 3.223082373619839303E-17, 4.598590846719979307E-17, 1.000000000000000000 ) ) ;
#1938 = ORIENTED_EDGE ( 'NONE', *, *, #849, .T. ) ;
#1939 = EDGE_LOOP ( 'NONE', ( #208, #2480, #796, #917 ) ) ;
#1940 = FACE_OUTER_BOUND ( 'NONE', #1883, .T. ) ;
#1941 = CARTESIAN_POINT ( 'NONE',  ( 23.88556488048604720, -3.385611407096254855, -1.188285581044112102E-13 ) ) ;
#1942 = CARTESIAN_POINT ( 'NONE',  ( 81.79183544889649227, 1.240573542947080110, 5.000000000000000000 ) ) ;
#1943 = ORIENTED_EDGE ( 'NONE', *, *, #122, .F. ) ;
#1944 = DIRECTION ( 'NONE',  ( 2.845754347370449664E-17, 4.821306984588049803E-17, 1.000000000000000000 ) ) ;
#1945 = EDGE_CURVE ( 'NONE', #1506, #592, #1710, .T. ) ;
#1946 = AXIS2_PLACEMENT_3D ( 'NONE', #1942, #2435, #726 ) ;
#1947 = DIRECTION ( 'NONE',  ( 3.223082373619879362E-17, 4.598590846719929387E-17, 1.000000000000000000 ) ) ;
#1948 = FACE_OUTER_BOUND ( 'NONE', #2490, .T. ) ;
#1949 = DIRECTION ( 'NONE',  ( 0.9864322206003919291, 0.1641690414218819616, -3.934298554185406715E-17 ) ) ;
#1950 = AXIS2_PLACEMENT_3D ( 'NONE', #1151, #674, #2585 ) ;
#1951 = ORIENTED_EDGE ( 'NONE', *, *, #2436, .T. ) ;
#1952 = EDGE_CURVE ( 'NONE', #1932, #1143, #2068, .T. ) ;
#1953 = CIRCLE ( 'NONE', #206, 1.499999999999931388 ) ;
#1954 = VERTEX_POINT ( 'NONE', #2457 ) ;
#1955 = CARTESIAN_POINT ( 'NONE',  ( 97.05394258709370092, -2.319284462422219750, 0.000000000000000000 ) ) ;
#1956 = DIRECTION ( 'NONE',  ( 0.6353906706864891341, -0.7721908414404909937, 0.000000000000000000 ) ) ;
#1957 = ORIENTED_EDGE ( 'NONE', *, *, #2658, .T. ) ;
#1958 = DIRECTION ( 'NONE',  ( 0.6353906706864891341, -0.7721908414404909937, 0.000000000000000000 ) ) ;
#1959 = CIRCLE ( 'NONE', #2768, 12.50000000000000178 ) ;
#1960 = AXIS2_PLACEMENT_3D ( 'NONE', #2167, #2948, #1753 ) ;
#1961 = VERTEX_POINT ( 'NONE', #1746 ) ;
#1962 = CARTESIAN_POINT ( 'NONE',  ( 14.94980660425759922, -2.113585325793454928, -1.179611963664229834E-13 ) ) ;
#1963 = DIRECTION ( 'NONE',  ( 3.223082373619879362E-17, 4.598590846719929387E-17, 1.000000000000000000 ) ) ;
#1964 = AXIS2_PLACEMENT_3D ( 'NONE', #2440, #2641, #45 ) ;
#1965 = DIRECTION ( 'NONE',  ( 3.223082373619994610E-17, 4.598590846719949109E-17, 1.000000000000000000 ) ) ;
#1966 = EDGE_CURVE ( 'NONE', #543, #1500, #757, .T. ) ;
#1967 = VERTEX_POINT ( 'NONE', #515 ) ;
#1968 = CARTESIAN_POINT ( 'NONE',  ( 21.67281267413515167, 6.044765569636400215, -1.188285581044112102E-13 ) ) ;
#1969 = EDGE_CURVE ( 'NONE', #1238, #412, #1260, .T. ) ;
#1970 = DIRECTION ( 'NONE',  ( -4.800258967122369736E-17, -1.302709821111999986E-17, -1.000000000000000000 ) ) ;
#1971 = ORIENTED_EDGE ( 'NONE', *, *, #2047, .T. ) ;
#1972 = CARTESIAN_POINT ( 'NONE',  ( 9.294960520216999811, 4.301557017642685388, 2.499999999999880096 ) ) ;
#1974 = LINE ( 'NONE', #1016, #1572 ) ;
#1973 =( NAMED_UNIT ( * ) PLANE_ANGLE_UNIT ( ) SI_UNIT ( $, .RADIAN. ) );
#1975 = ORIENTED_EDGE ( 'NONE', *, *, #1952, .T. ) ;
#1976 = FACE_OUTER_BOUND ( 'NONE', #927, .T. ) ;
#1977 = CARTESIAN_POINT ( 'NONE',  ( 21.67281267413515167, 6.044765569636400215, -1.188285581044112102E-13 ) ) ;
#1978 = DIRECTION ( 'NONE',  ( -8.593937290132039076E-18, 1.300827993790454045E-17, -1.000000000000000000 ) ) ;
#1979 = CARTESIAN_POINT ( 'NONE',  ( 11.27860436219287976, 4.116571202742335345, -1.179611963664229834E-13 ) ) ;
#1980 = ORIENTED_EDGE ( 'NONE', *, *, #661, .F. ) ;
#1981 = EDGE_CURVE ( 'NONE', #3071, #2553, #2668, .T. ) ;
#1982 = DIRECTION ( 'NONE',  ( 0.000000000000000000, 0.000000000000000000, 1.000000000000000000 ) ) ;
#1983 = EDGE_CURVE ( 'NONE', #2736, #2137, #23, .T. ) ;
#1984 = LINE ( 'NONE', #2256, #856 ) ;
#1985 = EDGE_CURVE ( 'NONE', #1383, #551, #2526, .T. ) ;
#1987 = ORIENTED_EDGE ( 'NONE', *, *, #2, .T. ) ;
#1986 = FACE_OUTER_BOUND ( 'NONE', #1580, .T. ) ;
#1988 = DIRECTION ( 'NONE',  ( 0.8343594835823749944, 0.5512206927866117878, -4.723222202963166994E-17 ) ) ;
#1989 = CIRCLE ( 'NONE', #2392, 12.50000000000000178 ) ;
#1990 = EDGE_CURVE ( 'NONE', #788, #1, #1521, .T. ) ;
#1992 = DIRECTION ( 'NONE',  ( 0.6353906706864891341, -0.7721908414404909937, 1.503073264317039804E-17 ) ) ;
#1991 = DIRECTION ( 'NONE',  ( 4.178121103125229940E-17, 3.437931438000229393E-17, 1.000000000000000000 ) ) ;
#1993 = ORIENTED_EDGE ( 'NONE', *, *, #886, .F. ) ;
#1994 = CARTESIAN_POINT ( 'NONE',  ( 17.77922145323960024, -3.783634470712839981, -1.179611963664229834E-13 ) ) ;
#1995 = CIRCLE ( 'NONE', #152, 1.500000000000001332 ) ;
#1996 = ORIENTED_EDGE ( 'NONE', *, *, #1089, .T. ) ;
#1997 = DIRECTION ( 'NONE',  ( -0.8343594835823755496, -0.5512206927866111217, 0.000000000000000000 ) ) ;
#1998 = CARTESIAN_POINT ( 'NONE',  ( 11.24597051076660037, 7.787884168232450222, -1.188285581044112102E-13 ) ) ;
#1999 = ORIENTED_EDGE ( 'NONE', *, *, #1069, .T. ) ;
#2000 = AXIS2_PLACEMENT_3D ( 'NONE', #28, #499, #1187 ) ;
#2001 = VECTOR ( 'NONE', #358, 1000.000000000000000 ) ;
#2002 = AXIS2_PLACEMENT_3D ( 'NONE', #1136, #1901, #1635 ) ;
#2003 = DIRECTION ( 'NONE',  ( 0.3329671022960499216, -0.9429384437960793841, 0.000000000000000000 ) ) ;
#2004 = DIRECTION ( 'NONE',  ( -0.8707939595268989752, -0.4916481262564370569, 5.067529235215742851E-17 ) ) ;
#2005 = ORIENTED_EDGE ( 'NONE', *, *, #1299, .F. ) ;
#2006 = LINE ( 'NONE', #2495, #1150 ) ;
#2007 = EDGE_CURVE ( 'NONE', #275, #882, #1422, .T. ) ;
#2008 = EDGE_LOOP ( 'NONE', ( #1362, #1707 ) ) ;
#2009 = FACE_OUTER_BOUND ( 'NONE', #2715, .T. ) ;
#2010 = ORIENTED_EDGE ( 'NONE', *, *, #2743, .F. ) ;
#2011 = CARTESIAN_POINT ( 'NONE',  ( 21.67281267413515167, 6.044765569636400215, -1.188285581044112102E-13 ) ) ;
#2012 = EDGE_CURVE ( 'NONE', #1386, #3065, #1770, .T. ) ;
#2013 = CIRCLE ( 'NONE', #900, 4.500000000000000000 ) ;
#2014 = DIRECTION ( 'NONE',  ( 4.800258967122359875E-17, 1.302709821111989972E-17, 1.000000000000000000 ) ) ;
#2015 = AXIS2_PLACEMENT_3D ( 'NONE', #3103, #938, #504 ) ;
#2016 = CIRCLE ( 'NONE', #655, 12.50000000000000178 ) ;
#2017 = CARTESIAN_POINT ( 'NONE',  ( 23.88556488048604720, -3.385611407096249525, 4.999999999999880096 ) ) ;
#2018 = CIRCLE ( 'NONE', #2163, 4.499999999999999112 ) ;
#2019 = AXIS2_PLACEMENT_3D ( 'NONE', #1074, #1559, #336 ) ;
#2020 = DIRECTION ( 'NONE',  ( 0.6353906706864891341, -0.7721908414404909937, 0.000000000000000000 ) ) ;
#2021 = AXIS2_PLACEMENT_3D ( 'NONE', #1787, #2273, #2037 ) ;
#2022 = DIRECTION ( 'NONE',  ( -0.6353906706864889120, 0.7721908414404912158, -1.503073264317127626E-17 ) ) ;
#2023 = EDGE_LOOP ( 'NONE', ( #2204, #2772, #1546, #2502 ) ) ;
#2024 = CYLINDRICAL_SURFACE ( 'NONE', #1892, 1.499999999999974465 ) ;
#2026 = DIRECTION ( 'NONE',  ( 1.000000000000000000, 0.000000000000000000, 0.000000000000000000 ) ) ;
#2025 = CARTESIAN_POINT ( 'NONE',  ( 23.18425336469269382, -0.9948045194336644359, -1.188285581044112860E-13 ) ) ;
#2027 = ORIENTED_EDGE ( 'NONE', *, *, #2878, .T. ) ;
#2028 = CARTESIAN_POINT ( 'NONE',  ( 60.25903154448069188, 18.32057960730545076, 1.734723475976804925E-15 ) ) ;
#2029 = CIRCLE ( 'NONE', #2582, 9.686499999999998778 ) ;
#2030 = ORIENTED_EDGE ( 'NONE', *, *, #139, .T. ) ;
#2031 = EDGE_CURVE ( 'NONE', #592, #628, #1121, .T. ) ;
#2032 = DIRECTION ( 'NONE',  ( -0.6353906706864889120, 0.7721908414404912158, 0.000000000000000000 ) ) ;
#2033 = EDGE_LOOP ( 'NONE', ( #2379, #1173, #2916, #2600 ) ) ;
#2034 = LINE ( 'NONE', #631, #2035 ) ;
#2035 = VECTOR ( 'NONE', #1328, 1000.000000000000000 ) ;
#2036 = DIRECTION ( 'NONE',  ( -0.8343594835823709976, -0.5512206927866181161, 0.000000000000000000 ) ) ;
#2037 = DIRECTION ( 'NONE',  ( -0.9830921976803937978, 0.1831112526851730316, 0.000000000000000000 ) ) ;
#2038 = ORIENTED_EDGE ( 'NONE', *, *, #1682, .F. ) ;
#2039 = CARTESIAN_POINT ( 'NONE',  ( 30.67578221348815148, 0.5036429918500120451, 4.999999999999880096 ) ) ;
#2040 = DIRECTION ( 'NONE',  ( 3.223082373620004470E-17, 4.598590846720079147E-17, 1.000000000000000000 ) ) ;
#2041 = ORIENTED_EDGE ( 'NONE', *, *, #1281, .F. ) ;
#2042 = CARTESIAN_POINT ( 'NONE',  ( 23.18425336469269382, -0.9948045194336644359, -1.188285581044112860E-13 ) ) ;
#2043 = CARTESIAN_POINT ( 'NONE',  ( 12.00146392535970108, 5.503197818048999324, -1.188285581044112102E-13 ) ) ;
#2044 = ORIENTED_EDGE ( 'NONE', *, *, #2552, .F. ) ;
#2045 = CARTESIAN_POINT ( 'NONE',  ( 18.14557382332835189, -3.920980064180009439, 4.999999999999880096 ) ) ;
#2046 = AXIS2_PLACEMENT_3D ( 'NONE', #1537, #829, #1059 ) ;
#2047 = EDGE_CURVE ( 'NONE', #2332, #556, #2249, .T. ) ;
#2048 = CARTESIAN_POINT ( 'NONE',  ( 30.21238276320504923, 7.556206260193733648, -1.188285581044112860E-13 ) ) ;
#2049 = EDGE_CURVE ( 'NONE', #823, #2125, #1242, .T. ) ;
#2050 = CIRCLE ( 'NONE', #57, 12.50000000000000178 ) ;
#2051 = ORIENTED_EDGE ( 'NONE', *, *, #116, .T. ) ;
#2052 = DIRECTION ( 'NONE',  ( 3.223082373619879362E-17, 4.598590846719929387E-17, 1.000000000000000000 ) ) ;
#2053 = VECTOR ( 'NONE', #2926, 1000.000000000000000 ) ;
#2054 = CYLINDRICAL_SURFACE ( 'NONE', #419, 1.499999999999997780 ) ;
#2055 = ORIENTED_EDGE ( 'NONE', *, *, #2743, .T. ) ;
#2056 = CIRCLE ( 'NONE', #1757, 4.500000000000003553 ) ;
#2057 = CARTESIAN_POINT ( 'NONE',  ( 11.31761309460526022, 8.172520634646389226, -1.188285581044112102E-13 ) ) ;
#2058 = VERTEX_POINT ( 'NONE', #1277 ) ;
#2059 = FACE_OUTER_BOUND ( 'NONE', #84, .T. ) ;
#2060 = ORIENTED_EDGE ( 'NONE', *, *, #3034, .F. ) ;
#2061 = FACE_BOUND ( 'NONE', #383, .T. ) ;
#2062 = AXIS2_PLACEMENT_3D ( 'NONE', #1825, #3009, #2813 ) ;
#2063 = ORIENTED_EDGE ( 'NONE', *, *, #2140, .T. ) ;
#2064 = AXIS2_PLACEMENT_3D ( 'NONE', #11, #2208, #761 ) ;
#2065 = EDGE_CURVE ( 'NONE', #728, #1967, #2197, .T. ) ;
#2066 = DIRECTION ( 'NONE',  ( -4.800258967122369736E-17, -1.302709821111997983E-17, -1.000000000000000000 ) ) ;
#2067 = AXIS2_PLACEMENT_3D ( 'NONE', #610, #2482, #350 ) ;
#2068 = CIRCLE ( 'NONE', #1616, 12.50000000000000178 ) ;
#2069 = ORIENTED_EDGE ( 'NONE', *, *, #308, .T. ) ;
#2070 = EDGE_CURVE ( 'NONE', #526, #1831, #3076, .T. ) ;
#2071 = CARTESIAN_POINT ( 'NONE',  ( 12.76994470188230046, 2.228062264605390030, -1.179611963664229834E-13 ) ) ;
#2072 = FACE_OUTER_BOUND ( 'NONE', #2545, .T. ) ;
#2073 = EDGE_LOOP ( 'NONE', ( #1396, #2155, #455, #581 ) ) ;
#2074 = CARTESIAN_POINT ( 'NONE',  ( 13.80586320728514060, 0.3932712242416855353, 4.999999999999880096 ) ) ;
#2075 = DIRECTION ( 'NONE',  ( 3.223082373619839303E-17, 4.598590846719979307E-17, 1.000000000000000000 ) ) ;
#2076 = EDGE_LOOP ( 'NONE', ( #1838, #1484, #219, #225 ) ) ;
#2077 = CARTESIAN_POINT ( 'NONE',  ( 21.68574971586975053, -0.6452219216041029659, 3.469446951953614978E-15 ) ) ;
#2078 = LINE ( 'NONE', #2376, #2252 ) ;
#2079 = CYLINDRICAL_SURFACE ( 'NONE', #1391, 4.500000000000000000 ) ;
#2080 = CIRCLE ( 'NONE', #2732, 9.686500000000002331 ) ;
#2081 = ORIENTED_EDGE ( 'NONE', *, *, #794, .T. ) ;
#2082 = ORIENTED_EDGE ( 'NONE', *, *, #2100, .T. ) ;
#2083 = DIRECTION ( 'NONE',  ( 3.223082373619879362E-17, 4.598590846719929387E-17, 1.000000000000000000 ) ) ;
#2084 = ADVANCED_FACE ( 'NONE', ( #1948 ), #109, .F. ) ;
#2085 = EDGE_CURVE ( 'NONE', #2525, #1852, #1772, .T. ) ;
#2086 = FACE_OUTER_BOUND ( 'NONE', #1657, .T. ) ;
#2087 = ORIENTED_EDGE ( 'NONE', *, *, #2645, .F. ) ;
#2088 = CYLINDRICAL_SURFACE ( 'NONE', #2461, 4.500000000000000000 ) ;
#2089 = EDGE_CURVE ( 'NONE', #579, #67, #2723, .T. ) ;
#2090 = DIRECTION ( 'NONE',  ( 0.6353906706864891341, -0.7721908414404909937, 0.000000000000000000 ) ) ;
#2091 = ORIENTED_EDGE ( 'NONE', *, *, #3034, .T. ) ;
#2092 = DIRECTION ( 'NONE',  ( 3.223082373619879362E-17, 4.598590846719929387E-17, 1.000000000000000000 ) ) ;
#2093 = CARTESIAN_POINT ( 'NONE',  ( 9.445223905119881636, 8.640160124584051360, -1.188285581044112102E-13 ) ) ;
#2094 = CARTESIAN_POINT ( 'NONE',  ( 15.10796417108450029, 14.33091449905863968, 4.999999999999880096 ) ) ;
#2095 = ORIENTED_EDGE ( 'NONE', *, *, #2136, .T. ) ;
#2096 = DIRECTION ( 'NONE',  ( 0.000000000000000000, 0.000000000000000000, 1.000000000000000000 ) ) ;
#2097 = FACE_OUTER_BOUND ( 'NONE', #301, .T. ) ;
#2098 = ORIENTED_EDGE ( 'NONE', *, *, #1985, .T. ) ;
#2099 = LINE ( 'NONE', #3069, #2609 ) ;
#2100 = EDGE_CURVE ( 'NONE', #1070, #1320, #1514, .T. ) ;
#2101 = CLOSED_SHELL ( 'NONE', ( #1738, #2763, #3092, #1394, #2489, #2322, #2777, #1303, #2477, #1279, #2622, #1496, #1225, #366, #385, #195, #2316, #1489, #730, #63, #1654, #869, #1669, #478, #328, #2810, #1679, #926, #507, #1006, #1761, #3077, #2800, #567, #3, #253, #390, #1264, #1458, #2413, #1935, #291, #546, #609, #1721, #1340, #2419, #1624, #980, #2721, #2782, #360, #2914, #2515, #1083, #735, #2662, #233, #2935, #2739, #2993, #157, #1589, #457, #177, #2854, #1717, #1439, #768, #2337, #2235, #452, #2897, #1909, #2602, #1608, #97, #1023, #1359, #677, #1436, #1000, #2084, #160, #1661, #1698, #2695, #348 ) ) ;
#2102 = FACE_OUTER_BOUND ( 'NONE', #1290, .T. ) ;
#2103 = ORIENTED_EDGE ( 'NONE', *, *, #846, .T. ) ;
#2104 = CYLINDRICAL_SURFACE ( 'NONE', #1218, 9.686500000000000554 ) ;
#2105 = LINE ( 'NONE', #1420, #941 ) ;
#2106 = EDGE_CURVE ( 'NONE', #592, #2386, #2982, .T. ) ;
#2107 = CARTESIAN_POINT ( 'NONE',  ( 12.66984313478220159, 11.58588814742284079, -1.188285581044112102E-13 ) ) ;
#2108 = ORIENTED_EDGE ( 'NONE', *, *, #1820, .T. ) ;
#2109 = COLOUR_RGB ( '',1.000000000000000000, 1.000000000000000000, 1.000000000000000000 ) ;
#2110 = DIRECTION ( 'NONE',  ( 0.000000000000000000, 0.000000000000000000, 1.000000000000000000 ) ) ;
#2111 = ORIENTED_EDGE ( 'NONE', *, *, #406, .T. ) ;
#2112 = DIRECTION ( 'NONE',  ( -4.108185682858624566E-18, 3.515055318065364609E-18, 1.000000000000000000 ) ) ;
#2113 = AXIS2_PLACEMENT_3D ( 'NONE', #1898, #1161, #2796 ) ;
#2114 = AXIS2_PLACEMENT_3D ( 'NONE', #1510, #135, #2468 ) ;
#2115 = ORIENTED_EDGE ( 'NONE', *, *, #1876, .T. ) ;
#2116 = CYLINDRICAL_SURFACE ( 'NONE', #2359, 4.499999999999999112 ) ;
#2117 = CYLINDRICAL_SURFACE ( 'NONE', #19, 4.499999999999999112 ) ;
#2118 = ORIENTED_EDGE ( 'NONE', *, *, #210, .T. ) ;
#2119 = DIRECTION ( 'NONE',  ( 0.9830921976803952411, -0.1831112526851660927, -2.326533403457434455E-17 ) ) ;
#2120 = DIRECTION ( 'NONE',  ( 4.800258967122369736E-17, 1.302709821111997983E-17, 1.000000000000000000 ) ) ;
#2121 = EDGE_CURVE ( 'NONE', #2411, #2294, #126, .T. ) ;
#2122 = FACE_OUTER_BOUND ( 'NONE', #1426, .T. ) ;
#2123 = CIRCLE ( 'NONE', #132, 4.499999999999998224 ) ;
#2124 = ORIENTED_EDGE ( 'NONE', *, *, #2089, .F. ) ;
#2125 = VERTEX_POINT ( 'NONE', #616 ) ;
#2126 = DIRECTION ( 'NONE',  ( -6.578364856900280243E-18, 3.952700824411834889E-17, 1.000000000000000000 ) ) ;
#2127 = CARTESIAN_POINT ( 'NONE',  ( 24.06653505608019827, 15.43083905156565194, 4.999999999999880096 ) ) ;
#2128 = ORIENTED_EDGE ( 'NONE', *, *, #2607, .T. ) ;
#2129 = FACE_OUTER_BOUND ( 'NONE', #2153, .T. ) ;
#2130 = DIRECTION ( 'NONE',  ( -0.000000000000000000, -0.000000000000000000, 1.000000000000000000 ) ) ;
#2131 = EDGE_LOOP ( 'NONE', ( #838, #153, #2257, #1491 ) ) ;
#2132 = CARTESIAN_POINT ( 'NONE',  ( 21.67281267413515167, 6.044765569636400215, -1.188285581044112102E-13 ) ) ;
#2133 = FACE_OUTER_BOUND ( 'NONE', #2778, .T. ) ;
#2134 = DIRECTION ( 'NONE',  ( 1.000000000000000000, 0.000000000000000000, 0.000000000000000000 ) ) ;
#2135 = DIRECTION ( 'NONE',  ( -0.000000000000000000, -0.000000000000000000, 1.000000000000000000 ) ) ;
#2136 = EDGE_CURVE ( 'NONE', #1183, #268, #176, .T. ) ;
#2137 = VERTEX_POINT ( 'NONE', #1621 ) ;
#2138 = ORIENTED_EDGE ( 'NONE', *, *, #267, .F. ) ;
#2139 = CARTESIAN_POINT ( 'NONE',  ( 28.69089059545283504, -0.6316754388885182925, -1.187477343317554314E-13 ) ) ;
#2140 = EDGE_CURVE ( 'NONE', #2958, #630, #1563, .T. ) ;
#2141 = VECTOR ( 'NONE', #468, 1000.000000000000000 ) ;
#2142 = DIRECTION ( 'NONE',  ( -7.967320193687159217E-17, 0.000000000000000000, -1.000000000000000000 ) ) ;
#2143 = ORIENTED_EDGE ( 'NONE', *, *, #1295, .T. ) ;
#2144 = DIRECTION ( 'NONE',  ( 3.223082373619879362E-17, 4.598590846719999029E-17, 1.000000000000000000 ) ) ;
#2145 = DIRECTION ( 'NONE',  ( -0.1568331554259679572, 0.9876251117499666998, -5.337491719779171756E-18 ) ) ;
#2146 = ORIENTED_EDGE ( 'NONE', *, *, #82, .T. ) ;
#2147 = CARTESIAN_POINT ( 'NONE',  ( 21.67281267413515167, 6.044765569636400215, -1.188285581044112102E-13 ) ) ;
#2148 = DIRECTION ( 'NONE',  ( 3.264676439259770082E-17, 8.923351393135139951E-17, 1.000000000000000000 ) ) ;
#2149 = VECTOR ( 'NONE', #306, 1000.000000000000000 ) ;
#2150 = DIRECTION ( 'NONE',  ( -0.6501250953843459301, -0.7598271911109097942, 8.954335807447513128E-17 ) ) ;
#2151 = AXIS2_PLACEMENT_3D ( 'NONE', #2340, #1588, #918 ) ;
#2152 = DIRECTION ( 'NONE',  ( 0.6353906706864891341, -0.7721908414404909937, 1.503073264317039804E-17 ) ) ;
#2153 = EDGE_LOOP ( 'NONE', ( #2687, #2383, #1548, #2698 ) ) ;
#2154 = EDGE_CURVE ( 'NONE', #3020, #12, #1591, .T. ) ;
#2155 = ORIENTED_EDGE ( 'NONE', *, *, #2121, .F. ) ;
#2156 = LINE ( 'NONE', #2381, #1091 ) ;
#2157 = CIRCLE ( 'NONE', #2415, 9.686499999999998778 ) ;
#2158 = EDGE_CURVE ( 'NONE', #2318, #1143, #2874, .T. ) ;
#2159 = CARTESIAN_POINT ( 'NONE',  ( 14.94980660425759922, -2.113585325793454928, 4.999999999999880096 ) ) ;
#2160 = AXIS2_PLACEMENT_3D ( 'NONE', #3061, #392, #159 ) ;
#2161 = ORIENTED_EDGE ( 'NONE', *, *, #2975, .T. ) ;
#2162 = LINE ( 'NONE', #1252, #251 ) ;
#2163 = AXIS2_PLACEMENT_3D ( 'NONE', #2159, #1656, #1927 ) ;
#2164 = CIRCLE ( 'NONE', #221, 4.499999999999999112 ) ;
#2165 = CARTESIAN_POINT ( 'NONE',  ( 20.60527730848594885, 12.76735386375349890, 3.469446951953614978E-15 ) ) ;
#2166 = ORIENTED_EDGE ( 'NONE', *, *, #2510, .F. ) ;
#2167 = CARTESIAN_POINT ( 'NONE',  ( 28.39581874401274675, 14.20311646506619851, -1.196959198423995885E-13 ) ) ;
#2168 = DIRECTION ( 'NONE',  ( -0.6353906706864889120, 0.7721908414404912158, 0.000000000000000000 ) ) ;
#2169 = AXIS2_PLACEMENT_3D ( 'NONE', #1061, #604, #2237 ) ;
#2170 = AXIS2_PLACEMENT_3D ( 'NONE', #1355, #3044, #2521 ) ;
#2171 = DIRECTION ( 'NONE',  ( 0.6353906706864891341, -0.7721908414404909937, 1.503073264317039804E-17 ) ) ;
#2172 = FACE_OUTER_BOUND ( 'NONE', #1754, .T. ) ;
#2173 = ORIENTED_EDGE ( 'NONE', *, *, #2757, .T. ) ;
#2174 = ORIENTED_EDGE ( 'NONE', *, *, #809, .F. ) ;
#2175 = CARTESIAN_POINT ( 'NONE',  ( 28.60452956030090021, -0.7212955636999599518, -1.188285581044112102E-13 ) ) ;
#2176 = DIRECTION ( 'NONE',  ( 3.223082373619879362E-17, 4.598590846720049565E-17, 1.000000000000000000 ) ) ;
#2177 = ORIENTED_EDGE ( 'NONE', *, *, #2492, .F. ) ;
#2178 = DIRECTION ( 'NONE',  ( 4.178121103125229940E-17, 3.437931438000229393E-17, 1.000000000000000000 ) ) ;
#2179 = EDGE_CURVE ( 'NONE', #979, #3020, #2551, .T. ) ;
#2180 = ORIENTED_EDGE ( 'NONE', *, *, #1573, .T. ) ;
#2181 = CARTESIAN_POINT ( 'NONE',  ( 17.57878010726210150, -5.765776219010850134, 4.999999999999880096 ) ) ;
#2182 = EDGE_CURVE ( 'NONE', #1, #2965, #1795, .T. ) ;
#2183 = DIRECTION ( 'NONE',  ( -0.8343594835823749944, -0.5512206927866117878, 4.723222202963171308E-17 ) ) ;
#2184 = ORIENTED_EDGE ( 'NONE', *, *, #1453, .F. ) ;
#2185 = ORIENTED_EDGE ( 'NONE', *, *, #603, .T. ) ;
#2186 = CARTESIAN_POINT ( 'NONE',  ( 22.10547884697320242, 18.53727532480095164, 4.999999999999880096 ) ) ;
#2187 = CIRCLE ( 'NONE', #394, 12.50000000000000178 ) ;
#2188 = DIRECTION ( 'NONE',  ( 0.6353906706864890230, -0.7721908414404911047, 1.503073264317127935E-17 ) ) ;
#2189 = ORIENTED_EDGE ( 'NONE', *, *, #2738, .T. ) ;
#2190 = DIRECTION ( 'NONE',  ( 1.000000000000000000, 0.000000000000000000, 0.000000000000000000 ) ) ;
#2191 = VECTOR ( 'NONE', #2397, 1000.000000000000000 ) ;
#2192 = ORIENTED_EDGE ( 'NONE', *, *, #3102, .F. ) ;
#2193 = EDGE_CURVE ( 'NONE', #2200, #2332, #2013, .T. ) ;
#2194 = DIRECTION ( 'NONE',  ( -0.000000000000000000, -0.000000000000000000, 1.000000000000000000 ) ) ;
#2195 = CIRCLE ( 'NONE', #2701, 12.50000000000000178 ) ;
#2196 = EDGE_CURVE ( 'NONE', #259, #1587, #876, .T. ) ;
#2197 = LINE ( 'NONE', #2503, #2967 ) ;
#2198 = LINE ( 'NONE', #1309, #924 ) ;
#2199 = AXIS2_PLACEMENT_3D ( 'NONE', #1165, #2120, #2799 ) ;
#2200 = VERTEX_POINT ( 'NONE', #189 ) ;
#2201 = ORIENTED_EDGE ( 'NONE', *, *, #2259, .F. ) ;
#2202 = DIRECTION ( 'NONE',  ( 9.358855370380079601E-18, 5.024605292640909143E-17, 1.000000000000000000 ) ) ;
#2203 = DIRECTION ( 'NONE',  ( -0.009617212702353763673, -0.9999537535405512712, 4.629375246919247200E-17 ) ) ;
#2204 = ORIENTED_EDGE ( 'NONE', *, *, #1602, .T. ) ;
#2205 = FACE_OUTER_BOUND ( 'NONE', #2512, .T. ) ;
#2206 = EDGE_LOOP ( 'NONE', ( #584, #1122, #1013, #722 ) ) ;
#2207 = AXIS2_PLACEMENT_3D ( 'NONE', #620, #3033, #378 ) ;
#2209 = CARTESIAN_POINT ( 'NONE',  ( 21.57884724396270215, 16.61588993965990113, -1.188285581044112102E-13 ) ) ;
#2208 = DIRECTION ( 'NONE',  ( 1.314338942994579918E-17, -4.927459923321420059E-18, 1.000000000000000000 ) ) ;
#2210 = VERTEX_POINT ( 'NONE', #2295 ) ;
#2211 = DIRECTION ( 'NONE',  ( 3.223082373619839303E-17, 4.598590846719979307E-17, 1.000000000000000000 ) ) ;
#2212 = AXIS2_PLACEMENT_3D ( 'NONE', #2276, #563, #2243 ) ;
#2213 = PLANE ( 'NONE',  #271 ) ;
#2214 = CARTESIAN_POINT ( 'NONE',  ( 12.66984313478220159, 11.58588814742284079, -1.188285581044112102E-13 ) ) ;
#2215 = VECTOR ( 'NONE', #321, 1000.000000000000000 ) ;
#2216 = FACE_BOUND ( 'NONE', #734, .T. ) ;
#2217 = EDGE_CURVE ( 'NONE', #2296, #2958, #2475, .T. ) ;
#2218 = EDGE_CURVE ( 'NONE', #1078, #630, #2711, .T. ) ;
#2219 = ORIENTED_EDGE ( 'NONE', *, *, #182, .F. ) ;
#2220 = DIRECTION ( 'NONE',  ( 4.178121103125229940E-17, 3.437931438000229393E-17, 1.000000000000000000 ) ) ;
#2221 = EDGE_CURVE ( 'NONE', #1796, #108, #2157, .T. ) ;
#2222 = CIRCLE ( 'NONE', #1671, 12.50000000000000178 ) ;
#2223 = DIRECTION ( 'NONE',  ( 3.223082373619879362E-17, 4.598590846719929387E-17, 1.000000000000000000 ) ) ;
#2225 = ORIENTED_EDGE ( 'NONE', *, *, #983, .T. ) ;
#2224 = CARTESIAN_POINT ( 'NONE',  ( 21.97008082230529880, 16.61212718910674724, -1.188285581044112102E-13 ) ) ;
#2226 = DIRECTION ( 'NONE',  ( 0.8707939595268957556, 0.4916481262564426635, 0.000000000000000000 ) ) ;
#2228 = CARTESIAN_POINT ( 'NONE',  ( 83.04337467426999808, 2.067404582127005064, 7.965134049439549607E-16 ) ) ;
#2227 = FACE_OUTER_BOUND ( 'NONE', #2678, .T. ) ;
#2229 = ORIENTED_EDGE ( 'NONE', *, *, #2412, .F. ) ;
#2230 = CARTESIAN_POINT ( 'NONE',  ( 21.48050167117609988, 18.54328614121369867, 4.999999999999880096 ) ) ;
#2231 = ORIENTED_EDGE ( 'NONE', *, *, #492, .T. ) ;
#2232 = CARTESIAN_POINT ( 'NONE',  ( 12.56493313821630053, 0.6778269350177290598, 4.999999999999880096 ) ) ;
#2233 = FACE_BOUND ( 'NONE', #2682, .T. ) ;
#2234 = ORIENTED_EDGE ( 'NONE', *, *, #3072, .F. ) ;
#2235 = ADVANCED_FACE ( 'NONE', ( #2059 ), #417, .F. ) ;
#2236 = DIRECTION ( 'NONE',  ( 4.309556591677649812E-17, 1.521775445632450094E-17, 1.000000000000000000 ) ) ;
#2237 = DIRECTION ( 'NONE',  ( -0.9830921976803937978, 0.1831112526851730316, 2.326533403457434147E-17 ) ) ;
#2238 = ORIENTED_EDGE ( 'NONE', *, *, #1836, .F. ) ;
#2239 = EDGE_CURVE ( 'NONE', #1791, #235, #700, .T. ) ;
#2240 = CYLINDRICAL_SURFACE ( 'NONE', #49, 4.499999999999999112 ) ;
#2241 = AXIS2_PLACEMENT_3D ( 'NONE', #1280, #2220, #2020 ) ;
#2242 = VERTEX_POINT ( 'NONE', #2043 ) ;
#2244 = FACE_OUTER_BOUND ( 'NONE', #665, .T. ) ;
#2243 = DIRECTION ( 'NONE',  ( 1.000000000000000000, 0.000000000000000000, 0.000000000000000000 ) ) ;
#2245 = VERTEX_POINT ( 'NONE', #1373 ) ;
#2246 = FACE_OUTER_BOUND ( 'NONE', #825, .T. ) ;
#2247 = AXIS2_PLACEMENT_3D ( 'NONE', #1673, #1427, #1441 ) ;
#2248 = VERTEX_POINT ( 'NONE', #3026 ) ;
#2249 = LINE ( 'NONE', #984, #1462 ) ;
#2250 = DIRECTION ( 'NONE',  ( 3.223082373619899700E-17, 4.598590846719909049E-17, 1.000000000000000000 ) ) ;
#2251 = VERTEX_POINT ( 'NONE', #597 ) ;
#2252 = VECTOR ( 'NONE', #231, 1000.000000000000000 ) ;
#2253 = CARTESIAN_POINT ( 'NONE',  ( 58.67205140383600082, 15.77470175611165182, 5.000000000000000000 ) ) ;
#2254 = EDGE_CURVE ( 'NONE', #1954, #319, #1327, .T. ) ;
#2255 = AXIS2_PLACEMENT_3D ( 'NONE', #2057, #2767, #613 ) ;
#2256 = CARTESIAN_POINT ( 'NONE',  ( 24.06653505608019827, 15.43083905156565194, -1.188285581044112102E-13 ) ) ;
#2257 = ORIENTED_EDGE ( 'NONE', *, *, #2552, .T. ) ;
#2258 = LINE ( 'NONE', #576, #840 ) ;
#2259 = EDGE_CURVE ( 'NONE', #1377, #12, #1108, .T. ) ;
#2261 = DIRECTION ( 'NONE',  ( 4.800258967122369736E-17, 1.302709821111999986E-17, 1.000000000000000000 ) ) ;
#2260 = FACE_OUTER_BOUND ( 'NONE', #2517, .T. ) ;
#2262 = ORIENTED_EDGE ( 'NONE', *, *, #1638, .F. ) ;
#2263 = FACE_OUTER_BOUND ( 'NONE', #2206, .T. ) ;
#2264 = CIRCLE ( 'NONE', #2312, 4.499999999999999112 ) ;
#2265 = AXIS2_PLACEMENT_3D ( 'NONE', #140, #824, #3059 ) ;
#2266 = DIRECTION ( 'NONE',  ( -4.178121103125229940E-17, -3.437931438000229393E-17, -1.000000000000000000 ) ) ;
#2267 = ORIENTED_EDGE ( 'NONE', *, *, #2640, .T. ) ;
#2268 = DIRECTION ( 'NONE',  ( -0.8486259503979438623, 0.5289933802149009434, 3.384499456421284182E-17 ) ) ;
#2269 = AXIS2_PLACEMENT_3D ( 'NONE', #2919, #740, #510 ) ;
#2270 = LINE ( 'NONE', #2608, #2817 ) ;
#2271 = AXIS2_PLACEMENT_3D ( 'NONE', #781, #1497, #2456 ) ;
#2272 = CYLINDRICAL_SURFACE ( 'NONE', #2046, 12.50000000000000178 ) ;
#2273 = DIRECTION ( 'NONE',  ( 9.358855370380460164E-18, 5.024605292640919620E-17, 1.000000000000000000 ) ) ;
#2274 = VERTEX_POINT ( 'NONE', #658 ) ;
#2275 = DIRECTION ( 'NONE',  ( -0.3510415499139110107, -0.9363598828623741488, 5.437371818502608297E-17 ) ) ;
#2277 = CARTESIAN_POINT ( 'NONE',  ( 14.63324258506532338, 4.533324879078722169, -1.188285581044112860E-13 ) ) ;
#2276 = CARTESIAN_POINT ( 'NONE',  ( 20.16137198357773386, 13.08433565870607396, -1.188285581044112860E-13 ) ) ;
#2278 = ORIENTED_EDGE ( 'NONE', *, *, #2259, .T. ) ;
#2279 = DIRECTION ( 'NONE',  ( 4.800258967122369736E-17, 1.302709821111999986E-17, 1.000000000000000000 ) ) ;
#2280 = EDGE_CURVE ( 'NONE', #2460, #1223, #1655, .T. ) ;
#2281 = ORIENTED_EDGE ( 'NONE', *, *, #2085, .F. ) ;
#2282 = DIRECTION ( 'NONE',  ( 0.000000000000000000, 0.000000000000000000, 1.000000000000000000 ) ) ;
#2283 = VERTEX_POINT ( 'NONE', #1164 ) ;
#2284 = EDGE_CURVE ( 'NONE', #319, #2469, #2864, .T. ) ;
#2285 = FACE_BOUND ( 'NONE', #2008, .T. ) ;
#2286 = CARTESIAN_POINT ( 'NONE',  ( 30.67578221348815148, 0.5036429918500110459, -1.188285581044112102E-13 ) ) ;
#2287 = EDGE_LOOP ( 'NONE', ( #2434, #1826, #1444, #1067 ) ) ;
#2288 = CARTESIAN_POINT ( 'NONE',  ( 28.71238276320504923, 7.556206260193733648, -1.188285581044112860E-13 ) ) ;
#2289 = CYLINDRICAL_SURFACE ( 'NONE', #2067, 12.50000000000000178 ) ;
#2290 = VERTEX_POINT ( 'NONE', #1933 ) ;
#2291 = FACE_OUTER_BOUND ( 'NONE', #3047, .T. ) ;
#2292 = AXIS2_PLACEMENT_3D ( 'NONE', #1248, #2202, #1024 ) ;
#2293 = EDGE_CURVE ( 'NONE', #416, #818, #1360, .T. ) ;
#2294 = VERTEX_POINT ( 'NONE', #2375 ) ;
#2295 = CARTESIAN_POINT ( 'NONE',  ( 19.27909029219014769, -3.341307912292859505, 4.999999999999880096 ) ) ;
#2296 = VERTEX_POINT ( 'NONE', #2361 ) ;
#2297 = DIRECTION ( 'NONE',  ( 0.6501250953843409341, 0.7598271911109141241, -5.589541101712972165E-17 ) ) ;
#2298 = CIRCLE ( 'NONE', #295, 4.500000000000000000 ) ;
#2299 = ORIENTED_EDGE ( 'NONE', *, *, #2333, .T. ) ;
#2300 = EDGE_CURVE ( 'NONE', #1819, #989, #1920, .T. ) ;
#2301 = DIRECTION ( 'NONE',  ( -0.9864322206003932614, -0.1641690414218743843, 0.000000000000000000 ) ) ;
#2302 = ORIENTED_EDGE ( 'NONE', *, *, #304, .F. ) ;
#2303 = DIRECTION ( 'NONE',  ( 0.6353906706864891341, -0.7721908414404909937, 1.503073264317039804E-17 ) ) ;
#2304 = LINE ( 'NONE', #1410, #1769 ) ;
#2305 = ORIENTED_EDGE ( 'NONE', *, *, #1028, .T. ) ;
#2306 = FACE_OUTER_BOUND ( 'NONE', #2033, .T. ) ;
#2307 = VERTEX_POINT ( 'NONE', #1871 ) ;
#2308 = DIRECTION ( 'NONE',  ( 0.000000000000000000, 0.000000000000000000, 1.000000000000000000 ) ) ;
#2309 = DIRECTION ( 'NONE',  ( -0.6353906706864890230, 0.7721908414404911047, 0.000000000000000000 ) ) ;
#2310 = UNCERTAINTY_MEASURE_WITH_UNIT (LENGTH_MEASURE( 1.000000000000000082E-05 ), #2423, 'distance_accuracy_value', 'NONE');
#2311 = VECTOR ( 'NONE', #1854, 1000.000000000000000 ) ;
#2312 = AXIS2_PLACEMENT_3D ( 'NONE', #894, #2789, #632 ) ;
#2313 = AXIS2_PLACEMENT_3D ( 'NONE', #1680, #201, #1403 ) ;
#2314 = LINE ( 'NONE', #2818, #1310 ) ;
#2315 = EDGE_CURVE ( 'NONE', #2274, #575, #969, .T. ) ;
#2316 = ADVANCED_FACE ( 'NONE', ( #1190 ), #475, .T. ) ;
#2317 = AXIS2_PLACEMENT_3D ( 'NONE', #3083, #1349, #3067 ) ;
#2318 = VERTEX_POINT ( 'NONE', #2862 ) ;
#2319 = STYLED_ITEM ( 'NONE', ( #1109 ), #2385 ) ;
#2320 = CARTESIAN_POINT ( 'NONE',  ( 30.03428467607114882, 15.33647079315915107, 2.499999999999880096 ) ) ;
#2321 = AXIS2_PLACEMENT_3D ( 'NONE', #1419, #1666, #1918 ) ;
#2322 = ADVANCED_FACE ( 'NONE', ( #536 ), #2104, .T. ) ;
#2323 = ORIENTED_EDGE ( 'NONE', *, *, #2284, .F. ) ;
#2324 = EDGE_LOOP ( 'NONE', ( #436, #1276, #2108, #1742 ) ) ;
#2325 = CARTESIAN_POINT ( 'NONE',  ( 27.13240213021370195, 14.04608828660490083, 4.999999999999880096 ) ) ;
#2326 = DIRECTION ( 'NONE',  ( 3.223082373619954550E-17, 4.598590846720129068E-17, 1.000000000000000000 ) ) ;
#2327 = AXIS2_PLACEMENT_3D ( 'NONE', #2656, #2832, #1169 ) ;
#2328 = ORIENTED_EDGE ( 'NONE', *, *, #1512, .F. ) ;
#2329 = CARTESIAN_POINT ( 'NONE',  ( 12.34737340602446132, 3.424753221043534968, -1.179611963664229834E-13 ) ) ;
#2330 = VERTEX_POINT ( 'NONE', #213 ) ;
#2331 = DIRECTION ( 'NONE',  ( -0.000000000000000000, -0.000000000000000000, 1.000000000000000000 ) ) ;
#2332 = VERTEX_POINT ( 'NONE', #935 ) ;
#2333 = EDGE_CURVE ( 'NONE', #1176, #2736, #562, .T. ) ;
#2334 = ORIENTED_EDGE ( 'NONE', *, *, #2893, .T. ) ;
#2335 = DIRECTION ( 'NONE',  ( 3.223082373619899700E-17, 4.598590846719909049E-17, 1.000000000000000000 ) ) ;
#2336 = ORIENTED_EDGE ( 'NONE', *, *, #2882, .T. ) ;
#2337 = ADVANCED_FACE ( 'NONE', ( #951 ), #2894, .F. ) ;
#2338 = DIRECTION ( 'NONE',  ( 4.178121103125229940E-17, 3.437931438000229393E-17, 1.000000000000000000 ) ) ;
#2339 = ORIENTED_EDGE ( 'NONE', *, *, #642, .F. ) ;
#2340 = CARTESIAN_POINT ( 'NONE',  ( 21.67281267413515167, 6.044765569636400215, 4.999999999999880096 ) ) ;
#2341 = CARTESIAN_POINT ( 'NONE',  ( 14.80584321299972039, 14.08231683655873923, -1.188285581044112102E-13 ) ) ;
#2342 = EDGE_LOOP ( 'NONE', ( #2494, #171 ) ) ;
#2343 = DIRECTION ( 'NONE',  ( 4.178121103125229940E-17, 3.437931438000229393E-17, 1.000000000000000000 ) ) ;
#2344 = ORIENTED_EDGE ( 'NONE', *, *, #1985, .F. ) ;
#2345 = AXIS2_PLACEMENT_3D ( 'NONE', #359, #2462, #2932 ) ;
#2346 = DIRECTION ( 'NONE',  ( 0.6353906706864890230, -0.7721908414404911047, 1.503073264317126394E-17 ) ) ;
#2347 = VECTOR ( 'NONE', #2052, 1000.000000000000000 ) ;
#2348 = VECTOR ( 'NONE', #915, 1000.000000000000000 ) ;
#2349 = SURFACE_SIDE_STYLE ('',( #1361 ) ) ;
#2350 = ORIENTED_EDGE ( 'NONE', *, *, #3072, .T. ) ;
#2351 = DIRECTION ( 'NONE',  ( 0.6353906706864890230, -0.7721908414404911047, 1.503073264317127935E-17 ) ) ;
#2352 = EDGE_CURVE ( 'NONE', #1905, #1954, #365, .T. ) ;
#2353 = CIRCLE ( 'NONE', #540, 3.000000000000001332 ) ;
#2354 = DIRECTION ( 'NONE',  ( 3.223082373619879362E-17, 4.598590846719929387E-17, 1.000000000000000000 ) ) ;
#2355 = ORIENTED_EDGE ( 'NONE', *, *, #587, .F. ) ;
#2356 = CARTESIAN_POINT ( 'NONE',  ( 21.67281267413515167, 6.044765569636400215, -1.188285581044112102E-13 ) ) ;
#2357 = EDGE_CURVE ( 'NONE', #973, #615, #1668, .T. ) ;
#2358 = DIRECTION ( 'NONE',  ( 4.178121103125229940E-17, 3.437931438000229393E-17, 1.000000000000000000 ) ) ;
#2359 = AXIS2_PLACEMENT_3D ( 'NONE', #2563, #429, #3085 ) ;
#2360 = EDGE_LOOP ( 'NONE', ( #1610, #1418, #2189, #914 ) ) ;
#2361 = CARTESIAN_POINT ( 'NONE',  ( 13.13324258506532161, 4.533324879078722169, -1.188285581044112860E-13 ) ) ;
#2362 = DIRECTION ( 'NONE',  ( 0.6353906706864835829, -0.7721908414404955456, 0.000000000000000000 ) ) ;
#2363 = CARTESIAN_POINT ( 'NONE',  ( 20.16137198357773386, 13.08433565870607396, -1.188285581044112860E-13 ) ) ;
#2364 = AXIS2_PLACEMENT_3D ( 'NONE', #1664, #1837, #199 ) ;
#2365 = ORIENTED_EDGE ( 'NONE', *, *, #29, .T. ) ;
#2366 = CARTESIAN_POINT ( 'NONE',  ( 24.68425336469269382, -0.9948045194336644359, 4.999999999999880984 ) ) ;
#2367 = AXIS2_PLACEMENT_3D ( 'NONE', #1539, #1569, #1734 ) ;
#2368 = DIRECTION ( 'NONE',  ( 0.6501250953843409341, 0.7598271911109140131, -5.589541101712799601E-17 ) ) ;
#2369 = VECTOR ( 'NONE', #1282, 1000.000000000000000 ) ;
#2370 = AXIS2_PLACEMENT_3D ( 'NONE', #1765, #548, #1481 ) ;
#2371 = CARTESIAN_POINT ( 'NONE',  ( 25.87236668286819707, -2.684038952045479931, -1.188285581044112102E-13 ) ) ;
#2372 = CARTESIAN_POINT ( 'NONE',  ( 21.67281267413515167, 6.044765569636400215, 4.999999999999880096 ) ) ;
#2373 = VERTEX_POINT ( 'NONE', #445 ) ;
#2374 = EDGE_CURVE ( 'NONE', #1119, #375, #902, .T. ) ;
#2375 = CARTESIAN_POINT ( 'NONE',  ( 12.34737340602446132, 3.424753221043534968, 4.999999999999880096 ) ) ;
#2376 = CARTESIAN_POINT ( 'NONE',  ( 70.92352307965470004, 11.67283872356342123, 8.673617379884030542E-16 ) ) ;
#2377 = EDGE_CURVE ( 'NONE', #818, #2797, #1709, .T. ) ;
#2378 = CARTESIAN_POINT ( 'NONE',  ( 21.67281267413515167, 6.044765569636400215, -1.188285581044112102E-13 ) ) ;
#2379 = ORIENTED_EDGE ( 'NONE', *, *, #44, .T. ) ;
#2380 = ORIENTED_EDGE ( 'NONE', *, *, #1733, .F. ) ;
#2381 = CARTESIAN_POINT ( 'NONE',  ( 13.97422370705523953, 15.89269570322060154, 2.499999999999880096 ) ) ;
#2382 = DIRECTION ( 'NONE',  ( 6.607690058568819833E-17, 6.509532015078918901E-17, 1.000000000000000000 ) ) ;
#2383 = ORIENTED_EDGE ( 'NONE', *, *, #2837, .T. ) ;
#2384 = CARTESIAN_POINT ( 'NONE',  ( 9.330778258854099505, 8.025721523719749229, 4.999999999999880096 ) ) ;
#2385 = ADVANCED_BREP_SHAPE_REPRESENTATION ( '装舵机孔m3STP', ( #2657, #1574 ), #1715 ) ;
#2386 = VERTEX_POINT ( 'NONE', #1887 ) ;
#2387 = DIRECTION ( 'NONE',  ( 0.6353906706864891341, -0.7721908414404909937, 1.503073264317039804E-17 ) ) ;
#2388 = CARTESIAN_POINT ( 'NONE',  ( 21.67281267413515167, 6.044765569636400215, 4.999999999999880096 ) ) ;
#2389 = EDGE_CURVE ( 'NONE', #375, #1119, #1114, .T. ) ;
#2390 = DIRECTION ( 'NONE',  ( 0.5289933802149008324, 0.8486259503979437513, -3.644818576958855214E-17 ) ) ;
#2391 = DIRECTION ( 'NONE',  ( -0.3510415499139110662, -0.9363598828623742598, 5.437371818502416628E-17 ) ) ;
#2392 = AXIS2_PLACEMENT_3D ( 'NONE', #130, #815, #1786 ) ;
#2393 = EDGE_CURVE ( 'NONE', #2740, #2200, #2625, .T. ) ;
#2394 = VERTEX_POINT ( 'NONE', #2611 ) ;
#2395 = CIRCLE ( 'NONE', #2694, 12.50000000000000178 ) ;
#2396 = ORIENTED_EDGE ( 'NONE', *, *, #1204, .F. ) ;
#2397 = DIRECTION ( 'NONE',  ( 3.223082373619879362E-17, 4.598590846719929387E-17, 1.000000000000000000 ) ) ;
#2398 = AXIS2_PLACEMENT_3D ( 'NONE', #437, #1393, #2351 ) ;
#2399 = CARTESIAN_POINT ( 'NONE',  ( 12.37257498661210064, 1.018526527952470007, -1.179611963664229834E-13 ) ) ;
#2400 = ORIENTED_EDGE ( 'NONE', *, *, #2780, .T. ) ;
#2401 = DIRECTION ( 'NONE',  ( -0.6353906706864889120, 0.7721908414404912158, 0.000000000000000000 ) ) ;
#2402 = DIRECTION ( 'NONE',  ( -3.403292948663969802E-17, 0.000000000000000000, 1.000000000000000000 ) ) ;
#2403 = ORIENTED_EDGE ( 'NONE', *, *, #2377, .F. ) ;
#2404 = CARTESIAN_POINT ( 'NONE',  ( 81.79183544889649227, 1.240573542947080110, 8.673617379884030542E-16 ) ) ;
#2405 = CIRCLE ( 'NONE', #1195, 4.500000000000000000 ) ;
#2406 = DIRECTION ( 'NONE',  ( 0.8611767468245453694, -0.5083056272841102174, 0.000000000000000000 ) ) ;
#2407 = AXIS2_PLACEMENT_3D ( 'NONE', #1792, #1307, #2499 ) ;
#2408 = CARTESIAN_POINT ( 'NONE',  ( 11.07031495555671974, 12.66572034425457893, 4.999999999999880096 ) ) ;
#2409 = FACE_OUTER_BOUND ( 'NONE', #763, .T. ) ;
#2410 = VERTEX_POINT ( 'NONE', #243 ) ;
#2411 = VERTEX_POINT ( 'NONE', #1208 ) ;
#2412 = EDGE_CURVE ( 'NONE', #1967, #2248, #2665, .T. ) ;
#2413 = ADVANCED_FACE ( 'NONE', ( #2463 ), #87, .T. ) ;
#2414 = DIRECTION ( 'NONE',  ( 4.178121103125229940E-17, 3.437931438000229393E-17, 1.000000000000000000 ) ) ;
#2415 = AXIS2_PLACEMENT_3D ( 'NONE', #1085, #2753, #2566 ) ;
#2416 = CARTESIAN_POINT ( 'NONE',  ( 12.76994470188230046, 2.228062264605390030, 4.999999999999880096 ) ) ;
#2417 = AXIS2_PLACEMENT_3D ( 'NONE', #2286, #1582, #2346 ) ;
#2418 = ORIENTED_EDGE ( 'NONE', *, *, #1399, .T. ) ;
#2419 = ADVANCED_FACE ( 'NONE', ( #1986 ), #787, .T. ) ;
#2420 = STYLED_ITEM ( 'NONE', ( #2451 ), #2657 ) ;
#2421 = LINE ( 'NONE', #1224, #1192 ) ;
#2422 = VECTOR ( 'NONE', #2663, 1000.000000000000000 ) ;
#2423 =( LENGTH_UNIT ( ) NAMED_UNIT ( * ) SI_UNIT ( .MILLI., .METRE. ) );
#2424 = ORIENTED_EDGE ( 'NONE', *, *, #2639, .F. ) ;
#2425 = CYLINDRICAL_SURFACE ( 'NONE', #1751, 4.499999999999998224 ) ;
#2426 = CIRCLE ( 'NONE', #2169, 9.686500000000000554 ) ;
#2427 = FACE_OUTER_BOUND ( 'NONE', #1256, .T. ) ;
#2428 = CARTESIAN_POINT ( 'NONE',  ( 24.68425336469269382, -0.9948045194336644359, -1.188285581044112860E-13 ) ) ;
#2429 = ORIENTED_EDGE ( 'NONE', *, *, #24, .T. ) ;
#2430 = ORIENTED_EDGE ( 'NONE', *, *, #2645, .T. ) ;
#2431 = DIRECTION ( 'NONE',  ( 3.223082373619879362E-17, 4.598590846719929387E-17, 1.000000000000000000 ) ) ;
#2432 = EDGE_CURVE ( 'NONE', #277, #2620, #608, .T. ) ;
#2433 = DIRECTION ( 'NONE',  ( 3.223082373619769661E-17, 4.598590846719909049E-17, 1.000000000000000000 ) ) ;
#2434 = ORIENTED_EDGE ( 'NONE', *, *, #940, .F. ) ;
#2435 = DIRECTION ( 'NONE',  ( -8.593937290132068350E-18, 1.300827993790456048E-17, -1.000000000000000000 ) ) ;
#2436 = EDGE_CURVE ( 'NONE', #1054, #239, #368, .T. ) ;
#2437 = CARTESIAN_POINT ( 'NONE',  ( 26.03947561777779995, 14.69118315072846137, -1.196959198423995885E-13 ) ) ;
#2438 = ORIENTED_EDGE ( 'NONE', *, *, #929, .T. ) ;
#2439 = CYLINDRICAL_SURFACE ( 'NONE', #595, 12.50000000000000178 ) ;
#2440 = CARTESIAN_POINT ( 'NONE',  ( 21.67281267413515167, 6.044765569636400215, 4.999999999999880096 ) ) ;
#2441 = DIRECTION ( 'NONE',  ( -8.593937290132108409E-18, 1.300827993790460054E-17, -1.000000000000000000 ) ) ;
#2442 = FACE_BOUND ( 'NONE', #59, .T. ) ;
#2443 = ORIENTED_EDGE ( 'NONE', *, *, #1106, .F. ) ;
#2444 = ORIENTED_EDGE ( 'NONE', *, *, #2833, .F. ) ;
#2445 = LINE ( 'NONE', #585, #2795 ) ;
#2446 = AXIS2_PLACEMENT_3D ( 'NONE', #1775, #1317, #1526 ) ;
#2447 = DIRECTION ( 'NONE',  ( 0.8611767468245453694, -0.5083056272841103285, -4.381539882963418078E-18 ) ) ;
#2448 = ORIENTED_EDGE ( 'NONE', *, *, #116, .F. ) ;
#2449 = DIRECTION ( 'NONE',  ( 0.6353906706864892451, -0.7721908414404907717, 1.503073264317127626E-17 ) ) ;
#2450 = CIRCLE ( 'NONE', #2847, 1.500000000000001332 ) ;
#2452 = CARTESIAN_POINT ( 'NONE',  ( 22.63367561316610121, -3.593959691641510190, -1.188285581044112102E-13 ) ) ;
#2451 = PRESENTATION_STYLE_ASSIGNMENT (( #1691 ) ) ;
#2453 = ORIENTED_EDGE ( 'NONE', *, *, #664, .F. ) ;
#2454 = DIRECTION ( 'NONE',  ( 0.6353906706864889120, -0.7721908414404912158, 1.503073264317127626E-17 ) ) ;
#2455 = EDGE_CURVE ( 'NONE', #989, #1819, #1211, .T. ) ;
#2456 = DIRECTION ( 'NONE',  ( 0.6353906706864891341, -0.7721908414404909937, 1.503073264317039804E-17 ) ) ;
#2457 = CARTESIAN_POINT ( 'NONE',  ( 14.61224274819621982, -0.5867225417098550500, -1.179611963664229834E-13 ) ) ;
#2458 = CARTESIAN_POINT ( 'NONE',  ( 26.03947561777779995, 14.69118315072846137, 4.999999999999880096 ) ) ;
#2459 = AXIS2_PLACEMENT_3D ( 'NONE', #717, #2194, #61 ) ;
#2460 = VERTEX_POINT ( 'NONE', #187 ) ;
#2461 = AXIS2_PLACEMENT_3D ( 'NONE', #3096, #682, #1397 ) ;
#2462 = DIRECTION ( 'NONE',  ( 4.178121103125229940E-17, 3.437931438000229393E-17, 1.000000000000000000 ) ) ;
#2464 = ORIENTED_EDGE ( 'NONE', *, *, #2546, .F. ) ;
#2463 = FACE_OUTER_BOUND ( 'NONE', #404, .T. ) ;
#2465 = CARTESIAN_POINT ( 'NONE',  ( 20.17281267413514811, 6.044765569636400215, -1.188285581044112860E-13 ) ) ;
#2466 = VECTOR ( 'NONE', #629, 1000.000000000000114 ) ;
#2467 = EDGE_LOOP ( 'NONE', ( #2027, #3008, #2579, #2520 ) ) ;
#2468 = DIRECTION ( 'NONE',  ( 0.6353906706864892451, -0.7721908414404909937, 1.503073264317127626E-17 ) ) ;
#2469 = VERTEX_POINT ( 'NONE', #683 ) ;
#2470 = CARTESIAN_POINT ( 'NONE',  ( 18.14557382332835189, -3.920980064180009439, -1.179611963664229834E-13 ) ) ;
#2471 = AXIS2_PLACEMENT_3D ( 'NONE', #207, #1882, #2838 ) ;
#2472 = AXIS2_PLACEMENT_3D ( 'NONE', #80, #1532, #2671 ) ;
#2473 = EDGE_CURVE ( 'NONE', #2283, #2506, #2972, .T. ) ;
#2474 = ORIENTED_EDGE ( 'NONE', *, *, #2315, .F. ) ;
#2475 = CIRCLE ( 'NONE', #1908, 1.500000000000001332 ) ;
#2476 = DIRECTION ( 'NONE',  ( 0.9999981302302332065, 0.001933788002217605309, -4.802769156365710237E-17 ) ) ;
#2477 = ADVANCED_FACE ( 'NONE', ( #2102 ), #2117, .T. ) ;
#2478 = CARTESIAN_POINT ( 'NONE',  ( 21.67281267413515167, 6.044765569636400215, 4.999999999999880096 ) ) ;
#2479 = CARTESIAN_POINT ( 'NONE',  ( 29.75165479824011783, 14.21978275136399006, 4.999999999999880096 ) ) ;
#2480 = ORIENTED_EDGE ( 'NONE', *, *, #1534, .T. ) ;
#2481 = CARTESIAN_POINT ( 'NONE',  ( 12.66984313478220159, 11.58588814742284079, 4.999999999999880096 ) ) ;
#2483 = CARTESIAN_POINT ( 'NONE',  ( 13.78623728648042146, -3.653271791337149743, 2.499999999999880096 ) ) ;
#2482 = DIRECTION ( 'NONE',  ( 4.178121103125229940E-17, 3.437931438000229393E-17, 1.000000000000000000 ) ) ;
#2484 = ORIENTED_EDGE ( 'NONE', *, *, #1103, .T. ) ;
#2485 = DIRECTION ( 'NONE',  ( -0.8343594835823765488, -0.5512206927866094563, 4.723222202963138644E-17 ) ) ;
#2486 = ORIENTED_EDGE ( 'NONE', *, *, #2951, .F. ) ;
#2487 = DIRECTION ( 'NONE',  ( 0.9719232228336939228, -0.2352982127355959796, -4.358957873141144061E-17 ) ) ;
#2488 = CARTESIAN_POINT ( 'NONE',  ( 22.81888463939674949, 15.66322705266169990, -1.188285581044112102E-13 ) ) ;
#2489 = ADVANCED_FACE ( 'NONE', ( #671 ), #1175, .F. ) ;
#2490 = EDGE_LOOP ( 'NONE', ( #2704, #2575, #2344, #637 ) ) ;
#2491 = DIRECTION ( 'NONE',  ( 8.593937290132408855E-18, -1.300827993790483936E-17, 1.000000000000000000 ) ) ;
#2492 = EDGE_CURVE ( 'NONE', #281, #2251, #170, .T. ) ;
#2493 = LINE ( 'NONE', #785, #2369 ) ;
#2494 = ORIENTED_EDGE ( 'NONE', *, *, #587, .T. ) ;
#2495 = CARTESIAN_POINT ( 'NONE',  ( 17.57878010726210150, -5.765776219010850134, 2.499999999999880096 ) ) ;
#2497 = CARTESIAN_POINT ( 'NONE',  ( 9.330778258854099505, 8.025721523719749229, 2.499999999999880096 ) ) ;
#2496 = DIRECTION ( 'NONE',  ( 4.178121103125229940E-17, 3.437931438000229393E-17, 1.000000000000000000 ) ) ;
#2498 = ORIENTED_EDGE ( 'NONE', *, *, #714, .F. ) ;
#2499 = DIRECTION ( 'NONE',  ( 0.6353906706864891341, -0.7721908414404909937, 0.000000000000000000 ) ) ;
#2500 = AXIS2_PLACEMENT_3D ( 'NONE', #1014, #2966, #2275 ) ;
#2501 = CIRCLE ( 'NONE', #1345, 1.500000000000001332 ) ;
#2502 = ORIENTED_EDGE ( 'NONE', *, *, #99, .F. ) ;
#2503 = CARTESIAN_POINT ( 'NONE',  ( 25.76684524100824802, 17.85530735828364968, 2.499999999999880096 ) ) ;
#2504 = ORIENTED_EDGE ( 'NONE', *, *, #2733, .T. ) ;
#2505 = CARTESIAN_POINT ( 'NONE',  ( 21.67281267413515167, 6.044765569636400215, -1.188285581044112102E-13 ) ) ;
#2506 = VERTEX_POINT ( 'NONE', #1869 ) ;
#2507 = VECTOR ( 'NONE', #2279, 1000.000000000000000 ) ;
#2508 = LINE ( 'NONE', #2945, #1687 ) ;
#2509 = VECTOR ( 'NONE', #1760, 1000.000000000000000 ) ;
#2510 = EDGE_CURVE ( 'NONE', #78, #947, #3042, .T. ) ;
#2511 = DIRECTION ( 'NONE',  ( 3.223082373619879362E-17, 4.598590846719929387E-17, 1.000000000000000000 ) ) ;
#2512 = EDGE_LOOP ( 'NONE', ( #2812, #2787, #200, #2549 ) ) ;
#2513 = DIRECTION ( 'NONE',  ( 3.223082373619879362E-17, 4.598590846719929387E-17, 1.000000000000000000 ) ) ;
#2514 = ORIENTED_EDGE ( 'NONE', *, *, #3038, .T. ) ;
#2515 = ADVANCED_FACE ( 'NONE', ( #2828 ), #1644, .T. ) ;
#2516 = CARTESIAN_POINT ( 'NONE',  ( 21.48050167117609988, 18.54328614121369867, 2.499999999999880096 ) ) ;
#2517 = EDGE_LOOP ( 'NONE', ( #3100, #709, #1566, #1283 ) ) ;
#2518 = CARTESIAN_POINT ( 'NONE',  ( 12.76994470188230046, 2.228062264605390030, -1.179611963664229834E-13 ) ) ;
#2519 = VECTOR ( 'NONE', #727, 1000.000000000000000 ) ;
#2520 = ORIENTED_EDGE ( 'NONE', *, *, #2239, .T. ) ;
#2521 = DIRECTION ( 'NONE',  ( -0.6353906706864889120, 0.7721908414404912158, 0.000000000000000000 ) ) ;
#2522 = ORIENTED_EDGE ( 'NONE', *, *, #423, .T. ) ;
#2523 = AXIS2_PLACEMENT_3D ( 'NONE', #482, #1443, #2447 ) ;
#2524 = DIRECTION ( 'NONE',  ( -3.223082373619879362E-17, -4.598590846719929387E-17, -1.000000000000000000 ) ) ;
#2525 = VERTEX_POINT ( 'NONE', #2859 ) ;
#2526 = CIRCLE ( 'NONE', #660, 1.499999999999931388 ) ;
#2527 = DIRECTION ( 'NONE',  ( -0.8343594835823756606, -0.5512206927866110107, 4.723222202963160831E-17 ) ) ;
#2528 = CARTESIAN_POINT ( 'NONE',  ( 10.63764878271874004, 0.1732105890899850176, -1.179611963664229834E-13 ) ) ;
#2529 = EDGE_LOOP ( 'NONE', ( #2219, #188, #666, #1478 ) ) ;
#2530 = DIRECTION ( 'NONE',  ( 8.593937290132159254E-18, -1.300827993790464060E-17, 1.000000000000000000 ) ) ;
#2531 = EDGE_CURVE ( 'NONE', #148, #2720, #1614, .T. ) ;
#2532 = EDGE_LOOP ( 'NONE', ( #2770, #2281 ) ) ;
#2533 = CARTESIAN_POINT ( 'NONE',  ( 92.16216096302429150, -2.451302734827784935, 5.000000000000000000 ) ) ;
#2534 = ORIENTED_EDGE ( 'NONE', *, *, #1107, .F. ) ;
#2535 = CARTESIAN_POINT ( 'NONE',  ( 64.69975104248850073, 11.62439978087055970, 1.734723475976804925E-15 ) ) ;
#2536 = EDGE_CURVE ( 'NONE', #133, #3071, #266, .T. ) ;
#2537 = ORIENTED_EDGE ( 'NONE', *, *, #694, .F. ) ;
#2538 = CARTESIAN_POINT ( 'NONE',  ( 26.35207586097344645, 17.63590425521430305, 2.499999999999880096 ) ) ;
#2539 = ORIENTED_EDGE ( 'NONE', *, *, #539, .F. ) ;
#2540 = DIRECTION ( 'NONE',  ( 3.223082373619839303E-17, 4.598590846719979307E-17, 1.000000000000000000 ) ) ;
#2541 = DIRECTION ( 'NONE',  ( 3.223082373619839303E-17, 4.598590846719979307E-17, 1.000000000000000000 ) ) ;
#2542 = VERTEX_POINT ( 'NONE', #2564 ) ;
#2543 = CARTESIAN_POINT ( 'NONE',  ( 21.67281267413515167, 6.044765569636400215, -1.188285581044112102E-13 ) ) ;
#2544 = CYLINDRICAL_SURFACE ( 'NONE', #1366, 4.499999999999999112 ) ;
#2545 = EDGE_LOOP ( 'NONE', ( #1487, #1438, #2594, #2981 ) ) ;
#2546 = EDGE_CURVE ( 'NONE', #285, #2973, #2769, .T. ) ;
#2547 = LINE ( 'NONE', #1144, #161 ) ;
#2548 = VECTOR ( 'NONE', #1845, 1000.000000000000000 ) ;
#2549 = ORIENTED_EDGE ( 'NONE', *, *, #439, .T. ) ;
#2550 = EDGE_CURVE ( 'NONE', #2848, #866, #1417, .T. ) ;
#2551 = LINE ( 'NONE', #2077, #1370 ) ;
#2552 = EDGE_CURVE ( 'NONE', #416, #2210, #2270, .T. ) ;
#2553 = VERTEX_POINT ( 'NONE', #1400 ) ;
#2554 = FACE_OUTER_BOUND ( 'NONE', #347, .T. ) ;
#2555 = CARTESIAN_POINT ( 'NONE',  ( 98.19516258861669655, 0.4551734861010460209, 5.000000000000000000 ) ) ;
#2556 = APPLICATION_PROTOCOL_DEFINITION ( 'draft international standard', 'automotive_design', 1998, #836 ) ;
#2557 = AXIS2_PLACEMENT_3D ( 'NONE', #471, #713, #2449 ) ;
#2558 = ORIENTED_EDGE ( 'NONE', *, *, #2571, .T. ) ;
#2559 = DIRECTION ( 'NONE',  ( 3.223082373619879362E-17, 4.598590846719929387E-17, 1.000000000000000000 ) ) ;
#2560 = CIRCLE ( 'NONE', #1353, 4.499999999999998224 ) ;
#2561 = CARTESIAN_POINT ( 'NONE',  ( 25.37664876762615052, -3.856703924389470295, -1.188285581044112102E-13 ) ) ;
#2562 = ORIENTED_EDGE ( 'NONE', *, *, #8, .F. ) ;
#2563 = CARTESIAN_POINT ( 'NONE',  ( 12.56493313821630053, 0.6778269350177290598, -1.179611963664229834E-13 ) ) ;
#2564 = CARTESIAN_POINT ( 'NONE',  ( 58.20155193755810785, 18.73757709136154759, 5.000000000000000000 ) ) ;
#2565 = EDGE_LOOP ( 'NONE', ( #1472, #2299, #3005, #2674 ) ) ;
#2566 = DIRECTION ( 'NONE',  ( -0.9864322206003931504, -0.1641690414218750227, 0.000000000000000000 ) ) ;
#2567 = DIRECTION ( 'NONE',  ( 3.223082373619724671E-17, 4.598590846720019367E-17, 1.000000000000000000 ) ) ;
#2568 = AXIS2_PLACEMENT_3D ( 'NONE', #1729, #2980, #813 ) ;
#2569 = EDGE_CURVE ( 'NONE', #1500, #294, #932, .T. ) ;
#2570 = CARTESIAN_POINT ( 'NONE',  ( 66.82364638326629347, -0.5579346353762220101, 5.000000000000000000 ) ) ;
#2571 = EDGE_CURVE ( 'NONE', #1350, #2274, #2016, .T. ) ;
#2572 = ORIENTED_EDGE ( 'NONE', *, *, #545, .T. ) ;
#2573 = AXIS2_PLACEMENT_3D ( 'NONE', #454, #624, #39 ) ;
#2574 = FILL_AREA_STYLE ('',( #3063 ) ) ;
#2575 = ORIENTED_EDGE ( 'NONE', *, *, #194, .T. ) ;
#2576 = LINE ( 'NONE', #1880, #635 ) ;
#2577 = AXIS2_PLACEMENT_3D ( 'NONE', #643, #1100, #1579 ) ;
#2578 = DIRECTION ( 'NONE',  ( 0.6353906706864891341, -0.7721908414404909937, 1.503073264317039804E-17 ) ) ;
#2579 = ORIENTED_EDGE ( 'NONE', *, *, #2757, .F. ) ;
#2580 = CARTESIAN_POINT ( 'NONE',  ( 95.53554368579308687, -7.508955004902410302, 5.000000000000000000 ) ) ;
#2581 = CARTESIAN_POINT ( 'NONE',  ( 21.76677810430769711, -4.526358800387079384, -1.188285581044112102E-13 ) ) ;
#2582 = AXIS2_PLACEMENT_3D ( 'NONE', #1922, #2884, #2391 ) ;
#2583 = EDGE_LOOP ( 'NONE', ( #598, #192, #2644, #43 ) ) ;
#2584 = CARTESIAN_POINT ( 'NONE',  ( 14.63324258506532338, 4.533324879078722169, -1.188285581044112860E-13 ) ) ;
#2585 = DIRECTION ( 'NONE',  ( -0.8343594835823749944, -0.5512206927866118988, 4.723222202963166994E-17 ) ) ;
#2586 = CARTESIAN_POINT ( 'NONE',  ( 20.60527730848594885, 12.76735386375349890, 5.000000000000000000 ) ) ;
#2587 = EDGE_LOOP ( 'NONE', ( #1038, #2692, #2829, #783 ) ) ;
#2588 = ORIENTED_EDGE ( 'NONE', *, *, #623, .T. ) ;
#2589 = EDGE_CURVE ( 'NONE', #2869, #1198, #3057, .T. ) ;
#2590 = LINE ( 'NONE', #867, #2751 ) ;
#2591 = ORIENTED_EDGE ( 'NONE', *, *, #99, .T. ) ;
#2592 = DIRECTION ( 'NONE',  ( -4.800258967122369736E-17, -1.302709821112001989E-17, -1.000000000000000000 ) ) ;
#2593 = CARTESIAN_POINT ( 'NONE',  ( 21.67281267413515167, 6.044765569636400215, -1.188285581044112860E-13 ) ) ;
#2594 = ORIENTED_EDGE ( 'NONE', *, *, #2196, .F. ) ;
#2595 = CARTESIAN_POINT ( 'NONE',  ( 21.67281267413515167, 6.044765569636400215, 4.999999999999880096 ) ) ;
#2596 = DIRECTION ( 'NONE',  ( 3.223082373619899700E-17, 4.598590846719909049E-17, 1.000000000000000000 ) ) ;
#2597 = DIRECTION ( 'NONE',  ( -4.800258967122369736E-17, -1.302709821111999986E-17, -1.000000000000000000 ) ) ;
#2598 = CIRCLE ( 'NONE', #933, 4.500000000000003553 ) ;
#2599 = DIRECTION ( 'NONE',  ( 1.000000000000000000, 0.000000000000000000, 0.000000000000000000 ) ) ;
#2600 = ORIENTED_EDGE ( 'NONE', *, *, #2878, .F. ) ;
#2601 = DIRECTION ( 'NONE',  ( 0.6353906706864891341, -0.7721908414404909937, 1.503073264317039804E-17 ) ) ;
#2602 = ADVANCED_FACE ( 'NONE', ( #458 ), #2907, .T. ) ;
#2603 = AXIS2_PLACEMENT_3D ( 'NONE', #1237, #1704, #484 ) ;
#2604 = CYLINDRICAL_SURFACE ( 'NONE', #2573, 9.686500000000000554 ) ;
#2605 = ORIENTED_EDGE ( 'NONE', *, *, #272, .F. ) ;
#2606 = CYLINDRICAL_SURFACE ( 'NONE', #1903, 4.500000000000000000 ) ;
#2607 = EDGE_CURVE ( 'NONE', #575, #823, #1912, .T. ) ;
#2608 = CARTESIAN_POINT ( 'NONE',  ( 19.27909029219014769, -3.341307912292859505, -1.188285581044112102E-13 ) ) ;
#2609 = VECTOR ( 'NONE', #3055, 1000.000000000000000 ) ;
#2610 = ORIENTED_EDGE ( 'NONE', *, *, #2531, .F. ) ;
#2611 = CARTESIAN_POINT ( 'NONE',  ( 26.97749847926804989, -2.060084259868264933, 4.999999999999880096 ) ) ;
#2612 = CARTESIAN_POINT ( 'NONE',  ( 98.19516258861669655, 0.4551734861010460209, 0.000000000000000000 ) ) ;
#2613 = LINE ( 'NONE', #1407, #3075 ) ;
#2614 = AXIS2_PLACEMENT_3D ( 'NONE', #1931, #2924, #1706 ) ;
#2615 = ORIENTED_EDGE ( 'NONE', *, *, #1181, .F. ) ;
#2616 = DIRECTION ( 'NONE',  ( -0.8343594835823756606, -0.5512206927866110107, 4.723222202963160831E-17 ) ) ;
#2617 = AXIS2_PLACEMENT_3D ( 'NONE', #2648, #520, #2142 ) ;
#2618 = DIRECTION ( 'NONE',  ( -0.9864322206003931504, -0.1641690414218750227, 3.934298554185154033E-17 ) ) ;
#2619 = AXIS2_PLACEMENT_3D ( 'NONE', #1741, #2040, #791 ) ;
#2620 = VERTEX_POINT ( 'NONE', #2437 ) ;
#2621 = CARTESIAN_POINT ( 'NONE',  ( 21.67281267413515167, 6.044765569636400215, 4.999999999999880096 ) ) ;
#2622 = ADVANCED_FACE ( 'NONE', ( #500 ), #1188, .T. ) ;
#2623 = DIRECTION ( 'NONE',  ( -0.8343594835823749944, -0.5512206927866118988, 0.000000000000000000 ) ) ;
#2624 = ORIENTED_EDGE ( 'NONE', *, *, #1555, .T. ) ;
#2625 = LINE ( 'NONE', #260, #1567 ) ;
#2626 = FACE_OUTER_BOUND ( 'NONE', #2583, .T. ) ;
#2627 = EDGE_CURVE ( 'NONE', #2330, #1932, #288, .T. ) ;
#2628 = CARTESIAN_POINT ( 'NONE',  ( 21.67281267413515167, 6.044765569636400215, 4.999999999999880096 ) ) ;
#2629 = ORIENTED_EDGE ( 'NONE', *, *, #1628, .F. ) ;
#2630 = CYLINDRICAL_SURFACE ( 'NONE', #1241, 12.50000000000000178 ) ;
#2631 = VECTOR ( 'NONE', #1482, 1000.000000000000114 ) ;
#2632 = LINE ( 'NONE', #2933, #1316 ) ;
#2633 = ORIENTED_EDGE ( 'NONE', *, *, #1221, .F. ) ;
#2634 = CYLINDRICAL_SURFACE ( 'NONE', #2557, 4.500000000000000000 ) ;
#2635 = SURFACE_SIDE_STYLE ('',( #1677 ) ) ;
#2636 = ORIENTED_EDGE ( 'NONE', *, *, #427, .F. ) ;
#2637 = DIRECTION ( 'NONE',  ( -3.223082373619879362E-17, -4.598590846719929387E-17, -1.000000000000000000 ) ) ;
#2638 = CARTESIAN_POINT ( 'NONE',  ( 21.67281267413515167, 6.044765569636400215, 14.99999999999987921 ) ) ;
#2639 = EDGE_CURVE ( 'NONE', #12, #412, #967, .T. ) ;
#2640 = EDGE_CURVE ( 'NONE', #1961, #2869, #1658, .T. ) ;
#2641 = DIRECTION ( 'NONE',  ( 6.607690058568798879E-17, 6.509532015078939855E-17, 1.000000000000000000 ) ) ;
#2642 = CARTESIAN_POINT ( 'NONE',  ( 25.20005152494200118, 16.01051120345280054, -1.196959198423995885E-13 ) ) ;
#2643 = CIRCLE ( 'NONE', #982, 1.499999999999974465 ) ;
#2644 = ORIENTED_EDGE ( 'NONE', *, *, #3056, .T. ) ;
#2645 = EDGE_CURVE ( 'NONE', #884, #973, #314, .T. ) ;
#2646 = VERTEX_POINT ( 'NONE', #1254 ) ;
#2647 = LINE ( 'NONE', #1234, #2191 ) ;
#2648 = CARTESIAN_POINT ( 'NONE',  ( 30.77984314712904990, 28.18517061820159952, 2.602085213965209853E-15 ) ) ;
#2649 = EDGE_LOOP ( 'NONE', ( #2850, #669, #3052, #1092 ) ) ;
#2650 = DIRECTION ( 'NONE',  ( 0.000000000000000000, 0.000000000000000000, 1.000000000000000000 ) ) ;
#2651 = CARTESIAN_POINT ( 'NONE',  ( 17.96897658064419900, 15.94623506366230004, -1.188285581044112102E-13 ) ) ;
#2652 = ORIENTED_EDGE ( 'NONE', *, *, #790, .T. ) ;
#2653 = AXIS2_PLACEMENT_3D ( 'NONE', #779, #2683, #2168 ) ;
#2654 = LINE ( 'NONE', #487, #2053 ) ;
#2655 = CARTESIAN_POINT ( 'NONE',  ( 21.76677810430769711, -4.526358800387079384, 4.999999999999880096 ) ) ;
#2656 = CARTESIAN_POINT ( 'NONE',  ( 21.97008082230529880, 16.61212718910674724, 4.999999999999880096 ) ) ;
#2657 = MANIFOLD_SOLID_BREP ( '切除-拉伸3', #2101 ) ;
#2658 = EDGE_CURVE ( 'NONE', #1844, #501, #1466, .T. ) ;
#2659 = ORIENTED_EDGE ( 'NONE', *, *, #401, .F. ) ;
#2660 = VERTEX_POINT ( 'NONE', #117 ) ;
#2661 = CARTESIAN_POINT ( 'NONE',  ( 23.17281267413515167, 6.044765569636400215, 4.999999999999880984 ) ) ;
#2662 = ADVANCED_FACE ( 'NONE', ( #2227 ), #2289, .T. ) ;
#2663 = DIRECTION ( 'NONE',  ( 3.223082373619879362E-17, 4.598590846719929387E-17, 1.000000000000000000 ) ) ;
#2664 = ORIENTED_EDGE ( 'NONE', *, *, #29, .F. ) ;
#2665 = CIRCLE ( 'NONE', #1960, 4.500000000000000000 ) ;
#2666 = CARTESIAN_POINT ( 'NONE',  ( 13.49159973614550090, 15.49557267079295109, -1.188285581044112102E-13 ) ) ;
#2667 = AXIS2_PLACEMENT_3D ( 'NONE', #1586, #1629, #1382 ) ;
#2668 = CIRCLE ( 'NONE', #420, 12.50000000000000178 ) ;
#2669 = EDGE_LOOP ( 'NONE', ( #2396, #2636 ) ) ;
#2670 = FACE_OUTER_BOUND ( 'NONE', #1642, .T. ) ;
#2671 = DIRECTION ( 'NONE',  ( 0.9864322206003921512, 0.1641690414218819616, -3.934298554185479438E-17 ) ) ;
#2672 = DIRECTION ( 'NONE',  ( -0.8343594835823749944, -0.5512206927866118988, 0.000000000000000000 ) ) ;
#2673 = ORIENTED_EDGE ( 'NONE', *, *, #2070, .F. ) ;
#2674 = ORIENTED_EDGE ( 'NONE', *, *, #1399, .F. ) ;
#2675 = CARTESIAN_POINT ( 'NONE',  ( 21.67281267413515167, 6.044765569636400215, -1.188285581044112860E-13 ) ) ;
#2676 = EDGE_CURVE ( 'NONE', #1544, #145, #463, .T. ) ;
#2677 = CARTESIAN_POINT ( 'NONE',  ( 24.68425336469269382, -0.9948045194336644359, -1.188285581044112860E-13 ) ) ;
#2678 = EDGE_LOOP ( 'NONE', ( #2060, #2979, #1592, #505 ) ) ;
#2679 = DIRECTION ( 'NONE',  ( 3.223082373619919421E-17, 4.598590846719879467E-17, 1.000000000000000000 ) ) ;
#2681 = LINE ( 'NONE', #525, #2871 ) ;
#2680 = FILL_AREA_STYLE_COLOUR ( '', #2109 ) ;
#2682 = EDGE_LOOP ( 'NONE', ( #2712, #1300 ) ) ;
#2683 = DIRECTION ( 'NONE',  ( -4.178121103125229940E-17, -3.437931438000229393E-17, -1.000000000000000000 ) ) ;
#2684 = CARTESIAN_POINT ( 'NONE',  ( 30.03428467607114882, 15.33647079315915107, -1.196959198423995885E-13 ) ) ;
#2685 = CARTESIAN_POINT ( 'NONE',  ( 15.10796417108450029, 14.33091449905863968, -1.188285581044112102E-13 ) ) ;
#2686 = FACE_BOUND ( 'NONE', #1084, .T. ) ;
#2687 = ORIENTED_EDGE ( 'NONE', *, *, #2983, .F. ) ;
#2688 = DIRECTION ( 'NONE',  ( 4.800258967122369736E-17, 1.302709821111999986E-17, 1.000000000000000000 ) ) ;
#2689 = CIRCLE ( 'NONE', #397, 12.50000000000000178 ) ;
#2690 = CARTESIAN_POINT ( 'NONE',  ( 23.18425336469269382, -0.9948045194336644359, -1.188285581044112860E-13 ) ) ;
#2692 = ORIENTED_EDGE ( 'NONE', *, *, #1415, .F. ) ;
#2691 = DIRECTION ( 'NONE',  ( 0.6353906706864890230, -0.7721908414404911047, 1.503073264317007757E-17 ) ) ;
#2693 = DIRECTION ( 'NONE',  ( -3.223082373619879362E-17, -4.598590846719929387E-17, -1.000000000000000000 ) ) ;
#2694 = AXIS2_PLACEMENT_3D ( 'NONE', #1640, #2335, #2601 ) ;
#2695 = ADVANCED_FACE ( 'NONE', ( #2260 ), #2054, .F. ) ;
#2697 = FACE_OUTER_BOUND ( 'NONE', #1196, .T. ) ;
#2696 = CARTESIAN_POINT ( 'NONE',  ( 21.67281267413515167, 6.044765569636400215, 4.999999999999880096 ) ) ;
#2698 = ORIENTED_EDGE ( 'NONE', *, *, #2031, .T. ) ;
#2699 = DIRECTION ( 'NONE',  ( -3.223082373619879362E-17, -4.598590846719929387E-17, -1.000000000000000000 ) ) ;
#2700 = EDGE_CURVE ( 'NONE', #3004, #2856, #1915, .T. ) ;
#2701 = AXIS2_PLACEMENT_3D ( 'NONE', #2621, #760, #1913 ) ;
#2702 = DIRECTION ( 'NONE',  ( -0.8343594835823765488, -0.5512206927866094563, 0.000000000000000000 ) ) ;
#2703 = LINE ( 'NONE', #1278, #2631 ) ;
#2704 = ORIENTED_EDGE ( 'NONE', *, *, #1163, .T. ) ;
#2705 = AXIS2_PLACEMENT_3D ( 'NONE', #522, #2178, #1958 ) ;
#2706 = DIRECTION ( 'NONE',  ( -0.8343594835823756606, -0.5512206927866111217, 4.723222202963157749E-17 ) ) ;
#2707 = DIRECTION ( 'NONE',  ( 3.223082373619839303E-17, 4.598590846719979307E-17, 1.000000000000000000 ) ) ;
#2709 = ORIENTED_EDGE ( 'NONE', *, *, #2154, .T. ) ;
#2708 = CARTESIAN_POINT ( 'NONE',  ( 25.56640389503060362, 15.87316560998564974, -1.196959198423995885E-13 ) ) ;
#2710 = DIRECTION ( 'NONE',  ( 3.223082373619874432E-17, 4.598590846719929387E-17, 1.000000000000000000 ) ) ;
#2711 = CIRCLE ( 'NONE', #1611, 1.500000000000001332 ) ;
#2712 = ORIENTED_EDGE ( 'NONE', *, *, #1163, .F. ) ;
#2713 = CARTESIAN_POINT ( 'NONE',  ( 22.66261644465090086, 10.13325081322723875, 3.469446951953614978E-15 ) ) ;
#2714 = AXIS2_PLACEMENT_3D ( 'NONE', #2165, #2145, #2402 ) ;
#2715 = EDGE_LOOP ( 'NONE', ( #236, #431, #2063, #2146 ) ) ;
#2716 = EDGE_CURVE ( 'NONE', #1798, #3023, #1321, .T. ) ;
#2717 = DIRECTION ( 'NONE',  ( 0.6353906706864885789, -0.7721908414404916599, 1.503073264317128551E-17 ) ) ;
#2718 = CIRCLE ( 'NONE', #74, 9.686499999999998778 ) ;
#2719 = CIRCLE ( 'NONE', #705, 12.50000000000000178 ) ;
#2720 = VERTEX_POINT ( 'NONE', #2533 ) ;
#2721 = ADVANCED_FACE ( 'NONE', ( #1030 ), #2970, .T. ) ;
#2722 = DIRECTION ( 'NONE',  ( 3.223082373619694473E-17, 4.598590846720039088E-17, 1.000000000000000000 ) ) ;
#2723 = CIRCLE ( 'NONE', #421, 4.499999999999998224 ) ;
#2724 = DIRECTION ( 'NONE',  ( 0.3329671022960505322, -0.9429384437960790510, 3.263007698255061312E-17 ) ) ;
#2725 = DIRECTION ( 'NONE',  ( 1.000000000000000000, 0.000000000000000000, 0.000000000000000000 ) ) ;
#2726 = CARTESIAN_POINT ( 'NONE',  ( 28.23766117718584923, -2.241383359785805052, 4.999999999999880096 ) ) ;
#2727 = ORIENTED_EDGE ( 'NONE', *, *, #1181, .T. ) ;
#2728 = LINE ( 'NONE', #1063, #147 ) ;
#2729 = DIRECTION ( 'NONE',  ( 4.800258967122369736E-17, 1.302709821111999986E-17, 1.000000000000000000 ) ) ;
#2730 = ORIENTED_EDGE ( 'NONE', *, *, #1766, .T. ) ;
#2731 = CYLINDRICAL_SURFACE ( 'NONE', #2255, 4.499999999999999112 ) ;
#2732 = AXIS2_PLACEMENT_3D ( 'NONE', #2505, #1965, #1949 ) ;
#2733 = EDGE_CURVE ( 'NONE', #1587, #728, #803, .T. ) ;
#2734 = ORIENTED_EDGE ( 'NONE', *, *, #182, .T. ) ;
#2735 = DIRECTION ( 'NONE',  ( 3.223082373619879362E-17, 4.598590846719929387E-17, 1.000000000000000000 ) ) ;
#2736 = VERTEX_POINT ( 'NONE', #541 ) ;
#2737 = DIRECTION ( 'NONE',  ( 3.223082373619879362E-17, 4.598590846719929387E-17, 1.000000000000000000 ) ) ;
#2738 = EDGE_CURVE ( 'NONE', #277, #465, #1542, .T. ) ;
#2739 = ADVANCED_FACE ( 'NONE', ( #1821 ), #165, .T. ) ;
#2740 = VERTEX_POINT ( 'NONE', #1156 ) ;
#2741 = PRODUCT ( '装舵机孔m3STP', '装舵机孔m3STP', '', ( #393 ) ) ;
#2742 = CARTESIAN_POINT ( 'NONE',  ( 29.85402561212490014, -3.406041531520069832, -1.188285581044112102E-13 ) ) ;
#2743 = EDGE_CURVE ( 'NONE', #3065, #575, #270, .T. ) ;
#2744 = DIRECTION ( 'NONE',  ( 3.223082373619879362E-17, 4.598590846719929387E-17, 1.000000000000000000 ) ) ;
#2745 = ORIENTED_EDGE ( 'NONE', *, *, #1048, .T. ) ;
#2746 = DIRECTION ( 'NONE',  ( -1.189691474131885880E-17, 2.107149593476394831E-17, 1.000000000000000000 ) ) ;
#2747 = AXIS2_PLACEMENT_3D ( 'NONE', #1829, #2066, #2527 ) ;
#2748 = CARTESIAN_POINT ( 'NONE',  ( 26.97749847926804989, -2.060084259868264933, -1.188285581044112102E-13 ) ) ;
#2749 = VERTEX_POINT ( 'NONE', #440 ) ;
#2750 = CYLINDRICAL_SURFACE ( 'NONE', #1561, 9.686500000000000554 ) ;
#2751 = VECTOR ( 'NONE', #2559, 1000.000000000000000 ) ;
#2752 = VERTEX_POINT ( 'NONE', #1395 ) ;
#2753 = DIRECTION ( 'NONE',  ( -6.578364856900049902E-18, 3.952700824411869402E-17, 1.000000000000000000 ) ) ;
#2754 = ORIENTED_EDGE ( 'NONE', *, *, #971, .F. ) ;
#2755 = CYLINDRICAL_SURFACE ( 'NONE', #857, 1.500000000000001332 ) ;
#2756 = VECTOR ( 'NONE', #1897, 999.9999999999998863 ) ;
#2757 = EDGE_CURVE ( 'NONE', #1791, #2394, #3053, .T. ) ;
#2758 = CIRCLE ( 'NONE', #2860, 9.686500000000002331 ) ;
#2759 = CARTESIAN_POINT ( 'NONE',  ( 28.69089059545283504, -0.6316754388885147398, -1.189684324000888966E-13 ) ) ;
#2760 = AXIS2_PLACEMENT_3D ( 'NONE', #209, #1884, #168 ) ;
#2761 = LINE ( 'NONE', #346, #2873 ) ;
#2762 = ORIENTED_EDGE ( 'NONE', *, *, #1853, .F. ) ;
#2763 = ADVANCED_FACE ( 'NONE', ( #2097 ), #668, .F. ) ;
#2764 = DIRECTION ( 'NONE',  ( 0.8611767468245449253, -0.5083056272841108836, -4.381539882965519653E-18 ) ) ;
#2765 = DIRECTION ( 'NONE',  ( 0.8707939595268957556, 0.4916481262564426635, -5.067529235215583846E-17 ) ) ;
#2766 = ORIENTED_EDGE ( 'NONE', *, *, #331, .T. ) ;
#2767 = DIRECTION ( 'NONE',  ( 3.223082373619839303E-17, 4.598590846719979307E-17, 1.000000000000000000 ) ) ;
#2768 = AXIS2_PLACEMENT_3D ( 'NONE', #2628, #448, #1437 ) ;
#2769 = CIRCLE ( 'NONE', #1413, 1.500000000000001332 ) ;
#2770 = ORIENTED_EDGE ( 'NONE', *, *, #2, .F. ) ;
#2771 = DIRECTION ( 'NONE',  ( -0.8343594835823759936, -0.5512206927866104555, 0.000000000000000000 ) ) ;
#2772 = ORIENTED_EDGE ( 'NONE', *, *, #809, .T. ) ;
#2773 = CIRCLE ( 'NONE', #561, 9.686499999999998778 ) ;
#2774 = CARTESIAN_POINT ( 'NONE',  ( 20.16137198357773386, 13.08433565870607396, -1.188285581044112860E-13 ) ) ;
#2775 = VECTOR ( 'NONE', #1724, 1000.000000000000000 ) ;
#2776 = CYLINDRICAL_SURFACE ( 'NONE', #1465, 4.500000000000000000 ) ;
#2777 = ADVANCED_FACE ( 'NONE', ( #2086 ), #2544, .T. ) ;
#2778 = EDGE_LOOP ( 'NONE', ( #2885, #2044, #2901, #1035 ) ) ;
#2779 = CARTESIAN_POINT ( 'NONE',  ( 60.25903154448069188, 18.32057960730545076, 1.734723475976804925E-15 ) ) ;
#2780 = EDGE_CURVE ( 'NONE', #707, #275, #2304, .T. ) ;
#2781 = ORIENTED_EDGE ( 'NONE', *, *, #1204, .T. ) ;
#2782 = ADVANCED_FACE ( 'NONE', ( #2072 ), #224, .T. ) ;
#2783 = VERTEX_POINT ( 'NONE', #2127 ) ;
#2784 = DIRECTION ( 'NONE',  ( 3.223082373619839303E-17, 4.598590846719979307E-17, 1.000000000000000000 ) ) ;
#2785 = ORIENTED_EDGE ( 'NONE', *, *, #2218, .T. ) ;
#2786 = DIRECTION ( 'NONE',  ( 3.223082373619879362E-17, 4.598590846719929387E-17, 1.000000000000000000 ) ) ;
#2787 = ORIENTED_EDGE ( 'NONE', *, *, #2393, .F. ) ;
#2788 = FACE_OUTER_BOUND ( 'NONE', #2915, .T. ) ;
#2789 = DIRECTION ( 'NONE',  ( -4.178121103125229940E-17, -3.437931438000229393E-17, -1.000000000000000000 ) ) ;
#2790 = EDGE_LOOP ( 'NONE', ( #2234, #2985, #2095, #299, #2166, #1456, #672, #2278, #1855, #895, #229, #774, #2953, #143, #1675, #2238, #410, #977, #1861, #2930, #2605, #3093, #2403, #2892, #105, #2177, #2184, #1227, #1980, #2834, #450, #362, #621, #652, #1651, #2659, #2328, #1072, #880, #875, #753, #2822, #3095, #2537, #369, #1583, #1736, #1617, #2038, #2889, #1253, #2010, #136, #854, #3040, #1639, #2124, #1645, #1207, #776, #2826, #811, #2229, #1246, #2664, #1564, #1626, #1233 ) ) ;
#2791 = DIRECTION ( 'NONE',  ( -3.223082373619879362E-17, -4.598590846719929387E-17, -1.000000000000000000 ) ) ;
#2792 = ORIENTED_EDGE ( 'NONE', *, *, #812, .F. ) ;
#2793 = CYLINDRICAL_SURFACE ( 'NONE', #944, 9.686500000000000554 ) ;
#2794 = EDGE_CURVE ( 'NONE', #2752, #979, #1117, .T. ) ;
#2795 = VECTOR ( 'NONE', #1552, 1000.000000000000114 ) ;
#2796 = DIRECTION ( 'NONE',  ( -0.9830921976803939089, 0.1831112526851726430, 2.326533403457361732E-17 ) ) ;
#2797 = VERTEX_POINT ( 'NONE', #916 ) ;
#2798 = CARTESIAN_POINT ( 'NONE',  ( 14.63324258506532338, 4.533324879078722169, 4.999999999999880984 ) ) ;
#2799 = DIRECTION ( 'NONE',  ( 0.8343594835823755496, 0.5512206927866111217, -4.723222202963160214E-17 ) ) ;
#2800 = ADVANCED_FACE ( 'NONE', ( #1172 ), #1865, .T. ) ;
#2801 = CIRCLE ( 'NONE', #2292, 4.499999999999997335 ) ;
#2802 = LINE ( 'NONE', #648, #2867 ) ;
#2803 =( NAMED_UNIT ( * ) PLANE_ANGLE_UNIT ( ) SI_UNIT ( $, .RADIAN. ) );
#2804 = ORIENTED_EDGE ( 'NONE', *, *, #1894, .T. ) ;
#2805 = FACE_OUTER_BOUND ( 'NONE', #1051, .T. ) ;
#2806 = ORIENTED_EDGE ( 'NONE', *, *, #1168, .F. ) ;
#2807 = CARTESIAN_POINT ( 'NONE',  ( 21.67281267413515167, 6.044765569636400215, -1.188285581044112102E-13 ) ) ;
#2808 = ORIENTED_EDGE ( 'NONE', *, *, #267, .T. ) ;
#2809 = CARTESIAN_POINT ( 'NONE',  ( 21.67281267413515167, 6.044765569636400215, -1.188285581044112102E-13 ) ) ;
#2810 = ADVANCED_FACE ( 'NONE', ( #680 ), #2604, .T. ) ;
#2811 = CARTESIAN_POINT ( 'NONE',  ( 29.85402561212490014, -3.406041531520069832, 2.499999999999880096 ) ) ;
#2812 = ORIENTED_EDGE ( 'NONE', *, *, #2877, .F. ) ;
#2813 = DIRECTION ( 'NONE',  ( -0.8343594835823756606, -0.5512206927866110107, 4.723222202963160831E-17 ) ) ;
#2814 = ORIENTED_EDGE ( 'NONE', *, *, #755, .F. ) ;
#2815 = AXIS2_PLACEMENT_3D ( 'NONE', #889, #154, #1071 ) ;
#2816 = EDGE_CURVE ( 'NONE', #628, #858, #1520, .T. ) ;
#2817 = VECTOR ( 'NONE', #228, 1000.000000000000000 ) ;
#2818 = CARTESIAN_POINT ( 'NONE',  ( 26.03947561777779995, 14.69118315072846137, -1.196959198423995885E-13 ) ) ;
#2819 = ORIENTED_EDGE ( 'NONE', *, *, #2983, .T. ) ;
#2820 = VECTOR ( 'NONE', #1185, 1000.000000000000000 ) ;
#2821 = AXIS2_PLACEMENT_3D ( 'NONE', #1389, #1636, #2134 ) ;
#2822 = ORIENTED_EDGE ( 'NONE', *, *, #623, .F. ) ;
#2823 = AXIS2_PLACEMENT_3D ( 'NONE', #1077, #816, #72 ) ;
#2824 = DIRECTION ( 'NONE',  ( -0.6501250953843463742, -0.7598271911109092391, 0.000000000000000000 ) ) ;
#2825 = CARTESIAN_POINT ( 'NONE',  ( 21.67281267413515167, 6.044765569636400215, 14.99999999999987921 ) ) ;
#2826 = ORIENTED_EDGE ( 'NONE', *, *, #2536, .F. ) ;
#2827 = DIRECTION ( 'NONE',  ( 0.000000000000000000, 1.213145115067525994E-16, -1.000000000000000000 ) ) ;
#2828 = FACE_OUTER_BOUND ( 'NONE', #1110, .T. ) ;
#2829 = ORIENTED_EDGE ( 'NONE', *, *, #1028, .F. ) ;
#2830 = DIRECTION ( 'NONE',  ( 3.223082373619919421E-17, 4.598590846719879467E-17, 1.000000000000000000 ) ) ;
#2831 = CARTESIAN_POINT ( 'NONE',  ( 95.53554368579308687, -7.508955004902410302, 0.000000000000000000 ) ) ;
#2832 = DIRECTION ( 'NONE',  ( 2.845754347370484793E-17, 4.821306984588029466E-17, 1.000000000000000000 ) ) ;
#2833 = EDGE_CURVE ( 'NONE', #145, #1348, #1910, .T. ) ;
#2834 = ORIENTED_EDGE ( 'NONE', *, *, #2837, .F. ) ;
#2835 = ORIENTED_EDGE ( 'NONE', *, *, #2849, .F. ) ;
#2836 = DIRECTION ( 'NONE',  ( 1.000000000000000000, 0.000000000000000000, 0.000000000000000000 ) ) ;
#2837 = EDGE_CURVE ( 'NONE', #2137, #1506, #1416, .T. ) ;
#2838 = DIRECTION ( 'NONE',  ( 0.6353906706864890230, -0.7721908414404911047, 1.503073264317127935E-17 ) ) ;
#2839 = ORIENTED_EDGE ( 'NONE', *, *, #1930, .T. ) ;
#2840 = CARTESIAN_POINT ( 'NONE',  ( 70.92352307965470004, 11.67283872356342123, 5.000000000000000000 ) ) ;
#2841 = DIRECTION ( 'NONE',  ( 0.9830921976803951301, -0.1831112526851659816, -2.326533403457361732E-17 ) ) ;
#2842 = ORIENTED_EDGE ( 'NONE', *, *, #644, .T. ) ;
#2843 = DIRECTION ( 'NONE',  ( -4.800258967122359875E-17, -1.302709821111993978E-17, -1.000000000000000000 ) ) ;
#2844 = CARTESIAN_POINT ( 'NONE',  ( 17.80669590705599958, 17.93186534810675070, -1.188285581044112102E-13 ) ) ;
#2845 = DIRECTION ( 'NONE',  ( 3.223082373619879362E-17, 4.598590846719929387E-17, 1.000000000000000000 ) ) ;
#2846 = CYLINDRICAL_SURFACE ( 'NONE', #3037, 1.499999999999931388 ) ;
#2847 = AXIS2_PLACEMENT_3D ( 'NONE', #2675, #2851, #1201 ) ;
#2848 = VERTEX_POINT ( 'NONE', #1250 ) ;
#2849 = EDGE_CURVE ( 'NONE', #2210, #2410, #2018, .T. ) ;
#2850 = ORIENTED_EDGE ( 'NONE', *, *, #770, .T. ) ;
#2851 = DIRECTION ( 'NONE',  ( 0.000000000000000000, 0.000000000000000000, 1.000000000000000000 ) ) ;
#2852 = AXIS2_PLACEMENT_3D ( 'NONE', #2943, #1037, #2672 ) ;
#2853 = CIRCLE ( 'NONE', #1247, 9.686500000000002331 ) ;
#2854 = ADVANCED_FACE ( 'NONE', ( #2872 ), #497, .T. ) ;
#2855 = CARTESIAN_POINT ( 'NONE',  ( 9.397567169272400989, 3.685030882145665210, 2.499999999999880096 ) ) ;
#2856 = VERTEX_POINT ( 'NONE', #1235 ) ;
#2857 = CARTESIAN_POINT ( 'NONE',  ( 15.42419115630550053, -2.797031851464479857, 4.999999999999880096 ) ) ;
#2858 = AXIS2_PLACEMENT_3D ( 'NONE', #703, #877, #461 ) ;
#2859 = CARTESIAN_POINT ( 'NONE',  ( 92.16216096302429150, -2.451302734827784935, 7.084833304444830301E-17 ) ) ;
#2860 = AXIS2_PLACEMENT_3D ( 'NONE', #2011, #544, #1082 ) ;
#2861 = ORIENTED_EDGE ( 'NONE', *, *, #755, .T. ) ;
#2862 = CARTESIAN_POINT ( 'NONE',  ( 12.84500026825421948, 10.03199648551959910, 4.999999999999880096 ) ) ;
#2863 = CARTESIAN_POINT ( 'NONE',  ( 16.99354948729695280, -5.546373115941509724, 4.999999999999880096 ) ) ;
#2864 = CIRCLE ( 'NONE', #959, 4.500000000000003553 ) ;
#2865 = CARTESIAN_POINT ( 'NONE',  ( 99.06650787426140425, -5.602631737249589960, 0.000000000000000000 ) ) ;
#2866 = ORIENTED_EDGE ( 'NONE', *, *, #1682, .T. ) ;
#2867 = VECTOR ( 'NONE', #408, 1000.000000000000000 ) ;
#2868 = AXIS2_PLACEMENT_3D ( 'NONE', #2224, #315, #1026 ) ;
#2869 = VERTEX_POINT ( 'NONE', #724 ) ;
#2870 = CARTESIAN_POINT ( 'NONE',  ( 56.91506107130830117, 12.61670311563442048, 1.805571809021255089E-15 ) ) ;
#2871 = VECTOR ( 'NONE', #2845, 1000.000000000000000 ) ;
#2872 = FACE_OUTER_BOUND ( 'NONE', #498, .T. ) ;
#2873 = VECTOR ( 'NONE', #361, 1000.000000000000000 ) ;
#2874 = CIRCLE ( 'NONE', #2170, 4.500000000000000000 ) ;
#2875 = VERTEX_POINT ( 'NONE', #2888 ) ;
#2876 = CARTESIAN_POINT ( 'NONE',  ( 23.88556488048604720, -3.385611407096254855, -1.188285581044112102E-13 ) ) ;
#2877 = EDGE_CURVE ( 'NONE', #2200, #1886, #853, .T. ) ;
#2878 = EDGE_CURVE ( 'NONE', #235, #1032, #25, .T. ) ;
#2879 = ORIENTED_EDGE ( 'NONE', *, *, #1952, .F. ) ;
#2880 = DIRECTION ( 'NONE',  ( 3.223082373619939143E-17, 4.598590846719849268E-17, 1.000000000000000000 ) ) ;
#2881 = CYLINDRICAL_SURFACE ( 'NONE', #739, 12.50000000000000178 ) ;
#2882 = EDGE_CURVE ( 'NONE', #2506, #2318, #469, .T. ) ;
#2883 = DIRECTION ( 'NONE',  ( -4.178121103125229940E-17, -3.437931438000229393E-17, -1.000000000000000000 ) ) ;
#2884 = DIRECTION ( 'NONE',  ( 3.223082373619889223E-17, 4.598590846719949109E-17, 1.000000000000000000 ) ) ;
#2885 = ORIENTED_EDGE ( 'NONE', *, *, #1041, .F. ) ;
#2886 = ORIENTED_EDGE ( 'NONE', *, *, #929, .F. ) ;
#2887 = DIRECTION ( 'NONE',  ( -4.800258967122369736E-17, -1.302709821111999986E-17, -1.000000000000000000 ) ) ;
#2888 = CARTESIAN_POINT ( 'NONE',  ( 28.69089059545283504, -0.6316754388885182925, 4.999999999999880984 ) ) ;
#2889 = ORIENTED_EDGE ( 'NONE', *, *, #287, .F. ) ;
#2890 = DIRECTION ( 'NONE',  ( 0.6353906706864890230, -0.7721908414404911047, 1.503073264317007757E-17 ) ) ;
#2891 = DIRECTION ( 'NONE',  ( -0.6501250953843460412, -0.7598271911109097942, 5.589541101712969699E-17 ) ) ;
#2892 = ORIENTED_EDGE ( 'NONE', *, *, #2293, .F. ) ;
#2893 = EDGE_CURVE ( 'NONE', #681, #579, #2718, .T. ) ;
#2894 = CYLINDRICAL_SURFACE ( 'NONE', #2321, 1.499999999999999778 ) ;
#2895 = CARTESIAN_POINT ( 'NONE',  ( 9.397567169272400989, 3.685030882145665210, 4.999999999999880096 ) ) ;
#2896 = CARTESIAN_POINT ( 'NONE',  ( 30.78069221005405254, 11.41170420425500076, -1.196959198423995885E-13 ) ) ;
#2897 = ADVANCED_FACE ( 'NONE', ( #1702 ), #1428, .T. ) ;
#2898 = DIRECTION ( 'NONE',  ( 1.000000000000000000, 0.000000000000000000, 0.000000000000000000 ) ) ;
#2899 = VECTOR ( 'NONE', #573, 1000.000000000000000 ) ;
#2900 = VERTEX_POINT ( 'NONE', #2416 ) ;
#2901 = ORIENTED_EDGE ( 'NONE', *, *, #2293, .T. ) ;
#2902 = LINE ( 'NONE', #928, #2141 ) ;
#2903 = AXIS2_PLACEMENT_3D ( 'NONE', #1627, #1863, #1832 ) ;
#2904 = DIRECTION ( 'NONE',  ( -0.6353906706864889120, 0.7721908414404911047, 0.000000000000000000 ) ) ;
#2905 = CARTESIAN_POINT ( 'NONE',  ( 92.16216096302429150, -2.451302734827784935, 7.084833304444820440E-17 ) ) ;
#2906 = AXIS2_PLACEMENT_3D ( 'NONE', #775, #1541, #1988 ) ;
#2907 = PLANE ( 'NONE',  #2714 ) ;
#2908 = VERTEX_POINT ( 'NONE', #2677 ) ;
#2909 = CIRCLE ( 'NONE', #107, 12.50000000000000178 ) ;
#2910 = CARTESIAN_POINT ( 'NONE',  ( 21.67281267413515167, 6.044765569636400215, 14.99999999999987921 ) ) ;
#2911 = AXIS2_PLACEMENT_3D ( 'NONE', #810, #1336, #1779 ) ;
#2912 = DIRECTION ( 'NONE',  ( 3.223082373619899700E-17, 4.598590846719909049E-17, 1.000000000000000000 ) ) ;
#2913 = PLANE ( 'NONE',  #283 ) ;
#2914 = ADVANCED_FACE ( 'NONE', ( #53 ), #298, .T. ) ;
#2915 = EDGE_LOOP ( 'NONE', ( #2486, #2355, #2861, #1007 ) ) ;
#2916 = ORIENTED_EDGE ( 'NONE', *, *, #572, .F. ) ;
#2917 = DIRECTION ( 'NONE',  ( 3.223082373619879362E-17, 4.598590846719929387E-17, 1.000000000000000000 ) ) ;
#2918 = VECTOR ( 'NONE', #1371, 1000.000000000000114 ) ;
#2919 = CARTESIAN_POINT ( 'NONE',  ( 21.67281267413515167, 6.044765569636400215, 14.99999999999987921 ) ) ;
#2920 = ORIENTED_EDGE ( 'NONE', *, *, #2315, .T. ) ;
#2921 = AXIS2_PLACEMENT_3D ( 'NONE', #2726, #1553, #2964 ) ;
#2922 = CYLINDRICAL_SURFACE ( 'NONE', #939, 4.499999999999999112 ) ;
#2923 = AXIS2_PLACEMENT_3D ( 'NONE', #2277, #302, #2026 ) ;
#2924 = DIRECTION ( 'NONE',  ( -4.178121103125229940E-17, -3.437931438000229393E-17, -1.000000000000000000 ) ) ;
#2925 = ORIENTED_EDGE ( 'NONE', *, *, #2217, .T. ) ;
#2926 = DIRECTION ( 'NONE',  ( 3.223082373619879362E-17, 4.598590846719929387E-17, 1.000000000000000000 ) ) ;
#2927 = MECHANICAL_DESIGN_GEOMETRIC_PRESENTATION_REPRESENTATION (  '', ( #2319 ), #274 ) ;
#2928 = DIRECTION ( 'NONE',  ( -0.8343594835823756606, -0.5512206927866111217, 0.000000000000000000 ) ) ;
#2929 = DIRECTION ( 'NONE',  ( 0.6353906706864890230, -0.7721908414404911047, 1.503073264317127935E-17 ) ) ;
#2930 = ORIENTED_EDGE ( 'NONE', *, *, #1593, .F. ) ;
#2931 = EDGE_CURVE ( 'NONE', #543, #1585, #1674, .T. ) ;
#2932 = DIRECTION ( 'NONE',  ( 0.6353906706864891341, -0.7721908414404909937, 0.000000000000000000 ) ) ;
#2933 = CARTESIAN_POINT ( 'NONE',  ( 12.00146392535970108, 5.503197818048999324, -1.188285581044112102E-13 ) ) ;
#2934 = ORIENTED_EDGE ( 'NONE', *, *, #1113, .F. ) ;
#2935 = ADVANCED_FACE ( 'NONE', ( #1222 ), #6, .T. ) ;
#2936 = CARTESIAN_POINT ( 'NONE',  ( 21.67281267413515167, 6.044765569636400215, 4.999999999999880096 ) ) ;
#2937 = ORIENTED_EDGE ( 'NONE', *, *, #1641, .F. ) ;
#2938 = DIRECTION ( 'NONE',  ( 0.6353906706864889120, -0.7721908414404912158, 1.503073264317127626E-17 ) ) ;
#2939 = ORIENTED_EDGE ( 'NONE', *, *, #1780, .T. ) ;
#2940 = CARTESIAN_POINT ( 'NONE',  ( 19.46006046778430232, 15.47514254636904951, 4.999999999999880096 ) ) ;
#2941 = DIRECTION ( 'NONE',  ( 3.223082373619929282E-17, 4.598590846719958969E-17, 1.000000000000000000 ) ) ;
#2942 = DIRECTION ( 'NONE',  ( -3.223082373619879362E-17, -4.598590846719929387E-17, -1.000000000000000000 ) ) ;
#2943 = CARTESIAN_POINT ( 'NONE',  ( 93.41370018839779732, -1.624471695647859981, 5.000000000000000000 ) ) ;
#2944 = EDGE_LOOP ( 'NONE', ( #3098, #2225, #2785, #27 ) ) ;
#2945 = CARTESIAN_POINT ( 'NONE',  ( 66.82364638326629347, -0.5579346353762220101, 1.734723475976804925E-15 ) ) ;
#2946 = EDGE_CURVE ( 'NONE', #2242, #48, #1814, .T. ) ;
#2947 = DIRECTION ( 'NONE',  ( -0.000000000000000000, -0.000000000000000000, 1.000000000000000000 ) ) ;
#2949 = ORIENTED_EDGE ( 'NONE', *, *, #210, .F. ) ;
#2948 = DIRECTION ( 'NONE',  ( 3.223082373619789383E-17, 4.598590846719949109E-17, 1.000000000000000000 ) ) ;
#2950 = DIRECTION ( 'NONE',  ( 0.6353906706864890230, -0.7721908414404911047, 1.503073264317127935E-17 ) ) ;
#2951 = EDGE_CURVE ( 'NONE', #3004, #942, #758, .T. ) ;
#2952 = DIRECTION ( 'NONE',  ( -3.223082373619879362E-17, -4.598590846719929387E-17, -1.000000000000000000 ) ) ;
#2953 = ORIENTED_EDGE ( 'NONE', *, *, #1894, .F. ) ;
#2954 = CARTESIAN_POINT ( 'NONE',  ( 59.41813952205539806, 14.27036519399421977, 5.000000000000000000 ) ) ;
#2955 = CIRCLE ( 'NONE', #3062, 9.686499999999997002 ) ;
#2956 = CIRCLE ( 'NONE', #988, 4.499999999999997335 ) ;
#2957 = AXIS2_PLACEMENT_3D ( 'NONE', #3045, #418, #1374 ) ;
#2958 = VERTEX_POINT ( 'NONE', #1719 ) ;
#2959 = DIRECTION ( 'NONE',  ( 4.178121103125229940E-17, 3.437931438000229393E-17, 1.000000000000000000 ) ) ;
#2960 = FACE_OUTER_BOUND ( 'NONE', #1154, .T. ) ;
#2961 = AXIS2_PLACEMENT_3D ( 'NONE', #2388, #2148, #14 ) ;
#2962 = EDGE_LOOP ( 'NONE', ( #1189, #3079, #1847, #968 ) ) ;
#2963 = DIRECTION ( 'NONE',  ( 0.6353906706864891341, -0.7721908414404909937, 1.503073264317039804E-17 ) ) ;
#2964 = DIRECTION ( 'NONE',  ( 0.9864322206003921512, 0.1641690414218819616, 0.000000000000000000 ) ) ;
#2965 = VERTEX_POINT ( 'NONE', #1896 ) ;
#2966 = DIRECTION ( 'NONE',  ( 3.223082373619954550E-17, 4.598590846720129068E-17, 1.000000000000000000 ) ) ;
#2967 = VECTOR ( 'NONE', #65, 1000.000000000000000 ) ;
#2968 = ORIENTED_EDGE ( 'NONE', *, *, #435, .F. ) ;
#2969 = CIRCLE ( 'NONE', #2015, 12.50000000000000178 ) ;
#2971 = FACE_OUTER_BOUND ( 'NONE', #1925, .T. ) ;
#2970 = CYLINDRICAL_SURFACE ( 'NONE', #1662, 12.50000000000000178 ) ;
#2972 = CIRCLE ( 'NONE', #1518, 4.499999999999999112 ) ;
#2973 = VERTEX_POINT ( 'NONE', #946 ) ;
#2974 = CARTESIAN_POINT ( 'NONE',  ( 14.61224274819621982, -0.5867225417098550500, 4.999999999999880096 ) ) ;
#2975 = EDGE_CURVE ( 'NONE', #2242, #158, #2632, .T. ) ;
#2976 = EDGE_CURVE ( 'NONE', #1585, #294, #1711, .T. ) ;
#2977 = AXIS2_PLACEMENT_3D ( 'NONE', #695, #284, #2188 ) ;
#2978 = CIRCLE ( 'NONE', #175, 9.686500000000002331 ) ;
#2979 = ORIENTED_EDGE ( 'NONE', *, *, #308, .F. ) ;
#2980 = DIRECTION ( 'NONE',  ( -4.800258967122369736E-17, -1.302709821111999986E-17, -1.000000000000000000 ) ) ;
#2981 = ORIENTED_EDGE ( 'NONE', *, *, #1357, .T. ) ;
#2982 = CIRCLE ( 'NONE', #1206, 9.686500000000002331 ) ;
#2983 = EDGE_CURVE ( 'NONE', #2137, #628, #574, .T. ) ;
#2984 = FACE_BOUND ( 'NONE', #1824, .T. ) ;
#2985 = ORIENTED_EDGE ( 'NONE', *, *, #423, .F. ) ;
#2986 = DIRECTION ( 'NONE',  ( 0.000000000000000000, 0.000000000000000000, 1.000000000000000000 ) ) ;
#2987 = DIRECTION ( 'NONE',  ( 0.000000000000000000, 0.000000000000000000, 1.000000000000000000 ) ) ;
#2988 = ORIENTED_EDGE ( 'NONE', *, *, #1297, .F. ) ;
#2989 = DIRECTION ( 'NONE',  ( -0.000000000000000000, -0.000000000000000000, 1.000000000000000000 ) ) ;
#2990 = DIRECTION ( 'NONE',  ( -0.2352982127355959796, -0.9719232228336939228, 2.395626283384189525E-17 ) ) ;
#2991 = EDGE_LOOP ( 'NONE', ( #1604, #127 ) ) ;
#2992 = FACE_OUTER_BOUND ( 'NONE', #1315, .T. ) ;
#2993 = ADVANCED_FACE ( 'NONE', ( #1802 ), #131, .T. ) ;
#2994 = ORIENTED_EDGE ( 'NONE', *, *, #1325, .F. ) ;
#2995 = CARTESIAN_POINT ( 'NONE',  ( 21.57884724396270215, 16.61588993965990113, 4.999999999999880096 ) ) ;
#2996 = ORIENTED_EDGE ( 'NONE', *, *, #1638, .T. ) ;
#2997 = CARTESIAN_POINT ( 'NONE',  ( 21.67281267413515167, 6.044765569636400215, 4.999999999999880096 ) ) ;
#2998 = EDGE_CURVE ( 'NONE', #2908, #2848, #1166, .T. ) ;
#2999 = DIRECTION ( 'NONE',  ( -0.3510415499139110662, -0.9363598828623742598, 8.954335807447515593E-17 ) ) ;
#3000 = FACE_OUTER_BOUND ( 'NONE', #2944, .T. ) ;
#3001 = AXIS2_PLACEMENT_3D ( 'NONE', #1076, #800, #70 ) ;
#3002 = ORIENTED_EDGE ( 'NONE', *, *, #2284, .T. ) ;
#3003 = DIRECTION ( 'NONE',  ( 0.3329671022960506988, -0.9429384437960791621, 0.000000000000000000 ) ) ;
#3004 = VERTEX_POINT ( 'NONE', #1298 ) ;
#3005 = ORIENTED_EDGE ( 'NONE', *, *, #1756, .F. ) ;
#3006 = LINE ( 'NONE', #1275, #2509 ) ;
#3007 = AXIS2_PLACEMENT_3D ( 'NONE', #495, #1457, #518 ) ;
#3008 = ORIENTED_EDGE ( 'NONE', *, *, #647, .F. ) ;
#3009 = DIRECTION ( 'NONE',  ( -4.800258967122369736E-17, -1.302709821111997983E-17, -1.000000000000000000 ) ) ;
#3010 = ORIENTED_EDGE ( 'NONE', *, *, #827, .T. ) ;
#3011 = FACE_BOUND ( 'NONE', #1062, .T. ) ;
#3012 = PRODUCT_RELATED_PRODUCT_CATEGORY ( 'part', '', ( #2741 ) ) ;
#3013 = CIRCLE ( 'NONE', #1600, 4.499999999999999112 ) ;
#3014 = ORIENTED_EDGE ( 'NONE', *, *, #910, .T. ) ;
#3015 = AXIS2_PLACEMENT_3D ( 'NONE', #1228, #981, #1479 ) ;
#3016 = FACE_OUTER_BOUND ( 'NONE', #1739, .T. ) ;
#3017 = EDGE_CURVE ( 'NONE', #2740, #1386, #2773, .T. ) ;
#3018 = CIRCLE ( 'NONE', #1851, 12.50000000000000178 ) ;
#3019 = SURFACE_STYLE_USAGE ( .BOTH. , #2349 ) ;
#3020 = VERTEX_POINT ( 'NONE', #1314 ) ;
#3021 = LINE ( 'NONE', #2779, #2548 ) ;
#3022 = DIRECTION ( 'NONE',  ( 4.178121103125229940E-17, 3.437931438000229393E-17, 1.000000000000000000 ) ) ;
#3023 = VERTEX_POINT ( 'NONE', #2479 ) ;
#3024 = CARTESIAN_POINT ( 'NONE',  ( 25.20005152494200118, 16.01051120345280054, -1.196959198423995885E-13 ) ) ;
#3025 = EDGE_LOOP ( 'NONE', ( #2842, #2041, #333, #950 ) ) ;
#3026 = CARTESIAN_POINT ( 'NONE',  ( 24.06653505608019827, 15.43083905156565194, -1.188285581044112102E-13 ) ) ;
#3027 = ORIENTED_EDGE ( 'NONE', *, *, #2179, .T. ) ;
#3028 = VECTOR ( 'NONE', #149, 1000.000000000000000 ) ;
#3029 = DIRECTION ( 'NONE',  ( -4.178121103125229940E-17, -3.437931438000229393E-17, -1.000000000000000000 ) ) ;
#3030 = ORIENTED_EDGE ( 'NONE', *, *, #2716, .F. ) ;
#3031 = COLOUR_RGB ( '',1.000000000000000000, 1.000000000000000000, 1.000000000000000000 ) ;
#3032 = CIRCLE ( 'NONE', #909, 4.499999999999999112 ) ;
#3033 = DIRECTION ( 'NONE',  ( 3.223082373619919421E-17, 4.598590846719879467E-17, 1.000000000000000000 ) ) ;
#3034 = EDGE_CURVE ( 'NONE', #425, #1346, #2493, .T. ) ;
#3035 = VERTEX_POINT ( 'NONE', #535 ) ;
#3036 = CARTESIAN_POINT ( 'NONE',  ( 20.52674070887364977, -3.573695913388919454, -1.188285581044112102E-13 ) ) ;
#3037 = AXIS2_PLACEMENT_3D ( 'NONE', #247, #675, #264 ) ;
#3038 = EDGE_CURVE ( 'NONE', #3071, #1054, #2761, .T. ) ;
#3039 = DIRECTION ( 'NONE',  ( 0.6353906706864891341, -0.7721908414404909937, 0.000000000000000000 ) ) ;
#3040 = ORIENTED_EDGE ( 'NONE', *, *, #1856, .F. ) ;
#3041 = DIRECTION ( 'NONE',  ( 3.223082373619899700E-17, 4.598590846719909049E-17, 1.000000000000000000 ) ) ;
#3042 = LINE ( 'NONE', #1311, #2918 ) ;
#3043 = EDGE_LOOP ( 'NONE', ( #1759, #2808 ) ) ;
#3044 = DIRECTION ( 'NONE',  ( -4.178121103125229940E-17, -3.437931438000229393E-17, -1.000000000000000000 ) ) ;
#3045 = CARTESIAN_POINT ( 'NONE',  ( 28.71238276320504923, 7.556206260193733648, -1.188285581044112860E-13 ) ) ;
#3046 = DIRECTION ( 'NONE',  ( 3.223082373619879362E-17, 4.598590846719929387E-17, 1.000000000000000000 ) ) ;
#3047 = EDGE_LOOP ( 'NONE', ( #605, #1714, #1337, #102 ) ) ;
#3048 =( NAMED_UNIT ( * ) PLANE_ANGLE_UNIT ( ) SI_UNIT ( $, .RADIAN. ) );
#3049 = VERTEX_POINT ( 'NONE', #2528 ) ;
#3050 = CARTESIAN_POINT ( 'NONE',  ( 25.20005152494200118, 16.01051120345280054, 4.999999999999880096 ) ) ;
#3051 = EDGE_CURVE ( 'NONE', #2248, #2783, #1984, .T. ) ;
#3052 = ORIENTED_EDGE ( 'NONE', *, *, #2975, .F. ) ;
#3053 = LINE ( 'NONE', #1598, #3080 ) ;
#3054 = VERTEX_POINT ( 'NONE', #112 ) ;
#3055 = DIRECTION ( 'NONE',  ( 3.223082373619879362E-17, 4.598590846719929387E-17, 1.000000000000000000 ) ) ;
#3056 = EDGE_CURVE ( 'NONE', #2248, #133, #2426, .T. ) ;
#3057 = LINE ( 'NONE', #2811, #1261 ) ;
#3058 = ORIENTED_EDGE ( 'NONE', *, *, #2106, .T. ) ;
#3059 = DIRECTION ( 'NONE',  ( 0.8707939595268957556, 0.4916481262564426635, -5.067529235215583846E-17 ) ) ;
#3060 = DIRECTION ( 'NONE',  ( -0.8611767468245421497, 0.5083056272841157686, 4.381539882963417308E-18 ) ) ;
#3061 = CARTESIAN_POINT ( 'NONE',  ( 21.67281267413515167, 6.044765569636400215, -1.188285581044112102E-13 ) ) ;
#3062 = AXIS2_PLACEMENT_3D ( 'NONE', #995, #2144, #75 ) ;
#3063 = FILL_AREA_STYLE_COLOUR ( '', #3031 ) ;
#3064 = AXIS2_PLACEMENT_3D ( 'NONE', #2042, #353, #121 ) ;
#3065 = VERTEX_POINT ( 'NONE', #380 ) ;
#3066 = CARTESIAN_POINT ( 'NONE',  ( 30.03428467607114882, 15.33647079315915107, 4.999999999999880096 ) ) ;
#3067 = DIRECTION ( 'NONE',  ( 0.6353906706864891341, -0.7721908414404909937, 0.000000000000000000 ) ) ;
#3068 = VERTEX_POINT ( 'NONE', #1042 ) ;
#3069 = CARTESIAN_POINT ( 'NONE',  ( 19.46006046778430232, 15.47514254636904951, -1.188285581044112102E-13 ) ) ;
#3070 = DIRECTION ( 'NONE',  ( 0.6353906706864890230, -0.7721908414404911047, 1.503073264317127935E-17 ) ) ;
#3071 = VERTEX_POINT ( 'NONE', #1331 ) ;
#3072 = EDGE_CURVE ( 'NONE', #1798, #1893, #220, .T. ) ;
#3073 = DIRECTION ( 'NONE',  ( 0.6353906706864838050, -0.7721908414404954346, 0.000000000000000000 ) ) ;
#3074 = CARTESIAN_POINT ( 'NONE',  ( 21.67281267413515167, 6.044765569636400215, -1.188285581044112102E-13 ) ) ;
#3075 = VECTOR ( 'NONE', #2135, 1000.000000000000000 ) ;
#3076 = CIRCLE ( 'NONE', #263, 1.499999999999999778 ) ;
#3077 = ADVANCED_FACE ( 'NONE', ( #555 ), #1773, .T. ) ;
#3078 = CARTESIAN_POINT ( 'NONE',  ( 21.86512367709429938, -6.453755001940900016, -1.188285581044112102E-13 ) ) ;
#3079 = ORIENTED_EDGE ( 'NONE', *, *, #1990, .F. ) ;
#3080 = VECTOR ( 'NONE', #2354, 1000.000000000000000 ) ;
#3081 = ORIENTED_EDGE ( 'NONE', *, *, #2377, .T. ) ;
#3082 = LINE ( 'NONE', #1584, #2348 ) ;
#3083 = CARTESIAN_POINT ( 'NONE',  ( 21.67281267413515167, 6.044765569636400215, 14.99999999999987921 ) ) ;
#3084 = ORIENTED_EDGE ( 'NONE', *, *, #2007, .F. ) ;
#3085 = DIRECTION ( 'NONE',  ( 0.6353906706864890230, -0.7721908414404911047, 1.503073264317127935E-17 ) ) ;
#3086 = DIRECTION ( 'NONE',  ( 0.000000000000000000, 0.000000000000000000, 1.000000000000000000 ) ) ;
#3087 = ORIENTED_EDGE ( 'NONE', *, *, #2085, .T. ) ;
#3088 = CARTESIAN_POINT ( 'NONE',  ( 25.00772252457049660, -3.986977859999399687, -1.188285581044112102E-13 ) ) ;
#3089 = CARTESIAN_POINT ( 'NONE',  ( 29.55938806178994938, 15.74280293060990132, 4.999999999999880096 ) ) ;
#3090 = EDGE_CURVE ( 'NONE', #2783, #2749, #1010, .T. ) ;
#3091 = CYLINDRICAL_SURFACE ( 'NONE', #1425, 1.499999999999999778 ) ;
#3092 = ADVANCED_FACE ( 'NONE', ( #3000 ), #1012, .F. ) ;
#3093 = ORIENTED_EDGE ( 'NONE', *, *, #830, .F. ) ;
#3094 = DIRECTION ( 'NONE',  ( 0.9864322206003919291, 0.1641690414218819616, 0.000000000000000000 ) ) ;
#3095 = ORIENTED_EDGE ( 'NONE', *, *, #1258, .F. ) ;
#3096 = CARTESIAN_POINT ( 'NONE',  ( 18.33790282369990265, 16.07650899927224941, -1.188285581044112102E-13 ) ) ;
#3097 = CARTESIAN_POINT ( 'NONE',  ( 93.41370018839779732, -1.624471695647859981, 5.000000000000000000 ) ) ;
#3098 = ORIENTED_EDGE ( 'NONE', *, *, #2217, .F. ) ;
#3099 = DIRECTION ( 'NONE',  ( 0.9830921976803952411, -0.1831112526851661759, -2.326533403457362964E-17 ) ) ;
#3100 = ORIENTED_EDGE ( 'NONE', *, *, #2550, .F. ) ;
#3101 = CIRCLE ( 'NONE', #780, 1.499999999999997780 ) ;
#3102 = EDGE_CURVE ( 'NONE', #2290, #1377, #1524, .T. ) ;
#3103 = CARTESIAN_POINT ( 'NONE',  ( 21.67281267413515167, 6.044765569636400215, -1.188285581044112102E-13 ) ) ;
#3104 = VECTOR ( 'NONE', #2083, 1000.000000000000000 ) ;
ENDSEC;
END-ISO-10303-21;
