ISO-10303-21;
HEADER;
FILE_DESCRIPTION(('STP203'),'2;1');
FILE_NAME('C:\c1.3dwhere.com\files\2026-10\05\n45lmhog50pczbwj\temp\output\yÓë¿ò¼ÜÁ¬½ÓÆ÷.stp_ap203.stp','2026-10-05T20:03:42',('slugdev'),('org'),' ','stltostp',' ');
FILE_SCHEMA(('CONFIG_CONTROL_DESIGN'));
ENDSEC; 
DATA;
#1 = CARTESIAN_POINT('', (0,0,0));
#2 = DIRECTION('', (0, 0, 1));
#3 = DIRECTION('', (1, 0, 0));
#4 = AXIS2_PLACEMENT_3D('',#1,#2,#3);
#5 = CARTESIAN_POINT('', (50,50,10));
#6 = VERTEX_POINT('', #5);
#7 = CARTESIAN_POINT('', (50,50,0));
#8 = VERTEX_POINT('', #7);
#9 = CARTESIAN_POINT('', (0,50,10));
#10 = VERTEX_POINT('', #9);
#11 = CARTESIAN_POINT('', (50,50,10));
#12 = DIRECTION('', (0, 0, -1));
#13 = VECTOR('',#12,1);
#14 = LINE('',#11, #13);
#15 = SURFACE_CURVE('', #14);
#16 = EDGE_CURVE('', #6, #8,#15,.T.);
#17 = CARTESIAN_POINT('', (50,50,0));
#18 = DIRECTION('', (-0.980581, 0, 0.196116));
#19 = VECTOR('',#18,1);
#20 = LINE('',#17, #19);
#21 = SURFACE_CURVE('', #20);
#22 = EDGE_CURVE('', #8, #10,#21,.T.);
#23 = CARTESIAN_POINT('', (0,50,10));
#24 = DIRECTION('', (1, 0, 0));
#25 = VECTOR('',#24,1);
#26 = LINE('',#23, #25);
#27 = SURFACE_CURVE('', #26);
#28 = EDGE_CURVE('', #10, #6,#27,.T.);
#29 = ORIENTED_EDGE('',*,*,#16,.T.);
#30 = ORIENTED_EDGE('',*,*,#22,.T.);
#31 = ORIENTED_EDGE('',*,*,#28,.T.);
#32 = CARTESIAN_POINT('', (50,50,10));
#33 = DIRECTION('', (0, 1, 0));
#34 = DIRECTION('', (0, 0, -1));
#35 = AXIS2_PLACEMENT_3D('',#32,#33,#34);
#36 = PLANE('',#35);
#37 = EDGE_LOOP('', (#29,#30,#31));
#38 = FACE_BOUND('', #37,.T.);
#39 = ADVANCED_FACE('', (#38),#36,.T.);
#40 = CARTESIAN_POINT('', (0,50,10));
#41 = VERTEX_POINT('', #40);
#42 = CARTESIAN_POINT('', (50,50,0));
#43 = VERTEX_POINT('', #42);
#44 = CARTESIAN_POINT('', (0,50,0));
#45 = VERTEX_POINT('', #44);
#46 = CARTESIAN_POINT('', (50,50,0));
#47 = DIRECTION('', (-1, 0, 0));
#48 = VECTOR('',#47,1);
#49 = LINE('',#46, #48);
#50 = SURFACE_CURVE('', #49);
#51 = EDGE_CURVE('', #43, #45,#50,.T.);
#52 = CARTESIAN_POINT('', (0,50,0));
#53 = DIRECTION('', (0, 0, 1));
#54 = VECTOR('',#53,1);
#55 = LINE('',#52, #54);
#56 = SURFACE_CURVE('', #55);
#57 = EDGE_CURVE('', #45, #41,#56,.T.);
#58 = ORIENTED_EDGE('',*,*,#22,.F.);
#59 = ORIENTED_EDGE('',*,*,#51,.T.);
#60 = ORIENTED_EDGE('',*,*,#57,.T.);
#61 = CARTESIAN_POINT('', (0,50,10));
#62 = DIRECTION('', (0, 1, 0));
#63 = DIRECTION('', (0.980581, 0, -0.196116));
#64 = AXIS2_PLACEMENT_3D('',#61,#62,#63);
#65 = PLANE('',#64);
#66 = EDGE_LOOP('', (#58,#59,#60));
#67 = FACE_BOUND('', #66,.T.);
#68 = ADVANCED_FACE('', (#67),#65,.T.);
#69 = CARTESIAN_POINT('', (5,4.9,115));
#70 = VERTEX_POINT('', #69);
#71 = CARTESIAN_POINT('', (0,0,115));
#72 = VERTEX_POINT('', #71);
#73 = CARTESIAN_POINT('', (45.1,4.9,115));
#74 = VERTEX_POINT('', #73);
#75 = CARTESIAN_POINT('', (5,4.9,115));
#76 = DIRECTION('', (-0.714213, -0.699929, 0));
#77 = VECTOR('',#76,1);
#78 = LINE('',#75, #77);
#79 = SURFACE_CURVE('', #78);
#80 = EDGE_CURVE('', #70, #72,#79,.T.);
#81 = CARTESIAN_POINT('', (0,0,115));
#82 = DIRECTION('', (0.99415, 0.108012, 0));
#83 = VECTOR('',#82,1);
#84 = LINE('',#81, #83);
#85 = SURFACE_CURVE('', #84);
#86 = EDGE_CURVE('', #72, #74,#85,.T.);
#87 = CARTESIAN_POINT('', (45.1,4.9,115));
#88 = DIRECTION('', (-1, 0, 0));
#89 = VECTOR('',#88,1);
#90 = LINE('',#87, #89);
#91 = SURFACE_CURVE('', #90);
#92 = EDGE_CURVE('', #74, #70,#91,.T.);
#93 = ORIENTED_EDGE('',*,*,#80,.T.);
#94 = ORIENTED_EDGE('',*,*,#86,.T.);
#95 = ORIENTED_EDGE('',*,*,#92,.T.);
#96 = CARTESIAN_POINT('', (5,4.9,115));
#97 = DIRECTION('', (-0, 0, 1));
#98 = DIRECTION('', (-0.714213, -0.699929, 0));
#99 = AXIS2_PLACEMENT_3D('',#96,#97,#98);
#100 = PLANE('',#99);
#101 = EDGE_LOOP('', (#93,#94,#95));
#102 = FACE_BOUND('', #101,.T.);
#103 = ADVANCED_FACE('', (#102),#100,.T.);
#104 = CARTESIAN_POINT('', (45.1,4.9,115));
#105 = VERTEX_POINT('', #104);
#106 = CARTESIAN_POINT('', (0,0,115));
#107 = VERTEX_POINT('', #106);
#108 = CARTESIAN_POINT('', (50,0,115));
#109 = VERTEX_POINT('', #108);
#110 = CARTESIAN_POINT('', (0,0,115));
#111 = DIRECTION('', (1, 0, 0));
#112 = VECTOR('',#111,1);
#113 = LINE('',#110, #112);
#114 = SURFACE_CURVE('', #113);
#115 = EDGE_CURVE('', #107, #109,#114,.T.);
#116 = CARTESIAN_POINT('', (50,0,115));
#117 = DIRECTION('', (-0.707107, 0.707107, 0));
#118 = VECTOR('',#117,1);
#119 = LINE('',#116, #118);
#120 = SURFACE_CURVE('', #119);
#121 = EDGE_CURVE('', #109, #105,#120,.T.);
#122 = ORIENTED_EDGE('',*,*,#86,.F.);
#123 = ORIENTED_EDGE('',*,*,#115,.T.);
#124 = ORIENTED_EDGE('',*,*,#121,.T.);
#125 = CARTESIAN_POINT('', (45.1,4.9,115));
#126 = DIRECTION('', (0, 0, 1));
#127 = DIRECTION('', (-0.99415, -0.108012, 0));
#128 = AXIS2_PLACEMENT_3D('',#125,#126,#127);
#129 = PLANE('',#128);
#130 = EDGE_LOOP('', (#122,#123,#124));
#131 = FACE_BOUND('', #130,.T.);
#132 = ADVANCED_FACE('', (#131),#129,.T.);
#133 = CARTESIAN_POINT('', (45.1,4.9,115));
#134 = VERTEX_POINT('', #133);
#135 = CARTESIAN_POINT('', (50,0,115));
#136 = VERTEX_POINT('', #135);
#137 = CARTESIAN_POINT('', (45.1,45,115));
#138 = VERTEX_POINT('', #137);
#139 = CARTESIAN_POINT('', (50,0,115));
#140 = DIRECTION('', (-0.108249, 0.994124, 0));
#141 = VECTOR('',#140,1);
#142 = LINE('',#139, #141);
#143 = SURFACE_CURVE('', #142);
#144 = EDGE_CURVE('', #136, #138,#143,.T.);
#145 = CARTESIAN_POINT('', (45.1,45,115));
#146 = DIRECTION('', (0, -1, 0));
#147 = VECTOR('',#146,1);
#148 = LINE('',#145, #147);
#149 = SURFACE_CURVE('', #148);
#150 = EDGE_CURVE('', #138, #134,#149,.T.);
#151 = ORIENTED_EDGE('',*,*,#121,.F.);
#152 = ORIENTED_EDGE('',*,*,#144,.T.);
#153 = ORIENTED_EDGE('',*,*,#150,.T.);
#154 = CARTESIAN_POINT('', (45.1,4.9,115));
#155 = DIRECTION('', (-0, 0, 1));
#156 = DIRECTION('', (0.707107, -0.707107, 0));
#157 = AXIS2_PLACEMENT_3D('',#154,#155,#156);
#158 = PLANE('',#157);
#159 = EDGE_LOOP('', (#151,#152,#153));
#160 = FACE_BOUND('', #159,.T.);
#161 = ADVANCED_FACE('', (#160),#158,.T.);
#162 = CARTESIAN_POINT('', (45.1,45,115));
#163 = VERTEX_POINT('', #162);
#164 = CARTESIAN_POINT('', (50,0,115));
#165 = VERTEX_POINT('', #164);
#166 = CARTESIAN_POINT('', (50,50,115));
#167 = VERTEX_POINT('', #166);
#168 = CARTESIAN_POINT('', (50,0,115));
#169 = DIRECTION('', (0, 1, 0));
#170 = VECTOR('',#169,1);
#171 = LINE('',#168, #170);
#172 = SURFACE_CURVE('', #171);
#173 = EDGE_CURVE('', #165, #167,#172,.T.);
#174 = CARTESIAN_POINT('', (50,50,115));
#175 = DIRECTION('', (-0.699929, -0.714213, 0));
#176 = VECTOR('',#175,1);
#177 = LINE('',#174, #176);
#178 = SURFACE_CURVE('', #177);
#179 = EDGE_CURVE('', #167, #163,#178,.T.);
#180 = ORIENTED_EDGE('',*,*,#144,.F.);
#181 = ORIENTED_EDGE('',*,*,#173,.T.);
#182 = ORIENTED_EDGE('',*,*,#179,.T.);
#183 = CARTESIAN_POINT('', (45.1,45,115));
#184 = DIRECTION('', (-0, 0, 1));
#185 = DIRECTION('', (0.108249, -0.994124, 0));
#186 = AXIS2_PLACEMENT_3D('',#183,#184,#185);
#187 = PLANE('',#186);
#188 = EDGE_LOOP('', (#180,#181,#182));
#189 = FACE_BOUND('', #188,.T.);
#190 = ADVANCED_FACE('', (#189),#187,.T.);
#191 = CARTESIAN_POINT('', (45.1,45,115));
#192 = VERTEX_POINT('', #191);
#193 = CARTESIAN_POINT('', (50,50,115));
#194 = VERTEX_POINT('', #193);
#195 = CARTESIAN_POINT('', (5,45,115));
#196 = VERTEX_POINT('', #195);
#197 = CARTESIAN_POINT('', (50,50,115));
#198 = DIRECTION('', (-0.993884, -0.110432, 0));
#199 = VECTOR('',#198,1);
#200 = LINE('',#197, #199);
#201 = SURFACE_CURVE('', #200);
#202 = EDGE_CURVE('', #194, #196,#201,.T.);
#203 = CARTESIAN_POINT('', (5,45,115));
#204 = DIRECTION('', (1, 0, 0));
#205 = VECTOR('',#204,1);
#206 = LINE('',#203, #205);
#207 = SURFACE_CURVE('', #206);
#208 = EDGE_CURVE('', #196, #192,#207,.T.);
#209 = ORIENTED_EDGE('',*,*,#179,.F.);
#210 = ORIENTED_EDGE('',*,*,#202,.T.);
#211 = ORIENTED_EDGE('',*,*,#208,.T.);
#212 = CARTESIAN_POINT('', (45.1,45,115));
#213 = DIRECTION('', (0, -0, 1));
#214 = DIRECTION('', (0.699929, 0.714213, 0));
#215 = AXIS2_PLACEMENT_3D('',#212,#213,#214);
#216 = PLANE('',#215);
#217 = EDGE_LOOP('', (#209,#210,#211));
#218 = FACE_BOUND('', #217,.T.);
#219 = ADVANCED_FACE('', (#218),#216,.T.);
#220 = CARTESIAN_POINT('', (5,45,115));
#221 = VERTEX_POINT('', #220);
#222 = CARTESIAN_POINT('', (50,50,115));
#223 = VERTEX_POINT('', #222);
#224 = CARTESIAN_POINT('', (0,50,115));
#225 = VERTEX_POINT('', #224);
#226 = CARTESIAN_POINT('', (50,50,115));
#227 = DIRECTION('', (-1, 0, 0));
#228 = VECTOR('',#227,1);
#229 = LINE('',#226, #228);
#230 = SURFACE_CURVE('', #229);
#231 = EDGE_CURVE('', #223, #225,#230,.T.);
#232 = CARTESIAN_POINT('', (0,50,115));
#233 = DIRECTION('', (0.707107, -0.707107, 0));
#234 = VECTOR('',#233,1);
#235 = LINE('',#232, #234);
#236 = SURFACE_CURVE('', #235);
#237 = EDGE_CURVE('', #225, #221,#236,.T.);
#238 = ORIENTED_EDGE('',*,*,#202,.F.);
#239 = ORIENTED_EDGE('',*,*,#231,.T.);
#240 = ORIENTED_EDGE('',*,*,#237,.T.);
#241 = CARTESIAN_POINT('', (5,45,115));
#242 = DIRECTION('', (0, -0, 1));
#243 = DIRECTION('', (0.993884, 0.110432, 0));
#244 = AXIS2_PLACEMENT_3D('',#241,#242,#243);
#245 = PLANE('',#244);
#246 = EDGE_LOOP('', (#238,#239,#240));
#247 = FACE_BOUND('', #246,.T.);
#248 = ADVANCED_FACE('', (#247),#245,.T.);
#249 = CARTESIAN_POINT('', (5,45,115));
#250 = VERTEX_POINT('', #249);
#251 = CARTESIAN_POINT('', (0,50,115));
#252 = VERTEX_POINT('', #251);
#253 = CARTESIAN_POINT('', (5,4.9,115));
#254 = VERTEX_POINT('', #253);
#255 = CARTESIAN_POINT('', (0,50,115));
#256 = DIRECTION('', (0.11019, -0.993911, 0));
#257 = VECTOR('',#256,1);
#258 = LINE('',#255, #257);
#259 = SURFACE_CURVE('', #258);
#260 = EDGE_CURVE('', #252, #254,#259,.T.);
#261 = CARTESIAN_POINT('', (5,4.9,115));
#262 = DIRECTION('', (0, 1, 0));
#263 = VECTOR('',#262,1);
#264 = LINE('',#261, #263);
#265 = SURFACE_CURVE('', #264);
#266 = EDGE_CURVE('', #254, #250,#265,.T.);
#267 = ORIENTED_EDGE('',*,*,#237,.F.);
#268 = ORIENTED_EDGE('',*,*,#260,.T.);
#269 = ORIENTED_EDGE('',*,*,#266,.T.);
#270 = CARTESIAN_POINT('', (5,45,115));
#271 = DIRECTION('', (0, 0, 1));
#272 = DIRECTION('', (-0.707107, 0.707107, 0));
#273 = AXIS2_PLACEMENT_3D('',#270,#271,#272);
#274 = PLANE('',#273);
#275 = EDGE_LOOP('', (#267,#268,#269));
#276 = FACE_BOUND('', #275,.T.);
#277 = ADVANCED_FACE('', (#276),#274,.T.);
#278 = CARTESIAN_POINT('', (5,4.9,115));
#279 = VERTEX_POINT('', #278);
#280 = CARTESIAN_POINT('', (0,50,115));
#281 = VERTEX_POINT('', #280);
#282 = CARTESIAN_POINT('', (0,0,115));
#283 = VERTEX_POINT('', #282);
#284 = CARTESIAN_POINT('', (0,50,115));
#285 = DIRECTION('', (0, -1, 0));
#286 = VECTOR('',#285,1);
#287 = LINE('',#284, #286);
#288 = SURFACE_CURVE('', #287);
#289 = EDGE_CURVE('', #281, #283,#288,.T.);
#290 = ORIENTED_EDGE('',*,*,#260,.F.);
#291 = ORIENTED_EDGE('',*,*,#289,.T.);
#292 = ORIENTED_EDGE('',*,*,#80,.F.);
#293 = CARTESIAN_POINT('', (5,4.9,115));
#294 = DIRECTION('', (0, 0, 1));
#295 = DIRECTION('', (-0.11019, 0.993911, 0));
#296 = AXIS2_PLACEMENT_3D('',#293,#294,#295);
#297 = PLANE('',#296);
#298 = EDGE_LOOP('', (#290,#291,#292));
#299 = FACE_BOUND('', #298,.T.);
#300 = ADVANCED_FACE('', (#299),#297,.T.);
#301 = CARTESIAN_POINT('', (0,50,10));
#302 = VERTEX_POINT('', #301);
#303 = CARTESIAN_POINT('', (0,50,0));
#304 = VERTEX_POINT('', #303);
#305 = CARTESIAN_POINT('', (0,24,10));
#306 = VERTEX_POINT('', #305);
#307 = CARTESIAN_POINT('', (0,50,0));
#308 = DIRECTION('', (0, -0.933346, 0.358979));
#309 = VECTOR('',#308,1);
#310 = LINE('',#307, #309);
#311 = SURFACE_CURVE('', #310);
#312 = EDGE_CURVE('', #304, #306,#311,.T.);
#313 = CARTESIAN_POINT('', (0,24,10));
#314 = DIRECTION('', (0, 1, 0));
#315 = VECTOR('',#314,1);
#316 = LINE('',#313, #315);
#317 = SURFACE_CURVE('', #316);
#318 = EDGE_CURVE('', #306, #302,#317,.T.);
#319 = ORIENTED_EDGE('',*,*,#57,.F.);
#320 = ORIENTED_EDGE('',*,*,#312,.T.);
#321 = ORIENTED_EDGE('',*,*,#318,.T.);
#322 = CARTESIAN_POINT('', (0,50,10));
#323 = DIRECTION('', (-1, -0, -0));
#324 = DIRECTION('', (0, 0, -1));
#325 = AXIS2_PLACEMENT_3D('',#322,#323,#324);
#326 = PLANE('',#325);
#327 = EDGE_LOOP('', (#319,#320,#321));
#328 = FACE_BOUND('', #327,.T.);
#329 = ADVANCED_FACE('', (#328),#326,.T.);
#330 = CARTESIAN_POINT('', (0,24,10));
#331 = VERTEX_POINT('', #330);
#332 = CARTESIAN_POINT('', (0,50,0));
#333 = VERTEX_POINT('', #332);
#334 = CARTESIAN_POINT('', (0,0,0));
#335 = VERTEX_POINT('', #334);
#336 = CARTESIAN_POINT('', (0,50,0));
#337 = DIRECTION('', (0, -1, 0));
#338 = VECTOR('',#337,1);
#339 = LINE('',#336, #338);
#340 = SURFACE_CURVE('', #339);
#341 = EDGE_CURVE('', #333, #335,#340,.T.);
#342 = CARTESIAN_POINT('', (0,0,0));
#343 = DIRECTION('', (0, 0.923077, 0.384615));
#344 = VECTOR('',#343,1);
#345 = LINE('',#342, #344);
#346 = SURFACE_CURVE('', #345);
#347 = EDGE_CURVE('', #335, #331,#346,.T.);
#348 = ORIENTED_EDGE('',*,*,#312,.F.);
#349 = ORIENTED_EDGE('',*,*,#341,.T.);
#350 = ORIENTED_EDGE('',*,*,#347,.T.);
#351 = CARTESIAN_POINT('', (0,24,10));
#352 = DIRECTION('', (-1, 0, -0));
#353 = DIRECTION('', (0, 0.933346, -0.358979));
#354 = AXIS2_PLACEMENT_3D('',#351,#352,#353);
#355 = PLANE('',#354);
#356 = EDGE_LOOP('', (#348,#349,#350));
#357 = FACE_BOUND('', #356,.T.);
#358 = ADVANCED_FACE('', (#357),#355,.T.);
#359 = CARTESIAN_POINT('', (0,24,10));
#360 = VERTEX_POINT('', #359);
#361 = CARTESIAN_POINT('', (0,0,0));
#362 = VERTEX_POINT('', #361);
#363 = CARTESIAN_POINT('', (0,24,55));
#364 = VERTEX_POINT('', #363);
#365 = CARTESIAN_POINT('', (0,0,0));
#366 = DIRECTION('', (0, 0.399944, 0.916539));
#367 = VECTOR('',#366,1);
#368 = LINE('',#365, #367);
#369 = SURFACE_CURVE('', #368);
#370 = EDGE_CURVE('', #362, #364,#369,.T.);
#371 = CARTESIAN_POINT('', (0,24,55));
#372 = DIRECTION('', (0, 0, -1));
#373 = VECTOR('',#372,1);
#374 = LINE('',#371, #373);
#375 = SURFACE_CURVE('', #374);
#376 = EDGE_CURVE('', #364, #360,#375,.T.);
#377 = ORIENTED_EDGE('',*,*,#347,.F.);
#378 = ORIENTED_EDGE('',*,*,#370,.T.);
#379 = ORIENTED_EDGE('',*,*,#376,.T.);
#380 = CARTESIAN_POINT('', (0,24,10));
#381 = DIRECTION('', (-1, -0, 0));
#382 = DIRECTION('', (0, -0.923077, -0.384615));
#383 = AXIS2_PLACEMENT_3D('',#380,#381,#382);
#384 = PLANE('',#383);
#385 = EDGE_LOOP('', (#377,#378,#379));
#386 = FACE_BOUND('', #385,.T.);
#387 = ADVANCED_FACE('', (#386),#384,.T.);
#388 = CARTESIAN_POINT('', (0,24,55));
#389 = VERTEX_POINT('', #388);
#390 = CARTESIAN_POINT('', (0,0,0));
#391 = VERTEX_POINT('', #390);
#392 = CARTESIAN_POINT('', (0,0,115));
#393 = VERTEX_POINT('', #392);
#394 = CARTESIAN_POINT('', (0,0,0));
#395 = DIRECTION('', (0, 0, 1));
#396 = VECTOR('',#395,1);
#397 = LINE('',#394, #396);
#398 = SURFACE_CURVE('', #397);
#399 = EDGE_CURVE('', #391, #393,#398,.T.);
#400 = CARTESIAN_POINT('', (0,0,115));
#401 = DIRECTION('', (0, 0.371391, -0.928477));
#402 = VECTOR('',#401,1);
#403 = LINE('',#400, #402);
#404 = SURFACE_CURVE('', #403);
#405 = EDGE_CURVE('', #393, #389,#404,.T.);
#406 = ORIENTED_EDGE('',*,*,#370,.F.);
#407 = ORIENTED_EDGE('',*,*,#399,.T.);
#408 = ORIENTED_EDGE('',*,*,#405,.T.);
#409 = CARTESIAN_POINT('', (0,24,55));
#410 = DIRECTION('', (-1, -0, 0));
#411 = DIRECTION('', (0, -0.399944, -0.916539));
#412 = AXIS2_PLACEMENT_3D('',#409,#410,#411);
#413 = PLANE('',#412);
#414 = EDGE_LOOP('', (#406,#407,#408));
#415 = FACE_BOUND('', #414,.T.);
#416 = ADVANCED_FACE('', (#415),#413,.T.);
#417 = CARTESIAN_POINT('', (0,24,55));
#418 = VERTEX_POINT('', #417);
#419 = CARTESIAN_POINT('', (0,0,115));
#420 = VERTEX_POINT('', #419);
#421 = CARTESIAN_POINT('', (0,50,55));
#422 = VERTEX_POINT('', #421);
#423 = CARTESIAN_POINT('', (0,0,115));
#424 = DIRECTION('', (0, 0.640184, -0.768221));
#425 = VECTOR('',#424,1);
#426 = LINE('',#423, #425);
#427 = SURFACE_CURVE('', #426);
#428 = EDGE_CURVE('', #420, #422,#427,.T.);
#429 = CARTESIAN_POINT('', (0,50,55));
#430 = DIRECTION('', (0, -1, 0));
#431 = VECTOR('',#430,1);
#432 = LINE('',#429, #431);
#433 = SURFACE_CURVE('', #432);
#434 = EDGE_CURVE('', #422, #418,#433,.T.);
#435 = ORIENTED_EDGE('',*,*,#405,.F.);
#436 = ORIENTED_EDGE('',*,*,#428,.T.);
#437 = ORIENTED_EDGE('',*,*,#434,.T.);
#438 = CARTESIAN_POINT('', (0,24,55));
#439 = DIRECTION('', (-1, 0, 0));
#440 = DIRECTION('', (0, -0.371391, 0.928477));
#441 = AXIS2_PLACEMENT_3D('',#438,#439,#440);
#442 = PLANE('',#441);
#443 = EDGE_LOOP('', (#435,#436,#437));
#444 = FACE_BOUND('', #443,.T.);
#445 = ADVANCED_FACE('', (#444),#442,.T.);
#446 = CARTESIAN_POINT('', (0,50,55));
#447 = VERTEX_POINT('', #446);
#448 = CARTESIAN_POINT('', (0,0,115));
#449 = VERTEX_POINT('', #448);
#450 = CARTESIAN_POINT('', (0,50,115));
#451 = VERTEX_POINT('', #450);
#452 = CARTESIAN_POINT('', (0,50,115));
#453 = DIRECTION('', (0, 0, -1));
#454 = VECTOR('',#453,1);
#455 = LINE('',#452, #454);
#456 = SURFACE_CURVE('', #455);
#457 = EDGE_CURVE('', #451, #447,#456,.T.);
#458 = ORIENTED_EDGE('',*,*,#428,.F.);
#459 = ORIENTED_EDGE('',*,*,#289,.F.);
#460 = ORIENTED_EDGE('',*,*,#457,.T.);
#461 = CARTESIAN_POINT('', (0,50,55));
#462 = DIRECTION('', (-1, 0, 0));
#463 = DIRECTION('', (0, -0.640184, 0.768221));
#464 = AXIS2_PLACEMENT_3D('',#461,#462,#463);
#465 = PLANE('',#464);
#466 = EDGE_LOOP('', (#458,#459,#460));
#467 = FACE_BOUND('', #466,.T.);
#468 = ADVANCED_FACE('', (#467),#465,.T.);
#469 = CARTESIAN_POINT('', (8.5775,0,14.286));
#470 = VERTEX_POINT('', #469);
#471 = CARTESIAN_POINT('', (8.16715,0,14.3928));
#472 = VERTEX_POINT('', #471);
#473 = CARTESIAN_POINT('', (0,0,0));
#474 = VERTEX_POINT('', #473);
#475 = CARTESIAN_POINT('', (8.5775,0,14.286));
#476 = DIRECTION('', (-0.967734, 0, 0.251976));
#477 = VECTOR('',#476,1);
#478 = LINE('',#475, #477);
#479 = SURFACE_CURVE('', #478);
#480 = EDGE_CURVE('', #470, #472,#479,.T.);
#481 = CARTESIAN_POINT('', (8.16715,0,14.3928));
#482 = DIRECTION('', (-0.493526, 0, -0.869731));
#483 = VECTOR('',#482,1);
#484 = LINE('',#481, #483);
#485 = SURFACE_CURVE('', #484);
#486 = EDGE_CURVE('', #472, #474,#485,.T.);
#487 = CARTESIAN_POINT('', (0,0,0));
#488 = DIRECTION('', (0.514757, 0, 0.857336));
#489 = VECTOR('',#488,1);
#490 = LINE('',#487, #489);
#491 = SURFACE_CURVE('', #490);
#492 = EDGE_CURVE('', #474, #470,#491,.T.);
#493 = ORIENTED_EDGE('',*,*,#480,.T.);
#494 = ORIENTED_EDGE('',*,*,#486,.T.);
#495 = ORIENTED_EDGE('',*,*,#492,.T.);
#496 = CARTESIAN_POINT('', (8.5775,0,14.286));
#497 = DIRECTION('', (-0, -1, 0));
#498 = DIRECTION('', (-0.967734, 0, 0.251976));
#499 = AXIS2_PLACEMENT_3D('',#496,#497,#498);
#500 = PLANE('',#499);
#501 = EDGE_LOOP('', (#493,#494,#495));
#502 = FACE_BOUND('', #501,.T.);
#503 = ADVANCED_FACE('', (#502),#500,.T.);
#504 = CARTESIAN_POINT('', (0,0,0));
#505 = VERTEX_POINT('', #504);
#506 = CARTESIAN_POINT('', (8.16715,0,14.3928));
#507 = VERTEX_POINT('', #506);
#508 = CARTESIAN_POINT('', (7.78076,0,14.5675));
#509 = VERTEX_POINT('', #508);
#510 = CARTESIAN_POINT('', (8.16715,0,14.3928));
#511 = DIRECTION('', (-0.91123, 0, 0.411898));
#512 = VECTOR('',#511,1);
#513 = LINE('',#510, #512);
#514 = SURFACE_CURVE('', #513);
#515 = EDGE_CURVE('', #507, #509,#514,.T.);
#516 = CARTESIAN_POINT('', (7.78076,0,14.5675));
#517 = DIRECTION('', (-0.471128, 0, -0.882065));
#518 = VECTOR('',#517,1);
#519 = LINE('',#516, #518);
#520 = SURFACE_CURVE('', #519);
#521 = EDGE_CURVE('', #509, #505,#520,.T.);
#522 = ORIENTED_EDGE('',*,*,#486,.F.);
#523 = ORIENTED_EDGE('',*,*,#515,.T.);
#524 = ORIENTED_EDGE('',*,*,#521,.T.);
#525 = CARTESIAN_POINT('', (0,0,0));
#526 = DIRECTION('', (0, -1, 0));
#527 = DIRECTION('', (0.493526, 0, 0.869731));
#528 = AXIS2_PLACEMENT_3D('',#525,#526,#527);
#529 = PLANE('',#528);
#530 = EDGE_LOOP('', (#522,#523,#524));
#531 = FACE_BOUND('', #530,.T.);
#532 = ADVANCED_FACE('', (#531),#529,.T.);
#533 = CARTESIAN_POINT('', (0,0,0));
#534 = VERTEX_POINT('', #533);
#535 = CARTESIAN_POINT('', (7.78076,0,14.5675));
#536 = VERTEX_POINT('', #535);
#537 = CARTESIAN_POINT('', (7.42945,0,14.8049));
#538 = VERTEX_POINT('', #537);
#539 = CARTESIAN_POINT('', (7.78076,0,14.5675));
#540 = DIRECTION('', (-0.82851, 0, 0.559975));
#541 = VECTOR('',#540,1);
#542 = LINE('',#539, #541);
#543 = SURFACE_CURVE('', #542);
#544 = EDGE_CURVE('', #536, #538,#543,.T.);
#545 = CARTESIAN_POINT('', (7.42945,0,14.8049));
#546 = DIRECTION('', (-0.448517, 0, -0.893774));
#547 = VECTOR('',#546,1);
#548 = LINE('',#545, #547);
#549 = SURFACE_CURVE('', #548);
#550 = EDGE_CURVE('', #538, #534,#549,.T.);
#551 = ORIENTED_EDGE('',*,*,#521,.F.);
#552 = ORIENTED_EDGE('',*,*,#544,.T.);
#553 = ORIENTED_EDGE('',*,*,#550,.T.);
#554 = CARTESIAN_POINT('', (0,0,0));
#555 = DIRECTION('', (0, -1, 0));
#556 = DIRECTION('', (0.471128, 0, 0.882065));
#557 = AXIS2_PLACEMENT_3D('',#554,#555,#556);
#558 = PLANE('',#557);
#559 = EDGE_LOOP('', (#551,#552,#553));
#560 = FACE_BOUND('', #559,.T.);
#561 = ADVANCED_FACE('', (#560),#558,.T.);
#562 = CARTESIAN_POINT('', (6.76769,0,17.8755));
#563 = VERTEX_POINT('', #562);
#564 = CARTESIAN_POINT('', (6.99001,0,18.2366));
#565 = VERTEX_POINT('', #564);
#566 = CARTESIAN_POINT('', (9,0,46.35));
#567 = VERTEX_POINT('', #566);
#568 = CARTESIAN_POINT('', (6.76769,0,17.8755));
#569 = DIRECTION('', (0.524306, 0, 0.85153));
#570 = VECTOR('',#569,1);
#571 = LINE('',#568, #570);
#572 = SURFACE_CURVE('', #571);
#573 = EDGE_CURVE('', #563, #565,#572,.T.);
#574 = CARTESIAN_POINT('', (6.99001,0,18.2366));
#575 = DIRECTION('', (0.0713138, 0, 0.997454));
#576 = VECTOR('',#575,1);
#577 = LINE('',#574, #576);
#578 = SURFACE_CURVE('', #577);
#579 = EDGE_CURVE('', #565, #567,#578,.T.);
#580 = CARTESIAN_POINT('', (9,0,46.35));
#581 = DIRECTION('', (-0.0781572, 0, -0.996941));
#582 = VECTOR('',#581,1);
#583 = LINE('',#580, #582);
#584 = SURFACE_CURVE('', #583);
#585 = EDGE_CURVE('', #567, #563,#584,.T.);
#586 = ORIENTED_EDGE('',*,*,#573,.T.);
#587 = ORIENTED_EDGE('',*,*,#579,.T.);
#588 = ORIENTED_EDGE('',*,*,#585,.T.);
#589 = CARTESIAN_POINT('', (6.76769,0,17.8755));
#590 = DIRECTION('', (0, -1, 0));
#591 = DIRECTION('', (0.524306, 0, 0.85153));
#592 = AXIS2_PLACEMENT_3D('',#589,#590,#591);
#593 = PLANE('',#592);
#594 = EDGE_LOOP('', (#586,#587,#588));
#595 = FACE_BOUND('', #594,.T.);
#596 = ADVANCED_FACE('', (#595),#593,.T.);
#597 = CARTESIAN_POINT('', (10.0298,0,19.0281));
#598 = VERTEX_POINT('', #597);
#599 = CARTESIAN_POINT('', (10.3999,0,18.8213));
#600 = VERTEX_POINT('', #599);
#601 = CARTESIAN_POINT('', (9.83285,0,46.4928));
#602 = VERTEX_POINT('', #601);
#603 = CARTESIAN_POINT('', (10.0298,0,19.0281));
#604 = DIRECTION('', (0.873017, 0, -0.487691));
#605 = VECTOR('',#604,1);
#606 = LINE('',#603, #605);
#607 = SURFACE_CURVE('', #606);
#608 = EDGE_CURVE('', #598, #600,#607,.T.);
#609 = CARTESIAN_POINT('', (10.3999,0,18.8213));
#610 = DIRECTION('', (-0.0204892, 0, 0.99979));
#611 = VECTOR('',#610,1);
#612 = LINE('',#609, #611);
#613 = SURFACE_CURVE('', #612);
#614 = EDGE_CURVE('', #600, #602,#613,.T.);
#615 = CARTESIAN_POINT('', (9.83285,0,46.4928));
#616 = DIRECTION('', (0.00716913, 0, -0.999974));
#617 = VECTOR('',#616,1);
#618 = LINE('',#615, #617);
#619 = SURFACE_CURVE('', #618);
#620 = EDGE_CURVE('', #602, #598,#619,.T.);
#621 = ORIENTED_EDGE('',*,*,#608,.T.);
#622 = ORIENTED_EDGE('',*,*,#614,.T.);
#623 = ORIENTED_EDGE('',*,*,#620,.T.);
#624 = CARTESIAN_POINT('', (10.0298,0,19.0281));
#625 = DIRECTION('', (0, -1, 0));
#626 = DIRECTION('', (0.873017, 0, -0.487691));
#627 = AXIS2_PLACEMENT_3D('',#624,#625,#626);
#628 = PLANE('',#627);
#629 = EDGE_LOOP('', (#621,#622,#623));
#630 = FACE_BOUND('', #629,.T.);
#631 = ADVANCED_FACE('', (#630),#628,.T.);
#632 = CARTESIAN_POINT('', (7.42945,0,14.8049));
#633 = VERTEX_POINT('', #632);
#634 = CARTESIAN_POINT('', (7.12332,0,15.0983));
#635 = VERTEX_POINT('', #634);
#636 = CARTESIAN_POINT('', (0,0,0));
#637 = VERTEX_POINT('', #636);
#638 = CARTESIAN_POINT('', (7.42945,0,14.8049));
#639 = DIRECTION('', (-0.721953, 0, 0.691942));
#640 = VECTOR('',#639,1);
#641 = LINE('',#638, #640);
#642 = SURFACE_CURVE('', #641);
#643 = EDGE_CURVE('', #633, #635,#642,.T.);
#644 = CARTESIAN_POINT('', (7.12332,0,15.0983));
#645 = DIRECTION('', (-0.426691, 0, -0.904398));
#646 = VECTOR('',#645,1);
#647 = LINE('',#644, #646);
#648 = SURFACE_CURVE('', #647);
#649 = EDGE_CURVE('', #635, #637,#648,.T.);
#650 = ORIENTED_EDGE('',*,*,#643,.T.);
#651 = ORIENTED_EDGE('',*,*,#649,.T.);
#652 = ORIENTED_EDGE('',*,*,#550,.F.);
#653 = CARTESIAN_POINT('', (7.42945,0,14.8049));
#654 = DIRECTION('', (-0, -1, 0));
#655 = DIRECTION('', (-0.721953, 0, 0.691942));
#656 = AXIS2_PLACEMENT_3D('',#653,#654,#655);
#657 = PLANE('',#656);
#658 = EDGE_LOOP('', (#650,#651,#652));
#659 = FACE_BOUND('', #658,.T.);
#660 = ADVANCED_FACE('', (#659),#657,.T.);
#661 = CARTESIAN_POINT('', (0,0,0));
#662 = VERTEX_POINT('', #661);
#663 = CARTESIAN_POINT('', (7.12332,0,15.0983));
#664 = VERTEX_POINT('', #663);
#665 = CARTESIAN_POINT('', (6.87118,0,15.4392));
#666 = VERTEX_POINT('', #665);
#667 = CARTESIAN_POINT('', (7.12332,0,15.0983));
#668 = DIRECTION('', (-0.594633, 0, 0.803997));
#669 = VECTOR('',#668,1);
#670 = LINE('',#667, #669);
#671 = SURFACE_CURVE('', #670);
#672 = EDGE_CURVE('', #664, #666,#671,.T.);
#673 = CARTESIAN_POINT('', (6.87118,0,15.4392));
#674 = DIRECTION('', (-0.406598, 0, -0.913607));
#675 = VECTOR('',#674,1);
#676 = LINE('',#673, #675);
#677 = SURFACE_CURVE('', #676);
#678 = EDGE_CURVE('', #666, #662,#677,.T.);
#679 = ORIENTED_EDGE('',*,*,#649,.F.);
#680 = ORIENTED_EDGE('',*,*,#672,.T.);
#681 = ORIENTED_EDGE('',*,*,#678,.T.);
#682 = CARTESIAN_POINT('', (0,0,0));
#683 = DIRECTION('', (0, -1, 0));
#684 = DIRECTION('', (0.426691, 0, 0.904398));
#685 = AXIS2_PLACEMENT_3D('',#682,#683,#684);
#686 = PLANE('',#685);
#687 = EDGE_LOOP('', (#679,#680,#681));
#688 = FACE_BOUND('', #687,.T.);
#689 = ADVANCED_FACE('', (#688),#686,.T.);
#690 = CARTESIAN_POINT('', (0,0,0));
#691 = VERTEX_POINT('', #690);
#692 = CARTESIAN_POINT('', (6.87118,0,15.4392));
#693 = VERTEX_POINT('', #692);
#694 = CARTESIAN_POINT('', (6.68028,0,15.8179));
#695 = VERTEX_POINT('', #694);
#696 = CARTESIAN_POINT('', (6.87118,0,15.4392));
#697 = DIRECTION('', (-0.450202, 0, 0.892927));
#698 = VECTOR('',#697,1);
#699 = LINE('',#696, #698);
#700 = SURFACE_CURVE('', #699);
#701 = EDGE_CURVE('', #693, #695,#700,.T.);
#702 = CARTESIAN_POINT('', (6.68028,0,15.8179));
#703 = DIRECTION('', (-0.389052, 0, -0.921216));
#704 = VECTOR('',#703,1);
#705 = LINE('',#702, #704);
#706 = SURFACE_CURVE('', #705);
#707 = EDGE_CURVE('', #695, #691,#706,.T.);
#708 = ORIENTED_EDGE('',*,*,#678,.F.);
#709 = ORIENTED_EDGE('',*,*,#701,.T.);
#710 = ORIENTED_EDGE('',*,*,#707,.T.);
#711 = CARTESIAN_POINT('', (0,0,0));
#712 = DIRECTION('', (0, -1, 0));
#713 = DIRECTION('', (0.406598, 0, 0.913607));
#714 = AXIS2_PLACEMENT_3D('',#711,#712,#713);
#715 = PLANE('',#714);
#716 = EDGE_LOOP('', (#708,#709,#710));
#717 = FACE_BOUND('', #716,.T.);
#718 = ADVANCED_FACE('', (#717),#715,.T.);
#719 = CARTESIAN_POINT('', (42.2192,0,46.6675));
#720 = VERTEX_POINT('', #719);
#721 = CARTESIAN_POINT('', (41.8328,0,46.4928));
#722 = VERTEX_POINT('', #721);
#723 = CARTESIAN_POINT('', (50,0,0));
#724 = VERTEX_POINT('', #723);
#725 = CARTESIAN_POINT('', (42.2192,0,46.6675));
#726 = DIRECTION('', (-0.911232, 0, -0.411894));
#727 = VECTOR('',#726,1);
#728 = LINE('',#725, #727);
#729 = SURFACE_CURVE('', #728);
#730 = EDGE_CURVE('', #720, #722,#729,.T.);
#731 = CARTESIAN_POINT('', (41.8328,0,46.4928));
#732 = DIRECTION('', (0.173016, 0, -0.984919));
#733 = VECTOR('',#732,1);
#734 = LINE('',#731, #733);
#735 = SURFACE_CURVE('', #734);
#736 = EDGE_CURVE('', #722, #724,#735,.T.);
#737 = CARTESIAN_POINT('', (50,0,0));
#738 = DIRECTION('', (-0.164458, 0, 0.986384));
#739 = VECTOR('',#738,1);
#740 = LINE('',#737, #739);
#741 = SURFACE_CURVE('', #740);
#742 = EDGE_CURVE('', #724, #720,#741,.T.);
#743 = ORIENTED_EDGE('',*,*,#730,.T.);
#744 = ORIENTED_EDGE('',*,*,#736,.T.);
#745 = ORIENTED_EDGE('',*,*,#742,.T.);
#746 = CARTESIAN_POINT('', (42.2192,0,46.6675));
#747 = DIRECTION('', (0, -1, -0));
#748 = DIRECTION('', (-0.911232, 0, -0.411894));
#749 = AXIS2_PLACEMENT_3D('',#746,#747,#748);
#750 = PLANE('',#749);
#751 = EDGE_LOOP('', (#743,#744,#745));
#752 = FACE_BOUND('', #751,.T.);
#753 = ADVANCED_FACE('', (#752),#750,.T.);
#754 = CARTESIAN_POINT('', (6.76769,0,17.8755));
#755 = VERTEX_POINT('', #754);
#756 = CARTESIAN_POINT('', (9,0,46.35));
#757 = VERTEX_POINT('', #756);
#758 = CARTESIAN_POINT('', (6.60958,0,17.4821));
#759 = VERTEX_POINT('', #758);
#760 = CARTESIAN_POINT('', (9,0,46.35));
#761 = DIRECTION('', (-0.0825228, 0, -0.996589));
#762 = VECTOR('',#761,1);
#763 = LINE('',#760, #762);
#764 = SURFACE_CURVE('', #763);
#765 = EDGE_CURVE('', #757, #759,#764,.T.);
#766 = CARTESIAN_POINT('', (6.60958,0,17.4821));
#767 = DIRECTION('', (0.372855, 0, 0.92789));
#768 = VECTOR('',#767,1);
#769 = LINE('',#766, #768);
#770 = SURFACE_CURVE('', #769);
#771 = EDGE_CURVE('', #759, #755,#770,.T.);
#772 = ORIENTED_EDGE('',*,*,#585,.F.);
#773 = ORIENTED_EDGE('',*,*,#765,.T.);
#774 = ORIENTED_EDGE('',*,*,#771,.T.);
#775 = CARTESIAN_POINT('', (6.76769,0,17.8755));
#776 = DIRECTION('', (-0, -1, 0));
#777 = DIRECTION('', (0.0781572, 0, 0.996941));
#778 = AXIS2_PLACEMENT_3D('',#775,#776,#777);
#779 = PLANE('',#778);
#780 = EDGE_LOOP('', (#772,#773,#774));
#781 = FACE_BOUND('', #780,.T.);
#782 = ADVANCED_FACE('', (#781),#779,.T.);
#783 = CARTESIAN_POINT('', (6.68028,0,15.8179));
#784 = VERTEX_POINT('', #783);
#785 = CARTESIAN_POINT('', (6.55611,0,16.2233));
#786 = VERTEX_POINT('', #785);
#787 = CARTESIAN_POINT('', (0,0,0));
#788 = VERTEX_POINT('', #787);
#789 = CARTESIAN_POINT('', (6.68028,0,15.8179));
#790 = DIRECTION('', (-0.292824, 0, 0.956166));
#791 = VECTOR('',#790,1);
#792 = LINE('',#789, #791);
#793 = SURFACE_CURVE('', #792);
#794 = EDGE_CURVE('', #784, #786,#793,.T.);
#795 = CARTESIAN_POINT('', (6.55611,0,16.2233));
#796 = DIRECTION('', (-0.374679, 0, -0.927155));
#797 = VECTOR('',#796,1);
#798 = LINE('',#795, #797);
#799 = SURFACE_CURVE('', #798);
#800 = EDGE_CURVE('', #786, #788,#799,.T.);
#801 = ORIENTED_EDGE('',*,*,#794,.T.);
#802 = ORIENTED_EDGE('',*,*,#800,.T.);
#803 = ORIENTED_EDGE('',*,*,#707,.F.);
#804 = CARTESIAN_POINT('', (6.68028,0,15.8179));
#805 = DIRECTION('', (-0, -1, 0));
#806 = DIRECTION('', (-0.292824, 0, 0.956166));
#807 = AXIS2_PLACEMENT_3D('',#804,#805,#806);
#808 = PLANE('',#807);
#809 = EDGE_LOOP('', (#801,#802,#803));
#810 = FACE_BOUND('', #809,.T.);
#811 = ADVANCED_FACE('', (#810),#808,.T.);
#812 = CARTESIAN_POINT('', (0,0,0));
#813 = VERTEX_POINT('', #812);
#814 = CARTESIAN_POINT('', (6.55611,0,16.2233));
#815 = VERTEX_POINT('', #814);
#816 = CARTESIAN_POINT('', (6.50225,0,16.6439));
#817 = VERTEX_POINT('', #816);
#818 = CARTESIAN_POINT('', (6.55611,0,16.2233));
#819 = DIRECTION('', (-0.127019, 0, 0.9919));
#820 = VECTOR('',#819,1);
#821 = LINE('',#818, #820);
#822 = SURFACE_CURVE('', #821);
#823 = EDGE_CURVE('', #815, #817,#822,.T.);
#824 = CARTESIAN_POINT('', (6.50225,0,16.6439));
#825 = DIRECTION('', (-0.363886, 0, -0.931443));
#826 = VECTOR('',#825,1);
#827 = LINE('',#824, #826);
#828 = SURFACE_CURVE('', #827);
#829 = EDGE_CURVE('', #817, #813,#828,.T.);
#830 = ORIENTED_EDGE('',*,*,#800,.F.);
#831 = ORIENTED_EDGE('',*,*,#823,.T.);
#832 = ORIENTED_EDGE('',*,*,#829,.T.);
#833 = CARTESIAN_POINT('', (0,0,0));
#834 = DIRECTION('', (0, -1, 0));
#835 = DIRECTION('', (0.374679, 0, 0.927155));
#836 = AXIS2_PLACEMENT_3D('',#833,#834,#835);
#837 = PLANE('',#836);
#838 = EDGE_LOOP('', (#830,#831,#832));
#839 = FACE_BOUND('', #838,.T.);
#840 = ADVANCED_FACE('', (#839),#837,.T.);
#841 = CARTESIAN_POINT('', (0,0,0));
#842 = VERTEX_POINT('', #841);
#843 = CARTESIAN_POINT('', (6.50225,0,16.6439));
#844 = VERTEX_POINT('', #843);
#845 = CARTESIAN_POINT('', (6.52025,0,17.0675));
#846 = VERTEX_POINT('', #845);
#847 = CARTESIAN_POINT('', (6.50225,0,16.6439));
#848 = DIRECTION('', (0.042441, 0, 0.999099));
#849 = VECTOR('',#848,1);
#850 = LINE('',#847, #849);
#851 = SURFACE_CURVE('', #850);
#852 = EDGE_CURVE('', #844, #846,#851,.T.);
#853 = CARTESIAN_POINT('', (6.52025,0,17.0675));
#854 = DIRECTION('', (-0.356871, 0, -0.934154));
#855 = VECTOR('',#854,1);
#856 = LINE('',#853, #855);
#857 = SURFACE_CURVE('', #856);
#858 = EDGE_CURVE('', #846, #842,#857,.T.);
#859 = ORIENTED_EDGE('',*,*,#829,.F.);
#860 = ORIENTED_EDGE('',*,*,#852,.T.);
#861 = ORIENTED_EDGE('',*,*,#858,.T.);
#862 = CARTESIAN_POINT('', (0,0,0));
#863 = DIRECTION('', (0, -1, 0));
#864 = DIRECTION('', (0.363886, 0, 0.931443));
#865 = AXIS2_PLACEMENT_3D('',#862,#863,#864);
#866 = PLANE('',#865);
#867 = EDGE_LOOP('', (#859,#860,#861));
#868 = FACE_BOUND('', #867,.T.);
#869 = ADVANCED_FACE('', (#868),#866,.T.);
#870 = CARTESIAN_POINT('', (7.78076,0,46.6675));
#871 = VERTEX_POINT('', #870);
#872 = CARTESIAN_POINT('', (7.42945,0,46.9049));
#873 = VERTEX_POINT('', #872);
#874 = CARTESIAN_POINT('', (0,0,0));
#875 = VERTEX_POINT('', #874);
#876 = CARTESIAN_POINT('', (7.78076,0,46.6675));
#877 = DIRECTION('', (-0.82851, 0, 0.559975));
#878 = VECTOR('',#877,1);
#879 = LINE('',#876, #878);
#880 = SURFACE_CURVE('', #879);
#881 = EDGE_CURVE('', #871, #873,#880,.T.);
#882 = CARTESIAN_POINT('', (7.42945,0,46.9049));
#883 = DIRECTION('', (-0.156444, 0, -0.987687));
#884 = VECTOR('',#883,1);
#885 = LINE('',#882, #884);
#886 = SURFACE_CURVE('', #885);
#887 = EDGE_CURVE('', #873, #875,#886,.T.);
#888 = CARTESIAN_POINT('', (0,0,0));
#889 = DIRECTION('', (0.164458, 0, 0.986384));
#890 = VECTOR('',#889,1);
#891 = LINE('',#888, #890);
#892 = SURFACE_CURVE('', #891);
#893 = EDGE_CURVE('', #875, #871,#892,.T.);
#894 = ORIENTED_EDGE('',*,*,#881,.T.);
#895 = ORIENTED_EDGE('',*,*,#887,.T.);
#896 = ORIENTED_EDGE('',*,*,#893,.T.);
#897 = CARTESIAN_POINT('', (7.78076,0,46.6675));
#898 = DIRECTION('', (-0, -1, 0));
#899 = DIRECTION('', (-0.82851, 0, 0.559975));
#900 = AXIS2_PLACEMENT_3D('',#897,#898,#899);
#901 = PLANE('',#900);
#902 = EDGE_LOOP('', (#894,#895,#896));
#903 = FACE_BOUND('', #902,.T.);
#904 = ADVANCED_FACE('', (#903),#901,.T.);
#905 = CARTESIAN_POINT('', (9.83285,0,14.3928));
#906 = VERTEX_POINT('', #905);
#907 = CARTESIAN_POINT('', (9.4225,0,14.286));
#908 = VERTEX_POINT('', #907);
#909 = CARTESIAN_POINT('', (0,0,0));
#910 = VERTEX_POINT('', #909);
#911 = CARTESIAN_POINT('', (9.83285,0,14.3928));
#912 = DIRECTION('', (-0.967734, 0, -0.251976));
#913 = VECTOR('',#912,1);
#914 = LINE('',#911, #913);
#915 = SURFACE_CURVE('', #914);
#916 = EDGE_CURVE('', #906, #908,#915,.T.);
#917 = CARTESIAN_POINT('', (9.4225,0,14.286));
#918 = DIRECTION('', (-0.550589, 0, -0.834777));
#919 = VECTOR('',#918,1);
#920 = LINE('',#917, #919);
#921 = SURFACE_CURVE('', #920);
#922 = EDGE_CURVE('', #908, #910,#921,.T.);
#923 = CARTESIAN_POINT('', (0,0,0));
#924 = DIRECTION('', (0.564103, 0, 0.825704));
#925 = VECTOR('',#924,1);
#926 = LINE('',#923, #925);
#927 = SURFACE_CURVE('', #926);
#928 = EDGE_CURVE('', #910, #906,#927,.T.);
#929 = ORIENTED_EDGE('',*,*,#916,.T.);
#930 = ORIENTED_EDGE('',*,*,#922,.T.);
#931 = ORIENTED_EDGE('',*,*,#928,.T.);
#932 = CARTESIAN_POINT('', (9.83285,0,14.3928));
#933 = DIRECTION('', (0, -1, 0));
#934 = DIRECTION('', (-0.967734, 0, -0.251976));
#935 = AXIS2_PLACEMENT_3D('',#932,#933,#934);
#936 = PLANE('',#935);
#937 = EDGE_LOOP('', (#929,#930,#931));
#938 = FACE_BOUND('', #937,.T.);
#939 = ADVANCED_FACE('', (#938),#936,.T.);
#940 = CARTESIAN_POINT('', (0,0,0));
#941 = VERTEX_POINT('', #940);
#942 = CARTESIAN_POINT('', (9.4225,0,14.286));
#943 = VERTEX_POINT('', #942);
#944 = CARTESIAN_POINT('', (9,0,14.25));
#945 = VERTEX_POINT('', #944);
#946 = CARTESIAN_POINT('', (9.4225,0,14.286));
#947 = DIRECTION('', (-0.996398, 0, -0.0848058));
#948 = VECTOR('',#947,1);
#949 = LINE('',#946, #948);
#950 = SURFACE_CURVE('', #949);
#951 = EDGE_CURVE('', #943, #945,#950,.T.);
#952 = CARTESIAN_POINT('', (9,0,14.25));
#953 = DIRECTION('', (-0.533993, 0, -0.845489));
#954 = VECTOR('',#953,1);
#955 = LINE('',#952, #954);
#956 = SURFACE_CURVE('', #955);
#957 = EDGE_CURVE('', #945, #941,#956,.T.);
#958 = ORIENTED_EDGE('',*,*,#922,.F.);
#959 = ORIENTED_EDGE('',*,*,#951,.T.);
#960 = ORIENTED_EDGE('',*,*,#957,.T.);
#961 = CARTESIAN_POINT('', (0,0,0));
#962 = DIRECTION('', (0, -1, 0));
#963 = DIRECTION('', (0.550589, 0, 0.834777));
#964 = AXIS2_PLACEMENT_3D('',#961,#962,#963);
#965 = PLANE('',#964);
#966 = EDGE_LOOP('', (#958,#959,#960));
#967 = FACE_BOUND('', #966,.T.);
#968 = ADVANCED_FACE('', (#967),#965,.T.);
#969 = CARTESIAN_POINT('', (0,0,0));
#970 = VERTEX_POINT('', #969);
#971 = CARTESIAN_POINT('', (9,0,14.25));
#972 = VERTEX_POINT('', #971);
#973 = CARTESIAN_POINT('', (8.5775,0,14.286));
#974 = VERTEX_POINT('', #973);
#975 = CARTESIAN_POINT('', (9,0,14.25));
#976 = DIRECTION('', (-0.996398, 0, 0.0848058));
#977 = VECTOR('',#976,1);
#978 = LINE('',#975, #977);
#979 = SURFACE_CURVE('', #978);
#980 = EDGE_CURVE('', #972, #974,#979,.T.);
#981 = ORIENTED_EDGE('',*,*,#957,.F.);
#982 = ORIENTED_EDGE('',*,*,#980,.T.);
#983 = ORIENTED_EDGE('',*,*,#492,.F.);
#984 = CARTESIAN_POINT('', (0,0,0));
#985 = DIRECTION('', (0, -1, 0));
#986 = DIRECTION('', (0.533993, 0, 0.845489));
#987 = AXIS2_PLACEMENT_3D('',#984,#985,#986);
#988 = PLANE('',#987);
#989 = EDGE_LOOP('', (#981,#982,#983));
#990 = FACE_BOUND('', #989,.T.);
#991 = ADVANCED_FACE('', (#990),#988,.T.);
#992 = CARTESIAN_POINT('', (42.2192,0,14.5675));
#993 = VERTEX_POINT('', #992);
#994 = CARTESIAN_POINT('', (41.8328,0,14.3928));
#995 = VERTEX_POINT('', #994);
#996 = CARTESIAN_POINT('', (50,0,0));
#997 = VERTEX_POINT('', #996);
#998 = CARTESIAN_POINT('', (42.2192,0,14.5675));
#999 = DIRECTION('', (-0.911231, 0, -0.411896));
#1000 = VECTOR('',#999,1);
#1001 = LINE('',#998, #1000);
#1002 = SURFACE_CURVE('', #1001);
#1003 = EDGE_CURVE('', #993, #995,#1002,.T.);
#1004 = CARTESIAN_POINT('', (41.8328,0,14.3928));
#1005 = DIRECTION('', (0.493526, 0, -0.869731));
#1006 = VECTOR('',#1005,1);
#1007 = LINE('',#1004, #1006);
#1008 = SURFACE_CURVE('', #1007);
#1009 = EDGE_CURVE('', #995, #997,#1008,.T.);
#1010 = CARTESIAN_POINT('', (50,0,0));
#1011 = DIRECTION('', (-0.471128, 0, 0.882065));
#1012 = VECTOR('',#1011,1);
#1013 = LINE('',#1010, #1012);
#1014 = SURFACE_CURVE('', #1013);
#1015 = EDGE_CURVE('', #997, #993,#1014,.T.);
#1016 = ORIENTED_EDGE('',*,*,#1003,.T.);
#1017 = ORIENTED_EDGE('',*,*,#1009,.T.);
#1018 = ORIENTED_EDGE('',*,*,#1015,.T.);
#1019 = CARTESIAN_POINT('', (42.2192,0,14.5675));
#1020 = DIRECTION('', (0, -1, -0));
#1021 = DIRECTION('', (-0.911231, 0, -0.411896));
#1022 = AXIS2_PLACEMENT_3D('',#1019,#1020,#1021);
#1023 = PLANE('',#1022);
#1024 = EDGE_LOOP('', (#1016,#1017,#1018));
#1025 = FACE_BOUND('', #1024,.T.);
#1026 = ADVANCED_FACE('', (#1025),#1023,.T.);
#1027 = CARTESIAN_POINT('', (50,0,0));
#1028 = VERTEX_POINT('', #1027);
#1029 = CARTESIAN_POINT('', (41.8328,0,14.3928));
#1030 = VERTEX_POINT('', #1029);
#1031 = CARTESIAN_POINT('', (41.4225,0,14.286));
#1032 = VERTEX_POINT('', #1031);
#1033 = CARTESIAN_POINT('', (41.8328,0,14.3928));
#1034 = DIRECTION('', (-0.967734, 0, -0.251976));
#1035 = VECTOR('',#1034,1);
#1036 = LINE('',#1033, #1035);
#1037 = SURFACE_CURVE('', #1036);
#1038 = EDGE_CURVE('', #1030, #1032,#1037,.T.);
#1039 = CARTESIAN_POINT('', (41.4225,0,14.286));
#1040 = DIRECTION('', (0.514757, 0, -0.857336));
#1041 = VECTOR('',#1040,1);
#1042 = LINE('',#1039, #1041);
#1043 = SURFACE_CURVE('', #1042);
#1044 = EDGE_CURVE('', #1032, #1028,#1043,.T.);
#1045 = ORIENTED_EDGE('',*,*,#1009,.F.);
#1046 = ORIENTED_EDGE('',*,*,#1038,.T.);
#1047 = ORIENTED_EDGE('',*,*,#1044,.T.);
#1048 = CARTESIAN_POINT('', (50,0,0));
#1049 = DIRECTION('', (0, -1, 0));
#1050 = DIRECTION('', (-0.493526, 0, 0.869731));
#1051 = AXIS2_PLACEMENT_3D('',#1048,#1049,#1050);
#1052 = PLANE('',#1051);
#1053 = EDGE_LOOP('', (#1045,#1046,#1047));
#1054 = FACE_BOUND('', #1053,.T.);
#1055 = ADVANCED_FACE('', (#1054),#1052,.T.);
#1056 = CARTESIAN_POINT('', (6.99001,0,18.2366));
#1057 = VERTEX_POINT('', #1056);
#1058 = CARTESIAN_POINT('', (7.27015,0,18.5549));
#1059 = VERTEX_POINT('', #1058);
#1060 = CARTESIAN_POINT('', (9,0,46.35));
#1061 = VERTEX_POINT('', #1060);
#1062 = CARTESIAN_POINT('', (6.99001,0,18.2366));
#1063 = DIRECTION('', (0.660676, 0, 0.750671));
#1064 = VECTOR('',#1063,1);
#1065 = LINE('',#1062, #1064);
#1066 = SURFACE_CURVE('', #1065);
#1067 = EDGE_CURVE('', #1057, #1059,#1066,.T.);
#1068 = CARTESIAN_POINT('', (7.27015,0,18.5549));
#1069 = DIRECTION('', (0.0621155, 0, 0.998069));
#1070 = VECTOR('',#1069,1);
#1071 = LINE('',#1068, #1070);
#1072 = SURFACE_CURVE('', #1071);
#1073 = EDGE_CURVE('', #1059, #1061,#1072,.T.);
#1074 = ORIENTED_EDGE('',*,*,#1067,.T.);
#1075 = ORIENTED_EDGE('',*,*,#1073,.T.);
#1076 = ORIENTED_EDGE('',*,*,#579,.F.);
#1077 = CARTESIAN_POINT('', (6.99001,0,18.2366));
#1078 = DIRECTION('', (0, -1, 0));
#1079 = DIRECTION('', (0.660676, 0, 0.750671));
#1080 = AXIS2_PLACEMENT_3D('',#1077,#1078,#1079);
#1081 = PLANE('',#1080);
#1082 = EDGE_LOOP('', (#1074,#1075,#1076));
#1083 = FACE_BOUND('', #1082,.T.);
#1084 = ADVANCED_FACE('', (#1083),#1081,.T.);
#1085 = CARTESIAN_POINT('', (9,0,46.35));
#1086 = VERTEX_POINT('', #1085);
#1087 = CARTESIAN_POINT('', (7.27015,0,18.5549));
#1088 = VERTEX_POINT('', #1087);
#1089 = CARTESIAN_POINT('', (7.60006,0,18.8213));
#1090 = VERTEX_POINT('', #1089);
#1091 = CARTESIAN_POINT('', (7.27015,0,18.5549));
#1092 = DIRECTION('', (0.778033, 0, 0.628223));
#1093 = VECTOR('',#1092,1);
#1094 = LINE('',#1091, #1093);
#1095 = SURFACE_CURVE('', #1094);
#1096 = EDGE_CURVE('', #1088, #1090,#1095,.T.);
#1097 = CARTESIAN_POINT('', (7.60006,0,18.8213));
#1098 = DIRECTION('', (0.0507881, 0, 0.998709));
#1099 = VECTOR('',#1098,1);
#1100 = LINE('',#1097, #1099);
#1101 = SURFACE_CURVE('', #1100);
#1102 = EDGE_CURVE('', #1090, #1086,#1101,.T.);
#1103 = ORIENTED_EDGE('',*,*,#1073,.F.);
#1104 = ORIENTED_EDGE('',*,*,#1096,.T.);
#1105 = ORIENTED_EDGE('',*,*,#1102,.T.);
#1106 = CARTESIAN_POINT('', (9,0,46.35));
#1107 = DIRECTION('', (0, -1, 0));
#1108 = DIRECTION('', (-0.0621155, 0, -0.998069));
#1109 = AXIS2_PLACEMENT_3D('',#1106,#1107,#1108);
#1110 = PLANE('',#1109);
#1111 = EDGE_LOOP('', (#1103,#1104,#1105));
#1112 = FACE_BOUND('', #1111,.T.);
#1113 = ADVANCED_FACE('', (#1112),#1110,.T.);
#1114 = CARTESIAN_POINT('', (9,0,46.35));
#1115 = VERTEX_POINT('', #1114);
#1116 = CARTESIAN_POINT('', (7.60006,0,18.8213));
#1117 = VERTEX_POINT('', #1116);
#1118 = CARTESIAN_POINT('', (7.97025,0,19.0281));
#1119 = VERTEX_POINT('', #1118);
#1120 = CARTESIAN_POINT('', (7.60006,0,18.8213));
#1121 = DIRECTION('', (0.873016, 0, 0.487691));
#1122 = VECTOR('',#1121,1);
#1123 = LINE('',#1120, #1122);
#1124 = SURFACE_CURVE('', #1123);
#1125 = EDGE_CURVE('', #1117, #1119,#1124,.T.);
#1126 = CARTESIAN_POINT('', (7.97025,0,19.0281));
#1127 = DIRECTION('', (0.0376629, 0, 0.999291));
#1128 = VECTOR('',#1127,1);
#1129 = LINE('',#1126, #1128);
#1130 = SURFACE_CURVE('', #1129);
#1131 = EDGE_CURVE('', #1119, #1115,#1130,.T.);
#1132 = ORIENTED_EDGE('',*,*,#1102,.F.);
#1133 = ORIENTED_EDGE('',*,*,#1125,.T.);
#1134 = ORIENTED_EDGE('',*,*,#1131,.T.);
#1135 = CARTESIAN_POINT('', (9,0,46.35));
#1136 = DIRECTION('', (0, -1, 0));
#1137 = DIRECTION('', (-0.0507881, 0, -0.998709));
#1138 = AXIS2_PLACEMENT_3D('',#1135,#1136,#1137);
#1139 = PLANE('',#1138);
#1140 = EDGE_LOOP('', (#1132,#1133,#1134));
#1141 = FACE_BOUND('', #1140,.T.);
#1142 = ADVANCED_FACE('', (#1141),#1139,.T.);
#1143 = CARTESIAN_POINT('', (10.3999,0,18.8213));
#1144 = VERTEX_POINT('', #1143);
#1145 = CARTESIAN_POINT('', (10.7298,0,18.5549));
#1146 = VERTEX_POINT('', #1145);
#1147 = CARTESIAN_POINT('', (9.83285,0,46.4928));
#1148 = VERTEX_POINT('', #1147);
#1149 = CARTESIAN_POINT('', (10.3999,0,18.8213));
#1150 = DIRECTION('', (0.778034, 0, -0.628222));
#1151 = VECTOR('',#1150,1);
#1152 = LINE('',#1149, #1151);
#1153 = SURFACE_CURVE('', #1152);
#1154 = EDGE_CURVE('', #1144, #1146,#1153,.T.);
#1155 = CARTESIAN_POINT('', (10.7298,0,18.5549));
#1156 = DIRECTION('', (-0.0320903, 0, 0.999485));
#1157 = VECTOR('',#1156,1);
#1158 = LINE('',#1155, #1157);
#1159 = SURFACE_CURVE('', #1158);
#1160 = EDGE_CURVE('', #1146, #1148,#1159,.T.);
#1161 = ORIENTED_EDGE('',*,*,#1154,.T.);
#1162 = ORIENTED_EDGE('',*,*,#1160,.T.);
#1163 = ORIENTED_EDGE('',*,*,#614,.F.);
#1164 = CARTESIAN_POINT('', (10.3999,0,18.8213));
#1165 = DIRECTION('', (0, -1, 0));
#1166 = DIRECTION('', (0.778034, 0, -0.628222));
#1167 = AXIS2_PLACEMENT_3D('',#1164,#1165,#1166);
#1168 = PLANE('',#1167);
#1169 = EDGE_LOOP('', (#1161,#1162,#1163));
#1170 = FACE_BOUND('', #1169,.T.);
#1171 = ADVANCED_FACE('', (#1170),#1168,.T.);
#1172 = CARTESIAN_POINT('', (9.83285,0,46.4928));
#1173 = VERTEX_POINT('', #1172);
#1174 = CARTESIAN_POINT('', (10.7298,0,18.5549));
#1175 = VERTEX_POINT('', #1174);
#1176 = CARTESIAN_POINT('', (11.01,0,18.2366));
#1177 = VERTEX_POINT('', #1176);
#1178 = CARTESIAN_POINT('', (10.7298,0,18.5549));
#1179 = DIRECTION('', (0.660675, 0, -0.750672));
#1180 = VECTOR('',#1179,1);
#1181 = LINE('',#1178, #1180);
#1182 = SURFACE_CURVE('', #1181);
#1183 = EDGE_CURVE('', #1175, #1177,#1182,.T.);
#1184 = CARTESIAN_POINT('', (11.01,0,18.2366));
#1185 = DIRECTION('', (-0.0416235, 0, 0.999133));
#1186 = VECTOR('',#1185,1);
#1187 = LINE('',#1184, #1186);
#1188 = SURFACE_CURVE('', #1187);
#1189 = EDGE_CURVE('', #1177, #1173,#1188,.T.);
#1190 = ORIENTED_EDGE('',*,*,#1160,.F.);
#1191 = ORIENTED_EDGE('',*,*,#1183,.T.);
#1192 = ORIENTED_EDGE('',*,*,#1189,.T.);
#1193 = CARTESIAN_POINT('', (9.83285,0,46.4928));
#1194 = DIRECTION('', (0, -1, 0));
#1195 = DIRECTION('', (0.0320903, 0, -0.999485));
#1196 = AXIS2_PLACEMENT_3D('',#1193,#1194,#1195);
#1197 = PLANE('',#1196);
#1198 = EDGE_LOOP('', (#1190,#1191,#1192));
#1199 = FACE_BOUND('', #1198,.T.);
#1200 = ADVANCED_FACE('', (#1199),#1197,.T.);
#1201 = CARTESIAN_POINT('', (9.83285,0,46.4928));
#1202 = VERTEX_POINT('', #1201);
#1203 = CARTESIAN_POINT('', (11.01,0,18.2366));
#1204 = VERTEX_POINT('', #1203);
#1205 = CARTESIAN_POINT('', (11.2323,0,17.8755));
#1206 = VERTEX_POINT('', #1205);
#1207 = CARTESIAN_POINT('', (11.01,0,18.2366));
#1208 = DIRECTION('', (0.524307, 0, -0.851529));
#1209 = VECTOR('',#1208,1);
#1210 = LINE('',#1207, #1209);
#1211 = SURFACE_CURVE('', #1210);
#1212 = EDGE_CURVE('', #1204, #1206,#1211,.T.);
#1213 = CARTESIAN_POINT('', (11.2323,0,17.8755));
#1214 = DIRECTION('', (-0.0488444, 0, 0.998806));
#1215 = VECTOR('',#1214,1);
#1216 = LINE('',#1213, #1215);
#1217 = SURFACE_CURVE('', #1216);
#1218 = EDGE_CURVE('', #1206, #1202,#1217,.T.);
#1219 = ORIENTED_EDGE('',*,*,#1189,.F.);
#1220 = ORIENTED_EDGE('',*,*,#1212,.T.);
#1221 = ORIENTED_EDGE('',*,*,#1218,.T.);
#1222 = CARTESIAN_POINT('', (9.83285,0,46.4928));
#1223 = DIRECTION('', (0, -1, 0));
#1224 = DIRECTION('', (0.0416235, 0, -0.999133));
#1225 = AXIS2_PLACEMENT_3D('',#1222,#1223,#1224);
#1226 = PLANE('',#1225);
#1227 = EDGE_LOOP('', (#1219,#1220,#1221));
#1228 = FACE_BOUND('', #1227,.T.);
#1229 = ADVANCED_FACE('', (#1228),#1226,.T.);
#1230 = CARTESIAN_POINT('', (6.60958,0,17.4821));
#1231 = VERTEX_POINT('', #1230);
#1232 = CARTESIAN_POINT('', (9,0,46.35));
#1233 = VERTEX_POINT('', #1232);
#1234 = CARTESIAN_POINT('', (6.52025,0,17.0675));
#1235 = VERTEX_POINT('', #1234);
#1236 = CARTESIAN_POINT('', (9,0,46.35));
#1237 = DIRECTION('', (-0.0843818, 0, -0.996433));
#1238 = VECTOR('',#1237,1);
#1239 = LINE('',#1236, #1238);
#1240 = SURFACE_CURVE('', #1239);
#1241 = EDGE_CURVE('', #1233, #1235,#1240,.T.);
#1242 = CARTESIAN_POINT('', (6.52025,0,17.0675));
#1243 = DIRECTION('', (0.21068, 0, 0.977555));
#1244 = VECTOR('',#1243,1);
#1245 = LINE('',#1242, #1244);
#1246 = SURFACE_CURVE('', #1245);
#1247 = EDGE_CURVE('', #1235, #1231,#1246,.T.);
#1248 = ORIENTED_EDGE('',*,*,#765,.F.);
#1249 = ORIENTED_EDGE('',*,*,#1241,.T.);
#1250 = ORIENTED_EDGE('',*,*,#1247,.T.);
#1251 = CARTESIAN_POINT('', (6.60958,0,17.4821));
#1252 = DIRECTION('', (-0, -1, 0));
#1253 = DIRECTION('', (0.0825228, 0, 0.996589));
#1254 = AXIS2_PLACEMENT_3D('',#1251,#1252,#1253);
#1255 = PLANE('',#1254);
#1256 = EDGE_LOOP('', (#1248,#1249,#1250));
#1257 = FACE_BOUND('', #1256,.T.);
#1258 = ADVANCED_FACE('', (#1257),#1255,.T.);
#1259 = CARTESIAN_POINT('', (6.52025,0,17.0675));
#1260 = VERTEX_POINT('', #1259);
#1261 = CARTESIAN_POINT('', (9,0,46.35));
#1262 = VERTEX_POINT('', #1261);
#1263 = CARTESIAN_POINT('', (8.5775,0,46.386));
#1264 = VERTEX_POINT('', #1263);
#1265 = CARTESIAN_POINT('', (9,0,46.35));
#1266 = DIRECTION('', (-0.996398, 0, 0.0847991));
#1267 = VECTOR('',#1266,1);
#1268 = LINE('',#1265, #1267);
#1269 = SURFACE_CURVE('', #1268);
#1270 = EDGE_CURVE('', #1262, #1264,#1269,.T.);
#1271 = CARTESIAN_POINT('', (8.5775,0,46.386));
#1272 = DIRECTION('', (-0.0699971, 0, -0.997547));
#1273 = VECTOR('',#1272,1);
#1274 = LINE('',#1271, #1273);
#1275 = SURFACE_CURVE('', #1274);
#1276 = EDGE_CURVE('', #1264, #1260,#1275,.T.);
#1277 = ORIENTED_EDGE('',*,*,#1241,.F.);
#1278 = ORIENTED_EDGE('',*,*,#1270,.T.);
#1279 = ORIENTED_EDGE('',*,*,#1276,.T.);
#1280 = CARTESIAN_POINT('', (6.52025,0,17.0675));
#1281 = DIRECTION('', (0, -1, 0));
#1282 = DIRECTION('', (0.0843818, 0, 0.996433));
#1283 = AXIS2_PLACEMENT_3D('',#1280,#1281,#1282);
#1284 = PLANE('',#1283);
#1285 = EDGE_LOOP('', (#1277,#1278,#1279));
#1286 = FACE_BOUND('', #1285,.T.);
#1287 = ADVANCED_FACE('', (#1286),#1284,.T.);
#1288 = CARTESIAN_POINT('', (6.52025,0,17.0675));
#1289 = VERTEX_POINT('', #1288);
#1290 = CARTESIAN_POINT('', (8.5775,0,46.386));
#1291 = VERTEX_POINT('', #1290);
#1292 = CARTESIAN_POINT('', (0,0,0));
#1293 = VERTEX_POINT('', #1292);
#1294 = CARTESIAN_POINT('', (8.5775,0,46.386));
#1295 = DIRECTION('', (-0.181833, 0, -0.983329));
#1296 = VECTOR('',#1295,1);
#1297 = LINE('',#1294, #1296);
#1298 = SURFACE_CURVE('', #1297);
#1299 = EDGE_CURVE('', #1291, #1293,#1298,.T.);
#1300 = ORIENTED_EDGE('',*,*,#1276,.F.);
#1301 = ORIENTED_EDGE('',*,*,#1299,.T.);
#1302 = ORIENTED_EDGE('',*,*,#858,.F.);
#1303 = CARTESIAN_POINT('', (6.52025,0,17.0675));
#1304 = DIRECTION('', (-0, -1, 0));
#1305 = DIRECTION('', (0.0699971, 0, 0.997547));
#1306 = AXIS2_PLACEMENT_3D('',#1303,#1304,#1305);
#1307 = PLANE('',#1306);
#1308 = EDGE_LOOP('', (#1300,#1301,#1302));
#1309 = FACE_BOUND('', #1308,.T.);
#1310 = ADVANCED_FACE('', (#1309),#1307,.T.);
#1311 = CARTESIAN_POINT('', (0,0,0));
#1312 = VERTEX_POINT('', #1311);
#1313 = CARTESIAN_POINT('', (8.5775,0,46.386));
#1314 = VERTEX_POINT('', #1313);
#1315 = CARTESIAN_POINT('', (8.16715,0,46.4928));
#1316 = VERTEX_POINT('', #1315);
#1317 = CARTESIAN_POINT('', (8.5775,0,46.386));
#1318 = DIRECTION('', (-0.967731, 0, 0.251986));
#1319 = VECTOR('',#1318,1);
#1320 = LINE('',#1317, #1319);
#1321 = SURFACE_CURVE('', #1320);
#1322 = EDGE_CURVE('', #1314, #1316,#1321,.T.);
#1323 = CARTESIAN_POINT('', (8.16715,0,46.4928));
#1324 = DIRECTION('', (-0.173016, 0, -0.984919));
#1325 = VECTOR('',#1324,1);
#1326 = LINE('',#1323, #1325);
#1327 = SURFACE_CURVE('', #1326);
#1328 = EDGE_CURVE('', #1316, #1312,#1327,.T.);
#1329 = ORIENTED_EDGE('',*,*,#1299,.F.);
#1330 = ORIENTED_EDGE('',*,*,#1322,.T.);
#1331 = ORIENTED_EDGE('',*,*,#1328,.T.);
#1332 = CARTESIAN_POINT('', (0,0,0));
#1333 = DIRECTION('', (0, -1, 0));
#1334 = DIRECTION('', (0.181833, 0, 0.983329));
#1335 = AXIS2_PLACEMENT_3D('',#1332,#1333,#1334);
#1336 = PLANE('',#1335);
#1337 = EDGE_LOOP('', (#1329,#1330,#1331));
#1338 = FACE_BOUND('', #1337,.T.);
#1339 = ADVANCED_FACE('', (#1338),#1336,.T.);
#1340 = CARTESIAN_POINT('', (0,0,0));
#1341 = VERTEX_POINT('', #1340);
#1342 = CARTESIAN_POINT('', (8.16715,0,46.4928));
#1343 = VERTEX_POINT('', #1342);
#1344 = CARTESIAN_POINT('', (7.78076,0,46.6675));
#1345 = VERTEX_POINT('', #1344);
#1346 = CARTESIAN_POINT('', (8.16715,0,46.4928));
#1347 = DIRECTION('', (-0.911231, 0, 0.411897));
#1348 = VECTOR('',#1347,1);
#1349 = LINE('',#1346, #1348);
#1350 = SURFACE_CURVE('', #1349);
#1351 = EDGE_CURVE('', #1343, #1345,#1350,.T.);
#1352 = ORIENTED_EDGE('',*,*,#1328,.F.);
#1353 = ORIENTED_EDGE('',*,*,#1351,.T.);
#1354 = ORIENTED_EDGE('',*,*,#893,.F.);
#1355 = CARTESIAN_POINT('', (0,0,0));
#1356 = DIRECTION('', (0, -1, 0));
#1357 = DIRECTION('', (0.173016, 0, 0.984919));
#1358 = AXIS2_PLACEMENT_3D('',#1355,#1356,#1357);
#1359 = PLANE('',#1358);
#1360 = EDGE_LOOP('', (#1352,#1353,#1354));
#1361 = FACE_BOUND('', #1360,.T.);
#1362 = ADVANCED_FACE('', (#1361),#1359,.T.);
#1363 = CARTESIAN_POINT('', (40.5775,0,46.386));
#1364 = VERTEX_POINT('', #1363);
#1365 = CARTESIAN_POINT('', (38.5203,0,17.0675));
#1366 = VERTEX_POINT('', #1365);
#1367 = CARTESIAN_POINT('', (41,0,46.35));
#1368 = VERTEX_POINT('', #1367);
#1369 = CARTESIAN_POINT('', (40.5775,0,46.386));
#1370 = DIRECTION('', (-0.0699969, 0, -0.997547));
#1371 = VECTOR('',#1370,1);
#1372 = LINE('',#1369, #1371);
#1373 = SURFACE_CURVE('', #1372);
#1374 = EDGE_CURVE('', #1364, #1366,#1373,.T.);
#1375 = CARTESIAN_POINT('', (38.5203,0,17.0675));
#1376 = DIRECTION('', (0.0843817, 0, 0.996434));
#1377 = VECTOR('',#1376,1);
#1378 = LINE('',#1375, #1377);
#1379 = SURFACE_CURVE('', #1378);
#1380 = EDGE_CURVE('', #1366, #1368,#1379,.T.);
#1381 = CARTESIAN_POINT('', (41,0,46.35));
#1382 = DIRECTION('', (-0.996398, 0, 0.0847987));
#1383 = VECTOR('',#1382,1);
#1384 = LINE('',#1381, #1383);
#1385 = SURFACE_CURVE('', #1384);
#1386 = EDGE_CURVE('', #1368, #1364,#1385,.T.);
#1387 = ORIENTED_EDGE('',*,*,#1374,.T.);
#1388 = ORIENTED_EDGE('',*,*,#1380,.T.);
#1389 = ORIENTED_EDGE('',*,*,#1386,.T.);
#1390 = CARTESIAN_POINT('', (40.5775,0,46.386));
#1391 = DIRECTION('', (0, -1, -0));
#1392 = DIRECTION('', (-0.0699969, 0, -0.997547));
#1393 = AXIS2_PLACEMENT_3D('',#1390,#1391,#1392);
#1394 = PLANE('',#1393);
#1395 = EDGE_LOOP('', (#1387,#1388,#1389));
#1396 = FACE_BOUND('', #1395,.T.);
#1397 = ADVANCED_FACE('', (#1396),#1394,.T.);
#1398 = CARTESIAN_POINT('', (41,0,46.35));
#1399 = VERTEX_POINT('', #1398);
#1400 = CARTESIAN_POINT('', (38.5203,0,17.0675));
#1401 = VERTEX_POINT('', #1400);
#1402 = CARTESIAN_POINT('', (38.6096,0,17.4821));
#1403 = VERTEX_POINT('', #1402);
#1404 = CARTESIAN_POINT('', (38.5203,0,17.0675));
#1405 = DIRECTION('', (0.210675, 0, 0.977556));
#1406 = VECTOR('',#1405,1);
#1407 = LINE('',#1404, #1406);
#1408 = SURFACE_CURVE('', #1407);
#1409 = EDGE_CURVE('', #1401, #1403,#1408,.T.);
#1410 = CARTESIAN_POINT('', (38.6096,0,17.4821));
#1411 = DIRECTION('', (0.0825227, 0, 0.996589));
#1412 = VECTOR('',#1411,1);
#1413 = LINE('',#1410, #1412);
#1414 = SURFACE_CURVE('', #1413);
#1415 = EDGE_CURVE('', #1403, #1399,#1414,.T.);
#1416 = ORIENTED_EDGE('',*,*,#1380,.F.);
#1417 = ORIENTED_EDGE('',*,*,#1409,.T.);
#1418 = ORIENTED_EDGE('',*,*,#1415,.T.);
#1419 = CARTESIAN_POINT('', (41,0,46.35));
#1420 = DIRECTION('', (0, -1, 0));
#1421 = DIRECTION('', (-0.0843817, 0, -0.996434));
#1422 = AXIS2_PLACEMENT_3D('',#1419,#1420,#1421);
#1423 = PLANE('',#1422);
#1424 = EDGE_LOOP('', (#1416,#1417,#1418));
#1425 = FACE_BOUND('', #1424,.T.);
#1426 = ADVANCED_FACE('', (#1425),#1423,.T.);
#1427 = CARTESIAN_POINT('', (7.97025,0,19.0281));
#1428 = VERTEX_POINT('', #1427);
#1429 = CARTESIAN_POINT('', (8.37006,0,19.1693));
#1430 = VERTEX_POINT('', #1429);
#1431 = CARTESIAN_POINT('', (9,0,46.35));
#1432 = VERTEX_POINT('', #1431);
#1433 = CARTESIAN_POINT('', (7.97025,0,19.0281));
#1434 = DIRECTION('', (0.942877, 0, 0.333141));
#1435 = VECTOR('',#1434,1);
#1436 = LINE('',#1433, #1435);
#1437 = SURFACE_CURVE('', #1436);
#1438 = EDGE_CURVE('', #1428, #1430,#1437,.T.);
#1439 = CARTESIAN_POINT('', (8.37006,0,19.1693));
#1440 = DIRECTION('', (0.02317, 0, 0.999732));
#1441 = VECTOR('',#1440,1);
#1442 = LINE('',#1439, #1441);
#1443 = SURFACE_CURVE('', #1442);
#1444 = EDGE_CURVE('', #1430, #1432,#1443,.T.);
#1445 = ORIENTED_EDGE('',*,*,#1438,.T.);
#1446 = ORIENTED_EDGE('',*,*,#1444,.T.);
#1447 = ORIENTED_EDGE('',*,*,#1131,.F.);
#1448 = CARTESIAN_POINT('', (7.97025,0,19.0281));
#1449 = DIRECTION('', (0, -1, 0));
#1450 = DIRECTION('', (0.942877, 0, 0.333141));
#1451 = AXIS2_PLACEMENT_3D('',#1448,#1449,#1450);
#1452 = PLANE('',#1451);
#1453 = EDGE_LOOP('', (#1445,#1446,#1447));
#1454 = FACE_BOUND('', #1453,.T.);
#1455 = ADVANCED_FACE('', (#1454),#1452,.T.);
#1456 = CARTESIAN_POINT('', (9,0,46.35));
#1457 = VERTEX_POINT('', #1456);
#1458 = CARTESIAN_POINT('', (8.37006,0,19.1693));
#1459 = VERTEX_POINT('', #1458);
#1460 = CARTESIAN_POINT('', (8.78798,0,19.241));
#1461 = VERTEX_POINT('', #1460);
#1462 = CARTESIAN_POINT('', (8.37006,0,19.1693));
#1463 = DIRECTION('', (0.985617, 0, 0.168996));
#1464 = VECTOR('',#1463,1);
#1465 = LINE('',#1462, #1464);
#1466 = SURFACE_CURVE('', #1465);
#1467 = EDGE_CURVE('', #1459, #1461,#1466,.T.);
#1468 = CARTESIAN_POINT('', (8.78798,0,19.241));
#1469 = DIRECTION('', (0.0078206, 0, 0.999969));
#1470 = VECTOR('',#1469,1);
#1471 = LINE('',#1468, #1470);
#1472 = SURFACE_CURVE('', #1471);
#1473 = EDGE_CURVE('', #1461, #1457,#1472,.T.);
#1474 = ORIENTED_EDGE('',*,*,#1444,.F.);
#1475 = ORIENTED_EDGE('',*,*,#1467,.T.);
#1476 = ORIENTED_EDGE('',*,*,#1473,.T.);
#1477 = CARTESIAN_POINT('', (9,0,46.35));
#1478 = DIRECTION('', (0, -1, 0));
#1479 = DIRECTION('', (-0.02317, 0, -0.999732));
#1480 = AXIS2_PLACEMENT_3D('',#1477,#1478,#1479);
#1481 = PLANE('',#1480);
#1482 = EDGE_LOOP('', (#1474,#1475,#1476));
#1483 = FACE_BOUND('', #1482,.T.);
#1484 = ADVANCED_FACE('', (#1483),#1481,.T.);
#1485 = CARTESIAN_POINT('', (9,0,46.35));
#1486 = VERTEX_POINT('', #1485);
#1487 = CARTESIAN_POINT('', (8.78798,0,19.241));
#1488 = VERTEX_POINT('', #1487);
#1489 = CARTESIAN_POINT('', (9.4225,0,46.386));
#1490 = VERTEX_POINT('', #1489);
#1491 = CARTESIAN_POINT('', (8.78798,0,19.241));
#1492 = DIRECTION('', (0.0233688, 0, 0.999727));
#1493 = VECTOR('',#1492,1);
#1494 = LINE('',#1491, #1493);
#1495 = SURFACE_CURVE('', #1494);
#1496 = EDGE_CURVE('', #1488, #1490,#1495,.T.);
#1497 = CARTESIAN_POINT('', (9.4225,0,46.386));
#1498 = DIRECTION('', (-0.996398, 0, -0.0847991));
#1499 = VECTOR('',#1498,1);
#1500 = LINE('',#1497, #1499);
#1501 = SURFACE_CURVE('', #1500);
#1502 = EDGE_CURVE('', #1490, #1486,#1501,.T.);
#1503 = ORIENTED_EDGE('',*,*,#1473,.F.);
#1504 = ORIENTED_EDGE('',*,*,#1496,.T.);
#1505 = ORIENTED_EDGE('',*,*,#1502,.T.);
#1506 = CARTESIAN_POINT('', (9,0,46.35));
#1507 = DIRECTION('', (0, -1, -0));
#1508 = DIRECTION('', (-0.0078206, 0, -0.999969));
#1509 = AXIS2_PLACEMENT_3D('',#1506,#1507,#1508);
#1510 = PLANE('',#1509);
#1511 = EDGE_LOOP('', (#1503,#1504,#1505));
#1512 = FACE_BOUND('', #1511,.T.);
#1513 = ADVANCED_FACE('', (#1512),#1510,.T.);
#1514 = CARTESIAN_POINT('', (9.4225,0,46.386));
#1515 = VERTEX_POINT('', #1514);
#1516 = CARTESIAN_POINT('', (8.78798,0,19.241));
#1517 = VERTEX_POINT('', #1516);
#1518 = CARTESIAN_POINT('', (9.21202,0,19.241));
#1519 = VERTEX_POINT('', #1518);
#1520 = CARTESIAN_POINT('', (8.78798,0,19.241));
#1521 = DIRECTION('', (1, 0, 0));
#1522 = VECTOR('',#1521,1);
#1523 = LINE('',#1520, #1522);
#1524 = SURFACE_CURVE('', #1523);
#1525 = EDGE_CURVE('', #1517, #1519,#1524,.T.);
#1526 = CARTESIAN_POINT('', (9.21202,0,19.241));
#1527 = DIRECTION('', (0.00775396, 0, 0.99997));
#1528 = VECTOR('',#1527,1);
#1529 = LINE('',#1526, #1528);
#1530 = SURFACE_CURVE('', #1529);
#1531 = EDGE_CURVE('', #1519, #1515,#1530,.T.);
#1532 = ORIENTED_EDGE('',*,*,#1496,.F.);
#1533 = ORIENTED_EDGE('',*,*,#1525,.T.);
#1534 = ORIENTED_EDGE('',*,*,#1531,.T.);
#1535 = CARTESIAN_POINT('', (9.4225,0,46.386));
#1536 = DIRECTION('', (0, -1, 0));
#1537 = DIRECTION('', (-0.0233688, 0, -0.999727));
#1538 = AXIS2_PLACEMENT_3D('',#1535,#1536,#1537);
#1539 = PLANE('',#1538);
#1540 = EDGE_LOOP('', (#1532,#1533,#1534));
#1541 = FACE_BOUND('', #1540,.T.);
#1542 = ADVANCED_FACE('', (#1541),#1539,.T.);
#1543 = CARTESIAN_POINT('', (9.4225,0,46.386));
#1544 = VERTEX_POINT('', #1543);
#1545 = CARTESIAN_POINT('', (9.21202,0,19.241));
#1546 = VERTEX_POINT('', #1545);
#1547 = CARTESIAN_POINT('', (9.83285,0,46.4928));
#1548 = VERTEX_POINT('', #1547);
#1549 = CARTESIAN_POINT('', (9.21202,0,19.241));
#1550 = DIRECTION('', (0.0227755, 0, 0.999741));
#1551 = VECTOR('',#1550,1);
#1552 = LINE('',#1549, #1551);
#1553 = SURFACE_CURVE('', #1552);
#1554 = EDGE_CURVE('', #1546, #1548,#1553,.T.);
#1555 = CARTESIAN_POINT('', (9.83285,0,46.4928));
#1556 = DIRECTION('', (-0.967731, 0, -0.251986));
#1557 = VECTOR('',#1556,1);
#1558 = LINE('',#1555, #1557);
#1559 = SURFACE_CURVE('', #1558);
#1560 = EDGE_CURVE('', #1548, #1544,#1559,.T.);
#1561 = ORIENTED_EDGE('',*,*,#1531,.F.);
#1562 = ORIENTED_EDGE('',*,*,#1554,.T.);
#1563 = ORIENTED_EDGE('',*,*,#1560,.T.);
#1564 = CARTESIAN_POINT('', (9.4225,0,46.386));
#1565 = DIRECTION('', (0, -1, -0));
#1566 = DIRECTION('', (-0.00775396, 0, -0.99997));
#1567 = AXIS2_PLACEMENT_3D('',#1564,#1565,#1566);
#1568 = PLANE('',#1567);
#1569 = EDGE_LOOP('', (#1561,#1562,#1563));
#1570 = FACE_BOUND('', #1569,.T.);
#1571 = ADVANCED_FACE('', (#1570),#1568,.T.);
#1572 = CARTESIAN_POINT('', (9.83285,0,46.4928));
#1573 = VERTEX_POINT('', #1572);
#1574 = CARTESIAN_POINT('', (9.21202,0,19.241));
#1575 = VERTEX_POINT('', #1574);
#1576 = CARTESIAN_POINT('', (9.62994,0,19.1693));
#1577 = VERTEX_POINT('', #1576);
#1578 = CARTESIAN_POINT('', (9.21202,0,19.241));
#1579 = DIRECTION('', (0.985617, 0, -0.168996));
#1580 = VECTOR('',#1579,1);
#1581 = LINE('',#1578, #1580);
#1582 = SURFACE_CURVE('', #1581);
#1583 = EDGE_CURVE('', #1575, #1577,#1582,.T.);
#1584 = CARTESIAN_POINT('', (9.62994,0,19.1693));
#1585 = DIRECTION('', (0.00742582, 0, 0.999972));
#1586 = VECTOR('',#1585,1);
#1587 = LINE('',#1584, #1586);
#1588 = SURFACE_CURVE('', #1587);
#1589 = EDGE_CURVE('', #1577, #1573,#1588,.T.);
#1590 = ORIENTED_EDGE('',*,*,#1554,.F.);
#1591 = ORIENTED_EDGE('',*,*,#1583,.T.);
#1592 = ORIENTED_EDGE('',*,*,#1589,.T.);
#1593 = CARTESIAN_POINT('', (9.83285,0,46.4928));
#1594 = DIRECTION('', (0, -1, 0));
#1595 = DIRECTION('', (-0.0227755, 0, -0.999741));
#1596 = AXIS2_PLACEMENT_3D('',#1593,#1594,#1595);
#1597 = PLANE('',#1596);
#1598 = EDGE_LOOP('', (#1590,#1591,#1592));
#1599 = FACE_BOUND('', #1598,.T.);
#1600 = ADVANCED_FACE('', (#1599),#1597,.T.);
#1601 = CARTESIAN_POINT('', (9.83285,0,46.4928));
#1602 = VERTEX_POINT('', #1601);
#1603 = CARTESIAN_POINT('', (9.62994,0,19.1693));
#1604 = VERTEX_POINT('', #1603);
#1605 = CARTESIAN_POINT('', (10.0298,0,19.0281));
#1606 = VERTEX_POINT('', #1605);
#1607 = CARTESIAN_POINT('', (9.62994,0,19.1693));
#1608 = DIRECTION('', (0.942877, 0, -0.333142));
#1609 = VECTOR('',#1608,1);
#1610 = LINE('',#1607, #1609);
#1611 = SURFACE_CURVE('', #1610);
#1612 = EDGE_CURVE('', #1604, #1606,#1611,.T.);
#1613 = ORIENTED_EDGE('',*,*,#1589,.F.);
#1614 = ORIENTED_EDGE('',*,*,#1612,.T.);
#1615 = ORIENTED_EDGE('',*,*,#620,.F.);
#1616 = CARTESIAN_POINT('', (9.83285,0,46.4928));
#1617 = DIRECTION('', (0, -1, -0));
#1618 = DIRECTION('', (-0.00742582, 0, -0.999972));
#1619 = AXIS2_PLACEMENT_3D('',#1616,#1617,#1618);
#1620 = PLANE('',#1619);
#1621 = EDGE_LOOP('', (#1613,#1614,#1615));
#1622 = FACE_BOUND('', #1621,.T.);
#1623 = ADVANCED_FACE('', (#1622),#1620,.T.);
#1624 = CARTESIAN_POINT('', (0,0,115));
#1625 = VERTEX_POINT('', #1624);
#1626 = CARTESIAN_POINT('', (7.97025,0,51.1281));
#1627 = VERTEX_POINT('', #1626);
#1628 = CARTESIAN_POINT('', (8.37006,0,51.2693));
#1629 = VERTEX_POINT('', #1628);
#1630 = CARTESIAN_POINT('', (0,0,115));
#1631 = DIRECTION('', (0.123824, 0, -0.992304));
#1632 = VECTOR('',#1631,1);
#1633 = LINE('',#1630, #1632);
#1634 = SURFACE_CURVE('', #1633);
#1635 = EDGE_CURVE('', #1625, #1627,#1634,.T.);
#1636 = CARTESIAN_POINT('', (7.97025,0,51.1281));
#1637 = DIRECTION('', (0.94288, 0, 0.333133));
#1638 = VECTOR('',#1637,1);
#1639 = LINE('',#1636, #1638);
#1640 = SURFACE_CURVE('', #1639);
#1641 = EDGE_CURVE('', #1627, #1629,#1640,.T.);
#1642 = CARTESIAN_POINT('', (8.37006,0,51.2693));
#1643 = DIRECTION('', (-0.130217, 0, 0.991486));
#1644 = VECTOR('',#1643,1);
#1645 = LINE('',#1642, #1644);
#1646 = SURFACE_CURVE('', #1645);
#1647 = EDGE_CURVE('', #1629, #1625,#1646,.T.);
#1648 = ORIENTED_EDGE('',*,*,#1635,.T.);
#1649 = ORIENTED_EDGE('',*,*,#1641,.T.);
#1650 = ORIENTED_EDGE('',*,*,#1647,.T.);
#1651 = CARTESIAN_POINT('', (0,0,115));
#1652 = DIRECTION('', (0, -1, 0));
#1653 = DIRECTION('', (0.123824, 0, -0.992304));
#1654 = AXIS2_PLACEMENT_3D('',#1651,#1652,#1653);
#1655 = PLANE('',#1654);
#1656 = EDGE_LOOP('', (#1648,#1649,#1650));
#1657 = FACE_BOUND('', #1656,.T.);
#1658 = ADVANCED_FACE('', (#1657),#1655,.T.);
#1659 = CARTESIAN_POINT('', (39.7808,0,14.5675));
#1660 = VERTEX_POINT('', #1659);
#1661 = CARTESIAN_POINT('', (39.4294,0,14.8049));
#1662 = VERTEX_POINT('', #1661);
#1663 = CARTESIAN_POINT('', (0,0,0));
#1664 = VERTEX_POINT('', #1663);
#1665 = CARTESIAN_POINT('', (39.7808,0,14.5675));
#1666 = DIRECTION('', (-0.828511, 0, 0.559973));
#1667 = VECTOR('',#1666,1);
#1668 = LINE('',#1665, #1667);
#1669 = SURFACE_CURVE('', #1668);
#1670 = EDGE_CURVE('', #1660, #1662,#1669,.T.);
#1671 = CARTESIAN_POINT('', (39.4294,0,14.8049));
#1672 = DIRECTION('', (-0.936182, 0, -0.351516));
#1673 = VECTOR('',#1672,1);
#1674 = LINE('',#1671, #1673);
#1675 = SURFACE_CURVE('', #1674);
#1676 = EDGE_CURVE('', #1662, #1664,#1675,.T.);
#1677 = CARTESIAN_POINT('', (0,0,0));
#1678 = DIRECTION('', (0.93902, 0, 0.343863));
#1679 = VECTOR('',#1678,1);
#1680 = LINE('',#1677, #1679);
#1681 = SURFACE_CURVE('', #1680);
#1682 = EDGE_CURVE('', #1664, #1660,#1681,.T.);
#1683 = ORIENTED_EDGE('',*,*,#1670,.T.);
#1684 = ORIENTED_EDGE('',*,*,#1676,.T.);
#1685 = ORIENTED_EDGE('',*,*,#1682,.T.);
#1686 = CARTESIAN_POINT('', (39.7808,0,14.5675));
#1687 = DIRECTION('', (-0, -1, 0));
#1688 = DIRECTION('', (-0.828511, 0, 0.559973));
#1689 = AXIS2_PLACEMENT_3D('',#1686,#1687,#1688);
#1690 = PLANE('',#1689);
#1691 = EDGE_LOOP('', (#1683,#1684,#1685));
#1692 = FACE_BOUND('', #1691,.T.);
#1693 = ADVANCED_FACE('', (#1692),#1690,.T.);
#1694 = CARTESIAN_POINT('', (38.7677,0,17.8755));
#1695 = VERTEX_POINT('', #1694);
#1696 = CARTESIAN_POINT('', (41.8328,0,46.4928));
#1697 = VERTEX_POINT('', #1696);
#1698 = CARTESIAN_POINT('', (38.6096,0,17.4821));
#1699 = VERTEX_POINT('', #1698);
#1700 = CARTESIAN_POINT('', (38.7677,0,17.8755));
#1701 = DIRECTION('', (0.1065, 0, 0.994313));
#1702 = VECTOR('',#1701,1);
#1703 = LINE('',#1700, #1702);
#1704 = SURFACE_CURVE('', #1703);
#1705 = EDGE_CURVE('', #1695, #1697,#1704,.T.);
#1706 = CARTESIAN_POINT('', (41.8328,0,46.4928));
#1707 = DIRECTION('', (-0.110426, 0, -0.993884));
#1708 = VECTOR('',#1707,1);
#1709 = LINE('',#1706, #1708);
#1710 = SURFACE_CURVE('', #1709);
#1711 = EDGE_CURVE('', #1697, #1699,#1710,.T.);
#1712 = CARTESIAN_POINT('', (38.6096,0,17.4821));
#1713 = DIRECTION('', (0.372851, 0, 0.927891));
#1714 = VECTOR('',#1713,1);
#1715 = LINE('',#1712, #1714);
#1716 = SURFACE_CURVE('', #1715);
#1717 = EDGE_CURVE('', #1699, #1695,#1716,.T.);
#1718 = ORIENTED_EDGE('',*,*,#1705,.T.);
#1719 = ORIENTED_EDGE('',*,*,#1711,.T.);
#1720 = ORIENTED_EDGE('',*,*,#1717,.T.);
#1721 = CARTESIAN_POINT('', (38.7677,0,17.8755));
#1722 = DIRECTION('', (-0, -1, 0));
#1723 = DIRECTION('', (0.1065, 0, 0.994313));
#1724 = AXIS2_PLACEMENT_3D('',#1721,#1722,#1723);
#1725 = PLANE('',#1724);
#1726 = EDGE_LOOP('', (#1718,#1719,#1720));
#1727 = FACE_BOUND('', #1726,.T.);
#1728 = ADVANCED_FACE('', (#1727),#1725,.T.);
#1729 = CARTESIAN_POINT('', (38.6096,0,17.4821));
#1730 = VERTEX_POINT('', #1729);
#1731 = CARTESIAN_POINT('', (41.8328,0,46.4928));
#1732 = VERTEX_POINT('', #1731);
#1733 = CARTESIAN_POINT('', (41.4225,0,46.386));
#1734 = VERTEX_POINT('', #1733);
#1735 = CARTESIAN_POINT('', (41.8328,0,46.4928));
#1736 = DIRECTION('', (-0.967731, 0, -0.251986));
#1737 = VECTOR('',#1736,1);
#1738 = LINE('',#1735, #1737);
#1739 = SURFACE_CURVE('', #1738);
#1740 = EDGE_CURVE('', #1732, #1734,#1739,.T.);
#1741 = CARTESIAN_POINT('', (41.4225,0,46.386));
#1742 = DIRECTION('', (-0.096862, 0, -0.995298));
#1743 = VECTOR('',#1742,1);
#1744 = LINE('',#1741, #1743);
#1745 = SURFACE_CURVE('', #1744);
#1746 = EDGE_CURVE('', #1734, #1730,#1745,.T.);
#1747 = ORIENTED_EDGE('',*,*,#1711,.F.);
#1748 = ORIENTED_EDGE('',*,*,#1740,.T.);
#1749 = ORIENTED_EDGE('',*,*,#1746,.T.);
#1750 = CARTESIAN_POINT('', (38.6096,0,17.4821));
#1751 = DIRECTION('', (0, -1, 0));
#1752 = DIRECTION('', (0.110426, 0, 0.993884));
#1753 = AXIS2_PLACEMENT_3D('',#1750,#1751,#1752);
#1754 = PLANE('',#1753);
#1755 = EDGE_LOOP('', (#1747,#1748,#1749));
#1756 = FACE_BOUND('', #1755,.T.);
#1757 = ADVANCED_FACE('', (#1756),#1754,.T.);
#1758 = CARTESIAN_POINT('', (38.6096,0,17.4821));
#1759 = VERTEX_POINT('', #1758);
#1760 = CARTESIAN_POINT('', (41.4225,0,46.386));
#1761 = VERTEX_POINT('', #1760);
#1762 = CARTESIAN_POINT('', (41,0,46.35));
#1763 = VERTEX_POINT('', #1762);
#1764 = CARTESIAN_POINT('', (41.4225,0,46.386));
#1765 = DIRECTION('', (-0.996398, 0, -0.0847995));
#1766 = VECTOR('',#1765,1);
#1767 = LINE('',#1764, #1766);
#1768 = SURFACE_CURVE('', #1767);
#1769 = EDGE_CURVE('', #1761, #1763,#1768,.T.);
#1770 = ORIENTED_EDGE('',*,*,#1746,.F.);
#1771 = ORIENTED_EDGE('',*,*,#1769,.T.);
#1772 = ORIENTED_EDGE('',*,*,#1415,.F.);
#1773 = CARTESIAN_POINT('', (38.6096,0,17.4821));
#1774 = DIRECTION('', (0, -1, 0));
#1775 = DIRECTION('', (0.096862, 0, 0.995298));
#1776 = AXIS2_PLACEMENT_3D('',#1773,#1774,#1775);
#1777 = PLANE('',#1776);
#1778 = EDGE_LOOP('', (#1770,#1771,#1772));
#1779 = FACE_BOUND('', #1778,.T.);
#1780 = ADVANCED_FACE('', (#1779),#1777,.T.);
#1781 = CARTESIAN_POINT('', (38.7677,0,17.8755));
#1782 = VERTEX_POINT('', #1781);
#1783 = CARTESIAN_POINT('', (38.99,0,18.2366));
#1784 = VERTEX_POINT('', #1783);
#1785 = CARTESIAN_POINT('', (41.8328,0,46.4928));
#1786 = VERTEX_POINT('', #1785);
#1787 = CARTESIAN_POINT('', (38.7677,0,17.8755));
#1788 = DIRECTION('', (0.524304, 0, 0.851531));
#1789 = VECTOR('',#1788,1);
#1790 = LINE('',#1787, #1789);
#1791 = SURFACE_CURVE('', #1790);
#1792 = EDGE_CURVE('', #1782, #1784,#1791,.T.);
#1793 = CARTESIAN_POINT('', (38.99,0,18.2366));
#1794 = DIRECTION('', (0.100104, 0, 0.994977));
#1795 = VECTOR('',#1794,1);
#1796 = LINE('',#1793, #1795);
#1797 = SURFACE_CURVE('', #1796);
#1798 = EDGE_CURVE('', #1784, #1786,#1797,.T.);
#1799 = ORIENTED_EDGE('',*,*,#1792,.T.);
#1800 = ORIENTED_EDGE('',*,*,#1798,.T.);
#1801 = ORIENTED_EDGE('',*,*,#1705,.F.);
#1802 = CARTESIAN_POINT('', (38.7677,0,17.8755));
#1803 = DIRECTION('', (0, -1, 0));
#1804 = DIRECTION('', (0.524304, 0, 0.851531));
#1805 = AXIS2_PLACEMENT_3D('',#1802,#1803,#1804);
#1806 = PLANE('',#1805);
#1807 = EDGE_LOOP('', (#1799,#1800,#1801));
#1808 = FACE_BOUND('', #1807,.T.);
#1809 = ADVANCED_FACE('', (#1808),#1806,.T.);
#1810 = CARTESIAN_POINT('', (41.8328,0,46.4928));
#1811 = VERTEX_POINT('', #1810);
#1812 = CARTESIAN_POINT('', (38.99,0,18.2366));
#1813 = VERTEX_POINT('', #1812);
#1814 = CARTESIAN_POINT('', (39.2702,0,18.5549));
#1815 = VERTEX_POINT('', #1814);
#1816 = CARTESIAN_POINT('', (38.99,0,18.2366));
#1817 = DIRECTION('', (0.660679, 0, 0.750669));
#1818 = VECTOR('',#1817,1);
#1819 = LINE('',#1816, #1818);
#1820 = SURFACE_CURVE('', #1819);
#1821 = EDGE_CURVE('', #1813, #1815,#1820,.T.);
#1822 = CARTESIAN_POINT('', (39.2702,0,18.5549));
#1823 = DIRECTION('', (0.0913447, 0, 0.995819));
#1824 = VECTOR('',#1823,1);
#1825 = LINE('',#1822, #1824);
#1826 = SURFACE_CURVE('', #1825);
#1827 = EDGE_CURVE('', #1815, #1811,#1826,.T.);
#1828 = ORIENTED_EDGE('',*,*,#1798,.F.);
#1829 = ORIENTED_EDGE('',*,*,#1821,.T.);
#1830 = ORIENTED_EDGE('',*,*,#1827,.T.);
#1831 = CARTESIAN_POINT('', (41.8328,0,46.4928));
#1832 = DIRECTION('', (0, -1, 0));
#1833 = DIRECTION('', (-0.100104, 0, -0.994977));
#1834 = AXIS2_PLACEMENT_3D('',#1831,#1832,#1833);
#1835 = PLANE('',#1834);
#1836 = EDGE_LOOP('', (#1828,#1829,#1830));
#1837 = FACE_BOUND('', #1836,.T.);
#1838 = ADVANCED_FACE('', (#1837),#1835,.T.);
#1839 = CARTESIAN_POINT('', (41.8328,0,46.4928));
#1840 = VERTEX_POINT('', #1839);
#1841 = CARTESIAN_POINT('', (39.2702,0,18.5549));
#1842 = VERTEX_POINT('', #1841);
#1843 = CARTESIAN_POINT('', (39.6001,0,18.8213));
#1844 = VERTEX_POINT('', #1843);
#1845 = CARTESIAN_POINT('', (39.2702,0,18.5549));
#1846 = DIRECTION('', (0.778033, 0, 0.628223));
#1847 = VECTOR('',#1846,1);
#1848 = LINE('',#1845, #1847);
#1849 = SURFACE_CURVE('', #1848);
#1850 = EDGE_CURVE('', #1842, #1844,#1849,.T.);
#1851 = CARTESIAN_POINT('', (39.6001,0,18.8213));
#1852 = DIRECTION('', (0.0804275, 0, 0.99676));
#1853 = VECTOR('',#1852,1);
#1854 = LINE('',#1851, #1853);
#1855 = SURFACE_CURVE('', #1854);
#1856 = EDGE_CURVE('', #1844, #1840,#1855,.T.);
#1857 = ORIENTED_EDGE('',*,*,#1827,.F.);
#1858 = ORIENTED_EDGE('',*,*,#1850,.T.);
#1859 = ORIENTED_EDGE('',*,*,#1856,.T.);
#1860 = CARTESIAN_POINT('', (41.8328,0,46.4928));
#1861 = DIRECTION('', (0, -1, 0));
#1862 = DIRECTION('', (-0.0913447, 0, -0.995819));
#1863 = AXIS2_PLACEMENT_3D('',#1860,#1861,#1862);
#1864 = PLANE('',#1863);
#1865 = EDGE_LOOP('', (#1857,#1858,#1859));
#1866 = FACE_BOUND('', #1865,.T.);
#1867 = ADVANCED_FACE('', (#1866),#1864,.T.);
#1868 = CARTESIAN_POINT('', (41.8328,0,46.4928));
#1869 = VERTEX_POINT('', #1868);
#1870 = CARTESIAN_POINT('', (40.788,0,19.241));
#1871 = VERTEX_POINT('', #1870);
#1872 = CARTESIAN_POINT('', (41.212,0,19.241));
#1873 = VERTEX_POINT('', #1872);
#1874 = CARTESIAN_POINT('', (41.8328,0,46.4928));
#1875 = DIRECTION('', (-0.038313, 0, -0.999266));
#1876 = VECTOR('',#1875,1);
#1877 = LINE('',#1874, #1876);
#1878 = SURFACE_CURVE('', #1877);
#1879 = EDGE_CURVE('', #1869, #1871,#1878,.T.);
#1880 = CARTESIAN_POINT('', (40.788,0,19.241));
#1881 = DIRECTION('', (1, 0, 0));
#1882 = VECTOR('',#1881,1);
#1883 = LINE('',#1880, #1882);
#1884 = SURFACE_CURVE('', #1883);
#1885 = EDGE_CURVE('', #1871, #1873,#1884,.T.);
#1886 = CARTESIAN_POINT('', (41.212,0,19.241));
#1887 = DIRECTION('', (0.0227755, 0, 0.999741));
#1888 = VECTOR('',#1887,1);
#1889 = LINE('',#1886, #1888);
#1890 = SURFACE_CURVE('', #1889);
#1891 = EDGE_CURVE('', #1873, #1869,#1890,.T.);
#1892 = ORIENTED_EDGE('',*,*,#1879,.T.);
#1893 = ORIENTED_EDGE('',*,*,#1885,.T.);
#1894 = ORIENTED_EDGE('',*,*,#1891,.T.);
#1895 = CARTESIAN_POINT('', (41.8328,0,46.4928));
#1896 = DIRECTION('', (0, -1, 0));
#1897 = DIRECTION('', (-0.038313, 0, -0.999266));
#1898 = AXIS2_PLACEMENT_3D('',#1895,#1896,#1897);
#1899 = PLANE('',#1898);
#1900 = EDGE_LOOP('', (#1892,#1893,#1894));
#1901 = FACE_BOUND('', #1900,.T.);
#1902 = ADVANCED_FACE('', (#1901),#1899,.T.);
#1903 = CARTESIAN_POINT('', (6.99001,0,50.3366));
#1904 = VERTEX_POINT('', #1903);
#1905 = CARTESIAN_POINT('', (0,0,115));
#1906 = VERTEX_POINT('', #1905);
#1907 = CARTESIAN_POINT('', (6.76769,0,49.9755));
#1908 = VERTEX_POINT('', #1907);
#1909 = CARTESIAN_POINT('', (6.99001,0,50.3366));
#1910 = DIRECTION('', (-0.107472, 0, 0.994208));
#1911 = VECTOR('',#1910,1);
#1912 = LINE('',#1909, #1911);
#1913 = SURFACE_CURVE('', #1912);
#1914 = EDGE_CURVE('', #1904, #1906,#1913,.T.);
#1915 = CARTESIAN_POINT('', (0,0,115));
#1916 = DIRECTION('', (0.10352, 0, -0.994627));
#1917 = VECTOR('',#1916,1);
#1918 = LINE('',#1915, #1917);
#1919 = SURFACE_CURVE('', #1918);
#1920 = EDGE_CURVE('', #1906, #1908,#1919,.T.);
#1921 = CARTESIAN_POINT('', (6.76769,0,49.9755));
#1922 = DIRECTION('', (0.524304, 0, 0.851531));
#1923 = VECTOR('',#1922,1);
#1924 = LINE('',#1921, #1923);
#1925 = SURFACE_CURVE('', #1924);
#1926 = EDGE_CURVE('', #1908, #1904,#1925,.T.);
#1927 = ORIENTED_EDGE('',*,*,#1914,.T.);
#1928 = ORIENTED_EDGE('',*,*,#1920,.T.);
#1929 = ORIENTED_EDGE('',*,*,#1926,.T.);
#1930 = CARTESIAN_POINT('', (6.99001,0,50.3366));
#1931 = DIRECTION('', (-0, -1, 0));
#1932 = DIRECTION('', (-0.107472, 0, 0.994208));
#1933 = AXIS2_PLACEMENT_3D('',#1930,#1931,#1932);
#1934 = PLANE('',#1933);
#1935 = EDGE_LOOP('', (#1927,#1928,#1929));
#1936 = FACE_BOUND('', #1935,.T.);
#1937 = ADVANCED_FACE('', (#1936),#1934,.T.);
#1938 = CARTESIAN_POINT('', (6.76769,0,49.9755));
#1939 = VERTEX_POINT('', #1938);
#1940 = CARTESIAN_POINT('', (0,0,115));
#1941 = VERTEX_POINT('', #1940);
#1942 = CARTESIAN_POINT('', (6.60958,0,49.5821));
#1943 = VERTEX_POINT('', #1942);
#1944 = CARTESIAN_POINT('', (0,0,115));
#1945 = DIRECTION('', (0.100524, 0, -0.994935));
#1946 = VECTOR('',#1945,1);
#1947 = LINE('',#1944, #1946);
#1948 = SURFACE_CURVE('', #1947);
#1949 = EDGE_CURVE('', #1941, #1943,#1948,.T.);
#1950 = CARTESIAN_POINT('', (6.60958,0,49.5821));
#1951 = DIRECTION('', (0.372857, 0, 0.927889));
#1952 = VECTOR('',#1951,1);
#1953 = LINE('',#1950, #1952);
#1954 = SURFACE_CURVE('', #1953);
#1955 = EDGE_CURVE('', #1943, #1939,#1954,.T.);
#1956 = ORIENTED_EDGE('',*,*,#1920,.F.);
#1957 = ORIENTED_EDGE('',*,*,#1949,.T.);
#1958 = ORIENTED_EDGE('',*,*,#1955,.T.);
#1959 = CARTESIAN_POINT('', (6.76769,0,49.9755));
#1960 = DIRECTION('', (-0, -1, 0));
#1961 = DIRECTION('', (-0.10352, 0, 0.994627));
#1962 = AXIS2_PLACEMENT_3D('',#1959,#1960,#1961);
#1963 = PLANE('',#1962);
#1964 = EDGE_LOOP('', (#1956,#1957,#1958));
#1965 = FACE_BOUND('', #1964,.T.);
#1966 = ADVANCED_FACE('', (#1965),#1963,.T.);
#1967 = CARTESIAN_POINT('', (6.99001,0,50.3366));
#1968 = VERTEX_POINT('', #1967);
#1969 = CARTESIAN_POINT('', (7.27015,0,50.6549));
#1970 = VERTEX_POINT('', #1969);
#1971 = CARTESIAN_POINT('', (0,0,115));
#1972 = VERTEX_POINT('', #1971);
#1973 = CARTESIAN_POINT('', (6.99001,0,50.3366));
#1974 = DIRECTION('', (0.660676, 0, 0.750671));
#1975 = VECTOR('',#1974,1);
#1976 = LINE('',#1973, #1975);
#1977 = SURFACE_CURVE('', #1976);
#1978 = EDGE_CURVE('', #1968, #1970,#1977,.T.);
#1979 = CARTESIAN_POINT('', (7.27015,0,50.6549));
#1980 = DIRECTION('', (-0.112273, 0, 0.993677));
#1981 = VECTOR('',#1980,1);
#1982 = LINE('',#1979, #1981);
#1983 = SURFACE_CURVE('', #1982);
#1984 = EDGE_CURVE('', #1970, #1972,#1983,.T.);
#1985 = ORIENTED_EDGE('',*,*,#1978,.T.);
#1986 = ORIENTED_EDGE('',*,*,#1984,.T.);
#1987 = ORIENTED_EDGE('',*,*,#1914,.F.);
#1988 = CARTESIAN_POINT('', (6.99001,0,50.3366));
#1989 = DIRECTION('', (0, -1, 0));
#1990 = DIRECTION('', (0.660676, 0, 0.750671));
#1991 = AXIS2_PLACEMENT_3D('',#1988,#1989,#1990);
#1992 = PLANE('',#1991);
#1993 = EDGE_LOOP('', (#1985,#1986,#1987));
#1994 = FACE_BOUND('', #1993,.T.);
#1995 = ADVANCED_FACE('', (#1994),#1992,.T.);
#1996 = CARTESIAN_POINT('', (0,0,115));
#1997 = VERTEX_POINT('', #1996);
#1998 = CARTESIAN_POINT('', (7.27015,0,50.6549));
#1999 = VERTEX_POINT('', #1998);
#2000 = CARTESIAN_POINT('', (7.60006,0,50.9213));
#2001 = VERTEX_POINT('', #2000);
#2002 = CARTESIAN_POINT('', (7.27015,0,50.6549));
#2003 = DIRECTION('', (0.778036, 0, 0.62822));
#2004 = VECTOR('',#2003,1);
#2005 = LINE('',#2002, #2004);
#2006 = SURFACE_CURVE('', #2005);
#2007 = EDGE_CURVE('', #1999, #2001,#2006,.T.);
#2008 = CARTESIAN_POINT('', (7.60006,0,50.9213));
#2009 = DIRECTION('', (-0.11778, 0, 0.99304));
#2010 = VECTOR('',#2009,1);
#2011 = LINE('',#2008, #2010);
#2012 = SURFACE_CURVE('', #2011);
#2013 = EDGE_CURVE('', #2001, #1997,#2012,.T.);
#2014 = ORIENTED_EDGE('',*,*,#1984,.F.);
#2015 = ORIENTED_EDGE('',*,*,#2007,.T.);
#2016 = ORIENTED_EDGE('',*,*,#2013,.T.);
#2017 = CARTESIAN_POINT('', (0,0,115));
#2018 = DIRECTION('', (0, -1, 0));
#2019 = DIRECTION('', (0.112273, 0, -0.993677));
#2020 = AXIS2_PLACEMENT_3D('',#2017,#2018,#2019);
#2021 = PLANE('',#2020);
#2022 = EDGE_LOOP('', (#2014,#2015,#2016));
#2023 = FACE_BOUND('', #2022,.T.);
#2024 = ADVANCED_FACE('', (#2023),#2021,.T.);
#2025 = CARTESIAN_POINT('', (0,0,115));
#2026 = VERTEX_POINT('', #2025);
#2027 = CARTESIAN_POINT('', (7.60006,0,50.9213));
#2028 = VERTEX_POINT('', #2027);
#2029 = CARTESIAN_POINT('', (7.97025,0,51.1281));
#2030 = VERTEX_POINT('', #2029);
#2031 = CARTESIAN_POINT('', (7.60006,0,50.9213));
#2032 = DIRECTION('', (0.873012, 0, 0.487698));
#2033 = VECTOR('',#2032,1);
#2034 = LINE('',#2031, #2033);
#2035 = SURFACE_CURVE('', #2034);
#2036 = EDGE_CURVE('', #2028, #2030,#2035,.T.);
#2037 = ORIENTED_EDGE('',*,*,#2013,.F.);
#2038 = ORIENTED_EDGE('',*,*,#2036,.T.);
#2039 = ORIENTED_EDGE('',*,*,#1635,.F.);
#2040 = CARTESIAN_POINT('', (0,0,115));
#2041 = DIRECTION('', (0, -1, 0));
#2042 = DIRECTION('', (0.11778, 0, -0.99304));
#2043 = AXIS2_PLACEMENT_3D('',#2040,#2041,#2042);
#2044 = PLANE('',#2043);
#2045 = EDGE_LOOP('', (#2037,#2038,#2039));
#2046 = FACE_BOUND('', #2045,.T.);
#2047 = ADVANCED_FACE('', (#2046),#2044,.T.);
#2048 = CARTESIAN_POINT('', (8.37006,0,51.2693));
#2049 = VERTEX_POINT('', #2048);
#2050 = CARTESIAN_POINT('', (8.78798,0,51.341));
#2051 = VERTEX_POINT('', #2050);
#2052 = CARTESIAN_POINT('', (0,0,115));
#2053 = VERTEX_POINT('', #2052);
#2054 = CARTESIAN_POINT('', (8.37006,0,51.2693));
#2055 = DIRECTION('', (0.985615, 0, 0.169005));
#2056 = VECTOR('',#2055,1);
#2057 = LINE('',#2054, #2056);
#2058 = SURFACE_CURVE('', #2057);
#2059 = EDGE_CURVE('', #2049, #2051,#2058,.T.);
#2060 = CARTESIAN_POINT('', (8.78798,0,51.341));
#2061 = DIRECTION('', (-0.136751, 0, 0.990605));
#2062 = VECTOR('',#2061,1);
#2063 = LINE('',#2060, #2062);
#2064 = SURFACE_CURVE('', #2063);
#2065 = EDGE_CURVE('', #2051, #2053,#2064,.T.);
#2066 = ORIENTED_EDGE('',*,*,#2059,.T.);
#2067 = ORIENTED_EDGE('',*,*,#2065,.T.);
#2068 = ORIENTED_EDGE('',*,*,#1647,.F.);
#2069 = CARTESIAN_POINT('', (8.37006,0,51.2693));
#2070 = DIRECTION('', (0, -1, 0));
#2071 = DIRECTION('', (0.985615, 0, 0.169005));
#2072 = AXIS2_PLACEMENT_3D('',#2069,#2070,#2071);
#2073 = PLANE('',#2072);
#2074 = EDGE_LOOP('', (#2066,#2067,#2068));
#2075 = FACE_BOUND('', #2074,.T.);
#2076 = ADVANCED_FACE('', (#2075),#2073,.T.);
#2077 = CARTESIAN_POINT('', (0,0,115));
#2078 = VERTEX_POINT('', #2077);
#2079 = CARTESIAN_POINT('', (8.78798,0,51.341));
#2080 = VERTEX_POINT('', #2079);
#2081 = CARTESIAN_POINT('', (9.21202,0,51.341));
#2082 = VERTEX_POINT('', #2081);
#2083 = CARTESIAN_POINT('', (8.78798,0,51.341));
#2084 = DIRECTION('', (1, 0, 0));
#2085 = VECTOR('',#2084,1);
#2086 = LINE('',#2083, #2085);
#2087 = SURFACE_CURVE('', #2086);
#2088 = EDGE_CURVE('', #2080, #2082,#2087,.T.);
#2089 = CARTESIAN_POINT('', (9.21202,0,51.341));
#2090 = DIRECTION('', (-0.143217, 0, 0.989691));
#2091 = VECTOR('',#2090,1);
#2092 = LINE('',#2089, #2091);
#2093 = SURFACE_CURVE('', #2092);
#2094 = EDGE_CURVE('', #2082, #2078,#2093,.T.);
#2095 = ORIENTED_EDGE('',*,*,#2065,.F.);
#2096 = ORIENTED_EDGE('',*,*,#2088,.T.);
#2097 = ORIENTED_EDGE('',*,*,#2094,.T.);
#2098 = CARTESIAN_POINT('', (0,0,115));
#2099 = DIRECTION('', (0, -1, 0));
#2100 = DIRECTION('', (0.136751, 0, -0.990605));
#2101 = AXIS2_PLACEMENT_3D('',#2098,#2099,#2100);
#2102 = PLANE('',#2101);
#2103 = EDGE_LOOP('', (#2095,#2096,#2097));
#2104 = FACE_BOUND('', #2103,.T.);
#2105 = ADVANCED_FACE('', (#2104),#2102,.T.);
#2106 = CARTESIAN_POINT('', (0,0,115));
#2107 = VERTEX_POINT('', #2106);
#2108 = CARTESIAN_POINT('', (9.21202,0,51.341));
#2109 = VERTEX_POINT('', #2108);
#2110 = CARTESIAN_POINT('', (50,0,115));
#2111 = VERTEX_POINT('', #2110);
#2112 = CARTESIAN_POINT('', (9.21202,0,51.341));
#2113 = DIRECTION('', (0.539487, 0, 0.841994));
#2114 = VECTOR('',#2113,1);
#2115 = LINE('',#2112, #2114);
#2116 = SURFACE_CURVE('', #2115);
#2117 = EDGE_CURVE('', #2109, #2111,#2116,.T.);
#2118 = ORIENTED_EDGE('',*,*,#2094,.F.);
#2119 = ORIENTED_EDGE('',*,*,#2117,.T.);
#2120 = ORIENTED_EDGE('',*,*,#115,.F.);
#2121 = CARTESIAN_POINT('', (0,0,115));
#2122 = DIRECTION('', (0, -1, 0));
#2123 = DIRECTION('', (0.143217, 0, -0.989691));
#2124 = AXIS2_PLACEMENT_3D('',#2121,#2122,#2123);
#2125 = PLANE('',#2124);
#2126 = EDGE_LOOP('', (#2118,#2119,#2120));
#2127 = FACE_BOUND('', #2126,.T.);
#2128 = ADVANCED_FACE('', (#2127),#2125,.T.);
#2129 = CARTESIAN_POINT('', (50,0,115));
#2130 = VERTEX_POINT('', #2129);
#2131 = CARTESIAN_POINT('', (9.21202,0,51.341));
#2132 = VERTEX_POINT('', #2131);
#2133 = CARTESIAN_POINT('', (9.62994,0,51.2693));
#2134 = VERTEX_POINT('', #2133);
#2135 = CARTESIAN_POINT('', (9.21202,0,51.341));
#2136 = DIRECTION('', (0.985615, 0, -0.169005));
#2137 = VECTOR('',#2136,1);
#2138 = LINE('',#2135, #2137);
#2139 = SURFACE_CURVE('', #2138);
#2140 = EDGE_CURVE('', #2132, #2134,#2139,.T.);
#2141 = CARTESIAN_POINT('', (9.62994,0,51.2693));
#2142 = DIRECTION('', (0.535121, 0, 0.844775));
#2143 = VECTOR('',#2142,1);
#2144 = LINE('',#2141, #2143);
#2145 = SURFACE_CURVE('', #2144);
#2146 = EDGE_CURVE('', #2134, #2130,#2145,.T.);
#2147 = ORIENTED_EDGE('',*,*,#2117,.F.);
#2148 = ORIENTED_EDGE('',*,*,#2140,.T.);
#2149 = ORIENTED_EDGE('',*,*,#2146,.T.);
#2150 = CARTESIAN_POINT('', (50,0,115));
#2151 = DIRECTION('', (0, -1, 0));
#2152 = DIRECTION('', (-0.539487, 0, -0.841994));
#2153 = AXIS2_PLACEMENT_3D('',#2150,#2151,#2152);
#2154 = PLANE('',#2153);
#2155 = EDGE_LOOP('', (#2147,#2148,#2149));
#2156 = FACE_BOUND('', #2155,.T.);
#2157 = ADVANCED_FACE('', (#2156),#2154,.T.);
#2158 = CARTESIAN_POINT('', (50,0,115));
#2159 = VERTEX_POINT('', #2158);
#2160 = CARTESIAN_POINT('', (9.62994,0,51.2693));
#2161 = VERTEX_POINT('', #2160);
#2162 = CARTESIAN_POINT('', (10.0298,0,51.1281));
#2163 = VERTEX_POINT('', #2162);
#2164 = CARTESIAN_POINT('', (9.62994,0,51.2693));
#2165 = DIRECTION('', (0.94288, 0, -0.333134));
#2166 = VECTOR('',#2165,1);
#2167 = LINE('',#2164, #2166);
#2168 = SURFACE_CURVE('', #2167);
#2169 = EDGE_CURVE('', #2161, #2163,#2168,.T.);
#2170 = CARTESIAN_POINT('', (10.0298,0,51.1281));
#2171 = DIRECTION('', (0.530479, 0, 0.847698));
#2172 = VECTOR('',#2171,1);
#2173 = LINE('',#2170, #2172);
#2174 = SURFACE_CURVE('', #2173);
#2175 = EDGE_CURVE('', #2163, #2159,#2174,.T.);
#2176 = ORIENTED_EDGE('',*,*,#2146,.F.);
#2177 = ORIENTED_EDGE('',*,*,#2169,.T.);
#2178 = ORIENTED_EDGE('',*,*,#2175,.T.);
#2179 = CARTESIAN_POINT('', (50,0,115));
#2180 = DIRECTION('', (0, -1, 0));
#2181 = DIRECTION('', (-0.535121, 0, -0.844775));
#2182 = AXIS2_PLACEMENT_3D('',#2179,#2180,#2181);
#2183 = PLANE('',#2182);
#2184 = EDGE_LOOP('', (#2176,#2177,#2178));
#2185 = FACE_BOUND('', #2184,.T.);
#2186 = ADVANCED_FACE('', (#2185),#2183,.T.);
#2187 = CARTESIAN_POINT('', (11.3197,0,15.8179));
#2188 = VERTEX_POINT('', #2187);
#2189 = CARTESIAN_POINT('', (11.1288,0,15.4392));
#2190 = VERTEX_POINT('', #2189);
#2191 = CARTESIAN_POINT('', (39.4294,0,14.8049));
#2192 = VERTEX_POINT('', #2191);
#2193 = CARTESIAN_POINT('', (11.3197,0,15.8179));
#2194 = DIRECTION('', (-0.450203, 0, -0.892926));
#2195 = VECTOR('',#2194,1);
#2196 = LINE('',#2193, #2195);
#2197 = SURFACE_CURVE('', #2196);
#2198 = EDGE_CURVE('', #2188, #2190,#2197,.T.);
#2199 = CARTESIAN_POINT('', (11.1288,0,15.4392));
#2200 = DIRECTION('', (0.999749, 0, -0.0224082));
#2201 = VECTOR('',#2200,1);
#2202 = LINE('',#2199, #2201);
#2203 = SURFACE_CURVE('', #2202);
#2204 = EDGE_CURVE('', #2190, #2192,#2203,.T.);
#2205 = CARTESIAN_POINT('', (39.4294,0,14.8049));
#2206 = DIRECTION('', (-0.999351, 0, 0.0360123));
#2207 = VECTOR('',#2206,1);
#2208 = LINE('',#2205, #2207);
#2209 = SURFACE_CURVE('', #2208);
#2210 = EDGE_CURVE('', #2192, #2188,#2209,.T.);
#2211 = ORIENTED_EDGE('',*,*,#2198,.T.);
#2212 = ORIENTED_EDGE('',*,*,#2204,.T.);
#2213 = ORIENTED_EDGE('',*,*,#2210,.T.);
#2214 = CARTESIAN_POINT('', (11.3197,0,15.8179));
#2215 = DIRECTION('', (0, -1, -0));
#2216 = DIRECTION('', (-0.450203, 0, -0.892926));
#2217 = AXIS2_PLACEMENT_3D('',#2214,#2215,#2216);
#2218 = PLANE('',#2217);
#2219 = EDGE_LOOP('', (#2211,#2212,#2213));
#2220 = FACE_BOUND('', #2219,.T.);
#2221 = ADVANCED_FACE('', (#2220),#2218,.T.);
#2222 = CARTESIAN_POINT('', (39.9702,0,51.1281));
#2223 = VERTEX_POINT('', #2222);
#2224 = CARTESIAN_POINT('', (40.3701,0,51.2693));
#2225 = VERTEX_POINT('', #2224);
#2226 = CARTESIAN_POINT('', (50,0,115));
#2227 = VERTEX_POINT('', #2226);
#2228 = CARTESIAN_POINT('', (39.9702,0,51.1281));
#2229 = DIRECTION('', (0.94288, 0, 0.333132));
#2230 = VECTOR('',#2229,1);
#2231 = LINE('',#2228, #2230);
#2232 = SURFACE_CURVE('', #2231);
#2233 = EDGE_CURVE('', #2223, #2225,#2232,.T.);
#2234 = CARTESIAN_POINT('', (40.3701,0,51.2693));
#2235 = DIRECTION('', (0.149408, 0, 0.988776));
#2236 = VECTOR('',#2235,1);
#2237 = LINE('',#2234, #2236);
#2238 = SURFACE_CURVE('', #2237);
#2239 = EDGE_CURVE('', #2225, #2227,#2238,.T.);
#2240 = CARTESIAN_POINT('', (50,0,115));
#2241 = DIRECTION('', (-0.155128, 0, -0.987894));
#2242 = VECTOR('',#2241,1);
#2243 = LINE('',#2240, #2242);
#2244 = SURFACE_CURVE('', #2243);
#2245 = EDGE_CURVE('', #2227, #2223,#2244,.T.);
#2246 = ORIENTED_EDGE('',*,*,#2233,.T.);
#2247 = ORIENTED_EDGE('',*,*,#2239,.T.);
#2248 = ORIENTED_EDGE('',*,*,#2245,.T.);
#2249 = CARTESIAN_POINT('', (39.9702,0,51.1281));
#2250 = DIRECTION('', (0, -1, 0));
#2251 = DIRECTION('', (0.94288, 0, 0.333132));
#2252 = AXIS2_PLACEMENT_3D('',#2249,#2250,#2251);
#2253 = PLANE('',#2252);
#2254 = EDGE_LOOP('', (#2246,#2247,#2248));
#2255 = FACE_BOUND('', #2254,.T.);
#2256 = ADVANCED_FACE('', (#2255),#2253,.T.);
#2257 = CARTESIAN_POINT('', (50,0,115));
#2258 = VERTEX_POINT('', #2257);
#2259 = CARTESIAN_POINT('', (40.3701,0,51.2693));
#2260 = VERTEX_POINT('', #2259);
#2261 = CARTESIAN_POINT('', (40.788,0,51.341));
#2262 = VERTEX_POINT('', #2261);
#2263 = CARTESIAN_POINT('', (40.3701,0,51.2693));
#2264 = DIRECTION('', (0.985615, 0, 0.169006));
#2265 = VECTOR('',#2264,1);
#2266 = LINE('',#2263, #2265);
#2267 = SURFACE_CURVE('', #2266);
#2268 = EDGE_CURVE('', #2260, #2262,#2267,.T.);
#2269 = CARTESIAN_POINT('', (40.788,0,51.341));
#2270 = DIRECTION('', (0.143217, 0, 0.989691));
#2271 = VECTOR('',#2270,1);
#2272 = LINE('',#2269, #2271);
#2273 = SURFACE_CURVE('', #2272);
#2274 = EDGE_CURVE('', #2262, #2258,#2273,.T.);
#2275 = ORIENTED_EDGE('',*,*,#2239,.F.);
#2276 = ORIENTED_EDGE('',*,*,#2268,.T.);
#2277 = ORIENTED_EDGE('',*,*,#2274,.T.);
#2278 = CARTESIAN_POINT('', (50,0,115));
#2279 = DIRECTION('', (0, -1, 0));
#2280 = DIRECTION('', (-0.149408, 0, -0.988776));
#2281 = AXIS2_PLACEMENT_3D('',#2278,#2279,#2280);
#2282 = PLANE('',#2281);
#2283 = EDGE_LOOP('', (#2275,#2276,#2277));
#2284 = FACE_BOUND('', #2283,.T.);
#2285 = ADVANCED_FACE('', (#2284),#2282,.T.);
#2286 = CARTESIAN_POINT('', (50,0,115));
#2287 = VERTEX_POINT('', #2286);
#2288 = CARTESIAN_POINT('', (40.788,0,51.341));
#2289 = VERTEX_POINT('', #2288);
#2290 = CARTESIAN_POINT('', (41.212,0,51.341));
#2291 = VERTEX_POINT('', #2290);
#2292 = CARTESIAN_POINT('', (40.788,0,51.341));
#2293 = DIRECTION('', (1, 0, 0));
#2294 = VECTOR('',#2293,1);
#2295 = LINE('',#2292, #2294);
#2296 = SURFACE_CURVE('', #2295);
#2297 = EDGE_CURVE('', #2289, #2291,#2296,.T.);
#2298 = CARTESIAN_POINT('', (41.212,0,51.341));
#2299 = DIRECTION('', (0.136751, 0, 0.990605));
#2300 = VECTOR('',#2299,1);
#2301 = LINE('',#2298, #2300);
#2302 = SURFACE_CURVE('', #2301);
#2303 = EDGE_CURVE('', #2291, #2287,#2302,.T.);
#2304 = ORIENTED_EDGE('',*,*,#2274,.F.);
#2305 = ORIENTED_EDGE('',*,*,#2297,.T.);
#2306 = ORIENTED_EDGE('',*,*,#2303,.T.);
#2307 = CARTESIAN_POINT('', (50,0,115));
#2308 = DIRECTION('', (0, -1, 0));
#2309 = DIRECTION('', (-0.143217, 0, -0.989691));
#2310 = AXIS2_PLACEMENT_3D('',#2307,#2308,#2309);
#2311 = PLANE('',#2310);
#2312 = EDGE_LOOP('', (#2304,#2305,#2306));
#2313 = FACE_BOUND('', #2312,.T.);
#2314 = ADVANCED_FACE('', (#2313),#2311,.T.);
#2315 = CARTESIAN_POINT('', (39.6001,0,18.8213));
#2316 = VERTEX_POINT('', #2315);
#2317 = CARTESIAN_POINT('', (39.9702,0,19.0281));
#2318 = VERTEX_POINT('', #2317);
#2319 = CARTESIAN_POINT('', (41.8328,0,46.4928));
#2320 = VERTEX_POINT('', #2319);
#2321 = CARTESIAN_POINT('', (39.6001,0,18.8213));
#2322 = DIRECTION('', (0.873015, 0, 0.487693));
#2323 = VECTOR('',#2322,1);
#2324 = LINE('',#2321, #2323);
#2325 = SURFACE_CURVE('', #2324);
#2326 = EDGE_CURVE('', #2316, #2318,#2325,.T.);
#2327 = CARTESIAN_POINT('', (39.9702,0,19.0281));
#2328 = DIRECTION('', (0.0676625, 0, 0.997708));
#2329 = VECTOR('',#2328,1);
#2330 = LINE('',#2327, #2329);
#2331 = SURFACE_CURVE('', #2330);
#2332 = EDGE_CURVE('', #2318, #2320,#2331,.T.);
#2333 = ORIENTED_EDGE('',*,*,#2326,.T.);
#2334 = ORIENTED_EDGE('',*,*,#2332,.T.);
#2335 = ORIENTED_EDGE('',*,*,#1856,.F.);
#2336 = CARTESIAN_POINT('', (39.6001,0,18.8213));
#2337 = DIRECTION('', (0, -1, 0));
#2338 = DIRECTION('', (0.873015, 0, 0.487693));
#2339 = AXIS2_PLACEMENT_3D('',#2336,#2337,#2338);
#2340 = PLANE('',#2339);
#2341 = EDGE_LOOP('', (#2333,#2334,#2335));
#2342 = FACE_BOUND('', #2341,.T.);
#2343 = ADVANCED_FACE('', (#2342),#2340,.T.);
#2344 = CARTESIAN_POINT('', (41.8328,0,46.4928));
#2345 = VERTEX_POINT('', #2344);
#2346 = CARTESIAN_POINT('', (39.9702,0,19.0281));
#2347 = VERTEX_POINT('', #2346);
#2348 = CARTESIAN_POINT('', (40.3701,0,19.1693));
#2349 = VERTEX_POINT('', #2348);
#2350 = CARTESIAN_POINT('', (39.9702,0,19.0281));
#2351 = DIRECTION('', (0.942878, 0, 0.33314));
#2352 = VECTOR('',#2351,1);
#2353 = LINE('',#2350, #2352);
#2354 = SURFACE_CURVE('', #2353);
#2355 = EDGE_CURVE('', #2347, #2349,#2354,.T.);
#2356 = CARTESIAN_POINT('', (40.3701,0,19.1693));
#2357 = DIRECTION('', (0.0534595, 0, 0.99857));
#2358 = VECTOR('',#2357,1);
#2359 = LINE('',#2356, #2358);
#2360 = SURFACE_CURVE('', #2359);
#2361 = EDGE_CURVE('', #2349, #2345,#2360,.T.);
#2362 = ORIENTED_EDGE('',*,*,#2332,.F.);
#2363 = ORIENTED_EDGE('',*,*,#2355,.T.);
#2364 = ORIENTED_EDGE('',*,*,#2361,.T.);
#2365 = CARTESIAN_POINT('', (41.8328,0,46.4928));
#2366 = DIRECTION('', (0, -1, 0));
#2367 = DIRECTION('', (-0.0676625, 0, -0.997708));
#2368 = AXIS2_PLACEMENT_3D('',#2365,#2366,#2367);
#2369 = PLANE('',#2368);
#2370 = EDGE_LOOP('', (#2362,#2363,#2364));
#2371 = FACE_BOUND('', #2370,.T.);
#2372 = ADVANCED_FACE('', (#2371),#2369,.T.);
#2373 = CARTESIAN_POINT('', (41.8328,0,46.4928));
#2374 = VERTEX_POINT('', #2373);
#2375 = CARTESIAN_POINT('', (40.3701,0,19.1693));
#2376 = VERTEX_POINT('', #2375);
#2377 = CARTESIAN_POINT('', (40.788,0,19.241));
#2378 = VERTEX_POINT('', #2377);
#2379 = CARTESIAN_POINT('', (40.3701,0,19.1693));
#2380 = DIRECTION('', (0.985617, 0, 0.168997));
#2381 = VECTOR('',#2380,1);
#2382 = LINE('',#2379, #2381);
#2383 = SURFACE_CURVE('', #2382);
#2384 = EDGE_CURVE('', #2376, #2378,#2383,.T.);
#2385 = ORIENTED_EDGE('',*,*,#2361,.F.);
#2386 = ORIENTED_EDGE('',*,*,#2384,.T.);
#2387 = ORIENTED_EDGE('',*,*,#1879,.F.);
#2388 = CARTESIAN_POINT('', (41.8328,0,46.4928));
#2389 = DIRECTION('', (0, -1, 0));
#2390 = DIRECTION('', (-0.0534595, 0, -0.99857));
#2391 = AXIS2_PLACEMENT_3D('',#2388,#2389,#2390);
#2392 = PLANE('',#2391);
#2393 = EDGE_LOOP('', (#2385,#2386,#2387));
#2394 = FACE_BOUND('', #2393,.T.);
#2395 = ADVANCED_FACE('', (#2394),#2392,.T.);
#2396 = CARTESIAN_POINT('', (43.1288,0,15.4392));
#2397 = VERTEX_POINT('', #2396);
#2398 = CARTESIAN_POINT('', (50,0,0));
#2399 = VERTEX_POINT('', #2398);
#2400 = CARTESIAN_POINT('', (43.3197,0,15.8179));
#2401 = VERTEX_POINT('', #2400);
#2402 = CARTESIAN_POINT('', (43.1288,0,15.4392));
#2403 = DIRECTION('', (0.406598, 0, -0.913607));
#2404 = VECTOR('',#2403,1);
#2405 = LINE('',#2402, #2404);
#2406 = SURFACE_CURVE('', #2405);
#2407 = EDGE_CURVE('', #2397, #2399,#2406,.T.);
#2408 = CARTESIAN_POINT('', (50,0,0));
#2409 = DIRECTION('', (-0.389052, 0, 0.921216));
#2410 = VECTOR('',#2409,1);
#2411 = LINE('',#2408, #2410);
#2412 = SURFACE_CURVE('', #2411);
#2413 = EDGE_CURVE('', #2399, #2401,#2412,.T.);
#2414 = CARTESIAN_POINT('', (43.3197,0,15.8179));
#2415 = DIRECTION('', (-0.450201, 0, -0.892927));
#2416 = VECTOR('',#2415,1);
#2417 = LINE('',#2414, #2416);
#2418 = SURFACE_CURVE('', #2417);
#2419 = EDGE_CURVE('', #2401, #2397,#2418,.T.);
#2420 = ORIENTED_EDGE('',*,*,#2407,.T.);
#2421 = ORIENTED_EDGE('',*,*,#2413,.T.);
#2422 = ORIENTED_EDGE('',*,*,#2419,.T.);
#2423 = CARTESIAN_POINT('', (43.1288,0,15.4392));
#2424 = DIRECTION('', (0, -1, 0));
#2425 = DIRECTION('', (0.406598, 0, -0.913607));
#2426 = AXIS2_PLACEMENT_3D('',#2423,#2424,#2425);
#2427 = PLANE('',#2426);
#2428 = EDGE_LOOP('', (#2420,#2421,#2422));
#2429 = FACE_BOUND('', #2428,.T.);
#2430 = ADVANCED_FACE('', (#2429),#2427,.T.);
#2431 = CARTESIAN_POINT('', (43.3197,0,15.8179));
#2432 = VERTEX_POINT('', #2431);
#2433 = CARTESIAN_POINT('', (50,0,0));
#2434 = VERTEX_POINT('', #2433);
#2435 = CARTESIAN_POINT('', (43.4439,0,16.2233));
#2436 = VERTEX_POINT('', #2435);
#2437 = CARTESIAN_POINT('', (50,0,0));
#2438 = DIRECTION('', (-0.374679, 0, 0.927155));
#2439 = VECTOR('',#2438,1);
#2440 = LINE('',#2437, #2439);
#2441 = SURFACE_CURVE('', #2440);
#2442 = EDGE_CURVE('', #2434, #2436,#2441,.T.);
#2443 = CARTESIAN_POINT('', (43.4439,0,16.2233));
#2444 = DIRECTION('', (-0.292829, 0, -0.956165));
#2445 = VECTOR('',#2444,1);
#2446 = LINE('',#2443, #2445);
#2447 = SURFACE_CURVE('', #2446);
#2448 = EDGE_CURVE('', #2436, #2432,#2447,.T.);
#2449 = ORIENTED_EDGE('',*,*,#2413,.F.);
#2450 = ORIENTED_EDGE('',*,*,#2442,.T.);
#2451 = ORIENTED_EDGE('',*,*,#2448,.T.);
#2452 = CARTESIAN_POINT('', (43.3197,0,15.8179));
#2453 = DIRECTION('', (0, -1, 0));
#2454 = DIRECTION('', (0.389052, 0, -0.921216));
#2455 = AXIS2_PLACEMENT_3D('',#2452,#2453,#2454);
#2456 = PLANE('',#2455);
#2457 = EDGE_LOOP('', (#2449,#2450,#2451));
#2458 = FACE_BOUND('', #2457,.T.);
#2459 = ADVANCED_FACE('', (#2458),#2456,.T.);
#2460 = CARTESIAN_POINT('', (43.1288,0,15.4392));
#2461 = VERTEX_POINT('', #2460);
#2462 = CARTESIAN_POINT('', (42.8767,0,15.0983));
#2463 = VERTEX_POINT('', #2462);
#2464 = CARTESIAN_POINT('', (50,0,0));
#2465 = VERTEX_POINT('', #2464);
#2466 = CARTESIAN_POINT('', (43.1288,0,15.4392));
#2467 = DIRECTION('', (-0.594635, 0, -0.803996));
#2468 = VECTOR('',#2467,1);
#2469 = LINE('',#2466, #2468);
#2470 = SURFACE_CURVE('', #2469);
#2471 = EDGE_CURVE('', #2461, #2463,#2470,.T.);
#2472 = CARTESIAN_POINT('', (42.8767,0,15.0983));
#2473 = DIRECTION('', (0.426691, 0, -0.904397));
#2474 = VECTOR('',#2473,1);
#2475 = LINE('',#2472, #2474);
#2476 = SURFACE_CURVE('', #2475);
#2477 = EDGE_CURVE('', #2463, #2465,#2476,.T.);
#2478 = ORIENTED_EDGE('',*,*,#2471,.T.);
#2479 = ORIENTED_EDGE('',*,*,#2477,.T.);
#2480 = ORIENTED_EDGE('',*,*,#2407,.F.);
#2481 = CARTESIAN_POINT('', (43.1288,0,15.4392));
#2482 = DIRECTION('', (0, -1, -0));
#2483 = DIRECTION('', (-0.594635, 0, -0.803996));
#2484 = AXIS2_PLACEMENT_3D('',#2481,#2482,#2483);
#2485 = PLANE('',#2484);
#2486 = EDGE_LOOP('', (#2478,#2479,#2480));
#2487 = FACE_BOUND('', #2486,.T.);
#2488 = ADVANCED_FACE('', (#2487),#2485,.T.);
#2489 = CARTESIAN_POINT('', (50,0,0));
#2490 = VERTEX_POINT('', #2489);
#2491 = CARTESIAN_POINT('', (42.8767,0,15.0983));
#2492 = VERTEX_POINT('', #2491);
#2493 = CARTESIAN_POINT('', (42.5705,0,14.8049));
#2494 = VERTEX_POINT('', #2493);
#2495 = CARTESIAN_POINT('', (42.8767,0,15.0983));
#2496 = DIRECTION('', (-0.721952, 0, -0.691943));
#2497 = VECTOR('',#2496,1);
#2498 = LINE('',#2495, #2497);
#2499 = SURFACE_CURVE('', #2498);
#2500 = EDGE_CURVE('', #2492, #2494,#2499,.T.);
#2501 = CARTESIAN_POINT('', (42.5705,0,14.8049));
#2502 = DIRECTION('', (0.448517, 0, -0.893774));
#2503 = VECTOR('',#2502,1);
#2504 = LINE('',#2501, #2503);
#2505 = SURFACE_CURVE('', #2504);
#2506 = EDGE_CURVE('', #2494, #2490,#2505,.T.);
#2507 = ORIENTED_EDGE('',*,*,#2477,.F.);
#2508 = ORIENTED_EDGE('',*,*,#2500,.T.);
#2509 = ORIENTED_EDGE('',*,*,#2506,.T.);
#2510 = CARTESIAN_POINT('', (50,0,0));
#2511 = DIRECTION('', (0, -1, 0));
#2512 = DIRECTION('', (-0.426691, 0, 0.904397));
#2513 = AXIS2_PLACEMENT_3D('',#2510,#2511,#2512);
#2514 = PLANE('',#2513);
#2515 = EDGE_LOOP('', (#2507,#2508,#2509));
#2516 = FACE_BOUND('', #2515,.T.);
#2517 = ADVANCED_FACE('', (#2516),#2514,.T.);
#2518 = CARTESIAN_POINT('', (50,0,0));
#2519 = VERTEX_POINT('', #2518);
#2520 = CARTESIAN_POINT('', (42.5705,0,14.8049));
#2521 = VERTEX_POINT('', #2520);
#2522 = CARTESIAN_POINT('', (42.2192,0,14.5675));
#2523 = VERTEX_POINT('', #2522);
#2524 = CARTESIAN_POINT('', (42.5705,0,14.8049));
#2525 = DIRECTION('', (-0.828508, 0, -0.559977));
#2526 = VECTOR('',#2525,1);
#2527 = LINE('',#2524, #2526);
#2528 = SURFACE_CURVE('', #2527);
#2529 = EDGE_CURVE('', #2521, #2523,#2528,.T.);
#2530 = ORIENTED_EDGE('',*,*,#2506,.F.);
#2531 = ORIENTED_EDGE('',*,*,#2529,.T.);
#2532 = ORIENTED_EDGE('',*,*,#1015,.F.);
#2533 = CARTESIAN_POINT('', (50,0,0));
#2534 = DIRECTION('', (0, -1, 0));
#2535 = DIRECTION('', (-0.448517, 0, 0.893774));
#2536 = AXIS2_PLACEMENT_3D('',#2533,#2534,#2535);
#2537 = PLANE('',#2536);
#2538 = EDGE_LOOP('', (#2530,#2531,#2532));
#2539 = FACE_BOUND('', #2538,.T.);
#2540 = ADVANCED_FACE('', (#2539),#2537,.T.);
#2541 = CARTESIAN_POINT('', (7.42945,0,46.9049));
#2542 = VERTEX_POINT('', #2541);
#2543 = CARTESIAN_POINT('', (7.12332,0,47.1983));
#2544 = VERTEX_POINT('', #2543);
#2545 = CARTESIAN_POINT('', (0,0,0));
#2546 = VERTEX_POINT('', #2545);
#2547 = CARTESIAN_POINT('', (7.42945,0,46.9049));
#2548 = DIRECTION('', (-0.721954, 0, 0.691941));
#2549 = VECTOR('',#2548,1);
#2550 = LINE('',#2547, #2549);
#2551 = SURFACE_CURVE('', #2550);
#2552 = EDGE_CURVE('', #2542, #2544,#2551,.T.);
#2553 = CARTESIAN_POINT('', (7.12332,0,47.1983));
#2554 = DIRECTION('', (-0.149233, 0, -0.988802));
#2555 = VECTOR('',#2554,1);
#2556 = LINE('',#2553, #2555);
#2557 = SURFACE_CURVE('', #2556);
#2558 = EDGE_CURVE('', #2544, #2546,#2557,.T.);
#2559 = ORIENTED_EDGE('',*,*,#2552,.T.);
#2560 = ORIENTED_EDGE('',*,*,#2558,.T.);
#2561 = ORIENTED_EDGE('',*,*,#887,.F.);
#2562 = CARTESIAN_POINT('', (7.42945,0,46.9049));
#2563 = DIRECTION('', (-0, -1, 0));
#2564 = DIRECTION('', (-0.721954, 0, 0.691941));
#2565 = AXIS2_PLACEMENT_3D('',#2562,#2563,#2564);
#2566 = PLANE('',#2565);
#2567 = EDGE_LOOP('', (#2559,#2560,#2561));
#2568 = FACE_BOUND('', #2567,.T.);
#2569 = ADVANCED_FACE('', (#2568),#2566,.T.);
#2570 = CARTESIAN_POINT('', (0,0,0));
#2571 = VERTEX_POINT('', #2570);
#2572 = CARTESIAN_POINT('', (7.12332,0,47.1983));
#2573 = VERTEX_POINT('', #2572);
#2574 = CARTESIAN_POINT('', (6.87118,0,47.5392));
#2575 = VERTEX_POINT('', #2574);
#2576 = CARTESIAN_POINT('', (7.12332,0,47.1983));
#2577 = DIRECTION('', (-0.594633, 0, 0.803997));
#2578 = VECTOR('',#2577,1);
#2579 = LINE('',#2576, #2578);
#2580 = SURFACE_CURVE('', #2579);
#2581 = EDGE_CURVE('', #2573, #2575,#2580,.T.);
#2582 = CARTESIAN_POINT('', (6.87118,0,47.5392));
#2583 = DIRECTION('', (-0.14305, 0, -0.989715));
#2584 = VECTOR('',#2583,1);
#2585 = LINE('',#2582, #2584);
#2586 = SURFACE_CURVE('', #2585);
#2587 = EDGE_CURVE('', #2575, #2571,#2586,.T.);
#2588 = ORIENTED_EDGE('',*,*,#2558,.F.);
#2589 = ORIENTED_EDGE('',*,*,#2581,.T.);
#2590 = ORIENTED_EDGE('',*,*,#2587,.T.);
#2591 = CARTESIAN_POINT('', (0,0,0));
#2592 = DIRECTION('', (0, -1, 0));
#2593 = DIRECTION('', (0.149233, 0, 0.988802));
#2594 = AXIS2_PLACEMENT_3D('',#2591,#2592,#2593);
#2595 = PLANE('',#2594);
#2596 = EDGE_LOOP('', (#2588,#2589,#2590));
#2597 = FACE_BOUND('', #2596,.T.);
#2598 = ADVANCED_FACE('', (#2597),#2595,.T.);
#2599 = CARTESIAN_POINT('', (0,0,0));
#2600 = VERTEX_POINT('', #2599);
#2601 = CARTESIAN_POINT('', (6.87118,0,47.5392));
#2602 = VERTEX_POINT('', #2601);
#2603 = CARTESIAN_POINT('', (6.68028,0,47.9179));
#2604 = VERTEX_POINT('', #2603);
#2605 = CARTESIAN_POINT('', (6.87118,0,47.5392));
#2606 = DIRECTION('', (-0.450206, 0, 0.892925));
#2607 = VECTOR('',#2606,1);
#2608 = LINE('',#2605, #2607);
#2609 = SURFACE_CURVE('', #2608);
#2610 = EDGE_CURVE('', #2602, #2604,#2609,.T.);
#2611 = CARTESIAN_POINT('', (6.68028,0,47.9179));
#2612 = DIRECTION('', (-0.138076, 0, -0.990422));
#2613 = VECTOR('',#2612,1);
#2614 = LINE('',#2611, #2613);
#2615 = SURFACE_CURVE('', #2614);
#2616 = EDGE_CURVE('', #2604, #2600,#2615,.T.);
#2617 = ORIENTED_EDGE('',*,*,#2587,.F.);
#2618 = ORIENTED_EDGE('',*,*,#2610,.T.);
#2619 = ORIENTED_EDGE('',*,*,#2616,.T.);
#2620 = CARTESIAN_POINT('', (0,0,0));
#2621 = DIRECTION('', (0, -1, 0));
#2622 = DIRECTION('', (0.14305, 0, 0.989715));
#2623 = AXIS2_PLACEMENT_3D('',#2620,#2621,#2622);
#2624 = PLANE('',#2623);
#2625 = EDGE_LOOP('', (#2617,#2618,#2619));
#2626 = FACE_BOUND('', #2625,.T.);
#2627 = ADVANCED_FACE('', (#2626),#2624,.T.);
#2628 = CARTESIAN_POINT('', (41.4225,0,14.286));
#2629 = VERTEX_POINT('', #2628);
#2630 = CARTESIAN_POINT('', (41,0,14.25));
#2631 = VERTEX_POINT('', #2630);
#2632 = CARTESIAN_POINT('', (50,0,0));
#2633 = VERTEX_POINT('', #2632);
#2634 = CARTESIAN_POINT('', (41.4225,0,14.286));
#2635 = DIRECTION('', (-0.996397, 0, -0.0848061));
#2636 = VECTOR('',#2635,1);
#2637 = LINE('',#2634, #2636);
#2638 = SURFACE_CURVE('', #2637);
#2639 = EDGE_CURVE('', #2629, #2631,#2638,.T.);
#2640 = CARTESIAN_POINT('', (41,0,14.25));
#2641 = DIRECTION('', (0.533993, 0, -0.845489));
#2642 = VECTOR('',#2641,1);
#2643 = LINE('',#2640, #2642);
#2644 = SURFACE_CURVE('', #2643);
#2645 = EDGE_CURVE('', #2631, #2633,#2644,.T.);
#2646 = ORIENTED_EDGE('',*,*,#2639,.T.);
#2647 = ORIENTED_EDGE('',*,*,#2645,.T.);
#2648 = ORIENTED_EDGE('',*,*,#1044,.F.);
#2649 = CARTESIAN_POINT('', (41.4225,0,14.286));
#2650 = DIRECTION('', (0, -1, -0));
#2651 = DIRECTION('', (-0.996397, 0, -0.0848061));
#2652 = AXIS2_PLACEMENT_3D('',#2649,#2650,#2651);
#2653 = PLANE('',#2652);
#2654 = EDGE_LOOP('', (#2646,#2647,#2648));
#2655 = FACE_BOUND('', #2654,.T.);
#2656 = ADVANCED_FACE('', (#2655),#2653,.T.);
#2657 = CARTESIAN_POINT('', (50,0,0));
#2658 = VERTEX_POINT('', #2657);
#2659 = CARTESIAN_POINT('', (41,0,14.25));
#2660 = VERTEX_POINT('', #2659);
#2661 = CARTESIAN_POINT('', (40.5775,0,14.286));
#2662 = VERTEX_POINT('', #2661);
#2663 = CARTESIAN_POINT('', (41,0,14.25));
#2664 = DIRECTION('', (-0.996398, 0, 0.0848054));
#2665 = VECTOR('',#2664,1);
#2666 = LINE('',#2663, #2665);
#2667 = SURFACE_CURVE('', #2666);
#2668 = EDGE_CURVE('', #2660, #2662,#2667,.T.);
#2669 = CARTESIAN_POINT('', (40.5775,0,14.286));
#2670 = DIRECTION('', (0.550589, 0, -0.834777));
#2671 = VECTOR('',#2670,1);
#2672 = LINE('',#2669, #2671);
#2673 = SURFACE_CURVE('', #2672);
#2674 = EDGE_CURVE('', #2662, #2658,#2673,.T.);
#2675 = ORIENTED_EDGE('',*,*,#2645,.F.);
#2676 = ORIENTED_EDGE('',*,*,#2668,.T.);
#2677 = ORIENTED_EDGE('',*,*,#2674,.T.);
#2678 = CARTESIAN_POINT('', (50,0,0));
#2679 = DIRECTION('', (0, -1, 0));
#2680 = DIRECTION('', (-0.533993, 0, 0.845489));
#2681 = AXIS2_PLACEMENT_3D('',#2678,#2679,#2680);
#2682 = PLANE('',#2681);
#2683 = EDGE_LOOP('', (#2675,#2676,#2677));
#2684 = FACE_BOUND('', #2683,.T.);
#2685 = ADVANCED_FACE('', (#2684),#2682,.T.);
#2686 = CARTESIAN_POINT('', (50,0,0));
#2687 = VERTEX_POINT('', #2686);
#2688 = CARTESIAN_POINT('', (40.5775,0,14.286));
#2689 = VERTEX_POINT('', #2688);
#2690 = CARTESIAN_POINT('', (0,0,0));
#2691 = VERTEX_POINT('', #2690);
#2692 = CARTESIAN_POINT('', (40.5775,0,14.286));
#2693 = DIRECTION('', (-0.943249, 0, -0.332086));
#2694 = VECTOR('',#2693,1);
#2695 = LINE('',#2692, #2694);
#2696 = SURFACE_CURVE('', #2695);
#2697 = EDGE_CURVE('', #2689, #2691,#2696,.T.);
#2698 = CARTESIAN_POINT('', (0,0,0));
#2699 = DIRECTION('', (1, 0, 0));
#2700 = VECTOR('',#2699,1);
#2701 = LINE('',#2698, #2700);
#2702 = SURFACE_CURVE('', #2701);
#2703 = EDGE_CURVE('', #2691, #2687,#2702,.T.);
#2704 = ORIENTED_EDGE('',*,*,#2674,.F.);
#2705 = ORIENTED_EDGE('',*,*,#2697,.T.);
#2706 = ORIENTED_EDGE('',*,*,#2703,.T.);
#2707 = CARTESIAN_POINT('', (50,0,0));
#2708 = DIRECTION('', (0, -1, 0));
#2709 = DIRECTION('', (-0.550589, 0, 0.834777));
#2710 = AXIS2_PLACEMENT_3D('',#2707,#2708,#2709);
#2711 = PLANE('',#2710);
#2712 = EDGE_LOOP('', (#2704,#2705,#2706));
#2713 = FACE_BOUND('', #2712,.T.);
#2714 = ADVANCED_FACE('', (#2713),#2711,.T.);
#2715 = CARTESIAN_POINT('', (0,0,0));
#2716 = VERTEX_POINT('', #2715);
#2717 = CARTESIAN_POINT('', (40.5775,0,14.286));
#2718 = VERTEX_POINT('', #2717);
#2719 = CARTESIAN_POINT('', (40.1671,0,14.3928));
#2720 = VERTEX_POINT('', #2719);
#2721 = CARTESIAN_POINT('', (40.5775,0,14.286));
#2722 = DIRECTION('', (-0.967734, 0, 0.251976));
#2723 = VECTOR('',#2722,1);
#2724 = LINE('',#2721, #2723);
#2725 = SURFACE_CURVE('', #2724);
#2726 = EDGE_CURVE('', #2718, #2720,#2725,.T.);
#2727 = CARTESIAN_POINT('', (40.1671,0,14.3928));
#2728 = DIRECTION('', (-0.94139, 0, -0.337321));
#2729 = VECTOR('',#2728,1);
#2730 = LINE('',#2727, #2729);
#2731 = SURFACE_CURVE('', #2730);
#2732 = EDGE_CURVE('', #2720, #2716,#2731,.T.);
#2733 = ORIENTED_EDGE('',*,*,#2697,.F.);
#2734 = ORIENTED_EDGE('',*,*,#2726,.T.);
#2735 = ORIENTED_EDGE('',*,*,#2732,.T.);
#2736 = CARTESIAN_POINT('', (0,0,0));
#2737 = DIRECTION('', (0, -1, 0));
#2738 = DIRECTION('', (0.943249, 0, 0.332086));
#2739 = AXIS2_PLACEMENT_3D('',#2736,#2737,#2738);
#2740 = PLANE('',#2739);
#2741 = EDGE_LOOP('', (#2733,#2734,#2735));
#2742 = FACE_BOUND('', #2741,.T.);
#2743 = ADVANCED_FACE('', (#2742),#2740,.T.);
#2744 = CARTESIAN_POINT('', (0,0,0));
#2745 = VERTEX_POINT('', #2744);
#2746 = CARTESIAN_POINT('', (40.1671,0,14.3928));
#2747 = VERTEX_POINT('', #2746);
#2748 = CARTESIAN_POINT('', (39.7808,0,14.5675));
#2749 = VERTEX_POINT('', #2748);
#2750 = CARTESIAN_POINT('', (40.1671,0,14.3928));
#2751 = DIRECTION('', (-0.911229, 0, 0.411899));
#2752 = VECTOR('',#2751,1);
#2753 = LINE('',#2750, #2752);
#2754 = SURFACE_CURVE('', #2753);
#2755 = EDGE_CURVE('', #2747, #2749,#2754,.T.);
#2756 = ORIENTED_EDGE('',*,*,#2732,.F.);
#2757 = ORIENTED_EDGE('',*,*,#2755,.T.);
#2758 = ORIENTED_EDGE('',*,*,#1682,.F.);
#2759 = CARTESIAN_POINT('', (0,0,0));
#2760 = DIRECTION('', (0, -1, 0));
#2761 = DIRECTION('', (0.94139, 0, 0.337321));
#2762 = AXIS2_PLACEMENT_3D('',#2759,#2760,#2761);
#2763 = PLANE('',#2762);
#2764 = EDGE_LOOP('', (#2756,#2757,#2758));
#2765 = FACE_BOUND('', #2764,.T.);
#2766 = ADVANCED_FACE('', (#2765),#2763,.T.);
#2767 = CARTESIAN_POINT('', (41.212,0,51.341));
#2768 = VERTEX_POINT('', #2767);
#2769 = CARTESIAN_POINT('', (41.6299,0,51.2693));
#2770 = VERTEX_POINT('', #2769);
#2771 = CARTESIAN_POINT('', (50,0,115));
#2772 = VERTEX_POINT('', #2771);
#2773 = CARTESIAN_POINT('', (41.212,0,51.341));
#2774 = DIRECTION('', (0.985615, 0, -0.169004));
#2775 = VECTOR('',#2774,1);
#2776 = LINE('',#2773, #2775);
#2777 = SURFACE_CURVE('', #2776);
#2778 = EDGE_CURVE('', #2768, #2770,#2777,.T.);
#2779 = CARTESIAN_POINT('', (41.6299,0,51.2693));
#2780 = DIRECTION('', (0.130217, 0, 0.991486));
#2781 = VECTOR('',#2780,1);
#2782 = LINE('',#2779, #2781);
#2783 = SURFACE_CURVE('', #2782);
#2784 = EDGE_CURVE('', #2770, #2772,#2783,.T.);
#2785 = ORIENTED_EDGE('',*,*,#2778,.T.);
#2786 = ORIENTED_EDGE('',*,*,#2784,.T.);
#2787 = ORIENTED_EDGE('',*,*,#2303,.F.);
#2788 = CARTESIAN_POINT('', (41.212,0,51.341));
#2789 = DIRECTION('', (0, -1, 0));
#2790 = DIRECTION('', (0.985615, 0, -0.169004));
#2791 = AXIS2_PLACEMENT_3D('',#2788,#2789,#2790);
#2792 = PLANE('',#2791);
#2793 = EDGE_LOOP('', (#2785,#2786,#2787));
#2794 = FACE_BOUND('', #2793,.T.);
#2795 = ADVANCED_FACE('', (#2794),#2792,.T.);
#2796 = CARTESIAN_POINT('', (50,0,115));
#2797 = VERTEX_POINT('', #2796);
#2798 = CARTESIAN_POINT('', (41.6299,0,51.2693));
#2799 = VERTEX_POINT('', #2798);
#2800 = CARTESIAN_POINT('', (42.0298,0,51.1281));
#2801 = VERTEX_POINT('', #2800);
#2802 = CARTESIAN_POINT('', (41.6299,0,51.2693));
#2803 = DIRECTION('', (0.94288, 0, -0.333132));
#2804 = VECTOR('',#2803,1);
#2805 = LINE('',#2802, #2804);
#2806 = SURFACE_CURVE('', #2805);
#2807 = EDGE_CURVE('', #2799, #2801,#2806,.T.);
#2808 = CARTESIAN_POINT('', (42.0298,0,51.1281));
#2809 = DIRECTION('', (0.123824, 0, 0.992304));
#2810 = VECTOR('',#2809,1);
#2811 = LINE('',#2808, #2810);
#2812 = SURFACE_CURVE('', #2811);
#2813 = EDGE_CURVE('', #2801, #2797,#2812,.T.);
#2814 = ORIENTED_EDGE('',*,*,#2784,.F.);
#2815 = ORIENTED_EDGE('',*,*,#2807,.T.);
#2816 = ORIENTED_EDGE('',*,*,#2813,.T.);
#2817 = CARTESIAN_POINT('', (50,0,115));
#2818 = DIRECTION('', (0, -1, 0));
#2819 = DIRECTION('', (-0.130217, 0, -0.991486));
#2820 = AXIS2_PLACEMENT_3D('',#2817,#2818,#2819);
#2821 = PLANE('',#2820);
#2822 = EDGE_LOOP('', (#2814,#2815,#2816));
#2823 = FACE_BOUND('', #2822,.T.);
#2824 = ADVANCED_FACE('', (#2823),#2821,.T.);
#2825 = CARTESIAN_POINT('', (50,0,115));
#2826 = VERTEX_POINT('', #2825);
#2827 = CARTESIAN_POINT('', (42.0298,0,51.1281));
#2828 = VERTEX_POINT('', #2827);
#2829 = CARTESIAN_POINT('', (42.3999,0,50.9213));
#2830 = VERTEX_POINT('', #2829);
#2831 = CARTESIAN_POINT('', (42.0298,0,51.1281));
#2832 = DIRECTION('', (0.873012, 0, -0.487699));
#2833 = VECTOR('',#2832,1);
#2834 = LINE('',#2831, #2833);
#2835 = SURFACE_CURVE('', #2834);
#2836 = EDGE_CURVE('', #2828, #2830,#2835,.T.);
#2837 = CARTESIAN_POINT('', (42.3999,0,50.9213));
#2838 = DIRECTION('', (0.11778, 0, 0.99304));
#2839 = VECTOR('',#2838,1);
#2840 = LINE('',#2837, #2839);
#2841 = SURFACE_CURVE('', #2840);
#2842 = EDGE_CURVE('', #2830, #2826,#2841,.T.);
#2843 = ORIENTED_EDGE('',*,*,#2813,.F.);
#2844 = ORIENTED_EDGE('',*,*,#2836,.T.);
#2845 = ORIENTED_EDGE('',*,*,#2842,.T.);
#2846 = CARTESIAN_POINT('', (50,0,115));
#2847 = DIRECTION('', (0, -1, 0));
#2848 = DIRECTION('', (-0.123824, 0, -0.992304));
#2849 = AXIS2_PLACEMENT_3D('',#2846,#2847,#2848);
#2850 = PLANE('',#2849);
#2851 = EDGE_LOOP('', (#2843,#2844,#2845));
#2852 = FACE_BOUND('', #2851,.T.);
#2853 = ADVANCED_FACE('', (#2852),#2850,.T.);
#2854 = CARTESIAN_POINT('', (43.3197,0,47.9179));
#2855 = VERTEX_POINT('', #2854);
#2856 = CARTESIAN_POINT('', (43.1288,0,47.5392));
#2857 = VERTEX_POINT('', #2856);
#2858 = CARTESIAN_POINT('', (50,0,0));
#2859 = VERTEX_POINT('', #2858);
#2860 = CARTESIAN_POINT('', (43.3197,0,47.9179));
#2861 = DIRECTION('', (-0.450205, 0, -0.892925));
#2862 = VECTOR('',#2861,1);
#2863 = LINE('',#2860, #2862);
#2864 = SURFACE_CURVE('', #2863);
#2865 = EDGE_CURVE('', #2855, #2857,#2864,.T.);
#2866 = CARTESIAN_POINT('', (43.1288,0,47.5392));
#2867 = DIRECTION('', (0.14305, 0, -0.989715));
#2868 = VECTOR('',#2867,1);
#2869 = LINE('',#2866, #2868);
#2870 = SURFACE_CURVE('', #2869);
#2871 = EDGE_CURVE('', #2857, #2859,#2870,.T.);
#2872 = CARTESIAN_POINT('', (50,0,0));
#2873 = DIRECTION('', (-0.138076, 0, 0.990422));
#2874 = VECTOR('',#2873,1);
#2875 = LINE('',#2872, #2874);
#2876 = SURFACE_CURVE('', #2875);
#2877 = EDGE_CURVE('', #2859, #2855,#2876,.T.);
#2878 = ORIENTED_EDGE('',*,*,#2865,.T.);
#2879 = ORIENTED_EDGE('',*,*,#2871,.T.);
#2880 = ORIENTED_EDGE('',*,*,#2877,.T.);
#2881 = CARTESIAN_POINT('', (43.3197,0,47.9179));
#2882 = DIRECTION('', (0, -1, -0));
#2883 = DIRECTION('', (-0.450205, 0, -0.892925));
#2884 = AXIS2_PLACEMENT_3D('',#2881,#2882,#2883);
#2885 = PLANE('',#2884);
#2886 = EDGE_LOOP('', (#2878,#2879,#2880));
#2887 = FACE_BOUND('', #2886,.T.);
#2888 = ADVANCED_FACE('', (#2887),#2885,.T.);
#2889 = CARTESIAN_POINT('', (41.212,0,19.241));
#2890 = VERTEX_POINT('', #2889);
#2891 = CARTESIAN_POINT('', (41.6299,0,19.1693));
#2892 = VERTEX_POINT('', #2891);
#2893 = CARTESIAN_POINT('', (41.8328,0,46.4928));
#2894 = VERTEX_POINT('', #2893);
#2895 = CARTESIAN_POINT('', (41.212,0,19.241));
#2896 = DIRECTION('', (0.985617, 0, -0.168996));
#2897 = VECTOR('',#2896,1);
#2898 = LINE('',#2895, #2897);
#2899 = SURFACE_CURVE('', #2898);
#2900 = EDGE_CURVE('', #2890, #2892,#2899,.T.);
#2901 = CARTESIAN_POINT('', (41.6299,0,19.1693));
#2902 = DIRECTION('', (0.00742578, 0, 0.999972));
#2903 = VECTOR('',#2902,1);
#2904 = LINE('',#2901, #2903);
#2905 = SURFACE_CURVE('', #2904);
#2906 = EDGE_CURVE('', #2892, #2894,#2905,.T.);
#2907 = ORIENTED_EDGE('',*,*,#2900,.T.);
#2908 = ORIENTED_EDGE('',*,*,#2906,.T.);
#2909 = ORIENTED_EDGE('',*,*,#1891,.F.);
#2910 = CARTESIAN_POINT('', (41.212,0,19.241));
#2911 = DIRECTION('', (0, -1, 0));
#2912 = DIRECTION('', (0.985617, 0, -0.168996));
#2913 = AXIS2_PLACEMENT_3D('',#2910,#2911,#2912);
#2914 = PLANE('',#2913);
#2915 = EDGE_LOOP('', (#2907,#2908,#2909));
#2916 = FACE_BOUND('', #2915,.T.);
#2917 = ADVANCED_FACE('', (#2916),#2914,.T.);
#2918 = CARTESIAN_POINT('', (41.8328,0,46.4928));
#2919 = VERTEX_POINT('', #2918);
#2920 = CARTESIAN_POINT('', (41.6299,0,19.1693));
#2921 = VERTEX_POINT('', #2920);
#2922 = CARTESIAN_POINT('', (42.0298,0,19.0281));
#2923 = VERTEX_POINT('', #2922);
#2924 = CARTESIAN_POINT('', (41.6299,0,19.1693));
#2925 = DIRECTION('', (0.942878, 0, -0.33314));
#2926 = VECTOR('',#2925,1);
#2927 = LINE('',#2924, #2926);
#2928 = SURFACE_CURVE('', #2927);
#2929 = EDGE_CURVE('', #2921, #2923,#2928,.T.);
#2930 = CARTESIAN_POINT('', (42.0298,0,19.0281));
#2931 = DIRECTION('', (-0.00716927, 0, 0.999974));
#2932 = VECTOR('',#2931,1);
#2933 = LINE('',#2930, #2932);
#2934 = SURFACE_CURVE('', #2933);
#2935 = EDGE_CURVE('', #2923, #2919,#2934,.T.);
#2936 = ORIENTED_EDGE('',*,*,#2906,.F.);
#2937 = ORIENTED_EDGE('',*,*,#2929,.T.);
#2938 = ORIENTED_EDGE('',*,*,#2935,.T.);
#2939 = CARTESIAN_POINT('', (41.8328,0,46.4928));
#2940 = DIRECTION('', (0, -1, -0));
#2941 = DIRECTION('', (-0.00742578, 0, -0.999972));
#2942 = AXIS2_PLACEMENT_3D('',#2939,#2940,#2941);
#2943 = PLANE('',#2942);
#2944 = EDGE_LOOP('', (#2936,#2937,#2938));
#2945 = FACE_BOUND('', #2944,.T.);
#2946 = ADVANCED_FACE('', (#2945),#2943,.T.);
#2947 = CARTESIAN_POINT('', (41.8328,0,46.4928));
#2948 = VERTEX_POINT('', #2947);
#2949 = CARTESIAN_POINT('', (42.0298,0,19.0281));
#2950 = VERTEX_POINT('', #2949);
#2951 = CARTESIAN_POINT('', (42.3999,0,18.8213));
#2952 = VERTEX_POINT('', #2951);
#2953 = CARTESIAN_POINT('', (42.0298,0,19.0281));
#2954 = DIRECTION('', (0.873015, 0, -0.487693));
#2955 = VECTOR('',#2954,1);
#2956 = LINE('',#2953, #2955);
#2957 = SURFACE_CURVE('', #2956);
#2958 = EDGE_CURVE('', #2950, #2952,#2957,.T.);
#2959 = CARTESIAN_POINT('', (42.3999,0,18.8213));
#2960 = DIRECTION('', (-0.0204893, 0, 0.99979));
#2961 = VECTOR('',#2960,1);
#2962 = LINE('',#2959, #2961);
#2963 = SURFACE_CURVE('', #2962);
#2964 = EDGE_CURVE('', #2952, #2948,#2963,.T.);
#2965 = ORIENTED_EDGE('',*,*,#2935,.F.);
#2966 = ORIENTED_EDGE('',*,*,#2958,.T.);
#2967 = ORIENTED_EDGE('',*,*,#2964,.T.);
#2968 = CARTESIAN_POINT('', (41.8328,0,46.4928));
#2969 = DIRECTION('', (0, -1, 0));
#2970 = DIRECTION('', (0.00716927, 0, -0.999974));
#2971 = AXIS2_PLACEMENT_3D('',#2968,#2969,#2970);
#2972 = PLANE('',#2971);
#2973 = EDGE_LOOP('', (#2965,#2966,#2967));
#2974 = FACE_BOUND('', #2973,.T.);
#2975 = ADVANCED_FACE('', (#2974),#2972,.T.);
#2976 = CARTESIAN_POINT('', (6.68028,0,47.9179));
#2977 = VERTEX_POINT('', #2976);
#2978 = CARTESIAN_POINT('', (6.55611,0,48.3233));
#2979 = VERTEX_POINT('', #2978);
#2980 = CARTESIAN_POINT('', (0,0,0));
#2981 = VERTEX_POINT('', #2980);
#2982 = CARTESIAN_POINT('', (6.68028,0,47.9179));
#2983 = DIRECTION('', (-0.292822, 0, 0.956167));
#2984 = VECTOR('',#2983,1);
#2985 = LINE('',#2982, #2984);
#2986 = SURFACE_CURVE('', #2985);
#2987 = EDGE_CURVE('', #2977, #2979,#2986,.T.);
#2988 = CARTESIAN_POINT('', (6.55611,0,48.3233));
#2989 = DIRECTION('', (-0.13444, 0, -0.990922));
#2990 = VECTOR('',#2989,1);
#2991 = LINE('',#2988, #2990);
#2992 = SURFACE_CURVE('', #2991);
#2993 = EDGE_CURVE('', #2979, #2981,#2992,.T.);
#2994 = ORIENTED_EDGE('',*,*,#2987,.T.);
#2995 = ORIENTED_EDGE('',*,*,#2993,.T.);
#2996 = ORIENTED_EDGE('',*,*,#2616,.F.);
#2997 = CARTESIAN_POINT('', (6.68028,0,47.9179));
#2998 = DIRECTION('', (-0, -1, 0));
#2999 = DIRECTION('', (-0.292822, 0, 0.956167));
#3000 = AXIS2_PLACEMENT_3D('',#2997,#2998,#2999);
#3001 = PLANE('',#3000);
#3002 = EDGE_LOOP('', (#2994,#2995,#2996));
#3003 = FACE_BOUND('', #3002,.T.);
#3004 = ADVANCED_FACE('', (#3003),#3001,.T.);
#3005 = CARTESIAN_POINT('', (0,0,0));
#3006 = VERTEX_POINT('', #3005);
#3007 = CARTESIAN_POINT('', (6.55611,0,48.3233));
#3008 = VERTEX_POINT('', #3007);
#3009 = CARTESIAN_POINT('', (6.50225,0,48.7439));
#3010 = VERTEX_POINT('', #3009);
#3011 = CARTESIAN_POINT('', (6.55611,0,48.3233));
#3012 = DIRECTION('', (-0.127018, 0, 0.9919));
#3013 = VECTOR('',#3012,1);
#3014 = LINE('',#3011, #3013);
#3015 = SURFACE_CURVE('', #3014);
#3016 = EDGE_CURVE('', #3008, #3010,#3015,.T.);
#3017 = CARTESIAN_POINT('', (6.50225,0,48.7439));
#3018 = DIRECTION('', (-0.132225, 0, -0.99122));
#3019 = VECTOR('',#3018,1);
#3020 = LINE('',#3017, #3019);
#3021 = SURFACE_CURVE('', #3020);
#3022 = EDGE_CURVE('', #3010, #3006,#3021,.T.);
#3023 = ORIENTED_EDGE('',*,*,#2993,.F.);
#3024 = ORIENTED_EDGE('',*,*,#3016,.T.);
#3025 = ORIENTED_EDGE('',*,*,#3022,.T.);
#3026 = CARTESIAN_POINT('', (0,0,0));
#3027 = DIRECTION('', (0, -1, 0));
#3028 = DIRECTION('', (0.13444, 0, 0.990922));
#3029 = AXIS2_PLACEMENT_3D('',#3026,#3027,#3028);
#3030 = PLANE('',#3029);
#3031 = EDGE_LOOP('', (#3023,#3024,#3025));
#3032 = FACE_BOUND('', #3031,.T.);
#3033 = ADVANCED_FACE('', (#3032),#3030,.T.);
#3034 = CARTESIAN_POINT('', (0,0,0));
#3035 = VERTEX_POINT('', #3034);
#3036 = CARTESIAN_POINT('', (6.50225,0,48.7439));
#3037 = VERTEX_POINT('', #3036);
#3038 = CARTESIAN_POINT('', (0,0,115));
#3039 = VERTEX_POINT('', #3038);
#3040 = CARTESIAN_POINT('', (6.50225,0,48.7439));
#3041 = DIRECTION('', (-0.097669, 0, 0.995219));
#3042 = VECTOR('',#3041,1);
#3043 = LINE('',#3040, #3042);
#3044 = SURFACE_CURVE('', #3043);
#3045 = EDGE_CURVE('', #3037, #3039,#3044,.T.);
#3046 = ORIENTED_EDGE('',*,*,#3022,.F.);
#3047 = ORIENTED_EDGE('',*,*,#3045,.T.);
#3048 = ORIENTED_EDGE('',*,*,#399,.F.);
#3049 = CARTESIAN_POINT('', (0,0,0));
#3050 = DIRECTION('', (0, -1, 0));
#3051 = DIRECTION('', (0.132225, 0, 0.99122));
#3052 = AXIS2_PLACEMENT_3D('',#3049,#3050,#3051);
#3053 = PLANE('',#3052);
#3054 = EDGE_LOOP('', (#3046,#3047,#3048));
#3055 = FACE_BOUND('', #3054,.T.);
#3056 = ADVANCED_FACE('', (#3055),#3053,.T.);
#3057 = CARTESIAN_POINT('', (0,0,115));
#3058 = VERTEX_POINT('', #3057);
#3059 = CARTESIAN_POINT('', (6.50225,0,48.7439));
#3060 = VERTEX_POINT('', #3059);
#3061 = CARTESIAN_POINT('', (6.52025,0,49.1675));
#3062 = VERTEX_POINT('', #3061);
#3063 = CARTESIAN_POINT('', (6.50225,0,48.7439));
#3064 = DIRECTION('', (0.042441, 0, 0.999099));
#3065 = VECTOR('',#3064,1);
#3066 = LINE('',#3063, #3065);
#3067 = SURFACE_CURVE('', #3066);
#3068 = EDGE_CURVE('', #3060, #3062,#3067,.T.);
#3069 = CARTESIAN_POINT('', (6.52025,0,49.1675));
#3070 = DIRECTION('', (-0.0985608, 0, 0.995131));
#3071 = VECTOR('',#3070,1);
#3072 = LINE('',#3069, #3071);
#3073 = SURFACE_CURVE('', #3072);
#3074 = EDGE_CURVE('', #3062, #3058,#3073,.T.);
#3075 = ORIENTED_EDGE('',*,*,#3045,.F.);
#3076 = ORIENTED_EDGE('',*,*,#3068,.T.);
#3077 = ORIENTED_EDGE('',*,*,#3074,.T.);
#3078 = CARTESIAN_POINT('', (0,0,115));
#3079 = DIRECTION('', (0, -1, 0));
#3080 = DIRECTION('', (0.097669, 0, -0.995219));
#3081 = AXIS2_PLACEMENT_3D('',#3078,#3079,#3080);
#3082 = PLANE('',#3081);
#3083 = EDGE_LOOP('', (#3075,#3076,#3077));
#3084 = FACE_BOUND('', #3083,.T.);
#3085 = ADVANCED_FACE('', (#3084),#3082,.T.);
#3086 = CARTESIAN_POINT('', (0,0,115));
#3087 = VERTEX_POINT('', #3086);
#3088 = CARTESIAN_POINT('', (6.52025,0,49.1675));
#3089 = VERTEX_POINT('', #3088);
#3090 = CARTESIAN_POINT('', (6.60958,0,49.5821));
#3091 = VERTEX_POINT('', #3090);
#3092 = CARTESIAN_POINT('', (6.52025,0,49.1675));
#3093 = DIRECTION('', (0.21068, 0, 0.977555));
#3094 = VECTOR('',#3093,1);
#3095 = LINE('',#3092, #3094);
#3096 = SURFACE_CURVE('', #3095);
#3097 = EDGE_CURVE('', #3089, #3091,#3096,.T.);
#3098 = ORIENTED_EDGE('',*,*,#3074,.F.);
#3099 = ORIENTED_EDGE('',*,*,#3097,.T.);
#3100 = ORIENTED_EDGE('',*,*,#1949,.F.);
#3101 = CARTESIAN_POINT('', (0,0,115));
#3102 = DIRECTION('', (0, -1, 0));
#3103 = DIRECTION('', (0.0985608, 0, -0.995131));
#3104 = AXIS2_PLACEMENT_3D('',#3101,#3102,#3103);
#3105 = PLANE('',#3104);
#3106 = EDGE_LOOP('', (#3098,#3099,#3100));
#3107 = FACE_BOUND('', #3106,.T.);
#3108 = ADVANCED_FACE('', (#3107),#3105,.T.);
#3109 = CARTESIAN_POINT('', (11.1288,0,15.4392));
#3110 = VERTEX_POINT('', #3109);
#3111 = CARTESIAN_POINT('', (10.8767,0,15.0983));
#3112 = VERTEX_POINT('', #3111);
#3113 = CARTESIAN_POINT('', (39.4294,0,14.8049));
#3114 = VERTEX_POINT('', #3113);
#3115 = CARTESIAN_POINT('', (11.1288,0,15.4392));
#3116 = DIRECTION('', (-0.594633, 0, -0.803997));
#3117 = VECTOR('',#3116,1);
#3118 = LINE('',#3115, #3117);
#3119 = SURFACE_CURVE('', #3118);
#3120 = EDGE_CURVE('', #3110, #3112,#3119,.T.);
#3121 = CARTESIAN_POINT('', (10.8767,0,15.0983));
#3122 = DIRECTION('', (0.999947, 0, -0.0102753));
#3123 = VECTOR('',#3122,1);
#3124 = LINE('',#3121, #3123);
#3125 = SURFACE_CURVE('', #3124);
#3126 = EDGE_CURVE('', #3112, #3114,#3125,.T.);
#3127 = ORIENTED_EDGE('',*,*,#3120,.T.);
#3128 = ORIENTED_EDGE('',*,*,#3126,.T.);
#3129 = ORIENTED_EDGE('',*,*,#2204,.F.);
#3130 = CARTESIAN_POINT('', (11.1288,0,15.4392));
#3131 = DIRECTION('', (0, -1, -0));
#3132 = DIRECTION('', (-0.594633, 0, -0.803997));
#3133 = AXIS2_PLACEMENT_3D('',#3130,#3131,#3132);
#3134 = PLANE('',#3133);
#3135 = EDGE_LOOP('', (#3127,#3128,#3129));
#3136 = FACE_BOUND('', #3135,.T.);
#3137 = ADVANCED_FACE('', (#3136),#3134,.T.);
#3138 = CARTESIAN_POINT('', (39.4294,0,14.8049));
#3139 = VERTEX_POINT('', #3138);
#3140 = CARTESIAN_POINT('', (10.8767,0,15.0983));
#3141 = VERTEX_POINT('', #3140);
#3142 = CARTESIAN_POINT('', (10.5705,0,14.8049));
#3143 = VERTEX_POINT('', #3142);
#3144 = CARTESIAN_POINT('', (10.8767,0,15.0983));
#3145 = DIRECTION('', (-0.721953, 0, -0.691942));
#3146 = VECTOR('',#3145,1);
#3147 = LINE('',#3144, #3146);
#3148 = SURFACE_CURVE('', #3147);
#3149 = EDGE_CURVE('', #3141, #3143,#3148,.T.);
#3150 = CARTESIAN_POINT('', (10.5705,0,14.8049));
#3151 = DIRECTION('', (1, 0, 0));
#3152 = VECTOR('',#3151,1);
#3153 = LINE('',#3150, #3152);
#3154 = SURFACE_CURVE('', #3153);
#3155 = EDGE_CURVE('', #3143, #3139,#3154,.T.);
#3156 = ORIENTED_EDGE('',*,*,#3126,.F.);
#3157 = ORIENTED_EDGE('',*,*,#3149,.T.);
#3158 = ORIENTED_EDGE('',*,*,#3155,.T.);
#3159 = CARTESIAN_POINT('', (39.4294,0,14.8049));
#3160 = DIRECTION('', (0, -1, 0));
#3161 = DIRECTION('', (-0.999947, 0, 0.0102753));
#3162 = AXIS2_PLACEMENT_3D('',#3159,#3160,#3161);
#3163 = PLANE('',#3162);
#3164 = EDGE_LOOP('', (#3156,#3157,#3158));
#3165 = FACE_BOUND('', #3164,.T.);
#3166 = ADVANCED_FACE('', (#3165),#3163,.T.);
#3167 = CARTESIAN_POINT('', (39.4294,0,14.8049));
#3168 = VERTEX_POINT('', #3167);
#3169 = CARTESIAN_POINT('', (10.5705,0,14.8049));
#3170 = VERTEX_POINT('', #3169);
#3171 = CARTESIAN_POINT('', (0,0,0));
#3172 = VERTEX_POINT('', #3171);
#3173 = CARTESIAN_POINT('', (10.5705,0,14.8049));
#3174 = DIRECTION('', (-0.581079, 0, -0.813847));
#3175 = VECTOR('',#3174,1);
#3176 = LINE('',#3173, #3175);
#3177 = SURFACE_CURVE('', #3176);
#3178 = EDGE_CURVE('', #3170, #3172,#3177,.T.);
#3179 = ORIENTED_EDGE('',*,*,#3155,.F.);
#3180 = ORIENTED_EDGE('',*,*,#3178,.T.);
#3181 = ORIENTED_EDGE('',*,*,#1676,.F.);
#3182 = CARTESIAN_POINT('', (39.4294,0,14.8049));
#3183 = DIRECTION('', (-0, -1, 0));
#3184 = DIRECTION('', (-1, 0, 0));
#3185 = AXIS2_PLACEMENT_3D('',#3182,#3183,#3184);
#3186 = PLANE('',#3185);
#3187 = EDGE_LOOP('', (#3179,#3180,#3181));
#3188 = FACE_BOUND('', #3187,.T.);
#3189 = ADVANCED_FACE('', (#3188),#3186,.T.);
#3190 = CARTESIAN_POINT('', (0,0,0));
#3191 = VERTEX_POINT('', #3190);
#3192 = CARTESIAN_POINT('', (10.5705,0,14.8049));
#3193 = VERTEX_POINT('', #3192);
#3194 = CARTESIAN_POINT('', (10.2192,0,14.5675));
#3195 = VERTEX_POINT('', #3194);
#3196 = CARTESIAN_POINT('', (10.5705,0,14.8049));
#3197 = DIRECTION('', (-0.82851, 0, -0.559975));
#3198 = VECTOR('',#3197,1);
#3199 = LINE('',#3196, #3198);
#3200 = SURFACE_CURVE('', #3199);
#3201 = EDGE_CURVE('', #3193, #3195,#3200,.T.);
#3202 = CARTESIAN_POINT('', (10.2192,0,14.5675));
#3203 = DIRECTION('', (-0.574292, 0, -0.81865));
#3204 = VECTOR('',#3203,1);
#3205 = LINE('',#3202, #3204);
#3206 = SURFACE_CURVE('', #3205);
#3207 = EDGE_CURVE('', #3195, #3191,#3206,.T.);
#3208 = ORIENTED_EDGE('',*,*,#3178,.F.);
#3209 = ORIENTED_EDGE('',*,*,#3201,.T.);
#3210 = ORIENTED_EDGE('',*,*,#3207,.T.);
#3211 = CARTESIAN_POINT('', (0,0,0));
#3212 = DIRECTION('', (0, -1, 0));
#3213 = DIRECTION('', (0.581079, 0, 0.813847));
#3214 = AXIS2_PLACEMENT_3D('',#3211,#3212,#3213);
#3215 = PLANE('',#3214);
#3216 = EDGE_LOOP('', (#3208,#3209,#3210));
#3217 = FACE_BOUND('', #3216,.T.);
#3218 = ADVANCED_FACE('', (#3217),#3215,.T.);
#3219 = CARTESIAN_POINT('', (0,0,0));
#3220 = VERTEX_POINT('', #3219);
#3221 = CARTESIAN_POINT('', (10.2192,0,14.5675));
#3222 = VERTEX_POINT('', #3221);
#3223 = CARTESIAN_POINT('', (9.83285,0,14.3928));
#3224 = VERTEX_POINT('', #3223);
#3225 = CARTESIAN_POINT('', (10.2192,0,14.5675));
#3226 = DIRECTION('', (-0.91123, 0, -0.411898));
#3227 = VECTOR('',#3226,1);
#3228 = LINE('',#3225, #3227);
#3229 = SURFACE_CURVE('', #3228);
#3230 = EDGE_CURVE('', #3222, #3224,#3229,.T.);
#3231 = ORIENTED_EDGE('',*,*,#3207,.F.);
#3232 = ORIENTED_EDGE('',*,*,#3230,.T.);
#3233 = ORIENTED_EDGE('',*,*,#928,.F.);
#3234 = CARTESIAN_POINT('', (0,0,0));
#3235 = DIRECTION('', (0, -1, 0));
#3236 = DIRECTION('', (0.574292, 0, 0.81865));
#3237 = AXIS2_PLACEMENT_3D('',#3234,#3235,#3236);
#3238 = PLANE('',#3237);
#3239 = EDGE_LOOP('', (#3231,#3232,#3233));
#3240 = FACE_BOUND('', #3239,.T.);
#3241 = ADVANCED_FACE('', (#3240),#3238,.T.);
#3242 = CARTESIAN_POINT('', (42.3999,0,50.9213));
#3243 = VERTEX_POINT('', #3242);
#3244 = CARTESIAN_POINT('', (42.7298,0,50.6549));
#3245 = VERTEX_POINT('', #3244);
#3246 = CARTESIAN_POINT('', (50,0,115));
#3247 = VERTEX_POINT('', #3246);
#3248 = CARTESIAN_POINT('', (42.3999,0,50.9213));
#3249 = DIRECTION('', (0.778036, 0, -0.62822));
#3250 = VECTOR('',#3249,1);
#3251 = LINE('',#3248, #3250);
#3252 = SURFACE_CURVE('', #3251);
#3253 = EDGE_CURVE('', #3243, #3245,#3252,.T.);
#3254 = CARTESIAN_POINT('', (42.7298,0,50.6549));
#3255 = DIRECTION('', (0.112273, 0, 0.993677));
#3256 = VECTOR('',#3255,1);
#3257 = LINE('',#3254, #3256);
#3258 = SURFACE_CURVE('', #3257);
#3259 = EDGE_CURVE('', #3245, #3247,#3258,.T.);
#3260 = ORIENTED_EDGE('',*,*,#3253,.T.);
#3261 = ORIENTED_EDGE('',*,*,#3259,.T.);
#3262 = ORIENTED_EDGE('',*,*,#2842,.F.);
#3263 = CARTESIAN_POINT('', (42.3999,0,50.9213));
#3264 = DIRECTION('', (0, -1, 0));
#3265 = DIRECTION('', (0.778036, 0, -0.62822));
#3266 = AXIS2_PLACEMENT_3D('',#3263,#3264,#3265);
#3267 = PLANE('',#3266);
#3268 = EDGE_LOOP('', (#3260,#3261,#3262));
#3269 = FACE_BOUND('', #3268,.T.);
#3270 = ADVANCED_FACE('', (#3269),#3267,.T.);
#3271 = CARTESIAN_POINT('', (50,0,115));
#3272 = VERTEX_POINT('', #3271);
#3273 = CARTESIAN_POINT('', (42.7298,0,50.6549));
#3274 = VERTEX_POINT('', #3273);
#3275 = CARTESIAN_POINT('', (43.01,0,50.3366));
#3276 = VERTEX_POINT('', #3275);
#3277 = CARTESIAN_POINT('', (42.7298,0,50.6549));
#3278 = DIRECTION('', (0.660679, 0, -0.750669));
#3279 = VECTOR('',#3278,1);
#3280 = LINE('',#3277, #3279);
#3281 = SURFACE_CURVE('', #3280);
#3282 = EDGE_CURVE('', #3274, #3276,#3281,.T.);
#3283 = CARTESIAN_POINT('', (43.01,0,50.3366));
#3284 = DIRECTION('', (0.107472, 0, 0.994208));
#3285 = VECTOR('',#3284,1);
#3286 = LINE('',#3283, #3285);
#3287 = SURFACE_CURVE('', #3286);
#3288 = EDGE_CURVE('', #3276, #3272,#3287,.T.);
#3289 = ORIENTED_EDGE('',*,*,#3259,.F.);
#3290 = ORIENTED_EDGE('',*,*,#3282,.T.);
#3291 = ORIENTED_EDGE('',*,*,#3288,.T.);
#3292 = CARTESIAN_POINT('', (50,0,115));
#3293 = DIRECTION('', (0, -1, 0));
#3294 = DIRECTION('', (-0.112273, 0, -0.993677));
#3295 = AXIS2_PLACEMENT_3D('',#3292,#3293,#3294);
#3296 = PLANE('',#3295);
#3297 = EDGE_LOOP('', (#3289,#3290,#3291));
#3298 = FACE_BOUND('', #3297,.T.);
#3299 = ADVANCED_FACE('', (#3298),#3296,.T.);
#3300 = CARTESIAN_POINT('', (50,0,115));
#3301 = VERTEX_POINT('', #3300);
#3302 = CARTESIAN_POINT('', (43.01,0,50.3366));
#3303 = VERTEX_POINT('', #3302);
#3304 = CARTESIAN_POINT('', (43.2323,0,49.9755));
#3305 = VERTEX_POINT('', #3304);
#3306 = CARTESIAN_POINT('', (43.01,0,50.3366));
#3307 = DIRECTION('', (0.524302, 0, -0.851532));
#3308 = VECTOR('',#3307,1);
#3309 = LINE('',#3306, #3308);
#3310 = SURFACE_CURVE('', #3309);
#3311 = EDGE_CURVE('', #3303, #3305,#3310,.T.);
#3312 = CARTESIAN_POINT('', (43.2323,0,49.9755));
#3313 = DIRECTION('', (0.10352, 0, 0.994627));
#3314 = VECTOR('',#3313,1);
#3315 = LINE('',#3312, #3314);
#3316 = SURFACE_CURVE('', #3315);
#3317 = EDGE_CURVE('', #3305, #3301,#3316,.T.);
#3318 = ORIENTED_EDGE('',*,*,#3288,.F.);
#3319 = ORIENTED_EDGE('',*,*,#3311,.T.);
#3320 = ORIENTED_EDGE('',*,*,#3317,.T.);
#3321 = CARTESIAN_POINT('', (50,0,115));
#3322 = DIRECTION('', (0, -1, 0));
#3323 = DIRECTION('', (-0.107472, 0, -0.994208));
#3324 = AXIS2_PLACEMENT_3D('',#3321,#3322,#3323);
#3325 = PLANE('',#3324);
#3326 = EDGE_LOOP('', (#3318,#3319,#3320));
#3327 = FACE_BOUND('', #3326,.T.);
#3328 = ADVANCED_FACE('', (#3327),#3325,.T.);
#3329 = CARTESIAN_POINT('', (43.3197,0,47.9179));
#3330 = VERTEX_POINT('', #3329);
#3331 = CARTESIAN_POINT('', (50,0,0));
#3332 = VERTEX_POINT('', #3331);
#3333 = CARTESIAN_POINT('', (43.4439,0,48.3233));
#3334 = VERTEX_POINT('', #3333);
#3335 = CARTESIAN_POINT('', (50,0,0));
#3336 = DIRECTION('', (-0.13444, 0, 0.990922));
#3337 = VECTOR('',#3336,1);
#3338 = LINE('',#3335, #3337);
#3339 = SURFACE_CURVE('', #3338);
#3340 = EDGE_CURVE('', #3332, #3334,#3339,.T.);
#3341 = CARTESIAN_POINT('', (43.4439,0,48.3233));
#3342 = DIRECTION('', (-0.292828, 0, -0.956165));
#3343 = VECTOR('',#3342,1);
#3344 = LINE('',#3341, #3343);
#3345 = SURFACE_CURVE('', #3344);
#3346 = EDGE_CURVE('', #3334, #3330,#3345,.T.);
#3347 = ORIENTED_EDGE('',*,*,#2877,.F.);
#3348 = ORIENTED_EDGE('',*,*,#3340,.T.);
#3349 = ORIENTED_EDGE('',*,*,#3346,.T.);
#3350 = CARTESIAN_POINT('', (43.3197,0,47.9179));
#3351 = DIRECTION('', (0, -1, 0));
#3352 = DIRECTION('', (0.138076, 0, -0.990422));
#3353 = AXIS2_PLACEMENT_3D('',#3350,#3351,#3352);
#3354 = PLANE('',#3353);
#3355 = EDGE_LOOP('', (#3347,#3348,#3349));
#3356 = FACE_BOUND('', #3355,.T.);
#3357 = ADVANCED_FACE('', (#3356),#3354,.T.);
#3358 = CARTESIAN_POINT('', (43.1288,0,47.5392));
#3359 = VERTEX_POINT('', #3358);
#3360 = CARTESIAN_POINT('', (42.8767,0,47.1983));
#3361 = VERTEX_POINT('', #3360);
#3362 = CARTESIAN_POINT('', (50,0,0));
#3363 = VERTEX_POINT('', #3362);
#3364 = CARTESIAN_POINT('', (43.1288,0,47.5392));
#3365 = DIRECTION('', (-0.594635, 0, -0.803996));
#3366 = VECTOR('',#3365,1);
#3367 = LINE('',#3364, #3366);
#3368 = SURFACE_CURVE('', #3367);
#3369 = EDGE_CURVE('', #3359, #3361,#3368,.T.);
#3370 = CARTESIAN_POINT('', (42.8767,0,47.1983));
#3371 = DIRECTION('', (0.149233, 0, -0.988802));
#3372 = VECTOR('',#3371,1);
#3373 = LINE('',#3370, #3372);
#3374 = SURFACE_CURVE('', #3373);
#3375 = EDGE_CURVE('', #3361, #3363,#3374,.T.);
#3376 = ORIENTED_EDGE('',*,*,#3369,.T.);
#3377 = ORIENTED_EDGE('',*,*,#3375,.T.);
#3378 = ORIENTED_EDGE('',*,*,#2871,.F.);
#3379 = CARTESIAN_POINT('', (43.1288,0,47.5392));
#3380 = DIRECTION('', (0, -1, -0));
#3381 = DIRECTION('', (-0.594635, 0, -0.803996));
#3382 = AXIS2_PLACEMENT_3D('',#3379,#3380,#3381);
#3383 = PLANE('',#3382);
#3384 = EDGE_LOOP('', (#3376,#3377,#3378));
#3385 = FACE_BOUND('', #3384,.T.);
#3386 = ADVANCED_FACE('', (#3385),#3383,.T.);
#3387 = CARTESIAN_POINT('', (50,0,0));
#3388 = VERTEX_POINT('', #3387);
#3389 = CARTESIAN_POINT('', (42.8767,0,47.1983));
#3390 = VERTEX_POINT('', #3389);
#3391 = CARTESIAN_POINT('', (42.5705,0,46.9049));
#3392 = VERTEX_POINT('', #3391);
#3393 = CARTESIAN_POINT('', (42.8767,0,47.1983));
#3394 = DIRECTION('', (-0.721953, 0, -0.691942));
#3395 = VECTOR('',#3394,1);
#3396 = LINE('',#3393, #3395);
#3397 = SURFACE_CURVE('', #3396);
#3398 = EDGE_CURVE('', #3390, #3392,#3397,.T.);
#3399 = CARTESIAN_POINT('', (42.5705,0,46.9049));
#3400 = DIRECTION('', (0.156444, 0, -0.987687));
#3401 = VECTOR('',#3400,1);
#3402 = LINE('',#3399, #3401);
#3403 = SURFACE_CURVE('', #3402);
#3404 = EDGE_CURVE('', #3392, #3388,#3403,.T.);
#3405 = ORIENTED_EDGE('',*,*,#3375,.F.);
#3406 = ORIENTED_EDGE('',*,*,#3398,.T.);
#3407 = ORIENTED_EDGE('',*,*,#3404,.T.);
#3408 = CARTESIAN_POINT('', (50,0,0));
#3409 = DIRECTION('', (0, -1, 0));
#3410 = DIRECTION('', (-0.149233, 0, 0.988802));
#3411 = AXIS2_PLACEMENT_3D('',#3408,#3409,#3410);
#3412 = PLANE('',#3411);
#3413 = EDGE_LOOP('', (#3405,#3406,#3407));
#3414 = FACE_BOUND('', #3413,.T.);
#3415 = ADVANCED_FACE('', (#3414),#3412,.T.);
#3416 = CARTESIAN_POINT('', (50,0,0));
#3417 = VERTEX_POINT('', #3416);
#3418 = CARTESIAN_POINT('', (42.5705,0,46.9049));
#3419 = VERTEX_POINT('', #3418);
#3420 = CARTESIAN_POINT('', (42.2192,0,46.6675));
#3421 = VERTEX_POINT('', #3420);
#3422 = CARTESIAN_POINT('', (42.5705,0,46.9049));
#3423 = DIRECTION('', (-0.828508, 0, -0.559977));
#3424 = VECTOR('',#3423,1);
#3425 = LINE('',#3422, #3424);
#3426 = SURFACE_CURVE('', #3425);
#3427 = EDGE_CURVE('', #3419, #3421,#3426,.T.);
#3428 = ORIENTED_EDGE('',*,*,#3404,.F.);
#3429 = ORIENTED_EDGE('',*,*,#3427,.T.);
#3430 = ORIENTED_EDGE('',*,*,#742,.F.);
#3431 = CARTESIAN_POINT('', (50,0,0));
#3432 = DIRECTION('', (0, -1, 0));
#3433 = DIRECTION('', (-0.156444, 0, 0.987687));
#3434 = AXIS2_PLACEMENT_3D('',#3431,#3432,#3433);
#3435 = PLANE('',#3434);
#3436 = EDGE_LOOP('', (#3428,#3429,#3430));
#3437 = FACE_BOUND('', #3436,.T.);
#3438 = ADVANCED_FACE('', (#3437),#3435,.T.);
#3439 = CARTESIAN_POINT('', (42.3999,0,18.8213));
#3440 = VERTEX_POINT('', #3439);
#3441 = CARTESIAN_POINT('', (42.7298,0,18.5549));
#3442 = VERTEX_POINT('', #3441);
#3443 = CARTESIAN_POINT('', (41.8328,0,46.4928));
#3444 = VERTEX_POINT('', #3443);
#3445 = CARTESIAN_POINT('', (42.3999,0,18.8213));
#3446 = DIRECTION('', (0.778033, 0, -0.628223));
#3447 = VECTOR('',#3446,1);
#3448 = LINE('',#3445, #3447);
#3449 = SURFACE_CURVE('', #3448);
#3450 = EDGE_CURVE('', #3440, #3442,#3449,.T.);
#3451 = CARTESIAN_POINT('', (42.7298,0,18.5549));
#3452 = DIRECTION('', (-0.0320903, 0, 0.999485));
#3453 = VECTOR('',#3452,1);
#3454 = LINE('',#3451, #3453);
#3455 = SURFACE_CURVE('', #3454);
#3456 = EDGE_CURVE('', #3442, #3444,#3455,.T.);
#3457 = ORIENTED_EDGE('',*,*,#3450,.T.);
#3458 = ORIENTED_EDGE('',*,*,#3456,.T.);
#3459 = ORIENTED_EDGE('',*,*,#2964,.F.);
#3460 = CARTESIAN_POINT('', (42.3999,0,18.8213));
#3461 = DIRECTION('', (0, -1, 0));
#3462 = DIRECTION('', (0.778033, 0, -0.628223));
#3463 = AXIS2_PLACEMENT_3D('',#3460,#3461,#3462);
#3464 = PLANE('',#3463);
#3465 = EDGE_LOOP('', (#3457,#3458,#3459));
#3466 = FACE_BOUND('', #3465,.T.);
#3467 = ADVANCED_FACE('', (#3466),#3464,.T.);
#3468 = CARTESIAN_POINT('', (41.8328,0,46.4928));
#3469 = VERTEX_POINT('', #3468);
#3470 = CARTESIAN_POINT('', (42.7298,0,18.5549));
#3471 = VERTEX_POINT('', #3470);
#3472 = CARTESIAN_POINT('', (43.01,0,18.2366));
#3473 = VERTEX_POINT('', #3472);
#3474 = CARTESIAN_POINT('', (42.7298,0,18.5549));
#3475 = DIRECTION('', (0.660679, 0, -0.750669));
#3476 = VECTOR('',#3475,1);
#3477 = LINE('',#3474, #3476);
#3478 = SURFACE_CURVE('', #3477);
#3479 = EDGE_CURVE('', #3471, #3473,#3478,.T.);
#3480 = CARTESIAN_POINT('', (43.01,0,18.2366));
#3481 = DIRECTION('', (-0.0416236, 0, 0.999133));
#3482 = VECTOR('',#3481,1);
#3483 = LINE('',#3480, #3482);
#3484 = SURFACE_CURVE('', #3483);
#3485 = EDGE_CURVE('', #3473, #3469,#3484,.T.);
#3486 = ORIENTED_EDGE('',*,*,#3456,.F.);
#3487 = ORIENTED_EDGE('',*,*,#3479,.T.);
#3488 = ORIENTED_EDGE('',*,*,#3485,.T.);
#3489 = CARTESIAN_POINT('', (41.8328,0,46.4928));
#3490 = DIRECTION('', (0, -1, 0));
#3491 = DIRECTION('', (0.0320903, 0, -0.999485));
#3492 = AXIS2_PLACEMENT_3D('',#3489,#3490,#3491);
#3493 = PLANE('',#3492);
#3494 = EDGE_LOOP('', (#3486,#3487,#3488));
#3495 = FACE_BOUND('', #3494,.T.);
#3496 = ADVANCED_FACE('', (#3495),#3493,.T.);
#3497 = CARTESIAN_POINT('', (41.8328,0,46.4928));
#3498 = VERTEX_POINT('', #3497);
#3499 = CARTESIAN_POINT('', (43.01,0,18.2366));
#3500 = VERTEX_POINT('', #3499);
#3501 = CARTESIAN_POINT('', (43.2323,0,17.8755));
#3502 = VERTEX_POINT('', #3501);
#3503 = CARTESIAN_POINT('', (43.01,0,18.2366));
#3504 = DIRECTION('', (0.524304, 0, -0.851531));
#3505 = VECTOR('',#3504,1);
#3506 = LINE('',#3503, #3505);
#3507 = SURFACE_CURVE('', #3506);
#3508 = EDGE_CURVE('', #3500, #3502,#3507,.T.);
#3509 = CARTESIAN_POINT('', (43.2323,0,17.8755));
#3510 = DIRECTION('', (-0.0488445, 0, 0.998806));
#3511 = VECTOR('',#3510,1);
#3512 = LINE('',#3509, #3511);
#3513 = SURFACE_CURVE('', #3512);
#3514 = EDGE_CURVE('', #3502, #3498,#3513,.T.);
#3515 = ORIENTED_EDGE('',*,*,#3485,.F.);
#3516 = ORIENTED_EDGE('',*,*,#3508,.T.);
#3517 = ORIENTED_EDGE('',*,*,#3514,.T.);
#3518 = CARTESIAN_POINT('', (41.8328,0,46.4928));
#3519 = DIRECTION('', (0, -1, 0));
#3520 = DIRECTION('', (0.0416236, 0, -0.999133));
#3521 = AXIS2_PLACEMENT_3D('',#3518,#3519,#3520);
#3522 = PLANE('',#3521);
#3523 = EDGE_LOOP('', (#3515,#3516,#3517));
#3524 = FACE_BOUND('', #3523,.T.);
#3525 = ADVANCED_FACE('', (#3524),#3522,.T.);
#3526 = CARTESIAN_POINT('', (43.2323,0,17.8755));
#3527 = VERTEX_POINT('', #3526);
#3528 = CARTESIAN_POINT('', (43.3904,0,17.4821));
#3529 = VERTEX_POINT('', #3528);
#3530 = CARTESIAN_POINT('', (41.8328,0,46.4928));
#3531 = VERTEX_POINT('', #3530);
#3532 = CARTESIAN_POINT('', (43.2323,0,17.8755));
#3533 = DIRECTION('', (0.372851, 0, -0.927891));
#3534 = VECTOR('',#3533,1);
#3535 = LINE('',#3532, #3534);
#3536 = SURFACE_CURVE('', #3535);
#3537 = EDGE_CURVE('', #3527, #3529,#3536,.T.);
#3538 = CARTESIAN_POINT('', (43.3904,0,17.4821));
#3539 = DIRECTION('', (-0.0536121, 0, 0.998562));
#3540 = VECTOR('',#3539,1);
#3541 = LINE('',#3538, #3540);
#3542 = SURFACE_CURVE('', #3541);
#3543 = EDGE_CURVE('', #3529, #3531,#3542,.T.);
#3544 = ORIENTED_EDGE('',*,*,#3537,.T.);
#3545 = ORIENTED_EDGE('',*,*,#3543,.T.);
#3546 = ORIENTED_EDGE('',*,*,#3514,.F.);
#3547 = CARTESIAN_POINT('', (43.2323,0,17.8755));
#3548 = DIRECTION('', (0, -1, 0));
#3549 = DIRECTION('', (0.372851, 0, -0.927891));
#3550 = AXIS2_PLACEMENT_3D('',#3547,#3548,#3549);
#3551 = PLANE('',#3550);
#3552 = EDGE_LOOP('', (#3544,#3545,#3546));
#3553 = FACE_BOUND('', #3552,.T.);
#3554 = ADVANCED_FACE('', (#3553),#3551,.T.);
#3555 = CARTESIAN_POINT('', (41.8328,0,46.4928));
#3556 = VERTEX_POINT('', #3555);
#3557 = CARTESIAN_POINT('', (43.3904,0,17.4821));
#3558 = VERTEX_POINT('', #3557);
#3559 = CARTESIAN_POINT('', (43.4798,0,17.0675));
#3560 = VERTEX_POINT('', #3559);
#3561 = CARTESIAN_POINT('', (43.3904,0,17.4821));
#3562 = DIRECTION('', (0.210684, 0, -0.977554));
#3563 = VECTOR('',#3562,1);
#3564 = LINE('',#3561, #3563);
#3565 = SURFACE_CURVE('', #3564);
#3566 = EDGE_CURVE('', #3558, #3560,#3565,.T.);
#3567 = CARTESIAN_POINT('', (43.4798,0,17.0675));
#3568 = DIRECTION('', (-0.0558816, 0, 0.998437));
#3569 = VECTOR('',#3568,1);
#3570 = LINE('',#3567, #3569);
#3571 = SURFACE_CURVE('', #3570);
#3572 = EDGE_CURVE('', #3560, #3556,#3571,.T.);
#3573 = ORIENTED_EDGE('',*,*,#3543,.F.);
#3574 = ORIENTED_EDGE('',*,*,#3566,.T.);
#3575 = ORIENTED_EDGE('',*,*,#3572,.T.);
#3576 = CARTESIAN_POINT('', (41.8328,0,46.4928));
#3577 = DIRECTION('', (0, -1, 0));
#3578 = DIRECTION('', (0.0536121, 0, -0.998562));
#3579 = AXIS2_PLACEMENT_3D('',#3576,#3577,#3578);
#3580 = PLANE('',#3579);
#3581 = EDGE_LOOP('', (#3573,#3574,#3575));
#3582 = FACE_BOUND('', #3581,.T.);
#3583 = ADVANCED_FACE('', (#3582),#3580,.T.);
#3584 = CARTESIAN_POINT('', (41.8328,0,46.4928));
#3585 = VERTEX_POINT('', #3584);
#3586 = CARTESIAN_POINT('', (43.4798,0,17.0675));
#3587 = VERTEX_POINT('', #3586);
#3588 = CARTESIAN_POINT('', (50,0,0));
#3589 = VERTEX_POINT('', #3588);
#3590 = CARTESIAN_POINT('', (43.4798,0,17.0675));
#3591 = DIRECTION('', (0.356871, 0, -0.934154));
#3592 = VECTOR('',#3591,1);
#3593 = LINE('',#3590, #3592);
#3594 = SURFACE_CURVE('', #3593);
#3595 = EDGE_CURVE('', #3587, #3589,#3594,.T.);
#3596 = ORIENTED_EDGE('',*,*,#3572,.F.);
#3597 = ORIENTED_EDGE('',*,*,#3595,.T.);
#3598 = ORIENTED_EDGE('',*,*,#736,.F.);
#3599 = CARTESIAN_POINT('', (41.8328,0,46.4928));
#3600 = DIRECTION('', (0, -1, 0));
#3601 = DIRECTION('', (0.0558816, 0, -0.998437));
#3602 = AXIS2_PLACEMENT_3D('',#3599,#3600,#3601);
#3603 = PLANE('',#3602);
#3604 = EDGE_LOOP('', (#3596,#3597,#3598));
#3605 = FACE_BOUND('', #3604,.T.);
#3606 = ADVANCED_FACE('', (#3605),#3603,.T.);
#3607 = CARTESIAN_POINT('', (50,0,0));
#3608 = VERTEX_POINT('', #3607);
#3609 = CARTESIAN_POINT('', (43.4798,0,17.0675));
#3610 = VERTEX_POINT('', #3609);
#3611 = CARTESIAN_POINT('', (43.4977,0,16.6439));
#3612 = VERTEX_POINT('', #3611);
#3613 = CARTESIAN_POINT('', (43.4798,0,17.0675));
#3614 = DIRECTION('', (0.0424444, 0, -0.999099));
#3615 = VECTOR('',#3614,1);
#3616 = LINE('',#3613, #3615);
#3617 = SURFACE_CURVE('', #3616);
#3618 = EDGE_CURVE('', #3610, #3612,#3617,.T.);
#3619 = CARTESIAN_POINT('', (43.4977,0,16.6439));
#3620 = DIRECTION('', (0.363886, 0, -0.931443));
#3621 = VECTOR('',#3620,1);
#3622 = LINE('',#3619, #3621);
#3623 = SURFACE_CURVE('', #3622);
#3624 = EDGE_CURVE('', #3612, #3608,#3623,.T.);
#3625 = ORIENTED_EDGE('',*,*,#3595,.F.);
#3626 = ORIENTED_EDGE('',*,*,#3618,.T.);
#3627 = ORIENTED_EDGE('',*,*,#3624,.T.);
#3628 = CARTESIAN_POINT('', (50,0,0));
#3629 = DIRECTION('', (0, -1, 0));
#3630 = DIRECTION('', (-0.356871, 0, 0.934154));
#3631 = AXIS2_PLACEMENT_3D('',#3628,#3629,#3630);
#3632 = PLANE('',#3631);
#3633 = EDGE_LOOP('', (#3625,#3626,#3627));
#3634 = FACE_BOUND('', #3633,.T.);
#3635 = ADVANCED_FACE('', (#3634),#3632,.T.);
#3636 = CARTESIAN_POINT('', (50,0,0));
#3637 = VERTEX_POINT('', #3636);
#3638 = CARTESIAN_POINT('', (43.4977,0,16.6439));
#3639 = VERTEX_POINT('', #3638);
#3640 = CARTESIAN_POINT('', (43.4439,0,16.2233));
#3641 = VERTEX_POINT('', #3640);
#3642 = CARTESIAN_POINT('', (43.4977,0,16.6439));
#3643 = DIRECTION('', (-0.12702, 0, -0.9919));
#3644 = VECTOR('',#3643,1);
#3645 = LINE('',#3642, #3644);
#3646 = SURFACE_CURVE('', #3645);
#3647 = EDGE_CURVE('', #3639, #3641,#3646,.T.);
#3648 = ORIENTED_EDGE('',*,*,#3624,.F.);
#3649 = ORIENTED_EDGE('',*,*,#3647,.T.);
#3650 = ORIENTED_EDGE('',*,*,#2442,.F.);
#3651 = CARTESIAN_POINT('', (50,0,0));
#3652 = DIRECTION('', (0, -1, 0));
#3653 = DIRECTION('', (-0.363886, 0, 0.931443));
#3654 = AXIS2_PLACEMENT_3D('',#3651,#3652,#3653);
#3655 = PLANE('',#3654);
#3656 = EDGE_LOOP('', (#3648,#3649,#3650));
#3657 = FACE_BOUND('', #3656,.T.);
#3658 = ADVANCED_FACE('', (#3657),#3655,.T.);
#3659 = CARTESIAN_POINT('', (40.5775,0,46.386));
#3660 = VERTEX_POINT('', #3659);
#3661 = CARTESIAN_POINT('', (40.1671,0,46.4928));
#3662 = VERTEX_POINT('', #3661);
#3663 = CARTESIAN_POINT('', (38.5203,0,17.0675));
#3664 = VERTEX_POINT('', #3663);
#3665 = CARTESIAN_POINT('', (40.5775,0,46.386));
#3666 = DIRECTION('', (-0.967731, 0, 0.251986));
#3667 = VECTOR('',#3666,1);
#3668 = LINE('',#3665, #3667);
#3669 = SURFACE_CURVE('', #3668);
#3670 = EDGE_CURVE('', #3660, #3662,#3669,.T.);
#3671 = CARTESIAN_POINT('', (40.1671,0,46.4928));
#3672 = DIRECTION('', (-0.0558813, 0, -0.998437));
#3673 = VECTOR('',#3672,1);
#3674 = LINE('',#3671, #3673);
#3675 = SURFACE_CURVE('', #3674);
#3676 = EDGE_CURVE('', #3662, #3664,#3675,.T.);
#3677 = ORIENTED_EDGE('',*,*,#3670,.T.);
#3678 = ORIENTED_EDGE('',*,*,#3676,.T.);
#3679 = ORIENTED_EDGE('',*,*,#1374,.F.);
#3680 = CARTESIAN_POINT('', (40.5775,0,46.386));
#3681 = DIRECTION('', (-0, -1, 0));
#3682 = DIRECTION('', (-0.967731, 0, 0.251986));
#3683 = AXIS2_PLACEMENT_3D('',#3680,#3681,#3682);
#3684 = PLANE('',#3683);
#3685 = EDGE_LOOP('', (#3677,#3678,#3679));
#3686 = FACE_BOUND('', #3685,.T.);
#3687 = ADVANCED_FACE('', (#3686),#3684,.T.);
#3688 = CARTESIAN_POINT('', (38.5203,0,17.0675));
#3689 = VERTEX_POINT('', #3688);
#3690 = CARTESIAN_POINT('', (40.1671,0,46.4928));
#3691 = VERTEX_POINT('', #3690);
#3692 = CARTESIAN_POINT('', (39.7808,0,46.6675));
#3693 = VERTEX_POINT('', #3692);
#3694 = CARTESIAN_POINT('', (40.1671,0,46.4928));
#3695 = DIRECTION('', (-0.91123, 0, 0.411897));
#3696 = VECTOR('',#3695,1);
#3697 = LINE('',#3694, #3696);
#3698 = SURFACE_CURVE('', #3697);
#3699 = EDGE_CURVE('', #3691, #3693,#3698,.T.);
#3700 = CARTESIAN_POINT('', (39.7808,0,46.6675));
#3701 = DIRECTION('', (-0.0425463, 0, -0.999094));
#3702 = VECTOR('',#3701,1);
#3703 = LINE('',#3700, #3702);
#3704 = SURFACE_CURVE('', #3703);
#3705 = EDGE_CURVE('', #3693, #3689,#3704,.T.);
#3706 = ORIENTED_EDGE('',*,*,#3676,.F.);
#3707 = ORIENTED_EDGE('',*,*,#3699,.T.);
#3708 = ORIENTED_EDGE('',*,*,#3705,.T.);
#3709 = CARTESIAN_POINT('', (38.5203,0,17.0675));
#3710 = DIRECTION('', (0, -1, 0));
#3711 = DIRECTION('', (0.0558813, 0, 0.998437));
#3712 = AXIS2_PLACEMENT_3D('',#3709,#3710,#3711);
#3713 = PLANE('',#3712);
#3714 = EDGE_LOOP('', (#3706,#3707,#3708));
#3715 = FACE_BOUND('', #3714,.T.);
#3716 = ADVANCED_FACE('', (#3715),#3713,.T.);
#3717 = CARTESIAN_POINT('', (38.5203,0,17.0675));
#3718 = VERTEX_POINT('', #3717);
#3719 = CARTESIAN_POINT('', (39.7808,0,46.6675));
#3720 = VERTEX_POINT('', #3719);
#3721 = CARTESIAN_POINT('', (39.4294,0,46.9049));
#3722 = VERTEX_POINT('', #3721);
#3723 = CARTESIAN_POINT('', (39.7808,0,46.6675));
#3724 = DIRECTION('', (-0.828511, 0, 0.559973));
#3725 = VECTOR('',#3724,1);
#3726 = LINE('',#3723, #3725);
#3727 = SURFACE_CURVE('', #3726);
#3728 = EDGE_CURVE('', #3720, #3722,#3727,.T.);
#3729 = CARTESIAN_POINT('', (39.4294,0,46.9049));
#3730 = DIRECTION('', (-0.0304576, 0, -0.999536));
#3731 = VECTOR('',#3730,1);
#3732 = LINE('',#3729, #3731);
#3733 = SURFACE_CURVE('', #3732);
#3734 = EDGE_CURVE('', #3722, #3718,#3733,.T.);
#3735 = ORIENTED_EDGE('',*,*,#3705,.F.);
#3736 = ORIENTED_EDGE('',*,*,#3728,.T.);
#3737 = ORIENTED_EDGE('',*,*,#3734,.T.);
#3738 = CARTESIAN_POINT('', (38.5203,0,17.0675));
#3739 = DIRECTION('', (0, -1, 0));
#3740 = DIRECTION('', (0.0425463, 0, 0.999094));
#3741 = AXIS2_PLACEMENT_3D('',#3738,#3739,#3740);
#3742 = PLANE('',#3741);
#3743 = EDGE_LOOP('', (#3735,#3736,#3737));
#3744 = FACE_BOUND('', #3743,.T.);
#3745 = ADVANCED_FACE('', (#3744),#3742,.T.);
#3746 = CARTESIAN_POINT('', (10.7298,0,50.6549));
#3747 = VERTEX_POINT('', #3746);
#3748 = CARTESIAN_POINT('', (11.01,0,50.3366));
#3749 = VERTEX_POINT('', #3748);
#3750 = CARTESIAN_POINT('', (38.6096,0,49.5821));
#3751 = VERTEX_POINT('', #3750);
#3752 = CARTESIAN_POINT('', (10.7298,0,50.6549));
#3753 = DIRECTION('', (0.660675, 0, -0.750672));
#3754 = VECTOR('',#3753,1);
#3755 = LINE('',#3752, #3754);
#3756 = SURFACE_CURVE('', #3755);
#3757 = EDGE_CURVE('', #3747, #3749,#3756,.T.);
#3758 = CARTESIAN_POINT('', (11.01,0,50.3366));
#3759 = DIRECTION('', (0.999627, 0, -0.0273282));
#3760 = VECTOR('',#3759,1);
#3761 = LINE('',#3758, #3760);
#3762 = SURFACE_CURVE('', #3761);
#3763 = EDGE_CURVE('', #3749, #3751,#3762,.T.);
#3764 = CARTESIAN_POINT('', (38.6096,0,49.5821));
#3765 = DIRECTION('', (-0.99926, 0, 0.0384523));
#3766 = VECTOR('',#3765,1);
#3767 = LINE('',#3764, #3766);
#3768 = SURFACE_CURVE('', #3767);
#3769 = EDGE_CURVE('', #3751, #3747,#3768,.T.);
#3770 = ORIENTED_EDGE('',*,*,#3757,.T.);
#3771 = ORIENTED_EDGE('',*,*,#3763,.T.);
#3772 = ORIENTED_EDGE('',*,*,#3769,.T.);
#3773 = CARTESIAN_POINT('', (10.7298,0,50.6549));
#3774 = DIRECTION('', (0, -1, 0));
#3775 = DIRECTION('', (0.660675, 0, -0.750672));
#3776 = AXIS2_PLACEMENT_3D('',#3773,#3774,#3775);
#3777 = PLANE('',#3776);
#3778 = EDGE_LOOP('', (#3770,#3771,#3772));
#3779 = FACE_BOUND('', #3778,.T.);
#3780 = ADVANCED_FACE('', (#3779),#3777,.T.);
#3781 = CARTESIAN_POINT('', (38.7677,0,49.9755));
#3782 = VERTEX_POINT('', #3781);
#3783 = CARTESIAN_POINT('', (38.99,0,50.3366));
#3784 = VERTEX_POINT('', #3783);
#3785 = CARTESIAN_POINT('', (10.0298,0,51.1281));
#3786 = VERTEX_POINT('', #3785);
#3787 = CARTESIAN_POINT('', (38.7677,0,49.9755));
#3788 = DIRECTION('', (0.524302, 0, 0.851532));
#3789 = VECTOR('',#3788,1);
#3790 = LINE('',#3787, #3789);
#3791 = SURFACE_CURVE('', #3790);
#3792 = EDGE_CURVE('', #3782, #3784,#3791,.T.);
#3793 = CARTESIAN_POINT('', (38.99,0,50.3366));
#3794 = DIRECTION('', (-0.999627, 0, 0.02732));
#3795 = VECTOR('',#3794,1);
#3796 = LINE('',#3793, #3795);
#3797 = SURFACE_CURVE('', #3796);
#3798 = EDGE_CURVE('', #3784, #3786,#3797,.T.);
#3799 = CARTESIAN_POINT('', (10.0298,0,51.1281));
#3800 = DIRECTION('', (0.999197, 0, -0.0400738));
#3801 = VECTOR('',#3800,1);
#3802 = LINE('',#3799, #3801);
#3803 = SURFACE_CURVE('', #3802);
#3804 = EDGE_CURVE('', #3786, #3782,#3803,.T.);
#3805 = ORIENTED_EDGE('',*,*,#3792,.T.);
#3806 = ORIENTED_EDGE('',*,*,#3798,.T.);
#3807 = ORIENTED_EDGE('',*,*,#3804,.T.);
#3808 = CARTESIAN_POINT('', (38.7677,0,49.9755));
#3809 = DIRECTION('', (0, -1, 0));
#3810 = DIRECTION('', (0.524302, 0, 0.851532));
#3811 = AXIS2_PLACEMENT_3D('',#3808,#3809,#3810);
#3812 = PLANE('',#3811);
#3813 = EDGE_LOOP('', (#3805,#3806,#3807));
#3814 = FACE_BOUND('', #3813,.T.);
#3815 = ADVANCED_FACE('', (#3814),#3812,.T.);
#3816 = CARTESIAN_POINT('', (10.0298,0,51.1281));
#3817 = VERTEX_POINT('', #3816);
#3818 = CARTESIAN_POINT('', (38.99,0,50.3366));
#3819 = VERTEX_POINT('', #3818);
#3820 = CARTESIAN_POINT('', (39.2702,0,50.6549));
#3821 = VERTEX_POINT('', #3820);
#3822 = CARTESIAN_POINT('', (38.99,0,50.3366));
#3823 = DIRECTION('', (0.660679, 0, 0.750669));
#3824 = VECTOR('',#3823,1);
#3825 = LINE('',#3822, #3824);
#3826 = SURFACE_CURVE('', #3825);
#3827 = EDGE_CURVE('', #3819, #3821,#3826,.T.);
#3828 = CARTESIAN_POINT('', (39.2702,0,50.6549));
#3829 = DIRECTION('', (-0.999869, 0, 0.0161804));
#3830 = VECTOR('',#3829,1);
#3831 = LINE('',#3828, #3830);
#3832 = SURFACE_CURVE('', #3831);
#3833 = EDGE_CURVE('', #3821, #3817,#3832,.T.);
#3834 = ORIENTED_EDGE('',*,*,#3798,.F.);
#3835 = ORIENTED_EDGE('',*,*,#3827,.T.);
#3836 = ORIENTED_EDGE('',*,*,#3833,.T.);
#3837 = CARTESIAN_POINT('', (10.0298,0,51.1281));
#3838 = DIRECTION('', (0, -1, 0));
#3839 = DIRECTION('', (0.999627, 0, -0.02732));
#3840 = AXIS2_PLACEMENT_3D('',#3837,#3838,#3839);
#3841 = PLANE('',#3840);
#3842 = EDGE_LOOP('', (#3834,#3835,#3836));
#3843 = FACE_BOUND('', #3842,.T.);
#3844 = ADVANCED_FACE('', (#3843),#3841,.T.);
#3845 = CARTESIAN_POINT('', (10.0298,0,51.1281));
#3846 = VERTEX_POINT('', #3845);
#3847 = CARTESIAN_POINT('', (39.2702,0,50.6549));
#3848 = VERTEX_POINT('', #3847);
#3849 = CARTESIAN_POINT('', (50,0,115));
#3850 = VERTEX_POINT('', #3849);
#3851 = CARTESIAN_POINT('', (39.2702,0,50.6549));
#3852 = DIRECTION('', (0.164483, 0, 0.98638));
#3853 = VECTOR('',#3852,1);
#3854 = LINE('',#3851, #3853);
#3855 = SURFACE_CURVE('', #3854);
#3856 = EDGE_CURVE('', #3848, #3850,#3855,.T.);
#3857 = ORIENTED_EDGE('',*,*,#3833,.F.);
#3858 = ORIENTED_EDGE('',*,*,#3856,.T.);
#3859 = ORIENTED_EDGE('',*,*,#2175,.F.);
#3860 = CARTESIAN_POINT('', (10.0298,0,51.1281));
#3861 = DIRECTION('', (0, -1, 0));
#3862 = DIRECTION('', (0.999869, 0, -0.0161804));
#3863 = AXIS2_PLACEMENT_3D('',#3860,#3861,#3862);
#3864 = PLANE('',#3863);
#3865 = EDGE_LOOP('', (#3857,#3858,#3859));
#3866 = FACE_BOUND('', #3865,.T.);
#3867 = ADVANCED_FACE('', (#3866),#3864,.T.);
#3868 = CARTESIAN_POINT('', (50,0,115));
#3869 = VERTEX_POINT('', #3868);
#3870 = CARTESIAN_POINT('', (39.2702,0,50.6549));
#3871 = VERTEX_POINT('', #3870);
#3872 = CARTESIAN_POINT('', (39.6001,0,50.9213));
#3873 = VERTEX_POINT('', #3872);
#3874 = CARTESIAN_POINT('', (39.2702,0,50.6549));
#3875 = DIRECTION('', (0.778036, 0, 0.62822));
#3876 = VECTOR('',#3875,1);
#3877 = LINE('',#3874, #3876);
#3878 = SURFACE_CURVE('', #3877);
#3879 = EDGE_CURVE('', #3871, #3873,#3878,.T.);
#3880 = CARTESIAN_POINT('', (39.6001,0,50.9213));
#3881 = DIRECTION('', (0.160203, 0, 0.987084));
#3882 = VECTOR('',#3881,1);
#3883 = LINE('',#3880, #3882);
#3884 = SURFACE_CURVE('', #3883);
#3885 = EDGE_CURVE('', #3873, #3869,#3884,.T.);
#3886 = ORIENTED_EDGE('',*,*,#3856,.F.);
#3887 = ORIENTED_EDGE('',*,*,#3879,.T.);
#3888 = ORIENTED_EDGE('',*,*,#3885,.T.);
#3889 = CARTESIAN_POINT('', (50,0,115));
#3890 = DIRECTION('', (0, -1, 0));
#3891 = DIRECTION('', (-0.164483, 0, -0.98638));
#3892 = AXIS2_PLACEMENT_3D('',#3889,#3890,#3891);
#3893 = PLANE('',#3892);
#3894 = EDGE_LOOP('', (#3886,#3887,#3888));
#3895 = FACE_BOUND('', #3894,.T.);
#3896 = ADVANCED_FACE('', (#3895),#3893,.T.);
#3897 = CARTESIAN_POINT('', (50,0,115));
#3898 = VERTEX_POINT('', #3897);
#3899 = CARTESIAN_POINT('', (39.6001,0,50.9213));
#3900 = VERTEX_POINT('', #3899);
#3901 = CARTESIAN_POINT('', (39.9702,0,51.1281));
#3902 = VERTEX_POINT('', #3901);
#3903 = CARTESIAN_POINT('', (39.6001,0,50.9213));
#3904 = DIRECTION('', (0.873012, 0, 0.487699));
#3905 = VECTOR('',#3904,1);
#3906 = LINE('',#3903, #3905);
#3907 = SURFACE_CURVE('', #3906);
#3908 = EDGE_CURVE('', #3900, #3902,#3907,.T.);
#3909 = ORIENTED_EDGE('',*,*,#3885,.F.);
#3910 = ORIENTED_EDGE('',*,*,#3908,.T.);
#3911 = ORIENTED_EDGE('',*,*,#2245,.F.);
#3912 = CARTESIAN_POINT('', (50,0,115));
#3913 = DIRECTION('', (0, -1, 0));
#3914 = DIRECTION('', (-0.160203, 0, -0.987084));
#3915 = AXIS2_PLACEMENT_3D('',#3912,#3913,#3914);
#3916 = PLANE('',#3915);
#3917 = EDGE_LOOP('', (#3909,#3910,#3911));
#3918 = FACE_BOUND('', #3917,.T.);
#3919 = ADVANCED_FACE('', (#3918),#3916,.T.);
#3920 = CARTESIAN_POINT('', (38.7677,0,49.9755));
#3921 = VERTEX_POINT('', #3920);
#3922 = CARTESIAN_POINT('', (10.0298,0,51.1281));
#3923 = VERTEX_POINT('', #3922);
#3924 = CARTESIAN_POINT('', (38.6096,0,49.5821));
#3925 = VERTEX_POINT('', #3924);
#3926 = CARTESIAN_POINT('', (10.0298,0,51.1281));
#3927 = DIRECTION('', (0.99854, 0, -0.0540157));
#3928 = VECTOR('',#3927,1);
#3929 = LINE('',#3926, #3928);
#3930 = SURFACE_CURVE('', #3929);
#3931 = EDGE_CURVE('', #3923, #3925,#3930,.T.);
#3932 = CARTESIAN_POINT('', (38.6096,0,49.5821));
#3933 = DIRECTION('', (0.372853, 0, 0.92789));
#3934 = VECTOR('',#3933,1);
#3935 = LINE('',#3932, #3934);
#3936 = SURFACE_CURVE('', #3935);
#3937 = EDGE_CURVE('', #3925, #3921,#3936,.T.);
#3938 = ORIENTED_EDGE('',*,*,#3804,.F.);
#3939 = ORIENTED_EDGE('',*,*,#3931,.T.);
#3940 = ORIENTED_EDGE('',*,*,#3937,.T.);
#3941 = CARTESIAN_POINT('', (38.7677,0,49.9755));
#3942 = DIRECTION('', (-0, -1, 0));
#3943 = DIRECTION('', (-0.999197, 0, 0.0400738));
#3944 = AXIS2_PLACEMENT_3D('',#3941,#3942,#3943);
#3945 = PLANE('',#3944);
#3946 = EDGE_LOOP('', (#3938,#3939,#3940));
#3947 = FACE_BOUND('', #3946,.T.);
#3948 = ADVANCED_FACE('', (#3947),#3945,.T.);
#3949 = CARTESIAN_POINT('', (38.6096,0,49.5821));
#3950 = VERTEX_POINT('', #3949);
#3951 = CARTESIAN_POINT('', (10.0298,0,51.1281));
#3952 = VERTEX_POINT('', #3951);
#3953 = CARTESIAN_POINT('', (10.3999,0,50.9213));
#3954 = VERTEX_POINT('', #3953);
#3955 = CARTESIAN_POINT('', (10.0298,0,51.1281));
#3956 = DIRECTION('', (0.873013, 0, -0.487697));
#3957 = VECTOR('',#3956,1);
#3958 = LINE('',#3955, #3957);
#3959 = SURFACE_CURVE('', #3958);
#3960 = EDGE_CURVE('', #3952, #3954,#3959,.T.);
#3961 = CARTESIAN_POINT('', (10.3999,0,50.9213));
#3962 = DIRECTION('', (0.998875, 0, -0.0474204));
#3963 = VECTOR('',#3962,1);
#3964 = LINE('',#3961, #3963);
#3965 = SURFACE_CURVE('', #3964);
#3966 = EDGE_CURVE('', #3954, #3950,#3965,.T.);
#3967 = ORIENTED_EDGE('',*,*,#3931,.F.);
#3968 = ORIENTED_EDGE('',*,*,#3960,.T.);
#3969 = ORIENTED_EDGE('',*,*,#3966,.T.);
#3970 = CARTESIAN_POINT('', (38.6096,0,49.5821));
#3971 = DIRECTION('', (0, -1, 0));
#3972 = DIRECTION('', (-0.99854, 0, 0.0540157));
#3973 = AXIS2_PLACEMENT_3D('',#3970,#3971,#3972);
#3974 = PLANE('',#3973);
#3975 = EDGE_LOOP('', (#3967,#3968,#3969));
#3976 = FACE_BOUND('', #3975,.T.);
#3977 = ADVANCED_FACE('', (#3976),#3974,.T.);
#3978 = CARTESIAN_POINT('', (38.6096,0,49.5821));
#3979 = VERTEX_POINT('', #3978);
#3980 = CARTESIAN_POINT('', (10.3999,0,50.9213));
#3981 = VERTEX_POINT('', #3980);
#3982 = CARTESIAN_POINT('', (10.7298,0,50.6549));
#3983 = VERTEX_POINT('', #3982);
#3984 = CARTESIAN_POINT('', (10.3999,0,50.9213));
#3985 = DIRECTION('', (0.778036, 0, -0.628219));
#3986 = VECTOR('',#3985,1);
#3987 = LINE('',#3984, #3986);
#3988 = SURFACE_CURVE('', #3987);
#3989 = EDGE_CURVE('', #3981, #3983,#3988,.T.);
#3990 = ORIENTED_EDGE('',*,*,#3966,.F.);
#3991 = ORIENTED_EDGE('',*,*,#3989,.T.);
#3992 = ORIENTED_EDGE('',*,*,#3769,.F.);
#3993 = CARTESIAN_POINT('', (38.6096,0,49.5821));
#3994 = DIRECTION('', (0, -1, 0));
#3995 = DIRECTION('', (-0.998875, 0, 0.0474204));
#3996 = AXIS2_PLACEMENT_3D('',#3993,#3994,#3995);
#3997 = PLANE('',#3996);
#3998 = EDGE_LOOP('', (#3990,#3991,#3992));
#3999 = FACE_BOUND('', #3998,.T.);
#4000 = ADVANCED_FACE('', (#3999),#3997,.T.);
#4001 = CARTESIAN_POINT('', (10.5705,0,46.9049));
#4002 = VERTEX_POINT('', #4001);
#4003 = CARTESIAN_POINT('', (38.8712,0,15.4392));
#4004 = VERTEX_POINT('', #4003);
#4005 = CARTESIAN_POINT('', (38.6803,0,15.8179));
#4006 = VERTEX_POINT('', #4005);
#4007 = CARTESIAN_POINT('', (10.5705,0,46.9049));
#4008 = DIRECTION('', (0.668723, 0, -0.743511));
#4009 = VECTOR('',#4008,1);
#4010 = LINE('',#4007, #4009);
#4011 = SURFACE_CURVE('', #4010);
#4012 = EDGE_CURVE('', #4002, #4004,#4011,.T.);
#4013 = CARTESIAN_POINT('', (38.8712,0,15.4392));
#4014 = DIRECTION('', (-0.450201, 0, 0.892927));
#4015 = VECTOR('',#4014,1);
#4016 = LINE('',#4013, #4015);
#4017 = SURFACE_CURVE('', #4016);
#4018 = EDGE_CURVE('', #4004, #4006,#4017,.T.);
#4019 = CARTESIAN_POINT('', (38.6803,0,15.8179));
#4020 = DIRECTION('', (-0.670695, 0, 0.741733));
#4021 = VECTOR('',#4020,1);
#4022 = LINE('',#4019, #4021);
#4023 = SURFACE_CURVE('', #4022);
#4024 = EDGE_CURVE('', #4006, #4002,#4023,.T.);
#4025 = ORIENTED_EDGE('',*,*,#4012,.T.);
#4026 = ORIENTED_EDGE('',*,*,#4018,.T.);
#4027 = ORIENTED_EDGE('',*,*,#4024,.T.);
#4028 = CARTESIAN_POINT('', (10.5705,0,46.9049));
#4029 = DIRECTION('', (0, -1, 0));
#4030 = DIRECTION('', (0.668723, 0, -0.743511));
#4031 = AXIS2_PLACEMENT_3D('',#4028,#4029,#4030);
#4032 = PLANE('',#4031);
#4033 = EDGE_LOOP('', (#4025,#4026,#4027));
#4034 = FACE_BOUND('', #4033,.T.);
#4035 = ADVANCED_FACE('', (#4034),#4032,.T.);
#4036 = CARTESIAN_POINT('', (38.6803,0,15.8179));
#4037 = VERTEX_POINT('', #4036);
#4038 = CARTESIAN_POINT('', (38.5561,0,16.2233));
#4039 = VERTEX_POINT('', #4038);
#4040 = CARTESIAN_POINT('', (10.5705,0,46.9049));
#4041 = VERTEX_POINT('', #4040);
#4042 = CARTESIAN_POINT('', (38.6803,0,15.8179));
#4043 = DIRECTION('', (-0.292829, 0, 0.956165));
#4044 = VECTOR('',#4043,1);
#4045 = LINE('',#4042, #4044);
#4046 = SURFACE_CURVE('', #4045);
#4047 = EDGE_CURVE('', #4037, #4039,#4046,.T.);
#4048 = CARTESIAN_POINT('', (38.5561,0,16.2233));
#4049 = DIRECTION('', (-0.673901, 0, 0.738822));
#4050 = VECTOR('',#4049,1);
#4051 = LINE('',#4048, #4050);
#4052 = SURFACE_CURVE('', #4051);
#4053 = EDGE_CURVE('', #4039, #4041,#4052,.T.);
#4054 = ORIENTED_EDGE('',*,*,#4047,.T.);
#4055 = ORIENTED_EDGE('',*,*,#4053,.T.);
#4056 = ORIENTED_EDGE('',*,*,#4024,.F.);
#4057 = CARTESIAN_POINT('', (38.6803,0,15.8179));
#4058 = DIRECTION('', (0, -1, 0));
#4059 = DIRECTION('', (-0.292829, 0, 0.956165));
#4060 = AXIS2_PLACEMENT_3D('',#4057,#4058,#4059);
#4061 = PLANE('',#4060);
#4062 = EDGE_LOOP('', (#4054,#4055,#4056));
#4063 = FACE_BOUND('', #4062,.T.);
#4064 = ADVANCED_FACE('', (#4063),#4061,.T.);
#4065 = CARTESIAN_POINT('', (10.5705,0,46.9049));
#4066 = VERTEX_POINT('', #4065);
#4067 = CARTESIAN_POINT('', (38.5561,0,16.2233));
#4068 = VERTEX_POINT('', #4067);
#4069 = CARTESIAN_POINT('', (38.5023,0,16.6439));
#4070 = VERTEX_POINT('', #4069);
#4071 = CARTESIAN_POINT('', (38.5561,0,16.2233));
#4072 = DIRECTION('', (-0.127011, 0, 0.991901));
#4073 = VECTOR('',#4072,1);
#4074 = LINE('',#4071, #4073);
#4075 = SURFACE_CURVE('', #4074);
#4076 = EDGE_CURVE('', #4068, #4070,#4075,.T.);
#4077 = CARTESIAN_POINT('', (38.5023,0,16.6439));
#4078 = DIRECTION('', (-0.67826, 0, 0.734822));
#4079 = VECTOR('',#4078,1);
#4080 = LINE('',#4077, #4079);
#4081 = SURFACE_CURVE('', #4080);
#4082 = EDGE_CURVE('', #4070, #4066,#4081,.T.);
#4083 = ORIENTED_EDGE('',*,*,#4053,.F.);
#4084 = ORIENTED_EDGE('',*,*,#4076,.T.);
#4085 = ORIENTED_EDGE('',*,*,#4082,.T.);
#4086 = CARTESIAN_POINT('', (10.5705,0,46.9049));
#4087 = DIRECTION('', (0, -1, 0));
#4088 = DIRECTION('', (0.673901, 0, -0.738822));
#4089 = AXIS2_PLACEMENT_3D('',#4086,#4087,#4088);
#4090 = PLANE('',#4089);
#4091 = EDGE_LOOP('', (#4083,#4084,#4085));
#4092 = FACE_BOUND('', #4091,.T.);
#4093 = ADVANCED_FACE('', (#4092),#4090,.T.);
#4094 = CARTESIAN_POINT('', (10.5705,0,46.9049));
#4095 = VERTEX_POINT('', #4094);
#4096 = CARTESIAN_POINT('', (38.5023,0,16.6439));
#4097 = VERTEX_POINT('', #4096);
#4098 = CARTESIAN_POINT('', (10.8767,0,47.1983));
#4099 = VERTEX_POINT('', #4098);
#4100 = CARTESIAN_POINT('', (38.5023,0,16.6439));
#4101 = DIRECTION('', (-0.670661, 0, 0.741764));
#4102 = VECTOR('',#4101,1);
#4103 = LINE('',#4100, #4102);
#4104 = SURFACE_CURVE('', #4103);
#4105 = EDGE_CURVE('', #4097, #4099,#4104,.T.);
#4106 = CARTESIAN_POINT('', (10.8767,0,47.1983));
#4107 = DIRECTION('', (-0.721954, 0, -0.691941));
#4108 = VECTOR('',#4107,1);
#4109 = LINE('',#4106, #4108);
#4110 = SURFACE_CURVE('', #4109);
#4111 = EDGE_CURVE('', #4099, #4095,#4110,.T.);
#4112 = ORIENTED_EDGE('',*,*,#4082,.F.);
#4113 = ORIENTED_EDGE('',*,*,#4105,.T.);
#4114 = ORIENTED_EDGE('',*,*,#4111,.T.);
#4115 = CARTESIAN_POINT('', (10.5705,0,46.9049));
#4116 = DIRECTION('', (0, -1, 0));
#4117 = DIRECTION('', (0.67826, 0, -0.734822));
#4118 = AXIS2_PLACEMENT_3D('',#4115,#4116,#4117);
#4119 = PLANE('',#4118);
#4120 = EDGE_LOOP('', (#4112,#4113,#4114));
#4121 = FACE_BOUND('', #4120,.T.);
#4122 = ADVANCED_FACE('', (#4121),#4119,.T.);
#4123 = CARTESIAN_POINT('', (10.8767,0,47.1983));
#4124 = VERTEX_POINT('', #4123);
#4125 = CARTESIAN_POINT('', (38.5023,0,16.6439));
#4126 = VERTEX_POINT('', #4125);
#4127 = CARTESIAN_POINT('', (38.5203,0,17.0675));
#4128 = VERTEX_POINT('', #4127);
#4129 = CARTESIAN_POINT('', (38.5023,0,16.6439));
#4130 = DIRECTION('', (0.0424444, 0, 0.999099));
#4131 = VECTOR('',#4130,1);
#4132 = LINE('',#4129, #4131);
#4133 = SURFACE_CURVE('', #4132);
#4134 = EDGE_CURVE('', #4126, #4128,#4133,.T.);
#4135 = CARTESIAN_POINT('', (38.5203,0,17.0675));
#4136 = DIRECTION('', (-0.67604, 0, 0.736865));
#4137 = VECTOR('',#4136,1);
#4138 = LINE('',#4135, #4137);
#4139 = SURFACE_CURVE('', #4138);
#4140 = EDGE_CURVE('', #4128, #4124,#4139,.T.);
#4141 = ORIENTED_EDGE('',*,*,#4105,.F.);
#4142 = ORIENTED_EDGE('',*,*,#4134,.T.);
#4143 = ORIENTED_EDGE('',*,*,#4140,.T.);
#4144 = CARTESIAN_POINT('', (10.8767,0,47.1983));
#4145 = DIRECTION('', (0, -1, 0));
#4146 = DIRECTION('', (0.670661, 0, -0.741764));
#4147 = AXIS2_PLACEMENT_3D('',#4144,#4145,#4146);
#4148 = PLANE('',#4147);
#4149 = EDGE_LOOP('', (#4141,#4142,#4143));
#4150 = FACE_BOUND('', #4149,.T.);
#4151 = ADVANCED_FACE('', (#4150),#4148,.T.);
#4152 = CARTESIAN_POINT('', (10.8767,0,47.1983));
#4153 = VERTEX_POINT('', #4152);
#4154 = CARTESIAN_POINT('', (38.5203,0,17.0675));
#4155 = VERTEX_POINT('', #4154);
#4156 = CARTESIAN_POINT('', (11.1288,0,47.5392));
#4157 = VERTEX_POINT('', #4156);
#4158 = CARTESIAN_POINT('', (38.5203,0,17.0675));
#4159 = DIRECTION('', (-0.668518, 0, 0.743696));
#4160 = VECTOR('',#4159,1);
#4161 = LINE('',#4158, #4160);
#4162 = SURFACE_CURVE('', #4161);
#4163 = EDGE_CURVE('', #4155, #4157,#4162,.T.);
#4164 = CARTESIAN_POINT('', (11.1288,0,47.5392));
#4165 = DIRECTION('', (-0.594633, 0, -0.803997));
#4166 = VECTOR('',#4165,1);
#4167 = LINE('',#4164, #4166);
#4168 = SURFACE_CURVE('', #4167);
#4169 = EDGE_CURVE('', #4157, #4153,#4168,.T.);
#4170 = ORIENTED_EDGE('',*,*,#4140,.F.);
#4171 = ORIENTED_EDGE('',*,*,#4163,.T.);
#4172 = ORIENTED_EDGE('',*,*,#4169,.T.);
#4173 = CARTESIAN_POINT('', (10.8767,0,47.1983));
#4174 = DIRECTION('', (0, -1, 0));
#4175 = DIRECTION('', (0.67604, 0, -0.736865));
#4176 = AXIS2_PLACEMENT_3D('',#4173,#4174,#4175);
#4177 = PLANE('',#4176);
#4178 = EDGE_LOOP('', (#4170,#4171,#4172));
#4179 = FACE_BOUND('', #4178,.T.);
#4180 = ADVANCED_FACE('', (#4179),#4177,.T.);
#4181 = CARTESIAN_POINT('', (11.1288,0,47.5392));
#4182 = VERTEX_POINT('', #4181);
#4183 = CARTESIAN_POINT('', (38.5203,0,17.0675));
#4184 = VERTEX_POINT('', #4183);
#4185 = CARTESIAN_POINT('', (39.4294,0,46.9049));
#4186 = VERTEX_POINT('', #4185);
#4187 = CARTESIAN_POINT('', (39.4294,0,46.9049));
#4188 = DIRECTION('', (-0.999749, 0, 0.0224081));
#4189 = VECTOR('',#4188,1);
#4190 = LINE('',#4187, #4189);
#4191 = SURFACE_CURVE('', #4190);
#4192 = EDGE_CURVE('', #4186, #4182,#4191,.T.);
#4193 = ORIENTED_EDGE('',*,*,#4163,.F.);
#4194 = ORIENTED_EDGE('',*,*,#3734,.F.);
#4195 = ORIENTED_EDGE('',*,*,#4192,.T.);
#4196 = CARTESIAN_POINT('', (11.1288,0,47.5392));
#4197 = DIRECTION('', (0, -1, 0));
#4198 = DIRECTION('', (0.668518, 0, -0.743696));
#4199 = AXIS2_PLACEMENT_3D('',#4196,#4197,#4198);
#4200 = PLANE('',#4199);
#4201 = EDGE_LOOP('', (#4193,#4194,#4195));
#4202 = FACE_BOUND('', #4201,.T.);
#4203 = ADVANCED_FACE('', (#4202),#4200,.T.);
#4204 = CARTESIAN_POINT('', (11.1288,0,47.5392));
#4205 = VERTEX_POINT('', #4204);
#4206 = CARTESIAN_POINT('', (39.4294,0,46.9049));
#4207 = VERTEX_POINT('', #4206);
#4208 = CARTESIAN_POINT('', (39.1233,0,47.1983));
#4209 = VERTEX_POINT('', #4208);
#4210 = CARTESIAN_POINT('', (39.4294,0,46.9049));
#4211 = DIRECTION('', (-0.721953, 0, 0.691942));
#4212 = VECTOR('',#4211,1);
#4213 = LINE('',#4210, #4212);
#4214 = SURFACE_CURVE('', #4213);
#4215 = EDGE_CURVE('', #4207, #4209,#4214,.T.);
#4216 = CARTESIAN_POINT('', (39.1233,0,47.1983));
#4217 = DIRECTION('', (-0.999926, 0, 0.0121772));
#4218 = VECTOR('',#4217,1);
#4219 = LINE('',#4216, #4218);
#4220 = SURFACE_CURVE('', #4219);
#4221 = EDGE_CURVE('', #4209, #4205,#4220,.T.);
#4222 = ORIENTED_EDGE('',*,*,#4192,.F.);
#4223 = ORIENTED_EDGE('',*,*,#4215,.T.);
#4224 = ORIENTED_EDGE('',*,*,#4221,.T.);
#4225 = CARTESIAN_POINT('', (11.1288,0,47.5392));
#4226 = DIRECTION('', (0, -1, 0));
#4227 = DIRECTION('', (0.999749, 0, -0.0224081));
#4228 = AXIS2_PLACEMENT_3D('',#4225,#4226,#4227);
#4229 = PLANE('',#4228);
#4230 = EDGE_LOOP('', (#4222,#4223,#4224));
#4231 = FACE_BOUND('', #4230,.T.);
#4232 = ADVANCED_FACE('', (#4231),#4229,.T.);
#4233 = CARTESIAN_POINT('', (38.8712,0,15.4392));
#4234 = VERTEX_POINT('', #4233);
#4235 = CARTESIAN_POINT('', (10.5705,0,46.9049));
#4236 = VERTEX_POINT('', #4235);
#4237 = CARTESIAN_POINT('', (39.1233,0,15.0983));
#4238 = VERTEX_POINT('', #4237);
#4239 = CARTESIAN_POINT('', (10.5705,0,46.9049));
#4240 = DIRECTION('', (0.668018, 0, -0.744145));
#4241 = VECTOR('',#4240,1);
#4242 = LINE('',#4239, #4241);
#4243 = SURFACE_CURVE('', #4242);
#4244 = EDGE_CURVE('', #4236, #4238,#4243,.T.);
#4245 = CARTESIAN_POINT('', (39.1233,0,15.0983));
#4246 = DIRECTION('', (-0.594629, 0, 0.804));
#4247 = VECTOR('',#4246,1);
#4248 = LINE('',#4245, #4247);
#4249 = SURFACE_CURVE('', #4248);
#4250 = EDGE_CURVE('', #4238, #4234,#4249,.T.);
#4251 = ORIENTED_EDGE('',*,*,#4012,.F.);
#4252 = ORIENTED_EDGE('',*,*,#4244,.T.);
#4253 = ORIENTED_EDGE('',*,*,#4250,.T.);
#4254 = CARTESIAN_POINT('', (38.8712,0,15.4392));
#4255 = DIRECTION('', (-0, -1, -0));
#4256 = DIRECTION('', (-0.668723, 0, 0.743511));
#4257 = AXIS2_PLACEMENT_3D('',#4254,#4255,#4256);
#4258 = PLANE('',#4257);
#4259 = EDGE_LOOP('', (#4251,#4252,#4253));
#4260 = FACE_BOUND('', #4259,.T.);
#4261 = ADVANCED_FACE('', (#4260),#4258,.T.);
#4262 = CARTESIAN_POINT('', (39.1233,0,15.0983));
#4263 = VERTEX_POINT('', #4262);
#4264 = CARTESIAN_POINT('', (10.5705,0,46.9049));
#4265 = VERTEX_POINT('', #4264);
#4266 = CARTESIAN_POINT('', (10.2192,0,46.6675));
#4267 = VERTEX_POINT('', #4266);
#4268 = CARTESIAN_POINT('', (10.5705,0,46.9049));
#4269 = DIRECTION('', (-0.82851, 0, -0.559975));
#4270 = VECTOR('',#4269,1);
#4271 = LINE('',#4268, #4270);
#4272 = SURFACE_CURVE('', #4271);
#4273 = EDGE_CURVE('', #4265, #4267,#4272,.T.);
#4274 = CARTESIAN_POINT('', (10.2192,0,46.6675));
#4275 = DIRECTION('', (0.675289, 0, -0.737553));
#4276 = VECTOR('',#4275,1);
#4277 = LINE('',#4274, #4276);
#4278 = SURFACE_CURVE('', #4277);
#4279 = EDGE_CURVE('', #4267, #4263,#4278,.T.);
#4280 = ORIENTED_EDGE('',*,*,#4244,.F.);
#4281 = ORIENTED_EDGE('',*,*,#4273,.T.);
#4282 = ORIENTED_EDGE('',*,*,#4279,.T.);
#4283 = CARTESIAN_POINT('', (39.1233,0,15.0983));
#4284 = DIRECTION('', (0, -1, 0));
#4285 = DIRECTION('', (-0.668018, 0, 0.744145));
#4286 = AXIS2_PLACEMENT_3D('',#4283,#4284,#4285);
#4287 = PLANE('',#4286);
#4288 = EDGE_LOOP('', (#4280,#4281,#4282));
#4289 = FACE_BOUND('', #4288,.T.);
#4290 = ADVANCED_FACE('', (#4289),#4287,.T.);
#4291 = CARTESIAN_POINT('', (39.1233,0,15.0983));
#4292 = VERTEX_POINT('', #4291);
#4293 = CARTESIAN_POINT('', (10.2192,0,46.6675));
#4294 = VERTEX_POINT('', #4293);
#4295 = CARTESIAN_POINT('', (9.83285,0,46.4928));
#4296 = VERTEX_POINT('', #4295);
#4297 = CARTESIAN_POINT('', (10.2192,0,46.6675));
#4298 = DIRECTION('', (-0.911231, 0, -0.411897));
#4299 = VECTOR('',#4298,1);
#4300 = LINE('',#4297, #4299);
#4301 = SURFACE_CURVE('', #4300);
#4302 = EDGE_CURVE('', #4294, #4296,#4301,.T.);
#4303 = CARTESIAN_POINT('', (9.83285,0,46.4928));
#4304 = DIRECTION('', (0.682181, 0, -0.731184));
#4305 = VECTOR('',#4304,1);
#4306 = LINE('',#4303, #4305);
#4307 = SURFACE_CURVE('', #4306);
#4308 = EDGE_CURVE('', #4296, #4292,#4307,.T.);
#4309 = ORIENTED_EDGE('',*,*,#4279,.F.);
#4310 = ORIENTED_EDGE('',*,*,#4302,.T.);
#4311 = ORIENTED_EDGE('',*,*,#4308,.T.);
#4312 = CARTESIAN_POINT('', (39.1233,0,15.0983));
#4313 = DIRECTION('', (0, -1, 0));
#4314 = DIRECTION('', (-0.675289, 0, 0.737553));
#4315 = AXIS2_PLACEMENT_3D('',#4312,#4313,#4314);
#4316 = PLANE('',#4315);
#4317 = EDGE_LOOP('', (#4309,#4310,#4311));
#4318 = FACE_BOUND('', #4317,.T.);
#4319 = ADVANCED_FACE('', (#4318),#4316,.T.);
#4320 = CARTESIAN_POINT('', (43.2323,0,49.9755));
#4321 = VERTEX_POINT('', #4320);
#4322 = CARTESIAN_POINT('', (43.3904,0,49.5821));
#4323 = VERTEX_POINT('', #4322);
#4324 = CARTESIAN_POINT('', (50,0,115));
#4325 = VERTEX_POINT('', #4324);
#4326 = CARTESIAN_POINT('', (43.2323,0,49.9755));
#4327 = DIRECTION('', (0.372853, 0, -0.92789));
#4328 = VECTOR('',#4327,1);
#4329 = LINE('',#4326, #4328);
#4330 = SURFACE_CURVE('', #4329);
#4331 = EDGE_CURVE('', #4321, #4323,#4330,.T.);
#4332 = CARTESIAN_POINT('', (43.3904,0,49.5821));
#4333 = DIRECTION('', (0.100524, 0, 0.994935));
#4334 = VECTOR('',#4333,1);
#4335 = LINE('',#4332, #4334);
#4336 = SURFACE_CURVE('', #4335);
#4337 = EDGE_CURVE('', #4323, #4325,#4336,.T.);
#4338 = ORIENTED_EDGE('',*,*,#4331,.T.);
#4339 = ORIENTED_EDGE('',*,*,#4337,.T.);
#4340 = ORIENTED_EDGE('',*,*,#3317,.F.);
#4341 = CARTESIAN_POINT('', (43.2323,0,49.9755));
#4342 = DIRECTION('', (0, -1, 0));
#4343 = DIRECTION('', (0.372853, 0, -0.92789));
#4344 = AXIS2_PLACEMENT_3D('',#4341,#4342,#4343);
#4345 = PLANE('',#4344);
#4346 = EDGE_LOOP('', (#4338,#4339,#4340));
#4347 = FACE_BOUND('', #4346,.T.);
#4348 = ADVANCED_FACE('', (#4347),#4345,.T.);
#4349 = CARTESIAN_POINT('', (50,0,115));
#4350 = VERTEX_POINT('', #4349);
#4351 = CARTESIAN_POINT('', (43.3904,0,49.5821));
#4352 = VERTEX_POINT('', #4351);
#4353 = CARTESIAN_POINT('', (43.4798,0,49.1675));
#4354 = VERTEX_POINT('', #4353);
#4355 = CARTESIAN_POINT('', (43.3904,0,49.5821));
#4356 = DIRECTION('', (0.210684, 0, -0.977554));
#4357 = VECTOR('',#4356,1);
#4358 = LINE('',#4355, #4357);
#4359 = SURFACE_CURVE('', #4358);
#4360 = EDGE_CURVE('', #4352, #4354,#4359,.T.);
#4361 = CARTESIAN_POINT('', (43.4798,0,49.1675));
#4362 = DIRECTION('', (0.0985608, 0, 0.995131));
#4363 = VECTOR('',#4362,1);
#4364 = LINE('',#4361, #4363);
#4365 = SURFACE_CURVE('', #4364);
#4366 = EDGE_CURVE('', #4354, #4350,#4365,.T.);
#4367 = ORIENTED_EDGE('',*,*,#4337,.F.);
#4368 = ORIENTED_EDGE('',*,*,#4360,.T.);
#4369 = ORIENTED_EDGE('',*,*,#4366,.T.);
#4370 = CARTESIAN_POINT('', (50,0,115));
#4371 = DIRECTION('', (0, -1, 0));
#4372 = DIRECTION('', (-0.100524, 0, -0.994935));
#4373 = AXIS2_PLACEMENT_3D('',#4370,#4371,#4372);
#4374 = PLANE('',#4373);
#4375 = EDGE_LOOP('', (#4367,#4368,#4369));
#4376 = FACE_BOUND('', #4375,.T.);
#4377 = ADVANCED_FACE('', (#4376),#4374,.T.);
#4378 = CARTESIAN_POINT('', (50,0,115));
#4379 = VERTEX_POINT('', #4378);
#4380 = CARTESIAN_POINT('', (43.4798,0,49.1675));
#4381 = VERTEX_POINT('', #4380);
#4382 = CARTESIAN_POINT('', (50,0,0));
#4383 = VERTEX_POINT('', #4382);
#4384 = CARTESIAN_POINT('', (43.4798,0,49.1675));
#4385 = DIRECTION('', (0.131462, 0, -0.991321));
#4386 = VECTOR('',#4385,1);
#4387 = LINE('',#4384, #4386);
#4388 = SURFACE_CURVE('', #4387);
#4389 = EDGE_CURVE('', #4381, #4383,#4388,.T.);
#4390 = CARTESIAN_POINT('', (50,0,0));
#4391 = DIRECTION('', (0, 0, 1));
#4392 = VECTOR('',#4391,1);
#4393 = LINE('',#4390, #4392);
#4394 = SURFACE_CURVE('', #4393);
#4395 = EDGE_CURVE('', #4383, #4379,#4394,.T.);
#4396 = ORIENTED_EDGE('',*,*,#4366,.F.);
#4397 = ORIENTED_EDGE('',*,*,#4389,.T.);
#4398 = ORIENTED_EDGE('',*,*,#4395,.T.);
#4399 = CARTESIAN_POINT('', (50,0,115));
#4400 = DIRECTION('', (0, -1, -0));
#4401 = DIRECTION('', (-0.0985608, 0, -0.995131));
#4402 = AXIS2_PLACEMENT_3D('',#4399,#4400,#4401);
#4403 = PLANE('',#4402);
#4404 = EDGE_LOOP('', (#4396,#4397,#4398));
#4405 = FACE_BOUND('', #4404,.T.);
#4406 = ADVANCED_FACE('', (#4405),#4403,.T.);
#4407 = CARTESIAN_POINT('', (50,0,0));
#4408 = VERTEX_POINT('', #4407);
#4409 = CARTESIAN_POINT('', (43.4798,0,49.1675));
#4410 = VERTEX_POINT('', #4409);
#4411 = CARTESIAN_POINT('', (43.4977,0,48.7439));
#4412 = VERTEX_POINT('', #4411);
#4413 = CARTESIAN_POINT('', (43.4798,0,49.1675));
#4414 = DIRECTION('', (0.0424444, 0, -0.999099));
#4415 = VECTOR('',#4414,1);
#4416 = LINE('',#4413, #4415);
#4417 = SURFACE_CURVE('', #4416);
#4418 = EDGE_CURVE('', #4410, #4412,#4417,.T.);
#4419 = CARTESIAN_POINT('', (43.4977,0,48.7439));
#4420 = DIRECTION('', (0.132225, 0, -0.99122));
#4421 = VECTOR('',#4420,1);
#4422 = LINE('',#4419, #4421);
#4423 = SURFACE_CURVE('', #4422);
#4424 = EDGE_CURVE('', #4412, #4408,#4423,.T.);
#4425 = ORIENTED_EDGE('',*,*,#4389,.F.);
#4426 = ORIENTED_EDGE('',*,*,#4418,.T.);
#4427 = ORIENTED_EDGE('',*,*,#4424,.T.);
#4428 = CARTESIAN_POINT('', (50,0,0));
#4429 = DIRECTION('', (0, -1, 0));
#4430 = DIRECTION('', (-0.131462, 0, 0.991321));
#4431 = AXIS2_PLACEMENT_3D('',#4428,#4429,#4430);
#4432 = PLANE('',#4431);
#4433 = EDGE_LOOP('', (#4425,#4426,#4427));
#4434 = FACE_BOUND('', #4433,.T.);
#4435 = ADVANCED_FACE('', (#4434),#4432,.T.);
#4436 = CARTESIAN_POINT('', (50,0,0));
#4437 = VERTEX_POINT('', #4436);
#4438 = CARTESIAN_POINT('', (43.4977,0,48.7439));
#4439 = VERTEX_POINT('', #4438);
#4440 = CARTESIAN_POINT('', (43.4439,0,48.3233));
#4441 = VERTEX_POINT('', #4440);
#4442 = CARTESIAN_POINT('', (43.4977,0,48.7439));
#4443 = DIRECTION('', (-0.127019, 0, -0.9919));
#4444 = VECTOR('',#4443,1);
#4445 = LINE('',#4442, #4444);
#4446 = SURFACE_CURVE('', #4445);
#4447 = EDGE_CURVE('', #4439, #4441,#4446,.T.);
#4448 = ORIENTED_EDGE('',*,*,#4424,.F.);
#4449 = ORIENTED_EDGE('',*,*,#4447,.T.);
#4450 = ORIENTED_EDGE('',*,*,#3340,.F.);
#4451 = CARTESIAN_POINT('', (50,0,0));
#4452 = DIRECTION('', (0, -1, 0));
#4453 = DIRECTION('', (-0.132225, 0, 0.99122));
#4454 = AXIS2_PLACEMENT_3D('',#4451,#4452,#4453);
#4455 = PLANE('',#4454);
#4456 = EDGE_LOOP('', (#4448,#4449,#4450));
#4457 = FACE_BOUND('', #4456,.T.);
#4458 = ADVANCED_FACE('', (#4457),#4455,.T.);
#4459 = CARTESIAN_POINT('', (38.6803,0,47.9179));
#4460 = VERTEX_POINT('', #4459);
#4461 = CARTESIAN_POINT('', (11.4977,0,48.7439));
#4462 = VERTEX_POINT('', #4461);
#4463 = CARTESIAN_POINT('', (11.4439,0,48.3233));
#4464 = VERTEX_POINT('', #4463);
#4465 = CARTESIAN_POINT('', (38.6803,0,47.9179));
#4466 = DIRECTION('', (-0.999539, 0, 0.0303746));
#4467 = VECTOR('',#4466,1);
#4468 = LINE('',#4465, #4467);
#4469 = SURFACE_CURVE('', #4468);
#4470 = EDGE_CURVE('', #4460, #4462,#4469,.T.);
#4471 = CARTESIAN_POINT('', (11.4977,0,48.7439));
#4472 = DIRECTION('', (-0.127019, 0, -0.9919));
#4473 = VECTOR('',#4472,1);
#4474 = LINE('',#4471, #4473);
#4475 = SURFACE_CURVE('', #4474);
#4476 = EDGE_CURVE('', #4462, #4464,#4475,.T.);
#4477 = CARTESIAN_POINT('', (11.4439,0,48.3233));
#4478 = DIRECTION('', (0.999889, 0, -0.0148845));
#4479 = VECTOR('',#4478,1);
#4480 = LINE('',#4477, #4479);
#4481 = SURFACE_CURVE('', #4480);
#4482 = EDGE_CURVE('', #4464, #4460,#4481,.T.);
#4483 = ORIENTED_EDGE('',*,*,#4470,.T.);
#4484 = ORIENTED_EDGE('',*,*,#4476,.T.);
#4485 = ORIENTED_EDGE('',*,*,#4482,.T.);
#4486 = CARTESIAN_POINT('', (38.6803,0,47.9179));
#4487 = DIRECTION('', (0, -1, 0));
#4488 = DIRECTION('', (-0.999539, 0, 0.0303746));
#4489 = AXIS2_PLACEMENT_3D('',#4486,#4487,#4488);
#4490 = PLANE('',#4489);
#4491 = EDGE_LOOP('', (#4483,#4484,#4485));
#4492 = FACE_BOUND('', #4491,.T.);
#4493 = ADVANCED_FACE('', (#4492),#4490,.T.);
#4494 = CARTESIAN_POINT('', (11.2323,0,17.8755));
#4495 = VERTEX_POINT('', #4494);
#4496 = CARTESIAN_POINT('', (11.3904,0,17.4821));
#4497 = VERTEX_POINT('', #4496);
#4498 = CARTESIAN_POINT('', (9.83285,0,46.4928));
#4499 = VERTEX_POINT('', #4498);
#4500 = CARTESIAN_POINT('', (11.2323,0,17.8755));
#4501 = DIRECTION('', (0.372855, 0, -0.92789));
#4502 = VECTOR('',#4501,1);
#4503 = LINE('',#4500, #4502);
#4504 = SURFACE_CURVE('', #4503);
#4505 = EDGE_CURVE('', #4495, #4497,#4504,.T.);
#4506 = CARTESIAN_POINT('', (11.3904,0,17.4821));
#4507 = DIRECTION('', (-0.0536121, 0, 0.998562));
#4508 = VECTOR('',#4507,1);
#4509 = LINE('',#4506, #4508);
#4510 = SURFACE_CURVE('', #4509);
#4511 = EDGE_CURVE('', #4497, #4499,#4510,.T.);
#4512 = ORIENTED_EDGE('',*,*,#4505,.T.);
#4513 = ORIENTED_EDGE('',*,*,#4511,.T.);
#4514 = ORIENTED_EDGE('',*,*,#1218,.F.);
#4515 = CARTESIAN_POINT('', (11.2323,0,17.8755));
#4516 = DIRECTION('', (0, -1, 0));
#4517 = DIRECTION('', (0.372855, 0, -0.92789));
#4518 = AXIS2_PLACEMENT_3D('',#4515,#4516,#4517);
#4519 = PLANE('',#4518);
#4520 = EDGE_LOOP('', (#4512,#4513,#4514));
#4521 = FACE_BOUND('', #4520,.T.);
#4522 = ADVANCED_FACE('', (#4521),#4519,.T.);
#4523 = CARTESIAN_POINT('', (9.83285,0,46.4928));
#4524 = VERTEX_POINT('', #4523);
#4525 = CARTESIAN_POINT('', (11.3904,0,17.4821));
#4526 = VERTEX_POINT('', #4525);
#4527 = CARTESIAN_POINT('', (11.4798,0,17.0675));
#4528 = VERTEX_POINT('', #4527);
#4529 = CARTESIAN_POINT('', (11.3904,0,17.4821));
#4530 = DIRECTION('', (0.21068, 0, -0.977555));
#4531 = VECTOR('',#4530,1);
#4532 = LINE('',#4529, #4531);
#4533 = SURFACE_CURVE('', #4532);
#4534 = EDGE_CURVE('', #4526, #4528,#4533,.T.);
#4535 = CARTESIAN_POINT('', (11.4798,0,17.0675));
#4536 = DIRECTION('', (-0.0558815, 0, 0.998437));
#4537 = VECTOR('',#4536,1);
#4538 = LINE('',#4535, #4537);
#4539 = SURFACE_CURVE('', #4538);
#4540 = EDGE_CURVE('', #4528, #4524,#4539,.T.);
#4541 = ORIENTED_EDGE('',*,*,#4511,.F.);
#4542 = ORIENTED_EDGE('',*,*,#4534,.T.);
#4543 = ORIENTED_EDGE('',*,*,#4540,.T.);
#4544 = CARTESIAN_POINT('', (9.83285,0,46.4928));
#4545 = DIRECTION('', (0, -1, 0));
#4546 = DIRECTION('', (0.0536121, 0, -0.998562));
#4547 = AXIS2_PLACEMENT_3D('',#4544,#4545,#4546);
#4548 = PLANE('',#4547);
#4549 = EDGE_LOOP('', (#4541,#4542,#4543));
#4550 = FACE_BOUND('', #4549,.T.);
#4551 = ADVANCED_FACE('', (#4550),#4548,.T.);
#4552 = CARTESIAN_POINT('', (9.83285,0,46.4928));
#4553 = VERTEX_POINT('', #4552);
#4554 = CARTESIAN_POINT('', (11.4798,0,17.0675));
#4555 = VERTEX_POINT('', #4554);
#4556 = CARTESIAN_POINT('', (39.1233,0,15.0983));
#4557 = VERTEX_POINT('', #4556);
#4558 = CARTESIAN_POINT('', (11.4798,0,17.0675));
#4559 = DIRECTION('', (0.997472, 0, -0.0710564));
#4560 = VECTOR('',#4559,1);
#4561 = LINE('',#4558, #4560);
#4562 = SURFACE_CURVE('', #4561);
#4563 = EDGE_CURVE('', #4555, #4557,#4562,.T.);
#4564 = ORIENTED_EDGE('',*,*,#4540,.F.);
#4565 = ORIENTED_EDGE('',*,*,#4563,.T.);
#4566 = ORIENTED_EDGE('',*,*,#4308,.F.);
#4567 = CARTESIAN_POINT('', (9.83285,0,46.4928));
#4568 = DIRECTION('', (0, -1, 0));
#4569 = DIRECTION('', (0.0558815, 0, -0.998437));
#4570 = AXIS2_PLACEMENT_3D('',#4567,#4568,#4569);
#4571 = PLANE('',#4570);
#4572 = EDGE_LOOP('', (#4564,#4565,#4566));
#4573 = FACE_BOUND('', #4572,.T.);
#4574 = ADVANCED_FACE('', (#4573),#4571,.T.);
#4575 = CARTESIAN_POINT('', (39.1233,0,15.0983));
#4576 = VERTEX_POINT('', #4575);
#4577 = CARTESIAN_POINT('', (11.4798,0,17.0675));
#4578 = VERTEX_POINT('', #4577);
#4579 = CARTESIAN_POINT('', (11.4977,0,16.6439));
#4580 = VERTEX_POINT('', #4579);
#4581 = CARTESIAN_POINT('', (11.4798,0,17.0675));
#4582 = DIRECTION('', (0.0424399, 0, -0.999099));
#4583 = VECTOR('',#4582,1);
#4584 = LINE('',#4581, #4583);
#4585 = SURFACE_CURVE('', #4584);
#4586 = EDGE_CURVE('', #4578, #4580,#4585,.T.);
#4587 = CARTESIAN_POINT('', (11.4977,0,16.6439));
#4588 = DIRECTION('', (0.998439, 0, -0.0558601));
#4589 = VECTOR('',#4588,1);
#4590 = LINE('',#4587, #4589);
#4591 = SURFACE_CURVE('', #4590);
#4592 = EDGE_CURVE('', #4580, #4576,#4591,.T.);
#4593 = ORIENTED_EDGE('',*,*,#4563,.F.);
#4594 = ORIENTED_EDGE('',*,*,#4586,.T.);
#4595 = ORIENTED_EDGE('',*,*,#4592,.T.);
#4596 = CARTESIAN_POINT('', (39.1233,0,15.0983));
#4597 = DIRECTION('', (0, -1, 0));
#4598 = DIRECTION('', (-0.997472, 0, 0.0710564));
#4599 = AXIS2_PLACEMENT_3D('',#4596,#4597,#4598);
#4600 = PLANE('',#4599);
#4601 = EDGE_LOOP('', (#4593,#4594,#4595));
#4602 = FACE_BOUND('', #4601,.T.);
#4603 = ADVANCED_FACE('', (#4602),#4600,.T.);
#4604 = CARTESIAN_POINT('', (39.1233,0,15.0983));
#4605 = VERTEX_POINT('', #4604);
#4606 = CARTESIAN_POINT('', (11.4977,0,16.6439));
#4607 = VERTEX_POINT('', #4606);
#4608 = CARTESIAN_POINT('', (39.4294,0,14.8049));
#4609 = VERTEX_POINT('', #4608);
#4610 = CARTESIAN_POINT('', (11.4977,0,16.6439));
#4611 = DIRECTION('', (0.99784, 0, -0.0656964));
#4612 = VECTOR('',#4611,1);
#4613 = LINE('',#4610, #4612);
#4614 = SURFACE_CURVE('', #4613);
#4615 = EDGE_CURVE('', #4607, #4609,#4614,.T.);
#4616 = CARTESIAN_POINT('', (39.4294,0,14.8049));
#4617 = DIRECTION('', (-0.721952, 0, 0.691943));
#4618 = VECTOR('',#4617,1);
#4619 = LINE('',#4616, #4618);
#4620 = SURFACE_CURVE('', #4619);
#4621 = EDGE_CURVE('', #4609, #4605,#4620,.T.);
#4622 = ORIENTED_EDGE('',*,*,#4592,.F.);
#4623 = ORIENTED_EDGE('',*,*,#4615,.T.);
#4624 = ORIENTED_EDGE('',*,*,#4621,.T.);
#4625 = CARTESIAN_POINT('', (39.1233,0,15.0983));
#4626 = DIRECTION('', (-0, -1, -0));
#4627 = DIRECTION('', (-0.998439, 0, 0.0558601));
#4628 = AXIS2_PLACEMENT_3D('',#4625,#4626,#4627);
#4629 = PLANE('',#4628);
#4630 = EDGE_LOOP('', (#4622,#4623,#4624));
#4631 = FACE_BOUND('', #4630,.T.);
#4632 = ADVANCED_FACE('', (#4631),#4629,.T.);
#4633 = CARTESIAN_POINT('', (39.4294,0,14.8049));
#4634 = VERTEX_POINT('', #4633);
#4635 = CARTESIAN_POINT('', (11.4977,0,16.6439));
#4636 = VERTEX_POINT('', #4635);
#4637 = CARTESIAN_POINT('', (11.4439,0,16.2233));
#4638 = VERTEX_POINT('', #4637);
#4639 = CARTESIAN_POINT('', (11.4977,0,16.6439));
#4640 = DIRECTION('', (-0.12702, 0, -0.9919));
#4641 = VECTOR('',#4640,1);
#4642 = LINE('',#4639, #4641);
#4643 = SURFACE_CURVE('', #4642);
#4644 = EDGE_CURVE('', #4636, #4638,#4643,.T.);
#4645 = CARTESIAN_POINT('', (11.4439,0,16.2233));
#4646 = DIRECTION('', (0.998718, 0, -0.0506181));
#4647 = VECTOR('',#4646,1);
#4648 = LINE('',#4645, #4647);
#4649 = SURFACE_CURVE('', #4648);
#4650 = EDGE_CURVE('', #4638, #4634,#4649,.T.);
#4651 = ORIENTED_EDGE('',*,*,#4615,.F.);
#4652 = ORIENTED_EDGE('',*,*,#4644,.T.);
#4653 = ORIENTED_EDGE('',*,*,#4650,.T.);
#4654 = CARTESIAN_POINT('', (39.4294,0,14.8049));
#4655 = DIRECTION('', (0, -1, 0));
#4656 = DIRECTION('', (-0.99784, 0, 0.0656964));
#4657 = AXIS2_PLACEMENT_3D('',#4654,#4655,#4656);
#4658 = PLANE('',#4657);
#4659 = EDGE_LOOP('', (#4651,#4652,#4653));
#4660 = FACE_BOUND('', #4659,.T.);
#4661 = ADVANCED_FACE('', (#4660),#4658,.T.);
#4662 = CARTESIAN_POINT('', (39.4294,0,14.8049));
#4663 = VERTEX_POINT('', #4662);
#4664 = CARTESIAN_POINT('', (11.4439,0,16.2233));
#4665 = VERTEX_POINT('', #4664);
#4666 = CARTESIAN_POINT('', (11.3197,0,15.8179));
#4667 = VERTEX_POINT('', #4666);
#4668 = CARTESIAN_POINT('', (11.4439,0,16.2233));
#4669 = DIRECTION('', (-0.292821, 0, -0.956167));
#4670 = VECTOR('',#4669,1);
#4671 = LINE('',#4668, #4670);
#4672 = SURFACE_CURVE('', #4671);
#4673 = EDGE_CURVE('', #4665, #4667,#4672,.T.);
#4674 = ORIENTED_EDGE('',*,*,#4650,.F.);
#4675 = ORIENTED_EDGE('',*,*,#4673,.T.);
#4676 = ORIENTED_EDGE('',*,*,#2210,.F.);
#4677 = CARTESIAN_POINT('', (39.4294,0,14.8049));
#4678 = DIRECTION('', (0, -1, 0));
#4679 = DIRECTION('', (-0.998718, 0, 0.0506181));
#4680 = AXIS2_PLACEMENT_3D('',#4677,#4678,#4679);
#4681 = PLANE('',#4680);
#4682 = EDGE_LOOP('', (#4674,#4675,#4676));
#4683 = FACE_BOUND('', #4682,.T.);
#4684 = ADVANCED_FACE('', (#4683),#4681,.T.);
#4685 = CARTESIAN_POINT('', (11.01,0,50.3366));
#4686 = VERTEX_POINT('', #4685);
#4687 = CARTESIAN_POINT('', (11.2323,0,49.9755));
#4688 = VERTEX_POINT('', #4687);
#4689 = CARTESIAN_POINT('', (38.6096,0,49.5821));
#4690 = VERTEX_POINT('', #4689);
#4691 = CARTESIAN_POINT('', (11.01,0,50.3366));
#4692 = DIRECTION('', (0.524305, 0, -0.85153));
#4693 = VECTOR('',#4692,1);
#4694 = LINE('',#4691, #4693);
#4695 = SURFACE_CURVE('', #4694);
#4696 = EDGE_CURVE('', #4686, #4688,#4695,.T.);
#4697 = CARTESIAN_POINT('', (11.2323,0,49.9755));
#4698 = DIRECTION('', (0.999897, 0, -0.01437));
#4699 = VECTOR('',#4698,1);
#4700 = LINE('',#4697, #4699);
#4701 = SURFACE_CURVE('', #4700);
#4702 = EDGE_CURVE('', #4688, #4690,#4701,.T.);
#4703 = ORIENTED_EDGE('',*,*,#4696,.T.);
#4704 = ORIENTED_EDGE('',*,*,#4702,.T.);
#4705 = ORIENTED_EDGE('',*,*,#3763,.F.);
#4706 = CARTESIAN_POINT('', (11.01,0,50.3366));
#4707 = DIRECTION('', (0, -1, 0));
#4708 = DIRECTION('', (0.524305, 0, -0.85153));
#4709 = AXIS2_PLACEMENT_3D('',#4706,#4707,#4708);
#4710 = PLANE('',#4709);
#4711 = EDGE_LOOP('', (#4703,#4704,#4705));
#4712 = FACE_BOUND('', #4711,.T.);
#4713 = ADVANCED_FACE('', (#4712),#4710,.T.);
#4714 = CARTESIAN_POINT('', (38.6096,0,49.5821));
#4715 = VERTEX_POINT('', #4714);
#4716 = CARTESIAN_POINT('', (11.2323,0,49.9755));
#4717 = VERTEX_POINT('', #4716);
#4718 = CARTESIAN_POINT('', (11.3904,0,49.5821));
#4719 = VERTEX_POINT('', #4718);
#4720 = CARTESIAN_POINT('', (11.2323,0,49.9755));
#4721 = DIRECTION('', (0.372857, 0, -0.927889));
#4722 = VECTOR('',#4721,1);
#4723 = LINE('',#4720, #4722);
#4724 = SURFACE_CURVE('', #4723);
#4725 = EDGE_CURVE('', #4717, #4719,#4724,.T.);
#4726 = CARTESIAN_POINT('', (11.3904,0,49.5821));
#4727 = DIRECTION('', (1, 0, 0));
#4728 = VECTOR('',#4727,1);
#4729 = LINE('',#4726, #4728);
#4730 = SURFACE_CURVE('', #4729);
#4731 = EDGE_CURVE('', #4719, #4715,#4730,.T.);
#4732 = ORIENTED_EDGE('',*,*,#4702,.F.);
#4733 = ORIENTED_EDGE('',*,*,#4725,.T.);
#4734 = ORIENTED_EDGE('',*,*,#4731,.T.);
#4735 = CARTESIAN_POINT('', (38.6096,0,49.5821));
#4736 = DIRECTION('', (0, -1, 0));
#4737 = DIRECTION('', (-0.999897, 0, 0.01437));
#4738 = AXIS2_PLACEMENT_3D('',#4735,#4736,#4737);
#4739 = PLANE('',#4738);
#4740 = EDGE_LOOP('', (#4732,#4733,#4734));
#4741 = FACE_BOUND('', #4740,.T.);
#4742 = ADVANCED_FACE('', (#4741),#4739,.T.);
#4743 = CARTESIAN_POINT('', (38.6096,0,49.5821));
#4744 = VERTEX_POINT('', #4743);
#4745 = CARTESIAN_POINT('', (11.3904,0,49.5821));
#4746 = VERTEX_POINT('', #4745);
#4747 = CARTESIAN_POINT('', (11.4798,0,49.1675));
#4748 = VERTEX_POINT('', #4747);
#4749 = CARTESIAN_POINT('', (11.3904,0,49.5821));
#4750 = DIRECTION('', (0.21068, 0, -0.977555));
#4751 = VECTOR('',#4750,1);
#4752 = LINE('',#4749, #4751);
#4753 = SURFACE_CURVE('', #4752);
#4754 = EDGE_CURVE('', #4746, #4748,#4753,.T.);
#4755 = CARTESIAN_POINT('', (11.4798,0,49.1675));
#4756 = DIRECTION('', (0.999883, 0, 0.0152771));
#4757 = VECTOR('',#4756,1);
#4758 = LINE('',#4755, #4757);
#4759 = SURFACE_CURVE('', #4758);
#4760 = EDGE_CURVE('', #4748, #4744,#4759,.T.);
#4761 = ORIENTED_EDGE('',*,*,#4731,.F.);
#4762 = ORIENTED_EDGE('',*,*,#4754,.T.);
#4763 = ORIENTED_EDGE('',*,*,#4760,.T.);
#4764 = CARTESIAN_POINT('', (38.6096,0,49.5821));
#4765 = DIRECTION('', (-0, -1, 0));
#4766 = DIRECTION('', (-1, 0, 0));
#4767 = AXIS2_PLACEMENT_3D('',#4764,#4765,#4766);
#4768 = PLANE('',#4767);
#4769 = EDGE_LOOP('', (#4761,#4762,#4763));
#4770 = FACE_BOUND('', #4769,.T.);
#4771 = ADVANCED_FACE('', (#4770),#4768,.T.);
#4772 = CARTESIAN_POINT('', (39.1233,0,47.1983));
#4773 = VERTEX_POINT('', #4772);
#4774 = CARTESIAN_POINT('', (38.8712,0,47.5392));
#4775 = VERTEX_POINT('', #4774);
#4776 = CARTESIAN_POINT('', (11.1288,0,47.5392));
#4777 = VERTEX_POINT('', #4776);
#4778 = CARTESIAN_POINT('', (39.1233,0,47.1983));
#4779 = DIRECTION('', (-0.594629, 0, 0.804));
#4780 = VECTOR('',#4779,1);
#4781 = LINE('',#4778, #4780);
#4782 = SURFACE_CURVE('', #4781);
#4783 = EDGE_CURVE('', #4773, #4775,#4782,.T.);
#4784 = CARTESIAN_POINT('', (38.8712,0,47.5392));
#4785 = DIRECTION('', (-1, 0, 0));
#4786 = VECTOR('',#4785,1);
#4787 = LINE('',#4784, #4786);
#4788 = SURFACE_CURVE('', #4787);
#4789 = EDGE_CURVE('', #4775, #4777,#4788,.T.);
#4790 = ORIENTED_EDGE('',*,*,#4783,.T.);
#4791 = ORIENTED_EDGE('',*,*,#4789,.T.);
#4792 = ORIENTED_EDGE('',*,*,#4221,.F.);
#4793 = CARTESIAN_POINT('', (39.1233,0,47.1983));
#4794 = DIRECTION('', (0, -1, 0));
#4795 = DIRECTION('', (-0.594629, 0, 0.804));
#4796 = AXIS2_PLACEMENT_3D('',#4793,#4794,#4795);
#4797 = PLANE('',#4796);
#4798 = EDGE_LOOP('', (#4790,#4791,#4792));
#4799 = FACE_BOUND('', #4798,.T.);
#4800 = ADVANCED_FACE('', (#4799),#4797,.T.);
#4801 = CARTESIAN_POINT('', (11.1288,0,47.5392));
#4802 = VERTEX_POINT('', #4801);
#4803 = CARTESIAN_POINT('', (38.8712,0,47.5392));
#4804 = VERTEX_POINT('', #4803);
#4805 = CARTESIAN_POINT('', (38.6803,0,47.9179));
#4806 = VERTEX_POINT('', #4805);
#4807 = CARTESIAN_POINT('', (38.8712,0,47.5392));
#4808 = DIRECTION('', (-0.450205, 0, 0.892925));
#4809 = VECTOR('',#4808,1);
#4810 = LINE('',#4807, #4809);
#4811 = SURFACE_CURVE('', #4810);
#4812 = EDGE_CURVE('', #4804, #4806,#4811,.T.);
#4813 = CARTESIAN_POINT('', (38.6803,0,47.9179));
#4814 = DIRECTION('', (-0.999906, 0, -0.0137411));
#4815 = VECTOR('',#4814,1);
#4816 = LINE('',#4813, #4815);
#4817 = SURFACE_CURVE('', #4816);
#4818 = EDGE_CURVE('', #4806, #4802,#4817,.T.);
#4819 = ORIENTED_EDGE('',*,*,#4789,.F.);
#4820 = ORIENTED_EDGE('',*,*,#4812,.T.);
#4821 = ORIENTED_EDGE('',*,*,#4818,.T.);
#4822 = CARTESIAN_POINT('', (11.1288,0,47.5392));
#4823 = DIRECTION('', (0, -1, 0));
#4824 = DIRECTION('', (1, 0, 0));
#4825 = AXIS2_PLACEMENT_3D('',#4822,#4823,#4824);
#4826 = PLANE('',#4825);
#4827 = EDGE_LOOP('', (#4819,#4820,#4821));
#4828 = FACE_BOUND('', #4827,.T.);
#4829 = ADVANCED_FACE('', (#4828),#4826,.T.);
#4830 = CARTESIAN_POINT('', (11.1288,0,47.5392));
#4831 = VERTEX_POINT('', #4830);
#4832 = CARTESIAN_POINT('', (38.6803,0,47.9179));
#4833 = VERTEX_POINT('', #4832);
#4834 = CARTESIAN_POINT('', (11.3197,0,47.9179));
#4835 = VERTEX_POINT('', #4834);
#4836 = CARTESIAN_POINT('', (38.6803,0,47.9179));
#4837 = DIRECTION('', (-1, 0, 0));
#4838 = VECTOR('',#4837,1);
#4839 = LINE('',#4836, #4838);
#4840 = SURFACE_CURVE('', #4839);
#4841 = EDGE_CURVE('', #4833, #4835,#4840,.T.);
#4842 = CARTESIAN_POINT('', (11.3197,0,47.9179));
#4843 = DIRECTION('', (-0.450207, 0, -0.892924));
#4844 = VECTOR('',#4843,1);
#4845 = LINE('',#4842, #4844);
#4846 = SURFACE_CURVE('', #4845);
#4847 = EDGE_CURVE('', #4835, #4831,#4846,.T.);
#4848 = ORIENTED_EDGE('',*,*,#4818,.F.);
#4849 = ORIENTED_EDGE('',*,*,#4841,.T.);
#4850 = ORIENTED_EDGE('',*,*,#4847,.T.);
#4851 = CARTESIAN_POINT('', (11.1288,0,47.5392));
#4852 = DIRECTION('', (0, -1, 0));
#4853 = DIRECTION('', (0.999906, 0, 0.0137411));
#4854 = AXIS2_PLACEMENT_3D('',#4851,#4852,#4853);
#4855 = PLANE('',#4854);
#4856 = EDGE_LOOP('', (#4848,#4849,#4850));
#4857 = FACE_BOUND('', #4856,.T.);
#4858 = ADVANCED_FACE('', (#4857),#4855,.T.);
#4859 = CARTESIAN_POINT('', (11.3197,0,47.9179));
#4860 = VERTEX_POINT('', #4859);
#4861 = CARTESIAN_POINT('', (38.6803,0,47.9179));
#4862 = VERTEX_POINT('', #4861);
#4863 = CARTESIAN_POINT('', (11.4439,0,48.3233));
#4864 = VERTEX_POINT('', #4863);
#4865 = CARTESIAN_POINT('', (11.4439,0,48.3233));
#4866 = DIRECTION('', (-0.292819, 0, -0.956168));
#4867 = VECTOR('',#4866,1);
#4868 = LINE('',#4865, #4867);
#4869 = SURFACE_CURVE('', #4868);
#4870 = EDGE_CURVE('', #4864, #4860,#4869,.T.);
#4871 = ORIENTED_EDGE('',*,*,#4841,.F.);
#4872 = ORIENTED_EDGE('',*,*,#4482,.F.);
#4873 = ORIENTED_EDGE('',*,*,#4870,.T.);
#4874 = CARTESIAN_POINT('', (11.3197,0,47.9179));
#4875 = DIRECTION('', (0, -1, 0));
#4876 = DIRECTION('', (1, 0, 0));
#4877 = AXIS2_PLACEMENT_3D('',#4874,#4875,#4876);
#4878 = PLANE('',#4877);
#4879 = EDGE_LOOP('', (#4871,#4872,#4873));
#4880 = FACE_BOUND('', #4879,.T.);
#4881 = ADVANCED_FACE('', (#4880),#4878,.T.);
#4882 = CARTESIAN_POINT('', (38.6803,0,47.9179));
#4883 = VERTEX_POINT('', #4882);
#4884 = CARTESIAN_POINT('', (38.5561,0,48.3233));
#4885 = VERTEX_POINT('', #4884);
#4886 = CARTESIAN_POINT('', (11.4977,0,48.7439));
#4887 = VERTEX_POINT('', #4886);
#4888 = CARTESIAN_POINT('', (38.6803,0,47.9179));
#4889 = DIRECTION('', (-0.292828, 0, 0.956165));
#4890 = VECTOR('',#4889,1);
#4891 = LINE('',#4888, #4890);
#4892 = SURFACE_CURVE('', #4891);
#4893 = EDGE_CURVE('', #4883, #4885,#4892,.T.);
#4894 = CARTESIAN_POINT('', (38.5561,0,48.3233));
#4895 = DIRECTION('', (-0.999879, 0, 0.0155421));
#4896 = VECTOR('',#4895,1);
#4897 = LINE('',#4894, #4896);
#4898 = SURFACE_CURVE('', #4897);
#4899 = EDGE_CURVE('', #4885, #4887,#4898,.T.);
#4900 = ORIENTED_EDGE('',*,*,#4893,.T.);
#4901 = ORIENTED_EDGE('',*,*,#4899,.T.);
#4902 = ORIENTED_EDGE('',*,*,#4470,.F.);
#4903 = CARTESIAN_POINT('', (38.6803,0,47.9179));
#4904 = DIRECTION('', (0, -1, 0));
#4905 = DIRECTION('', (-0.292828, 0, 0.956165));
#4906 = AXIS2_PLACEMENT_3D('',#4903,#4904,#4905);
#4907 = PLANE('',#4906);
#4908 = EDGE_LOOP('', (#4900,#4901,#4902));
#4909 = FACE_BOUND('', #4908,.T.);
#4910 = ADVANCED_FACE('', (#4909),#4907,.T.);
#4911 = CARTESIAN_POINT('', (11.4977,0,48.7439));
#4912 = VERTEX_POINT('', #4911);
#4913 = CARTESIAN_POINT('', (38.5561,0,48.3233));
#4914 = VERTEX_POINT('', #4913);
#4915 = CARTESIAN_POINT('', (38.5023,0,48.7439));
#4916 = VERTEX_POINT('', #4915);
#4917 = CARTESIAN_POINT('', (38.5561,0,48.3233));
#4918 = DIRECTION('', (-0.12701, 0, 0.991901));
#4919 = VECTOR('',#4918,1);
#4920 = LINE('',#4917, #4919);
#4921 = SURFACE_CURVE('', #4920);
#4922 = EDGE_CURVE('', #4914, #4916,#4921,.T.);
#4923 = CARTESIAN_POINT('', (38.5023,0,48.7439));
#4924 = DIRECTION('', (-1, 0, 0));
#4925 = VECTOR('',#4924,1);
#4926 = LINE('',#4923, #4925);
#4927 = SURFACE_CURVE('', #4926);
#4928 = EDGE_CURVE('', #4916, #4912,#4927,.T.);
#4929 = ORIENTED_EDGE('',*,*,#4899,.F.);
#4930 = ORIENTED_EDGE('',*,*,#4922,.T.);
#4931 = ORIENTED_EDGE('',*,*,#4928,.T.);
#4932 = CARTESIAN_POINT('', (11.4977,0,48.7439));
#4933 = DIRECTION('', (0, -1, 0));
#4934 = DIRECTION('', (0.999879, 0, -0.0155421));
#4935 = AXIS2_PLACEMENT_3D('',#4932,#4933,#4934);
#4936 = PLANE('',#4935);
#4937 = EDGE_LOOP('', (#4929,#4930,#4931));
#4938 = FACE_BOUND('', #4937,.T.);
#4939 = ADVANCED_FACE('', (#4938),#4936,.T.);
#4940 = CARTESIAN_POINT('', (11.4977,0,48.7439));
#4941 = VERTEX_POINT('', #4940);
#4942 = CARTESIAN_POINT('', (38.5023,0,48.7439));
#4943 = VERTEX_POINT('', #4942);
#4944 = CARTESIAN_POINT('', (11.4798,0,49.1675));
#4945 = VERTEX_POINT('', #4944);
#4946 = CARTESIAN_POINT('', (38.5023,0,48.7439));
#4947 = DIRECTION('', (-0.999877, 0, 0.0156757));
#4948 = VECTOR('',#4947,1);
#4949 = LINE('',#4946, #4948);
#4950 = SURFACE_CURVE('', #4949);
#4951 = EDGE_CURVE('', #4943, #4945,#4950,.T.);
#4952 = CARTESIAN_POINT('', (11.4798,0,49.1675));
#4953 = DIRECTION('', (0.0424399, 0, -0.999099));
#4954 = VECTOR('',#4953,1);
#4955 = LINE('',#4952, #4954);
#4956 = SURFACE_CURVE('', #4955);
#4957 = EDGE_CURVE('', #4945, #4941,#4956,.T.);
#4958 = ORIENTED_EDGE('',*,*,#4928,.F.);
#4959 = ORIENTED_EDGE('',*,*,#4951,.T.);
#4960 = ORIENTED_EDGE('',*,*,#4957,.T.);
#4961 = CARTESIAN_POINT('', (11.4977,0,48.7439));
#4962 = DIRECTION('', (0, -1, 0));
#4963 = DIRECTION('', (1, 0, 0));
#4964 = AXIS2_PLACEMENT_3D('',#4961,#4962,#4963);
#4965 = PLANE('',#4964);
#4966 = EDGE_LOOP('', (#4958,#4959,#4960));
#4967 = FACE_BOUND('', #4966,.T.);
#4968 = ADVANCED_FACE('', (#4967),#4965,.T.);
#4969 = CARTESIAN_POINT('', (11.4798,0,49.1675));
#4970 = VERTEX_POINT('', #4969);
#4971 = CARTESIAN_POINT('', (38.5023,0,48.7439));
#4972 = VERTEX_POINT('', #4971);
#4973 = CARTESIAN_POINT('', (38.5203,0,49.1675));
#4974 = VERTEX_POINT('', #4973);
#4975 = CARTESIAN_POINT('', (38.5023,0,48.7439));
#4976 = DIRECTION('', (0.0424444, 0, 0.999099));
#4977 = VECTOR('',#4976,1);
#4978 = LINE('',#4975, #4977);
#4979 = SURFACE_CURVE('', #4978);
#4980 = EDGE_CURVE('', #4972, #4974,#4979,.T.);
#4981 = CARTESIAN_POINT('', (38.5203,0,49.1675));
#4982 = DIRECTION('', (-1, 0, 0));
#4983 = VECTOR('',#4982,1);
#4984 = LINE('',#4981, #4983);
#4985 = SURFACE_CURVE('', #4984);
#4986 = EDGE_CURVE('', #4974, #4970,#4985,.T.);
#4987 = ORIENTED_EDGE('',*,*,#4951,.F.);
#4988 = ORIENTED_EDGE('',*,*,#4980,.T.);
#4989 = ORIENTED_EDGE('',*,*,#4986,.T.);
#4990 = CARTESIAN_POINT('', (11.4798,0,49.1675));
#4991 = DIRECTION('', (0, -1, 0));
#4992 = DIRECTION('', (0.999877, 0, -0.0156757));
#4993 = AXIS2_PLACEMENT_3D('',#4990,#4991,#4992);
#4994 = PLANE('',#4993);
#4995 = EDGE_LOOP('', (#4987,#4988,#4989));
#4996 = FACE_BOUND('', #4995,.T.);
#4997 = ADVANCED_FACE('', (#4996),#4994,.T.);
#4998 = CARTESIAN_POINT('', (11.4798,0,49.1675));
#4999 = VERTEX_POINT('', #4998);
#5000 = CARTESIAN_POINT('', (38.5203,0,49.1675));
#5001 = VERTEX_POINT('', #5000);
#5002 = CARTESIAN_POINT('', (38.6096,0,49.5821));
#5003 = VERTEX_POINT('', #5002);
#5004 = CARTESIAN_POINT('', (38.5203,0,49.1675));
#5005 = DIRECTION('', (0.210675, 0, 0.977556));
#5006 = VECTOR('',#5005,1);
#5007 = LINE('',#5004, #5006);
#5008 = SURFACE_CURVE('', #5007);
#5009 = EDGE_CURVE('', #5001, #5003,#5008,.T.);
#5010 = ORIENTED_EDGE('',*,*,#4986,.F.);
#5011 = ORIENTED_EDGE('',*,*,#5009,.T.);
#5012 = ORIENTED_EDGE('',*,*,#4760,.F.);
#5013 = CARTESIAN_POINT('', (11.4798,0,49.1675));
#5014 = DIRECTION('', (0, -1, 0));
#5015 = DIRECTION('', (1, 0, 0));
#5016 = AXIS2_PLACEMENT_3D('',#5013,#5014,#5015);
#5017 = PLANE('',#5016);
#5018 = EDGE_LOOP('', (#5010,#5011,#5012));
#5019 = FACE_BOUND('', #5018,.T.);
#5020 = ADVANCED_FACE('', (#5019),#5017,.T.);
#5021 = CARTESIAN_POINT('', (50,50,55));
#5022 = VERTEX_POINT('', #5021);
#5023 = CARTESIAN_POINT('', (50,50,115));
#5024 = VERTEX_POINT('', #5023);
#5025 = CARTESIAN_POINT('', (50,24,55));
#5026 = VERTEX_POINT('', #5025);
#5027 = CARTESIAN_POINT('', (50,50,55));
#5028 = DIRECTION('', (0, 0, 1));
#5029 = VECTOR('',#5028,1);
#5030 = LINE('',#5027, #5029);
#5031 = SURFACE_CURVE('', #5030);
#5032 = EDGE_CURVE('', #5022, #5024,#5031,.T.);
#5033 = CARTESIAN_POINT('', (50,50,115));
#5034 = DIRECTION('', (0, -0.397607, -0.917556));
#5035 = VECTOR('',#5034,1);
#5036 = LINE('',#5033, #5035);
#5037 = SURFACE_CURVE('', #5036);
#5038 = EDGE_CURVE('', #5024, #5026,#5037,.T.);
#5039 = CARTESIAN_POINT('', (50,24,55));
#5040 = DIRECTION('', (0, 1, 0));
#5041 = VECTOR('',#5040,1);
#5042 = LINE('',#5039, #5041);
#5043 = SURFACE_CURVE('', #5042);
#5044 = EDGE_CURVE('', #5026, #5022,#5043,.T.);
#5045 = ORIENTED_EDGE('',*,*,#5032,.T.);
#5046 = ORIENTED_EDGE('',*,*,#5038,.T.);
#5047 = ORIENTED_EDGE('',*,*,#5044,.T.);
#5048 = CARTESIAN_POINT('', (50,50,55));
#5049 = DIRECTION('', (1, 0, -0));
#5050 = DIRECTION('', (0, 0, 1));
#5051 = AXIS2_PLACEMENT_3D('',#5048,#5049,#5050);
#5052 = PLANE('',#5051);
#5053 = EDGE_LOOP('', (#5045,#5046,#5047));
#5054 = FACE_BOUND('', #5053,.T.);
#5055 = ADVANCED_FACE('', (#5054),#5052,.T.);
#5056 = CARTESIAN_POINT('', (50,24,55));
#5057 = VERTEX_POINT('', #5056);
#5058 = CARTESIAN_POINT('', (50,50,115));
#5059 = VERTEX_POINT('', #5058);
#5060 = CARTESIAN_POINT('', (50,0,115));
#5061 = VERTEX_POINT('', #5060);
#5062 = CARTESIAN_POINT('', (50,0,115));
#5063 = DIRECTION('', (0, 0.371391, -0.928477));
#5064 = VECTOR('',#5063,1);
#5065 = LINE('',#5062, #5064);
#5066 = SURFACE_CURVE('', #5065);
#5067 = EDGE_CURVE('', #5061, #5057,#5066,.T.);
#5068 = ORIENTED_EDGE('',*,*,#5038,.F.);
#5069 = ORIENTED_EDGE('',*,*,#173,.F.);
#5070 = ORIENTED_EDGE('',*,*,#5067,.T.);
#5071 = CARTESIAN_POINT('', (50,24,55));
#5072 = DIRECTION('', (1, 0, -0));
#5073 = DIRECTION('', (0, 0.397607, 0.917556));
#5074 = AXIS2_PLACEMENT_3D('',#5071,#5072,#5073);
#5075 = PLANE('',#5074);
#5076 = EDGE_LOOP('', (#5068,#5069,#5070));
#5077 = FACE_BOUND('', #5076,.T.);
#5078 = ADVANCED_FACE('', (#5077),#5075,.T.);
#5079 = CARTESIAN_POINT('', (50,24,55));
#5080 = VERTEX_POINT('', #5079);
#5081 = CARTESIAN_POINT('', (50,0,115));
#5082 = VERTEX_POINT('', #5081);
#5083 = CARTESIAN_POINT('', (50,24,10));
#5084 = VERTEX_POINT('', #5083);
#5085 = CARTESIAN_POINT('', (50,0,115));
#5086 = DIRECTION('', (0, 0.222825, -0.974859));
#5087 = VECTOR('',#5086,1);
#5088 = LINE('',#5085, #5087);
#5089 = SURFACE_CURVE('', #5088);
#5090 = EDGE_CURVE('', #5082, #5084,#5089,.T.);
#5091 = CARTESIAN_POINT('', (50,24,10));
#5092 = DIRECTION('', (0, 0, 1));
#5093 = VECTOR('',#5092,1);
#5094 = LINE('',#5091, #5093);
#5095 = SURFACE_CURVE('', #5094);
#5096 = EDGE_CURVE('', #5084, #5080,#5095,.T.);
#5097 = ORIENTED_EDGE('',*,*,#5067,.F.);
#5098 = ORIENTED_EDGE('',*,*,#5090,.T.);
#5099 = ORIENTED_EDGE('',*,*,#5096,.T.);
#5100 = CARTESIAN_POINT('', (50,24,55));
#5101 = DIRECTION('', (1, 0, 0));
#5102 = DIRECTION('', (0, -0.371391, 0.928477));
#5103 = AXIS2_PLACEMENT_3D('',#5100,#5101,#5102);
#5104 = PLANE('',#5103);
#5105 = EDGE_LOOP('', (#5097,#5098,#5099));
#5106 = FACE_BOUND('', #5105,.T.);
#5107 = ADVANCED_FACE('', (#5106),#5104,.T.);
#5108 = CARTESIAN_POINT('', (50,24,10));
#5109 = VERTEX_POINT('', #5108);
#5110 = CARTESIAN_POINT('', (50,0,115));
#5111 = VERTEX_POINT('', #5110);
#5112 = CARTESIAN_POINT('', (50,0,0));
#5113 = VERTEX_POINT('', #5112);
#5114 = CARTESIAN_POINT('', (50,0,0));
#5115 = DIRECTION('', (0, 0.923077, 0.384615));
#5116 = VECTOR('',#5115,1);
#5117 = LINE('',#5114, #5116);
#5118 = SURFACE_CURVE('', #5117);
#5119 = EDGE_CURVE('', #5113, #5109,#5118,.T.);
#5120 = ORIENTED_EDGE('',*,*,#5090,.F.);
#5121 = ORIENTED_EDGE('',*,*,#4395,.F.);
#5122 = ORIENTED_EDGE('',*,*,#5119,.T.);
#5123 = CARTESIAN_POINT('', (50,24,10));
#5124 = DIRECTION('', (1, 0, 0));
#5125 = DIRECTION('', (0, -0.222825, 0.974859));
#5126 = AXIS2_PLACEMENT_3D('',#5123,#5124,#5125);
#5127 = PLANE('',#5126);
#5128 = EDGE_LOOP('', (#5120,#5121,#5122));
#5129 = FACE_BOUND('', #5128,.T.);
#5130 = ADVANCED_FACE('', (#5129),#5127,.T.);
#5131 = CARTESIAN_POINT('', (50,24,10));
#5132 = VERTEX_POINT('', #5131);
#5133 = CARTESIAN_POINT('', (50,0,0));
#5134 = VERTEX_POINT('', #5133);
#5135 = CARTESIAN_POINT('', (50,50,10));
#5136 = VERTEX_POINT('', #5135);
#5137 = CARTESIAN_POINT('', (50,0,0));
#5138 = DIRECTION('', (0, 0.980581, 0.196116));
#5139 = VECTOR('',#5138,1);
#5140 = LINE('',#5137, #5139);
#5141 = SURFACE_CURVE('', #5140);
#5142 = EDGE_CURVE('', #5134, #5136,#5141,.T.);
#5143 = CARTESIAN_POINT('', (50,50,10));
#5144 = DIRECTION('', (0, -1, 0));
#5145 = VECTOR('',#5144,1);
#5146 = LINE('',#5143, #5145);
#5147 = SURFACE_CURVE('', #5146);
#5148 = EDGE_CURVE('', #5136, #5132,#5147,.T.);
#5149 = ORIENTED_EDGE('',*,*,#5119,.F.);
#5150 = ORIENTED_EDGE('',*,*,#5142,.T.);
#5151 = ORIENTED_EDGE('',*,*,#5148,.T.);
#5152 = CARTESIAN_POINT('', (50,24,10));
#5153 = DIRECTION('', (1, -0, 0));
#5154 = DIRECTION('', (0, -0.923077, -0.384615));
#5155 = AXIS2_PLACEMENT_3D('',#5152,#5153,#5154);
#5156 = PLANE('',#5155);
#5157 = EDGE_LOOP('', (#5149,#5150,#5151));
#5158 = FACE_BOUND('', #5157,.T.);
#5159 = ADVANCED_FACE('', (#5158),#5156,.T.);
#5160 = CARTESIAN_POINT('', (50,50,10));
#5161 = VERTEX_POINT('', #5160);
#5162 = CARTESIAN_POINT('', (50,0,0));
#5163 = VERTEX_POINT('', #5162);
#5164 = CARTESIAN_POINT('', (50,50,0));
#5165 = VERTEX_POINT('', #5164);
#5166 = CARTESIAN_POINT('', (50,0,0));
#5167 = DIRECTION('', (0, 1, 0));
#5168 = VECTOR('',#5167,1);
#5169 = LINE('',#5166, #5168);
#5170 = SURFACE_CURVE('', #5169);
#5171 = EDGE_CURVE('', #5163, #5165,#5170,.T.);
#5172 = ORIENTED_EDGE('',*,*,#5142,.F.);
#5173 = ORIENTED_EDGE('',*,*,#5171,.T.);
#5174 = ORIENTED_EDGE('',*,*,#16,.F.);
#5175 = CARTESIAN_POINT('', (50,50,10));
#5176 = DIRECTION('', (1, 0, 0));
#5177 = DIRECTION('', (0, -0.980581, -0.196116));
#5178 = AXIS2_PLACEMENT_3D('',#5175,#5176,#5177);
#5179 = PLANE('',#5178);
#5180 = EDGE_LOOP('', (#5172,#5173,#5174));
#5181 = FACE_BOUND('', #5180,.T.);
#5182 = ADVANCED_FACE('', (#5181),#5179,.T.);
#5183 = CARTESIAN_POINT('', (0,50,55));
#5184 = VERTEX_POINT('', #5183);
#5185 = CARTESIAN_POINT('', (0,50,115));
#5186 = VERTEX_POINT('', #5185);
#5187 = CARTESIAN_POINT('', (50,50,55));
#5188 = VERTEX_POINT('', #5187);
#5189 = CARTESIAN_POINT('', (0,50,115));
#5190 = DIRECTION('', (0.640184, 0, -0.768221));
#5191 = VECTOR('',#5190,1);
#5192 = LINE('',#5189, #5191);
#5193 = SURFACE_CURVE('', #5192);
#5194 = EDGE_CURVE('', #5186, #5188,#5193,.T.);
#5195 = CARTESIAN_POINT('', (50,50,55));
#5196 = DIRECTION('', (-1, 0, 0));
#5197 = VECTOR('',#5196,1);
#5198 = LINE('',#5195, #5197);
#5199 = SURFACE_CURVE('', #5198);
#5200 = EDGE_CURVE('', #5188, #5184,#5199,.T.);
#5201 = ORIENTED_EDGE('',*,*,#457,.F.);
#5202 = ORIENTED_EDGE('',*,*,#5194,.T.);
#5203 = ORIENTED_EDGE('',*,*,#5200,.T.);
#5204 = CARTESIAN_POINT('', (0,50,55));
#5205 = DIRECTION('', (0, 1, 0));
#5206 = DIRECTION('', (0, 0, 1));
#5207 = AXIS2_PLACEMENT_3D('',#5204,#5205,#5206);
#5208 = PLANE('',#5207);
#5209 = EDGE_LOOP('', (#5201,#5202,#5203));
#5210 = FACE_BOUND('', #5209,.T.);
#5211 = ADVANCED_FACE('', (#5210),#5208,.T.);
#5212 = CARTESIAN_POINT('', (50,50,55));
#5213 = VERTEX_POINT('', #5212);
#5214 = CARTESIAN_POINT('', (0,50,115));
#5215 = VERTEX_POINT('', #5214);
#5216 = CARTESIAN_POINT('', (50,50,115));
#5217 = VERTEX_POINT('', #5216);
#5218 = ORIENTED_EDGE('',*,*,#5194,.F.);
#5219 = ORIENTED_EDGE('',*,*,#231,.F.);
#5220 = ORIENTED_EDGE('',*,*,#5032,.F.);
#5221 = CARTESIAN_POINT('', (50,50,55));
#5222 = DIRECTION('', (0, 1, -0));
#5223 = DIRECTION('', (-0.640184, 0, 0.768221));
#5224 = AXIS2_PLACEMENT_3D('',#5221,#5222,#5223);
#5225 = PLANE('',#5224);
#5226 = EDGE_LOOP('', (#5218,#5219,#5220));
#5227 = FACE_BOUND('', #5226,.T.);
#5228 = ADVANCED_FACE('', (#5227),#5225,.T.);
#5229 = CARTESIAN_POINT('', (5,45,115));
#5230 = VERTEX_POINT('', #5229);
#5231 = CARTESIAN_POINT('', (5,4.9,115));
#5232 = VERTEX_POINT('', #5231);
#5233 = CARTESIAN_POINT('', (5,45,65));
#5234 = VERTEX_POINT('', #5233);
#5235 = CARTESIAN_POINT('', (5,4.9,115));
#5236 = DIRECTION('', (0, 0.625646, -0.780107));
#5237 = VECTOR('',#5236,1);
#5238 = LINE('',#5235, #5237);
#5239 = SURFACE_CURVE('', #5238);
#5240 = EDGE_CURVE('', #5232, #5234,#5239,.T.);
#5241 = CARTESIAN_POINT('', (5,45,65));
#5242 = DIRECTION('', (0, 0, 1));
#5243 = VECTOR('',#5242,1);
#5244 = LINE('',#5241, #5243);
#5245 = SURFACE_CURVE('', #5244);
#5246 = EDGE_CURVE('', #5234, #5230,#5245,.T.);
#5247 = ORIENTED_EDGE('',*,*,#266,.F.);
#5248 = ORIENTED_EDGE('',*,*,#5240,.T.);
#5249 = ORIENTED_EDGE('',*,*,#5246,.T.);
#5250 = CARTESIAN_POINT('', (5,45,115));
#5251 = DIRECTION('', (1, 0, 0));
#5252 = DIRECTION('', (0, -1, 0));
#5253 = AXIS2_PLACEMENT_3D('',#5250,#5251,#5252);
#5254 = PLANE('',#5253);
#5255 = EDGE_LOOP('', (#5247,#5248,#5249));
#5256 = FACE_BOUND('', #5255,.T.);
#5257 = ADVANCED_FACE('', (#5256),#5254,.T.);
#5258 = CARTESIAN_POINT('', (5,45,65));
#5259 = VERTEX_POINT('', #5258);
#5260 = CARTESIAN_POINT('', (5,4.9,115));
#5261 = VERTEX_POINT('', #5260);
#5262 = CARTESIAN_POINT('', (5,4.9,65));
#5263 = VERTEX_POINT('', #5262);
#5264 = CARTESIAN_POINT('', (5,4.9,115));
#5265 = DIRECTION('', (0, 0, -1));
#5266 = VECTOR('',#5265,1);
#5267 = LINE('',#5264, #5266);
#5268 = SURFACE_CURVE('', #5267);
#5269 = EDGE_CURVE('', #5261, #5263,#5268,.T.);
#5270 = CARTESIAN_POINT('', (5,4.9,65));
#5271 = DIRECTION('', (0, 1, 0));
#5272 = VECTOR('',#5271,1);
#5273 = LINE('',#5270, #5272);
#5274 = SURFACE_CURVE('', #5273);
#5275 = EDGE_CURVE('', #5263, #5259,#5274,.T.);
#5276 = ORIENTED_EDGE('',*,*,#5240,.F.);
#5277 = ORIENTED_EDGE('',*,*,#5269,.T.);
#5278 = ORIENTED_EDGE('',*,*,#5275,.T.);
#5279 = CARTESIAN_POINT('', (5,45,65));
#5280 = DIRECTION('', (1, 0, 0));
#5281 = DIRECTION('', (0, -0.625646, 0.780107));
#5282 = AXIS2_PLACEMENT_3D('',#5279,#5280,#5281);
#5283 = PLANE('',#5282);
#5284 = EDGE_LOOP('', (#5276,#5277,#5278));
#5285 = FACE_BOUND('', #5284,.T.);
#5286 = ADVANCED_FACE('', (#5285),#5283,.T.);
#5287 = CARTESIAN_POINT('', (5,4.9,115));
#5288 = VERTEX_POINT('', #5287);
#5289 = CARTESIAN_POINT('', (45.1,4.9,115));
#5290 = VERTEX_POINT('', #5289);
#5291 = CARTESIAN_POINT('', (5,4.9,65));
#5292 = VERTEX_POINT('', #5291);
#5293 = CARTESIAN_POINT('', (45.1,4.9,115));
#5294 = DIRECTION('', (-0.625646, 0, -0.780107));
#5295 = VECTOR('',#5294,1);
#5296 = LINE('',#5293, #5295);
#5297 = SURFACE_CURVE('', #5296);
#5298 = EDGE_CURVE('', #5290, #5292,#5297,.T.);
#5299 = ORIENTED_EDGE('',*,*,#92,.F.);
#5300 = ORIENTED_EDGE('',*,*,#5298,.T.);
#5301 = ORIENTED_EDGE('',*,*,#5269,.F.);
#5302 = CARTESIAN_POINT('', (5,4.9,115));
#5303 = DIRECTION('', (-0, 1, 0));
#5304 = DIRECTION('', (1, 0, 0));
#5305 = AXIS2_PLACEMENT_3D('',#5302,#5303,#5304);
#5306 = PLANE('',#5305);
#5307 = EDGE_LOOP('', (#5299,#5300,#5301));
#5308 = FACE_BOUND('', #5307,.T.);
#5309 = ADVANCED_FACE('', (#5308),#5306,.T.);
#5310 = CARTESIAN_POINT('', (5,4.9,65));
#5311 = VERTEX_POINT('', #5310);
#5312 = CARTESIAN_POINT('', (45.1,4.9,115));
#5313 = VERTEX_POINT('', #5312);
#5314 = CARTESIAN_POINT('', (45.1,4.9,65));
#5315 = VERTEX_POINT('', #5314);
#5316 = CARTESIAN_POINT('', (45.1,4.9,115));
#5317 = DIRECTION('', (0, 0, -1));
#5318 = VECTOR('',#5317,1);
#5319 = LINE('',#5316, #5318);
#5320 = SURFACE_CURVE('', #5319);
#5321 = EDGE_CURVE('', #5313, #5315,#5320,.T.);
#5322 = CARTESIAN_POINT('', (45.1,4.9,65));
#5323 = DIRECTION('', (-1, 0, 0));
#5324 = VECTOR('',#5323,1);
#5325 = LINE('',#5322, #5324);
#5326 = SURFACE_CURVE('', #5325);
#5327 = EDGE_CURVE('', #5315, #5311,#5326,.T.);
#5328 = ORIENTED_EDGE('',*,*,#5298,.F.);
#5329 = ORIENTED_EDGE('',*,*,#5321,.T.);
#5330 = ORIENTED_EDGE('',*,*,#5327,.T.);
#5331 = CARTESIAN_POINT('', (5,4.9,65));
#5332 = DIRECTION('', (0, 1, 0));
#5333 = DIRECTION('', (0.625646, 0, 0.780107));
#5334 = AXIS2_PLACEMENT_3D('',#5331,#5332,#5333);
#5335 = PLANE('',#5334);
#5336 = EDGE_LOOP('', (#5328,#5329,#5330));
#5337 = FACE_BOUND('', #5336,.T.);
#5338 = ADVANCED_FACE('', (#5337),#5335,.T.);
#5339 = CARTESIAN_POINT('', (45.1,4.9,115));
#5340 = VERTEX_POINT('', #5339);
#5341 = CARTESIAN_POINT('', (45.1,45,115));
#5342 = VERTEX_POINT('', #5341);
#5343 = CARTESIAN_POINT('', (45.1,4.9,65));
#5344 = VERTEX_POINT('', #5343);
#5345 = CARTESIAN_POINT('', (45.1,45,115));
#5346 = DIRECTION('', (0, -0.625646, -0.780107));
#5347 = VECTOR('',#5346,1);
#5348 = LINE('',#5345, #5347);
#5349 = SURFACE_CURVE('', #5348);
#5350 = EDGE_CURVE('', #5342, #5344,#5349,.T.);
#5351 = ORIENTED_EDGE('',*,*,#150,.F.);
#5352 = ORIENTED_EDGE('',*,*,#5350,.T.);
#5353 = ORIENTED_EDGE('',*,*,#5321,.F.);
#5354 = CARTESIAN_POINT('', (45.1,4.9,115));
#5355 = DIRECTION('', (-1, 0, 0));
#5356 = DIRECTION('', (0, 1, 0));
#5357 = AXIS2_PLACEMENT_3D('',#5354,#5355,#5356);
#5358 = PLANE('',#5357);
#5359 = EDGE_LOOP('', (#5351,#5352,#5353));
#5360 = FACE_BOUND('', #5359,.T.);
#5361 = ADVANCED_FACE('', (#5360),#5358,.T.);
#5362 = CARTESIAN_POINT('', (45.1,4.9,65));
#5363 = VERTEX_POINT('', #5362);
#5364 = CARTESIAN_POINT('', (45.1,45,115));
#5365 = VERTEX_POINT('', #5364);
#5366 = CARTESIAN_POINT('', (45.1,45,65));
#5367 = VERTEX_POINT('', #5366);
#5368 = CARTESIAN_POINT('', (45.1,45,115));
#5369 = DIRECTION('', (0, 0, -1));
#5370 = VECTOR('',#5369,1);
#5371 = LINE('',#5368, #5370);
#5372 = SURFACE_CURVE('', #5371);
#5373 = EDGE_CURVE('', #5365, #5367,#5372,.T.);
#5374 = CARTESIAN_POINT('', (45.1,45,65));
#5375 = DIRECTION('', (0, -1, 0));
#5376 = VECTOR('',#5375,1);
#5377 = LINE('',#5374, #5376);
#5378 = SURFACE_CURVE('', #5377);
#5379 = EDGE_CURVE('', #5367, #5363,#5378,.T.);
#5380 = ORIENTED_EDGE('',*,*,#5350,.F.);
#5381 = ORIENTED_EDGE('',*,*,#5373,.T.);
#5382 = ORIENTED_EDGE('',*,*,#5379,.T.);
#5383 = CARTESIAN_POINT('', (45.1,4.9,65));
#5384 = DIRECTION('', (-1, 0, 0));
#5385 = DIRECTION('', (0, 0.625646, 0.780107));
#5386 = AXIS2_PLACEMENT_3D('',#5383,#5384,#5385);
#5387 = PLANE('',#5386);
#5388 = EDGE_LOOP('', (#5380,#5381,#5382));
#5389 = FACE_BOUND('', #5388,.T.);
#5390 = ADVANCED_FACE('', (#5389),#5387,.T.);
#5391 = CARTESIAN_POINT('', (45.1,45,115));
#5392 = VERTEX_POINT('', #5391);
#5393 = CARTESIAN_POINT('', (5,45,115));
#5394 = VERTEX_POINT('', #5393);
#5395 = CARTESIAN_POINT('', (45.1,45,65));
#5396 = VERTEX_POINT('', #5395);
#5397 = CARTESIAN_POINT('', (5,45,115));
#5398 = DIRECTION('', (0.625646, 0, -0.780107));
#5399 = VECTOR('',#5398,1);
#5400 = LINE('',#5397, #5399);
#5401 = SURFACE_CURVE('', #5400);
#5402 = EDGE_CURVE('', #5394, #5396,#5401,.T.);
#5403 = ORIENTED_EDGE('',*,*,#208,.F.);
#5404 = ORIENTED_EDGE('',*,*,#5402,.T.);
#5405 = ORIENTED_EDGE('',*,*,#5373,.F.);
#5406 = CARTESIAN_POINT('', (45.1,45,115));
#5407 = DIRECTION('', (-0, -1, -0));
#5408 = DIRECTION('', (-1, 0, 0));
#5409 = AXIS2_PLACEMENT_3D('',#5406,#5407,#5408);
#5410 = PLANE('',#5409);
#5411 = EDGE_LOOP('', (#5403,#5404,#5405));
#5412 = FACE_BOUND('', #5411,.T.);
#5413 = ADVANCED_FACE('', (#5412),#5410,.T.);
#5414 = CARTESIAN_POINT('', (45.1,45,65));
#5415 = VERTEX_POINT('', #5414);
#5416 = CARTESIAN_POINT('', (5,45,115));
#5417 = VERTEX_POINT('', #5416);
#5418 = CARTESIAN_POINT('', (5,45,65));
#5419 = VERTEX_POINT('', #5418);
#5420 = CARTESIAN_POINT('', (5,45,65));
#5421 = DIRECTION('', (1, 0, 0));
#5422 = VECTOR('',#5421,1);
#5423 = LINE('',#5420, #5422);
#5424 = SURFACE_CURVE('', #5423);
#5425 = EDGE_CURVE('', #5419, #5415,#5424,.T.);
#5426 = ORIENTED_EDGE('',*,*,#5402,.F.);
#5427 = ORIENTED_EDGE('',*,*,#5246,.F.);
#5428 = ORIENTED_EDGE('',*,*,#5425,.T.);
#5429 = CARTESIAN_POINT('', (45.1,45,65));
#5430 = DIRECTION('', (0, -1, 0));
#5431 = DIRECTION('', (-0.625646, 0, 0.780107));
#5432 = AXIS2_PLACEMENT_3D('',#5429,#5430,#5431);
#5433 = PLANE('',#5432);
#5434 = EDGE_LOOP('', (#5426,#5427,#5428));
#5435 = FACE_BOUND('', #5434,.T.);
#5436 = ADVANCED_FACE('', (#5435),#5433,.T.);
#5437 = CARTESIAN_POINT('', (5,45,65));
#5438 = VERTEX_POINT('', #5437);
#5439 = CARTESIAN_POINT('', (5,4.9,65));
#5440 = VERTEX_POINT('', #5439);
#5441 = CARTESIAN_POINT('', (45.1,45,65));
#5442 = VERTEX_POINT('', #5441);
#5443 = CARTESIAN_POINT('', (5,4.9,65));
#5444 = DIRECTION('', (0.707107, 0.707107, 0));
#5445 = VECTOR('',#5444,1);
#5446 = LINE('',#5443, #5445);
#5447 = SURFACE_CURVE('', #5446);
#5448 = EDGE_CURVE('', #5440, #5442,#5447,.T.);
#5449 = ORIENTED_EDGE('',*,*,#5275,.F.);
#5450 = ORIENTED_EDGE('',*,*,#5448,.T.);
#5451 = ORIENTED_EDGE('',*,*,#5425,.F.);
#5452 = CARTESIAN_POINT('', (5,45,65));
#5453 = DIRECTION('', (-0, 0, 1));
#5454 = DIRECTION('', (0, -1, 0));
#5455 = AXIS2_PLACEMENT_3D('',#5452,#5453,#5454);
#5456 = PLANE('',#5455);
#5457 = EDGE_LOOP('', (#5449,#5450,#5451));
#5458 = FACE_BOUND('', #5457,.T.);
#5459 = ADVANCED_FACE('', (#5458),#5456,.T.);
#5460 = CARTESIAN_POINT('', (45.1,45,65));
#5461 = VERTEX_POINT('', #5460);
#5462 = CARTESIAN_POINT('', (5,4.9,65));
#5463 = VERTEX_POINT('', #5462);
#5464 = CARTESIAN_POINT('', (45.1,4.9,65));
#5465 = VERTEX_POINT('', #5464);
#5466 = ORIENTED_EDGE('',*,*,#5448,.F.);
#5467 = ORIENTED_EDGE('',*,*,#5327,.F.);
#5468 = ORIENTED_EDGE('',*,*,#5379,.F.);
#5469 = CARTESIAN_POINT('', (45.1,45,65));
#5470 = DIRECTION('', (0, 0, 1));
#5471 = DIRECTION('', (-0.707107, -0.707107, 0));
#5472 = AXIS2_PLACEMENT_3D('',#5469,#5470,#5471);
#5473 = PLANE('',#5472);
#5474 = EDGE_LOOP('', (#5466,#5467,#5468));
#5475 = FACE_BOUND('', #5474,.T.);
#5476 = ADVANCED_FACE('', (#5475),#5473,.T.);
#5477 = CARTESIAN_POINT('', (0,0,0));
#5478 = VERTEX_POINT('', #5477);
#5479 = CARTESIAN_POINT('', (0,50,0));
#5480 = VERTEX_POINT('', #5479);
#5481 = CARTESIAN_POINT('', (50,0,0));
#5482 = VERTEX_POINT('', #5481);
#5483 = CARTESIAN_POINT('', (0,50,0));
#5484 = DIRECTION('', (0.707107, -0.707107, 0));
#5485 = VECTOR('',#5484,1);
#5486 = LINE('',#5483, #5485);
#5487 = SURFACE_CURVE('', #5486);
#5488 = EDGE_CURVE('', #5480, #5482,#5487,.T.);
#5489 = ORIENTED_EDGE('',*,*,#341,.F.);
#5490 = ORIENTED_EDGE('',*,*,#5488,.T.);
#5491 = ORIENTED_EDGE('',*,*,#2703,.F.);
#5492 = CARTESIAN_POINT('', (0,0,0));
#5493 = DIRECTION('', (0, 0, -1));
#5494 = DIRECTION('', (0, 1, 0));
#5495 = AXIS2_PLACEMENT_3D('',#5492,#5493,#5494);
#5496 = PLANE('',#5495);
#5497 = EDGE_LOOP('', (#5489,#5490,#5491));
#5498 = FACE_BOUND('', #5497,.T.);
#5499 = ADVANCED_FACE('', (#5498),#5496,.T.);
#5500 = CARTESIAN_POINT('', (50,0,0));
#5501 = VERTEX_POINT('', #5500);
#5502 = CARTESIAN_POINT('', (0,50,0));
#5503 = VERTEX_POINT('', #5502);
#5504 = CARTESIAN_POINT('', (50,50,0));
#5505 = VERTEX_POINT('', #5504);
#5506 = ORIENTED_EDGE('',*,*,#5488,.F.);
#5507 = ORIENTED_EDGE('',*,*,#51,.F.);
#5508 = ORIENTED_EDGE('',*,*,#5171,.F.);
#5509 = CARTESIAN_POINT('', (50,0,0));
#5510 = DIRECTION('', (0, 0, -1));
#5511 = DIRECTION('', (-0.707107, 0.707107, 0));
#5512 = AXIS2_PLACEMENT_3D('',#5509,#5510,#5511);
#5513 = PLANE('',#5512);
#5514 = EDGE_LOOP('', (#5506,#5507,#5508));
#5515 = FACE_BOUND('', #5514,.T.);
#5516 = ADVANCED_FACE('', (#5515),#5513,.T.);
#5517 = CARTESIAN_POINT('', (0,24,10));
#5518 = VERTEX_POINT('', #5517);
#5519 = CARTESIAN_POINT('', (50,24,10));
#5520 = VERTEX_POINT('', #5519);
#5521 = CARTESIAN_POINT('', (0,50,10));
#5522 = VERTEX_POINT('', #5521);
#5523 = CARTESIAN_POINT('', (0,24,10));
#5524 = DIRECTION('', (1, 0, 0));
#5525 = VECTOR('',#5524,1);
#5526 = LINE('',#5523, #5525);
#5527 = SURFACE_CURVE('', #5526);
#5528 = EDGE_CURVE('', #5518, #5520,#5527,.T.);
#5529 = CARTESIAN_POINT('', (50,24,10));
#5530 = DIRECTION('', (-0.887217, 0.461353, 0));
#5531 = VECTOR('',#5530,1);
#5532 = LINE('',#5529, #5531);
#5533 = SURFACE_CURVE('', #5532);
#5534 = EDGE_CURVE('', #5520, #5522,#5533,.T.);
#5535 = ORIENTED_EDGE('',*,*,#5528,.T.);
#5536 = ORIENTED_EDGE('',*,*,#5534,.T.);
#5537 = ORIENTED_EDGE('',*,*,#318,.F.);
#5538 = CARTESIAN_POINT('', (0,24,10));
#5539 = DIRECTION('', (0, 0, 1));
#5540 = DIRECTION('', (1, 0, 0));
#5541 = AXIS2_PLACEMENT_3D('',#5538,#5539,#5540);
#5542 = PLANE('',#5541);
#5543 = EDGE_LOOP('', (#5535,#5536,#5537));
#5544 = FACE_BOUND('', #5543,.T.);
#5545 = ADVANCED_FACE('', (#5544),#5542,.T.);
#5546 = CARTESIAN_POINT('', (0,50,10));
#5547 = VERTEX_POINT('', #5546);
#5548 = CARTESIAN_POINT('', (50,24,10));
#5549 = VERTEX_POINT('', #5548);
#5550 = CARTESIAN_POINT('', (50,50,10));
#5551 = VERTEX_POINT('', #5550);
#5552 = ORIENTED_EDGE('',*,*,#5534,.F.);
#5553 = ORIENTED_EDGE('',*,*,#5148,.F.);
#5554 = ORIENTED_EDGE('',*,*,#28,.F.);
#5555 = CARTESIAN_POINT('', (0,50,10));
#5556 = DIRECTION('', (-0, 0, 1));
#5557 = DIRECTION('', (0.887217, -0.461353, 0));
#5558 = AXIS2_PLACEMENT_3D('',#5555,#5556,#5557);
#5559 = PLANE('',#5558);
#5560 = EDGE_LOOP('', (#5552,#5553,#5554));
#5561 = FACE_BOUND('', #5560,.T.);
#5562 = ADVANCED_FACE('', (#5561),#5559,.T.);
#5563 = CARTESIAN_POINT('', (50,24,55));
#5564 = VERTEX_POINT('', #5563);
#5565 = CARTESIAN_POINT('', (0,24,55));
#5566 = VERTEX_POINT('', #5565);
#5567 = CARTESIAN_POINT('', (50,50,55));
#5568 = VERTEX_POINT('', #5567);
#5569 = CARTESIAN_POINT('', (50,24,55));
#5570 = DIRECTION('', (-1, 0, 0));
#5571 = VECTOR('',#5570,1);
#5572 = LINE('',#5569, #5571);
#5573 = SURFACE_CURVE('', #5572);
#5574 = EDGE_CURVE('', #5564, #5566,#5573,.T.);
#5575 = CARTESIAN_POINT('', (0,24,55));
#5576 = DIRECTION('', (0.887217, 0.461353, 0));
#5577 = VECTOR('',#5576,1);
#5578 = LINE('',#5575, #5577);
#5579 = SURFACE_CURVE('', #5578);
#5580 = EDGE_CURVE('', #5566, #5568,#5579,.T.);
#5581 = ORIENTED_EDGE('',*,*,#5574,.T.);
#5582 = ORIENTED_EDGE('',*,*,#5580,.T.);
#5583 = ORIENTED_EDGE('',*,*,#5044,.F.);
#5584 = CARTESIAN_POINT('', (50,24,55));
#5585 = DIRECTION('', (0, 0, -1));
#5586 = DIRECTION('', (-1, 0, 0));
#5587 = AXIS2_PLACEMENT_3D('',#5584,#5585,#5586);
#5588 = PLANE('',#5587);
#5589 = EDGE_LOOP('', (#5581,#5582,#5583));
#5590 = FACE_BOUND('', #5589,.T.);
#5591 = ADVANCED_FACE('', (#5590),#5588,.T.);
#5592 = CARTESIAN_POINT('', (50,50,55));
#5593 = VERTEX_POINT('', #5592);
#5594 = CARTESIAN_POINT('', (0,24,55));
#5595 = VERTEX_POINT('', #5594);
#5596 = CARTESIAN_POINT('', (0,50,55));
#5597 = VERTEX_POINT('', #5596);
#5598 = ORIENTED_EDGE('',*,*,#5580,.F.);
#5599 = ORIENTED_EDGE('',*,*,#434,.F.);
#5600 = ORIENTED_EDGE('',*,*,#5200,.F.);
#5601 = CARTESIAN_POINT('', (50,50,55));
#5602 = DIRECTION('', (-0, 0, -1));
#5603 = DIRECTION('', (-0.887217, -0.461353, 0));
#5604 = AXIS2_PLACEMENT_3D('',#5601,#5602,#5603);
#5605 = PLANE('',#5604);
#5606 = EDGE_LOOP('', (#5598,#5599,#5600));
#5607 = FACE_BOUND('', #5606,.T.);
#5608 = ADVANCED_FACE('', (#5607),#5605,.T.);
#5609 = CARTESIAN_POINT('', (43.4798,24,49.1675));
#5610 = VERTEX_POINT('', #5609);
#5611 = CARTESIAN_POINT('', (43.3904,24,49.5821));
#5612 = VERTEX_POINT('', #5611);
#5613 = CARTESIAN_POINT('', (50,24,55));
#5614 = VERTEX_POINT('', #5613);
#5615 = CARTESIAN_POINT('', (43.4798,24,49.1675));
#5616 = DIRECTION('', (-0.210684, 0, 0.977554));
#5617 = VECTOR('',#5616,1);
#5618 = LINE('',#5615, #5617);
#5619 = SURFACE_CURVE('', #5618);
#5620 = EDGE_CURVE('', #5610, #5612,#5619,.T.);
#5621 = CARTESIAN_POINT('', (43.3904,24,49.5821));
#5622 = DIRECTION('', (0.773378, 0, 0.633945));
#5623 = VECTOR('',#5622,1);
#5624 = LINE('',#5621, #5623);
#5625 = SURFACE_CURVE('', #5624);
#5626 = EDGE_CURVE('', #5612, #5614,#5625,.T.);
#5627 = CARTESIAN_POINT('', (50,24,55));
#5628 = DIRECTION('', (-0.745324, 0, -0.666703));
#5629 = VECTOR('',#5628,1);
#5630 = LINE('',#5627, #5629);
#5631 = SURFACE_CURVE('', #5630);
#5632 = EDGE_CURVE('', #5614, #5610,#5631,.T.);
#5633 = ORIENTED_EDGE('',*,*,#5620,.T.);
#5634 = ORIENTED_EDGE('',*,*,#5626,.T.);
#5635 = ORIENTED_EDGE('',*,*,#5632,.T.);
#5636 = CARTESIAN_POINT('', (43.4798,24,49.1675));
#5637 = DIRECTION('', (0, 1, -0));
#5638 = DIRECTION('', (-0.210684, 0, 0.977554));
#5639 = AXIS2_PLACEMENT_3D('',#5636,#5637,#5638);
#5640 = PLANE('',#5639);
#5641 = EDGE_LOOP('', (#5633,#5634,#5635));
#5642 = FACE_BOUND('', #5641,.T.);
#5643 = ADVANCED_FACE('', (#5642),#5640,.T.);
#5644 = CARTESIAN_POINT('', (42.0298,24,19.0281));
#5645 = VERTEX_POINT('', #5644);
#5646 = CARTESIAN_POINT('', (41.6299,24,19.1693));
#5647 = VERTEX_POINT('', #5646);
#5648 = CARTESIAN_POINT('', (38.6803,24,47.9179));
#5649 = VERTEX_POINT('', #5648);
#5650 = CARTESIAN_POINT('', (42.0298,24,19.0281));
#5651 = DIRECTION('', (-0.942878, 0, 0.33314));
#5652 = VECTOR('',#5651,1);
#5653 = LINE('',#5650, #5652);
#5654 = SURFACE_CURVE('', #5653);
#5655 = EDGE_CURVE('', #5645, #5647,#5654,.T.);
#5656 = CARTESIAN_POINT('', (41.6299,24,19.1693));
#5657 = DIRECTION('', (-0.102066, 0, 0.994778));
#5658 = VECTOR('',#5657,1);
#5659 = LINE('',#5656, #5658);
#5660 = SURFACE_CURVE('', #5659);
#5661 = EDGE_CURVE('', #5647, #5649,#5660,.T.);
#5662 = CARTESIAN_POINT('', (38.6803,24,47.9179));
#5663 = DIRECTION('', (0.115168, 0, -0.993346));
#5664 = VECTOR('',#5663,1);
#5665 = LINE('',#5662, #5664);
#5666 = SURFACE_CURVE('', #5665);
#5667 = EDGE_CURVE('', #5649, #5645,#5666,.T.);
#5668 = ORIENTED_EDGE('',*,*,#5655,.T.);
#5669 = ORIENTED_EDGE('',*,*,#5661,.T.);
#5670 = ORIENTED_EDGE('',*,*,#5667,.T.);
#5671 = CARTESIAN_POINT('', (42.0298,24,19.0281));
#5672 = DIRECTION('', (0, 1, 0));
#5673 = DIRECTION('', (-0.942878, 0, 0.33314));
#5674 = AXIS2_PLACEMENT_3D('',#5671,#5672,#5673);
#5675 = PLANE('',#5674);
#5676 = EDGE_LOOP('', (#5668,#5669,#5670));
#5677 = FACE_BOUND('', #5676,.T.);
#5678 = ADVANCED_FACE('', (#5677),#5675,.T.);
#5679 = CARTESIAN_POINT('', (50,24,55));
#5680 = VERTEX_POINT('', #5679);
#5681 = CARTESIAN_POINT('', (40.788,24,51.341));
#5682 = VERTEX_POINT('', #5681);
#5683 = CARTESIAN_POINT('', (0,24,55));
#5684 = VERTEX_POINT('', #5683);
#5685 = CARTESIAN_POINT('', (50,24,55));
#5686 = DIRECTION('', (-0.929372, 0, -0.369146));
#5687 = VECTOR('',#5686,1);
#5688 = LINE('',#5685, #5687);
#5689 = SURFACE_CURVE('', #5688);
#5690 = EDGE_CURVE('', #5680, #5682,#5689,.T.);
#5691 = CARTESIAN_POINT('', (40.788,24,51.341));
#5692 = DIRECTION('', (-0.996, 0, 0.0893491));
#5693 = VECTOR('',#5692,1);
#5694 = LINE('',#5691, #5693);
#5695 = SURFACE_CURVE('', #5694);
#5696 = EDGE_CURVE('', #5682, #5684,#5695,.T.);
#5697 = ORIENTED_EDGE('',*,*,#5690,.T.);
#5698 = ORIENTED_EDGE('',*,*,#5696,.T.);
#5699 = ORIENTED_EDGE('',*,*,#5574,.F.);
#5700 = CARTESIAN_POINT('', (50,24,55));
#5701 = DIRECTION('', (0, 1, 0));
#5702 = DIRECTION('', (-0.929372, 0, -0.369146));
#5703 = AXIS2_PLACEMENT_3D('',#5700,#5701,#5702);
#5704 = PLANE('',#5703);
#5705 = EDGE_LOOP('', (#5697,#5698,#5699));
#5706 = FACE_BOUND('', #5705,.T.);
#5707 = ADVANCED_FACE('', (#5706),#5704,.T.);
#5708 = CARTESIAN_POINT('', (0,24,55));
#5709 = VERTEX_POINT('', #5708);
#5710 = CARTESIAN_POINT('', (40.788,24,51.341));
#5711 = VERTEX_POINT('', #5710);
#5712 = CARTESIAN_POINT('', (40.3701,24,51.2693));
#5713 = VERTEX_POINT('', #5712);
#5714 = CARTESIAN_POINT('', (40.788,24,51.341));
#5715 = DIRECTION('', (-0.985615, 0, -0.169006));
#5716 = VECTOR('',#5715,1);
#5717 = LINE('',#5714, #5716);
#5718 = SURFACE_CURVE('', #5717);
#5719 = EDGE_CURVE('', #5711, #5713,#5718,.T.);
#5720 = CARTESIAN_POINT('', (40.3701,24,51.2693));
#5721 = DIRECTION('', (-0.995757, 0, 0.0920197));
#5722 = VECTOR('',#5721,1);
#5723 = LINE('',#5720, #5722);
#5724 = SURFACE_CURVE('', #5723);
#5725 = EDGE_CURVE('', #5713, #5709,#5724,.T.);
#5726 = ORIENTED_EDGE('',*,*,#5696,.F.);
#5727 = ORIENTED_EDGE('',*,*,#5719,.T.);
#5728 = ORIENTED_EDGE('',*,*,#5725,.T.);
#5729 = CARTESIAN_POINT('', (0,24,55));
#5730 = DIRECTION('', (0, 1, 0));
#5731 = DIRECTION('', (0.996, 0, -0.0893491));
#5732 = AXIS2_PLACEMENT_3D('',#5729,#5730,#5731);
#5733 = PLANE('',#5732);
#5734 = EDGE_LOOP('', (#5726,#5727,#5728));
#5735 = FACE_BOUND('', #5734,.T.);
#5736 = ADVANCED_FACE('', (#5735),#5733,.T.);
#5737 = CARTESIAN_POINT('', (0,24,55));
#5738 = VERTEX_POINT('', #5737);
#5739 = CARTESIAN_POINT('', (40.3701,24,51.2693));
#5740 = VERTEX_POINT('', #5739);
#5741 = CARTESIAN_POINT('', (39.9702,24,51.1281));
#5742 = VERTEX_POINT('', #5741);
#5743 = CARTESIAN_POINT('', (40.3701,24,51.2693));
#5744 = DIRECTION('', (-0.94288, 0, -0.333132));
#5745 = VECTOR('',#5744,1);
#5746 = LINE('',#5743, #5745);
#5747 = SURFACE_CURVE('', #5746);
#5748 = EDGE_CURVE('', #5740, #5742,#5747,.T.);
#5749 = CARTESIAN_POINT('', (39.9702,24,51.1281));
#5750 = DIRECTION('', (-0.995341, 0, 0.0964189));
#5751 = VECTOR('',#5750,1);
#5752 = LINE('',#5749, #5751);
#5753 = SURFACE_CURVE('', #5752);
#5754 = EDGE_CURVE('', #5742, #5738,#5753,.T.);
#5755 = ORIENTED_EDGE('',*,*,#5725,.F.);
#5756 = ORIENTED_EDGE('',*,*,#5748,.T.);
#5757 = ORIENTED_EDGE('',*,*,#5754,.T.);
#5758 = CARTESIAN_POINT('', (0,24,55));
#5759 = DIRECTION('', (0, 1, 0));
#5760 = DIRECTION('', (0.995757, 0, -0.0920197));
#5761 = AXIS2_PLACEMENT_3D('',#5758,#5759,#5760);
#5762 = PLANE('',#5761);
#5763 = EDGE_LOOP('', (#5755,#5756,#5757));
#5764 = FACE_BOUND('', #5763,.T.);
#5765 = ADVANCED_FACE('', (#5764),#5762,.T.);
#5766 = CARTESIAN_POINT('', (39.9702,24,51.1281));
#5767 = VERTEX_POINT('', #5766);
#5768 = CARTESIAN_POINT('', (39.6001,24,50.9213));
#5769 = VERTEX_POINT('', #5768);
#5770 = CARTESIAN_POINT('', (0,24,55));
#5771 = VERTEX_POINT('', #5770);
#5772 = CARTESIAN_POINT('', (39.9702,24,51.1281));
#5773 = DIRECTION('', (-0.873012, 0, -0.487699));
#5774 = VECTOR('',#5773,1);
#5775 = LINE('',#5772, #5774);
#5776 = SURFACE_CURVE('', #5775);
#5777 = EDGE_CURVE('', #5767, #5769,#5776,.T.);
#5778 = CARTESIAN_POINT('', (39.6001,24,50.9213));
#5779 = DIRECTION('', (-0.994738, 0, 0.102456));
#5780 = VECTOR('',#5779,1);
#5781 = LINE('',#5778, #5780);
#5782 = SURFACE_CURVE('', #5781);
#5783 = EDGE_CURVE('', #5769, #5771,#5782,.T.);
#5784 = ORIENTED_EDGE('',*,*,#5777,.T.);
#5785 = ORIENTED_EDGE('',*,*,#5783,.T.);
#5786 = ORIENTED_EDGE('',*,*,#5754,.F.);
#5787 = CARTESIAN_POINT('', (39.9702,24,51.1281));
#5788 = DIRECTION('', (0, 1, 0));
#5789 = DIRECTION('', (-0.873012, 0, -0.487699));
#5790 = AXIS2_PLACEMENT_3D('',#5787,#5788,#5789);
#5791 = PLANE('',#5790);
#5792 = EDGE_LOOP('', (#5784,#5785,#5786));
#5793 = FACE_BOUND('', #5792,.T.);
#5794 = ADVANCED_FACE('', (#5793),#5791,.T.);
#5795 = CARTESIAN_POINT('', (0,24,55));
#5796 = VERTEX_POINT('', #5795);
#5797 = CARTESIAN_POINT('', (39.6001,24,50.9213));
#5798 = VERTEX_POINT('', #5797);
#5799 = CARTESIAN_POINT('', (39.2702,24,50.6549));
#5800 = VERTEX_POINT('', #5799);
#5801 = CARTESIAN_POINT('', (39.6001,24,50.9213));
#5802 = DIRECTION('', (-0.778036, 0, -0.62822));
#5803 = VECTOR('',#5802,1);
#5804 = LINE('',#5801, #5803);
#5805 = SURFACE_CURVE('', #5804);
#5806 = EDGE_CURVE('', #5798, #5800,#5805,.T.);
#5807 = CARTESIAN_POINT('', (39.2702,24,50.6549));
#5808 = DIRECTION('', (-0.993934, 0, 0.109975));
#5809 = VECTOR('',#5808,1);
#5810 = LINE('',#5807, #5809);
#5811 = SURFACE_CURVE('', #5810);
#5812 = EDGE_CURVE('', #5800, #5796,#5811,.T.);
#5813 = ORIENTED_EDGE('',*,*,#5783,.F.);
#5814 = ORIENTED_EDGE('',*,*,#5806,.T.);
#5815 = ORIENTED_EDGE('',*,*,#5812,.T.);
#5816 = CARTESIAN_POINT('', (0,24,55));
#5817 = DIRECTION('', (0, 1, 0));
#5818 = DIRECTION('', (0.994738, 0, -0.102456));
#5819 = AXIS2_PLACEMENT_3D('',#5816,#5817,#5818);
#5820 = PLANE('',#5819);
#5821 = EDGE_LOOP('', (#5813,#5814,#5815));
#5822 = FACE_BOUND('', #5821,.T.);
#5823 = ADVANCED_FACE('', (#5822),#5820,.T.);
#5824 = CARTESIAN_POINT('', (0,24,55));
#5825 = VERTEX_POINT('', #5824);
#5826 = CARTESIAN_POINT('', (39.2702,24,50.6549));
#5827 = VERTEX_POINT('', #5826);
#5828 = CARTESIAN_POINT('', (38.99,24,50.3366));
#5829 = VERTEX_POINT('', #5828);
#5830 = CARTESIAN_POINT('', (39.2702,24,50.6549));
#5831 = DIRECTION('', (-0.660679, 0, -0.750669));
#5832 = VECTOR('',#5831,1);
#5833 = LINE('',#5830, #5832);
#5834 = SURFACE_CURVE('', #5833);
#5835 = EDGE_CURVE('', #5827, #5829,#5834,.T.);
#5836 = CARTESIAN_POINT('', (38.99,24,50.3366));
#5837 = DIRECTION('', (-0.992923, 0, 0.118759));
#5838 = VECTOR('',#5837,1);
#5839 = LINE('',#5836, #5838);
#5840 = SURFACE_CURVE('', #5839);
#5841 = EDGE_CURVE('', #5829, #5825,#5840,.T.);
#5842 = ORIENTED_EDGE('',*,*,#5812,.F.);
#5843 = ORIENTED_EDGE('',*,*,#5835,.T.);
#5844 = ORIENTED_EDGE('',*,*,#5841,.T.);
#5845 = CARTESIAN_POINT('', (0,24,55));
#5846 = DIRECTION('', (0, 1, 0));
#5847 = DIRECTION('', (0.993934, 0, -0.109975));
#5848 = AXIS2_PLACEMENT_3D('',#5845,#5846,#5847);
#5849 = PLANE('',#5848);
#5850 = EDGE_LOOP('', (#5842,#5843,#5844));
#5851 = FACE_BOUND('', #5850,.T.);
#5852 = ADVANCED_FACE('', (#5851),#5849,.T.);
#5853 = CARTESIAN_POINT('', (38.99,24,50.3366));
#5854 = VERTEX_POINT('', #5853);
#5855 = CARTESIAN_POINT('', (38.7677,24,49.9755));
#5856 = VERTEX_POINT('', #5855);
#5857 = CARTESIAN_POINT('', (0,24,55));
#5858 = VERTEX_POINT('', #5857);
#5859 = CARTESIAN_POINT('', (38.99,24,50.3366));
#5860 = DIRECTION('', (-0.524302, 0, -0.851532));
#5861 = VECTOR('',#5860,1);
#5862 = LINE('',#5859, #5861);
#5863 = SURFACE_CURVE('', #5862);
#5864 = EDGE_CURVE('', #5854, #5856,#5863,.T.);
#5865 = CARTESIAN_POINT('', (38.7677,24,49.9755));
#5866 = DIRECTION('', (-0.991706, 0, 0.12853));
#5867 = VECTOR('',#5866,1);
#5868 = LINE('',#5865, #5867);
#5869 = SURFACE_CURVE('', #5868);
#5870 = EDGE_CURVE('', #5856, #5858,#5869,.T.);
#5871 = ORIENTED_EDGE('',*,*,#5864,.T.);
#5872 = ORIENTED_EDGE('',*,*,#5870,.T.);
#5873 = ORIENTED_EDGE('',*,*,#5841,.F.);
#5874 = CARTESIAN_POINT('', (38.99,24,50.3366));
#5875 = DIRECTION('', (0, 1, 0));
#5876 = DIRECTION('', (-0.524302, 0, -0.851532));
#5877 = AXIS2_PLACEMENT_3D('',#5874,#5875,#5876);
#5878 = PLANE('',#5877);
#5879 = EDGE_LOOP('', (#5871,#5872,#5873));
#5880 = FACE_BOUND('', #5879,.T.);
#5881 = ADVANCED_FACE('', (#5880),#5878,.T.);
#5882 = CARTESIAN_POINT('', (0,24,55));
#5883 = VERTEX_POINT('', #5882);
#5884 = CARTESIAN_POINT('', (38.7677,24,49.9755));
#5885 = VERTEX_POINT('', #5884);
#5886 = CARTESIAN_POINT('', (38.6096,24,49.5821));
#5887 = VERTEX_POINT('', #5886);
#5888 = CARTESIAN_POINT('', (38.7677,24,49.9755));
#5889 = DIRECTION('', (-0.372853, 0, -0.92789));
#5890 = VECTOR('',#5889,1);
#5891 = LINE('',#5888, #5890);
#5892 = SURFACE_CURVE('', #5891);
#5893 = EDGE_CURVE('', #5885, #5887,#5892,.T.);
#5894 = CARTESIAN_POINT('', (38.6096,24,49.5821));
#5895 = DIRECTION('', (-0.990297, 0, 0.138965));
#5896 = VECTOR('',#5895,1);
#5897 = LINE('',#5894, #5896);
#5898 = SURFACE_CURVE('', #5897);
#5899 = EDGE_CURVE('', #5887, #5883,#5898,.T.);
#5900 = ORIENTED_EDGE('',*,*,#5870,.F.);
#5901 = ORIENTED_EDGE('',*,*,#5893,.T.);
#5902 = ORIENTED_EDGE('',*,*,#5899,.T.);
#5903 = CARTESIAN_POINT('', (0,24,55));
#5904 = DIRECTION('', (0, 1, 0));
#5905 = DIRECTION('', (0.991706, 0, -0.12853));
#5906 = AXIS2_PLACEMENT_3D('',#5903,#5904,#5905);
#5907 = PLANE('',#5906);
#5908 = EDGE_LOOP('', (#5900,#5901,#5902));
#5909 = FACE_BOUND('', #5908,.T.);
#5910 = ADVANCED_FACE('', (#5909),#5907,.T.);
#5911 = CARTESIAN_POINT('', (0,24,55));
#5912 = VERTEX_POINT('', #5911);
#5913 = CARTESIAN_POINT('', (38.6096,24,49.5821));
#5914 = VERTEX_POINT('', #5913);
#5915 = CARTESIAN_POINT('', (9.62994,24,51.2693));
#5916 = VERTEX_POINT('', #5915);
#5917 = CARTESIAN_POINT('', (38.6096,24,49.5821));
#5918 = DIRECTION('', (-0.998309, 0, 0.0581243));
#5919 = VECTOR('',#5918,1);
#5920 = LINE('',#5917, #5919);
#5921 = SURFACE_CURVE('', #5920);
#5922 = EDGE_CURVE('', #5914, #5916,#5921,.T.);
#5923 = CARTESIAN_POINT('', (9.62994,24,51.2693));
#5924 = DIRECTION('', (-0.932472, 0, 0.361242));
#5925 = VECTOR('',#5924,1);
#5926 = LINE('',#5923, #5925);
#5927 = SURFACE_CURVE('', #5926);
#5928 = EDGE_CURVE('', #5916, #5912,#5927,.T.);
#5929 = ORIENTED_EDGE('',*,*,#5899,.F.);
#5930 = ORIENTED_EDGE('',*,*,#5922,.T.);
#5931 = ORIENTED_EDGE('',*,*,#5928,.T.);
#5932 = CARTESIAN_POINT('', (0,24,55));
#5933 = DIRECTION('', (0, 1, 0));
#5934 = DIRECTION('', (0.990297, 0, -0.138965));
#5935 = AXIS2_PLACEMENT_3D('',#5932,#5933,#5934);
#5936 = PLANE('',#5935);
#5937 = EDGE_LOOP('', (#5929,#5930,#5931));
#5938 = FACE_BOUND('', #5937,.T.);
#5939 = ADVANCED_FACE('', (#5938),#5936,.T.);
#5940 = CARTESIAN_POINT('', (9,24,19.25));
#5941 = VERTEX_POINT('', #5940);
#5942 = CARTESIAN_POINT('', (6.87118,24,47.5392));
#5943 = VERTEX_POINT('', #5942);
#5944 = CARTESIAN_POINT('', (7.12332,24,47.1983));
#5945 = VERTEX_POINT('', #5944);
#5946 = CARTESIAN_POINT('', (9,24,19.25));
#5947 = DIRECTION('', (-0.0750399, 0, 0.997181));
#5948 = VECTOR('',#5947,1);
#5949 = LINE('',#5946, #5948);
#5950 = SURFACE_CURVE('', #5949);
#5951 = EDGE_CURVE('', #5941, #5943,#5950,.T.);
#5952 = CARTESIAN_POINT('', (6.87118,24,47.5392));
#5953 = DIRECTION('', (0.594633, 0, -0.803997));
#5954 = VECTOR('',#5953,1);
#5955 = LINE('',#5952, #5954);
#5956 = SURFACE_CURVE('', #5955);
#5957 = EDGE_CURVE('', #5943, #5945,#5956,.T.);
#5958 = CARTESIAN_POINT('', (7.12332,24,47.1983));
#5959 = DIRECTION('', (0.0669974, 0, -0.997753));
#5960 = VECTOR('',#5959,1);
#5961 = LINE('',#5958, #5960);
#5962 = SURFACE_CURVE('', #5961);
#5963 = EDGE_CURVE('', #5945, #5941,#5962,.T.);
#5964 = ORIENTED_EDGE('',*,*,#5951,.T.);
#5965 = ORIENTED_EDGE('',*,*,#5957,.T.);
#5966 = ORIENTED_EDGE('',*,*,#5963,.T.);
#5967 = CARTESIAN_POINT('', (9,24,19.25));
#5968 = DIRECTION('', (0, 1, 0));
#5969 = DIRECTION('', (-0.0750399, 0, 0.997181));
#5970 = AXIS2_PLACEMENT_3D('',#5967,#5968,#5969);
#5971 = PLANE('',#5970);
#5972 = EDGE_LOOP('', (#5964,#5965,#5966));
#5973 = FACE_BOUND('', #5972,.T.);
#5974 = ADVANCED_FACE('', (#5973),#5971,.T.);
#5975 = CARTESIAN_POINT('', (7.12332,24,47.1983));
#5976 = VERTEX_POINT('', #5975);
#5977 = CARTESIAN_POINT('', (7.42945,24,46.9049));
#5978 = VERTEX_POINT('', #5977);
#5979 = CARTESIAN_POINT('', (9,24,19.25));
#5980 = VERTEX_POINT('', #5979);
#5981 = CARTESIAN_POINT('', (7.12332,24,47.1983));
#5982 = DIRECTION('', (0.721954, 0, -0.691941));
#5983 = VECTOR('',#5982,1);
#5984 = LINE('',#5981, #5983);
#5985 = SURFACE_CURVE('', #5984);
#5986 = EDGE_CURVE('', #5976, #5978,#5985,.T.);
#5987 = CARTESIAN_POINT('', (7.42945,24,46.9049));
#5988 = DIRECTION('', (0.0566996, 0, -0.998391));
#5989 = VECTOR('',#5988,1);
#5990 = LINE('',#5987, #5989);
#5991 = SURFACE_CURVE('', #5990);
#5992 = EDGE_CURVE('', #5978, #5980,#5991,.T.);
#5993 = ORIENTED_EDGE('',*,*,#5986,.T.);
#5994 = ORIENTED_EDGE('',*,*,#5992,.T.);
#5995 = ORIENTED_EDGE('',*,*,#5963,.F.);
#5996 = CARTESIAN_POINT('', (7.12332,24,47.1983));
#5997 = DIRECTION('', (0, 1, 0));
#5998 = DIRECTION('', (0.721954, 0, -0.691941));
#5999 = AXIS2_PLACEMENT_3D('',#5996,#5997,#5998);
#6000 = PLANE('',#5999);
#6001 = EDGE_LOOP('', (#5993,#5994,#5995));
#6002 = FACE_BOUND('', #6001,.T.);
#6003 = ADVANCED_FACE('', (#6002),#6000,.T.);
#6004 = CARTESIAN_POINT('', (9,24,19.25));
#6005 = VERTEX_POINT('', #6004);
#6006 = CARTESIAN_POINT('', (7.42945,24,46.9049));
#6007 = VERTEX_POINT('', #6006);
#6008 = CARTESIAN_POINT('', (7.78076,24,46.6675));
#6009 = VERTEX_POINT('', #6008);
#6010 = CARTESIAN_POINT('', (7.42945,24,46.9049));
#6011 = DIRECTION('', (0.82851, 0, -0.559975));
#6012 = VECTOR('',#6011,1);
#6013 = LINE('',#6010, #6012);
#6014 = SURFACE_CURVE('', #6013);
#6015 = EDGE_CURVE('', #6007, #6009,#6014,.T.);
#6016 = CARTESIAN_POINT('', (7.78076,24,46.6675));
#6017 = DIRECTION('', (0.0444255, 0, -0.999013));
#6018 = VECTOR('',#6017,1);
#6019 = LINE('',#6016, #6018);
#6020 = SURFACE_CURVE('', #6019);
#6021 = EDGE_CURVE('', #6009, #6005,#6020,.T.);
#6022 = ORIENTED_EDGE('',*,*,#5992,.F.);
#6023 = ORIENTED_EDGE('',*,*,#6015,.T.);
#6024 = ORIENTED_EDGE('',*,*,#6021,.T.);
#6025 = CARTESIAN_POINT('', (9,24,19.25));
#6026 = DIRECTION('', (0, 1, 0));
#6027 = DIRECTION('', (-0.0566996, 0, 0.998391));
#6028 = AXIS2_PLACEMENT_3D('',#6025,#6026,#6027);
#6029 = PLANE('',#6028);
#6030 = EDGE_LOOP('', (#6022,#6023,#6024));
#6031 = FACE_BOUND('', #6030,.T.);
#6032 = ADVANCED_FACE('', (#6031),#6029,.T.);
#6033 = CARTESIAN_POINT('', (9,24,19.25));
#6034 = VERTEX_POINT('', #6033);
#6035 = CARTESIAN_POINT('', (7.78076,24,46.6675));
#6036 = VERTEX_POINT('', #6035);
#6037 = CARTESIAN_POINT('', (8.16715,24,46.4928));
#6038 = VERTEX_POINT('', #6037);
#6039 = CARTESIAN_POINT('', (7.78076,24,46.6675));
#6040 = DIRECTION('', (0.911231, 0, -0.411897));
#6041 = VECTOR('',#6040,1);
#6042 = LINE('',#6039, #6041);
#6043 = SURFACE_CURVE('', #6042);
#6044 = EDGE_CURVE('', #6036, #6038,#6043,.T.);
#6045 = CARTESIAN_POINT('', (8.16715,24,46.4928));
#6046 = DIRECTION('', (0.0305571, 0, -0.999533));
#6047 = VECTOR('',#6046,1);
#6048 = LINE('',#6045, #6047);
#6049 = SURFACE_CURVE('', #6048);
#6050 = EDGE_CURVE('', #6038, #6034,#6049,.T.);
#6051 = ORIENTED_EDGE('',*,*,#6021,.F.);
#6052 = ORIENTED_EDGE('',*,*,#6044,.T.);
#6053 = ORIENTED_EDGE('',*,*,#6050,.T.);
#6054 = CARTESIAN_POINT('', (9,24,19.25));
#6055 = DIRECTION('', (0, 1, 0));
#6056 = DIRECTION('', (-0.0444255, 0, 0.999013));
#6057 = AXIS2_PLACEMENT_3D('',#6054,#6055,#6056);
#6058 = PLANE('',#6057);
#6059 = EDGE_LOOP('', (#6051,#6052,#6053));
#6060 = FACE_BOUND('', #6059,.T.);
#6061 = ADVANCED_FACE('', (#6060),#6058,.T.);
#6062 = CARTESIAN_POINT('', (38.5023,24,16.6439));
#6063 = VERTEX_POINT('', #6062);
#6064 = CARTESIAN_POINT('', (11.1288,24,15.4392));
#6065 = VERTEX_POINT('', #6064);
#6066 = CARTESIAN_POINT('', (11.3197,24,15.8179));
#6067 = VERTEX_POINT('', #6066);
#6068 = CARTESIAN_POINT('', (38.5023,24,16.6439));
#6069 = DIRECTION('', (-0.999033, 0, -0.0439659));
#6070 = VECTOR('',#6069,1);
#6071 = LINE('',#6068, #6070);
#6072 = SURFACE_CURVE('', #6071);
#6073 = EDGE_CURVE('', #6063, #6065,#6072,.T.);
#6074 = CARTESIAN_POINT('', (11.1288,24,15.4392));
#6075 = DIRECTION('', (0.450203, 0, 0.892926));
#6076 = VECTOR('',#6075,1);
#6077 = LINE('',#6074, #6076);
#6078 = SURFACE_CURVE('', #6077);
#6079 = EDGE_CURVE('', #6065, #6067,#6078,.T.);
#6080 = CARTESIAN_POINT('', (11.3197,24,15.8179));
#6081 = DIRECTION('', (0.999539, 0, 0.0303744));
#6082 = VECTOR('',#6081,1);
#6083 = LINE('',#6080, #6082);
#6084 = SURFACE_CURVE('', #6083);
#6085 = EDGE_CURVE('', #6067, #6063,#6084,.T.);
#6086 = ORIENTED_EDGE('',*,*,#6073,.T.);
#6087 = ORIENTED_EDGE('',*,*,#6079,.T.);
#6088 = ORIENTED_EDGE('',*,*,#6085,.T.);
#6089 = CARTESIAN_POINT('', (38.5023,24,16.6439));
#6090 = DIRECTION('', (0, 1, 0));
#6091 = DIRECTION('', (-0.999033, 0, -0.0439659));
#6092 = AXIS2_PLACEMENT_3D('',#6089,#6090,#6091);
#6093 = PLANE('',#6092);
#6094 = EDGE_LOOP('', (#6086,#6087,#6088));
#6095 = FACE_BOUND('', #6094,.T.);
#6096 = ADVANCED_FACE('', (#6095),#6093,.T.);
#6097 = CARTESIAN_POINT('', (11.2323,24,17.8755));
#6098 = VERTEX_POINT('', #6097);
#6099 = CARTESIAN_POINT('', (11.01,24,18.2366));
#6100 = VERTEX_POINT('', #6099);
#6101 = CARTESIAN_POINT('', (38.6096,24,17.4821));
#6102 = VERTEX_POINT('', #6101);
#6103 = CARTESIAN_POINT('', (11.2323,24,17.8755));
#6104 = DIRECTION('', (-0.524307, 0, 0.851529));
#6105 = VECTOR('',#6104,1);
#6106 = LINE('',#6103, #6105);
#6107 = SURFACE_CURVE('', #6106);
#6108 = EDGE_CURVE('', #6098, #6100,#6107,.T.);
#6109 = CARTESIAN_POINT('', (11.01,24,18.2366));
#6110 = DIRECTION('', (0.999627, 0, -0.0273282));
#6111 = VECTOR('',#6110,1);
#6112 = LINE('',#6109, #6111);
#6113 = SURFACE_CURVE('', #6112);
#6114 = EDGE_CURVE('', #6100, #6102,#6113,.T.);
#6115 = CARTESIAN_POINT('', (38.6096,24,17.4821));
#6116 = DIRECTION('', (-0.999897, 0, 0.0143701));
#6117 = VECTOR('',#6116,1);
#6118 = LINE('',#6115, #6117);
#6119 = SURFACE_CURVE('', #6118);
#6120 = EDGE_CURVE('', #6102, #6098,#6119,.T.);
#6121 = ORIENTED_EDGE('',*,*,#6108,.T.);
#6122 = ORIENTED_EDGE('',*,*,#6114,.T.);
#6123 = ORIENTED_EDGE('',*,*,#6120,.T.);
#6124 = CARTESIAN_POINT('', (11.2323,24,17.8755));
#6125 = DIRECTION('', (-0, 1, -0));
#6126 = DIRECTION('', (-0.524307, 0, 0.851529));
#6127 = AXIS2_PLACEMENT_3D('',#6124,#6125,#6126);
#6128 = PLANE('',#6127);
#6129 = EDGE_LOOP('', (#6121,#6122,#6123));
#6130 = FACE_BOUND('', #6129,.T.);
#6131 = ADVANCED_FACE('', (#6130),#6128,.T.);
#6132 = CARTESIAN_POINT('', (38.6803,24,47.9179));
#6133 = VERTEX_POINT('', #6132);
#6134 = CARTESIAN_POINT('', (41.6299,24,19.1693));
#6135 = VERTEX_POINT('', #6134);
#6136 = CARTESIAN_POINT('', (38.5561,24,48.3233));
#6137 = VERTEX_POINT('', #6136);
#6138 = CARTESIAN_POINT('', (41.6299,24,19.1693));
#6139 = DIRECTION('', (-0.104853, 0, 0.994488));
#6140 = VECTOR('',#6139,1);
#6141 = LINE('',#6138, #6140);
#6142 = SURFACE_CURVE('', #6141);
#6143 = EDGE_CURVE('', #6135, #6137,#6142,.T.);
#6144 = CARTESIAN_POINT('', (38.5561,24,48.3233));
#6145 = DIRECTION('', (0.292828, 0, -0.956165));
#6146 = VECTOR('',#6145,1);
#6147 = LINE('',#6144, #6146);
#6148 = SURFACE_CURVE('', #6147);
#6149 = EDGE_CURVE('', #6137, #6133,#6148,.T.);
#6150 = ORIENTED_EDGE('',*,*,#5661,.F.);
#6151 = ORIENTED_EDGE('',*,*,#6143,.T.);
#6152 = ORIENTED_EDGE('',*,*,#6149,.T.);
#6153 = CARTESIAN_POINT('', (38.6803,24,47.9179));
#6154 = DIRECTION('', (0, 1, 0));
#6155 = DIRECTION('', (0.102066, 0, -0.994778));
#6156 = AXIS2_PLACEMENT_3D('',#6153,#6154,#6155);
#6157 = PLANE('',#6156);
#6158 = EDGE_LOOP('', (#6150,#6151,#6152));
#6159 = FACE_BOUND('', #6158,.T.);
#6160 = ADVANCED_FACE('', (#6159),#6157,.T.);
#6161 = CARTESIAN_POINT('', (43.4798,24,49.1675));
#6162 = VERTEX_POINT('', #6161);
#6163 = CARTESIAN_POINT('', (50,24,55));
#6164 = VERTEX_POINT('', #6163);
#6165 = CARTESIAN_POINT('', (43.4977,24,48.7439));
#6166 = VERTEX_POINT('', #6165);
#6167 = CARTESIAN_POINT('', (50,24,55));
#6168 = DIRECTION('', (-0.720615, 0, -0.693336));
#6169 = VECTOR('',#6168,1);
#6170 = LINE('',#6167, #6169);
#6171 = SURFACE_CURVE('', #6170);
#6172 = EDGE_CURVE('', #6164, #6166,#6171,.T.);
#6173 = CARTESIAN_POINT('', (43.4977,24,48.7439));
#6174 = DIRECTION('', (-0.0424444, 0, 0.999099));
#6175 = VECTOR('',#6174,1);
#6176 = LINE('',#6173, #6175);
#6177 = SURFACE_CURVE('', #6176);
#6178 = EDGE_CURVE('', #6166, #6162,#6177,.T.);
#6179 = ORIENTED_EDGE('',*,*,#5632,.F.);
#6180 = ORIENTED_EDGE('',*,*,#6172,.T.);
#6181 = ORIENTED_EDGE('',*,*,#6178,.T.);
#6182 = CARTESIAN_POINT('', (43.4798,24,49.1675));
#6183 = DIRECTION('', (-0, 1, 0));
#6184 = DIRECTION('', (0.745324, 0, 0.666703));
#6185 = AXIS2_PLACEMENT_3D('',#6182,#6183,#6184);
#6186 = PLANE('',#6185);
#6187 = EDGE_LOOP('', (#6179,#6180,#6181));
#6188 = FACE_BOUND('', #6187,.T.);
#6189 = ADVANCED_FACE('', (#6188),#6186,.T.);
#6190 = CARTESIAN_POINT('', (43.3904,24,49.5821));
#6191 = VERTEX_POINT('', #6190);
#6192 = CARTESIAN_POINT('', (43.2323,24,49.9755));
#6193 = VERTEX_POINT('', #6192);
#6194 = CARTESIAN_POINT('', (50,24,55));
#6195 = VERTEX_POINT('', #6194);
#6196 = CARTESIAN_POINT('', (43.3904,24,49.5821));
#6197 = DIRECTION('', (-0.372853, 0, 0.92789));
#6198 = VECTOR('',#6197,1);
#6199 = LINE('',#6196, #6198);
#6200 = SURFACE_CURVE('', #6199);
#6201 = EDGE_CURVE('', #6191, #6193,#6200,.T.);
#6202 = CARTESIAN_POINT('', (43.2323,24,49.9755));
#6203 = DIRECTION('', (0.80291, 0, 0.5961));
#6204 = VECTOR('',#6203,1);
#6205 = LINE('',#6202, #6204);
#6206 = SURFACE_CURVE('', #6205);
#6207 = EDGE_CURVE('', #6193, #6195,#6206,.T.);
#6208 = ORIENTED_EDGE('',*,*,#6201,.T.);
#6209 = ORIENTED_EDGE('',*,*,#6207,.T.);
#6210 = ORIENTED_EDGE('',*,*,#5626,.F.);
#6211 = CARTESIAN_POINT('', (43.3904,24,49.5821));
#6212 = DIRECTION('', (0, 1, -0));
#6213 = DIRECTION('', (-0.372853, 0, 0.92789));
#6214 = AXIS2_PLACEMENT_3D('',#6211,#6212,#6213);
#6215 = PLANE('',#6214);
#6216 = EDGE_LOOP('', (#6208,#6209,#6210));
#6217 = FACE_BOUND('', #6216,.T.);
#6218 = ADVANCED_FACE('', (#6217),#6215,.T.);
#6219 = CARTESIAN_POINT('', (50,24,55));
#6220 = VERTEX_POINT('', #6219);
#6221 = CARTESIAN_POINT('', (43.2323,24,49.9755));
#6222 = VERTEX_POINT('', #6221);
#6223 = CARTESIAN_POINT('', (43.01,24,50.3366));
#6224 = VERTEX_POINT('', #6223);
#6225 = CARTESIAN_POINT('', (43.2323,24,49.9755));
#6226 = DIRECTION('', (-0.524302, 0, 0.851532));
#6227 = VECTOR('',#6226,1);
#6228 = LINE('',#6225, #6227);
#6229 = SURFACE_CURVE('', #6228);
#6230 = EDGE_CURVE('', #6222, #6224,#6229,.T.);
#6231 = CARTESIAN_POINT('', (43.01,24,50.3366));
#6232 = DIRECTION('', (0.831863, 0, 0.554981));
#6233 = VECTOR('',#6232,1);
#6234 = LINE('',#6231, #6233);
#6235 = SURFACE_CURVE('', #6234);
#6236 = EDGE_CURVE('', #6224, #6220,#6235,.T.);
#6237 = ORIENTED_EDGE('',*,*,#6207,.F.);
#6238 = ORIENTED_EDGE('',*,*,#6230,.T.);
#6239 = ORIENTED_EDGE('',*,*,#6236,.T.);
#6240 = CARTESIAN_POINT('', (50,24,55));
#6241 = DIRECTION('', (0, 1, 0));
#6242 = DIRECTION('', (-0.80291, 0, -0.5961));
#6243 = AXIS2_PLACEMENT_3D('',#6240,#6241,#6242);
#6244 = PLANE('',#6243);
#6245 = EDGE_LOOP('', (#6237,#6238,#6239));
#6246 = FACE_BOUND('', #6245,.T.);
#6247 = ADVANCED_FACE('', (#6246),#6244,.T.);
#6248 = CARTESIAN_POINT('', (50,24,55));
#6249 = VERTEX_POINT('', #6248);
#6250 = CARTESIAN_POINT('', (43.01,24,50.3366));
#6251 = VERTEX_POINT('', #6250);
#6252 = CARTESIAN_POINT('', (42.7298,24,50.6549));
#6253 = VERTEX_POINT('', #6252);
#6254 = CARTESIAN_POINT('', (43.01,24,50.3366));
#6255 = DIRECTION('', (-0.660679, 0, 0.750669));
#6256 = VECTOR('',#6255,1);
#6257 = LINE('',#6254, #6256);
#6258 = SURFACE_CURVE('', #6257);
#6259 = EDGE_CURVE('', #6251, #6253,#6258,.T.);
#6260 = CARTESIAN_POINT('', (42.7298,24,50.6549));
#6261 = DIRECTION('', (0.858376, 0, 0.513021));
#6262 = VECTOR('',#6261,1);
#6263 = LINE('',#6260, #6262);
#6264 = SURFACE_CURVE('', #6263);
#6265 = EDGE_CURVE('', #6253, #6249,#6264,.T.);
#6266 = ORIENTED_EDGE('',*,*,#6236,.F.);
#6267 = ORIENTED_EDGE('',*,*,#6259,.T.);
#6268 = ORIENTED_EDGE('',*,*,#6265,.T.);
#6269 = CARTESIAN_POINT('', (50,24,55));
#6270 = DIRECTION('', (0, 1, 0));
#6271 = DIRECTION('', (-0.831863, 0, -0.554981));
#6272 = AXIS2_PLACEMENT_3D('',#6269,#6270,#6271);
#6273 = PLANE('',#6272);
#6274 = EDGE_LOOP('', (#6266,#6267,#6268));
#6275 = FACE_BOUND('', #6274,.T.);
#6276 = ADVANCED_FACE('', (#6275),#6273,.T.);
#6277 = CARTESIAN_POINT('', (42.7298,24,50.6549));
#6278 = VERTEX_POINT('', #6277);
#6279 = CARTESIAN_POINT('', (42.3999,24,50.9213));
#6280 = VERTEX_POINT('', #6279);
#6281 = CARTESIAN_POINT('', (50,24,55));
#6282 = VERTEX_POINT('', #6281);
#6283 = CARTESIAN_POINT('', (42.7298,24,50.6549));
#6284 = DIRECTION('', (-0.778036, 0, 0.62822));
#6285 = VECTOR('',#6284,1);
#6286 = LINE('',#6283, #6285);
#6287 = SURFACE_CURVE('', #6286);
#6288 = EDGE_CURVE('', #6278, #6280,#6287,.T.);
#6289 = CARTESIAN_POINT('', (42.3999,24,50.9213));
#6290 = DIRECTION('', (0.881129, 0, 0.472875));
#6291 = VECTOR('',#6290,1);
#6292 = LINE('',#6289, #6291);
#6293 = SURFACE_CURVE('', #6292);
#6294 = EDGE_CURVE('', #6280, #6282,#6293,.T.);
#6295 = ORIENTED_EDGE('',*,*,#6288,.T.);
#6296 = ORIENTED_EDGE('',*,*,#6294,.T.);
#6297 = ORIENTED_EDGE('',*,*,#6265,.F.);
#6298 = CARTESIAN_POINT('', (42.7298,24,50.6549));
#6299 = DIRECTION('', (0, 1, -0));
#6300 = DIRECTION('', (-0.778036, 0, 0.62822));
#6301 = AXIS2_PLACEMENT_3D('',#6298,#6299,#6300);
#6302 = PLANE('',#6301);
#6303 = EDGE_LOOP('', (#6295,#6296,#6297));
#6304 = FACE_BOUND('', #6303,.T.);
#6305 = ADVANCED_FACE('', (#6304),#6302,.T.);
#6306 = CARTESIAN_POINT('', (50,24,55));
#6307 = VERTEX_POINT('', #6306);
#6308 = CARTESIAN_POINT('', (42.3999,24,50.9213));
#6309 = VERTEX_POINT('', #6308);
#6310 = CARTESIAN_POINT('', (42.0298,24,51.1281));
#6311 = VERTEX_POINT('', #6310);
#6312 = CARTESIAN_POINT('', (42.3999,24,50.9213));
#6313 = DIRECTION('', (-0.873012, 0, 0.487699));
#6314 = VECTOR('',#6313,1);
#6315 = LINE('',#6312, #6314);
#6316 = SURFACE_CURVE('', #6315);
#6317 = EDGE_CURVE('', #6309, #6311,#6316,.T.);
#6318 = CARTESIAN_POINT('', (42.0298,24,51.1281));
#6319 = DIRECTION('', (0.899479, 0, 0.436965));
#6320 = VECTOR('',#6319,1);
#6321 = LINE('',#6318, #6320);
#6322 = SURFACE_CURVE('', #6321);
#6323 = EDGE_CURVE('', #6311, #6307,#6322,.T.);
#6324 = ORIENTED_EDGE('',*,*,#6294,.F.);
#6325 = ORIENTED_EDGE('',*,*,#6317,.T.);
#6326 = ORIENTED_EDGE('',*,*,#6323,.T.);
#6327 = CARTESIAN_POINT('', (50,24,55));
#6328 = DIRECTION('', (0, 1, 0));
#6329 = DIRECTION('', (-0.881129, 0, -0.472875));
#6330 = AXIS2_PLACEMENT_3D('',#6327,#6328,#6329);
#6331 = PLANE('',#6330);
#6332 = EDGE_LOOP('', (#6324,#6325,#6326));
#6333 = FACE_BOUND('', #6332,.T.);
#6334 = ADVANCED_FACE('', (#6333),#6331,.T.);
#6335 = CARTESIAN_POINT('', (50,24,55));
#6336 = VERTEX_POINT('', #6335);
#6337 = CARTESIAN_POINT('', (42.0298,24,51.1281));
#6338 = VERTEX_POINT('', #6337);
#6339 = CARTESIAN_POINT('', (41.6299,24,51.2693));
#6340 = VERTEX_POINT('', #6339);
#6341 = CARTESIAN_POINT('', (42.0298,24,51.1281));
#6342 = DIRECTION('', (-0.94288, 0, 0.333132));
#6343 = VECTOR('',#6342,1);
#6344 = LINE('',#6341, #6343);
#6345 = SURFACE_CURVE('', #6344);
#6346 = EDGE_CURVE('', #6338, #6340,#6345,.T.);
#6347 = CARTESIAN_POINT('', (41.6299,24,51.2693));
#6348 = DIRECTION('', (0.91338, 0, 0.407108));
#6349 = VECTOR('',#6348,1);
#6350 = LINE('',#6347, #6349);
#6351 = SURFACE_CURVE('', #6350);
#6352 = EDGE_CURVE('', #6340, #6336,#6351,.T.);
#6353 = ORIENTED_EDGE('',*,*,#6323,.F.);
#6354 = ORIENTED_EDGE('',*,*,#6346,.T.);
#6355 = ORIENTED_EDGE('',*,*,#6352,.T.);
#6356 = CARTESIAN_POINT('', (50,24,55));
#6357 = DIRECTION('', (0, 1, 0));
#6358 = DIRECTION('', (-0.899479, 0, -0.436965));
#6359 = AXIS2_PLACEMENT_3D('',#6356,#6357,#6358);
#6360 = PLANE('',#6359);
#6361 = EDGE_LOOP('', (#6353,#6354,#6355));
#6362 = FACE_BOUND('', #6361,.T.);
#6363 = ADVANCED_FACE('', (#6362),#6360,.T.);
#6364 = CARTESIAN_POINT('', (41.6299,24,51.2693));
#6365 = VERTEX_POINT('', #6364);
#6366 = CARTESIAN_POINT('', (41.212,24,51.341));
#6367 = VERTEX_POINT('', #6366);
#6368 = CARTESIAN_POINT('', (50,24,55));
#6369 = VERTEX_POINT('', #6368);
#6370 = CARTESIAN_POINT('', (41.6299,24,51.2693));
#6371 = DIRECTION('', (-0.985615, 0, 0.169004));
#6372 = VECTOR('',#6371,1);
#6373 = LINE('',#6370, #6372);
#6374 = SURFACE_CURVE('', #6373);
#6375 = EDGE_CURVE('', #6365, #6367,#6374,.T.);
#6376 = CARTESIAN_POINT('', (41.212,24,51.341));
#6377 = DIRECTION('', (0.923176, 0, 0.384378));
#6378 = VECTOR('',#6377,1);
#6379 = LINE('',#6376, #6378);
#6380 = SURFACE_CURVE('', #6379);
#6381 = EDGE_CURVE('', #6367, #6369,#6380,.T.);
#6382 = ORIENTED_EDGE('',*,*,#6375,.T.);
#6383 = ORIENTED_EDGE('',*,*,#6381,.T.);
#6384 = ORIENTED_EDGE('',*,*,#6352,.F.);
#6385 = CARTESIAN_POINT('', (41.6299,24,51.2693));
#6386 = DIRECTION('', (0, 1, -0));
#6387 = DIRECTION('', (-0.985615, 0, 0.169004));
#6388 = AXIS2_PLACEMENT_3D('',#6385,#6386,#6387);
#6389 = PLANE('',#6388);
#6390 = EDGE_LOOP('', (#6382,#6383,#6384));
#6391 = FACE_BOUND('', #6390,.T.);
#6392 = ADVANCED_FACE('', (#6391),#6389,.T.);
#6393 = CARTESIAN_POINT('', (50,24,55));
#6394 = VERTEX_POINT('', #6393);
#6395 = CARTESIAN_POINT('', (41.212,24,51.341));
#6396 = VERTEX_POINT('', #6395);
#6397 = CARTESIAN_POINT('', (41,24,51.35));
#6398 = VERTEX_POINT('', #6397);
#6399 = CARTESIAN_POINT('', (41.212,24,51.341));
#6400 = DIRECTION('', (-0.999099, 0, 0.0424426));
#6401 = VECTOR('',#6400,1);
#6402 = LINE('',#6399, #6401);
#6403 = SURFACE_CURVE('', #6402);
#6404 = EDGE_CURVE('', #6396, #6398,#6403,.T.);
#6405 = CARTESIAN_POINT('', (41,24,51.35));
#6406 = DIRECTION('', (0.926691, 0, 0.375824));
#6407 = VECTOR('',#6406,1);
#6408 = LINE('',#6405, #6407);
#6409 = SURFACE_CURVE('', #6408);
#6410 = EDGE_CURVE('', #6398, #6394,#6409,.T.);
#6411 = ORIENTED_EDGE('',*,*,#6381,.F.);
#6412 = ORIENTED_EDGE('',*,*,#6404,.T.);
#6413 = ORIENTED_EDGE('',*,*,#6410,.T.);
#6414 = CARTESIAN_POINT('', (50,24,55));
#6415 = DIRECTION('', (0, 1, 0));
#6416 = DIRECTION('', (-0.923176, 0, -0.384378));
#6417 = AXIS2_PLACEMENT_3D('',#6414,#6415,#6416);
#6418 = PLANE('',#6417);
#6419 = EDGE_LOOP('', (#6411,#6412,#6413));
#6420 = FACE_BOUND('', #6419,.T.);
#6421 = ADVANCED_FACE('', (#6420),#6418,.T.);
#6422 = CARTESIAN_POINT('', (50,24,55));
#6423 = VERTEX_POINT('', #6422);
#6424 = CARTESIAN_POINT('', (41,24,51.35));
#6425 = VERTEX_POINT('', #6424);
#6426 = CARTESIAN_POINT('', (40.788,24,51.341));
#6427 = VERTEX_POINT('', #6426);
#6428 = CARTESIAN_POINT('', (41,24,51.35));
#6429 = DIRECTION('', (-0.999099, 0, -0.0424418));
#6430 = VECTOR('',#6429,1);
#6431 = LINE('',#6428, #6430);
#6432 = SURFACE_CURVE('', #6431);
#6433 = EDGE_CURVE('', #6425, #6427,#6432,.T.);
#6434 = ORIENTED_EDGE('',*,*,#6410,.F.);
#6435 = ORIENTED_EDGE('',*,*,#6433,.T.);
#6436 = ORIENTED_EDGE('',*,*,#5690,.F.);
#6437 = CARTESIAN_POINT('', (50,24,55));
#6438 = DIRECTION('', (0, 1, 0));
#6439 = DIRECTION('', (-0.926691, 0, -0.375824));
#6440 = AXIS2_PLACEMENT_3D('',#6437,#6438,#6439);
#6441 = PLANE('',#6440);
#6442 = EDGE_LOOP('', (#6434,#6435,#6436));
#6443 = FACE_BOUND('', #6442,.T.);
#6444 = ADVANCED_FACE('', (#6443),#6441,.T.);
#6445 = CARTESIAN_POINT('', (6.50225,24,48.7439));
#6446 = VERTEX_POINT('', #6445);
#6447 = CARTESIAN_POINT('', (6.55611,24,48.3233));
#6448 = VERTEX_POINT('', #6447);
#6449 = CARTESIAN_POINT('', (9,24,19.25));
#6450 = VERTEX_POINT('', #6449);
#6451 = CARTESIAN_POINT('', (6.50225,24,48.7439));
#6452 = DIRECTION('', (0.127018, 0, -0.9919));
#6453 = VECTOR('',#6452,1);
#6454 = LINE('',#6451, #6453);
#6455 = SURFACE_CURVE('', #6454);
#6456 = EDGE_CURVE('', #6446, #6448,#6455,.T.);
#6457 = CARTESIAN_POINT('', (6.55611,24,48.3233));
#6458 = DIRECTION('', (0.0837641, 0, -0.996486));
#6459 = VECTOR('',#6458,1);
#6460 = LINE('',#6457, #6459);
#6461 = SURFACE_CURVE('', #6460);
#6462 = EDGE_CURVE('', #6448, #6450,#6461,.T.);
#6463 = CARTESIAN_POINT('', (9,24,19.25));
#6464 = DIRECTION('', (-0.0843849, 0, 0.996433));
#6465 = VECTOR('',#6464,1);
#6466 = LINE('',#6463, #6465);
#6467 = SURFACE_CURVE('', #6466);
#6468 = EDGE_CURVE('', #6450, #6446,#6467,.T.);
#6469 = ORIENTED_EDGE('',*,*,#6456,.T.);
#6470 = ORIENTED_EDGE('',*,*,#6462,.T.);
#6471 = ORIENTED_EDGE('',*,*,#6468,.T.);
#6472 = CARTESIAN_POINT('', (6.50225,24,48.7439));
#6473 = DIRECTION('', (0, 1, 0));
#6474 = DIRECTION('', (0.127018, 0, -0.9919));
#6475 = AXIS2_PLACEMENT_3D('',#6472,#6473,#6474);
#6476 = PLANE('',#6475);
#6477 = EDGE_LOOP('', (#6469,#6470,#6471));
#6478 = FACE_BOUND('', #6477,.T.);
#6479 = ADVANCED_FACE('', (#6478),#6476,.T.);
#6480 = CARTESIAN_POINT('', (9,24,19.25));
#6481 = VERTEX_POINT('', #6480);
#6482 = CARTESIAN_POINT('', (6.55611,24,48.3233));
#6483 = VERTEX_POINT('', #6482);
#6484 = CARTESIAN_POINT('', (6.68028,24,47.9179));
#6485 = VERTEX_POINT('', #6484);
#6486 = CARTESIAN_POINT('', (6.55611,24,48.3233));
#6487 = DIRECTION('', (0.292822, 0, -0.956167));
#6488 = VECTOR('',#6487,1);
#6489 = LINE('',#6486, #6488);
#6490 = SURFACE_CURVE('', #6489);
#6491 = EDGE_CURVE('', #6483, #6485,#6490,.T.);
#6492 = CARTESIAN_POINT('', (6.68028,24,47.9179));
#6493 = DIRECTION('', (0.0806536, 0, -0.996742));
#6494 = VECTOR('',#6493,1);
#6495 = LINE('',#6492, #6494);
#6496 = SURFACE_CURVE('', #6495);
#6497 = EDGE_CURVE('', #6485, #6481,#6496,.T.);
#6498 = ORIENTED_EDGE('',*,*,#6462,.F.);
#6499 = ORIENTED_EDGE('',*,*,#6491,.T.);
#6500 = ORIENTED_EDGE('',*,*,#6497,.T.);
#6501 = CARTESIAN_POINT('', (9,24,19.25));
#6502 = DIRECTION('', (0, 1, 0));
#6503 = DIRECTION('', (-0.0837641, 0, 0.996486));
#6504 = AXIS2_PLACEMENT_3D('',#6501,#6502,#6503);
#6505 = PLANE('',#6504);
#6506 = EDGE_LOOP('', (#6498,#6499,#6500));
#6507 = FACE_BOUND('', #6506,.T.);
#6508 = ADVANCED_FACE('', (#6507),#6505,.T.);
#6509 = CARTESIAN_POINT('', (9,24,19.25));
#6510 = VERTEX_POINT('', #6509);
#6511 = CARTESIAN_POINT('', (6.68028,24,47.9179));
#6512 = VERTEX_POINT('', #6511);
#6513 = CARTESIAN_POINT('', (6.87118,24,47.5392));
#6514 = VERTEX_POINT('', #6513);
#6515 = CARTESIAN_POINT('', (6.68028,24,47.9179));
#6516 = DIRECTION('', (0.450206, 0, -0.892925));
#6517 = VECTOR('',#6516,1);
#6518 = LINE('',#6515, #6517);
#6519 = SURFACE_CURVE('', #6518);
#6520 = EDGE_CURVE('', #6512, #6514,#6519,.T.);
#6521 = ORIENTED_EDGE('',*,*,#6497,.F.);
#6522 = ORIENTED_EDGE('',*,*,#6520,.T.);
#6523 = ORIENTED_EDGE('',*,*,#5951,.F.);
#6524 = CARTESIAN_POINT('', (9,24,19.25));
#6525 = DIRECTION('', (0, 1, 0));
#6526 = DIRECTION('', (-0.0806536, 0, 0.996742));
#6527 = AXIS2_PLACEMENT_3D('',#6524,#6525,#6526);
#6528 = PLANE('',#6527);
#6529 = EDGE_LOOP('', (#6521,#6522,#6523));
#6530 = FACE_BOUND('', #6529,.T.);
#6531 = ADVANCED_FACE('', (#6530),#6528,.T.);
#6532 = CARTESIAN_POINT('', (11.01,24,18.2366));
#6533 = VERTEX_POINT('', #6532);
#6534 = CARTESIAN_POINT('', (10.7298,24,18.5549));
#6535 = VERTEX_POINT('', #6534);
#6536 = CARTESIAN_POINT('', (38.6096,24,17.4821));
#6537 = VERTEX_POINT('', #6536);
#6538 = CARTESIAN_POINT('', (11.01,24,18.2366));
#6539 = DIRECTION('', (-0.660675, 0, 0.750672));
#6540 = VECTOR('',#6539,1);
#6541 = LINE('',#6538, #6540);
#6542 = SURFACE_CURVE('', #6541);
#6543 = EDGE_CURVE('', #6533, #6535,#6542,.T.);
#6544 = CARTESIAN_POINT('', (10.7298,24,18.5549));
#6545 = DIRECTION('', (0.99926, 0, -0.0384523));
#6546 = VECTOR('',#6545,1);
#6547 = LINE('',#6544, #6546);
#6548 = SURFACE_CURVE('', #6547);
#6549 = EDGE_CURVE('', #6535, #6537,#6548,.T.);
#6550 = ORIENTED_EDGE('',*,*,#6543,.T.);
#6551 = ORIENTED_EDGE('',*,*,#6549,.T.);
#6552 = ORIENTED_EDGE('',*,*,#6114,.F.);
#6553 = CARTESIAN_POINT('', (11.01,24,18.2366));
#6554 = DIRECTION('', (-0, 1, -0));
#6555 = DIRECTION('', (-0.660675, 0, 0.750672));
#6556 = AXIS2_PLACEMENT_3D('',#6553,#6554,#6555);
#6557 = PLANE('',#6556);
#6558 = EDGE_LOOP('', (#6550,#6551,#6552));
#6559 = FACE_BOUND('', #6558,.T.);
#6560 = ADVANCED_FACE('', (#6559),#6557,.T.);
#6561 = CARTESIAN_POINT('', (38.6096,24,17.4821));
#6562 = VERTEX_POINT('', #6561);
#6563 = CARTESIAN_POINT('', (10.7298,24,18.5549));
#6564 = VERTEX_POINT('', #6563);
#6565 = CARTESIAN_POINT('', (10.3999,24,18.8213));
#6566 = VERTEX_POINT('', #6565);
#6567 = CARTESIAN_POINT('', (10.7298,24,18.5549));
#6568 = DIRECTION('', (-0.778034, 0, 0.628222));
#6569 = VECTOR('',#6568,1);
#6570 = LINE('',#6567, #6569);
#6571 = SURFACE_CURVE('', #6570);
#6572 = EDGE_CURVE('', #6564, #6566,#6571,.T.);
#6573 = CARTESIAN_POINT('', (10.3999,24,18.8213));
#6574 = DIRECTION('', (0.998875, 0, -0.0474204));
#6575 = VECTOR('',#6574,1);
#6576 = LINE('',#6573, #6575);
#6577 = SURFACE_CURVE('', #6576);
#6578 = EDGE_CURVE('', #6566, #6562,#6577,.T.);
#6579 = ORIENTED_EDGE('',*,*,#6549,.F.);
#6580 = ORIENTED_EDGE('',*,*,#6572,.T.);
#6581 = ORIENTED_EDGE('',*,*,#6578,.T.);
#6582 = CARTESIAN_POINT('', (38.6096,24,17.4821));
#6583 = DIRECTION('', (0, 1, 0));
#6584 = DIRECTION('', (-0.99926, 0, 0.0384523));
#6585 = AXIS2_PLACEMENT_3D('',#6582,#6583,#6584);
#6586 = PLANE('',#6585);
#6587 = EDGE_LOOP('', (#6579,#6580,#6581));
#6588 = FACE_BOUND('', #6587,.T.);
#6589 = ADVANCED_FACE('', (#6588),#6586,.T.);
#6590 = CARTESIAN_POINT('', (38.6096,24,17.4821));
#6591 = VERTEX_POINT('', #6590);
#6592 = CARTESIAN_POINT('', (10.3999,24,18.8213));
#6593 = VERTEX_POINT('', #6592);
#6594 = CARTESIAN_POINT('', (10.0298,24,19.0281));
#6595 = VERTEX_POINT('', #6594);
#6596 = CARTESIAN_POINT('', (10.3999,24,18.8213));
#6597 = DIRECTION('', (-0.873017, 0, 0.487691));
#6598 = VECTOR('',#6597,1);
#6599 = LINE('',#6596, #6598);
#6600 = SURFACE_CURVE('', #6599);
#6601 = EDGE_CURVE('', #6593, #6595,#6600,.T.);
#6602 = CARTESIAN_POINT('', (10.0298,24,19.0281));
#6603 = DIRECTION('', (0.99854, 0, -0.0540156));
#6604 = VECTOR('',#6603,1);
#6605 = LINE('',#6602, #6604);
#6606 = SURFACE_CURVE('', #6605);
#6607 = EDGE_CURVE('', #6595, #6591,#6606,.T.);
#6608 = ORIENTED_EDGE('',*,*,#6578,.F.);
#6609 = ORIENTED_EDGE('',*,*,#6601,.T.);
#6610 = ORIENTED_EDGE('',*,*,#6607,.T.);
#6611 = CARTESIAN_POINT('', (38.6096,24,17.4821));
#6612 = DIRECTION('', (0, 1, 0));
#6613 = DIRECTION('', (-0.998875, 0, 0.0474204));
#6614 = AXIS2_PLACEMENT_3D('',#6611,#6612,#6613);
#6615 = PLANE('',#6614);
#6616 = EDGE_LOOP('', (#6608,#6609,#6610));
#6617 = FACE_BOUND('', #6616,.T.);
#6618 = ADVANCED_FACE('', (#6617),#6615,.T.);
#6619 = CARTESIAN_POINT('', (9.62994,24,51.2693));
#6620 = VERTEX_POINT('', #6619);
#6621 = CARTESIAN_POINT('', (9.21202,24,51.341));
#6622 = VERTEX_POINT('', #6621);
#6623 = CARTESIAN_POINT('', (0,24,55));
#6624 = VERTEX_POINT('', #6623);
#6625 = CARTESIAN_POINT('', (9.62994,24,51.2693));
#6626 = DIRECTION('', (-0.985615, 0, 0.169005));
#6627 = VECTOR('',#6626,1);
#6628 = LINE('',#6625, #6627);
#6629 = SURFACE_CURVE('', #6628);
#6630 = EDGE_CURVE('', #6620, #6622,#6629,.T.);
#6631 = CARTESIAN_POINT('', (9.21202,24,51.341));
#6632 = DIRECTION('', (-0.929372, 0, 0.369146));
#6633 = VECTOR('',#6632,1);
#6634 = LINE('',#6631, #6633);
#6635 = SURFACE_CURVE('', #6634);
#6636 = EDGE_CURVE('', #6622, #6624,#6635,.T.);
#6637 = ORIENTED_EDGE('',*,*,#6630,.T.);
#6638 = ORIENTED_EDGE('',*,*,#6636,.T.);
#6639 = ORIENTED_EDGE('',*,*,#5928,.F.);
#6640 = CARTESIAN_POINT('', (9.62994,24,51.2693));
#6641 = DIRECTION('', (0, 1, 0));
#6642 = DIRECTION('', (-0.985615, 0, 0.169005));
#6643 = AXIS2_PLACEMENT_3D('',#6640,#6641,#6642);
#6644 = PLANE('',#6643);
#6645 = EDGE_LOOP('', (#6637,#6638,#6639));
#6646 = FACE_BOUND('', #6645,.T.);
#6647 = ADVANCED_FACE('', (#6646),#6644,.T.);
#6648 = CARTESIAN_POINT('', (0,24,55));
#6649 = VERTEX_POINT('', #6648);
#6650 = CARTESIAN_POINT('', (9.21202,24,51.341));
#6651 = VERTEX_POINT('', #6650);
#6652 = CARTESIAN_POINT('', (9,24,51.35));
#6653 = VERTEX_POINT('', #6652);
#6654 = CARTESIAN_POINT('', (9.21202,24,51.341));
#6655 = DIRECTION('', (-0.999099, 0, 0.0424422));
#6656 = VECTOR('',#6655,1);
#6657 = LINE('',#6654, #6656);
#6658 = SURFACE_CURVE('', #6657);
#6659 = EDGE_CURVE('', #6651, #6653,#6658,.T.);
#6660 = CARTESIAN_POINT('', (9,24,51.35));
#6661 = DIRECTION('', (-0.926691, 0, 0.375824));
#6662 = VECTOR('',#6661,1);
#6663 = LINE('',#6660, #6662);
#6664 = SURFACE_CURVE('', #6663);
#6665 = EDGE_CURVE('', #6653, #6649,#6664,.T.);
#6666 = ORIENTED_EDGE('',*,*,#6636,.F.);
#6667 = ORIENTED_EDGE('',*,*,#6659,.T.);
#6668 = ORIENTED_EDGE('',*,*,#6665,.T.);
#6669 = CARTESIAN_POINT('', (0,24,55));
#6670 = DIRECTION('', (0, 1, 0));
#6671 = DIRECTION('', (0.929372, 0, -0.369146));
#6672 = AXIS2_PLACEMENT_3D('',#6669,#6670,#6671);
#6673 = PLANE('',#6672);
#6674 = EDGE_LOOP('', (#6666,#6667,#6668));
#6675 = FACE_BOUND('', #6674,.T.);
#6676 = ADVANCED_FACE('', (#6675),#6673,.T.);
#6677 = CARTESIAN_POINT('', (0,24,55));
#6678 = VERTEX_POINT('', #6677);
#6679 = CARTESIAN_POINT('', (9,24,51.35));
#6680 = VERTEX_POINT('', #6679);
#6681 = CARTESIAN_POINT('', (8.78798,24,51.341));
#6682 = VERTEX_POINT('', #6681);
#6683 = CARTESIAN_POINT('', (9,24,51.35));
#6684 = DIRECTION('', (-0.999099, 0, -0.0424422));
#6685 = VECTOR('',#6684,1);
#6686 = LINE('',#6683, #6685);
#6687 = SURFACE_CURVE('', #6686);
#6688 = EDGE_CURVE('', #6680, #6682,#6687,.T.);
#6689 = CARTESIAN_POINT('', (8.78798,24,51.341));
#6690 = DIRECTION('', (-0.923176, 0, 0.384378));
#6691 = VECTOR('',#6690,1);
#6692 = LINE('',#6689, #6691);
#6693 = SURFACE_CURVE('', #6692);
#6694 = EDGE_CURVE('', #6682, #6678,#6693,.T.);
#6695 = ORIENTED_EDGE('',*,*,#6665,.F.);
#6696 = ORIENTED_EDGE('',*,*,#6688,.T.);
#6697 = ORIENTED_EDGE('',*,*,#6694,.T.);
#6698 = CARTESIAN_POINT('', (0,24,55));
#6699 = DIRECTION('', (0, 1, 0));
#6700 = DIRECTION('', (0.926691, 0, -0.375824));
#6701 = AXIS2_PLACEMENT_3D('',#6698,#6699,#6700);
#6702 = PLANE('',#6701);
#6703 = EDGE_LOOP('', (#6695,#6696,#6697));
#6704 = FACE_BOUND('', #6703,.T.);
#6705 = ADVANCED_FACE('', (#6704),#6702,.T.);
#6706 = CARTESIAN_POINT('', (8.78798,24,51.341));
#6707 = VERTEX_POINT('', #6706);
#6708 = CARTESIAN_POINT('', (8.37006,24,51.2693));
#6709 = VERTEX_POINT('', #6708);
#6710 = CARTESIAN_POINT('', (0,24,55));
#6711 = VERTEX_POINT('', #6710);
#6712 = CARTESIAN_POINT('', (8.78798,24,51.341));
#6713 = DIRECTION('', (-0.985615, 0, -0.169005));
#6714 = VECTOR('',#6713,1);
#6715 = LINE('',#6712, #6714);
#6716 = SURFACE_CURVE('', #6715);
#6717 = EDGE_CURVE('', #6707, #6709,#6716,.T.);
#6718 = CARTESIAN_POINT('', (8.37006,24,51.2693));
#6719 = DIRECTION('', (-0.91338, 0, 0.407108));
#6720 = VECTOR('',#6719,1);
#6721 = LINE('',#6718, #6720);
#6722 = SURFACE_CURVE('', #6721);
#6723 = EDGE_CURVE('', #6709, #6711,#6722,.T.);
#6724 = ORIENTED_EDGE('',*,*,#6717,.T.);
#6725 = ORIENTED_EDGE('',*,*,#6723,.T.);
#6726 = ORIENTED_EDGE('',*,*,#6694,.F.);
#6727 = CARTESIAN_POINT('', (8.78798,24,51.341));
#6728 = DIRECTION('', (0, 1, 0));
#6729 = DIRECTION('', (-0.985615, 0, -0.169005));
#6730 = AXIS2_PLACEMENT_3D('',#6727,#6728,#6729);
#6731 = PLANE('',#6730);
#6732 = EDGE_LOOP('', (#6724,#6725,#6726));
#6733 = FACE_BOUND('', #6732,.T.);
#6734 = ADVANCED_FACE('', (#6733),#6731,.T.);
#6735 = CARTESIAN_POINT('', (0,24,55));
#6736 = VERTEX_POINT('', #6735);
#6737 = CARTESIAN_POINT('', (8.37006,24,51.2693));
#6738 = VERTEX_POINT('', #6737);
#6739 = CARTESIAN_POINT('', (7.97025,24,51.1281));
#6740 = VERTEX_POINT('', #6739);
#6741 = CARTESIAN_POINT('', (8.37006,24,51.2693));
#6742 = DIRECTION('', (-0.94288, 0, -0.333133));
#6743 = VECTOR('',#6742,1);
#6744 = LINE('',#6741, #6743);
#6745 = SURFACE_CURVE('', #6744);
#6746 = EDGE_CURVE('', #6738, #6740,#6745,.T.);
#6747 = CARTESIAN_POINT('', (7.97025,24,51.1281));
#6748 = DIRECTION('', (-0.899479, 0, 0.436964));
#6749 = VECTOR('',#6748,1);
#6750 = LINE('',#6747, #6749);
#6751 = SURFACE_CURVE('', #6750);
#6752 = EDGE_CURVE('', #6740, #6736,#6751,.T.);
#6753 = ORIENTED_EDGE('',*,*,#6723,.F.);
#6754 = ORIENTED_EDGE('',*,*,#6746,.T.);
#6755 = ORIENTED_EDGE('',*,*,#6752,.T.);
#6756 = CARTESIAN_POINT('', (0,24,55));
#6757 = DIRECTION('', (0, 1, 0));
#6758 = DIRECTION('', (0.91338, 0, -0.407108));
#6759 = AXIS2_PLACEMENT_3D('',#6756,#6757,#6758);
#6760 = PLANE('',#6759);
#6761 = EDGE_LOOP('', (#6753,#6754,#6755));
#6762 = FACE_BOUND('', #6761,.T.);
#6763 = ADVANCED_FACE('', (#6762),#6760,.T.);
#6764 = CARTESIAN_POINT('', (0,24,55));
#6765 = VERTEX_POINT('', #6764);
#6766 = CARTESIAN_POINT('', (7.97025,24,51.1281));
#6767 = VERTEX_POINT('', #6766);
#6768 = CARTESIAN_POINT('', (7.60006,24,50.9213));
#6769 = VERTEX_POINT('', #6768);
#6770 = CARTESIAN_POINT('', (7.97025,24,51.1281));
#6771 = DIRECTION('', (-0.873012, 0, -0.487698));
#6772 = VECTOR('',#6771,1);
#6773 = LINE('',#6770, #6772);
#6774 = SURFACE_CURVE('', #6773);
#6775 = EDGE_CURVE('', #6767, #6769,#6774,.T.);
#6776 = CARTESIAN_POINT('', (7.60006,24,50.9213));
#6777 = DIRECTION('', (-0.881129, 0, 0.472875));
#6778 = VECTOR('',#6777,1);
#6779 = LINE('',#6776, #6778);
#6780 = SURFACE_CURVE('', #6779);
#6781 = EDGE_CURVE('', #6769, #6765,#6780,.T.);
#6782 = ORIENTED_EDGE('',*,*,#6752,.F.);
#6783 = ORIENTED_EDGE('',*,*,#6775,.T.);
#6784 = ORIENTED_EDGE('',*,*,#6781,.T.);
#6785 = CARTESIAN_POINT('', (0,24,55));
#6786 = DIRECTION('', (0, 1, 0));
#6787 = DIRECTION('', (0.899479, 0, -0.436964));
#6788 = AXIS2_PLACEMENT_3D('',#6785,#6786,#6787);
#6789 = PLANE('',#6788);
#6790 = EDGE_LOOP('', (#6782,#6783,#6784));
#6791 = FACE_BOUND('', #6790,.T.);
#6792 = ADVANCED_FACE('', (#6791),#6789,.T.);
#6793 = CARTESIAN_POINT('', (10.2192,24,14.5675));
#6794 = VERTEX_POINT('', #6793);
#6795 = CARTESIAN_POINT('', (10.5705,24,14.8049));
#6796 = VERTEX_POINT('', #6795);
#6797 = CARTESIAN_POINT('', (50,24,10));
#6798 = VERTEX_POINT('', #6797);
#6799 = CARTESIAN_POINT('', (10.2192,24,14.5675));
#6800 = DIRECTION('', (0.82851, 0, 0.559975));
#6801 = VECTOR('',#6800,1);
#6802 = LINE('',#6799, #6801);
#6803 = SURFACE_CURVE('', #6802);
#6804 = EDGE_CURVE('', #6794, #6796,#6803,.T.);
#6805 = CARTESIAN_POINT('', (10.5705,24,14.8049));
#6806 = DIRECTION('', (0.992657, 0, -0.120966));
#6807 = VECTOR('',#6806,1);
#6808 = LINE('',#6805, #6807);
#6809 = SURFACE_CURVE('', #6808);
#6810 = EDGE_CURVE('', #6796, #6798,#6809,.T.);
#6811 = CARTESIAN_POINT('', (50,24,10));
#6812 = DIRECTION('', (-0.993473, 0, 0.114066));
#6813 = VECTOR('',#6812,1);
#6814 = LINE('',#6811, #6813);
#6815 = SURFACE_CURVE('', #6814);
#6816 = EDGE_CURVE('', #6798, #6794,#6815,.T.);
#6817 = ORIENTED_EDGE('',*,*,#6804,.T.);
#6818 = ORIENTED_EDGE('',*,*,#6810,.T.);
#6819 = ORIENTED_EDGE('',*,*,#6816,.T.);
#6820 = CARTESIAN_POINT('', (10.2192,24,14.5675));
#6821 = DIRECTION('', (-0, 1, 0));
#6822 = DIRECTION('', (0.82851, 0, 0.559975));
#6823 = AXIS2_PLACEMENT_3D('',#6820,#6821,#6822);
#6824 = PLANE('',#6823);
#6825 = EDGE_LOOP('', (#6817,#6818,#6819));
#6826 = FACE_BOUND('', #6825,.T.);
#6827 = ADVANCED_FACE('', (#6826),#6824,.T.);
#6828 = CARTESIAN_POINT('', (43.2323,24,17.8755));
#6829 = VERTEX_POINT('', #6828);
#6830 = CARTESIAN_POINT('', (43.01,24,18.2366));
#6831 = VERTEX_POINT('', #6830);
#6832 = CARTESIAN_POINT('', (50,24,55));
#6833 = VERTEX_POINT('', #6832);
#6834 = CARTESIAN_POINT('', (43.2323,24,17.8755));
#6835 = DIRECTION('', (-0.524304, 0, 0.851531));
#6836 = VECTOR('',#6835,1);
#6837 = LINE('',#6834, #6836);
#6838 = SURFACE_CURVE('', #6837);
#6839 = EDGE_CURVE('', #6829, #6831,#6838,.T.);
#6840 = CARTESIAN_POINT('', (43.01,24,18.2366));
#6841 = DIRECTION('', (0.186788, 0, 0.9824));
#6842 = VECTOR('',#6841,1);
#6843 = LINE('',#6840, #6842);
#6844 = SURFACE_CURVE('', #6843);
#6845 = EDGE_CURVE('', #6831, #6833,#6844,.T.);
#6846 = CARTESIAN_POINT('', (50,24,55));
#6847 = DIRECTION('', (-0.179341, 0, -0.983787));
#6848 = VECTOR('',#6847,1);
#6849 = LINE('',#6846, #6848);
#6850 = SURFACE_CURVE('', #6849);
#6851 = EDGE_CURVE('', #6833, #6829,#6850,.T.);
#6852 = ORIENTED_EDGE('',*,*,#6839,.T.);
#6853 = ORIENTED_EDGE('',*,*,#6845,.T.);
#6854 = ORIENTED_EDGE('',*,*,#6851,.T.);
#6855 = CARTESIAN_POINT('', (43.2323,24,17.8755));
#6856 = DIRECTION('', (0, 1, -0));
#6857 = DIRECTION('', (-0.524304, 0, 0.851531));
#6858 = AXIS2_PLACEMENT_3D('',#6855,#6856,#6857);
#6859 = PLANE('',#6858);
#6860 = EDGE_LOOP('', (#6852,#6853,#6854));
#6861 = FACE_BOUND('', #6860,.T.);
#6862 = ADVANCED_FACE('', (#6861),#6859,.T.);
#6863 = CARTESIAN_POINT('', (50,24,55));
#6864 = VERTEX_POINT('', #6863);
#6865 = CARTESIAN_POINT('', (43.01,24,18.2366));
#6866 = VERTEX_POINT('', #6865);
#6867 = CARTESIAN_POINT('', (42.7298,24,18.5549));
#6868 = VERTEX_POINT('', #6867);
#6869 = CARTESIAN_POINT('', (43.01,24,18.2366));
#6870 = DIRECTION('', (-0.660679, 0, 0.750669));
#6871 = VECTOR('',#6870,1);
#6872 = LINE('',#6869, #6871);
#6873 = SURFACE_CURVE('', #6872);
#6874 = EDGE_CURVE('', #6866, #6868,#6873,.T.);
#6875 = CARTESIAN_POINT('', (42.7298,24,18.5549));
#6876 = DIRECTION('', (0.195628, 0, 0.980678));
#6877 = VECTOR('',#6876,1);
#6878 = LINE('',#6875, #6877);
#6879 = SURFACE_CURVE('', #6878);
#6880 = EDGE_CURVE('', #6868, #6864,#6879,.T.);
#6881 = ORIENTED_EDGE('',*,*,#6845,.F.);
#6882 = ORIENTED_EDGE('',*,*,#6874,.T.);
#6883 = ORIENTED_EDGE('',*,*,#6880,.T.);
#6884 = CARTESIAN_POINT('', (50,24,55));
#6885 = DIRECTION('', (0, 1, 0));
#6886 = DIRECTION('', (-0.186788, 0, -0.9824));
#6887 = AXIS2_PLACEMENT_3D('',#6884,#6885,#6886);
#6888 = PLANE('',#6887);
#6889 = EDGE_LOOP('', (#6881,#6882,#6883));
#6890 = FACE_BOUND('', #6889,.T.);
#6891 = ADVANCED_FACE('', (#6890),#6888,.T.);
#6892 = CARTESIAN_POINT('', (50,24,55));
#6893 = VERTEX_POINT('', #6892);
#6894 = CARTESIAN_POINT('', (42.7298,24,18.5549));
#6895 = VERTEX_POINT('', #6894);
#6896 = CARTESIAN_POINT('', (42.3999,24,18.8213));
#6897 = VERTEX_POINT('', #6896);
#6898 = CARTESIAN_POINT('', (42.7298,24,18.5549));
#6899 = DIRECTION('', (-0.778033, 0, 0.628223));
#6900 = VECTOR('',#6899,1);
#6901 = LINE('',#6898, #6900);
#6902 = SURFACE_CURVE('', #6901);
#6903 = EDGE_CURVE('', #6895, #6897,#6902,.T.);
#6904 = CARTESIAN_POINT('', (42.3999,24,18.8213));
#6905 = DIRECTION('', (0.205583, 0, 0.97864));
#6906 = VECTOR('',#6905,1);
#6907 = LINE('',#6904, #6906);
#6908 = SURFACE_CURVE('', #6907);
#6909 = EDGE_CURVE('', #6897, #6893,#6908,.T.);
#6910 = ORIENTED_EDGE('',*,*,#6880,.F.);
#6911 = ORIENTED_EDGE('',*,*,#6903,.T.);
#6912 = ORIENTED_EDGE('',*,*,#6909,.T.);
#6913 = CARTESIAN_POINT('', (50,24,55));
#6914 = DIRECTION('', (0, 1, 0));
#6915 = DIRECTION('', (-0.195628, 0, -0.980678));
#6916 = AXIS2_PLACEMENT_3D('',#6913,#6914,#6915);
#6917 = PLANE('',#6916);
#6918 = EDGE_LOOP('', (#6910,#6911,#6912));
#6919 = FACE_BOUND('', #6918,.T.);
#6920 = ADVANCED_FACE('', (#6919),#6917,.T.);
#6921 = CARTESIAN_POINT('', (43.4439,24,16.2233));
#6922 = VERTEX_POINT('', #6921);
#6923 = CARTESIAN_POINT('', (43.4977,24,16.6439));
#6924 = VERTEX_POINT('', #6923);
#6925 = CARTESIAN_POINT('', (50,24,10));
#6926 = VERTEX_POINT('', #6925);
#6927 = CARTESIAN_POINT('', (43.4439,24,16.2233));
#6928 = DIRECTION('', (0.12702, 0, 0.9919));
#6929 = VECTOR('',#6928,1);
#6930 = LINE('',#6927, #6929);
#6931 = SURFACE_CURVE('', #6930);
#6932 = EDGE_CURVE('', #6922, #6924,#6931,.T.);
#6933 = CARTESIAN_POINT('', (43.4977,24,16.6439));
#6934 = DIRECTION('', (0.699447, 0, -0.714684));
#6935 = VECTOR('',#6934,1);
#6936 = LINE('',#6933, #6935);
#6937 = SURFACE_CURVE('', #6936);
#6938 = EDGE_CURVE('', #6924, #6926,#6937,.T.);
#6939 = CARTESIAN_POINT('', (50,24,10));
#6940 = DIRECTION('', (-0.725276, 0, 0.688459));
#6941 = VECTOR('',#6940,1);
#6942 = LINE('',#6939, #6941);
#6943 = SURFACE_CURVE('', #6942);
#6944 = EDGE_CURVE('', #6926, #6922,#6943,.T.);
#6945 = ORIENTED_EDGE('',*,*,#6932,.T.);
#6946 = ORIENTED_EDGE('',*,*,#6938,.T.);
#6947 = ORIENTED_EDGE('',*,*,#6944,.T.);
#6948 = CARTESIAN_POINT('', (43.4439,24,16.2233));
#6949 = DIRECTION('', (-0, 1, 0));
#6950 = DIRECTION('', (0.12702, 0, 0.9919));
#6951 = AXIS2_PLACEMENT_3D('',#6948,#6949,#6950);
#6952 = PLANE('',#6951);
#6953 = EDGE_LOOP('', (#6945,#6946,#6947));
#6954 = FACE_BOUND('', #6953,.T.);
#6955 = ADVANCED_FACE('', (#6954),#6952,.T.);
#6956 = CARTESIAN_POINT('', (50,24,10));
#6957 = VERTEX_POINT('', #6956);
#6958 = CARTESIAN_POINT('', (43.4977,24,16.6439));
#6959 = VERTEX_POINT('', #6958);
#6960 = CARTESIAN_POINT('', (43.4798,24,17.0675));
#6961 = VERTEX_POINT('', #6960);
#6962 = CARTESIAN_POINT('', (43.4977,24,16.6439));
#6963 = DIRECTION('', (-0.0424444, 0, 0.999099));
#6964 = VECTOR('',#6963,1);
#6965 = LINE('',#6962, #6964);
#6966 = SURFACE_CURVE('', #6965);
#6967 = EDGE_CURVE('', #6959, #6961,#6966,.T.);
#6968 = CARTESIAN_POINT('', (43.4798,24,17.0675));
#6969 = DIRECTION('', (0.678076, 0, -0.734992));
#6970 = VECTOR('',#6969,1);
#6971 = LINE('',#6968, #6970);
#6972 = SURFACE_CURVE('', #6971);
#6973 = EDGE_CURVE('', #6961, #6957,#6972,.T.);
#6974 = ORIENTED_EDGE('',*,*,#6938,.F.);
#6975 = ORIENTED_EDGE('',*,*,#6967,.T.);
#6976 = ORIENTED_EDGE('',*,*,#6973,.T.);
#6977 = CARTESIAN_POINT('', (50,24,10));
#6978 = DIRECTION('', (0, 1, 0));
#6979 = DIRECTION('', (-0.699447, 0, 0.714684));
#6980 = AXIS2_PLACEMENT_3D('',#6977,#6978,#6979);
#6981 = PLANE('',#6980);
#6982 = EDGE_LOOP('', (#6974,#6975,#6976));
#6983 = FACE_BOUND('', #6982,.T.);
#6984 = ADVANCED_FACE('', (#6983),#6981,.T.);
#6985 = CARTESIAN_POINT('', (50,24,10));
#6986 = VERTEX_POINT('', #6985);
#6987 = CARTESIAN_POINT('', (43.4798,24,17.0675));
#6988 = VERTEX_POINT('', #6987);
#6989 = CARTESIAN_POINT('', (50,24,55));
#6990 = VERTEX_POINT('', #6989);
#6991 = CARTESIAN_POINT('', (43.4798,24,17.0675));
#6992 = DIRECTION('', (0.169407, 0, 0.985546));
#6993 = VECTOR('',#6992,1);
#6994 = LINE('',#6991, #6993);
#6995 = SURFACE_CURVE('', #6994);
#6996 = EDGE_CURVE('', #6988, #6990,#6995,.T.);
#6997 = ORIENTED_EDGE('',*,*,#6973,.F.);
#6998 = ORIENTED_EDGE('',*,*,#6996,.T.);
#6999 = ORIENTED_EDGE('',*,*,#5096,.F.);
#7000 = CARTESIAN_POINT('', (50,24,10));
#7001 = DIRECTION('', (0, 1, -0));
#7002 = DIRECTION('', (-0.678076, 0, 0.734992));
#7003 = AXIS2_PLACEMENT_3D('',#7000,#7001,#7002);
#7004 = PLANE('',#7003);
#7005 = EDGE_LOOP('', (#6997,#6998,#6999));
#7006 = FACE_BOUND('', #7005,.T.);
#7007 = ADVANCED_FACE('', (#7006),#7004,.T.);
#7008 = CARTESIAN_POINT('', (50,24,55));
#7009 = VERTEX_POINT('', #7008);
#7010 = CARTESIAN_POINT('', (43.4798,24,17.0675));
#7011 = VERTEX_POINT('', #7010);
#7012 = CARTESIAN_POINT('', (43.3904,24,17.4821));
#7013 = VERTEX_POINT('', #7012);
#7014 = CARTESIAN_POINT('', (43.4798,24,17.0675));
#7015 = DIRECTION('', (-0.210684, 0, 0.977554));
#7016 = VECTOR('',#7015,1);
#7017 = LINE('',#7014, #7016);
#7018 = SURFACE_CURVE('', #7017);
#7019 = EDGE_CURVE('', #7011, #7013,#7018,.T.);
#7020 = CARTESIAN_POINT('', (43.3904,24,17.4821));
#7021 = DIRECTION('', (0.173499, 0, 0.984834));
#7022 = VECTOR('',#7021,1);
#7023 = LINE('',#7020, #7022);
#7024 = SURFACE_CURVE('', #7023);
#7025 = EDGE_CURVE('', #7013, #7009,#7024,.T.);
#7026 = ORIENTED_EDGE('',*,*,#6996,.F.);
#7027 = ORIENTED_EDGE('',*,*,#7019,.T.);
#7028 = ORIENTED_EDGE('',*,*,#7025,.T.);
#7029 = CARTESIAN_POINT('', (50,24,55));
#7030 = DIRECTION('', (0, 1, 0));
#7031 = DIRECTION('', (-0.169407, 0, -0.985546));
#7032 = AXIS2_PLACEMENT_3D('',#7029,#7030,#7031);
#7033 = PLANE('',#7032);
#7034 = EDGE_LOOP('', (#7026,#7027,#7028));
#7035 = FACE_BOUND('', #7034,.T.);
#7036 = ADVANCED_FACE('', (#7035),#7033,.T.);
#7037 = CARTESIAN_POINT('', (50,24,55));
#7038 = VERTEX_POINT('', #7037);
#7039 = CARTESIAN_POINT('', (43.3904,24,17.4821));
#7040 = VERTEX_POINT('', #7039);
#7041 = CARTESIAN_POINT('', (43.2323,24,17.8755));
#7042 = VERTEX_POINT('', #7041);
#7043 = CARTESIAN_POINT('', (43.3904,24,17.4821));
#7044 = DIRECTION('', (-0.372851, 0, 0.927891));
#7045 = VECTOR('',#7044,1);
#7046 = LINE('',#7043, #7045);
#7047 = SURFACE_CURVE('', #7046);
#7048 = EDGE_CURVE('', #7040, #7042,#7047,.T.);
#7049 = ORIENTED_EDGE('',*,*,#7025,.F.);
#7050 = ORIENTED_EDGE('',*,*,#7048,.T.);
#7051 = ORIENTED_EDGE('',*,*,#6851,.F.);
#7052 = CARTESIAN_POINT('', (50,24,55));
#7053 = DIRECTION('', (0, 1, 0));
#7054 = DIRECTION('', (-0.173499, 0, -0.984834));
#7055 = AXIS2_PLACEMENT_3D('',#7052,#7053,#7054);
#7056 = PLANE('',#7055);
#7057 = EDGE_LOOP('', (#7049,#7050,#7051));
#7058 = FACE_BOUND('', #7057,.T.);
#7059 = ADVANCED_FACE('', (#7058),#7056,.T.);
#7060 = CARTESIAN_POINT('', (41.6299,24,19.1693));
#7061 = VERTEX_POINT('', #7060);
#7062 = CARTESIAN_POINT('', (41.212,24,19.241));
#7063 = VERTEX_POINT('', #7062);
#7064 = CARTESIAN_POINT('', (38.5561,24,48.3233));
#7065 = VERTEX_POINT('', #7064);
#7066 = CARTESIAN_POINT('', (41.6299,24,19.1693));
#7067 = DIRECTION('', (-0.985617, 0, 0.168996));
#7068 = VECTOR('',#7067,1);
#7069 = LINE('',#7066, #7068);
#7070 = SURFACE_CURVE('', #7069);
#7071 = EDGE_CURVE('', #7061, #7063,#7070,.T.);
#7072 = CARTESIAN_POINT('', (41.212,24,19.241));
#7073 = DIRECTION('', (-0.0909452, 0, 0.995856));
#7074 = VECTOR('',#7073,1);
#7075 = LINE('',#7072, #7074);
#7076 = SURFACE_CURVE('', #7075);
#7077 = EDGE_CURVE('', #7063, #7065,#7076,.T.);
#7078 = ORIENTED_EDGE('',*,*,#7071,.T.);
#7079 = ORIENTED_EDGE('',*,*,#7077,.T.);
#7080 = ORIENTED_EDGE('',*,*,#6143,.F.);
#7081 = CARTESIAN_POINT('', (41.6299,24,19.1693));
#7082 = DIRECTION('', (0, 1, 0));
#7083 = DIRECTION('', (-0.985617, 0, 0.168996));
#7084 = AXIS2_PLACEMENT_3D('',#7081,#7082,#7083);
#7085 = PLANE('',#7084);
#7086 = EDGE_LOOP('', (#7078,#7079,#7080));
#7087 = FACE_BOUND('', #7086,.T.);
#7088 = ADVANCED_FACE('', (#7087),#7085,.T.);
#7089 = CARTESIAN_POINT('', (38.5561,24,48.3233));
#7090 = VERTEX_POINT('', #7089);
#7091 = CARTESIAN_POINT('', (41.212,24,19.241));
#7092 = VERTEX_POINT('', #7091);
#7093 = CARTESIAN_POINT('', (41,24,19.25));
#7094 = VERTEX_POINT('', #7093);
#7095 = CARTESIAN_POINT('', (41.212,24,19.241));
#7096 = DIRECTION('', (-0.999099, 0, 0.0424515));
#7097 = VECTOR('',#7096,1);
#7098 = LINE('',#7095, #7097);
#7099 = SURFACE_CURVE('', #7098);
#7100 = EDGE_CURVE('', #7092, #7094,#7099,.T.);
#7101 = CARTESIAN_POINT('', (41,24,19.25));
#7102 = DIRECTION('', (-0.0837642, 0, 0.996486));
#7103 = VECTOR('',#7102,1);
#7104 = LINE('',#7101, #7103);
#7105 = SURFACE_CURVE('', #7104);
#7106 = EDGE_CURVE('', #7094, #7090,#7105,.T.);
#7107 = ORIENTED_EDGE('',*,*,#7077,.F.);
#7108 = ORIENTED_EDGE('',*,*,#7100,.T.);
#7109 = ORIENTED_EDGE('',*,*,#7106,.T.);
#7110 = CARTESIAN_POINT('', (38.5561,24,48.3233));
#7111 = DIRECTION('', (0, 1, 0));
#7112 = DIRECTION('', (0.0909452, 0, -0.995856));
#7113 = AXIS2_PLACEMENT_3D('',#7110,#7111,#7112);
#7114 = PLANE('',#7113);
#7115 = EDGE_LOOP('', (#7107,#7108,#7109));
#7116 = FACE_BOUND('', #7115,.T.);
#7117 = ADVANCED_FACE('', (#7116),#7114,.T.);
#7118 = CARTESIAN_POINT('', (38.5561,24,48.3233));
#7119 = VERTEX_POINT('', #7118);
#7120 = CARTESIAN_POINT('', (41,24,19.25));
#7121 = VERTEX_POINT('', #7120);
#7122 = CARTESIAN_POINT('', (38.5023,24,48.7439));
#7123 = VERTEX_POINT('', #7122);
#7124 = CARTESIAN_POINT('', (41,24,19.25));
#7125 = DIRECTION('', (-0.0843848, 0, 0.996433));
#7126 = VECTOR('',#7125,1);
#7127 = LINE('',#7124, #7126);
#7128 = SURFACE_CURVE('', #7127);
#7129 = EDGE_CURVE('', #7121, #7123,#7128,.T.);
#7130 = CARTESIAN_POINT('', (38.5023,24,48.7439));
#7131 = DIRECTION('', (0.12701, 0, -0.991901));
#7132 = VECTOR('',#7131,1);
#7133 = LINE('',#7130, #7132);
#7134 = SURFACE_CURVE('', #7133);
#7135 = EDGE_CURVE('', #7123, #7119,#7134,.T.);
#7136 = ORIENTED_EDGE('',*,*,#7106,.F.);
#7137 = ORIENTED_EDGE('',*,*,#7129,.T.);
#7138 = ORIENTED_EDGE('',*,*,#7135,.T.);
#7139 = CARTESIAN_POINT('', (38.5561,24,48.3233));
#7140 = DIRECTION('', (0, 1, 0));
#7141 = DIRECTION('', (0.0837642, 0, -0.996486));
#7142 = AXIS2_PLACEMENT_3D('',#7139,#7140,#7141);
#7143 = PLANE('',#7142);
#7144 = EDGE_LOOP('', (#7136,#7137,#7138));
#7145 = FACE_BOUND('', #7144,.T.);
#7146 = ADVANCED_FACE('', (#7145),#7143,.T.);
#7147 = CARTESIAN_POINT('', (38.5023,24,48.7439));
#7148 = VERTEX_POINT('', #7147);
#7149 = CARTESIAN_POINT('', (41,24,19.25));
#7150 = VERTEX_POINT('', #7149);
#7151 = CARTESIAN_POINT('', (40.788,24,19.241));
#7152 = VERTEX_POINT('', #7151);
#7153 = CARTESIAN_POINT('', (41,24,19.25));
#7154 = DIRECTION('', (-0.999099, 0, -0.0424508));
#7155 = VECTOR('',#7154,1);
#7156 = LINE('',#7153, #7155);
#7157 = SURFACE_CURVE('', #7156);
#7158 = EDGE_CURVE('', #7150, #7152,#7157,.T.);
#7159 = CARTESIAN_POINT('', (40.788,24,19.241));
#7160 = DIRECTION('', (-0.0772432, 0, 0.997012));
#7161 = VECTOR('',#7160,1);
#7162 = LINE('',#7159, #7161);
#7163 = SURFACE_CURVE('', #7162);
#7164 = EDGE_CURVE('', #7152, #7148,#7163,.T.);
#7165 = ORIENTED_EDGE('',*,*,#7129,.F.);
#7166 = ORIENTED_EDGE('',*,*,#7158,.T.);
#7167 = ORIENTED_EDGE('',*,*,#7164,.T.);
#7168 = CARTESIAN_POINT('', (38.5023,24,48.7439));
#7169 = DIRECTION('', (0, 1, 0));
#7170 = DIRECTION('', (0.0843848, 0, -0.996433));
#7171 = AXIS2_PLACEMENT_3D('',#7168,#7169,#7170);
#7172 = PLANE('',#7171);
#7173 = EDGE_LOOP('', (#7165,#7166,#7167));
#7174 = FACE_BOUND('', #7173,.T.);
#7175 = ADVANCED_FACE('', (#7174),#7172,.T.);
#7176 = CARTESIAN_POINT('', (38.5023,24,48.7439));
#7177 = VERTEX_POINT('', #7176);
#7178 = CARTESIAN_POINT('', (40.788,24,19.241));
#7179 = VERTEX_POINT('', #7178);
#7180 = CARTESIAN_POINT('', (40.3701,24,19.1693));
#7181 = VERTEX_POINT('', #7180);
#7182 = CARTESIAN_POINT('', (40.788,24,19.241));
#7183 = DIRECTION('', (-0.985617, 0, -0.168997));
#7184 = VECTOR('',#7183,1);
#7185 = LINE('',#7182, #7184);
#7186 = SURFACE_CURVE('', #7185);
#7187 = EDGE_CURVE('', #7179, #7181,#7186,.T.);
#7188 = CARTESIAN_POINT('', (40.3701,24,19.1693));
#7189 = DIRECTION('', (-0.0630301, 0, 0.998012));
#7190 = VECTOR('',#7189,1);
#7191 = LINE('',#7188, #7190);
#7192 = SURFACE_CURVE('', #7191);
#7193 = EDGE_CURVE('', #7181, #7177,#7192,.T.);
#7194 = ORIENTED_EDGE('',*,*,#7164,.F.);
#7195 = ORIENTED_EDGE('',*,*,#7187,.T.);
#7196 = ORIENTED_EDGE('',*,*,#7193,.T.);
#7197 = CARTESIAN_POINT('', (38.5023,24,48.7439));
#7198 = DIRECTION('', (0, 1, 0));
#7199 = DIRECTION('', (0.0772432, 0, -0.997012));
#7200 = AXIS2_PLACEMENT_3D('',#7197,#7198,#7199);
#7201 = PLANE('',#7200);
#7202 = EDGE_LOOP('', (#7194,#7195,#7196));
#7203 = FACE_BOUND('', #7202,.T.);
#7204 = ADVANCED_FACE('', (#7203),#7201,.T.);
#7205 = CARTESIAN_POINT('', (42.3999,24,18.8213));
#7206 = VERTEX_POINT('', #7205);
#7207 = CARTESIAN_POINT('', (43.1288,24,47.5392));
#7208 = VERTEX_POINT('', #7207);
#7209 = CARTESIAN_POINT('', (43.3197,24,47.9179));
#7210 = VERTEX_POINT('', #7209);
#7211 = CARTESIAN_POINT('', (42.3999,24,18.8213));
#7212 = DIRECTION('', (0.0253727, 0, 0.999678));
#7213 = VECTOR('',#7212,1);
#7214 = LINE('',#7211, #7213);
#7215 = SURFACE_CURVE('', #7214);
#7216 = EDGE_CURVE('', #7206, #7208,#7215,.T.);
#7217 = CARTESIAN_POINT('', (43.1288,24,47.5392));
#7218 = DIRECTION('', (0.450205, 0, 0.892925));
#7219 = VECTOR('',#7218,1);
#7220 = LINE('',#7217, #7219);
#7221 = SURFACE_CURVE('', #7220);
#7222 = EDGE_CURVE('', #7208, #7210,#7221,.T.);
#7223 = CARTESIAN_POINT('', (43.3197,24,47.9179));
#7224 = DIRECTION('', (-0.0315956, 0, -0.999501));
#7225 = VECTOR('',#7224,1);
#7226 = LINE('',#7223, #7225);
#7227 = SURFACE_CURVE('', #7226);
#7228 = EDGE_CURVE('', #7210, #7206,#7227,.T.);
#7229 = ORIENTED_EDGE('',*,*,#7216,.T.);
#7230 = ORIENTED_EDGE('',*,*,#7222,.T.);
#7231 = ORIENTED_EDGE('',*,*,#7228,.T.);
#7232 = CARTESIAN_POINT('', (42.3999,24,18.8213));
#7233 = DIRECTION('', (0, 1, 0));
#7234 = DIRECTION('', (0.0253727, 0, 0.999678));
#7235 = AXIS2_PLACEMENT_3D('',#7232,#7233,#7234);
#7236 = PLANE('',#7235);
#7237 = EDGE_LOOP('', (#7229,#7230,#7231));
#7238 = FACE_BOUND('', #7237,.T.);
#7239 = ADVANCED_FACE('', (#7238),#7236,.T.);
#7240 = CARTESIAN_POINT('', (42.3999,24,18.8213));
#7241 = VERTEX_POINT('', #7240);
#7242 = CARTESIAN_POINT('', (43.3197,24,47.9179));
#7243 = VERTEX_POINT('', #7242);
#7244 = CARTESIAN_POINT('', (50,24,55));
#7245 = VERTEX_POINT('', #7244);
#7246 = CARTESIAN_POINT('', (43.3197,24,47.9179));
#7247 = DIRECTION('', (0.686167, 0, 0.727444));
#7248 = VECTOR('',#7247,1);
#7249 = LINE('',#7246, #7248);
#7250 = SURFACE_CURVE('', #7249);
#7251 = EDGE_CURVE('', #7243, #7245,#7250,.T.);
#7252 = ORIENTED_EDGE('',*,*,#7228,.F.);
#7253 = ORIENTED_EDGE('',*,*,#7251,.T.);
#7254 = ORIENTED_EDGE('',*,*,#6909,.F.);
#7255 = CARTESIAN_POINT('', (42.3999,24,18.8213));
#7256 = DIRECTION('', (0, 1, 0));
#7257 = DIRECTION('', (0.0315956, 0, 0.999501));
#7258 = AXIS2_PLACEMENT_3D('',#7255,#7256,#7257);
#7259 = PLANE('',#7258);
#7260 = EDGE_LOOP('', (#7252,#7253,#7254));
#7261 = FACE_BOUND('', #7260,.T.);
#7262 = ADVANCED_FACE('', (#7261),#7259,.T.);
#7263 = CARTESIAN_POINT('', (50,24,55));
#7264 = VERTEX_POINT('', #7263);
#7265 = CARTESIAN_POINT('', (43.3197,24,47.9179));
#7266 = VERTEX_POINT('', #7265);
#7267 = CARTESIAN_POINT('', (43.4439,24,48.3233));
#7268 = VERTEX_POINT('', #7267);
#7269 = CARTESIAN_POINT('', (43.3197,24,47.9179));
#7270 = DIRECTION('', (0.292828, 0, 0.956165));
#7271 = VECTOR('',#7270,1);
#7272 = LINE('',#7269, #7271);
#7273 = SURFACE_CURVE('', #7272);
#7274 = EDGE_CURVE('', #7266, #7268,#7273,.T.);
#7275 = CARTESIAN_POINT('', (43.4439,24,48.3233));
#7276 = DIRECTION('', (0.700634, 0, 0.713521));
#7277 = VECTOR('',#7276,1);
#7278 = LINE('',#7275, #7277);
#7279 = SURFACE_CURVE('', #7278);
#7280 = EDGE_CURVE('', #7268, #7264,#7279,.T.);
#7281 = ORIENTED_EDGE('',*,*,#7251,.F.);
#7282 = ORIENTED_EDGE('',*,*,#7274,.T.);
#7283 = ORIENTED_EDGE('',*,*,#7280,.T.);
#7284 = CARTESIAN_POINT('', (50,24,55));
#7285 = DIRECTION('', (0, 1, 0));
#7286 = DIRECTION('', (-0.686167, 0, -0.727444));
#7287 = AXIS2_PLACEMENT_3D('',#7284,#7285,#7286);
#7288 = PLANE('',#7287);
#7289 = EDGE_LOOP('', (#7281,#7282,#7283));
#7290 = FACE_BOUND('', #7289,.T.);
#7291 = ADVANCED_FACE('', (#7290),#7288,.T.);
#7292 = CARTESIAN_POINT('', (50,24,55));
#7293 = VERTEX_POINT('', #7292);
#7294 = CARTESIAN_POINT('', (43.4439,24,48.3233));
#7295 = VERTEX_POINT('', #7294);
#7296 = CARTESIAN_POINT('', (43.4977,24,48.7439));
#7297 = VERTEX_POINT('', #7296);
#7298 = CARTESIAN_POINT('', (43.4439,24,48.3233));
#7299 = DIRECTION('', (0.127019, 0, 0.9919));
#7300 = VECTOR('',#7299,1);
#7301 = LINE('',#7298, #7300);
#7302 = SURFACE_CURVE('', #7301);
#7303 = EDGE_CURVE('', #7295, #7297,#7302,.T.);
#7304 = ORIENTED_EDGE('',*,*,#7280,.F.);
#7305 = ORIENTED_EDGE('',*,*,#7303,.T.);
#7306 = ORIENTED_EDGE('',*,*,#6172,.F.);
#7307 = CARTESIAN_POINT('', (50,24,55));
#7308 = DIRECTION('', (0, 1, 0));
#7309 = DIRECTION('', (-0.700634, 0, -0.713521));
#7310 = AXIS2_PLACEMENT_3D('',#7307,#7308,#7309);
#7311 = PLANE('',#7310);
#7312 = EDGE_LOOP('', (#7304,#7305,#7306));
#7313 = FACE_BOUND('', #7312,.T.);
#7314 = ADVANCED_FACE('', (#7313),#7311,.T.);
#7315 = CARTESIAN_POINT('', (8.16715,24,46.4928));
#7316 = VERTEX_POINT('', #7315);
#7317 = CARTESIAN_POINT('', (8.5775,24,46.386));
#7318 = VERTEX_POINT('', #7317);
#7319 = CARTESIAN_POINT('', (9,24,19.25));
#7320 = VERTEX_POINT('', #7319);
#7321 = CARTESIAN_POINT('', (8.16715,24,46.4928));
#7322 = DIRECTION('', (0.967731, 0, -0.251986));
#7323 = VECTOR('',#7322,1);
#7324 = LINE('',#7321, #7323);
#7325 = SURFACE_CURVE('', #7324);
#7326 = EDGE_CURVE('', #7316, #7318,#7325,.T.);
#7327 = CARTESIAN_POINT('', (8.5775,24,46.386));
#7328 = DIRECTION('', (0.015568, 0, -0.999879));
#7329 = VECTOR('',#7328,1);
#7330 = LINE('',#7327, #7329);
#7331 = SURFACE_CURVE('', #7330);
#7332 = EDGE_CURVE('', #7318, #7320,#7331,.T.);
#7333 = ORIENTED_EDGE('',*,*,#7326,.T.);
#7334 = ORIENTED_EDGE('',*,*,#7332,.T.);
#7335 = ORIENTED_EDGE('',*,*,#6050,.F.);
#7336 = CARTESIAN_POINT('', (8.16715,24,46.4928));
#7337 = DIRECTION('', (0, 1, 0));
#7338 = DIRECTION('', (0.967731, 0, -0.251986));
#7339 = AXIS2_PLACEMENT_3D('',#7336,#7337,#7338);
#7340 = PLANE('',#7339);
#7341 = EDGE_LOOP('', (#7333,#7334,#7335));
#7342 = FACE_BOUND('', #7341,.T.);
#7343 = ADVANCED_FACE('', (#7342),#7340,.T.);
#7344 = CARTESIAN_POINT('', (9,24,19.25));
#7345 = VERTEX_POINT('', #7344);
#7346 = CARTESIAN_POINT('', (8.5775,24,46.386));
#7347 = VERTEX_POINT('', #7346);
#7348 = CARTESIAN_POINT('', (9,24,46.35));
#7349 = VERTEX_POINT('', #7348);
#7350 = CARTESIAN_POINT('', (8.5775,24,46.386));
#7351 = DIRECTION('', (0.996398, 0, -0.0847991));
#7352 = VECTOR('',#7351,1);
#7353 = LINE('',#7350, #7352);
#7354 = SURFACE_CURVE('', #7353);
#7355 = EDGE_CURVE('', #7347, #7349,#7354,.T.);
#7356 = CARTESIAN_POINT('', (9,24,46.35));
#7357 = DIRECTION('', (0, 0, -1));
#7358 = VECTOR('',#7357,1);
#7359 = LINE('',#7356, #7358);
#7360 = SURFACE_CURVE('', #7359);
#7361 = EDGE_CURVE('', #7349, #7345,#7360,.T.);
#7362 = ORIENTED_EDGE('',*,*,#7332,.F.);
#7363 = ORIENTED_EDGE('',*,*,#7355,.T.);
#7364 = ORIENTED_EDGE('',*,*,#7361,.T.);
#7365 = CARTESIAN_POINT('', (9,24,19.25));
#7366 = DIRECTION('', (0, 1, -0));
#7367 = DIRECTION('', (-0.015568, 0, 0.999879));
#7368 = AXIS2_PLACEMENT_3D('',#7365,#7366,#7367);
#7369 = PLANE('',#7368);
#7370 = EDGE_LOOP('', (#7362,#7363,#7364));
#7371 = FACE_BOUND('', #7370,.T.);
#7372 = ADVANCED_FACE('', (#7371),#7369,.T.);
#7373 = CARTESIAN_POINT('', (9,24,19.25));
#7374 = VERTEX_POINT('', #7373);
#7375 = CARTESIAN_POINT('', (9,24,46.35));
#7376 = VERTEX_POINT('', #7375);
#7377 = CARTESIAN_POINT('', (9.21202,24,19.241));
#7378 = VERTEX_POINT('', #7377);
#7379 = CARTESIAN_POINT('', (9,24,46.35));
#7380 = DIRECTION('', (0.0078206, 0, -0.999969));
#7381 = VECTOR('',#7380,1);
#7382 = LINE('',#7379, #7381);
#7383 = SURFACE_CURVE('', #7382);
#7384 = EDGE_CURVE('', #7376, #7378,#7383,.T.);
#7385 = CARTESIAN_POINT('', (9.21202,24,19.241));
#7386 = DIRECTION('', (-0.999099, 0, 0.0424511));
#7387 = VECTOR('',#7386,1);
#7388 = LINE('',#7385, #7387);
#7389 = SURFACE_CURVE('', #7388);
#7390 = EDGE_CURVE('', #7378, #7374,#7389,.T.);
#7391 = ORIENTED_EDGE('',*,*,#7361,.F.);
#7392 = ORIENTED_EDGE('',*,*,#7384,.T.);
#7393 = ORIENTED_EDGE('',*,*,#7390,.T.);
#7394 = CARTESIAN_POINT('', (9,24,19.25));
#7395 = DIRECTION('', (-0, 1, 0));
#7396 = DIRECTION('', (0, 0, 1));
#7397 = AXIS2_PLACEMENT_3D('',#7394,#7395,#7396);
#7398 = PLANE('',#7397);
#7399 = EDGE_LOOP('', (#7391,#7392,#7393));
#7400 = FACE_BOUND('', #7399,.T.);
#7401 = ADVANCED_FACE('', (#7400),#7398,.T.);
#7402 = CARTESIAN_POINT('', (9.21202,24,19.241));
#7403 = VERTEX_POINT('', #7402);
#7404 = CARTESIAN_POINT('', (9,24,46.35));
#7405 = VERTEX_POINT('', #7404);
#7406 = CARTESIAN_POINT('', (9.4225,24,46.386));
#7407 = VERTEX_POINT('', #7406);
#7408 = CARTESIAN_POINT('', (9,24,46.35));
#7409 = DIRECTION('', (0.996398, 0, 0.0847991));
#7410 = VECTOR('',#7409,1);
#7411 = LINE('',#7408, #7410);
#7412 = SURFACE_CURVE('', #7411);
#7413 = EDGE_CURVE('', #7405, #7407,#7412,.T.);
#7414 = CARTESIAN_POINT('', (9.4225,24,46.386));
#7415 = DIRECTION('', (-0.00775396, 0, -0.99997));
#7416 = VECTOR('',#7415,1);
#7417 = LINE('',#7414, #7416);
#7418 = SURFACE_CURVE('', #7417);
#7419 = EDGE_CURVE('', #7407, #7403,#7418,.T.);
#7420 = ORIENTED_EDGE('',*,*,#7384,.F.);
#7421 = ORIENTED_EDGE('',*,*,#7413,.T.);
#7422 = ORIENTED_EDGE('',*,*,#7419,.T.);
#7423 = CARTESIAN_POINT('', (9.21202,24,19.241));
#7424 = DIRECTION('', (0, 1, -0));
#7425 = DIRECTION('', (-0.0078206, 0, 0.999969));
#7426 = AXIS2_PLACEMENT_3D('',#7423,#7424,#7425);
#7427 = PLANE('',#7426);
#7428 = EDGE_LOOP('', (#7420,#7421,#7422));
#7429 = FACE_BOUND('', #7428,.T.);
#7430 = ADVANCED_FACE('', (#7429),#7427,.T.);
#7431 = CARTESIAN_POINT('', (9.21202,24,19.241));
#7432 = VERTEX_POINT('', #7431);
#7433 = CARTESIAN_POINT('', (9.4225,24,46.386));
#7434 = VERTEX_POINT('', #7433);
#7435 = CARTESIAN_POINT('', (9.83285,24,46.4928));
#7436 = VERTEX_POINT('', #7435);
#7437 = CARTESIAN_POINT('', (9.4225,24,46.386));
#7438 = DIRECTION('', (0.967731, 0, 0.251986));
#7439 = VECTOR('',#7438,1);
#7440 = LINE('',#7437, #7439);
#7441 = SURFACE_CURVE('', #7440);
#7442 = EDGE_CURVE('', #7434, #7436,#7441,.T.);
#7443 = CARTESIAN_POINT('', (9.83285,24,46.4928));
#7444 = DIRECTION('', (-0.0227755, 0, -0.999741));
#7445 = VECTOR('',#7444,1);
#7446 = LINE('',#7443, #7445);
#7447 = SURFACE_CURVE('', #7446);
#7448 = EDGE_CURVE('', #7436, #7432,#7447,.T.);
#7449 = ORIENTED_EDGE('',*,*,#7419,.F.);
#7450 = ORIENTED_EDGE('',*,*,#7442,.T.);
#7451 = ORIENTED_EDGE('',*,*,#7448,.T.);
#7452 = CARTESIAN_POINT('', (9.21202,24,19.241));
#7453 = DIRECTION('', (0, 1, 0));
#7454 = DIRECTION('', (0.00775396, 0, 0.99997));
#7455 = AXIS2_PLACEMENT_3D('',#7452,#7453,#7454);
#7456 = PLANE('',#7455);
#7457 = EDGE_LOOP('', (#7449,#7450,#7451));
#7458 = FACE_BOUND('', #7457,.T.);
#7459 = ADVANCED_FACE('', (#7458),#7456,.T.);
#7460 = CARTESIAN_POINT('', (11.2323,24,49.9755));
#7461 = VERTEX_POINT('', #7460);
#7462 = CARTESIAN_POINT('', (39.6001,24,18.8213));
#7463 = VERTEX_POINT('', #7462);
#7464 = CARTESIAN_POINT('', (11.3904,24,49.5821));
#7465 = VERTEX_POINT('', #7464);
#7466 = CARTESIAN_POINT('', (11.2323,24,49.9755));
#7467 = DIRECTION('', (0.673267, 0, -0.7394));
#7468 = VECTOR('',#7467,1);
#7469 = LINE('',#7466, #7468);
#7470 = SURFACE_CURVE('', #7469);
#7471 = EDGE_CURVE('', #7461, #7463,#7470,.T.);
#7472 = CARTESIAN_POINT('', (39.6001,24,18.8213));
#7473 = DIRECTION('', (-0.675884, 0, 0.737008));
#7474 = VECTOR('',#7473,1);
#7475 = LINE('',#7472, #7474);
#7476 = SURFACE_CURVE('', #7475);
#7477 = EDGE_CURVE('', #7463, #7465,#7476,.T.);
#7478 = CARTESIAN_POINT('', (11.3904,24,49.5821));
#7479 = DIRECTION('', (-0.372857, 0, 0.927889));
#7480 = VECTOR('',#7479,1);
#7481 = LINE('',#7478, #7480);
#7482 = SURFACE_CURVE('', #7481);
#7483 = EDGE_CURVE('', #7465, #7461,#7482,.T.);
#7484 = ORIENTED_EDGE('',*,*,#7471,.T.);
#7485 = ORIENTED_EDGE('',*,*,#7477,.T.);
#7486 = ORIENTED_EDGE('',*,*,#7483,.T.);
#7487 = CARTESIAN_POINT('', (11.2323,24,49.9755));
#7488 = DIRECTION('', (0, 1, 0));
#7489 = DIRECTION('', (0.673267, 0, -0.7394));
#7490 = AXIS2_PLACEMENT_3D('',#7487,#7488,#7489);
#7491 = PLANE('',#7490);
#7492 = EDGE_LOOP('', (#7484,#7485,#7486));
#7493 = FACE_BOUND('', #7492,.T.);
#7494 = ADVANCED_FACE('', (#7493),#7491,.T.);
#7495 = CARTESIAN_POINT('', (11.3904,24,49.5821));
#7496 = VERTEX_POINT('', #7495);
#7497 = CARTESIAN_POINT('', (39.6001,24,18.8213));
#7498 = VERTEX_POINT('', #7497);
#7499 = CARTESIAN_POINT('', (11.4798,24,49.1675));
#7500 = VERTEX_POINT('', #7499);
#7501 = CARTESIAN_POINT('', (39.6001,24,18.8213));
#7502 = DIRECTION('', (-0.679693, 0, 0.733497));
#7503 = VECTOR('',#7502,1);
#7504 = LINE('',#7501, #7503);
#7505 = SURFACE_CURVE('', #7504);
#7506 = EDGE_CURVE('', #7498, #7500,#7505,.T.);
#7507 = CARTESIAN_POINT('', (11.4798,24,49.1675));
#7508 = DIRECTION('', (-0.21068, 0, 0.977555));
#7509 = VECTOR('',#7508,1);
#7510 = LINE('',#7507, #7509);
#7511 = SURFACE_CURVE('', #7510);
#7512 = EDGE_CURVE('', #7500, #7496,#7511,.T.);
#7513 = ORIENTED_EDGE('',*,*,#7477,.F.);
#7514 = ORIENTED_EDGE('',*,*,#7506,.T.);
#7515 = ORIENTED_EDGE('',*,*,#7512,.T.);
#7516 = CARTESIAN_POINT('', (11.3904,24,49.5821));
#7517 = DIRECTION('', (0, 1, 0));
#7518 = DIRECTION('', (0.675884, 0, -0.737008));
#7519 = AXIS2_PLACEMENT_3D('',#7516,#7517,#7518);
#7520 = PLANE('',#7519);
#7521 = EDGE_LOOP('', (#7513,#7514,#7515));
#7522 = FACE_BOUND('', #7521,.T.);
#7523 = ADVANCED_FACE('', (#7522),#7520,.T.);
#7524 = CARTESIAN_POINT('', (11.2323,24,49.9755));
#7525 = VERTEX_POINT('', #7524);
#7526 = CARTESIAN_POINT('', (11.01,24,50.3366));
#7527 = VERTEX_POINT('', #7526);
#7528 = CARTESIAN_POINT('', (39.6001,24,18.8213));
#7529 = VERTEX_POINT('', #7528);
#7530 = CARTESIAN_POINT('', (11.2323,24,49.9755));
#7531 = DIRECTION('', (-0.524305, 0, 0.85153));
#7532 = VECTOR('',#7531,1);
#7533 = LINE('',#7530, #7532);
#7534 = SURFACE_CURVE('', #7533);
#7535 = EDGE_CURVE('', #7525, #7527,#7534,.T.);
#7536 = CARTESIAN_POINT('', (11.01,24,50.3366));
#7537 = DIRECTION('', (0.671898, 0, -0.740644));
#7538 = VECTOR('',#7537,1);
#7539 = LINE('',#7536, #7538);
#7540 = SURFACE_CURVE('', #7539);
#7541 = EDGE_CURVE('', #7527, #7529,#7540,.T.);
#7542 = ORIENTED_EDGE('',*,*,#7535,.T.);
#7543 = ORIENTED_EDGE('',*,*,#7541,.T.);
#7544 = ORIENTED_EDGE('',*,*,#7471,.F.);
#7545 = CARTESIAN_POINT('', (11.2323,24,49.9755));
#7546 = DIRECTION('', (-0, 1, -0));
#7547 = DIRECTION('', (-0.524305, 0, 0.85153));
#7548 = AXIS2_PLACEMENT_3D('',#7545,#7546,#7547);
#7549 = PLANE('',#7548);
#7550 = EDGE_LOOP('', (#7542,#7543,#7544));
#7551 = FACE_BOUND('', #7550,.T.);
#7552 = ADVANCED_FACE('', (#7551),#7549,.T.);
#7553 = CARTESIAN_POINT('', (39.6001,24,18.8213));
#7554 = VERTEX_POINT('', #7553);
#7555 = CARTESIAN_POINT('', (11.01,24,50.3366));
#7556 = VERTEX_POINT('', #7555);
#7557 = CARTESIAN_POINT('', (10.7298,24,50.6549));
#7558 = VERTEX_POINT('', #7557);
#7559 = CARTESIAN_POINT('', (11.01,24,50.3366));
#7560 = DIRECTION('', (-0.660675, 0, 0.750672));
#7561 = VECTOR('',#7560,1);
#7562 = LINE('',#7559, #7561);
#7563 = SURFACE_CURVE('', #7562);
#7564 = EDGE_CURVE('', #7556, #7558,#7563,.T.);
#7565 = CARTESIAN_POINT('', (10.7298,24,50.6549));
#7566 = DIRECTION('', (0.671788, 0, -0.740744));
#7567 = VECTOR('',#7566,1);
#7568 = LINE('',#7565, #7567);
#7569 = SURFACE_CURVE('', #7568);
#7570 = EDGE_CURVE('', #7558, #7554,#7569,.T.);
#7571 = ORIENTED_EDGE('',*,*,#7541,.F.);
#7572 = ORIENTED_EDGE('',*,*,#7564,.T.);
#7573 = ORIENTED_EDGE('',*,*,#7570,.T.);
#7574 = CARTESIAN_POINT('', (39.6001,24,18.8213));
#7575 = DIRECTION('', (0, 1, 0));
#7576 = DIRECTION('', (-0.671898, 0, 0.740644));
#7577 = AXIS2_PLACEMENT_3D('',#7574,#7575,#7576);
#7578 = PLANE('',#7577);
#7579 = EDGE_LOOP('', (#7571,#7572,#7573));
#7580 = FACE_BOUND('', #7579,.T.);
#7581 = ADVANCED_FACE('', (#7580),#7578,.T.);
#7582 = CARTESIAN_POINT('', (39.6001,24,18.8213));
#7583 = VERTEX_POINT('', #7582);
#7584 = CARTESIAN_POINT('', (10.7298,24,50.6549));
#7585 = VERTEX_POINT('', #7584);
#7586 = CARTESIAN_POINT('', (39.9702,24,19.0281));
#7587 = VERTEX_POINT('', #7586);
#7588 = CARTESIAN_POINT('', (10.7298,24,50.6549));
#7589 = DIRECTION('', (0.678862, 0, -0.734266));
#7590 = VECTOR('',#7589,1);
#7591 = LINE('',#7588, #7590);
#7592 = SURFACE_CURVE('', #7591);
#7593 = EDGE_CURVE('', #7585, #7587,#7592,.T.);
#7594 = CARTESIAN_POINT('', (39.9702,24,19.0281));
#7595 = DIRECTION('', (-0.873015, 0, -0.487693));
#7596 = VECTOR('',#7595,1);
#7597 = LINE('',#7594, #7596);
#7598 = SURFACE_CURVE('', #7597);
#7599 = EDGE_CURVE('', #7587, #7583,#7598,.T.);
#7600 = ORIENTED_EDGE('',*,*,#7570,.F.);
#7601 = ORIENTED_EDGE('',*,*,#7593,.T.);
#7602 = ORIENTED_EDGE('',*,*,#7599,.T.);
#7603 = CARTESIAN_POINT('', (39.6001,24,18.8213));
#7604 = DIRECTION('', (0, 1, -0));
#7605 = DIRECTION('', (-0.671788, 0, 0.740744));
#7606 = AXIS2_PLACEMENT_3D('',#7603,#7604,#7605);
#7607 = PLANE('',#7606);
#7608 = EDGE_LOOP('', (#7600,#7601,#7602));
#7609 = FACE_BOUND('', #7608,.T.);
#7610 = ADVANCED_FACE('', (#7609),#7607,.T.);
#7611 = CARTESIAN_POINT('', (41.4225,24,46.386));
#7612 = VERTEX_POINT('', #7611);
#7613 = CARTESIAN_POINT('', (41.8328,24,46.4928));
#7614 = VERTEX_POINT('', #7613);
#7615 = CARTESIAN_POINT('', (42.3999,24,18.8213));
#7616 = VERTEX_POINT('', #7615);
#7617 = CARTESIAN_POINT('', (41.4225,24,46.386));
#7618 = DIRECTION('', (0.967731, 0, 0.251986));
#7619 = VECTOR('',#7618,1);
#7620 = LINE('',#7617, #7619);
#7621 = SURFACE_CURVE('', #7620);
#7622 = EDGE_CURVE('', #7612, #7614,#7621,.T.);
#7623 = CARTESIAN_POINT('', (41.8328,24,46.4928));
#7624 = DIRECTION('', (0.0204893, 0, -0.99979));
#7625 = VECTOR('',#7624,1);
#7626 = LINE('',#7623, #7625);
#7627 = SURFACE_CURVE('', #7626);
#7628 = EDGE_CURVE('', #7614, #7616,#7627,.T.);
#7629 = CARTESIAN_POINT('', (42.3999,24,18.8213));
#7630 = DIRECTION('', (-0.0354375, 0, 0.999372));
#7631 = VECTOR('',#7630,1);
#7632 = LINE('',#7629, #7631);
#7633 = SURFACE_CURVE('', #7632);
#7634 = EDGE_CURVE('', #7616, #7612,#7633,.T.);
#7635 = ORIENTED_EDGE('',*,*,#7622,.T.);
#7636 = ORIENTED_EDGE('',*,*,#7628,.T.);
#7637 = ORIENTED_EDGE('',*,*,#7634,.T.);
#7638 = CARTESIAN_POINT('', (41.4225,24,46.386));
#7639 = DIRECTION('', (-0, 1, 0));
#7640 = DIRECTION('', (0.967731, 0, 0.251986));
#7641 = AXIS2_PLACEMENT_3D('',#7638,#7639,#7640);
#7642 = PLANE('',#7641);
#7643 = EDGE_LOOP('', (#7635,#7636,#7637));
#7644 = FACE_BOUND('', #7643,.T.);
#7645 = ADVANCED_FACE('', (#7644),#7642,.T.);
#7646 = CARTESIAN_POINT('', (42.3999,24,18.8213));
#7647 = VERTEX_POINT('', #7646);
#7648 = CARTESIAN_POINT('', (41.8328,24,46.4928));
#7649 = VERTEX_POINT('', #7648);
#7650 = CARTESIAN_POINT('', (42.2192,24,46.6675));
#7651 = VERTEX_POINT('', #7650);
#7652 = CARTESIAN_POINT('', (41.8328,24,46.4928));
#7653 = DIRECTION('', (0.911232, 0, 0.411894));
#7654 = VECTOR('',#7653,1);
#7655 = LINE('',#7652, #7654);
#7656 = SURFACE_CURVE('', #7655);
#7657 = EDGE_CURVE('', #7649, #7651,#7656,.T.);
#7658 = CARTESIAN_POINT('', (42.2192,24,46.6675));
#7659 = DIRECTION('', (0.00648902, 0, -0.999979));
#7660 = VECTOR('',#7659,1);
#7661 = LINE('',#7658, #7660);
#7662 = SURFACE_CURVE('', #7661);
#7663 = EDGE_CURVE('', #7651, #7647,#7662,.T.);
#7664 = ORIENTED_EDGE('',*,*,#7628,.F.);
#7665 = ORIENTED_EDGE('',*,*,#7657,.T.);
#7666 = ORIENTED_EDGE('',*,*,#7663,.T.);
#7667 = CARTESIAN_POINT('', (42.3999,24,18.8213));
#7668 = DIRECTION('', (0, 1, 0));
#7669 = DIRECTION('', (-0.0204893, 0, 0.99979));
#7670 = AXIS2_PLACEMENT_3D('',#7667,#7668,#7669);
#7671 = PLANE('',#7670);
#7672 = EDGE_LOOP('', (#7664,#7665,#7666));
#7673 = FACE_BOUND('', #7672,.T.);
#7674 = ADVANCED_FACE('', (#7673),#7671,.T.);
#7675 = CARTESIAN_POINT('', (10.0298,24,19.0281));
#7676 = VERTEX_POINT('', #7675);
#7677 = CARTESIAN_POINT('', (9.62994,24,19.1693));
#7678 = VERTEX_POINT('', #7677);
#7679 = CARTESIAN_POINT('', (38.6096,24,17.4821));
#7680 = VERTEX_POINT('', #7679);
#7681 = CARTESIAN_POINT('', (10.0298,24,19.0281));
#7682 = DIRECTION('', (-0.942877, 0, 0.333142));
#7683 = VECTOR('',#7682,1);
#7684 = LINE('',#7681, #7683);
#7685 = SURFACE_CURVE('', #7684);
#7686 = EDGE_CURVE('', #7676, #7678,#7685,.T.);
#7687 = CARTESIAN_POINT('', (9.62994,24,19.1693));
#7688 = DIRECTION('', (0.998309, 0, -0.0581244));
#7689 = VECTOR('',#7688,1);
#7690 = LINE('',#7687, #7689);
#7691 = SURFACE_CURVE('', #7690);
#7692 = EDGE_CURVE('', #7678, #7680,#7691,.T.);
#7693 = ORIENTED_EDGE('',*,*,#7686,.T.);
#7694 = ORIENTED_EDGE('',*,*,#7692,.T.);
#7695 = ORIENTED_EDGE('',*,*,#6607,.F.);
#7696 = CARTESIAN_POINT('', (10.0298,24,19.0281));
#7697 = DIRECTION('', (-0, 1, -0));
#7698 = DIRECTION('', (-0.942877, 0, 0.333142));
#7699 = AXIS2_PLACEMENT_3D('',#7696,#7697,#7698);
#7700 = PLANE('',#7699);
#7701 = EDGE_LOOP('', (#7693,#7694,#7695));
#7702 = FACE_BOUND('', #7701,.T.);
#7703 = ADVANCED_FACE('', (#7702),#7700,.T.);
#7704 = CARTESIAN_POINT('', (38.6096,24,17.4821));
#7705 = VERTEX_POINT('', #7704);
#7706 = CARTESIAN_POINT('', (9.62994,24,19.1693));
#7707 = VERTEX_POINT('', #7706);
#7708 = CARTESIAN_POINT('', (9.21202,24,19.241));
#7709 = VERTEX_POINT('', #7708);
#7710 = CARTESIAN_POINT('', (9.62994,24,19.1693));
#7711 = DIRECTION('', (-0.985617, 0, 0.168996));
#7712 = VECTOR('',#7711,1);
#7713 = LINE('',#7710, #7712);
#7714 = SURFACE_CURVE('', #7713);
#7715 = EDGE_CURVE('', #7707, #7709,#7714,.T.);
#7716 = CARTESIAN_POINT('', (9.21202,24,19.241));
#7717 = DIRECTION('', (0.998215, 0, -0.0597259));
#7718 = VECTOR('',#7717,1);
#7719 = LINE('',#7716, #7718);
#7720 = SURFACE_CURVE('', #7719);
#7721 = EDGE_CURVE('', #7709, #7705,#7720,.T.);
#7722 = ORIENTED_EDGE('',*,*,#7692,.F.);
#7723 = ORIENTED_EDGE('',*,*,#7715,.T.);
#7724 = ORIENTED_EDGE('',*,*,#7721,.T.);
#7725 = CARTESIAN_POINT('', (38.6096,24,17.4821));
#7726 = DIRECTION('', (0, 1, 0));
#7727 = DIRECTION('', (-0.998309, 0, 0.0581244));
#7728 = AXIS2_PLACEMENT_3D('',#7725,#7726,#7727);
#7729 = PLANE('',#7728);
#7730 = EDGE_LOOP('', (#7722,#7723,#7724));
#7731 = FACE_BOUND('', #7730,.T.);
#7732 = ADVANCED_FACE('', (#7731),#7729,.T.);
#7733 = CARTESIAN_POINT('', (38.6096,24,17.4821));
#7734 = VERTEX_POINT('', #7733);
#7735 = CARTESIAN_POINT('', (9.21202,24,19.241));
#7736 = VERTEX_POINT('', #7735);
#7737 = CARTESIAN_POINT('', (38.7677,24,17.8755));
#7738 = VERTEX_POINT('', #7737);
#7739 = CARTESIAN_POINT('', (9.21202,24,19.241));
#7740 = DIRECTION('', (0.998934, 0, -0.0461511));
#7741 = VECTOR('',#7740,1);
#7742 = LINE('',#7739, #7741);
#7743 = SURFACE_CURVE('', #7742);
#7744 = EDGE_CURVE('', #7736, #7738,#7743,.T.);
#7745 = CARTESIAN_POINT('', (38.7677,24,17.8755));
#7746 = DIRECTION('', (-0.372851, 0, -0.927891));
#7747 = VECTOR('',#7746,1);
#7748 = LINE('',#7745, #7747);
#7749 = SURFACE_CURVE('', #7748);
#7750 = EDGE_CURVE('', #7738, #7734,#7749,.T.);
#7751 = ORIENTED_EDGE('',*,*,#7721,.F.);
#7752 = ORIENTED_EDGE('',*,*,#7744,.T.);
#7753 = ORIENTED_EDGE('',*,*,#7750,.T.);
#7754 = CARTESIAN_POINT('', (38.6096,24,17.4821));
#7755 = DIRECTION('', (0, 1, -0));
#7756 = DIRECTION('', (-0.998215, 0, 0.0597259));
#7757 = AXIS2_PLACEMENT_3D('',#7754,#7755,#7756);
#7758 = PLANE('',#7757);
#7759 = EDGE_LOOP('', (#7751,#7752,#7753));
#7760 = FACE_BOUND('', #7759,.T.);
#7761 = ADVANCED_FACE('', (#7760),#7758,.T.);
#7762 = CARTESIAN_POINT('', (38.7677,24,17.8755));
#7763 = VERTEX_POINT('', #7762);
#7764 = CARTESIAN_POINT('', (9.21202,24,19.241));
#7765 = VERTEX_POINT('', #7764);
#7766 = CARTESIAN_POINT('', (9.83285,24,46.4928));
#7767 = VERTEX_POINT('', #7766);
#7768 = CARTESIAN_POINT('', (9.83285,24,46.4928));
#7769 = DIRECTION('', (0.710997, 0, -0.703195));
#7770 = VECTOR('',#7769,1);
#7771 = LINE('',#7768, #7770);
#7772 = SURFACE_CURVE('', #7771);
#7773 = EDGE_CURVE('', #7767, #7763,#7772,.T.);
#7774 = ORIENTED_EDGE('',*,*,#7744,.F.);
#7775 = ORIENTED_EDGE('',*,*,#7448,.F.);
#7776 = ORIENTED_EDGE('',*,*,#7773,.T.);
#7777 = CARTESIAN_POINT('', (38.7677,24,17.8755));
#7778 = DIRECTION('', (0, 1, 0));
#7779 = DIRECTION('', (-0.998934, 0, 0.0461511));
#7780 = AXIS2_PLACEMENT_3D('',#7777,#7778,#7779);
#7781 = PLANE('',#7780);
#7782 = EDGE_LOOP('', (#7774,#7775,#7776));
#7783 = FACE_BOUND('', #7782,.T.);
#7784 = ADVANCED_FACE('', (#7783),#7781,.T.);
#7785 = CARTESIAN_POINT('', (38.7677,24,17.8755));
#7786 = VERTEX_POINT('', #7785);
#7787 = CARTESIAN_POINT('', (9.83285,24,46.4928));
#7788 = VERTEX_POINT('', #7787);
#7789 = CARTESIAN_POINT('', (38.99,24,18.2366));
#7790 = VERTEX_POINT('', #7789);
#7791 = CARTESIAN_POINT('', (9.83285,24,46.4928));
#7792 = DIRECTION('', (0.718114, 0, -0.695925));
#7793 = VECTOR('',#7792,1);
#7794 = LINE('',#7791, #7793);
#7795 = SURFACE_CURVE('', #7794);
#7796 = EDGE_CURVE('', #7788, #7790,#7795,.T.);
#7797 = CARTESIAN_POINT('', (38.99,24,18.2366));
#7798 = DIRECTION('', (-0.524304, 0, -0.851531));
#7799 = VECTOR('',#7798,1);
#7800 = LINE('',#7797, #7799);
#7801 = SURFACE_CURVE('', #7800);
#7802 = EDGE_CURVE('', #7790, #7786,#7801,.T.);
#7803 = ORIENTED_EDGE('',*,*,#7773,.F.);
#7804 = ORIENTED_EDGE('',*,*,#7796,.T.);
#7805 = ORIENTED_EDGE('',*,*,#7802,.T.);
#7806 = CARTESIAN_POINT('', (38.7677,24,17.8755));
#7807 = DIRECTION('', (0, 1, -0));
#7808 = DIRECTION('', (-0.710997, 0, 0.703195));
#7809 = AXIS2_PLACEMENT_3D('',#7806,#7807,#7808);
#7810 = PLANE('',#7809);
#7811 = EDGE_LOOP('', (#7803,#7804,#7805));
#7812 = FACE_BOUND('', #7811,.T.);
#7813 = ADVANCED_FACE('', (#7812),#7810,.T.);
#7814 = CARTESIAN_POINT('', (11.3197,24,15.8179));
#7815 = VERTEX_POINT('', #7814);
#7816 = CARTESIAN_POINT('', (11.4439,24,16.2233));
#7817 = VERTEX_POINT('', #7816);
#7818 = CARTESIAN_POINT('', (38.5023,24,16.6439));
#7819 = VERTEX_POINT('', #7818);
#7820 = CARTESIAN_POINT('', (11.3197,24,15.8179));
#7821 = DIRECTION('', (0.292821, 0, 0.956167));
#7822 = VECTOR('',#7821,1);
#7823 = LINE('',#7820, #7822);
#7824 = SURFACE_CURVE('', #7823);
#7825 = EDGE_CURVE('', #7815, #7817,#7824,.T.);
#7826 = CARTESIAN_POINT('', (11.4439,24,16.2233));
#7827 = DIRECTION('', (0.999879, 0, 0.015542));
#7828 = VECTOR('',#7827,1);
#7829 = LINE('',#7826, #7828);
#7830 = SURFACE_CURVE('', #7829);
#7831 = EDGE_CURVE('', #7817, #7819,#7830,.T.);
#7832 = ORIENTED_EDGE('',*,*,#7825,.T.);
#7833 = ORIENTED_EDGE('',*,*,#7831,.T.);
#7834 = ORIENTED_EDGE('',*,*,#6085,.F.);
#7835 = CARTESIAN_POINT('', (11.3197,24,15.8179));
#7836 = DIRECTION('', (0, 1, 0));
#7837 = DIRECTION('', (0.292821, 0, 0.956167));
#7838 = AXIS2_PLACEMENT_3D('',#7835,#7836,#7837);
#7839 = PLANE('',#7838);
#7840 = EDGE_LOOP('', (#7832,#7833,#7834));
#7841 = FACE_BOUND('', #7840,.T.);
#7842 = ADVANCED_FACE('', (#7841),#7839,.T.);
#7843 = CARTESIAN_POINT('', (38.5023,24,16.6439));
#7844 = VERTEX_POINT('', #7843);
#7845 = CARTESIAN_POINT('', (11.4439,24,16.2233));
#7846 = VERTEX_POINT('', #7845);
#7847 = CARTESIAN_POINT('', (11.4977,24,16.6439));
#7848 = VERTEX_POINT('', #7847);
#7849 = CARTESIAN_POINT('', (11.4439,24,16.2233));
#7850 = DIRECTION('', (0.12702, 0, 0.9919));
#7851 = VECTOR('',#7850,1);
#7852 = LINE('',#7849, #7851);
#7853 = SURFACE_CURVE('', #7852);
#7854 = EDGE_CURVE('', #7846, #7848,#7853,.T.);
#7855 = CARTESIAN_POINT('', (11.4977,24,16.6439));
#7856 = DIRECTION('', (1, 0, 0));
#7857 = VECTOR('',#7856,1);
#7858 = LINE('',#7855, #7857);
#7859 = SURFACE_CURVE('', #7858);
#7860 = EDGE_CURVE('', #7848, #7844,#7859,.T.);
#7861 = ORIENTED_EDGE('',*,*,#7831,.F.);
#7862 = ORIENTED_EDGE('',*,*,#7854,.T.);
#7863 = ORIENTED_EDGE('',*,*,#7860,.T.);
#7864 = CARTESIAN_POINT('', (38.5023,24,16.6439));
#7865 = DIRECTION('', (0, 1, 0));
#7866 = DIRECTION('', (-0.999879, 0, -0.015542));
#7867 = AXIS2_PLACEMENT_3D('',#7864,#7865,#7866);
#7868 = PLANE('',#7867);
#7869 = EDGE_LOOP('', (#7861,#7862,#7863));
#7870 = FACE_BOUND('', #7869,.T.);
#7871 = ADVANCED_FACE('', (#7870),#7868,.T.);
#7872 = CARTESIAN_POINT('', (38.5023,24,16.6439));
#7873 = VERTEX_POINT('', #7872);
#7874 = CARTESIAN_POINT('', (11.4977,24,16.6439));
#7875 = VERTEX_POINT('', #7874);
#7876 = CARTESIAN_POINT('', (38.5203,24,17.0675));
#7877 = VERTEX_POINT('', #7876);
#7878 = CARTESIAN_POINT('', (11.4977,24,16.6439));
#7879 = DIRECTION('', (0.999877, 0, 0.0156757));
#7880 = VECTOR('',#7879,1);
#7881 = LINE('',#7878, #7880);
#7882 = SURFACE_CURVE('', #7881);
#7883 = EDGE_CURVE('', #7875, #7877,#7882,.T.);
#7884 = CARTESIAN_POINT('', (38.5203,24,17.0675));
#7885 = DIRECTION('', (-0.0424444, 0, -0.999099));
#7886 = VECTOR('',#7885,1);
#7887 = LINE('',#7884, #7886);
#7888 = SURFACE_CURVE('', #7887);
#7889 = EDGE_CURVE('', #7877, #7873,#7888,.T.);
#7890 = ORIENTED_EDGE('',*,*,#7860,.F.);
#7891 = ORIENTED_EDGE('',*,*,#7883,.T.);
#7892 = ORIENTED_EDGE('',*,*,#7889,.T.);
#7893 = CARTESIAN_POINT('', (38.5023,24,16.6439));
#7894 = DIRECTION('', (0, 1, -0));
#7895 = DIRECTION('', (-1, 0, 0));
#7896 = AXIS2_PLACEMENT_3D('',#7893,#7894,#7895);
#7897 = PLANE('',#7896);
#7898 = EDGE_LOOP('', (#7890,#7891,#7892));
#7899 = FACE_BOUND('', #7898,.T.);
#7900 = ADVANCED_FACE('', (#7899),#7897,.T.);
#7901 = CARTESIAN_POINT('', (38.5203,24,17.0675));
#7902 = VERTEX_POINT('', #7901);
#7903 = CARTESIAN_POINT('', (11.4977,24,16.6439));
#7904 = VERTEX_POINT('', #7903);
#7905 = CARTESIAN_POINT('', (11.4798,24,17.0675));
#7906 = VERTEX_POINT('', #7905);
#7907 = CARTESIAN_POINT('', (11.4977,24,16.6439));
#7908 = DIRECTION('', (-0.0424399, 0, 0.999099));
#7909 = VECTOR('',#7908,1);
#7910 = LINE('',#7907, #7909);
#7911 = SURFACE_CURVE('', #7910);
#7912 = EDGE_CURVE('', #7904, #7906,#7911,.T.);
#7913 = CARTESIAN_POINT('', (11.4798,24,17.0675));
#7914 = DIRECTION('', (1, 0, 0));
#7915 = VECTOR('',#7914,1);
#7916 = LINE('',#7913, #7915);
#7917 = SURFACE_CURVE('', #7916);
#7918 = EDGE_CURVE('', #7906, #7902,#7917,.T.);
#7919 = ORIENTED_EDGE('',*,*,#7883,.F.);
#7920 = ORIENTED_EDGE('',*,*,#7912,.T.);
#7921 = ORIENTED_EDGE('',*,*,#7918,.T.);
#7922 = CARTESIAN_POINT('', (38.5203,24,17.0675));
#7923 = DIRECTION('', (0, 1, 0));
#7924 = DIRECTION('', (-0.999877, 0, -0.0156757));
#7925 = AXIS2_PLACEMENT_3D('',#7922,#7923,#7924);
#7926 = PLANE('',#7925);
#7927 = EDGE_LOOP('', (#7919,#7920,#7921));
#7928 = FACE_BOUND('', #7927,.T.);
#7929 = ADVANCED_FACE('', (#7928),#7926,.T.);
#7930 = CARTESIAN_POINT('', (38.5203,24,17.0675));
#7931 = VERTEX_POINT('', #7930);
#7932 = CARTESIAN_POINT('', (11.4798,24,17.0675));
#7933 = VERTEX_POINT('', #7932);
#7934 = CARTESIAN_POINT('', (38.6096,24,17.4821));
#7935 = VERTEX_POINT('', #7934);
#7936 = CARTESIAN_POINT('', (11.4798,24,17.0675));
#7937 = DIRECTION('', (0.999883, 0, 0.0152771));
#7938 = VECTOR('',#7937,1);
#7939 = LINE('',#7936, #7938);
#7940 = SURFACE_CURVE('', #7939);
#7941 = EDGE_CURVE('', #7933, #7935,#7940,.T.);
#7942 = CARTESIAN_POINT('', (38.6096,24,17.4821));
#7943 = DIRECTION('', (-0.210675, 0, -0.977556));
#7944 = VECTOR('',#7943,1);
#7945 = LINE('',#7942, #7944);
#7946 = SURFACE_CURVE('', #7945);
#7947 = EDGE_CURVE('', #7935, #7931,#7946,.T.);
#7948 = ORIENTED_EDGE('',*,*,#7918,.F.);
#7949 = ORIENTED_EDGE('',*,*,#7941,.T.);
#7950 = ORIENTED_EDGE('',*,*,#7947,.T.);
#7951 = CARTESIAN_POINT('', (38.5203,24,17.0675));
#7952 = DIRECTION('', (0, 1, -0));
#7953 = DIRECTION('', (-1, 0, 0));
#7954 = AXIS2_PLACEMENT_3D('',#7951,#7952,#7953);
#7955 = PLANE('',#7954);
#7956 = EDGE_LOOP('', (#7948,#7949,#7950));
#7957 = FACE_BOUND('', #7956,.T.);
#7958 = ADVANCED_FACE('', (#7957),#7955,.T.);
#7959 = CARTESIAN_POINT('', (38.6096,24,17.4821));
#7960 = VERTEX_POINT('', #7959);
#7961 = CARTESIAN_POINT('', (11.4798,24,17.0675));
#7962 = VERTEX_POINT('', #7961);
#7963 = CARTESIAN_POINT('', (11.3904,24,17.4821));
#7964 = VERTEX_POINT('', #7963);
#7965 = CARTESIAN_POINT('', (11.4798,24,17.0675));
#7966 = DIRECTION('', (-0.21068, 0, 0.977555));
#7967 = VECTOR('',#7966,1);
#7968 = LINE('',#7965, #7967);
#7969 = SURFACE_CURVE('', #7968);
#7970 = EDGE_CURVE('', #7962, #7964,#7969,.T.);
#7971 = CARTESIAN_POINT('', (11.3904,24,17.4821));
#7972 = DIRECTION('', (1, 0, 0));
#7973 = VECTOR('',#7972,1);
#7974 = LINE('',#7971, #7973);
#7975 = SURFACE_CURVE('', #7974);
#7976 = EDGE_CURVE('', #7964, #7960,#7975,.T.);
#7977 = ORIENTED_EDGE('',*,*,#7941,.F.);
#7978 = ORIENTED_EDGE('',*,*,#7970,.T.);
#7979 = ORIENTED_EDGE('',*,*,#7976,.T.);
#7980 = CARTESIAN_POINT('', (38.6096,24,17.4821));
#7981 = DIRECTION('', (0, 1, 0));
#7982 = DIRECTION('', (-0.999883, 0, -0.0152771));
#7983 = AXIS2_PLACEMENT_3D('',#7980,#7981,#7982);
#7984 = PLANE('',#7983);
#7985 = EDGE_LOOP('', (#7977,#7978,#7979));
#7986 = FACE_BOUND('', #7985,.T.);
#7987 = ADVANCED_FACE('', (#7986),#7984,.T.);
#7988 = CARTESIAN_POINT('', (38.6096,24,17.4821));
#7989 = VERTEX_POINT('', #7988);
#7990 = CARTESIAN_POINT('', (11.3904,24,17.4821));
#7991 = VERTEX_POINT('', #7990);
#7992 = CARTESIAN_POINT('', (11.2323,24,17.8755));
#7993 = VERTEX_POINT('', #7992);
#7994 = CARTESIAN_POINT('', (11.3904,24,17.4821));
#7995 = DIRECTION('', (-0.372855, 0, 0.92789));
#7996 = VECTOR('',#7995,1);
#7997 = LINE('',#7994, #7996);
#7998 = SURFACE_CURVE('', #7997);
#7999 = EDGE_CURVE('', #7991, #7993,#7998,.T.);
#8000 = ORIENTED_EDGE('',*,*,#7976,.F.);
#8001 = ORIENTED_EDGE('',*,*,#7999,.T.);
#8002 = ORIENTED_EDGE('',*,*,#6120,.F.);
#8003 = CARTESIAN_POINT('', (38.6096,24,17.4821));
#8004 = DIRECTION('', (0, 1, 0));
#8005 = DIRECTION('', (-1, 0, 0));
#8006 = AXIS2_PLACEMENT_3D('',#8003,#8004,#8005);
#8007 = PLANE('',#8006);
#8008 = EDGE_LOOP('', (#8000,#8001,#8002));
#8009 = FACE_BOUND('', #8008,.T.);
#8010 = ADVANCED_FACE('', (#8009),#8007,.T.);
#8011 = CARTESIAN_POINT('', (6.68028,24,15.8179));
#8012 = VERTEX_POINT('', #8011);
#8013 = CARTESIAN_POINT('', (0,24,10));
#8014 = VERTEX_POINT('', #8013);
#8015 = CARTESIAN_POINT('', (6.55611,24,16.2233));
#8016 = VERTEX_POINT('', #8015);
#8017 = CARTESIAN_POINT('', (6.68028,24,15.8179));
#8018 = DIRECTION('', (-0.754107, 0, -0.656752));
#8019 = VECTOR('',#8018,1);
#8020 = LINE('',#8017, #8019);
#8021 = SURFACE_CURVE('', #8020);
#8022 = EDGE_CURVE('', #8012, #8014,#8021,.T.);
#8023 = CARTESIAN_POINT('', (0,24,10));
#8024 = DIRECTION('', (0.725276, 0, 0.688458));
#8025 = VECTOR('',#8024,1);
#8026 = LINE('',#8023, #8025);
#8027 = SURFACE_CURVE('', #8026);
#8028 = EDGE_CURVE('', #8014, #8016,#8027,.T.);
#8029 = CARTESIAN_POINT('', (6.55611,24,16.2233));
#8030 = DIRECTION('', (0.292824, 0, -0.956166));
#8031 = VECTOR('',#8030,1);
#8032 = LINE('',#8029, #8031);
#8033 = SURFACE_CURVE('', #8032);
#8034 = EDGE_CURVE('', #8016, #8012,#8033,.T.);
#8035 = ORIENTED_EDGE('',*,*,#8022,.T.);
#8036 = ORIENTED_EDGE('',*,*,#8028,.T.);
#8037 = ORIENTED_EDGE('',*,*,#8034,.T.);
#8038 = CARTESIAN_POINT('', (6.68028,24,15.8179));
#8039 = DIRECTION('', (0, 1, 0));
#8040 = DIRECTION('', (-0.754107, 0, -0.656752));
#8041 = AXIS2_PLACEMENT_3D('',#8038,#8039,#8040);
#8042 = PLANE('',#8041);
#8043 = EDGE_LOOP('', (#8035,#8036,#8037));
#8044 = FACE_BOUND('', #8043,.T.);
#8045 = ADVANCED_FACE('', (#8044),#8042,.T.);
#8046 = CARTESIAN_POINT('', (6.55611,24,16.2233));
#8047 = VERTEX_POINT('', #8046);
#8048 = CARTESIAN_POINT('', (0,24,10));
#8049 = VERTEX_POINT('', #8048);
#8050 = CARTESIAN_POINT('', (6.50225,24,16.6439));
#8051 = VERTEX_POINT('', #8050);
#8052 = CARTESIAN_POINT('', (0,24,10));
#8053 = DIRECTION('', (0.699448, 0, 0.714684));
#8054 = VECTOR('',#8053,1);
#8055 = LINE('',#8052, #8054);
#8056 = SURFACE_CURVE('', #8055);
#8057 = EDGE_CURVE('', #8049, #8051,#8056,.T.);
#8058 = CARTESIAN_POINT('', (6.50225,24,16.6439));
#8059 = DIRECTION('', (0.127019, 0, -0.9919));
#8060 = VECTOR('',#8059,1);
#8061 = LINE('',#8058, #8060);
#8062 = SURFACE_CURVE('', #8061);
#8063 = EDGE_CURVE('', #8051, #8047,#8062,.T.);
#8064 = ORIENTED_EDGE('',*,*,#8028,.F.);
#8065 = ORIENTED_EDGE('',*,*,#8057,.T.);
#8066 = ORIENTED_EDGE('',*,*,#8063,.T.);
#8067 = CARTESIAN_POINT('', (6.55611,24,16.2233));
#8068 = DIRECTION('', (0, 1, 0));
#8069 = DIRECTION('', (-0.725276, 0, -0.688458));
#8070 = AXIS2_PLACEMENT_3D('',#8067,#8068,#8069);
#8071 = PLANE('',#8070);
#8072 = EDGE_LOOP('', (#8064,#8065,#8066));
#8073 = FACE_BOUND('', #8072,.T.);
#8074 = ADVANCED_FACE('', (#8073),#8071,.T.);
#8075 = CARTESIAN_POINT('', (6.68028,24,15.8179));
#8076 = VERTEX_POINT('', #8075);
#8077 = CARTESIAN_POINT('', (6.87118,24,15.4392));
#8078 = VERTEX_POINT('', #8077);
#8079 = CARTESIAN_POINT('', (0,24,10));
#8080 = VERTEX_POINT('', #8079);
#8081 = CARTESIAN_POINT('', (6.68028,24,15.8179));
#8082 = DIRECTION('', (0.450202, 0, -0.892927));
#8083 = VECTOR('',#8082,1);
#8084 = LINE('',#8081, #8083);
#8085 = SURFACE_CURVE('', #8084);
#8086 = EDGE_CURVE('', #8076, #8078,#8085,.T.);
#8087 = CARTESIAN_POINT('', (6.87118,24,15.4392));
#8088 = DIRECTION('', (-0.784071, 0, -0.620671));
#8089 = VECTOR('',#8088,1);
#8090 = LINE('',#8087, #8089);
#8091 = SURFACE_CURVE('', #8090);
#8092 = EDGE_CURVE('', #8078, #8080,#8091,.T.);
#8093 = ORIENTED_EDGE('',*,*,#8086,.T.);
#8094 = ORIENTED_EDGE('',*,*,#8092,.T.);
#8095 = ORIENTED_EDGE('',*,*,#8022,.F.);
#8096 = CARTESIAN_POINT('', (6.68028,24,15.8179));
#8097 = DIRECTION('', (0, 1, 0));
#8098 = DIRECTION('', (0.450202, 0, -0.892927));
#8099 = AXIS2_PLACEMENT_3D('',#8096,#8097,#8098);
#8100 = PLANE('',#8099);
#8101 = EDGE_LOOP('', (#8093,#8094,#8095));
#8102 = FACE_BOUND('', #8101,.T.);
#8103 = ADVANCED_FACE('', (#8102),#8100,.T.);
#8104 = CARTESIAN_POINT('', (0,24,10));
#8105 = VERTEX_POINT('', #8104);
#8106 = CARTESIAN_POINT('', (6.87118,24,15.4392));
#8107 = VERTEX_POINT('', #8106);
#8108 = CARTESIAN_POINT('', (7.12332,24,15.0983));
#8109 = VERTEX_POINT('', #8108);
#8110 = CARTESIAN_POINT('', (6.87118,24,15.4392));
#8111 = DIRECTION('', (0.594633, 0, -0.803997));
#8112 = VECTOR('',#8111,1);
#8113 = LINE('',#8110, #8112);
#8114 = SURFACE_CURVE('', #8113);
#8115 = EDGE_CURVE('', #8107, #8109,#8114,.T.);
#8116 = CARTESIAN_POINT('', (7.12332,24,15.0983));
#8117 = DIRECTION('', (-0.813181, 0, -0.582011));
#8118 = VECTOR('',#8117,1);
#8119 = LINE('',#8116, #8118);
#8120 = SURFACE_CURVE('', #8119);
#8121 = EDGE_CURVE('', #8109, #8105,#8120,.T.);
#8122 = ORIENTED_EDGE('',*,*,#8092,.F.);
#8123 = ORIENTED_EDGE('',*,*,#8115,.T.);
#8124 = ORIENTED_EDGE('',*,*,#8121,.T.);
#8125 = CARTESIAN_POINT('', (0,24,10));
#8126 = DIRECTION('', (0, 1, 0));
#8127 = DIRECTION('', (0.784071, 0, 0.620671));
#8128 = AXIS2_PLACEMENT_3D('',#8125,#8126,#8127);
#8129 = PLANE('',#8128);
#8130 = EDGE_LOOP('', (#8122,#8123,#8124));
#8131 = FACE_BOUND('', #8130,.T.);
#8132 = ADVANCED_FACE('', (#8131),#8129,.T.);
#8133 = CARTESIAN_POINT('', (0,24,10));
#8134 = VERTEX_POINT('', #8133);
#8135 = CARTESIAN_POINT('', (7.12332,24,15.0983));
#8136 = VERTEX_POINT('', #8135);
#8137 = CARTESIAN_POINT('', (7.42945,24,14.8049));
#8138 = VERTEX_POINT('', #8137);
#8139 = CARTESIAN_POINT('', (7.12332,24,15.0983));
#8140 = DIRECTION('', (0.721953, 0, -0.691942));
#8141 = VECTOR('',#8140,1);
#8142 = LINE('',#8139, #8141);
#8143 = SURFACE_CURVE('', #8142);
#8144 = EDGE_CURVE('', #8136, #8138,#8143,.T.);
#8145 = CARTESIAN_POINT('', (7.42945,24,14.8049));
#8146 = DIRECTION('', (-0.839693, 0, -0.543061));
#8147 = VECTOR('',#8146,1);
#8148 = LINE('',#8145, #8147);
#8149 = SURFACE_CURVE('', #8148);
#8150 = EDGE_CURVE('', #8138, #8134,#8149,.T.);
#8151 = ORIENTED_EDGE('',*,*,#8121,.F.);
#8152 = ORIENTED_EDGE('',*,*,#8144,.T.);
#8153 = ORIENTED_EDGE('',*,*,#8150,.T.);
#8154 = CARTESIAN_POINT('', (0,24,10));
#8155 = DIRECTION('', (0, 1, 0));
#8156 = DIRECTION('', (0.813181, 0, 0.582011));
#8157 = AXIS2_PLACEMENT_3D('',#8154,#8155,#8156);
#8158 = PLANE('',#8157);
#8159 = EDGE_LOOP('', (#8151,#8152,#8153));
#8160 = FACE_BOUND('', #8159,.T.);
#8161 = ADVANCED_FACE('', (#8160),#8158,.T.);
#8162 = CARTESIAN_POINT('', (42.0298,24,19.0281));
#8163 = VERTEX_POINT('', #8162);
#8164 = CARTESIAN_POINT('', (38.6803,24,47.9179));
#8165 = VERTEX_POINT('', #8164);
#8166 = CARTESIAN_POINT('', (42.3999,24,18.8213));
#8167 = VERTEX_POINT('', #8166);
#8168 = CARTESIAN_POINT('', (38.6803,24,47.9179));
#8169 = DIRECTION('', (0.126806, 0, -0.991927));
#8170 = VECTOR('',#8169,1);
#8171 = LINE('',#8168, #8170);
#8172 = SURFACE_CURVE('', #8171);
#8173 = EDGE_CURVE('', #8165, #8167,#8172,.T.);
#8174 = CARTESIAN_POINT('', (42.3999,24,18.8213));
#8175 = DIRECTION('', (-0.873015, 0, 0.487693));
#8176 = VECTOR('',#8175,1);
#8177 = LINE('',#8174, #8176);
#8178 = SURFACE_CURVE('', #8177);
#8179 = EDGE_CURVE('', #8167, #8163,#8178,.T.);
#8180 = ORIENTED_EDGE('',*,*,#5667,.F.);
#8181 = ORIENTED_EDGE('',*,*,#8173,.T.);
#8182 = ORIENTED_EDGE('',*,*,#8179,.T.);
#8183 = CARTESIAN_POINT('', (42.0298,24,19.0281));
#8184 = DIRECTION('', (-0, 1, -0));
#8185 = DIRECTION('', (-0.115168, 0, 0.993346));
#8186 = AXIS2_PLACEMENT_3D('',#8183,#8184,#8185);
#8187 = PLANE('',#8186);
#8188 = EDGE_LOOP('', (#8180,#8181,#8182));
#8189 = FACE_BOUND('', #8188,.T.);
#8190 = ADVANCED_FACE('', (#8189),#8187,.T.);
#8191 = CARTESIAN_POINT('', (42.3999,24,18.8213));
#8192 = VERTEX_POINT('', #8191);
#8193 = CARTESIAN_POINT('', (38.6803,24,47.9179));
#8194 = VERTEX_POINT('', #8193);
#8195 = CARTESIAN_POINT('', (38.8712,24,47.5392));
#8196 = VERTEX_POINT('', #8195);
#8197 = CARTESIAN_POINT('', (38.6803,24,47.9179));
#8198 = DIRECTION('', (0.450205, 0, -0.892925));
#8199 = VECTOR('',#8198,1);
#8200 = LINE('',#8197, #8199);
#8201 = SURFACE_CURVE('', #8200);
#8202 = EDGE_CURVE('', #8194, #8196,#8201,.T.);
#8203 = CARTESIAN_POINT('', (38.8712,24,47.5392));
#8204 = DIRECTION('', (0.121959, 0, -0.992535));
#8205 = VECTOR('',#8204,1);
#8206 = LINE('',#8203, #8205);
#8207 = SURFACE_CURVE('', #8206);
#8208 = EDGE_CURVE('', #8196, #8192,#8207,.T.);
#8209 = ORIENTED_EDGE('',*,*,#8173,.F.);
#8210 = ORIENTED_EDGE('',*,*,#8202,.T.);
#8211 = ORIENTED_EDGE('',*,*,#8208,.T.);
#8212 = CARTESIAN_POINT('', (42.3999,24,18.8213));
#8213 = DIRECTION('', (0, 1, 0));
#8214 = DIRECTION('', (-0.126806, 0, 0.991927));
#8215 = AXIS2_PLACEMENT_3D('',#8212,#8213,#8214);
#8216 = PLANE('',#8215);
#8217 = EDGE_LOOP('', (#8209,#8210,#8211));
#8218 = FACE_BOUND('', #8217,.T.);
#8219 = ADVANCED_FACE('', (#8218),#8216,.T.);
#8220 = CARTESIAN_POINT('', (42.3999,24,18.8213));
#8221 = VERTEX_POINT('', #8220);
#8222 = CARTESIAN_POINT('', (38.8712,24,47.5392));
#8223 = VERTEX_POINT('', #8222);
#8224 = CARTESIAN_POINT('', (39.1233,24,47.1983));
#8225 = VERTEX_POINT('', #8224);
#8226 = CARTESIAN_POINT('', (38.8712,24,47.5392));
#8227 = DIRECTION('', (0.594629, 0, -0.804));
#8228 = VECTOR('',#8227,1);
#8229 = LINE('',#8226, #8228);
#8230 = SURFACE_CURVE('', #8229);
#8231 = EDGE_CURVE('', #8223, #8225,#8230,.T.);
#8232 = CARTESIAN_POINT('', (39.1233,24,47.1983));
#8233 = DIRECTION('', (0.114705, 0, -0.9934));
#8234 = VECTOR('',#8233,1);
#8235 = LINE('',#8232, #8234);
#8236 = SURFACE_CURVE('', #8235);
#8237 = EDGE_CURVE('', #8225, #8221,#8236,.T.);
#8238 = ORIENTED_EDGE('',*,*,#8208,.F.);
#8239 = ORIENTED_EDGE('',*,*,#8231,.T.);
#8240 = ORIENTED_EDGE('',*,*,#8237,.T.);
#8241 = CARTESIAN_POINT('', (42.3999,24,18.8213));
#8242 = DIRECTION('', (0, 1, 0));
#8243 = DIRECTION('', (-0.121959, 0, 0.992535));
#8244 = AXIS2_PLACEMENT_3D('',#8241,#8242,#8243);
#8245 = PLANE('',#8244);
#8246 = EDGE_LOOP('', (#8238,#8239,#8240));
#8247 = FACE_BOUND('', #8246,.T.);
#8248 = ADVANCED_FACE('', (#8247),#8245,.T.);
#8249 = CARTESIAN_POINT('', (39.1233,24,47.1983));
#8250 = VERTEX_POINT('', #8249);
#8251 = CARTESIAN_POINT('', (39.4294,24,46.9049));
#8252 = VERTEX_POINT('', #8251);
#8253 = CARTESIAN_POINT('', (42.3999,24,18.8213));
#8254 = VERTEX_POINT('', #8253);
#8255 = CARTESIAN_POINT('', (39.1233,24,47.1983));
#8256 = DIRECTION('', (0.721953, 0, -0.691942));
#8257 = VECTOR('',#8256,1);
#8258 = LINE('',#8255, #8257);
#8259 = SURFACE_CURVE('', #8258);
#8260 = EDGE_CURVE('', #8250, #8252,#8259,.T.);
#8261 = CARTESIAN_POINT('', (39.4294,24,46.9049));
#8262 = DIRECTION('', (0.105186, 0, -0.994453));
#8263 = VECTOR('',#8262,1);
#8264 = LINE('',#8261, #8263);
#8265 = SURFACE_CURVE('', #8264);
#8266 = EDGE_CURVE('', #8252, #8254,#8265,.T.);
#8267 = ORIENTED_EDGE('',*,*,#8260,.T.);
#8268 = ORIENTED_EDGE('',*,*,#8266,.T.);
#8269 = ORIENTED_EDGE('',*,*,#8237,.F.);
#8270 = CARTESIAN_POINT('', (39.1233,24,47.1983));
#8271 = DIRECTION('', (0, 1, 0));
#8272 = DIRECTION('', (0.721953, 0, -0.691942));
#8273 = AXIS2_PLACEMENT_3D('',#8270,#8271,#8272);
#8274 = PLANE('',#8273);
#8275 = EDGE_LOOP('', (#8267,#8268,#8269));
#8276 = FACE_BOUND('', #8275,.T.);
#8277 = ADVANCED_FACE('', (#8276),#8274,.T.);
#8278 = CARTESIAN_POINT('', (42.3999,24,18.8213));
#8279 = VERTEX_POINT('', #8278);
#8280 = CARTESIAN_POINT('', (39.4294,24,46.9049));
#8281 = VERTEX_POINT('', #8280);
#8282 = CARTESIAN_POINT('', (39.7808,24,46.6675));
#8283 = VERTEX_POINT('', #8282);
#8284 = CARTESIAN_POINT('', (39.4294,24,46.9049));
#8285 = DIRECTION('', (0.828511, 0, -0.559973));
#8286 = VECTOR('',#8285,1);
#8287 = LINE('',#8284, #8286);
#8288 = SURFACE_CURVE('', #8287);
#8289 = EDGE_CURVE('', #8281, #8283,#8288,.T.);
#8290 = CARTESIAN_POINT('', (39.7808,24,46.6675));
#8291 = DIRECTION('', (0.0936453, 0, -0.995606));
#8292 = VECTOR('',#8291,1);
#8293 = LINE('',#8290, #8292);
#8294 = SURFACE_CURVE('', #8293);
#8295 = EDGE_CURVE('', #8283, #8279,#8294,.T.);
#8296 = ORIENTED_EDGE('',*,*,#8266,.F.);
#8297 = ORIENTED_EDGE('',*,*,#8289,.T.);
#8298 = ORIENTED_EDGE('',*,*,#8295,.T.);
#8299 = CARTESIAN_POINT('', (42.3999,24,18.8213));
#8300 = DIRECTION('', (0, 1, 0));
#8301 = DIRECTION('', (-0.105186, 0, 0.994453));
#8302 = AXIS2_PLACEMENT_3D('',#8299,#8300,#8301);
#8303 = PLANE('',#8302);
#8304 = EDGE_LOOP('', (#8296,#8297,#8298));
#8305 = FACE_BOUND('', #8304,.T.);
#8306 = ADVANCED_FACE('', (#8305),#8303,.T.);
#8307 = CARTESIAN_POINT('', (42.3999,24,18.8213));
#8308 = VERTEX_POINT('', #8307);
#8309 = CARTESIAN_POINT('', (39.7808,24,46.6675));
#8310 = VERTEX_POINT('', #8309);
#8311 = CARTESIAN_POINT('', (40.1671,24,46.4928));
#8312 = VERTEX_POINT('', #8311);
#8313 = CARTESIAN_POINT('', (39.7808,24,46.6675));
#8314 = DIRECTION('', (0.91123, 0, -0.411897));
#8315 = VECTOR('',#8314,1);
#8316 = LINE('',#8313, #8315);
#8317 = SURFACE_CURVE('', #8316);
#8318 = EDGE_CURVE('', #8310, #8312,#8317,.T.);
#8319 = CARTESIAN_POINT('', (40.1671,24,46.4928));
#8320 = DIRECTION('', (0.0804276, 0, -0.99676));
#8321 = VECTOR('',#8320,1);
#8322 = LINE('',#8319, #8321);
#8323 = SURFACE_CURVE('', #8322);
#8324 = EDGE_CURVE('', #8312, #8308,#8323,.T.);
#8325 = ORIENTED_EDGE('',*,*,#8295,.F.);
#8326 = ORIENTED_EDGE('',*,*,#8318,.T.);
#8327 = ORIENTED_EDGE('',*,*,#8324,.T.);
#8328 = CARTESIAN_POINT('', (42.3999,24,18.8213));
#8329 = DIRECTION('', (0, 1, 0));
#8330 = DIRECTION('', (-0.0936453, 0, 0.995606));
#8331 = AXIS2_PLACEMENT_3D('',#8328,#8329,#8330);
#8332 = PLANE('',#8331);
#8333 = EDGE_LOOP('', (#8325,#8326,#8327));
#8334 = FACE_BOUND('', #8333,.T.);
#8335 = ADVANCED_FACE('', (#8334),#8332,.T.);
#8336 = CARTESIAN_POINT('', (40.1671,24,46.4928));
#8337 = VERTEX_POINT('', #8336);
#8338 = CARTESIAN_POINT('', (40.5775,24,46.386));
#8339 = VERTEX_POINT('', #8338);
#8340 = CARTESIAN_POINT('', (42.3999,24,18.8213));
#8341 = VERTEX_POINT('', #8340);
#8342 = CARTESIAN_POINT('', (40.1671,24,46.4928));
#8343 = DIRECTION('', (0.967731, 0, -0.251986));
#8344 = VECTOR('',#8343,1);
#8345 = LINE('',#8342, #8344);
#8346 = SURFACE_CURVE('', #8345);
#8347 = EDGE_CURVE('', #8337, #8339,#8346,.T.);
#8348 = CARTESIAN_POINT('', (40.5775,24,46.386));
#8349 = DIRECTION('', (0.065971, 0, -0.997822));
#8350 = VECTOR('',#8349,1);
#8351 = LINE('',#8348, #8350);
#8352 = SURFACE_CURVE('', #8351);
#8353 = EDGE_CURVE('', #8339, #8341,#8352,.T.);
#8354 = ORIENTED_EDGE('',*,*,#8347,.T.);
#8355 = ORIENTED_EDGE('',*,*,#8353,.T.);
#8356 = ORIENTED_EDGE('',*,*,#8324,.F.);
#8357 = CARTESIAN_POINT('', (40.1671,24,46.4928));
#8358 = DIRECTION('', (0, 1, 0));
#8359 = DIRECTION('', (0.967731, 0, -0.251986));
#8360 = AXIS2_PLACEMENT_3D('',#8357,#8358,#8359);
#8361 = PLANE('',#8360);
#8362 = EDGE_LOOP('', (#8354,#8355,#8356));
#8363 = FACE_BOUND('', #8362,.T.);
#8364 = ADVANCED_FACE('', (#8363),#8361,.T.);
#8365 = CARTESIAN_POINT('', (42.3999,24,18.8213));
#8366 = VERTEX_POINT('', #8365);
#8367 = CARTESIAN_POINT('', (40.5775,24,46.386));
#8368 = VERTEX_POINT('', #8367);
#8369 = CARTESIAN_POINT('', (41,24,46.35));
#8370 = VERTEX_POINT('', #8369);
#8371 = CARTESIAN_POINT('', (40.5775,24,46.386));
#8372 = DIRECTION('', (0.996398, 0, -0.0847987));
#8373 = VECTOR('',#8372,1);
#8374 = LINE('',#8371, #8373);
#8375 = SURFACE_CURVE('', #8374);
#8376 = EDGE_CURVE('', #8368, #8370,#8375,.T.);
#8377 = CARTESIAN_POINT('', (41,24,46.35));
#8378 = DIRECTION('', (0.050788, 0, -0.998709));
#8379 = VECTOR('',#8378,1);
#8380 = LINE('',#8377, #8379);
#8381 = SURFACE_CURVE('', #8380);
#8382 = EDGE_CURVE('', #8370, #8366,#8381,.T.);
#8383 = ORIENTED_EDGE('',*,*,#8353,.F.);
#8384 = ORIENTED_EDGE('',*,*,#8376,.T.);
#8385 = ORIENTED_EDGE('',*,*,#8382,.T.);
#8386 = CARTESIAN_POINT('', (42.3999,24,18.8213));
#8387 = DIRECTION('', (0, 1, 0));
#8388 = DIRECTION('', (-0.065971, 0, 0.997822));
#8389 = AXIS2_PLACEMENT_3D('',#8386,#8387,#8388);
#8390 = PLANE('',#8389);
#8391 = EDGE_LOOP('', (#8383,#8384,#8385));
#8392 = FACE_BOUND('', #8391,.T.);
#8393 = ADVANCED_FACE('', (#8392),#8390,.T.);
#8394 = CARTESIAN_POINT('', (42.3999,24,18.8213));
#8395 = VERTEX_POINT('', #8394);
#8396 = CARTESIAN_POINT('', (41,24,46.35));
#8397 = VERTEX_POINT('', #8396);
#8398 = CARTESIAN_POINT('', (41.4225,24,46.386));
#8399 = VERTEX_POINT('', #8398);
#8400 = CARTESIAN_POINT('', (41,24,46.35));
#8401 = DIRECTION('', (0.996398, 0, 0.0847995));
#8402 = VECTOR('',#8401,1);
#8403 = LINE('',#8400, #8402);
#8404 = SURFACE_CURVE('', #8403);
#8405 = EDGE_CURVE('', #8397, #8399,#8404,.T.);
#8406 = ORIENTED_EDGE('',*,*,#8382,.F.);
#8407 = ORIENTED_EDGE('',*,*,#8405,.T.);
#8408 = ORIENTED_EDGE('',*,*,#7634,.F.);
#8409 = CARTESIAN_POINT('', (42.3999,24,18.8213));
#8410 = DIRECTION('', (0, 1, 0));
#8411 = DIRECTION('', (-0.050788, 0, 0.998709));
#8412 = AXIS2_PLACEMENT_3D('',#8409,#8410,#8411);
#8413 = PLANE('',#8412);
#8414 = EDGE_LOOP('', (#8406,#8407,#8408));
#8415 = FACE_BOUND('', #8414,.T.);
#8416 = ADVANCED_FACE('', (#8415),#8413,.T.);
#8417 = CARTESIAN_POINT('', (42.2192,24,46.6675));
#8418 = VERTEX_POINT('', #8417);
#8419 = CARTESIAN_POINT('', (42.5705,24,46.9049));
#8420 = VERTEX_POINT('', #8419);
#8421 = CARTESIAN_POINT('', (42.3999,24,18.8213));
#8422 = VERTEX_POINT('', #8421);
#8423 = CARTESIAN_POINT('', (42.2192,24,46.6675));
#8424 = DIRECTION('', (0.828508, 0, 0.559977));
#8425 = VECTOR('',#8424,1);
#8426 = LINE('',#8423, #8425);
#8427 = SURFACE_CURVE('', #8426);
#8428 = EDGE_CURVE('', #8418, #8420,#8427,.T.);
#8429 = CARTESIAN_POINT('', (42.5705,24,46.9049));
#8430 = DIRECTION('', (-0.00607504, 0, -0.999982));
#8431 = VECTOR('',#8430,1);
#8432 = LINE('',#8429, #8431);
#8433 = SURFACE_CURVE('', #8432);
#8434 = EDGE_CURVE('', #8420, #8422,#8433,.T.);
#8435 = ORIENTED_EDGE('',*,*,#8428,.T.);
#8436 = ORIENTED_EDGE('',*,*,#8434,.T.);
#8437 = ORIENTED_EDGE('',*,*,#7663,.F.);
#8438 = CARTESIAN_POINT('', (42.2192,24,46.6675));
#8439 = DIRECTION('', (-0, 1, 0));
#8440 = DIRECTION('', (0.828508, 0, 0.559977));
#8441 = AXIS2_PLACEMENT_3D('',#8438,#8439,#8440);
#8442 = PLANE('',#8441);
#8443 = EDGE_LOOP('', (#8435,#8436,#8437));
#8444 = FACE_BOUND('', #8443,.T.);
#8445 = ADVANCED_FACE('', (#8444),#8442,.T.);
#8446 = CARTESIAN_POINT('', (42.3999,24,18.8213));
#8447 = VERTEX_POINT('', #8446);
#8448 = CARTESIAN_POINT('', (42.5705,24,46.9049));
#8449 = VERTEX_POINT('', #8448);
#8450 = CARTESIAN_POINT('', (42.8767,24,47.1983));
#8451 = VERTEX_POINT('', #8450);
#8452 = CARTESIAN_POINT('', (42.5705,24,46.9049));
#8453 = DIRECTION('', (0.721953, 0, 0.691942));
#8454 = VECTOR('',#8453,1);
#8455 = LINE('',#8452, #8454);
#8456 = SURFACE_CURVE('', #8455);
#8457 = EDGE_CURVE('', #8449, #8451,#8456,.T.);
#8458 = CARTESIAN_POINT('', (42.8767,24,47.1983));
#8459 = DIRECTION('', (-0.0167979, 0, -0.999859));
#8460 = VECTOR('',#8459,1);
#8461 = LINE('',#8458, #8460);
#8462 = SURFACE_CURVE('', #8461);
#8463 = EDGE_CURVE('', #8451, #8447,#8462,.T.);
#8464 = ORIENTED_EDGE('',*,*,#8434,.F.);
#8465 = ORIENTED_EDGE('',*,*,#8457,.T.);
#8466 = ORIENTED_EDGE('',*,*,#8463,.T.);
#8467 = CARTESIAN_POINT('', (42.3999,24,18.8213));
#8468 = DIRECTION('', (0, 1, 0));
#8469 = DIRECTION('', (0.00607504, 0, 0.999982));
#8470 = AXIS2_PLACEMENT_3D('',#8467,#8468,#8469);
#8471 = PLANE('',#8470);
#8472 = EDGE_LOOP('', (#8464,#8465,#8466));
#8473 = FACE_BOUND('', #8472,.T.);
#8474 = ADVANCED_FACE('', (#8473),#8471,.T.);
#8475 = CARTESIAN_POINT('', (42.3999,24,18.8213));
#8476 = VERTEX_POINT('', #8475);
#8477 = CARTESIAN_POINT('', (42.8767,24,47.1983));
#8478 = VERTEX_POINT('', #8477);
#8479 = CARTESIAN_POINT('', (43.1288,24,47.5392));
#8480 = VERTEX_POINT('', #8479);
#8481 = CARTESIAN_POINT('', (42.8767,24,47.1983));
#8482 = DIRECTION('', (0.594635, 0, 0.803996));
#8483 = VECTOR('',#8482,1);
#8484 = LINE('',#8481, #8483);
#8485 = SURFACE_CURVE('', #8484);
#8486 = EDGE_CURVE('', #8478, #8480,#8485,.T.);
#8487 = ORIENTED_EDGE('',*,*,#8463,.F.);
#8488 = ORIENTED_EDGE('',*,*,#8486,.T.);
#8489 = ORIENTED_EDGE('',*,*,#7216,.F.);
#8490 = CARTESIAN_POINT('', (42.3999,24,18.8213));
#8491 = DIRECTION('', (0, 1, 0));
#8492 = DIRECTION('', (0.0167979, 0, 0.999859));
#8493 = AXIS2_PLACEMENT_3D('',#8490,#8491,#8492);
#8494 = PLANE('',#8493);
#8495 = EDGE_LOOP('', (#8487,#8488,#8489));
#8496 = FACE_BOUND('', #8495,.T.);
#8497 = ADVANCED_FACE('', (#8496),#8494,.T.);
#8498 = CARTESIAN_POINT('', (40.3701,24,19.1693));
#8499 = VERTEX_POINT('', #8498);
#8500 = CARTESIAN_POINT('', (39.9702,24,19.0281));
#8501 = VERTEX_POINT('', #8500);
#8502 = CARTESIAN_POINT('', (38.5023,24,48.7439));
#8503 = VERTEX_POINT('', #8502);
#8504 = CARTESIAN_POINT('', (40.3701,24,19.1693));
#8505 = DIRECTION('', (-0.942878, 0, -0.33314));
#8506 = VECTOR('',#8505,1);
#8507 = LINE('',#8504, #8506);
#8508 = SURFACE_CURVE('', #8507);
#8509 = EDGE_CURVE('', #8499, #8501,#8508,.T.);
#8510 = CARTESIAN_POINT('', (39.9702,24,19.0281));
#8511 = DIRECTION('', (-0.0493408, 0, 0.998782));
#8512 = VECTOR('',#8511,1);
#8513 = LINE('',#8510, #8512);
#8514 = SURFACE_CURVE('', #8513);
#8515 = EDGE_CURVE('', #8501, #8503,#8514,.T.);
#8516 = ORIENTED_EDGE('',*,*,#8509,.T.);
#8517 = ORIENTED_EDGE('',*,*,#8515,.T.);
#8518 = ORIENTED_EDGE('',*,*,#7193,.F.);
#8519 = CARTESIAN_POINT('', (40.3701,24,19.1693));
#8520 = DIRECTION('', (0, 1, 0));
#8521 = DIRECTION('', (-0.942878, 0, -0.33314));
#8522 = AXIS2_PLACEMENT_3D('',#8519,#8520,#8521);
#8523 = PLANE('',#8522);
#8524 = EDGE_LOOP('', (#8516,#8517,#8518));
#8525 = FACE_BOUND('', #8524,.T.);
#8526 = ADVANCED_FACE('', (#8525),#8523,.T.);
#8527 = CARTESIAN_POINT('', (38.5023,24,48.7439));
#8528 = VERTEX_POINT('', #8527);
#8529 = CARTESIAN_POINT('', (39.9702,24,19.0281));
#8530 = VERTEX_POINT('', #8529);
#8531 = CARTESIAN_POINT('', (10.7298,24,50.6549));
#8532 = VERTEX_POINT('', #8531);
#8533 = CARTESIAN_POINT('', (10.7298,24,50.6549));
#8534 = DIRECTION('', (0.997641, 0, -0.0686468));
#8535 = VECTOR('',#8534,1);
#8536 = LINE('',#8533, #8535);
#8537 = SURFACE_CURVE('', #8536);
#8538 = EDGE_CURVE('', #8532, #8528,#8537,.T.);
#8539 = ORIENTED_EDGE('',*,*,#8515,.F.);
#8540 = ORIENTED_EDGE('',*,*,#7593,.F.);
#8541 = ORIENTED_EDGE('',*,*,#8538,.T.);
#8542 = CARTESIAN_POINT('', (38.5023,24,48.7439));
#8543 = DIRECTION('', (0, 1, 0));
#8544 = DIRECTION('', (0.0493408, 0, -0.998782));
#8545 = AXIS2_PLACEMENT_3D('',#8542,#8543,#8544);
#8546 = PLANE('',#8545);
#8547 = EDGE_LOOP('', (#8539,#8540,#8541));
#8548 = FACE_BOUND('', #8547,.T.);
#8549 = ADVANCED_FACE('', (#8548),#8546,.T.);
#8550 = CARTESIAN_POINT('', (38.5023,24,48.7439));
#8551 = VERTEX_POINT('', #8550);
#8552 = CARTESIAN_POINT('', (10.7298,24,50.6549));
#8553 = VERTEX_POINT('', #8552);
#8554 = CARTESIAN_POINT('', (38.5203,24,49.1675));
#8555 = VERTEX_POINT('', #8554);
#8556 = CARTESIAN_POINT('', (10.7298,24,50.6549));
#8557 = DIRECTION('', (0.998571, 0, -0.0534437));
#8558 = VECTOR('',#8557,1);
#8559 = LINE('',#8556, #8558);
#8560 = SURFACE_CURVE('', #8559);
#8561 = EDGE_CURVE('', #8553, #8555,#8560,.T.);
#8562 = CARTESIAN_POINT('', (38.5203,24,49.1675));
#8563 = DIRECTION('', (-0.0424444, 0, -0.999099));
#8564 = VECTOR('',#8563,1);
#8565 = LINE('',#8562, #8564);
#8566 = SURFACE_CURVE('', #8565);
#8567 = EDGE_CURVE('', #8555, #8551,#8566,.T.);
#8568 = ORIENTED_EDGE('',*,*,#8538,.F.);
#8569 = ORIENTED_EDGE('',*,*,#8561,.T.);
#8570 = ORIENTED_EDGE('',*,*,#8567,.T.);
#8571 = CARTESIAN_POINT('', (38.5023,24,48.7439));
#8572 = DIRECTION('', (0, 1, -0));
#8573 = DIRECTION('', (-0.997641, 0, 0.0686468));
#8574 = AXIS2_PLACEMENT_3D('',#8571,#8572,#8573);
#8575 = PLANE('',#8574);
#8576 = EDGE_LOOP('', (#8568,#8569,#8570));
#8577 = FACE_BOUND('', #8576,.T.);
#8578 = ADVANCED_FACE('', (#8577),#8575,.T.);
#8579 = CARTESIAN_POINT('', (38.5203,24,49.1675));
#8580 = VERTEX_POINT('', #8579);
#8581 = CARTESIAN_POINT('', (10.7298,24,50.6549));
#8582 = VERTEX_POINT('', #8581);
#8583 = CARTESIAN_POINT('', (10.3999,24,50.9213));
#8584 = VERTEX_POINT('', #8583);
#8585 = CARTESIAN_POINT('', (10.7298,24,50.6549));
#8586 = DIRECTION('', (-0.778036, 0, 0.628219));
#8587 = VECTOR('',#8586,1);
#8588 = LINE('',#8585, #8587);
#8589 = SURFACE_CURVE('', #8588);
#8590 = EDGE_CURVE('', #8582, #8584,#8589,.T.);
#8591 = CARTESIAN_POINT('', (10.3999,24,50.9213));
#8592 = DIRECTION('', (0.998061, 0, -0.0622443));
#8593 = VECTOR('',#8592,1);
#8594 = LINE('',#8591, #8593);
#8595 = SURFACE_CURVE('', #8594);
#8596 = EDGE_CURVE('', #8584, #8580,#8595,.T.);
#8597 = ORIENTED_EDGE('',*,*,#8561,.F.);
#8598 = ORIENTED_EDGE('',*,*,#8590,.T.);
#8599 = ORIENTED_EDGE('',*,*,#8596,.T.);
#8600 = CARTESIAN_POINT('', (38.5203,24,49.1675));
#8601 = DIRECTION('', (0, 1, 0));
#8602 = DIRECTION('', (-0.998571, 0, 0.0534437));
#8603 = AXIS2_PLACEMENT_3D('',#8600,#8601,#8602);
#8604 = PLANE('',#8603);
#8605 = EDGE_LOOP('', (#8597,#8598,#8599));
#8606 = FACE_BOUND('', #8605,.T.);
#8607 = ADVANCED_FACE('', (#8606),#8604,.T.);
#8608 = CARTESIAN_POINT('', (38.5203,24,49.1675));
#8609 = VERTEX_POINT('', #8608);
#8610 = CARTESIAN_POINT('', (10.3999,24,50.9213));
#8611 = VERTEX_POINT('', #8610);
#8612 = CARTESIAN_POINT('', (38.6096,24,49.5821));
#8613 = VERTEX_POINT('', #8612);
#8614 = CARTESIAN_POINT('', (10.3999,24,50.9213));
#8615 = DIRECTION('', (0.998875, 0, -0.0474204));
#8616 = VECTOR('',#8615,1);
#8617 = LINE('',#8614, #8616);
#8618 = SURFACE_CURVE('', #8617);
#8619 = EDGE_CURVE('', #8611, #8613,#8618,.T.);
#8620 = CARTESIAN_POINT('', (38.6096,24,49.5821));
#8621 = DIRECTION('', (-0.210675, 0, -0.977556));
#8622 = VECTOR('',#8621,1);
#8623 = LINE('',#8620, #8622);
#8624 = SURFACE_CURVE('', #8623);
#8625 = EDGE_CURVE('', #8613, #8609,#8624,.T.);
#8626 = ORIENTED_EDGE('',*,*,#8596,.F.);
#8627 = ORIENTED_EDGE('',*,*,#8619,.T.);
#8628 = ORIENTED_EDGE('',*,*,#8625,.T.);
#8629 = CARTESIAN_POINT('', (38.5203,24,49.1675));
#8630 = DIRECTION('', (0, 1, -0));
#8631 = DIRECTION('', (-0.998061, 0, 0.0622443));
#8632 = AXIS2_PLACEMENT_3D('',#8629,#8630,#8631);
#8633 = PLANE('',#8632);
#8634 = EDGE_LOOP('', (#8626,#8627,#8628));
#8635 = FACE_BOUND('', #8634,.T.);
#8636 = ADVANCED_FACE('', (#8635),#8633,.T.);
#8637 = CARTESIAN_POINT('', (38.6096,24,49.5821));
#8638 = VERTEX_POINT('', #8637);
#8639 = CARTESIAN_POINT('', (10.3999,24,50.9213));
#8640 = VERTEX_POINT('', #8639);
#8641 = CARTESIAN_POINT('', (10.0298,24,51.1281));
#8642 = VERTEX_POINT('', #8641);
#8643 = CARTESIAN_POINT('', (10.3999,24,50.9213));
#8644 = DIRECTION('', (-0.873013, 0, 0.487697));
#8645 = VECTOR('',#8644,1);
#8646 = LINE('',#8643, #8645);
#8647 = SURFACE_CURVE('', #8646);
#8648 = EDGE_CURVE('', #8640, #8642,#8647,.T.);
#8649 = CARTESIAN_POINT('', (10.0298,24,51.1281));
#8650 = DIRECTION('', (0.99854, 0, -0.0540157));
#8651 = VECTOR('',#8650,1);
#8652 = LINE('',#8649, #8651);
#8653 = SURFACE_CURVE('', #8652);
#8654 = EDGE_CURVE('', #8642, #8638,#8653,.T.);
#8655 = ORIENTED_EDGE('',*,*,#8619,.F.);
#8656 = ORIENTED_EDGE('',*,*,#8648,.T.);
#8657 = ORIENTED_EDGE('',*,*,#8654,.T.);
#8658 = CARTESIAN_POINT('', (38.6096,24,49.5821));
#8659 = DIRECTION('', (0, 1, 0));
#8660 = DIRECTION('', (-0.998875, 0, 0.0474204));
#8661 = AXIS2_PLACEMENT_3D('',#8658,#8659,#8660);
#8662 = PLANE('',#8661);
#8663 = EDGE_LOOP('', (#8655,#8656,#8657));
#8664 = FACE_BOUND('', #8663,.T.);
#8665 = ADVANCED_FACE('', (#8664),#8662,.T.);
#8666 = CARTESIAN_POINT('', (38.6096,24,49.5821));
#8667 = VERTEX_POINT('', #8666);
#8668 = CARTESIAN_POINT('', (10.0298,24,51.1281));
#8669 = VERTEX_POINT('', #8668);
#8670 = CARTESIAN_POINT('', (9.62994,24,51.2693));
#8671 = VERTEX_POINT('', #8670);
#8672 = CARTESIAN_POINT('', (10.0298,24,51.1281));
#8673 = DIRECTION('', (-0.94288, 0, 0.333134));
#8674 = VECTOR('',#8673,1);
#8675 = LINE('',#8672, #8674);
#8676 = SURFACE_CURVE('', #8675);
#8677 = EDGE_CURVE('', #8669, #8671,#8676,.T.);
#8678 = ORIENTED_EDGE('',*,*,#8654,.F.);
#8679 = ORIENTED_EDGE('',*,*,#8677,.T.);
#8680 = ORIENTED_EDGE('',*,*,#5922,.F.);
#8681 = CARTESIAN_POINT('', (38.6096,24,49.5821));
#8682 = DIRECTION('', (0, 1, 0));
#8683 = DIRECTION('', (-0.99854, 0, 0.0540157));
#8684 = AXIS2_PLACEMENT_3D('',#8681,#8682,#8683);
#8685 = PLANE('',#8684);
#8686 = EDGE_LOOP('', (#8678,#8679,#8680));
#8687 = FACE_BOUND('', #8686,.T.);
#8688 = ADVANCED_FACE('', (#8687),#8685,.T.);
#8689 = CARTESIAN_POINT('', (7.60006,24,50.9213));
#8690 = VERTEX_POINT('', #8689);
#8691 = CARTESIAN_POINT('', (7.27015,24,50.6549));
#8692 = VERTEX_POINT('', #8691);
#8693 = CARTESIAN_POINT('', (0,24,55));
#8694 = VERTEX_POINT('', #8693);
#8695 = CARTESIAN_POINT('', (7.60006,24,50.9213));
#8696 = DIRECTION('', (-0.778036, 0, -0.62822));
#8697 = VECTOR('',#8696,1);
#8698 = LINE('',#8695, #8697);
#8699 = SURFACE_CURVE('', #8698);
#8700 = EDGE_CURVE('', #8690, #8692,#8699,.T.);
#8701 = CARTESIAN_POINT('', (7.27015,24,50.6549));
#8702 = DIRECTION('', (-0.858376, 0, 0.513021));
#8703 = VECTOR('',#8702,1);
#8704 = LINE('',#8701, #8703);
#8705 = SURFACE_CURVE('', #8704);
#8706 = EDGE_CURVE('', #8692, #8694,#8705,.T.);
#8707 = ORIENTED_EDGE('',*,*,#8700,.T.);
#8708 = ORIENTED_EDGE('',*,*,#8706,.T.);
#8709 = ORIENTED_EDGE('',*,*,#6781,.F.);
#8710 = CARTESIAN_POINT('', (7.60006,24,50.9213));
#8711 = DIRECTION('', (0, 1, 0));
#8712 = DIRECTION('', (-0.778036, 0, -0.62822));
#8713 = AXIS2_PLACEMENT_3D('',#8710,#8711,#8712);
#8714 = PLANE('',#8713);
#8715 = EDGE_LOOP('', (#8707,#8708,#8709));
#8716 = FACE_BOUND('', #8715,.T.);
#8717 = ADVANCED_FACE('', (#8716),#8714,.T.);
#8718 = CARTESIAN_POINT('', (0,24,55));
#8719 = VERTEX_POINT('', #8718);
#8720 = CARTESIAN_POINT('', (7.27015,24,50.6549));
#8721 = VERTEX_POINT('', #8720);
#8722 = CARTESIAN_POINT('', (6.99001,24,50.3366));
#8723 = VERTEX_POINT('', #8722);
#8724 = CARTESIAN_POINT('', (7.27015,24,50.6549));
#8725 = DIRECTION('', (-0.660676, 0, -0.750671));
#8726 = VECTOR('',#8725,1);
#8727 = LINE('',#8724, #8726);
#8728 = SURFACE_CURVE('', #8727);
#8729 = EDGE_CURVE('', #8721, #8723,#8728,.T.);
#8730 = CARTESIAN_POINT('', (6.99001,24,50.3366));
#8731 = DIRECTION('', (-0.831863, 0, 0.554981));
#8732 = VECTOR('',#8731,1);
#8733 = LINE('',#8730, #8732);
#8734 = SURFACE_CURVE('', #8733);
#8735 = EDGE_CURVE('', #8723, #8719,#8734,.T.);
#8736 = ORIENTED_EDGE('',*,*,#8706,.F.);
#8737 = ORIENTED_EDGE('',*,*,#8729,.T.);
#8738 = ORIENTED_EDGE('',*,*,#8735,.T.);
#8739 = CARTESIAN_POINT('', (0,24,55));
#8740 = DIRECTION('', (0, 1, 0));
#8741 = DIRECTION('', (0.858376, 0, -0.513021));
#8742 = AXIS2_PLACEMENT_3D('',#8739,#8740,#8741);
#8743 = PLANE('',#8742);
#8744 = EDGE_LOOP('', (#8736,#8737,#8738));
#8745 = FACE_BOUND('', #8744,.T.);
#8746 = ADVANCED_FACE('', (#8745),#8743,.T.);
#8747 = CARTESIAN_POINT('', (0,24,55));
#8748 = VERTEX_POINT('', #8747);
#8749 = CARTESIAN_POINT('', (6.99001,24,50.3366));
#8750 = VERTEX_POINT('', #8749);
#8751 = CARTESIAN_POINT('', (6.76769,24,49.9755));
#8752 = VERTEX_POINT('', #8751);
#8753 = CARTESIAN_POINT('', (6.99001,24,50.3366));
#8754 = DIRECTION('', (-0.524304, 0, -0.851531));
#8755 = VECTOR('',#8754,1);
#8756 = LINE('',#8753, #8755);
#8757 = SURFACE_CURVE('', #8756);
#8758 = EDGE_CURVE('', #8750, #8752,#8757,.T.);
#8759 = CARTESIAN_POINT('', (6.76769,24,49.9755));
#8760 = DIRECTION('', (-0.80291, 0, 0.5961));
#8761 = VECTOR('',#8760,1);
#8762 = LINE('',#8759, #8761);
#8763 = SURFACE_CURVE('', #8762);
#8764 = EDGE_CURVE('', #8752, #8748,#8763,.T.);
#8765 = ORIENTED_EDGE('',*,*,#8735,.F.);
#8766 = ORIENTED_EDGE('',*,*,#8758,.T.);
#8767 = ORIENTED_EDGE('',*,*,#8764,.T.);
#8768 = CARTESIAN_POINT('', (0,24,55));
#8769 = DIRECTION('', (0, 1, 0));
#8770 = DIRECTION('', (0.831863, 0, -0.554981));
#8771 = AXIS2_PLACEMENT_3D('',#8768,#8769,#8770);
#8772 = PLANE('',#8771);
#8773 = EDGE_LOOP('', (#8765,#8766,#8767));
#8774 = FACE_BOUND('', #8773,.T.);
#8775 = ADVANCED_FACE('', (#8774),#8772,.T.);
#8776 = CARTESIAN_POINT('', (6.99001,24,18.2366));
#8777 = VERTEX_POINT('', #8776);
#8778 = CARTESIAN_POINT('', (0,24,55));
#8779 = VERTEX_POINT('', #8778);
#8780 = CARTESIAN_POINT('', (7.27015,24,18.5549));
#8781 = VERTEX_POINT('', #8780);
#8782 = CARTESIAN_POINT('', (6.99001,24,18.2366));
#8783 = DIRECTION('', (-0.186789, 0, 0.9824));
#8784 = VECTOR('',#8783,1);
#8785 = LINE('',#8782, #8784);
#8786 = SURFACE_CURVE('', #8785);
#8787 = EDGE_CURVE('', #8777, #8779,#8786,.T.);
#8788 = CARTESIAN_POINT('', (0,24,55));
#8789 = DIRECTION('', (0.195628, 0, -0.980678));
#8790 = VECTOR('',#8789,1);
#8791 = LINE('',#8788, #8790);
#8792 = SURFACE_CURVE('', #8791);
#8793 = EDGE_CURVE('', #8779, #8781,#8792,.T.);
#8794 = CARTESIAN_POINT('', (7.27015,24,18.5549));
#8795 = DIRECTION('', (-0.660676, 0, -0.750671));
#8796 = VECTOR('',#8795,1);
#8797 = LINE('',#8794, #8796);
#8798 = SURFACE_CURVE('', #8797);
#8799 = EDGE_CURVE('', #8781, #8777,#8798,.T.);
#8800 = ORIENTED_EDGE('',*,*,#8787,.T.);
#8801 = ORIENTED_EDGE('',*,*,#8793,.T.);
#8802 = ORIENTED_EDGE('',*,*,#8799,.T.);
#8803 = CARTESIAN_POINT('', (6.99001,24,18.2366));
#8804 = DIRECTION('', (0, 1, -0));
#8805 = DIRECTION('', (-0.186789, 0, 0.9824));
#8806 = AXIS2_PLACEMENT_3D('',#8803,#8804,#8805);
#8807 = PLANE('',#8806);
#8808 = EDGE_LOOP('', (#8800,#8801,#8802));
#8809 = FACE_BOUND('', #8808,.T.);
#8810 = ADVANCED_FACE('', (#8809),#8807,.T.);
#8811 = CARTESIAN_POINT('', (7.27015,24,18.5549));
#8812 = VERTEX_POINT('', #8811);
#8813 = CARTESIAN_POINT('', (0,24,55));
#8814 = VERTEX_POINT('', #8813);
#8815 = CARTESIAN_POINT('', (7.60006,24,18.8213));
#8816 = VERTEX_POINT('', #8815);
#8817 = CARTESIAN_POINT('', (0,24,55));
#8818 = DIRECTION('', (0.205583, 0, -0.97864));
#8819 = VECTOR('',#8818,1);
#8820 = LINE('',#8817, #8819);
#8821 = SURFACE_CURVE('', #8820);
#8822 = EDGE_CURVE('', #8814, #8816,#8821,.T.);
#8823 = CARTESIAN_POINT('', (7.60006,24,18.8213));
#8824 = DIRECTION('', (-0.778033, 0, -0.628223));
#8825 = VECTOR('',#8824,1);
#8826 = LINE('',#8823, #8825);
#8827 = SURFACE_CURVE('', #8826);
#8828 = EDGE_CURVE('', #8816, #8812,#8827,.T.);
#8829 = ORIENTED_EDGE('',*,*,#8793,.F.);
#8830 = ORIENTED_EDGE('',*,*,#8822,.T.);
#8831 = ORIENTED_EDGE('',*,*,#8828,.T.);
#8832 = CARTESIAN_POINT('', (7.27015,24,18.5549));
#8833 = DIRECTION('', (0, 1, -0));
#8834 = DIRECTION('', (-0.195628, 0, 0.980678));
#8835 = AXIS2_PLACEMENT_3D('',#8832,#8833,#8834);
#8836 = PLANE('',#8835);
#8837 = EDGE_LOOP('', (#8829,#8830,#8831));
#8838 = FACE_BOUND('', #8837,.T.);
#8839 = ADVANCED_FACE('', (#8838),#8836,.T.);
#8840 = CARTESIAN_POINT('', (7.42945,24,14.8049));
#8841 = VERTEX_POINT('', #8840);
#8842 = CARTESIAN_POINT('', (7.78076,24,14.5675));
#8843 = VERTEX_POINT('', #8842);
#8844 = CARTESIAN_POINT('', (0,24,10));
#8845 = VERTEX_POINT('', #8844);
#8846 = CARTESIAN_POINT('', (7.42945,24,14.8049));
#8847 = DIRECTION('', (0.82851, 0, -0.559975));
#8848 = VECTOR('',#8847,1);
#8849 = LINE('',#8846, #8848);
#8850 = SURFACE_CURVE('', #8849);
#8851 = EDGE_CURVE('', #8841, #8843,#8850,.T.);
#8852 = CARTESIAN_POINT('', (7.78076,24,14.5675));
#8853 = DIRECTION('', (-0.862392, 0, -0.506241));
#8854 = VECTOR('',#8853,1);
#8855 = LINE('',#8852, #8854);
#8856 = SURFACE_CURVE('', #8855);
#8857 = EDGE_CURVE('', #8843, #8845,#8856,.T.);
#8858 = ORIENTED_EDGE('',*,*,#8851,.T.);
#8859 = ORIENTED_EDGE('',*,*,#8857,.T.);
#8860 = ORIENTED_EDGE('',*,*,#8150,.F.);
#8861 = CARTESIAN_POINT('', (7.42945,24,14.8049));
#8862 = DIRECTION('', (0, 1, 0));
#8863 = DIRECTION('', (0.82851, 0, -0.559975));
#8864 = AXIS2_PLACEMENT_3D('',#8861,#8862,#8863);
#8865 = PLANE('',#8864);
#8866 = EDGE_LOOP('', (#8858,#8859,#8860));
#8867 = FACE_BOUND('', #8866,.T.);
#8868 = ADVANCED_FACE('', (#8867),#8865,.T.);
#8869 = CARTESIAN_POINT('', (0,24,10));
#8870 = VERTEX_POINT('', #8869);
#8871 = CARTESIAN_POINT('', (7.78076,24,14.5675));
#8872 = VERTEX_POINT('', #8871);
#8873 = CARTESIAN_POINT('', (8.16715,24,14.3928));
#8874 = VERTEX_POINT('', #8873);
#8875 = CARTESIAN_POINT('', (7.78076,24,14.5675));
#8876 = DIRECTION('', (0.91123, 0, -0.411898));
#8877 = VECTOR('',#8876,1);
#8878 = LINE('',#8875, #8877);
#8879 = SURFACE_CURVE('', #8878);
#8880 = EDGE_CURVE('', #8872, #8874,#8879,.T.);
#8881 = CARTESIAN_POINT('', (8.16715,24,14.3928));
#8882 = DIRECTION('', (-0.880691, 0, -0.473691));
#8883 = VECTOR('',#8882,1);
#8884 = LINE('',#8881, #8883);
#8885 = SURFACE_CURVE('', #8884);
#8886 = EDGE_CURVE('', #8874, #8870,#8885,.T.);
#8887 = ORIENTED_EDGE('',*,*,#8857,.F.);
#8888 = ORIENTED_EDGE('',*,*,#8880,.T.);
#8889 = ORIENTED_EDGE('',*,*,#8886,.T.);
#8890 = CARTESIAN_POINT('', (0,24,10));
#8891 = DIRECTION('', (0, 1, 0));
#8892 = DIRECTION('', (0.862392, 0, 0.506241));
#8893 = AXIS2_PLACEMENT_3D('',#8890,#8891,#8892);
#8894 = PLANE('',#8893);
#8895 = EDGE_LOOP('', (#8887,#8888,#8889));
#8896 = FACE_BOUND('', #8895,.T.);
#8897 = ADVANCED_FACE('', (#8896),#8894,.T.);
#8898 = CARTESIAN_POINT('', (0,24,10));
#8899 = VERTEX_POINT('', #8898);
#8900 = CARTESIAN_POINT('', (8.16715,24,14.3928));
#8901 = VERTEX_POINT('', #8900);
#8902 = CARTESIAN_POINT('', (8.5775,24,14.286));
#8903 = VERTEX_POINT('', #8902);
#8904 = CARTESIAN_POINT('', (8.16715,24,14.3928));
#8905 = DIRECTION('', (0.967734, 0, -0.251976));
#8906 = VECTOR('',#8905,1);
#8907 = LINE('',#8904, #8906);
#8908 = SURFACE_CURVE('', #8907);
#8909 = EDGE_CURVE('', #8901, #8903,#8908,.T.);
#8910 = CARTESIAN_POINT('', (8.5775,24,14.286));
#8911 = DIRECTION('', (-0.894543, 0, -0.446981));
#8912 = VECTOR('',#8911,1);
#8913 = LINE('',#8910, #8912);
#8914 = SURFACE_CURVE('', #8913);
#8915 = EDGE_CURVE('', #8903, #8899,#8914,.T.);
#8916 = ORIENTED_EDGE('',*,*,#8886,.F.);
#8917 = ORIENTED_EDGE('',*,*,#8909,.T.);
#8918 = ORIENTED_EDGE('',*,*,#8915,.T.);
#8919 = CARTESIAN_POINT('', (0,24,10));
#8920 = DIRECTION('', (0, 1, 0));
#8921 = DIRECTION('', (0.880691, 0, 0.473691));
#8922 = AXIS2_PLACEMENT_3D('',#8919,#8920,#8921);
#8923 = PLANE('',#8922);
#8924 = EDGE_LOOP('', (#8916,#8917,#8918));
#8925 = FACE_BOUND('', #8924,.T.);
#8926 = ADVANCED_FACE('', (#8925),#8923,.T.);
#8927 = CARTESIAN_POINT('', (8.5775,24,14.286));
#8928 = VERTEX_POINT('', #8927);
#8929 = CARTESIAN_POINT('', (9,24,14.25));
#8930 = VERTEX_POINT('', #8929);
#8931 = CARTESIAN_POINT('', (0,24,10));
#8932 = VERTEX_POINT('', #8931);
#8933 = CARTESIAN_POINT('', (8.5775,24,14.286));
#8934 = DIRECTION('', (0.996398, 0, -0.0848058));
#8935 = VECTOR('',#8934,1);
#8936 = LINE('',#8933, #8935);
#8937 = SURFACE_CURVE('', #8936);
#8938 = EDGE_CURVE('', #8928, #8930,#8937,.T.);
#8939 = CARTESIAN_POINT('', (9,24,14.25));
#8940 = DIRECTION('', (-0.904249, 0, -0.427006));
#8941 = VECTOR('',#8940,1);
#8942 = LINE('',#8939, #8941);
#8943 = SURFACE_CURVE('', #8942);
#8944 = EDGE_CURVE('', #8930, #8932,#8943,.T.);
#8945 = ORIENTED_EDGE('',*,*,#8938,.T.);
#8946 = ORIENTED_EDGE('',*,*,#8944,.T.);
#8947 = ORIENTED_EDGE('',*,*,#8915,.F.);
#8948 = CARTESIAN_POINT('', (8.5775,24,14.286));
#8949 = DIRECTION('', (0, 1, 0));
#8950 = DIRECTION('', (0.996398, 0, -0.0848058));
#8951 = AXIS2_PLACEMENT_3D('',#8948,#8949,#8950);
#8952 = PLANE('',#8951);
#8953 = EDGE_LOOP('', (#8945,#8946,#8947));
#8954 = FACE_BOUND('', #8953,.T.);
#8955 = ADVANCED_FACE('', (#8954),#8952,.T.);
#8956 = CARTESIAN_POINT('', (0,24,10));
#8957 = VERTEX_POINT('', #8956);
#8958 = CARTESIAN_POINT('', (9,24,14.25));
#8959 = VERTEX_POINT('', #8958);
#8960 = CARTESIAN_POINT('', (9.4225,24,14.286));
#8961 = VERTEX_POINT('', #8960);
#8962 = CARTESIAN_POINT('', (9,24,14.25));
#8963 = DIRECTION('', (0.996398, 0, 0.0848058));
#8964 = VECTOR('',#8963,1);
#8965 = LINE('',#8962, #8964);
#8966 = SURFACE_CURVE('', #8965);
#8967 = EDGE_CURVE('', #8959, #8961,#8966,.T.);
#8968 = CARTESIAN_POINT('', (9.4225,24,14.286));
#8969 = DIRECTION('', (-0.910257, 0, -0.414044));
#8970 = VECTOR('',#8969,1);
#8971 = LINE('',#8968, #8970);
#8972 = SURFACE_CURVE('', #8971);
#8973 = EDGE_CURVE('', #8961, #8957,#8972,.T.);
#8974 = ORIENTED_EDGE('',*,*,#8944,.F.);
#8975 = ORIENTED_EDGE('',*,*,#8967,.T.);
#8976 = ORIENTED_EDGE('',*,*,#8973,.T.);
#8977 = CARTESIAN_POINT('', (0,24,10));
#8978 = DIRECTION('', (0, 1, 0));
#8979 = DIRECTION('', (0.904249, 0, 0.427006));
#8980 = AXIS2_PLACEMENT_3D('',#8977,#8978,#8979);
#8981 = PLANE('',#8980);
#8982 = EDGE_LOOP('', (#8974,#8975,#8976));
#8983 = FACE_BOUND('', #8982,.T.);
#8984 = ADVANCED_FACE('', (#8983),#8981,.T.);
#8985 = CARTESIAN_POINT('', (0,24,10));
#8986 = VERTEX_POINT('', #8985);
#8987 = CARTESIAN_POINT('', (9.4225,24,14.286));
#8988 = VERTEX_POINT('', #8987);
#8989 = CARTESIAN_POINT('', (50,24,10));
#8990 = VERTEX_POINT('', #8989);
#8991 = CARTESIAN_POINT('', (9.4225,24,14.286));
#8992 = DIRECTION('', (0.994468, 0, -0.10504));
#8993 = VECTOR('',#8992,1);
#8994 = LINE('',#8991, #8993);
#8995 = SURFACE_CURVE('', #8994);
#8996 = EDGE_CURVE('', #8988, #8990,#8995,.T.);
#8997 = ORIENTED_EDGE('',*,*,#8973,.F.);
#8998 = ORIENTED_EDGE('',*,*,#8996,.T.);
#8999 = ORIENTED_EDGE('',*,*,#5528,.F.);
#9000 = CARTESIAN_POINT('', (0,24,10));
#9001 = DIRECTION('', (0, 1, 0));
#9002 = DIRECTION('', (0.910257, 0, 0.414044));
#9003 = AXIS2_PLACEMENT_3D('',#9000,#9001,#9002);
#9004 = PLANE('',#9003);
#9005 = EDGE_LOOP('', (#8997,#8998,#8999));
#9006 = FACE_BOUND('', #9005,.T.);
#9007 = ADVANCED_FACE('', (#9006),#9004,.T.);
#9008 = CARTESIAN_POINT('', (50,24,10));
#9009 = VERTEX_POINT('', #9008);
#9010 = CARTESIAN_POINT('', (9.4225,24,14.286));
#9011 = VERTEX_POINT('', #9010);
#9012 = CARTESIAN_POINT('', (9.83285,24,14.3928));
#9013 = VERTEX_POINT('', #9012);
#9014 = CARTESIAN_POINT('', (9.4225,24,14.286));
#9015 = DIRECTION('', (0.967734, 0, 0.251976));
#9016 = VECTOR('',#9015,1);
#9017 = LINE('',#9014, #9016);
#9018 = SURFACE_CURVE('', #9017);
#9019 = EDGE_CURVE('', #9011, #9013,#9018,.T.);
#9020 = CARTESIAN_POINT('', (9.83285,24,14.3928));
#9021 = DIRECTION('', (0.994073, 0, -0.108715));
#9022 = VECTOR('',#9021,1);
#9023 = LINE('',#9020, #9022);
#9024 = SURFACE_CURVE('', #9023);
#9025 = EDGE_CURVE('', #9013, #9009,#9024,.T.);
#9026 = ORIENTED_EDGE('',*,*,#8996,.F.);
#9027 = ORIENTED_EDGE('',*,*,#9019,.T.);
#9028 = ORIENTED_EDGE('',*,*,#9025,.T.);
#9029 = CARTESIAN_POINT('', (50,24,10));
#9030 = DIRECTION('', (0, 1, 0));
#9031 = DIRECTION('', (-0.994468, 0, 0.10504));
#9032 = AXIS2_PLACEMENT_3D('',#9029,#9030,#9031);
#9033 = PLANE('',#9032);
#9034 = EDGE_LOOP('', (#9026,#9027,#9028));
#9035 = FACE_BOUND('', #9034,.T.);
#9036 = ADVANCED_FACE('', (#9035),#9033,.T.);
#9037 = CARTESIAN_POINT('', (50,24,10));
#9038 = VERTEX_POINT('', #9037);
#9039 = CARTESIAN_POINT('', (9.83285,24,14.3928));
#9040 = VERTEX_POINT('', #9039);
#9041 = CARTESIAN_POINT('', (10.2192,24,14.5675));
#9042 = VERTEX_POINT('', #9041);
#9043 = CARTESIAN_POINT('', (9.83285,24,14.3928));
#9044 = DIRECTION('', (0.91123, 0, 0.411898));
#9045 = VECTOR('',#9044,1);
#9046 = LINE('',#9043, #9045);
#9047 = SURFACE_CURVE('', #9046);
#9048 = EDGE_CURVE('', #9040, #9042,#9047,.T.);
#9049 = ORIENTED_EDGE('',*,*,#9025,.F.);
#9050 = ORIENTED_EDGE('',*,*,#9048,.T.);
#9051 = ORIENTED_EDGE('',*,*,#6816,.F.);
#9052 = CARTESIAN_POINT('', (50,24,10));
#9053 = DIRECTION('', (0, 1, 0));
#9054 = DIRECTION('', (-0.994073, 0, 0.108715));
#9055 = AXIS2_PLACEMENT_3D('',#9052,#9053,#9054);
#9056 = PLANE('',#9055);
#9057 = EDGE_LOOP('', (#9049,#9050,#9051));
#9058 = FACE_BOUND('', #9057,.T.);
#9059 = ADVANCED_FACE('', (#9058),#9056,.T.);
#9060 = CARTESIAN_POINT('', (11.3197,24,47.9179));
#9061 = VERTEX_POINT('', #9060);
#9062 = CARTESIAN_POINT('', (11.4439,24,48.3233));
#9063 = VERTEX_POINT('', #9062);
#9064 = CARTESIAN_POINT('', (39.6001,24,18.8213));
#9065 = VERTEX_POINT('', #9064);
#9066 = CARTESIAN_POINT('', (11.3197,24,47.9179));
#9067 = DIRECTION('', (0.292819, 0, 0.956168));
#9068 = VECTOR('',#9067,1);
#9069 = LINE('',#9066, #9068);
#9070 = SURFACE_CURVE('', #9069);
#9071 = EDGE_CURVE('', #9061, #9063,#9070,.T.);
#9072 = CARTESIAN_POINT('', (11.4439,24,48.3233));
#9073 = DIRECTION('', (0.690414, 0, -0.723415));
#9074 = VECTOR('',#9073,1);
#9075 = LINE('',#9072, #9074);
#9076 = SURFACE_CURVE('', #9075);
#9077 = EDGE_CURVE('', #9063, #9065,#9076,.T.);
#9078 = CARTESIAN_POINT('', (39.6001,24,18.8213));
#9079 = DIRECTION('', (-0.696977, 0, 0.717093));
#9080 = VECTOR('',#9079,1);
#9081 = LINE('',#9078, #9080);
#9082 = SURFACE_CURVE('', #9081);
#9083 = EDGE_CURVE('', #9065, #9061,#9082,.T.);
#9084 = ORIENTED_EDGE('',*,*,#9071,.T.);
#9085 = ORIENTED_EDGE('',*,*,#9077,.T.);
#9086 = ORIENTED_EDGE('',*,*,#9083,.T.);
#9087 = CARTESIAN_POINT('', (11.3197,24,47.9179));
#9088 = DIRECTION('', (-0, 1, 0));
#9089 = DIRECTION('', (0.292819, 0, 0.956168));
#9090 = AXIS2_PLACEMENT_3D('',#9087,#9088,#9089);
#9091 = PLANE('',#9090);
#9092 = EDGE_LOOP('', (#9084,#9085,#9086));
#9093 = FACE_BOUND('', #9092,.T.);
#9094 = ADVANCED_FACE('', (#9093),#9091,.T.);
#9095 = CARTESIAN_POINT('', (39.6001,24,18.8213));
#9096 = VERTEX_POINT('', #9095);
#9097 = CARTESIAN_POINT('', (11.4439,24,48.3233));
#9098 = VERTEX_POINT('', #9097);
#9099 = CARTESIAN_POINT('', (11.4977,24,48.7439));
#9100 = VERTEX_POINT('', #9099);
#9101 = CARTESIAN_POINT('', (11.4439,24,48.3233));
#9102 = DIRECTION('', (0.127019, 0, 0.9919));
#9103 = VECTOR('',#9102,1);
#9104 = LINE('',#9101, #9103);
#9105 = SURFACE_CURVE('', #9104);
#9106 = EDGE_CURVE('', #9098, #9100,#9105,.T.);
#9107 = CARTESIAN_POINT('', (11.4977,24,48.7439));
#9108 = DIRECTION('', (0.684587, 0, -0.728931));
#9109 = VECTOR('',#9108,1);
#9110 = LINE('',#9107, #9109);
#9111 = SURFACE_CURVE('', #9110);
#9112 = EDGE_CURVE('', #9100, #9096,#9111,.T.);
#9113 = ORIENTED_EDGE('',*,*,#9077,.F.);
#9114 = ORIENTED_EDGE('',*,*,#9106,.T.);
#9115 = ORIENTED_EDGE('',*,*,#9112,.T.);
#9116 = CARTESIAN_POINT('', (39.6001,24,18.8213));
#9117 = DIRECTION('', (0, 1, 0));
#9118 = DIRECTION('', (-0.690414, 0, 0.723415));
#9119 = AXIS2_PLACEMENT_3D('',#9116,#9117,#9118);
#9120 = PLANE('',#9119);
#9121 = EDGE_LOOP('', (#9113,#9114,#9115));
#9122 = FACE_BOUND('', #9121,.T.);
#9123 = ADVANCED_FACE('', (#9122),#9120,.T.);
#9124 = CARTESIAN_POINT('', (39.6001,24,18.8213));
#9125 = VERTEX_POINT('', #9124);
#9126 = CARTESIAN_POINT('', (11.4977,24,48.7439));
#9127 = VERTEX_POINT('', #9126);
#9128 = CARTESIAN_POINT('', (11.4798,24,49.1675));
#9129 = VERTEX_POINT('', #9128);
#9130 = CARTESIAN_POINT('', (11.4977,24,48.7439));
#9131 = DIRECTION('', (-0.0424399, 0, 0.999099));
#9132 = VECTOR('',#9131,1);
#9133 = LINE('',#9130, #9132);
#9134 = SURFACE_CURVE('', #9133);
#9135 = EDGE_CURVE('', #9127, #9129,#9134,.T.);
#9136 = ORIENTED_EDGE('',*,*,#9112,.F.);
#9137 = ORIENTED_EDGE('',*,*,#9135,.T.);
#9138 = ORIENTED_EDGE('',*,*,#7506,.F.);
#9139 = CARTESIAN_POINT('', (39.6001,24,18.8213));
#9140 = DIRECTION('', (0, 1, 0));
#9141 = DIRECTION('', (-0.684587, 0, 0.728931));
#9142 = AXIS2_PLACEMENT_3D('',#9139,#9140,#9141);
#9143 = PLANE('',#9142);
#9144 = EDGE_LOOP('', (#9136,#9137,#9138));
#9145 = FACE_BOUND('', #9144,.T.);
#9146 = ADVANCED_FACE('', (#9145),#9143,.T.);
#9147 = CARTESIAN_POINT('', (6.76769,24,49.9755));
#9148 = VERTEX_POINT('', #9147);
#9149 = CARTESIAN_POINT('', (6.60958,24,49.5821));
#9150 = VERTEX_POINT('', #9149);
#9151 = CARTESIAN_POINT('', (0,24,55));
#9152 = VERTEX_POINT('', #9151);
#9153 = CARTESIAN_POINT('', (6.76769,24,49.9755));
#9154 = DIRECTION('', (-0.372857, 0, -0.927889));
#9155 = VECTOR('',#9154,1);
#9156 = LINE('',#9153, #9155);
#9157 = SURFACE_CURVE('', #9156);
#9158 = EDGE_CURVE('', #9148, #9150,#9157,.T.);
#9159 = CARTESIAN_POINT('', (6.60958,24,49.5821));
#9160 = DIRECTION('', (-0.773378, 0, 0.633946));
#9161 = VECTOR('',#9160,1);
#9162 = LINE('',#9159, #9161);
#9163 = SURFACE_CURVE('', #9162);
#9164 = EDGE_CURVE('', #9150, #9152,#9163,.T.);
#9165 = ORIENTED_EDGE('',*,*,#9158,.T.);
#9166 = ORIENTED_EDGE('',*,*,#9164,.T.);
#9167 = ORIENTED_EDGE('',*,*,#8764,.F.);
#9168 = CARTESIAN_POINT('', (6.76769,24,49.9755));
#9169 = DIRECTION('', (0, 1, 0));
#9170 = DIRECTION('', (-0.372857, 0, -0.927889));
#9171 = AXIS2_PLACEMENT_3D('',#9168,#9169,#9170);
#9172 = PLANE('',#9171);
#9173 = EDGE_LOOP('', (#9165,#9166,#9167));
#9174 = FACE_BOUND('', #9173,.T.);
#9175 = ADVANCED_FACE('', (#9174),#9172,.T.);
#9176 = CARTESIAN_POINT('', (0,24,55));
#9177 = VERTEX_POINT('', #9176);
#9178 = CARTESIAN_POINT('', (6.60958,24,49.5821));
#9179 = VERTEX_POINT('', #9178);
#9180 = CARTESIAN_POINT('', (6.52025,24,49.1675));
#9181 = VERTEX_POINT('', #9180);
#9182 = CARTESIAN_POINT('', (6.60958,24,49.5821));
#9183 = DIRECTION('', (-0.21068, 0, -0.977555));
#9184 = VECTOR('',#9183,1);
#9185 = LINE('',#9182, #9184);
#9186 = SURFACE_CURVE('', #9185);
#9187 = EDGE_CURVE('', #9179, #9181,#9186,.T.);
#9188 = CARTESIAN_POINT('', (6.52025,24,49.1675));
#9189 = DIRECTION('', (-0.745324, 0, 0.666703));
#9190 = VECTOR('',#9189,1);
#9191 = LINE('',#9188, #9190);
#9192 = SURFACE_CURVE('', #9191);
#9193 = EDGE_CURVE('', #9181, #9177,#9192,.T.);
#9194 = ORIENTED_EDGE('',*,*,#9164,.F.);
#9195 = ORIENTED_EDGE('',*,*,#9187,.T.);
#9196 = ORIENTED_EDGE('',*,*,#9193,.T.);
#9197 = CARTESIAN_POINT('', (0,24,55));
#9198 = DIRECTION('', (0, 1, 0));
#9199 = DIRECTION('', (0.773378, 0, -0.633946));
#9200 = AXIS2_PLACEMENT_3D('',#9197,#9198,#9199);
#9201 = PLANE('',#9200);
#9202 = EDGE_LOOP('', (#9194,#9195,#9196));
#9203 = FACE_BOUND('', #9202,.T.);
#9204 = ADVANCED_FACE('', (#9203),#9201,.T.);
#9205 = CARTESIAN_POINT('', (0,24,55));
#9206 = VERTEX_POINT('', #9205);
#9207 = CARTESIAN_POINT('', (6.52025,24,49.1675));
#9208 = VERTEX_POINT('', #9207);
#9209 = CARTESIAN_POINT('', (6.50225,24,48.7439));
#9210 = VERTEX_POINT('', #9209);
#9211 = CARTESIAN_POINT('', (6.52025,24,49.1675));
#9212 = DIRECTION('', (-0.042441, 0, -0.999099));
#9213 = VECTOR('',#9212,1);
#9214 = LINE('',#9211, #9213);
#9215 = SURFACE_CURVE('', #9214);
#9216 = EDGE_CURVE('', #9208, #9210,#9215,.T.);
#9217 = CARTESIAN_POINT('', (6.50225,24,48.7439));
#9218 = DIRECTION('', (-0.720615, 0, 0.693335));
#9219 = VECTOR('',#9218,1);
#9220 = LINE('',#9217, #9219);
#9221 = SURFACE_CURVE('', #9220);
#9222 = EDGE_CURVE('', #9210, #9206,#9221,.T.);
#9223 = ORIENTED_EDGE('',*,*,#9193,.F.);
#9224 = ORIENTED_EDGE('',*,*,#9216,.T.);
#9225 = ORIENTED_EDGE('',*,*,#9222,.T.);
#9226 = CARTESIAN_POINT('', (0,24,55));
#9227 = DIRECTION('', (0, 1, 0));
#9228 = DIRECTION('', (0.745324, 0, -0.666703));
#9229 = AXIS2_PLACEMENT_3D('',#9226,#9227,#9228);
#9230 = PLANE('',#9229);
#9231 = EDGE_LOOP('', (#9223,#9224,#9225));
#9232 = FACE_BOUND('', #9231,.T.);
#9233 = ADVANCED_FACE('', (#9232),#9230,.T.);
#9234 = CARTESIAN_POINT('', (6.99001,24,18.2366));
#9235 = VERTEX_POINT('', #9234);
#9236 = CARTESIAN_POINT('', (6.76769,24,17.8755));
#9237 = VERTEX_POINT('', #9236);
#9238 = CARTESIAN_POINT('', (0,24,55));
#9239 = VERTEX_POINT('', #9238);
#9240 = CARTESIAN_POINT('', (6.99001,24,18.2366));
#9241 = DIRECTION('', (-0.524306, 0, -0.85153));
#9242 = VECTOR('',#9241,1);
#9243 = LINE('',#9240, #9242);
#9244 = SURFACE_CURVE('', #9243);
#9245 = EDGE_CURVE('', #9235, #9237,#9244,.T.);
#9246 = CARTESIAN_POINT('', (6.76769,24,17.8755));
#9247 = DIRECTION('', (-0.179341, 0, 0.983787));
#9248 = VECTOR('',#9247,1);
#9249 = LINE('',#9246, #9248);
#9250 = SURFACE_CURVE('', #9249);
#9251 = EDGE_CURVE('', #9237, #9239,#9250,.T.);
#9252 = ORIENTED_EDGE('',*,*,#9245,.T.);
#9253 = ORIENTED_EDGE('',*,*,#9251,.T.);
#9254 = ORIENTED_EDGE('',*,*,#8787,.F.);
#9255 = CARTESIAN_POINT('', (6.99001,24,18.2366));
#9256 = DIRECTION('', (0, 1, 0));
#9257 = DIRECTION('', (-0.524306, 0, -0.85153));
#9258 = AXIS2_PLACEMENT_3D('',#9255,#9256,#9257);
#9259 = PLANE('',#9258);
#9260 = EDGE_LOOP('', (#9252,#9253,#9254));
#9261 = FACE_BOUND('', #9260,.T.);
#9262 = ADVANCED_FACE('', (#9261),#9259,.T.);
#9263 = CARTESIAN_POINT('', (0,24,55));
#9264 = VERTEX_POINT('', #9263);
#9265 = CARTESIAN_POINT('', (6.76769,24,17.8755));
#9266 = VERTEX_POINT('', #9265);
#9267 = CARTESIAN_POINT('', (6.60958,24,17.4821));
#9268 = VERTEX_POINT('', #9267);
#9269 = CARTESIAN_POINT('', (6.76769,24,17.8755));
#9270 = DIRECTION('', (-0.372855, 0, -0.92789));
#9271 = VECTOR('',#9270,1);
#9272 = LINE('',#9269, #9271);
#9273 = SURFACE_CURVE('', #9272);
#9274 = EDGE_CURVE('', #9266, #9268,#9273,.T.);
#9275 = CARTESIAN_POINT('', (6.60958,24,17.4821));
#9276 = DIRECTION('', (-0.173499, 0, 0.984834));
#9277 = VECTOR('',#9276,1);
#9278 = LINE('',#9275, #9277);
#9279 = SURFACE_CURVE('', #9278);
#9280 = EDGE_CURVE('', #9268, #9264,#9279,.T.);
#9281 = ORIENTED_EDGE('',*,*,#9251,.F.);
#9282 = ORIENTED_EDGE('',*,*,#9274,.T.);
#9283 = ORIENTED_EDGE('',*,*,#9280,.T.);
#9284 = CARTESIAN_POINT('', (0,24,55));
#9285 = DIRECTION('', (0, 1, 0));
#9286 = DIRECTION('', (0.179341, 0, -0.983787));
#9287 = AXIS2_PLACEMENT_3D('',#9284,#9285,#9286);
#9288 = PLANE('',#9287);
#9289 = EDGE_LOOP('', (#9281,#9282,#9283));
#9290 = FACE_BOUND('', #9289,.T.);
#9291 = ADVANCED_FACE('', (#9290),#9288,.T.);
#9292 = CARTESIAN_POINT('', (0,24,55));
#9293 = VERTEX_POINT('', #9292);
#9294 = CARTESIAN_POINT('', (6.60958,24,17.4821));
#9295 = VERTEX_POINT('', #9294);
#9296 = CARTESIAN_POINT('', (0,24,10));
#9297 = VERTEX_POINT('', #9296);
#9298 = CARTESIAN_POINT('', (6.60958,24,17.4821));
#9299 = DIRECTION('', (-0.662059, 0, -0.749452));
#9300 = VECTOR('',#9299,1);
#9301 = LINE('',#9298, #9300);
#9302 = SURFACE_CURVE('', #9301);
#9303 = EDGE_CURVE('', #9295, #9297,#9302,.T.);
#9304 = ORIENTED_EDGE('',*,*,#9280,.F.);
#9305 = ORIENTED_EDGE('',*,*,#9303,.T.);
#9306 = ORIENTED_EDGE('',*,*,#376,.F.);
#9307 = CARTESIAN_POINT('', (0,24,55));
#9308 = DIRECTION('', (0, 1, 0));
#9309 = DIRECTION('', (0.173499, 0, -0.984834));
#9310 = AXIS2_PLACEMENT_3D('',#9307,#9308,#9309);
#9311 = PLANE('',#9310);
#9312 = EDGE_LOOP('', (#9304,#9305,#9306));
#9313 = FACE_BOUND('', #9312,.T.);
#9314 = ADVANCED_FACE('', (#9313),#9311,.T.);
#9315 = CARTESIAN_POINT('', (0,24,10));
#9316 = VERTEX_POINT('', #9315);
#9317 = CARTESIAN_POINT('', (6.60958,24,17.4821));
#9318 = VERTEX_POINT('', #9317);
#9319 = CARTESIAN_POINT('', (6.52025,24,17.0675));
#9320 = VERTEX_POINT('', #9319);
#9321 = CARTESIAN_POINT('', (6.60958,24,17.4821));
#9322 = DIRECTION('', (-0.21068, 0, -0.977555));
#9323 = VECTOR('',#9322,1);
#9324 = LINE('',#9321, #9323);
#9325 = SURFACE_CURVE('', #9324);
#9326 = EDGE_CURVE('', #9318, #9320,#9325,.T.);
#9327 = CARTESIAN_POINT('', (6.52025,24,17.0675));
#9328 = DIRECTION('', (-0.678076, 0, -0.734992));
#9329 = VECTOR('',#9328,1);
#9330 = LINE('',#9327, #9329);
#9331 = SURFACE_CURVE('', #9330);
#9332 = EDGE_CURVE('', #9320, #9316,#9331,.T.);
#9333 = ORIENTED_EDGE('',*,*,#9303,.F.);
#9334 = ORIENTED_EDGE('',*,*,#9326,.T.);
#9335 = ORIENTED_EDGE('',*,*,#9332,.T.);
#9336 = CARTESIAN_POINT('', (0,24,10));
#9337 = DIRECTION('', (0, 1, 0));
#9338 = DIRECTION('', (0.662059, 0, 0.749452));
#9339 = AXIS2_PLACEMENT_3D('',#9336,#9337,#9338);
#9340 = PLANE('',#9339);
#9341 = EDGE_LOOP('', (#9333,#9334,#9335));
#9342 = FACE_BOUND('', #9341,.T.);
#9343 = ADVANCED_FACE('', (#9342),#9340,.T.);
#9344 = CARTESIAN_POINT('', (0,24,10));
#9345 = VERTEX_POINT('', #9344);
#9346 = CARTESIAN_POINT('', (6.52025,24,17.0675));
#9347 = VERTEX_POINT('', #9346);
#9348 = CARTESIAN_POINT('', (6.50225,24,16.6439));
#9349 = VERTEX_POINT('', #9348);
#9350 = CARTESIAN_POINT('', (6.52025,24,17.0675));
#9351 = DIRECTION('', (-0.042441, 0, -0.999099));
#9352 = VECTOR('',#9351,1);
#9353 = LINE('',#9350, #9352);
#9354 = SURFACE_CURVE('', #9353);
#9355 = EDGE_CURVE('', #9347, #9349,#9354,.T.);
#9356 = ORIENTED_EDGE('',*,*,#9332,.F.);
#9357 = ORIENTED_EDGE('',*,*,#9355,.T.);
#9358 = ORIENTED_EDGE('',*,*,#8057,.F.);
#9359 = CARTESIAN_POINT('', (0,24,10));
#9360 = DIRECTION('', (0, 1, 0));
#9361 = DIRECTION('', (0.678076, 0, 0.734992));
#9362 = AXIS2_PLACEMENT_3D('',#9359,#9360,#9361);
#9363 = PLANE('',#9362);
#9364 = EDGE_LOOP('', (#9356,#9357,#9358));
#9365 = FACE_BOUND('', #9364,.T.);
#9366 = ADVANCED_FACE('', (#9365),#9363,.T.);
#9367 = CARTESIAN_POINT('', (41.4225,24,14.286));
#9368 = VERTEX_POINT('', #9367);
#9369 = CARTESIAN_POINT('', (41.8328,24,14.3928));
#9370 = VERTEX_POINT('', #9369);
#9371 = CARTESIAN_POINT('', (50,24,10));
#9372 = VERTEX_POINT('', #9371);
#9373 = CARTESIAN_POINT('', (41.4225,24,14.286));
#9374 = DIRECTION('', (0.967734, 0, 0.251976));
#9375 = VECTOR('',#9374,1);
#9376 = LINE('',#9373, #9375);
#9377 = SURFACE_CURVE('', #9376);
#9378 = EDGE_CURVE('', #9368, #9370,#9377,.T.);
#9379 = CARTESIAN_POINT('', (41.8328,24,14.3928));
#9380 = DIRECTION('', (0.880691, 0, -0.473691));
#9381 = VECTOR('',#9380,1);
#9382 = LINE('',#9379, #9381);
#9383 = SURFACE_CURVE('', #9382);
#9384 = EDGE_CURVE('', #9370, #9372,#9383,.T.);
#9385 = CARTESIAN_POINT('', (50,24,10));
#9386 = DIRECTION('', (-0.894543, 0, 0.446981));
#9387 = VECTOR('',#9386,1);
#9388 = LINE('',#9385, #9387);
#9389 = SURFACE_CURVE('', #9388);
#9390 = EDGE_CURVE('', #9372, #9368,#9389,.T.);
#9391 = ORIENTED_EDGE('',*,*,#9378,.T.);
#9392 = ORIENTED_EDGE('',*,*,#9384,.T.);
#9393 = ORIENTED_EDGE('',*,*,#9390,.T.);
#9394 = CARTESIAN_POINT('', (41.4225,24,14.286));
#9395 = DIRECTION('', (-0, 1, 0));
#9396 = DIRECTION('', (0.967734, 0, 0.251976));
#9397 = AXIS2_PLACEMENT_3D('',#9394,#9395,#9396);
#9398 = PLANE('',#9397);
#9399 = EDGE_LOOP('', (#9391,#9392,#9393));
#9400 = FACE_BOUND('', #9399,.T.);
#9401 = ADVANCED_FACE('', (#9400),#9398,.T.);
#9402 = CARTESIAN_POINT('', (9,24,19.25));
#9403 = VERTEX_POINT('', #9402);
#9404 = CARTESIAN_POINT('', (8.78798,24,19.241));
#9405 = VERTEX_POINT('', #9404);
#9406 = CARTESIAN_POINT('', (6.50225,24,48.7439));
#9407 = VERTEX_POINT('', #9406);
#9408 = CARTESIAN_POINT('', (9,24,19.25));
#9409 = DIRECTION('', (-0.999099, 0, -0.0424511));
#9410 = VECTOR('',#9409,1);
#9411 = LINE('',#9408, #9410);
#9412 = SURFACE_CURVE('', #9411);
#9413 = EDGE_CURVE('', #9403, #9405,#9412,.T.);
#9414 = CARTESIAN_POINT('', (8.78798,24,19.241));
#9415 = DIRECTION('', (-0.0772434, 0, 0.997012));
#9416 = VECTOR('',#9415,1);
#9417 = LINE('',#9414, #9416);
#9418 = SURFACE_CURVE('', #9417);
#9419 = EDGE_CURVE('', #9405, #9407,#9418,.T.);
#9420 = ORIENTED_EDGE('',*,*,#9413,.T.);
#9421 = ORIENTED_EDGE('',*,*,#9419,.T.);
#9422 = ORIENTED_EDGE('',*,*,#6468,.F.);
#9423 = CARTESIAN_POINT('', (9,24,19.25));
#9424 = DIRECTION('', (0, 1, 0));
#9425 = DIRECTION('', (-0.999099, 0, -0.0424511));
#9426 = AXIS2_PLACEMENT_3D('',#9423,#9424,#9425);
#9427 = PLANE('',#9426);
#9428 = EDGE_LOOP('', (#9420,#9421,#9422));
#9429 = FACE_BOUND('', #9428,.T.);
#9430 = ADVANCED_FACE('', (#9429),#9427,.T.);
#9431 = CARTESIAN_POINT('', (6.50225,24,48.7439));
#9432 = VERTEX_POINT('', #9431);
#9433 = CARTESIAN_POINT('', (8.78798,24,19.241));
#9434 = VERTEX_POINT('', #9433);
#9435 = CARTESIAN_POINT('', (8.37006,24,19.1693));
#9436 = VERTEX_POINT('', #9435);
#9437 = CARTESIAN_POINT('', (8.78798,24,19.241));
#9438 = DIRECTION('', (-0.985617, 0, -0.168996));
#9439 = VECTOR('',#9438,1);
#9440 = LINE('',#9437, #9439);
#9441 = SURFACE_CURVE('', #9440);
#9442 = EDGE_CURVE('', #9434, #9436,#9441,.T.);
#9443 = CARTESIAN_POINT('', (8.37006,24,19.1693));
#9444 = DIRECTION('', (-0.0630301, 0, 0.998012));
#9445 = VECTOR('',#9444,1);
#9446 = LINE('',#9443, #9445);
#9447 = SURFACE_CURVE('', #9446);
#9448 = EDGE_CURVE('', #9436, #9432,#9447,.T.);
#9449 = ORIENTED_EDGE('',*,*,#9419,.F.);
#9450 = ORIENTED_EDGE('',*,*,#9442,.T.);
#9451 = ORIENTED_EDGE('',*,*,#9448,.T.);
#9452 = CARTESIAN_POINT('', (6.50225,24,48.7439));
#9453 = DIRECTION('', (0, 1, 0));
#9454 = DIRECTION('', (0.0772434, 0, -0.997012));
#9455 = AXIS2_PLACEMENT_3D('',#9452,#9453,#9454);
#9456 = PLANE('',#9455);
#9457 = EDGE_LOOP('', (#9449,#9450,#9451));
#9458 = FACE_BOUND('', #9457,.T.);
#9459 = ADVANCED_FACE('', (#9458),#9456,.T.);
#9460 = CARTESIAN_POINT('', (6.50225,24,48.7439));
#9461 = VERTEX_POINT('', #9460);
#9462 = CARTESIAN_POINT('', (8.37006,24,19.1693));
#9463 = VERTEX_POINT('', #9462);
#9464 = CARTESIAN_POINT('', (0,24,55));
#9465 = VERTEX_POINT('', #9464);
#9466 = CARTESIAN_POINT('', (8.37006,24,19.1693));
#9467 = DIRECTION('', (-0.227476, 0, 0.973784));
#9468 = VECTOR('',#9467,1);
#9469 = LINE('',#9466, #9468);
#9470 = SURFACE_CURVE('', #9469);
#9471 = EDGE_CURVE('', #9463, #9465,#9470,.T.);
#9472 = ORIENTED_EDGE('',*,*,#9448,.F.);
#9473 = ORIENTED_EDGE('',*,*,#9471,.T.);
#9474 = ORIENTED_EDGE('',*,*,#9222,.F.);
#9475 = CARTESIAN_POINT('', (6.50225,24,48.7439));
#9476 = DIRECTION('', (0, 1, 0));
#9477 = DIRECTION('', (0.0630301, 0, -0.998012));
#9478 = AXIS2_PLACEMENT_3D('',#9475,#9476,#9477);
#9479 = PLANE('',#9478);
#9480 = EDGE_LOOP('', (#9472,#9473,#9474));
#9481 = FACE_BOUND('', #9480,.T.);
#9482 = ADVANCED_FACE('', (#9481),#9479,.T.);
#9483 = CARTESIAN_POINT('', (0,24,55));
#9484 = VERTEX_POINT('', #9483);
#9485 = CARTESIAN_POINT('', (8.37006,24,19.1693));
#9486 = VERTEX_POINT('', #9485);
#9487 = CARTESIAN_POINT('', (7.97025,24,19.0281));
#9488 = VERTEX_POINT('', #9487);
#9489 = CARTESIAN_POINT('', (8.37006,24,19.1693));
#9490 = DIRECTION('', (-0.942877, 0, -0.333141));
#9491 = VECTOR('',#9490,1);
#9492 = LINE('',#9489, #9491);
#9493 = SURFACE_CURVE('', #9492);
#9494 = EDGE_CURVE('', #9486, #9488,#9493,.T.);
#9495 = CARTESIAN_POINT('', (7.97025,24,19.0281));
#9496 = DIRECTION('', (-0.216322, 0, 0.976322));
#9497 = VECTOR('',#9496,1);
#9498 = LINE('',#9495, #9497);
#9499 = SURFACE_CURVE('', #9498);
#9500 = EDGE_CURVE('', #9488, #9484,#9499,.T.);
#9501 = ORIENTED_EDGE('',*,*,#9471,.F.);
#9502 = ORIENTED_EDGE('',*,*,#9494,.T.);
#9503 = ORIENTED_EDGE('',*,*,#9500,.T.);
#9504 = CARTESIAN_POINT('', (0,24,55));
#9505 = DIRECTION('', (0, 1, 0));
#9506 = DIRECTION('', (0.227476, 0, -0.973784));
#9507 = AXIS2_PLACEMENT_3D('',#9504,#9505,#9506);
#9508 = PLANE('',#9507);
#9509 = EDGE_LOOP('', (#9501,#9502,#9503));
#9510 = FACE_BOUND('', #9509,.T.);
#9511 = ADVANCED_FACE('', (#9510),#9508,.T.);
#9512 = CARTESIAN_POINT('', (0,24,55));
#9513 = VERTEX_POINT('', #9512);
#9514 = CARTESIAN_POINT('', (7.97025,24,19.0281));
#9515 = VERTEX_POINT('', #9514);
#9516 = CARTESIAN_POINT('', (7.60006,24,18.8213));
#9517 = VERTEX_POINT('', #9516);
#9518 = CARTESIAN_POINT('', (7.97025,24,19.0281));
#9519 = DIRECTION('', (-0.873016, 0, -0.487691));
#9520 = VECTOR('',#9519,1);
#9521 = LINE('',#9518, #9520);
#9522 = SURFACE_CURVE('', #9521);
#9523 = EDGE_CURVE('', #9515, #9517,#9522,.T.);
#9524 = ORIENTED_EDGE('',*,*,#9500,.F.);
#9525 = ORIENTED_EDGE('',*,*,#9523,.T.);
#9526 = ORIENTED_EDGE('',*,*,#8822,.F.);
#9527 = CARTESIAN_POINT('', (0,24,55));
#9528 = DIRECTION('', (0, 1, 0));
#9529 = DIRECTION('', (0.216322, 0, -0.976322));
#9530 = AXIS2_PLACEMENT_3D('',#9527,#9528,#9529);
#9531 = PLANE('',#9530);
#9532 = EDGE_LOOP('', (#9524,#9525,#9526));
#9533 = FACE_BOUND('', #9532,.T.);
#9534 = ADVANCED_FACE('', (#9533),#9531,.T.);
#9535 = CARTESIAN_POINT('', (38.8712,24,15.4392));
#9536 = VERTEX_POINT('', #9535);
#9537 = CARTESIAN_POINT('', (39.1233,24,15.0983));
#9538 = VERTEX_POINT('', #9537);
#9539 = CARTESIAN_POINT('', (10.5705,24,14.8049));
#9540 = VERTEX_POINT('', #9539);
#9541 = CARTESIAN_POINT('', (38.8712,24,15.4392));
#9542 = DIRECTION('', (0.594629, 0, -0.804));
#9543 = VECTOR('',#9542,1);
#9544 = LINE('',#9541, #9543);
#9545 = SURFACE_CURVE('', #9544);
#9546 = EDGE_CURVE('', #9536, #9538,#9545,.T.);
#9547 = CARTESIAN_POINT('', (39.1233,24,15.0983));
#9548 = DIRECTION('', (-0.999947, 0, -0.0102753));
#9549 = VECTOR('',#9548,1);
#9550 = LINE('',#9547, #9549);
#9551 = SURFACE_CURVE('', #9550);
#9552 = EDGE_CURVE('', #9538, #9540,#9551,.T.);
#9553 = CARTESIAN_POINT('', (10.5705,24,14.8049));
#9554 = DIRECTION('', (0.999749, 0, 0.0224082));
#9555 = VECTOR('',#9554,1);
#9556 = LINE('',#9553, #9555);
#9557 = SURFACE_CURVE('', #9556);
#9558 = EDGE_CURVE('', #9540, #9536,#9557,.T.);
#9559 = ORIENTED_EDGE('',*,*,#9546,.T.);
#9560 = ORIENTED_EDGE('',*,*,#9552,.T.);
#9561 = ORIENTED_EDGE('',*,*,#9558,.T.);
#9562 = CARTESIAN_POINT('', (38.8712,24,15.4392));
#9563 = DIRECTION('', (0, 1, 0));
#9564 = DIRECTION('', (0.594629, 0, -0.804));
#9565 = AXIS2_PLACEMENT_3D('',#9562,#9563,#9564);
#9566 = PLANE('',#9565);
#9567 = EDGE_LOOP('', (#9559,#9560,#9561));
#9568 = FACE_BOUND('', #9567,.T.);
#9569 = ADVANCED_FACE('', (#9568),#9566,.T.);
#9570 = CARTESIAN_POINT('', (10.5705,24,14.8049));
#9571 = VERTEX_POINT('', #9570);
#9572 = CARTESIAN_POINT('', (39.1233,24,15.0983));
#9573 = VERTEX_POINT('', #9572);
#9574 = CARTESIAN_POINT('', (39.4294,24,14.8049));
#9575 = VERTEX_POINT('', #9574);
#9576 = CARTESIAN_POINT('', (39.1233,24,15.0983));
#9577 = DIRECTION('', (0.721952, 0, -0.691943));
#9578 = VECTOR('',#9577,1);
#9579 = LINE('',#9576, #9578);
#9580 = SURFACE_CURVE('', #9579);
#9581 = EDGE_CURVE('', #9573, #9575,#9580,.T.);
#9582 = CARTESIAN_POINT('', (39.4294,24,14.8049));
#9583 = DIRECTION('', (-1, 0, 0));
#9584 = VECTOR('',#9583,1);
#9585 = LINE('',#9582, #9584);
#9586 = SURFACE_CURVE('', #9585);
#9587 = EDGE_CURVE('', #9575, #9571,#9586,.T.);
#9588 = ORIENTED_EDGE('',*,*,#9552,.F.);
#9589 = ORIENTED_EDGE('',*,*,#9581,.T.);
#9590 = ORIENTED_EDGE('',*,*,#9587,.T.);
#9591 = CARTESIAN_POINT('', (10.5705,24,14.8049));
#9592 = DIRECTION('', (0, 1, 0));
#9593 = DIRECTION('', (0.999947, 0, 0.0102753));
#9594 = AXIS2_PLACEMENT_3D('',#9591,#9592,#9593);
#9595 = PLANE('',#9594);
#9596 = EDGE_LOOP('', (#9588,#9589,#9590));
#9597 = FACE_BOUND('', #9596,.T.);
#9598 = ADVANCED_FACE('', (#9597),#9595,.T.);
#9599 = CARTESIAN_POINT('', (10.5705,24,14.8049));
#9600 = VERTEX_POINT('', #9599);
#9601 = CARTESIAN_POINT('', (39.4294,24,14.8049));
#9602 = VERTEX_POINT('', #9601);
#9603 = CARTESIAN_POINT('', (39.7808,24,14.5675));
#9604 = VERTEX_POINT('', #9603);
#9605 = CARTESIAN_POINT('', (39.4294,24,14.8049));
#9606 = DIRECTION('', (0.828511, 0, -0.559973));
#9607 = VECTOR('',#9606,1);
#9608 = LINE('',#9605, #9607);
#9609 = SURFACE_CURVE('', #9608);
#9610 = EDGE_CURVE('', #9602, #9604,#9609,.T.);
#9611 = CARTESIAN_POINT('', (39.7808,24,14.5675));
#9612 = DIRECTION('', (-0.999967, 0, 0.0081286));
#9613 = VECTOR('',#9612,1);
#9614 = LINE('',#9611, #9613);
#9615 = SURFACE_CURVE('', #9614);
#9616 = EDGE_CURVE('', #9604, #9600,#9615,.T.);
#9617 = ORIENTED_EDGE('',*,*,#9587,.F.);
#9618 = ORIENTED_EDGE('',*,*,#9610,.T.);
#9619 = ORIENTED_EDGE('',*,*,#9616,.T.);
#9620 = CARTESIAN_POINT('', (10.5705,24,14.8049));
#9621 = DIRECTION('', (-0, 1, 0));
#9622 = DIRECTION('', (1, 0, 0));
#9623 = AXIS2_PLACEMENT_3D('',#9620,#9621,#9622);
#9624 = PLANE('',#9623);
#9625 = EDGE_LOOP('', (#9617,#9618,#9619));
#9626 = FACE_BOUND('', #9625,.T.);
#9627 = ADVANCED_FACE('', (#9626),#9624,.T.);
#9628 = CARTESIAN_POINT('', (41.8328,24,14.3928));
#9629 = VERTEX_POINT('', #9628);
#9630 = CARTESIAN_POINT('', (42.2192,24,14.5675));
#9631 = VERTEX_POINT('', #9630);
#9632 = CARTESIAN_POINT('', (50,24,10));
#9633 = VERTEX_POINT('', #9632);
#9634 = CARTESIAN_POINT('', (41.8328,24,14.3928));
#9635 = DIRECTION('', (0.911231, 0, 0.411896));
#9636 = VECTOR('',#9635,1);
#9637 = LINE('',#9634, #9636);
#9638 = SURFACE_CURVE('', #9637);
#9639 = EDGE_CURVE('', #9629, #9631,#9638,.T.);
#9640 = CARTESIAN_POINT('', (42.2192,24,14.5675));
#9641 = DIRECTION('', (0.862392, 0, -0.506241));
#9642 = VECTOR('',#9641,1);
#9643 = LINE('',#9640, #9642);
#9644 = SURFACE_CURVE('', #9643);
#9645 = EDGE_CURVE('', #9631, #9633,#9644,.T.);
#9646 = ORIENTED_EDGE('',*,*,#9639,.T.);
#9647 = ORIENTED_EDGE('',*,*,#9645,.T.);
#9648 = ORIENTED_EDGE('',*,*,#9384,.F.);
#9649 = CARTESIAN_POINT('', (41.8328,24,14.3928));
#9650 = DIRECTION('', (-0, 1, 0));
#9651 = DIRECTION('', (0.911231, 0, 0.411896));
#9652 = AXIS2_PLACEMENT_3D('',#9649,#9650,#9651);
#9653 = PLANE('',#9652);
#9654 = EDGE_LOOP('', (#9646,#9647,#9648));
#9655 = FACE_BOUND('', #9654,.T.);
#9656 = ADVANCED_FACE('', (#9655),#9653,.T.);
#9657 = CARTESIAN_POINT('', (50,24,10));
#9658 = VERTEX_POINT('', #9657);
#9659 = CARTESIAN_POINT('', (42.2192,24,14.5675));
#9660 = VERTEX_POINT('', #9659);
#9661 = CARTESIAN_POINT('', (42.5705,24,14.8049));
#9662 = VERTEX_POINT('', #9661);
#9663 = CARTESIAN_POINT('', (42.2192,24,14.5675));
#9664 = DIRECTION('', (0.828508, 0, 0.559977));
#9665 = VECTOR('',#9664,1);
#9666 = LINE('',#9663, #9665);
#9667 = SURFACE_CURVE('', #9666);
#9668 = EDGE_CURVE('', #9660, #9662,#9667,.T.);
#9669 = CARTESIAN_POINT('', (42.5705,24,14.8049));
#9670 = DIRECTION('', (0.839693, 0, -0.543061));
#9671 = VECTOR('',#9670,1);
#9672 = LINE('',#9669, #9671);
#9673 = SURFACE_CURVE('', #9672);
#9674 = EDGE_CURVE('', #9662, #9658,#9673,.T.);
#9675 = ORIENTED_EDGE('',*,*,#9645,.F.);
#9676 = ORIENTED_EDGE('',*,*,#9668,.T.);
#9677 = ORIENTED_EDGE('',*,*,#9674,.T.);
#9678 = CARTESIAN_POINT('', (50,24,10));
#9679 = DIRECTION('', (0, 1, 0));
#9680 = DIRECTION('', (-0.862392, 0, 0.506241));
#9681 = AXIS2_PLACEMENT_3D('',#9678,#9679,#9680);
#9682 = PLANE('',#9681);
#9683 = EDGE_LOOP('', (#9675,#9676,#9677));
#9684 = FACE_BOUND('', #9683,.T.);
#9685 = ADVANCED_FACE('', (#9684),#9682,.T.);
#9686 = CARTESIAN_POINT('', (50,24,10));
#9687 = VERTEX_POINT('', #9686);
#9688 = CARTESIAN_POINT('', (42.5705,24,14.8049));
#9689 = VERTEX_POINT('', #9688);
#9690 = CARTESIAN_POINT('', (42.8767,24,15.0983));
#9691 = VERTEX_POINT('', #9690);
#9692 = CARTESIAN_POINT('', (42.5705,24,14.8049));
#9693 = DIRECTION('', (0.721952, 0, 0.691943));
#9694 = VECTOR('',#9693,1);
#9695 = LINE('',#9692, #9694);
#9696 = SURFACE_CURVE('', #9695);
#9697 = EDGE_CURVE('', #9689, #9691,#9696,.T.);
#9698 = CARTESIAN_POINT('', (42.8767,24,15.0983));
#9699 = DIRECTION('', (0.813181, 0, -0.582011));
#9700 = VECTOR('',#9699,1);
#9701 = LINE('',#9698, #9700);
#9702 = SURFACE_CURVE('', #9701);
#9703 = EDGE_CURVE('', #9691, #9687,#9702,.T.);
#9704 = ORIENTED_EDGE('',*,*,#9674,.F.);
#9705 = ORIENTED_EDGE('',*,*,#9697,.T.);
#9706 = ORIENTED_EDGE('',*,*,#9703,.T.);
#9707 = CARTESIAN_POINT('', (50,24,10));
#9708 = DIRECTION('', (0, 1, 0));
#9709 = DIRECTION('', (-0.839693, 0, 0.543061));
#9710 = AXIS2_PLACEMENT_3D('',#9707,#9708,#9709);
#9711 = PLANE('',#9710);
#9712 = EDGE_LOOP('', (#9704,#9705,#9706));
#9713 = FACE_BOUND('', #9712,.T.);
#9714 = ADVANCED_FACE('', (#9713),#9711,.T.);
#9715 = CARTESIAN_POINT('', (11.1288,24,15.4392));
#9716 = VERTEX_POINT('', #9715);
#9717 = CARTESIAN_POINT('', (38.5023,24,16.6439));
#9718 = VERTEX_POINT('', #9717);
#9719 = CARTESIAN_POINT('', (10.8767,24,15.0983));
#9720 = VERTEX_POINT('', #9719);
#9721 = CARTESIAN_POINT('', (38.5023,24,16.6439));
#9722 = DIRECTION('', (-0.998439, 0, -0.0558601));
#9723 = VECTOR('',#9722,1);
#9724 = LINE('',#9721, #9723);
#9725 = SURFACE_CURVE('', #9724);
#9726 = EDGE_CURVE('', #9718, #9720,#9725,.T.);
#9727 = CARTESIAN_POINT('', (10.8767,24,15.0983));
#9728 = DIRECTION('', (0.594633, 0, 0.803997));
#9729 = VECTOR('',#9728,1);
#9730 = LINE('',#9727, #9729);
#9731 = SURFACE_CURVE('', #9730);
#9732 = EDGE_CURVE('', #9720, #9716,#9731,.T.);
#9733 = ORIENTED_EDGE('',*,*,#6073,.F.);
#9734 = ORIENTED_EDGE('',*,*,#9726,.T.);
#9735 = ORIENTED_EDGE('',*,*,#9732,.T.);
#9736 = CARTESIAN_POINT('', (11.1288,24,15.4392));
#9737 = DIRECTION('', (-0, 1, 0));
#9738 = DIRECTION('', (0.999033, 0, 0.0439659));
#9739 = AXIS2_PLACEMENT_3D('',#9736,#9737,#9738);
#9740 = PLANE('',#9739);
#9741 = EDGE_LOOP('', (#9733,#9734,#9735));
#9742 = FACE_BOUND('', #9741,.T.);
#9743 = ADVANCED_FACE('', (#9742),#9740,.T.);
#9744 = CARTESIAN_POINT('', (10.8767,24,15.0983));
#9745 = VERTEX_POINT('', #9744);
#9746 = CARTESIAN_POINT('', (38.5023,24,16.6439));
#9747 = VERTEX_POINT('', #9746);
#9748 = CARTESIAN_POINT('', (38.5561,24,16.2233));
#9749 = VERTEX_POINT('', #9748);
#9750 = CARTESIAN_POINT('', (38.5023,24,16.6439));
#9751 = DIRECTION('', (0.127011, 0, -0.991901));
#9752 = VECTOR('',#9751,1);
#9753 = LINE('',#9750, #9752);
#9754 = SURFACE_CURVE('', #9753);
#9755 = EDGE_CURVE('', #9747, #9749,#9754,.T.);
#9756 = CARTESIAN_POINT('', (38.5561,24,16.2233));
#9757 = DIRECTION('', (-0.999175, 0, -0.04061));
#9758 = VECTOR('',#9757,1);
#9759 = LINE('',#9756, #9758);
#9760 = SURFACE_CURVE('', #9759);
#9761 = EDGE_CURVE('', #9749, #9745,#9760,.T.);
#9762 = ORIENTED_EDGE('',*,*,#9726,.F.);
#9763 = ORIENTED_EDGE('',*,*,#9755,.T.);
#9764 = ORIENTED_EDGE('',*,*,#9761,.T.);
#9765 = CARTESIAN_POINT('', (10.8767,24,15.0983));
#9766 = DIRECTION('', (0, 1, 0));
#9767 = DIRECTION('', (0.998439, 0, 0.0558601));
#9768 = AXIS2_PLACEMENT_3D('',#9765,#9766,#9767);
#9769 = PLANE('',#9768);
#9770 = EDGE_LOOP('', (#9762,#9763,#9764));
#9771 = FACE_BOUND('', #9770,.T.);
#9772 = ADVANCED_FACE('', (#9771),#9769,.T.);
#9773 = CARTESIAN_POINT('', (10.8767,24,15.0983));
#9774 = VERTEX_POINT('', #9773);
#9775 = CARTESIAN_POINT('', (38.5561,24,16.2233));
#9776 = VERTEX_POINT('', #9775);
#9777 = CARTESIAN_POINT('', (10.5705,24,14.8049));
#9778 = VERTEX_POINT('', #9777);
#9779 = CARTESIAN_POINT('', (38.5561,24,16.2233));
#9780 = DIRECTION('', (-0.998718, 0, -0.0506181));
#9781 = VECTOR('',#9780,1);
#9782 = LINE('',#9779, #9781);
#9783 = SURFACE_CURVE('', #9782);
#9784 = EDGE_CURVE('', #9776, #9778,#9783,.T.);
#9785 = CARTESIAN_POINT('', (10.5705,24,14.8049));
#9786 = DIRECTION('', (0.721953, 0, 0.691942));
#9787 = VECTOR('',#9786,1);
#9788 = LINE('',#9785, #9787);
#9789 = SURFACE_CURVE('', #9788);
#9790 = EDGE_CURVE('', #9778, #9774,#9789,.T.);
#9791 = ORIENTED_EDGE('',*,*,#9761,.F.);
#9792 = ORIENTED_EDGE('',*,*,#9784,.T.);
#9793 = ORIENTED_EDGE('',*,*,#9790,.T.);
#9794 = CARTESIAN_POINT('', (10.8767,24,15.0983));
#9795 = DIRECTION('', (-0, 1, 0));
#9796 = DIRECTION('', (0.999175, 0, 0.04061));
#9797 = AXIS2_PLACEMENT_3D('',#9794,#9795,#9796);
#9798 = PLANE('',#9797);
#9799 = EDGE_LOOP('', (#9791,#9792,#9793));
#9800 = FACE_BOUND('', #9799,.T.);
#9801 = ADVANCED_FACE('', (#9800),#9798,.T.);
#9802 = CARTESIAN_POINT('', (10.5705,24,14.8049));
#9803 = VERTEX_POINT('', #9802);
#9804 = CARTESIAN_POINT('', (38.5561,24,16.2233));
#9805 = VERTEX_POINT('', #9804);
#9806 = CARTESIAN_POINT('', (38.6803,24,15.8179));
#9807 = VERTEX_POINT('', #9806);
#9808 = CARTESIAN_POINT('', (38.5561,24,16.2233));
#9809 = DIRECTION('', (0.292829, 0, -0.956165));
#9810 = VECTOR('',#9809,1);
#9811 = LINE('',#9808, #9810);
#9812 = SURFACE_CURVE('', #9811);
#9813 = EDGE_CURVE('', #9805, #9807,#9812,.T.);
#9814 = CARTESIAN_POINT('', (38.6803,24,15.8179));
#9815 = DIRECTION('', (-0.999351, 0, -0.0360123));
#9816 = VECTOR('',#9815,1);
#9817 = LINE('',#9814, #9816);
#9818 = SURFACE_CURVE('', #9817);
#9819 = EDGE_CURVE('', #9807, #9803,#9818,.T.);
#9820 = ORIENTED_EDGE('',*,*,#9784,.F.);
#9821 = ORIENTED_EDGE('',*,*,#9813,.T.);
#9822 = ORIENTED_EDGE('',*,*,#9819,.T.);
#9823 = CARTESIAN_POINT('', (10.5705,24,14.8049));
#9824 = DIRECTION('', (0, 1, 0));
#9825 = DIRECTION('', (0.998718, 0, 0.0506181));
#9826 = AXIS2_PLACEMENT_3D('',#9823,#9824,#9825);
#9827 = PLANE('',#9826);
#9828 = EDGE_LOOP('', (#9820,#9821,#9822));
#9829 = FACE_BOUND('', #9828,.T.);
#9830 = ADVANCED_FACE('', (#9829),#9827,.T.);
#9831 = CARTESIAN_POINT('', (10.5705,24,14.8049));
#9832 = VERTEX_POINT('', #9831);
#9833 = CARTESIAN_POINT('', (38.6803,24,15.8179));
#9834 = VERTEX_POINT('', #9833);
#9835 = CARTESIAN_POINT('', (38.8712,24,15.4392));
#9836 = VERTEX_POINT('', #9835);
#9837 = CARTESIAN_POINT('', (38.6803,24,15.8179));
#9838 = DIRECTION('', (0.450201, 0, -0.892927));
#9839 = VECTOR('',#9838,1);
#9840 = LINE('',#9837, #9839);
#9841 = SURFACE_CURVE('', #9840);
#9842 = EDGE_CURVE('', #9834, #9836,#9841,.T.);
#9843 = ORIENTED_EDGE('',*,*,#9819,.F.);
#9844 = ORIENTED_EDGE('',*,*,#9842,.T.);
#9845 = ORIENTED_EDGE('',*,*,#9558,.F.);
#9846 = CARTESIAN_POINT('', (10.5705,24,14.8049));
#9847 = DIRECTION('', (0, 1, 0));
#9848 = DIRECTION('', (0.999351, 0, 0.0360123));
#9849 = AXIS2_PLACEMENT_3D('',#9846,#9847,#9848);
#9850 = PLANE('',#9849);
#9851 = EDGE_LOOP('', (#9843,#9844,#9845));
#9852 = FACE_BOUND('', #9851,.T.);
#9853 = ADVANCED_FACE('', (#9852),#9850,.T.);
#9854 = CARTESIAN_POINT('', (39.7808,24,14.5675));
#9855 = VERTEX_POINT('', #9854);
#9856 = CARTESIAN_POINT('', (40.1671,24,14.3928));
#9857 = VERTEX_POINT('', #9856);
#9858 = CARTESIAN_POINT('', (10.5705,24,14.8049));
#9859 = VERTEX_POINT('', #9858);
#9860 = CARTESIAN_POINT('', (39.7808,24,14.5675));
#9861 = DIRECTION('', (0.911229, 0, -0.411899));
#9862 = VECTOR('',#9861,1);
#9863 = LINE('',#9860, #9862);
#9864 = SURFACE_CURVE('', #9863);
#9865 = EDGE_CURVE('', #9855, #9857,#9864,.T.);
#9866 = CARTESIAN_POINT('', (40.1671,24,14.3928));
#9867 = DIRECTION('', (-0.999903, 0, 0.0139226));
#9868 = VECTOR('',#9867,1);
#9869 = LINE('',#9866, #9868);
#9870 = SURFACE_CURVE('', #9869);
#9871 = EDGE_CURVE('', #9857, #9859,#9870,.T.);
#9872 = ORIENTED_EDGE('',*,*,#9865,.T.);
#9873 = ORIENTED_EDGE('',*,*,#9871,.T.);
#9874 = ORIENTED_EDGE('',*,*,#9616,.F.);
#9875 = CARTESIAN_POINT('', (39.7808,24,14.5675));
#9876 = DIRECTION('', (0, 1, 0));
#9877 = DIRECTION('', (0.911229, 0, -0.411899));
#9878 = AXIS2_PLACEMENT_3D('',#9875,#9876,#9877);
#9879 = PLANE('',#9878);
#9880 = EDGE_LOOP('', (#9872,#9873,#9874));
#9881 = FACE_BOUND('', #9880,.T.);
#9882 = ADVANCED_FACE('', (#9881),#9879,.T.);
#9883 = CARTESIAN_POINT('', (10.5705,24,14.8049));
#9884 = VERTEX_POINT('', #9883);
#9885 = CARTESIAN_POINT('', (40.1671,24,14.3928));
#9886 = VERTEX_POINT('', #9885);
#9887 = CARTESIAN_POINT('', (40.5775,24,14.286));
#9888 = VERTEX_POINT('', #9887);
#9889 = CARTESIAN_POINT('', (40.1671,24,14.3928));
#9890 = DIRECTION('', (0.967734, 0, -0.251976));
#9891 = VECTOR('',#9890,1);
#9892 = LINE('',#9889, #9891);
#9893 = SURFACE_CURVE('', #9892);
#9894 = EDGE_CURVE('', #9886, #9888,#9893,.T.);
#9895 = CARTESIAN_POINT('', (40.5775,24,14.286));
#9896 = DIRECTION('', (-0.99985, 0, 0.0172917));
#9897 = VECTOR('',#9896,1);
#9898 = LINE('',#9895, #9897);
#9899 = SURFACE_CURVE('', #9898);
#9900 = EDGE_CURVE('', #9888, #9884,#9899,.T.);
#9901 = ORIENTED_EDGE('',*,*,#9871,.F.);
#9902 = ORIENTED_EDGE('',*,*,#9894,.T.);
#9903 = ORIENTED_EDGE('',*,*,#9900,.T.);
#9904 = CARTESIAN_POINT('', (10.5705,24,14.8049));
#9905 = DIRECTION('', (0, 1, 0));
#9906 = DIRECTION('', (0.999903, 0, -0.0139226));
#9907 = AXIS2_PLACEMENT_3D('',#9904,#9905,#9906);
#9908 = PLANE('',#9907);
#9909 = EDGE_LOOP('', (#9901,#9902,#9903));
#9910 = FACE_BOUND('', #9909,.T.);
#9911 = ADVANCED_FACE('', (#9910),#9908,.T.);
#9912 = CARTESIAN_POINT('', (10.5705,24,14.8049));
#9913 = VERTEX_POINT('', #9912);
#9914 = CARTESIAN_POINT('', (40.5775,24,14.286));
#9915 = VERTEX_POINT('', #9914);
#9916 = CARTESIAN_POINT('', (50,24,10));
#9917 = VERTEX_POINT('', #9916);
#9918 = CARTESIAN_POINT('', (40.5775,24,14.286));
#9919 = DIRECTION('', (0.910257, 0, -0.414043));
#9920 = VECTOR('',#9919,1);
#9921 = LINE('',#9918, #9920);
#9922 = SURFACE_CURVE('', #9921);
#9923 = EDGE_CURVE('', #9915, #9917,#9922,.T.);
#9924 = ORIENTED_EDGE('',*,*,#9900,.F.);
#9925 = ORIENTED_EDGE('',*,*,#9923,.T.);
#9926 = ORIENTED_EDGE('',*,*,#6810,.F.);
#9927 = CARTESIAN_POINT('', (10.5705,24,14.8049));
#9928 = DIRECTION('', (0, 1, 0));
#9929 = DIRECTION('', (0.99985, 0, -0.0172917));
#9930 = AXIS2_PLACEMENT_3D('',#9927,#9928,#9929);
#9931 = PLANE('',#9930);
#9932 = EDGE_LOOP('', (#9924,#9925,#9926));
#9933 = FACE_BOUND('', #9932,.T.);
#9934 = ADVANCED_FACE('', (#9933),#9931,.T.);
#9935 = CARTESIAN_POINT('', (50,24,10));
#9936 = VERTEX_POINT('', #9935);
#9937 = CARTESIAN_POINT('', (40.5775,24,14.286));
#9938 = VERTEX_POINT('', #9937);
#9939 = CARTESIAN_POINT('', (41,24,14.25));
#9940 = VERTEX_POINT('', #9939);
#9941 = CARTESIAN_POINT('', (40.5775,24,14.286));
#9942 = DIRECTION('', (0.996398, 0, -0.0848054));
#9943 = VECTOR('',#9942,1);
#9944 = LINE('',#9941, #9943);
#9945 = SURFACE_CURVE('', #9944);
#9946 = EDGE_CURVE('', #9938, #9940,#9945,.T.);
#9947 = CARTESIAN_POINT('', (41,24,14.25));
#9948 = DIRECTION('', (0.904249, 0, -0.427006));
#9949 = VECTOR('',#9948,1);
#9950 = LINE('',#9947, #9949);
#9951 = SURFACE_CURVE('', #9950);
#9952 = EDGE_CURVE('', #9940, #9936,#9951,.T.);
#9953 = ORIENTED_EDGE('',*,*,#9923,.F.);
#9954 = ORIENTED_EDGE('',*,*,#9946,.T.);
#9955 = ORIENTED_EDGE('',*,*,#9952,.T.);
#9956 = CARTESIAN_POINT('', (50,24,10));
#9957 = DIRECTION('', (0, 1, 0));
#9958 = DIRECTION('', (-0.910257, 0, 0.414043));
#9959 = AXIS2_PLACEMENT_3D('',#9956,#9957,#9958);
#9960 = PLANE('',#9959);
#9961 = EDGE_LOOP('', (#9953,#9954,#9955));
#9962 = FACE_BOUND('', #9961,.T.);
#9963 = ADVANCED_FACE('', (#9962),#9960,.T.);
#9964 = CARTESIAN_POINT('', (50,24,10));
#9965 = VERTEX_POINT('', #9964);
#9966 = CARTESIAN_POINT('', (41,24,14.25));
#9967 = VERTEX_POINT('', #9966);
#9968 = CARTESIAN_POINT('', (41.4225,24,14.286));
#9969 = VERTEX_POINT('', #9968);
#9970 = CARTESIAN_POINT('', (41,24,14.25));
#9971 = DIRECTION('', (0.996397, 0, 0.0848061));
#9972 = VECTOR('',#9971,1);
#9973 = LINE('',#9970, #9972);
#9974 = SURFACE_CURVE('', #9973);
#9975 = EDGE_CURVE('', #9967, #9969,#9974,.T.);
#9976 = ORIENTED_EDGE('',*,*,#9952,.F.);
#9977 = ORIENTED_EDGE('',*,*,#9975,.T.);
#9978 = ORIENTED_EDGE('',*,*,#9390,.F.);
#9979 = CARTESIAN_POINT('', (50,24,10));
#9980 = DIRECTION('', (0, 1, 0));
#9981 = DIRECTION('', (-0.904249, 0, 0.427006));
#9982 = AXIS2_PLACEMENT_3D('',#9979,#9980,#9981);
#9983 = PLANE('',#9982);
#9984 = EDGE_LOOP('', (#9976,#9977,#9978));
#9985 = FACE_BOUND('', #9984,.T.);
#9986 = ADVANCED_FACE('', (#9985),#9983,.T.);
#9987 = CARTESIAN_POINT('', (42.8767,24,15.0983));
#9988 = VERTEX_POINT('', #9987);
#9989 = CARTESIAN_POINT('', (43.1288,24,15.4392));
#9990 = VERTEX_POINT('', #9989);
#9991 = CARTESIAN_POINT('', (50,24,10));
#9992 = VERTEX_POINT('', #9991);
#9993 = CARTESIAN_POINT('', (42.8767,24,15.0983));
#9994 = DIRECTION('', (0.594635, 0, 0.803996));
#9995 = VECTOR('',#9994,1);
#9996 = LINE('',#9993, #9995);
#9997 = SURFACE_CURVE('', #9996);
#9998 = EDGE_CURVE('', #9988, #9990,#9997,.T.);
#9999 = CARTESIAN_POINT('', (43.1288,24,15.4392));
#10000 = DIRECTION('', (0.784071, 0, -0.620671));
#10001 = VECTOR('',#10000,1);
#10002 = LINE('',#9999, #10001);
#10003 = SURFACE_CURVE('', #10002);
#10004 = EDGE_CURVE('', #9990, #9992,#10003,.T.);
#10005 = ORIENTED_EDGE('',*,*,#9998,.T.);
#10006 = ORIENTED_EDGE('',*,*,#10004,.T.);
#10007 = ORIENTED_EDGE('',*,*,#9703,.F.);
#10008 = CARTESIAN_POINT('', (42.8767,24,15.0983));
#10009 = DIRECTION('', (-0, 1, 0));
#10010 = DIRECTION('', (0.594635, 0, 0.803996));
#10011 = AXIS2_PLACEMENT_3D('',#10008,#10009,#10010);
#10012 = PLANE('',#10011);
#10013 = EDGE_LOOP('', (#10005,#10006,#10007));
#10014 = FACE_BOUND('', #10013,.T.);
#10015 = ADVANCED_FACE('', (#10014),#10012,.T.);
#10016 = CARTESIAN_POINT('', (50,24,10));
#10017 = VERTEX_POINT('', #10016);
#10018 = CARTESIAN_POINT('', (43.1288,24,15.4392));
#10019 = VERTEX_POINT('', #10018);
#10020 = CARTESIAN_POINT('', (43.3197,24,15.8179));
#10021 = VERTEX_POINT('', #10020);
#10022 = CARTESIAN_POINT('', (43.1288,24,15.4392));
#10023 = DIRECTION('', (0.450201, 0, 0.892927));
#10024 = VECTOR('',#10023,1);
#10025 = LINE('',#10022, #10024);
#10026 = SURFACE_CURVE('', #10025);
#10027 = EDGE_CURVE('', #10019, #10021,#10026,.T.);
#10028 = CARTESIAN_POINT('', (43.3197,24,15.8179));
#10029 = DIRECTION('', (0.754107, 0, -0.656752));
#10030 = VECTOR('',#10029,1);
#10031 = LINE('',#10028, #10030);
#10032 = SURFACE_CURVE('', #10031);
#10033 = EDGE_CURVE('', #10021, #10017,#10032,.T.);
#10034 = ORIENTED_EDGE('',*,*,#10004,.F.);
#10035 = ORIENTED_EDGE('',*,*,#10027,.T.);
#10036 = ORIENTED_EDGE('',*,*,#10033,.T.);
#10037 = CARTESIAN_POINT('', (50,24,10));
#10038 = DIRECTION('', (0, 1, 0));
#10039 = DIRECTION('', (-0.784071, 0, 0.620671));
#10040 = AXIS2_PLACEMENT_3D('',#10037,#10038,#10039);
#10041 = PLANE('',#10040);
#10042 = EDGE_LOOP('', (#10034,#10035,#10036));
#10043 = FACE_BOUND('', #10042,.T.);
#10044 = ADVANCED_FACE('', (#10043),#10041,.T.);
#10045 = CARTESIAN_POINT('', (50,24,10));
#10046 = VERTEX_POINT('', #10045);
#10047 = CARTESIAN_POINT('', (43.3197,24,15.8179));
#10048 = VERTEX_POINT('', #10047);
#10049 = CARTESIAN_POINT('', (43.4439,24,16.2233));
#10050 = VERTEX_POINT('', #10049);
#10051 = CARTESIAN_POINT('', (43.3197,24,15.8179));
#10052 = DIRECTION('', (0.292829, 0, 0.956165));
#10053 = VECTOR('',#10052,1);
#10054 = LINE('',#10051, #10053);
#10055 = SURFACE_CURVE('', #10054);
#10056 = EDGE_CURVE('', #10048, #10050,#10055,.T.);
#10057 = ORIENTED_EDGE('',*,*,#10033,.F.);
#10058 = ORIENTED_EDGE('',*,*,#10056,.T.);
#10059 = ORIENTED_EDGE('',*,*,#6944,.F.);
#10060 = CARTESIAN_POINT('', (50,24,10));
#10061 = DIRECTION('', (0, 1, 0));
#10062 = DIRECTION('', (-0.754107, 0, 0.656752));
#10063 = AXIS2_PLACEMENT_3D('',#10060,#10061,#10062);
#10064 = PLANE('',#10063);
#10065 = EDGE_LOOP('', (#10057,#10058,#10059));
#10066 = FACE_BOUND('', #10065,.T.);
#10067 = ADVANCED_FACE('', (#10066),#10064,.T.);
#10068 = CARTESIAN_POINT('', (9.83285,24,46.4928));
#10069 = VERTEX_POINT('', #10068);
#10070 = CARTESIAN_POINT('', (10.2192,24,46.6675));
#10071 = VERTEX_POINT('', #10070);
#10072 = CARTESIAN_POINT('', (38.99,24,18.2366));
#10073 = VERTEX_POINT('', #10072);
#10074 = CARTESIAN_POINT('', (9.83285,24,46.4928));
#10075 = DIRECTION('', (0.911231, 0, 0.411897));
#10076 = VECTOR('',#10075,1);
#10077 = LINE('',#10074, #10076);
#10078 = SURFACE_CURVE('', #10077);
#10079 = EDGE_CURVE('', #10069, #10071,#10078,.T.);
#10080 = CARTESIAN_POINT('', (10.2192,24,46.6675));
#10081 = DIRECTION('', (0.711296, 0, -0.702893));
#10082 = VECTOR('',#10081,1);
#10083 = LINE('',#10080, #10082);
#10084 = SURFACE_CURVE('', #10083);
#10085 = EDGE_CURVE('', #10071, #10073,#10084,.T.);
#10086 = ORIENTED_EDGE('',*,*,#10079,.T.);
#10087 = ORIENTED_EDGE('',*,*,#10085,.T.);
#10088 = ORIENTED_EDGE('',*,*,#7796,.F.);
#10089 = CARTESIAN_POINT('', (9.83285,24,46.4928));
#10090 = DIRECTION('', (-0, 1, 0));
#10091 = DIRECTION('', (0.911231, 0, 0.411897));
#10092 = AXIS2_PLACEMENT_3D('',#10089,#10090,#10091);
#10093 = PLANE('',#10092);
#10094 = EDGE_LOOP('', (#10086,#10087,#10088));
#10095 = FACE_BOUND('', #10094,.T.);
#10096 = ADVANCED_FACE('', (#10095),#10093,.T.);
#10097 = CARTESIAN_POINT('', (38.99,24,18.2366));
#10098 = VERTEX_POINT('', #10097);
#10099 = CARTESIAN_POINT('', (10.2192,24,46.6675));
#10100 = VERTEX_POINT('', #10099);
#10101 = CARTESIAN_POINT('', (10.5705,24,46.9049));
#10102 = VERTEX_POINT('', #10101);
#10103 = CARTESIAN_POINT('', (10.2192,24,46.6675));
#10104 = DIRECTION('', (0.82851, 0, 0.559975));
#10105 = VECTOR('',#10104,1);
#10106 = LINE('',#10103, #10105);
#10107 = SURFACE_CURVE('', #10106);
#10108 = EDGE_CURVE('', #10100, #10102,#10107,.T.);
#10109 = CARTESIAN_POINT('', (10.5705,24,46.9049));
#10110 = DIRECTION('', (0.704018, 0, -0.710183));
#10111 = VECTOR('',#10110,1);
#10112 = LINE('',#10109, #10111);
#10113 = SURFACE_CURVE('', #10112);
#10114 = EDGE_CURVE('', #10102, #10098,#10113,.T.);
#10115 = ORIENTED_EDGE('',*,*,#10085,.F.);
#10116 = ORIENTED_EDGE('',*,*,#10108,.T.);
#10117 = ORIENTED_EDGE('',*,*,#10114,.T.);
#10118 = CARTESIAN_POINT('', (38.99,24,18.2366));
#10119 = DIRECTION('', (0, 1, 0));
#10120 = DIRECTION('', (-0.711296, 0, 0.702893));
#10121 = AXIS2_PLACEMENT_3D('',#10118,#10119,#10120);
#10122 = PLANE('',#10121);
#10123 = EDGE_LOOP('', (#10115,#10116,#10117));
#10124 = FACE_BOUND('', #10123,.T.);
#10125 = ADVANCED_FACE('', (#10124),#10122,.T.);
#10126 = CARTESIAN_POINT('', (38.99,24,18.2366));
#10127 = VERTEX_POINT('', #10126);
#10128 = CARTESIAN_POINT('', (10.5705,24,46.9049));
#10129 = VERTEX_POINT('', #10128);
#10130 = CARTESIAN_POINT('', (39.2702,24,18.5549));
#10131 = VERTEX_POINT('', #10130);
#10132 = CARTESIAN_POINT('', (10.5705,24,46.9049));
#10133 = DIRECTION('', (0.711426, 0, -0.702761));
#10134 = VECTOR('',#10133,1);
#10135 = LINE('',#10132, #10134);
#10136 = SURFACE_CURVE('', #10135);
#10137 = EDGE_CURVE('', #10129, #10131,#10136,.T.);
#10138 = CARTESIAN_POINT('', (39.2702,24,18.5549));
#10139 = DIRECTION('', (-0.660679, 0, -0.750669));
#10140 = VECTOR('',#10139,1);
#10141 = LINE('',#10138, #10140);
#10142 = SURFACE_CURVE('', #10141);
#10143 = EDGE_CURVE('', #10131, #10127,#10142,.T.);
#10144 = ORIENTED_EDGE('',*,*,#10114,.F.);
#10145 = ORIENTED_EDGE('',*,*,#10137,.T.);
#10146 = ORIENTED_EDGE('',*,*,#10143,.T.);
#10147 = CARTESIAN_POINT('', (38.99,24,18.2366));
#10148 = DIRECTION('', (0, 1, -0));
#10149 = DIRECTION('', (-0.704018, 0, 0.710183));
#10150 = AXIS2_PLACEMENT_3D('',#10147,#10148,#10149);
#10151 = PLANE('',#10150);
#10152 = EDGE_LOOP('', (#10144,#10145,#10146));
#10153 = FACE_BOUND('', #10152,.T.);
#10154 = ADVANCED_FACE('', (#10153),#10151,.T.);
#10155 = CARTESIAN_POINT('', (39.2702,24,18.5549));
#10156 = VERTEX_POINT('', #10155);
#10157 = CARTESIAN_POINT('', (10.5705,24,46.9049));
#10158 = VERTEX_POINT('', #10157);
#10159 = CARTESIAN_POINT('', (10.8767,24,47.1983));
#10160 = VERTEX_POINT('', #10159);
#10161 = CARTESIAN_POINT('', (10.5705,24,46.9049));
#10162 = DIRECTION('', (0.721954, 0, 0.691941));
#10163 = VECTOR('',#10162,1);
#10164 = LINE('',#10161, #10163);
#10165 = SURFACE_CURVE('', #10164);
#10166 = EDGE_CURVE('', #10158, #10160,#10165,.T.);
#10167 = CARTESIAN_POINT('', (10.8767,24,47.1983));
#10168 = DIRECTION('', (0.704001, 0, -0.710199));
#10169 = VECTOR('',#10168,1);
#10170 = LINE('',#10167, #10169);
#10171 = SURFACE_CURVE('', #10170);
#10172 = EDGE_CURVE('', #10160, #10156,#10171,.T.);
#10173 = ORIENTED_EDGE('',*,*,#10137,.F.);
#10174 = ORIENTED_EDGE('',*,*,#10166,.T.);
#10175 = ORIENTED_EDGE('',*,*,#10172,.T.);
#10176 = CARTESIAN_POINT('', (39.2702,24,18.5549));
#10177 = DIRECTION('', (0, 1, 0));
#10178 = DIRECTION('', (-0.711426, 0, 0.702761));
#10179 = AXIS2_PLACEMENT_3D('',#10176,#10177,#10178);
#10180 = PLANE('',#10179);
#10181 = EDGE_LOOP('', (#10173,#10174,#10175));
#10182 = FACE_BOUND('', #10181,.T.);
#10183 = ADVANCED_FACE('', (#10182),#10180,.T.);
#10184 = CARTESIAN_POINT('', (39.2702,24,18.5549));
#10185 = VERTEX_POINT('', #10184);
#10186 = CARTESIAN_POINT('', (10.8767,24,47.1983));
#10187 = VERTEX_POINT('', #10186);
#10188 = CARTESIAN_POINT('', (39.6001,24,18.8213));
#10189 = VERTEX_POINT('', #10188);
#10190 = CARTESIAN_POINT('', (10.8767,24,47.1983));
#10191 = DIRECTION('', (0.711383, 0, -0.702805));
#10192 = VECTOR('',#10191,1);
#10193 = LINE('',#10190, #10192);
#10194 = SURFACE_CURVE('', #10193);
#10195 = EDGE_CURVE('', #10187, #10189,#10194,.T.);
#10196 = CARTESIAN_POINT('', (39.6001,24,18.8213));
#10197 = DIRECTION('', (-0.778033, 0, -0.628223));
#10198 = VECTOR('',#10197,1);
#10199 = LINE('',#10196, #10198);
#10200 = SURFACE_CURVE('', #10199);
#10201 = EDGE_CURVE('', #10189, #10185,#10200,.T.);
#10202 = ORIENTED_EDGE('',*,*,#10172,.F.);
#10203 = ORIENTED_EDGE('',*,*,#10195,.T.);
#10204 = ORIENTED_EDGE('',*,*,#10201,.T.);
#10205 = CARTESIAN_POINT('', (39.2702,24,18.5549));
#10206 = DIRECTION('', (0, 1, -0));
#10207 = DIRECTION('', (-0.704001, 0, 0.710199));
#10208 = AXIS2_PLACEMENT_3D('',#10205,#10206,#10207);
#10209 = PLANE('',#10208);
#10210 = EDGE_LOOP('', (#10202,#10203,#10204));
#10211 = FACE_BOUND('', #10210,.T.);
#10212 = ADVANCED_FACE('', (#10211),#10209,.T.);
#10213 = CARTESIAN_POINT('', (39.6001,24,18.8213));
#10214 = VERTEX_POINT('', #10213);
#10215 = CARTESIAN_POINT('', (10.8767,24,47.1983));
#10216 = VERTEX_POINT('', #10215);
#10217 = CARTESIAN_POINT('', (11.1288,24,47.5392));
#10218 = VERTEX_POINT('', #10217);
#10219 = CARTESIAN_POINT('', (10.8767,24,47.1983));
#10220 = DIRECTION('', (0.594633, 0, 0.803997));
#10221 = VECTOR('',#10220,1);
#10222 = LINE('',#10219, #10221);
#10223 = SURFACE_CURVE('', #10222);
#10224 = EDGE_CURVE('', #10216, #10218,#10223,.T.);
#10225 = CARTESIAN_POINT('', (11.1288,24,47.5392));
#10226 = DIRECTION('', (0.70405, 0, -0.710151));
#10227 = VECTOR('',#10226,1);
#10228 = LINE('',#10225, #10227);
#10229 = SURFACE_CURVE('', #10228);
#10230 = EDGE_CURVE('', #10218, #10214,#10229,.T.);
#10231 = ORIENTED_EDGE('',*,*,#10195,.F.);
#10232 = ORIENTED_EDGE('',*,*,#10224,.T.);
#10233 = ORIENTED_EDGE('',*,*,#10230,.T.);
#10234 = CARTESIAN_POINT('', (39.6001,24,18.8213));
#10235 = DIRECTION('', (0, 1, 0));
#10236 = DIRECTION('', (-0.711383, 0, 0.702805));
#10237 = AXIS2_PLACEMENT_3D('',#10234,#10235,#10236);
#10238 = PLANE('',#10237);
#10239 = EDGE_LOOP('', (#10231,#10232,#10233));
#10240 = FACE_BOUND('', #10239,.T.);
#10241 = ADVANCED_FACE('', (#10240),#10238,.T.);
#10242 = CARTESIAN_POINT('', (39.6001,24,18.8213));
#10243 = VERTEX_POINT('', #10242);
#10244 = CARTESIAN_POINT('', (11.1288,24,47.5392));
#10245 = VERTEX_POINT('', #10244);
#10246 = CARTESIAN_POINT('', (11.3197,24,47.9179));
#10247 = VERTEX_POINT('', #10246);
#10248 = CARTESIAN_POINT('', (11.1288,24,47.5392));
#10249 = DIRECTION('', (0.450207, 0, 0.892924));
#10250 = VECTOR('',#10249,1);
#10251 = LINE('',#10248, #10250);
#10252 = SURFACE_CURVE('', #10251);
#10253 = EDGE_CURVE('', #10245, #10247,#10252,.T.);
#10254 = ORIENTED_EDGE('',*,*,#10230,.F.);
#10255 = ORIENTED_EDGE('',*,*,#10253,.T.);
#10256 = ORIENTED_EDGE('',*,*,#9083,.F.);
#10257 = CARTESIAN_POINT('', (39.6001,24,18.8213));
#10258 = DIRECTION('', (0, 1, 0));
#10259 = DIRECTION('', (-0.70405, 0, 0.710151));
#10260 = AXIS2_PLACEMENT_3D('',#10257,#10258,#10259);
#10261 = PLANE('',#10260);
#10262 = EDGE_LOOP('', (#10254,#10255,#10256));
#10263 = FACE_BOUND('', #10262,.T.);
#10264 = ADVANCED_FACE('', (#10263),#10261,.T.);
#10265 = CARTESIAN_POINT('', (8.37006,24,51.2693));
#10266 = VERTEX_POINT('', #10265);
#10267 = CARTESIAN_POINT('', (8.78798,24,51.341));
#10268 = VERTEX_POINT('', #10267);
#10269 = CARTESIAN_POINT('', (8.78798,0,51.341));
#10270 = VERTEX_POINT('', #10269);
#10271 = CARTESIAN_POINT('', (8.78798,24,51.341));
#10272 = DIRECTION('', (0, -1, 0));
#10273 = VECTOR('',#10272,1);
#10274 = LINE('',#10271, #10273);
#10275 = SURFACE_CURVE('', #10274);
#10276 = EDGE_CURVE('', #10268, #10270,#10275,.T.);
#10277 = CARTESIAN_POINT('', (8.78798,0,51.341));
#10278 = DIRECTION('', (-0.017411, 0.999844, -0.00298549));
#10279 = VECTOR('',#10278,1);
#10280 = LINE('',#10277, #10279);
#10281 = SURFACE_CURVE('', #10280);
#10282 = EDGE_CURVE('', #10270, #10266,#10281,.T.);
#10283 = ORIENTED_EDGE('',*,*,#6717,.F.);
#10284 = ORIENTED_EDGE('',*,*,#10276,.T.);
#10285 = ORIENTED_EDGE('',*,*,#10282,.T.);
#10286 = CARTESIAN_POINT('', (8.37006,24,51.2693));
#10287 = DIRECTION('', (0.169005, -4.33749e-19, -0.985615));
#10288 = DIRECTION('', (0.985615, 0, 0.169005));
#10289 = AXIS2_PLACEMENT_3D('',#10286,#10287,#10288);
#10290 = PLANE('',#10289);
#10291 = EDGE_LOOP('', (#10283,#10284,#10285));
#10292 = FACE_BOUND('', #10291,.T.);
#10293 = ADVANCED_FACE('', (#10292),#10290,.T.);
#10294 = CARTESIAN_POINT('', (8.78798,0,51.341));
#10295 = VERTEX_POINT('', #10294);
#10296 = CARTESIAN_POINT('', (8.78798,24,51.341));
#10297 = VERTEX_POINT('', #10296);
#10298 = CARTESIAN_POINT('', (9,24,51.35));
#10299 = VERTEX_POINT('', #10298);
#10300 = CARTESIAN_POINT('', (9,24,51.35));
#10301 = DIRECTION('', (-0.00883362, -0.999961, -0.000375256));
#10302 = VECTOR('',#10301,1);
#10303 = LINE('',#10300, #10302);
#10304 = SURFACE_CURVE('', #10303);
#10305 = EDGE_CURVE('', #10299, #10295,#10304,.T.);
#10306 = ORIENTED_EDGE('',*,*,#10276,.F.);
#10307 = ORIENTED_EDGE('',*,*,#6688,.F.);
#10308 = ORIENTED_EDGE('',*,*,#10305,.T.);
#10309 = CARTESIAN_POINT('', (8.78798,0,51.341));
#10310 = DIRECTION('', (0.0424422, 0, -0.999099));
#10311 = DIRECTION('', (0, 1, 0));
#10312 = AXIS2_PLACEMENT_3D('',#10309,#10310,#10311);
#10313 = PLANE('',#10312);
#10314 = EDGE_LOOP('', (#10306,#10307,#10308));
#10315 = FACE_BOUND('', #10314,.T.);
#10316 = ADVANCED_FACE('', (#10315),#10313,.T.);
#10317 = CARTESIAN_POINT('', (8.78798,0,51.341));
#10318 = VERTEX_POINT('', #10317);
#10319 = CARTESIAN_POINT('', (9,24,51.35));
#10320 = VERTEX_POINT('', #10319);
#10321 = CARTESIAN_POINT('', (9.21202,0,51.341));
#10322 = VERTEX_POINT('', #10321);
#10323 = CARTESIAN_POINT('', (9,24,51.35));
#10324 = DIRECTION('', (0.00883362, -0.999961, -0.000375256));
#10325 = VECTOR('',#10324,1);
#10326 = LINE('',#10323, #10325);
#10327 = SURFACE_CURVE('', #10326);
#10328 = EDGE_CURVE('', #10320, #10322,#10327,.T.);
#10329 = ORIENTED_EDGE('',*,*,#10305,.F.);
#10330 = ORIENTED_EDGE('',*,*,#10328,.T.);
#10331 = ORIENTED_EDGE('',*,*,#2088,.F.);
#10332 = CARTESIAN_POINT('', (8.78798,0,51.341));
#10333 = DIRECTION('', (0, 0.000375271, -1));
#10334 = DIRECTION('', (0.00883362, 0.999961, 0.000375256));
#10335 = AXIS2_PLACEMENT_3D('',#10332,#10333,#10334);
#10336 = PLANE('',#10335);
#10337 = EDGE_LOOP('', (#10329,#10330,#10331));
#10338 = FACE_BOUND('', #10337,.T.);
#10339 = ADVANCED_FACE('', (#10338),#10336,.T.);
#10340 = CARTESIAN_POINT('', (9.21202,0,51.341));
#10341 = VERTEX_POINT('', #10340);
#10342 = CARTESIAN_POINT('', (9,24,51.35));
#10343 = VERTEX_POINT('', #10342);
#10344 = CARTESIAN_POINT('', (9.21202,24,51.341));
#10345 = VERTEX_POINT('', #10344);
#10346 = CARTESIAN_POINT('', (9.21202,24,51.341));
#10347 = DIRECTION('', (0, -1, 0));
#10348 = VECTOR('',#10347,1);
#10349 = LINE('',#10346, #10348);
#10350 = SURFACE_CURVE('', #10349);
#10351 = EDGE_CURVE('', #10345, #10341,#10350,.T.);
#10352 = ORIENTED_EDGE('',*,*,#10328,.F.);
#10353 = ORIENTED_EDGE('',*,*,#6659,.F.);
#10354 = ORIENTED_EDGE('',*,*,#10351,.T.);
#10355 = CARTESIAN_POINT('', (9.21202,0,51.341));
#10356 = DIRECTION('', (-0.0424422, 0, -0.999099));
#10357 = DIRECTION('', (-0.00883362, 0.999961, 0.000375256));
#10358 = AXIS2_PLACEMENT_3D('',#10355,#10356,#10357);
#10359 = PLANE('',#10358);
#10360 = EDGE_LOOP('', (#10352,#10353,#10354));
#10361 = FACE_BOUND('', #10360,.T.);
#10362 = ADVANCED_FACE('', (#10361),#10359,.T.);
#10363 = CARTESIAN_POINT('', (9.21202,0,51.341));
#10364 = VERTEX_POINT('', #10363);
#10365 = CARTESIAN_POINT('', (9.21202,24,51.341));
#10366 = VERTEX_POINT('', #10365);
#10367 = CARTESIAN_POINT('', (9.62994,0,51.2693));
#10368 = VERTEX_POINT('', #10367);
#10369 = CARTESIAN_POINT('', (9.21202,24,51.341));
#10370 = DIRECTION('', (0.017411, -0.999844, -0.00298549));
#10371 = VECTOR('',#10370,1);
#10372 = LINE('',#10369, #10371);
#10373 = SURFACE_CURVE('', #10372);
#10374 = EDGE_CURVE('', #10366, #10368,#10373,.T.);
#10375 = ORIENTED_EDGE('',*,*,#10351,.F.);
#10376 = ORIENTED_EDGE('',*,*,#10374,.T.);
#10377 = ORIENTED_EDGE('',*,*,#2140,.F.);
#10378 = CARTESIAN_POINT('', (9.21202,0,51.341));
#10379 = DIRECTION('', (-0.169005, 0, -0.985615));
#10380 = DIRECTION('', (0, 1, 0));
#10381 = AXIS2_PLACEMENT_3D('',#10378,#10379,#10380);
#10382 = PLANE('',#10381);
#10383 = EDGE_LOOP('', (#10375,#10376,#10377));
#10384 = FACE_BOUND('', #10383,.T.);
#10385 = ADVANCED_FACE('', (#10384),#10382,.T.);
#10386 = CARTESIAN_POINT('', (9.62994,0,51.2693));
#10387 = VERTEX_POINT('', #10386);
#10388 = CARTESIAN_POINT('', (9.21202,24,51.341));
#10389 = VERTEX_POINT('', #10388);
#10390 = CARTESIAN_POINT('', (9.62994,24,51.2693));
#10391 = VERTEX_POINT('', #10390);
#10392 = CARTESIAN_POINT('', (9.62994,24,51.2693));
#10393 = DIRECTION('', (0, -1, 0));
#10394 = VECTOR('',#10393,1);
#10395 = LINE('',#10392, #10394);
#10396 = SURFACE_CURVE('', #10395);
#10397 = EDGE_CURVE('', #10391, #10387,#10396,.T.);
#10398 = ORIENTED_EDGE('',*,*,#10374,.F.);
#10399 = ORIENTED_EDGE('',*,*,#6630,.F.);
#10400 = ORIENTED_EDGE('',*,*,#10397,.T.);
#10401 = CARTESIAN_POINT('', (9.62994,0,51.2693));
#10402 = DIRECTION('', (-0.169005, 0, -0.985615));
#10403 = DIRECTION('', (-0.017411, 0.999844, 0.00298549));
#10404 = AXIS2_PLACEMENT_3D('',#10401,#10402,#10403);
#10405 = PLANE('',#10404);
#10406 = EDGE_LOOP('', (#10398,#10399,#10400));
#10407 = FACE_BOUND('', #10406,.T.);
#10408 = ADVANCED_FACE('', (#10407),#10405,.T.);
#10409 = CARTESIAN_POINT('', (9.62994,0,51.2693));
#10410 = VERTEX_POINT('', #10409);
#10411 = CARTESIAN_POINT('', (9.62994,24,51.2693));
#10412 = VERTEX_POINT('', #10411);
#10413 = CARTESIAN_POINT('', (10.0298,0,51.1281));
#10414 = VERTEX_POINT('', #10413);
#10415 = CARTESIAN_POINT('', (9.62994,24,51.2693));
#10416 = DIRECTION('', (0.0166561, -0.999844, -0.00588484));
#10417 = VECTOR('',#10416,1);
#10418 = LINE('',#10415, #10417);
#10419 = SURFACE_CURVE('', #10418);
#10420 = EDGE_CURVE('', #10412, #10414,#10419,.T.);
#10421 = ORIENTED_EDGE('',*,*,#10397,.F.);
#10422 = ORIENTED_EDGE('',*,*,#10420,.T.);
#10423 = ORIENTED_EDGE('',*,*,#2169,.F.);
#10424 = CARTESIAN_POINT('', (9.62994,0,51.2693));
#10425 = DIRECTION('', (-0.333134, 0, -0.94288));
#10426 = DIRECTION('', (0, 1, 0));
#10427 = AXIS2_PLACEMENT_3D('',#10424,#10425,#10426);
#10428 = PLANE('',#10427);
#10429 = EDGE_LOOP('', (#10421,#10422,#10423));
#10430 = FACE_BOUND('', #10429,.T.);
#10431 = ADVANCED_FACE('', (#10430),#10428,.T.);
#10432 = CARTESIAN_POINT('', (10.0298,0,51.1281));
#10433 = VERTEX_POINT('', #10432);
#10434 = CARTESIAN_POINT('', (9.62994,24,51.2693));
#10435 = VERTEX_POINT('', #10434);
#10436 = CARTESIAN_POINT('', (10.0298,24,51.1281));
#10437 = VERTEX_POINT('', #10436);
#10438 = CARTESIAN_POINT('', (10.0298,24,51.1281));
#10439 = DIRECTION('', (0, -1, 0));
#10440 = VECTOR('',#10439,1);
#10441 = LINE('',#10438, #10440);
#10442 = SURFACE_CURVE('', #10441);
#10443 = EDGE_CURVE('', #10437, #10433,#10442,.T.);
#10444 = ORIENTED_EDGE('',*,*,#10420,.F.);
#10445 = ORIENTED_EDGE('',*,*,#8677,.F.);
#10446 = ORIENTED_EDGE('',*,*,#10443,.T.);
#10447 = CARTESIAN_POINT('', (10.0298,0,51.1281));
#10448 = DIRECTION('', (-0.333134, 0, -0.94288));
#10449 = DIRECTION('', (-0.0166561, 0.999844, 0.00588484));
#10450 = AXIS2_PLACEMENT_3D('',#10447,#10448,#10449);
#10451 = PLANE('',#10450);
#10452 = EDGE_LOOP('', (#10444,#10445,#10446));
#10453 = FACE_BOUND('', #10452,.T.);
#10454 = ADVANCED_FACE('', (#10453),#10451,.T.);
#10455 = CARTESIAN_POINT('', (10.0298,0,51.1281));
#10456 = VERTEX_POINT('', #10455);
#10457 = CARTESIAN_POINT('', (10.0298,24,51.1281));
#10458 = VERTEX_POINT('', #10457);
#10459 = CARTESIAN_POINT('', (10.3999,0,50.9213));
#10460 = VERTEX_POINT('', #10459);
#10461 = CARTESIAN_POINT('', (10.0298,24,51.1281));
#10462 = DIRECTION('', (0.0154219, -0.999844, -0.00861526));
#10463 = VECTOR('',#10462,1);
#10464 = LINE('',#10461, #10463);
#10465 = SURFACE_CURVE('', #10464);
#10466 = EDGE_CURVE('', #10458, #10460,#10465,.T.);
#10467 = ORIENTED_EDGE('',*,*,#10443,.F.);
#10468 = ORIENTED_EDGE('',*,*,#10466,.T.);
#10469 = ORIENTED_EDGE('',*,*,#3960,.F.);
#10470 = CARTESIAN_POINT('', (10.0298,0,51.1281));
#10471 = DIRECTION('', (-0.487697, 0, -0.873013));
#10472 = DIRECTION('', (0, 1, 0));
#10473 = AXIS2_PLACEMENT_3D('',#10470,#10471,#10472);
#10474 = PLANE('',#10473);
#10475 = EDGE_LOOP('', (#10467,#10468,#10469));
#10476 = FACE_BOUND('', #10475,.T.);
#10477 = ADVANCED_FACE('', (#10476),#10474,.T.);
#10478 = CARTESIAN_POINT('', (10.3999,0,50.9213));
#10479 = VERTEX_POINT('', #10478);
#10480 = CARTESIAN_POINT('', (10.0298,24,51.1281));
#10481 = VERTEX_POINT('', #10480);
#10482 = CARTESIAN_POINT('', (10.3999,24,50.9213));
#10483 = VERTEX_POINT('', #10482);
#10484 = CARTESIAN_POINT('', (10.3999,24,50.9213));
#10485 = DIRECTION('', (0, -1, 0));
#10486 = VECTOR('',#10485,1);
#10487 = LINE('',#10484, #10486);
#10488 = SURFACE_CURVE('', #10487);
#10489 = EDGE_CURVE('', #10483, #10479,#10488,.T.);
#10490 = ORIENTED_EDGE('',*,*,#10466,.F.);
#10491 = ORIENTED_EDGE('',*,*,#8648,.F.);
#10492 = ORIENTED_EDGE('',*,*,#10489,.T.);
#10493 = CARTESIAN_POINT('', (10.3999,0,50.9213));
#10494 = DIRECTION('', (-0.487697, 0, -0.873013));
#10495 = DIRECTION('', (-0.0154219, 0.999844, 0.00861526));
#10496 = AXIS2_PLACEMENT_3D('',#10493,#10494,#10495);
#10497 = PLANE('',#10496);
#10498 = EDGE_LOOP('', (#10490,#10491,#10492));
#10499 = FACE_BOUND('', #10498,.T.);
#10500 = ADVANCED_FACE('', (#10499),#10497,.T.);
#10501 = CARTESIAN_POINT('', (10.3999,0,50.9213));
#10502 = VERTEX_POINT('', #10501);
#10503 = CARTESIAN_POINT('', (10.3999,24,50.9213));
#10504 = VERTEX_POINT('', #10503);
#10505 = CARTESIAN_POINT('', (10.7298,0,50.6549));
#10506 = VERTEX_POINT('', #10505);
#10507 = CARTESIAN_POINT('', (10.3999,24,50.9213));
#10508 = DIRECTION('', (0.0137442, -0.999844, -0.0110976));
#10509 = VECTOR('',#10508,1);
#10510 = LINE('',#10507, #10509);
#10511 = SURFACE_CURVE('', #10510);
#10512 = EDGE_CURVE('', #10504, #10506,#10511,.T.);
#10513 = ORIENTED_EDGE('',*,*,#10489,.F.);
#10514 = ORIENTED_EDGE('',*,*,#10512,.T.);
#10515 = ORIENTED_EDGE('',*,*,#3989,.F.);
#10516 = CARTESIAN_POINT('', (10.3999,0,50.9213));
#10517 = DIRECTION('', (-0.628219, 0, -0.778036));
#10518 = DIRECTION('', (0, 1, 0));
#10519 = AXIS2_PLACEMENT_3D('',#10516,#10517,#10518);
#10520 = PLANE('',#10519);
#10521 = EDGE_LOOP('', (#10513,#10514,#10515));
#10522 = FACE_BOUND('', #10521,.T.);
#10523 = ADVANCED_FACE('', (#10522),#10520,.T.);
#10524 = CARTESIAN_POINT('', (10.7298,0,50.6549));
#10525 = VERTEX_POINT('', #10524);
#10526 = CARTESIAN_POINT('', (10.3999,24,50.9213));
#10527 = VERTEX_POINT('', #10526);
#10528 = CARTESIAN_POINT('', (10.7298,24,50.6549));
#10529 = VERTEX_POINT('', #10528);
#10530 = CARTESIAN_POINT('', (10.7298,24,50.6549));
#10531 = DIRECTION('', (0, -1, 0));
#10532 = VECTOR('',#10531,1);
#10533 = LINE('',#10530, #10532);
#10534 = SURFACE_CURVE('', #10533);
#10535 = EDGE_CURVE('', #10529, #10525,#10534,.T.);
#10536 = ORIENTED_EDGE('',*,*,#10512,.F.);
#10537 = ORIENTED_EDGE('',*,*,#8590,.F.);
#10538 = ORIENTED_EDGE('',*,*,#10535,.T.);
#10539 = CARTESIAN_POINT('', (10.7298,0,50.6549));
#10540 = DIRECTION('', (-0.628219, 0, -0.778036));
#10541 = DIRECTION('', (-0.0137442, 0.999844, 0.0110976));
#10542 = AXIS2_PLACEMENT_3D('',#10539,#10540,#10541);
#10543 = PLANE('',#10542);
#10544 = EDGE_LOOP('', (#10536,#10537,#10538));
#10545 = FACE_BOUND('', #10544,.T.);
#10546 = ADVANCED_FACE('', (#10545),#10543,.T.);
#10547 = CARTESIAN_POINT('', (10.7298,0,50.6549));
#10548 = VERTEX_POINT('', #10547);
#10549 = CARTESIAN_POINT('', (10.7298,24,50.6549));
#10550 = VERTEX_POINT('', #10549);
#10551 = CARTESIAN_POINT('', (11.01,0,50.3366));
#10552 = VERTEX_POINT('', #10551);
#10553 = CARTESIAN_POINT('', (10.7298,24,50.6549));
#10554 = DIRECTION('', (0.0116709, -0.999844, -0.0132607));
#10555 = VECTOR('',#10554,1);
#10556 = LINE('',#10553, #10555);
#10557 = SURFACE_CURVE('', #10556);
#10558 = EDGE_CURVE('', #10550, #10552,#10557,.T.);
#10559 = ORIENTED_EDGE('',*,*,#10535,.F.);
#10560 = ORIENTED_EDGE('',*,*,#10558,.T.);
#10561 = ORIENTED_EDGE('',*,*,#3757,.F.);
#10562 = CARTESIAN_POINT('', (10.7298,0,50.6549));
#10563 = DIRECTION('', (-0.750672, 0, -0.660675));
#10564 = DIRECTION('', (0, 1, 0));
#10565 = AXIS2_PLACEMENT_3D('',#10562,#10563,#10564);
#10566 = PLANE('',#10565);
#10567 = EDGE_LOOP('', (#10559,#10560,#10561));
#10568 = FACE_BOUND('', #10567,.T.);
#10569 = ADVANCED_FACE('', (#10568),#10566,.T.);
#10570 = CARTESIAN_POINT('', (11.01,0,50.3366));
#10571 = VERTEX_POINT('', #10570);
#10572 = CARTESIAN_POINT('', (10.7298,24,50.6549));
#10573 = VERTEX_POINT('', #10572);
#10574 = CARTESIAN_POINT('', (11.01,24,50.3366));
#10575 = VERTEX_POINT('', #10574);
#10576 = CARTESIAN_POINT('', (11.01,24,50.3366));
#10577 = DIRECTION('', (0, -1, 0));
#10578 = VECTOR('',#10577,1);
#10579 = LINE('',#10576, #10578);
#10580 = SURFACE_CURVE('', #10579);
#10581 = EDGE_CURVE('', #10575, #10571,#10580,.T.);
#10582 = ORIENTED_EDGE('',*,*,#10558,.F.);
#10583 = ORIENTED_EDGE('',*,*,#7564,.F.);
#10584 = ORIENTED_EDGE('',*,*,#10581,.T.);
#10585 = CARTESIAN_POINT('', (11.01,0,50.3366));
#10586 = DIRECTION('', (-0.750672, 0, -0.660675));
#10587 = DIRECTION('', (-0.0116709, 0.999844, 0.0132607));
#10588 = AXIS2_PLACEMENT_3D('',#10585,#10586,#10587);
#10589 = PLANE('',#10588);
#10590 = EDGE_LOOP('', (#10582,#10583,#10584));
#10591 = FACE_BOUND('', #10590,.T.);
#10592 = ADVANCED_FACE('', (#10591),#10589,.T.);
#10593 = CARTESIAN_POINT('', (11.01,0,50.3366));
#10594 = VERTEX_POINT('', #10593);
#10595 = CARTESIAN_POINT('', (11.01,24,50.3366));
#10596 = VERTEX_POINT('', #10595);
#10597 = CARTESIAN_POINT('', (11.2323,0,49.9755));
#10598 = VERTEX_POINT('', #10597);
#10599 = CARTESIAN_POINT('', (11.01,24,50.3366));
#10600 = DIRECTION('', (0.00926199, -0.999844, -0.0150425));
#10601 = VECTOR('',#10600,1);
#10602 = LINE('',#10599, #10601);
#10603 = SURFACE_CURVE('', #10602);
#10604 = EDGE_CURVE('', #10596, #10598,#10603,.T.);
#10605 = ORIENTED_EDGE('',*,*,#10581,.F.);
#10606 = ORIENTED_EDGE('',*,*,#10604,.T.);
#10607 = ORIENTED_EDGE('',*,*,#4696,.F.);
#10608 = CARTESIAN_POINT('', (11.01,0,50.3366));
#10609 = DIRECTION('', (-0.85153, 0, -0.524305));
#10610 = DIRECTION('', (0, 1, 0));
#10611 = AXIS2_PLACEMENT_3D('',#10608,#10609,#10610);
#10612 = PLANE('',#10611);
#10613 = EDGE_LOOP('', (#10605,#10606,#10607));
#10614 = FACE_BOUND('', #10613,.T.);
#10615 = ADVANCED_FACE('', (#10614),#10612,.T.);
#10616 = CARTESIAN_POINT('', (11.2323,0,49.9755));
#10617 = VERTEX_POINT('', #10616);
#10618 = CARTESIAN_POINT('', (11.01,24,50.3366));
#10619 = VERTEX_POINT('', #10618);
#10620 = CARTESIAN_POINT('', (11.2323,24,49.9755));
#10621 = VERTEX_POINT('', #10620);
#10622 = CARTESIAN_POINT('', (11.2323,24,49.9755));
#10623 = DIRECTION('', (0, -1, 0));
#10624 = VECTOR('',#10623,1);
#10625 = LINE('',#10622, #10624);
#10626 = SURFACE_CURVE('', #10625);
#10627 = EDGE_CURVE('', #10621, #10617,#10626,.T.);
#10628 = ORIENTED_EDGE('',*,*,#10604,.F.);
#10629 = ORIENTED_EDGE('',*,*,#7535,.F.);
#10630 = ORIENTED_EDGE('',*,*,#10627,.T.);
#10631 = CARTESIAN_POINT('', (11.2323,0,49.9755));
#10632 = DIRECTION('', (-0.85153, 0, -0.524305));
#10633 = DIRECTION('', (-0.00926199, 0.999844, 0.0150425));
#10634 = AXIS2_PLACEMENT_3D('',#10631,#10632,#10633);
#10635 = PLANE('',#10634);
#10636 = EDGE_LOOP('', (#10628,#10629,#10630));
#10637 = FACE_BOUND('', #10636,.T.);
#10638 = ADVANCED_FACE('', (#10637),#10635,.T.);
#10639 = CARTESIAN_POINT('', (11.2323,0,49.9755));
#10640 = VERTEX_POINT('', #10639);
#10641 = CARTESIAN_POINT('', (11.2323,24,49.9755));
#10642 = VERTEX_POINT('', #10641);
#10643 = CARTESIAN_POINT('', (11.3904,0,49.5821));
#10644 = VERTEX_POINT('', #10643);
#10645 = CARTESIAN_POINT('', (11.2323,24,49.9755));
#10646 = DIRECTION('', (0.00658656, -0.999844, -0.0163913));
#10647 = VECTOR('',#10646,1);
#10648 = LINE('',#10645, #10647);
#10649 = SURFACE_CURVE('', #10648);
#10650 = EDGE_CURVE('', #10642, #10644,#10649,.T.);
#10651 = ORIENTED_EDGE('',*,*,#10627,.F.);
#10652 = ORIENTED_EDGE('',*,*,#10650,.T.);
#10653 = ORIENTED_EDGE('',*,*,#4725,.F.);
#10654 = CARTESIAN_POINT('', (11.2323,0,49.9755));
#10655 = DIRECTION('', (-0.927889, 0, -0.372857));
#10656 = DIRECTION('', (0, 1, 0));
#10657 = AXIS2_PLACEMENT_3D('',#10654,#10655,#10656);
#10658 = PLANE('',#10657);
#10659 = EDGE_LOOP('', (#10651,#10652,#10653));
#10660 = FACE_BOUND('', #10659,.T.);
#10661 = ADVANCED_FACE('', (#10660),#10658,.T.);
#10662 = CARTESIAN_POINT('', (11.3904,0,49.5821));
#10663 = VERTEX_POINT('', #10662);
#10664 = CARTESIAN_POINT('', (11.2323,24,49.9755));
#10665 = VERTEX_POINT('', #10664);
#10666 = CARTESIAN_POINT('', (11.3904,24,49.5821));
#10667 = VERTEX_POINT('', #10666);
#10668 = CARTESIAN_POINT('', (11.3904,24,49.5821));
#10669 = DIRECTION('', (0, -1, 0));
#10670 = VECTOR('',#10669,1);
#10671 = LINE('',#10668, #10670);
#10672 = SURFACE_CURVE('', #10671);
#10673 = EDGE_CURVE('', #10667, #10663,#10672,.T.);
#10674 = ORIENTED_EDGE('',*,*,#10650,.F.);
#10675 = ORIENTED_EDGE('',*,*,#7483,.F.);
#10676 = ORIENTED_EDGE('',*,*,#10673,.T.);
#10677 = CARTESIAN_POINT('', (11.3904,0,49.5821));
#10678 = DIRECTION('', (-0.927889, 0, -0.372857));
#10679 = DIRECTION('', (-0.00658656, 0.999844, 0.0163913));
#10680 = AXIS2_PLACEMENT_3D('',#10677,#10678,#10679);
#10681 = PLANE('',#10680);
#10682 = EDGE_LOOP('', (#10674,#10675,#10676));
#10683 = FACE_BOUND('', #10682,.T.);
#10684 = ADVANCED_FACE('', (#10683),#10681,.T.);
#10685 = CARTESIAN_POINT('', (11.3904,0,49.5821));
#10686 = VERTEX_POINT('', #10685);
#10687 = CARTESIAN_POINT('', (11.3904,24,49.5821));
#10688 = VERTEX_POINT('', #10687);
#10689 = CARTESIAN_POINT('', (11.4798,0,49.1675));
#10690 = VERTEX_POINT('', #10689);
#10691 = CARTESIAN_POINT('', (11.3904,24,49.5821));
#10692 = DIRECTION('', (0.00372169, -0.999844, -0.0172687));
#10693 = VECTOR('',#10692,1);
#10694 = LINE('',#10691, #10693);
#10695 = SURFACE_CURVE('', #10694);
#10696 = EDGE_CURVE('', #10688, #10690,#10695,.T.);
#10697 = ORIENTED_EDGE('',*,*,#10673,.F.);
#10698 = ORIENTED_EDGE('',*,*,#10696,.T.);
#10699 = ORIENTED_EDGE('',*,*,#4754,.F.);
#10700 = CARTESIAN_POINT('', (11.3904,0,49.5821));
#10701 = DIRECTION('', (-0.977555, 0, -0.21068));
#10702 = DIRECTION('', (0, 1, 0));
#10703 = AXIS2_PLACEMENT_3D('',#10700,#10701,#10702);
#10704 = PLANE('',#10703);
#10705 = EDGE_LOOP('', (#10697,#10698,#10699));
#10706 = FACE_BOUND('', #10705,.T.);
#10707 = ADVANCED_FACE('', (#10706),#10704,.T.);
#10708 = CARTESIAN_POINT('', (11.4798,0,49.1675));
#10709 = VERTEX_POINT('', #10708);
#10710 = CARTESIAN_POINT('', (11.3904,24,49.5821));
#10711 = VERTEX_POINT('', #10710);
#10712 = CARTESIAN_POINT('', (11.4798,24,49.1675));
#10713 = VERTEX_POINT('', #10712);
#10714 = CARTESIAN_POINT('', (11.4798,24,49.1675));
#10715 = DIRECTION('', (0, -1, 0));
#10716 = VECTOR('',#10715,1);
#10717 = LINE('',#10714, #10716);
#10718 = SURFACE_CURVE('', #10717);
#10719 = EDGE_CURVE('', #10713, #10709,#10718,.T.);
#10720 = ORIENTED_EDGE('',*,*,#10696,.F.);
#10721 = ORIENTED_EDGE('',*,*,#7512,.F.);
#10722 = ORIENTED_EDGE('',*,*,#10719,.T.);
#10723 = CARTESIAN_POINT('', (11.4798,0,49.1675));
#10724 = DIRECTION('', (-0.977555, 0, -0.21068));
#10725 = DIRECTION('', (-0.00372169, 0.999844, 0.0172687));
#10726 = AXIS2_PLACEMENT_3D('',#10723,#10724,#10725);
#10727 = PLANE('',#10726);
#10728 = EDGE_LOOP('', (#10720,#10721,#10722));
#10729 = FACE_BOUND('', #10728,.T.);
#10730 = ADVANCED_FACE('', (#10729),#10727,.T.);
#10731 = CARTESIAN_POINT('', (11.4798,0,49.1675));
#10732 = VERTEX_POINT('', #10731);
#10733 = CARTESIAN_POINT('', (11.4798,24,49.1675));
#10734 = VERTEX_POINT('', #10733);
#10735 = CARTESIAN_POINT('', (11.4977,0,48.7439));
#10736 = VERTEX_POINT('', #10735);
#10737 = CARTESIAN_POINT('', (11.4798,24,49.1675));
#10738 = DIRECTION('', (0.000749709, -0.999844, -0.0176493));
#10739 = VECTOR('',#10738,1);
#10740 = LINE('',#10737, #10739);
#10741 = SURFACE_CURVE('', #10740);
#10742 = EDGE_CURVE('', #10734, #10736,#10741,.T.);
#10743 = ORIENTED_EDGE('',*,*,#10719,.F.);
#10744 = ORIENTED_EDGE('',*,*,#10742,.T.);
#10745 = ORIENTED_EDGE('',*,*,#4957,.F.);
#10746 = CARTESIAN_POINT('', (11.4798,0,49.1675));
#10747 = DIRECTION('', (-0.999099, 0, -0.0424399));
#10748 = DIRECTION('', (0, 1, 0));
#10749 = AXIS2_PLACEMENT_3D('',#10746,#10747,#10748);
#10750 = PLANE('',#10749);
#10751 = EDGE_LOOP('', (#10743,#10744,#10745));
#10752 = FACE_BOUND('', #10751,.T.);
#10753 = ADVANCED_FACE('', (#10752),#10750,.T.);
#10754 = CARTESIAN_POINT('', (11.4977,0,48.7439));
#10755 = VERTEX_POINT('', #10754);
#10756 = CARTESIAN_POINT('', (11.4798,24,49.1675));
#10757 = VERTEX_POINT('', #10756);
#10758 = CARTESIAN_POINT('', (11.4977,24,48.7439));
#10759 = VERTEX_POINT('', #10758);
#10760 = CARTESIAN_POINT('', (11.4977,24,48.7439));
#10761 = DIRECTION('', (0, -1, 0));
#10762 = VECTOR('',#10761,1);
#10763 = LINE('',#10760, #10762);
#10764 = SURFACE_CURVE('', #10763);
#10765 = EDGE_CURVE('', #10759, #10755,#10764,.T.);
#10766 = ORIENTED_EDGE('',*,*,#10742,.F.);
#10767 = ORIENTED_EDGE('',*,*,#9135,.F.);
#10768 = ORIENTED_EDGE('',*,*,#10765,.T.);
#10769 = CARTESIAN_POINT('', (11.4977,0,48.7439));
#10770 = DIRECTION('', (-0.999099, 0, -0.0424399));
#10771 = DIRECTION('', (-0.000749709, 0.999844, 0.0176493));
#10772 = AXIS2_PLACEMENT_3D('',#10769,#10770,#10771);
#10773 = PLANE('',#10772);
#10774 = EDGE_LOOP('', (#10766,#10767,#10768));
#10775 = FACE_BOUND('', #10774,.T.);
#10776 = ADVANCED_FACE('', (#10775),#10773,.T.);
#10777 = CARTESIAN_POINT('', (11.4977,0,48.7439));
#10778 = VERTEX_POINT('', #10777);
#10779 = CARTESIAN_POINT('', (11.4977,24,48.7439));
#10780 = VERTEX_POINT('', #10779);
#10781 = CARTESIAN_POINT('', (11.4439,0,48.3233));
#10782 = VERTEX_POINT('', #10781);
#10783 = CARTESIAN_POINT('', (11.4977,24,48.7439));
#10784 = DIRECTION('', (-0.0022438, -0.999844, -0.017522));
#10785 = VECTOR('',#10784,1);
#10786 = LINE('',#10783, #10785);
#10787 = SURFACE_CURVE('', #10786);
#10788 = EDGE_CURVE('', #10780, #10782,#10787,.T.);
#10789 = ORIENTED_EDGE('',*,*,#10765,.F.);
#10790 = ORIENTED_EDGE('',*,*,#10788,.T.);
#10791 = ORIENTED_EDGE('',*,*,#4476,.F.);
#10792 = CARTESIAN_POINT('', (11.4977,0,48.7439));
#10793 = DIRECTION('', (-0.9919, 0, 0.127019));
#10794 = DIRECTION('', (0, 1, 0));
#10795 = AXIS2_PLACEMENT_3D('',#10792,#10793,#10794);
#10796 = PLANE('',#10795);
#10797 = EDGE_LOOP('', (#10789,#10790,#10791));
#10798 = FACE_BOUND('', #10797,.T.);
#10799 = ADVANCED_FACE('', (#10798),#10796,.T.);
#10800 = CARTESIAN_POINT('', (11.4439,0,48.3233));
#10801 = VERTEX_POINT('', #10800);
#10802 = CARTESIAN_POINT('', (11.4977,24,48.7439));
#10803 = VERTEX_POINT('', #10802);
#10804 = CARTESIAN_POINT('', (11.4439,24,48.3233));
#10805 = VERTEX_POINT('', #10804);
#10806 = CARTESIAN_POINT('', (11.4439,24,48.3233));
#10807 = DIRECTION('', (0, -1, 0));
#10808 = VECTOR('',#10807,1);
#10809 = LINE('',#10806, #10808);
#10810 = SURFACE_CURVE('', #10809);
#10811 = EDGE_CURVE('', #10805, #10801,#10810,.T.);
#10812 = ORIENTED_EDGE('',*,*,#10788,.F.);
#10813 = ORIENTED_EDGE('',*,*,#9106,.F.);
#10814 = ORIENTED_EDGE('',*,*,#10811,.T.);
#10815 = CARTESIAN_POINT('', (11.4439,0,48.3233));
#10816 = DIRECTION('', (-0.9919, 0, 0.127019));
#10817 = DIRECTION('', (0.0022438, 0.999844, 0.017522));
#10818 = AXIS2_PLACEMENT_3D('',#10815,#10816,#10817);
#10819 = PLANE('',#10818);
#10820 = EDGE_LOOP('', (#10812,#10813,#10814));
#10821 = FACE_BOUND('', #10820,.T.);
#10822 = ADVANCED_FACE('', (#10821),#10819,.T.);
#10823 = CARTESIAN_POINT('', (11.4439,0,48.3233));
#10824 = VERTEX_POINT('', #10823);
#10825 = CARTESIAN_POINT('', (11.4439,24,48.3233));
#10826 = VERTEX_POINT('', #10825);
#10827 = CARTESIAN_POINT('', (11.3197,0,47.9179));
#10828 = VERTEX_POINT('', #10827);
#10829 = CARTESIAN_POINT('', (11.4439,24,48.3233));
#10830 = DIRECTION('', (-0.00517272, -0.999844, -0.0168909));
#10831 = VECTOR('',#10830,1);
#10832 = LINE('',#10829, #10831);
#10833 = SURFACE_CURVE('', #10832);
#10834 = EDGE_CURVE('', #10826, #10828,#10833,.T.);
#10835 = ORIENTED_EDGE('',*,*,#10811,.F.);
#10836 = ORIENTED_EDGE('',*,*,#10834,.T.);
#10837 = ORIENTED_EDGE('',*,*,#4870,.F.);
#10838 = CARTESIAN_POINT('', (11.4439,0,48.3233));
#10839 = DIRECTION('', (-0.956168, 0, 0.292819));
#10840 = DIRECTION('', (0, 1, 0));
#10841 = AXIS2_PLACEMENT_3D('',#10838,#10839,#10840);
#10842 = PLANE('',#10841);
#10843 = EDGE_LOOP('', (#10835,#10836,#10837));
#10844 = FACE_BOUND('', #10843,.T.);
#10845 = ADVANCED_FACE('', (#10844),#10842,.T.);
#10846 = CARTESIAN_POINT('', (11.3197,0,47.9179));
#10847 = VERTEX_POINT('', #10846);
#10848 = CARTESIAN_POINT('', (11.4439,24,48.3233));
#10849 = VERTEX_POINT('', #10848);
#10850 = CARTESIAN_POINT('', (11.3197,24,47.9179));
#10851 = VERTEX_POINT('', #10850);
#10852 = CARTESIAN_POINT('', (11.3197,24,47.9179));
#10853 = DIRECTION('', (0, -1, 0));
#10854 = VECTOR('',#10853,1);
#10855 = LINE('',#10852, #10854);
#10856 = SURFACE_CURVE('', #10855);
#10857 = EDGE_CURVE('', #10851, #10847,#10856,.T.);
#10858 = ORIENTED_EDGE('',*,*,#10834,.F.);
#10859 = ORIENTED_EDGE('',*,*,#9071,.F.);
#10860 = ORIENTED_EDGE('',*,*,#10857,.T.);
#10861 = CARTESIAN_POINT('', (11.3197,0,47.9179));
#10862 = DIRECTION('', (-0.956168, 0, 0.292819));
#10863 = DIRECTION('', (0.00517272, 0.999844, 0.0168909));
#10864 = AXIS2_PLACEMENT_3D('',#10861,#10862,#10863);
#10865 = PLANE('',#10864);
#10866 = EDGE_LOOP('', (#10858,#10859,#10860));
#10867 = FACE_BOUND('', #10866,.T.);
#10868 = ADVANCED_FACE('', (#10867),#10865,.T.);
#10869 = CARTESIAN_POINT('', (11.3197,0,47.9179));
#10870 = VERTEX_POINT('', #10869);
#10871 = CARTESIAN_POINT('', (11.3197,24,47.9179));
#10872 = VERTEX_POINT('', #10871);
#10873 = CARTESIAN_POINT('', (11.1288,0,47.5392));
#10874 = VERTEX_POINT('', #10873);
#10875 = CARTESIAN_POINT('', (11.3197,24,47.9179));
#10876 = DIRECTION('', (-0.00795292, -0.999844, -0.0157735));
#10877 = VECTOR('',#10876,1);
#10878 = LINE('',#10875, #10877);
#10879 = SURFACE_CURVE('', #10878);
#10880 = EDGE_CURVE('', #10872, #10874,#10879,.T.);
#10881 = ORIENTED_EDGE('',*,*,#10857,.F.);
#10882 = ORIENTED_EDGE('',*,*,#10880,.T.);
#10883 = ORIENTED_EDGE('',*,*,#4847,.F.);
#10884 = CARTESIAN_POINT('', (11.3197,0,47.9179));
#10885 = DIRECTION('', (-0.892924, 0, 0.450207));
#10886 = DIRECTION('', (0, 1, 0));
#10887 = AXIS2_PLACEMENT_3D('',#10884,#10885,#10886);
#10888 = PLANE('',#10887);
#10889 = EDGE_LOOP('', (#10881,#10882,#10883));
#10890 = FACE_BOUND('', #10889,.T.);
#10891 = ADVANCED_FACE('', (#10890),#10888,.T.);
#10892 = CARTESIAN_POINT('', (11.1288,0,47.5392));
#10893 = VERTEX_POINT('', #10892);
#10894 = CARTESIAN_POINT('', (11.3197,24,47.9179));
#10895 = VERTEX_POINT('', #10894);
#10896 = CARTESIAN_POINT('', (11.1288,24,47.5392));
#10897 = VERTEX_POINT('', #10896);
#10898 = CARTESIAN_POINT('', (11.1288,24,47.5392));
#10899 = DIRECTION('', (0, -1, 0));
#10900 = VECTOR('',#10899,1);
#10901 = LINE('',#10898, #10900);
#10902 = SURFACE_CURVE('', #10901);
#10903 = EDGE_CURVE('', #10897, #10893,#10902,.T.);
#10904 = ORIENTED_EDGE('',*,*,#10880,.F.);
#10905 = ORIENTED_EDGE('',*,*,#10253,.F.);
#10906 = ORIENTED_EDGE('',*,*,#10903,.T.);
#10907 = CARTESIAN_POINT('', (11.1288,0,47.5392));
#10908 = DIRECTION('', (-0.892924, 0, 0.450207));
#10909 = DIRECTION('', (0.00795292, 0.999844, 0.0157735));
#10910 = AXIS2_PLACEMENT_3D('',#10907,#10908,#10909);
#10911 = PLANE('',#10910);
#10912 = EDGE_LOOP('', (#10904,#10905,#10906));
#10913 = FACE_BOUND('', #10912,.T.);
#10914 = ADVANCED_FACE('', (#10913),#10911,.T.);
#10915 = CARTESIAN_POINT('', (11.1288,0,47.5392));
#10916 = VERTEX_POINT('', #10915);
#10917 = CARTESIAN_POINT('', (11.1288,24,47.5392));
#10918 = VERTEX_POINT('', #10917);
#10919 = CARTESIAN_POINT('', (10.8767,0,47.1983));
#10920 = VERTEX_POINT('', #10919);
#10921 = CARTESIAN_POINT('', (11.1288,24,47.5392));
#10922 = DIRECTION('', (-0.0105043, -0.999844, -0.0142028));
#10923 = VECTOR('',#10922,1);
#10924 = LINE('',#10921, #10923);
#10925 = SURFACE_CURVE('', #10924);
#10926 = EDGE_CURVE('', #10918, #10920,#10925,.T.);
#10927 = ORIENTED_EDGE('',*,*,#10903,.F.);
#10928 = ORIENTED_EDGE('',*,*,#10926,.T.);
#10929 = ORIENTED_EDGE('',*,*,#4169,.F.);
#10930 = CARTESIAN_POINT('', (11.1288,0,47.5392));
#10931 = DIRECTION('', (-0.803997, 0, 0.594633));
#10932 = DIRECTION('', (0, 1, 0));
#10933 = AXIS2_PLACEMENT_3D('',#10930,#10931,#10932);
#10934 = PLANE('',#10933);
#10935 = EDGE_LOOP('', (#10927,#10928,#10929));
#10936 = FACE_BOUND('', #10935,.T.);
#10937 = ADVANCED_FACE('', (#10936),#10934,.T.);
#10938 = CARTESIAN_POINT('', (10.8767,0,47.1983));
#10939 = VERTEX_POINT('', #10938);
#10940 = CARTESIAN_POINT('', (11.1288,24,47.5392));
#10941 = VERTEX_POINT('', #10940);
#10942 = CARTESIAN_POINT('', (10.8767,24,47.1983));
#10943 = VERTEX_POINT('', #10942);
#10944 = CARTESIAN_POINT('', (10.8767,24,47.1983));
#10945 = DIRECTION('', (0, -1, 0));
#10946 = VECTOR('',#10945,1);
#10947 = LINE('',#10944, #10946);
#10948 = SURFACE_CURVE('', #10947);
#10949 = EDGE_CURVE('', #10943, #10939,#10948,.T.);
#10950 = ORIENTED_EDGE('',*,*,#10926,.F.);
#10951 = ORIENTED_EDGE('',*,*,#10224,.F.);
#10952 = ORIENTED_EDGE('',*,*,#10949,.T.);
#10953 = CARTESIAN_POINT('', (10.8767,0,47.1983));
#10954 = DIRECTION('', (-0.803997, 0, 0.594633));
#10955 = DIRECTION('', (0.0105043, 0.999844, 0.0142028));
#10956 = AXIS2_PLACEMENT_3D('',#10953,#10954,#10955);
#10957 = PLANE('',#10956);
#10958 = EDGE_LOOP('', (#10950,#10951,#10952));
#10959 = FACE_BOUND('', #10958,.T.);
#10960 = ADVANCED_FACE('', (#10959),#10957,.T.);
#10961 = CARTESIAN_POINT('', (10.8767,0,47.1983));
#10962 = VERTEX_POINT('', #10961);
#10963 = CARTESIAN_POINT('', (10.8767,24,47.1983));
#10964 = VERTEX_POINT('', #10963);
#10965 = CARTESIAN_POINT('', (10.5705,0,46.9049));
#10966 = VERTEX_POINT('', #10965);
#10967 = CARTESIAN_POINT('', (10.8767,24,47.1983));
#10968 = DIRECTION('', (-0.0127534, -0.999844, -0.0122232));
#10969 = VECTOR('',#10968,1);
#10970 = LINE('',#10967, #10969);
#10971 = SURFACE_CURVE('', #10970);
#10972 = EDGE_CURVE('', #10964, #10966,#10971,.T.);
#10973 = ORIENTED_EDGE('',*,*,#10949,.F.);
#10974 = ORIENTED_EDGE('',*,*,#10972,.T.);
#10975 = ORIENTED_EDGE('',*,*,#4111,.F.);
#10976 = CARTESIAN_POINT('', (10.8767,0,47.1983));
#10977 = DIRECTION('', (-0.691941, 0, 0.721954));
#10978 = DIRECTION('', (0, 1, 0));
#10979 = AXIS2_PLACEMENT_3D('',#10976,#10977,#10978);
#10980 = PLANE('',#10979);
#10981 = EDGE_LOOP('', (#10973,#10974,#10975));
#10982 = FACE_BOUND('', #10981,.T.);
#10983 = ADVANCED_FACE('', (#10982),#10980,.T.);
#10984 = CARTESIAN_POINT('', (10.5705,0,46.9049));
#10985 = VERTEX_POINT('', #10984);
#10986 = CARTESIAN_POINT('', (10.8767,24,47.1983));
#10987 = VERTEX_POINT('', #10986);
#10988 = CARTESIAN_POINT('', (10.5705,24,46.9049));
#10989 = VERTEX_POINT('', #10988);
#10990 = CARTESIAN_POINT('', (10.5705,24,46.9049));
#10991 = DIRECTION('', (0, -1, 0));
#10992 = VECTOR('',#10991,1);
#10993 = LINE('',#10990, #10992);
#10994 = SURFACE_CURVE('', #10993);
#10995 = EDGE_CURVE('', #10989, #10985,#10994,.T.);
#10996 = ORIENTED_EDGE('',*,*,#10972,.F.);
#10997 = ORIENTED_EDGE('',*,*,#10166,.F.);
#10998 = ORIENTED_EDGE('',*,*,#10995,.T.);
#10999 = CARTESIAN_POINT('', (10.5705,0,46.9049));
#11000 = DIRECTION('', (-0.691941, 0, 0.721954));
#11001 = DIRECTION('', (0.0127534, 0.999844, 0.0122232));
#11002 = AXIS2_PLACEMENT_3D('',#10999,#11000,#11001);
#11003 = PLANE('',#11002);
#11004 = EDGE_LOOP('', (#10996,#10997,#10998));
#11005 = FACE_BOUND('', #11004,.T.);
#11006 = ADVANCED_FACE('', (#11005),#11003,.T.);
#11007 = CARTESIAN_POINT('', (10.5705,0,46.9049));
#11008 = VERTEX_POINT('', #11007);
#11009 = CARTESIAN_POINT('', (10.5705,24,46.9049));
#11010 = VERTEX_POINT('', #11009);
#11011 = CARTESIAN_POINT('', (10.2192,0,46.6675));
#11012 = VERTEX_POINT('', #11011);
#11013 = CARTESIAN_POINT('', (10.5705,24,46.9049));
#11014 = DIRECTION('', (-0.0146357, -0.999844, -0.00989203));
#11015 = VECTOR('',#11014,1);
#11016 = LINE('',#11013, #11015);
#11017 = SURFACE_CURVE('', #11016);
#11018 = EDGE_CURVE('', #11010, #11012,#11017,.T.);
#11019 = ORIENTED_EDGE('',*,*,#10995,.F.);
#11020 = ORIENTED_EDGE('',*,*,#11018,.T.);
#11021 = ORIENTED_EDGE('',*,*,#4273,.F.);
#11022 = CARTESIAN_POINT('', (10.5705,0,46.9049));
#11023 = DIRECTION('', (-0.559975, 0, 0.82851));
#11024 = DIRECTION('', (0, 1, 0));
#11025 = AXIS2_PLACEMENT_3D('',#11022,#11023,#11024);
#11026 = PLANE('',#11025);
#11027 = EDGE_LOOP('', (#11019,#11020,#11021));
#11028 = FACE_BOUND('', #11027,.T.);
#11029 = ADVANCED_FACE('', (#11028),#11026,.T.);
#11030 = CARTESIAN_POINT('', (10.2192,0,46.6675));
#11031 = VERTEX_POINT('', #11030);
#11032 = CARTESIAN_POINT('', (10.5705,24,46.9049));
#11033 = VERTEX_POINT('', #11032);
#11034 = CARTESIAN_POINT('', (10.2192,24,46.6675));
#11035 = VERTEX_POINT('', #11034);
#11036 = CARTESIAN_POINT('', (10.2192,24,46.6675));
#11037 = DIRECTION('', (0, -1, 0));
#11038 = VECTOR('',#11037,1);
#11039 = LINE('',#11036, #11038);
#11040 = SURFACE_CURVE('', #11039);
#11041 = EDGE_CURVE('', #11035, #11031,#11040,.T.);
#11042 = ORIENTED_EDGE('',*,*,#11018,.F.);
#11043 = ORIENTED_EDGE('',*,*,#10108,.F.);
#11044 = ORIENTED_EDGE('',*,*,#11041,.T.);
#11045 = CARTESIAN_POINT('', (10.2192,0,46.6675));
#11046 = DIRECTION('', (-0.559975, 0, 0.82851));
#11047 = DIRECTION('', (0.0146357, 0.999844, 0.00989203));
#11048 = AXIS2_PLACEMENT_3D('',#11045,#11046,#11047);
#11049 = PLANE('',#11048);
#11050 = EDGE_LOOP('', (#11042,#11043,#11044));
#11051 = FACE_BOUND('', #11050,.T.);
#11052 = ADVANCED_FACE('', (#11051),#11049,.T.);
#11053 = CARTESIAN_POINT('', (10.2192,0,46.6675));
#11054 = VERTEX_POINT('', #11053);
#11055 = CARTESIAN_POINT('', (10.2192,24,46.6675));
#11056 = VERTEX_POINT('', #11055);
#11057 = CARTESIAN_POINT('', (9.83285,0,46.4928));
#11058 = VERTEX_POINT('', #11057);
#11059 = CARTESIAN_POINT('', (10.2192,24,46.6675));
#11060 = DIRECTION('', (-0.016097, -0.999844, -0.00727619));
#11061 = VECTOR('',#11060,1);
#11062 = LINE('',#11059, #11061);
#11063 = SURFACE_CURVE('', #11062);
#11064 = EDGE_CURVE('', #11056, #11058,#11063,.T.);
#11065 = ORIENTED_EDGE('',*,*,#11041,.F.);
#11066 = ORIENTED_EDGE('',*,*,#11064,.T.);
#11067 = ORIENTED_EDGE('',*,*,#4302,.F.);
#11068 = CARTESIAN_POINT('', (10.2192,0,46.6675));
#11069 = DIRECTION('', (-0.411897, 0, 0.911231));
#11070 = DIRECTION('', (0, 1, 0));
#11071 = AXIS2_PLACEMENT_3D('',#11068,#11069,#11070);
#11072 = PLANE('',#11071);
#11073 = EDGE_LOOP('', (#11065,#11066,#11067));
#11074 = FACE_BOUND('', #11073,.T.);
#11075 = ADVANCED_FACE('', (#11074),#11072,.T.);
#11076 = CARTESIAN_POINT('', (9.83285,0,46.4928));
#11077 = VERTEX_POINT('', #11076);
#11078 = CARTESIAN_POINT('', (10.2192,24,46.6675));
#11079 = VERTEX_POINT('', #11078);
#11080 = CARTESIAN_POINT('', (9.83285,24,46.4928));
#11081 = VERTEX_POINT('', #11080);
#11082 = CARTESIAN_POINT('', (9.83285,24,46.4928));
#11083 = DIRECTION('', (0, -1, 0));
#11084 = VECTOR('',#11083,1);
#11085 = LINE('',#11082, #11084);
#11086 = SURFACE_CURVE('', #11085);
#11087 = EDGE_CURVE('', #11081, #11077,#11086,.T.);
#11088 = ORIENTED_EDGE('',*,*,#11064,.F.);
#11089 = ORIENTED_EDGE('',*,*,#10079,.F.);
#11090 = ORIENTED_EDGE('',*,*,#11087,.T.);
#11091 = CARTESIAN_POINT('', (9.83285,0,46.4928));
#11092 = DIRECTION('', (-0.411897, 0, 0.911231));
#11093 = DIRECTION('', (0.016097, 0.999844, 0.00727619));
#11094 = AXIS2_PLACEMENT_3D('',#11091,#11092,#11093);
#11095 = PLANE('',#11094);
#11096 = EDGE_LOOP('', (#11088,#11089,#11090));
#11097 = FACE_BOUND('', #11096,.T.);
#11098 = ADVANCED_FACE('', (#11097),#11095,.T.);
#11099 = CARTESIAN_POINT('', (9.83285,0,46.4928));
#11100 = VERTEX_POINT('', #11099);
#11101 = CARTESIAN_POINT('', (9.83285,24,46.4928));
#11102 = VERTEX_POINT('', #11101);
#11103 = CARTESIAN_POINT('', (9.4225,0,46.386));
#11104 = VERTEX_POINT('', #11103);
#11105 = CARTESIAN_POINT('', (9.83285,24,46.4928));
#11106 = DIRECTION('', (-0.0170951, -0.999844, -0.00445137));
#11107 = VECTOR('',#11106,1);
#11108 = LINE('',#11105, #11107);
#11109 = SURFACE_CURVE('', #11108);
#11110 = EDGE_CURVE('', #11102, #11104,#11109,.T.);
#11111 = ORIENTED_EDGE('',*,*,#11087,.F.);
#11112 = ORIENTED_EDGE('',*,*,#11110,.T.);
#11113 = ORIENTED_EDGE('',*,*,#1560,.F.);
#11114 = CARTESIAN_POINT('', (9.83285,0,46.4928));
#11115 = DIRECTION('', (-0.251986, 0, 0.967731));
#11116 = DIRECTION('', (0, 1, 0));
#11117 = AXIS2_PLACEMENT_3D('',#11114,#11115,#11116);
#11118 = PLANE('',#11117);
#11119 = EDGE_LOOP('', (#11111,#11112,#11113));
#11120 = FACE_BOUND('', #11119,.T.);
#11121 = ADVANCED_FACE('', (#11120),#11118,.T.);
#11122 = CARTESIAN_POINT('', (9.4225,0,46.386));
#11123 = VERTEX_POINT('', #11122);
#11124 = CARTESIAN_POINT('', (9.83285,24,46.4928));
#11125 = VERTEX_POINT('', #11124);
#11126 = CARTESIAN_POINT('', (9.4225,24,46.386));
#11127 = VERTEX_POINT('', #11126);
#11128 = CARTESIAN_POINT('', (9.4225,24,46.386));
#11129 = DIRECTION('', (0, -1, 0));
#11130 = VECTOR('',#11129,1);
#11131 = LINE('',#11128, #11130);
#11132 = SURFACE_CURVE('', #11131);
#11133 = EDGE_CURVE('', #11127, #11123,#11132,.T.);
#11134 = ORIENTED_EDGE('',*,*,#11110,.F.);
#11135 = ORIENTED_EDGE('',*,*,#7442,.F.);
#11136 = ORIENTED_EDGE('',*,*,#11133,.T.);
#11137 = CARTESIAN_POINT('', (9.4225,0,46.386));
#11138 = DIRECTION('', (-0.251986, 0, 0.967731));
#11139 = DIRECTION('', (0.0170951, 0.999844, 0.00445137));
#11140 = AXIS2_PLACEMENT_3D('',#11137,#11138,#11139);
#11141 = PLANE('',#11140);
#11142 = EDGE_LOOP('', (#11134,#11135,#11136));
#11143 = FACE_BOUND('', #11142,.T.);
#11144 = ADVANCED_FACE('', (#11143),#11141,.T.);
#11145 = CARTESIAN_POINT('', (9.4225,0,46.386));
#11146 = VERTEX_POINT('', #11145);
#11147 = CARTESIAN_POINT('', (9.4225,24,46.386));
#11148 = VERTEX_POINT('', #11147);
#11149 = CARTESIAN_POINT('', (9,0,46.35));
#11150 = VERTEX_POINT('', #11149);
#11151 = CARTESIAN_POINT('', (9.4225,24,46.386));
#11152 = DIRECTION('', (-0.0176015, -0.999844, -0.00149799));
#11153 = VECTOR('',#11152,1);
#11154 = LINE('',#11151, #11153);
#11155 = SURFACE_CURVE('', #11154);
#11156 = EDGE_CURVE('', #11148, #11150,#11155,.T.);
#11157 = ORIENTED_EDGE('',*,*,#11133,.F.);
#11158 = ORIENTED_EDGE('',*,*,#11156,.T.);
#11159 = ORIENTED_EDGE('',*,*,#1502,.F.);
#11160 = CARTESIAN_POINT('', (9.4225,0,46.386));
#11161 = DIRECTION('', (-0.0847991, 0, 0.996398));
#11162 = DIRECTION('', (0, 1, 0));
#11163 = AXIS2_PLACEMENT_3D('',#11160,#11161,#11162);
#11164 = PLANE('',#11163);
#11165 = EDGE_LOOP('', (#11157,#11158,#11159));
#11166 = FACE_BOUND('', #11165,.T.);
#11167 = ADVANCED_FACE('', (#11166),#11164,.T.);
#11168 = CARTESIAN_POINT('', (9,0,46.35));
#11169 = VERTEX_POINT('', #11168);
#11170 = CARTESIAN_POINT('', (9.4225,24,46.386));
#11171 = VERTEX_POINT('', #11170);
#11172 = CARTESIAN_POINT('', (9,24,46.35));
#11173 = VERTEX_POINT('', #11172);
#11174 = CARTESIAN_POINT('', (9,24,46.35));
#11175 = DIRECTION('', (0, -1, 0));
#11176 = VECTOR('',#11175,1);
#11177 = LINE('',#11174, #11176);
#11178 = SURFACE_CURVE('', #11177);
#11179 = EDGE_CURVE('', #11173, #11169,#11178,.T.);
#11180 = ORIENTED_EDGE('',*,*,#11156,.F.);
#11181 = ORIENTED_EDGE('',*,*,#7413,.F.);
#11182 = ORIENTED_EDGE('',*,*,#11179,.T.);
#11183 = CARTESIAN_POINT('', (9,0,46.35));
#11184 = DIRECTION('', (-0.0847991, 0, 0.996398));
#11185 = DIRECTION('', (0.0176015, 0.999844, 0.00149799));
#11186 = AXIS2_PLACEMENT_3D('',#11183,#11184,#11185);
#11187 = PLANE('',#11186);
#11188 = EDGE_LOOP('', (#11180,#11181,#11182));
#11189 = FACE_BOUND('', #11188,.T.);
#11190 = ADVANCED_FACE('', (#11189),#11187,.T.);
#11191 = CARTESIAN_POINT('', (9,0,46.35));
#11192 = VERTEX_POINT('', #11191);
#11193 = CARTESIAN_POINT('', (9,24,46.35));
#11194 = VERTEX_POINT('', #11193);
#11195 = CARTESIAN_POINT('', (8.5775,0,46.386));
#11196 = VERTEX_POINT('', #11195);
#11197 = CARTESIAN_POINT('', (9,24,46.35));
#11198 = DIRECTION('', (-0.0176015, -0.999844, 0.00149799));
#11199 = VECTOR('',#11198,1);
#11200 = LINE('',#11197, #11199);
#11201 = SURFACE_CURVE('', #11200);
#11202 = EDGE_CURVE('', #11194, #11196,#11201,.T.);
#11203 = ORIENTED_EDGE('',*,*,#11179,.F.);
#11204 = ORIENTED_EDGE('',*,*,#11202,.T.);
#11205 = ORIENTED_EDGE('',*,*,#1270,.F.);
#11206 = CARTESIAN_POINT('', (9,0,46.35));
#11207 = DIRECTION('', (0.0847991, -0, 0.996398));
#11208 = DIRECTION('', (0, 1, 0));
#11209 = AXIS2_PLACEMENT_3D('',#11206,#11207,#11208);
#11210 = PLANE('',#11209);
#11211 = EDGE_LOOP('', (#11203,#11204,#11205));
#11212 = FACE_BOUND('', #11211,.T.);
#11213 = ADVANCED_FACE('', (#11212),#11210,.T.);
#11214 = CARTESIAN_POINT('', (8.5775,0,46.386));
#11215 = VERTEX_POINT('', #11214);
#11216 = CARTESIAN_POINT('', (9,24,46.35));
#11217 = VERTEX_POINT('', #11216);
#11218 = CARTESIAN_POINT('', (8.5775,24,46.386));
#11219 = VERTEX_POINT('', #11218);
#11220 = CARTESIAN_POINT('', (8.5775,24,46.386));
#11221 = DIRECTION('', (0, -1, 0));
#11222 = VECTOR('',#11221,1);
#11223 = LINE('',#11220, #11222);
#11224 = SURFACE_CURVE('', #11223);
#11225 = EDGE_CURVE('', #11219, #11215,#11224,.T.);
#11226 = ORIENTED_EDGE('',*,*,#11202,.F.);
#11227 = ORIENTED_EDGE('',*,*,#7355,.F.);
#11228 = ORIENTED_EDGE('',*,*,#11225,.T.);
#11229 = CARTESIAN_POINT('', (8.5775,0,46.386));
#11230 = DIRECTION('', (0.0847991, -0, 0.996398));
#11231 = DIRECTION('', (0.0176015, 0.999844, -0.00149799));
#11232 = AXIS2_PLACEMENT_3D('',#11229,#11230,#11231);
#11233 = PLANE('',#11232);
#11234 = EDGE_LOOP('', (#11226,#11227,#11228));
#11235 = FACE_BOUND('', #11234,.T.);
#11236 = ADVANCED_FACE('', (#11235),#11233,.T.);
#11237 = CARTESIAN_POINT('', (8.5775,0,46.386));
#11238 = VERTEX_POINT('', #11237);
#11239 = CARTESIAN_POINT('', (8.5775,24,46.386));
#11240 = VERTEX_POINT('', #11239);
#11241 = CARTESIAN_POINT('', (8.16715,0,46.4928));
#11242 = VERTEX_POINT('', #11241);
#11243 = CARTESIAN_POINT('', (8.5775,24,46.386));
#11244 = DIRECTION('', (-0.0170951, -0.999844, 0.00445137));
#11245 = VECTOR('',#11244,1);
#11246 = LINE('',#11243, #11245);
#11247 = SURFACE_CURVE('', #11246);
#11248 = EDGE_CURVE('', #11240, #11242,#11247,.T.);
#11249 = ORIENTED_EDGE('',*,*,#11225,.F.);
#11250 = ORIENTED_EDGE('',*,*,#11248,.T.);
#11251 = ORIENTED_EDGE('',*,*,#1322,.F.);
#11252 = CARTESIAN_POINT('', (8.5775,0,46.386));
#11253 = DIRECTION('', (0.251986, -0, 0.967731));
#11254 = DIRECTION('', (0, 1, 0));
#11255 = AXIS2_PLACEMENT_3D('',#11252,#11253,#11254);
#11256 = PLANE('',#11255);
#11257 = EDGE_LOOP('', (#11249,#11250,#11251));
#11258 = FACE_BOUND('', #11257,.T.);
#11259 = ADVANCED_FACE('', (#11258),#11256,.T.);
#11260 = CARTESIAN_POINT('', (8.16715,0,46.4928));
#11261 = VERTEX_POINT('', #11260);
#11262 = CARTESIAN_POINT('', (8.5775,24,46.386));
#11263 = VERTEX_POINT('', #11262);
#11264 = CARTESIAN_POINT('', (8.16715,24,46.4928));
#11265 = VERTEX_POINT('', #11264);
#11266 = CARTESIAN_POINT('', (8.16715,24,46.4928));
#11267 = DIRECTION('', (0, -1, 0));
#11268 = VECTOR('',#11267,1);
#11269 = LINE('',#11266, #11268);
#11270 = SURFACE_CURVE('', #11269);
#11271 = EDGE_CURVE('', #11265, #11261,#11270,.T.);
#11272 = ORIENTED_EDGE('',*,*,#11248,.F.);
#11273 = ORIENTED_EDGE('',*,*,#7326,.F.);
#11274 = ORIENTED_EDGE('',*,*,#11271,.T.);
#11275 = CARTESIAN_POINT('', (8.16715,0,46.4928));
#11276 = DIRECTION('', (0.251986, -0, 0.967731));
#11277 = DIRECTION('', (0.0170951, 0.999844, -0.00445137));
#11278 = AXIS2_PLACEMENT_3D('',#11275,#11276,#11277);
#11279 = PLANE('',#11278);
#11280 = EDGE_LOOP('', (#11272,#11273,#11274));
#11281 = FACE_BOUND('', #11280,.T.);
#11282 = ADVANCED_FACE('', (#11281),#11279,.T.);
#11283 = CARTESIAN_POINT('', (8.16715,0,46.4928));
#11284 = VERTEX_POINT('', #11283);
#11285 = CARTESIAN_POINT('', (8.16715,24,46.4928));
#11286 = VERTEX_POINT('', #11285);
#11287 = CARTESIAN_POINT('', (7.78076,0,46.6675));
#11288 = VERTEX_POINT('', #11287);
#11289 = CARTESIAN_POINT('', (8.16715,24,46.4928));
#11290 = DIRECTION('', (-0.016097, -0.999844, 0.00727619));
#11291 = VECTOR('',#11290,1);
#11292 = LINE('',#11289, #11291);
#11293 = SURFACE_CURVE('', #11292);
#11294 = EDGE_CURVE('', #11286, #11288,#11293,.T.);
#11295 = ORIENTED_EDGE('',*,*,#11271,.F.);
#11296 = ORIENTED_EDGE('',*,*,#11294,.T.);
#11297 = ORIENTED_EDGE('',*,*,#1351,.F.);
#11298 = CARTESIAN_POINT('', (8.16715,0,46.4928));
#11299 = DIRECTION('', (0.411897, -0, 0.911231));
#11300 = DIRECTION('', (0, 1, 0));
#11301 = AXIS2_PLACEMENT_3D('',#11298,#11299,#11300);
#11302 = PLANE('',#11301);
#11303 = EDGE_LOOP('', (#11295,#11296,#11297));
#11304 = FACE_BOUND('', #11303,.T.);
#11305 = ADVANCED_FACE('', (#11304),#11302,.T.);
#11306 = CARTESIAN_POINT('', (7.78076,0,46.6675));
#11307 = VERTEX_POINT('', #11306);
#11308 = CARTESIAN_POINT('', (8.16715,24,46.4928));
#11309 = VERTEX_POINT('', #11308);
#11310 = CARTESIAN_POINT('', (7.78076,24,46.6675));
#11311 = VERTEX_POINT('', #11310);
#11312 = CARTESIAN_POINT('', (7.78076,24,46.6675));
#11313 = DIRECTION('', (0, -1, 0));
#11314 = VECTOR('',#11313,1);
#11315 = LINE('',#11312, #11314);
#11316 = SURFACE_CURVE('', #11315);
#11317 = EDGE_CURVE('', #11311, #11307,#11316,.T.);
#11318 = ORIENTED_EDGE('',*,*,#11294,.F.);
#11319 = ORIENTED_EDGE('',*,*,#6044,.F.);
#11320 = ORIENTED_EDGE('',*,*,#11317,.T.);
#11321 = CARTESIAN_POINT('', (7.78076,0,46.6675));
#11322 = DIRECTION('', (0.411897, -0, 0.911231));
#11323 = DIRECTION('', (0.016097, 0.999844, -0.00727619));
#11324 = AXIS2_PLACEMENT_3D('',#11321,#11322,#11323);
#11325 = PLANE('',#11324);
#11326 = EDGE_LOOP('', (#11318,#11319,#11320));
#11327 = FACE_BOUND('', #11326,.T.);
#11328 = ADVANCED_FACE('', (#11327),#11325,.T.);
#11329 = CARTESIAN_POINT('', (7.78076,0,46.6675));
#11330 = VERTEX_POINT('', #11329);
#11331 = CARTESIAN_POINT('', (7.78076,24,46.6675));
#11332 = VERTEX_POINT('', #11331);
#11333 = CARTESIAN_POINT('', (7.42945,0,46.9049));
#11334 = VERTEX_POINT('', #11333);
#11335 = CARTESIAN_POINT('', (7.78076,24,46.6675));
#11336 = DIRECTION('', (-0.0146357, -0.999844, 0.00989203));
#11337 = VECTOR('',#11336,1);
#11338 = LINE('',#11335, #11337);
#11339 = SURFACE_CURVE('', #11338);
#11340 = EDGE_CURVE('', #11332, #11334,#11339,.T.);
#11341 = ORIENTED_EDGE('',*,*,#11317,.F.);
#11342 = ORIENTED_EDGE('',*,*,#11340,.T.);
#11343 = ORIENTED_EDGE('',*,*,#881,.F.);
#11344 = CARTESIAN_POINT('', (7.78076,0,46.6675));
#11345 = DIRECTION('', (0.559975, -0, 0.82851));
#11346 = DIRECTION('', (0, 1, 0));
#11347 = AXIS2_PLACEMENT_3D('',#11344,#11345,#11346);
#11348 = PLANE('',#11347);
#11349 = EDGE_LOOP('', (#11341,#11342,#11343));
#11350 = FACE_BOUND('', #11349,.T.);
#11351 = ADVANCED_FACE('', (#11350),#11348,.T.);
#11352 = CARTESIAN_POINT('', (7.42945,0,46.9049));
#11353 = VERTEX_POINT('', #11352);
#11354 = CARTESIAN_POINT('', (7.78076,24,46.6675));
#11355 = VERTEX_POINT('', #11354);
#11356 = CARTESIAN_POINT('', (7.42945,24,46.9049));
#11357 = VERTEX_POINT('', #11356);
#11358 = CARTESIAN_POINT('', (7.42945,24,46.9049));
#11359 = DIRECTION('', (0, -1, 0));
#11360 = VECTOR('',#11359,1);
#11361 = LINE('',#11358, #11360);
#11362 = SURFACE_CURVE('', #11361);
#11363 = EDGE_CURVE('', #11357, #11353,#11362,.T.);
#11364 = ORIENTED_EDGE('',*,*,#11340,.F.);
#11365 = ORIENTED_EDGE('',*,*,#6015,.F.);
#11366 = ORIENTED_EDGE('',*,*,#11363,.T.);
#11367 = CARTESIAN_POINT('', (7.42945,0,46.9049));
#11368 = DIRECTION('', (0.559975, -0, 0.82851));
#11369 = DIRECTION('', (0.0146357, 0.999844, -0.00989203));
#11370 = AXIS2_PLACEMENT_3D('',#11367,#11368,#11369);
#11371 = PLANE('',#11370);
#11372 = EDGE_LOOP('', (#11364,#11365,#11366));
#11373 = FACE_BOUND('', #11372,.T.);
#11374 = ADVANCED_FACE('', (#11373),#11371,.T.);
#11375 = CARTESIAN_POINT('', (7.42945,0,46.9049));
#11376 = VERTEX_POINT('', #11375);
#11377 = CARTESIAN_POINT('', (7.42945,24,46.9049));
#11378 = VERTEX_POINT('', #11377);
#11379 = CARTESIAN_POINT('', (7.12332,0,47.1983));
#11380 = VERTEX_POINT('', #11379);
#11381 = CARTESIAN_POINT('', (7.42945,24,46.9049));
#11382 = DIRECTION('', (-0.0127534, -0.999844, 0.0122232));
#11383 = VECTOR('',#11382,1);
#11384 = LINE('',#11381, #11383);
#11385 = SURFACE_CURVE('', #11384);
#11386 = EDGE_CURVE('', #11378, #11380,#11385,.T.);
#11387 = ORIENTED_EDGE('',*,*,#11363,.F.);
#11388 = ORIENTED_EDGE('',*,*,#11386,.T.);
#11389 = ORIENTED_EDGE('',*,*,#2552,.F.);
#11390 = CARTESIAN_POINT('', (7.42945,0,46.9049));
#11391 = DIRECTION('', (0.691941, -0, 0.721954));
#11392 = DIRECTION('', (0, 1, 0));
#11393 = AXIS2_PLACEMENT_3D('',#11390,#11391,#11392);
#11394 = PLANE('',#11393);
#11395 = EDGE_LOOP('', (#11387,#11388,#11389));
#11396 = FACE_BOUND('', #11395,.T.);
#11397 = ADVANCED_FACE('', (#11396),#11394,.T.);
#11398 = CARTESIAN_POINT('', (7.12332,0,47.1983));
#11399 = VERTEX_POINT('', #11398);
#11400 = CARTESIAN_POINT('', (7.42945,24,46.9049));
#11401 = VERTEX_POINT('', #11400);
#11402 = CARTESIAN_POINT('', (7.12332,24,47.1983));
#11403 = VERTEX_POINT('', #11402);
#11404 = CARTESIAN_POINT('', (7.12332,24,47.1983));
#11405 = DIRECTION('', (0, -1, 0));
#11406 = VECTOR('',#11405,1);
#11407 = LINE('',#11404, #11406);
#11408 = SURFACE_CURVE('', #11407);
#11409 = EDGE_CURVE('', #11403, #11399,#11408,.T.);
#11410 = ORIENTED_EDGE('',*,*,#11386,.F.);
#11411 = ORIENTED_EDGE('',*,*,#5986,.F.);
#11412 = ORIENTED_EDGE('',*,*,#11409,.T.);
#11413 = CARTESIAN_POINT('', (7.12332,0,47.1983));
#11414 = DIRECTION('', (0.691941, -0, 0.721954));
#11415 = DIRECTION('', (0.0127534, 0.999844, -0.0122232));
#11416 = AXIS2_PLACEMENT_3D('',#11413,#11414,#11415);
#11417 = PLANE('',#11416);
#11418 = EDGE_LOOP('', (#11410,#11411,#11412));
#11419 = FACE_BOUND('', #11418,.T.);
#11420 = ADVANCED_FACE('', (#11419),#11417,.T.);
#11421 = CARTESIAN_POINT('', (7.12332,0,47.1983));
#11422 = VERTEX_POINT('', #11421);
#11423 = CARTESIAN_POINT('', (7.12332,24,47.1983));
#11424 = VERTEX_POINT('', #11423);
#11425 = CARTESIAN_POINT('', (6.87118,0,47.5392));
#11426 = VERTEX_POINT('', #11425);
#11427 = CARTESIAN_POINT('', (7.12332,24,47.1983));
#11428 = DIRECTION('', (-0.0105043, -0.999844, 0.0142028));
#11429 = VECTOR('',#11428,1);
#11430 = LINE('',#11427, #11429);
#11431 = SURFACE_CURVE('', #11430);
#11432 = EDGE_CURVE('', #11424, #11426,#11431,.T.);
#11433 = ORIENTED_EDGE('',*,*,#11409,.F.);
#11434 = ORIENTED_EDGE('',*,*,#11432,.T.);
#11435 = ORIENTED_EDGE('',*,*,#2581,.F.);
#11436 = CARTESIAN_POINT('', (7.12332,0,47.1983));
#11437 = DIRECTION('', (0.803997, -0, 0.594633));
#11438 = DIRECTION('', (0, 1, 0));
#11439 = AXIS2_PLACEMENT_3D('',#11436,#11437,#11438);
#11440 = PLANE('',#11439);
#11441 = EDGE_LOOP('', (#11433,#11434,#11435));
#11442 = FACE_BOUND('', #11441,.T.);
#11443 = ADVANCED_FACE('', (#11442),#11440,.T.);
#11444 = CARTESIAN_POINT('', (6.87118,0,47.5392));
#11445 = VERTEX_POINT('', #11444);
#11446 = CARTESIAN_POINT('', (7.12332,24,47.1983));
#11447 = VERTEX_POINT('', #11446);
#11448 = CARTESIAN_POINT('', (6.87118,24,47.5392));
#11449 = VERTEX_POINT('', #11448);
#11450 = CARTESIAN_POINT('', (6.87118,24,47.5392));
#11451 = DIRECTION('', (0, -1, 0));
#11452 = VECTOR('',#11451,1);
#11453 = LINE('',#11450, #11452);
#11454 = SURFACE_CURVE('', #11453);
#11455 = EDGE_CURVE('', #11449, #11445,#11454,.T.);
#11456 = ORIENTED_EDGE('',*,*,#11432,.F.);
#11457 = ORIENTED_EDGE('',*,*,#5957,.F.);
#11458 = ORIENTED_EDGE('',*,*,#11455,.T.);
#11459 = CARTESIAN_POINT('', (6.87118,0,47.5392));
#11460 = DIRECTION('', (0.803997, -0, 0.594633));
#11461 = DIRECTION('', (0.0105043, 0.999844, -0.0142028));
#11462 = AXIS2_PLACEMENT_3D('',#11459,#11460,#11461);
#11463 = PLANE('',#11462);
#11464 = EDGE_LOOP('', (#11456,#11457,#11458));
#11465 = FACE_BOUND('', #11464,.T.);
#11466 = ADVANCED_FACE('', (#11465),#11463,.T.);
#11467 = CARTESIAN_POINT('', (6.87118,0,47.5392));
#11468 = VERTEX_POINT('', #11467);
#11469 = CARTESIAN_POINT('', (6.87118,24,47.5392));
#11470 = VERTEX_POINT('', #11469);
#11471 = CARTESIAN_POINT('', (6.68028,0,47.9179));
#11472 = VERTEX_POINT('', #11471);
#11473 = CARTESIAN_POINT('', (6.87118,24,47.5392));
#11474 = DIRECTION('', (-0.0079529, -0.999844, 0.0157735));
#11475 = VECTOR('',#11474,1);
#11476 = LINE('',#11473, #11475);
#11477 = SURFACE_CURVE('', #11476);
#11478 = EDGE_CURVE('', #11470, #11472,#11477,.T.);
#11479 = ORIENTED_EDGE('',*,*,#11455,.F.);
#11480 = ORIENTED_EDGE('',*,*,#11478,.T.);
#11481 = ORIENTED_EDGE('',*,*,#2610,.F.);
#11482 = CARTESIAN_POINT('', (6.87118,0,47.5392));
#11483 = DIRECTION('', (0.892925, -0, 0.450206));
#11484 = DIRECTION('', (0, 1, 0));
#11485 = AXIS2_PLACEMENT_3D('',#11482,#11483,#11484);
#11486 = PLANE('',#11485);
#11487 = EDGE_LOOP('', (#11479,#11480,#11481));
#11488 = FACE_BOUND('', #11487,.T.);
#11489 = ADVANCED_FACE('', (#11488),#11486,.T.);
#11490 = CARTESIAN_POINT('', (6.68028,0,47.9179));
#11491 = VERTEX_POINT('', #11490);
#11492 = CARTESIAN_POINT('', (6.87118,24,47.5392));
#11493 = VERTEX_POINT('', #11492);
#11494 = CARTESIAN_POINT('', (6.68028,24,47.9179));
#11495 = VERTEX_POINT('', #11494);
#11496 = CARTESIAN_POINT('', (6.68028,24,47.9179));
#11497 = DIRECTION('', (0, -1, 0));
#11498 = VECTOR('',#11497,1);
#11499 = LINE('',#11496, #11498);
#11500 = SURFACE_CURVE('', #11499);
#11501 = EDGE_CURVE('', #11495, #11491,#11500,.T.);
#11502 = ORIENTED_EDGE('',*,*,#11478,.F.);
#11503 = ORIENTED_EDGE('',*,*,#6520,.F.);
#11504 = ORIENTED_EDGE('',*,*,#11501,.T.);
#11505 = CARTESIAN_POINT('', (6.68028,0,47.9179));
#11506 = DIRECTION('', (0.892925, -0, 0.450206));
#11507 = DIRECTION('', (0.0079529, 0.999844, -0.0157735));
#11508 = AXIS2_PLACEMENT_3D('',#11505,#11506,#11507);
#11509 = PLANE('',#11508);
#11510 = EDGE_LOOP('', (#11502,#11503,#11504));
#11511 = FACE_BOUND('', #11510,.T.);
#11512 = ADVANCED_FACE('', (#11511),#11509,.T.);
#11513 = CARTESIAN_POINT('', (6.68028,0,47.9179));
#11514 = VERTEX_POINT('', #11513);
#11515 = CARTESIAN_POINT('', (6.68028,24,47.9179));
#11516 = VERTEX_POINT('', #11515);
#11517 = CARTESIAN_POINT('', (6.55611,0,48.3233));
#11518 = VERTEX_POINT('', #11517);
#11519 = CARTESIAN_POINT('', (6.68028,24,47.9179));
#11520 = DIRECTION('', (-0.00517278, -0.999844, 0.0168909));
#11521 = VECTOR('',#11520,1);
#11522 = LINE('',#11519, #11521);
#11523 = SURFACE_CURVE('', #11522);
#11524 = EDGE_CURVE('', #11516, #11518,#11523,.T.);
#11525 = ORIENTED_EDGE('',*,*,#11501,.F.);
#11526 = ORIENTED_EDGE('',*,*,#11524,.T.);
#11527 = ORIENTED_EDGE('',*,*,#2987,.F.);
#11528 = CARTESIAN_POINT('', (6.68028,0,47.9179));
#11529 = DIRECTION('', (0.956167, -0, 0.292822));
#11530 = DIRECTION('', (0, 1, 0));
#11531 = AXIS2_PLACEMENT_3D('',#11528,#11529,#11530);
#11532 = PLANE('',#11531);
#11533 = EDGE_LOOP('', (#11525,#11526,#11527));
#11534 = FACE_BOUND('', #11533,.T.);
#11535 = ADVANCED_FACE('', (#11534),#11532,.T.);
#11536 = CARTESIAN_POINT('', (6.55611,0,48.3233));
#11537 = VERTEX_POINT('', #11536);
#11538 = CARTESIAN_POINT('', (6.68028,24,47.9179));
#11539 = VERTEX_POINT('', #11538);
#11540 = CARTESIAN_POINT('', (6.55611,24,48.3233));
#11541 = VERTEX_POINT('', #11540);
#11542 = CARTESIAN_POINT('', (6.55611,24,48.3233));
#11543 = DIRECTION('', (0, -1, 0));
#11544 = VECTOR('',#11543,1);
#11545 = LINE('',#11542, #11544);
#11546 = SURFACE_CURVE('', #11545);
#11547 = EDGE_CURVE('', #11541, #11537,#11546,.T.);
#11548 = ORIENTED_EDGE('',*,*,#11524,.F.);
#11549 = ORIENTED_EDGE('',*,*,#6491,.F.);
#11550 = ORIENTED_EDGE('',*,*,#11547,.T.);
#11551 = CARTESIAN_POINT('', (6.55611,0,48.3233));
#11552 = DIRECTION('', (0.956167, -0, 0.292822));
#11553 = DIRECTION('', (0.00517278, 0.999844, -0.0168909));
#11554 = AXIS2_PLACEMENT_3D('',#11551,#11552,#11553);
#11555 = PLANE('',#11554);
#11556 = EDGE_LOOP('', (#11548,#11549,#11550));
#11557 = FACE_BOUND('', #11556,.T.);
#11558 = ADVANCED_FACE('', (#11557),#11555,.T.);
#11559 = CARTESIAN_POINT('', (6.55611,0,48.3233));
#11560 = VERTEX_POINT('', #11559);
#11561 = CARTESIAN_POINT('', (6.55611,24,48.3233));
#11562 = VERTEX_POINT('', #11561);
#11563 = CARTESIAN_POINT('', (6.50225,0,48.7439));
#11564 = VERTEX_POINT('', #11563);
#11565 = CARTESIAN_POINT('', (6.55611,24,48.3233));
#11566 = DIRECTION('', (-0.00224378, -0.999844, 0.017522));
#11567 = VECTOR('',#11566,1);
#11568 = LINE('',#11565, #11567);
#11569 = SURFACE_CURVE('', #11568);
#11570 = EDGE_CURVE('', #11562, #11564,#11569,.T.);
#11571 = ORIENTED_EDGE('',*,*,#11547,.F.);
#11572 = ORIENTED_EDGE('',*,*,#11570,.T.);
#11573 = ORIENTED_EDGE('',*,*,#3016,.F.);
#11574 = CARTESIAN_POINT('', (6.55611,0,48.3233));
#11575 = DIRECTION('', (0.9919, -0, 0.127018));
#11576 = DIRECTION('', (0, 1, 0));
#11577 = AXIS2_PLACEMENT_3D('',#11574,#11575,#11576);
#11578 = PLANE('',#11577);
#11579 = EDGE_LOOP('', (#11571,#11572,#11573));
#11580 = FACE_BOUND('', #11579,.T.);
#11581 = ADVANCED_FACE('', (#11580),#11578,.T.);
#11582 = CARTESIAN_POINT('', (6.50225,0,48.7439));
#11583 = VERTEX_POINT('', #11582);
#11584 = CARTESIAN_POINT('', (6.55611,24,48.3233));
#11585 = VERTEX_POINT('', #11584);
#11586 = CARTESIAN_POINT('', (6.50225,24,48.7439));
#11587 = VERTEX_POINT('', #11586);
#11588 = CARTESIAN_POINT('', (6.50225,24,48.7439));
#11589 = DIRECTION('', (0, -1, 0));
#11590 = VECTOR('',#11589,1);
#11591 = LINE('',#11588, #11590);
#11592 = SURFACE_CURVE('', #11591);
#11593 = EDGE_CURVE('', #11587, #11583,#11592,.T.);
#11594 = ORIENTED_EDGE('',*,*,#11570,.F.);
#11595 = ORIENTED_EDGE('',*,*,#6456,.F.);
#11596 = ORIENTED_EDGE('',*,*,#11593,.T.);
#11597 = CARTESIAN_POINT('', (6.50225,0,48.7439));
#11598 = DIRECTION('', (0.9919, -0, 0.127018));
#11599 = DIRECTION('', (0.00224378, 0.999844, -0.017522));
#11600 = AXIS2_PLACEMENT_3D('',#11597,#11598,#11599);
#11601 = PLANE('',#11600);
#11602 = EDGE_LOOP('', (#11594,#11595,#11596));
#11603 = FACE_BOUND('', #11602,.T.);
#11604 = ADVANCED_FACE('', (#11603),#11601,.T.);
#11605 = CARTESIAN_POINT('', (6.50225,0,48.7439));
#11606 = VERTEX_POINT('', #11605);
#11607 = CARTESIAN_POINT('', (6.50225,24,48.7439));
#11608 = VERTEX_POINT('', #11607);
#11609 = CARTESIAN_POINT('', (6.52025,0,49.1675));
#11610 = VERTEX_POINT('', #11609);
#11611 = CARTESIAN_POINT('', (6.50225,24,48.7439));
#11612 = DIRECTION('', (0.000749729, -0.999844, 0.0176493));
#11613 = VECTOR('',#11612,1);
#11614 = LINE('',#11611, #11613);
#11615 = SURFACE_CURVE('', #11614);
#11616 = EDGE_CURVE('', #11608, #11610,#11615,.T.);
#11617 = ORIENTED_EDGE('',*,*,#11593,.F.);
#11618 = ORIENTED_EDGE('',*,*,#11616,.T.);
#11619 = ORIENTED_EDGE('',*,*,#3068,.F.);
#11620 = CARTESIAN_POINT('', (6.50225,0,48.7439));
#11621 = DIRECTION('', (0.999099, 0, -0.042441));
#11622 = DIRECTION('', (0, 1, 0));
#11623 = AXIS2_PLACEMENT_3D('',#11620,#11621,#11622);
#11624 = PLANE('',#11623);
#11625 = EDGE_LOOP('', (#11617,#11618,#11619));
#11626 = FACE_BOUND('', #11625,.T.);
#11627 = ADVANCED_FACE('', (#11626),#11624,.T.);
#11628 = CARTESIAN_POINT('', (6.52025,0,49.1675));
#11629 = VERTEX_POINT('', #11628);
#11630 = CARTESIAN_POINT('', (6.50225,24,48.7439));
#11631 = VERTEX_POINT('', #11630);
#11632 = CARTESIAN_POINT('', (6.52025,24,49.1675));
#11633 = VERTEX_POINT('', #11632);
#11634 = CARTESIAN_POINT('', (6.52025,24,49.1675));
#11635 = DIRECTION('', (0, -1, 0));
#11636 = VECTOR('',#11635,1);
#11637 = LINE('',#11634, #11636);
#11638 = SURFACE_CURVE('', #11637);
#11639 = EDGE_CURVE('', #11633, #11629,#11638,.T.);
#11640 = ORIENTED_EDGE('',*,*,#11616,.F.);
#11641 = ORIENTED_EDGE('',*,*,#9216,.F.);
#11642 = ORIENTED_EDGE('',*,*,#11639,.T.);
#11643 = CARTESIAN_POINT('', (6.52025,0,49.1675));
#11644 = DIRECTION('', (0.999099, 0, -0.042441));
#11645 = DIRECTION('', (-0.000749729, 0.999844, -0.0176493));
#11646 = AXIS2_PLACEMENT_3D('',#11643,#11644,#11645);
#11647 = PLANE('',#11646);
#11648 = EDGE_LOOP('', (#11640,#11641,#11642));
#11649 = FACE_BOUND('', #11648,.T.);
#11650 = ADVANCED_FACE('', (#11649),#11647,.T.);
#11651 = CARTESIAN_POINT('', (6.52025,0,49.1675));
#11652 = VERTEX_POINT('', #11651);
#11653 = CARTESIAN_POINT('', (6.52025,24,49.1675));
#11654 = VERTEX_POINT('', #11653);
#11655 = CARTESIAN_POINT('', (6.60958,0,49.5821));
#11656 = VERTEX_POINT('', #11655);
#11657 = CARTESIAN_POINT('', (6.52025,24,49.1675));
#11658 = DIRECTION('', (0.00372169, -0.999844, 0.0172687));
#11659 = VECTOR('',#11658,1);
#11660 = LINE('',#11657, #11659);
#11661 = SURFACE_CURVE('', #11660);
#11662 = EDGE_CURVE('', #11654, #11656,#11661,.T.);
#11663 = ORIENTED_EDGE('',*,*,#11639,.F.);
#11664 = ORIENTED_EDGE('',*,*,#11662,.T.);
#11665 = ORIENTED_EDGE('',*,*,#3097,.F.);
#11666 = CARTESIAN_POINT('', (6.52025,0,49.1675));
#11667 = DIRECTION('', (0.977555, 0, -0.21068));
#11668 = DIRECTION('', (0, 1, 0));
#11669 = AXIS2_PLACEMENT_3D('',#11666,#11667,#11668);
#11670 = PLANE('',#11669);
#11671 = EDGE_LOOP('', (#11663,#11664,#11665));
#11672 = FACE_BOUND('', #11671,.T.);
#11673 = ADVANCED_FACE('', (#11672),#11670,.T.);
#11674 = CARTESIAN_POINT('', (6.60958,0,49.5821));
#11675 = VERTEX_POINT('', #11674);
#11676 = CARTESIAN_POINT('', (6.52025,24,49.1675));
#11677 = VERTEX_POINT('', #11676);
#11678 = CARTESIAN_POINT('', (6.60958,24,49.5821));
#11679 = VERTEX_POINT('', #11678);
#11680 = CARTESIAN_POINT('', (6.60958,24,49.5821));
#11681 = DIRECTION('', (0, -1, 0));
#11682 = VECTOR('',#11681,1);
#11683 = LINE('',#11680, #11682);
#11684 = SURFACE_CURVE('', #11683);
#11685 = EDGE_CURVE('', #11679, #11675,#11684,.T.);
#11686 = ORIENTED_EDGE('',*,*,#11662,.F.);
#11687 = ORIENTED_EDGE('',*,*,#9187,.F.);
#11688 = ORIENTED_EDGE('',*,*,#11685,.T.);
#11689 = CARTESIAN_POINT('', (6.60958,0,49.5821));
#11690 = DIRECTION('', (0.977555, 0, -0.21068));
#11691 = DIRECTION('', (-0.00372169, 0.999844, -0.0172687));
#11692 = AXIS2_PLACEMENT_3D('',#11689,#11690,#11691);
#11693 = PLANE('',#11692);
#11694 = EDGE_LOOP('', (#11686,#11687,#11688));
#11695 = FACE_BOUND('', #11694,.T.);
#11696 = ADVANCED_FACE('', (#11695),#11693,.T.);
#11697 = CARTESIAN_POINT('', (6.60958,0,49.5821));
#11698 = VERTEX_POINT('', #11697);
#11699 = CARTESIAN_POINT('', (6.60958,24,49.5821));
#11700 = VERTEX_POINT('', #11699);
#11701 = CARTESIAN_POINT('', (6.76769,0,49.9755));
#11702 = VERTEX_POINT('', #11701);
#11703 = CARTESIAN_POINT('', (6.60958,24,49.5821));
#11704 = DIRECTION('', (0.00658656, -0.999844, 0.0163913));
#11705 = VECTOR('',#11704,1);
#11706 = LINE('',#11703, #11705);
#11707 = SURFACE_CURVE('', #11706);
#11708 = EDGE_CURVE('', #11700, #11702,#11707,.T.);
#11709 = ORIENTED_EDGE('',*,*,#11685,.F.);
#11710 = ORIENTED_EDGE('',*,*,#11708,.T.);
#11711 = ORIENTED_EDGE('',*,*,#1955,.F.);
#11712 = CARTESIAN_POINT('', (6.60958,0,49.5821));
#11713 = DIRECTION('', (0.927889, 0, -0.372857));
#11714 = DIRECTION('', (0, 1, 0));
#11715 = AXIS2_PLACEMENT_3D('',#11712,#11713,#11714);
#11716 = PLANE('',#11715);
#11717 = EDGE_LOOP('', (#11709,#11710,#11711));
#11718 = FACE_BOUND('', #11717,.T.);
#11719 = ADVANCED_FACE('', (#11718),#11716,.T.);
#11720 = CARTESIAN_POINT('', (6.76769,0,49.9755));
#11721 = VERTEX_POINT('', #11720);
#11722 = CARTESIAN_POINT('', (6.60958,24,49.5821));
#11723 = VERTEX_POINT('', #11722);
#11724 = CARTESIAN_POINT('', (6.76769,24,49.9755));
#11725 = VERTEX_POINT('', #11724);
#11726 = CARTESIAN_POINT('', (6.76769,24,49.9755));
#11727 = DIRECTION('', (0, -1, 0));
#11728 = VECTOR('',#11727,1);
#11729 = LINE('',#11726, #11728);
#11730 = SURFACE_CURVE('', #11729);
#11731 = EDGE_CURVE('', #11725, #11721,#11730,.T.);
#11732 = ORIENTED_EDGE('',*,*,#11708,.F.);
#11733 = ORIENTED_EDGE('',*,*,#9158,.F.);
#11734 = ORIENTED_EDGE('',*,*,#11731,.T.);
#11735 = CARTESIAN_POINT('', (6.76769,0,49.9755));
#11736 = DIRECTION('', (0.927889, 0, -0.372857));
#11737 = DIRECTION('', (-0.00658656, 0.999844, -0.0163913));
#11738 = AXIS2_PLACEMENT_3D('',#11735,#11736,#11737);
#11739 = PLANE('',#11738);
#11740 = EDGE_LOOP('', (#11732,#11733,#11734));
#11741 = FACE_BOUND('', #11740,.T.);
#11742 = ADVANCED_FACE('', (#11741),#11739,.T.);
#11743 = CARTESIAN_POINT('', (6.76769,0,49.9755));
#11744 = VERTEX_POINT('', #11743);
#11745 = CARTESIAN_POINT('', (6.76769,24,49.9755));
#11746 = VERTEX_POINT('', #11745);
#11747 = CARTESIAN_POINT('', (6.99001,0,50.3366));
#11748 = VERTEX_POINT('', #11747);
#11749 = CARTESIAN_POINT('', (6.76769,24,49.9755));
#11750 = DIRECTION('', (0.00926195, -0.999844, 0.0150425));
#11751 = VECTOR('',#11750,1);
#11752 = LINE('',#11749, #11751);
#11753 = SURFACE_CURVE('', #11752);
#11754 = EDGE_CURVE('', #11746, #11748,#11753,.T.);
#11755 = ORIENTED_EDGE('',*,*,#11731,.F.);
#11756 = ORIENTED_EDGE('',*,*,#11754,.T.);
#11757 = ORIENTED_EDGE('',*,*,#1926,.F.);
#11758 = CARTESIAN_POINT('', (6.76769,0,49.9755));
#11759 = DIRECTION('', (0.851531, 0, -0.524304));
#11760 = DIRECTION('', (0, 1, 0));
#11761 = AXIS2_PLACEMENT_3D('',#11758,#11759,#11760);
#11762 = PLANE('',#11761);
#11763 = EDGE_LOOP('', (#11755,#11756,#11757));
#11764 = FACE_BOUND('', #11763,.T.);
#11765 = ADVANCED_FACE('', (#11764),#11762,.T.);
#11766 = CARTESIAN_POINT('', (6.99001,0,50.3366));
#11767 = VERTEX_POINT('', #11766);
#11768 = CARTESIAN_POINT('', (6.76769,24,49.9755));
#11769 = VERTEX_POINT('', #11768);
#11770 = CARTESIAN_POINT('', (6.99001,24,50.3366));
#11771 = VERTEX_POINT('', #11770);
#11772 = CARTESIAN_POINT('', (6.99001,24,50.3366));
#11773 = DIRECTION('', (0, -1, 0));
#11774 = VECTOR('',#11773,1);
#11775 = LINE('',#11772, #11774);
#11776 = SURFACE_CURVE('', #11775);
#11777 = EDGE_CURVE('', #11771, #11767,#11776,.T.);
#11778 = ORIENTED_EDGE('',*,*,#11754,.F.);
#11779 = ORIENTED_EDGE('',*,*,#8758,.F.);
#11780 = ORIENTED_EDGE('',*,*,#11777,.T.);
#11781 = CARTESIAN_POINT('', (6.99001,0,50.3366));
#11782 = DIRECTION('', (0.851531, 0, -0.524304));
#11783 = DIRECTION('', (-0.00926195, 0.999844, -0.0150425));
#11784 = AXIS2_PLACEMENT_3D('',#11781,#11782,#11783);
#11785 = PLANE('',#11784);
#11786 = EDGE_LOOP('', (#11778,#11779,#11780));
#11787 = FACE_BOUND('', #11786,.T.);
#11788 = ADVANCED_FACE('', (#11787),#11785,.T.);
#11789 = CARTESIAN_POINT('', (6.99001,0,50.3366));
#11790 = VERTEX_POINT('', #11789);
#11791 = CARTESIAN_POINT('', (6.99001,24,50.3366));
#11792 = VERTEX_POINT('', #11791);
#11793 = CARTESIAN_POINT('', (7.27015,0,50.6549));
#11794 = VERTEX_POINT('', #11793);
#11795 = CARTESIAN_POINT('', (6.99001,24,50.3366));
#11796 = DIRECTION('', (0.0116709, -0.999844, 0.0132607));
#11797 = VECTOR('',#11796,1);
#11798 = LINE('',#11795, #11797);
#11799 = SURFACE_CURVE('', #11798);
#11800 = EDGE_CURVE('', #11792, #11794,#11799,.T.);
#11801 = ORIENTED_EDGE('',*,*,#11777,.F.);
#11802 = ORIENTED_EDGE('',*,*,#11800,.T.);
#11803 = ORIENTED_EDGE('',*,*,#1978,.F.);
#11804 = CARTESIAN_POINT('', (6.99001,0,50.3366));
#11805 = DIRECTION('', (0.750671, 0, -0.660676));
#11806 = DIRECTION('', (0, 1, 0));
#11807 = AXIS2_PLACEMENT_3D('',#11804,#11805,#11806);
#11808 = PLANE('',#11807);
#11809 = EDGE_LOOP('', (#11801,#11802,#11803));
#11810 = FACE_BOUND('', #11809,.T.);
#11811 = ADVANCED_FACE('', (#11810),#11808,.T.);
#11812 = CARTESIAN_POINT('', (7.27015,0,50.6549));
#11813 = VERTEX_POINT('', #11812);
#11814 = CARTESIAN_POINT('', (6.99001,24,50.3366));
#11815 = VERTEX_POINT('', #11814);
#11816 = CARTESIAN_POINT('', (7.27015,24,50.6549));
#11817 = VERTEX_POINT('', #11816);
#11818 = CARTESIAN_POINT('', (7.27015,24,50.6549));
#11819 = DIRECTION('', (0, -1, 0));
#11820 = VECTOR('',#11819,1);
#11821 = LINE('',#11818, #11820);
#11822 = SURFACE_CURVE('', #11821);
#11823 = EDGE_CURVE('', #11817, #11813,#11822,.T.);
#11824 = ORIENTED_EDGE('',*,*,#11800,.F.);
#11825 = ORIENTED_EDGE('',*,*,#8729,.F.);
#11826 = ORIENTED_EDGE('',*,*,#11823,.T.);
#11827 = CARTESIAN_POINT('', (7.27015,0,50.6549));
#11828 = DIRECTION('', (0.750671, 0, -0.660676));
#11829 = DIRECTION('', (-0.0116709, 0.999844, -0.0132607));
#11830 = AXIS2_PLACEMENT_3D('',#11827,#11828,#11829);
#11831 = PLANE('',#11830);
#11832 = EDGE_LOOP('', (#11824,#11825,#11826));
#11833 = FACE_BOUND('', #11832,.T.);
#11834 = ADVANCED_FACE('', (#11833),#11831,.T.);
#11835 = CARTESIAN_POINT('', (7.27015,0,50.6549));
#11836 = VERTEX_POINT('', #11835);
#11837 = CARTESIAN_POINT('', (7.27015,24,50.6549));
#11838 = VERTEX_POINT('', #11837);
#11839 = CARTESIAN_POINT('', (7.60006,0,50.9213));
#11840 = VERTEX_POINT('', #11839);
#11841 = CARTESIAN_POINT('', (7.27015,24,50.6549));
#11842 = DIRECTION('', (0.0137441, -0.999844, 0.0110976));
#11843 = VECTOR('',#11842,1);
#11844 = LINE('',#11841, #11843);
#11845 = SURFACE_CURVE('', #11844);
#11846 = EDGE_CURVE('', #11838, #11840,#11845,.T.);
#11847 = ORIENTED_EDGE('',*,*,#11823,.F.);
#11848 = ORIENTED_EDGE('',*,*,#11846,.T.);
#11849 = ORIENTED_EDGE('',*,*,#2007,.F.);
#11850 = CARTESIAN_POINT('', (7.27015,0,50.6549));
#11851 = DIRECTION('', (0.62822, 0, -0.778036));
#11852 = DIRECTION('', (0, 1, 0));
#11853 = AXIS2_PLACEMENT_3D('',#11850,#11851,#11852);
#11854 = PLANE('',#11853);
#11855 = EDGE_LOOP('', (#11847,#11848,#11849));
#11856 = FACE_BOUND('', #11855,.T.);
#11857 = ADVANCED_FACE('', (#11856),#11854,.T.);
#11858 = CARTESIAN_POINT('', (7.60006,0,50.9213));
#11859 = VERTEX_POINT('', #11858);
#11860 = CARTESIAN_POINT('', (7.27015,24,50.6549));
#11861 = VERTEX_POINT('', #11860);
#11862 = CARTESIAN_POINT('', (7.60006,24,50.9213));
#11863 = VERTEX_POINT('', #11862);
#11864 = CARTESIAN_POINT('', (7.60006,24,50.9213));
#11865 = DIRECTION('', (0, -1, 0));
#11866 = VECTOR('',#11865,1);
#11867 = LINE('',#11864, #11866);
#11868 = SURFACE_CURVE('', #11867);
#11869 = EDGE_CURVE('', #11863, #11859,#11868,.T.);
#11870 = ORIENTED_EDGE('',*,*,#11846,.F.);
#11871 = ORIENTED_EDGE('',*,*,#8700,.F.);
#11872 = ORIENTED_EDGE('',*,*,#11869,.T.);
#11873 = CARTESIAN_POINT('', (7.60006,0,50.9213));
#11874 = DIRECTION('', (0.62822, 0, -0.778036));
#11875 = DIRECTION('', (-0.0137441, 0.999844, -0.0110976));
#11876 = AXIS2_PLACEMENT_3D('',#11873,#11874,#11875);
#11877 = PLANE('',#11876);
#11878 = EDGE_LOOP('', (#11870,#11871,#11872));
#11879 = FACE_BOUND('', #11878,.T.);
#11880 = ADVANCED_FACE('', (#11879),#11877,.T.);
#11881 = CARTESIAN_POINT('', (7.60006,0,50.9213));
#11882 = VERTEX_POINT('', #11881);
#11883 = CARTESIAN_POINT('', (7.60006,24,50.9213));
#11884 = VERTEX_POINT('', #11883);
#11885 = CARTESIAN_POINT('', (7.97025,0,51.1281));
#11886 = VERTEX_POINT('', #11885);
#11887 = CARTESIAN_POINT('', (7.60006,24,50.9213));
#11888 = DIRECTION('', (0.0154219, -0.999844, 0.00861526));
#11889 = VECTOR('',#11888,1);
#11890 = LINE('',#11887, #11889);
#11891 = SURFACE_CURVE('', #11890);
#11892 = EDGE_CURVE('', #11884, #11886,#11891,.T.);
#11893 = ORIENTED_EDGE('',*,*,#11869,.F.);
#11894 = ORIENTED_EDGE('',*,*,#11892,.T.);
#11895 = ORIENTED_EDGE('',*,*,#2036,.F.);
#11896 = CARTESIAN_POINT('', (7.60006,0,50.9213));
#11897 = DIRECTION('', (0.487698, 0, -0.873012));
#11898 = DIRECTION('', (0, 1, 0));
#11899 = AXIS2_PLACEMENT_3D('',#11896,#11897,#11898);
#11900 = PLANE('',#11899);
#11901 = EDGE_LOOP('', (#11893,#11894,#11895));
#11902 = FACE_BOUND('', #11901,.T.);
#11903 = ADVANCED_FACE('', (#11902),#11900,.T.);
#11904 = CARTESIAN_POINT('', (7.97025,0,51.1281));
#11905 = VERTEX_POINT('', #11904);
#11906 = CARTESIAN_POINT('', (7.60006,24,50.9213));
#11907 = VERTEX_POINT('', #11906);
#11908 = CARTESIAN_POINT('', (7.97025,24,51.1281));
#11909 = VERTEX_POINT('', #11908);
#11910 = CARTESIAN_POINT('', (7.97025,24,51.1281));
#11911 = DIRECTION('', (0, -1, 0));
#11912 = VECTOR('',#11911,1);
#11913 = LINE('',#11910, #11912);
#11914 = SURFACE_CURVE('', #11913);
#11915 = EDGE_CURVE('', #11909, #11905,#11914,.T.);
#11916 = ORIENTED_EDGE('',*,*,#11892,.F.);
#11917 = ORIENTED_EDGE('',*,*,#6775,.F.);
#11918 = ORIENTED_EDGE('',*,*,#11915,.T.);
#11919 = CARTESIAN_POINT('', (7.97025,0,51.1281));
#11920 = DIRECTION('', (0.487698, 0, -0.873012));
#11921 = DIRECTION('', (-0.0154219, 0.999844, -0.00861526));
#11922 = AXIS2_PLACEMENT_3D('',#11919,#11920,#11921);
#11923 = PLANE('',#11922);
#11924 = EDGE_LOOP('', (#11916,#11917,#11918));
#11925 = FACE_BOUND('', #11924,.T.);
#11926 = ADVANCED_FACE('', (#11925),#11923,.T.);
#11927 = CARTESIAN_POINT('', (7.97025,0,51.1281));
#11928 = VERTEX_POINT('', #11927);
#11929 = CARTESIAN_POINT('', (7.97025,24,51.1281));
#11930 = VERTEX_POINT('', #11929);
#11931 = CARTESIAN_POINT('', (8.37006,0,51.2693));
#11932 = VERTEX_POINT('', #11931);
#11933 = CARTESIAN_POINT('', (7.97025,24,51.1281));
#11934 = DIRECTION('', (0.0166561, -0.999844, 0.00588484));
#11935 = VECTOR('',#11934,1);
#11936 = LINE('',#11933, #11935);
#11937 = SURFACE_CURVE('', #11936);
#11938 = EDGE_CURVE('', #11930, #11932,#11937,.T.);
#11939 = ORIENTED_EDGE('',*,*,#11915,.F.);
#11940 = ORIENTED_EDGE('',*,*,#11938,.T.);
#11941 = ORIENTED_EDGE('',*,*,#1641,.F.);
#11942 = CARTESIAN_POINT('', (7.97025,0,51.1281));
#11943 = DIRECTION('', (0.333133, 0, -0.94288));
#11944 = DIRECTION('', (0, 1, 0));
#11945 = AXIS2_PLACEMENT_3D('',#11942,#11943,#11944);
#11946 = PLANE('',#11945);
#11947 = EDGE_LOOP('', (#11939,#11940,#11941));
#11948 = FACE_BOUND('', #11947,.T.);
#11949 = ADVANCED_FACE('', (#11948),#11946,.T.);
#11950 = CARTESIAN_POINT('', (8.37006,0,51.2693));
#11951 = VERTEX_POINT('', #11950);
#11952 = CARTESIAN_POINT('', (7.97025,24,51.1281));
#11953 = VERTEX_POINT('', #11952);
#11954 = CARTESIAN_POINT('', (8.37006,24,51.2693));
#11955 = VERTEX_POINT('', #11954);
#11956 = CARTESIAN_POINT('', (8.37006,24,51.2693));
#11957 = DIRECTION('', (0, -1, 0));
#11958 = VECTOR('',#11957,1);
#11959 = LINE('',#11956, #11958);
#11960 = SURFACE_CURVE('', #11959);
#11961 = EDGE_CURVE('', #11955, #11951,#11960,.T.);
#11962 = ORIENTED_EDGE('',*,*,#11938,.F.);
#11963 = ORIENTED_EDGE('',*,*,#6746,.F.);
#11964 = ORIENTED_EDGE('',*,*,#11961,.T.);
#11965 = CARTESIAN_POINT('', (8.37006,0,51.2693));
#11966 = DIRECTION('', (0.333133, 0, -0.94288));
#11967 = DIRECTION('', (-0.0166561, 0.999844, -0.00588484));
#11968 = AXIS2_PLACEMENT_3D('',#11965,#11966,#11967);
#11969 = PLANE('',#11968);
#11970 = EDGE_LOOP('', (#11962,#11963,#11964));
#11971 = FACE_BOUND('', #11970,.T.);
#11972 = ADVANCED_FACE('', (#11971),#11969,.T.);
#11973 = CARTESIAN_POINT('', (8.37006,0,51.2693));
#11974 = VERTEX_POINT('', #11973);
#11975 = CARTESIAN_POINT('', (8.37006,24,51.2693));
#11976 = VERTEX_POINT('', #11975);
#11977 = CARTESIAN_POINT('', (8.78798,0,51.341));
#11978 = VERTEX_POINT('', #11977);
#11979 = ORIENTED_EDGE('',*,*,#11961,.F.);
#11980 = ORIENTED_EDGE('',*,*,#10282,.F.);
#11981 = ORIENTED_EDGE('',*,*,#2059,.F.);
#11982 = CARTESIAN_POINT('', (8.37006,0,51.2693));
#11983 = DIRECTION('', (0.169005, 0, -0.985615));
#11984 = DIRECTION('', (0, 1, 0));
#11985 = AXIS2_PLACEMENT_3D('',#11982,#11983,#11984);
#11986 = PLANE('',#11985);
#11987 = EDGE_LOOP('', (#11979,#11980,#11981));
#11988 = FACE_BOUND('', #11987,.T.);
#11989 = ADVANCED_FACE('', (#11988),#11986,.T.);
#11990 = CARTESIAN_POINT('', (40.3701,24,19.1693));
#11991 = VERTEX_POINT('', #11990);
#11992 = CARTESIAN_POINT('', (40.788,24,19.241));
#11993 = VERTEX_POINT('', #11992);
#11994 = CARTESIAN_POINT('', (40.788,0,19.241));
#11995 = VERTEX_POINT('', #11994);
#11996 = CARTESIAN_POINT('', (40.788,24,19.241));
#11997 = DIRECTION('', (0, -1, 0));
#11998 = VECTOR('',#11997,1);
#11999 = LINE('',#11996, #11998);
#12000 = SURFACE_CURVE('', #11999);
#12001 = EDGE_CURVE('', #11993, #11995,#12000,.T.);
#12002 = CARTESIAN_POINT('', (40.788,0,19.241));
#12003 = DIRECTION('', (-0.0174109, 0.999844, -0.00298533));
#12004 = VECTOR('',#12003,1);
#12005 = LINE('',#12002, #12004);
#12006 = SURFACE_CURVE('', #12005);
#12007 = EDGE_CURVE('', #11995, #11991,#12006,.T.);
#12008 = ORIENTED_EDGE('',*,*,#7187,.F.);
#12009 = ORIENTED_EDGE('',*,*,#12001,.T.);
#12010 = ORIENTED_EDGE('',*,*,#12007,.T.);
#12011 = CARTESIAN_POINT('', (40.3701,24,19.1693));
#12012 = DIRECTION('', (0.168997, -4.33749e-19, -0.985617));
#12013 = DIRECTION('', (0.985617, 0, 0.168997));
#12014 = AXIS2_PLACEMENT_3D('',#12011,#12012,#12013);
#12015 = PLANE('',#12014);
#12016 = EDGE_LOOP('', (#12008,#12009,#12010));
#12017 = FACE_BOUND('', #12016,.T.);
#12018 = ADVANCED_FACE('', (#12017),#12015,.T.);
#12019 = CARTESIAN_POINT('', (40.788,0,19.241));
#12020 = VERTEX_POINT('', #12019);
#12021 = CARTESIAN_POINT('', (40.788,24,19.241));
#12022 = VERTEX_POINT('', #12021);
#12023 = CARTESIAN_POINT('', (41,24,19.25));
#12024 = VERTEX_POINT('', #12023);
#12025 = CARTESIAN_POINT('', (41,24,19.25));
#12026 = DIRECTION('', (-0.0088337, -0.999961, -0.000375336));
#12027 = VECTOR('',#12026,1);
#12028 = LINE('',#12025, #12027);
#12029 = SURFACE_CURVE('', #12028);
#12030 = EDGE_CURVE('', #12024, #12020,#12029,.T.);
#12031 = ORIENTED_EDGE('',*,*,#12001,.F.);
#12032 = ORIENTED_EDGE('',*,*,#7158,.F.);
#12033 = ORIENTED_EDGE('',*,*,#12030,.T.);
#12034 = CARTESIAN_POINT('', (40.788,0,19.241));
#12035 = DIRECTION('', (0.0424508, 0, -0.999099));
#12036 = DIRECTION('', (0, 1, 0));
#12037 = AXIS2_PLACEMENT_3D('',#12034,#12035,#12036);
#12038 = PLANE('',#12037);
#12039 = EDGE_LOOP('', (#12031,#12032,#12033));
#12040 = FACE_BOUND('', #12039,.T.);
#12041 = ADVANCED_FACE('', (#12040),#12038,.T.);
#12042 = CARTESIAN_POINT('', (40.788,0,19.241));
#12043 = VERTEX_POINT('', #12042);
#12044 = CARTESIAN_POINT('', (41,24,19.25));
#12045 = VERTEX_POINT('', #12044);
#12046 = CARTESIAN_POINT('', (41.212,0,19.241));
#12047 = VERTEX_POINT('', #12046);
#12048 = CARTESIAN_POINT('', (41,24,19.25));
#12049 = DIRECTION('', (0.00883354, -0.999961, -0.000375336));
#12050 = VECTOR('',#12049,1);
#12051 = LINE('',#12048, #12050);
#12052 = SURFACE_CURVE('', #12051);
#12053 = EDGE_CURVE('', #12045, #12047,#12052,.T.);
#12054 = ORIENTED_EDGE('',*,*,#12030,.F.);
#12055 = ORIENTED_EDGE('',*,*,#12053,.T.);
#12056 = ORIENTED_EDGE('',*,*,#1885,.F.);
#12057 = CARTESIAN_POINT('', (40.788,0,19.241));
#12058 = DIRECTION('', (0, 0.00037535, -1));
#12059 = DIRECTION('', (0.0088337, 0.999961, 0.000375336));
#12060 = AXIS2_PLACEMENT_3D('',#12057,#12058,#12059);
#12061 = PLANE('',#12060);
#12062 = EDGE_LOOP('', (#12054,#12055,#12056));
#12063 = FACE_BOUND('', #12062,.T.);
#12064 = ADVANCED_FACE('', (#12063),#12061,.T.);
#12065 = CARTESIAN_POINT('', (41.212,0,19.241));
#12066 = VERTEX_POINT('', #12065);
#12067 = CARTESIAN_POINT('', (41,24,19.25));
#12068 = VERTEX_POINT('', #12067);
#12069 = CARTESIAN_POINT('', (41.212,24,19.241));
#12070 = VERTEX_POINT('', #12069);
#12071 = CARTESIAN_POINT('', (41.212,24,19.241));
#12072 = DIRECTION('', (0, -1, 0));
#12073 = VECTOR('',#12072,1);
#12074 = LINE('',#12071, #12073);
#12075 = SURFACE_CURVE('', #12074);
#12076 = EDGE_CURVE('', #12070, #12066,#12075,.T.);
#12077 = ORIENTED_EDGE('',*,*,#12053,.F.);
#12078 = ORIENTED_EDGE('',*,*,#7100,.F.);
#12079 = ORIENTED_EDGE('',*,*,#12076,.T.);
#12080 = CARTESIAN_POINT('', (41.212,0,19.241));
#12081 = DIRECTION('', (-0.0424515, 0, -0.999099));
#12082 = DIRECTION('', (-0.00883354, 0.999961, 0.000375336));
#12083 = AXIS2_PLACEMENT_3D('',#12080,#12081,#12082);
#12084 = PLANE('',#12083);
#12085 = EDGE_LOOP('', (#12077,#12078,#12079));
#12086 = FACE_BOUND('', #12085,.T.);
#12087 = ADVANCED_FACE('', (#12086),#12084,.T.);
#12088 = CARTESIAN_POINT('', (41.212,0,19.241));
#12089 = VERTEX_POINT('', #12088);
#12090 = CARTESIAN_POINT('', (41.212,24,19.241));
#12091 = VERTEX_POINT('', #12090);
#12092 = CARTESIAN_POINT('', (41.6299,0,19.1693));
#12093 = VERTEX_POINT('', #12092);
#12094 = CARTESIAN_POINT('', (41.212,24,19.241));
#12095 = DIRECTION('', (0.0174111, -0.999844, -0.00298533));
#12096 = VECTOR('',#12095,1);
#12097 = LINE('',#12094, #12096);
#12098 = SURFACE_CURVE('', #12097);
#12099 = EDGE_CURVE('', #12091, #12093,#12098,.T.);
#12100 = ORIENTED_EDGE('',*,*,#12076,.F.);
#12101 = ORIENTED_EDGE('',*,*,#12099,.T.);
#12102 = ORIENTED_EDGE('',*,*,#2900,.F.);
#12103 = CARTESIAN_POINT('', (41.212,0,19.241));
#12104 = DIRECTION('', (-0.168996, 0, -0.985617));
#12105 = DIRECTION('', (0, 1, 0));
#12106 = AXIS2_PLACEMENT_3D('',#12103,#12104,#12105);
#12107 = PLANE('',#12106);
#12108 = EDGE_LOOP('', (#12100,#12101,#12102));
#12109 = FACE_BOUND('', #12108,.T.);
#12110 = ADVANCED_FACE('', (#12109),#12107,.T.);
#12111 = CARTESIAN_POINT('', (41.6299,0,19.1693));
#12112 = VERTEX_POINT('', #12111);
#12113 = CARTESIAN_POINT('', (41.212,24,19.241));
#12114 = VERTEX_POINT('', #12113);
#12115 = CARTESIAN_POINT('', (41.6299,24,19.1693));
#12116 = VERTEX_POINT('', #12115);
#12117 = CARTESIAN_POINT('', (41.6299,24,19.1693));
#12118 = DIRECTION('', (0, -1, 0));
#12119 = VECTOR('',#12118,1);
#12120 = LINE('',#12117, #12119);
#12121 = SURFACE_CURVE('', #12120);
#12122 = EDGE_CURVE('', #12116, #12112,#12121,.T.);
#12123 = ORIENTED_EDGE('',*,*,#12099,.F.);
#12124 = ORIENTED_EDGE('',*,*,#7071,.F.);
#12125 = ORIENTED_EDGE('',*,*,#12122,.T.);
#12126 = CARTESIAN_POINT('', (41.6299,0,19.1693));
#12127 = DIRECTION('', (-0.168996, 0, -0.985617));
#12128 = DIRECTION('', (-0.0174111, 0.999844, 0.00298533));
#12129 = AXIS2_PLACEMENT_3D('',#12126,#12127,#12128);
#12130 = PLANE('',#12129);
#12131 = EDGE_LOOP('', (#12123,#12124,#12125));
#12132 = FACE_BOUND('', #12131,.T.);
#12133 = ADVANCED_FACE('', (#12132),#12130,.T.);
#12134 = CARTESIAN_POINT('', (41.6299,0,19.1693));
#12135 = VERTEX_POINT('', #12134);
#12136 = CARTESIAN_POINT('', (41.6299,24,19.1693));
#12137 = VERTEX_POINT('', #12136);
#12138 = CARTESIAN_POINT('', (42.0298,0,19.0281));
#12139 = VERTEX_POINT('', #12138);
#12140 = CARTESIAN_POINT('', (41.6299,24,19.1693));
#12141 = DIRECTION('', (0.0166562, -0.999844, -0.005885));
#12142 = VECTOR('',#12141,1);
#12143 = LINE('',#12140, #12142);
#12144 = SURFACE_CURVE('', #12143);
#12145 = EDGE_CURVE('', #12137, #12139,#12144,.T.);
#12146 = ORIENTED_EDGE('',*,*,#12122,.F.);
#12147 = ORIENTED_EDGE('',*,*,#12145,.T.);
#12148 = ORIENTED_EDGE('',*,*,#2929,.F.);
#12149 = CARTESIAN_POINT('', (41.6299,0,19.1693));
#12150 = DIRECTION('', (-0.33314, 0, -0.942878));
#12151 = DIRECTION('', (0, 1, 0));
#12152 = AXIS2_PLACEMENT_3D('',#12149,#12150,#12151);
#12153 = PLANE('',#12152);
#12154 = EDGE_LOOP('', (#12146,#12147,#12148));
#12155 = FACE_BOUND('', #12154,.T.);
#12156 = ADVANCED_FACE('', (#12155),#12153,.T.);
#12157 = CARTESIAN_POINT('', (42.0298,0,19.0281));
#12158 = VERTEX_POINT('', #12157);
#12159 = CARTESIAN_POINT('', (41.6299,24,19.1693));
#12160 = VERTEX_POINT('', #12159);
#12161 = CARTESIAN_POINT('', (42.0298,24,19.0281));
#12162 = VERTEX_POINT('', #12161);
#12163 = CARTESIAN_POINT('', (42.0298,24,19.0281));
#12164 = DIRECTION('', (0, -1, 0));
#12165 = VECTOR('',#12164,1);
#12166 = LINE('',#12163, #12165);
#12167 = SURFACE_CURVE('', #12166);
#12168 = EDGE_CURVE('', #12162, #12158,#12167,.T.);
#12169 = ORIENTED_EDGE('',*,*,#12145,.F.);
#12170 = ORIENTED_EDGE('',*,*,#5655,.F.);
#12171 = ORIENTED_EDGE('',*,*,#12168,.T.);
#12172 = CARTESIAN_POINT('', (42.0298,0,19.0281));
#12173 = DIRECTION('', (-0.33314, 0, -0.942878));
#12174 = DIRECTION('', (-0.0166562, 0.999844, 0.005885));
#12175 = AXIS2_PLACEMENT_3D('',#12172,#12173,#12174);
#12176 = PLANE('',#12175);
#12177 = EDGE_LOOP('', (#12169,#12170,#12171));
#12178 = FACE_BOUND('', #12177,.T.);
#12179 = ADVANCED_FACE('', (#12178),#12176,.T.);
#12180 = CARTESIAN_POINT('', (42.0298,0,19.0281));
#12181 = VERTEX_POINT('', #12180);
#12182 = CARTESIAN_POINT('', (42.0298,24,19.0281));
#12183 = VERTEX_POINT('', #12182);
#12184 = CARTESIAN_POINT('', (42.3999,0,18.8213));
#12185 = VERTEX_POINT('', #12184);
#12186 = CARTESIAN_POINT('', (42.0298,24,19.0281));
#12187 = DIRECTION('', (0.0154218, -0.999844, -0.0086151));
#12188 = VECTOR('',#12187,1);
#12189 = LINE('',#12186, #12188);
#12190 = SURFACE_CURVE('', #12189);
#12191 = EDGE_CURVE('', #12183, #12185,#12190,.T.);
#12192 = ORIENTED_EDGE('',*,*,#12168,.F.);
#12193 = ORIENTED_EDGE('',*,*,#12191,.T.);
#12194 = ORIENTED_EDGE('',*,*,#2958,.F.);
#12195 = CARTESIAN_POINT('', (42.0298,0,19.0281));
#12196 = DIRECTION('', (-0.487693, 0, -0.873015));
#12197 = DIRECTION('', (0, 1, 0));
#12198 = AXIS2_PLACEMENT_3D('',#12195,#12196,#12197);
#12199 = PLANE('',#12198);
#12200 = EDGE_LOOP('', (#12192,#12193,#12194));
#12201 = FACE_BOUND('', #12200,.T.);
#12202 = ADVANCED_FACE('', (#12201),#12199,.T.);
#12203 = CARTESIAN_POINT('', (42.3999,0,18.8213));
#12204 = VERTEX_POINT('', #12203);
#12205 = CARTESIAN_POINT('', (42.0298,24,19.0281));
#12206 = VERTEX_POINT('', #12205);
#12207 = CARTESIAN_POINT('', (42.3999,24,18.8213));
#12208 = VERTEX_POINT('', #12207);
#12209 = CARTESIAN_POINT('', (42.3999,24,18.8213));
#12210 = DIRECTION('', (0, -1, 0));
#12211 = VECTOR('',#12210,1);
#12212 = LINE('',#12209, #12211);
#12213 = SURFACE_CURVE('', #12212);
#12214 = EDGE_CURVE('', #12208, #12204,#12213,.T.);
#12215 = ORIENTED_EDGE('',*,*,#12191,.F.);
#12216 = ORIENTED_EDGE('',*,*,#8179,.F.);
#12217 = ORIENTED_EDGE('',*,*,#12214,.T.);
#12218 = CARTESIAN_POINT('', (42.3999,0,18.8213));
#12219 = DIRECTION('', (-0.487693, 0, -0.873015));
#12220 = DIRECTION('', (-0.0154218, 0.999844, 0.0086151));
#12221 = AXIS2_PLACEMENT_3D('',#12218,#12219,#12220);
#12222 = PLANE('',#12221);
#12223 = EDGE_LOOP('', (#12215,#12216,#12217));
#12224 = FACE_BOUND('', #12223,.T.);
#12225 = ADVANCED_FACE('', (#12224),#12222,.T.);
#12226 = CARTESIAN_POINT('', (42.3999,0,18.8213));
#12227 = VERTEX_POINT('', #12226);
#12228 = CARTESIAN_POINT('', (42.3999,24,18.8213));
#12229 = VERTEX_POINT('', #12228);
#12230 = CARTESIAN_POINT('', (42.7298,0,18.5549));
#12231 = VERTEX_POINT('', #12230);
#12232 = CARTESIAN_POINT('', (42.3999,24,18.8213));
#12233 = DIRECTION('', (0.0137441, -0.999844, -0.0110977));
#12234 = VECTOR('',#12233,1);
#12235 = LINE('',#12232, #12234);
#12236 = SURFACE_CURVE('', #12235);
#12237 = EDGE_CURVE('', #12229, #12231,#12236,.T.);
#12238 = ORIENTED_EDGE('',*,*,#12214,.F.);
#12239 = ORIENTED_EDGE('',*,*,#12237,.T.);
#12240 = ORIENTED_EDGE('',*,*,#3450,.F.);
#12241 = CARTESIAN_POINT('', (42.3999,0,18.8213));
#12242 = DIRECTION('', (-0.628223, 0, -0.778033));
#12243 = DIRECTION('', (0, 1, 0));
#12244 = AXIS2_PLACEMENT_3D('',#12241,#12242,#12243);
#12245 = PLANE('',#12244);
#12246 = EDGE_LOOP('', (#12238,#12239,#12240));
#12247 = FACE_BOUND('', #12246,.T.);
#12248 = ADVANCED_FACE('', (#12247),#12245,.T.);
#12249 = CARTESIAN_POINT('', (42.7298,0,18.5549));
#12250 = VERTEX_POINT('', #12249);
#12251 = CARTESIAN_POINT('', (42.3999,24,18.8213));
#12252 = VERTEX_POINT('', #12251);
#12253 = CARTESIAN_POINT('', (42.7298,24,18.5549));
#12254 = VERTEX_POINT('', #12253);
#12255 = CARTESIAN_POINT('', (42.7298,24,18.5549));
#12256 = DIRECTION('', (0, -1, 0));
#12257 = VECTOR('',#12256,1);
#12258 = LINE('',#12255, #12257);
#12259 = SURFACE_CURVE('', #12258);
#12260 = EDGE_CURVE('', #12254, #12250,#12259,.T.);
#12261 = ORIENTED_EDGE('',*,*,#12237,.F.);
#12262 = ORIENTED_EDGE('',*,*,#6903,.F.);
#12263 = ORIENTED_EDGE('',*,*,#12260,.T.);
#12264 = CARTESIAN_POINT('', (42.7298,0,18.5549));
#12265 = DIRECTION('', (-0.628223, 0, -0.778033));
#12266 = DIRECTION('', (-0.0137441, 0.999844, 0.0110977));
#12267 = AXIS2_PLACEMENT_3D('',#12264,#12265,#12266);
#12268 = PLANE('',#12267);
#12269 = EDGE_LOOP('', (#12261,#12262,#12263));
#12270 = FACE_BOUND('', #12269,.T.);
#12271 = ADVANCED_FACE('', (#12270),#12268,.T.);
#12272 = CARTESIAN_POINT('', (42.7298,0,18.5549));
#12273 = VERTEX_POINT('', #12272);
#12274 = CARTESIAN_POINT('', (42.7298,24,18.5549));
#12275 = VERTEX_POINT('', #12274);
#12276 = CARTESIAN_POINT('', (43.01,0,18.2366));
#12277 = VERTEX_POINT('', #12276);
#12278 = CARTESIAN_POINT('', (42.7298,24,18.5549));
#12279 = DIRECTION('', (0.011671, -0.999844, -0.0132607));
#12280 = VECTOR('',#12279,1);
#12281 = LINE('',#12278, #12280);
#12282 = SURFACE_CURVE('', #12281);
#12283 = EDGE_CURVE('', #12275, #12277,#12282,.T.);
#12284 = ORIENTED_EDGE('',*,*,#12260,.F.);
#12285 = ORIENTED_EDGE('',*,*,#12283,.T.);
#12286 = ORIENTED_EDGE('',*,*,#3479,.F.);
#12287 = CARTESIAN_POINT('', (42.7298,0,18.5549));
#12288 = DIRECTION('', (-0.750669, 0, -0.660679));
#12289 = DIRECTION('', (0, 1, 0));
#12290 = AXIS2_PLACEMENT_3D('',#12287,#12288,#12289);
#12291 = PLANE('',#12290);
#12292 = EDGE_LOOP('', (#12284,#12285,#12286));
#12293 = FACE_BOUND('', #12292,.T.);
#12294 = ADVANCED_FACE('', (#12293),#12291,.T.);
#12295 = CARTESIAN_POINT('', (43.01,0,18.2366));
#12296 = VERTEX_POINT('', #12295);
#12297 = CARTESIAN_POINT('', (42.7298,24,18.5549));
#12298 = VERTEX_POINT('', #12297);
#12299 = CARTESIAN_POINT('', (43.01,24,18.2366));
#12300 = VERTEX_POINT('', #12299);
#12301 = CARTESIAN_POINT('', (43.01,24,18.2366));
#12302 = DIRECTION('', (0, -1, 0));
#12303 = VECTOR('',#12302,1);
#12304 = LINE('',#12301, #12303);
#12305 = SURFACE_CURVE('', #12304);
#12306 = EDGE_CURVE('', #12300, #12296,#12305,.T.);
#12307 = ORIENTED_EDGE('',*,*,#12283,.F.);
#12308 = ORIENTED_EDGE('',*,*,#6874,.F.);
#12309 = ORIENTED_EDGE('',*,*,#12306,.T.);
#12310 = CARTESIAN_POINT('', (43.01,0,18.2366));
#12311 = DIRECTION('', (-0.750669, 0, -0.660679));
#12312 = DIRECTION('', (-0.011671, 0.999844, 0.0132607));
#12313 = AXIS2_PLACEMENT_3D('',#12310,#12311,#12312);
#12314 = PLANE('',#12313);
#12315 = EDGE_LOOP('', (#12307,#12308,#12309));
#12316 = FACE_BOUND('', #12315,.T.);
#12317 = ADVANCED_FACE('', (#12316),#12314,.T.);
#12318 = CARTESIAN_POINT('', (43.01,0,18.2366));
#12319 = VERTEX_POINT('', #12318);
#12320 = CARTESIAN_POINT('', (43.01,24,18.2366));
#12321 = VERTEX_POINT('', #12320);
#12322 = CARTESIAN_POINT('', (43.2323,0,17.8755));
#12323 = VERTEX_POINT('', #12322);
#12324 = CARTESIAN_POINT('', (43.01,24,18.2366));
#12325 = DIRECTION('', (0.00926191, -0.999844, -0.0150424));
#12326 = VECTOR('',#12325,1);
#12327 = LINE('',#12324, #12326);
#12328 = SURFACE_CURVE('', #12327);
#12329 = EDGE_CURVE('', #12321, #12323,#12328,.T.);
#12330 = ORIENTED_EDGE('',*,*,#12306,.F.);
#12331 = ORIENTED_EDGE('',*,*,#12329,.T.);
#12332 = ORIENTED_EDGE('',*,*,#3508,.F.);
#12333 = CARTESIAN_POINT('', (43.01,0,18.2366));
#12334 = DIRECTION('', (-0.851531, 0, -0.524304));
#12335 = DIRECTION('', (0, 1, 0));
#12336 = AXIS2_PLACEMENT_3D('',#12333,#12334,#12335);
#12337 = PLANE('',#12336);
#12338 = EDGE_LOOP('', (#12330,#12331,#12332));
#12339 = FACE_BOUND('', #12338,.T.);
#12340 = ADVANCED_FACE('', (#12339),#12337,.T.);
#12341 = CARTESIAN_POINT('', (43.2323,0,17.8755));
#12342 = VERTEX_POINT('', #12341);
#12343 = CARTESIAN_POINT('', (43.01,24,18.2366));
#12344 = VERTEX_POINT('', #12343);
#12345 = CARTESIAN_POINT('', (43.2323,24,17.8755));
#12346 = VERTEX_POINT('', #12345);
#12347 = CARTESIAN_POINT('', (43.2323,24,17.8755));
#12348 = DIRECTION('', (0, -1, 0));
#12349 = VECTOR('',#12348,1);
#12350 = LINE('',#12347, #12349);
#12351 = SURFACE_CURVE('', #12350);
#12352 = EDGE_CURVE('', #12346, #12342,#12351,.T.);
#12353 = ORIENTED_EDGE('',*,*,#12329,.F.);
#12354 = ORIENTED_EDGE('',*,*,#6839,.F.);
#12355 = ORIENTED_EDGE('',*,*,#12352,.T.);
#12356 = CARTESIAN_POINT('', (43.2323,0,17.8755));
#12357 = DIRECTION('', (-0.851531, 0, -0.524304));
#12358 = DIRECTION('', (-0.00926191, 0.999844, 0.0150424));
#12359 = AXIS2_PLACEMENT_3D('',#12356,#12357,#12358);
#12360 = PLANE('',#12359);
#12361 = EDGE_LOOP('', (#12353,#12354,#12355));
#12362 = FACE_BOUND('', #12361,.T.);
#12363 = ADVANCED_FACE('', (#12362),#12360,.T.);
#12364 = CARTESIAN_POINT('', (43.2323,0,17.8755));
#12365 = VERTEX_POINT('', #12364);
#12366 = CARTESIAN_POINT('', (43.2323,24,17.8755));
#12367 = VERTEX_POINT('', #12366);
#12368 = CARTESIAN_POINT('', (43.3904,0,17.4821));
#12369 = VERTEX_POINT('', #12368);
#12370 = CARTESIAN_POINT('', (43.2323,24,17.8755));
#12371 = DIRECTION('', (0.00658648, -0.999844, -0.0163913));
#12372 = VECTOR('',#12371,1);
#12373 = LINE('',#12370, #12372);
#12374 = SURFACE_CURVE('', #12373);
#12375 = EDGE_CURVE('', #12367, #12369,#12374,.T.);
#12376 = ORIENTED_EDGE('',*,*,#12352,.F.);
#12377 = ORIENTED_EDGE('',*,*,#12375,.T.);
#12378 = ORIENTED_EDGE('',*,*,#3537,.F.);
#12379 = CARTESIAN_POINT('', (43.2323,0,17.8755));
#12380 = DIRECTION('', (-0.927891, 0, -0.372851));
#12381 = DIRECTION('', (0, 1, 0));
#12382 = AXIS2_PLACEMENT_3D('',#12379,#12380,#12381);
#12383 = PLANE('',#12382);
#12384 = EDGE_LOOP('', (#12376,#12377,#12378));
#12385 = FACE_BOUND('', #12384,.T.);
#12386 = ADVANCED_FACE('', (#12385),#12383,.T.);
#12387 = CARTESIAN_POINT('', (43.3904,0,17.4821));
#12388 = VERTEX_POINT('', #12387);
#12389 = CARTESIAN_POINT('', (43.2323,24,17.8755));
#12390 = VERTEX_POINT('', #12389);
#12391 = CARTESIAN_POINT('', (43.3904,24,17.4821));
#12392 = VERTEX_POINT('', #12391);
#12393 = CARTESIAN_POINT('', (43.3904,24,17.4821));
#12394 = DIRECTION('', (0, -1, 0));
#12395 = VECTOR('',#12394,1);
#12396 = LINE('',#12393, #12395);
#12397 = SURFACE_CURVE('', #12396);
#12398 = EDGE_CURVE('', #12392, #12388,#12397,.T.);
#12399 = ORIENTED_EDGE('',*,*,#12375,.F.);
#12400 = ORIENTED_EDGE('',*,*,#7048,.F.);
#12401 = ORIENTED_EDGE('',*,*,#12398,.T.);
#12402 = CARTESIAN_POINT('', (43.3904,0,17.4821));
#12403 = DIRECTION('', (-0.927891, 0, -0.372851));
#12404 = DIRECTION('', (-0.00658648, 0.999844, 0.0163913));
#12405 = AXIS2_PLACEMENT_3D('',#12402,#12403,#12404);
#12406 = PLANE('',#12405);
#12407 = EDGE_LOOP('', (#12399,#12400,#12401));
#12408 = FACE_BOUND('', #12407,.T.);
#12409 = ADVANCED_FACE('', (#12408),#12406,.T.);
#12410 = CARTESIAN_POINT('', (43.3904,0,17.4821));
#12411 = VERTEX_POINT('', #12410);
#12412 = CARTESIAN_POINT('', (43.3904,24,17.4821));
#12413 = VERTEX_POINT('', #12412);
#12414 = CARTESIAN_POINT('', (43.4798,0,17.0675));
#12415 = VERTEX_POINT('', #12414);
#12416 = CARTESIAN_POINT('', (43.3904,24,17.4821));
#12417 = DIRECTION('', (0.00372177, -0.999844, -0.0172687));
#12418 = VECTOR('',#12417,1);
#12419 = LINE('',#12416, #12418);
#12420 = SURFACE_CURVE('', #12419);
#12421 = EDGE_CURVE('', #12413, #12415,#12420,.T.);
#12422 = ORIENTED_EDGE('',*,*,#12398,.F.);
#12423 = ORIENTED_EDGE('',*,*,#12421,.T.);
#12424 = ORIENTED_EDGE('',*,*,#3566,.F.);
#12425 = CARTESIAN_POINT('', (43.3904,0,17.4821));
#12426 = DIRECTION('', (-0.977554, 0, -0.210684));
#12427 = DIRECTION('', (0, 1, 0));
#12428 = AXIS2_PLACEMENT_3D('',#12425,#12426,#12427);
#12429 = PLANE('',#12428);
#12430 = EDGE_LOOP('', (#12422,#12423,#12424));
#12431 = FACE_BOUND('', #12430,.T.);
#12432 = ADVANCED_FACE('', (#12431),#12429,.T.);
#12433 = CARTESIAN_POINT('', (43.4798,0,17.0675));
#12434 = VERTEX_POINT('', #12433);
#12435 = CARTESIAN_POINT('', (43.3904,24,17.4821));
#12436 = VERTEX_POINT('', #12435);
#12437 = CARTESIAN_POINT('', (43.4798,24,17.0675));
#12438 = VERTEX_POINT('', #12437);
#12439 = CARTESIAN_POINT('', (43.4798,24,17.0675));
#12440 = DIRECTION('', (0, -1, 0));
#12441 = VECTOR('',#12440,1);
#12442 = LINE('',#12439, #12441);
#12443 = SURFACE_CURVE('', #12442);
#12444 = EDGE_CURVE('', #12438, #12434,#12443,.T.);
#12445 = ORIENTED_EDGE('',*,*,#12421,.F.);
#12446 = ORIENTED_EDGE('',*,*,#7019,.F.);
#12447 = ORIENTED_EDGE('',*,*,#12444,.T.);
#12448 = CARTESIAN_POINT('', (43.4798,0,17.0675));
#12449 = DIRECTION('', (-0.977554, 0, -0.210684));
#12450 = DIRECTION('', (-0.00372177, 0.999844, 0.0172687));
#12451 = AXIS2_PLACEMENT_3D('',#12448,#12449,#12450);
#12452 = PLANE('',#12451);
#12453 = EDGE_LOOP('', (#12445,#12446,#12447));
#12454 = FACE_BOUND('', #12453,.T.);
#12455 = ADVANCED_FACE('', (#12454),#12452,.T.);
#12456 = CARTESIAN_POINT('', (43.4798,0,17.0675));
#12457 = VERTEX_POINT('', #12456);
#12458 = CARTESIAN_POINT('', (43.4798,24,17.0675));
#12459 = VERTEX_POINT('', #12458);
#12460 = CARTESIAN_POINT('', (43.4977,0,16.6439));
#12461 = VERTEX_POINT('', #12460);
#12462 = CARTESIAN_POINT('', (43.4798,24,17.0675));
#12463 = DIRECTION('', (0.000749789, -0.999844, -0.0176493));
#12464 = VECTOR('',#12463,1);
#12465 = LINE('',#12462, #12464);
#12466 = SURFACE_CURVE('', #12465);
#12467 = EDGE_CURVE('', #12459, #12461,#12466,.T.);
#12468 = ORIENTED_EDGE('',*,*,#12444,.F.);
#12469 = ORIENTED_EDGE('',*,*,#12467,.T.);
#12470 = ORIENTED_EDGE('',*,*,#3618,.F.);
#12471 = CARTESIAN_POINT('', (43.4798,0,17.0675));
#12472 = DIRECTION('', (-0.999099, 0, -0.0424444));
#12473 = DIRECTION('', (0, 1, 0));
#12474 = AXIS2_PLACEMENT_3D('',#12471,#12472,#12473);
#12475 = PLANE('',#12474);
#12476 = EDGE_LOOP('', (#12468,#12469,#12470));
#12477 = FACE_BOUND('', #12476,.T.);
#12478 = ADVANCED_FACE('', (#12477),#12475,.T.);
#12479 = CARTESIAN_POINT('', (43.4977,0,16.6439));
#12480 = VERTEX_POINT('', #12479);
#12481 = CARTESIAN_POINT('', (43.4798,24,17.0675));
#12482 = VERTEX_POINT('', #12481);
#12483 = CARTESIAN_POINT('', (43.4977,24,16.6439));
#12484 = VERTEX_POINT('', #12483);
#12485 = CARTESIAN_POINT('', (43.4977,24,16.6439));
#12486 = DIRECTION('', (0, -1, 0));
#12487 = VECTOR('',#12486,1);
#12488 = LINE('',#12485, #12487);
#12489 = SURFACE_CURVE('', #12488);
#12490 = EDGE_CURVE('', #12484, #12480,#12489,.T.);
#12491 = ORIENTED_EDGE('',*,*,#12467,.F.);
#12492 = ORIENTED_EDGE('',*,*,#6967,.F.);
#12493 = ORIENTED_EDGE('',*,*,#12490,.T.);
#12494 = CARTESIAN_POINT('', (43.4977,0,16.6439));
#12495 = DIRECTION('', (-0.999099, 0, -0.0424444));
#12496 = DIRECTION('', (-0.000749789, 0.999844, 0.0176493));
#12497 = AXIS2_PLACEMENT_3D('',#12494,#12495,#12496);
#12498 = PLANE('',#12497);
#12499 = EDGE_LOOP('', (#12491,#12492,#12493));
#12500 = FACE_BOUND('', #12499,.T.);
#12501 = ADVANCED_FACE('', (#12500),#12498,.T.);
#12502 = CARTESIAN_POINT('', (43.4977,0,16.6439));
#12503 = VERTEX_POINT('', #12502);
#12504 = CARTESIAN_POINT('', (43.4977,24,16.6439));
#12505 = VERTEX_POINT('', #12504);
#12506 = CARTESIAN_POINT('', (43.4439,0,16.2233));
#12507 = VERTEX_POINT('', #12506);
#12508 = CARTESIAN_POINT('', (43.4977,24,16.6439));
#12509 = DIRECTION('', (-0.0022438, -0.999844, -0.0175219));
#12510 = VECTOR('',#12509,1);
#12511 = LINE('',#12508, #12510);
#12512 = SURFACE_CURVE('', #12511);
#12513 = EDGE_CURVE('', #12505, #12507,#12512,.T.);
#12514 = ORIENTED_EDGE('',*,*,#12490,.F.);
#12515 = ORIENTED_EDGE('',*,*,#12513,.T.);
#12516 = ORIENTED_EDGE('',*,*,#3647,.F.);
#12517 = CARTESIAN_POINT('', (43.4977,0,16.6439));
#12518 = DIRECTION('', (-0.9919, 0, 0.12702));
#12519 = DIRECTION('', (0, 1, 0));
#12520 = AXIS2_PLACEMENT_3D('',#12517,#12518,#12519);
#12521 = PLANE('',#12520);
#12522 = EDGE_LOOP('', (#12514,#12515,#12516));
#12523 = FACE_BOUND('', #12522,.T.);
#12524 = ADVANCED_FACE('', (#12523),#12521,.T.);
#12525 = CARTESIAN_POINT('', (43.4439,0,16.2233));
#12526 = VERTEX_POINT('', #12525);
#12527 = CARTESIAN_POINT('', (43.4977,24,16.6439));
#12528 = VERTEX_POINT('', #12527);
#12529 = CARTESIAN_POINT('', (43.4439,24,16.2233));
#12530 = VERTEX_POINT('', #12529);
#12531 = CARTESIAN_POINT('', (43.4439,24,16.2233));
#12532 = DIRECTION('', (0, -1, 0));
#12533 = VECTOR('',#12532,1);
#12534 = LINE('',#12531, #12533);
#12535 = SURFACE_CURVE('', #12534);
#12536 = EDGE_CURVE('', #12530, #12526,#12535,.T.);
#12537 = ORIENTED_EDGE('',*,*,#12513,.F.);
#12538 = ORIENTED_EDGE('',*,*,#6932,.F.);
#12539 = ORIENTED_EDGE('',*,*,#12536,.T.);
#12540 = CARTESIAN_POINT('', (43.4439,0,16.2233));
#12541 = DIRECTION('', (-0.9919, 0, 0.12702));
#12542 = DIRECTION('', (0.0022438, 0.999844, 0.0175219));
#12543 = AXIS2_PLACEMENT_3D('',#12540,#12541,#12542);
#12544 = PLANE('',#12543);
#12545 = EDGE_LOOP('', (#12537,#12538,#12539));
#12546 = FACE_BOUND('', #12545,.T.);
#12547 = ADVANCED_FACE('', (#12546),#12544,.T.);
#12548 = CARTESIAN_POINT('', (43.4439,0,16.2233));
#12549 = VERTEX_POINT('', #12548);
#12550 = CARTESIAN_POINT('', (43.4439,24,16.2233));
#12551 = VERTEX_POINT('', #12550);
#12552 = CARTESIAN_POINT('', (43.3197,0,15.8179));
#12553 = VERTEX_POINT('', #12552);
#12554 = CARTESIAN_POINT('', (43.4439,24,16.2233));
#12555 = DIRECTION('', (-0.00517288, -0.999844, -0.0168908));
#12556 = VECTOR('',#12555,1);
#12557 = LINE('',#12554, #12556);
#12558 = SURFACE_CURVE('', #12557);
#12559 = EDGE_CURVE('', #12551, #12553,#12558,.T.);
#12560 = ORIENTED_EDGE('',*,*,#12536,.F.);
#12561 = ORIENTED_EDGE('',*,*,#12559,.T.);
#12562 = ORIENTED_EDGE('',*,*,#2448,.F.);
#12563 = CARTESIAN_POINT('', (43.4439,0,16.2233));
#12564 = DIRECTION('', (-0.956165, 0, 0.292829));
#12565 = DIRECTION('', (0, 1, 0));
#12566 = AXIS2_PLACEMENT_3D('',#12563,#12564,#12565);
#12567 = PLANE('',#12566);
#12568 = EDGE_LOOP('', (#12560,#12561,#12562));
#12569 = FACE_BOUND('', #12568,.T.);
#12570 = ADVANCED_FACE('', (#12569),#12567,.T.);
#12571 = CARTESIAN_POINT('', (43.3197,0,15.8179));
#12572 = VERTEX_POINT('', #12571);
#12573 = CARTESIAN_POINT('', (43.4439,24,16.2233));
#12574 = VERTEX_POINT('', #12573);
#12575 = CARTESIAN_POINT('', (43.3197,24,15.8179));
#12576 = VERTEX_POINT('', #12575);
#12577 = CARTESIAN_POINT('', (43.3197,24,15.8179));
#12578 = DIRECTION('', (0, -1, 0));
#12579 = VECTOR('',#12578,1);
#12580 = LINE('',#12577, #12579);
#12581 = SURFACE_CURVE('', #12580);
#12582 = EDGE_CURVE('', #12576, #12572,#12581,.T.);
#12583 = ORIENTED_EDGE('',*,*,#12559,.F.);
#12584 = ORIENTED_EDGE('',*,*,#10056,.F.);
#12585 = ORIENTED_EDGE('',*,*,#12582,.T.);
#12586 = CARTESIAN_POINT('', (43.3197,0,15.8179));
#12587 = DIRECTION('', (-0.956165, 0, 0.292829));
#12588 = DIRECTION('', (0.00517288, 0.999844, 0.0168908));
#12589 = AXIS2_PLACEMENT_3D('',#12586,#12587,#12588);
#12590 = PLANE('',#12589);
#12591 = EDGE_LOOP('', (#12583,#12584,#12585));
#12592 = FACE_BOUND('', #12591,.T.);
#12593 = ADVANCED_FACE('', (#12592),#12590,.T.);
#12594 = CARTESIAN_POINT('', (43.3197,0,15.8179));
#12595 = VERTEX_POINT('', #12594);
#12596 = CARTESIAN_POINT('', (43.3197,24,15.8179));
#12597 = VERTEX_POINT('', #12596);
#12598 = CARTESIAN_POINT('', (43.1288,0,15.4392));
#12599 = VERTEX_POINT('', #12598);
#12600 = CARTESIAN_POINT('', (43.3197,24,15.8179));
#12601 = DIRECTION('', (-0.00795288, -0.999844, -0.0157737));
#12602 = VECTOR('',#12601,1);
#12603 = LINE('',#12600, #12602);
#12604 = SURFACE_CURVE('', #12603);
#12605 = EDGE_CURVE('', #12597, #12599,#12604,.T.);
#12606 = ORIENTED_EDGE('',*,*,#12582,.F.);
#12607 = ORIENTED_EDGE('',*,*,#12605,.T.);
#12608 = ORIENTED_EDGE('',*,*,#2419,.F.);
#12609 = CARTESIAN_POINT('', (43.3197,0,15.8179));
#12610 = DIRECTION('', (-0.892927, 0, 0.450201));
#12611 = DIRECTION('', (0, 1, 0));
#12612 = AXIS2_PLACEMENT_3D('',#12609,#12610,#12611);
#12613 = PLANE('',#12612);
#12614 = EDGE_LOOP('', (#12606,#12607,#12608));
#12615 = FACE_BOUND('', #12614,.T.);
#12616 = ADVANCED_FACE('', (#12615),#12613,.T.);
#12617 = CARTESIAN_POINT('', (43.1288,0,15.4392));
#12618 = VERTEX_POINT('', #12617);
#12619 = CARTESIAN_POINT('', (43.3197,24,15.8179));
#12620 = VERTEX_POINT('', #12619);
#12621 = CARTESIAN_POINT('', (43.1288,24,15.4392));
#12622 = VERTEX_POINT('', #12621);
#12623 = CARTESIAN_POINT('', (43.1288,24,15.4392));
#12624 = DIRECTION('', (0, -1, 0));
#12625 = VECTOR('',#12624,1);
#12626 = LINE('',#12623, #12625);
#12627 = SURFACE_CURVE('', #12626);
#12628 = EDGE_CURVE('', #12622, #12618,#12627,.T.);
#12629 = ORIENTED_EDGE('',*,*,#12605,.F.);
#12630 = ORIENTED_EDGE('',*,*,#10027,.F.);
#12631 = ORIENTED_EDGE('',*,*,#12628,.T.);
#12632 = CARTESIAN_POINT('', (43.1288,0,15.4392));
#12633 = DIRECTION('', (-0.892927, 0, 0.450201));
#12634 = DIRECTION('', (0.00795288, 0.999844, 0.0157737));
#12635 = AXIS2_PLACEMENT_3D('',#12632,#12633,#12634);
#12636 = PLANE('',#12635);
#12637 = EDGE_LOOP('', (#12629,#12630,#12631));
#12638 = FACE_BOUND('', #12637,.T.);
#12639 = ADVANCED_FACE('', (#12638),#12636,.T.);
#12640 = CARTESIAN_POINT('', (43.1288,0,15.4392));
#12641 = VERTEX_POINT('', #12640);
#12642 = CARTESIAN_POINT('', (43.1288,24,15.4392));
#12643 = VERTEX_POINT('', #12642);
#12644 = CARTESIAN_POINT('', (42.8767,0,15.0983));
#12645 = VERTEX_POINT('', #12644);
#12646 = CARTESIAN_POINT('', (43.1288,24,15.4392));
#12647 = DIRECTION('', (-0.0105044, -0.999844, -0.0142028));
#12648 = VECTOR('',#12647,1);
#12649 = LINE('',#12646, #12648);
#12650 = SURFACE_CURVE('', #12649);
#12651 = EDGE_CURVE('', #12643, #12645,#12650,.T.);
#12652 = ORIENTED_EDGE('',*,*,#12628,.F.);
#12653 = ORIENTED_EDGE('',*,*,#12651,.T.);
#12654 = ORIENTED_EDGE('',*,*,#2471,.F.);
#12655 = CARTESIAN_POINT('', (43.1288,0,15.4392));
#12656 = DIRECTION('', (-0.803996, 0, 0.594635));
#12657 = DIRECTION('', (0, 1, 0));
#12658 = AXIS2_PLACEMENT_3D('',#12655,#12656,#12657);
#12659 = PLANE('',#12658);
#12660 = EDGE_LOOP('', (#12652,#12653,#12654));
#12661 = FACE_BOUND('', #12660,.T.);
#12662 = ADVANCED_FACE('', (#12661),#12659,.T.);
#12663 = CARTESIAN_POINT('', (42.8767,0,15.0983));
#12664 = VERTEX_POINT('', #12663);
#12665 = CARTESIAN_POINT('', (43.1288,24,15.4392));
#12666 = VERTEX_POINT('', #12665);
#12667 = CARTESIAN_POINT('', (42.8767,24,15.0983));
#12668 = VERTEX_POINT('', #12667);
#12669 = CARTESIAN_POINT('', (42.8767,24,15.0983));
#12670 = DIRECTION('', (0, -1, 0));
#12671 = VECTOR('',#12670,1);
#12672 = LINE('',#12669, #12671);
#12673 = SURFACE_CURVE('', #12672);
#12674 = EDGE_CURVE('', #12668, #12664,#12673,.T.);
#12675 = ORIENTED_EDGE('',*,*,#12651,.F.);
#12676 = ORIENTED_EDGE('',*,*,#9998,.F.);
#12677 = ORIENTED_EDGE('',*,*,#12674,.T.);
#12678 = CARTESIAN_POINT('', (42.8767,0,15.0983));
#12679 = DIRECTION('', (-0.803996, 0, 0.594635));
#12680 = DIRECTION('', (0.0105044, 0.999844, 0.0142028));
#12681 = AXIS2_PLACEMENT_3D('',#12678,#12679,#12680);
#12682 = PLANE('',#12681);
#12683 = EDGE_LOOP('', (#12675,#12676,#12677));
#12684 = FACE_BOUND('', #12683,.T.);
#12685 = ADVANCED_FACE('', (#12684),#12682,.T.);
#12686 = CARTESIAN_POINT('', (42.8767,0,15.0983));
#12687 = VERTEX_POINT('', #12686);
#12688 = CARTESIAN_POINT('', (42.8767,24,15.0983));
#12689 = VERTEX_POINT('', #12688);
#12690 = CARTESIAN_POINT('', (42.5705,0,14.8049));
#12691 = VERTEX_POINT('', #12690);
#12692 = CARTESIAN_POINT('', (42.8767,24,15.0983));
#12693 = DIRECTION('', (-0.0127534, -0.999844, -0.0122233));
#12694 = VECTOR('',#12693,1);
#12695 = LINE('',#12692, #12694);
#12696 = SURFACE_CURVE('', #12695);
#12697 = EDGE_CURVE('', #12689, #12691,#12696,.T.);
#12698 = ORIENTED_EDGE('',*,*,#12674,.F.);
#12699 = ORIENTED_EDGE('',*,*,#12697,.T.);
#12700 = ORIENTED_EDGE('',*,*,#2500,.F.);
#12701 = CARTESIAN_POINT('', (42.8767,0,15.0983));
#12702 = DIRECTION('', (-0.691943, 0, 0.721952));
#12703 = DIRECTION('', (0, 1, 0));
#12704 = AXIS2_PLACEMENT_3D('',#12701,#12702,#12703);
#12705 = PLANE('',#12704);
#12706 = EDGE_LOOP('', (#12698,#12699,#12700));
#12707 = FACE_BOUND('', #12706,.T.);
#12708 = ADVANCED_FACE('', (#12707),#12705,.T.);
#12709 = CARTESIAN_POINT('', (42.5705,0,14.8049));
#12710 = VERTEX_POINT('', #12709);
#12711 = CARTESIAN_POINT('', (42.8767,24,15.0983));
#12712 = VERTEX_POINT('', #12711);
#12713 = CARTESIAN_POINT('', (42.5705,24,14.8049));
#12714 = VERTEX_POINT('', #12713);
#12715 = CARTESIAN_POINT('', (42.5705,24,14.8049));
#12716 = DIRECTION('', (0, -1, 0));
#12717 = VECTOR('',#12716,1);
#12718 = LINE('',#12715, #12717);
#12719 = SURFACE_CURVE('', #12718);
#12720 = EDGE_CURVE('', #12714, #12710,#12719,.T.);
#12721 = ORIENTED_EDGE('',*,*,#12697,.F.);
#12722 = ORIENTED_EDGE('',*,*,#9697,.F.);
#12723 = ORIENTED_EDGE('',*,*,#12720,.T.);
#12724 = CARTESIAN_POINT('', (42.5705,0,14.8049));
#12725 = DIRECTION('', (-0.691943, 0, 0.721952));
#12726 = DIRECTION('', (0.0127534, 0.999844, 0.0122233));
#12727 = AXIS2_PLACEMENT_3D('',#12724,#12725,#12726);
#12728 = PLANE('',#12727);
#12729 = EDGE_LOOP('', (#12721,#12722,#12723));
#12730 = FACE_BOUND('', #12729,.T.);
#12731 = ADVANCED_FACE('', (#12730),#12728,.T.);
#12732 = CARTESIAN_POINT('', (42.5705,0,14.8049));
#12733 = VERTEX_POINT('', #12732);
#12734 = CARTESIAN_POINT('', (42.5705,24,14.8049));
#12735 = VERTEX_POINT('', #12734);
#12736 = CARTESIAN_POINT('', (42.2192,0,14.5675));
#12737 = VERTEX_POINT('', #12736);
#12738 = CARTESIAN_POINT('', (42.5705,24,14.8049));
#12739 = DIRECTION('', (-0.0146357, -0.999844, -0.00989203));
#12740 = VECTOR('',#12739,1);
#12741 = LINE('',#12738, #12740);
#12742 = SURFACE_CURVE('', #12741);
#12743 = EDGE_CURVE('', #12735, #12737,#12742,.T.);
#12744 = ORIENTED_EDGE('',*,*,#12720,.F.);
#12745 = ORIENTED_EDGE('',*,*,#12743,.T.);
#12746 = ORIENTED_EDGE('',*,*,#2529,.F.);
#12747 = CARTESIAN_POINT('', (42.5705,0,14.8049));
#12748 = DIRECTION('', (-0.559977, 0, 0.828508));
#12749 = DIRECTION('', (0, 1, 0));
#12750 = AXIS2_PLACEMENT_3D('',#12747,#12748,#12749);
#12751 = PLANE('',#12750);
#12752 = EDGE_LOOP('', (#12744,#12745,#12746));
#12753 = FACE_BOUND('', #12752,.T.);
#12754 = ADVANCED_FACE('', (#12753),#12751,.T.);
#12755 = CARTESIAN_POINT('', (42.2192,0,14.5675));
#12756 = VERTEX_POINT('', #12755);
#12757 = CARTESIAN_POINT('', (42.5705,24,14.8049));
#12758 = VERTEX_POINT('', #12757);
#12759 = CARTESIAN_POINT('', (42.2192,24,14.5675));
#12760 = VERTEX_POINT('', #12759);
#12761 = CARTESIAN_POINT('', (42.2192,24,14.5675));
#12762 = DIRECTION('', (0, -1, 0));
#12763 = VECTOR('',#12762,1);
#12764 = LINE('',#12761, #12763);
#12765 = SURFACE_CURVE('', #12764);
#12766 = EDGE_CURVE('', #12760, #12756,#12765,.T.);
#12767 = ORIENTED_EDGE('',*,*,#12743,.F.);
#12768 = ORIENTED_EDGE('',*,*,#9668,.F.);
#12769 = ORIENTED_EDGE('',*,*,#12766,.T.);
#12770 = CARTESIAN_POINT('', (42.2192,0,14.5675));
#12771 = DIRECTION('', (-0.559977, 0, 0.828508));
#12772 = DIRECTION('', (0.0146357, 0.999844, 0.00989203));
#12773 = AXIS2_PLACEMENT_3D('',#12770,#12771,#12772);
#12774 = PLANE('',#12773);
#12775 = EDGE_LOOP('', (#12767,#12768,#12769));
#12776 = FACE_BOUND('', #12775,.T.);
#12777 = ADVANCED_FACE('', (#12776),#12774,.T.);
#12778 = CARTESIAN_POINT('', (42.2192,0,14.5675));
#12779 = VERTEX_POINT('', #12778);
#12780 = CARTESIAN_POINT('', (42.2192,24,14.5675));
#12781 = VERTEX_POINT('', #12780);
#12782 = CARTESIAN_POINT('', (41.8328,0,14.3928));
#12783 = VERTEX_POINT('', #12782);
#12784 = CARTESIAN_POINT('', (42.2192,24,14.5675));
#12785 = DIRECTION('', (-0.0160971, -0.999844, -0.00727623));
#12786 = VECTOR('',#12785,1);
#12787 = LINE('',#12784, #12786);
#12788 = SURFACE_CURVE('', #12787);
#12789 = EDGE_CURVE('', #12781, #12783,#12788,.T.);
#12790 = ORIENTED_EDGE('',*,*,#12766,.F.);
#12791 = ORIENTED_EDGE('',*,*,#12789,.T.);
#12792 = ORIENTED_EDGE('',*,*,#1003,.F.);
#12793 = CARTESIAN_POINT('', (42.2192,0,14.5675));
#12794 = DIRECTION('', (-0.411896, 0, 0.911231));
#12795 = DIRECTION('', (0, 1, 0));
#12796 = AXIS2_PLACEMENT_3D('',#12793,#12794,#12795);
#12797 = PLANE('',#12796);
#12798 = EDGE_LOOP('', (#12790,#12791,#12792));
#12799 = FACE_BOUND('', #12798,.T.);
#12800 = ADVANCED_FACE('', (#12799),#12797,.T.);
#12801 = CARTESIAN_POINT('', (41.8328,0,14.3928));
#12802 = VERTEX_POINT('', #12801);
#12803 = CARTESIAN_POINT('', (42.2192,24,14.5675));
#12804 = VERTEX_POINT('', #12803);
#12805 = CARTESIAN_POINT('', (41.8328,24,14.3928));
#12806 = VERTEX_POINT('', #12805);
#12807 = CARTESIAN_POINT('', (41.8328,24,14.3928));
#12808 = DIRECTION('', (0, -1, 0));
#12809 = VECTOR('',#12808,1);
#12810 = LINE('',#12807, #12809);
#12811 = SURFACE_CURVE('', #12810);
#12812 = EDGE_CURVE('', #12806, #12802,#12811,.T.);
#12813 = ORIENTED_EDGE('',*,*,#12789,.F.);
#12814 = ORIENTED_EDGE('',*,*,#9639,.F.);
#12815 = ORIENTED_EDGE('',*,*,#12812,.T.);
#12816 = CARTESIAN_POINT('', (41.8328,0,14.3928));
#12817 = DIRECTION('', (-0.411896, 0, 0.911231));
#12818 = DIRECTION('', (0.0160971, 0.999844, 0.00727623));
#12819 = AXIS2_PLACEMENT_3D('',#12816,#12817,#12818);
#12820 = PLANE('',#12819);
#12821 = EDGE_LOOP('', (#12813,#12814,#12815));
#12822 = FACE_BOUND('', #12821,.T.);
#12823 = ADVANCED_FACE('', (#12822),#12820,.T.);
#12824 = CARTESIAN_POINT('', (41.8328,0,14.3928));
#12825 = VERTEX_POINT('', #12824);
#12826 = CARTESIAN_POINT('', (41.8328,24,14.3928));
#12827 = VERTEX_POINT('', #12826);
#12828 = CARTESIAN_POINT('', (41.4225,0,14.286));
#12829 = VERTEX_POINT('', #12828);
#12830 = CARTESIAN_POINT('', (41.8328,24,14.3928));
#12831 = DIRECTION('', (-0.0170951, -0.999844, -0.00445118));
#12832 = VECTOR('',#12831,1);
#12833 = LINE('',#12830, #12832);
#12834 = SURFACE_CURVE('', #12833);
#12835 = EDGE_CURVE('', #12827, #12829,#12834,.T.);
#12836 = ORIENTED_EDGE('',*,*,#12812,.F.);
#12837 = ORIENTED_EDGE('',*,*,#12835,.T.);
#12838 = ORIENTED_EDGE('',*,*,#1038,.F.);
#12839 = CARTESIAN_POINT('', (41.8328,0,14.3928));
#12840 = DIRECTION('', (-0.251976, 0, 0.967734));
#12841 = DIRECTION('', (0, 1, 0));
#12842 = AXIS2_PLACEMENT_3D('',#12839,#12840,#12841);
#12843 = PLANE('',#12842);
#12844 = EDGE_LOOP('', (#12836,#12837,#12838));
#12845 = FACE_BOUND('', #12844,.T.);
#12846 = ADVANCED_FACE('', (#12845),#12843,.T.);
#12847 = CARTESIAN_POINT('', (41.4225,0,14.286));
#12848 = VERTEX_POINT('', #12847);
#12849 = CARTESIAN_POINT('', (41.8328,24,14.3928));
#12850 = VERTEX_POINT('', #12849);
#12851 = CARTESIAN_POINT('', (41.4225,24,14.286));
#12852 = VERTEX_POINT('', #12851);
#12853 = CARTESIAN_POINT('', (41.4225,24,14.286));
#12854 = DIRECTION('', (0, -1, 0));
#12855 = VECTOR('',#12854,1);
#12856 = LINE('',#12853, #12855);
#12857 = SURFACE_CURVE('', #12856);
#12858 = EDGE_CURVE('', #12852, #12848,#12857,.T.);
#12859 = ORIENTED_EDGE('',*,*,#12835,.F.);
#12860 = ORIENTED_EDGE('',*,*,#9378,.F.);
#12861 = ORIENTED_EDGE('',*,*,#12858,.T.);
#12862 = CARTESIAN_POINT('', (41.4225,0,14.286));
#12863 = DIRECTION('', (-0.251976, 0, 0.967734));
#12864 = DIRECTION('', (0.0170951, 0.999844, 0.00445118));
#12865 = AXIS2_PLACEMENT_3D('',#12862,#12863,#12864);
#12866 = PLANE('',#12865);
#12867 = EDGE_LOOP('', (#12859,#12860,#12861));
#12868 = FACE_BOUND('', #12867,.T.);
#12869 = ADVANCED_FACE('', (#12868),#12866,.T.);
#12870 = CARTESIAN_POINT('', (41.4225,0,14.286));
#12871 = VERTEX_POINT('', #12870);
#12872 = CARTESIAN_POINT('', (41.4225,24,14.286));
#12873 = VERTEX_POINT('', #12872);
#12874 = CARTESIAN_POINT('', (41,0,14.25));
#12875 = VERTEX_POINT('', #12874);
#12876 = CARTESIAN_POINT('', (41.4225,24,14.286));
#12877 = DIRECTION('', (-0.0176014, -0.999844, -0.00149811));
#12878 = VECTOR('',#12877,1);
#12879 = LINE('',#12876, #12878);
#12880 = SURFACE_CURVE('', #12879);
#12881 = EDGE_CURVE('', #12873, #12875,#12880,.T.);
#12882 = ORIENTED_EDGE('',*,*,#12858,.F.);
#12883 = ORIENTED_EDGE('',*,*,#12881,.T.);
#12884 = ORIENTED_EDGE('',*,*,#2639,.F.);
#12885 = CARTESIAN_POINT('', (41.4225,0,14.286));
#12886 = DIRECTION('', (-0.0848061, 0, 0.996397));
#12887 = DIRECTION('', (0, 1, 0));
#12888 = AXIS2_PLACEMENT_3D('',#12885,#12886,#12887);
#12889 = PLANE('',#12888);
#12890 = EDGE_LOOP('', (#12882,#12883,#12884));
#12891 = FACE_BOUND('', #12890,.T.);
#12892 = ADVANCED_FACE('', (#12891),#12889,.T.);
#12893 = CARTESIAN_POINT('', (41,0,14.25));
#12894 = VERTEX_POINT('', #12893);
#12895 = CARTESIAN_POINT('', (41.4225,24,14.286));
#12896 = VERTEX_POINT('', #12895);
#12897 = CARTESIAN_POINT('', (41,24,14.25));
#12898 = VERTEX_POINT('', #12897);
#12899 = CARTESIAN_POINT('', (41,24,14.25));
#12900 = DIRECTION('', (0, -1, 0));
#12901 = VECTOR('',#12900,1);
#12902 = LINE('',#12899, #12901);
#12903 = SURFACE_CURVE('', #12902);
#12904 = EDGE_CURVE('', #12898, #12894,#12903,.T.);
#12905 = ORIENTED_EDGE('',*,*,#12881,.F.);
#12906 = ORIENTED_EDGE('',*,*,#9975,.F.);
#12907 = ORIENTED_EDGE('',*,*,#12904,.T.);
#12908 = CARTESIAN_POINT('', (41,0,14.25));
#12909 = DIRECTION('', (-0.0848061, 0, 0.996397));
#12910 = DIRECTION('', (0.0176014, 0.999844, 0.00149811));
#12911 = AXIS2_PLACEMENT_3D('',#12908,#12909,#12910);
#12912 = PLANE('',#12911);
#12913 = EDGE_LOOP('', (#12905,#12906,#12907));
#12914 = FACE_BOUND('', #12913,.T.);
#12915 = ADVANCED_FACE('', (#12914),#12912,.T.);
#12916 = CARTESIAN_POINT('', (41,0,14.25));
#12917 = VERTEX_POINT('', #12916);
#12918 = CARTESIAN_POINT('', (41,24,14.25));
#12919 = VERTEX_POINT('', #12918);
#12920 = CARTESIAN_POINT('', (40.5775,0,14.286));
#12921 = VERTEX_POINT('', #12920);
#12922 = CARTESIAN_POINT('', (41,24,14.25));
#12923 = DIRECTION('', (-0.0176016, -0.999844, 0.00149811));
#12924 = VECTOR('',#12923,1);
#12925 = LINE('',#12922, #12924);
#12926 = SURFACE_CURVE('', #12925);
#12927 = EDGE_CURVE('', #12919, #12921,#12926,.T.);
#12928 = ORIENTED_EDGE('',*,*,#12904,.F.);
#12929 = ORIENTED_EDGE('',*,*,#12927,.T.);
#12930 = ORIENTED_EDGE('',*,*,#2668,.F.);
#12931 = CARTESIAN_POINT('', (41,0,14.25));
#12932 = DIRECTION('', (0.0848054, -0, 0.996398));
#12933 = DIRECTION('', (0, 1, 0));
#12934 = AXIS2_PLACEMENT_3D('',#12931,#12932,#12933);
#12935 = PLANE('',#12934);
#12936 = EDGE_LOOP('', (#12928,#12929,#12930));
#12937 = FACE_BOUND('', #12936,.T.);
#12938 = ADVANCED_FACE('', (#12937),#12935,.T.);
#12939 = CARTESIAN_POINT('', (40.5775,0,14.286));
#12940 = VERTEX_POINT('', #12939);
#12941 = CARTESIAN_POINT('', (41,24,14.25));
#12942 = VERTEX_POINT('', #12941);
#12943 = CARTESIAN_POINT('', (40.5775,24,14.286));
#12944 = VERTEX_POINT('', #12943);
#12945 = CARTESIAN_POINT('', (40.5775,24,14.286));
#12946 = DIRECTION('', (0, -1, 0));
#12947 = VECTOR('',#12946,1);
#12948 = LINE('',#12945, #12947);
#12949 = SURFACE_CURVE('', #12948);
#12950 = EDGE_CURVE('', #12944, #12940,#12949,.T.);
#12951 = ORIENTED_EDGE('',*,*,#12927,.F.);
#12952 = ORIENTED_EDGE('',*,*,#9946,.F.);
#12953 = ORIENTED_EDGE('',*,*,#12950,.T.);
#12954 = CARTESIAN_POINT('', (40.5775,0,14.286));
#12955 = DIRECTION('', (0.0848054, -0, 0.996398));
#12956 = DIRECTION('', (0.0176016, 0.999844, -0.00149811));
#12957 = AXIS2_PLACEMENT_3D('',#12954,#12955,#12956);
#12958 = PLANE('',#12957);
#12959 = EDGE_LOOP('', (#12951,#12952,#12953));
#12960 = FACE_BOUND('', #12959,.T.);
#12961 = ADVANCED_FACE('', (#12960),#12958,.T.);
#12962 = CARTESIAN_POINT('', (40.5775,0,14.286));
#12963 = VERTEX_POINT('', #12962);
#12964 = CARTESIAN_POINT('', (40.5775,24,14.286));
#12965 = VERTEX_POINT('', #12964);
#12966 = CARTESIAN_POINT('', (40.1671,0,14.3928));
#12967 = VERTEX_POINT('', #12966);
#12968 = CARTESIAN_POINT('', (40.5775,24,14.286));
#12969 = DIRECTION('', (-0.0170951, -0.999844, 0.00445118));
#12970 = VECTOR('',#12969,1);
#12971 = LINE('',#12968, #12970);
#12972 = SURFACE_CURVE('', #12971);
#12973 = EDGE_CURVE('', #12965, #12967,#12972,.T.);
#12974 = ORIENTED_EDGE('',*,*,#12950,.F.);
#12975 = ORIENTED_EDGE('',*,*,#12973,.T.);
#12976 = ORIENTED_EDGE('',*,*,#2726,.F.);
#12977 = CARTESIAN_POINT('', (40.5775,0,14.286));
#12978 = DIRECTION('', (0.251976, -0, 0.967734));
#12979 = DIRECTION('', (0, 1, 0));
#12980 = AXIS2_PLACEMENT_3D('',#12977,#12978,#12979);
#12981 = PLANE('',#12980);
#12982 = EDGE_LOOP('', (#12974,#12975,#12976));
#12983 = FACE_BOUND('', #12982,.T.);
#12984 = ADVANCED_FACE('', (#12983),#12981,.T.);
#12985 = CARTESIAN_POINT('', (40.1671,0,14.3928));
#12986 = VERTEX_POINT('', #12985);
#12987 = CARTESIAN_POINT('', (40.5775,24,14.286));
#12988 = VERTEX_POINT('', #12987);
#12989 = CARTESIAN_POINT('', (40.1671,24,14.3928));
#12990 = VERTEX_POINT('', #12989);
#12991 = CARTESIAN_POINT('', (40.1671,24,14.3928));
#12992 = DIRECTION('', (0, -1, 0));
#12993 = VECTOR('',#12992,1);
#12994 = LINE('',#12991, #12993);
#12995 = SURFACE_CURVE('', #12994);
#12996 = EDGE_CURVE('', #12990, #12986,#12995,.T.);
#12997 = ORIENTED_EDGE('',*,*,#12973,.F.);
#12998 = ORIENTED_EDGE('',*,*,#9894,.F.);
#12999 = ORIENTED_EDGE('',*,*,#12996,.T.);
#13000 = CARTESIAN_POINT('', (40.1671,0,14.3928));
#13001 = DIRECTION('', (0.251976, -0, 0.967734));
#13002 = DIRECTION('', (0.0170951, 0.999844, -0.00445118));
#13003 = AXIS2_PLACEMENT_3D('',#13000,#13001,#13002);
#13004 = PLANE('',#13003);
#13005 = EDGE_LOOP('', (#12997,#12998,#12999));
#13006 = FACE_BOUND('', #13005,.T.);
#13007 = ADVANCED_FACE('', (#13006),#13004,.T.);
#13008 = CARTESIAN_POINT('', (40.1671,0,14.3928));
#13009 = VERTEX_POINT('', #13008);
#13010 = CARTESIAN_POINT('', (40.1671,24,14.3928));
#13011 = VERTEX_POINT('', #13010);
#13012 = CARTESIAN_POINT('', (39.7808,0,14.5675));
#13013 = VERTEX_POINT('', #13012);
#13014 = CARTESIAN_POINT('', (40.1671,24,14.3928));
#13015 = DIRECTION('', (-0.0160969, -0.999844, 0.00727623));
#13016 = VECTOR('',#13015,1);
#13017 = LINE('',#13014, #13016);
#13018 = SURFACE_CURVE('', #13017);
#13019 = EDGE_CURVE('', #13011, #13013,#13018,.T.);
#13020 = ORIENTED_EDGE('',*,*,#12996,.F.);
#13021 = ORIENTED_EDGE('',*,*,#13019,.T.);
#13022 = ORIENTED_EDGE('',*,*,#2755,.F.);
#13023 = CARTESIAN_POINT('', (40.1671,0,14.3928));
#13024 = DIRECTION('', (0.411899, -0, 0.911229));
#13025 = DIRECTION('', (0, 1, 0));
#13026 = AXIS2_PLACEMENT_3D('',#13023,#13024,#13025);
#13027 = PLANE('',#13026);
#13028 = EDGE_LOOP('', (#13020,#13021,#13022));
#13029 = FACE_BOUND('', #13028,.T.);
#13030 = ADVANCED_FACE('', (#13029),#13027,.T.);
#13031 = CARTESIAN_POINT('', (39.7808,0,14.5675));
#13032 = VERTEX_POINT('', #13031);
#13033 = CARTESIAN_POINT('', (40.1671,24,14.3928));
#13034 = VERTEX_POINT('', #13033);
#13035 = CARTESIAN_POINT('', (39.7808,24,14.5675));
#13036 = VERTEX_POINT('', #13035);
#13037 = CARTESIAN_POINT('', (39.7808,24,14.5675));
#13038 = DIRECTION('', (0, -1, 0));
#13039 = VECTOR('',#13038,1);
#13040 = LINE('',#13037, #13039);
#13041 = SURFACE_CURVE('', #13040);
#13042 = EDGE_CURVE('', #13036, #13032,#13041,.T.);
#13043 = ORIENTED_EDGE('',*,*,#13019,.F.);
#13044 = ORIENTED_EDGE('',*,*,#9865,.F.);
#13045 = ORIENTED_EDGE('',*,*,#13042,.T.);
#13046 = CARTESIAN_POINT('', (39.7808,0,14.5675));
#13047 = DIRECTION('', (0.411899, -0, 0.911229));
#13048 = DIRECTION('', (0.0160969, 0.999844, -0.00727623));
#13049 = AXIS2_PLACEMENT_3D('',#13046,#13047,#13048);
#13050 = PLANE('',#13049);
#13051 = EDGE_LOOP('', (#13043,#13044,#13045));
#13052 = FACE_BOUND('', #13051,.T.);
#13053 = ADVANCED_FACE('', (#13052),#13050,.T.);
#13054 = CARTESIAN_POINT('', (39.7808,0,14.5675));
#13055 = VERTEX_POINT('', #13054);
#13056 = CARTESIAN_POINT('', (39.7808,24,14.5675));
#13057 = VERTEX_POINT('', #13056);
#13058 = CARTESIAN_POINT('', (39.4294,0,14.8049));
#13059 = VERTEX_POINT('', #13058);
#13060 = CARTESIAN_POINT('', (39.7808,24,14.5675));
#13061 = DIRECTION('', (-0.0146358, -0.999844, 0.00989203));
#13062 = VECTOR('',#13061,1);
#13063 = LINE('',#13060, #13062);
#13064 = SURFACE_CURVE('', #13063);
#13065 = EDGE_CURVE('', #13057, #13059,#13064,.T.);
#13066 = ORIENTED_EDGE('',*,*,#13042,.F.);
#13067 = ORIENTED_EDGE('',*,*,#13065,.T.);
#13068 = ORIENTED_EDGE('',*,*,#1670,.F.);
#13069 = CARTESIAN_POINT('', (39.7808,0,14.5675));
#13070 = DIRECTION('', (0.559973, -0, 0.828511));
#13071 = DIRECTION('', (0, 1, 0));
#13072 = AXIS2_PLACEMENT_3D('',#13069,#13070,#13071);
#13073 = PLANE('',#13072);
#13074 = EDGE_LOOP('', (#13066,#13067,#13068));
#13075 = FACE_BOUND('', #13074,.T.);
#13076 = ADVANCED_FACE('', (#13075),#13073,.T.);
#13077 = CARTESIAN_POINT('', (39.4294,0,14.8049));
#13078 = VERTEX_POINT('', #13077);
#13079 = CARTESIAN_POINT('', (39.7808,24,14.5675));
#13080 = VERTEX_POINT('', #13079);
#13081 = CARTESIAN_POINT('', (39.4294,24,14.8049));
#13082 = VERTEX_POINT('', #13081);
#13083 = CARTESIAN_POINT('', (39.4294,24,14.8049));
#13084 = DIRECTION('', (0, -1, 0));
#13085 = VECTOR('',#13084,1);
#13086 = LINE('',#13083, #13085);
#13087 = SURFACE_CURVE('', #13086);
#13088 = EDGE_CURVE('', #13082, #13078,#13087,.T.);
#13089 = ORIENTED_EDGE('',*,*,#13065,.F.);
#13090 = ORIENTED_EDGE('',*,*,#9610,.F.);
#13091 = ORIENTED_EDGE('',*,*,#13088,.T.);
#13092 = CARTESIAN_POINT('', (39.4294,0,14.8049));
#13093 = DIRECTION('', (0.559973, -0, 0.828511));
#13094 = DIRECTION('', (0.0146358, 0.999844, -0.00989203));
#13095 = AXIS2_PLACEMENT_3D('',#13092,#13093,#13094);
#13096 = PLANE('',#13095);
#13097 = EDGE_LOOP('', (#13089,#13090,#13091));
#13098 = FACE_BOUND('', #13097,.T.);
#13099 = ADVANCED_FACE('', (#13098),#13096,.T.);
#13100 = CARTESIAN_POINT('', (39.4294,0,14.8049));
#13101 = VERTEX_POINT('', #13100);
#13102 = CARTESIAN_POINT('', (39.4294,24,14.8049));
#13103 = VERTEX_POINT('', #13102);
#13104 = CARTESIAN_POINT('', (39.1233,0,15.0983));
#13105 = VERTEX_POINT('', #13104);
#13106 = CARTESIAN_POINT('', (39.4294,24,14.8049));
#13107 = DIRECTION('', (-0.0127534, -0.999844, 0.0122233));
#13108 = VECTOR('',#13107,1);
#13109 = LINE('',#13106, #13108);
#13110 = SURFACE_CURVE('', #13109);
#13111 = EDGE_CURVE('', #13103, #13105,#13110,.T.);
#13112 = ORIENTED_EDGE('',*,*,#13088,.F.);
#13113 = ORIENTED_EDGE('',*,*,#13111,.T.);
#13114 = ORIENTED_EDGE('',*,*,#4621,.F.);
#13115 = CARTESIAN_POINT('', (39.4294,0,14.8049));
#13116 = DIRECTION('', (0.691943, -0, 0.721952));
#13117 = DIRECTION('', (0, 1, 0));
#13118 = AXIS2_PLACEMENT_3D('',#13115,#13116,#13117);
#13119 = PLANE('',#13118);
#13120 = EDGE_LOOP('', (#13112,#13113,#13114));
#13121 = FACE_BOUND('', #13120,.T.);
#13122 = ADVANCED_FACE('', (#13121),#13119,.T.);
#13123 = CARTESIAN_POINT('', (39.1233,0,15.0983));
#13124 = VERTEX_POINT('', #13123);
#13125 = CARTESIAN_POINT('', (39.4294,24,14.8049));
#13126 = VERTEX_POINT('', #13125);
#13127 = CARTESIAN_POINT('', (39.1233,24,15.0983));
#13128 = VERTEX_POINT('', #13127);
#13129 = CARTESIAN_POINT('', (39.1233,24,15.0983));
#13130 = DIRECTION('', (0, -1, 0));
#13131 = VECTOR('',#13130,1);
#13132 = LINE('',#13129, #13131);
#13133 = SURFACE_CURVE('', #13132);
#13134 = EDGE_CURVE('', #13128, #13124,#13133,.T.);
#13135 = ORIENTED_EDGE('',*,*,#13111,.F.);
#13136 = ORIENTED_EDGE('',*,*,#9581,.F.);
#13137 = ORIENTED_EDGE('',*,*,#13134,.T.);
#13138 = CARTESIAN_POINT('', (39.1233,0,15.0983));
#13139 = DIRECTION('', (0.691943, -0, 0.721952));
#13140 = DIRECTION('', (0.0127534, 0.999844, -0.0122233));
#13141 = AXIS2_PLACEMENT_3D('',#13138,#13139,#13140);
#13142 = PLANE('',#13141);
#13143 = EDGE_LOOP('', (#13135,#13136,#13137));
#13144 = FACE_BOUND('', #13143,.T.);
#13145 = ADVANCED_FACE('', (#13144),#13142,.T.);
#13146 = CARTESIAN_POINT('', (39.1233,0,15.0983));
#13147 = VERTEX_POINT('', #13146);
#13148 = CARTESIAN_POINT('', (39.1233,24,15.0983));
#13149 = VERTEX_POINT('', #13148);
#13150 = CARTESIAN_POINT('', (38.8712,0,15.4392));
#13151 = VERTEX_POINT('', #13150);
#13152 = CARTESIAN_POINT('', (39.1233,24,15.0983));
#13153 = DIRECTION('', (-0.0105042, -0.999844, 0.0142028));
#13154 = VECTOR('',#13153,1);
#13155 = LINE('',#13152, #13154);
#13156 = SURFACE_CURVE('', #13155);
#13157 = EDGE_CURVE('', #13149, #13151,#13156,.T.);
#13158 = ORIENTED_EDGE('',*,*,#13134,.F.);
#13159 = ORIENTED_EDGE('',*,*,#13157,.T.);
#13160 = ORIENTED_EDGE('',*,*,#4250,.F.);
#13161 = CARTESIAN_POINT('', (39.1233,0,15.0983));
#13162 = DIRECTION('', (0.804, -0, 0.594629));
#13163 = DIRECTION('', (0, 1, 0));
#13164 = AXIS2_PLACEMENT_3D('',#13161,#13162,#13163);
#13165 = PLANE('',#13164);
#13166 = EDGE_LOOP('', (#13158,#13159,#13160));
#13167 = FACE_BOUND('', #13166,.T.);
#13168 = ADVANCED_FACE('', (#13167),#13165,.T.);
#13169 = CARTESIAN_POINT('', (38.8712,0,15.4392));
#13170 = VERTEX_POINT('', #13169);
#13171 = CARTESIAN_POINT('', (39.1233,24,15.0983));
#13172 = VERTEX_POINT('', #13171);
#13173 = CARTESIAN_POINT('', (38.8712,24,15.4392));
#13174 = VERTEX_POINT('', #13173);
#13175 = CARTESIAN_POINT('', (38.8712,24,15.4392));
#13176 = DIRECTION('', (0, -1, 0));
#13177 = VECTOR('',#13176,1);
#13178 = LINE('',#13175, #13177);
#13179 = SURFACE_CURVE('', #13178);
#13180 = EDGE_CURVE('', #13174, #13170,#13179,.T.);
#13181 = ORIENTED_EDGE('',*,*,#13157,.F.);
#13182 = ORIENTED_EDGE('',*,*,#9546,.F.);
#13183 = ORIENTED_EDGE('',*,*,#13180,.T.);
#13184 = CARTESIAN_POINT('', (38.8712,0,15.4392));
#13185 = DIRECTION('', (0.804, -0, 0.594629));
#13186 = DIRECTION('', (0.0105042, 0.999844, -0.0142028));
#13187 = AXIS2_PLACEMENT_3D('',#13184,#13185,#13186);
#13188 = PLANE('',#13187);
#13189 = EDGE_LOOP('', (#13181,#13182,#13183));
#13190 = FACE_BOUND('', #13189,.T.);
#13191 = ADVANCED_FACE('', (#13190),#13188,.T.);
#13192 = CARTESIAN_POINT('', (38.8712,0,15.4392));
#13193 = VERTEX_POINT('', #13192);
#13194 = CARTESIAN_POINT('', (38.8712,24,15.4392));
#13195 = VERTEX_POINT('', #13194);
#13196 = CARTESIAN_POINT('', (38.6803,0,15.8179));
#13197 = VERTEX_POINT('', #13196);
#13198 = CARTESIAN_POINT('', (38.8712,24,15.4392));
#13199 = DIRECTION('', (-0.00795288, -0.999844, 0.0157737));
#13200 = VECTOR('',#13199,1);
#13201 = LINE('',#13198, #13200);
#13202 = SURFACE_CURVE('', #13201);
#13203 = EDGE_CURVE('', #13195, #13197,#13202,.T.);
#13204 = ORIENTED_EDGE('',*,*,#13180,.F.);
#13205 = ORIENTED_EDGE('',*,*,#13203,.T.);
#13206 = ORIENTED_EDGE('',*,*,#4018,.F.);
#13207 = CARTESIAN_POINT('', (38.8712,0,15.4392));
#13208 = DIRECTION('', (0.892927, -0, 0.450201));
#13209 = DIRECTION('', (0, 1, 0));
#13210 = AXIS2_PLACEMENT_3D('',#13207,#13208,#13209);
#13211 = PLANE('',#13210);
#13212 = EDGE_LOOP('', (#13204,#13205,#13206));
#13213 = FACE_BOUND('', #13212,.T.);
#13214 = ADVANCED_FACE('', (#13213),#13211,.T.);
#13215 = CARTESIAN_POINT('', (38.6803,0,15.8179));
#13216 = VERTEX_POINT('', #13215);
#13217 = CARTESIAN_POINT('', (38.8712,24,15.4392));
#13218 = VERTEX_POINT('', #13217);
#13219 = CARTESIAN_POINT('', (38.6803,24,15.8179));
#13220 = VERTEX_POINT('', #13219);
#13221 = CARTESIAN_POINT('', (38.6803,24,15.8179));
#13222 = DIRECTION('', (0, -1, 0));
#13223 = VECTOR('',#13222,1);
#13224 = LINE('',#13221, #13223);
#13225 = SURFACE_CURVE('', #13224);
#13226 = EDGE_CURVE('', #13220, #13216,#13225,.T.);
#13227 = ORIENTED_EDGE('',*,*,#13203,.F.);
#13228 = ORIENTED_EDGE('',*,*,#9842,.F.);
#13229 = ORIENTED_EDGE('',*,*,#13226,.T.);
#13230 = CARTESIAN_POINT('', (38.6803,0,15.8179));
#13231 = DIRECTION('', (0.892927, -0, 0.450201));
#13232 = DIRECTION('', (0.00795288, 0.999844, -0.0157737));
#13233 = AXIS2_PLACEMENT_3D('',#13230,#13231,#13232);
#13234 = PLANE('',#13233);
#13235 = EDGE_LOOP('', (#13227,#13228,#13229));
#13236 = FACE_BOUND('', #13235,.T.);
#13237 = ADVANCED_FACE('', (#13236),#13234,.T.);
#13238 = CARTESIAN_POINT('', (38.6803,0,15.8179));
#13239 = VERTEX_POINT('', #13238);
#13240 = CARTESIAN_POINT('', (38.6803,24,15.8179));
#13241 = VERTEX_POINT('', #13240);
#13242 = CARTESIAN_POINT('', (38.5561,0,16.2233));
#13243 = VERTEX_POINT('', #13242);
#13244 = CARTESIAN_POINT('', (38.6803,24,15.8179));
#13245 = DIRECTION('', (-0.00517288, -0.999844, 0.0168908));
#13246 = VECTOR('',#13245,1);
#13247 = LINE('',#13244, #13246);
#13248 = SURFACE_CURVE('', #13247);
#13249 = EDGE_CURVE('', #13241, #13243,#13248,.T.);
#13250 = ORIENTED_EDGE('',*,*,#13226,.F.);
#13251 = ORIENTED_EDGE('',*,*,#13249,.T.);
#13252 = ORIENTED_EDGE('',*,*,#4047,.F.);
#13253 = CARTESIAN_POINT('', (38.6803,0,15.8179));
#13254 = DIRECTION('', (0.956165, -0, 0.292829));
#13255 = DIRECTION('', (0, 1, 0));
#13256 = AXIS2_PLACEMENT_3D('',#13253,#13254,#13255);
#13257 = PLANE('',#13256);
#13258 = EDGE_LOOP('', (#13250,#13251,#13252));
#13259 = FACE_BOUND('', #13258,.T.);
#13260 = ADVANCED_FACE('', (#13259),#13257,.T.);
#13261 = CARTESIAN_POINT('', (38.5561,0,16.2233));
#13262 = VERTEX_POINT('', #13261);
#13263 = CARTESIAN_POINT('', (38.6803,24,15.8179));
#13264 = VERTEX_POINT('', #13263);
#13265 = CARTESIAN_POINT('', (38.5561,24,16.2233));
#13266 = VERTEX_POINT('', #13265);
#13267 = CARTESIAN_POINT('', (38.5561,24,16.2233));
#13268 = DIRECTION('', (0, -1, 0));
#13269 = VECTOR('',#13268,1);
#13270 = LINE('',#13267, #13269);
#13271 = SURFACE_CURVE('', #13270);
#13272 = EDGE_CURVE('', #13266, #13262,#13271,.T.);
#13273 = ORIENTED_EDGE('',*,*,#13249,.F.);
#13274 = ORIENTED_EDGE('',*,*,#9813,.F.);
#13275 = ORIENTED_EDGE('',*,*,#13272,.T.);
#13276 = CARTESIAN_POINT('', (38.5561,0,16.2233));
#13277 = DIRECTION('', (0.956165, -0, 0.292829));
#13278 = DIRECTION('', (0.00517288, 0.999844, -0.0168908));
#13279 = AXIS2_PLACEMENT_3D('',#13276,#13277,#13278);
#13280 = PLANE('',#13279);
#13281 = EDGE_LOOP('', (#13273,#13274,#13275));
#13282 = FACE_BOUND('', #13281,.T.);
#13283 = ADVANCED_FACE('', (#13282),#13280,.T.);
#13284 = CARTESIAN_POINT('', (38.5561,0,16.2233));
#13285 = VERTEX_POINT('', #13284);
#13286 = CARTESIAN_POINT('', (38.5561,24,16.2233));
#13287 = VERTEX_POINT('', #13286);
#13288 = CARTESIAN_POINT('', (38.5023,0,16.6439));
#13289 = VERTEX_POINT('', #13288);
#13290 = CARTESIAN_POINT('', (38.5561,24,16.2233));
#13291 = DIRECTION('', (-0.00224365, -0.999844, 0.0175219));
#13292 = VECTOR('',#13291,1);
#13293 = LINE('',#13290, #13292);
#13294 = SURFACE_CURVE('', #13293);
#13295 = EDGE_CURVE('', #13287, #13289,#13294,.T.);
#13296 = ORIENTED_EDGE('',*,*,#13272,.F.);
#13297 = ORIENTED_EDGE('',*,*,#13295,.T.);
#13298 = ORIENTED_EDGE('',*,*,#4076,.F.);
#13299 = CARTESIAN_POINT('', (38.5561,0,16.2233));
#13300 = DIRECTION('', (0.991901, -0, 0.127011));
#13301 = DIRECTION('', (0, 1, 0));
#13302 = AXIS2_PLACEMENT_3D('',#13299,#13300,#13301);
#13303 = PLANE('',#13302);
#13304 = EDGE_LOOP('', (#13296,#13297,#13298));
#13305 = FACE_BOUND('', #13304,.T.);
#13306 = ADVANCED_FACE('', (#13305),#13303,.T.);
#13307 = CARTESIAN_POINT('', (38.5023,0,16.6439));
#13308 = VERTEX_POINT('', #13307);
#13309 = CARTESIAN_POINT('', (38.5561,24,16.2233));
#13310 = VERTEX_POINT('', #13309);
#13311 = CARTESIAN_POINT('', (38.5023,24,16.6439));
#13312 = VERTEX_POINT('', #13311);
#13313 = CARTESIAN_POINT('', (38.5023,24,16.6439));
#13314 = DIRECTION('', (0, -1, 0));
#13315 = VECTOR('',#13314,1);
#13316 = LINE('',#13313, #13315);
#13317 = SURFACE_CURVE('', #13316);
#13318 = EDGE_CURVE('', #13312, #13308,#13317,.T.);
#13319 = ORIENTED_EDGE('',*,*,#13295,.F.);
#13320 = ORIENTED_EDGE('',*,*,#9755,.F.);
#13321 = ORIENTED_EDGE('',*,*,#13318,.T.);
#13322 = CARTESIAN_POINT('', (38.5023,0,16.6439));
#13323 = DIRECTION('', (0.991901, -0, 0.127011));
#13324 = DIRECTION('', (0.00224365, 0.999844, -0.0175219));
#13325 = AXIS2_PLACEMENT_3D('',#13322,#13323,#13324);
#13326 = PLANE('',#13325);
#13327 = EDGE_LOOP('', (#13319,#13320,#13321));
#13328 = FACE_BOUND('', #13327,.T.);
#13329 = ADVANCED_FACE('', (#13328),#13326,.T.);
#13330 = CARTESIAN_POINT('', (38.5023,0,16.6439));
#13331 = VERTEX_POINT('', #13330);
#13332 = CARTESIAN_POINT('', (38.5023,24,16.6439));
#13333 = VERTEX_POINT('', #13332);
#13334 = CARTESIAN_POINT('', (38.5203,0,17.0675));
#13335 = VERTEX_POINT('', #13334);
#13336 = CARTESIAN_POINT('', (38.5023,24,16.6439));
#13337 = DIRECTION('', (0.000749789, -0.999844, 0.0176493));
#13338 = VECTOR('',#13337,1);
#13339 = LINE('',#13336, #13338);
#13340 = SURFACE_CURVE('', #13339);
#13341 = EDGE_CURVE('', #13333, #13335,#13340,.T.);
#13342 = ORIENTED_EDGE('',*,*,#13318,.F.);
#13343 = ORIENTED_EDGE('',*,*,#13341,.T.);
#13344 = ORIENTED_EDGE('',*,*,#4134,.F.);
#13345 = CARTESIAN_POINT('', (38.5023,0,16.6439));
#13346 = DIRECTION('', (0.999099, 0, -0.0424444));
#13347 = DIRECTION('', (0, 1, 0));
#13348 = AXIS2_PLACEMENT_3D('',#13345,#13346,#13347);
#13349 = PLANE('',#13348);
#13350 = EDGE_LOOP('', (#13342,#13343,#13344));
#13351 = FACE_BOUND('', #13350,.T.);
#13352 = ADVANCED_FACE('', (#13351),#13349,.T.);
#13353 = CARTESIAN_POINT('', (38.5203,0,17.0675));
#13354 = VERTEX_POINT('', #13353);
#13355 = CARTESIAN_POINT('', (38.5023,24,16.6439));
#13356 = VERTEX_POINT('', #13355);
#13357 = CARTESIAN_POINT('', (38.5203,24,17.0675));
#13358 = VERTEX_POINT('', #13357);
#13359 = CARTESIAN_POINT('', (38.5203,24,17.0675));
#13360 = DIRECTION('', (0, -1, 0));
#13361 = VECTOR('',#13360,1);
#13362 = LINE('',#13359, #13361);
#13363 = SURFACE_CURVE('', #13362);
#13364 = EDGE_CURVE('', #13358, #13354,#13363,.T.);
#13365 = ORIENTED_EDGE('',*,*,#13341,.F.);
#13366 = ORIENTED_EDGE('',*,*,#7889,.F.);
#13367 = ORIENTED_EDGE('',*,*,#13364,.T.);
#13368 = CARTESIAN_POINT('', (38.5203,0,17.0675));
#13369 = DIRECTION('', (0.999099, 0, -0.0424444));
#13370 = DIRECTION('', (-0.000749789, 0.999844, -0.0176493));
#13371 = AXIS2_PLACEMENT_3D('',#13368,#13369,#13370);
#13372 = PLANE('',#13371);
#13373 = EDGE_LOOP('', (#13365,#13366,#13367));
#13374 = FACE_BOUND('', #13373,.T.);
#13375 = ADVANCED_FACE('', (#13374),#13372,.T.);
#13376 = CARTESIAN_POINT('', (38.5203,0,17.0675));
#13377 = VERTEX_POINT('', #13376);
#13378 = CARTESIAN_POINT('', (38.5203,24,17.0675));
#13379 = VERTEX_POINT('', #13378);
#13380 = CARTESIAN_POINT('', (38.6096,0,17.4821));
#13381 = VERTEX_POINT('', #13380);
#13382 = CARTESIAN_POINT('', (38.5203,24,17.0675));
#13383 = DIRECTION('', (0.00372161, -0.999844, 0.0172687));
#13384 = VECTOR('',#13383,1);
#13385 = LINE('',#13382, #13384);
#13386 = SURFACE_CURVE('', #13385);
#13387 = EDGE_CURVE('', #13379, #13381,#13386,.T.);
#13388 = ORIENTED_EDGE('',*,*,#13364,.F.);
#13389 = ORIENTED_EDGE('',*,*,#13387,.T.);
#13390 = ORIENTED_EDGE('',*,*,#1409,.F.);
#13391 = CARTESIAN_POINT('', (38.5203,0,17.0675));
#13392 = DIRECTION('', (0.977556, 0, -0.210675));
#13393 = DIRECTION('', (0, 1, 0));
#13394 = AXIS2_PLACEMENT_3D('',#13391,#13392,#13393);
#13395 = PLANE('',#13394);
#13396 = EDGE_LOOP('', (#13388,#13389,#13390));
#13397 = FACE_BOUND('', #13396,.T.);
#13398 = ADVANCED_FACE('', (#13397),#13395,.T.);
#13399 = CARTESIAN_POINT('', (38.6096,0,17.4821));
#13400 = VERTEX_POINT('', #13399);
#13401 = CARTESIAN_POINT('', (38.5203,24,17.0675));
#13402 = VERTEX_POINT('', #13401);
#13403 = CARTESIAN_POINT('', (38.6096,24,17.4821));
#13404 = VERTEX_POINT('', #13403);
#13405 = CARTESIAN_POINT('', (38.6096,24,17.4821));
#13406 = DIRECTION('', (0, -1, 0));
#13407 = VECTOR('',#13406,1);
#13408 = LINE('',#13405, #13407);
#13409 = SURFACE_CURVE('', #13408);
#13410 = EDGE_CURVE('', #13404, #13400,#13409,.T.);
#13411 = ORIENTED_EDGE('',*,*,#13387,.F.);
#13412 = ORIENTED_EDGE('',*,*,#7947,.F.);
#13413 = ORIENTED_EDGE('',*,*,#13410,.T.);
#13414 = CARTESIAN_POINT('', (38.6096,0,17.4821));
#13415 = DIRECTION('', (0.977556, 0, -0.210675));
#13416 = DIRECTION('', (-0.00372161, 0.999844, -0.0172687));
#13417 = AXIS2_PLACEMENT_3D('',#13414,#13415,#13416);
#13418 = PLANE('',#13417);
#13419 = EDGE_LOOP('', (#13411,#13412,#13413));
#13420 = FACE_BOUND('', #13419,.T.);
#13421 = ADVANCED_FACE('', (#13420),#13418,.T.);
#13422 = CARTESIAN_POINT('', (38.6096,0,17.4821));
#13423 = VERTEX_POINT('', #13422);
#13424 = CARTESIAN_POINT('', (38.6096,24,17.4821));
#13425 = VERTEX_POINT('', #13424);
#13426 = CARTESIAN_POINT('', (38.7677,0,17.8755));
#13427 = VERTEX_POINT('', #13426);
#13428 = CARTESIAN_POINT('', (38.6096,24,17.4821));
#13429 = DIRECTION('', (0.00658648, -0.999844, 0.0163913));
#13430 = VECTOR('',#13429,1);
#13431 = LINE('',#13428, #13430);
#13432 = SURFACE_CURVE('', #13431);
#13433 = EDGE_CURVE('', #13425, #13427,#13432,.T.);
#13434 = ORIENTED_EDGE('',*,*,#13410,.F.);
#13435 = ORIENTED_EDGE('',*,*,#13433,.T.);
#13436 = ORIENTED_EDGE('',*,*,#1717,.F.);
#13437 = CARTESIAN_POINT('', (38.6096,0,17.4821));
#13438 = DIRECTION('', (0.927891, 0, -0.372851));
#13439 = DIRECTION('', (0, 1, 0));
#13440 = AXIS2_PLACEMENT_3D('',#13437,#13438,#13439);
#13441 = PLANE('',#13440);
#13442 = EDGE_LOOP('', (#13434,#13435,#13436));
#13443 = FACE_BOUND('', #13442,.T.);
#13444 = ADVANCED_FACE('', (#13443),#13441,.T.);
#13445 = CARTESIAN_POINT('', (38.7677,0,17.8755));
#13446 = VERTEX_POINT('', #13445);
#13447 = CARTESIAN_POINT('', (38.6096,24,17.4821));
#13448 = VERTEX_POINT('', #13447);
#13449 = CARTESIAN_POINT('', (38.7677,24,17.8755));
#13450 = VERTEX_POINT('', #13449);
#13451 = CARTESIAN_POINT('', (38.7677,24,17.8755));
#13452 = DIRECTION('', (0, -1, 0));
#13453 = VECTOR('',#13452,1);
#13454 = LINE('',#13451, #13453);
#13455 = SURFACE_CURVE('', #13454);
#13456 = EDGE_CURVE('', #13450, #13446,#13455,.T.);
#13457 = ORIENTED_EDGE('',*,*,#13433,.F.);
#13458 = ORIENTED_EDGE('',*,*,#7750,.F.);
#13459 = ORIENTED_EDGE('',*,*,#13456,.T.);
#13460 = CARTESIAN_POINT('', (38.7677,0,17.8755));
#13461 = DIRECTION('', (0.927891, 0, -0.372851));
#13462 = DIRECTION('', (-0.00658648, 0.999844, -0.0163913));
#13463 = AXIS2_PLACEMENT_3D('',#13460,#13461,#13462);
#13464 = PLANE('',#13463);
#13465 = EDGE_LOOP('', (#13457,#13458,#13459));
#13466 = FACE_BOUND('', #13465,.T.);
#13467 = ADVANCED_FACE('', (#13466),#13464,.T.);
#13468 = CARTESIAN_POINT('', (38.7677,0,17.8755));
#13469 = VERTEX_POINT('', #13468);
#13470 = CARTESIAN_POINT('', (38.7677,24,17.8755));
#13471 = VERTEX_POINT('', #13470);
#13472 = CARTESIAN_POINT('', (38.99,0,18.2366));
#13473 = VERTEX_POINT('', #13472);
#13474 = CARTESIAN_POINT('', (38.7677,24,17.8755));
#13475 = DIRECTION('', (0.00926191, -0.999844, 0.0150424));
#13476 = VECTOR('',#13475,1);
#13477 = LINE('',#13474, #13476);
#13478 = SURFACE_CURVE('', #13477);
#13479 = EDGE_CURVE('', #13471, #13473,#13478,.T.);
#13480 = ORIENTED_EDGE('',*,*,#13456,.F.);
#13481 = ORIENTED_EDGE('',*,*,#13479,.T.);
#13482 = ORIENTED_EDGE('',*,*,#1792,.F.);
#13483 = CARTESIAN_POINT('', (38.7677,0,17.8755));
#13484 = DIRECTION('', (0.851531, 0, -0.524304));
#13485 = DIRECTION('', (0, 1, 0));
#13486 = AXIS2_PLACEMENT_3D('',#13483,#13484,#13485);
#13487 = PLANE('',#13486);
#13488 = EDGE_LOOP('', (#13480,#13481,#13482));
#13489 = FACE_BOUND('', #13488,.T.);
#13490 = ADVANCED_FACE('', (#13489),#13487,.T.);
#13491 = CARTESIAN_POINT('', (38.99,0,18.2366));
#13492 = VERTEX_POINT('', #13491);
#13493 = CARTESIAN_POINT('', (38.7677,24,17.8755));
#13494 = VERTEX_POINT('', #13493);
#13495 = CARTESIAN_POINT('', (38.99,24,18.2366));
#13496 = VERTEX_POINT('', #13495);
#13497 = CARTESIAN_POINT('', (38.99,24,18.2366));
#13498 = DIRECTION('', (0, -1, 0));
#13499 = VECTOR('',#13498,1);
#13500 = LINE('',#13497, #13499);
#13501 = SURFACE_CURVE('', #13500);
#13502 = EDGE_CURVE('', #13496, #13492,#13501,.T.);
#13503 = ORIENTED_EDGE('',*,*,#13479,.F.);
#13504 = ORIENTED_EDGE('',*,*,#7802,.F.);
#13505 = ORIENTED_EDGE('',*,*,#13502,.T.);
#13506 = CARTESIAN_POINT('', (38.99,0,18.2366));
#13507 = DIRECTION('', (0.851531, 0, -0.524304));
#13508 = DIRECTION('', (-0.00926191, 0.999844, -0.0150424));
#13509 = AXIS2_PLACEMENT_3D('',#13506,#13507,#13508);
#13510 = PLANE('',#13509);
#13511 = EDGE_LOOP('', (#13503,#13504,#13505));
#13512 = FACE_BOUND('', #13511,.T.);
#13513 = ADVANCED_FACE('', (#13512),#13510,.T.);
#13514 = CARTESIAN_POINT('', (38.99,0,18.2366));
#13515 = VERTEX_POINT('', #13514);
#13516 = CARTESIAN_POINT('', (38.99,24,18.2366));
#13517 = VERTEX_POINT('', #13516);
#13518 = CARTESIAN_POINT('', (39.2702,0,18.5549));
#13519 = VERTEX_POINT('', #13518);
#13520 = CARTESIAN_POINT('', (38.99,24,18.2366));
#13521 = DIRECTION('', (0.011671, -0.999844, 0.0132607));
#13522 = VECTOR('',#13521,1);
#13523 = LINE('',#13520, #13522);
#13524 = SURFACE_CURVE('', #13523);
#13525 = EDGE_CURVE('', #13517, #13519,#13524,.T.);
#13526 = ORIENTED_EDGE('',*,*,#13502,.F.);
#13527 = ORIENTED_EDGE('',*,*,#13525,.T.);
#13528 = ORIENTED_EDGE('',*,*,#1821,.F.);
#13529 = CARTESIAN_POINT('', (38.99,0,18.2366));
#13530 = DIRECTION('', (0.750669, 0, -0.660679));
#13531 = DIRECTION('', (0, 1, 0));
#13532 = AXIS2_PLACEMENT_3D('',#13529,#13530,#13531);
#13533 = PLANE('',#13532);
#13534 = EDGE_LOOP('', (#13526,#13527,#13528));
#13535 = FACE_BOUND('', #13534,.T.);
#13536 = ADVANCED_FACE('', (#13535),#13533,.T.);
#13537 = CARTESIAN_POINT('', (39.2702,0,18.5549));
#13538 = VERTEX_POINT('', #13537);
#13539 = CARTESIAN_POINT('', (38.99,24,18.2366));
#13540 = VERTEX_POINT('', #13539);
#13541 = CARTESIAN_POINT('', (39.2702,24,18.5549));
#13542 = VERTEX_POINT('', #13541);
#13543 = CARTESIAN_POINT('', (39.2702,24,18.5549));
#13544 = DIRECTION('', (0, -1, 0));
#13545 = VECTOR('',#13544,1);
#13546 = LINE('',#13543, #13545);
#13547 = SURFACE_CURVE('', #13546);
#13548 = EDGE_CURVE('', #13542, #13538,#13547,.T.);
#13549 = ORIENTED_EDGE('',*,*,#13525,.F.);
#13550 = ORIENTED_EDGE('',*,*,#10143,.F.);
#13551 = ORIENTED_EDGE('',*,*,#13548,.T.);
#13552 = CARTESIAN_POINT('', (39.2702,0,18.5549));
#13553 = DIRECTION('', (0.750669, 0, -0.660679));
#13554 = DIRECTION('', (-0.011671, 0.999844, -0.0132607));
#13555 = AXIS2_PLACEMENT_3D('',#13552,#13553,#13554);
#13556 = PLANE('',#13555);
#13557 = EDGE_LOOP('', (#13549,#13550,#13551));
#13558 = FACE_BOUND('', #13557,.T.);
#13559 = ADVANCED_FACE('', (#13558),#13556,.T.);
#13560 = CARTESIAN_POINT('', (39.2702,0,18.5549));
#13561 = VERTEX_POINT('', #13560);
#13562 = CARTESIAN_POINT('', (39.2702,24,18.5549));
#13563 = VERTEX_POINT('', #13562);
#13564 = CARTESIAN_POINT('', (39.6001,0,18.8213));
#13565 = VERTEX_POINT('', #13564);
#13566 = CARTESIAN_POINT('', (39.2702,24,18.5549));
#13567 = DIRECTION('', (0.0137441, -0.999844, 0.0110977));
#13568 = VECTOR('',#13567,1);
#13569 = LINE('',#13566, #13568);
#13570 = SURFACE_CURVE('', #13569);
#13571 = EDGE_CURVE('', #13563, #13565,#13570,.T.);
#13572 = ORIENTED_EDGE('',*,*,#13548,.F.);
#13573 = ORIENTED_EDGE('',*,*,#13571,.T.);
#13574 = ORIENTED_EDGE('',*,*,#1850,.F.);
#13575 = CARTESIAN_POINT('', (39.2702,0,18.5549));
#13576 = DIRECTION('', (0.628223, 0, -0.778033));
#13577 = DIRECTION('', (0, 1, 0));
#13578 = AXIS2_PLACEMENT_3D('',#13575,#13576,#13577);
#13579 = PLANE('',#13578);
#13580 = EDGE_LOOP('', (#13572,#13573,#13574));
#13581 = FACE_BOUND('', #13580,.T.);
#13582 = ADVANCED_FACE('', (#13581),#13579,.T.);
#13583 = CARTESIAN_POINT('', (39.6001,0,18.8213));
#13584 = VERTEX_POINT('', #13583);
#13585 = CARTESIAN_POINT('', (39.2702,24,18.5549));
#13586 = VERTEX_POINT('', #13585);
#13587 = CARTESIAN_POINT('', (39.6001,24,18.8213));
#13588 = VERTEX_POINT('', #13587);
#13589 = CARTESIAN_POINT('', (39.6001,24,18.8213));
#13590 = DIRECTION('', (0, -1, 0));
#13591 = VECTOR('',#13590,1);
#13592 = LINE('',#13589, #13591);
#13593 = SURFACE_CURVE('', #13592);
#13594 = EDGE_CURVE('', #13588, #13584,#13593,.T.);
#13595 = ORIENTED_EDGE('',*,*,#13571,.F.);
#13596 = ORIENTED_EDGE('',*,*,#10201,.F.);
#13597 = ORIENTED_EDGE('',*,*,#13594,.T.);
#13598 = CARTESIAN_POINT('', (39.6001,0,18.8213));
#13599 = DIRECTION('', (0.628223, 0, -0.778033));
#13600 = DIRECTION('', (-0.0137441, 0.999844, -0.0110977));
#13601 = AXIS2_PLACEMENT_3D('',#13598,#13599,#13600);
#13602 = PLANE('',#13601);
#13603 = EDGE_LOOP('', (#13595,#13596,#13597));
#13604 = FACE_BOUND('', #13603,.T.);
#13605 = ADVANCED_FACE('', (#13604),#13602,.T.);
#13606 = CARTESIAN_POINT('', (39.6001,0,18.8213));
#13607 = VERTEX_POINT('', #13606);
#13608 = CARTESIAN_POINT('', (39.6001,24,18.8213));
#13609 = VERTEX_POINT('', #13608);
#13610 = CARTESIAN_POINT('', (39.9702,0,19.0281));
#13611 = VERTEX_POINT('', #13610);
#13612 = CARTESIAN_POINT('', (39.6001,24,18.8213));
#13613 = DIRECTION('', (0.0154218, -0.999844, 0.0086151));
#13614 = VECTOR('',#13613,1);
#13615 = LINE('',#13612, #13614);
#13616 = SURFACE_CURVE('', #13615);
#13617 = EDGE_CURVE('', #13609, #13611,#13616,.T.);
#13618 = ORIENTED_EDGE('',*,*,#13594,.F.);
#13619 = ORIENTED_EDGE('',*,*,#13617,.T.);
#13620 = ORIENTED_EDGE('',*,*,#2326,.F.);
#13621 = CARTESIAN_POINT('', (39.6001,0,18.8213));
#13622 = DIRECTION('', (0.487693, 0, -0.873015));
#13623 = DIRECTION('', (0, 1, 0));
#13624 = AXIS2_PLACEMENT_3D('',#13621,#13622,#13623);
#13625 = PLANE('',#13624);
#13626 = EDGE_LOOP('', (#13618,#13619,#13620));
#13627 = FACE_BOUND('', #13626,.T.);
#13628 = ADVANCED_FACE('', (#13627),#13625,.T.);
#13629 = CARTESIAN_POINT('', (39.9702,0,19.0281));
#13630 = VERTEX_POINT('', #13629);
#13631 = CARTESIAN_POINT('', (39.6001,24,18.8213));
#13632 = VERTEX_POINT('', #13631);
#13633 = CARTESIAN_POINT('', (39.9702,24,19.0281));
#13634 = VERTEX_POINT('', #13633);
#13635 = CARTESIAN_POINT('', (39.9702,24,19.0281));
#13636 = DIRECTION('', (0, -1, 0));
#13637 = VECTOR('',#13636,1);
#13638 = LINE('',#13635, #13637);
#13639 = SURFACE_CURVE('', #13638);
#13640 = EDGE_CURVE('', #13634, #13630,#13639,.T.);
#13641 = ORIENTED_EDGE('',*,*,#13617,.F.);
#13642 = ORIENTED_EDGE('',*,*,#7599,.F.);
#13643 = ORIENTED_EDGE('',*,*,#13640,.T.);
#13644 = CARTESIAN_POINT('', (39.9702,0,19.0281));
#13645 = DIRECTION('', (0.487693, 0, -0.873015));
#13646 = DIRECTION('', (-0.0154218, 0.999844, -0.0086151));
#13647 = AXIS2_PLACEMENT_3D('',#13644,#13645,#13646);
#13648 = PLANE('',#13647);
#13649 = EDGE_LOOP('', (#13641,#13642,#13643));
#13650 = FACE_BOUND('', #13649,.T.);
#13651 = ADVANCED_FACE('', (#13650),#13648,.T.);
#13652 = CARTESIAN_POINT('', (39.9702,0,19.0281));
#13653 = VERTEX_POINT('', #13652);
#13654 = CARTESIAN_POINT('', (39.9702,24,19.0281));
#13655 = VERTEX_POINT('', #13654);
#13656 = CARTESIAN_POINT('', (40.3701,0,19.1693));
#13657 = VERTEX_POINT('', #13656);
#13658 = CARTESIAN_POINT('', (39.9702,24,19.0281));
#13659 = DIRECTION('', (0.0166562, -0.999844, 0.005885));
#13660 = VECTOR('',#13659,1);
#13661 = LINE('',#13658, #13660);
#13662 = SURFACE_CURVE('', #13661);
#13663 = EDGE_CURVE('', #13655, #13657,#13662,.T.);
#13664 = ORIENTED_EDGE('',*,*,#13640,.F.);
#13665 = ORIENTED_EDGE('',*,*,#13663,.T.);
#13666 = ORIENTED_EDGE('',*,*,#2355,.F.);
#13667 = CARTESIAN_POINT('', (39.9702,0,19.0281));
#13668 = DIRECTION('', (0.33314, 0, -0.942878));
#13669 = DIRECTION('', (0, 1, 0));
#13670 = AXIS2_PLACEMENT_3D('',#13667,#13668,#13669);
#13671 = PLANE('',#13670);
#13672 = EDGE_LOOP('', (#13664,#13665,#13666));
#13673 = FACE_BOUND('', #13672,.T.);
#13674 = ADVANCED_FACE('', (#13673),#13671,.T.);
#13675 = CARTESIAN_POINT('', (40.3701,0,19.1693));
#13676 = VERTEX_POINT('', #13675);
#13677 = CARTESIAN_POINT('', (39.9702,24,19.0281));
#13678 = VERTEX_POINT('', #13677);
#13679 = CARTESIAN_POINT('', (40.3701,24,19.1693));
#13680 = VERTEX_POINT('', #13679);
#13681 = CARTESIAN_POINT('', (40.3701,24,19.1693));
#13682 = DIRECTION('', (0, -1, 0));
#13683 = VECTOR('',#13682,1);
#13684 = LINE('',#13681, #13683);
#13685 = SURFACE_CURVE('', #13684);
#13686 = EDGE_CURVE('', #13680, #13676,#13685,.T.);
#13687 = ORIENTED_EDGE('',*,*,#13663,.F.);
#13688 = ORIENTED_EDGE('',*,*,#8509,.F.);
#13689 = ORIENTED_EDGE('',*,*,#13686,.T.);
#13690 = CARTESIAN_POINT('', (40.3701,0,19.1693));
#13691 = DIRECTION('', (0.33314, 0, -0.942878));
#13692 = DIRECTION('', (-0.0166562, 0.999844, -0.005885));
#13693 = AXIS2_PLACEMENT_3D('',#13690,#13691,#13692);
#13694 = PLANE('',#13693);
#13695 = EDGE_LOOP('', (#13687,#13688,#13689));
#13696 = FACE_BOUND('', #13695,.T.);
#13697 = ADVANCED_FACE('', (#13696),#13694,.T.);
#13698 = CARTESIAN_POINT('', (40.3701,0,19.1693));
#13699 = VERTEX_POINT('', #13698);
#13700 = CARTESIAN_POINT('', (40.3701,24,19.1693));
#13701 = VERTEX_POINT('', #13700);
#13702 = CARTESIAN_POINT('', (40.788,0,19.241));
#13703 = VERTEX_POINT('', #13702);
#13704 = ORIENTED_EDGE('',*,*,#13686,.F.);
#13705 = ORIENTED_EDGE('',*,*,#12007,.F.);
#13706 = ORIENTED_EDGE('',*,*,#2384,.F.);
#13707 = CARTESIAN_POINT('', (40.3701,0,19.1693));
#13708 = DIRECTION('', (0.168997, 0, -0.985617));
#13709 = DIRECTION('', (0, 1, 0));
#13710 = AXIS2_PLACEMENT_3D('',#13707,#13708,#13709);
#13711 = PLANE('',#13710);
#13712 = EDGE_LOOP('', (#13704,#13705,#13706));
#13713 = FACE_BOUND('', #13712,.T.);
#13714 = ADVANCED_FACE('', (#13713),#13711,.T.);
#13715 = CARTESIAN_POINT('', (8.37006,24,19.1693));
#13716 = VERTEX_POINT('', #13715);
#13717 = CARTESIAN_POINT('', (8.78798,24,19.241));
#13718 = VERTEX_POINT('', #13717);
#13719 = CARTESIAN_POINT('', (8.78798,0,19.241));
#13720 = VERTEX_POINT('', #13719);
#13721 = CARTESIAN_POINT('', (8.78798,24,19.241));
#13722 = DIRECTION('', (0, -1, 0));
#13723 = VECTOR('',#13722,1);
#13724 = LINE('',#13721, #13723);
#13725 = SURFACE_CURVE('', #13724);
#13726 = EDGE_CURVE('', #13718, #13720,#13725,.T.);
#13727 = CARTESIAN_POINT('', (8.78798,0,19.241));
#13728 = DIRECTION('', (-0.017411, 0.999844, -0.00298533));
#13729 = VECTOR('',#13728,1);
#13730 = LINE('',#13727, #13729);
#13731 = SURFACE_CURVE('', #13730);
#13732 = EDGE_CURVE('', #13720, #13716,#13731,.T.);
#13733 = ORIENTED_EDGE('',*,*,#9442,.F.);
#13734 = ORIENTED_EDGE('',*,*,#13726,.T.);
#13735 = ORIENTED_EDGE('',*,*,#13732,.T.);
#13736 = CARTESIAN_POINT('', (8.37006,24,19.1693));
#13737 = DIRECTION('', (0.168996, 0, -0.985617));
#13738 = DIRECTION('', (0.985617, 0, 0.168996));
#13739 = AXIS2_PLACEMENT_3D('',#13736,#13737,#13738);
#13740 = PLANE('',#13739);
#13741 = EDGE_LOOP('', (#13733,#13734,#13735));
#13742 = FACE_BOUND('', #13741,.T.);
#13743 = ADVANCED_FACE('', (#13742),#13740,.T.);
#13744 = CARTESIAN_POINT('', (8.78798,0,19.241));
#13745 = VERTEX_POINT('', #13744);
#13746 = CARTESIAN_POINT('', (8.78798,24,19.241));
#13747 = VERTEX_POINT('', #13746);
#13748 = CARTESIAN_POINT('', (9,24,19.25));
#13749 = VERTEX_POINT('', #13748);
#13750 = CARTESIAN_POINT('', (9,24,19.25));
#13751 = DIRECTION('', (-0.00883362, -0.999961, -0.000375336));
#13752 = VECTOR('',#13751,1);
#13753 = LINE('',#13750, #13752);
#13754 = SURFACE_CURVE('', #13753);
#13755 = EDGE_CURVE('', #13749, #13745,#13754,.T.);
#13756 = ORIENTED_EDGE('',*,*,#13726,.F.);
#13757 = ORIENTED_EDGE('',*,*,#9413,.F.);
#13758 = ORIENTED_EDGE('',*,*,#13755,.T.);
#13759 = CARTESIAN_POINT('', (8.78798,0,19.241));
#13760 = DIRECTION('', (0.0424511, 0, -0.999099));
#13761 = DIRECTION('', (0, 1, 0));
#13762 = AXIS2_PLACEMENT_3D('',#13759,#13760,#13761);
#13763 = PLANE('',#13762);
#13764 = EDGE_LOOP('', (#13756,#13757,#13758));
#13765 = FACE_BOUND('', #13764,.T.);
#13766 = ADVANCED_FACE('', (#13765),#13763,.T.);
#13767 = CARTESIAN_POINT('', (8.78798,0,19.241));
#13768 = VERTEX_POINT('', #13767);
#13769 = CARTESIAN_POINT('', (9,24,19.25));
#13770 = VERTEX_POINT('', #13769);
#13771 = CARTESIAN_POINT('', (9.21202,0,19.241));
#13772 = VERTEX_POINT('', #13771);
#13773 = CARTESIAN_POINT('', (9,24,19.25));
#13774 = DIRECTION('', (0.00883362, -0.999961, -0.000375336));
#13775 = VECTOR('',#13774,1);
#13776 = LINE('',#13773, #13775);
#13777 = SURFACE_CURVE('', #13776);
#13778 = EDGE_CURVE('', #13770, #13772,#13777,.T.);
#13779 = ORIENTED_EDGE('',*,*,#13755,.F.);
#13780 = ORIENTED_EDGE('',*,*,#13778,.T.);
#13781 = ORIENTED_EDGE('',*,*,#1525,.F.);
#13782 = CARTESIAN_POINT('', (8.78798,0,19.241));
#13783 = DIRECTION('', (0, 0.00037535, -1));
#13784 = DIRECTION('', (0.00883362, 0.999961, 0.000375336));
#13785 = AXIS2_PLACEMENT_3D('',#13782,#13783,#13784);
#13786 = PLANE('',#13785);
#13787 = EDGE_LOOP('', (#13779,#13780,#13781));
#13788 = FACE_BOUND('', #13787,.T.);
#13789 = ADVANCED_FACE('', (#13788),#13786,.T.);
#13790 = CARTESIAN_POINT('', (9.21202,0,19.241));
#13791 = VERTEX_POINT('', #13790);
#13792 = CARTESIAN_POINT('', (9,24,19.25));
#13793 = VERTEX_POINT('', #13792);
#13794 = CARTESIAN_POINT('', (9.21202,24,19.241));
#13795 = VERTEX_POINT('', #13794);
#13796 = CARTESIAN_POINT('', (9.21202,24,19.241));
#13797 = DIRECTION('', (0, -1, 0));
#13798 = VECTOR('',#13797,1);
#13799 = LINE('',#13796, #13798);
#13800 = SURFACE_CURVE('', #13799);
#13801 = EDGE_CURVE('', #13795, #13791,#13800,.T.);
#13802 = ORIENTED_EDGE('',*,*,#13778,.F.);
#13803 = ORIENTED_EDGE('',*,*,#7390,.F.);
#13804 = ORIENTED_EDGE('',*,*,#13801,.T.);
#13805 = CARTESIAN_POINT('', (9.21202,0,19.241));
#13806 = DIRECTION('', (-0.0424511, 0, -0.999099));
#13807 = DIRECTION('', (-0.00883362, 0.999961, 0.000375336));
#13808 = AXIS2_PLACEMENT_3D('',#13805,#13806,#13807);
#13809 = PLANE('',#13808);
#13810 = EDGE_LOOP('', (#13802,#13803,#13804));
#13811 = FACE_BOUND('', #13810,.T.);
#13812 = ADVANCED_FACE('', (#13811),#13809,.T.);
#13813 = CARTESIAN_POINT('', (9.21202,0,19.241));
#13814 = VERTEX_POINT('', #13813);
#13815 = CARTESIAN_POINT('', (9.21202,24,19.241));
#13816 = VERTEX_POINT('', #13815);
#13817 = CARTESIAN_POINT('', (9.62994,0,19.1693));
#13818 = VERTEX_POINT('', #13817);
#13819 = CARTESIAN_POINT('', (9.21202,24,19.241));
#13820 = DIRECTION('', (0.017411, -0.999844, -0.00298533));
#13821 = VECTOR('',#13820,1);
#13822 = LINE('',#13819, #13821);
#13823 = SURFACE_CURVE('', #13822);
#13824 = EDGE_CURVE('', #13816, #13818,#13823,.T.);
#13825 = ORIENTED_EDGE('',*,*,#13801,.F.);
#13826 = ORIENTED_EDGE('',*,*,#13824,.T.);
#13827 = ORIENTED_EDGE('',*,*,#1583,.F.);
#13828 = CARTESIAN_POINT('', (9.21202,0,19.241));
#13829 = DIRECTION('', (-0.168996, 0, -0.985617));
#13830 = DIRECTION('', (0, 1, 0));
#13831 = AXIS2_PLACEMENT_3D('',#13828,#13829,#13830);
#13832 = PLANE('',#13831);
#13833 = EDGE_LOOP('', (#13825,#13826,#13827));
#13834 = FACE_BOUND('', #13833,.T.);
#13835 = ADVANCED_FACE('', (#13834),#13832,.T.);
#13836 = CARTESIAN_POINT('', (9.62994,0,19.1693));
#13837 = VERTEX_POINT('', #13836);
#13838 = CARTESIAN_POINT('', (9.21202,24,19.241));
#13839 = VERTEX_POINT('', #13838);
#13840 = CARTESIAN_POINT('', (9.62994,24,19.1693));
#13841 = VERTEX_POINT('', #13840);
#13842 = CARTESIAN_POINT('', (9.62994,24,19.1693));
#13843 = DIRECTION('', (0, -1, 0));
#13844 = VECTOR('',#13843,1);
#13845 = LINE('',#13842, #13844);
#13846 = SURFACE_CURVE('', #13845);
#13847 = EDGE_CURVE('', #13841, #13837,#13846,.T.);
#13848 = ORIENTED_EDGE('',*,*,#13824,.F.);
#13849 = ORIENTED_EDGE('',*,*,#7715,.F.);
#13850 = ORIENTED_EDGE('',*,*,#13847,.T.);
#13851 = CARTESIAN_POINT('', (9.62994,0,19.1693));
#13852 = DIRECTION('', (-0.168996, 0, -0.985617));
#13853 = DIRECTION('', (-0.017411, 0.999844, 0.00298533));
#13854 = AXIS2_PLACEMENT_3D('',#13851,#13852,#13853);
#13855 = PLANE('',#13854);
#13856 = EDGE_LOOP('', (#13848,#13849,#13850));
#13857 = FACE_BOUND('', #13856,.T.);
#13858 = ADVANCED_FACE('', (#13857),#13855,.T.);
#13859 = CARTESIAN_POINT('', (9.62994,0,19.1693));
#13860 = VERTEX_POINT('', #13859);
#13861 = CARTESIAN_POINT('', (9.62994,24,19.1693));
#13862 = VERTEX_POINT('', #13861);
#13863 = CARTESIAN_POINT('', (10.0298,0,19.0281));
#13864 = VERTEX_POINT('', #13863);
#13865 = CARTESIAN_POINT('', (9.62994,24,19.1693));
#13866 = DIRECTION('', (0.0166561, -0.999844, -0.005885));
#13867 = VECTOR('',#13866,1);
#13868 = LINE('',#13865, #13867);
#13869 = SURFACE_CURVE('', #13868);
#13870 = EDGE_CURVE('', #13862, #13864,#13869,.T.);
#13871 = ORIENTED_EDGE('',*,*,#13847,.F.);
#13872 = ORIENTED_EDGE('',*,*,#13870,.T.);
#13873 = ORIENTED_EDGE('',*,*,#1612,.F.);
#13874 = CARTESIAN_POINT('', (9.62994,0,19.1693));
#13875 = DIRECTION('', (-0.333142, 0, -0.942877));
#13876 = DIRECTION('', (0, 1, 0));
#13877 = AXIS2_PLACEMENT_3D('',#13874,#13875,#13876);
#13878 = PLANE('',#13877);
#13879 = EDGE_LOOP('', (#13871,#13872,#13873));
#13880 = FACE_BOUND('', #13879,.T.);
#13881 = ADVANCED_FACE('', (#13880),#13878,.T.);
#13882 = CARTESIAN_POINT('', (10.0298,0,19.0281));
#13883 = VERTEX_POINT('', #13882);
#13884 = CARTESIAN_POINT('', (9.62994,24,19.1693));
#13885 = VERTEX_POINT('', #13884);
#13886 = CARTESIAN_POINT('', (10.0298,24,19.0281));
#13887 = VERTEX_POINT('', #13886);
#13888 = CARTESIAN_POINT('', (10.0298,24,19.0281));
#13889 = DIRECTION('', (0, -1, 0));
#13890 = VECTOR('',#13889,1);
#13891 = LINE('',#13888, #13890);
#13892 = SURFACE_CURVE('', #13891);
#13893 = EDGE_CURVE('', #13887, #13883,#13892,.T.);
#13894 = ORIENTED_EDGE('',*,*,#13870,.F.);
#13895 = ORIENTED_EDGE('',*,*,#7686,.F.);
#13896 = ORIENTED_EDGE('',*,*,#13893,.T.);
#13897 = CARTESIAN_POINT('', (10.0298,0,19.0281));
#13898 = DIRECTION('', (-0.333142, 0, -0.942877));
#13899 = DIRECTION('', (-0.0166561, 0.999844, 0.005885));
#13900 = AXIS2_PLACEMENT_3D('',#13897,#13898,#13899);
#13901 = PLANE('',#13900);
#13902 = EDGE_LOOP('', (#13894,#13895,#13896));
#13903 = FACE_BOUND('', #13902,.T.);
#13904 = ADVANCED_FACE('', (#13903),#13901,.T.);
#13905 = CARTESIAN_POINT('', (10.0298,0,19.0281));
#13906 = VERTEX_POINT('', #13905);
#13907 = CARTESIAN_POINT('', (10.0298,24,19.0281));
#13908 = VERTEX_POINT('', #13907);
#13909 = CARTESIAN_POINT('', (10.3999,0,18.8213));
#13910 = VERTEX_POINT('', #13909);
#13911 = CARTESIAN_POINT('', (10.0298,24,19.0281));
#13912 = DIRECTION('', (0.0154219, -0.999844, -0.0086151));
#13913 = VECTOR('',#13912,1);
#13914 = LINE('',#13911, #13913);
#13915 = SURFACE_CURVE('', #13914);
#13916 = EDGE_CURVE('', #13908, #13910,#13915,.T.);
#13917 = ORIENTED_EDGE('',*,*,#13893,.F.);
#13918 = ORIENTED_EDGE('',*,*,#13916,.T.);
#13919 = ORIENTED_EDGE('',*,*,#608,.F.);
#13920 = CARTESIAN_POINT('', (10.0298,0,19.0281));
#13921 = DIRECTION('', (-0.487691, 0, -0.873017));
#13922 = DIRECTION('', (0, 1, 0));
#13923 = AXIS2_PLACEMENT_3D('',#13920,#13921,#13922);
#13924 = PLANE('',#13923);
#13925 = EDGE_LOOP('', (#13917,#13918,#13919));
#13926 = FACE_BOUND('', #13925,.T.);
#13927 = ADVANCED_FACE('', (#13926),#13924,.T.);
#13928 = CARTESIAN_POINT('', (10.3999,0,18.8213));
#13929 = VERTEX_POINT('', #13928);
#13930 = CARTESIAN_POINT('', (10.0298,24,19.0281));
#13931 = VERTEX_POINT('', #13930);
#13932 = CARTESIAN_POINT('', (10.3999,24,18.8213));
#13933 = VERTEX_POINT('', #13932);
#13934 = CARTESIAN_POINT('', (10.3999,24,18.8213));
#13935 = DIRECTION('', (0, -1, 0));
#13936 = VECTOR('',#13935,1);
#13937 = LINE('',#13934, #13936);
#13938 = SURFACE_CURVE('', #13937);
#13939 = EDGE_CURVE('', #13933, #13929,#13938,.T.);
#13940 = ORIENTED_EDGE('',*,*,#13916,.F.);
#13941 = ORIENTED_EDGE('',*,*,#6601,.F.);
#13942 = ORIENTED_EDGE('',*,*,#13939,.T.);
#13943 = CARTESIAN_POINT('', (10.3999,0,18.8213));
#13944 = DIRECTION('', (-0.487691, 0, -0.873017));
#13945 = DIRECTION('', (-0.0154219, 0.999844, 0.0086151));
#13946 = AXIS2_PLACEMENT_3D('',#13943,#13944,#13945);
#13947 = PLANE('',#13946);
#13948 = EDGE_LOOP('', (#13940,#13941,#13942));
#13949 = FACE_BOUND('', #13948,.T.);
#13950 = ADVANCED_FACE('', (#13949),#13947,.T.);
#13951 = CARTESIAN_POINT('', (10.3999,0,18.8213));
#13952 = VERTEX_POINT('', #13951);
#13953 = CARTESIAN_POINT('', (10.3999,24,18.8213));
#13954 = VERTEX_POINT('', #13953);
#13955 = CARTESIAN_POINT('', (10.7298,0,18.5549));
#13956 = VERTEX_POINT('', #13955);
#13957 = CARTESIAN_POINT('', (10.3999,24,18.8213));
#13958 = DIRECTION('', (0.0137442, -0.999844, -0.0110977));
#13959 = VECTOR('',#13958,1);
#13960 = LINE('',#13957, #13959);
#13961 = SURFACE_CURVE('', #13960);
#13962 = EDGE_CURVE('', #13954, #13956,#13961,.T.);
#13963 = ORIENTED_EDGE('',*,*,#13939,.F.);
#13964 = ORIENTED_EDGE('',*,*,#13962,.T.);
#13965 = ORIENTED_EDGE('',*,*,#1154,.F.);
#13966 = CARTESIAN_POINT('', (10.3999,0,18.8213));
#13967 = DIRECTION('', (-0.628222, 0, -0.778034));
#13968 = DIRECTION('', (0, 1, 0));
#13969 = AXIS2_PLACEMENT_3D('',#13966,#13967,#13968);
#13970 = PLANE('',#13969);
#13971 = EDGE_LOOP('', (#13963,#13964,#13965));
#13972 = FACE_BOUND('', #13971,.T.);
#13973 = ADVANCED_FACE('', (#13972),#13970,.T.);
#13974 = CARTESIAN_POINT('', (10.7298,0,18.5549));
#13975 = VERTEX_POINT('', #13974);
#13976 = CARTESIAN_POINT('', (10.3999,24,18.8213));
#13977 = VERTEX_POINT('', #13976);
#13978 = CARTESIAN_POINT('', (10.7298,24,18.5549));
#13979 = VERTEX_POINT('', #13978);
#13980 = CARTESIAN_POINT('', (10.7298,24,18.5549));
#13981 = DIRECTION('', (0, -1, 0));
#13982 = VECTOR('',#13981,1);
#13983 = LINE('',#13980, #13982);
#13984 = SURFACE_CURVE('', #13983);
#13985 = EDGE_CURVE('', #13979, #13975,#13984,.T.);
#13986 = ORIENTED_EDGE('',*,*,#13962,.F.);
#13987 = ORIENTED_EDGE('',*,*,#6572,.F.);
#13988 = ORIENTED_EDGE('',*,*,#13985,.T.);
#13989 = CARTESIAN_POINT('', (10.7298,0,18.5549));
#13990 = DIRECTION('', (-0.628222, 0, -0.778034));
#13991 = DIRECTION('', (-0.0137442, 0.999844, 0.0110977));
#13992 = AXIS2_PLACEMENT_3D('',#13989,#13990,#13991);
#13993 = PLANE('',#13992);
#13994 = EDGE_LOOP('', (#13986,#13987,#13988));
#13995 = FACE_BOUND('', #13994,.T.);
#13996 = ADVANCED_FACE('', (#13995),#13993,.T.);
#13997 = CARTESIAN_POINT('', (10.7298,0,18.5549));
#13998 = VERTEX_POINT('', #13997);
#13999 = CARTESIAN_POINT('', (10.7298,24,18.5549));
#14000 = VERTEX_POINT('', #13999);
#14001 = CARTESIAN_POINT('', (11.01,0,18.2366));
#14002 = VERTEX_POINT('', #14001);
#14003 = CARTESIAN_POINT('', (10.7298,24,18.5549));
#14004 = DIRECTION('', (0.0116709, -0.999844, -0.0132607));
#14005 = VECTOR('',#14004,1);
#14006 = LINE('',#14003, #14005);
#14007 = SURFACE_CURVE('', #14006);
#14008 = EDGE_CURVE('', #14000, #14002,#14007,.T.);
#14009 = ORIENTED_EDGE('',*,*,#13985,.F.);
#14010 = ORIENTED_EDGE('',*,*,#14008,.T.);
#14011 = ORIENTED_EDGE('',*,*,#1183,.F.);
#14012 = CARTESIAN_POINT('', (10.7298,0,18.5549));
#14013 = DIRECTION('', (-0.750672, 0, -0.660675));
#14014 = DIRECTION('', (0, 1, 0));
#14015 = AXIS2_PLACEMENT_3D('',#14012,#14013,#14014);
#14016 = PLANE('',#14015);
#14017 = EDGE_LOOP('', (#14009,#14010,#14011));
#14018 = FACE_BOUND('', #14017,.T.);
#14019 = ADVANCED_FACE('', (#14018),#14016,.T.);
#14020 = CARTESIAN_POINT('', (11.01,0,18.2366));
#14021 = VERTEX_POINT('', #14020);
#14022 = CARTESIAN_POINT('', (10.7298,24,18.5549));
#14023 = VERTEX_POINT('', #14022);
#14024 = CARTESIAN_POINT('', (11.01,24,18.2366));
#14025 = VERTEX_POINT('', #14024);
#14026 = CARTESIAN_POINT('', (11.01,24,18.2366));
#14027 = DIRECTION('', (0, -1, 0));
#14028 = VECTOR('',#14027,1);
#14029 = LINE('',#14026, #14028);
#14030 = SURFACE_CURVE('', #14029);
#14031 = EDGE_CURVE('', #14025, #14021,#14030,.T.);
#14032 = ORIENTED_EDGE('',*,*,#14008,.F.);
#14033 = ORIENTED_EDGE('',*,*,#6543,.F.);
#14034 = ORIENTED_EDGE('',*,*,#14031,.T.);
#14035 = CARTESIAN_POINT('', (11.01,0,18.2366));
#14036 = DIRECTION('', (-0.750672, 0, -0.660675));
#14037 = DIRECTION('', (-0.0116709, 0.999844, 0.0132607));
#14038 = AXIS2_PLACEMENT_3D('',#14035,#14036,#14037);
#14039 = PLANE('',#14038);
#14040 = EDGE_LOOP('', (#14032,#14033,#14034));
#14041 = FACE_BOUND('', #14040,.T.);
#14042 = ADVANCED_FACE('', (#14041),#14039,.T.);
#14043 = CARTESIAN_POINT('', (11.01,0,18.2366));
#14044 = VERTEX_POINT('', #14043);
#14045 = CARTESIAN_POINT('', (11.01,24,18.2366));
#14046 = VERTEX_POINT('', #14045);
#14047 = CARTESIAN_POINT('', (11.2323,0,17.8755));
#14048 = VERTEX_POINT('', #14047);
#14049 = CARTESIAN_POINT('', (11.01,24,18.2366));
#14050 = DIRECTION('', (0.00926199, -0.999844, -0.0150424));
#14051 = VECTOR('',#14050,1);
#14052 = LINE('',#14049, #14051);
#14053 = SURFACE_CURVE('', #14052);
#14054 = EDGE_CURVE('', #14046, #14048,#14053,.T.);
#14055 = ORIENTED_EDGE('',*,*,#14031,.F.);
#14056 = ORIENTED_EDGE('',*,*,#14054,.T.);
#14057 = ORIENTED_EDGE('',*,*,#1212,.F.);
#14058 = CARTESIAN_POINT('', (11.01,0,18.2366));
#14059 = DIRECTION('', (-0.851529, 0, -0.524307));
#14060 = DIRECTION('', (0, 1, 0));
#14061 = AXIS2_PLACEMENT_3D('',#14058,#14059,#14060);
#14062 = PLANE('',#14061);
#14063 = EDGE_LOOP('', (#14055,#14056,#14057));
#14064 = FACE_BOUND('', #14063,.T.);
#14065 = ADVANCED_FACE('', (#14064),#14062,.T.);
#14066 = CARTESIAN_POINT('', (11.2323,0,17.8755));
#14067 = VERTEX_POINT('', #14066);
#14068 = CARTESIAN_POINT('', (11.01,24,18.2366));
#14069 = VERTEX_POINT('', #14068);
#14070 = CARTESIAN_POINT('', (11.2323,24,17.8755));
#14071 = VERTEX_POINT('', #14070);
#14072 = CARTESIAN_POINT('', (11.2323,24,17.8755));
#14073 = DIRECTION('', (0, -1, 0));
#14074 = VECTOR('',#14073,1);
#14075 = LINE('',#14072, #14074);
#14076 = SURFACE_CURVE('', #14075);
#14077 = EDGE_CURVE('', #14071, #14067,#14076,.T.);
#14078 = ORIENTED_EDGE('',*,*,#14054,.F.);
#14079 = ORIENTED_EDGE('',*,*,#6108,.F.);
#14080 = ORIENTED_EDGE('',*,*,#14077,.T.);
#14081 = CARTESIAN_POINT('', (11.2323,0,17.8755));
#14082 = DIRECTION('', (-0.851529, 0, -0.524307));
#14083 = DIRECTION('', (-0.00926199, 0.999844, 0.0150424));
#14084 = AXIS2_PLACEMENT_3D('',#14081,#14082,#14083);
#14085 = PLANE('',#14084);
#14086 = EDGE_LOOP('', (#14078,#14079,#14080));
#14087 = FACE_BOUND('', #14086,.T.);
#14088 = ADVANCED_FACE('', (#14087),#14085,.T.);
#14089 = CARTESIAN_POINT('', (11.2323,0,17.8755));
#14090 = VERTEX_POINT('', #14089);
#14091 = CARTESIAN_POINT('', (11.2323,24,17.8755));
#14092 = VERTEX_POINT('', #14091);
#14093 = CARTESIAN_POINT('', (11.3904,0,17.4821));
#14094 = VERTEX_POINT('', #14093);
#14095 = CARTESIAN_POINT('', (11.2323,24,17.8755));
#14096 = DIRECTION('', (0.00658656, -0.999844, -0.0163913));
#14097 = VECTOR('',#14096,1);
#14098 = LINE('',#14095, #14097);
#14099 = SURFACE_CURVE('', #14098);
#14100 = EDGE_CURVE('', #14092, #14094,#14099,.T.);
#14101 = ORIENTED_EDGE('',*,*,#14077,.F.);
#14102 = ORIENTED_EDGE('',*,*,#14100,.T.);
#14103 = ORIENTED_EDGE('',*,*,#4505,.F.);
#14104 = CARTESIAN_POINT('', (11.2323,0,17.8755));
#14105 = DIRECTION('', (-0.92789, 0, -0.372855));
#14106 = DIRECTION('', (0, 1, 0));
#14107 = AXIS2_PLACEMENT_3D('',#14104,#14105,#14106);
#14108 = PLANE('',#14107);
#14109 = EDGE_LOOP('', (#14101,#14102,#14103));
#14110 = FACE_BOUND('', #14109,.T.);
#14111 = ADVANCED_FACE('', (#14110),#14108,.T.);
#14112 = CARTESIAN_POINT('', (11.3904,0,17.4821));
#14113 = VERTEX_POINT('', #14112);
#14114 = CARTESIAN_POINT('', (11.2323,24,17.8755));
#14115 = VERTEX_POINT('', #14114);
#14116 = CARTESIAN_POINT('', (11.3904,24,17.4821));
#14117 = VERTEX_POINT('', #14116);
#14118 = CARTESIAN_POINT('', (11.3904,24,17.4821));
#14119 = DIRECTION('', (0, -1, 0));
#14120 = VECTOR('',#14119,1);
#14121 = LINE('',#14118, #14120);
#14122 = SURFACE_CURVE('', #14121);
#14123 = EDGE_CURVE('', #14117, #14113,#14122,.T.);
#14124 = ORIENTED_EDGE('',*,*,#14100,.F.);
#14125 = ORIENTED_EDGE('',*,*,#7999,.F.);
#14126 = ORIENTED_EDGE('',*,*,#14123,.T.);
#14127 = CARTESIAN_POINT('', (11.3904,0,17.4821));
#14128 = DIRECTION('', (-0.92789, 0, -0.372855));
#14129 = DIRECTION('', (-0.00658656, 0.999844, 0.0163913));
#14130 = AXIS2_PLACEMENT_3D('',#14127,#14128,#14129);
#14131 = PLANE('',#14130);
#14132 = EDGE_LOOP('', (#14124,#14125,#14126));
#14133 = FACE_BOUND('', #14132,.T.);
#14134 = ADVANCED_FACE('', (#14133),#14131,.T.);
#14135 = CARTESIAN_POINT('', (11.3904,0,17.4821));
#14136 = VERTEX_POINT('', #14135);
#14137 = CARTESIAN_POINT('', (11.3904,24,17.4821));
#14138 = VERTEX_POINT('', #14137);
#14139 = CARTESIAN_POINT('', (11.4798,0,17.0675));
#14140 = VERTEX_POINT('', #14139);
#14141 = CARTESIAN_POINT('', (11.3904,24,17.4821));
#14142 = DIRECTION('', (0.00372169, -0.999844, -0.0172687));
#14143 = VECTOR('',#14142,1);
#14144 = LINE('',#14141, #14143);
#14145 = SURFACE_CURVE('', #14144);
#14146 = EDGE_CURVE('', #14138, #14140,#14145,.T.);
#14147 = ORIENTED_EDGE('',*,*,#14123,.F.);
#14148 = ORIENTED_EDGE('',*,*,#14146,.T.);
#14149 = ORIENTED_EDGE('',*,*,#4534,.F.);
#14150 = CARTESIAN_POINT('', (11.3904,0,17.4821));
#14151 = DIRECTION('', (-0.977555, 0, -0.21068));
#14152 = DIRECTION('', (0, 1, 0));
#14153 = AXIS2_PLACEMENT_3D('',#14150,#14151,#14152);
#14154 = PLANE('',#14153);
#14155 = EDGE_LOOP('', (#14147,#14148,#14149));
#14156 = FACE_BOUND('', #14155,.T.);
#14157 = ADVANCED_FACE('', (#14156),#14154,.T.);
#14158 = CARTESIAN_POINT('', (11.4798,0,17.0675));
#14159 = VERTEX_POINT('', #14158);
#14160 = CARTESIAN_POINT('', (11.3904,24,17.4821));
#14161 = VERTEX_POINT('', #14160);
#14162 = CARTESIAN_POINT('', (11.4798,24,17.0675));
#14163 = VERTEX_POINT('', #14162);
#14164 = CARTESIAN_POINT('', (11.4798,24,17.0675));
#14165 = DIRECTION('', (0, -1, 0));
#14166 = VECTOR('',#14165,1);
#14167 = LINE('',#14164, #14166);
#14168 = SURFACE_CURVE('', #14167);
#14169 = EDGE_CURVE('', #14163, #14159,#14168,.T.);
#14170 = ORIENTED_EDGE('',*,*,#14146,.F.);
#14171 = ORIENTED_EDGE('',*,*,#7970,.F.);
#14172 = ORIENTED_EDGE('',*,*,#14169,.T.);
#14173 = CARTESIAN_POINT('', (11.4798,0,17.0675));
#14174 = DIRECTION('', (-0.977555, 0, -0.21068));
#14175 = DIRECTION('', (-0.00372169, 0.999844, 0.0172687));
#14176 = AXIS2_PLACEMENT_3D('',#14173,#14174,#14175);
#14177 = PLANE('',#14176);
#14178 = EDGE_LOOP('', (#14170,#14171,#14172));
#14179 = FACE_BOUND('', #14178,.T.);
#14180 = ADVANCED_FACE('', (#14179),#14177,.T.);
#14181 = CARTESIAN_POINT('', (11.4798,0,17.0675));
#14182 = VERTEX_POINT('', #14181);
#14183 = CARTESIAN_POINT('', (11.4798,24,17.0675));
#14184 = VERTEX_POINT('', #14183);
#14185 = CARTESIAN_POINT('', (11.4977,0,16.6439));
#14186 = VERTEX_POINT('', #14185);
#14187 = CARTESIAN_POINT('', (11.4798,24,17.0675));
#14188 = DIRECTION('', (0.000749709, -0.999844, -0.0176493));
#14189 = VECTOR('',#14188,1);
#14190 = LINE('',#14187, #14189);
#14191 = SURFACE_CURVE('', #14190);
#14192 = EDGE_CURVE('', #14184, #14186,#14191,.T.);
#14193 = ORIENTED_EDGE('',*,*,#14169,.F.);
#14194 = ORIENTED_EDGE('',*,*,#14192,.T.);
#14195 = ORIENTED_EDGE('',*,*,#4586,.F.);
#14196 = CARTESIAN_POINT('', (11.4798,0,17.0675));
#14197 = DIRECTION('', (-0.999099, 0, -0.0424399));
#14198 = DIRECTION('', (0, 1, 0));
#14199 = AXIS2_PLACEMENT_3D('',#14196,#14197,#14198);
#14200 = PLANE('',#14199);
#14201 = EDGE_LOOP('', (#14193,#14194,#14195));
#14202 = FACE_BOUND('', #14201,.T.);
#14203 = ADVANCED_FACE('', (#14202),#14200,.T.);
#14204 = CARTESIAN_POINT('', (11.4977,0,16.6439));
#14205 = VERTEX_POINT('', #14204);
#14206 = CARTESIAN_POINT('', (11.4798,24,17.0675));
#14207 = VERTEX_POINT('', #14206);
#14208 = CARTESIAN_POINT('', (11.4977,24,16.6439));
#14209 = VERTEX_POINT('', #14208);
#14210 = CARTESIAN_POINT('', (11.4977,24,16.6439));
#14211 = DIRECTION('', (0, -1, 0));
#14212 = VECTOR('',#14211,1);
#14213 = LINE('',#14210, #14212);
#14214 = SURFACE_CURVE('', #14213);
#14215 = EDGE_CURVE('', #14209, #14205,#14214,.T.);
#14216 = ORIENTED_EDGE('',*,*,#14192,.F.);
#14217 = ORIENTED_EDGE('',*,*,#7912,.F.);
#14218 = ORIENTED_EDGE('',*,*,#14215,.T.);
#14219 = CARTESIAN_POINT('', (11.4977,0,16.6439));
#14220 = DIRECTION('', (-0.999099, 0, -0.0424399));
#14221 = DIRECTION('', (-0.000749709, 0.999844, 0.0176493));
#14222 = AXIS2_PLACEMENT_3D('',#14219,#14220,#14221);
#14223 = PLANE('',#14222);
#14224 = EDGE_LOOP('', (#14216,#14217,#14218));
#14225 = FACE_BOUND('', #14224,.T.);
#14226 = ADVANCED_FACE('', (#14225),#14223,.T.);
#14227 = CARTESIAN_POINT('', (11.4977,0,16.6439));
#14228 = VERTEX_POINT('', #14227);
#14229 = CARTESIAN_POINT('', (11.4977,24,16.6439));
#14230 = VERTEX_POINT('', #14229);
#14231 = CARTESIAN_POINT('', (11.4439,0,16.2233));
#14232 = VERTEX_POINT('', #14231);
#14233 = CARTESIAN_POINT('', (11.4977,24,16.6439));
#14234 = DIRECTION('', (-0.0022438, -0.999844, -0.0175219));
#14235 = VECTOR('',#14234,1);
#14236 = LINE('',#14233, #14235);
#14237 = SURFACE_CURVE('', #14236);
#14238 = EDGE_CURVE('', #14230, #14232,#14237,.T.);
#14239 = ORIENTED_EDGE('',*,*,#14215,.F.);
#14240 = ORIENTED_EDGE('',*,*,#14238,.T.);
#14241 = ORIENTED_EDGE('',*,*,#4644,.F.);
#14242 = CARTESIAN_POINT('', (11.4977,0,16.6439));
#14243 = DIRECTION('', (-0.9919, 0, 0.12702));
#14244 = DIRECTION('', (0, 1, 0));
#14245 = AXIS2_PLACEMENT_3D('',#14242,#14243,#14244);
#14246 = PLANE('',#14245);
#14247 = EDGE_LOOP('', (#14239,#14240,#14241));
#14248 = FACE_BOUND('', #14247,.T.);
#14249 = ADVANCED_FACE('', (#14248),#14246,.T.);
#14250 = CARTESIAN_POINT('', (11.4439,0,16.2233));
#14251 = VERTEX_POINT('', #14250);
#14252 = CARTESIAN_POINT('', (11.4977,24,16.6439));
#14253 = VERTEX_POINT('', #14252);
#14254 = CARTESIAN_POINT('', (11.4439,24,16.2233));
#14255 = VERTEX_POINT('', #14254);
#14256 = CARTESIAN_POINT('', (11.4439,24,16.2233));
#14257 = DIRECTION('', (0, -1, 0));
#14258 = VECTOR('',#14257,1);
#14259 = LINE('',#14256, #14258);
#14260 = SURFACE_CURVE('', #14259);
#14261 = EDGE_CURVE('', #14255, #14251,#14260,.T.);
#14262 = ORIENTED_EDGE('',*,*,#14238,.F.);
#14263 = ORIENTED_EDGE('',*,*,#7854,.F.);
#14264 = ORIENTED_EDGE('',*,*,#14261,.T.);
#14265 = CARTESIAN_POINT('', (11.4439,0,16.2233));
#14266 = DIRECTION('', (-0.9919, 0, 0.12702));
#14267 = DIRECTION('', (0.0022438, 0.999844, 0.0175219));
#14268 = AXIS2_PLACEMENT_3D('',#14265,#14266,#14267);
#14269 = PLANE('',#14268);
#14270 = EDGE_LOOP('', (#14262,#14263,#14264));
#14271 = FACE_BOUND('', #14270,.T.);
#14272 = ADVANCED_FACE('', (#14271),#14269,.T.);
#14273 = CARTESIAN_POINT('', (11.4439,0,16.2233));
#14274 = VERTEX_POINT('', #14273);
#14275 = CARTESIAN_POINT('', (11.4439,24,16.2233));
#14276 = VERTEX_POINT('', #14275);
#14277 = CARTESIAN_POINT('', (11.3197,0,15.8179));
#14278 = VERTEX_POINT('', #14277);
#14279 = CARTESIAN_POINT('', (11.4439,24,16.2233));
#14280 = DIRECTION('', (-0.00517272, -0.999844, -0.0168908));
#14281 = VECTOR('',#14280,1);
#14282 = LINE('',#14279, #14281);
#14283 = SURFACE_CURVE('', #14282);
#14284 = EDGE_CURVE('', #14276, #14278,#14283,.T.);
#14285 = ORIENTED_EDGE('',*,*,#14261,.F.);
#14286 = ORIENTED_EDGE('',*,*,#14284,.T.);
#14287 = ORIENTED_EDGE('',*,*,#4673,.F.);
#14288 = CARTESIAN_POINT('', (11.4439,0,16.2233));
#14289 = DIRECTION('', (-0.956167, 0, 0.292821));
#14290 = DIRECTION('', (0, 1, 0));
#14291 = AXIS2_PLACEMENT_3D('',#14288,#14289,#14290);
#14292 = PLANE('',#14291);
#14293 = EDGE_LOOP('', (#14285,#14286,#14287));
#14294 = FACE_BOUND('', #14293,.T.);
#14295 = ADVANCED_FACE('', (#14294),#14292,.T.);
#14296 = CARTESIAN_POINT('', (11.3197,0,15.8179));
#14297 = VERTEX_POINT('', #14296);
#14298 = CARTESIAN_POINT('', (11.4439,24,16.2233));
#14299 = VERTEX_POINT('', #14298);
#14300 = CARTESIAN_POINT('', (11.3197,24,15.8179));
#14301 = VERTEX_POINT('', #14300);
#14302 = CARTESIAN_POINT('', (11.3197,24,15.8179));
#14303 = DIRECTION('', (0, -1, 0));
#14304 = VECTOR('',#14303,1);
#14305 = LINE('',#14302, #14304);
#14306 = SURFACE_CURVE('', #14305);
#14307 = EDGE_CURVE('', #14301, #14297,#14306,.T.);
#14308 = ORIENTED_EDGE('',*,*,#14284,.F.);
#14309 = ORIENTED_EDGE('',*,*,#7825,.F.);
#14310 = ORIENTED_EDGE('',*,*,#14307,.T.);
#14311 = CARTESIAN_POINT('', (11.3197,0,15.8179));
#14312 = DIRECTION('', (-0.956167, 0, 0.292821));
#14313 = DIRECTION('', (0.00517272, 0.999844, 0.0168908));
#14314 = AXIS2_PLACEMENT_3D('',#14311,#14312,#14313);
#14315 = PLANE('',#14314);
#14316 = EDGE_LOOP('', (#14308,#14309,#14310));
#14317 = FACE_BOUND('', #14316,.T.);
#14318 = ADVANCED_FACE('', (#14317),#14315,.T.);
#14319 = CARTESIAN_POINT('', (11.3197,0,15.8179));
#14320 = VERTEX_POINT('', #14319);
#14321 = CARTESIAN_POINT('', (11.3197,24,15.8179));
#14322 = VERTEX_POINT('', #14321);
#14323 = CARTESIAN_POINT('', (11.1288,0,15.4392));
#14324 = VERTEX_POINT('', #14323);
#14325 = CARTESIAN_POINT('', (11.3197,24,15.8179));
#14326 = DIRECTION('', (-0.00795292, -0.999844, -0.0157737));
#14327 = VECTOR('',#14326,1);
#14328 = LINE('',#14325, #14327);
#14329 = SURFACE_CURVE('', #14328);
#14330 = EDGE_CURVE('', #14322, #14324,#14329,.T.);
#14331 = ORIENTED_EDGE('',*,*,#14307,.F.);
#14332 = ORIENTED_EDGE('',*,*,#14330,.T.);
#14333 = ORIENTED_EDGE('',*,*,#2198,.F.);
#14334 = CARTESIAN_POINT('', (11.3197,0,15.8179));
#14335 = DIRECTION('', (-0.892926, 0, 0.450203));
#14336 = DIRECTION('', (0, 1, 0));
#14337 = AXIS2_PLACEMENT_3D('',#14334,#14335,#14336);
#14338 = PLANE('',#14337);
#14339 = EDGE_LOOP('', (#14331,#14332,#14333));
#14340 = FACE_BOUND('', #14339,.T.);
#14341 = ADVANCED_FACE('', (#14340),#14338,.T.);
#14342 = CARTESIAN_POINT('', (11.1288,0,15.4392));
#14343 = VERTEX_POINT('', #14342);
#14344 = CARTESIAN_POINT('', (11.3197,24,15.8179));
#14345 = VERTEX_POINT('', #14344);
#14346 = CARTESIAN_POINT('', (11.1288,24,15.4392));
#14347 = VERTEX_POINT('', #14346);
#14348 = CARTESIAN_POINT('', (11.1288,24,15.4392));
#14349 = DIRECTION('', (0, -1, 0));
#14350 = VECTOR('',#14349,1);
#14351 = LINE('',#14348, #14350);
#14352 = SURFACE_CURVE('', #14351);
#14353 = EDGE_CURVE('', #14347, #14343,#14352,.T.);
#14354 = ORIENTED_EDGE('',*,*,#14330,.F.);
#14355 = ORIENTED_EDGE('',*,*,#6079,.F.);
#14356 = ORIENTED_EDGE('',*,*,#14353,.T.);
#14357 = CARTESIAN_POINT('', (11.1288,0,15.4392));
#14358 = DIRECTION('', (-0.892926, 0, 0.450203));
#14359 = DIRECTION('', (0.00795292, 0.999844, 0.0157737));
#14360 = AXIS2_PLACEMENT_3D('',#14357,#14358,#14359);
#14361 = PLANE('',#14360);
#14362 = EDGE_LOOP('', (#14354,#14355,#14356));
#14363 = FACE_BOUND('', #14362,.T.);
#14364 = ADVANCED_FACE('', (#14363),#14361,.T.);
#14365 = CARTESIAN_POINT('', (11.1288,0,15.4392));
#14366 = VERTEX_POINT('', #14365);
#14367 = CARTESIAN_POINT('', (11.1288,24,15.4392));
#14368 = VERTEX_POINT('', #14367);
#14369 = CARTESIAN_POINT('', (10.8767,0,15.0983));
#14370 = VERTEX_POINT('', #14369);
#14371 = CARTESIAN_POINT('', (11.1288,24,15.4392));
#14372 = DIRECTION('', (-0.0105043, -0.999844, -0.0142028));
#14373 = VECTOR('',#14372,1);
#14374 = LINE('',#14371, #14373);
#14375 = SURFACE_CURVE('', #14374);
#14376 = EDGE_CURVE('', #14368, #14370,#14375,.T.);
#14377 = ORIENTED_EDGE('',*,*,#14353,.F.);
#14378 = ORIENTED_EDGE('',*,*,#14376,.T.);
#14379 = ORIENTED_EDGE('',*,*,#3120,.F.);
#14380 = CARTESIAN_POINT('', (11.1288,0,15.4392));
#14381 = DIRECTION('', (-0.803997, 0, 0.594633));
#14382 = DIRECTION('', (0, 1, 0));
#14383 = AXIS2_PLACEMENT_3D('',#14380,#14381,#14382);
#14384 = PLANE('',#14383);
#14385 = EDGE_LOOP('', (#14377,#14378,#14379));
#14386 = FACE_BOUND('', #14385,.T.);
#14387 = ADVANCED_FACE('', (#14386),#14384,.T.);
#14388 = CARTESIAN_POINT('', (10.8767,0,15.0983));
#14389 = VERTEX_POINT('', #14388);
#14390 = CARTESIAN_POINT('', (11.1288,24,15.4392));
#14391 = VERTEX_POINT('', #14390);
#14392 = CARTESIAN_POINT('', (10.8767,24,15.0983));
#14393 = VERTEX_POINT('', #14392);
#14394 = CARTESIAN_POINT('', (10.8767,24,15.0983));
#14395 = DIRECTION('', (0, -1, 0));
#14396 = VECTOR('',#14395,1);
#14397 = LINE('',#14394, #14396);
#14398 = SURFACE_CURVE('', #14397);
#14399 = EDGE_CURVE('', #14393, #14389,#14398,.T.);
#14400 = ORIENTED_EDGE('',*,*,#14376,.F.);
#14401 = ORIENTED_EDGE('',*,*,#9732,.F.);
#14402 = ORIENTED_EDGE('',*,*,#14399,.T.);
#14403 = CARTESIAN_POINT('', (10.8767,0,15.0983));
#14404 = DIRECTION('', (-0.803997, 0, 0.594633));
#14405 = DIRECTION('', (0.0105043, 0.999844, 0.0142028));
#14406 = AXIS2_PLACEMENT_3D('',#14403,#14404,#14405);
#14407 = PLANE('',#14406);
#14408 = EDGE_LOOP('', (#14400,#14401,#14402));
#14409 = FACE_BOUND('', #14408,.T.);
#14410 = ADVANCED_FACE('', (#14409),#14407,.T.);
#14411 = CARTESIAN_POINT('', (10.8767,0,15.0983));
#14412 = VERTEX_POINT('', #14411);
#14413 = CARTESIAN_POINT('', (10.8767,24,15.0983));
#14414 = VERTEX_POINT('', #14413);
#14415 = CARTESIAN_POINT('', (10.5705,0,14.8049));
#14416 = VERTEX_POINT('', #14415);
#14417 = CARTESIAN_POINT('', (10.8767,24,15.0983));
#14418 = DIRECTION('', (-0.0127534, -0.999844, -0.0122233));
#14419 = VECTOR('',#14418,1);
#14420 = LINE('',#14417, #14419);
#14421 = SURFACE_CURVE('', #14420);
#14422 = EDGE_CURVE('', #14414, #14416,#14421,.T.);
#14423 = ORIENTED_EDGE('',*,*,#14399,.F.);
#14424 = ORIENTED_EDGE('',*,*,#14422,.T.);
#14425 = ORIENTED_EDGE('',*,*,#3149,.F.);
#14426 = CARTESIAN_POINT('', (10.8767,0,15.0983));
#14427 = DIRECTION('', (-0.691942, 0, 0.721953));
#14428 = DIRECTION('', (0, 1, 0));
#14429 = AXIS2_PLACEMENT_3D('',#14426,#14427,#14428);
#14430 = PLANE('',#14429);
#14431 = EDGE_LOOP('', (#14423,#14424,#14425));
#14432 = FACE_BOUND('', #14431,.T.);
#14433 = ADVANCED_FACE('', (#14432),#14430,.T.);
#14434 = CARTESIAN_POINT('', (10.5705,0,14.8049));
#14435 = VERTEX_POINT('', #14434);
#14436 = CARTESIAN_POINT('', (10.8767,24,15.0983));
#14437 = VERTEX_POINT('', #14436);
#14438 = CARTESIAN_POINT('', (10.5705,24,14.8049));
#14439 = VERTEX_POINT('', #14438);
#14440 = CARTESIAN_POINT('', (10.5705,24,14.8049));
#14441 = DIRECTION('', (0, -1, 0));
#14442 = VECTOR('',#14441,1);
#14443 = LINE('',#14440, #14442);
#14444 = SURFACE_CURVE('', #14443);
#14445 = EDGE_CURVE('', #14439, #14435,#14444,.T.);
#14446 = ORIENTED_EDGE('',*,*,#14422,.F.);
#14447 = ORIENTED_EDGE('',*,*,#9790,.F.);
#14448 = ORIENTED_EDGE('',*,*,#14445,.T.);
#14449 = CARTESIAN_POINT('', (10.5705,0,14.8049));
#14450 = DIRECTION('', (-0.691942, 0, 0.721953));
#14451 = DIRECTION('', (0.0127534, 0.999844, 0.0122233));
#14452 = AXIS2_PLACEMENT_3D('',#14449,#14450,#14451);
#14453 = PLANE('',#14452);
#14454 = EDGE_LOOP('', (#14446,#14447,#14448));
#14455 = FACE_BOUND('', #14454,.T.);
#14456 = ADVANCED_FACE('', (#14455),#14453,.T.);
#14457 = CARTESIAN_POINT('', (10.5705,0,14.8049));
#14458 = VERTEX_POINT('', #14457);
#14459 = CARTESIAN_POINT('', (10.5705,24,14.8049));
#14460 = VERTEX_POINT('', #14459);
#14461 = CARTESIAN_POINT('', (10.2192,0,14.5675));
#14462 = VERTEX_POINT('', #14461);
#14463 = CARTESIAN_POINT('', (10.5705,24,14.8049));
#14464 = DIRECTION('', (-0.0146357, -0.999844, -0.00989203));
#14465 = VECTOR('',#14464,1);
#14466 = LINE('',#14463, #14465);
#14467 = SURFACE_CURVE('', #14466);
#14468 = EDGE_CURVE('', #14460, #14462,#14467,.T.);
#14469 = ORIENTED_EDGE('',*,*,#14445,.F.);
#14470 = ORIENTED_EDGE('',*,*,#14468,.T.);
#14471 = ORIENTED_EDGE('',*,*,#3201,.F.);
#14472 = CARTESIAN_POINT('', (10.5705,0,14.8049));
#14473 = DIRECTION('', (-0.559975, 0, 0.82851));
#14474 = DIRECTION('', (0, 1, 0));
#14475 = AXIS2_PLACEMENT_3D('',#14472,#14473,#14474);
#14476 = PLANE('',#14475);
#14477 = EDGE_LOOP('', (#14469,#14470,#14471));
#14478 = FACE_BOUND('', #14477,.T.);
#14479 = ADVANCED_FACE('', (#14478),#14476,.T.);
#14480 = CARTESIAN_POINT('', (10.2192,0,14.5675));
#14481 = VERTEX_POINT('', #14480);
#14482 = CARTESIAN_POINT('', (10.5705,24,14.8049));
#14483 = VERTEX_POINT('', #14482);
#14484 = CARTESIAN_POINT('', (10.2192,24,14.5675));
#14485 = VERTEX_POINT('', #14484);
#14486 = CARTESIAN_POINT('', (10.2192,24,14.5675));
#14487 = DIRECTION('', (0, -1, 0));
#14488 = VECTOR('',#14487,1);
#14489 = LINE('',#14486, #14488);
#14490 = SURFACE_CURVE('', #14489);
#14491 = EDGE_CURVE('', #14485, #14481,#14490,.T.);
#14492 = ORIENTED_EDGE('',*,*,#14468,.F.);
#14493 = ORIENTED_EDGE('',*,*,#6804,.F.);
#14494 = ORIENTED_EDGE('',*,*,#14491,.T.);
#14495 = CARTESIAN_POINT('', (10.2192,0,14.5675));
#14496 = DIRECTION('', (-0.559975, 0, 0.82851));
#14497 = DIRECTION('', (0.0146357, 0.999844, 0.00989203));
#14498 = AXIS2_PLACEMENT_3D('',#14495,#14496,#14497);
#14499 = PLANE('',#14498);
#14500 = EDGE_LOOP('', (#14492,#14493,#14494));
#14501 = FACE_BOUND('', #14500,.T.);
#14502 = ADVANCED_FACE('', (#14501),#14499,.T.);
#14503 = CARTESIAN_POINT('', (10.2192,0,14.5675));
#14504 = VERTEX_POINT('', #14503);
#14505 = CARTESIAN_POINT('', (10.2192,24,14.5675));
#14506 = VERTEX_POINT('', #14505);
#14507 = CARTESIAN_POINT('', (9.83285,0,14.3928));
#14508 = VERTEX_POINT('', #14507);
#14509 = CARTESIAN_POINT('', (10.2192,24,14.5675));
#14510 = DIRECTION('', (-0.016097, -0.999844, -0.00727623));
#14511 = VECTOR('',#14510,1);
#14512 = LINE('',#14509, #14511);
#14513 = SURFACE_CURVE('', #14512);
#14514 = EDGE_CURVE('', #14506, #14508,#14513,.T.);
#14515 = ORIENTED_EDGE('',*,*,#14491,.F.);
#14516 = ORIENTED_EDGE('',*,*,#14514,.T.);
#14517 = ORIENTED_EDGE('',*,*,#3230,.F.);
#14518 = CARTESIAN_POINT('', (10.2192,0,14.5675));
#14519 = DIRECTION('', (-0.411898, 0, 0.91123));
#14520 = DIRECTION('', (0, 1, 0));
#14521 = AXIS2_PLACEMENT_3D('',#14518,#14519,#14520);
#14522 = PLANE('',#14521);
#14523 = EDGE_LOOP('', (#14515,#14516,#14517));
#14524 = FACE_BOUND('', #14523,.T.);
#14525 = ADVANCED_FACE('', (#14524),#14522,.T.);
#14526 = CARTESIAN_POINT('', (9.83285,0,14.3928));
#14527 = VERTEX_POINT('', #14526);
#14528 = CARTESIAN_POINT('', (10.2192,24,14.5675));
#14529 = VERTEX_POINT('', #14528);
#14530 = CARTESIAN_POINT('', (9.83285,24,14.3928));
#14531 = VERTEX_POINT('', #14530);
#14532 = CARTESIAN_POINT('', (9.83285,24,14.3928));
#14533 = DIRECTION('', (0, -1, 0));
#14534 = VECTOR('',#14533,1);
#14535 = LINE('',#14532, #14534);
#14536 = SURFACE_CURVE('', #14535);
#14537 = EDGE_CURVE('', #14531, #14527,#14536,.T.);
#14538 = ORIENTED_EDGE('',*,*,#14514,.F.);
#14539 = ORIENTED_EDGE('',*,*,#9048,.F.);
#14540 = ORIENTED_EDGE('',*,*,#14537,.T.);
#14541 = CARTESIAN_POINT('', (9.83285,0,14.3928));
#14542 = DIRECTION('', (-0.411898, 0, 0.91123));
#14543 = DIRECTION('', (0.016097, 0.999844, 0.00727623));
#14544 = AXIS2_PLACEMENT_3D('',#14541,#14542,#14543);
#14545 = PLANE('',#14544);
#14546 = EDGE_LOOP('', (#14538,#14539,#14540));
#14547 = FACE_BOUND('', #14546,.T.);
#14548 = ADVANCED_FACE('', (#14547),#14545,.T.);
#14549 = CARTESIAN_POINT('', (9.83285,0,14.3928));
#14550 = VERTEX_POINT('', #14549);
#14551 = CARTESIAN_POINT('', (9.83285,24,14.3928));
#14552 = VERTEX_POINT('', #14551);
#14553 = CARTESIAN_POINT('', (9.4225,0,14.286));
#14554 = VERTEX_POINT('', #14553);
#14555 = CARTESIAN_POINT('', (9.83285,24,14.3928));
#14556 = DIRECTION('', (-0.0170951, -0.999844, -0.00445118));
#14557 = VECTOR('',#14556,1);
#14558 = LINE('',#14555, #14557);
#14559 = SURFACE_CURVE('', #14558);
#14560 = EDGE_CURVE('', #14552, #14554,#14559,.T.);
#14561 = ORIENTED_EDGE('',*,*,#14537,.F.);
#14562 = ORIENTED_EDGE('',*,*,#14560,.T.);
#14563 = ORIENTED_EDGE('',*,*,#916,.F.);
#14564 = CARTESIAN_POINT('', (9.83285,0,14.3928));
#14565 = DIRECTION('', (-0.251976, 0, 0.967734));
#14566 = DIRECTION('', (0, 1, 0));
#14567 = AXIS2_PLACEMENT_3D('',#14564,#14565,#14566);
#14568 = PLANE('',#14567);
#14569 = EDGE_LOOP('', (#14561,#14562,#14563));
#14570 = FACE_BOUND('', #14569,.T.);
#14571 = ADVANCED_FACE('', (#14570),#14568,.T.);
#14572 = CARTESIAN_POINT('', (9.4225,0,14.286));
#14573 = VERTEX_POINT('', #14572);
#14574 = CARTESIAN_POINT('', (9.83285,24,14.3928));
#14575 = VERTEX_POINT('', #14574);
#14576 = CARTESIAN_POINT('', (9.4225,24,14.286));
#14577 = VERTEX_POINT('', #14576);
#14578 = CARTESIAN_POINT('', (9.4225,24,14.286));
#14579 = DIRECTION('', (0, -1, 0));
#14580 = VECTOR('',#14579,1);
#14581 = LINE('',#14578, #14580);
#14582 = SURFACE_CURVE('', #14581);
#14583 = EDGE_CURVE('', #14577, #14573,#14582,.T.);
#14584 = ORIENTED_EDGE('',*,*,#14560,.F.);
#14585 = ORIENTED_EDGE('',*,*,#9019,.F.);
#14586 = ORIENTED_EDGE('',*,*,#14583,.T.);
#14587 = CARTESIAN_POINT('', (9.4225,0,14.286));
#14588 = DIRECTION('', (-0.251976, 0, 0.967734));
#14589 = DIRECTION('', (0.0170951, 0.999844, 0.00445118));
#14590 = AXIS2_PLACEMENT_3D('',#14587,#14588,#14589);
#14591 = PLANE('',#14590);
#14592 = EDGE_LOOP('', (#14584,#14585,#14586));
#14593 = FACE_BOUND('', #14592,.T.);
#14594 = ADVANCED_FACE('', (#14593),#14591,.T.);
#14595 = CARTESIAN_POINT('', (9.4225,0,14.286));
#14596 = VERTEX_POINT('', #14595);
#14597 = CARTESIAN_POINT('', (9.4225,24,14.286));
#14598 = VERTEX_POINT('', #14597);
#14599 = CARTESIAN_POINT('', (9,0,14.25));
#14600 = VERTEX_POINT('', #14599);
#14601 = CARTESIAN_POINT('', (9.4225,24,14.286));
#14602 = DIRECTION('', (-0.0176015, -0.999844, -0.00149811));
#14603 = VECTOR('',#14602,1);
#14604 = LINE('',#14601, #14603);
#14605 = SURFACE_CURVE('', #14604);
#14606 = EDGE_CURVE('', #14598, #14600,#14605,.T.);
#14607 = ORIENTED_EDGE('',*,*,#14583,.F.);
#14608 = ORIENTED_EDGE('',*,*,#14606,.T.);
#14609 = ORIENTED_EDGE('',*,*,#951,.F.);
#14610 = CARTESIAN_POINT('', (9.4225,0,14.286));
#14611 = DIRECTION('', (-0.0848058, 0, 0.996398));
#14612 = DIRECTION('', (0, 1, 0));
#14613 = AXIS2_PLACEMENT_3D('',#14610,#14611,#14612);
#14614 = PLANE('',#14613);
#14615 = EDGE_LOOP('', (#14607,#14608,#14609));
#14616 = FACE_BOUND('', #14615,.T.);
#14617 = ADVANCED_FACE('', (#14616),#14614,.T.);
#14618 = CARTESIAN_POINT('', (9,0,14.25));
#14619 = VERTEX_POINT('', #14618);
#14620 = CARTESIAN_POINT('', (9.4225,24,14.286));
#14621 = VERTEX_POINT('', #14620);
#14622 = CARTESIAN_POINT('', (9,24,14.25));
#14623 = VERTEX_POINT('', #14622);
#14624 = CARTESIAN_POINT('', (9,24,14.25));
#14625 = DIRECTION('', (0, -1, 0));
#14626 = VECTOR('',#14625,1);
#14627 = LINE('',#14624, #14626);
#14628 = SURFACE_CURVE('', #14627);
#14629 = EDGE_CURVE('', #14623, #14619,#14628,.T.);
#14630 = ORIENTED_EDGE('',*,*,#14606,.F.);
#14631 = ORIENTED_EDGE('',*,*,#8967,.F.);
#14632 = ORIENTED_EDGE('',*,*,#14629,.T.);
#14633 = CARTESIAN_POINT('', (9,0,14.25));
#14634 = DIRECTION('', (-0.0848058, 0, 0.996398));
#14635 = DIRECTION('', (0.0176015, 0.999844, 0.00149811));
#14636 = AXIS2_PLACEMENT_3D('',#14633,#14634,#14635);
#14637 = PLANE('',#14636);
#14638 = EDGE_LOOP('', (#14630,#14631,#14632));
#14639 = FACE_BOUND('', #14638,.T.);
#14640 = ADVANCED_FACE('', (#14639),#14637,.T.);
#14641 = CARTESIAN_POINT('', (9,0,14.25));
#14642 = VERTEX_POINT('', #14641);
#14643 = CARTESIAN_POINT('', (9,24,14.25));
#14644 = VERTEX_POINT('', #14643);
#14645 = CARTESIAN_POINT('', (8.5775,0,14.286));
#14646 = VERTEX_POINT('', #14645);
#14647 = CARTESIAN_POINT('', (9,24,14.25));
#14648 = DIRECTION('', (-0.0176015, -0.999844, 0.00149811));
#14649 = VECTOR('',#14648,1);
#14650 = LINE('',#14647, #14649);
#14651 = SURFACE_CURVE('', #14650);
#14652 = EDGE_CURVE('', #14644, #14646,#14651,.T.);
#14653 = ORIENTED_EDGE('',*,*,#14629,.F.);
#14654 = ORIENTED_EDGE('',*,*,#14652,.T.);
#14655 = ORIENTED_EDGE('',*,*,#980,.F.);
#14656 = CARTESIAN_POINT('', (9,0,14.25));
#14657 = DIRECTION('', (0.0848058, -0, 0.996398));
#14658 = DIRECTION('', (0, 1, 0));
#14659 = AXIS2_PLACEMENT_3D('',#14656,#14657,#14658);
#14660 = PLANE('',#14659);
#14661 = EDGE_LOOP('', (#14653,#14654,#14655));
#14662 = FACE_BOUND('', #14661,.T.);
#14663 = ADVANCED_FACE('', (#14662),#14660,.T.);
#14664 = CARTESIAN_POINT('', (8.5775,0,14.286));
#14665 = VERTEX_POINT('', #14664);
#14666 = CARTESIAN_POINT('', (9,24,14.25));
#14667 = VERTEX_POINT('', #14666);
#14668 = CARTESIAN_POINT('', (8.5775,24,14.286));
#14669 = VERTEX_POINT('', #14668);
#14670 = CARTESIAN_POINT('', (8.5775,24,14.286));
#14671 = DIRECTION('', (0, -1, 0));
#14672 = VECTOR('',#14671,1);
#14673 = LINE('',#14670, #14672);
#14674 = SURFACE_CURVE('', #14673);
#14675 = EDGE_CURVE('', #14669, #14665,#14674,.T.);
#14676 = ORIENTED_EDGE('',*,*,#14652,.F.);
#14677 = ORIENTED_EDGE('',*,*,#8938,.F.);
#14678 = ORIENTED_EDGE('',*,*,#14675,.T.);
#14679 = CARTESIAN_POINT('', (8.5775,0,14.286));
#14680 = DIRECTION('', (0.0848058, -0, 0.996398));
#14681 = DIRECTION('', (0.0176015, 0.999844, -0.00149811));
#14682 = AXIS2_PLACEMENT_3D('',#14679,#14680,#14681);
#14683 = PLANE('',#14682);
#14684 = EDGE_LOOP('', (#14676,#14677,#14678));
#14685 = FACE_BOUND('', #14684,.T.);
#14686 = ADVANCED_FACE('', (#14685),#14683,.T.);
#14687 = CARTESIAN_POINT('', (8.5775,0,14.286));
#14688 = VERTEX_POINT('', #14687);
#14689 = CARTESIAN_POINT('', (8.5775,24,14.286));
#14690 = VERTEX_POINT('', #14689);
#14691 = CARTESIAN_POINT('', (8.16715,0,14.3928));
#14692 = VERTEX_POINT('', #14691);
#14693 = CARTESIAN_POINT('', (8.5775,24,14.286));
#14694 = DIRECTION('', (-0.0170951, -0.999844, 0.00445118));
#14695 = VECTOR('',#14694,1);
#14696 = LINE('',#14693, #14695);
#14697 = SURFACE_CURVE('', #14696);
#14698 = EDGE_CURVE('', #14690, #14692,#14697,.T.);
#14699 = ORIENTED_EDGE('',*,*,#14675,.F.);
#14700 = ORIENTED_EDGE('',*,*,#14698,.T.);
#14701 = ORIENTED_EDGE('',*,*,#480,.F.);
#14702 = CARTESIAN_POINT('', (8.5775,0,14.286));
#14703 = DIRECTION('', (0.251976, -0, 0.967734));
#14704 = DIRECTION('', (0, 1, 0));
#14705 = AXIS2_PLACEMENT_3D('',#14702,#14703,#14704);
#14706 = PLANE('',#14705);
#14707 = EDGE_LOOP('', (#14699,#14700,#14701));
#14708 = FACE_BOUND('', #14707,.T.);
#14709 = ADVANCED_FACE('', (#14708),#14706,.T.);
#14710 = CARTESIAN_POINT('', (8.16715,0,14.3928));
#14711 = VERTEX_POINT('', #14710);
#14712 = CARTESIAN_POINT('', (8.5775,24,14.286));
#14713 = VERTEX_POINT('', #14712);
#14714 = CARTESIAN_POINT('', (8.16715,24,14.3928));
#14715 = VERTEX_POINT('', #14714);
#14716 = CARTESIAN_POINT('', (8.16715,24,14.3928));
#14717 = DIRECTION('', (0, -1, 0));
#14718 = VECTOR('',#14717,1);
#14719 = LINE('',#14716, #14718);
#14720 = SURFACE_CURVE('', #14719);
#14721 = EDGE_CURVE('', #14715, #14711,#14720,.T.);
#14722 = ORIENTED_EDGE('',*,*,#14698,.F.);
#14723 = ORIENTED_EDGE('',*,*,#8909,.F.);
#14724 = ORIENTED_EDGE('',*,*,#14721,.T.);
#14725 = CARTESIAN_POINT('', (8.16715,0,14.3928));
#14726 = DIRECTION('', (0.251976, -0, 0.967734));
#14727 = DIRECTION('', (0.0170951, 0.999844, -0.00445118));
#14728 = AXIS2_PLACEMENT_3D('',#14725,#14726,#14727);
#14729 = PLANE('',#14728);
#14730 = EDGE_LOOP('', (#14722,#14723,#14724));
#14731 = FACE_BOUND('', #14730,.T.);
#14732 = ADVANCED_FACE('', (#14731),#14729,.T.);
#14733 = CARTESIAN_POINT('', (8.16715,0,14.3928));
#14734 = VERTEX_POINT('', #14733);
#14735 = CARTESIAN_POINT('', (8.16715,24,14.3928));
#14736 = VERTEX_POINT('', #14735);
#14737 = CARTESIAN_POINT('', (7.78076,0,14.5675));
#14738 = VERTEX_POINT('', #14737);
#14739 = CARTESIAN_POINT('', (8.16715,24,14.3928));
#14740 = DIRECTION('', (-0.016097, -0.999844, 0.00727623));
#14741 = VECTOR('',#14740,1);
#14742 = LINE('',#14739, #14741);
#14743 = SURFACE_CURVE('', #14742);
#14744 = EDGE_CURVE('', #14736, #14738,#14743,.T.);
#14745 = ORIENTED_EDGE('',*,*,#14721,.F.);
#14746 = ORIENTED_EDGE('',*,*,#14744,.T.);
#14747 = ORIENTED_EDGE('',*,*,#515,.F.);
#14748 = CARTESIAN_POINT('', (8.16715,0,14.3928));
#14749 = DIRECTION('', (0.411898, -0, 0.91123));
#14750 = DIRECTION('', (0, 1, 0));
#14751 = AXIS2_PLACEMENT_3D('',#14748,#14749,#14750);
#14752 = PLANE('',#14751);
#14753 = EDGE_LOOP('', (#14745,#14746,#14747));
#14754 = FACE_BOUND('', #14753,.T.);
#14755 = ADVANCED_FACE('', (#14754),#14752,.T.);
#14756 = CARTESIAN_POINT('', (7.78076,0,14.5675));
#14757 = VERTEX_POINT('', #14756);
#14758 = CARTESIAN_POINT('', (8.16715,24,14.3928));
#14759 = VERTEX_POINT('', #14758);
#14760 = CARTESIAN_POINT('', (7.78076,24,14.5675));
#14761 = VERTEX_POINT('', #14760);
#14762 = CARTESIAN_POINT('', (7.78076,24,14.5675));
#14763 = DIRECTION('', (0, -1, 0));
#14764 = VECTOR('',#14763,1);
#14765 = LINE('',#14762, #14764);
#14766 = SURFACE_CURVE('', #14765);
#14767 = EDGE_CURVE('', #14761, #14757,#14766,.T.);
#14768 = ORIENTED_EDGE('',*,*,#14744,.F.);
#14769 = ORIENTED_EDGE('',*,*,#8880,.F.);
#14770 = ORIENTED_EDGE('',*,*,#14767,.T.);
#14771 = CARTESIAN_POINT('', (7.78076,0,14.5675));
#14772 = DIRECTION('', (0.411898, -0, 0.91123));
#14773 = DIRECTION('', (0.016097, 0.999844, -0.00727623));
#14774 = AXIS2_PLACEMENT_3D('',#14771,#14772,#14773);
#14775 = PLANE('',#14774);
#14776 = EDGE_LOOP('', (#14768,#14769,#14770));
#14777 = FACE_BOUND('', #14776,.T.);
#14778 = ADVANCED_FACE('', (#14777),#14775,.T.);
#14779 = CARTESIAN_POINT('', (7.78076,0,14.5675));
#14780 = VERTEX_POINT('', #14779);
#14781 = CARTESIAN_POINT('', (7.78076,24,14.5675));
#14782 = VERTEX_POINT('', #14781);
#14783 = CARTESIAN_POINT('', (7.42945,0,14.8049));
#14784 = VERTEX_POINT('', #14783);
#14785 = CARTESIAN_POINT('', (7.78076,24,14.5675));
#14786 = DIRECTION('', (-0.0146357, -0.999844, 0.00989203));
#14787 = VECTOR('',#14786,1);
#14788 = LINE('',#14785, #14787);
#14789 = SURFACE_CURVE('', #14788);
#14790 = EDGE_CURVE('', #14782, #14784,#14789,.T.);
#14791 = ORIENTED_EDGE('',*,*,#14767,.F.);
#14792 = ORIENTED_EDGE('',*,*,#14790,.T.);
#14793 = ORIENTED_EDGE('',*,*,#544,.F.);
#14794 = CARTESIAN_POINT('', (7.78076,0,14.5675));
#14795 = DIRECTION('', (0.559975, -0, 0.82851));
#14796 = DIRECTION('', (0, 1, 0));
#14797 = AXIS2_PLACEMENT_3D('',#14794,#14795,#14796);
#14798 = PLANE('',#14797);
#14799 = EDGE_LOOP('', (#14791,#14792,#14793));
#14800 = FACE_BOUND('', #14799,.T.);
#14801 = ADVANCED_FACE('', (#14800),#14798,.T.);
#14802 = CARTESIAN_POINT('', (7.42945,0,14.8049));
#14803 = VERTEX_POINT('', #14802);
#14804 = CARTESIAN_POINT('', (7.78076,24,14.5675));
#14805 = VERTEX_POINT('', #14804);
#14806 = CARTESIAN_POINT('', (7.42945,24,14.8049));
#14807 = VERTEX_POINT('', #14806);
#14808 = CARTESIAN_POINT('', (7.42945,24,14.8049));
#14809 = DIRECTION('', (0, -1, 0));
#14810 = VECTOR('',#14809,1);
#14811 = LINE('',#14808, #14810);
#14812 = SURFACE_CURVE('', #14811);
#14813 = EDGE_CURVE('', #14807, #14803,#14812,.T.);
#14814 = ORIENTED_EDGE('',*,*,#14790,.F.);
#14815 = ORIENTED_EDGE('',*,*,#8851,.F.);
#14816 = ORIENTED_EDGE('',*,*,#14813,.T.);
#14817 = CARTESIAN_POINT('', (7.42945,0,14.8049));
#14818 = DIRECTION('', (0.559975, -0, 0.82851));
#14819 = DIRECTION('', (0.0146357, 0.999844, -0.00989203));
#14820 = AXIS2_PLACEMENT_3D('',#14817,#14818,#14819);
#14821 = PLANE('',#14820);
#14822 = EDGE_LOOP('', (#14814,#14815,#14816));
#14823 = FACE_BOUND('', #14822,.T.);
#14824 = ADVANCED_FACE('', (#14823),#14821,.T.);
#14825 = CARTESIAN_POINT('', (7.42945,0,14.8049));
#14826 = VERTEX_POINT('', #14825);
#14827 = CARTESIAN_POINT('', (7.42945,24,14.8049));
#14828 = VERTEX_POINT('', #14827);
#14829 = CARTESIAN_POINT('', (7.12332,0,15.0983));
#14830 = VERTEX_POINT('', #14829);
#14831 = CARTESIAN_POINT('', (7.42945,24,14.8049));
#14832 = DIRECTION('', (-0.0127534, -0.999844, 0.0122233));
#14833 = VECTOR('',#14832,1);
#14834 = LINE('',#14831, #14833);
#14835 = SURFACE_CURVE('', #14834);
#14836 = EDGE_CURVE('', #14828, #14830,#14835,.T.);
#14837 = ORIENTED_EDGE('',*,*,#14813,.F.);
#14838 = ORIENTED_EDGE('',*,*,#14836,.T.);
#14839 = ORIENTED_EDGE('',*,*,#643,.F.);
#14840 = CARTESIAN_POINT('', (7.42945,0,14.8049));
#14841 = DIRECTION('', (0.691942, -0, 0.721953));
#14842 = DIRECTION('', (0, 1, 0));
#14843 = AXIS2_PLACEMENT_3D('',#14840,#14841,#14842);
#14844 = PLANE('',#14843);
#14845 = EDGE_LOOP('', (#14837,#14838,#14839));
#14846 = FACE_BOUND('', #14845,.T.);
#14847 = ADVANCED_FACE('', (#14846),#14844,.T.);
#14848 = CARTESIAN_POINT('', (7.12332,0,15.0983));
#14849 = VERTEX_POINT('', #14848);
#14850 = CARTESIAN_POINT('', (7.42945,24,14.8049));
#14851 = VERTEX_POINT('', #14850);
#14852 = CARTESIAN_POINT('', (7.12332,24,15.0983));
#14853 = VERTEX_POINT('', #14852);
#14854 = CARTESIAN_POINT('', (7.12332,24,15.0983));
#14855 = DIRECTION('', (0, -1, 0));
#14856 = VECTOR('',#14855,1);
#14857 = LINE('',#14854, #14856);
#14858 = SURFACE_CURVE('', #14857);
#14859 = EDGE_CURVE('', #14853, #14849,#14858,.T.);
#14860 = ORIENTED_EDGE('',*,*,#14836,.F.);
#14861 = ORIENTED_EDGE('',*,*,#8144,.F.);
#14862 = ORIENTED_EDGE('',*,*,#14859,.T.);
#14863 = CARTESIAN_POINT('', (7.12332,0,15.0983));
#14864 = DIRECTION('', (0.691942, -0, 0.721953));
#14865 = DIRECTION('', (0.0127534, 0.999844, -0.0122233));
#14866 = AXIS2_PLACEMENT_3D('',#14863,#14864,#14865);
#14867 = PLANE('',#14866);
#14868 = EDGE_LOOP('', (#14860,#14861,#14862));
#14869 = FACE_BOUND('', #14868,.T.);
#14870 = ADVANCED_FACE('', (#14869),#14867,.T.);
#14871 = CARTESIAN_POINT('', (7.12332,0,15.0983));
#14872 = VERTEX_POINT('', #14871);
#14873 = CARTESIAN_POINT('', (7.12332,24,15.0983));
#14874 = VERTEX_POINT('', #14873);
#14875 = CARTESIAN_POINT('', (6.87118,0,15.4392));
#14876 = VERTEX_POINT('', #14875);
#14877 = CARTESIAN_POINT('', (7.12332,24,15.0983));
#14878 = DIRECTION('', (-0.0105043, -0.999844, 0.0142028));
#14879 = VECTOR('',#14878,1);
#14880 = LINE('',#14877, #14879);
#14881 = SURFACE_CURVE('', #14880);
#14882 = EDGE_CURVE('', #14874, #14876,#14881,.T.);
#14883 = ORIENTED_EDGE('',*,*,#14859,.F.);
#14884 = ORIENTED_EDGE('',*,*,#14882,.T.);
#14885 = ORIENTED_EDGE('',*,*,#672,.F.);
#14886 = CARTESIAN_POINT('', (7.12332,0,15.0983));
#14887 = DIRECTION('', (0.803997, -0, 0.594633));
#14888 = DIRECTION('', (0, 1, 0));
#14889 = AXIS2_PLACEMENT_3D('',#14886,#14887,#14888);
#14890 = PLANE('',#14889);
#14891 = EDGE_LOOP('', (#14883,#14884,#14885));
#14892 = FACE_BOUND('', #14891,.T.);
#14893 = ADVANCED_FACE('', (#14892),#14890,.T.);
#14894 = CARTESIAN_POINT('', (6.87118,0,15.4392));
#14895 = VERTEX_POINT('', #14894);
#14896 = CARTESIAN_POINT('', (7.12332,24,15.0983));
#14897 = VERTEX_POINT('', #14896);
#14898 = CARTESIAN_POINT('', (6.87118,24,15.4392));
#14899 = VERTEX_POINT('', #14898);
#14900 = CARTESIAN_POINT('', (6.87118,24,15.4392));
#14901 = DIRECTION('', (0, -1, 0));
#14902 = VECTOR('',#14901,1);
#14903 = LINE('',#14900, #14902);
#14904 = SURFACE_CURVE('', #14903);
#14905 = EDGE_CURVE('', #14899, #14895,#14904,.T.);
#14906 = ORIENTED_EDGE('',*,*,#14882,.F.);
#14907 = ORIENTED_EDGE('',*,*,#8115,.F.);
#14908 = ORIENTED_EDGE('',*,*,#14905,.T.);
#14909 = CARTESIAN_POINT('', (6.87118,0,15.4392));
#14910 = DIRECTION('', (0.803997, -0, 0.594633));
#14911 = DIRECTION('', (0.0105043, 0.999844, -0.0142028));
#14912 = AXIS2_PLACEMENT_3D('',#14909,#14910,#14911);
#14913 = PLANE('',#14912);
#14914 = EDGE_LOOP('', (#14906,#14907,#14908));
#14915 = FACE_BOUND('', #14914,.T.);
#14916 = ADVANCED_FACE('', (#14915),#14913,.T.);
#14917 = CARTESIAN_POINT('', (6.87118,0,15.4392));
#14918 = VERTEX_POINT('', #14917);
#14919 = CARTESIAN_POINT('', (6.87118,24,15.4392));
#14920 = VERTEX_POINT('', #14919);
#14921 = CARTESIAN_POINT('', (6.68028,0,15.8179));
#14922 = VERTEX_POINT('', #14921);
#14923 = CARTESIAN_POINT('', (6.87118,24,15.4392));
#14924 = DIRECTION('', (-0.0079529, -0.999844, 0.0157737));
#14925 = VECTOR('',#14924,1);
#14926 = LINE('',#14923, #14925);
#14927 = SURFACE_CURVE('', #14926);
#14928 = EDGE_CURVE('', #14920, #14922,#14927,.T.);
#14929 = ORIENTED_EDGE('',*,*,#14905,.F.);
#14930 = ORIENTED_EDGE('',*,*,#14928,.T.);
#14931 = ORIENTED_EDGE('',*,*,#701,.F.);
#14932 = CARTESIAN_POINT('', (6.87118,0,15.4392));
#14933 = DIRECTION('', (0.892927, -0, 0.450202));
#14934 = DIRECTION('', (0, 1, 0));
#14935 = AXIS2_PLACEMENT_3D('',#14932,#14933,#14934);
#14936 = PLANE('',#14935);
#14937 = EDGE_LOOP('', (#14929,#14930,#14931));
#14938 = FACE_BOUND('', #14937,.T.);
#14939 = ADVANCED_FACE('', (#14938),#14936,.T.);
#14940 = CARTESIAN_POINT('', (6.68028,0,15.8179));
#14941 = VERTEX_POINT('', #14940);
#14942 = CARTESIAN_POINT('', (6.87118,24,15.4392));
#14943 = VERTEX_POINT('', #14942);
#14944 = CARTESIAN_POINT('', (6.68028,24,15.8179));
#14945 = VERTEX_POINT('', #14944);
#14946 = CARTESIAN_POINT('', (6.68028,24,15.8179));
#14947 = DIRECTION('', (0, -1, 0));
#14948 = VECTOR('',#14947,1);
#14949 = LINE('',#14946, #14948);
#14950 = SURFACE_CURVE('', #14949);
#14951 = EDGE_CURVE('', #14945, #14941,#14950,.T.);
#14952 = ORIENTED_EDGE('',*,*,#14928,.F.);
#14953 = ORIENTED_EDGE('',*,*,#8086,.F.);
#14954 = ORIENTED_EDGE('',*,*,#14951,.T.);
#14955 = CARTESIAN_POINT('', (6.68028,0,15.8179));
#14956 = DIRECTION('', (0.892927, -0, 0.450202));
#14957 = DIRECTION('', (0.0079529, 0.999844, -0.0157737));
#14958 = AXIS2_PLACEMENT_3D('',#14955,#14956,#14957);
#14959 = PLANE('',#14958);
#14960 = EDGE_LOOP('', (#14952,#14953,#14954));
#14961 = FACE_BOUND('', #14960,.T.);
#14962 = ADVANCED_FACE('', (#14961),#14959,.T.);
#14963 = CARTESIAN_POINT('', (6.68028,0,15.8179));
#14964 = VERTEX_POINT('', #14963);
#14965 = CARTESIAN_POINT('', (6.68028,24,15.8179));
#14966 = VERTEX_POINT('', #14965);
#14967 = CARTESIAN_POINT('', (6.55611,0,16.2233));
#14968 = VERTEX_POINT('', #14967);
#14969 = CARTESIAN_POINT('', (6.68028,24,15.8179));
#14970 = DIRECTION('', (-0.00517278, -0.999844, 0.0168908));
#14971 = VECTOR('',#14970,1);
#14972 = LINE('',#14969, #14971);
#14973 = SURFACE_CURVE('', #14972);
#14974 = EDGE_CURVE('', #14966, #14968,#14973,.T.);
#14975 = ORIENTED_EDGE('',*,*,#14951,.F.);
#14976 = ORIENTED_EDGE('',*,*,#14974,.T.);
#14977 = ORIENTED_EDGE('',*,*,#794,.F.);
#14978 = CARTESIAN_POINT('', (6.68028,0,15.8179));
#14979 = DIRECTION('', (0.956166, -0, 0.292824));
#14980 = DIRECTION('', (0, 1, 0));
#14981 = AXIS2_PLACEMENT_3D('',#14978,#14979,#14980);
#14982 = PLANE('',#14981);
#14983 = EDGE_LOOP('', (#14975,#14976,#14977));
#14984 = FACE_BOUND('', #14983,.T.);
#14985 = ADVANCED_FACE('', (#14984),#14982,.T.);
#14986 = CARTESIAN_POINT('', (6.55611,0,16.2233));
#14987 = VERTEX_POINT('', #14986);
#14988 = CARTESIAN_POINT('', (6.68028,24,15.8179));
#14989 = VERTEX_POINT('', #14988);
#14990 = CARTESIAN_POINT('', (6.55611,24,16.2233));
#14991 = VERTEX_POINT('', #14990);
#14992 = CARTESIAN_POINT('', (6.55611,24,16.2233));
#14993 = DIRECTION('', (0, -1, 0));
#14994 = VECTOR('',#14993,1);
#14995 = LINE('',#14992, #14994);
#14996 = SURFACE_CURVE('', #14995);
#14997 = EDGE_CURVE('', #14991, #14987,#14996,.T.);
#14998 = ORIENTED_EDGE('',*,*,#14974,.F.);
#14999 = ORIENTED_EDGE('',*,*,#8034,.F.);
#15000 = ORIENTED_EDGE('',*,*,#14997,.T.);
#15001 = CARTESIAN_POINT('', (6.55611,0,16.2233));
#15002 = DIRECTION('', (0.956166, -0, 0.292824));
#15003 = DIRECTION('', (0.00517278, 0.999844, -0.0168908));
#15004 = AXIS2_PLACEMENT_3D('',#15001,#15002,#15003);
#15005 = PLANE('',#15004);
#15006 = EDGE_LOOP('', (#14998,#14999,#15000));
#15007 = FACE_BOUND('', #15006,.T.);
#15008 = ADVANCED_FACE('', (#15007),#15005,.T.);
#15009 = CARTESIAN_POINT('', (6.55611,0,16.2233));
#15010 = VERTEX_POINT('', #15009);
#15011 = CARTESIAN_POINT('', (6.55611,24,16.2233));
#15012 = VERTEX_POINT('', #15011);
#15013 = CARTESIAN_POINT('', (6.50225,0,16.6439));
#15014 = VERTEX_POINT('', #15013);
#15015 = CARTESIAN_POINT('', (6.55611,24,16.2233));
#15016 = DIRECTION('', (-0.00224378, -0.999844, 0.0175219));
#15017 = VECTOR('',#15016,1);
#15018 = LINE('',#15015, #15017);
#15019 = SURFACE_CURVE('', #15018);
#15020 = EDGE_CURVE('', #15012, #15014,#15019,.T.);
#15021 = ORIENTED_EDGE('',*,*,#14997,.F.);
#15022 = ORIENTED_EDGE('',*,*,#15020,.T.);
#15023 = ORIENTED_EDGE('',*,*,#823,.F.);
#15024 = CARTESIAN_POINT('', (6.55611,0,16.2233));
#15025 = DIRECTION('', (0.9919, -0, 0.127019));
#15026 = DIRECTION('', (0, 1, 0));
#15027 = AXIS2_PLACEMENT_3D('',#15024,#15025,#15026);
#15028 = PLANE('',#15027);
#15029 = EDGE_LOOP('', (#15021,#15022,#15023));
#15030 = FACE_BOUND('', #15029,.T.);
#15031 = ADVANCED_FACE('', (#15030),#15028,.T.);
#15032 = CARTESIAN_POINT('', (6.50225,0,16.6439));
#15033 = VERTEX_POINT('', #15032);
#15034 = CARTESIAN_POINT('', (6.55611,24,16.2233));
#15035 = VERTEX_POINT('', #15034);
#15036 = CARTESIAN_POINT('', (6.50225,24,16.6439));
#15037 = VERTEX_POINT('', #15036);
#15038 = CARTESIAN_POINT('', (6.50225,24,16.6439));
#15039 = DIRECTION('', (0, -1, 0));
#15040 = VECTOR('',#15039,1);
#15041 = LINE('',#15038, #15040);
#15042 = SURFACE_CURVE('', #15041);
#15043 = EDGE_CURVE('', #15037, #15033,#15042,.T.);
#15044 = ORIENTED_EDGE('',*,*,#15020,.F.);
#15045 = ORIENTED_EDGE('',*,*,#8063,.F.);
#15046 = ORIENTED_EDGE('',*,*,#15043,.T.);
#15047 = CARTESIAN_POINT('', (6.50225,0,16.6439));
#15048 = DIRECTION('', (0.9919, -0, 0.127019));
#15049 = DIRECTION('', (0.00224378, 0.999844, -0.0175219));
#15050 = AXIS2_PLACEMENT_3D('',#15047,#15048,#15049);
#15051 = PLANE('',#15050);
#15052 = EDGE_LOOP('', (#15044,#15045,#15046));
#15053 = FACE_BOUND('', #15052,.T.);
#15054 = ADVANCED_FACE('', (#15053),#15051,.T.);
#15055 = CARTESIAN_POINT('', (6.50225,0,16.6439));
#15056 = VERTEX_POINT('', #15055);
#15057 = CARTESIAN_POINT('', (6.50225,24,16.6439));
#15058 = VERTEX_POINT('', #15057);
#15059 = CARTESIAN_POINT('', (6.52025,0,17.0675));
#15060 = VERTEX_POINT('', #15059);
#15061 = CARTESIAN_POINT('', (6.50225,24,16.6439));
#15062 = DIRECTION('', (0.000749729, -0.999844, 0.0176493));
#15063 = VECTOR('',#15062,1);
#15064 = LINE('',#15061, #15063);
#15065 = SURFACE_CURVE('', #15064);
#15066 = EDGE_CURVE('', #15058, #15060,#15065,.T.);
#15067 = ORIENTED_EDGE('',*,*,#15043,.F.);
#15068 = ORIENTED_EDGE('',*,*,#15066,.T.);
#15069 = ORIENTED_EDGE('',*,*,#852,.F.);
#15070 = CARTESIAN_POINT('', (6.50225,0,16.6439));
#15071 = DIRECTION('', (0.999099, 0, -0.042441));
#15072 = DIRECTION('', (0, 1, 0));
#15073 = AXIS2_PLACEMENT_3D('',#15070,#15071,#15072);
#15074 = PLANE('',#15073);
#15075 = EDGE_LOOP('', (#15067,#15068,#15069));
#15076 = FACE_BOUND('', #15075,.T.);
#15077 = ADVANCED_FACE('', (#15076),#15074,.T.);
#15078 = CARTESIAN_POINT('', (6.52025,0,17.0675));
#15079 = VERTEX_POINT('', #15078);
#15080 = CARTESIAN_POINT('', (6.50225,24,16.6439));
#15081 = VERTEX_POINT('', #15080);
#15082 = CARTESIAN_POINT('', (6.52025,24,17.0675));
#15083 = VERTEX_POINT('', #15082);
#15084 = CARTESIAN_POINT('', (6.52025,24,17.0675));
#15085 = DIRECTION('', (0, -1, 0));
#15086 = VECTOR('',#15085,1);
#15087 = LINE('',#15084, #15086);
#15088 = SURFACE_CURVE('', #15087);
#15089 = EDGE_CURVE('', #15083, #15079,#15088,.T.);
#15090 = ORIENTED_EDGE('',*,*,#15066,.F.);
#15091 = ORIENTED_EDGE('',*,*,#9355,.F.);
#15092 = ORIENTED_EDGE('',*,*,#15089,.T.);
#15093 = CARTESIAN_POINT('', (6.52025,0,17.0675));
#15094 = DIRECTION('', (0.999099, 0, -0.042441));
#15095 = DIRECTION('', (-0.000749729, 0.999844, -0.0176493));
#15096 = AXIS2_PLACEMENT_3D('',#15093,#15094,#15095);
#15097 = PLANE('',#15096);
#15098 = EDGE_LOOP('', (#15090,#15091,#15092));
#15099 = FACE_BOUND('', #15098,.T.);
#15100 = ADVANCED_FACE('', (#15099),#15097,.T.);
#15101 = CARTESIAN_POINT('', (6.52025,0,17.0675));
#15102 = VERTEX_POINT('', #15101);
#15103 = CARTESIAN_POINT('', (6.52025,24,17.0675));
#15104 = VERTEX_POINT('', #15103);
#15105 = CARTESIAN_POINT('', (6.60958,0,17.4821));
#15106 = VERTEX_POINT('', #15105);
#15107 = CARTESIAN_POINT('', (6.52025,24,17.0675));
#15108 = DIRECTION('', (0.00372169, -0.999844, 0.0172687));
#15109 = VECTOR('',#15108,1);
#15110 = LINE('',#15107, #15109);
#15111 = SURFACE_CURVE('', #15110);
#15112 = EDGE_CURVE('', #15104, #15106,#15111,.T.);
#15113 = ORIENTED_EDGE('',*,*,#15089,.F.);
#15114 = ORIENTED_EDGE('',*,*,#15112,.T.);
#15115 = ORIENTED_EDGE('',*,*,#1247,.F.);
#15116 = CARTESIAN_POINT('', (6.52025,0,17.0675));
#15117 = DIRECTION('', (0.977555, 0, -0.21068));
#15118 = DIRECTION('', (0, 1, 0));
#15119 = AXIS2_PLACEMENT_3D('',#15116,#15117,#15118);
#15120 = PLANE('',#15119);
#15121 = EDGE_LOOP('', (#15113,#15114,#15115));
#15122 = FACE_BOUND('', #15121,.T.);
#15123 = ADVANCED_FACE('', (#15122),#15120,.T.);
#15124 = CARTESIAN_POINT('', (6.60958,0,17.4821));
#15125 = VERTEX_POINT('', #15124);
#15126 = CARTESIAN_POINT('', (6.52025,24,17.0675));
#15127 = VERTEX_POINT('', #15126);
#15128 = CARTESIAN_POINT('', (6.60958,24,17.4821));
#15129 = VERTEX_POINT('', #15128);
#15130 = CARTESIAN_POINT('', (6.60958,24,17.4821));
#15131 = DIRECTION('', (0, -1, 0));
#15132 = VECTOR('',#15131,1);
#15133 = LINE('',#15130, #15132);
#15134 = SURFACE_CURVE('', #15133);
#15135 = EDGE_CURVE('', #15129, #15125,#15134,.T.);
#15136 = ORIENTED_EDGE('',*,*,#15112,.F.);
#15137 = ORIENTED_EDGE('',*,*,#9326,.F.);
#15138 = ORIENTED_EDGE('',*,*,#15135,.T.);
#15139 = CARTESIAN_POINT('', (6.60958,0,17.4821));
#15140 = DIRECTION('', (0.977555, 0, -0.21068));
#15141 = DIRECTION('', (-0.00372169, 0.999844, -0.0172687));
#15142 = AXIS2_PLACEMENT_3D('',#15139,#15140,#15141);
#15143 = PLANE('',#15142);
#15144 = EDGE_LOOP('', (#15136,#15137,#15138));
#15145 = FACE_BOUND('', #15144,.T.);
#15146 = ADVANCED_FACE('', (#15145),#15143,.T.);
#15147 = CARTESIAN_POINT('', (6.60958,0,17.4821));
#15148 = VERTEX_POINT('', #15147);
#15149 = CARTESIAN_POINT('', (6.60958,24,17.4821));
#15150 = VERTEX_POINT('', #15149);
#15151 = CARTESIAN_POINT('', (6.76769,0,17.8755));
#15152 = VERTEX_POINT('', #15151);
#15153 = CARTESIAN_POINT('', (6.60958,24,17.4821));
#15154 = DIRECTION('', (0.00658656, -0.999844, 0.0163913));
#15155 = VECTOR('',#15154,1);
#15156 = LINE('',#15153, #15155);
#15157 = SURFACE_CURVE('', #15156);
#15158 = EDGE_CURVE('', #15150, #15152,#15157,.T.);
#15159 = ORIENTED_EDGE('',*,*,#15135,.F.);
#15160 = ORIENTED_EDGE('',*,*,#15158,.T.);
#15161 = ORIENTED_EDGE('',*,*,#771,.F.);
#15162 = CARTESIAN_POINT('', (6.60958,0,17.4821));
#15163 = DIRECTION('', (0.92789, 0, -0.372855));
#15164 = DIRECTION('', (0, 1, 0));
#15165 = AXIS2_PLACEMENT_3D('',#15162,#15163,#15164);
#15166 = PLANE('',#15165);
#15167 = EDGE_LOOP('', (#15159,#15160,#15161));
#15168 = FACE_BOUND('', #15167,.T.);
#15169 = ADVANCED_FACE('', (#15168),#15166,.T.);
#15170 = CARTESIAN_POINT('', (6.76769,0,17.8755));
#15171 = VERTEX_POINT('', #15170);
#15172 = CARTESIAN_POINT('', (6.60958,24,17.4821));
#15173 = VERTEX_POINT('', #15172);
#15174 = CARTESIAN_POINT('', (6.76769,24,17.8755));
#15175 = VERTEX_POINT('', #15174);
#15176 = CARTESIAN_POINT('', (6.76769,24,17.8755));
#15177 = DIRECTION('', (0, -1, 0));
#15178 = VECTOR('',#15177,1);
#15179 = LINE('',#15176, #15178);
#15180 = SURFACE_CURVE('', #15179);
#15181 = EDGE_CURVE('', #15175, #15171,#15180,.T.);
#15182 = ORIENTED_EDGE('',*,*,#15158,.F.);
#15183 = ORIENTED_EDGE('',*,*,#9274,.F.);
#15184 = ORIENTED_EDGE('',*,*,#15181,.T.);
#15185 = CARTESIAN_POINT('', (6.76769,0,17.8755));
#15186 = DIRECTION('', (0.92789, 0, -0.372855));
#15187 = DIRECTION('', (-0.00658656, 0.999844, -0.0163913));
#15188 = AXIS2_PLACEMENT_3D('',#15185,#15186,#15187);
#15189 = PLANE('',#15188);
#15190 = EDGE_LOOP('', (#15182,#15183,#15184));
#15191 = FACE_BOUND('', #15190,.T.);
#15192 = ADVANCED_FACE('', (#15191),#15189,.T.);
#15193 = CARTESIAN_POINT('', (6.76769,0,17.8755));
#15194 = VERTEX_POINT('', #15193);
#15195 = CARTESIAN_POINT('', (6.76769,24,17.8755));
#15196 = VERTEX_POINT('', #15195);
#15197 = CARTESIAN_POINT('', (6.99001,0,18.2366));
#15198 = VERTEX_POINT('', #15197);
#15199 = CARTESIAN_POINT('', (6.76769,24,17.8755));
#15200 = DIRECTION('', (0.00926195, -0.999844, 0.0150424));
#15201 = VECTOR('',#15200,1);
#15202 = LINE('',#15199, #15201);
#15203 = SURFACE_CURVE('', #15202);
#15204 = EDGE_CURVE('', #15196, #15198,#15203,.T.);
#15205 = ORIENTED_EDGE('',*,*,#15181,.F.);
#15206 = ORIENTED_EDGE('',*,*,#15204,.T.);
#15207 = ORIENTED_EDGE('',*,*,#573,.F.);
#15208 = CARTESIAN_POINT('', (6.76769,0,17.8755));
#15209 = DIRECTION('', (0.85153, 0, -0.524306));
#15210 = DIRECTION('', (0, 1, 0));
#15211 = AXIS2_PLACEMENT_3D('',#15208,#15209,#15210);
#15212 = PLANE('',#15211);
#15213 = EDGE_LOOP('', (#15205,#15206,#15207));
#15214 = FACE_BOUND('', #15213,.T.);
#15215 = ADVANCED_FACE('', (#15214),#15212,.T.);
#15216 = CARTESIAN_POINT('', (6.99001,0,18.2366));
#15217 = VERTEX_POINT('', #15216);
#15218 = CARTESIAN_POINT('', (6.76769,24,17.8755));
#15219 = VERTEX_POINT('', #15218);
#15220 = CARTESIAN_POINT('', (6.99001,24,18.2366));
#15221 = VERTEX_POINT('', #15220);
#15222 = CARTESIAN_POINT('', (6.99001,24,18.2366));
#15223 = DIRECTION('', (0, -1, 0));
#15224 = VECTOR('',#15223,1);
#15225 = LINE('',#15222, #15224);
#15226 = SURFACE_CURVE('', #15225);
#15227 = EDGE_CURVE('', #15221, #15217,#15226,.T.);
#15228 = ORIENTED_EDGE('',*,*,#15204,.F.);
#15229 = ORIENTED_EDGE('',*,*,#9245,.F.);
#15230 = ORIENTED_EDGE('',*,*,#15227,.T.);
#15231 = CARTESIAN_POINT('', (6.99001,0,18.2366));
#15232 = DIRECTION('', (0.85153, 0, -0.524306));
#15233 = DIRECTION('', (-0.00926195, 0.999844, -0.0150424));
#15234 = AXIS2_PLACEMENT_3D('',#15231,#15232,#15233);
#15235 = PLANE('',#15234);
#15236 = EDGE_LOOP('', (#15228,#15229,#15230));
#15237 = FACE_BOUND('', #15236,.T.);
#15238 = ADVANCED_FACE('', (#15237),#15235,.T.);
#15239 = CARTESIAN_POINT('', (6.99001,0,18.2366));
#15240 = VERTEX_POINT('', #15239);
#15241 = CARTESIAN_POINT('', (6.99001,24,18.2366));
#15242 = VERTEX_POINT('', #15241);
#15243 = CARTESIAN_POINT('', (7.27015,0,18.5549));
#15244 = VERTEX_POINT('', #15243);
#15245 = CARTESIAN_POINT('', (6.99001,24,18.2366));
#15246 = DIRECTION('', (0.0116709, -0.999844, 0.0132607));
#15247 = VECTOR('',#15246,1);
#15248 = LINE('',#15245, #15247);
#15249 = SURFACE_CURVE('', #15248);
#15250 = EDGE_CURVE('', #15242, #15244,#15249,.T.);
#15251 = ORIENTED_EDGE('',*,*,#15227,.F.);
#15252 = ORIENTED_EDGE('',*,*,#15250,.T.);
#15253 = ORIENTED_EDGE('',*,*,#1067,.F.);
#15254 = CARTESIAN_POINT('', (6.99001,0,18.2366));
#15255 = DIRECTION('', (0.750671, 0, -0.660676));
#15256 = DIRECTION('', (0, 1, 0));
#15257 = AXIS2_PLACEMENT_3D('',#15254,#15255,#15256);
#15258 = PLANE('',#15257);
#15259 = EDGE_LOOP('', (#15251,#15252,#15253));
#15260 = FACE_BOUND('', #15259,.T.);
#15261 = ADVANCED_FACE('', (#15260),#15258,.T.);
#15262 = CARTESIAN_POINT('', (7.27015,0,18.5549));
#15263 = VERTEX_POINT('', #15262);
#15264 = CARTESIAN_POINT('', (6.99001,24,18.2366));
#15265 = VERTEX_POINT('', #15264);
#15266 = CARTESIAN_POINT('', (7.27015,24,18.5549));
#15267 = VERTEX_POINT('', #15266);
#15268 = CARTESIAN_POINT('', (7.27015,24,18.5549));
#15269 = DIRECTION('', (0, -1, 0));
#15270 = VECTOR('',#15269,1);
#15271 = LINE('',#15268, #15270);
#15272 = SURFACE_CURVE('', #15271);
#15273 = EDGE_CURVE('', #15267, #15263,#15272,.T.);
#15274 = ORIENTED_EDGE('',*,*,#15250,.F.);
#15275 = ORIENTED_EDGE('',*,*,#8799,.F.);
#15276 = ORIENTED_EDGE('',*,*,#15273,.T.);
#15277 = CARTESIAN_POINT('', (7.27015,0,18.5549));
#15278 = DIRECTION('', (0.750671, 0, -0.660676));
#15279 = DIRECTION('', (-0.0116709, 0.999844, -0.0132607));
#15280 = AXIS2_PLACEMENT_3D('',#15277,#15278,#15279);
#15281 = PLANE('',#15280);
#15282 = EDGE_LOOP('', (#15274,#15275,#15276));
#15283 = FACE_BOUND('', #15282,.T.);
#15284 = ADVANCED_FACE('', (#15283),#15281,.T.);
#15285 = CARTESIAN_POINT('', (7.27015,0,18.5549));
#15286 = VERTEX_POINT('', #15285);
#15287 = CARTESIAN_POINT('', (7.27015,24,18.5549));
#15288 = VERTEX_POINT('', #15287);
#15289 = CARTESIAN_POINT('', (7.60006,0,18.8213));
#15290 = VERTEX_POINT('', #15289);
#15291 = CARTESIAN_POINT('', (7.27015,24,18.5549));
#15292 = DIRECTION('', (0.0137441, -0.999844, 0.0110977));
#15293 = VECTOR('',#15292,1);
#15294 = LINE('',#15291, #15293);
#15295 = SURFACE_CURVE('', #15294);
#15296 = EDGE_CURVE('', #15288, #15290,#15295,.T.);
#15297 = ORIENTED_EDGE('',*,*,#15273,.F.);
#15298 = ORIENTED_EDGE('',*,*,#15296,.T.);
#15299 = ORIENTED_EDGE('',*,*,#1096,.F.);
#15300 = CARTESIAN_POINT('', (7.27015,0,18.5549));
#15301 = DIRECTION('', (0.628223, 0, -0.778033));
#15302 = DIRECTION('', (0, 1, 0));
#15303 = AXIS2_PLACEMENT_3D('',#15300,#15301,#15302);
#15304 = PLANE('',#15303);
#15305 = EDGE_LOOP('', (#15297,#15298,#15299));
#15306 = FACE_BOUND('', #15305,.T.);
#15307 = ADVANCED_FACE('', (#15306),#15304,.T.);
#15308 = CARTESIAN_POINT('', (7.60006,0,18.8213));
#15309 = VERTEX_POINT('', #15308);
#15310 = CARTESIAN_POINT('', (7.27015,24,18.5549));
#15311 = VERTEX_POINT('', #15310);
#15312 = CARTESIAN_POINT('', (7.60006,24,18.8213));
#15313 = VERTEX_POINT('', #15312);
#15314 = CARTESIAN_POINT('', (7.60006,24,18.8213));
#15315 = DIRECTION('', (0, -1, 0));
#15316 = VECTOR('',#15315,1);
#15317 = LINE('',#15314, #15316);
#15318 = SURFACE_CURVE('', #15317);
#15319 = EDGE_CURVE('', #15313, #15309,#15318,.T.);
#15320 = ORIENTED_EDGE('',*,*,#15296,.F.);
#15321 = ORIENTED_EDGE('',*,*,#8828,.F.);
#15322 = ORIENTED_EDGE('',*,*,#15319,.T.);
#15323 = CARTESIAN_POINT('', (7.60006,0,18.8213));
#15324 = DIRECTION('', (0.628223, 0, -0.778033));
#15325 = DIRECTION('', (-0.0137441, 0.999844, -0.0110977));
#15326 = AXIS2_PLACEMENT_3D('',#15323,#15324,#15325);
#15327 = PLANE('',#15326);
#15328 = EDGE_LOOP('', (#15320,#15321,#15322));
#15329 = FACE_BOUND('', #15328,.T.);
#15330 = ADVANCED_FACE('', (#15329),#15327,.T.);
#15331 = CARTESIAN_POINT('', (7.60006,0,18.8213));
#15332 = VERTEX_POINT('', #15331);
#15333 = CARTESIAN_POINT('', (7.60006,24,18.8213));
#15334 = VERTEX_POINT('', #15333);
#15335 = CARTESIAN_POINT('', (7.97025,0,19.0281));
#15336 = VERTEX_POINT('', #15335);
#15337 = CARTESIAN_POINT('', (7.60006,24,18.8213));
#15338 = DIRECTION('', (0.0154219, -0.999844, 0.0086151));
#15339 = VECTOR('',#15338,1);
#15340 = LINE('',#15337, #15339);
#15341 = SURFACE_CURVE('', #15340);
#15342 = EDGE_CURVE('', #15334, #15336,#15341,.T.);
#15343 = ORIENTED_EDGE('',*,*,#15319,.F.);
#15344 = ORIENTED_EDGE('',*,*,#15342,.T.);
#15345 = ORIENTED_EDGE('',*,*,#1125,.F.);
#15346 = CARTESIAN_POINT('', (7.60006,0,18.8213));
#15347 = DIRECTION('', (0.487691, 0, -0.873016));
#15348 = DIRECTION('', (0, 1, 0));
#15349 = AXIS2_PLACEMENT_3D('',#15346,#15347,#15348);
#15350 = PLANE('',#15349);
#15351 = EDGE_LOOP('', (#15343,#15344,#15345));
#15352 = FACE_BOUND('', #15351,.T.);
#15353 = ADVANCED_FACE('', (#15352),#15350,.T.);
#15354 = CARTESIAN_POINT('', (7.97025,0,19.0281));
#15355 = VERTEX_POINT('', #15354);
#15356 = CARTESIAN_POINT('', (7.60006,24,18.8213));
#15357 = VERTEX_POINT('', #15356);
#15358 = CARTESIAN_POINT('', (7.97025,24,19.0281));
#15359 = VERTEX_POINT('', #15358);
#15360 = CARTESIAN_POINT('', (7.97025,24,19.0281));
#15361 = DIRECTION('', (0, -1, 0));
#15362 = VECTOR('',#15361,1);
#15363 = LINE('',#15360, #15362);
#15364 = SURFACE_CURVE('', #15363);
#15365 = EDGE_CURVE('', #15359, #15355,#15364,.T.);
#15366 = ORIENTED_EDGE('',*,*,#15342,.F.);
#15367 = ORIENTED_EDGE('',*,*,#9523,.F.);
#15368 = ORIENTED_EDGE('',*,*,#15365,.T.);
#15369 = CARTESIAN_POINT('', (7.97025,0,19.0281));
#15370 = DIRECTION('', (0.487691, 0, -0.873016));
#15371 = DIRECTION('', (-0.0154219, 0.999844, -0.0086151));
#15372 = AXIS2_PLACEMENT_3D('',#15369,#15370,#15371);
#15373 = PLANE('',#15372);
#15374 = EDGE_LOOP('', (#15366,#15367,#15368));
#15375 = FACE_BOUND('', #15374,.T.);
#15376 = ADVANCED_FACE('', (#15375),#15373,.T.);
#15377 = CARTESIAN_POINT('', (7.97025,0,19.0281));
#15378 = VERTEX_POINT('', #15377);
#15379 = CARTESIAN_POINT('', (7.97025,24,19.0281));
#15380 = VERTEX_POINT('', #15379);
#15381 = CARTESIAN_POINT('', (8.37006,0,19.1693));
#15382 = VERTEX_POINT('', #15381);
#15383 = CARTESIAN_POINT('', (7.97025,24,19.0281));
#15384 = DIRECTION('', (0.0166561, -0.999844, 0.005885));
#15385 = VECTOR('',#15384,1);
#15386 = LINE('',#15383, #15385);
#15387 = SURFACE_CURVE('', #15386);
#15388 = EDGE_CURVE('', #15380, #15382,#15387,.T.);
#15389 = ORIENTED_EDGE('',*,*,#15365,.F.);
#15390 = ORIENTED_EDGE('',*,*,#15388,.T.);
#15391 = ORIENTED_EDGE('',*,*,#1438,.F.);
#15392 = CARTESIAN_POINT('', (7.97025,0,19.0281));
#15393 = DIRECTION('', (0.333141, 0, -0.942877));
#15394 = DIRECTION('', (0, 1, 0));
#15395 = AXIS2_PLACEMENT_3D('',#15392,#15393,#15394);
#15396 = PLANE('',#15395);
#15397 = EDGE_LOOP('', (#15389,#15390,#15391));
#15398 = FACE_BOUND('', #15397,.T.);
#15399 = ADVANCED_FACE('', (#15398),#15396,.T.);
#15400 = CARTESIAN_POINT('', (8.37006,0,19.1693));
#15401 = VERTEX_POINT('', #15400);
#15402 = CARTESIAN_POINT('', (7.97025,24,19.0281));
#15403 = VERTEX_POINT('', #15402);
#15404 = CARTESIAN_POINT('', (8.37006,24,19.1693));
#15405 = VERTEX_POINT('', #15404);
#15406 = CARTESIAN_POINT('', (8.37006,24,19.1693));
#15407 = DIRECTION('', (0, -1, 0));
#15408 = VECTOR('',#15407,1);
#15409 = LINE('',#15406, #15408);
#15410 = SURFACE_CURVE('', #15409);
#15411 = EDGE_CURVE('', #15405, #15401,#15410,.T.);
#15412 = ORIENTED_EDGE('',*,*,#15388,.F.);
#15413 = ORIENTED_EDGE('',*,*,#9494,.F.);
#15414 = ORIENTED_EDGE('',*,*,#15411,.T.);
#15415 = CARTESIAN_POINT('', (8.37006,0,19.1693));
#15416 = DIRECTION('', (0.333141, 0, -0.942877));
#15417 = DIRECTION('', (-0.0166561, 0.999844, -0.005885));
#15418 = AXIS2_PLACEMENT_3D('',#15415,#15416,#15417);
#15419 = PLANE('',#15418);
#15420 = EDGE_LOOP('', (#15412,#15413,#15414));
#15421 = FACE_BOUND('', #15420,.T.);
#15422 = ADVANCED_FACE('', (#15421),#15419,.T.);
#15423 = CARTESIAN_POINT('', (8.37006,0,19.1693));
#15424 = VERTEX_POINT('', #15423);
#15425 = CARTESIAN_POINT('', (8.37006,24,19.1693));
#15426 = VERTEX_POINT('', #15425);
#15427 = CARTESIAN_POINT('', (8.78798,0,19.241));
#15428 = VERTEX_POINT('', #15427);
#15429 = ORIENTED_EDGE('',*,*,#15411,.F.);
#15430 = ORIENTED_EDGE('',*,*,#13732,.F.);
#15431 = ORIENTED_EDGE('',*,*,#1467,.F.);
#15432 = CARTESIAN_POINT('', (8.37006,0,19.1693));
#15433 = DIRECTION('', (0.168996, 0, -0.985617));
#15434 = DIRECTION('', (0, 1, 0));
#15435 = AXIS2_PLACEMENT_3D('',#15432,#15433,#15434);
#15436 = PLANE('',#15435);
#15437 = EDGE_LOOP('', (#15429,#15430,#15431));
#15438 = FACE_BOUND('', #15437,.T.);
#15439 = ADVANCED_FACE('', (#15438),#15436,.T.);
#15440 = CARTESIAN_POINT('', (40.3701,24,51.2693));
#15441 = VERTEX_POINT('', #15440);
#15442 = CARTESIAN_POINT('', (40.788,24,51.341));
#15443 = VERTEX_POINT('', #15442);
#15444 = CARTESIAN_POINT('', (40.788,0,51.341));
#15445 = VERTEX_POINT('', #15444);
#15446 = CARTESIAN_POINT('', (40.788,24,51.341));
#15447 = DIRECTION('', (0, -1, 0));
#15448 = VECTOR('',#15447,1);
#15449 = LINE('',#15446, #15448);
#15450 = SURFACE_CURVE('', #15449);
#15451 = EDGE_CURVE('', #15443, #15445,#15450,.T.);
#15452 = CARTESIAN_POINT('', (40.788,0,51.341));
#15453 = DIRECTION('', (-0.0174109, 0.999844, -0.00298549));
#15454 = VECTOR('',#15453,1);
#15455 = LINE('',#15452, #15454);
#15456 = SURFACE_CURVE('', #15455);
#15457 = EDGE_CURVE('', #15445, #15441,#15456,.T.);
#15458 = ORIENTED_EDGE('',*,*,#5719,.F.);
#15459 = ORIENTED_EDGE('',*,*,#15451,.T.);
#15460 = ORIENTED_EDGE('',*,*,#15457,.T.);
#15461 = CARTESIAN_POINT('', (40.3701,24,51.2693));
#15462 = DIRECTION('', (0.169006, 4.33749e-19, -0.985615));
#15463 = DIRECTION('', (0.985615, 0, 0.169006));
#15464 = AXIS2_PLACEMENT_3D('',#15461,#15462,#15463);
#15465 = PLANE('',#15464);
#15466 = EDGE_LOOP('', (#15458,#15459,#15460));
#15467 = FACE_BOUND('', #15466,.T.);
#15468 = ADVANCED_FACE('', (#15467),#15465,.T.);
#15469 = CARTESIAN_POINT('', (40.788,0,51.341));
#15470 = VERTEX_POINT('', #15469);
#15471 = CARTESIAN_POINT('', (40.788,24,51.341));
#15472 = VERTEX_POINT('', #15471);
#15473 = CARTESIAN_POINT('', (41,24,51.35));
#15474 = VERTEX_POINT('', #15473);
#15475 = CARTESIAN_POINT('', (41,24,51.35));
#15476 = DIRECTION('', (-0.0088337, -0.999961, -0.000375256));
#15477 = VECTOR('',#15476,1);
#15478 = LINE('',#15475, #15477);
#15479 = SURFACE_CURVE('', #15478);
#15480 = EDGE_CURVE('', #15474, #15470,#15479,.T.);
#15481 = ORIENTED_EDGE('',*,*,#15451,.F.);
#15482 = ORIENTED_EDGE('',*,*,#6433,.F.);
#15483 = ORIENTED_EDGE('',*,*,#15480,.T.);
#15484 = CARTESIAN_POINT('', (40.788,0,51.341));
#15485 = DIRECTION('', (0.0424418, 0, -0.999099));
#15486 = DIRECTION('', (0, 1, 0));
#15487 = AXIS2_PLACEMENT_3D('',#15484,#15485,#15486);
#15488 = PLANE('',#15487);
#15489 = EDGE_LOOP('', (#15481,#15482,#15483));
#15490 = FACE_BOUND('', #15489,.T.);
#15491 = ADVANCED_FACE('', (#15490),#15488,.T.);
#15492 = CARTESIAN_POINT('', (40.788,0,51.341));
#15493 = VERTEX_POINT('', #15492);
#15494 = CARTESIAN_POINT('', (41,24,51.35));
#15495 = VERTEX_POINT('', #15494);
#15496 = CARTESIAN_POINT('', (41.212,0,51.341));
#15497 = VERTEX_POINT('', #15496);
#15498 = CARTESIAN_POINT('', (41,24,51.35));
#15499 = DIRECTION('', (0.00883354, -0.999961, -0.000375256));
#15500 = VECTOR('',#15499,1);
#15501 = LINE('',#15498, #15500);
#15502 = SURFACE_CURVE('', #15501);
#15503 = EDGE_CURVE('', #15495, #15497,#15502,.T.);
#15504 = ORIENTED_EDGE('',*,*,#15480,.F.);
#15505 = ORIENTED_EDGE('',*,*,#15503,.T.);
#15506 = ORIENTED_EDGE('',*,*,#2297,.F.);
#15507 = CARTESIAN_POINT('', (40.788,0,51.341));
#15508 = DIRECTION('', (0, 0.000375271, -1));
#15509 = DIRECTION('', (0.0088337, 0.999961, 0.000375256));
#15510 = AXIS2_PLACEMENT_3D('',#15507,#15508,#15509);
#15511 = PLANE('',#15510);
#15512 = EDGE_LOOP('', (#15504,#15505,#15506));
#15513 = FACE_BOUND('', #15512,.T.);
#15514 = ADVANCED_FACE('', (#15513),#15511,.T.);
#15515 = CARTESIAN_POINT('', (41.212,0,51.341));
#15516 = VERTEX_POINT('', #15515);
#15517 = CARTESIAN_POINT('', (41,24,51.35));
#15518 = VERTEX_POINT('', #15517);
#15519 = CARTESIAN_POINT('', (41.212,24,51.341));
#15520 = VERTEX_POINT('', #15519);
#15521 = CARTESIAN_POINT('', (41.212,24,51.341));
#15522 = DIRECTION('', (0, -1, 0));
#15523 = VECTOR('',#15522,1);
#15524 = LINE('',#15521, #15523);
#15525 = SURFACE_CURVE('', #15524);
#15526 = EDGE_CURVE('', #15520, #15516,#15525,.T.);
#15527 = ORIENTED_EDGE('',*,*,#15503,.F.);
#15528 = ORIENTED_EDGE('',*,*,#6404,.F.);
#15529 = ORIENTED_EDGE('',*,*,#15526,.T.);
#15530 = CARTESIAN_POINT('', (41.212,0,51.341));
#15531 = DIRECTION('', (-0.0424426, 0, -0.999099));
#15532 = DIRECTION('', (-0.00883354, 0.999961, 0.000375256));
#15533 = AXIS2_PLACEMENT_3D('',#15530,#15531,#15532);
#15534 = PLANE('',#15533);
#15535 = EDGE_LOOP('', (#15527,#15528,#15529));
#15536 = FACE_BOUND('', #15535,.T.);
#15537 = ADVANCED_FACE('', (#15536),#15534,.T.);
#15538 = CARTESIAN_POINT('', (41.212,0,51.341));
#15539 = VERTEX_POINT('', #15538);
#15540 = CARTESIAN_POINT('', (41.212,24,51.341));
#15541 = VERTEX_POINT('', #15540);
#15542 = CARTESIAN_POINT('', (41.6299,0,51.2693));
#15543 = VERTEX_POINT('', #15542);
#15544 = CARTESIAN_POINT('', (41.212,24,51.341));
#15545 = DIRECTION('', (0.0174111, -0.999844, -0.00298549));
#15546 = VECTOR('',#15545,1);
#15547 = LINE('',#15544, #15546);
#15548 = SURFACE_CURVE('', #15547);
#15549 = EDGE_CURVE('', #15541, #15543,#15548,.T.);
#15550 = ORIENTED_EDGE('',*,*,#15526,.F.);
#15551 = ORIENTED_EDGE('',*,*,#15549,.T.);
#15552 = ORIENTED_EDGE('',*,*,#2778,.F.);
#15553 = CARTESIAN_POINT('', (41.212,0,51.341));
#15554 = DIRECTION('', (-0.169004, 0, -0.985615));
#15555 = DIRECTION('', (0, 1, 0));
#15556 = AXIS2_PLACEMENT_3D('',#15553,#15554,#15555);
#15557 = PLANE('',#15556);
#15558 = EDGE_LOOP('', (#15550,#15551,#15552));
#15559 = FACE_BOUND('', #15558,.T.);
#15560 = ADVANCED_FACE('', (#15559),#15557,.T.);
#15561 = CARTESIAN_POINT('', (41.6299,0,51.2693));
#15562 = VERTEX_POINT('', #15561);
#15563 = CARTESIAN_POINT('', (41.212,24,51.341));
#15564 = VERTEX_POINT('', #15563);
#15565 = CARTESIAN_POINT('', (41.6299,24,51.2693));
#15566 = VERTEX_POINT('', #15565);
#15567 = CARTESIAN_POINT('', (41.6299,24,51.2693));
#15568 = DIRECTION('', (0, -1, 0));
#15569 = VECTOR('',#15568,1);
#15570 = LINE('',#15567, #15569);
#15571 = SURFACE_CURVE('', #15570);
#15572 = EDGE_CURVE('', #15566, #15562,#15571,.T.);
#15573 = ORIENTED_EDGE('',*,*,#15549,.F.);
#15574 = ORIENTED_EDGE('',*,*,#6375,.F.);
#15575 = ORIENTED_EDGE('',*,*,#15572,.T.);
#15576 = CARTESIAN_POINT('', (41.6299,0,51.2693));
#15577 = DIRECTION('', (-0.169004, 0, -0.985615));
#15578 = DIRECTION('', (-0.0174111, 0.999844, 0.00298549));
#15579 = AXIS2_PLACEMENT_3D('',#15576,#15577,#15578);
#15580 = PLANE('',#15579);
#15581 = EDGE_LOOP('', (#15573,#15574,#15575));
#15582 = FACE_BOUND('', #15581,.T.);
#15583 = ADVANCED_FACE('', (#15582),#15580,.T.);
#15584 = CARTESIAN_POINT('', (41.6299,0,51.2693));
#15585 = VERTEX_POINT('', #15584);
#15586 = CARTESIAN_POINT('', (41.6299,24,51.2693));
#15587 = VERTEX_POINT('', #15586);
#15588 = CARTESIAN_POINT('', (42.0298,0,51.1281));
#15589 = VERTEX_POINT('', #15588);
#15590 = CARTESIAN_POINT('', (41.6299,24,51.2693));
#15591 = DIRECTION('', (0.0166562, -0.999844, -0.00588484));
#15592 = VECTOR('',#15591,1);
#15593 = LINE('',#15590, #15592);
#15594 = SURFACE_CURVE('', #15593);
#15595 = EDGE_CURVE('', #15587, #15589,#15594,.T.);
#15596 = ORIENTED_EDGE('',*,*,#15572,.F.);
#15597 = ORIENTED_EDGE('',*,*,#15595,.T.);
#15598 = ORIENTED_EDGE('',*,*,#2807,.F.);
#15599 = CARTESIAN_POINT('', (41.6299,0,51.2693));
#15600 = DIRECTION('', (-0.333132, 0, -0.94288));
#15601 = DIRECTION('', (0, 1, 0));
#15602 = AXIS2_PLACEMENT_3D('',#15599,#15600,#15601);
#15603 = PLANE('',#15602);
#15604 = EDGE_LOOP('', (#15596,#15597,#15598));
#15605 = FACE_BOUND('', #15604,.T.);
#15606 = ADVANCED_FACE('', (#15605),#15603,.T.);
#15607 = CARTESIAN_POINT('', (42.0298,0,51.1281));
#15608 = VERTEX_POINT('', #15607);
#15609 = CARTESIAN_POINT('', (41.6299,24,51.2693));
#15610 = VERTEX_POINT('', #15609);
#15611 = CARTESIAN_POINT('', (42.0298,24,51.1281));
#15612 = VERTEX_POINT('', #15611);
#15613 = CARTESIAN_POINT('', (42.0298,24,51.1281));
#15614 = DIRECTION('', (0, -1, 0));
#15615 = VECTOR('',#15614,1);
#15616 = LINE('',#15613, #15615);
#15617 = SURFACE_CURVE('', #15616);
#15618 = EDGE_CURVE('', #15612, #15608,#15617,.T.);
#15619 = ORIENTED_EDGE('',*,*,#15595,.F.);
#15620 = ORIENTED_EDGE('',*,*,#6346,.F.);
#15621 = ORIENTED_EDGE('',*,*,#15618,.T.);
#15622 = CARTESIAN_POINT('', (42.0298,0,51.1281));
#15623 = DIRECTION('', (-0.333132, 0, -0.94288));
#15624 = DIRECTION('', (-0.0166562, 0.999844, 0.00588484));
#15625 = AXIS2_PLACEMENT_3D('',#15622,#15623,#15624);
#15626 = PLANE('',#15625);
#15627 = EDGE_LOOP('', (#15619,#15620,#15621));
#15628 = FACE_BOUND('', #15627,.T.);
#15629 = ADVANCED_FACE('', (#15628),#15626,.T.);
#15630 = CARTESIAN_POINT('', (42.0298,0,51.1281));
#15631 = VERTEX_POINT('', #15630);
#15632 = CARTESIAN_POINT('', (42.0298,24,51.1281));
#15633 = VERTEX_POINT('', #15632);
#15634 = CARTESIAN_POINT('', (42.3999,0,50.9213));
#15635 = VERTEX_POINT('', #15634);
#15636 = CARTESIAN_POINT('', (42.0298,24,51.1281));
#15637 = DIRECTION('', (0.0154218, -0.999844, -0.00861526));
#15638 = VECTOR('',#15637,1);
#15639 = LINE('',#15636, #15638);
#15640 = SURFACE_CURVE('', #15639);
#15641 = EDGE_CURVE('', #15633, #15635,#15640,.T.);
#15642 = ORIENTED_EDGE('',*,*,#15618,.F.);
#15643 = ORIENTED_EDGE('',*,*,#15641,.T.);
#15644 = ORIENTED_EDGE('',*,*,#2836,.F.);
#15645 = CARTESIAN_POINT('', (42.0298,0,51.1281));
#15646 = DIRECTION('', (-0.487699, 0, -0.873012));
#15647 = DIRECTION('', (0, 1, 0));
#15648 = AXIS2_PLACEMENT_3D('',#15645,#15646,#15647);
#15649 = PLANE('',#15648);
#15650 = EDGE_LOOP('', (#15642,#15643,#15644));
#15651 = FACE_BOUND('', #15650,.T.);
#15652 = ADVANCED_FACE('', (#15651),#15649,.T.);
#15653 = CARTESIAN_POINT('', (42.3999,0,50.9213));
#15654 = VERTEX_POINT('', #15653);
#15655 = CARTESIAN_POINT('', (42.0298,24,51.1281));
#15656 = VERTEX_POINT('', #15655);
#15657 = CARTESIAN_POINT('', (42.3999,24,50.9213));
#15658 = VERTEX_POINT('', #15657);
#15659 = CARTESIAN_POINT('', (42.3999,24,50.9213));
#15660 = DIRECTION('', (0, -1, 0));
#15661 = VECTOR('',#15660,1);
#15662 = LINE('',#15659, #15661);
#15663 = SURFACE_CURVE('', #15662);
#15664 = EDGE_CURVE('', #15658, #15654,#15663,.T.);
#15665 = ORIENTED_EDGE('',*,*,#15641,.F.);
#15666 = ORIENTED_EDGE('',*,*,#6317,.F.);
#15667 = ORIENTED_EDGE('',*,*,#15664,.T.);
#15668 = CARTESIAN_POINT('', (42.3999,0,50.9213));
#15669 = DIRECTION('', (-0.487699, 0, -0.873012));
#15670 = DIRECTION('', (-0.0154218, 0.999844, 0.00861526));
#15671 = AXIS2_PLACEMENT_3D('',#15668,#15669,#15670);
#15672 = PLANE('',#15671);
#15673 = EDGE_LOOP('', (#15665,#15666,#15667));
#15674 = FACE_BOUND('', #15673,.T.);
#15675 = ADVANCED_FACE('', (#15674),#15672,.T.);
#15676 = CARTESIAN_POINT('', (42.3999,0,50.9213));
#15677 = VERTEX_POINT('', #15676);
#15678 = CARTESIAN_POINT('', (42.3999,24,50.9213));
#15679 = VERTEX_POINT('', #15678);
#15680 = CARTESIAN_POINT('', (42.7298,0,50.6549));
#15681 = VERTEX_POINT('', #15680);
#15682 = CARTESIAN_POINT('', (42.3999,24,50.9213));
#15683 = DIRECTION('', (0.0137441, -0.999844, -0.0110976));
#15684 = VECTOR('',#15683,1);
#15685 = LINE('',#15682, #15684);
#15686 = SURFACE_CURVE('', #15685);
#15687 = EDGE_CURVE('', #15679, #15681,#15686,.T.);
#15688 = ORIENTED_EDGE('',*,*,#15664,.F.);
#15689 = ORIENTED_EDGE('',*,*,#15687,.T.);
#15690 = ORIENTED_EDGE('',*,*,#3253,.F.);
#15691 = CARTESIAN_POINT('', (42.3999,0,50.9213));
#15692 = DIRECTION('', (-0.62822, 0, -0.778036));
#15693 = DIRECTION('', (0, 1, 0));
#15694 = AXIS2_PLACEMENT_3D('',#15691,#15692,#15693);
#15695 = PLANE('',#15694);
#15696 = EDGE_LOOP('', (#15688,#15689,#15690));
#15697 = FACE_BOUND('', #15696,.T.);
#15698 = ADVANCED_FACE('', (#15697),#15695,.T.);
#15699 = CARTESIAN_POINT('', (42.7298,0,50.6549));
#15700 = VERTEX_POINT('', #15699);
#15701 = CARTESIAN_POINT('', (42.3999,24,50.9213));
#15702 = VERTEX_POINT('', #15701);
#15703 = CARTESIAN_POINT('', (42.7298,24,50.6549));
#15704 = VERTEX_POINT('', #15703);
#15705 = CARTESIAN_POINT('', (42.7298,24,50.6549));
#15706 = DIRECTION('', (0, -1, 0));
#15707 = VECTOR('',#15706,1);
#15708 = LINE('',#15705, #15707);
#15709 = SURFACE_CURVE('', #15708);
#15710 = EDGE_CURVE('', #15704, #15700,#15709,.T.);
#15711 = ORIENTED_EDGE('',*,*,#15687,.F.);
#15712 = ORIENTED_EDGE('',*,*,#6288,.F.);
#15713 = ORIENTED_EDGE('',*,*,#15710,.T.);
#15714 = CARTESIAN_POINT('', (42.7298,0,50.6549));
#15715 = DIRECTION('', (-0.62822, 0, -0.778036));
#15716 = DIRECTION('', (-0.0137441, 0.999844, 0.0110976));
#15717 = AXIS2_PLACEMENT_3D('',#15714,#15715,#15716);
#15718 = PLANE('',#15717);
#15719 = EDGE_LOOP('', (#15711,#15712,#15713));
#15720 = FACE_BOUND('', #15719,.T.);
#15721 = ADVANCED_FACE('', (#15720),#15718,.T.);
#15722 = CARTESIAN_POINT('', (42.7298,0,50.6549));
#15723 = VERTEX_POINT('', #15722);
#15724 = CARTESIAN_POINT('', (42.7298,24,50.6549));
#15725 = VERTEX_POINT('', #15724);
#15726 = CARTESIAN_POINT('', (43.01,0,50.3366));
#15727 = VERTEX_POINT('', #15726);
#15728 = CARTESIAN_POINT('', (42.7298,24,50.6549));
#15729 = DIRECTION('', (0.011671, -0.999844, -0.0132607));
#15730 = VECTOR('',#15729,1);
#15731 = LINE('',#15728, #15730);
#15732 = SURFACE_CURVE('', #15731);
#15733 = EDGE_CURVE('', #15725, #15727,#15732,.T.);
#15734 = ORIENTED_EDGE('',*,*,#15710,.F.);
#15735 = ORIENTED_EDGE('',*,*,#15733,.T.);
#15736 = ORIENTED_EDGE('',*,*,#3282,.F.);
#15737 = CARTESIAN_POINT('', (42.7298,0,50.6549));
#15738 = DIRECTION('', (-0.750669, 0, -0.660679));
#15739 = DIRECTION('', (0, 1, 0));
#15740 = AXIS2_PLACEMENT_3D('',#15737,#15738,#15739);
#15741 = PLANE('',#15740);
#15742 = EDGE_LOOP('', (#15734,#15735,#15736));
#15743 = FACE_BOUND('', #15742,.T.);
#15744 = ADVANCED_FACE('', (#15743),#15741,.T.);
#15745 = CARTESIAN_POINT('', (43.01,0,50.3366));
#15746 = VERTEX_POINT('', #15745);
#15747 = CARTESIAN_POINT('', (42.7298,24,50.6549));
#15748 = VERTEX_POINT('', #15747);
#15749 = CARTESIAN_POINT('', (43.01,24,50.3366));
#15750 = VERTEX_POINT('', #15749);
#15751 = CARTESIAN_POINT('', (43.01,24,50.3366));
#15752 = DIRECTION('', (0, -1, 0));
#15753 = VECTOR('',#15752,1);
#15754 = LINE('',#15751, #15753);
#15755 = SURFACE_CURVE('', #15754);
#15756 = EDGE_CURVE('', #15750, #15746,#15755,.T.);
#15757 = ORIENTED_EDGE('',*,*,#15733,.F.);
#15758 = ORIENTED_EDGE('',*,*,#6259,.F.);
#15759 = ORIENTED_EDGE('',*,*,#15756,.T.);
#15760 = CARTESIAN_POINT('', (43.01,0,50.3366));
#15761 = DIRECTION('', (-0.750669, 0, -0.660679));
#15762 = DIRECTION('', (-0.011671, 0.999844, 0.0132607));
#15763 = AXIS2_PLACEMENT_3D('',#15760,#15761,#15762);
#15764 = PLANE('',#15763);
#15765 = EDGE_LOOP('', (#15757,#15758,#15759));
#15766 = FACE_BOUND('', #15765,.T.);
#15767 = ADVANCED_FACE('', (#15766),#15764,.T.);
#15768 = CARTESIAN_POINT('', (43.01,0,50.3366));
#15769 = VERTEX_POINT('', #15768);
#15770 = CARTESIAN_POINT('', (43.01,24,50.3366));
#15771 = VERTEX_POINT('', #15770);
#15772 = CARTESIAN_POINT('', (43.2323,0,49.9755));
#15773 = VERTEX_POINT('', #15772);
#15774 = CARTESIAN_POINT('', (43.01,24,50.3366));
#15775 = DIRECTION('', (0.00926191, -0.999844, -0.0150425));
#15776 = VECTOR('',#15775,1);
#15777 = LINE('',#15774, #15776);
#15778 = SURFACE_CURVE('', #15777);
#15779 = EDGE_CURVE('', #15771, #15773,#15778,.T.);
#15780 = ORIENTED_EDGE('',*,*,#15756,.F.);
#15781 = ORIENTED_EDGE('',*,*,#15779,.T.);
#15782 = ORIENTED_EDGE('',*,*,#3311,.F.);
#15783 = CARTESIAN_POINT('', (43.01,0,50.3366));
#15784 = DIRECTION('', (-0.851532, 0, -0.524302));
#15785 = DIRECTION('', (0, 1, 0));
#15786 = AXIS2_PLACEMENT_3D('',#15783,#15784,#15785);
#15787 = PLANE('',#15786);
#15788 = EDGE_LOOP('', (#15780,#15781,#15782));
#15789 = FACE_BOUND('', #15788,.T.);
#15790 = ADVANCED_FACE('', (#15789),#15787,.T.);
#15791 = CARTESIAN_POINT('', (43.2323,0,49.9755));
#15792 = VERTEX_POINT('', #15791);
#15793 = CARTESIAN_POINT('', (43.01,24,50.3366));
#15794 = VERTEX_POINT('', #15793);
#15795 = CARTESIAN_POINT('', (43.2323,24,49.9755));
#15796 = VERTEX_POINT('', #15795);
#15797 = CARTESIAN_POINT('', (43.2323,24,49.9755));
#15798 = DIRECTION('', (0, -1, 0));
#15799 = VECTOR('',#15798,1);
#15800 = LINE('',#15797, #15799);
#15801 = SURFACE_CURVE('', #15800);
#15802 = EDGE_CURVE('', #15796, #15792,#15801,.T.);
#15803 = ORIENTED_EDGE('',*,*,#15779,.F.);
#15804 = ORIENTED_EDGE('',*,*,#6230,.F.);
#15805 = ORIENTED_EDGE('',*,*,#15802,.T.);
#15806 = CARTESIAN_POINT('', (43.2323,0,49.9755));
#15807 = DIRECTION('', (-0.851532, 0, -0.524302));
#15808 = DIRECTION('', (-0.00926191, 0.999844, 0.0150425));
#15809 = AXIS2_PLACEMENT_3D('',#15806,#15807,#15808);
#15810 = PLANE('',#15809);
#15811 = EDGE_LOOP('', (#15803,#15804,#15805));
#15812 = FACE_BOUND('', #15811,.T.);
#15813 = ADVANCED_FACE('', (#15812),#15810,.T.);
#15814 = CARTESIAN_POINT('', (43.2323,0,49.9755));
#15815 = VERTEX_POINT('', #15814);
#15816 = CARTESIAN_POINT('', (43.2323,24,49.9755));
#15817 = VERTEX_POINT('', #15816);
#15818 = CARTESIAN_POINT('', (43.3904,0,49.5821));
#15819 = VERTEX_POINT('', #15818);
#15820 = CARTESIAN_POINT('', (43.2323,24,49.9755));
#15821 = DIRECTION('', (0.00658648, -0.999844, -0.0163913));
#15822 = VECTOR('',#15821,1);
#15823 = LINE('',#15820, #15822);
#15824 = SURFACE_CURVE('', #15823);
#15825 = EDGE_CURVE('', #15817, #15819,#15824,.T.);
#15826 = ORIENTED_EDGE('',*,*,#15802,.F.);
#15827 = ORIENTED_EDGE('',*,*,#15825,.T.);
#15828 = ORIENTED_EDGE('',*,*,#4331,.F.);
#15829 = CARTESIAN_POINT('', (43.2323,0,49.9755));
#15830 = DIRECTION('', (-0.92789, 0, -0.372853));
#15831 = DIRECTION('', (0, 1, 0));
#15832 = AXIS2_PLACEMENT_3D('',#15829,#15830,#15831);
#15833 = PLANE('',#15832);
#15834 = EDGE_LOOP('', (#15826,#15827,#15828));
#15835 = FACE_BOUND('', #15834,.T.);
#15836 = ADVANCED_FACE('', (#15835),#15833,.T.);
#15837 = CARTESIAN_POINT('', (43.3904,0,49.5821));
#15838 = VERTEX_POINT('', #15837);
#15839 = CARTESIAN_POINT('', (43.2323,24,49.9755));
#15840 = VERTEX_POINT('', #15839);
#15841 = CARTESIAN_POINT('', (43.3904,24,49.5821));
#15842 = VERTEX_POINT('', #15841);
#15843 = CARTESIAN_POINT('', (43.3904,24,49.5821));
#15844 = DIRECTION('', (0, -1, 0));
#15845 = VECTOR('',#15844,1);
#15846 = LINE('',#15843, #15845);
#15847 = SURFACE_CURVE('', #15846);
#15848 = EDGE_CURVE('', #15842, #15838,#15847,.T.);
#15849 = ORIENTED_EDGE('',*,*,#15825,.F.);
#15850 = ORIENTED_EDGE('',*,*,#6201,.F.);
#15851 = ORIENTED_EDGE('',*,*,#15848,.T.);
#15852 = CARTESIAN_POINT('', (43.3904,0,49.5821));
#15853 = DIRECTION('', (-0.92789, 0, -0.372853));
#15854 = DIRECTION('', (-0.00658648, 0.999844, 0.0163913));
#15855 = AXIS2_PLACEMENT_3D('',#15852,#15853,#15854);
#15856 = PLANE('',#15855);
#15857 = EDGE_LOOP('', (#15849,#15850,#15851));
#15858 = FACE_BOUND('', #15857,.T.);
#15859 = ADVANCED_FACE('', (#15858),#15856,.T.);
#15860 = CARTESIAN_POINT('', (43.3904,0,49.5821));
#15861 = VERTEX_POINT('', #15860);
#15862 = CARTESIAN_POINT('', (43.3904,24,49.5821));
#15863 = VERTEX_POINT('', #15862);
#15864 = CARTESIAN_POINT('', (43.4798,0,49.1675));
#15865 = VERTEX_POINT('', #15864);
#15866 = CARTESIAN_POINT('', (43.3904,24,49.5821));
#15867 = DIRECTION('', (0.00372177, -0.999844, -0.0172687));
#15868 = VECTOR('',#15867,1);
#15869 = LINE('',#15866, #15868);
#15870 = SURFACE_CURVE('', #15869);
#15871 = EDGE_CURVE('', #15863, #15865,#15870,.T.);
#15872 = ORIENTED_EDGE('',*,*,#15848,.F.);
#15873 = ORIENTED_EDGE('',*,*,#15871,.T.);
#15874 = ORIENTED_EDGE('',*,*,#4360,.F.);
#15875 = CARTESIAN_POINT('', (43.3904,0,49.5821));
#15876 = DIRECTION('', (-0.977554, 0, -0.210684));
#15877 = DIRECTION('', (0, 1, 0));
#15878 = AXIS2_PLACEMENT_3D('',#15875,#15876,#15877);
#15879 = PLANE('',#15878);
#15880 = EDGE_LOOP('', (#15872,#15873,#15874));
#15881 = FACE_BOUND('', #15880,.T.);
#15882 = ADVANCED_FACE('', (#15881),#15879,.T.);
#15883 = CARTESIAN_POINT('', (43.4798,0,49.1675));
#15884 = VERTEX_POINT('', #15883);
#15885 = CARTESIAN_POINT('', (43.3904,24,49.5821));
#15886 = VERTEX_POINT('', #15885);
#15887 = CARTESIAN_POINT('', (43.4798,24,49.1675));
#15888 = VERTEX_POINT('', #15887);
#15889 = CARTESIAN_POINT('', (43.4798,24,49.1675));
#15890 = DIRECTION('', (0, -1, 0));
#15891 = VECTOR('',#15890,1);
#15892 = LINE('',#15889, #15891);
#15893 = SURFACE_CURVE('', #15892);
#15894 = EDGE_CURVE('', #15888, #15884,#15893,.T.);
#15895 = ORIENTED_EDGE('',*,*,#15871,.F.);
#15896 = ORIENTED_EDGE('',*,*,#5620,.F.);
#15897 = ORIENTED_EDGE('',*,*,#15894,.T.);
#15898 = CARTESIAN_POINT('', (43.4798,0,49.1675));
#15899 = DIRECTION('', (-0.977554, 0, -0.210684));
#15900 = DIRECTION('', (-0.00372177, 0.999844, 0.0172687));
#15901 = AXIS2_PLACEMENT_3D('',#15898,#15899,#15900);
#15902 = PLANE('',#15901);
#15903 = EDGE_LOOP('', (#15895,#15896,#15897));
#15904 = FACE_BOUND('', #15903,.T.);
#15905 = ADVANCED_FACE('', (#15904),#15902,.T.);
#15906 = CARTESIAN_POINT('', (43.4798,0,49.1675));
#15907 = VERTEX_POINT('', #15906);
#15908 = CARTESIAN_POINT('', (43.4798,24,49.1675));
#15909 = VERTEX_POINT('', #15908);
#15910 = CARTESIAN_POINT('', (43.4977,0,48.7439));
#15911 = VERTEX_POINT('', #15910);
#15912 = CARTESIAN_POINT('', (43.4798,24,49.1675));
#15913 = DIRECTION('', (0.000749789, -0.999844, -0.0176493));
#15914 = VECTOR('',#15913,1);
#15915 = LINE('',#15912, #15914);
#15916 = SURFACE_CURVE('', #15915);
#15917 = EDGE_CURVE('', #15909, #15911,#15916,.T.);
#15918 = ORIENTED_EDGE('',*,*,#15894,.F.);
#15919 = ORIENTED_EDGE('',*,*,#15917,.T.);
#15920 = ORIENTED_EDGE('',*,*,#4418,.F.);
#15921 = CARTESIAN_POINT('', (43.4798,0,49.1675));
#15922 = DIRECTION('', (-0.999099, 0, -0.0424444));
#15923 = DIRECTION('', (0, 1, 0));
#15924 = AXIS2_PLACEMENT_3D('',#15921,#15922,#15923);
#15925 = PLANE('',#15924);
#15926 = EDGE_LOOP('', (#15918,#15919,#15920));
#15927 = FACE_BOUND('', #15926,.T.);
#15928 = ADVANCED_FACE('', (#15927),#15925,.T.);
#15929 = CARTESIAN_POINT('', (43.4977,0,48.7439));
#15930 = VERTEX_POINT('', #15929);
#15931 = CARTESIAN_POINT('', (43.4798,24,49.1675));
#15932 = VERTEX_POINT('', #15931);
#15933 = CARTESIAN_POINT('', (43.4977,24,48.7439));
#15934 = VERTEX_POINT('', #15933);
#15935 = CARTESIAN_POINT('', (43.4977,24,48.7439));
#15936 = DIRECTION('', (0, -1, 0));
#15937 = VECTOR('',#15936,1);
#15938 = LINE('',#15935, #15937);
#15939 = SURFACE_CURVE('', #15938);
#15940 = EDGE_CURVE('', #15934, #15930,#15939,.T.);
#15941 = ORIENTED_EDGE('',*,*,#15917,.F.);
#15942 = ORIENTED_EDGE('',*,*,#6178,.F.);
#15943 = ORIENTED_EDGE('',*,*,#15940,.T.);
#15944 = CARTESIAN_POINT('', (43.4977,0,48.7439));
#15945 = DIRECTION('', (-0.999099, 0, -0.0424444));
#15946 = DIRECTION('', (-0.000749789, 0.999844, 0.0176493));
#15947 = AXIS2_PLACEMENT_3D('',#15944,#15945,#15946);
#15948 = PLANE('',#15947);
#15949 = EDGE_LOOP('', (#15941,#15942,#15943));
#15950 = FACE_BOUND('', #15949,.T.);
#15951 = ADVANCED_FACE('', (#15950),#15948,.T.);
#15952 = CARTESIAN_POINT('', (43.4977,0,48.7439));
#15953 = VERTEX_POINT('', #15952);
#15954 = CARTESIAN_POINT('', (43.4977,24,48.7439));
#15955 = VERTEX_POINT('', #15954);
#15956 = CARTESIAN_POINT('', (43.4439,0,48.3233));
#15957 = VERTEX_POINT('', #15956);
#15958 = CARTESIAN_POINT('', (43.4977,24,48.7439));
#15959 = DIRECTION('', (-0.0022438, -0.999844, -0.017522));
#15960 = VECTOR('',#15959,1);
#15961 = LINE('',#15958, #15960);
#15962 = SURFACE_CURVE('', #15961);
#15963 = EDGE_CURVE('', #15955, #15957,#15962,.T.);
#15964 = ORIENTED_EDGE('',*,*,#15940,.F.);
#15965 = ORIENTED_EDGE('',*,*,#15963,.T.);
#15966 = ORIENTED_EDGE('',*,*,#4447,.F.);
#15967 = CARTESIAN_POINT('', (43.4977,0,48.7439));
#15968 = DIRECTION('', (-0.9919, 0, 0.127019));
#15969 = DIRECTION('', (0, 1, 0));
#15970 = AXIS2_PLACEMENT_3D('',#15967,#15968,#15969);
#15971 = PLANE('',#15970);
#15972 = EDGE_LOOP('', (#15964,#15965,#15966));
#15973 = FACE_BOUND('', #15972,.T.);
#15974 = ADVANCED_FACE('', (#15973),#15971,.T.);
#15975 = CARTESIAN_POINT('', (43.4439,0,48.3233));
#15976 = VERTEX_POINT('', #15975);
#15977 = CARTESIAN_POINT('', (43.4977,24,48.7439));
#15978 = VERTEX_POINT('', #15977);
#15979 = CARTESIAN_POINT('', (43.4439,24,48.3233));
#15980 = VERTEX_POINT('', #15979);
#15981 = CARTESIAN_POINT('', (43.4439,24,48.3233));
#15982 = DIRECTION('', (0, -1, 0));
#15983 = VECTOR('',#15982,1);
#15984 = LINE('',#15981, #15983);
#15985 = SURFACE_CURVE('', #15984);
#15986 = EDGE_CURVE('', #15980, #15976,#15985,.T.);
#15987 = ORIENTED_EDGE('',*,*,#15963,.F.);
#15988 = ORIENTED_EDGE('',*,*,#7303,.F.);
#15989 = ORIENTED_EDGE('',*,*,#15986,.T.);
#15990 = CARTESIAN_POINT('', (43.4439,0,48.3233));
#15991 = DIRECTION('', (-0.9919, 0, 0.127019));
#15992 = DIRECTION('', (0.0022438, 0.999844, 0.017522));
#15993 = AXIS2_PLACEMENT_3D('',#15990,#15991,#15992);
#15994 = PLANE('',#15993);
#15995 = EDGE_LOOP('', (#15987,#15988,#15989));
#15996 = FACE_BOUND('', #15995,.T.);
#15997 = ADVANCED_FACE('', (#15996),#15994,.T.);
#15998 = CARTESIAN_POINT('', (43.4439,0,48.3233));
#15999 = VERTEX_POINT('', #15998);
#16000 = CARTESIAN_POINT('', (43.4439,24,48.3233));
#16001 = VERTEX_POINT('', #16000);
#16002 = CARTESIAN_POINT('', (43.3197,0,47.9179));
#16003 = VERTEX_POINT('', #16002);
#16004 = CARTESIAN_POINT('', (43.4439,24,48.3233));
#16005 = DIRECTION('', (-0.00517288, -0.999844, -0.0168909));
#16006 = VECTOR('',#16005,1);
#16007 = LINE('',#16004, #16006);
#16008 = SURFACE_CURVE('', #16007);
#16009 = EDGE_CURVE('', #16001, #16003,#16008,.T.);
#16010 = ORIENTED_EDGE('',*,*,#15986,.F.);
#16011 = ORIENTED_EDGE('',*,*,#16009,.T.);
#16012 = ORIENTED_EDGE('',*,*,#3346,.F.);
#16013 = CARTESIAN_POINT('', (43.4439,0,48.3233));
#16014 = DIRECTION('', (-0.956165, 0, 0.292828));
#16015 = DIRECTION('', (0, 1, 0));
#16016 = AXIS2_PLACEMENT_3D('',#16013,#16014,#16015);
#16017 = PLANE('',#16016);
#16018 = EDGE_LOOP('', (#16010,#16011,#16012));
#16019 = FACE_BOUND('', #16018,.T.);
#16020 = ADVANCED_FACE('', (#16019),#16017,.T.);
#16021 = CARTESIAN_POINT('', (43.3197,0,47.9179));
#16022 = VERTEX_POINT('', #16021);
#16023 = CARTESIAN_POINT('', (43.4439,24,48.3233));
#16024 = VERTEX_POINT('', #16023);
#16025 = CARTESIAN_POINT('', (43.3197,24,47.9179));
#16026 = VERTEX_POINT('', #16025);
#16027 = CARTESIAN_POINT('', (43.3197,24,47.9179));
#16028 = DIRECTION('', (0, -1, 0));
#16029 = VECTOR('',#16028,1);
#16030 = LINE('',#16027, #16029);
#16031 = SURFACE_CURVE('', #16030);
#16032 = EDGE_CURVE('', #16026, #16022,#16031,.T.);
#16033 = ORIENTED_EDGE('',*,*,#16009,.F.);
#16034 = ORIENTED_EDGE('',*,*,#7274,.F.);
#16035 = ORIENTED_EDGE('',*,*,#16032,.T.);
#16036 = CARTESIAN_POINT('', (43.3197,0,47.9179));
#16037 = DIRECTION('', (-0.956165, 0, 0.292828));
#16038 = DIRECTION('', (0.00517288, 0.999844, 0.0168909));
#16039 = AXIS2_PLACEMENT_3D('',#16036,#16037,#16038);
#16040 = PLANE('',#16039);
#16041 = EDGE_LOOP('', (#16033,#16034,#16035));
#16042 = FACE_BOUND('', #16041,.T.);
#16043 = ADVANCED_FACE('', (#16042),#16040,.T.);
#16044 = CARTESIAN_POINT('', (43.3197,0,47.9179));
#16045 = VERTEX_POINT('', #16044);
#16046 = CARTESIAN_POINT('', (43.3197,24,47.9179));
#16047 = VERTEX_POINT('', #16046);
#16048 = CARTESIAN_POINT('', (43.1288,0,47.5392));
#16049 = VERTEX_POINT('', #16048);
#16050 = CARTESIAN_POINT('', (43.3197,24,47.9179));
#16051 = DIRECTION('', (-0.00795288, -0.999844, -0.0157735));
#16052 = VECTOR('',#16051,1);
#16053 = LINE('',#16050, #16052);
#16054 = SURFACE_CURVE('', #16053);
#16055 = EDGE_CURVE('', #16047, #16049,#16054,.T.);
#16056 = ORIENTED_EDGE('',*,*,#16032,.F.);
#16057 = ORIENTED_EDGE('',*,*,#16055,.T.);
#16058 = ORIENTED_EDGE('',*,*,#2865,.F.);
#16059 = CARTESIAN_POINT('', (43.3197,0,47.9179));
#16060 = DIRECTION('', (-0.892925, 0, 0.450205));
#16061 = DIRECTION('', (0, 1, 0));
#16062 = AXIS2_PLACEMENT_3D('',#16059,#16060,#16061);
#16063 = PLANE('',#16062);
#16064 = EDGE_LOOP('', (#16056,#16057,#16058));
#16065 = FACE_BOUND('', #16064,.T.);
#16066 = ADVANCED_FACE('', (#16065),#16063,.T.);
#16067 = CARTESIAN_POINT('', (43.1288,0,47.5392));
#16068 = VERTEX_POINT('', #16067);
#16069 = CARTESIAN_POINT('', (43.3197,24,47.9179));
#16070 = VERTEX_POINT('', #16069);
#16071 = CARTESIAN_POINT('', (43.1288,24,47.5392));
#16072 = VERTEX_POINT('', #16071);
#16073 = CARTESIAN_POINT('', (43.1288,24,47.5392));
#16074 = DIRECTION('', (0, -1, 0));
#16075 = VECTOR('',#16074,1);
#16076 = LINE('',#16073, #16075);
#16077 = SURFACE_CURVE('', #16076);
#16078 = EDGE_CURVE('', #16072, #16068,#16077,.T.);
#16079 = ORIENTED_EDGE('',*,*,#16055,.F.);
#16080 = ORIENTED_EDGE('',*,*,#7222,.F.);
#16081 = ORIENTED_EDGE('',*,*,#16078,.T.);
#16082 = CARTESIAN_POINT('', (43.1288,0,47.5392));
#16083 = DIRECTION('', (-0.892925, 0, 0.450205));
#16084 = DIRECTION('', (0.00795288, 0.999844, 0.0157735));
#16085 = AXIS2_PLACEMENT_3D('',#16082,#16083,#16084);
#16086 = PLANE('',#16085);
#16087 = EDGE_LOOP('', (#16079,#16080,#16081));
#16088 = FACE_BOUND('', #16087,.T.);
#16089 = ADVANCED_FACE('', (#16088),#16086,.T.);
#16090 = CARTESIAN_POINT('', (43.1288,0,47.5392));
#16091 = VERTEX_POINT('', #16090);
#16092 = CARTESIAN_POINT('', (43.1288,24,47.5392));
#16093 = VERTEX_POINT('', #16092);
#16094 = CARTESIAN_POINT('', (42.8767,0,47.1983));
#16095 = VERTEX_POINT('', #16094);
#16096 = CARTESIAN_POINT('', (43.1288,24,47.5392));
#16097 = DIRECTION('', (-0.0105044, -0.999844, -0.0142028));
#16098 = VECTOR('',#16097,1);
#16099 = LINE('',#16096, #16098);
#16100 = SURFACE_CURVE('', #16099);
#16101 = EDGE_CURVE('', #16093, #16095,#16100,.T.);
#16102 = ORIENTED_EDGE('',*,*,#16078,.F.);
#16103 = ORIENTED_EDGE('',*,*,#16101,.T.);
#16104 = ORIENTED_EDGE('',*,*,#3369,.F.);
#16105 = CARTESIAN_POINT('', (43.1288,0,47.5392));
#16106 = DIRECTION('', (-0.803996, 0, 0.594635));
#16107 = DIRECTION('', (0, 1, 0));
#16108 = AXIS2_PLACEMENT_3D('',#16105,#16106,#16107);
#16109 = PLANE('',#16108);
#16110 = EDGE_LOOP('', (#16102,#16103,#16104));
#16111 = FACE_BOUND('', #16110,.T.);
#16112 = ADVANCED_FACE('', (#16111),#16109,.T.);
#16113 = CARTESIAN_POINT('', (42.8767,0,47.1983));
#16114 = VERTEX_POINT('', #16113);
#16115 = CARTESIAN_POINT('', (43.1288,24,47.5392));
#16116 = VERTEX_POINT('', #16115);
#16117 = CARTESIAN_POINT('', (42.8767,24,47.1983));
#16118 = VERTEX_POINT('', #16117);
#16119 = CARTESIAN_POINT('', (42.8767,24,47.1983));
#16120 = DIRECTION('', (0, -1, 0));
#16121 = VECTOR('',#16120,1);
#16122 = LINE('',#16119, #16121);
#16123 = SURFACE_CURVE('', #16122);
#16124 = EDGE_CURVE('', #16118, #16114,#16123,.T.);
#16125 = ORIENTED_EDGE('',*,*,#16101,.F.);
#16126 = ORIENTED_EDGE('',*,*,#8486,.F.);
#16127 = ORIENTED_EDGE('',*,*,#16124,.T.);
#16128 = CARTESIAN_POINT('', (42.8767,0,47.1983));
#16129 = DIRECTION('', (-0.803996, 0, 0.594635));
#16130 = DIRECTION('', (0.0105044, 0.999844, 0.0142028));
#16131 = AXIS2_PLACEMENT_3D('',#16128,#16129,#16130);
#16132 = PLANE('',#16131);
#16133 = EDGE_LOOP('', (#16125,#16126,#16127));
#16134 = FACE_BOUND('', #16133,.T.);
#16135 = ADVANCED_FACE('', (#16134),#16132,.T.);
#16136 = CARTESIAN_POINT('', (42.8767,0,47.1983));
#16137 = VERTEX_POINT('', #16136);
#16138 = CARTESIAN_POINT('', (42.8767,24,47.1983));
#16139 = VERTEX_POINT('', #16138);
#16140 = CARTESIAN_POINT('', (42.5705,0,46.9049));
#16141 = VERTEX_POINT('', #16140);
#16142 = CARTESIAN_POINT('', (42.8767,24,47.1983));
#16143 = DIRECTION('', (-0.0127534, -0.999844, -0.0122232));
#16144 = VECTOR('',#16143,1);
#16145 = LINE('',#16142, #16144);
#16146 = SURFACE_CURVE('', #16145);
#16147 = EDGE_CURVE('', #16139, #16141,#16146,.T.);
#16148 = ORIENTED_EDGE('',*,*,#16124,.F.);
#16149 = ORIENTED_EDGE('',*,*,#16147,.T.);
#16150 = ORIENTED_EDGE('',*,*,#3398,.F.);
#16151 = CARTESIAN_POINT('', (42.8767,0,47.1983));
#16152 = DIRECTION('', (-0.691942, 0, 0.721953));
#16153 = DIRECTION('', (0, 1, 0));
#16154 = AXIS2_PLACEMENT_3D('',#16151,#16152,#16153);
#16155 = PLANE('',#16154);
#16156 = EDGE_LOOP('', (#16148,#16149,#16150));
#16157 = FACE_BOUND('', #16156,.T.);
#16158 = ADVANCED_FACE('', (#16157),#16155,.T.);
#16159 = CARTESIAN_POINT('', (42.5705,0,46.9049));
#16160 = VERTEX_POINT('', #16159);
#16161 = CARTESIAN_POINT('', (42.8767,24,47.1983));
#16162 = VERTEX_POINT('', #16161);
#16163 = CARTESIAN_POINT('', (42.5705,24,46.9049));
#16164 = VERTEX_POINT('', #16163);
#16165 = CARTESIAN_POINT('', (42.5705,24,46.9049));
#16166 = DIRECTION('', (0, -1, 0));
#16167 = VECTOR('',#16166,1);
#16168 = LINE('',#16165, #16167);
#16169 = SURFACE_CURVE('', #16168);
#16170 = EDGE_CURVE('', #16164, #16160,#16169,.T.);
#16171 = ORIENTED_EDGE('',*,*,#16147,.F.);
#16172 = ORIENTED_EDGE('',*,*,#8457,.F.);
#16173 = ORIENTED_EDGE('',*,*,#16170,.T.);
#16174 = CARTESIAN_POINT('', (42.5705,0,46.9049));
#16175 = DIRECTION('', (-0.691942, 0, 0.721953));
#16176 = DIRECTION('', (0.0127534, 0.999844, 0.0122232));
#16177 = AXIS2_PLACEMENT_3D('',#16174,#16175,#16176);
#16178 = PLANE('',#16177);
#16179 = EDGE_LOOP('', (#16171,#16172,#16173));
#16180 = FACE_BOUND('', #16179,.T.);
#16181 = ADVANCED_FACE('', (#16180),#16178,.T.);
#16182 = CARTESIAN_POINT('', (42.5705,0,46.9049));
#16183 = VERTEX_POINT('', #16182);
#16184 = CARTESIAN_POINT('', (42.5705,24,46.9049));
#16185 = VERTEX_POINT('', #16184);
#16186 = CARTESIAN_POINT('', (42.2192,0,46.6675));
#16187 = VERTEX_POINT('', #16186);
#16188 = CARTESIAN_POINT('', (42.5705,24,46.9049));
#16189 = DIRECTION('', (-0.0146357, -0.999844, -0.00989203));
#16190 = VECTOR('',#16189,1);
#16191 = LINE('',#16188, #16190);
#16192 = SURFACE_CURVE('', #16191);
#16193 = EDGE_CURVE('', #16185, #16187,#16192,.T.);
#16194 = ORIENTED_EDGE('',*,*,#16170,.F.);
#16195 = ORIENTED_EDGE('',*,*,#16193,.T.);
#16196 = ORIENTED_EDGE('',*,*,#3427,.F.);
#16197 = CARTESIAN_POINT('', (42.5705,0,46.9049));
#16198 = DIRECTION('', (-0.559977, 0, 0.828508));
#16199 = DIRECTION('', (0, 1, 0));
#16200 = AXIS2_PLACEMENT_3D('',#16197,#16198,#16199);
#16201 = PLANE('',#16200);
#16202 = EDGE_LOOP('', (#16194,#16195,#16196));
#16203 = FACE_BOUND('', #16202,.T.);
#16204 = ADVANCED_FACE('', (#16203),#16201,.T.);
#16205 = CARTESIAN_POINT('', (42.2192,0,46.6675));
#16206 = VERTEX_POINT('', #16205);
#16207 = CARTESIAN_POINT('', (42.5705,24,46.9049));
#16208 = VERTEX_POINT('', #16207);
#16209 = CARTESIAN_POINT('', (42.2192,24,46.6675));
#16210 = VERTEX_POINT('', #16209);
#16211 = CARTESIAN_POINT('', (42.2192,24,46.6675));
#16212 = DIRECTION('', (0, -1, 0));
#16213 = VECTOR('',#16212,1);
#16214 = LINE('',#16211, #16213);
#16215 = SURFACE_CURVE('', #16214);
#16216 = EDGE_CURVE('', #16210, #16206,#16215,.T.);
#16217 = ORIENTED_EDGE('',*,*,#16193,.F.);
#16218 = ORIENTED_EDGE('',*,*,#8428,.F.);
#16219 = ORIENTED_EDGE('',*,*,#16216,.T.);
#16220 = CARTESIAN_POINT('', (42.2192,0,46.6675));
#16221 = DIRECTION('', (-0.559977, 0, 0.828508));
#16222 = DIRECTION('', (0.0146357, 0.999844, 0.00989203));
#16223 = AXIS2_PLACEMENT_3D('',#16220,#16221,#16222);
#16224 = PLANE('',#16223);
#16225 = EDGE_LOOP('', (#16217,#16218,#16219));
#16226 = FACE_BOUND('', #16225,.T.);
#16227 = ADVANCED_FACE('', (#16226),#16224,.T.);
#16228 = CARTESIAN_POINT('', (42.2192,0,46.6675));
#16229 = VERTEX_POINT('', #16228);
#16230 = CARTESIAN_POINT('', (42.2192,24,46.6675));
#16231 = VERTEX_POINT('', #16230);
#16232 = CARTESIAN_POINT('', (41.8328,0,46.4928));
#16233 = VERTEX_POINT('', #16232);
#16234 = CARTESIAN_POINT('', (42.2192,24,46.6675));
#16235 = DIRECTION('', (-0.0160971, -0.999844, -0.00727619));
#16236 = VECTOR('',#16235,1);
#16237 = LINE('',#16234, #16236);
#16238 = SURFACE_CURVE('', #16237);
#16239 = EDGE_CURVE('', #16231, #16233,#16238,.T.);
#16240 = ORIENTED_EDGE('',*,*,#16216,.F.);
#16241 = ORIENTED_EDGE('',*,*,#16239,.T.);
#16242 = ORIENTED_EDGE('',*,*,#730,.F.);
#16243 = CARTESIAN_POINT('', (42.2192,0,46.6675));
#16244 = DIRECTION('', (-0.411894, 0, 0.911232));
#16245 = DIRECTION('', (0, 1, 0));
#16246 = AXIS2_PLACEMENT_3D('',#16243,#16244,#16245);
#16247 = PLANE('',#16246);
#16248 = EDGE_LOOP('', (#16240,#16241,#16242));
#16249 = FACE_BOUND('', #16248,.T.);
#16250 = ADVANCED_FACE('', (#16249),#16247,.T.);
#16251 = CARTESIAN_POINT('', (41.8328,0,46.4928));
#16252 = VERTEX_POINT('', #16251);
#16253 = CARTESIAN_POINT('', (42.2192,24,46.6675));
#16254 = VERTEX_POINT('', #16253);
#16255 = CARTESIAN_POINT('', (41.8328,24,46.4928));
#16256 = VERTEX_POINT('', #16255);
#16257 = CARTESIAN_POINT('', (41.8328,24,46.4928));
#16258 = DIRECTION('', (0, -1, 0));
#16259 = VECTOR('',#16258,1);
#16260 = LINE('',#16257, #16259);
#16261 = SURFACE_CURVE('', #16260);
#16262 = EDGE_CURVE('', #16256, #16252,#16261,.T.);
#16263 = ORIENTED_EDGE('',*,*,#16239,.F.);
#16264 = ORIENTED_EDGE('',*,*,#7657,.F.);
#16265 = ORIENTED_EDGE('',*,*,#16262,.T.);
#16266 = CARTESIAN_POINT('', (41.8328,0,46.4928));
#16267 = DIRECTION('', (-0.411894, 0, 0.911232));
#16268 = DIRECTION('', (0.0160971, 0.999844, 0.00727619));
#16269 = AXIS2_PLACEMENT_3D('',#16266,#16267,#16268);
#16270 = PLANE('',#16269);
#16271 = EDGE_LOOP('', (#16263,#16264,#16265));
#16272 = FACE_BOUND('', #16271,.T.);
#16273 = ADVANCED_FACE('', (#16272),#16270,.T.);
#16274 = CARTESIAN_POINT('', (41.8328,0,46.4928));
#16275 = VERTEX_POINT('', #16274);
#16276 = CARTESIAN_POINT('', (41.8328,24,46.4928));
#16277 = VERTEX_POINT('', #16276);
#16278 = CARTESIAN_POINT('', (41.4225,0,46.386));
#16279 = VERTEX_POINT('', #16278);
#16280 = CARTESIAN_POINT('', (41.8328,24,46.4928));
#16281 = DIRECTION('', (-0.0170951, -0.999844, -0.00445137));
#16282 = VECTOR('',#16281,1);
#16283 = LINE('',#16280, #16282);
#16284 = SURFACE_CURVE('', #16283);
#16285 = EDGE_CURVE('', #16277, #16279,#16284,.T.);
#16286 = ORIENTED_EDGE('',*,*,#16262,.F.);
#16287 = ORIENTED_EDGE('',*,*,#16285,.T.);
#16288 = ORIENTED_EDGE('',*,*,#1740,.F.);
#16289 = CARTESIAN_POINT('', (41.8328,0,46.4928));
#16290 = DIRECTION('', (-0.251986, 0, 0.967731));
#16291 = DIRECTION('', (0, 1, 0));
#16292 = AXIS2_PLACEMENT_3D('',#16289,#16290,#16291);
#16293 = PLANE('',#16292);
#16294 = EDGE_LOOP('', (#16286,#16287,#16288));
#16295 = FACE_BOUND('', #16294,.T.);
#16296 = ADVANCED_FACE('', (#16295),#16293,.T.);
#16297 = CARTESIAN_POINT('', (41.4225,0,46.386));
#16298 = VERTEX_POINT('', #16297);
#16299 = CARTESIAN_POINT('', (41.8328,24,46.4928));
#16300 = VERTEX_POINT('', #16299);
#16301 = CARTESIAN_POINT('', (41.4225,24,46.386));
#16302 = VERTEX_POINT('', #16301);
#16303 = CARTESIAN_POINT('', (41.4225,24,46.386));
#16304 = DIRECTION('', (0, -1, 0));
#16305 = VECTOR('',#16304,1);
#16306 = LINE('',#16303, #16305);
#16307 = SURFACE_CURVE('', #16306);
#16308 = EDGE_CURVE('', #16302, #16298,#16307,.T.);
#16309 = ORIENTED_EDGE('',*,*,#16285,.F.);
#16310 = ORIENTED_EDGE('',*,*,#7622,.F.);
#16311 = ORIENTED_EDGE('',*,*,#16308,.T.);
#16312 = CARTESIAN_POINT('', (41.4225,0,46.386));
#16313 = DIRECTION('', (-0.251986, 0, 0.967731));
#16314 = DIRECTION('', (0.0170951, 0.999844, 0.00445137));
#16315 = AXIS2_PLACEMENT_3D('',#16312,#16313,#16314);
#16316 = PLANE('',#16315);
#16317 = EDGE_LOOP('', (#16309,#16310,#16311));
#16318 = FACE_BOUND('', #16317,.T.);
#16319 = ADVANCED_FACE('', (#16318),#16316,.T.);
#16320 = CARTESIAN_POINT('', (41.4225,0,46.386));
#16321 = VERTEX_POINT('', #16320);
#16322 = CARTESIAN_POINT('', (41.4225,24,46.386));
#16323 = VERTEX_POINT('', #16322);
#16324 = CARTESIAN_POINT('', (41,0,46.35));
#16325 = VERTEX_POINT('', #16324);
#16326 = CARTESIAN_POINT('', (41.4225,24,46.386));
#16327 = DIRECTION('', (-0.0176014, -0.999844, -0.00149799));
#16328 = VECTOR('',#16327,1);
#16329 = LINE('',#16326, #16328);
#16330 = SURFACE_CURVE('', #16329);
#16331 = EDGE_CURVE('', #16323, #16325,#16330,.T.);
#16332 = ORIENTED_EDGE('',*,*,#16308,.F.);
#16333 = ORIENTED_EDGE('',*,*,#16331,.T.);
#16334 = ORIENTED_EDGE('',*,*,#1769,.F.);
#16335 = CARTESIAN_POINT('', (41.4225,0,46.386));
#16336 = DIRECTION('', (-0.0847995, 0, 0.996398));
#16337 = DIRECTION('', (0, 1, 0));
#16338 = AXIS2_PLACEMENT_3D('',#16335,#16336,#16337);
#16339 = PLANE('',#16338);
#16340 = EDGE_LOOP('', (#16332,#16333,#16334));
#16341 = FACE_BOUND('', #16340,.T.);
#16342 = ADVANCED_FACE('', (#16341),#16339,.T.);
#16343 = CARTESIAN_POINT('', (41,0,46.35));
#16344 = VERTEX_POINT('', #16343);
#16345 = CARTESIAN_POINT('', (41.4225,24,46.386));
#16346 = VERTEX_POINT('', #16345);
#16347 = CARTESIAN_POINT('', (41,24,46.35));
#16348 = VERTEX_POINT('', #16347);
#16349 = CARTESIAN_POINT('', (41,24,46.35));
#16350 = DIRECTION('', (0, -1, 0));
#16351 = VECTOR('',#16350,1);
#16352 = LINE('',#16349, #16351);
#16353 = SURFACE_CURVE('', #16352);
#16354 = EDGE_CURVE('', #16348, #16344,#16353,.T.);
#16355 = ORIENTED_EDGE('',*,*,#16331,.F.);
#16356 = ORIENTED_EDGE('',*,*,#8405,.F.);
#16357 = ORIENTED_EDGE('',*,*,#16354,.T.);
#16358 = CARTESIAN_POINT('', (41,0,46.35));
#16359 = DIRECTION('', (-0.0847995, 0, 0.996398));
#16360 = DIRECTION('', (0.0176014, 0.999844, 0.00149799));
#16361 = AXIS2_PLACEMENT_3D('',#16358,#16359,#16360);
#16362 = PLANE('',#16361);
#16363 = EDGE_LOOP('', (#16355,#16356,#16357));
#16364 = FACE_BOUND('', #16363,.T.);
#16365 = ADVANCED_FACE('', (#16364),#16362,.T.);
#16366 = CARTESIAN_POINT('', (41,0,46.35));
#16367 = VERTEX_POINT('', #16366);
#16368 = CARTESIAN_POINT('', (41,24,46.35));
#16369 = VERTEX_POINT('', #16368);
#16370 = CARTESIAN_POINT('', (40.5775,0,46.386));
#16371 = VERTEX_POINT('', #16370);
#16372 = CARTESIAN_POINT('', (41,24,46.35));
#16373 = DIRECTION('', (-0.0176016, -0.999844, 0.00149799));
#16374 = VECTOR('',#16373,1);
#16375 = LINE('',#16372, #16374);
#16376 = SURFACE_CURVE('', #16375);
#16377 = EDGE_CURVE('', #16369, #16371,#16376,.T.);
#16378 = ORIENTED_EDGE('',*,*,#16354,.F.);
#16379 = ORIENTED_EDGE('',*,*,#16377,.T.);
#16380 = ORIENTED_EDGE('',*,*,#1386,.F.);
#16381 = CARTESIAN_POINT('', (41,0,46.35));
#16382 = DIRECTION('', (0.0847987, -0, 0.996398));
#16383 = DIRECTION('', (0, 1, 0));
#16384 = AXIS2_PLACEMENT_3D('',#16381,#16382,#16383);
#16385 = PLANE('',#16384);
#16386 = EDGE_LOOP('', (#16378,#16379,#16380));
#16387 = FACE_BOUND('', #16386,.T.);
#16388 = ADVANCED_FACE('', (#16387),#16385,.T.);
#16389 = CARTESIAN_POINT('', (40.5775,0,46.386));
#16390 = VERTEX_POINT('', #16389);
#16391 = CARTESIAN_POINT('', (41,24,46.35));
#16392 = VERTEX_POINT('', #16391);
#16393 = CARTESIAN_POINT('', (40.5775,24,46.386));
#16394 = VERTEX_POINT('', #16393);
#16395 = CARTESIAN_POINT('', (40.5775,24,46.386));
#16396 = DIRECTION('', (0, -1, 0));
#16397 = VECTOR('',#16396,1);
#16398 = LINE('',#16395, #16397);
#16399 = SURFACE_CURVE('', #16398);
#16400 = EDGE_CURVE('', #16394, #16390,#16399,.T.);
#16401 = ORIENTED_EDGE('',*,*,#16377,.F.);
#16402 = ORIENTED_EDGE('',*,*,#8376,.F.);
#16403 = ORIENTED_EDGE('',*,*,#16400,.T.);
#16404 = CARTESIAN_POINT('', (40.5775,0,46.386));
#16405 = DIRECTION('', (0.0847987, -0, 0.996398));
#16406 = DIRECTION('', (0.0176016, 0.999844, -0.00149799));
#16407 = AXIS2_PLACEMENT_3D('',#16404,#16405,#16406);
#16408 = PLANE('',#16407);
#16409 = EDGE_LOOP('', (#16401,#16402,#16403));
#16410 = FACE_BOUND('', #16409,.T.);
#16411 = ADVANCED_FACE('', (#16410),#16408,.T.);
#16412 = CARTESIAN_POINT('', (40.5775,0,46.386));
#16413 = VERTEX_POINT('', #16412);
#16414 = CARTESIAN_POINT('', (40.5775,24,46.386));
#16415 = VERTEX_POINT('', #16414);
#16416 = CARTESIAN_POINT('', (40.1671,0,46.4928));
#16417 = VERTEX_POINT('', #16416);
#16418 = CARTESIAN_POINT('', (40.5775,24,46.386));
#16419 = DIRECTION('', (-0.0170951, -0.999844, 0.00445137));
#16420 = VECTOR('',#16419,1);
#16421 = LINE('',#16418, #16420);
#16422 = SURFACE_CURVE('', #16421);
#16423 = EDGE_CURVE('', #16415, #16417,#16422,.T.);
#16424 = ORIENTED_EDGE('',*,*,#16400,.F.);
#16425 = ORIENTED_EDGE('',*,*,#16423,.T.);
#16426 = ORIENTED_EDGE('',*,*,#3670,.F.);
#16427 = CARTESIAN_POINT('', (40.5775,0,46.386));
#16428 = DIRECTION('', (0.251986, -0, 0.967731));
#16429 = DIRECTION('', (0, 1, 0));
#16430 = AXIS2_PLACEMENT_3D('',#16427,#16428,#16429);
#16431 = PLANE('',#16430);
#16432 = EDGE_LOOP('', (#16424,#16425,#16426));
#16433 = FACE_BOUND('', #16432,.T.);
#16434 = ADVANCED_FACE('', (#16433),#16431,.T.);
#16435 = CARTESIAN_POINT('', (40.1671,0,46.4928));
#16436 = VERTEX_POINT('', #16435);
#16437 = CARTESIAN_POINT('', (40.5775,24,46.386));
#16438 = VERTEX_POINT('', #16437);
#16439 = CARTESIAN_POINT('', (40.1671,24,46.4928));
#16440 = VERTEX_POINT('', #16439);
#16441 = CARTESIAN_POINT('', (40.1671,24,46.4928));
#16442 = DIRECTION('', (0, -1, 0));
#16443 = VECTOR('',#16442,1);
#16444 = LINE('',#16441, #16443);
#16445 = SURFACE_CURVE('', #16444);
#16446 = EDGE_CURVE('', #16440, #16436,#16445,.T.);
#16447 = ORIENTED_EDGE('',*,*,#16423,.F.);
#16448 = ORIENTED_EDGE('',*,*,#8347,.F.);
#16449 = ORIENTED_EDGE('',*,*,#16446,.T.);
#16450 = CARTESIAN_POINT('', (40.1671,0,46.4928));
#16451 = DIRECTION('', (0.251986, -0, 0.967731));
#16452 = DIRECTION('', (0.0170951, 0.999844, -0.00445137));
#16453 = AXIS2_PLACEMENT_3D('',#16450,#16451,#16452);
#16454 = PLANE('',#16453);
#16455 = EDGE_LOOP('', (#16447,#16448,#16449));
#16456 = FACE_BOUND('', #16455,.T.);
#16457 = ADVANCED_FACE('', (#16456),#16454,.T.);
#16458 = CARTESIAN_POINT('', (40.1671,0,46.4928));
#16459 = VERTEX_POINT('', #16458);
#16460 = CARTESIAN_POINT('', (40.1671,24,46.4928));
#16461 = VERTEX_POINT('', #16460);
#16462 = CARTESIAN_POINT('', (39.7808,0,46.6675));
#16463 = VERTEX_POINT('', #16462);
#16464 = CARTESIAN_POINT('', (40.1671,24,46.4928));
#16465 = DIRECTION('', (-0.0160969, -0.999844, 0.00727619));
#16466 = VECTOR('',#16465,1);
#16467 = LINE('',#16464, #16466);
#16468 = SURFACE_CURVE('', #16467);
#16469 = EDGE_CURVE('', #16461, #16463,#16468,.T.);
#16470 = ORIENTED_EDGE('',*,*,#16446,.F.);
#16471 = ORIENTED_EDGE('',*,*,#16469,.T.);
#16472 = ORIENTED_EDGE('',*,*,#3699,.F.);
#16473 = CARTESIAN_POINT('', (40.1671,0,46.4928));
#16474 = DIRECTION('', (0.411897, -0, 0.91123));
#16475 = DIRECTION('', (0, 1, 0));
#16476 = AXIS2_PLACEMENT_3D('',#16473,#16474,#16475);
#16477 = PLANE('',#16476);
#16478 = EDGE_LOOP('', (#16470,#16471,#16472));
#16479 = FACE_BOUND('', #16478,.T.);
#16480 = ADVANCED_FACE('', (#16479),#16477,.T.);
#16481 = CARTESIAN_POINT('', (39.7808,0,46.6675));
#16482 = VERTEX_POINT('', #16481);
#16483 = CARTESIAN_POINT('', (40.1671,24,46.4928));
#16484 = VERTEX_POINT('', #16483);
#16485 = CARTESIAN_POINT('', (39.7808,24,46.6675));
#16486 = VERTEX_POINT('', #16485);
#16487 = CARTESIAN_POINT('', (39.7808,24,46.6675));
#16488 = DIRECTION('', (0, -1, 0));
#16489 = VECTOR('',#16488,1);
#16490 = LINE('',#16487, #16489);
#16491 = SURFACE_CURVE('', #16490);
#16492 = EDGE_CURVE('', #16486, #16482,#16491,.T.);
#16493 = ORIENTED_EDGE('',*,*,#16469,.F.);
#16494 = ORIENTED_EDGE('',*,*,#8318,.F.);
#16495 = ORIENTED_EDGE('',*,*,#16492,.T.);
#16496 = CARTESIAN_POINT('', (39.7808,0,46.6675));
#16497 = DIRECTION('', (0.411897, -0, 0.91123));
#16498 = DIRECTION('', (0.0160969, 0.999844, -0.00727619));
#16499 = AXIS2_PLACEMENT_3D('',#16496,#16497,#16498);
#16500 = PLANE('',#16499);
#16501 = EDGE_LOOP('', (#16493,#16494,#16495));
#16502 = FACE_BOUND('', #16501,.T.);
#16503 = ADVANCED_FACE('', (#16502),#16500,.T.);
#16504 = CARTESIAN_POINT('', (39.7808,0,46.6675));
#16505 = VERTEX_POINT('', #16504);
#16506 = CARTESIAN_POINT('', (39.7808,24,46.6675));
#16507 = VERTEX_POINT('', #16506);
#16508 = CARTESIAN_POINT('', (39.4294,0,46.9049));
#16509 = VERTEX_POINT('', #16508);
#16510 = CARTESIAN_POINT('', (39.7808,24,46.6675));
#16511 = DIRECTION('', (-0.0146358, -0.999844, 0.00989203));
#16512 = VECTOR('',#16511,1);
#16513 = LINE('',#16510, #16512);
#16514 = SURFACE_CURVE('', #16513);
#16515 = EDGE_CURVE('', #16507, #16509,#16514,.T.);
#16516 = ORIENTED_EDGE('',*,*,#16492,.F.);
#16517 = ORIENTED_EDGE('',*,*,#16515,.T.);
#16518 = ORIENTED_EDGE('',*,*,#3728,.F.);
#16519 = CARTESIAN_POINT('', (39.7808,0,46.6675));
#16520 = DIRECTION('', (0.559973, -0, 0.828511));
#16521 = DIRECTION('', (0, 1, 0));
#16522 = AXIS2_PLACEMENT_3D('',#16519,#16520,#16521);
#16523 = PLANE('',#16522);
#16524 = EDGE_LOOP('', (#16516,#16517,#16518));
#16525 = FACE_BOUND('', #16524,.T.);
#16526 = ADVANCED_FACE('', (#16525),#16523,.T.);
#16527 = CARTESIAN_POINT('', (39.4294,0,46.9049));
#16528 = VERTEX_POINT('', #16527);
#16529 = CARTESIAN_POINT('', (39.7808,24,46.6675));
#16530 = VERTEX_POINT('', #16529);
#16531 = CARTESIAN_POINT('', (39.4294,24,46.9049));
#16532 = VERTEX_POINT('', #16531);
#16533 = CARTESIAN_POINT('', (39.4294,24,46.9049));
#16534 = DIRECTION('', (0, -1, 0));
#16535 = VECTOR('',#16534,1);
#16536 = LINE('',#16533, #16535);
#16537 = SURFACE_CURVE('', #16536);
#16538 = EDGE_CURVE('', #16532, #16528,#16537,.T.);
#16539 = ORIENTED_EDGE('',*,*,#16515,.F.);
#16540 = ORIENTED_EDGE('',*,*,#8289,.F.);
#16541 = ORIENTED_EDGE('',*,*,#16538,.T.);
#16542 = CARTESIAN_POINT('', (39.4294,0,46.9049));
#16543 = DIRECTION('', (0.559973, -0, 0.828511));
#16544 = DIRECTION('', (0.0146358, 0.999844, -0.00989203));
#16545 = AXIS2_PLACEMENT_3D('',#16542,#16543,#16544);
#16546 = PLANE('',#16545);
#16547 = EDGE_LOOP('', (#16539,#16540,#16541));
#16548 = FACE_BOUND('', #16547,.T.);
#16549 = ADVANCED_FACE('', (#16548),#16546,.T.);
#16550 = CARTESIAN_POINT('', (39.4294,0,46.9049));
#16551 = VERTEX_POINT('', #16550);
#16552 = CARTESIAN_POINT('', (39.4294,24,46.9049));
#16553 = VERTEX_POINT('', #16552);
#16554 = CARTESIAN_POINT('', (39.1233,0,47.1983));
#16555 = VERTEX_POINT('', #16554);
#16556 = CARTESIAN_POINT('', (39.4294,24,46.9049));
#16557 = DIRECTION('', (-0.0127534, -0.999844, 0.0122232));
#16558 = VECTOR('',#16557,1);
#16559 = LINE('',#16556, #16558);
#16560 = SURFACE_CURVE('', #16559);
#16561 = EDGE_CURVE('', #16553, #16555,#16560,.T.);
#16562 = ORIENTED_EDGE('',*,*,#16538,.F.);
#16563 = ORIENTED_EDGE('',*,*,#16561,.T.);
#16564 = ORIENTED_EDGE('',*,*,#4215,.F.);
#16565 = CARTESIAN_POINT('', (39.4294,0,46.9049));
#16566 = DIRECTION('', (0.691942, -0, 0.721953));
#16567 = DIRECTION('', (0, 1, 0));
#16568 = AXIS2_PLACEMENT_3D('',#16565,#16566,#16567);
#16569 = PLANE('',#16568);
#16570 = EDGE_LOOP('', (#16562,#16563,#16564));
#16571 = FACE_BOUND('', #16570,.T.);
#16572 = ADVANCED_FACE('', (#16571),#16569,.T.);
#16573 = CARTESIAN_POINT('', (39.1233,0,47.1983));
#16574 = VERTEX_POINT('', #16573);
#16575 = CARTESIAN_POINT('', (39.4294,24,46.9049));
#16576 = VERTEX_POINT('', #16575);
#16577 = CARTESIAN_POINT('', (39.1233,24,47.1983));
#16578 = VERTEX_POINT('', #16577);
#16579 = CARTESIAN_POINT('', (39.1233,24,47.1983));
#16580 = DIRECTION('', (0, -1, 0));
#16581 = VECTOR('',#16580,1);
#16582 = LINE('',#16579, #16581);
#16583 = SURFACE_CURVE('', #16582);
#16584 = EDGE_CURVE('', #16578, #16574,#16583,.T.);
#16585 = ORIENTED_EDGE('',*,*,#16561,.F.);
#16586 = ORIENTED_EDGE('',*,*,#8260,.F.);
#16587 = ORIENTED_EDGE('',*,*,#16584,.T.);
#16588 = CARTESIAN_POINT('', (39.1233,0,47.1983));
#16589 = DIRECTION('', (0.691942, -0, 0.721953));
#16590 = DIRECTION('', (0.0127534, 0.999844, -0.0122232));
#16591 = AXIS2_PLACEMENT_3D('',#16588,#16589,#16590);
#16592 = PLANE('',#16591);
#16593 = EDGE_LOOP('', (#16585,#16586,#16587));
#16594 = FACE_BOUND('', #16593,.T.);
#16595 = ADVANCED_FACE('', (#16594),#16592,.T.);
#16596 = CARTESIAN_POINT('', (39.1233,0,47.1983));
#16597 = VERTEX_POINT('', #16596);
#16598 = CARTESIAN_POINT('', (39.1233,24,47.1983));
#16599 = VERTEX_POINT('', #16598);
#16600 = CARTESIAN_POINT('', (38.8712,0,47.5392));
#16601 = VERTEX_POINT('', #16600);
#16602 = CARTESIAN_POINT('', (39.1233,24,47.1983));
#16603 = DIRECTION('', (-0.0105042, -0.999844, 0.0142028));
#16604 = VECTOR('',#16603,1);
#16605 = LINE('',#16602, #16604);
#16606 = SURFACE_CURVE('', #16605);
#16607 = EDGE_CURVE('', #16599, #16601,#16606,.T.);
#16608 = ORIENTED_EDGE('',*,*,#16584,.F.);
#16609 = ORIENTED_EDGE('',*,*,#16607,.T.);
#16610 = ORIENTED_EDGE('',*,*,#4783,.F.);
#16611 = CARTESIAN_POINT('', (39.1233,0,47.1983));
#16612 = DIRECTION('', (0.804, -0, 0.594629));
#16613 = DIRECTION('', (0, 1, 0));
#16614 = AXIS2_PLACEMENT_3D('',#16611,#16612,#16613);
#16615 = PLANE('',#16614);
#16616 = EDGE_LOOP('', (#16608,#16609,#16610));
#16617 = FACE_BOUND('', #16616,.T.);
#16618 = ADVANCED_FACE('', (#16617),#16615,.T.);
#16619 = CARTESIAN_POINT('', (38.8712,0,47.5392));
#16620 = VERTEX_POINT('', #16619);
#16621 = CARTESIAN_POINT('', (39.1233,24,47.1983));
#16622 = VERTEX_POINT('', #16621);
#16623 = CARTESIAN_POINT('', (38.8712,24,47.5392));
#16624 = VERTEX_POINT('', #16623);
#16625 = CARTESIAN_POINT('', (38.8712,24,47.5392));
#16626 = DIRECTION('', (0, -1, 0));
#16627 = VECTOR('',#16626,1);
#16628 = LINE('',#16625, #16627);
#16629 = SURFACE_CURVE('', #16628);
#16630 = EDGE_CURVE('', #16624, #16620,#16629,.T.);
#16631 = ORIENTED_EDGE('',*,*,#16607,.F.);
#16632 = ORIENTED_EDGE('',*,*,#8231,.F.);
#16633 = ORIENTED_EDGE('',*,*,#16630,.T.);
#16634 = CARTESIAN_POINT('', (38.8712,0,47.5392));
#16635 = DIRECTION('', (0.804, -0, 0.594629));
#16636 = DIRECTION('', (0.0105042, 0.999844, -0.0142028));
#16637 = AXIS2_PLACEMENT_3D('',#16634,#16635,#16636);
#16638 = PLANE('',#16637);
#16639 = EDGE_LOOP('', (#16631,#16632,#16633));
#16640 = FACE_BOUND('', #16639,.T.);
#16641 = ADVANCED_FACE('', (#16640),#16638,.T.);
#16642 = CARTESIAN_POINT('', (38.8712,0,47.5392));
#16643 = VERTEX_POINT('', #16642);
#16644 = CARTESIAN_POINT('', (38.8712,24,47.5392));
#16645 = VERTEX_POINT('', #16644);
#16646 = CARTESIAN_POINT('', (38.6803,0,47.9179));
#16647 = VERTEX_POINT('', #16646);
#16648 = CARTESIAN_POINT('', (38.8712,24,47.5392));
#16649 = DIRECTION('', (-0.00795288, -0.999844, 0.0157735));
#16650 = VECTOR('',#16649,1);
#16651 = LINE('',#16648, #16650);
#16652 = SURFACE_CURVE('', #16651);
#16653 = EDGE_CURVE('', #16645, #16647,#16652,.T.);
#16654 = ORIENTED_EDGE('',*,*,#16630,.F.);
#16655 = ORIENTED_EDGE('',*,*,#16653,.T.);
#16656 = ORIENTED_EDGE('',*,*,#4812,.F.);
#16657 = CARTESIAN_POINT('', (38.8712,0,47.5392));
#16658 = DIRECTION('', (0.892925, -0, 0.450205));
#16659 = DIRECTION('', (0, 1, 0));
#16660 = AXIS2_PLACEMENT_3D('',#16657,#16658,#16659);
#16661 = PLANE('',#16660);
#16662 = EDGE_LOOP('', (#16654,#16655,#16656));
#16663 = FACE_BOUND('', #16662,.T.);
#16664 = ADVANCED_FACE('', (#16663),#16661,.T.);
#16665 = CARTESIAN_POINT('', (38.6803,0,47.9179));
#16666 = VERTEX_POINT('', #16665);
#16667 = CARTESIAN_POINT('', (38.8712,24,47.5392));
#16668 = VERTEX_POINT('', #16667);
#16669 = CARTESIAN_POINT('', (38.6803,24,47.9179));
#16670 = VERTEX_POINT('', #16669);
#16671 = CARTESIAN_POINT('', (38.6803,24,47.9179));
#16672 = DIRECTION('', (0, -1, 0));
#16673 = VECTOR('',#16672,1);
#16674 = LINE('',#16671, #16673);
#16675 = SURFACE_CURVE('', #16674);
#16676 = EDGE_CURVE('', #16670, #16666,#16675,.T.);
#16677 = ORIENTED_EDGE('',*,*,#16653,.F.);
#16678 = ORIENTED_EDGE('',*,*,#8202,.F.);
#16679 = ORIENTED_EDGE('',*,*,#16676,.T.);
#16680 = CARTESIAN_POINT('', (38.6803,0,47.9179));
#16681 = DIRECTION('', (0.892925, -0, 0.450205));
#16682 = DIRECTION('', (0.00795288, 0.999844, -0.0157735));
#16683 = AXIS2_PLACEMENT_3D('',#16680,#16681,#16682);
#16684 = PLANE('',#16683);
#16685 = EDGE_LOOP('', (#16677,#16678,#16679));
#16686 = FACE_BOUND('', #16685,.T.);
#16687 = ADVANCED_FACE('', (#16686),#16684,.T.);
#16688 = CARTESIAN_POINT('', (38.6803,0,47.9179));
#16689 = VERTEX_POINT('', #16688);
#16690 = CARTESIAN_POINT('', (38.6803,24,47.9179));
#16691 = VERTEX_POINT('', #16690);
#16692 = CARTESIAN_POINT('', (38.5561,0,48.3233));
#16693 = VERTEX_POINT('', #16692);
#16694 = CARTESIAN_POINT('', (38.6803,24,47.9179));
#16695 = DIRECTION('', (-0.00517288, -0.999844, 0.0168909));
#16696 = VECTOR('',#16695,1);
#16697 = LINE('',#16694, #16696);
#16698 = SURFACE_CURVE('', #16697);
#16699 = EDGE_CURVE('', #16691, #16693,#16698,.T.);
#16700 = ORIENTED_EDGE('',*,*,#16676,.F.);
#16701 = ORIENTED_EDGE('',*,*,#16699,.T.);
#16702 = ORIENTED_EDGE('',*,*,#4893,.F.);
#16703 = CARTESIAN_POINT('', (38.6803,0,47.9179));
#16704 = DIRECTION('', (0.956165, -0, 0.292828));
#16705 = DIRECTION('', (0, 1, 0));
#16706 = AXIS2_PLACEMENT_3D('',#16703,#16704,#16705);
#16707 = PLANE('',#16706);
#16708 = EDGE_LOOP('', (#16700,#16701,#16702));
#16709 = FACE_BOUND('', #16708,.T.);
#16710 = ADVANCED_FACE('', (#16709),#16707,.T.);
#16711 = CARTESIAN_POINT('', (38.5561,0,48.3233));
#16712 = VERTEX_POINT('', #16711);
#16713 = CARTESIAN_POINT('', (38.6803,24,47.9179));
#16714 = VERTEX_POINT('', #16713);
#16715 = CARTESIAN_POINT('', (38.5561,24,48.3233));
#16716 = VERTEX_POINT('', #16715);
#16717 = CARTESIAN_POINT('', (38.5561,24,48.3233));
#16718 = DIRECTION('', (0, -1, 0));
#16719 = VECTOR('',#16718,1);
#16720 = LINE('',#16717, #16719);
#16721 = SURFACE_CURVE('', #16720);
#16722 = EDGE_CURVE('', #16716, #16712,#16721,.T.);
#16723 = ORIENTED_EDGE('',*,*,#16699,.F.);
#16724 = ORIENTED_EDGE('',*,*,#6149,.F.);
#16725 = ORIENTED_EDGE('',*,*,#16722,.T.);
#16726 = CARTESIAN_POINT('', (38.5561,0,48.3233));
#16727 = DIRECTION('', (0.956165, -0, 0.292828));
#16728 = DIRECTION('', (0.00517288, 0.999844, -0.0168909));
#16729 = AXIS2_PLACEMENT_3D('',#16726,#16727,#16728);
#16730 = PLANE('',#16729);
#16731 = EDGE_LOOP('', (#16723,#16724,#16725));
#16732 = FACE_BOUND('', #16731,.T.);
#16733 = ADVANCED_FACE('', (#16732),#16730,.T.);
#16734 = CARTESIAN_POINT('', (38.5561,0,48.3233));
#16735 = VERTEX_POINT('', #16734);
#16736 = CARTESIAN_POINT('', (38.5561,24,48.3233));
#16737 = VERTEX_POINT('', #16736);
#16738 = CARTESIAN_POINT('', (38.5023,0,48.7439));
#16739 = VERTEX_POINT('', #16738);
#16740 = CARTESIAN_POINT('', (38.5561,24,48.3233));
#16741 = DIRECTION('', (-0.00224365, -0.999844, 0.017522));
#16742 = VECTOR('',#16741,1);
#16743 = LINE('',#16740, #16742);
#16744 = SURFACE_CURVE('', #16743);
#16745 = EDGE_CURVE('', #16737, #16739,#16744,.T.);
#16746 = ORIENTED_EDGE('',*,*,#16722,.F.);
#16747 = ORIENTED_EDGE('',*,*,#16745,.T.);
#16748 = ORIENTED_EDGE('',*,*,#4922,.F.);
#16749 = CARTESIAN_POINT('', (38.5561,0,48.3233));
#16750 = DIRECTION('', (0.991901, -0, 0.12701));
#16751 = DIRECTION('', (0, 1, 0));
#16752 = AXIS2_PLACEMENT_3D('',#16749,#16750,#16751);
#16753 = PLANE('',#16752);
#16754 = EDGE_LOOP('', (#16746,#16747,#16748));
#16755 = FACE_BOUND('', #16754,.T.);
#16756 = ADVANCED_FACE('', (#16755),#16753,.T.);
#16757 = CARTESIAN_POINT('', (38.5023,0,48.7439));
#16758 = VERTEX_POINT('', #16757);
#16759 = CARTESIAN_POINT('', (38.5561,24,48.3233));
#16760 = VERTEX_POINT('', #16759);
#16761 = CARTESIAN_POINT('', (38.5023,24,48.7439));
#16762 = VERTEX_POINT('', #16761);
#16763 = CARTESIAN_POINT('', (38.5023,24,48.7439));
#16764 = DIRECTION('', (0, -1, 0));
#16765 = VECTOR('',#16764,1);
#16766 = LINE('',#16763, #16765);
#16767 = SURFACE_CURVE('', #16766);
#16768 = EDGE_CURVE('', #16762, #16758,#16767,.T.);
#16769 = ORIENTED_EDGE('',*,*,#16745,.F.);
#16770 = ORIENTED_EDGE('',*,*,#7135,.F.);
#16771 = ORIENTED_EDGE('',*,*,#16768,.T.);
#16772 = CARTESIAN_POINT('', (38.5023,0,48.7439));
#16773 = DIRECTION('', (0.991901, -0, 0.12701));
#16774 = DIRECTION('', (0.00224365, 0.999844, -0.017522));
#16775 = AXIS2_PLACEMENT_3D('',#16772,#16773,#16774);
#16776 = PLANE('',#16775);
#16777 = EDGE_LOOP('', (#16769,#16770,#16771));
#16778 = FACE_BOUND('', #16777,.T.);
#16779 = ADVANCED_FACE('', (#16778),#16776,.T.);
#16780 = CARTESIAN_POINT('', (38.5023,0,48.7439));
#16781 = VERTEX_POINT('', #16780);
#16782 = CARTESIAN_POINT('', (38.5023,24,48.7439));
#16783 = VERTEX_POINT('', #16782);
#16784 = CARTESIAN_POINT('', (38.5203,0,49.1675));
#16785 = VERTEX_POINT('', #16784);
#16786 = CARTESIAN_POINT('', (38.5023,24,48.7439));
#16787 = DIRECTION('', (0.000749789, -0.999844, 0.0176493));
#16788 = VECTOR('',#16787,1);
#16789 = LINE('',#16786, #16788);
#16790 = SURFACE_CURVE('', #16789);
#16791 = EDGE_CURVE('', #16783, #16785,#16790,.T.);
#16792 = ORIENTED_EDGE('',*,*,#16768,.F.);
#16793 = ORIENTED_EDGE('',*,*,#16791,.T.);
#16794 = ORIENTED_EDGE('',*,*,#4980,.F.);
#16795 = CARTESIAN_POINT('', (38.5023,0,48.7439));
#16796 = DIRECTION('', (0.999099, 0, -0.0424444));
#16797 = DIRECTION('', (0, 1, 0));
#16798 = AXIS2_PLACEMENT_3D('',#16795,#16796,#16797);
#16799 = PLANE('',#16798);
#16800 = EDGE_LOOP('', (#16792,#16793,#16794));
#16801 = FACE_BOUND('', #16800,.T.);
#16802 = ADVANCED_FACE('', (#16801),#16799,.T.);
#16803 = CARTESIAN_POINT('', (38.5203,0,49.1675));
#16804 = VERTEX_POINT('', #16803);
#16805 = CARTESIAN_POINT('', (38.5023,24,48.7439));
#16806 = VERTEX_POINT('', #16805);
#16807 = CARTESIAN_POINT('', (38.5203,24,49.1675));
#16808 = VERTEX_POINT('', #16807);
#16809 = CARTESIAN_POINT('', (38.5203,24,49.1675));
#16810 = DIRECTION('', (0, -1, 0));
#16811 = VECTOR('',#16810,1);
#16812 = LINE('',#16809, #16811);
#16813 = SURFACE_CURVE('', #16812);
#16814 = EDGE_CURVE('', #16808, #16804,#16813,.T.);
#16815 = ORIENTED_EDGE('',*,*,#16791,.F.);
#16816 = ORIENTED_EDGE('',*,*,#8567,.F.);
#16817 = ORIENTED_EDGE('',*,*,#16814,.T.);
#16818 = CARTESIAN_POINT('', (38.5203,0,49.1675));
#16819 = DIRECTION('', (0.999099, 0, -0.0424444));
#16820 = DIRECTION('', (-0.000749789, 0.999844, -0.0176493));
#16821 = AXIS2_PLACEMENT_3D('',#16818,#16819,#16820);
#16822 = PLANE('',#16821);
#16823 = EDGE_LOOP('', (#16815,#16816,#16817));
#16824 = FACE_BOUND('', #16823,.T.);
#16825 = ADVANCED_FACE('', (#16824),#16822,.T.);
#16826 = CARTESIAN_POINT('', (38.5203,0,49.1675));
#16827 = VERTEX_POINT('', #16826);
#16828 = CARTESIAN_POINT('', (38.5203,24,49.1675));
#16829 = VERTEX_POINT('', #16828);
#16830 = CARTESIAN_POINT('', (38.6096,0,49.5821));
#16831 = VERTEX_POINT('', #16830);
#16832 = CARTESIAN_POINT('', (38.5203,24,49.1675));
#16833 = DIRECTION('', (0.00372161, -0.999844, 0.0172687));
#16834 = VECTOR('',#16833,1);
#16835 = LINE('',#16832, #16834);
#16836 = SURFACE_CURVE('', #16835);
#16837 = EDGE_CURVE('', #16829, #16831,#16836,.T.);
#16838 = ORIENTED_EDGE('',*,*,#16814,.F.);
#16839 = ORIENTED_EDGE('',*,*,#16837,.T.);
#16840 = ORIENTED_EDGE('',*,*,#5009,.F.);
#16841 = CARTESIAN_POINT('', (38.5203,0,49.1675));
#16842 = DIRECTION('', (0.977556, 0, -0.210675));
#16843 = DIRECTION('', (0, 1, 0));
#16844 = AXIS2_PLACEMENT_3D('',#16841,#16842,#16843);
#16845 = PLANE('',#16844);
#16846 = EDGE_LOOP('', (#16838,#16839,#16840));
#16847 = FACE_BOUND('', #16846,.T.);
#16848 = ADVANCED_FACE('', (#16847),#16845,.T.);
#16849 = CARTESIAN_POINT('', (38.6096,0,49.5821));
#16850 = VERTEX_POINT('', #16849);
#16851 = CARTESIAN_POINT('', (38.5203,24,49.1675));
#16852 = VERTEX_POINT('', #16851);
#16853 = CARTESIAN_POINT('', (38.6096,24,49.5821));
#16854 = VERTEX_POINT('', #16853);
#16855 = CARTESIAN_POINT('', (38.6096,24,49.5821));
#16856 = DIRECTION('', (0, -1, 0));
#16857 = VECTOR('',#16856,1);
#16858 = LINE('',#16855, #16857);
#16859 = SURFACE_CURVE('', #16858);
#16860 = EDGE_CURVE('', #16854, #16850,#16859,.T.);
#16861 = ORIENTED_EDGE('',*,*,#16837,.F.);
#16862 = ORIENTED_EDGE('',*,*,#8625,.F.);
#16863 = ORIENTED_EDGE('',*,*,#16860,.T.);
#16864 = CARTESIAN_POINT('', (38.6096,0,49.5821));
#16865 = DIRECTION('', (0.977556, 0, -0.210675));
#16866 = DIRECTION('', (-0.00372161, 0.999844, -0.0172687));
#16867 = AXIS2_PLACEMENT_3D('',#16864,#16865,#16866);
#16868 = PLANE('',#16867);
#16869 = EDGE_LOOP('', (#16861,#16862,#16863));
#16870 = FACE_BOUND('', #16869,.T.);
#16871 = ADVANCED_FACE('', (#16870),#16868,.T.);
#16872 = CARTESIAN_POINT('', (38.6096,0,49.5821));
#16873 = VERTEX_POINT('', #16872);
#16874 = CARTESIAN_POINT('', (38.6096,24,49.5821));
#16875 = VERTEX_POINT('', #16874);
#16876 = CARTESIAN_POINT('', (38.7677,0,49.9755));
#16877 = VERTEX_POINT('', #16876);
#16878 = CARTESIAN_POINT('', (38.6096,24,49.5821));
#16879 = DIRECTION('', (0.00658648, -0.999844, 0.0163913));
#16880 = VECTOR('',#16879,1);
#16881 = LINE('',#16878, #16880);
#16882 = SURFACE_CURVE('', #16881);
#16883 = EDGE_CURVE('', #16875, #16877,#16882,.T.);
#16884 = ORIENTED_EDGE('',*,*,#16860,.F.);
#16885 = ORIENTED_EDGE('',*,*,#16883,.T.);
#16886 = ORIENTED_EDGE('',*,*,#3937,.F.);
#16887 = CARTESIAN_POINT('', (38.6096,0,49.5821));
#16888 = DIRECTION('', (0.92789, 0, -0.372853));
#16889 = DIRECTION('', (0, 1, 0));
#16890 = AXIS2_PLACEMENT_3D('',#16887,#16888,#16889);
#16891 = PLANE('',#16890);
#16892 = EDGE_LOOP('', (#16884,#16885,#16886));
#16893 = FACE_BOUND('', #16892,.T.);
#16894 = ADVANCED_FACE('', (#16893),#16891,.T.);
#16895 = CARTESIAN_POINT('', (38.7677,0,49.9755));
#16896 = VERTEX_POINT('', #16895);
#16897 = CARTESIAN_POINT('', (38.6096,24,49.5821));
#16898 = VERTEX_POINT('', #16897);
#16899 = CARTESIAN_POINT('', (38.7677,24,49.9755));
#16900 = VERTEX_POINT('', #16899);
#16901 = CARTESIAN_POINT('', (38.7677,24,49.9755));
#16902 = DIRECTION('', (0, -1, 0));
#16903 = VECTOR('',#16902,1);
#16904 = LINE('',#16901, #16903);
#16905 = SURFACE_CURVE('', #16904);
#16906 = EDGE_CURVE('', #16900, #16896,#16905,.T.);
#16907 = ORIENTED_EDGE('',*,*,#16883,.F.);
#16908 = ORIENTED_EDGE('',*,*,#5893,.F.);
#16909 = ORIENTED_EDGE('',*,*,#16906,.T.);
#16910 = CARTESIAN_POINT('', (38.7677,0,49.9755));
#16911 = DIRECTION('', (0.92789, 0, -0.372853));
#16912 = DIRECTION('', (-0.00658648, 0.999844, -0.0163913));
#16913 = AXIS2_PLACEMENT_3D('',#16910,#16911,#16912);
#16914 = PLANE('',#16913);
#16915 = EDGE_LOOP('', (#16907,#16908,#16909));
#16916 = FACE_BOUND('', #16915,.T.);
#16917 = ADVANCED_FACE('', (#16916),#16914,.T.);
#16918 = CARTESIAN_POINT('', (38.7677,0,49.9755));
#16919 = VERTEX_POINT('', #16918);
#16920 = CARTESIAN_POINT('', (38.7677,24,49.9755));
#16921 = VERTEX_POINT('', #16920);
#16922 = CARTESIAN_POINT('', (38.99,0,50.3366));
#16923 = VERTEX_POINT('', #16922);
#16924 = CARTESIAN_POINT('', (38.7677,24,49.9755));
#16925 = DIRECTION('', (0.00926191, -0.999844, 0.0150425));
#16926 = VECTOR('',#16925,1);
#16927 = LINE('',#16924, #16926);
#16928 = SURFACE_CURVE('', #16927);
#16929 = EDGE_CURVE('', #16921, #16923,#16928,.T.);
#16930 = ORIENTED_EDGE('',*,*,#16906,.F.);
#16931 = ORIENTED_EDGE('',*,*,#16929,.T.);
#16932 = ORIENTED_EDGE('',*,*,#3792,.F.);
#16933 = CARTESIAN_POINT('', (38.7677,0,49.9755));
#16934 = DIRECTION('', (0.851532, 0, -0.524302));
#16935 = DIRECTION('', (0, 1, 0));
#16936 = AXIS2_PLACEMENT_3D('',#16933,#16934,#16935);
#16937 = PLANE('',#16936);
#16938 = EDGE_LOOP('', (#16930,#16931,#16932));
#16939 = FACE_BOUND('', #16938,.T.);
#16940 = ADVANCED_FACE('', (#16939),#16937,.T.);
#16941 = CARTESIAN_POINT('', (38.99,0,50.3366));
#16942 = VERTEX_POINT('', #16941);
#16943 = CARTESIAN_POINT('', (38.7677,24,49.9755));
#16944 = VERTEX_POINT('', #16943);
#16945 = CARTESIAN_POINT('', (38.99,24,50.3366));
#16946 = VERTEX_POINT('', #16945);
#16947 = CARTESIAN_POINT('', (38.99,24,50.3366));
#16948 = DIRECTION('', (0, -1, 0));
#16949 = VECTOR('',#16948,1);
#16950 = LINE('',#16947, #16949);
#16951 = SURFACE_CURVE('', #16950);
#16952 = EDGE_CURVE('', #16946, #16942,#16951,.T.);
#16953 = ORIENTED_EDGE('',*,*,#16929,.F.);
#16954 = ORIENTED_EDGE('',*,*,#5864,.F.);
#16955 = ORIENTED_EDGE('',*,*,#16952,.T.);
#16956 = CARTESIAN_POINT('', (38.99,0,50.3366));
#16957 = DIRECTION('', (0.851532, 0, -0.524302));
#16958 = DIRECTION('', (-0.00926191, 0.999844, -0.0150425));
#16959 = AXIS2_PLACEMENT_3D('',#16956,#16957,#16958);
#16960 = PLANE('',#16959);
#16961 = EDGE_LOOP('', (#16953,#16954,#16955));
#16962 = FACE_BOUND('', #16961,.T.);
#16963 = ADVANCED_FACE('', (#16962),#16960,.T.);
#16964 = CARTESIAN_POINT('', (38.99,0,50.3366));
#16965 = VERTEX_POINT('', #16964);
#16966 = CARTESIAN_POINT('', (38.99,24,50.3366));
#16967 = VERTEX_POINT('', #16966);
#16968 = CARTESIAN_POINT('', (39.2702,0,50.6549));
#16969 = VERTEX_POINT('', #16968);
#16970 = CARTESIAN_POINT('', (38.99,24,50.3366));
#16971 = DIRECTION('', (0.011671, -0.999844, 0.0132607));
#16972 = VECTOR('',#16971,1);
#16973 = LINE('',#16970, #16972);
#16974 = SURFACE_CURVE('', #16973);
#16975 = EDGE_CURVE('', #16967, #16969,#16974,.T.);
#16976 = ORIENTED_EDGE('',*,*,#16952,.F.);
#16977 = ORIENTED_EDGE('',*,*,#16975,.T.);
#16978 = ORIENTED_EDGE('',*,*,#3827,.F.);
#16979 = CARTESIAN_POINT('', (38.99,0,50.3366));
#16980 = DIRECTION('', (0.750669, 0, -0.660679));
#16981 = DIRECTION('', (0, 1, 0));
#16982 = AXIS2_PLACEMENT_3D('',#16979,#16980,#16981);
#16983 = PLANE('',#16982);
#16984 = EDGE_LOOP('', (#16976,#16977,#16978));
#16985 = FACE_BOUND('', #16984,.T.);
#16986 = ADVANCED_FACE('', (#16985),#16983,.T.);
#16987 = CARTESIAN_POINT('', (39.2702,0,50.6549));
#16988 = VERTEX_POINT('', #16987);
#16989 = CARTESIAN_POINT('', (38.99,24,50.3366));
#16990 = VERTEX_POINT('', #16989);
#16991 = CARTESIAN_POINT('', (39.2702,24,50.6549));
#16992 = VERTEX_POINT('', #16991);
#16993 = CARTESIAN_POINT('', (39.2702,24,50.6549));
#16994 = DIRECTION('', (0, -1, 0));
#16995 = VECTOR('',#16994,1);
#16996 = LINE('',#16993, #16995);
#16997 = SURFACE_CURVE('', #16996);
#16998 = EDGE_CURVE('', #16992, #16988,#16997,.T.);
#16999 = ORIENTED_EDGE('',*,*,#16975,.F.);
#17000 = ORIENTED_EDGE('',*,*,#5835,.F.);
#17001 = ORIENTED_EDGE('',*,*,#16998,.T.);
#17002 = CARTESIAN_POINT('', (39.2702,0,50.6549));
#17003 = DIRECTION('', (0.750669, 0, -0.660679));
#17004 = DIRECTION('', (-0.011671, 0.999844, -0.0132607));
#17005 = AXIS2_PLACEMENT_3D('',#17002,#17003,#17004);
#17006 = PLANE('',#17005);
#17007 = EDGE_LOOP('', (#16999,#17000,#17001));
#17008 = FACE_BOUND('', #17007,.T.);
#17009 = ADVANCED_FACE('', (#17008),#17006,.T.);
#17010 = CARTESIAN_POINT('', (39.2702,0,50.6549));
#17011 = VERTEX_POINT('', #17010);
#17012 = CARTESIAN_POINT('', (39.2702,24,50.6549));
#17013 = VERTEX_POINT('', #17012);
#17014 = CARTESIAN_POINT('', (39.6001,0,50.9213));
#17015 = VERTEX_POINT('', #17014);
#17016 = CARTESIAN_POINT('', (39.2702,24,50.6549));
#17017 = DIRECTION('', (0.0137441, -0.999844, 0.0110976));
#17018 = VECTOR('',#17017,1);
#17019 = LINE('',#17016, #17018);
#17020 = SURFACE_CURVE('', #17019);
#17021 = EDGE_CURVE('', #17013, #17015,#17020,.T.);
#17022 = ORIENTED_EDGE('',*,*,#16998,.F.);
#17023 = ORIENTED_EDGE('',*,*,#17021,.T.);
#17024 = ORIENTED_EDGE('',*,*,#3879,.F.);
#17025 = CARTESIAN_POINT('', (39.2702,0,50.6549));
#17026 = DIRECTION('', (0.62822, 0, -0.778036));
#17027 = DIRECTION('', (0, 1, 0));
#17028 = AXIS2_PLACEMENT_3D('',#17025,#17026,#17027);
#17029 = PLANE('',#17028);
#17030 = EDGE_LOOP('', (#17022,#17023,#17024));
#17031 = FACE_BOUND('', #17030,.T.);
#17032 = ADVANCED_FACE('', (#17031),#17029,.T.);
#17033 = CARTESIAN_POINT('', (39.6001,0,50.9213));
#17034 = VERTEX_POINT('', #17033);
#17035 = CARTESIAN_POINT('', (39.2702,24,50.6549));
#17036 = VERTEX_POINT('', #17035);
#17037 = CARTESIAN_POINT('', (39.6001,24,50.9213));
#17038 = VERTEX_POINT('', #17037);
#17039 = CARTESIAN_POINT('', (39.6001,24,50.9213));
#17040 = DIRECTION('', (0, -1, 0));
#17041 = VECTOR('',#17040,1);
#17042 = LINE('',#17039, #17041);
#17043 = SURFACE_CURVE('', #17042);
#17044 = EDGE_CURVE('', #17038, #17034,#17043,.T.);
#17045 = ORIENTED_EDGE('',*,*,#17021,.F.);
#17046 = ORIENTED_EDGE('',*,*,#5806,.F.);
#17047 = ORIENTED_EDGE('',*,*,#17044,.T.);
#17048 = CARTESIAN_POINT('', (39.6001,0,50.9213));
#17049 = DIRECTION('', (0.62822, 0, -0.778036));
#17050 = DIRECTION('', (-0.0137441, 0.999844, -0.0110976));
#17051 = AXIS2_PLACEMENT_3D('',#17048,#17049,#17050);
#17052 = PLANE('',#17051);
#17053 = EDGE_LOOP('', (#17045,#17046,#17047));
#17054 = FACE_BOUND('', #17053,.T.);
#17055 = ADVANCED_FACE('', (#17054),#17052,.T.);
#17056 = CARTESIAN_POINT('', (39.6001,0,50.9213));
#17057 = VERTEX_POINT('', #17056);
#17058 = CARTESIAN_POINT('', (39.6001,24,50.9213));
#17059 = VERTEX_POINT('', #17058);
#17060 = CARTESIAN_POINT('', (39.9702,0,51.1281));
#17061 = VERTEX_POINT('', #17060);
#17062 = CARTESIAN_POINT('', (39.6001,24,50.9213));
#17063 = DIRECTION('', (0.0154218, -0.999844, 0.00861526));
#17064 = VECTOR('',#17063,1);
#17065 = LINE('',#17062, #17064);
#17066 = SURFACE_CURVE('', #17065);
#17067 = EDGE_CURVE('', #17059, #17061,#17066,.T.);
#17068 = ORIENTED_EDGE('',*,*,#17044,.F.);
#17069 = ORIENTED_EDGE('',*,*,#17067,.T.);
#17070 = ORIENTED_EDGE('',*,*,#3908,.F.);
#17071 = CARTESIAN_POINT('', (39.6001,0,50.9213));
#17072 = DIRECTION('', (0.487699, 0, -0.873012));
#17073 = DIRECTION('', (0, 1, 0));
#17074 = AXIS2_PLACEMENT_3D('',#17071,#17072,#17073);
#17075 = PLANE('',#17074);
#17076 = EDGE_LOOP('', (#17068,#17069,#17070));
#17077 = FACE_BOUND('', #17076,.T.);
#17078 = ADVANCED_FACE('', (#17077),#17075,.T.);
#17079 = CARTESIAN_POINT('', (39.9702,0,51.1281));
#17080 = VERTEX_POINT('', #17079);
#17081 = CARTESIAN_POINT('', (39.6001,24,50.9213));
#17082 = VERTEX_POINT('', #17081);
#17083 = CARTESIAN_POINT('', (39.9702,24,51.1281));
#17084 = VERTEX_POINT('', #17083);
#17085 = CARTESIAN_POINT('', (39.9702,24,51.1281));
#17086 = DIRECTION('', (0, -1, 0));
#17087 = VECTOR('',#17086,1);
#17088 = LINE('',#17085, #17087);
#17089 = SURFACE_CURVE('', #17088);
#17090 = EDGE_CURVE('', #17084, #17080,#17089,.T.);
#17091 = ORIENTED_EDGE('',*,*,#17067,.F.);
#17092 = ORIENTED_EDGE('',*,*,#5777,.F.);
#17093 = ORIENTED_EDGE('',*,*,#17090,.T.);
#17094 = CARTESIAN_POINT('', (39.9702,0,51.1281));
#17095 = DIRECTION('', (0.487699, 0, -0.873012));
#17096 = DIRECTION('', (-0.0154218, 0.999844, -0.00861526));
#17097 = AXIS2_PLACEMENT_3D('',#17094,#17095,#17096);
#17098 = PLANE('',#17097);
#17099 = EDGE_LOOP('', (#17091,#17092,#17093));
#17100 = FACE_BOUND('', #17099,.T.);
#17101 = ADVANCED_FACE('', (#17100),#17098,.T.);
#17102 = CARTESIAN_POINT('', (39.9702,0,51.1281));
#17103 = VERTEX_POINT('', #17102);
#17104 = CARTESIAN_POINT('', (39.9702,24,51.1281));
#17105 = VERTEX_POINT('', #17104);
#17106 = CARTESIAN_POINT('', (40.3701,0,51.2693));
#17107 = VERTEX_POINT('', #17106);
#17108 = CARTESIAN_POINT('', (39.9702,24,51.1281));
#17109 = DIRECTION('', (0.0166562, -0.999844, 0.00588484));
#17110 = VECTOR('',#17109,1);
#17111 = LINE('',#17108, #17110);
#17112 = SURFACE_CURVE('', #17111);
#17113 = EDGE_CURVE('', #17105, #17107,#17112,.T.);
#17114 = ORIENTED_EDGE('',*,*,#17090,.F.);
#17115 = ORIENTED_EDGE('',*,*,#17113,.T.);
#17116 = ORIENTED_EDGE('',*,*,#2233,.F.);
#17117 = CARTESIAN_POINT('', (39.9702,0,51.1281));
#17118 = DIRECTION('', (0.333132, 0, -0.94288));
#17119 = DIRECTION('', (0, 1, 0));
#17120 = AXIS2_PLACEMENT_3D('',#17117,#17118,#17119);
#17121 = PLANE('',#17120);
#17122 = EDGE_LOOP('', (#17114,#17115,#17116));
#17123 = FACE_BOUND('', #17122,.T.);
#17124 = ADVANCED_FACE('', (#17123),#17121,.T.);
#17125 = CARTESIAN_POINT('', (40.3701,0,51.2693));
#17126 = VERTEX_POINT('', #17125);
#17127 = CARTESIAN_POINT('', (39.9702,24,51.1281));
#17128 = VERTEX_POINT('', #17127);
#17129 = CARTESIAN_POINT('', (40.3701,24,51.2693));
#17130 = VERTEX_POINT('', #17129);
#17131 = CARTESIAN_POINT('', (40.3701,24,51.2693));
#17132 = DIRECTION('', (0, -1, 0));
#17133 = VECTOR('',#17132,1);
#17134 = LINE('',#17131, #17133);
#17135 = SURFACE_CURVE('', #17134);
#17136 = EDGE_CURVE('', #17130, #17126,#17135,.T.);
#17137 = ORIENTED_EDGE('',*,*,#17113,.F.);
#17138 = ORIENTED_EDGE('',*,*,#5748,.F.);
#17139 = ORIENTED_EDGE('',*,*,#17136,.T.);
#17140 = CARTESIAN_POINT('', (40.3701,0,51.2693));
#17141 = DIRECTION('', (0.333132, 0, -0.94288));
#17142 = DIRECTION('', (-0.0166562, 0.999844, -0.00588484));
#17143 = AXIS2_PLACEMENT_3D('',#17140,#17141,#17142);
#17144 = PLANE('',#17143);
#17145 = EDGE_LOOP('', (#17137,#17138,#17139));
#17146 = FACE_BOUND('', #17145,.T.);
#17147 = ADVANCED_FACE('', (#17146),#17144,.T.);
#17148 = CARTESIAN_POINT('', (40.3701,0,51.2693));
#17149 = VERTEX_POINT('', #17148);
#17150 = CARTESIAN_POINT('', (40.3701,24,51.2693));
#17151 = VERTEX_POINT('', #17150);
#17152 = CARTESIAN_POINT('', (40.788,0,51.341));
#17153 = VERTEX_POINT('', #17152);
#17154 = ORIENTED_EDGE('',*,*,#17136,.F.);
#17155 = ORIENTED_EDGE('',*,*,#15457,.F.);
#17156 = ORIENTED_EDGE('',*,*,#2268,.F.);
#17157 = CARTESIAN_POINT('', (40.3701,0,51.2693));
#17158 = DIRECTION('', (0.169006, 0, -0.985615));
#17159 = DIRECTION('', (0, 1, 0));
#17160 = AXIS2_PLACEMENT_3D('',#17157,#17158,#17159);
#17161 = PLANE('',#17160);
#17162 = EDGE_LOOP('', (#17154,#17155,#17156));
#17163 = FACE_BOUND('', #17162,.T.);
#17164 = ADVANCED_FACE('', (#17163),#17161,.T.);
#17165 = OPEN_SHELL('',(#39,#68,#103,#132,#161,#190,#219,#248,#277,#300,#329,#358,#387,#416,#445,#468,#503,#532,#561,#596,#631,#660,#689,#718,#753,#782,#811,#840,#869,#904,#939,#968,#991,#1026,#1055,#1084,#1113,#1142,#1171,#1200,#1229,#1258,#1287,#1310,#1339,#1362,#1397,#1426,#1455,#1484,#1513,#1542,#1571,#1600,#1623,#1658,#1693,#1728,#1757,#1780,#1809,#1838,#1867,#1902,#1937,#1966,#1995,#2024,#2047,#2076,#2105,#2128,#2157,#2186,#2221,#2256,#2285,#2314,#2343,#2372,#2395,#2430,#2459,#2488,#2517,#2540,#2569,#2598,#2627,#2656,#2685,#2714,#2743,#2766,#2795,#2824,#2853,#2888,#2917,#2946,#2975,#3004,#3033,#3056,#3085,#3108,#3137,#3166,#3189,#3218,#3241,#3270,#3299,#3328,#3357,#3386,#3415,#3438,#3467,#3496,#3525,#3554,#3583,#3606,#3635,#3658,#3687,#3716,#3745,#3780,#3815,#3844,#3867,#3896,#3919,#3948,#3977,#4000,#4035,#4064,#4093,#4122,#4151,#4180,#4203,#4232,#4261,#4290,#4319,#4348,#4377,#4406,#4435,#4458,#4493,#4522,#4551,#4574,#4603,#4632,#4661,#4684,#4713,#4742,#4771,#4800,#4829,#4858,#4881,#4910,#4939,#4968,#4997,#5020,#5055,#5078,#5107,#5130,#5159,#5182,#5211,#5228,#5257,#5286,#5309,#5338,#5361,#5390,#5413,#5436,#5459,#5476,#5499,#5516,#5545,#5562,#5591,#5608,#5643,#5678,#5707,#5736,#5765,#5794,#5823,#5852,#5881,#5910,#5939,#5974,#6003,#6032,#6061,#6096,#6131,#6160,#6189,#6218,#6247,#6276,#6305,#6334,#6363,#6392,#6421,#6444,#6479,#6508,#6531,#6560,#6589,#6618,#6647,#6676,#6705,#6734,#6763,#6792,#6827,#6862,#6891,#6920,#6955,#6984,#7007,#7036,#7059,#7088,#7117,#7146,#7175,#7204,#7239,#7262,#7291,#7314,#7343,#7372,#7401,#7430,#7459,#7494,#7523,#7552,#7581,#7610,#7645,#7674,#7703,#7732,#7761,#7784,#7813,#7842,#7871,#7900,#7929,#7958,#7987,#8010,#8045,#8074,#8103,#8132,#8161,#8190,#8219,#8248,#8277,#8306,#8335,#8364,#8393,#8416,#8445,#8474,#8497,#8526,#8549,#8578,#8607,#8636,#8665,#8688,#8717,#8746,#8775,#8810,#8839,#8868,#8897,#8926,#8955,#8984,#9007,#9036,#9059,#9094,#9123,#9146,#9175,#9204,#9233,#9262,#9291,#9314,#9343,#9366,#9401,#9430,#9459,#9482,#9511,#9534,#9569,#9598,#9627,#9656,#9685,#9714,#9743,#9772,#9801,#9830,#9853,#9882,#9911,#9934,#9963,#9986,#10015,#10044,#10067,#10096,#10125,#10154,#10183,#10212,#10241,#10264,#10293,#10316,#10339,#10362,#10385,#10408,#10431,#10454,#10477,#10500,#10523,#10546,#10569,#10592,#10615,#10638,#10661,#10684,#10707,#10730,#10753,#10776,#10799,#10822,#10845,#10868,#10891,#10914,#10937,#10960,#10983,#11006,#11029,#11052,#11075,#11098,#11121,#11144,#11167,#11190,#11213,#11236,#11259,#11282,#11305,#11328,#11351,#11374,#11397,#11420,#11443,#11466,#11489,#11512,#11535,#11558,#11581,#11604,#11627,#11650,#11673,#11696,#11719,#11742,#11765,#11788,#11811,#11834,#11857,#11880,#11903,#11926,#11949,#11972,#11989,#12018,#12041,#12064,#12087,#12110,#12133,#12156,#12179,#12202,#12225,#12248,#12271,#12294,#12317,#12340,#12363,#12386,#12409,#12432,#12455,#12478,#12501,#12524,#12547,#12570,#12593,#12616,#12639,#12662,#12685,#12708,#12731,#12754,#12777,#12800,#12823,#12846,#12869,#12892,#12915,#12938,#12961,#12984,#13007,#13030,#13053,#13076,#13099,#13122,#13145,#13168,#13191,#13214,#13237,#13260,#13283,#13306,#13329,#13352,#13375,#13398,#13421,#13444,#13467,#13490,#13513,#13536,#13559,#13582,#13605,#13628,#13651,#13674,#13697,#13714,#13743,#13766,#13789,#13812,#13835,#13858,#13881,#13904,#13927,#13950,#13973,#13996,#14019,#14042,#14065,#14088,#14111,#14134,#14157,#14180,#14203,#14226,#14249,#14272,#14295,#14318,#14341,#14364,#14387,#14410,#14433,#14456,#14479,#14502,#14525,#14548,#14571,#14594,#14617,#14640,#14663,#14686,#14709,#14732,#14755,#14778,#14801,#14824,#14847,#14870,#14893,#14916,#14939,#14962,#14985,#15008,#15031,#15054,#15077,#15100,#15123,#15146,#15169,#15192,#15215,#15238,#15261,#15284,#15307,#15330,#15353,#15376,#15399,#15422,#15439,#15468,#15491,#15514,#15537,#15560,#15583,#15606,#15629,#15652,#15675,#15698,#15721,#15744,#15767,#15790,#15813,#15836,#15859,#15882,#15905,#15928,#15951,#15974,#15997,#16020,#16043,#16066,#16089,#16112,#16135,#16158,#16181,#16204,#16227,#16250,#16273,#16296,#16319,#16342,#16365,#16388,#16411,#16434,#16457,#16480,#16503,#16526,#16549,#16572,#16595,#16618,#16641,#16664,#16687,#16710,#16733,#16756,#16779,#16802,#16825,#16848,#16871,#16894,#16917,#16940,#16963,#16986,#17009,#17032,#17055,#17078,#17101,#17124,#17147,#17164));
#17166 = SHELL_BASED_SURFACE_MODEL('', (#17165));
#17167 = MANIFOLD_SURFACE_SHAPE_REPRESENTATION('', (#4, #17166));
ENDSEC;
END-ISO-10303-21;
